G0 Z20
G21
G90
G94
F80.00
G00 Z3.0000
M03 S45
G4 P1
G00 X2.9735Y6.4592
G01 Z-0.1600
G01 X2.9826Y6.4391
G01 X2.9867Y6.4276
G01 X2.9925Y6.4063
G01 X2.9963Y6.3845
G01 X2.9979Y6.3576
G01 X2.9979Y4.6111
G01 X3.0144Y4.4437
G01 X3.0600Y4.2935
G01 X3.1340Y4.1550
G01 X3.2336Y4.0336
G01 X3.3550Y3.9340
G01 X3.4935Y3.8600
G01 X3.6437Y3.8144
G01 X3.8111Y3.7979
G01 X4.9889Y3.7979
G01 X5.1563Y3.8144
G01 X5.3065Y3.8600
G01 X5.4450Y3.9340
G01 X5.5664Y4.0336
G01 X5.6660Y4.1550
G01 X5.7400Y4.2935
G01 X5.7856Y4.4437
G01 X5.8021Y4.6111
G01 X5.8021Y7.3889
G01 X5.7973Y7.4374
G01 X5.7963Y7.4644
G01 X5.7979Y7.4864
G01 X5.7997Y7.4986
G01 X5.8074Y7.5295
G01 X5.8116Y7.5410
G01 X5.8206Y7.5612
G01 X5.8365Y7.5878
G01 X5.8505Y7.6059
G01 X5.8621Y7.6186
G01 X12.2159Y13.9724
G01 X12.2285Y13.9840
G01 X12.2460Y13.9976
G01 X12.2733Y14.0139
G01 X12.2935Y14.0229
G01 X12.3144Y14.0299
G01 X12.3347Y14.0346
G01 X12.3481Y14.0366
G01 X12.3701Y14.0382
G01 X12.3922Y14.0376
G01 X12.4141Y14.0348
G01 X12.4356Y14.0299
G01 X12.4565Y14.0229
G01 X12.4767Y14.0139
G01 X12.4959Y14.0030
G01 X12.5139Y13.9902
G01 X12.5305Y13.9758
G01 X12.5457Y13.9598
G01 X12.5593Y13.9423
G01 X12.5710Y13.9236
G01 X12.5846Y13.8948
G01 X12.5916Y13.8739
G01 X12.5963Y13.8536
G01 X12.5993Y13.8305
G01 X12.6000Y13.8133
G01 X12.6000Y10.6683
G01 X12.5993Y10.6511
G01 X12.5965Y10.6292
G01 X12.5888Y10.5983
G01 X12.5846Y10.5868
G01 X12.5756Y10.5666
G01 X12.5593Y10.5393
G01 X12.5457Y10.5218
G01 X12.5305Y10.5058
G01 X12.5215Y10.4976
G01 X12.5040Y10.4840
G01 X12.4853Y10.4723
G01 X12.4656Y10.4624
G01 X12.4356Y10.4517
G01 X12.4153Y10.4470
G01 X12.4019Y10.4450
G01 X12.3799Y10.4434
G01 X12.3578Y10.4440
G01 X12.3359Y10.4468
G01 X12.3144Y10.4517
G01 X12.2935Y10.4586
G01 X12.2647Y10.4723
G01 X12.2466Y10.4835
G01 X12.2323Y10.4944
G01 X12.1450Y10.5660
G01 X12.0065Y10.6400
G01 X11.8563Y10.6856
G01 X11.6889Y10.7021
G01 X10.5111Y10.7021
G01 X10.3437Y10.6856
G01 X10.1935Y10.6400
G01 X10.0550Y10.5660
G01 X9.9336Y10.4664
G01 X9.8340Y10.3450
G01 X9.7600Y10.2065
G01 X9.7144Y10.0563
G01 X9.6979Y9.8889
G01 X9.6979Y7.1111
G01 X9.7144Y6.9437
G01 X9.7600Y6.7935
G01 X9.8340Y6.6550
G01 X9.9336Y6.5336
G01 X10.0550Y6.4340
G01 X10.1935Y6.3600
G01 X10.3437Y6.3144
G01 X10.5111Y6.2979
G01 X11.6889Y6.2979
G01 X11.8563Y6.3144
G01 X12.0065Y6.3600
G01 X12.1450Y6.4340
G01 X12.2664Y6.5336
G01 X12.3660Y6.6550
G01 X12.4400Y6.7935
G01 X12.4856Y6.9437
G01 X12.5021Y7.1111
G01 X12.5021Y7.6774
G01 X12.5028Y7.6946
G01 X12.5055Y7.7165
G01 X12.5133Y7.7474
G01 X12.5174Y7.7590
G01 X12.5264Y7.7791
G01 X12.5423Y7.8058
G01 X12.5563Y7.8239
G01 X12.5715Y7.8399
G01 X12.5806Y7.8482
G01 X12.5980Y7.8617
G01 X12.6167Y7.8735
G01 X12.6455Y7.8871
G01 X12.6571Y7.8912
G01 X12.6784Y7.8970
G01 X12.7001Y7.9008
G01 X12.7320Y7.9023
G01 X12.7540Y7.9008
G01 X12.7661Y7.8990
G01 X12.7876Y7.8941
G01 X12.8176Y7.8833
G01 X12.8287Y7.8781
G01 X12.8479Y7.8671
G01 X12.8659Y7.8544
G01 X12.8826Y7.8399
G01 X12.8978Y7.8239
G01 X12.9168Y7.7983
G01 X12.9255Y7.7835
G01 X12.9882Y7.6661
G01 X13.0910Y7.5410
G01 X13.2161Y7.4382
G01 X13.3589Y7.3619
G01 X13.5139Y7.3149
G01 X13.6861Y7.2979
G01 X14.9139Y7.2979
G01 X15.0861Y7.3149
G01 X15.2411Y7.3619
G01 X15.3839Y7.4382
G01 X15.5090Y7.5410
G01 X15.6118Y7.6661
G01 X15.6881Y7.8089
G01 X15.7351Y7.9639
G01 X15.7521Y8.1361
G01 X15.7521Y10.8639
G01 X15.7351Y11.0361
G01 X15.6881Y11.1911
G01 X15.6118Y11.3339
G01 X15.5090Y11.4590
G01 X15.3839Y11.5618
G01 X15.2411Y11.6381
G01 X15.0861Y11.6851
G01 X14.9139Y11.7021
G01 X14.7250Y11.7021
G01 X14.7078Y11.7028
G01 X14.6763Y11.7075
G01 X14.6644Y11.7104
G01 X14.6435Y11.7174
G01 X14.6147Y11.7310
G01 X14.5966Y11.7423
G01 X14.5861Y11.7501
G01 X14.5625Y11.7715
G01 X14.5481Y11.7882
G01 X14.5407Y11.7980
G01 X14.5244Y11.8254
G01 X14.5191Y11.8365
G01 X14.5112Y11.8571
G01 X14.5037Y11.8868
G01 X14.5017Y11.9001
G01 X14.5001Y11.9221
G01 X14.5001Y39.8682
G01 X14.5017Y39.8902
G01 X14.5054Y39.9120
G01 X14.5112Y39.9333
G01 X14.5191Y39.9539
G01 X14.5290Y39.9736
G01 X14.5403Y39.9916
G01 X14.5543Y40.0098
G01 X14.5659Y40.0224
G01 X16.2647Y41.7212
G01 X16.3537Y41.8297
G01 X16.4419Y41.9947
G01 X16.4726Y42.0958
G01 X16.4783Y42.1120
G01 X16.4873Y42.1322
G01 X16.5032Y42.1589
G01 X16.5140Y42.1732
G01 X16.6561Y42.3464
G01 X16.6675Y42.3592
G01 X16.6835Y42.3744
G01 X16.7010Y42.3879
G01 X16.7197Y42.3996
G01 X16.7485Y42.4133
G01 X16.7694Y42.4202
G01 X16.7909Y42.4251
G01 X16.8031Y42.4269
G01 X16.8251Y42.4285
G01 X16.8472Y42.4279
G01 X16.8787Y42.4232
G01 X16.9000Y42.4174
G01 X16.9115Y42.4133
G01 X16.9317Y42.4043
G01 X16.9509Y42.3933
G01 X16.9765Y42.3744
G01 X16.9925Y42.3592
G01 X17.0007Y42.3501
G01 X17.1763Y42.1363
G01 X17.3743Y41.9739
G01 X17.6001Y41.8531
G01 X17.8452Y41.7788
G01 X18.1000Y41.7537
G01 X18.2770Y41.7711
G01 X18.2941Y41.7721
G01 X18.3162Y41.7715
G01 X18.3477Y41.7668
G01 X18.3690Y41.7610
G01 X18.3896Y41.7531
G01 X18.4007Y41.7479
G01 X18.4199Y41.7369
G01 X18.4379Y41.7242
G01 X18.4581Y41.7063
G01 X19.3341Y40.8304
G01 X19.3519Y40.8102
G01 X19.3592Y40.8003
G01 X19.3710Y40.7816
G01 X19.3846Y40.7528
G01 X19.3887Y40.7413
G01 X19.3946Y40.7200
G01 X19.3983Y40.6982
G01 X19.4000Y40.6713
G01 X19.4000Y37.2617
G01 X19.3983Y37.2348
G01 X19.3965Y37.2226
G01 X19.3916Y37.2011
G01 X19.3809Y37.1711
G01 X19.3756Y37.1600
G01 X19.3647Y37.1409
G01 X19.3457Y37.1153
G01 X19.3305Y37.0992
G01 X19.3214Y37.0910
G01 X19.2958Y37.0720
G01 X19.2767Y37.0611
G01 X19.2565Y37.0521
G01 X19.2356Y37.0451
G01 X19.2152Y37.0404
G01 X19.2019Y37.0384
G01 X19.1799Y37.0368
G01 X19.1480Y37.0384
G01 X19.1263Y37.0421
G01 X19.1050Y37.0479
G01 X19.0844Y37.0558
G01 X19.0646Y37.0657
G01 X19.0466Y37.0770
G01 X19.0285Y37.0910
G01 X19.0159Y37.1026
G01 X18.9087Y37.2098
G01 X18.6958Y37.3520
G01 X18.4592Y37.4500
G01 X18.2080Y37.5000
G01 X17.9520Y37.5000
G01 X17.7008Y37.4500
G01 X17.4642Y37.3520
G01 X17.2513Y37.2098
G01 X17.0702Y37.0287
G01 X16.9280Y36.8158
G01 X16.8300Y36.5792
G01 X16.7800Y36.3280
G01 X16.7800Y36.0720
G01 X16.8300Y35.8208
G01 X16.9280Y35.5842
G01 X17.0714Y35.3696
G01 X17.0893Y35.3473
G01 X17.1010Y35.3287
G01 X17.1146Y35.2998
G01 X17.1216Y35.2789
G01 X17.1263Y35.2586
G01 X17.1293Y35.2355
G01 X17.1300Y35.2183
G01 X17.1300Y33.1719
G01 X17.1289Y33.1498
G01 X17.1254Y33.1142
G01 X17.1437Y32.9279
G01 X17.1981Y32.7489
G01 X17.2810Y32.5936
G01 X17.2863Y32.5838
G01 X17.4050Y32.4392
G01 X17.4327Y32.4164
G01 X17.4491Y32.4016
G01 X22.5841Y27.2666
G01 X22.5957Y27.2539
G01 X22.6093Y27.2365
G01 X22.6210Y27.2178
G01 X22.6309Y27.1981
G01 X22.6388Y27.1774
G01 X22.6446Y27.1562
G01 X22.6483Y27.1344
G01 X22.6499Y27.1124
G01 X22.6499Y26.7025
G01 X22.6483Y26.6804
G01 X22.6465Y26.6683
G01 X22.6388Y26.6374
G01 X22.6346Y26.6258
G01 X22.6256Y26.6057
G01 X22.6097Y26.5790
G01 X22.6019Y26.5685
G01 X22.5875Y26.5518
G01 X22.5639Y26.5304
G01 X22.5540Y26.5231
G01 X22.5353Y26.5113
G01 X22.5065Y26.4977
G01 X22.4856Y26.4907
G01 X22.4653Y26.4860
G01 X22.4471Y26.4834
G01 X22.4151Y26.4803
G01 X22.2132Y26.4191
G01 X22.0272Y26.3196
G01 X21.8642Y26.1858
G01 X21.7304Y26.0228
G01 X21.6309Y25.8368
G01 X21.5697Y25.6349
G01 X21.5479Y25.4139
G01 X21.5479Y22.5861
G01 X21.5697Y22.3651
G01 X21.6309Y22.1632
G01 X21.7304Y21.9772
G01 X21.8642Y21.8142
G01 X22.0272Y21.6804
G01 X22.2132Y21.5809
G01 X22.4151Y21.5197
G01 X22.6361Y21.4979
G01 X24.3639Y21.4979
G01 X24.5262Y21.5139
G01 X24.5532Y21.5149
G01 X24.5752Y21.5133
G01 X24.5873Y21.5115
G01 X24.6089Y21.5066
G01 X24.6298Y21.4997
G01 X24.6500Y21.4907
G01 X24.6766Y21.4748
G01 X24.6947Y21.4607
G01 X24.7074Y21.4491
G01 X26.0374Y20.1191
G01 X26.0523Y20.1027
G01 X26.0750Y20.0750
G01 X26.2197Y19.9563
G01 X26.3847Y19.8681
G01 X26.5638Y19.8137
G01 X26.7500Y19.7954
G01 X26.7857Y19.7989
G01 X26.8077Y19.8000
G01 X30.0732Y19.8000
G01 X30.0953Y19.7989
G01 X30.1309Y19.7954
G01 X30.3172Y19.8137
G01 X30.4963Y19.8681
G01 X30.6613Y19.9563
G01 X30.8059Y20.0750
G01 X30.8287Y20.1027
G01 X30.8435Y20.1191
G01 X35.2586Y24.5341
G01 X35.2712Y24.5457
G01 X35.2886Y24.5593
G01 X35.3073Y24.5710
G01 X35.3271Y24.5809
G01 X35.3477Y24.5888
G01 X35.3690Y24.5946
G01 X35.3907Y24.5983
G01 X35.4177Y24.6000
G01 X44.3229Y24.6000
G01 X44.3401Y24.5993
G01 X44.3620Y24.5965
G01 X44.3929Y24.5888
G01 X44.4045Y24.5846
G01 X44.4246Y24.5756
G01 X44.4513Y24.5597
G01 X44.4618Y24.5519
G01 X44.4785Y24.5375
G01 X44.4999Y24.5139
G01 X44.5072Y24.5040
G01 X44.5190Y24.4853
G01 X44.5326Y24.4565
G01 X44.5367Y24.4450
G01 X44.5425Y24.4237
G01 X44.5472Y24.3922
G01 X44.5479Y24.3750
G01 X44.5479Y22.5861
G01 X44.5697Y22.3651
G01 X44.6309Y22.1632
G01 X44.7304Y21.9772
G01 X44.8642Y21.8142
G01 X45.0272Y21.6804
G01 X45.2132Y21.5809
G01 X45.4151Y21.5197
G01 X45.6361Y21.4979
G01 X47.3639Y21.4979
G01 X47.5849Y21.5197
G01 X47.6120Y21.5264
G01 X47.6254Y21.5283
G01 X47.6474Y21.5299
G01 X47.6695Y21.5293
G01 X47.6914Y21.5265
G01 X47.7129Y21.5217
G01 X47.7338Y21.5147
G01 X47.7540Y21.5057
G01 X47.7732Y21.4947
G01 X47.7912Y21.4820
G01 X47.8114Y21.4641
G01 X49.1565Y20.1191
G01 X49.1713Y20.1027
G01 X49.1941Y20.0750
G01 X49.3387Y19.9563
G01 X49.5037Y19.8681
G01 X49.6828Y19.8137
G01 X49.8691Y19.7954
G01 X49.9047Y19.7989
G01 X49.9268Y19.8000
G01 X53.0732Y19.8000
G01 X53.0953Y19.7989
G01 X53.1309Y19.7954
G01 X53.3172Y19.8137
G01 X53.4963Y19.8681
G01 X53.6613Y19.9563
G01 X53.8059Y20.0750
G01 X53.8287Y20.1027
G01 X53.8435Y20.1191
G01 X58.2585Y24.5341
G01 X58.2712Y24.5457
G01 X58.2886Y24.5592
G01 X58.3073Y24.5710
G01 X58.3271Y24.5809
G01 X58.3477Y24.5888
G01 X58.3690Y24.5946
G01 X58.3907Y24.5983
G01 X58.4127Y24.5999
G01 X67.3229Y24.6000
G01 X67.3499Y24.5983
G01 X67.3620Y24.5965
G01 X67.3835Y24.5916
G01 X67.4135Y24.5809
G01 X67.4246Y24.5756
G01 X67.4438Y24.5647
G01 X67.4694Y24.5457
G01 X67.4854Y24.5305
G01 X67.4937Y24.5214
G01 X67.5127Y24.4958
G01 X67.5236Y24.4767
G01 X67.5326Y24.4565
G01 X67.5367Y24.4450
G01 X67.5425Y24.4237
G01 X67.5472Y24.3921
G01 X67.5479Y24.3750
G01 X67.5479Y22.5861
G01 X67.5697Y22.3651
G01 X67.6309Y22.1632
G01 X67.7304Y21.9772
G01 X67.8642Y21.8142
G01 X68.0272Y21.6804
G01 X68.2132Y21.5809
G01 X68.4151Y21.5197
G01 X68.6361Y21.4979
G01 X70.3639Y21.4979
G01 X70.5262Y21.5139
G01 X70.5434Y21.5149
G01 X70.5654Y21.5143
G01 X70.5873Y21.5115
G01 X70.6089Y21.5066
G01 X70.6298Y21.4997
G01 X70.6500Y21.4907
G01 X70.6691Y21.4797
G01 X70.6872Y21.4670
G01 X70.7074Y21.4491
G01 X72.0374Y20.1191
G01 X72.0523Y20.1027
G01 X72.0750Y20.0750
G01 X72.2197Y19.9563
G01 X72.3847Y19.8681
G01 X72.5638Y19.8137
G01 X72.7500Y19.7954
G01 X72.7857Y19.7989
G01 X72.8077Y19.8000
G01 X76.2923Y19.8000
G01 X76.3143Y19.7989
G01 X76.3500Y19.7954
G01 X76.5362Y19.8137
G01 X76.7153Y19.8681
G01 X76.8803Y19.9563
G01 X77.0250Y20.0750
G01 X77.0477Y20.1027
G01 X77.0626Y20.1191
G01 X81.4776Y24.5341
G01 X81.4902Y24.5457
G01 X81.5077Y24.5593
G01 X81.5350Y24.5756
G01 X81.5461Y24.5809
G01 X81.5667Y24.5888
G01 X81.5880Y24.5946
G01 X81.6098Y24.5983
G01 X81.6367Y24.6000
G01 X90.3229Y24.6000
G01 X90.3499Y24.5983
G01 X90.3716Y24.5946
G01 X90.3835Y24.5916
G01 X90.4045Y24.5846
G01 X90.4246Y24.5756
G01 X90.4438Y24.5647
G01 X90.4694Y24.5457
G01 X90.4854Y24.5305
G01 X90.4937Y24.5215
G01 X90.5127Y24.4959
G01 X90.5236Y24.4767
G01 X90.5326Y24.4565
G01 X90.5367Y24.4450
G01 X90.5425Y24.4237
G01 X90.5472Y24.3922
G01 X90.5479Y24.3750
G01 X90.5479Y22.5861
G01 X90.5697Y22.3651
G01 X90.6309Y22.1632
G01 X90.7304Y21.9772
G01 X90.8642Y21.8142
G01 X91.0272Y21.6804
G01 X91.2132Y21.5809
G01 X91.4151Y21.5197
G01 X91.6361Y21.4979
G01 X93.3639Y21.4979
G01 X93.5849Y21.5197
G01 X93.7868Y21.5809
G01 X93.9728Y21.6804
G01 X94.1358Y21.8142
G01 X94.2696Y21.9772
G01 X94.3691Y22.1632
G01 X94.4303Y22.3651
G01 X94.4521Y22.5861
G01 X94.4521Y25.4139
G01 X94.4430Y25.5074
G01 X94.4424Y25.5295
G01 X94.4430Y25.5418
G01 X94.4457Y25.5637
G01 X94.4506Y25.5852
G01 X94.4576Y25.6061
G01 X94.4666Y25.6263
G01 X94.4775Y25.6455
G01 X94.4903Y25.6635
G01 X94.5048Y25.6802
G01 X94.5208Y25.6953
G01 X94.5382Y25.7089
G01 X94.5569Y25.7206
G01 X94.5767Y25.7305
G01 X94.5973Y25.7384
G01 X94.6186Y25.7442
G01 X94.6403Y25.7479
G01 X94.6623Y25.7495
G01 X94.6844Y25.7489
G01 X94.7063Y25.7461
G01 X94.7278Y25.7412
G01 X94.7578Y25.7305
G01 X94.7776Y25.7206
G01 X94.7956Y25.7093
G01 X94.8137Y25.6953
G01 X94.8263Y25.6837
G01 X95.4854Y25.0245
G01 X95.4999Y25.0078
G01 X95.5072Y24.9979
G01 X95.5190Y24.9792
G01 X95.5326Y24.9504
G01 X95.5396Y24.9295
G01 X95.5442Y24.9096
G01 X95.5463Y24.8958
G01 X95.5479Y24.8689
G01 X95.5479Y22.5861
G01 X95.5697Y22.3651
G01 X95.6309Y22.1632
G01 X95.7304Y21.9772
G01 X95.8642Y21.8142
G01 X96.0272Y21.6804
G01 X96.2132Y21.5809
G01 X96.4151Y21.5197
G01 X96.6361Y21.4979
G01 X98.3639Y21.4979
G01 X98.5849Y21.5197
G01 X98.7868Y21.5809
G01 X98.9728Y21.6804
G01 X99.1358Y21.8142
G01 X99.2696Y21.9772
G01 X99.3691Y22.1632
G01 X99.4303Y22.3651
G01 X99.4521Y22.5861
G01 X99.4521Y25.4139
G01 X99.4303Y25.6349
G01 X99.3691Y25.8368
G01 X99.2696Y26.0228
G01 X99.1358Y26.1858
G01 X98.9728Y26.3196
G01 X98.7868Y26.4191
G01 X98.5849Y26.4803
G01 X98.3639Y26.5021
G01 X96.6361Y26.5021
G01 X96.4151Y26.4803
G01 X96.2331Y26.4251
G01 X96.2164Y26.4208
G01 X96.1947Y26.4171
G01 X96.1727Y26.4155
G01 X96.1408Y26.4171
G01 X96.1191Y26.4208
G01 X96.1072Y26.4238
G01 X96.0862Y26.4308
G01 X96.0661Y26.4398
G01 X96.0469Y26.4507
G01 X96.0289Y26.4634
G01 X96.0087Y26.4813
G01 X95.0271Y27.4629
G01 X95.0123Y27.4792
G01 X94.9974Y27.4974
G01 X94.8908Y27.5849
G01 X94.7692Y27.6499
G01 X94.6372Y27.6899
G01 X94.5000Y27.7034
G01 X94.4766Y27.7011
G01 X94.4546Y27.7000
G01 X73.1027Y27.7001
G01 X73.0807Y27.7017
G01 X73.0589Y27.7054
G01 X73.0376Y27.7112
G01 X73.0170Y27.7191
G01 X72.9973Y27.7290
G01 X72.9793Y27.7403
G01 X72.9687Y27.7481
G01 X72.9521Y27.7625
G01 X72.0516Y28.6629
G01 X72.0367Y28.6792
G01 X72.0218Y28.6974
G01 X71.9152Y28.7849
G01 X71.7936Y28.8499
G01 X71.6617Y28.8899
G01 X71.5245Y28.9034
G01 X71.5011Y28.9011
G01 X71.4790Y28.9000
G01 X51.0724Y28.9001
G01 X51.0504Y28.9017
G01 X51.0286Y28.9054
G01 X51.0073Y28.9112
G01 X50.9867Y28.9191
G01 X50.9669Y28.9290
G01 X50.9489Y28.9403
G01 X50.9384Y28.9481
G01 X50.9217Y28.9625
G01 X50.0212Y29.8629
G01 X50.0064Y29.8792
G01 X49.9915Y29.8974
G01 X49.8849Y29.9849
G01 X49.7633Y30.0499
G01 X49.6313Y30.0899
G01 X49.4941Y30.1034
G01 X49.4707Y30.1011
G01 X49.4487Y30.1000
G01 X29.3191Y30.1000
G01 X29.2922Y30.1017
G01 X29.2801Y30.1035
G01 X29.2585Y30.1084
G01 X29.2376Y30.1154
G01 X29.2174Y30.1244
G01 X29.1908Y30.1403
G01 X29.1727Y30.1543
G01 X29.1600Y30.1659
G01 X24.4659Y34.8600
G01 X24.4481Y34.8803
G01 X24.4407Y34.8901
G01 X24.4290Y34.9088
G01 X24.4154Y34.9376
G01 X24.4112Y34.9492
G01 X24.4054Y34.9705
G01 X24.4017Y34.9922
G01 X24.4000Y35.0191
G01 X24.4001Y35.1232
G01 X24.4007Y35.1355
G01 X24.4035Y35.1574
G01 X24.4084Y35.1789
G01 X24.4154Y35.1998
G01 X24.4244Y35.2200
G01 X24.4353Y35.2392
G01 X24.4481Y35.2572
G01 X24.4625Y35.2739
G01 X24.4785Y35.2890
G01 X24.4960Y35.3026
G01 X24.5147Y35.3143
G01 X24.5344Y35.3242
G01 X24.5550Y35.3321
G01 X24.5763Y35.3379
G01 X24.5981Y35.3416
G01 X24.6201Y35.3432
G01 X24.6422Y35.3426
G01 X24.6641Y35.3398
G01 X24.6856Y35.3349
G01 X24.7065Y35.3280
G01 X24.7267Y35.3190
G01 X24.7534Y35.3031
G01 X24.7715Y35.2890
G01 X24.7841Y35.2774
G01 X24.8713Y35.1902
G01 X25.0842Y35.0480
G01 X25.3208Y34.9500
G01 X25.5720Y34.9000
G01 X25.8280Y34.9000
G01 X26.0792Y34.9500
G01 X26.3158Y35.0480
G01 X26.5287Y35.1902
G01 X26.7098Y35.3713
G01 X26.8520Y35.5842
G01 X26.9500Y35.8208
G01 X27.0000Y36.0720
G01 X27.0000Y36.3280
G01 X26.9500Y36.5792
G01 X26.8520Y36.8158
G01 X26.7086Y37.0304
G01 X26.6907Y37.0527
G01 X26.6790Y37.0713
G01 X26.6654Y37.1002
G01 X26.6584Y37.1211
G01 X26.6537Y37.1410
G01 X26.6507Y37.1645
G01 X26.6500Y37.1817
G01 X26.6500Y39.6541
G01 X26.6507Y39.6713
G01 X26.6535Y39.6932
G01 X26.6584Y39.7147
G01 X26.6654Y39.7357
G01 X26.6744Y39.7558
G01 X26.6853Y39.7750
G01 X26.6981Y39.7930
G01 X26.7159Y39.8132
G01 X28.7311Y41.8282
G01 X28.7477Y41.8427
G01 X28.7576Y41.8500
G01 X28.7763Y41.8618
G01 X28.9857Y41.9739
G01 X29.1323Y42.0941
G01 X29.1541Y42.1099
G01 X29.1733Y42.1208
G01 X29.1935Y42.1298
G01 X29.2050Y42.1340
G01 X29.2263Y42.1398
G01 X29.2481Y42.1435
G01 X29.2701Y42.1451
G01 X29.2922Y42.1445
G01 X29.3237Y42.1398
G01 X29.3450Y42.1340
G01 X29.3656Y42.1261
G01 X29.3853Y42.1162
G01 X29.4034Y42.1049
G01 X29.4139Y42.0971
G01 X29.4305Y42.0827
G01 X29.4457Y42.0666
G01 X29.4593Y42.0492
G01 X29.4710Y42.0305
G01 X29.4809Y42.0108
G01 X29.4916Y41.9808
G01 X29.4963Y41.9609
G01 X29.4983Y41.9471
G01 X29.5000Y41.9202
G01 X29.5000Y40.6361
G01 X29.5188Y40.4452
G01 X29.5931Y40.2001
G01 X29.7139Y39.9743
G01 X29.8763Y39.7763
G01 X30.0743Y39.6139
G01 X30.3001Y39.4931
G01 X30.5452Y39.4188
G01 X30.8000Y39.3937
G01 X31.0548Y39.4188
G01 X31.2999Y39.4931
G01 X31.5257Y39.6139
G01 X31.6723Y39.7341
G01 X31.6860Y39.7444
G01 X31.7047Y39.7562
G01 X31.7244Y39.7661
G01 X31.7450Y39.7740
G01 X31.7663Y39.7798
G01 X31.7881Y39.7835
G01 X31.8101Y39.7851
G01 X31.8419Y39.7835
G01 X31.8541Y39.7817
G01 X31.8756Y39.7768
G01 X31.8965Y39.7698
G01 X31.9167Y39.7608
G01 X31.9359Y39.7499
G01 X31.9539Y39.7371
G01 X31.9775Y39.7157
G01 X31.9857Y39.7066
G01 X31.9993Y39.6892
G01 X32.0110Y39.6705
G01 X32.0209Y39.6508
G01 X32.0288Y39.6302
G01 X32.0346Y39.6089
G01 X32.0383Y39.5871
G01 X32.0400Y39.5602
G01 X32.0400Y34.6761
G01 X32.0588Y34.4852
G01 X32.1331Y34.2401
G01 X32.2539Y34.0143
G01 X32.4163Y33.8163
G01 X32.6143Y33.6539
G01 X32.8401Y33.5331
G01 X33.0852Y33.4588
G01 X33.3400Y33.4337
G01 X33.5948Y33.4588
G01 X33.8399Y33.5331
G01 X34.0657Y33.6539
G01 X34.2637Y33.8163
G01 X34.4261Y34.0143
G01 X34.4956Y34.1440
G01 X34.5074Y34.1626
G01 X34.5147Y34.1725
G01 X34.5291Y34.1892
G01 X34.5527Y34.2106
G01 X34.5626Y34.2179
G01 X34.5813Y34.2296
G01 X34.6101Y34.2433
G01 X34.6216Y34.2474
G01 X34.6429Y34.2532
G01 X34.6647Y34.2569
G01 X34.6867Y34.2585
G01 X34.7088Y34.2579
G01 X34.7307Y34.2551
G01 X34.7522Y34.2502
G01 X34.7731Y34.2433
G01 X34.8019Y34.2296
G01 X34.8206Y34.2179
G01 X34.8305Y34.2106
G01 X34.8472Y34.1961
G01 X34.8664Y34.1751
G01 X35.0513Y33.9902
G01 X35.2642Y33.8480
G01 X35.5008Y33.7500
G01 X35.7520Y33.7000
G01 X36.0080Y33.7000
G01 X36.2592Y33.7500
G01 X36.4958Y33.8480
G01 X36.7087Y33.9902
G01 X36.8898Y34.1713
G01 X36.9629Y34.2808
G01 X36.9731Y34.2946
G01 X36.9945Y34.3182
G01 X37.0111Y34.3327
G01 X37.0210Y34.3400
G01 X37.0397Y34.3518
G01 X37.0594Y34.3616
G01 X37.0800Y34.3695
G01 X37.1097Y34.3771
G01 X37.1231Y34.3791
G01 X37.1451Y34.3806
G01 X37.1672Y34.3800
G01 X37.1891Y34.3773
G01 X37.2200Y34.3695
G01 X37.2406Y34.3616
G01 X37.2603Y34.3518
G01 X37.2784Y34.3405
G01 X37.2889Y34.3327
G01 X37.3055Y34.3182
G01 X37.3269Y34.2946
G01 X37.3371Y34.2808
G01 X37.4102Y34.1713
G01 X37.5913Y33.9902
G01 X37.8042Y33.8480
G01 X38.0408Y33.7500
G01 X38.2920Y33.7000
G01 X38.5480Y33.7000
G01 X38.7992Y33.7500
G01 X39.0358Y33.8480
G01 X39.2487Y33.9902
G01 X39.4298Y34.1713
G01 X39.4985Y34.2742
G01 X39.5087Y34.2880
G01 X39.5231Y34.3047
G01 X39.5467Y34.3261
G01 X39.5566Y34.3334
G01 X39.5753Y34.3452
G01 X39.5950Y34.3551
G01 X39.6157Y34.3630
G01 X39.6454Y34.3705
G01 X39.6587Y34.3725
G01 X39.6807Y34.3741
G01 X39.7028Y34.3734
G01 X39.7247Y34.3707
G01 X39.7556Y34.3629
G01 X39.7763Y34.3550
G01 X39.7960Y34.3451
G01 X39.8140Y34.3339
G01 X39.8245Y34.3261
G01 X39.8412Y34.3116
G01 X39.8564Y34.2955
G01 X39.9106Y34.2293
G01 X39.9207Y34.2155
G01 X39.9502Y34.1713
G01 X39.9912Y34.1302
G01 X40.0026Y34.1174
G01 X40.0363Y34.0763
G01 X40.0774Y34.0426
G01 X40.0902Y34.0312
G01 X40.1313Y33.9902
G01 X40.1795Y33.9579
G01 X40.1932Y33.9476
G01 X40.2343Y33.9139
G01 X40.2811Y33.8888
G01 X40.2959Y33.8801
G01 X40.3442Y33.8480
G01 X40.3978Y33.8256
G01 X40.4133Y33.8182
G01 X40.4601Y33.7931
G01 X40.5109Y33.7777
G01 X40.5271Y33.7721
G01 X40.5808Y33.7500
G01 X40.6377Y33.7385
G01 X40.6543Y33.7342
G01 X40.7052Y33.7188
G01 X40.7580Y33.7136
G01 X40.7750Y33.7112
G01 X40.8320Y33.7000
G01 X40.8900Y33.6999
G01 X40.9071Y33.6989
G01 X40.9600Y33.6937
G01 X41.0129Y33.6989
G01 X41.0300Y33.6999
G01 X41.0880Y33.7000
G01 X41.1450Y33.7112
G01 X41.1620Y33.7136
G01 X41.2148Y33.7188
G01 X41.2657Y33.7342
G01 X41.2823Y33.7385
G01 X41.3392Y33.7500
G01 X41.3929Y33.7721
G01 X41.4091Y33.7777
G01 X41.4599Y33.7931
G01 X41.5067Y33.8182
G01 X41.5222Y33.8256
G01 X41.5758Y33.8480
G01 X41.6241Y33.8801
G01 X41.6389Y33.8888
G01 X41.6857Y33.9139
G01 X41.7268Y33.9476
G01 X41.7405Y33.9579
G01 X41.7887Y33.9902
G01 X41.8298Y34.0312
G01 X41.8426Y34.0426
G01 X41.8837Y34.0763
G01 X41.9174Y34.1174
G01 X41.9288Y34.1302
G01 X41.9698Y34.1713
G01 X41.9993Y34.2155
G01 X42.0093Y34.2291
G01 X42.0603Y34.2916
G01 X42.0786Y34.3114
G01 X42.0953Y34.3259
G01 X42.1052Y34.3333
G01 X42.1238Y34.3451
G01 X42.1436Y34.3550
G01 X42.1642Y34.3629
G01 X42.1935Y34.3704
G01 X42.2073Y34.3725
G01 X42.2293Y34.3740
G01 X42.2514Y34.3735
G01 X42.2733Y34.3707
G01 X42.3043Y34.3630
G01 X42.3249Y34.3551
G01 X42.3447Y34.3452
G01 X42.3627Y34.3340
G01 X42.3732Y34.3262
G01 X42.3969Y34.3047
G01 X42.4113Y34.2881
G01 X42.4215Y34.2742
G01 X42.4902Y34.1713
G01 X42.6713Y33.9902
G01 X42.8842Y33.8480
G01 X43.1208Y33.7500
G01 X43.3720Y33.7000
G01 X43.6280Y33.7000
G01 X43.8792Y33.7500
G01 X44.1158Y33.8480
G01 X44.3287Y33.9902
G01 X44.5098Y34.1713
G01 X44.5785Y34.2742
G01 X44.5887Y34.2880
G01 X44.6031Y34.3047
G01 X44.6267Y34.3261
G01 X44.6366Y34.3334
G01 X44.6553Y34.3452
G01 X44.6750Y34.3551
G01 X44.6957Y34.3630
G01 X44.7254Y34.3705
G01 X44.7387Y34.3725
G01 X44.7607Y34.3741
G01 X44.7828Y34.3734
G01 X44.8047Y34.3707
G01 X44.8356Y34.3629
G01 X44.8563Y34.3550
G01 X44.8760Y34.3451
G01 X44.8940Y34.3339
G01 X44.9045Y34.3261
G01 X44.9212Y34.3116
G01 X44.9364Y34.2955
G01 X44.9906Y34.2293
G01 X45.0007Y34.2155
G01 X45.0302Y34.1713
G01 X45.0712Y34.1302
G01 X45.0826Y34.1174
G01 X45.1163Y34.0763
G01 X45.1574Y34.0426
G01 X45.1702Y34.0312
G01 X45.2113Y33.9902
G01 X45.2595Y33.9579
G01 X45.2732Y33.9476
G01 X45.3143Y33.9139
G01 X45.3611Y33.8888
G01 X45.3759Y33.8801
G01 X45.4242Y33.8480
G01 X45.4778Y33.8256
G01 X45.4933Y33.8182
G01 X45.5401Y33.7931
G01 X45.5909Y33.7777
G01 X45.6071Y33.7721
G01 X45.6608Y33.7500
G01 X45.7177Y33.7385
G01 X45.7343Y33.7342
G01 X45.7852Y33.7188
G01 X45.8380Y33.7136
G01 X45.8550Y33.7112
G01 X45.9120Y33.7000
G01 X45.9700Y33.6999
G01 X45.9871Y33.6989
G01 X46.0400Y33.6937
G01 X46.0929Y33.6989
G01 X46.1100Y33.6999
G01 X46.1680Y33.7000
G01 X46.2250Y33.7112
G01 X46.2420Y33.7136
G01 X46.2948Y33.7188
G01 X46.3457Y33.7342
G01 X46.3623Y33.7385
G01 X46.4192Y33.7500
G01 X46.4729Y33.7721
G01 X46.4891Y33.7777
G01 X46.5399Y33.7931
G01 X46.5867Y33.8182
G01 X46.6022Y33.8256
G01 X46.6558Y33.8480
G01 X46.7041Y33.8801
G01 X46.7189Y33.8888
G01 X46.7657Y33.9139
G01 X46.8068Y33.9476
G01 X46.8205Y33.9579
G01 X46.8687Y33.9902
G01 X46.9098Y34.0312
G01 X46.9226Y34.0426
G01 X46.9637Y34.0763
G01 X46.9974Y34.1174
G01 X47.0088Y34.1302
G01 X47.0498Y34.1713
G01 X47.0793Y34.2155
G01 X47.0894Y34.2293
G01 X47.1361Y34.2864
G01 X47.1545Y34.3061
G01 X47.1711Y34.3206
G01 X47.1810Y34.3279
G01 X47.1997Y34.3396
G01 X47.2285Y34.3533
G01 X47.2494Y34.3603
G01 X47.2697Y34.3650
G01 X47.2831Y34.3669
G01 X47.3051Y34.3685
G01 X47.3272Y34.3679
G01 X47.3491Y34.3651
G01 X47.3800Y34.3574
G01 X47.3915Y34.3533
G01 X47.4117Y34.3443
G01 X47.4309Y34.3333
G01 X47.4489Y34.3206
G01 X47.4655Y34.3061
G01 X47.4839Y34.2864
G01 X47.5306Y34.2293
G01 X47.5407Y34.2155
G01 X47.5702Y34.1713
G01 X47.6112Y34.1302
G01 X47.6226Y34.1174
G01 X47.6563Y34.0763
G01 X47.6974Y34.0426
G01 X47.7102Y34.0312
G01 X47.7513Y33.9902
G01 X47.7995Y33.9579
G01 X47.8132Y33.9476
G01 X47.8543Y33.9139
G01 X47.9011Y33.8888
G01 X47.9159Y33.8801
G01 X47.9642Y33.8480
G01 X48.0178Y33.8256
G01 X48.0333Y33.8182
G01 X48.0801Y33.7931
G01 X48.1309Y33.7777
G01 X48.1471Y33.7721
G01 X48.2008Y33.7500
G01 X48.2577Y33.7385
G01 X48.2743Y33.7342
G01 X48.3252Y33.7188
G01 X48.3780Y33.7136
G01 X48.3950Y33.7112
G01 X48.4520Y33.7000
G01 X54.7639Y33.7000
G01 X54.9548Y33.7188
G01 X55.1999Y33.7931
G01 X55.4257Y33.9139
G01 X55.6237Y34.0763
G01 X55.7861Y34.2743
G01 X55.9069Y34.5001
G01 X55.9812Y34.7452
G01 X56.0063Y35.0000
G01 X55.9812Y35.2548
G01 X55.9069Y35.4999
G01 X55.7861Y35.7257
G01 X55.6237Y35.9237
G01 X55.4257Y36.0861
G01 X55.1999Y36.2069
G01 X54.9548Y36.2812
G01 X54.7639Y36.3000
G01 X48.4520Y36.3000
G01 X48.3950Y36.2888
G01 X48.3780Y36.2864
G01 X48.3252Y36.2812
G01 X48.2743Y36.2658
G01 X48.2577Y36.2615
G01 X48.2008Y36.2500
G01 X48.1471Y36.2279
G01 X48.1309Y36.2223
G01 X48.0801Y36.2069
G01 X48.0333Y36.1818
G01 X48.0178Y36.1744
G01 X47.9642Y36.1520
G01 X47.9159Y36.1199
G01 X47.9011Y36.1112
G01 X47.8543Y36.0861
G01 X47.8132Y36.0524
G01 X47.7995Y36.0421
G01 X47.7513Y36.0098
G01 X47.7115Y35.9710
G01 X47.6940Y35.9574
G01 X47.6753Y35.9457
G01 X47.6556Y35.9358
G01 X47.6256Y35.9251
G01 X47.6053Y35.9203
G01 X47.5919Y35.9184
G01 X47.5699Y35.9168
G01 X47.5478Y35.9174
G01 X47.5259Y35.9202
G01 X47.5044Y35.9251
G01 X47.4835Y35.9320
G01 X47.4633Y35.9410
G01 X47.4441Y35.9520
G01 X47.4261Y35.9647
G01 X47.4095Y35.9792
G01 X47.3943Y35.9952
G01 X47.3807Y36.0127
G01 X47.3690Y36.0313
G01 X47.3591Y36.0511
G01 X47.3512Y36.0717
G01 X47.3454Y36.0930
G01 X47.3417Y36.1148
G01 X47.3400Y36.1417
G01 X47.3401Y39.1399
G01 X47.3417Y39.1619
G01 X47.3435Y39.1740
G01 X47.3484Y39.1956
G01 X47.3554Y39.2165
G01 X47.3644Y39.2367
G01 X47.3753Y39.2558
G01 X47.3881Y39.2739
G01 X47.4025Y39.2905
G01 X47.4261Y39.3119
G01 X47.4360Y39.3192
G01 X47.4547Y39.3310
G01 X47.4744Y39.3409
G01 X47.4950Y39.3488
G01 X47.5247Y39.3563
G01 X47.5478Y39.3593
G01 X47.5650Y39.3600
G01 X52.0392Y39.3600
G01 X52.0613Y39.3589
G01 X52.1141Y39.3537
G01 X52.3690Y39.3788
G01 X52.6140Y39.4531
G01 X52.8399Y39.5738
G01 X53.0378Y39.7363
G01 X53.0715Y39.7774
G01 X53.0863Y39.7937
G01 X54.4663Y41.1737
G01 X54.4826Y41.1885
G01 X54.5237Y41.2222
G01 X54.6861Y41.4201
G01 X54.8069Y41.6460
G01 X54.8812Y41.8910
G01 X54.8919Y41.9993
G01 X54.8943Y42.0163
G01 X54.8992Y42.0379
G01 X54.9061Y42.0588
G01 X54.9198Y42.0876
G01 X54.9315Y42.1063
G01 X54.9388Y42.1162
G01 X54.9533Y42.1328
G01 X54.9693Y42.1480
G01 X54.9868Y42.1615
G01 X55.0055Y42.1733
G01 X55.0252Y42.1832
G01 X55.0459Y42.1911
G01 X55.0756Y42.1986
G01 X55.0889Y42.2006
G01 X55.1109Y42.2021
G01 X55.1330Y42.2015
G01 X55.1549Y42.1988
G01 X55.1764Y42.1939
G01 X55.1974Y42.1869
G01 X55.2262Y42.1732
G01 X55.2442Y42.1619
G01 X55.2547Y42.1541
G01 X55.4743Y41.9739
G01 X55.7001Y41.8531
G01 X55.9452Y41.7788
G01 X56.2000Y41.7537
G01 X56.4548Y41.7788
G01 X56.6999Y41.8531
G01 X56.9257Y41.9739
G01 X57.1237Y42.1363
G01 X57.2993Y42.3501
G01 X57.3145Y42.3661
G01 X57.3235Y42.3744
G01 X57.3491Y42.3933
G01 X57.3597Y42.3996
G01 X57.3794Y42.4095
G01 X57.4000Y42.4174
G01 X57.4293Y42.4249
G01 X57.4431Y42.4269
G01 X57.4651Y42.4285
G01 X57.4872Y42.4279
G01 X57.5187Y42.4232
G01 X57.5306Y42.4202
G01 X57.5515Y42.4133
G01 X57.5803Y42.3996
G01 X57.5984Y42.3884
G01 X57.6165Y42.3744
G01 X57.6325Y42.3592
G01 X57.6407Y42.3501
G01 X57.8163Y42.1363
G01 X58.0143Y41.9739
G01 X58.2237Y41.8618
G01 X58.2418Y41.8505
G01 X58.2523Y41.8427
G01 X58.2690Y41.8282
G01 X59.7183Y40.3791
G01 X59.7331Y40.3627
G01 X59.7559Y40.3350
G01 X59.9005Y40.2163
G01 X60.0656Y40.1281
G01 X60.0937Y40.1178
G01 X60.1134Y40.1079
G01 X60.1321Y40.0961
G01 X60.1420Y40.0888
G01 X60.1586Y40.0744
G01 X61.6741Y38.5591
G01 X61.6889Y38.5427
G01 X61.7117Y38.5150
G01 X61.8563Y38.3963
G01 X62.0214Y38.3081
G01 X62.2004Y38.2537
G01 X62.3867Y38.2354
G01 X62.4223Y38.2389
G01 X62.4444Y38.2400
G01 X67.4083Y38.2400
G01 X67.4303Y38.2389
G01 X67.4660Y38.2354
G01 X67.6522Y38.2537
G01 X67.8313Y38.3081
G01 X67.9963Y38.3963
G01 X68.1410Y38.5150
G01 X68.1637Y38.5427
G01 X68.1786Y38.5590
G01 X69.2909Y39.6714
G01 X69.3073Y39.6863
G01 X69.3350Y39.7090
G01 X69.4537Y39.8537
G01 X69.5419Y40.0187
G01 X69.5963Y40.1978
G01 X69.6146Y40.3840
G01 X69.6111Y40.4197
G01 X69.6100Y40.4417
G01 X69.6100Y41.5972
G01 X69.6117Y41.6242
G01 X69.6135Y41.6363
G01 X69.6184Y41.6578
G01 X69.6291Y41.6878
G01 X69.6344Y41.6989
G01 X69.6453Y41.7181
G01 X69.6581Y41.7361
G01 X69.6795Y41.7597
G01 X69.6961Y41.7742
G01 X69.7100Y41.7843
G01 X69.8950Y41.9079
G01 X70.0621Y42.0750
G01 X70.1934Y42.2716
G01 X70.2839Y42.4900
G01 X70.3300Y42.7218
G01 X70.3300Y42.9582
G01 X70.2839Y43.1900
G01 X70.1934Y43.4084
G01 X70.0621Y43.6050
G01 X69.8950Y43.7721
G01 X69.6984Y43.9034
G01 X69.4800Y43.9939
G01 X69.2482Y44.0400
G01 X69.0118Y44.0400
G01 X68.7800Y43.9939
G01 X68.5616Y43.9034
G01 X68.3650Y43.7721
G01 X68.1979Y43.6050
G01 X68.0666Y43.4084
G01 X67.9761Y43.1900
G01 X67.9300Y42.9582
G01 X67.9293Y42.9273
G01 X67.9265Y42.9054
G01 X67.9216Y42.8839
G01 X67.9109Y42.8539
G01 X67.9056Y42.8428
G01 X67.8947Y42.8236
G01 X67.8819Y42.8056
G01 X67.8663Y42.7863
G01 X67.7781Y42.6213
G01 X67.7219Y42.4362
G01 X67.7125Y42.4110
G01 X67.7026Y42.3912
G01 X67.6914Y42.3732
G01 X67.6836Y42.3627
G01 X67.6691Y42.3460
G01 X67.6531Y42.3308
G01 X67.6356Y42.3173
G01 X67.6170Y42.3055
G01 X67.5972Y42.2957
G01 X67.5766Y42.2878
G01 X67.5457Y42.2800
G01 X67.5238Y42.2773
G01 X67.5017Y42.2767
G01 X67.4895Y42.2773
G01 X67.4676Y42.2800
G01 X67.4460Y42.2849
G01 X67.4251Y42.2919
G01 X67.4049Y42.3009
G01 X67.3858Y42.3118
G01 X67.2784Y42.3834
G01 X67.0600Y42.4739
G01 X66.8282Y42.5200
G01 X66.5918Y42.5200
G01 X66.3600Y42.4739
G01 X66.1416Y42.3834
G01 X65.9450Y42.2521
G01 X65.7779Y42.0850
G01 X65.6810Y41.9400
G01 X65.6709Y41.9261
G01 X65.6564Y41.9095
G01 X65.6328Y41.8881
G01 X65.6230Y41.8807
G01 X65.6043Y41.8690
G01 X65.5755Y41.8554
G01 X65.5639Y41.8512
G01 X65.5426Y41.8454
G01 X65.5209Y41.8417
G01 X65.4940Y41.8400
G01 X63.5776Y41.8400
G01 X63.5604Y41.8407
G01 X63.5385Y41.8435
G01 X63.5170Y41.8484
G01 X63.4960Y41.8554
G01 X63.4672Y41.8690
G01 X63.4492Y41.8803
G01 X63.4311Y41.8943
G01 X63.4185Y41.9059
G01 X63.3800Y41.9443
G01 X63.3563Y41.9533
G01 X63.2587Y41.9995
G01 X63.1575Y42.0596
G01 X63.0626Y42.1294
G01 X62.9750Y42.2081
G01 X62.8894Y42.3026
G01 X62.8196Y42.3975
G01 X62.7595Y42.4987
G01 X62.7133Y42.5963
G01 X62.7043Y42.6200
G01 X62.6327Y42.6917
G01 X62.6211Y42.7043
G01 X62.6021Y42.7299
G01 X62.5911Y42.7491
G01 X62.5859Y42.7602
G01 X62.5780Y42.7808
G01 X62.5722Y42.8021
G01 X62.5685Y42.8239
G01 X62.5669Y42.8459
G01 X62.5679Y42.8728
G01 X62.5800Y42.9961
G01 X62.5800Y44.3939
G01 X62.5612Y44.5848
G01 X62.4869Y44.8299
G01 X62.3661Y45.0557
G01 X62.2037Y45.2537
G01 X62.0057Y45.4161
G01 X61.7799Y45.5369
G01 X61.5348Y45.6112
G01 X61.5198Y45.6128
G01 X61.4981Y45.6165
G01 X61.4662Y45.6254
G01 X61.2800Y45.6437
G01 X61.0938Y45.6254
G01 X61.0619Y45.6165
G01 X61.0402Y45.6128
G01 X61.0252Y45.6112
G01 X60.7801Y45.5369
G01 X60.5543Y45.4161
G01 X60.3563Y45.2537
G01 X60.1839Y45.0436
G01 X60.1655Y45.0239
G01 X60.1489Y45.0094
G01 X60.1390Y45.0021
G01 X60.1203Y44.9904
G01 X60.1006Y44.9805
G01 X60.0800Y44.9726
G01 X60.0587Y44.9668
G01 X60.0369Y44.9631
G01 X60.0051Y44.9615
G01 X59.9831Y44.9631
G01 X59.9709Y44.9649
G01 X59.9494Y44.9698
G01 X59.9285Y44.9767
G01 X59.8997Y44.9904
G01 X59.8816Y45.0016
G01 X59.8711Y45.0094
G01 X59.8545Y45.0239
G01 X59.8361Y45.0436
G01 X59.6637Y45.2537
G01 X59.4657Y45.4161
G01 X59.2399Y45.5369
G01 X58.9948Y45.6112
G01 X58.9798Y45.6128
G01 X58.9581Y45.6165
G01 X58.9262Y45.6254
G01 X58.7400Y45.6437
G01 X58.5538Y45.6254
G01 X58.5219Y45.6165
G01 X58.5002Y45.6128
G01 X58.4852Y45.6112
G01 X58.2401Y45.5369
G01 X58.0143Y45.4161
G01 X57.8163Y45.2537
G01 X57.6439Y45.0436
G01 X57.6325Y45.0308
G01 X57.6165Y45.0156
G01 X57.5909Y44.9967
G01 X57.5717Y44.9857
G01 X57.5515Y44.9767
G01 X57.5306Y44.9698
G01 X57.5103Y44.9650
G01 X57.4872Y44.9621
G01 X57.4651Y44.9615
G01 X57.4431Y44.9631
G01 X57.4309Y44.9649
G01 X57.4094Y44.9698
G01 X57.3885Y44.9767
G01 X57.3597Y44.9904
G01 X57.3416Y45.0016
G01 X57.3311Y45.0094
G01 X57.3145Y45.0239
G01 X57.2961Y45.0436
G01 X57.1237Y45.2537
G01 X56.9257Y45.4161
G01 X56.6999Y45.5369
G01 X56.4548Y45.6112
G01 X56.2000Y45.6363
G01 X55.9452Y45.6112
G01 X55.7001Y45.5369
G01 X55.4743Y45.4161
G01 X55.2763Y45.2537
G01 X55.1039Y45.0436
G01 X55.0855Y45.0239
G01 X55.0689Y45.0094
G01 X55.0590Y45.0021
G01 X55.0403Y44.9904
G01 X55.0206Y44.9805
G01 X55.0000Y44.9726
G01 X54.9787Y44.9668
G01 X54.9569Y44.9631
G01 X54.9251Y44.9615
G01 X54.9031Y44.9631
G01 X54.8909Y44.9649
G01 X54.8694Y44.9698
G01 X54.8485Y44.9767
G01 X54.8197Y44.9904
G01 X54.8016Y45.0016
G01 X54.7911Y45.0094
G01 X54.7745Y45.0239
G01 X54.7561Y45.0436
G01 X54.5837Y45.2537
G01 X54.3857Y45.4161
G01 X54.1599Y45.5369
G01 X53.9148Y45.6112
G01 X53.6600Y45.6363
G01 X53.4052Y45.6112
G01 X53.1601Y45.5369
G01 X53.1242Y45.5178
G01 X53.1032Y45.5085
G01 X52.8743Y45.3861
G01 X52.6763Y45.2237
G01 X52.5430Y45.0615
G01 X52.5279Y45.0454
G01 X52.5188Y45.0372
G01 X52.4932Y45.0182
G01 X52.4826Y45.0119
G01 X52.4629Y45.0020
G01 X52.4423Y44.9942
G01 X52.4126Y44.9866
G01 X52.3895Y44.9836
G01 X52.3674Y44.9830
G01 X52.3552Y44.9836
G01 X52.3333Y44.9864
G01 X52.3117Y44.9913
G01 X52.2817Y45.0020
G01 X52.2620Y45.0119
G01 X52.2440Y45.0232
G01 X52.2259Y45.0372
G01 X52.2098Y45.0524
G01 X52.1984Y45.0652
G01 X52.0437Y45.2537
G01 X51.8466Y45.4156
G01 X51.8305Y45.4308
G01 X51.8161Y45.4475
G01 X51.8088Y45.4573
G01 X51.7970Y45.4760
G01 X51.7834Y45.5048
G01 X51.7764Y45.5258
G01 X51.7718Y45.5456
G01 X51.7697Y45.5594
G01 X51.7681Y45.5912
G01 X51.7687Y45.6035
G01 X51.7715Y45.6254
G01 X51.7764Y45.6469
G01 X51.7871Y45.6769
G01 X51.7970Y45.6967
G01 X51.8083Y45.7147
G01 X51.8223Y45.7328
G01 X51.8339Y45.7454
G01 X52.9261Y46.8374
G01 X52.9428Y46.8519
G01 X52.9608Y46.8647
G01 X52.9800Y46.8756
G01 X53.0001Y46.8846
G01 X53.0211Y46.8916
G01 X53.0414Y46.8963
G01 X53.0645Y46.8992
G01 X53.0817Y46.9000
G01 X71.8169Y46.9000
G01 X71.8438Y46.8983
G01 X71.8560Y46.8965
G01 X71.8775Y46.8916
G01 X71.8984Y46.8846
G01 X71.9272Y46.8710
G01 X71.9452Y46.8597
G01 X71.9558Y46.8519
G01 X71.9760Y46.8341
G01 X80.3767Y38.4334
G01 X80.3945Y38.4131
G01 X80.4073Y38.3951
G01 X80.4136Y38.3846
G01 X80.4235Y38.3649
G01 X80.4342Y38.3348
G01 X80.4388Y38.3150
G01 X80.4409Y38.3012
G01 X80.4425Y38.2792
G01 X80.4409Y38.2473
G01 X80.4391Y38.2352
G01 X80.4342Y38.2137
G01 X80.4272Y38.1927
G01 X80.4182Y38.1726
G01 X80.4073Y38.1534
G01 X80.3883Y38.1278
G01 X80.3767Y38.1152
G01 X80.2902Y38.0287
G01 X80.1480Y37.8158
G01 X80.0500Y37.5792
G01 X80.0000Y37.3280
G01 X80.0000Y37.0720
G01 X80.0500Y36.8208
G01 X80.1480Y36.5842
G01 X80.2902Y36.3713
G01 X80.4713Y36.1902
G01 X80.6842Y36.0480
G01 X80.9208Y35.9500
G01 X81.1720Y35.9000
G01 X81.4280Y35.9000
G01 X81.6792Y35.9500
G01 X81.9158Y36.0480
G01 X82.1287Y36.1902
G01 X82.3098Y36.3713
G01 X82.3857Y36.4848
G01 X82.3993Y36.5022
G01 X82.4145Y36.5182
G01 X82.4235Y36.5265
G01 X82.4410Y36.5400
G01 X82.4597Y36.5518
G01 X82.4794Y36.5616
G01 X82.5000Y36.5695
G01 X82.5213Y36.5754
G01 X82.5431Y36.5791
G01 X82.5749Y36.5806
G01 X82.5872Y36.5800
G01 X82.6091Y36.5773
G01 X82.6306Y36.5724
G01 X82.6515Y36.5654
G01 X82.6803Y36.5518
G01 X82.6984Y36.5405
G01 X82.7089Y36.5327
G01 X82.7255Y36.5182
G01 X82.7469Y36.4946
G01 X82.7571Y36.4808
G01 X82.8302Y36.3713
G01 X83.0113Y36.1902
G01 X83.2242Y36.0480
G01 X83.4608Y35.9500
G01 X83.7120Y35.9000
G01 X83.9680Y35.9000
G01 X84.2192Y35.9500
G01 X84.4558Y36.0480
G01 X84.6687Y36.1902
G01 X84.8498Y36.3713
G01 X84.9229Y36.4808
G01 X84.9331Y36.4946
G01 X84.9545Y36.5182
G01 X84.9711Y36.5327
G01 X84.9810Y36.5400
G01 X84.9997Y36.5518
G01 X85.0194Y36.5616
G01 X85.0400Y36.5695
G01 X85.0613Y36.5754
G01 X85.0831Y36.5791
G01 X85.1149Y36.5806
G01 X85.1272Y36.5800
G01 X85.1491Y36.5773
G01 X85.1706Y36.5724
G01 X85.1915Y36.5654
G01 X85.2203Y36.5518
G01 X85.2384Y36.5405
G01 X85.2489Y36.5327
G01 X85.2655Y36.5182
G01 X85.2869Y36.4946
G01 X85.2971Y36.4808
G01 X85.3702Y36.3713
G01 X85.5513Y36.1902
G01 X85.7642Y36.0480
G01 X86.0008Y35.9500
G01 X86.2520Y35.9000
G01 X86.5080Y35.9000
G01 X86.7592Y35.9500
G01 X86.9958Y36.0480
G01 X87.2087Y36.1902
G01 X87.3898Y36.3713
G01 X87.4629Y36.4808
G01 X87.4731Y36.4946
G01 X87.4945Y36.5182
G01 X87.5111Y36.5327
G01 X87.5210Y36.5400
G01 X87.5397Y36.5518
G01 X87.5594Y36.5616
G01 X87.5800Y36.5695
G01 X87.6013Y36.5754
G01 X87.6231Y36.5791
G01 X87.6549Y36.5806
G01 X87.6672Y36.5800
G01 X87.6891Y36.5773
G01 X87.7106Y36.5724
G01 X87.7315Y36.5654
G01 X87.7603Y36.5518
G01 X87.7784Y36.5405
G01 X87.7889Y36.5327
G01 X87.8055Y36.5182
G01 X87.8269Y36.4946
G01 X87.8371Y36.4808
G01 X87.9102Y36.3713
G01 X88.0913Y36.1902
G01 X88.3042Y36.0480
G01 X88.5408Y35.9500
G01 X88.7920Y35.9000
G01 X89.0480Y35.9000
G01 X89.2992Y35.9500
G01 X89.5358Y36.0480
G01 X89.7487Y36.1902
G01 X89.9298Y36.3713
G01 X90.0029Y36.4808
G01 X90.0131Y36.4946
G01 X90.0345Y36.5182
G01 X90.0511Y36.5327
G01 X90.0610Y36.5400
G01 X90.0797Y36.5518
G01 X90.0994Y36.5616
G01 X90.1200Y36.5695
G01 X90.1413Y36.5754
G01 X90.1631Y36.5791
G01 X90.1949Y36.5806
G01 X90.2072Y36.5800
G01 X90.2291Y36.5773
G01 X90.2506Y36.5724
G01 X90.2715Y36.5654
G01 X90.3003Y36.5518
G01 X90.3184Y36.5405
G01 X90.3289Y36.5327
G01 X90.3455Y36.5182
G01 X90.3669Y36.4946
G01 X90.3771Y36.4808
G01 X90.4502Y36.3713
G01 X90.6313Y36.1902
G01 X90.8442Y36.0480
G01 X91.0808Y35.9500
G01 X91.3320Y35.9000
G01 X91.5880Y35.9000
G01 X91.8392Y35.9500
G01 X92.0758Y36.0480
G01 X92.2887Y36.1902
G01 X92.4698Y36.3713
G01 X92.5429Y36.4808
G01 X92.5531Y36.4946
G01 X92.5745Y36.5182
G01 X92.5911Y36.5327
G01 X92.6010Y36.5400
G01 X92.6197Y36.5518
G01 X92.6394Y36.5616
G01 X92.6600Y36.5695
G01 X92.6813Y36.5754
G01 X92.7031Y36.5791
G01 X92.7349Y36.5806
G01 X92.7472Y36.5800
G01 X92.7691Y36.5773
G01 X92.7906Y36.5724
G01 X92.8115Y36.5654
G01 X92.8403Y36.5518
G01 X92.8584Y36.5405
G01 X92.8689Y36.5327
G01 X92.8855Y36.5182
G01 X92.9069Y36.4946
G01 X92.9171Y36.4808
G01 X92.9902Y36.3713
G01 X93.1713Y36.1902
G01 X93.3842Y36.0480
G01 X93.6208Y35.9500
G01 X93.8720Y35.9000
G01 X94.1280Y35.9000
G01 X94.3792Y35.9500
G01 X94.6158Y36.0480
G01 X94.8287Y36.1902
G01 X95.0098Y36.3713
G01 X95.0829Y36.4808
G01 X95.0931Y36.4946
G01 X95.1145Y36.5182
G01 X95.1311Y36.5327
G01 X95.1410Y36.5400
G01 X95.1597Y36.5518
G01 X95.1794Y36.5616
G01 X95.2000Y36.5695
G01 X95.2213Y36.5754
G01 X95.2431Y36.5791
G01 X95.2749Y36.5806
G01 X95.2872Y36.5800
G01 X95.3091Y36.5773
G01 X95.3306Y36.5724
G01 X95.3515Y36.5654
G01 X95.3803Y36.5518
G01 X95.3984Y36.5405
G01 X95.4089Y36.5327
G01 X95.4255Y36.5182
G01 X95.4469Y36.4946
G01 X95.4571Y36.4808
G01 X95.5302Y36.3713
G01 X95.7113Y36.1902
G01 X95.9242Y36.0480
G01 X96.1608Y35.9500
G01 X96.4120Y35.9000
G01 X96.6680Y35.9000
G01 X96.9192Y35.9500
G01 X97.1558Y36.0480
G01 X97.3687Y36.1902
G01 X97.5498Y36.3713
G01 X97.6920Y36.5842
G01 X97.7900Y36.8208
G01 X97.8400Y37.0720
G01 X97.8400Y37.3280
G01 X97.7900Y37.5792
G01 X97.7705Y37.6264
G01 X97.7617Y37.6519
G01 X97.7570Y37.6722
G01 X97.7551Y37.6856
G01 X97.7535Y37.7076
G01 X97.7541Y37.7297
G01 X97.7569Y37.7516
G01 X97.7617Y37.7731
G01 X97.7687Y37.7940
G01 X97.7824Y37.8228
G01 X97.7936Y37.8408
G01 X97.8076Y37.8589
G01 X97.8193Y37.8716
G01 X101.4309Y41.4833
G01 X101.4473Y41.4981
G01 X101.4750Y41.5208
G01 X101.5937Y41.6655
G01 X101.6819Y41.8305
G01 X101.7363Y42.0096
G01 X101.7546Y42.1958
G01 X101.7511Y42.2315
G01 X101.7500Y42.2535
G01 X101.7500Y42.4936
G01 X101.7507Y42.5107
G01 X101.7535Y42.5326
G01 X101.7584Y42.5542
G01 X101.7654Y42.5751
G01 X101.7790Y42.6039
G01 X101.7879Y42.6186
G01 X101.8634Y42.7316
G01 X101.9539Y42.9500
G01 X102.0000Y43.1818
G01 X102.0000Y43.4182
G01 X101.9539Y43.6500
G01 X101.8634Y43.8684
G01 X101.7321Y44.0650
G01 X101.5650Y44.2321
G01 X101.3684Y44.3634
G01 X101.1500Y44.4539
G01 X100.9182Y44.5000
G01 X100.6818Y44.5000
G01 X100.4500Y44.4539
G01 X100.2316Y44.3634
G01 X100.0350Y44.2321
G01 X99.8679Y44.0650
G01 X99.8515Y44.0418
G01 X99.8371Y44.0251
G01 X99.8210Y44.0099
G01 X99.8036Y43.9964
G01 X99.7763Y43.9800
G01 X99.7561Y43.9710
G01 X99.7352Y43.9640
G01 X99.7153Y43.9594
G01 X99.7015Y43.9573
G01 X99.6697Y43.9557
G01 X99.6574Y43.9563
G01 X99.6355Y43.9591
G01 X99.6046Y43.9668
G01 X99.5931Y43.9710
G01 X99.5729Y43.9800
G01 X99.5462Y43.9959
G01 X99.5281Y44.0099
G01 X99.5155Y44.0215
G01 X99.3349Y44.2021
G01 X99.1384Y44.3334
G01 X98.9200Y44.4239
G01 X98.6882Y44.4700
G01 X98.4518Y44.4700
G01 X98.2199Y44.4239
G01 X98.0016Y44.3334
G01 X97.8050Y44.2021
G01 X97.6379Y44.0349
G01 X97.6220Y44.0124
G01 X97.6075Y43.9957
G01 X97.5915Y43.9806
G01 X97.5740Y43.9670
G01 X97.5467Y43.9507
G01 X97.5265Y43.9417
G01 X97.5056Y43.9347
G01 X97.4857Y43.9300
G01 X97.4719Y43.9280
G01 X97.4401Y43.9264
G01 X97.4279Y43.9270
G01 X97.4060Y43.9298
G01 X97.3750Y43.9375
G01 X97.3544Y43.9454
G01 X97.3347Y43.9553
G01 X97.3167Y43.9665
G01 X97.3062Y43.9743
G01 X97.2895Y43.9888
G01 X97.2681Y44.0124
G01 X97.2579Y44.0263
G01 X97.2321Y44.0650
G01 X97.0650Y44.2321
G01 X96.8684Y44.3634
G01 X96.6500Y44.4539
G01 X96.4182Y44.5000
G01 X96.1818Y44.5000
G01 X95.9500Y44.4539
G01 X95.7316Y44.3634
G01 X95.5350Y44.2321
G01 X95.3679Y44.0650
G01 X95.3371Y44.0188
G01 X95.3269Y44.0050
G01 X95.3125Y43.9883
G01 X95.2889Y43.9669
G01 X95.2790Y43.9596
G01 X95.2603Y43.9478
G01 X95.2406Y43.9380
G01 X95.2200Y43.9301
G01 X95.1987Y43.9242
G01 X95.1769Y43.9205
G01 X95.1451Y43.9190
G01 X95.1231Y43.9205
G01 X95.1013Y43.9242
G01 X95.0894Y43.9272
G01 X95.0685Y43.9342
G01 X95.0397Y43.9478
G01 X95.0216Y43.9591
G01 X95.0035Y43.9731
G01 X94.9875Y43.9883
G01 X94.9731Y44.0050
G01 X94.9629Y44.0188
G01 X94.9321Y44.0650
G01 X94.7650Y44.2321
G01 X94.5684Y44.3634
G01 X94.3500Y44.4539
G01 X94.1182Y44.5000
G01 X93.8818Y44.5000
G01 X93.6500Y44.4539
G01 X93.4316Y44.3634
G01 X93.2350Y44.2321
G01 X93.0679Y44.0650
G01 X92.9366Y43.8684
G01 X92.8461Y43.6500
G01 X92.8000Y43.4182
G01 X92.8000Y43.1818
G01 X92.8438Y42.9612
G01 X92.8465Y42.9393
G01 X92.8471Y42.9172
G01 X92.8465Y42.9050
G01 X92.8438Y42.8831
G01 X92.8389Y42.8615
G01 X92.8281Y42.8315
G01 X92.8229Y42.8204
G01 X92.8120Y42.8013
G01 X92.7930Y42.7757
G01 X92.7813Y42.7630
G01 X90.2573Y40.2390
G01 X90.2371Y40.2212
G01 X90.2272Y40.2139
G01 X90.2086Y40.2021
G01 X90.1888Y40.1922
G01 X90.1607Y40.1819
G01 X89.9957Y40.0937
G01 X89.8510Y39.9750
G01 X89.8283Y39.9473
G01 X89.8134Y39.9309
G01 X88.7791Y38.8966
G01 X88.7627Y38.8817
G01 X88.7350Y38.8590
G01 X88.6163Y38.7143
G01 X88.5281Y38.5493
G01 X88.5170Y38.5154
G01 X88.5034Y38.4866
G01 X88.4921Y38.4685
G01 X88.4843Y38.4580
G01 X88.4629Y38.4344
G01 X88.4538Y38.4262
G01 X88.4364Y38.4126
G01 X88.4091Y38.3963
G01 X88.3935Y38.3890
G01 X88.3042Y38.3520
G01 X88.0913Y38.2098
G01 X87.9102Y38.0287
G01 X87.8371Y37.9192
G01 X87.8269Y37.9054
G01 X87.8055Y37.8818
G01 X87.7889Y37.8673
G01 X87.7790Y37.8600
G01 X87.7603Y37.8482
G01 X87.7406Y37.8384
G01 X87.7200Y37.8305
G01 X87.6903Y37.8229
G01 X87.6672Y37.8200
G01 X87.6451Y37.8194
G01 X87.6231Y37.8209
G01 X87.6013Y37.8246
G01 X87.5894Y37.8276
G01 X87.5685Y37.8346
G01 X87.5397Y37.8482
G01 X87.5210Y37.8600
G01 X87.5111Y37.8673
G01 X87.4945Y37.8818
G01 X87.4793Y37.8978
G01 X87.4657Y37.9152
G01 X87.3898Y38.0287
G01 X87.2087Y38.2098
G01 X86.9958Y38.3520
G01 X86.7592Y38.4500
G01 X86.5080Y38.5000
G01 X86.2872Y38.5000
G01 X86.2700Y38.5007
G01 X86.2481Y38.5035
G01 X86.2266Y38.5084
G01 X86.2056Y38.5154
G01 X86.1855Y38.5244
G01 X86.1588Y38.5403
G01 X86.1407Y38.5543
G01 X86.1281Y38.5659
G01 X85.2311Y39.4628
G01 X85.2163Y39.4792
G01 X85.2014Y39.4974
G01 X85.0948Y39.5848
G01 X84.9732Y39.6498
G01 X84.8412Y39.6899
G01 X84.7040Y39.7034
G01 X84.6635Y39.7001
G01 X84.5773Y39.7000
G01 X84.5601Y39.7007
G01 X84.5382Y39.7035
G01 X84.5073Y39.7112
G01 X84.4958Y39.7154
G01 X84.4756Y39.7244
G01 X84.4489Y39.7403
G01 X84.4384Y39.7481
G01 X84.4217Y39.7625
G01 X74.0682Y50.1159
G01 X74.0566Y50.1285
G01 X74.0430Y50.1460
G01 X74.0267Y50.1733
G01 X74.0214Y50.1844
G01 X74.0135Y50.2050
G01 X74.0077Y50.2263
G01 X74.0040Y50.2481
G01 X74.0024Y50.2701
G01 X74.0030Y50.2922
G01 X74.0077Y50.3237
G01 X74.0107Y50.3356
G01 X74.0177Y50.3565
G01 X74.0267Y50.3767
G01 X74.0376Y50.3958
G01 X74.0503Y50.4139
G01 X74.0718Y50.4375
G01 X74.0884Y50.4519
G01 X74.0983Y50.4592
G01 X74.1170Y50.4710
G01 X74.1458Y50.4846
G01 X74.1667Y50.4916
G01 X74.1870Y50.4963
G01 X74.2004Y50.4983
G01 X74.2273Y50.5000
G01 X89.4009Y50.5000
G01 X89.4278Y50.4983
G01 X89.4399Y50.4965
G01 X89.4614Y50.4916
G01 X89.4914Y50.4809
G01 X89.5025Y50.4756
G01 X89.5217Y50.4647
G01 X89.5473Y50.4457
G01 X89.5600Y50.4341
G01 X90.3569Y49.6372
G01 X90.3717Y49.6208
G01 X90.3866Y49.6026
G01 X90.4932Y49.5152
G01 X90.6148Y49.4502
G01 X90.7468Y49.4101
G01 X90.8840Y49.3966
G01 X90.9074Y49.3989
G01 X90.9294Y49.4000
G01 X92.4706Y49.4000
G01 X92.4926Y49.3989
G01 X92.5160Y49.3966
G01 X92.5578Y49.4006
G01 X92.5799Y49.4012
G01 X92.6019Y49.3997
G01 X92.6141Y49.3979
G01 X92.6356Y49.3930
G01 X92.6656Y49.3822
G01 X92.6853Y49.3723
G01 X92.7034Y49.3611
G01 X92.7215Y49.3471
G01 X92.7375Y49.3319
G01 X92.7519Y49.3152
G01 X92.7647Y49.2972
G01 X92.7756Y49.2780
G01 X92.7846Y49.2579
G01 X92.7916Y49.2369
G01 X92.7965Y49.2154
G01 X92.7983Y49.2033
G01 X92.7999Y49.1812
G01 X92.8000Y48.9818
G01 X92.8461Y48.7500
G01 X92.9366Y48.5316
G01 X93.0679Y48.3350
G01 X93.2350Y48.1679
G01 X93.4316Y48.0366
G01 X93.6500Y47.9461
G01 X93.8818Y47.9000
G01 X94.1182Y47.9000
G01 X94.3500Y47.9461
G01 X94.5684Y48.0366
G01 X94.7650Y48.1679
G01 X94.9321Y48.3350
G01 X95.0634Y48.5316
G01 X95.1539Y48.7500
G01 X95.2000Y48.9818
G01 X95.2000Y49.2182
G01 X95.1539Y49.4500
G01 X95.0634Y49.6684
G01 X95.0464Y49.6941
G01 X95.0355Y49.7132
G01 X95.0265Y49.7334
G01 X95.0195Y49.7543
G01 X95.0149Y49.7742
G01 X95.0128Y49.7880
G01 X95.0113Y49.8198
G01 X95.0128Y49.8418
G01 X95.0146Y49.8540
G01 X95.0224Y49.8849
G01 X95.0303Y49.9055
G01 X95.0401Y49.9253
G01 X95.0514Y49.9433
G01 X95.0592Y49.9538
G01 X95.0737Y49.9705
G01 X95.5407Y50.4375
G01 X95.5573Y50.4519
G01 X95.5754Y50.4647
G01 X95.5859Y50.4710
G01 X95.6056Y50.4809
G01 X95.6356Y50.4916
G01 X95.6555Y50.4963
G01 X95.6693Y50.4983
G01 X95.6962Y50.5000
G01 X102.8218Y50.5000
G01 X102.8488Y50.4983
G01 X102.8705Y50.4946
G01 X102.8918Y50.4888
G01 X102.9124Y50.4809
G01 X102.9322Y50.4710
G01 X102.9502Y50.4597
G01 X102.9607Y50.4519
G01 X103.0252Y50.3992
G01 X103.1497Y50.3325
G01 X103.1678Y50.3212
G01 X103.1859Y50.3072
G01 X103.1985Y50.2956
G01 X103.8569Y49.6372
G01 X103.8717Y49.6208
G01 X103.8866Y49.6026
G01 X103.9932Y49.5152
G01 X104.1148Y49.4502
G01 X104.2468Y49.4101
G01 X104.3840Y49.3966
G01 X104.4074Y49.3989
G01 X104.4294Y49.4000
G01 X105.9706Y49.4000
G01 X105.9926Y49.3989
G01 X106.0160Y49.3966
G01 X106.1532Y49.4101
G01 X106.2852Y49.4502
G01 X106.4068Y49.5152
G01 X106.5134Y49.6026
G01 X106.5283Y49.6208
G01 X106.5431Y49.6371
G01 X107.3628Y50.4569
G01 X107.3792Y50.4717
G01 X107.3974Y50.4866
G01 X107.4848Y50.5932
G01 X107.5498Y50.7148
G01 X107.5588Y50.7417
G01 X107.5724Y50.7705
G01 X107.5837Y50.7885
G01 X107.5914Y50.7991
G01 X107.6059Y50.8157
G01 X108.3241Y51.5341
G01 X108.3367Y51.5457
G01 X108.3542Y51.5592
G01 X108.3728Y51.5710
G01 X108.3926Y51.5809
G01 X108.4132Y51.5887
G01 X108.4345Y51.5946
G01 X108.4563Y51.5983
G01 X108.4832Y51.6000
G01 X112.6943Y51.6000
G01 X112.7163Y51.5989
G01 X112.7397Y51.5966
G01 X112.8769Y51.6101
G01 X113.0089Y51.6501
G01 X113.1305Y51.7151
G01 X113.2371Y51.8026
G01 X113.2520Y51.8208
G01 X113.2668Y51.8371
G01 X114.1638Y52.7341
G01 X114.1840Y52.7519
G01 X114.2020Y52.7647
G01 X114.2125Y52.7710
G01 X114.2323Y52.7809
G01 X114.2529Y52.7888
G01 X114.2822Y52.7962
G01 X114.3057Y52.7993
G01 X114.3229Y52.8000
G01 X114.7372Y52.8000
G01 X114.7593Y52.7989
G01 X114.7827Y52.7966
G01 X114.9199Y52.8101
G01 X115.0518Y52.8501
G01 X115.1734Y52.9151
G01 X115.2800Y53.0026
G01 X115.2949Y53.0208
G01 X115.3097Y53.0371
G01 X116.2067Y53.9341
G01 X116.2269Y53.9519
G01 X116.2449Y53.9647
G01 X116.2555Y53.9710
G01 X116.2752Y53.9809
G01 X116.3052Y53.9916
G01 X116.3267Y53.9965
G01 X116.3389Y53.9983
G01 X116.3609Y53.9999
G01 X116.8546Y54.0000
G01 X116.8766Y53.9989
G01 X116.9000Y53.9966
G01 X117.0372Y54.0101
G01 X117.1692Y54.0501
G01 X117.2908Y54.1151
G01 X117.3974Y54.2026
G01 X117.4123Y54.2208
G01 X117.4271Y54.2371
G01 X118.3296Y55.1397
G01 X118.3422Y55.1513
G01 X118.3597Y55.1648
G01 X118.3784Y55.1766
G01 X118.4072Y55.1902
G01 X118.4281Y55.1972
G01 X118.4484Y55.2019
G01 X118.4618Y55.2039
G01 X118.4838Y55.2054
G01 X118.5059Y55.2048
G01 X118.6200Y55.1937
G01 X118.8748Y55.2188
G01 X119.1199Y55.2931
G01 X119.3457Y55.4139
G01 X119.5437Y55.5763
G01 X119.7161Y55.7864
G01 X119.7275Y55.7992
G01 X119.7435Y55.8144
G01 X119.7691Y55.8333
G01 X119.7797Y55.8396
G01 X119.7994Y55.8495
G01 X119.8294Y55.8602
G01 X119.8493Y55.8649
G01 X119.8631Y55.8669
G01 X119.8851Y55.8685
G01 X119.9072Y55.8679
G01 X119.9387Y55.8632
G01 X119.9600Y55.8574
G01 X119.9806Y55.8495
G01 X120.0003Y55.8396
G01 X120.0184Y55.8284
G01 X120.0365Y55.8144
G01 X120.0525Y55.7992
G01 X120.0607Y55.7901
G01 X120.2363Y55.5763
G01 X120.4343Y55.4139
G01 X120.6601Y55.2931
G01 X120.9052Y55.2188
G01 X121.1600Y55.1937
G01 X121.4148Y55.2188
G01 X121.6599Y55.2931
G01 X121.8857Y55.4139
G01 X122.0837Y55.5763
G01 X122.2561Y55.7864
G01 X122.2745Y55.8061
G01 X122.2911Y55.8206
G01 X122.3010Y55.8279
G01 X122.3197Y55.8396
G01 X122.3485Y55.8533
G01 X122.3694Y55.8602
G01 X122.3893Y55.8649
G01 X122.4031Y55.8669
G01 X122.4251Y55.8685
G01 X122.4569Y55.8669
G01 X122.4787Y55.8632
G01 X122.5000Y55.8574
G01 X122.5206Y55.8495
G01 X122.5403Y55.8396
G01 X122.5584Y55.8284
G01 X122.5689Y55.8206
G01 X122.5855Y55.8061
G01 X122.6039Y55.7864
G01 X122.7763Y55.5763
G01 X122.9743Y55.4139
G01 X123.2001Y55.2931
G01 X123.4452Y55.2188
G01 X123.7000Y55.1937
G01 X123.9548Y55.2188
G01 X124.1999Y55.2931
G01 X124.4257Y55.4139
G01 X124.6237Y55.5763
G01 X124.7961Y55.7864
G01 X124.8145Y55.8061
G01 X124.8311Y55.8206
G01 X124.8410Y55.8279
G01 X124.8597Y55.8396
G01 X124.8885Y55.8533
G01 X124.9094Y55.8602
G01 X124.9293Y55.8649
G01 X124.9431Y55.8669
G01 X124.9651Y55.8685
G01 X124.9969Y55.8669
G01 X125.0187Y55.8632
G01 X125.0400Y55.8574
G01 X125.0606Y55.8495
G01 X125.0803Y55.8396
G01 X125.0984Y55.8284
G01 X125.1089Y55.8206
G01 X125.1255Y55.8061
G01 X125.1439Y55.7864
G01 X125.3163Y55.5763
G01 X125.5143Y55.4139
G01 X125.7401Y55.2931
G01 X125.9852Y55.2188
G01 X126.2400Y55.1937
G01 X126.4948Y55.2188
G01 X126.7399Y55.2931
G01 X126.9657Y55.4139
G01 X127.1637Y55.5763
G01 X127.3361Y55.7864
G01 X127.3545Y55.8061
G01 X127.3711Y55.8206
G01 X127.3810Y55.8279
G01 X127.3997Y55.8396
G01 X127.4285Y55.8533
G01 X127.4494Y55.8602
G01 X127.4693Y55.8649
G01 X127.4831Y55.8669
G01 X127.5051Y55.8685
G01 X127.5369Y55.8669
G01 X127.5587Y55.8632
G01 X127.5800Y55.8574
G01 X127.6006Y55.8495
G01 X127.6203Y55.8396
G01 X127.6384Y55.8284
G01 X127.6489Y55.8206
G01 X127.6655Y55.8061
G01 X127.6839Y55.7864
G01 X127.8563Y55.5763
G01 X128.0543Y55.4139
G01 X128.2801Y55.2931
G01 X128.5252Y55.2188
G01 X128.7800Y55.1937
G01 X129.0348Y55.2188
G01 X129.2799Y55.2931
G01 X129.5057Y55.4139
G01 X129.7037Y55.5763
G01 X129.8761Y55.7864
G01 X129.8945Y55.8061
G01 X129.9111Y55.8206
G01 X129.9210Y55.8279
G01 X129.9397Y55.8396
G01 X129.9685Y55.8533
G01 X129.9894Y55.8602
G01 X130.0093Y55.8649
G01 X130.0231Y55.8669
G01 X130.0451Y55.8685
G01 X130.0769Y55.8669
G01 X130.0987Y55.8632
G01 X130.1200Y55.8574
G01 X130.1406Y55.8495
G01 X130.1603Y55.8396
G01 X130.1784Y55.8284
G01 X130.1889Y55.8206
G01 X130.2055Y55.8061
G01 X130.2239Y55.7864
G01 X130.3963Y55.5763
G01 X130.5943Y55.4139
G01 X130.8201Y55.2931
G01 X131.0652Y55.2188
G01 X131.3200Y55.1937
G01 X131.5748Y55.2188
G01 X131.8199Y55.2931
G01 X132.0457Y55.4139
G01 X132.2437Y55.5763
G01 X132.4161Y55.7864
G01 X132.4345Y55.8061
G01 X132.4511Y55.8206
G01 X132.4610Y55.8279
G01 X132.4797Y55.8396
G01 X132.5085Y55.8533
G01 X132.5294Y55.8602
G01 X132.5497Y55.8650
G01 X132.5631Y55.8669
G01 X132.5851Y55.8685
G01 X132.6169Y55.8669
G01 X132.6387Y55.8632
G01 X132.6600Y55.8574
G01 X132.6806Y55.8495
G01 X132.7003Y55.8396
G01 X132.7184Y55.8284
G01 X132.7289Y55.8206
G01 X132.7455Y55.8061
G01 X132.7639Y55.7864
G01 X132.9363Y55.5763
G01 X133.1343Y55.4139
G01 X133.3601Y55.2931
G01 X133.6052Y55.2188
G01 X133.8600Y55.1937
G01 X134.1148Y55.2188
G01 X134.3599Y55.2931
G01 X134.5857Y55.4139
G01 X134.7837Y55.5763
G01 X134.9561Y55.7864
G01 X134.9745Y55.8061
G01 X134.9911Y55.8206
G01 X135.0010Y55.8279
G01 X135.0197Y55.8396
G01 X135.0485Y55.8533
G01 X135.0694Y55.8602
G01 X135.0897Y55.8650
G01 X135.1031Y55.8669
G01 X135.1251Y55.8685
G01 X135.1569Y55.8669
G01 X135.1787Y55.8632
G01 X135.2000Y55.8574
G01 X135.2206Y55.8495
G01 X135.2403Y55.8396
G01 X135.2584Y55.8284
G01 X135.2689Y55.8206
G01 X135.2855Y55.8061
G01 X135.3039Y55.7864
G01 X135.4763Y55.5763
G01 X135.6743Y55.4139
G01 X135.9001Y55.2931
G01 X136.1452Y55.2188
G01 X136.4000Y55.1937
G01 X136.6548Y55.2188
G01 X136.8999Y55.2931
G01 X137.1257Y55.4139
G01 X137.3237Y55.5763
G01 X137.4961Y55.7864
G01 X137.5145Y55.8061
G01 X137.5311Y55.8206
G01 X137.5410Y55.8279
G01 X137.5597Y55.8396
G01 X137.5885Y55.8533
G01 X137.6094Y55.8602
G01 X137.6297Y55.8650
G01 X137.6431Y55.8669
G01 X137.6651Y55.8685
G01 X137.6969Y55.8669
G01 X137.7187Y55.8632
G01 X137.7400Y55.8574
G01 X137.7606Y55.8495
G01 X137.7803Y55.8396
G01 X137.7984Y55.8284
G01 X137.8089Y55.8206
G01 X137.8255Y55.8061
G01 X137.8439Y55.7864
G01 X138.0163Y55.5763
G01 X138.2143Y55.4139
G01 X138.4401Y55.2931
G01 X138.6852Y55.2188
G01 X138.9400Y55.1937
G01 X139.1948Y55.2188
G01 X139.4399Y55.2931
G01 X139.6657Y55.4139
G01 X139.8637Y55.5763
G01 X140.0361Y55.7864
G01 X140.0545Y55.8061
G01 X140.0711Y55.8206
G01 X140.0810Y55.8279
G01 X140.0997Y55.8396
G01 X140.1285Y55.8533
G01 X140.1494Y55.8602
G01 X140.1693Y55.8649
G01 X140.1831Y55.8669
G01 X140.2051Y55.8685
G01 X140.2272Y55.8679
G01 X140.2491Y55.8651
G01 X140.2706Y55.8602
G01 X140.2915Y55.8533
G01 X140.3117Y55.8443
G01 X140.3309Y55.8333
G01 X140.3565Y55.8144
G01 X140.3725Y55.7992
G01 X140.3839Y55.7864
G01 X140.5563Y55.5763
G01 X140.7543Y55.4139
G01 X140.9801Y55.2931
G01 X141.2252Y55.2188
G01 X141.4800Y55.1937
G01 X141.7348Y55.2188
G01 X141.9799Y55.2931
G01 X142.2057Y55.4139
G01 X142.4037Y55.5763
G01 X142.5761Y55.7864
G01 X142.5945Y55.8061
G01 X142.6111Y55.8206
G01 X142.6210Y55.8279
G01 X142.6397Y55.8396
G01 X142.6685Y55.8533
G01 X142.6894Y55.8602
G01 X142.7093Y55.8649
G01 X142.7231Y55.8669
G01 X142.7451Y55.8685
G01 X142.7769Y55.8669
G01 X142.7987Y55.8632
G01 X142.8200Y55.8574
G01 X142.8406Y55.8495
G01 X142.8603Y55.8396
G01 X142.8784Y55.8284
G01 X142.8889Y55.8206
G01 X142.9055Y55.8061
G01 X142.9239Y55.7864
G01 X143.0963Y55.5763
G01 X143.2943Y55.4139
G01 X143.5201Y55.2931
G01 X143.7652Y55.2188
G01 X144.0200Y55.1937
G01 X144.2748Y55.2188
G01 X144.5199Y55.2931
G01 X144.7457Y55.4139
G01 X144.9437Y55.5763
G01 X145.1061Y55.7743
G01 X145.2269Y56.0001
G01 X145.3012Y56.2452
G01 X145.3200Y56.4361
G01 X145.3200Y57.8339
G01 X145.3012Y58.0248
G01 X145.2269Y58.2699
G01 X145.1061Y58.4957
G01 X144.9437Y58.6937
G01 X144.7457Y58.8561
G01 X144.5199Y58.9769
G01 X144.2748Y59.0512
G01 X144.0200Y59.0763
G01 X143.7652Y59.0512
G01 X143.5201Y58.9769
G01 X143.2943Y58.8561
G01 X143.0963Y58.6937
G01 X142.9239Y58.4836
G01 X142.9055Y58.4639
G01 X142.8889Y58.4494
G01 X142.8790Y58.4421
G01 X142.8603Y58.4304
G01 X142.8406Y58.4205
G01 X142.8200Y58.4126
G01 X142.7903Y58.4050
G01 X142.7769Y58.4031
G01 X142.7549Y58.4015
G01 X142.7328Y58.4021
G01 X142.7109Y58.4049
G01 X142.6800Y58.4126
G01 X142.6685Y58.4167
G01 X142.6483Y58.4257
G01 X142.6291Y58.4367
G01 X142.6111Y58.4494
G01 X142.5945Y58.4639
G01 X142.5761Y58.4836
G01 X142.4037Y58.6937
G01 X142.2057Y58.8561
G01 X141.9799Y58.9769
G01 X141.7348Y59.0512
G01 X141.4800Y59.0763
G01 X141.2252Y59.0512
G01 X140.9801Y58.9769
G01 X140.7543Y58.8561
G01 X140.5563Y58.6937
G01 X140.3839Y58.4836
G01 X140.3655Y58.4639
G01 X140.3489Y58.4494
G01 X140.3390Y58.4421
G01 X140.3203Y58.4304
G01 X140.3006Y58.4205
G01 X140.2800Y58.4126
G01 X140.2503Y58.4050
G01 X140.2369Y58.4031
G01 X140.2149Y58.4015
G01 X140.1928Y58.4021
G01 X140.1709Y58.4049
G01 X140.1400Y58.4126
G01 X140.1285Y58.4167
G01 X140.1083Y58.4257
G01 X140.0891Y58.4367
G01 X140.0711Y58.4494
G01 X140.0545Y58.4639
G01 X140.0361Y58.4836
G01 X139.8637Y58.6937
G01 X139.6657Y58.8561
G01 X139.4399Y58.9769
G01 X139.1948Y59.0512
G01 X138.9400Y59.0763
G01 X138.6852Y59.0512
G01 X138.4401Y58.9769
G01 X138.2143Y58.8561
G01 X138.0163Y58.6937
G01 X137.8439Y58.4836
G01 X137.8255Y58.4639
G01 X137.8089Y58.4494
G01 X137.7990Y58.4421
G01 X137.7803Y58.4304
G01 X137.7606Y58.4205
G01 X137.7400Y58.4126
G01 X137.7103Y58.4050
G01 X137.6969Y58.4031
G01 X137.6749Y58.4015
G01 X137.6528Y58.4021
G01 X137.6309Y58.4049
G01 X137.6000Y58.4126
G01 X137.5885Y58.4167
G01 X137.5683Y58.4257
G01 X137.5491Y58.4367
G01 X137.5311Y58.4494
G01 X137.5145Y58.4639
G01 X137.4961Y58.4836
G01 X137.3237Y58.6937
G01 X137.1257Y58.8561
G01 X136.8999Y58.9769
G01 X136.6548Y59.0512
G01 X136.4000Y59.0763
G01 X136.1452Y59.0512
G01 X135.9001Y58.9769
G01 X135.6743Y58.8561
G01 X135.4763Y58.6937
G01 X135.3039Y58.4836
G01 X135.2925Y58.4708
G01 X135.2765Y58.4556
G01 X135.2509Y58.4367
G01 X135.2317Y58.4257
G01 X135.2115Y58.4167
G01 X135.2000Y58.4126
G01 X135.1787Y58.4068
G01 X135.1472Y58.4021
G01 X135.1251Y58.4015
G01 X135.1031Y58.4031
G01 X135.0909Y58.4049
G01 X135.0694Y58.4098
G01 X135.0394Y58.4205
G01 X135.0197Y58.4304
G01 X135.0016Y58.4416
G01 X134.9835Y58.4556
G01 X134.9675Y58.4708
G01 X134.9593Y58.4799
G01 X134.7837Y58.6937
G01 X134.5857Y58.8561
G01 X134.3599Y58.9769
G01 X134.1148Y59.0512
G01 X133.8600Y59.0763
G01 X133.6052Y59.0512
G01 X133.3601Y58.9769
G01 X133.1343Y58.8561
G01 X132.9363Y58.6937
G01 X132.7639Y58.4836
G01 X132.7525Y58.4708
G01 X132.7365Y58.4556
G01 X132.7109Y58.4367
G01 X132.6917Y58.4257
G01 X132.6715Y58.4167
G01 X132.6600Y58.4126
G01 X132.6387Y58.4068
G01 X132.6072Y58.4021
G01 X132.5851Y58.4015
G01 X132.5631Y58.4031
G01 X132.5509Y58.4049
G01 X132.5294Y58.4098
G01 X132.4994Y58.4205
G01 X132.4797Y58.4304
G01 X132.4616Y58.4416
G01 X132.4435Y58.4556
G01 X132.4275Y58.4708
G01 X132.4193Y58.4799
G01 X132.2437Y58.6937
G01 X132.0457Y58.8561
G01 X131.8199Y58.9769
G01 X131.5748Y59.0512
G01 X131.3200Y59.0763
G01 X131.0652Y59.0512
G01 X130.8201Y58.9769
G01 X130.5943Y58.8561
G01 X130.3963Y58.6937
G01 X130.2239Y58.4836
G01 X130.2125Y58.4708
G01 X130.1965Y58.4556
G01 X130.1709Y58.4367
G01 X130.1603Y58.4304
G01 X130.1406Y58.4205
G01 X130.1106Y58.4098
G01 X130.0903Y58.4050
G01 X130.0769Y58.4031
G01 X130.0451Y58.4015
G01 X130.0231Y58.4031
G01 X130.0013Y58.4068
G01 X129.9800Y58.4126
G01 X129.9594Y58.4205
G01 X129.9397Y58.4304
G01 X129.9216Y58.4416
G01 X129.9035Y58.4556
G01 X129.8875Y58.4708
G01 X129.8793Y58.4799
G01 X129.7037Y58.6937
G01 X129.5057Y58.8561
G01 X129.2799Y58.9769
G01 X129.0348Y59.0512
G01 X128.7800Y59.0763
G01 X128.5252Y59.0512
G01 X128.2801Y58.9769
G01 X128.0543Y58.8561
G01 X127.8563Y58.6937
G01 X127.6839Y58.4836
G01 X127.6655Y58.4639
G01 X127.6489Y58.4494
G01 X127.6390Y58.4421
G01 X127.6203Y58.4304
G01 X127.6006Y58.4205
G01 X127.5706Y58.4098
G01 X127.5503Y58.4050
G01 X127.5272Y58.4021
G01 X127.5051Y58.4015
G01 X127.4831Y58.4031
G01 X127.4709Y58.4049
G01 X127.4494Y58.4098
G01 X127.4285Y58.4167
G01 X127.4083Y58.4257
G01 X127.3891Y58.4367
G01 X127.3635Y58.4556
G01 X127.3475Y58.4708
G01 X127.3393Y58.4799
G01 X127.2411Y58.5994
G01 X127.2253Y58.6213
G01 X127.2190Y58.6318
G01 X127.2091Y58.6515
G01 X127.1984Y58.6815
G01 X127.1935Y58.7031
G01 X127.1917Y58.7152
G01 X127.1901Y58.7372
G01 X127.1900Y59.3533
G01 X127.1907Y59.3705
G01 X127.1935Y59.3924
G01 X127.1984Y59.4139
G01 X127.2054Y59.4348
G01 X127.2144Y59.4550
G01 X127.2253Y59.4742
G01 X127.2443Y59.4998
G01 X127.2559Y59.5124
G01 X135.3309Y67.5874
G01 X135.3473Y67.6023
G01 X135.3750Y67.6250
G01 X135.4937Y67.7697
G01 X135.5819Y67.9347
G01 X135.6363Y68.1138
G01 X135.6546Y68.3000
G01 X135.6511Y68.3357
G01 X135.6500Y68.3577
G01 X135.6500Y78.0423
G01 X135.6511Y78.0643
G01 X135.6546Y78.1000
G01 X135.6363Y78.2862
G01 X135.5819Y78.4653
G01 X135.4937Y78.6303
G01 X135.3750Y78.7750
G01 X135.3473Y78.7977
G01 X135.3309Y78.8126
G01 X130.2138Y83.9299
G01 X130.2055Y83.9390
G01 X130.1920Y83.9564
G01 X130.1802Y83.9751
G01 X130.1704Y83.9949
G01 X130.1596Y84.0249
G01 X130.1539Y84.0500
G01 X130.0634Y84.2684
G01 X129.9321Y84.4650
G01 X129.7650Y84.6321
G01 X129.5684Y84.7634
G01 X129.3500Y84.8539
G01 X129.1182Y84.9000
G01 X128.8818Y84.9000
G01 X128.6500Y84.8539
G01 X128.4316Y84.7634
G01 X128.2350Y84.6321
G01 X128.0679Y84.4650
G01 X127.9366Y84.2684
G01 X127.8461Y84.0500
G01 X127.8000Y83.8182
G01 X127.8000Y83.5818
G01 X127.8461Y83.3500
G01 X127.9366Y83.1316
G01 X128.0679Y82.9350
G01 X128.2350Y82.7679
G01 X128.4316Y82.6366
G01 X128.6500Y82.5461
G01 X128.9120Y82.4946
G01 X128.9333Y82.4888
G01 X128.9539Y82.4809
G01 X128.9736Y82.4710
G01 X128.9923Y82.4593
G01 X129.0022Y82.4519
G01 X129.0188Y82.4375
G01 X133.6841Y77.7724
G01 X133.7019Y77.7522
G01 X133.7093Y77.7423
G01 X133.7210Y77.7236
G01 X133.7346Y77.6948
G01 X133.7416Y77.6739
G01 X133.7463Y77.6536
G01 X133.7483Y77.6402
G01 X133.7500Y77.6133
G01 X133.7500Y68.7867
G01 X133.7483Y68.7598
G01 X133.7465Y68.7476
G01 X133.7416Y68.7261
G01 X133.7309Y68.6961
G01 X133.7256Y68.6850
G01 X133.7147Y68.6658
G01 X133.7019Y68.6478
G01 X133.6841Y68.6276
G01 X125.4691Y60.4126
G01 X125.4527Y60.3977
G01 X125.4250Y60.3750
G01 X125.3063Y60.2303
G01 X125.2181Y60.0653
G01 X125.1637Y59.8862
G01 X125.1454Y59.7000
G01 X125.1637Y59.5138
G01 X125.2181Y59.3347
G01 X125.2634Y59.2498
G01 X125.2709Y59.2343
G01 X125.2816Y59.2043
G01 X125.2863Y59.1844
G01 X125.2883Y59.1707
G01 X125.2900Y59.1438
G01 X125.2900Y58.7421
G01 X125.2893Y58.7250
G01 X125.2846Y58.6934
G01 X125.2788Y58.6722
G01 X125.2746Y58.6606
G01 X125.2656Y58.6404
G01 X125.2497Y58.6138
G01 X125.2389Y58.5994
G01 X125.1439Y58.4836
G01 X125.1325Y58.4708
G01 X125.1089Y58.4494
G01 X125.0990Y58.4421
G01 X125.0803Y58.4304
G01 X125.0515Y58.4167
G01 X125.0400Y58.4126
G01 X125.0187Y58.4068
G01 X124.9969Y58.4031
G01 X124.9651Y58.4015
G01 X124.9431Y58.4031
G01 X124.9309Y58.4049
G01 X124.9094Y58.4098
G01 X124.8794Y58.4205
G01 X124.8683Y58.4257
G01 X124.8491Y58.4367
G01 X124.8235Y58.4556
G01 X124.8075Y58.4708
G01 X124.7993Y58.4799
G01 X124.6237Y58.6937
G01 X124.4257Y58.8561
G01 X124.1999Y58.9769
G01 X123.9548Y59.0512
G01 X123.7000Y59.0763
G01 X123.4452Y59.0512
G01 X123.2001Y58.9769
G01 X122.9743Y58.8561
G01 X122.7763Y58.6937
G01 X122.6039Y58.4836
G01 X122.5855Y58.4639
G01 X122.5689Y58.4494
G01 X122.5590Y58.4421
G01 X122.5403Y58.4304
G01 X122.5206Y58.4205
G01 X122.5000Y58.4126
G01 X122.4703Y58.4050
G01 X122.4569Y58.4031
G01 X122.4349Y58.4015
G01 X122.4128Y58.4021
G01 X122.3909Y58.4049
G01 X122.3600Y58.4126
G01 X122.3485Y58.4167
G01 X122.3283Y58.4257
G01 X122.3091Y58.4367
G01 X122.2911Y58.4494
G01 X122.2745Y58.4639
G01 X122.2561Y58.4836
G01 X122.0837Y58.6937
G01 X121.8857Y58.8561
G01 X121.6599Y58.9769
G01 X121.4148Y59.0512
G01 X121.1600Y59.0763
G01 X120.9052Y59.0512
G01 X120.6601Y58.9769
G01 X120.4343Y58.8561
G01 X120.2363Y58.6937
G01 X120.0639Y58.4836
G01 X120.0455Y58.4639
G01 X120.0289Y58.4494
G01 X120.0190Y58.4421
G01 X120.0003Y58.4304
G01 X119.9806Y58.4205
G01 X119.9600Y58.4126
G01 X119.9303Y58.4050
G01 X119.9169Y58.4031
G01 X119.8949Y58.4015
G01 X119.8728Y58.4021
G01 X119.8509Y58.4049
G01 X119.8200Y58.4126
G01 X119.8085Y58.4167
G01 X119.7883Y58.4257
G01 X119.7691Y58.4367
G01 X119.7511Y58.4494
G01 X119.7345Y58.4639
G01 X119.7161Y58.4836
G01 X119.5437Y58.6937
G01 X119.3457Y58.8561
G01 X119.1199Y58.9769
G01 X118.8748Y59.0512
G01 X118.6200Y59.0763
G01 X118.3652Y59.0512
G01 X118.1201Y58.9769
G01 X117.8943Y58.8561
G01 X117.6963Y58.6937
G01 X117.5239Y58.4836
G01 X117.5055Y58.4639
G01 X117.4889Y58.4494
G01 X117.4790Y58.4421
G01 X117.4603Y58.4304
G01 X117.4406Y58.4205
G01 X117.4200Y58.4126
G01 X117.3903Y58.4050
G01 X117.3769Y58.4031
G01 X117.3549Y58.4015
G01 X117.3328Y58.4021
G01 X117.3109Y58.4049
G01 X117.2894Y58.4098
G01 X117.2685Y58.4167
G01 X117.2397Y58.4304
G01 X117.2216Y58.4416
G01 X117.2035Y58.4556
G01 X117.1875Y58.4708
G01 X117.1761Y58.4836
G01 X117.0037Y58.6937
G01 X116.8057Y58.8561
G01 X116.5799Y58.9769
G01 X116.3348Y59.0512
G01 X116.0800Y59.0763
G01 X115.8252Y59.0512
G01 X115.5801Y58.9769
G01 X115.3543Y58.8561
G01 X115.1563Y58.6937
G01 X114.9839Y58.4836
G01 X114.9655Y58.4639
G01 X114.9489Y58.4494
G01 X114.9390Y58.4421
G01 X114.9203Y58.4304
G01 X114.9006Y58.4205
G01 X114.8800Y58.4126
G01 X114.8503Y58.4050
G01 X114.8369Y58.4031
G01 X114.8149Y58.4015
G01 X114.7928Y58.4021
G01 X114.7709Y58.4049
G01 X114.7400Y58.4126
G01 X114.7285Y58.4167
G01 X114.7083Y58.4257
G01 X114.6891Y58.4367
G01 X114.6711Y58.4494
G01 X114.6545Y58.4639
G01 X114.6361Y58.4836
G01 X114.4637Y58.6937
G01 X114.2657Y58.8561
G01 X114.0399Y58.9769
G01 X113.7948Y59.0512
G01 X113.5400Y59.0763
G01 X113.2852Y59.0512
G01 X113.0401Y58.9769
G01 X112.8143Y58.8561
G01 X112.6163Y58.6937
G01 X112.4539Y58.4957
G01 X112.3331Y58.2699
G01 X112.2588Y58.0248
G01 X112.2400Y57.8339
G01 X112.2400Y56.4361
G01 X112.2521Y56.3128
G01 X112.2531Y56.2859
G01 X112.2515Y56.2639
G01 X112.2497Y56.2517
G01 X112.2448Y56.2302
G01 X112.2341Y56.2002
G01 X112.2289Y56.1891
G01 X112.2179Y56.1699
G01 X112.2052Y56.1519
G01 X112.1907Y56.1352
G01 X112.1157Y56.0600
G01 X112.1067Y56.0363
G01 X112.0559Y55.9301
G01 X111.9954Y55.8300
G01 X111.9244Y55.7350
G01 X111.8450Y55.6481
G01 X111.7650Y55.5756
G01 X111.6707Y55.5051
G01 X111.5613Y55.4395
G01 X111.4637Y55.3933
G01 X111.3530Y55.3532
G01 X111.2293Y55.3222
G01 X111.1225Y55.3064
G01 X111.0049Y55.3001
G01 X110.8873Y55.3054
G01 X110.7611Y55.3241
G01 X110.6564Y55.3504
G01 X110.5454Y55.3896
G01 X110.4387Y55.4395
G01 X110.4173Y55.4518
G01 X110.2916Y55.4899
G01 X110.1888Y55.5000
G01 X94.7902Y55.5000
G01 X94.7731Y55.5007
G01 X94.7512Y55.5035
G01 X94.7297Y55.5084
G01 X94.7087Y55.5154
G01 X94.6886Y55.5244
G01 X94.6694Y55.5353
G01 X94.6514Y55.5481
G01 X94.6347Y55.5625
G01 X94.6195Y55.5786
G01 X94.6060Y55.5960
G01 X94.5942Y55.6147
G01 X94.5844Y55.6344
G01 X94.5736Y55.6644
G01 X94.5690Y55.6843
G01 X94.5660Y55.7079
G01 X94.5654Y55.7299
G01 X94.5669Y55.7519
G01 X94.5687Y55.7641
G01 X94.5736Y55.7856
G01 X94.5806Y55.8065
G01 X94.5896Y55.8267
G01 X94.6005Y55.8459
G01 X94.6133Y55.8639
G01 X94.6278Y55.8806
G01 X94.6821Y55.9350
G01 X94.8134Y56.1316
G01 X94.9039Y56.3500
G01 X94.9500Y56.5818
G01 X94.9500Y56.8182
G01 X94.9039Y57.0500
G01 X94.8134Y57.2684
G01 X94.6821Y57.4650
G01 X94.5149Y57.6321
G01 X94.3184Y57.7634
G01 X94.1000Y57.8539
G01 X93.8682Y57.9000
G01 X93.6318Y57.9000
G01 X93.3999Y57.8539
G01 X93.1816Y57.7634
G01 X92.9850Y57.6321
G01 X92.8179Y57.4650
G01 X92.6865Y57.2684
G01 X92.5961Y57.0500
G01 X92.5625Y56.8811
G01 X92.5584Y56.8644
G01 X92.5477Y56.8344
G01 X92.5378Y56.8147
G01 X92.5266Y56.7967
G01 X92.5125Y56.7786
G01 X92.4974Y56.7625
G01 X92.4883Y56.7543
G01 X92.4627Y56.7353
G01 X92.4435Y56.7244
G01 X92.4233Y56.7154
G01 X92.4118Y56.7113
G01 X92.3905Y56.7054
G01 X92.3687Y56.7017
G01 X92.3418Y56.7000
G01 X42.3675Y56.7000
G01 X42.3406Y56.7017
G01 X42.3285Y56.7035
G01 X42.3069Y56.7084
G01 X42.2860Y56.7154
G01 X42.2572Y56.7290
G01 X42.2392Y56.7403
G01 X42.2287Y56.7481
G01 X42.2084Y56.7659
G01 X41.0694Y57.9050
G01 X41.0578Y57.9176
G01 X41.0442Y57.9350
G01 X41.0325Y57.9537
G01 X41.0226Y57.9735
G01 X41.0147Y57.9941
G01 X41.0089Y58.0154
G01 X41.0052Y58.0371
G01 X41.0036Y58.0592
G01 X41.0042Y58.0812
G01 X41.0089Y58.1127
G01 X41.0147Y58.1340
G01 X41.0188Y58.1456
G01 X41.0278Y58.1657
G01 X41.0437Y58.1924
G01 X41.0578Y58.2105
G01 X41.0729Y58.2265
G01 X41.0820Y58.2348
G01 X41.0995Y58.2483
G01 X41.1268Y58.2647
G01 X41.1379Y58.2699
G01 X41.1585Y58.2778
G01 X41.1878Y58.2853
G01 X41.2148Y58.2888
G01 X41.4599Y58.3631
G01 X41.6857Y58.4839
G01 X41.8837Y58.6463
G01 X42.0561Y58.8564
G01 X42.0675Y58.8692
G01 X42.0835Y58.8844
G01 X42.1091Y58.9033
G01 X42.1197Y58.9096
G01 X42.1394Y58.9195
G01 X42.1694Y58.9302
G01 X42.1893Y58.9349
G01 X42.2031Y58.9369
G01 X42.2251Y58.9385
G01 X42.2472Y58.9379
G01 X42.2691Y58.9351
G01 X42.2906Y58.9302
G01 X42.3115Y58.9233
G01 X42.3317Y58.9143
G01 X42.3509Y58.9033
G01 X42.3689Y58.8906
G01 X42.3855Y58.8761
G01 X42.4039Y58.8564
G01 X42.5763Y58.6463
G01 X42.7743Y58.4839
G01 X43.0001Y58.3631
G01 X43.2452Y58.2888
G01 X43.5000Y58.2637
G01 X43.7548Y58.2888
G01 X43.9999Y58.3631
G01 X44.2257Y58.4839
G01 X44.4237Y58.6463
G01 X44.5961Y58.8564
G01 X44.6145Y58.8761
G01 X44.6311Y58.8906
G01 X44.6491Y58.9033
G01 X44.6683Y58.9143
G01 X44.6794Y58.9195
G01 X44.7000Y58.9274
G01 X44.7309Y58.9351
G01 X44.7528Y58.9379
G01 X44.7749Y58.9385
G01 X44.7969Y58.9369
G01 X44.8187Y58.9332
G01 X44.8306Y58.9302
G01 X44.8515Y58.9233
G01 X44.8803Y58.9096
G01 X44.8984Y58.8984
G01 X44.9089Y58.8906
G01 X44.9255Y58.8761
G01 X44.9439Y58.8564
G01 X45.1163Y58.6463
G01 X45.3143Y58.4839
G01 X45.5401Y58.3631
G01 X45.7852Y58.2888
G01 X46.0400Y58.2637
G01 X46.2948Y58.2888
G01 X46.5399Y58.3631
G01 X46.7657Y58.4839
G01 X46.9637Y58.6463
G01 X47.1393Y58.8601
G01 X47.1545Y58.8761
G01 X47.1635Y58.8844
G01 X47.1810Y58.8979
G01 X47.1997Y58.9096
G01 X47.2194Y58.9195
G01 X47.2400Y58.9274
G01 X47.2613Y58.9332
G01 X47.2831Y58.9369
G01 X47.3051Y58.9385
G01 X47.3369Y58.9369
G01 X47.3491Y58.9351
G01 X47.3706Y58.9302
G01 X47.4006Y58.9195
G01 X47.4117Y58.9143
G01 X47.4309Y58.9033
G01 X47.4565Y58.8844
G01 X47.4725Y58.8692
G01 X47.4839Y58.8564
G01 X47.6563Y58.6463
G01 X47.8543Y58.4839
G01 X48.0801Y58.3631
G01 X48.3252Y58.2888
G01 X48.5800Y58.2637
G01 X48.8348Y58.2888
G01 X49.0799Y58.3631
G01 X49.3057Y58.4839
G01 X49.5037Y58.6463
G01 X49.6793Y58.8601
G01 X49.6945Y58.8761
G01 X49.7035Y58.8844
G01 X49.7210Y58.8979
G01 X49.7397Y58.9096
G01 X49.7594Y58.9195
G01 X49.7894Y58.9302
G01 X49.8093Y58.9349
G01 X49.8231Y58.9369
G01 X49.8451Y58.9385
G01 X49.8672Y58.9379
G01 X49.8891Y58.9351
G01 X49.9106Y58.9302
G01 X49.9406Y58.9195
G01 X49.9517Y58.9143
G01 X49.9709Y58.9033
G01 X49.9965Y58.8844
G01 X50.0125Y58.8692
G01 X50.0239Y58.8564
G01 X50.1963Y58.6463
G01 X50.3943Y58.4839
G01 X50.6201Y58.3631
G01 X50.8652Y58.2888
G01 X51.1200Y58.2637
G01 X51.3748Y58.2888
G01 X51.6199Y58.3631
G01 X51.8457Y58.4839
G01 X52.0437Y58.6463
G01 X52.2193Y58.8601
G01 X52.2345Y58.8761
G01 X52.2435Y58.8844
G01 X52.2610Y58.8979
G01 X52.2797Y58.9096
G01 X52.2994Y58.9195
G01 X52.3294Y58.9302
G01 X52.3493Y58.9349
G01 X52.3631Y58.9369
G01 X52.3851Y58.9385
G01 X52.4072Y58.9379
G01 X52.4291Y58.9351
G01 X52.4506Y58.9302
G01 X52.4806Y58.9195
G01 X52.4917Y58.9143
G01 X52.5109Y58.9033
G01 X52.5365Y58.8844
G01 X52.5525Y58.8692
G01 X52.5639Y58.8564
G01 X52.7363Y58.6463
G01 X52.9343Y58.4839
G01 X53.1601Y58.3631
G01 X53.4052Y58.2888
G01 X53.6600Y58.2637
G01 X53.9148Y58.2888
G01 X54.1599Y58.3631
G01 X54.3857Y58.4839
G01 X54.5837Y58.6463
G01 X54.7561Y58.8564
G01 X54.7745Y58.8761
G01 X54.7911Y58.8906
G01 X54.8091Y58.9033
G01 X54.8283Y58.9143
G01 X54.8394Y58.9195
G01 X54.8600Y58.9274
G01 X54.8909Y58.9351
G01 X54.9128Y58.9379
G01 X54.9349Y58.9385
G01 X54.9569Y58.9369
G01 X54.9787Y58.9332
G01 X54.9906Y58.9302
G01 X55.0115Y58.9233
G01 X55.0403Y58.9096
G01 X55.0584Y58.8984
G01 X55.0689Y58.8906
G01 X55.0855Y58.8761
G01 X55.1039Y58.8564
G01 X55.2763Y58.6463
G01 X55.4743Y58.4839
G01 X55.7001Y58.3631
G01 X55.9452Y58.2888
G01 X56.2000Y58.2637
G01 X56.4548Y58.2888
G01 X56.6999Y58.3631
G01 X56.9257Y58.4839
G01 X57.1237Y58.6463
G01 X57.2961Y58.8564
G01 X57.3145Y58.8761
G01 X57.3311Y58.8906
G01 X57.3491Y58.9033
G01 X57.3683Y58.9143
G01 X57.3794Y58.9195
G01 X57.4000Y58.9274
G01 X57.4309Y58.9351
G01 X57.4528Y58.9379
G01 X57.4749Y58.9385
G01 X57.4969Y58.9369
G01 X57.5187Y58.9332
G01 X57.5306Y58.9302
G01 X57.5515Y58.9233
G01 X57.5803Y58.9096
G01 X57.5984Y58.8984
G01 X57.6089Y58.8906
G01 X57.6255Y58.8761
G01 X57.6439Y58.8564
G01 X57.8163Y58.6463
G01 X58.0143Y58.4839
G01 X58.2401Y58.3631
G01 X58.4852Y58.2888
G01 X58.7400Y58.2637
G01 X58.9948Y58.2888
G01 X59.2399Y58.3631
G01 X59.4657Y58.4839
G01 X59.6637Y58.6463
G01 X59.8261Y58.8443
G01 X59.9469Y59.0701
G01 X60.0212Y59.3152
G01 X60.0400Y59.5061
G01 X60.0400Y60.9039
G01 X60.0212Y61.0948
G01 X59.9469Y61.3399
G01 X59.8261Y61.5657
G01 X59.6637Y61.7637
G01 X59.4657Y61.9261
G01 X59.2563Y62.0382
G01 X59.2382Y62.0495
G01 X59.2277Y62.0573
G01 X59.2110Y62.0718
G01 X57.7617Y63.5210
G01 X57.7469Y63.5373
G01 X57.7241Y63.5650
G01 X57.5795Y63.6837
G01 X57.4145Y63.7719
G01 X57.3863Y63.7822
G01 X57.3666Y63.7921
G01 X57.3486Y63.8034
G01 X57.3380Y63.8112
G01 X57.3178Y63.8290
G01 X54.3809Y66.7659
G01 X54.3693Y66.7785
G01 X54.3558Y66.7960
G01 X54.3440Y66.8147
G01 X54.3341Y66.8344
G01 X54.3263Y66.8550
G01 X54.3187Y66.8847
G01 X54.3158Y66.9078
G01 X54.3151Y66.9299
G01 X54.3167Y66.9519
G01 X54.3185Y66.9641
G01 X54.3234Y66.9856
G01 X54.3304Y67.0065
G01 X54.3394Y67.0267
G01 X54.3503Y67.0459
G01 X54.3631Y67.0639
G01 X54.3845Y67.0875
G01 X54.4012Y67.1019
G01 X54.4110Y67.1093
G01 X54.4297Y67.1210
G01 X54.4494Y67.1309
G01 X54.4701Y67.1388
G01 X54.4998Y67.1463
G01 X54.5131Y67.1483
G01 X54.5351Y67.1499
G01 X54.5885Y67.1499
G01 X54.6007Y67.1493
G01 X54.6226Y67.1465
G01 X54.6442Y67.1416
G01 X54.6742Y67.1309
G01 X54.6939Y67.1210
G01 X54.7086Y67.1121
G01 X54.7553Y67.0809
G01 X54.9646Y66.9942
G01 X55.1867Y66.9500
G01 X55.4133Y66.9500
G01 X55.6354Y66.9942
G01 X55.8447Y67.0809
G01 X56.0331Y67.2067
G01 X56.1933Y67.3669
G01 X56.3191Y67.5553
G01 X56.4058Y67.7646
G01 X56.4500Y67.9867
G01 X56.4500Y68.2133
G01 X56.4058Y68.4354
G01 X56.3191Y68.6447
G01 X56.1933Y68.8331
G01 X56.0331Y68.9933
G01 X55.8447Y69.1191
G01 X55.6354Y69.2058
G01 X55.4133Y69.2500
G01 X55.1867Y69.2500
G01 X54.9646Y69.2058
G01 X54.7553Y69.1191
G01 X54.7086Y69.0879
G01 X54.6939Y69.0790
G01 X54.6651Y69.0654
G01 X54.6442Y69.0584
G01 X54.6238Y69.0537
G01 X54.6007Y69.0507
G01 X54.5836Y69.0500
G01 X53.5267Y69.0500
G01 X53.5095Y69.0507
G01 X53.4780Y69.0554
G01 X53.4567Y69.0612
G01 X53.4451Y69.0654
G01 X53.4250Y69.0744
G01 X53.3983Y69.0903
G01 X53.3802Y69.1043
G01 X53.3642Y69.1195
G01 X53.3559Y69.1285
G01 X53.3370Y69.1541
G01 X53.3260Y69.1733
G01 X53.3208Y69.1844
G01 X53.3129Y69.2050
G01 X53.3071Y69.2263
G01 X53.3033Y69.2481
G01 X53.3017Y69.2750
G01 X53.3017Y74.5006
G01 X53.3027Y74.5227
G01 X53.3063Y74.5583
G01 X53.2879Y74.7446
G01 X53.2336Y74.9236
G01 X53.1454Y75.0887
G01 X53.0267Y75.2333
G01 X52.9990Y75.2561
G01 X52.9826Y75.2709
G01 X45.9526Y82.3009
G01 X45.9377Y82.3173
G01 X45.9150Y82.3450
G01 X45.7703Y82.4637
G01 X45.6053Y82.5519
G01 X45.4262Y82.6063
G01 X45.2400Y82.6246
G01 X45.2043Y82.6211
G01 X45.1823Y82.6200
G01 X36.4581Y82.6200
G01 X36.4312Y82.6217
G01 X36.4094Y82.6254
G01 X36.3881Y82.6312
G01 X36.3675Y82.6391
G01 X36.3477Y82.6490
G01 X36.3297Y82.6603
G01 X36.3116Y82.6743
G01 X36.2956Y82.6895
G01 X36.2874Y82.6986
G01 X36.2738Y82.7160
G01 X36.2621Y82.7347
G01 X36.2502Y82.7589
G01 X36.1634Y82.9684
G01 X36.0321Y83.1650
G01 X35.8650Y83.3321
G01 X35.6684Y83.4634
G01 X35.4500Y83.5539
G01 X35.2182Y83.6000
G01 X34.9818Y83.6000
G01 X34.7500Y83.5539
G01 X34.5316Y83.4634
G01 X34.3350Y83.3321
G01 X34.1679Y83.1650
G01 X34.0366Y82.9684
G01 X33.9461Y82.7500
G01 X33.9000Y82.5182
G01 X33.9000Y82.2818
G01 X33.9461Y82.0500
G01 X34.0366Y81.8316
G01 X34.1679Y81.6350
G01 X34.3350Y81.4679
G01 X34.5316Y81.3366
G01 X34.7500Y81.2461
G01 X34.8833Y81.2196
G01 X34.9000Y81.2155
G01 X34.9209Y81.2086
G01 X34.9497Y81.1949
G01 X34.9677Y81.1837
G01 X34.9858Y81.1696
G01 X34.9985Y81.1580
G01 X35.0898Y81.0667
G01 X35.1014Y81.0541
G01 X35.1149Y81.0366
G01 X35.1267Y81.0179
G01 X35.1366Y80.9982
G01 X35.1445Y80.9776
G01 X35.1519Y80.9483
G01 X35.1550Y80.9248
G01 X35.1556Y80.9027
G01 X35.1540Y80.8807
G01 X35.1503Y80.8589
G01 X35.1473Y80.8470
G01 X35.1403Y80.8261
G01 X35.1313Y80.8059
G01 X35.1204Y80.7868
G01 X35.1014Y80.7612
G01 X35.0862Y80.7451
G01 X35.0771Y80.7369
G01 X34.9410Y80.6250
G01 X34.9183Y80.5973
G01 X34.9034Y80.5809
G01 X33.9191Y79.5966
G01 X33.9027Y79.5817
G01 X33.8750Y79.5590
G01 X33.7563Y79.4143
G01 X33.6681Y79.2493
G01 X33.6570Y79.2154
G01 X33.6434Y79.1866
G01 X33.6321Y79.1685
G01 X33.6243Y79.1580
G01 X33.6099Y79.1413
G01 X33.5862Y79.1199
G01 X33.5764Y79.1126
G01 X33.5577Y79.1009
G01 X33.5335Y79.0890
G01 X33.4442Y79.0520
G01 X33.2313Y78.9098
G01 X33.0502Y78.7287
G01 X32.9771Y78.6192
G01 X32.9669Y78.6054
G01 X32.9525Y78.5887
G01 X32.9365Y78.5735
G01 X32.9190Y78.5600
G01 X32.9003Y78.5482
G01 X32.8806Y78.5384
G01 X32.8600Y78.5305
G01 X32.8303Y78.5229
G01 X32.8072Y78.5200
G01 X32.7851Y78.5194
G01 X32.7728Y78.5200
G01 X32.7509Y78.5227
G01 X32.7200Y78.5305
G01 X32.7085Y78.5346
G01 X32.6883Y78.5436
G01 X32.6616Y78.5595
G01 X32.6511Y78.5673
G01 X32.6345Y78.5818
G01 X32.6131Y78.6054
G01 X32.6029Y78.6192
G01 X32.5298Y78.7287
G01 X32.3487Y78.9098
G01 X32.1358Y79.0520
G01 X31.8992Y79.1500
G01 X31.6480Y79.2000
G01 X31.3920Y79.2000
G01 X31.1408Y79.1500
G01 X30.9042Y79.0520
G01 X30.6913Y78.9098
G01 X30.5102Y78.7287
G01 X30.3680Y78.5158
G01 X30.2700Y78.2792
G01 X30.2200Y78.0280
G01 X30.2200Y77.7720
G01 X30.2700Y77.5208
G01 X30.3680Y77.2842
G01 X30.5121Y77.0685
G01 X30.5210Y77.0539
G01 X30.5346Y77.0250
G01 X30.5416Y77.0041
G01 X30.5463Y76.9838
G01 X30.5493Y76.9607
G01 X30.5500Y76.9435
G01 X30.5500Y76.8728
G01 X30.5493Y76.8557
G01 X30.5465Y76.8338
G01 X30.5416Y76.8123
G01 X30.5346Y76.7913
G01 X30.5256Y76.7712
G01 X30.5097Y76.7445
G01 X30.4957Y76.7264
G01 X30.4805Y76.7104
G01 X30.4715Y76.7021
G01 X30.4459Y76.6831
G01 X30.4267Y76.6722
G01 X30.4156Y76.6670
G01 X30.3950Y76.6591
G01 X30.3737Y76.6532
G01 X30.3422Y76.6486
G01 X30.3201Y76.6480
G01 X30.2981Y76.6495
G01 X30.2859Y76.6513
G01 X30.2550Y76.6591
G01 X30.2344Y76.6670
G01 X30.2189Y76.6744
G01 X30.1113Y76.7319
G01 X29.9322Y76.7863
G01 X29.7460Y76.8046
G01 X29.7104Y76.8011
G01 X29.6883Y76.8000
G01 X29.4578Y76.8000
G01 X29.4346Y76.7896
G01 X29.3330Y76.7532
G01 X29.2189Y76.7241
G01 X29.1025Y76.7064
G01 X28.9751Y76.7001
G01 X28.8575Y76.7064
G01 X28.7411Y76.7241
G01 X28.6270Y76.7532
G01 X28.5254Y76.7896
G01 X28.5022Y76.8000
G01 X28.4778Y76.8001
G01 X28.4558Y76.8017
G01 X28.4436Y76.8035
G01 X28.4221Y76.8084
G01 X28.3921Y76.8191
G01 X28.3724Y76.8290
G01 X28.3543Y76.8403
G01 X28.3438Y76.8481
G01 X28.3272Y76.8625
G01 X28.2032Y76.9863
G01 X28.1350Y77.0481
G01 X28.0663Y77.1232
G01 X27.7715Y77.4180
G01 X27.7599Y77.4306
G01 X27.7464Y77.4480
G01 X27.7346Y77.4667
G01 X27.7248Y77.4865
G01 X27.7169Y77.5071
G01 X27.7093Y77.5368
G01 X27.7064Y77.5599
G01 X27.7058Y77.5820
G01 X27.7073Y77.6040
G01 X27.7100Y77.6210
G01 X27.7400Y77.7720
G01 X27.7400Y78.0280
G01 X27.6900Y78.2792
G01 X27.5920Y78.5158
G01 X27.4498Y78.7287
G01 X27.2687Y78.9098
G01 X27.0558Y79.0520
G01 X26.8192Y79.1500
G01 X26.5680Y79.2000
G01 X26.3120Y79.2000
G01 X26.0608Y79.1500
G01 X25.8242Y79.0520
G01 X25.6113Y78.9098
G01 X25.4302Y78.7287
G01 X25.3571Y78.6192
G01 X25.3469Y78.6054
G01 X25.3325Y78.5887
G01 X25.3165Y78.5735
G01 X25.2990Y78.5600
G01 X25.2717Y78.5436
G01 X25.2515Y78.5346
G01 X25.2306Y78.5276
G01 X25.2103Y78.5229
G01 X25.1969Y78.5209
G01 X25.1651Y78.5194
G01 X25.1528Y78.5200
G01 X25.1309Y78.5227
G01 X25.1094Y78.5276
G01 X25.0885Y78.5346
G01 X25.0597Y78.5482
G01 X25.0416Y78.5595
G01 X25.0311Y78.5673
G01 X25.0145Y78.5818
G01 X24.9993Y78.5978
G01 X24.9829Y78.6192
G01 X24.9086Y78.7304
G01 X24.8907Y78.7527
G01 X24.8790Y78.7713
G01 X24.8691Y78.7911
G01 X24.8584Y78.8211
G01 X24.8537Y78.8414
G01 X24.8507Y78.8645
G01 X24.8500Y78.8817
G01 X24.8501Y81.3985
G01 X24.8517Y81.4205
G01 X24.8554Y81.4423
G01 X24.8612Y81.4636
G01 X24.8691Y81.4842
G01 X24.8790Y81.5039
G01 X24.8879Y81.5186
G01 X24.9634Y81.6316
G01 X25.0539Y81.8500
G01 X25.1000Y82.0818
G01 X25.1000Y82.3182
G01 X25.0539Y82.5500
G01 X24.9634Y82.7684
G01 X24.8321Y82.9650
G01 X24.6650Y83.1321
G01 X24.4684Y83.2634
G01 X24.2500Y83.3539
G01 X24.0182Y83.4000
G01 X23.7818Y83.4000
G01 X23.5500Y83.3539
G01 X23.3359Y83.2654
G01 X23.3244Y83.2612
G01 X23.3031Y83.2554
G01 X23.2716Y83.2507
G01 X23.2544Y83.2500
G01 X21.7064Y83.2500
G01 X21.6893Y83.2507
G01 X21.6577Y83.2554
G01 X21.6364Y83.2612
G01 X21.6158Y83.2691
G01 X21.5961Y83.2790
G01 X21.5814Y83.2879
G01 X21.4684Y83.3634
G01 X21.2500Y83.4539
G01 X21.0182Y83.5000
G01 X20.7818Y83.5000
G01 X20.5500Y83.4539
G01 X20.3316Y83.3634
G01 X20.1350Y83.2321
G01 X19.9679Y83.0650
G01 X19.8366Y82.8684
G01 X19.7461Y82.6500
G01 X19.7000Y82.4182
G01 X19.7000Y82.1818
G01 X19.7461Y81.9500
G01 X19.8366Y81.7316
G01 X19.9679Y81.5350
G01 X20.1350Y81.3679
G01 X20.3316Y81.2366
G01 X20.5500Y81.1461
G01 X20.7818Y81.1000
G01 X21.0182Y81.1000
G01 X21.2500Y81.1461
G01 X21.4684Y81.2366
G01 X21.5814Y81.3121
G01 X21.5961Y81.3210
G01 X21.6158Y81.3309
G01 X21.6364Y81.3388
G01 X21.6577Y81.3446
G01 X21.6795Y81.3483
G01 X21.7015Y81.3499
G01 X22.7250Y81.3500
G01 X22.7422Y81.3493
G01 X22.7641Y81.3465
G01 X22.7950Y81.3388
G01 X22.8156Y81.3309
G01 X22.8267Y81.3256
G01 X22.8459Y81.3147
G01 X22.8639Y81.3019
G01 X22.8875Y81.2805
G01 X22.9019Y81.2639
G01 X22.9147Y81.2459
G01 X22.9210Y81.2353
G01 X22.9309Y81.2156
G01 X22.9416Y81.1856
G01 X22.9463Y81.1653
G01 X22.9483Y81.1519
G01 X22.9500Y81.1250
G01 X22.9500Y78.8817
G01 X22.9493Y78.8645
G01 X22.9465Y78.8426
G01 X22.9416Y78.8211
G01 X22.9346Y78.8002
G01 X22.9210Y78.7713
G01 X22.9097Y78.7533
G01 X22.8914Y78.7304
G01 X22.7480Y78.5158
G01 X22.6500Y78.2792
G01 X22.6000Y78.0280
G01 X22.6000Y77.7720
G01 X22.6500Y77.5208
G01 X22.7480Y77.2842
G01 X22.8902Y77.0713
G01 X23.0713Y76.8902
G01 X23.2842Y76.7480
G01 X23.5208Y76.6500
G01 X23.7720Y76.6000
G01 X24.0280Y76.6000
G01 X24.2792Y76.6500
G01 X24.5158Y76.7480
G01 X24.7287Y76.8902
G01 X24.9098Y77.0713
G01 X24.9829Y77.1808
G01 X24.9931Y77.1946
G01 X25.0145Y77.2182
G01 X25.0311Y77.2327
G01 X25.0410Y77.2400
G01 X25.0597Y77.2518
G01 X25.0885Y77.2654
G01 X25.1000Y77.2695
G01 X25.1213Y77.2754
G01 X25.1431Y77.2791
G01 X25.1749Y77.2806
G01 X25.1872Y77.2800
G01 X25.2091Y77.2773
G01 X25.2306Y77.2724
G01 X25.2606Y77.2616
G01 X25.2803Y77.2518
G01 X25.2984Y77.2405
G01 X25.3165Y77.2265
G01 X25.3325Y77.2113
G01 X25.3469Y77.1946
G01 X25.3571Y77.1808
G01 X25.4302Y77.0713
G01 X25.6191Y76.8826
G01 X25.6299Y76.8726
G01 X27.2834Y75.2191
G01 X27.2983Y75.2027
G01 X27.3210Y75.1750
G01 X27.4657Y75.0563
G01 X27.6307Y74.9681
G01 X27.8098Y74.9137
G01 X27.9960Y74.8954
G01 X28.0317Y74.8989
G01 X28.0537Y74.9000
G01 X29.2593Y74.9000
G01 X29.2862Y74.8983
G01 X29.3080Y74.8946
G01 X29.3199Y74.8916
G01 X29.3408Y74.8846
G01 X29.3610Y74.8756
G01 X29.3877Y74.8597
G01 X29.4058Y74.8457
G01 X29.4184Y74.8341
G01 X30.7335Y73.5191
G01 X30.7483Y73.5027
G01 X30.7710Y73.4750
G01 X30.9157Y73.3563
G01 X31.0807Y73.2681
G01 X31.2598Y73.2137
G01 X31.4460Y73.1954
G01 X31.4817Y73.1989
G01 X31.5037Y73.2000
G01 X40.9807Y73.2000
G01 X41.0077Y73.1983
G01 X41.0294Y73.1946
G01 X41.0507Y73.1888
G01 X41.0713Y73.1809
G01 X41.0911Y73.1710
G01 X41.1091Y73.1597
G01 X41.1272Y73.1457
G01 X41.1432Y73.1305
G01 X41.1514Y73.1214
G01 X41.1650Y73.1040
G01 X41.1767Y73.0853
G01 X41.1866Y73.0656
G01 X41.1945Y73.0450
G01 X41.2022Y73.0140
G01 X41.2050Y72.9921
G01 X41.2056Y72.9701
G01 X41.2040Y72.9481
G01 X41.2003Y72.9263
G01 X41.1945Y72.9050
G01 X41.1866Y72.8844
G01 X41.1767Y72.8647
G01 X41.1678Y72.8500
G01 X41.0866Y72.7284
G01 X40.9961Y72.5100
G01 X40.9500Y72.2782
G01 X40.9500Y72.0418
G01 X40.9961Y71.8100
G01 X41.0866Y71.5916
G01 X41.2179Y71.3950
G01 X41.3850Y71.2279
G01 X41.5816Y71.0966
G01 X41.8000Y71.0061
G01 X42.0318Y70.9600
G01 X42.2682Y70.9600
G01 X42.5000Y71.0061
G01 X42.7184Y71.0966
G01 X42.9150Y71.2279
G01 X43.0821Y71.3950
G01 X43.1018Y71.4214
G01 X43.1169Y71.4375
G01 X43.1336Y71.4519
G01 X43.1516Y71.4647
G01 X43.1708Y71.4756
G01 X43.1819Y71.4809
G01 X43.2025Y71.4888
G01 X43.2238Y71.4946
G01 X43.2456Y71.4983
G01 X43.2725Y71.5000
G01 X44.3182Y71.4999
G01 X44.3305Y71.4993
G01 X44.3524Y71.4965
G01 X44.3833Y71.4888
G01 X44.3948Y71.4846
G01 X44.4150Y71.4756
G01 X44.4417Y71.4597
G01 X44.4522Y71.4519
G01 X44.4689Y71.4375
G01 X44.5357Y71.3708
G01 X44.5536Y71.3505
G01 X44.5663Y71.3325
G01 X44.5726Y71.3220
G01 X44.5825Y71.3023
G01 X44.5932Y71.2723
G01 X44.5980Y71.2519
G01 X44.5999Y71.2386
G01 X44.6016Y71.2117
G01 X44.6016Y64.5242
G01 X44.5999Y64.4973
G01 X44.5962Y64.4755
G01 X44.5904Y64.4543
G01 X44.5825Y64.4336
G01 X44.5726Y64.4139
G01 X44.5614Y64.3959
G01 X44.5473Y64.3778
G01 X44.5322Y64.3617
G01 X44.5155Y64.3473
G01 X44.4975Y64.3345
G01 X44.4783Y64.3236
G01 X44.4581Y64.3146
G01 X44.4372Y64.3076
G01 X44.4169Y64.3029
G01 X44.3938Y64.2999
G01 X44.3717Y64.2993
G01 X44.3497Y64.3009
G01 X44.3279Y64.3046
G01 X44.3067Y64.3105
G01 X44.2860Y64.3183
G01 X44.2663Y64.3282
G01 X44.2483Y64.3395
G01 X44.2302Y64.3535
G01 X44.2175Y64.3651
G01 X39.7517Y68.8309
G01 X39.7369Y68.8473
G01 X39.7142Y68.8750
G01 X39.5695Y68.9937
G01 X39.4045Y69.0819
G01 X39.2254Y69.1363
G01 X39.0392Y69.1546
G01 X39.0035Y69.1511
G01 X38.9814Y69.1500
G01 X25.2867Y69.1500
G01 X25.2598Y69.1517
G01 X25.2476Y69.1535
G01 X25.2261Y69.1584
G01 X25.2052Y69.1654
G01 X25.1850Y69.1744
G01 X25.1583Y69.1903
G01 X25.1402Y69.2043
G01 X25.1276Y69.2159
G01 X23.4626Y70.8809
G01 X23.4477Y70.8973
G01 X23.4250Y70.9250
G01 X23.2803Y71.0437
G01 X23.1153Y71.1319
G01 X22.9362Y71.1863
G01 X22.7500Y71.2046
G01 X22.7143Y71.2011
G01 X22.6923Y71.2000
G01 X19.0903Y71.2000
G01 X19.0634Y71.2017
G01 X19.0513Y71.2035
G01 X19.0298Y71.2084
G01 X18.9998Y71.2191
G01 X18.9800Y71.2290
G01 X18.9620Y71.2403
G01 X18.9515Y71.2481
G01 X18.9279Y71.2695
G01 X18.9134Y71.2861
G01 X18.9061Y71.2960
G01 X18.8897Y71.3233
G01 X18.8845Y71.3344
G01 X18.8766Y71.3550
G01 X18.8702Y71.3789
G01 X18.7720Y71.6158
G01 X18.7353Y71.6710
G01 X18.7290Y71.6815
G01 X18.7191Y71.7013
G01 X18.7084Y71.7313
G01 X18.7037Y71.7516
G01 X18.7007Y71.7747
G01 X18.7000Y71.7919
G01 X18.7000Y78.0280
G01 X18.6888Y78.0850
G01 X18.6864Y78.1020
G01 X18.6812Y78.1548
G01 X18.6658Y78.2057
G01 X18.6615Y78.2223
G01 X18.6500Y78.2792
G01 X18.6279Y78.3329
G01 X18.6223Y78.3491
G01 X18.6069Y78.3999
G01 X18.5818Y78.4467
G01 X18.5744Y78.4622
G01 X18.5520Y78.5158
G01 X18.5199Y78.5641
G01 X18.5112Y78.5789
G01 X18.4861Y78.6257
G01 X18.4524Y78.6668
G01 X18.4421Y78.6805
G01 X18.4098Y78.7287
G01 X18.3688Y78.7698
G01 X18.3574Y78.7826
G01 X18.3237Y78.8237
G01 X18.2826Y78.8574
G01 X18.2698Y78.8688
G01 X18.2287Y78.9098
G01 X18.1805Y78.9421
G01 X18.1668Y78.9524
G01 X18.1257Y78.9861
G01 X18.0789Y79.0112
G01 X18.0641Y79.0199
G01 X18.0158Y79.0520
G01 X17.9622Y79.0744
G01 X17.9467Y79.0818
G01 X17.8999Y79.1069
G01 X17.8491Y79.1223
G01 X17.8329Y79.1279
G01 X17.7792Y79.1500
G01 X17.7223Y79.1615
G01 X17.7057Y79.1658
G01 X17.6548Y79.1812
G01 X17.6020Y79.1864
G01 X17.5850Y79.1888
G01 X17.5280Y79.2000
G01 X17.4700Y79.2001
G01 X17.4529Y79.2011
G01 X17.4000Y79.2063
G01 X17.3471Y79.2011
G01 X17.3300Y79.2001
G01 X17.2720Y79.2000
G01 X17.2150Y79.1888
G01 X17.1980Y79.1864
G01 X17.1452Y79.1812
G01 X17.0943Y79.1658
G01 X17.0777Y79.1615
G01 X17.0208Y79.1500
G01 X16.9671Y79.1279
G01 X16.9509Y79.1223
G01 X16.9001Y79.1069
G01 X16.8533Y79.0818
G01 X16.8378Y79.0744
G01 X16.7842Y79.0520
G01 X16.7359Y79.0199
G01 X16.7211Y79.0112
G01 X16.6743Y78.9861
G01 X16.6332Y78.9524
G01 X16.6195Y78.9421
G01 X16.5713Y78.9098
G01 X16.5302Y78.8688
G01 X16.5174Y78.8574
G01 X16.4763Y78.8237
G01 X16.4426Y78.7826
G01 X16.4312Y78.7698
G01 X16.3902Y78.7287
G01 X16.3607Y78.6845
G01 X16.3506Y78.6707
G01 X16.3039Y78.6136
G01 X16.2855Y78.5939
G01 X16.2689Y78.5794
G01 X16.2590Y78.5721
G01 X16.2403Y78.5604
G01 X16.2115Y78.5467
G01 X16.2000Y78.5426
G01 X16.1787Y78.5368
G01 X16.1472Y78.5321
G01 X16.1251Y78.5315
G01 X16.1031Y78.5331
G01 X16.0909Y78.5349
G01 X16.0694Y78.5397
G01 X16.0485Y78.5467
G01 X16.0283Y78.5557
G01 X16.0091Y78.5667
G01 X15.9911Y78.5794
G01 X15.9745Y78.5939
G01 X15.9561Y78.6136
G01 X15.9094Y78.6707
G01 X15.8993Y78.6845
G01 X15.8698Y78.7287
G01 X15.8288Y78.7698
G01 X15.8174Y78.7826
G01 X15.7837Y78.8237
G01 X15.7426Y78.8574
G01 X15.7298Y78.8688
G01 X15.6887Y78.9098
G01 X15.6405Y78.9421
G01 X15.6268Y78.9524
G01 X15.5857Y78.9861
G01 X15.5389Y79.0112
G01 X15.5241Y79.0199
G01 X15.4758Y79.0520
G01 X15.4222Y79.0744
G01 X15.4067Y79.0818
G01 X15.3599Y79.1069
G01 X15.3091Y79.1223
G01 X15.2929Y79.1279
G01 X15.2392Y79.1500
G01 X15.1823Y79.1615
G01 X15.1657Y79.1658
G01 X15.1148Y79.1812
G01 X15.0620Y79.1864
G01 X15.0450Y79.1888
G01 X14.9880Y79.2000
G01 X14.9300Y79.2001
G01 X14.9129Y79.2011
G01 X14.8600Y79.2063
G01 X14.8071Y79.2011
G01 X14.7900Y79.2001
G01 X14.7320Y79.2000
G01 X14.6750Y79.1888
G01 X14.6580Y79.1864
G01 X14.6052Y79.1812
G01 X14.5543Y79.1658
G01 X14.5377Y79.1615
G01 X14.4808Y79.1500
G01 X14.4271Y79.1279
G01 X14.4109Y79.1223
G01 X14.3601Y79.1069
G01 X14.3133Y79.0818
G01 X14.2978Y79.0744
G01 X14.2442Y79.0520
G01 X14.1959Y79.0199
G01 X14.1811Y79.0112
G01 X14.1343Y78.9861
G01 X14.0932Y78.9524
G01 X14.0795Y78.9421
G01 X14.0313Y78.9098
G01 X13.9902Y78.8688
G01 X13.9639Y78.8465
G01 X13.9540Y78.8391
G01 X13.9353Y78.8274
G01 X13.9065Y78.8138
G01 X13.8950Y78.8096
G01 X13.8737Y78.8038
G01 X13.8519Y78.8001
G01 X13.8299Y78.7985
G01 X13.7981Y78.8001
G01 X13.7763Y78.8038
G01 X13.7644Y78.8068
G01 X13.7435Y78.8138
G01 X13.7147Y78.8274
G01 X13.6960Y78.8391
G01 X13.6785Y78.8527
G01 X13.6625Y78.8679
G01 X13.6481Y78.8845
G01 X13.6407Y78.8944
G01 X13.6290Y78.9131
G01 X13.6191Y78.9328
G01 X13.6084Y78.9628
G01 X13.6035Y78.9843
G01 X13.6017Y78.9965
G01 X13.6001Y79.0185
G01 X13.6000Y82.3639
G01 X13.5812Y82.5548
G01 X13.5069Y82.7999
G01 X13.3861Y83.0257
G01 X13.2237Y83.2237
G01 X13.0257Y83.3861
G01 X12.7999Y83.5069
G01 X12.5548Y83.5812
G01 X12.3000Y83.6063
G01 X12.0452Y83.5812
G01 X11.8001Y83.5069
G01 X11.5743Y83.3861
G01 X11.3763Y83.2237
G01 X11.2139Y83.0257
G01 X11.0931Y82.7999
G01 X11.0188Y82.5548
G01 X11.0000Y82.3639
G01 X11.0000Y79.0617
G01 X10.9983Y79.0348
G01 X10.9946Y79.0130
G01 X10.9888Y78.9917
G01 X10.9809Y78.9711
G01 X10.9710Y78.9513
G01 X10.9597Y78.9333
G01 X10.9519Y78.9228
G01 X10.9375Y78.9061
G01 X10.9139Y78.8847
G01 X10.9040Y78.8774
G01 X10.8853Y78.8657
G01 X10.8565Y78.8520
G01 X10.8356Y78.8451
G01 X10.8153Y78.8403
G01 X10.8019Y78.8384
G01 X10.7799Y78.8368
G01 X10.7481Y78.8384
G01 X10.7359Y78.8402
G01 X10.7144Y78.8451
G01 X10.6935Y78.8520
G01 X10.6733Y78.8610
G01 X10.6541Y78.8720
G01 X10.6285Y78.8910
G01 X10.6087Y78.9098
G01 X10.5605Y78.9421
G01 X10.5468Y78.9524
G01 X10.5057Y78.9861
G01 X10.4589Y79.0112
G01 X10.4441Y79.0199
G01 X10.3958Y79.0520
G01 X10.3422Y79.0744
G01 X10.3267Y79.0818
G01 X10.2799Y79.1069
G01 X10.2291Y79.1223
G01 X10.2129Y79.1279
G01 X10.1592Y79.1500
G01 X10.1023Y79.1615
G01 X10.0857Y79.1658
G01 X10.0348Y79.1812
G01 X9.9820Y79.1864
G01 X9.9650Y79.1888
G01 X9.9080Y79.2000
G01 X9.8500Y79.2001
G01 X9.8329Y79.2011
G01 X9.7800Y79.2063
G01 X9.7271Y79.2011
G01 X9.7100Y79.2001
G01 X9.6520Y79.2000
G01 X9.5950Y79.1888
G01 X9.5780Y79.1864
G01 X9.5252Y79.1812
G01 X9.4743Y79.1658
G01 X9.4577Y79.1615
G01 X9.4008Y79.1500
G01 X9.3471Y79.1279
G01 X9.3309Y79.1223
G01 X9.2801Y79.1069
G01 X9.2333Y79.0818
G01 X9.2178Y79.0744
G01 X9.1642Y79.0520
G01 X9.1159Y79.0199
G01 X9.1011Y79.0112
G01 X9.0543Y78.9861
G01 X9.0132Y78.9524
G01 X8.9995Y78.9421
G01 X8.9513Y78.9098
G01 X8.9102Y78.8688
G01 X8.8974Y78.8574
G01 X8.8563Y78.8237
G01 X8.8226Y78.7826
G01 X8.8112Y78.7698
G01 X8.7702Y78.7287
G01 X8.7379Y78.6805
G01 X8.7276Y78.6668
G01 X8.6939Y78.6257
G01 X8.6688Y78.5789
G01 X8.6601Y78.5641
G01 X8.6280Y78.5158
G01 X8.6056Y78.4622
G01 X8.5982Y78.4467
G01 X8.5731Y78.3999
G01 X8.5577Y78.3491
G01 X8.5521Y78.3329
G01 X8.5300Y78.2792
G01 X8.5185Y78.2223
G01 X8.5142Y78.2057
G01 X8.4988Y78.1548
G01 X8.4936Y78.1020
G01 X8.4912Y78.0850
G01 X8.4800Y78.0280
G01 X8.4800Y77.4809
G01 X8.4789Y77.4589
G01 X8.4737Y77.4060
G01 X8.4988Y77.1512
G01 X8.5731Y76.9061
G01 X8.5846Y76.8810
G01 X8.5916Y76.8601
G01 X8.5965Y76.8386
G01 X8.5983Y76.8264
G01 X8.5999Y76.8044
G01 X8.6000Y74.0707
G01 X8.5983Y74.0438
G01 X8.5965Y74.0316
G01 X8.5916Y74.0101
G01 X8.5809Y73.9801
G01 X8.5710Y73.9604
G01 X8.5597Y73.9424
G01 X8.5519Y73.9318
G01 X8.5341Y73.9116
G01 X7.3191Y72.6966
G01 X7.3027Y72.6817
G01 X7.2750Y72.6590
G01 X7.1563Y72.5143
G01 X7.0681Y72.3493
G01 X7.0137Y72.1702
G01 X6.9954Y71.9840
G01 X6.9989Y71.9483
G01 X7.0000Y71.9263
G01 X7.0000Y67.0737
G01 X6.9989Y67.0517
G01 X6.9954Y67.0160
G01 X7.0137Y66.8298
G01 X7.0681Y66.6507
G01 X7.1563Y66.4857
G01 X7.2750Y66.3410
G01 X7.3027Y66.3183
G01 X7.3191Y66.3034
G01 X8.3034Y65.3191
G01 X8.3183Y65.3027
G01 X8.3410Y65.2750
G01 X8.4857Y65.1563
G01 X8.6507Y65.0681
G01 X8.8298Y65.0137
G01 X9.0160Y64.9954
G01 X9.0517Y64.9989
G01 X9.0737Y65.0000
G01 X21.7549Y65.0000
G01 X21.7721Y64.9993
G01 X21.7940Y64.9965
G01 X21.8155Y64.9916
G01 X21.8455Y64.9809
G01 X21.8653Y64.9710
G01 X21.8833Y64.9597
G01 X21.8938Y64.9519
G01 X21.9105Y64.9375
G01 X22.6791Y64.1690
G01 X22.6939Y64.1527
G01 X22.7167Y64.1250
G01 X22.8613Y64.0063
G01 X23.0264Y63.9180
G01 X23.2054Y63.8637
G01 X23.3917Y63.8454
G01 X23.4273Y63.8489
G01 X23.4494Y63.8500
G01 X36.8725Y63.8500
G01 X36.8994Y63.8483
G01 X36.9115Y63.8465
G01 X36.9331Y63.8416
G01 X36.9540Y63.8346
G01 X36.9828Y63.8210
G01 X37.0008Y63.8097
G01 X37.0113Y63.8019
G01 X37.0316Y63.7841
G01 X38.3106Y62.5050
G01 X38.3285Y62.4848
G01 X38.3412Y62.4668
G01 X38.3522Y62.4476
G01 X38.3612Y62.4275
G01 X38.3681Y62.4065
G01 X38.3728Y62.3866
G01 X38.3758Y62.3631
G01 X38.3764Y62.3410
G01 X38.3748Y62.3190
G01 X38.3711Y62.2973
G01 X38.3653Y62.2760
G01 X38.3574Y62.2553
G01 X38.3475Y62.2356
G01 X38.3363Y62.2176
G01 X38.3222Y62.1995
G01 X38.3071Y62.1835
G01 X38.2904Y62.1690
G01 X38.2805Y62.1617
G01 X38.2619Y62.1499
G01 X38.2421Y62.1401
G01 X38.2215Y62.1322
G01 X38.1922Y62.1247
G01 X38.1652Y62.1212
G01 X37.9201Y62.0469
G01 X37.6943Y61.9261
G01 X37.4963Y61.7637
G01 X37.3239Y61.5536
G01 X37.3125Y61.5408
G01 X37.2965Y61.5256
G01 X37.2709Y61.5067
G01 X37.2517Y61.4957
G01 X37.2315Y61.4867
G01 X37.2106Y61.4798
G01 X37.1903Y61.4750
G01 X37.1769Y61.4731
G01 X37.1549Y61.4715
G01 X37.1231Y61.4731
G01 X37.1013Y61.4768
G01 X37.0800Y61.4826
G01 X37.0594Y61.4905
G01 X37.0397Y61.5004
G01 X37.0216Y61.5116
G01 X37.0111Y61.5194
G01 X36.9945Y61.5339
G01 X36.9761Y61.5536
G01 X36.8037Y61.7637
G01 X36.6057Y61.9261
G01 X36.3799Y62.0469
G01 X36.1348Y62.1212
G01 X35.8800Y62.1463
G01 X35.6252Y62.1212
G01 X35.3801Y62.0469
G01 X35.1543Y61.9261
G01 X34.9563Y61.7637
G01 X34.7839Y61.5536
G01 X34.7655Y61.5339
G01 X34.7489Y61.5194
G01 X34.7390Y61.5121
G01 X34.7203Y61.5004
G01 X34.6915Y61.4867
G01 X34.6706Y61.4798
G01 X34.6503Y61.4750
G01 X34.6369Y61.4731
G01 X34.6149Y61.4715
G01 X34.5928Y61.4721
G01 X34.5709Y61.4749
G01 X34.5494Y61.4798
G01 X34.5285Y61.4867
G01 X34.5083Y61.4957
G01 X34.4891Y61.5067
G01 X34.4635Y61.5256
G01 X34.4475Y61.5408
G01 X34.4361Y61.5536
G01 X34.2637Y61.7637
G01 X34.0657Y61.9261
G01 X33.8399Y62.0469
G01 X33.5948Y62.1212
G01 X33.3400Y62.1463
G01 X33.0852Y62.1212
G01 X32.8401Y62.0469
G01 X32.6143Y61.9261
G01 X32.4163Y61.7637
G01 X32.2439Y61.5536
G01 X32.2255Y61.5339
G01 X32.2089Y61.5194
G01 X32.1990Y61.5121
G01 X32.1803Y61.5004
G01 X32.1515Y61.4867
G01 X32.1306Y61.4798
G01 X32.1103Y61.4750
G01 X32.0969Y61.4731
G01 X32.0749Y61.4715
G01 X32.0431Y61.4731
G01 X32.0213Y61.4768
G01 X32.0000Y61.4826
G01 X31.9794Y61.4905
G01 X31.9597Y61.5004
G01 X31.9416Y61.5116
G01 X31.9311Y61.5194
G01 X31.9145Y61.5339
G01 X31.8961Y61.5536
G01 X31.7237Y61.7637
G01 X31.5257Y61.9261
G01 X31.2999Y62.0469
G01 X31.0548Y62.1212
G01 X30.8000Y62.1463
G01 X30.5452Y62.1212
G01 X30.3001Y62.0469
G01 X30.0743Y61.9261
G01 X29.8763Y61.7637
G01 X29.7139Y61.5657
G01 X29.5931Y61.3399
G01 X29.5188Y61.0948
G01 X29.5000Y60.9039
G01 X29.5000Y59.5061
G01 X29.5188Y59.3152
G01 X29.5931Y59.0701
G01 X29.7139Y58.8443
G01 X29.8763Y58.6463
G01 X30.0743Y58.4839
G01 X30.3001Y58.3631
G01 X30.5452Y58.2888
G01 X30.8000Y58.2637
G01 X31.0548Y58.2888
G01 X31.2999Y58.3631
G01 X31.5257Y58.4839
G01 X31.7237Y58.6463
G01 X31.8961Y58.8564
G01 X31.9075Y58.8692
G01 X31.9235Y58.8844
G01 X31.9491Y58.9033
G01 X31.9597Y58.9096
G01 X31.9794Y58.9195
G01 X32.0094Y58.9302
G01 X32.0293Y58.9349
G01 X32.0431Y58.9369
G01 X32.0749Y58.9385
G01 X32.0969Y58.9369
G01 X32.1187Y58.9332
G01 X32.1400Y58.9274
G01 X32.1606Y58.9195
G01 X32.1803Y58.9096
G01 X32.1984Y58.8984
G01 X32.2165Y58.8844
G01 X32.2325Y58.8692
G01 X32.2407Y58.8601
G01 X32.4163Y58.6463
G01 X32.6143Y58.4839
G01 X32.8401Y58.3631
G01 X33.0852Y58.2888
G01 X33.3400Y58.2637
G01 X33.5948Y58.2888
G01 X33.8399Y58.3631
G01 X34.0657Y58.4839
G01 X34.2637Y58.6463
G01 X34.4361Y58.8564
G01 X34.4475Y58.8692
G01 X34.4635Y58.8844
G01 X34.4810Y58.8979
G01 X34.5083Y58.9143
G01 X34.5194Y58.9195
G01 X34.5400Y58.9274
G01 X34.5693Y58.9349
G01 X34.5928Y58.9379
G01 X34.6149Y58.9385
G01 X34.6369Y58.9369
G01 X34.6587Y58.9332
G01 X34.6800Y58.9274
G01 X34.7006Y58.9195
G01 X34.7203Y58.9096
G01 X34.7384Y58.8984
G01 X34.7565Y58.8844
G01 X34.7725Y58.8692
G01 X34.7807Y58.8601
G01 X34.9563Y58.6463
G01 X35.1543Y58.4839
G01 X35.3801Y58.3631
G01 X35.6252Y58.2888
G01 X35.8800Y58.2637
G01 X36.1348Y58.2888
G01 X36.3799Y58.3631
G01 X36.6057Y58.4839
G01 X36.8037Y58.6463
G01 X36.9793Y58.8601
G01 X36.9945Y58.8761
G01 X37.0035Y58.8844
G01 X37.0210Y58.8979
G01 X37.0397Y58.9096
G01 X37.0594Y58.9195
G01 X37.0800Y58.9274
G01 X37.1093Y58.9349
G01 X37.1328Y58.9379
G01 X37.1549Y58.9385
G01 X37.1769Y58.9369
G01 X37.1891Y58.9351
G01 X37.2106Y58.9302
G01 X37.2406Y58.9195
G01 X37.2603Y58.9096
G01 X37.2790Y58.8979
G01 X37.2889Y58.8906
G01 X37.3055Y58.8761
G01 X37.3239Y58.8564
G01 X37.4963Y58.6463
G01 X37.6943Y58.4839
G01 X37.9201Y58.3631
G01 X38.1652Y58.2888
G01 X38.4200Y58.2637
G01 X38.5970Y58.2811
G01 X38.6141Y58.2821
G01 X38.6362Y58.2815
G01 X38.6677Y58.2768
G01 X38.6796Y58.2738
G01 X38.7006Y58.2669
G01 X38.7294Y58.2532
G01 X38.7474Y58.2420
G01 X38.7579Y58.2342
G01 X38.7781Y58.2163
G01 X41.1103Y55.8841
G01 X41.1282Y55.8639
G01 X41.1409Y55.8459
G01 X41.1472Y55.8354
G01 X41.1571Y55.8156
G01 X41.1650Y55.7950
G01 X41.1708Y55.7737
G01 X41.1746Y55.7519
G01 X41.1761Y55.7299
G01 X41.1746Y55.6981
G01 X41.1728Y55.6860
G01 X41.1679Y55.6644
G01 X41.1609Y55.6435
G01 X41.1519Y55.6233
G01 X41.1409Y55.6042
G01 X41.1282Y55.5861
G01 X41.1137Y55.5695
G01 X41.0977Y55.5543
G01 X41.0721Y55.5353
G01 X41.0529Y55.5244
G01 X41.0328Y55.5154
G01 X41.0118Y55.5084
G01 X40.9915Y55.5037
G01 X40.9684Y55.5007
G01 X40.9512Y55.5000
G01 X14.3831Y55.5000
G01 X14.3660Y55.5007
G01 X14.3441Y55.5035
G01 X14.3132Y55.5112
G01 X14.3016Y55.5154
G01 X14.2814Y55.5244
G01 X14.2548Y55.5403
G01 X14.2367Y55.5543
G01 X14.2240Y55.5659
G01 X11.4307Y58.3593
G01 X11.4128Y58.3795
G01 X11.4055Y58.3894
G01 X11.3938Y58.4080
G01 X11.3839Y58.4278
G01 X11.3731Y58.4578
G01 X11.3684Y58.4781
G01 X11.3664Y58.4915
G01 X11.3649Y58.5135
G01 X11.3664Y58.5453
G01 X11.3702Y58.5671
G01 X11.3731Y58.5790
G01 X11.3801Y58.5999
G01 X11.3938Y58.6287
G01 X11.4050Y58.6467
G01 X11.4158Y58.6611
G01 X11.5761Y58.8564
G01 X11.5945Y58.8761
G01 X11.6111Y58.8906
G01 X11.6210Y58.8979
G01 X11.6397Y58.9096
G01 X11.6594Y58.9195
G01 X11.6894Y58.9302
G01 X11.7097Y58.9350
G01 X11.7231Y58.9369
G01 X11.7549Y58.9385
G01 X11.7769Y58.9369
G01 X11.7891Y58.9351
G01 X11.8106Y58.9302
G01 X11.8406Y58.9195
G01 X11.8603Y58.9096
G01 X11.8784Y58.8984
G01 X11.8965Y58.8844
G01 X11.9125Y58.8692
G01 X11.9239Y58.8564
G01 X12.0963Y58.6463
G01 X12.2943Y58.4839
G01 X12.5201Y58.3631
G01 X12.7652Y58.2888
G01 X13.0200Y58.2637
G01 X13.2748Y58.2888
G01 X13.5199Y58.3631
G01 X13.7457Y58.4839
G01 X13.9437Y58.6463
G01 X14.1193Y58.8601
G01 X14.1345Y58.8761
G01 X14.1435Y58.8844
G01 X14.1610Y58.8979
G01 X14.1797Y58.9096
G01 X14.1994Y58.9195
G01 X14.2200Y58.9274
G01 X14.2413Y58.9332
G01 X14.2631Y58.9369
G01 X14.2851Y58.9385
G01 X14.3072Y58.9379
G01 X14.3291Y58.9351
G01 X14.3600Y58.9274
G01 X14.3715Y58.9233
G01 X14.3917Y58.9143
G01 X14.4184Y58.8984
G01 X14.4365Y58.8844
G01 X14.4525Y58.8692
G01 X14.4639Y58.8564
G01 X14.6363Y58.6463
G01 X14.8343Y58.4839
G01 X15.0601Y58.3631
G01 X15.3052Y58.2888
G01 X15.5600Y58.2637
G01 X15.8148Y58.2888
G01 X16.0599Y58.3631
G01 X16.2857Y58.4839
G01 X16.4837Y58.6463
G01 X16.6593Y58.8601
G01 X16.6745Y58.8761
G01 X16.6835Y58.8844
G01 X16.7010Y58.8979
G01 X16.7197Y58.9096
G01 X16.7394Y58.9195
G01 X16.7694Y58.9302
G01 X16.7893Y58.9349
G01 X16.8031Y58.9369
G01 X16.8251Y58.9385
G01 X16.8472Y58.9379
G01 X16.8691Y58.9351
G01 X16.8906Y58.9302
G01 X16.9206Y58.9195
G01 X16.9317Y58.9143
G01 X16.9509Y58.9033
G01 X16.9765Y58.8844
G01 X16.9925Y58.8692
G01 X17.0039Y58.8564
G01 X17.1763Y58.6463
G01 X17.3743Y58.4839
G01 X17.6001Y58.3631
G01 X17.8452Y58.2888
G01 X18.1000Y58.2637
G01 X18.3548Y58.2888
G01 X18.5999Y58.3631
G01 X18.8257Y58.4839
G01 X19.0237Y58.6463
G01 X19.1993Y58.8601
G01 X19.2145Y58.8761
G01 X19.2235Y58.8844
G01 X19.2410Y58.8979
G01 X19.2597Y58.9096
G01 X19.2794Y58.9195
G01 X19.3094Y58.9302
G01 X19.3293Y58.9349
G01 X19.3431Y58.9369
G01 X19.3651Y58.9385
G01 X19.3872Y58.9379
G01 X19.4091Y58.9351
G01 X19.4306Y58.9302
G01 X19.4606Y58.9195
G01 X19.4717Y58.9143
G01 X19.4909Y58.9033
G01 X19.5165Y58.8844
G01 X19.5325Y58.8692
G01 X19.5439Y58.8564
G01 X19.7163Y58.6463
G01 X19.9143Y58.4839
G01 X20.1401Y58.3631
G01 X20.3852Y58.2888
G01 X20.6400Y58.2637
G01 X20.8948Y58.2888
G01 X21.1399Y58.3631
G01 X21.3657Y58.4839
G01 X21.5637Y58.6463
G01 X21.7393Y58.8601
G01 X21.7545Y58.8761
G01 X21.7635Y58.8844
G01 X21.7810Y58.8979
G01 X21.7997Y58.9096
G01 X21.8194Y58.9195
G01 X21.8494Y58.9302
G01 X21.8693Y58.9349
G01 X21.8831Y58.9369
G01 X21.9051Y58.9385
G01 X21.9272Y58.9379
G01 X21.9491Y58.9351
G01 X21.9706Y58.9302
G01 X22.0006Y58.9195
G01 X22.0117Y58.9143
G01 X22.0309Y58.9033
G01 X22.0565Y58.8844
G01 X22.0725Y58.8692
G01 X22.0839Y58.8564
G01 X22.2563Y58.6463
G01 X22.4543Y58.4839
G01 X22.6801Y58.3631
G01 X22.9252Y58.2888
G01 X23.1800Y58.2637
G01 X23.4348Y58.2888
G01 X23.6799Y58.3631
G01 X23.9057Y58.4839
G01 X24.1037Y58.6463
G01 X24.2761Y58.8564
G01 X24.2945Y58.8761
G01 X24.3111Y58.8906
G01 X24.3291Y58.9033
G01 X24.3483Y58.9143
G01 X24.3594Y58.9195
G01 X24.3800Y58.9274
G01 X24.4109Y58.9351
G01 X24.4328Y58.9379
G01 X24.4549Y58.9385
G01 X24.4769Y58.9369
G01 X24.4987Y58.9332
G01 X24.5106Y58.9302
G01 X24.5315Y58.9233
G01 X24.5603Y58.9096
G01 X24.5784Y58.8984
G01 X24.5889Y58.8906
G01 X24.6055Y58.8761
G01 X24.6239Y58.8564
G01 X24.7963Y58.6463
G01 X24.9943Y58.4839
G01 X25.2201Y58.3631
G01 X25.4652Y58.2888
G01 X25.7200Y58.2637
G01 X25.9748Y58.2888
G01 X26.2199Y58.3631
G01 X26.4457Y58.4839
G01 X26.6437Y58.6463
G01 X26.8061Y58.8443
G01 X26.9269Y59.0701
G01 X27.0012Y59.3152
G01 X27.0200Y59.5061
G01 X27.0200Y60.9039
G01 X27.0012Y61.0948
G01 X26.9269Y61.3399
G01 X26.8061Y61.5657
G01 X26.6437Y61.7637
G01 X26.4457Y61.9261
G01 X26.2199Y62.0469
G01 X25.9748Y62.1212
G01 X25.7200Y62.1463
G01 X25.4652Y62.1212
G01 X25.2201Y62.0469
G01 X24.9943Y61.9261
G01 X24.7963Y61.7637
G01 X24.6239Y61.5536
G01 X24.6055Y61.5339
G01 X24.5889Y61.5194
G01 X24.5790Y61.5121
G01 X24.5603Y61.5004
G01 X24.5315Y61.4867
G01 X24.5106Y61.4798
G01 X24.4903Y61.4750
G01 X24.4769Y61.4731
G01 X24.4549Y61.4715
G01 X24.4231Y61.4731
G01 X24.4013Y61.4768
G01 X24.3800Y61.4826
G01 X24.3594Y61.4905
G01 X24.3397Y61.5004
G01 X24.3216Y61.5116
G01 X24.3111Y61.5194
G01 X24.2945Y61.5339
G01 X24.2761Y61.5536
G01 X24.1037Y61.7637
G01 X23.9057Y61.9261
G01 X23.6799Y62.0469
G01 X23.4348Y62.1212
G01 X23.1800Y62.1463
G01 X22.9252Y62.1212
G01 X22.6801Y62.0469
G01 X22.4543Y61.9261
G01 X22.2563Y61.7637
G01 X22.0839Y61.5536
G01 X22.0655Y61.5339
G01 X22.0489Y61.5194
G01 X22.0390Y61.5121
G01 X22.0203Y61.5004
G01 X21.9915Y61.4867
G01 X21.9706Y61.4798
G01 X21.9503Y61.4750
G01 X21.9369Y61.4731
G01 X21.9149Y61.4715
G01 X21.8831Y61.4731
G01 X21.8613Y61.4768
G01 X21.8400Y61.4826
G01 X21.8194Y61.4905
G01 X21.7997Y61.5004
G01 X21.7816Y61.5116
G01 X21.7711Y61.5194
G01 X21.7545Y61.5339
G01 X21.7361Y61.5536
G01 X21.5637Y61.7637
G01 X21.3657Y61.9261
G01 X21.1399Y62.0469
G01 X20.8948Y62.1212
G01 X20.6400Y62.1463
G01 X20.3852Y62.1212
G01 X20.1401Y62.0469
G01 X19.9143Y61.9261
G01 X19.7163Y61.7637
G01 X19.5439Y61.5536
G01 X19.5255Y61.5339
G01 X19.5089Y61.5194
G01 X19.4990Y61.5121
G01 X19.4803Y61.5004
G01 X19.4515Y61.4867
G01 X19.4306Y61.4798
G01 X19.4103Y61.4750
G01 X19.3969Y61.4731
G01 X19.3749Y61.4715
G01 X19.3431Y61.4731
G01 X19.3213Y61.4768
G01 X19.3000Y61.4826
G01 X19.2794Y61.4905
G01 X19.2597Y61.5004
G01 X19.2416Y61.5116
G01 X19.2311Y61.5194
G01 X19.2145Y61.5339
G01 X19.1961Y61.5536
G01 X19.0237Y61.7637
G01 X18.8257Y61.9261
G01 X18.5999Y62.0469
G01 X18.3548Y62.1212
G01 X18.1000Y62.1463
G01 X17.8452Y62.1212
G01 X17.6001Y62.0469
G01 X17.3743Y61.9261
G01 X17.1763Y61.7637
G01 X17.0039Y61.5536
G01 X16.9855Y61.5339
G01 X16.9689Y61.5194
G01 X16.9590Y61.5121
G01 X16.9403Y61.5004
G01 X16.9115Y61.4867
G01 X16.8906Y61.4798
G01 X16.8703Y61.4750
G01 X16.8569Y61.4731
G01 X16.8349Y61.4715
G01 X16.8031Y61.4731
G01 X16.7813Y61.4768
G01 X16.7600Y61.4826
G01 X16.7394Y61.4905
G01 X16.7197Y61.5004
G01 X16.7016Y61.5116
G01 X16.6911Y61.5194
G01 X16.6745Y61.5339
G01 X16.6561Y61.5536
G01 X16.4837Y61.7637
G01 X16.2857Y61.9261
G01 X16.0599Y62.0469
G01 X15.8148Y62.1212
G01 X15.5600Y62.1463
G01 X15.3052Y62.1212
G01 X15.0601Y62.0469
G01 X14.8343Y61.9261
G01 X14.6363Y61.7637
G01 X14.4639Y61.5536
G01 X14.4525Y61.5408
G01 X14.4365Y61.5256
G01 X14.4109Y61.5067
G01 X14.4003Y61.5004
G01 X14.3806Y61.4905
G01 X14.3600Y61.4826
G01 X14.3387Y61.4768
G01 X14.3072Y61.4721
G01 X14.2851Y61.4715
G01 X14.2631Y61.4731
G01 X14.2509Y61.4749
G01 X14.2294Y61.4798
G01 X14.1994Y61.4905
G01 X14.1797Y61.5004
G01 X14.1616Y61.5116
G01 X14.1435Y61.5256
G01 X14.1275Y61.5408
G01 X14.1193Y61.5499
G01 X13.9437Y61.7637
G01 X13.7457Y61.9261
G01 X13.5199Y62.0469
G01 X13.2748Y62.1212
G01 X13.0200Y62.1463
G01 X12.7652Y62.1212
G01 X12.5201Y62.0469
G01 X12.2943Y61.9261
G01 X12.0963Y61.7637
G01 X11.9239Y61.5536
G01 X11.9125Y61.5408
G01 X11.8965Y61.5256
G01 X11.8709Y61.5067
G01 X11.8603Y61.5004
G01 X11.8406Y61.4905
G01 X11.8200Y61.4826
G01 X11.7987Y61.4768
G01 X11.7672Y61.4721
G01 X11.7451Y61.4715
G01 X11.7231Y61.4731
G01 X11.7109Y61.4749
G01 X11.6894Y61.4798
G01 X11.6594Y61.4905
G01 X11.6397Y61.5004
G01 X11.6216Y61.5116
G01 X11.6035Y61.5256
G01 X11.5875Y61.5408
G01 X11.5793Y61.5499
G01 X11.4037Y61.7637
G01 X11.2057Y61.9261
G01 X10.9799Y62.0469
G01 X10.7348Y62.1212
G01 X10.4800Y62.1463
G01 X10.2252Y62.1212
G01 X9.9801Y62.0469
G01 X9.7543Y61.9261
G01 X9.5563Y61.7637
G01 X9.3839Y61.5536
G01 X9.3725Y61.5408
G01 X9.3565Y61.5256
G01 X9.3309Y61.5067
G01 X9.3203Y61.5004
G01 X9.3006Y61.4905
G01 X9.2800Y61.4826
G01 X9.2587Y61.4768
G01 X9.2272Y61.4721
G01 X9.2051Y61.4715
G01 X9.1831Y61.4731
G01 X9.1709Y61.4749
G01 X9.1494Y61.4798
G01 X9.1194Y61.4905
G01 X9.0997Y61.5004
G01 X9.0816Y61.5116
G01 X9.0635Y61.5256
G01 X9.0475Y61.5408
G01 X9.0393Y61.5499
G01 X8.8637Y61.7637
G01 X8.6657Y61.9261
G01 X8.4399Y62.0469
G01 X8.1948Y62.1212
G01 X7.9400Y62.1463
G01 X7.6852Y62.1212
G01 X7.4401Y62.0469
G01 X7.2143Y61.9261
G01 X7.0163Y61.7637
G01 X6.8439Y61.5536
G01 X6.8325Y61.5408
G01 X6.8165Y61.5256
G01 X6.7909Y61.5067
G01 X6.7717Y61.4957
G01 X6.7606Y61.4905
G01 X6.7400Y61.4826
G01 X6.7103Y61.4750
G01 X6.6872Y61.4721
G01 X6.6651Y61.4715
G01 X6.6431Y61.4731
G01 X6.6213Y61.4768
G01 X6.6000Y61.4826
G01 X6.5794Y61.4905
G01 X6.5597Y61.5004
G01 X6.5416Y61.5116
G01 X6.5235Y61.5256
G01 X6.5075Y61.5408
G01 X6.4993Y61.5499
G01 X6.3237Y61.7637
G01 X6.1257Y61.9261
G01 X5.8999Y62.0469
G01 X5.6548Y62.1212
G01 X5.4000Y62.1463
G01 X5.1452Y62.1212
G01 X4.9001Y62.0469
G01 X4.6743Y61.9261
G01 X4.4763Y61.7637
G01 X4.3139Y61.5657
G01 X4.1931Y61.3399
G01 X4.1188Y61.0948
G01 X4.1000Y60.9039
G01 X4.1000Y59.5061
G01 X4.1188Y59.3152
G01 X4.1931Y59.0701
G01 X4.3139Y58.8443
G01 X4.4763Y58.6463
G01 X4.6743Y58.4839
G01 X4.9001Y58.3631
G01 X5.1452Y58.2888
G01 X5.4000Y58.2637
G01 X5.6548Y58.2888
G01 X5.8999Y58.3631
G01 X6.1257Y58.4839
G01 X6.3237Y58.6463
G01 X6.4993Y58.8601
G01 X6.5145Y58.8761
G01 X6.5311Y58.8906
G01 X6.5410Y58.8979
G01 X6.5597Y58.9096
G01 X6.5794Y58.9195
G01 X6.6094Y58.9302
G01 X6.6309Y58.9351
G01 X6.6431Y58.9369
G01 X6.6651Y58.9385
G01 X6.6872Y58.9379
G01 X6.7187Y58.9332
G01 X6.7400Y58.9274
G01 X6.7515Y58.9233
G01 X6.7717Y58.9143
G01 X6.7990Y58.8979
G01 X6.8165Y58.8844
G01 X6.8325Y58.8692
G01 X6.8439Y58.8564
G01 X7.0163Y58.6463
G01 X7.2143Y58.4839
G01 X7.4401Y58.3631
G01 X7.6852Y58.2888
G01 X7.7641Y58.2809
G01 X7.7859Y58.2772
G01 X7.8072Y58.2714
G01 X7.8278Y58.2635
G01 X7.8389Y58.2582
G01 X7.8580Y58.2473
G01 X7.8761Y58.2345
G01 X7.8927Y58.2201
G01 X12.9758Y53.1372
G01 X12.9906Y53.1208
G01 X13.0056Y53.1026
G01 X13.1121Y53.0152
G01 X13.2337Y52.9502
G01 X13.3657Y52.9101
G01 X13.5029Y52.8966
G01 X13.5263Y52.8989
G01 X13.5484Y52.9000
G01 X15.8869Y52.9000
G01 X15.9138Y52.8983
G01 X15.9355Y52.8946
G01 X15.9568Y52.8888
G01 X15.9775Y52.8809
G01 X15.9972Y52.8710
G01 X16.0152Y52.8598
G01 X16.0257Y52.8520
G01 X16.0424Y52.8375
G01 X16.0576Y52.8215
G01 X16.0711Y52.8040
G01 X16.0829Y52.7853
G01 X16.0965Y52.7565
G01 X16.1035Y52.7356
G01 X16.1082Y52.7153
G01 X16.1111Y52.6922
G01 X16.1117Y52.6701
G01 X16.1102Y52.6481
G01 X16.1065Y52.6263
G01 X16.1006Y52.6050
G01 X16.0927Y52.5844
G01 X16.0829Y52.5647
G01 X16.0716Y52.5467
G01 X16.0576Y52.5286
G01 X16.0460Y52.5159
G01 X10.0172Y46.4871
G01 X10.0008Y46.4723
G01 X9.9826Y46.4574
G01 X9.8952Y46.3508
G01 X9.8302Y46.2292
G01 X9.7901Y46.0972
G01 X9.7766Y45.9600
G01 X9.7789Y45.9366
G01 X9.7800Y45.9146
G01 X9.7799Y45.5388
G01 X9.7783Y45.5168
G01 X9.7746Y45.4950
G01 X9.7688Y45.4737
G01 X9.7609Y45.4531
G01 X9.7510Y45.4333
G01 X9.7397Y45.4153
G01 X9.7257Y45.3972
G01 X9.7105Y45.3812
G01 X9.6977Y45.3697
G01 X9.5563Y45.2537
G01 X9.3807Y45.0399
G01 X9.3655Y45.0239
G01 X9.3565Y45.0156
G01 X9.3390Y45.0021
G01 X9.3117Y44.9857
G01 X9.3006Y44.9805
G01 X9.2800Y44.9726
G01 X9.2503Y44.9650
G01 X9.2369Y44.9631
G01 X9.2149Y44.9615
G01 X9.1831Y44.9631
G01 X9.1709Y44.9649
G01 X9.1494Y44.9698
G01 X9.1194Y44.9805
G01 X9.1083Y44.9857
G01 X9.0891Y44.9967
G01 X9.0635Y45.0156
G01 X9.0475Y45.0308
G01 X9.0393Y45.0399
G01 X8.9411Y45.1594
G01 X8.9307Y45.1731
G01 X8.9144Y45.2004
G01 X8.9091Y45.2115
G01 X8.9012Y45.2322
G01 X8.8937Y45.2619
G01 X8.8907Y45.2850
G01 X8.8900Y45.3021
G01 X8.8900Y47.3734
G01 X8.8907Y47.3906
G01 X8.8935Y47.4125
G01 X8.8984Y47.4340
G01 X8.9054Y47.4550
G01 X8.9190Y47.4838
G01 X8.9279Y47.4985
G01 X9.0520Y47.6842
G01 X9.1500Y47.9208
G01 X9.2000Y48.1720
G01 X9.2000Y48.4280
G01 X9.1500Y48.6792
G01 X9.0520Y48.9158
G01 X8.9098Y49.1287
G01 X8.7287Y49.3098
G01 X8.5158Y49.4520
G01 X8.2792Y49.5500
G01 X8.0280Y49.6000
G01 X7.7720Y49.6000
G01 X7.5208Y49.5500
G01 X7.2842Y49.4520
G01 X7.0713Y49.3098
G01 X6.8902Y49.1287
G01 X6.7480Y48.9158
G01 X6.6500Y48.6792
G01 X6.6000Y48.4280
G01 X6.6000Y48.1720
G01 X6.6500Y47.9208
G01 X6.7480Y47.6842
G01 X6.8902Y47.4713
G01 X6.9241Y47.4374
G01 X6.9357Y47.4248
G01 X6.9547Y47.3992
G01 X6.9610Y47.3887
G01 X6.9709Y47.3689
G01 X6.9788Y47.3483
G01 X6.9846Y47.3270
G01 X6.9883Y47.3052
G01 X6.9900Y47.2783
G01 X6.9900Y45.3021
G01 X6.9893Y45.2850
G01 X6.9865Y45.2631
G01 X6.9788Y45.2322
G01 X6.9746Y45.2206
G01 X6.9656Y45.2004
G01 X6.9497Y45.1738
G01 X6.9389Y45.1594
G01 X6.8407Y45.0399
G01 X6.8255Y45.0239
G01 X6.8165Y45.0156
G01 X6.7909Y44.9967
G01 X6.7717Y44.9857
G01 X6.7515Y44.9767
G01 X6.7306Y44.9698
G01 X6.7103Y44.9650
G01 X6.6872Y44.9621
G01 X6.6651Y44.9615
G01 X6.6431Y44.9631
G01 X6.6213Y44.9668
G01 X6.6094Y44.9698
G01 X6.5885Y44.9767
G01 X6.5597Y44.9904
G01 X6.5410Y45.0021
G01 X6.5311Y45.0094
G01 X6.5145Y45.0239
G01 X6.4961Y45.0436
G01 X6.3237Y45.2537
G01 X6.1257Y45.4161
G01 X5.8999Y45.5369
G01 X5.6548Y45.6112
G01 X5.4000Y45.6363
G01 X5.1452Y45.6112
G01 X4.9001Y45.5369
G01 X4.6743Y45.4161
G01 X4.4763Y45.2537
G01 X4.3139Y45.0557
G01 X4.1931Y44.8299
G01 X4.1188Y44.5848
G01 X4.1000Y44.3939
G01 X4.1000Y42.9961
G01 X4.1188Y42.8052
G01 X4.1931Y42.5601
G01 X4.3139Y42.3343
G01 X4.4763Y42.1363
G01 X4.6743Y41.9739
G01 X4.9001Y41.8531
G01 X5.1452Y41.7788
G01 X5.4000Y41.7537
G01 X5.6548Y41.7788
G01 X5.8999Y41.8531
G01 X6.1257Y41.9739
G01 X6.3237Y42.1363
G01 X6.4961Y42.3464
G01 X6.5145Y42.3661
G01 X6.5311Y42.3806
G01 X6.5491Y42.3933
G01 X6.5683Y42.4043
G01 X6.5794Y42.4095
G01 X6.6000Y42.4174
G01 X6.6309Y42.4251
G01 X6.6528Y42.4279
G01 X6.6749Y42.4285
G01 X6.6969Y42.4269
G01 X6.7187Y42.4232
G01 X6.7306Y42.4202
G01 X6.7515Y42.4133
G01 X6.7803Y42.3996
G01 X6.7984Y42.3884
G01 X6.8089Y42.3806
G01 X6.8255Y42.3661
G01 X6.8439Y42.3464
G01 X7.0163Y42.1363
G01 X7.2143Y41.9739
G01 X7.4401Y41.8531
G01 X7.6852Y41.7788
G01 X7.9400Y41.7537
G01 X8.1948Y41.7788
G01 X8.4399Y41.8531
G01 X8.6657Y41.9739
G01 X8.8637Y42.1363
G01 X9.0361Y42.3464
G01 X9.0475Y42.3592
G01 X9.0635Y42.3744
G01 X9.0810Y42.3879
G01 X9.0997Y42.3996
G01 X9.1285Y42.4133
G01 X9.1494Y42.4202
G01 X9.1693Y42.4249
G01 X9.1928Y42.4279
G01 X9.2149Y42.4285
G01 X9.2369Y42.4269
G01 X9.2587Y42.4232
G01 X9.2706Y42.4202
G01 X9.2915Y42.4133
G01 X9.3203Y42.3996
G01 X9.3384Y42.3884
G01 X9.3489Y42.3806
G01 X9.3655Y42.3661
G01 X9.3839Y42.3464
G01 X9.5563Y42.1363
G01 X9.7543Y41.9739
G01 X9.9801Y41.8531
G01 X10.2252Y41.7788
G01 X10.4800Y41.7537
G01 X10.7383Y41.7791
G01 X10.7489Y41.7813
G01 X10.7708Y41.7841
G01 X10.7830Y41.7847
G01 X10.8051Y41.7841
G01 X10.8366Y41.7794
G01 X10.8485Y41.7764
G01 X10.8695Y41.7694
G01 X10.8983Y41.7558
G01 X10.9163Y41.7445
G01 X10.9268Y41.7367
G01 X10.9504Y41.7153
G01 X10.9649Y41.6987
G01 X10.9722Y41.6888
G01 X10.9839Y41.6701
G01 X10.9976Y41.6413
G01 X11.0017Y41.6298
G01 X11.0075Y41.6085
G01 X11.0113Y41.5867
G01 X11.0128Y41.5549
G01 X11.0113Y41.5329
G01 X11.0075Y41.5111
G01 X11.0017Y41.4898
G01 X10.9938Y41.4692
G01 X10.9864Y41.4537
G01 X10.9681Y41.4195
G01 X10.9137Y41.2404
G01 X10.8954Y41.0542
G01 X10.8989Y41.0185
G01 X10.9000Y40.9965
G01 X10.9000Y36.8077
G01 X10.8991Y36.7876
G01 X10.8954Y36.7500
G01 X10.8989Y36.7144
G01 X10.9000Y36.6923
G01 X10.8999Y15.4318
G01 X10.8983Y15.4098
G01 X10.8946Y15.3880
G01 X10.8888Y15.3667
G01 X10.8809Y15.3461
G01 X10.8710Y15.3264
G01 X10.8597Y15.3083
G01 X10.8457Y15.2902
G01 X10.8341Y15.2776
G01 X3.8097Y8.2532
G01 X3.7895Y8.2354
G01 X3.7715Y8.2226
G01 X3.7523Y8.2117
G01 X3.7322Y8.2027
G01 X3.7112Y8.1957
G01 X3.6909Y8.1910
G01 X3.6437Y8.1856
G01 X3.4935Y8.1400
G01 X3.3550Y8.0660
G01 X3.2336Y7.9664
G01 X3.1340Y7.8450
G01 X3.0600Y7.7065
G01 X3.0144Y7.5563
G01 X3.0038Y7.4496
G01 X3.0001Y7.4278
G01 X2.9943Y7.4065
G01 X2.9864Y7.3859
G01 X2.9789Y7.3704
G01 X2.9281Y7.2753
G01 X2.8737Y7.0962
G01 X2.8554Y6.9100
G01 X2.8737Y6.7238
G01 X2.9281Y6.5447
G01 X2.9735Y6.4592
G00 Z3.0000
G00 X2.9639Y6.8316
G01 Z-0.1600
G01 X2.9647Y6.8218
G01 X2.9757Y6.7478
G01 X2.9981Y6.6586
G01 X3.0267Y6.5802
G01 X3.0582Y6.5137
G01 X3.1000Y6.4430
G01 X3.1000Y4.6000
G01 X3.1083Y4.4924
G01 X3.1343Y4.3837
G01 X3.1761Y4.2825
G01 X3.2337Y4.1886
G01 X3.2997Y4.1108
G01 X3.3108Y4.0997
G01 X3.3866Y4.0351
G01 X3.4754Y3.9801
G01 X3.4893Y3.9730
G01 X3.5796Y3.9357
G01 X3.5912Y3.9321
G01 X3.6828Y3.9102
G01 X3.6983Y3.9077
G01 X3.8000Y3.9000
G01 X5.0000Y3.9000
G01 X5.1017Y3.9077
G01 X5.1172Y3.9102
G01 X5.2088Y3.9321
G01 X5.2237Y3.9370
G01 X5.3175Y3.9761
G01 X5.4049Y4.0293
G01 X5.4176Y4.0385
G01 X5.4950Y4.1050
G01 X5.5615Y4.1824
G01 X5.5707Y4.1951
G01 X5.6237Y4.2822
G01 X5.6630Y4.3763
G01 X5.6679Y4.3912
G01 X5.6914Y4.4905
G01 X5.6997Y4.5922
G01 X5.7000Y7.4000
G01 X5.6917Y7.5076
G01 X5.6762Y7.5741
G01 X12.4510Y14.3489
G01 X12.5101Y14.4146
G01 X12.5544Y14.4744
G01 X12.5972Y14.5450
G01 X12.6333Y14.6202
G01 X12.6647Y14.7080
G01 X12.6845Y14.7890
G01 X12.6953Y14.8618
G01 X12.7000Y14.9500
G01 X12.7000Y40.7021
G01 X13.6210Y41.6231
G01 X13.6801Y41.6888
G01 X13.7294Y41.7561
G01 X13.7718Y41.8279
G01 X13.8071Y41.9035
G01 X13.8319Y41.9728
G01 X13.8545Y42.0632
G01 X13.8653Y42.1360
G01 X13.8696Y42.2127
G01 X13.9444Y42.2950
G01 X14.0154Y42.3900
G01 X14.0805Y42.4987
G01 X14.1304Y42.6054
G01 X14.1696Y42.7164
G01 X14.1976Y42.8295
G01 X14.2146Y42.9473
G01 X14.2200Y43.0600
G01 X14.2199Y44.3349
G01 X14.2136Y44.4525
G01 X14.1978Y44.5593
G01 X14.1668Y44.6830
G01 X14.1267Y44.7937
G01 X14.0759Y44.8999
G01 X14.0204Y44.9925
G01 X13.9506Y45.0874
G01 X13.8650Y45.1819
G01 X13.7774Y45.2606
G01 X13.6900Y45.3254
G01 X13.5899Y45.3859
G01 X13.4837Y45.4367
G01 X13.3636Y45.4796
G01 X13.2493Y45.5078
G01 X13.1327Y45.5246
G01 X13.0249Y45.5299
G01 X12.9073Y45.5246
G01 X12.7895Y45.5076
G01 X12.6764Y45.4796
G01 X12.5563Y45.4367
G01 X12.4501Y45.3859
G01 X12.3575Y45.3304
G01 X12.2550Y45.2544
G01 X12.1681Y45.1750
G01 X12.0894Y45.0874
G01 X12.0246Y45.0000
G01 X11.9641Y44.8999
G01 X11.9133Y44.7937
G01 X11.8704Y44.6736
G01 X11.8422Y44.5593
G01 X11.8254Y44.4427
G01 X11.8200Y44.3300
G01 X11.8200Y43.0600
G01 X11.8264Y42.9375
G01 X11.8424Y42.8295
G01 X11.8704Y42.7164
G01 X11.9133Y42.5963
G01 X11.9595Y42.4987
G01 X12.0090Y42.4152
G01 X11.2490Y41.6552
G01 X11.1899Y41.5895
G01 X11.1456Y41.5297
G01 X11.1028Y41.4591
G01 X11.0629Y41.3749
G01 X11.0353Y41.2962
G01 X11.0174Y41.2248
G01 X11.0037Y41.1326
G01 X11.0000Y41.0542
G01 X11.0000Y15.3021
G01 X3.7978Y8.0999
G01 X3.7075Y8.0936
G01 X3.6934Y8.0916
G01 X3.6097Y8.0734
G01 X3.5960Y8.0694
G01 X3.5116Y8.0378
G01 X3.4277Y7.9925
G01 X3.4157Y7.9848
G01 X3.3472Y7.9335
G01 X3.3364Y7.9242
G01 X3.2758Y7.8636
G01 X3.2665Y7.8528
G01 X3.2152Y7.7843
G01 X3.2075Y7.7723
G01 X3.1665Y7.6972
G01 X3.1605Y7.6842
G01 X3.1289Y7.5990
G01 X3.1084Y7.5066
G01 X3.1064Y7.4925
G01 X3.1003Y7.4071
G01 X3.1000Y7.3770
G01 X3.0582Y7.3063
G01 X3.0229Y7.2307
G01 X2.9953Y7.1520
G01 X2.9774Y7.0806
G01 X2.9637Y6.9884
G01 X2.9601Y6.9051
G01 X2.9639Y6.8316
G00 Z3.0000
G00 X2.6078Y12.2983
G01 Z-0.1600
G01 X2.6102Y12.2828
G01 X2.6343Y12.1837
G01 X2.6761Y12.0825
G01 X2.7337Y11.9886
G01 X2.8050Y11.9050
G01 X2.8866Y11.8351
G01 X2.8951Y11.8293
G01 X2.9822Y11.7763
G01 X3.0796Y11.7357
G01 X3.0912Y11.7321
G01 X3.1905Y11.7086
G01 X3.3000Y11.7000
G01 X6.1000Y11.7000
G01 X6.2076Y11.7083
G01 X6.3163Y11.7343
G01 X6.4175Y11.7761
G01 X6.5049Y11.8293
G01 X6.5176Y11.8385
G01 X6.5892Y11.8997
G01 X6.6003Y11.9108
G01 X6.6649Y11.9866
G01 X6.6707Y11.9951
G01 X6.7237Y12.0822
G01 X6.7643Y12.1796
G01 X6.7679Y12.1912
G01 X6.7899Y12.2828
G01 X6.7923Y12.2983
G01 X6.8000Y12.4000
G01 X6.8000Y13.6000
G01 X6.7931Y13.6979
G01 X6.7734Y13.7903
G01 X6.7694Y13.8040
G01 X6.7378Y13.8884
G01 X6.6925Y13.9723
G01 X6.6848Y13.9843
G01 X6.6335Y14.0528
G01 X6.6242Y14.0636
G01 X6.5636Y14.1242
G01 X6.5528Y14.1335
G01 X6.4814Y14.1869
G01 X6.4723Y14.1925
G01 X6.3972Y14.2335
G01 X6.3842Y14.2395
G01 X6.2990Y14.2711
G01 X6.2066Y14.2916
G01 X6.1925Y14.2936
G01 X6.1000Y14.3000
G01 X3.3000Y14.3000
G01 X3.1924Y14.2917
G01 X3.0837Y14.2657
G01 X2.9825Y14.2239
G01 X2.8951Y14.1707
G01 X2.8824Y14.1615
G01 X2.8050Y14.0950
G01 X2.7351Y14.0134
G01 X2.6801Y13.9246
G01 X2.6730Y13.9107
G01 X2.6370Y13.8237
G01 X2.6321Y13.8088
G01 X2.6086Y13.7095
G01 X2.6000Y13.6000
G01 X2.6000Y12.4000
G01 X2.6078Y12.2983
G00 Z3.0000
G00 X6.9021Y13.5889
G01 Z-0.1600
G01 X6.8856Y13.7563
G01 X6.8400Y13.9065
G01 X6.7660Y14.0450
G01 X6.6664Y14.1664
G01 X6.5450Y14.2660
G01 X6.4065Y14.3400
G01 X6.2563Y14.3856
G01 X6.0889Y14.4021
G01 X3.3111Y14.4021
G01 X3.1437Y14.3856
G01 X2.9935Y14.3400
G01 X2.8550Y14.2660
G01 X2.7336Y14.1664
G01 X2.6340Y14.0450
G01 X2.5600Y13.9065
G01 X2.5144Y13.7563
G01 X2.4979Y13.5889
G01 X2.4979Y12.4111
G01 X2.5144Y12.2437
G01 X2.5600Y12.0935
G01 X2.6340Y11.9550
G01 X2.7336Y11.8336
G01 X2.8550Y11.7340
G01 X2.9935Y11.6600
G01 X3.1437Y11.6144
G01 X3.3111Y11.5979
G01 X6.0889Y11.5979
G01 X6.2563Y11.6144
G01 X6.4065Y11.6600
G01 X6.5450Y11.7340
G01 X6.6664Y11.8336
G01 X6.7660Y11.9550
G01 X6.8400Y12.0935
G01 X6.8856Y12.2437
G01 X6.9021Y12.4111
G01 X6.9021Y13.5889
G00 Z3.0000
G00 X12.4854Y14.1712
G01 Z-0.1600
G01 X12.5071Y14.1642
G01 X12.5297Y14.1548
G01 X12.5500Y14.1446
G01 X12.5500Y14.2358
G01 X12.4854Y14.1712
G00 Z3.0000
G00 X12.7039Y10.3716
G01 Z-0.1600
G01 X12.7047Y10.3618
G01 X12.7174Y10.2794
G01 X12.7381Y10.1986
G01 X12.7667Y10.1202
G01 X12.8028Y10.0450
G01 X12.8461Y9.9738
G01 X12.8961Y9.9071
G01 X12.9500Y9.8479
G01 X12.9500Y8.1250
G01 X12.9580Y8.0194
G01 X12.9605Y8.0039
G01 X12.9855Y7.9010
G01 X13.0289Y7.7962
G01 X13.0885Y7.6989
G01 X13.1623Y7.6123
G01 X13.2469Y7.5399
G01 X13.3390Y7.4829
G01 X13.3530Y7.4757
G01 X13.4469Y7.4369
G01 X13.4585Y7.4334
G01 X13.5539Y7.4105
G01 X13.5694Y7.4080
G01 X13.6750Y7.4000
G01 X14.9250Y7.4000
G01 X15.0365Y7.4086
G01 X15.1490Y7.4355
G01 X15.2538Y7.4789
G01 X15.3511Y7.5385
G01 X15.4377Y7.6123
G01 X15.5101Y7.6969
G01 X15.5671Y7.7890
G01 X15.5743Y7.8030
G01 X15.6118Y7.8936
G01 X15.6166Y7.9085
G01 X15.6411Y8.0116
G01 X15.6497Y8.1172
G01 X15.6500Y10.8750
G01 X15.6414Y10.9865
G01 X15.6166Y11.0915
G01 X15.6118Y11.1064
G01 X15.5711Y11.2038
G01 X15.5159Y11.2946
G01 X15.5067Y11.3073
G01 X15.4377Y11.3877
G01 X15.3573Y11.4567
G01 X15.3446Y11.4659
G01 X15.2610Y11.5171
G01 X15.2470Y11.5243
G01 X15.1531Y11.5631
G01 X15.1415Y11.5666
G01 X15.0461Y11.5895
G01 X15.0306Y11.5920
G01 X14.9250Y11.6000
G01 X14.4000Y11.6000
G01 X14.4000Y39.9979
G01 X16.1610Y41.7590
G01 X16.2139Y41.8170
G01 X16.2644Y41.8844
G01 X16.3118Y41.9637
G01 X16.3471Y42.0393
G01 X16.3719Y42.1086
G01 X16.3944Y42.1985
G01 X16.4119Y42.2150
G01 X16.4906Y42.3026
G01 X16.5554Y42.3900
G01 X16.6205Y42.4987
G01 X16.6704Y42.6054
G01 X16.7096Y42.7164
G01 X16.7359Y42.8211
G01 X16.7536Y42.9375
G01 X16.7600Y43.0600
G01 X16.7599Y44.3349
G01 X16.7536Y44.4525
G01 X16.7376Y44.5605
G01 X16.7096Y44.6736
G01 X16.6704Y44.7846
G01 X16.6159Y44.8999
G01 X16.5549Y45.0007
G01 X16.4906Y45.0874
G01 X16.4119Y45.1750
G01 X16.3174Y45.2606
G01 X16.2300Y45.3254
G01 X16.1299Y45.3859
G01 X16.0146Y45.4404
G01 X15.9036Y45.4796
G01 X15.7989Y45.5059
G01 X15.6727Y45.5246
G01 X15.5649Y45.5299
G01 X15.4473Y45.5246
G01 X15.3295Y45.5076
G01 X15.2164Y45.4796
G01 X15.1054Y45.4404
G01 X14.9901Y45.3859
G01 X14.8893Y45.3249
G01 X14.8026Y45.2606
G01 X14.7150Y45.1819
G01 X14.6294Y45.0874
G01 X14.5646Y45.0000
G01 X14.5041Y44.8999
G01 X14.4533Y44.7937
G01 X14.4104Y44.6736
G01 X14.3822Y44.5593
G01 X14.3664Y44.4525
G01 X14.3600Y44.3300
G01 X14.3600Y43.0600
G01 X14.3654Y42.9473
G01 X14.3824Y42.8295
G01 X14.4104Y42.7164
G01 X14.4496Y42.6054
G01 X14.4986Y42.5007
G01 X12.9490Y40.9510
G01 X12.8961Y40.8929
G01 X12.8406Y40.8181
G01 X12.7982Y40.7463
G01 X12.7667Y40.6798
G01 X12.7353Y40.5920
G01 X12.7155Y40.5110
G01 X12.7037Y40.4284
G01 X12.7000Y40.3500
G01 X12.7000Y10.4500
G01 X12.7039Y10.3716
G00 Z3.0000
G00 X12.5563Y10.3403
G01 Z-0.1600
G01 X12.5297Y10.3268
G01 X12.5071Y10.3174
G01 X12.4720Y10.3062
G01 X12.4490Y10.3009
G01 X12.4577Y10.2851
G01 X12.4656Y10.2681
G01 X12.5016Y10.1811
G01 X12.5084Y10.1627
G01 X12.5137Y10.1438
G01 X12.5357Y10.0522
G01 X12.5403Y10.0281
G01 X12.5492Y9.9196
G01 X12.5500Y9.9000
G01 X12.5500Y8.0076
G01 X12.5723Y8.0189
G01 X12.6065Y8.0324
G01 X12.6419Y8.0425
G01 X12.6781Y8.0491
G01 X12.7148Y8.0521
G01 X12.7393Y8.0521
G01 X12.7760Y8.0491
G01 X12.8056Y8.0439
G01 X12.8008Y8.1054
G01 X12.8000Y8.1250
G01 X12.8000Y9.7898
G01 X12.7850Y9.8063
G01 X12.7694Y9.8253
G01 X12.7256Y9.8844
G01 X12.7120Y9.9048
G01 X12.6741Y9.9679
G01 X12.6626Y9.9896
G01 X12.6311Y10.0561
G01 X12.6217Y10.0788
G01 X12.5969Y10.1481
G01 X12.5898Y10.1715
G01 X12.5719Y10.2429
G01 X12.5676Y10.2640
G01 X12.5563Y10.3403
G00 Z3.0000
G00 X9.8078Y6.9983
G01 Z-0.1600
G01 X9.8102Y6.9828
G01 X9.8343Y6.8837
G01 X9.8761Y6.7825
G01 X9.9337Y6.6886
G01 X10.0050Y6.6050
G01 X10.0866Y6.5351
G01 X10.0951Y6.5293
G01 X10.1822Y6.4763
G01 X10.2796Y6.4357
G01 X10.2912Y6.4321
G01 X10.3905Y6.4086
G01 X10.5000Y6.4000
G01 X11.7000Y6.4000
G01 X11.8076Y6.4083
G01 X11.9088Y6.4321
G01 X11.9237Y6.4370
G01 X12.0175Y6.4761
G01 X12.1049Y6.5293
G01 X12.1176Y6.5385
G01 X12.1950Y6.6050
G01 X12.2615Y6.6824
G01 X12.2707Y6.6951
G01 X12.3237Y6.7822
G01 X12.3643Y6.8796
G01 X12.3679Y6.8912
G01 X12.3914Y6.9905
G01 X12.3997Y7.0922
G01 X12.3997Y9.9078
G01 X12.3917Y10.0076
G01 X12.3679Y10.1088
G01 X12.3630Y10.1237
G01 X12.3239Y10.2175
G01 X12.2663Y10.3114
G01 X12.2003Y10.3892
G01 X12.1892Y10.4003
G01 X12.1176Y10.4615
G01 X12.1049Y10.4707
G01 X12.0178Y10.5237
G01 X11.9237Y10.5630
G01 X11.9088Y10.5679
G01 X11.8172Y10.5898
G01 X11.8017Y10.5923
G01 X11.7000Y10.6000
G01 X10.4922Y10.5997
G01 X10.3924Y10.5917
G01 X10.2912Y10.5679
G01 X10.2763Y10.5630
G01 X10.1825Y10.5239
G01 X10.0886Y10.4663
G01 X10.0108Y10.4003
G01 X9.9997Y10.3892
G01 X9.9386Y10.3176
G01 X9.9293Y10.3049
G01 X9.8763Y10.2178
G01 X9.8357Y10.1204
G01 X9.8321Y10.1088
G01 X9.8086Y10.0095
G01 X9.8000Y9.9000
G01 X9.8000Y7.1000
G01 X9.8078Y6.9983
G00 Z3.0000
G00 X16.6612Y14.4303
G01 Z-0.1600
G01 X16.6635Y14.4148
G01 X16.6977Y14.2737
G01 X16.7561Y14.1327
G01 X16.8362Y14.0019
G01 X16.9356Y13.8856
G01 X17.0500Y13.7876
G01 X17.0584Y13.7818
G01 X17.1824Y13.7063
G01 X17.3196Y13.6491
G01 X17.3313Y13.6456
G01 X17.4725Y13.6120
G01 X17.6250Y13.6000
G01 X19.3750Y13.6000
G01 X19.5197Y13.6111
G01 X19.5352Y13.6135
G01 X19.6763Y13.6477
G01 X19.8173Y13.7061
G01 X19.9481Y13.7862
G01 X20.0587Y13.8802
G01 X20.0698Y13.8913
G01 X20.1624Y14.0000
G01 X20.1682Y14.0084
G01 X20.2437Y14.1324
G01 X20.3009Y14.2696
G01 X20.3044Y14.2813
G01 X20.3365Y14.4148
G01 X20.3389Y14.4303
G01 X20.3500Y14.5750
G01 X20.3500Y17.4250
G01 X20.3389Y17.5697
G01 X20.3365Y17.5852
G01 X20.3023Y17.7263
G01 X20.2470Y17.8605
G01 X20.2399Y17.8745
G01 X20.1638Y17.9981
G01 X20.0698Y18.1087
G01 X20.0587Y18.1198
G01 X19.9500Y18.2124
G01 X19.9416Y18.2182
G01 X19.8176Y18.2937
G01 X19.6804Y18.3509
G01 X19.6687Y18.3544
G01 X19.5352Y18.3865
G01 X19.5197Y18.3889
G01 X19.3750Y18.4000
G01 X17.6250Y18.4000
G01 X17.4803Y18.3889
G01 X17.4648Y18.3865
G01 X17.3237Y18.3523
G01 X17.1895Y18.2970
G01 X17.1755Y18.2899
G01 X17.0519Y18.2138
G01 X16.9413Y18.1198
G01 X16.9302Y18.1087
G01 X16.8376Y18.0000
G01 X16.7601Y17.8745
G01 X16.7530Y17.8605
G01 X16.7004Y17.7337
G01 X16.6956Y17.7187
G01 X16.6620Y17.5775
G01 X16.6503Y17.4328
G01 X16.6500Y14.5750
G01 X16.6612Y14.4303
G00 Z3.0000
G00 X20.4521Y17.4139
G01 Z-0.1600
G01 X20.4303Y17.6349
G01 X20.3691Y17.8368
G01 X20.2696Y18.0228
G01 X20.1358Y18.1858
G01 X19.9728Y18.3196
G01 X19.7868Y18.4191
G01 X19.5849Y18.4803
G01 X19.3639Y18.5021
G01 X17.6361Y18.5021
G01 X17.4151Y18.4803
G01 X17.2132Y18.4191
G01 X17.0272Y18.3196
G01 X16.8642Y18.1858
G01 X16.7304Y18.0228
G01 X16.6309Y17.8368
G01 X16.5697Y17.6349
G01 X16.5479Y17.4139
G01 X16.5479Y14.5861
G01 X16.5697Y14.3651
G01 X16.6309Y14.1632
G01 X16.7304Y13.9772
G01 X16.8642Y13.8142
G01 X17.0272Y13.6804
G01 X17.2132Y13.5809
G01 X17.4151Y13.5197
G01 X17.6361Y13.4979
G01 X19.3639Y13.4979
G01 X19.5849Y13.5197
G01 X19.7868Y13.5809
G01 X19.9728Y13.6804
G01 X20.1358Y13.8142
G01 X20.2696Y13.9772
G01 X20.3691Y14.1632
G01 X20.4303Y14.3651
G01 X20.4521Y14.5861
G01 X20.4521Y17.4139
G00 Z3.0000
G00 X21.5479Y17.4139
G01 Z-0.1600
G01 X21.5479Y14.5861
G01 X21.5697Y14.3651
G01 X21.6309Y14.1632
G01 X21.7304Y13.9772
G01 X21.8642Y13.8142
G01 X22.0272Y13.6804
G01 X22.2132Y13.5809
G01 X22.4151Y13.5197
G01 X22.6361Y13.4979
G01 X24.3639Y13.4979
G01 X24.5849Y13.5197
G01 X24.7868Y13.5809
G01 X24.9728Y13.6804
G01 X25.1358Y13.8142
G01 X25.2696Y13.9772
G01 X25.3691Y14.1632
G01 X25.4303Y14.3651
G01 X25.4521Y14.5861
G01 X25.4521Y17.4139
G01 X25.4303Y17.6349
G01 X25.3691Y17.8368
G01 X25.2696Y18.0228
G01 X25.1358Y18.1858
G01 X24.9728Y18.3196
G01 X24.7868Y18.4191
G01 X24.5849Y18.4803
G01 X24.3639Y18.5021
G01 X22.6361Y18.5021
G01 X22.4151Y18.4803
G01 X22.2132Y18.4191
G01 X22.0272Y18.3196
G01 X21.8642Y18.1858
G01 X21.7304Y18.0228
G01 X21.6309Y17.8368
G01 X21.5697Y17.6349
G01 X21.5479Y17.4139
G00 Z3.0000
G00 X21.6612Y14.4303
G01 Z-0.1600
G01 X21.6635Y14.4148
G01 X21.6977Y14.2737
G01 X21.7561Y14.1327
G01 X21.8362Y14.0019
G01 X21.9356Y13.8856
G01 X22.0500Y13.7876
G01 X22.0584Y13.7818
G01 X22.1824Y13.7063
G01 X22.3196Y13.6491
G01 X22.3313Y13.6456
G01 X22.4725Y13.6120
G01 X22.6250Y13.6000
G01 X24.3750Y13.6000
G01 X24.5197Y13.6111
G01 X24.5352Y13.6135
G01 X24.6763Y13.6477
G01 X24.8173Y13.7061
G01 X24.9481Y13.7862
G01 X25.0587Y13.8802
G01 X25.0698Y13.8913
G01 X25.1624Y14.0000
G01 X25.1682Y14.0084
G01 X25.2437Y14.1324
G01 X25.3009Y14.2696
G01 X25.3044Y14.2813
G01 X25.3365Y14.4148
G01 X25.3389Y14.4303
G01 X25.3500Y14.5750
G01 X25.3500Y17.4250
G01 X25.3389Y17.5697
G01 X25.3365Y17.5852
G01 X25.3023Y17.7263
G01 X25.2470Y17.8605
G01 X25.2399Y17.8745
G01 X25.1638Y17.9981
G01 X25.0698Y18.1087
G01 X25.0587Y18.1198
G01 X24.9500Y18.2124
G01 X24.9416Y18.2182
G01 X24.8176Y18.2937
G01 X24.6804Y18.3509
G01 X24.6687Y18.3544
G01 X24.5352Y18.3865
G01 X24.5197Y18.3889
G01 X24.3750Y18.4000
G01 X22.6250Y18.4000
G01 X22.4803Y18.3889
G01 X22.4648Y18.3865
G01 X22.3237Y18.3523
G01 X22.1895Y18.2970
G01 X22.1755Y18.2899
G01 X22.0519Y18.2138
G01 X21.9413Y18.1198
G01 X21.9302Y18.1087
G01 X21.8376Y18.0000
G01 X21.7601Y17.8745
G01 X21.7530Y17.8605
G01 X21.7004Y17.7337
G01 X21.6956Y17.7187
G01 X21.6620Y17.5775
G01 X21.6503Y17.4328
G01 X21.6500Y14.5750
G01 X21.6612Y14.4303
G00 Z3.0000
G00 X26.6612Y14.4303
G01 Z-0.1600
G01 X26.6635Y14.4148
G01 X26.6956Y14.2813
G01 X26.7004Y14.2663
G01 X26.7561Y14.1327
G01 X26.8318Y14.0084
G01 X26.8411Y13.9957
G01 X26.9356Y13.8856
G01 X27.0500Y13.7876
G01 X27.0584Y13.7818
G01 X27.1824Y13.7063
G01 X27.3163Y13.6504
G01 X27.3313Y13.6456
G01 X27.4725Y13.6120
G01 X27.6250Y13.6000
G01 X29.3750Y13.6000
G01 X29.5256Y13.6117
G01 X29.6555Y13.6424
G01 X31.1490Y12.1489
G01 X31.2071Y12.0961
G01 X31.2744Y12.0456
G01 X31.3537Y11.9982
G01 X31.4293Y11.9629
G01 X31.4986Y11.9381
G01 X31.5890Y11.9155
G01 X31.6716Y11.9037
G01 X31.7500Y11.9000
G01 X36.4105Y11.9000
G01 X36.4441Y11.8301
G01 X36.4996Y11.7375
G01 X36.5756Y11.6350
G01 X36.6481Y11.5550
G01 X36.7350Y11.4756
G01 X36.8375Y11.3996
G01 X36.9387Y11.3395
G01 X37.0363Y11.2933
G01 X37.1564Y11.2504
G01 X37.2707Y11.2222
G01 X37.3775Y11.2064
G01 X37.5049Y11.2001
G01 X37.6225Y11.2064
G01 X37.7305Y11.2224
G01 X37.8436Y11.2504
G01 X37.9546Y11.2896
G01 X38.0699Y11.3441
G01 X38.1707Y11.4051
G01 X38.2650Y11.4756
G01 X38.3519Y11.5550
G01 X38.4306Y11.6426
G01 X38.4954Y11.7300
G01 X38.5559Y11.8301
G01 X38.6104Y11.9454
G01 X38.6496Y12.0564
G01 X38.6776Y12.1695
G01 X38.6936Y12.2775
G01 X38.6999Y12.3951
G01 X38.6946Y12.5127
G01 X38.6776Y12.6305
G01 X38.6468Y12.7530
G01 X38.6067Y12.8637
G01 X38.5559Y12.9699
G01 X38.4949Y13.0707
G01 X38.4244Y13.1650
G01 X38.3450Y13.2519
G01 X38.2574Y13.3306
G01 X38.1625Y13.4004
G01 X38.0613Y13.4605
G01 X37.9546Y13.5104
G01 X37.8530Y13.5468
G01 X37.8166Y13.5564
G01 X37.7920Y13.5647
G01 X37.7206Y13.5826
G01 X37.6382Y13.5953
G01 X37.5500Y13.6000
G01 X32.1021Y13.6000
G01 X30.3500Y15.3521
G01 X30.3500Y17.4250
G01 X30.3383Y17.5756
G01 X30.3044Y17.7187
G01 X30.2996Y17.7337
G01 X30.2470Y17.8605
G01 X30.2399Y17.8745
G01 X30.1638Y17.9981
G01 X30.0698Y18.1087
G01 X30.0587Y18.1198
G01 X29.9500Y18.2124
G01 X29.9416Y18.2182
G01 X29.8176Y18.2937
G01 X29.6804Y18.3509
G01 X29.6687Y18.3544
G01 X29.5275Y18.3880
G01 X29.3750Y18.4000
G01 X27.6250Y18.4000
G01 X27.4744Y18.3883
G01 X27.3237Y18.3523
G01 X27.1895Y18.2970
G01 X27.1755Y18.2899
G01 X27.0519Y18.2138
G01 X26.9413Y18.1198
G01 X26.9302Y18.1087
G01 X26.8376Y18.0000
G01 X26.8318Y17.9916
G01 X26.7563Y17.8676
G01 X26.6991Y17.7304
G01 X26.6956Y17.7187
G01 X26.6620Y17.5775
G01 X26.6503Y17.4328
G01 X26.6500Y14.5750
G01 X26.6612Y14.4303
G00 Z3.0000
G00 X29.5311Y13.5142
G01 Z-0.1600
G01 X29.5532Y13.5149
G01 X29.5752Y13.5133
G01 X29.5970Y13.5096
G01 X29.6183Y13.5038
G01 X29.6389Y13.4959
G01 X29.6586Y13.4860
G01 X29.6766Y13.4748
G01 X29.6872Y13.4670
G01 X29.7038Y13.4525
G01 X31.0374Y12.1191
G01 X31.0523Y12.1027
G01 X31.0750Y12.0750
G01 X31.2197Y11.9563
G01 X31.3847Y11.8681
G01 X31.5638Y11.8137
G01 X31.7500Y11.7954
G01 X31.7857Y11.7989
G01 X31.8077Y11.8000
G01 X36.2172Y11.8000
G01 X36.2441Y11.7983
G01 X36.2562Y11.7965
G01 X36.2777Y11.7916
G01 X36.3077Y11.7809
G01 X36.3188Y11.7756
G01 X36.3380Y11.7647
G01 X36.3636Y11.7457
G01 X36.3796Y11.7305
G01 X36.3879Y11.7214
G01 X36.4014Y11.7040
G01 X36.4902Y11.5713
G01 X36.6713Y11.3902
G01 X36.8842Y11.2480
G01 X37.1208Y11.1500
G01 X37.3720Y11.1000
G01 X37.6280Y11.1000
G01 X37.8792Y11.1500
G01 X38.1158Y11.2480
G01 X38.3287Y11.3902
G01 X38.5098Y11.5713
G01 X38.6520Y11.7842
G01 X38.7500Y12.0208
G01 X38.8000Y12.2720
G01 X38.8000Y12.5280
G01 X38.7500Y12.7792
G01 X38.6520Y13.0158
G01 X38.5098Y13.2287
G01 X38.3287Y13.4098
G01 X38.1158Y13.5520
G01 X37.8792Y13.6500
G01 X37.8214Y13.6615
G01 X37.8047Y13.6656
G01 X37.7362Y13.6862
G01 X37.6650Y13.6934
G01 X37.6280Y13.7000
G01 X35.4919Y13.7001
G01 X35.4699Y13.7017
G01 X35.4482Y13.7054
G01 X35.4363Y13.7084
G01 X35.4153Y13.7154
G01 X35.3952Y13.7244
G01 X35.3685Y13.7402
G01 X35.3504Y13.7543
G01 X35.3344Y13.7694
G01 X35.3261Y13.7785
G01 X35.3126Y13.7960
G01 X35.3008Y13.8147
G01 X35.2910Y13.8344
G01 X35.2831Y13.8550
G01 X35.2772Y13.8763
G01 X35.2735Y13.8981
G01 X35.2720Y13.9201
G01 X35.2726Y13.9421
G01 X35.2753Y13.9640
G01 X35.2802Y13.9856
G01 X35.2910Y14.0156
G01 X35.2984Y14.0311
G01 X35.3691Y14.1632
G01 X35.4303Y14.3651
G01 X35.4521Y14.5861
G01 X35.4521Y17.4139
G01 X35.4303Y17.6349
G01 X35.3691Y17.8368
G01 X35.2696Y18.0228
G01 X35.1358Y18.1858
G01 X34.9728Y18.3196
G01 X34.7868Y18.4191
G01 X34.5849Y18.4803
G01 X34.3639Y18.5021
G01 X32.6361Y18.5021
G01 X32.4151Y18.4803
G01 X32.2132Y18.4191
G01 X32.0272Y18.3196
G01 X31.8642Y18.1858
G01 X31.7304Y18.0228
G01 X31.6309Y17.8368
G01 X31.5697Y17.6349
G01 X31.5479Y17.4139
G01 X31.5479Y14.8388
G01 X31.5472Y14.8216
G01 X31.5445Y14.7997
G01 X31.5396Y14.7782
G01 X31.5326Y14.7572
G01 X31.5236Y14.7371
G01 X31.5127Y14.7179
G01 X31.4999Y14.6999
G01 X31.4785Y14.6763
G01 X31.4618Y14.6618
G01 X31.4438Y14.6490
G01 X31.4333Y14.6427
G01 X31.4135Y14.6329
G01 X31.3929Y14.6250
G01 X31.3716Y14.6192
G01 X31.3499Y14.6154
G01 X31.3279Y14.6139
G01 X31.3058Y14.6145
G01 X31.2839Y14.6172
G01 X31.2624Y14.6221
G01 X31.2414Y14.6291
G01 X31.2213Y14.6381
G01 X31.2021Y14.6490
G01 X31.1841Y14.6618
G01 X31.1674Y14.6763
G01 X30.5180Y15.3255
G01 X30.5001Y15.3458
G01 X30.4874Y15.3638
G01 X30.4764Y15.3830
G01 X30.4674Y15.4031
G01 X30.4604Y15.4241
G01 X30.4557Y15.4444
G01 X30.4528Y15.4675
G01 X30.4521Y15.4846
G01 X30.4521Y17.4139
G01 X30.4303Y17.6349
G01 X30.3691Y17.8368
G01 X30.2696Y18.0228
G01 X30.1358Y18.1858
G01 X29.9728Y18.3196
G01 X29.7868Y18.4191
G01 X29.5849Y18.4803
G01 X29.3639Y18.5021
G01 X27.6361Y18.5021
G01 X27.4151Y18.4803
G01 X27.2132Y18.4191
G01 X27.0272Y18.3196
G01 X26.8642Y18.1858
G01 X26.7304Y18.0228
G01 X26.6309Y17.8368
G01 X26.5697Y17.6349
G01 X26.5479Y17.4139
G01 X26.5479Y14.5861
G01 X26.5697Y14.3651
G01 X26.6309Y14.1632
G01 X26.7304Y13.9772
G01 X26.8642Y13.8142
G01 X27.0272Y13.6804
G01 X27.2132Y13.5809
G01 X27.4151Y13.5197
G01 X27.6361Y13.4979
G01 X29.3639Y13.4979
G01 X29.5311Y13.5142
G00 Z3.0000
G00 X31.4335Y14.4807
G01 Z-0.1600
G01 X31.5138Y14.4004
G01 X31.5115Y14.4185
G01 X31.5043Y14.5108
G01 X31.4777Y14.4973
G01 X31.4550Y14.4879
G01 X31.4335Y14.4807
G00 Z3.0000
G00 X31.6612Y14.4303
G01 Z-0.1600
G01 X31.6635Y14.4148
G01 X31.6977Y14.2737
G01 X31.7561Y14.1327
G01 X31.8362Y14.0019
G01 X31.9356Y13.8856
G01 X32.0500Y13.7876
G01 X32.0584Y13.7818
G01 X32.1824Y13.7063
G01 X32.3196Y13.6491
G01 X32.3313Y13.6456
G01 X32.4725Y13.6120
G01 X32.6250Y13.6000
G01 X34.3750Y13.6000
G01 X34.5197Y13.6111
G01 X34.5352Y13.6135
G01 X34.6763Y13.6477
G01 X34.8173Y13.7061
G01 X34.9481Y13.7862
G01 X35.0587Y13.8802
G01 X35.0698Y13.8913
G01 X35.1624Y14.0000
G01 X35.1682Y14.0084
G01 X35.2437Y14.1324
G01 X35.3009Y14.2696
G01 X35.3044Y14.2813
G01 X35.3365Y14.4148
G01 X35.3389Y14.4303
G01 X35.3500Y14.5750
G01 X35.3500Y17.4250
G01 X35.3389Y17.5697
G01 X35.3365Y17.5852
G01 X35.3023Y17.7263
G01 X35.2470Y17.8605
G01 X35.2399Y17.8745
G01 X35.1638Y17.9981
G01 X35.0698Y18.1087
G01 X35.0587Y18.1198
G01 X34.9500Y18.2124
G01 X34.9416Y18.2182
G01 X34.8176Y18.2937
G01 X34.6804Y18.3509
G01 X34.6687Y18.3544
G01 X34.5352Y18.3865
G01 X34.5197Y18.3889
G01 X34.3750Y18.4000
G01 X32.6250Y18.4000
G01 X32.4803Y18.3889
G01 X32.4648Y18.3865
G01 X32.3237Y18.3523
G01 X32.1895Y18.2970
G01 X32.1755Y18.2899
G01 X32.0519Y18.2138
G01 X31.9413Y18.1198
G01 X31.9302Y18.1087
G01 X31.8376Y18.0000
G01 X31.7601Y17.8745
G01 X31.7530Y17.8605
G01 X31.7004Y17.7337
G01 X31.6956Y17.7187
G01 X31.6620Y17.5775
G01 X31.6503Y17.4328
G01 X31.6500Y14.5750
G01 X31.6612Y14.4303
G00 Z3.0000
G00 X35.1656Y13.7500
G01 Z-0.1600
G01 X35.1569Y13.7670
G01 X35.1371Y13.7500
G01 X35.1656Y13.7500
G00 Z3.0000
G00 X39.6612Y14.4303
G01 Z-0.1600
G01 X39.6635Y14.4148
G01 X39.6977Y14.2737
G01 X39.7561Y14.1327
G01 X39.8362Y14.0019
G01 X39.9356Y13.8856
G01 X40.0500Y13.7876
G01 X40.0584Y13.7818
G01 X40.1824Y13.7063
G01 X40.3196Y13.6491
G01 X40.3313Y13.6456
G01 X40.4725Y13.6120
G01 X40.6250Y13.6000
G01 X42.3750Y13.6000
G01 X42.5197Y13.6111
G01 X42.5352Y13.6135
G01 X42.6763Y13.6477
G01 X42.8173Y13.7061
G01 X42.9481Y13.7862
G01 X43.0587Y13.8802
G01 X43.0698Y13.8913
G01 X43.1624Y14.0000
G01 X43.1682Y14.0084
G01 X43.2437Y14.1324
G01 X43.3009Y14.2696
G01 X43.3044Y14.2813
G01 X43.3365Y14.4148
G01 X43.3389Y14.4303
G01 X43.3500Y14.5750
G01 X43.3500Y17.4250
G01 X43.3389Y17.5697
G01 X43.3365Y17.5852
G01 X43.3023Y17.7263
G01 X43.2470Y17.8605
G01 X43.2399Y17.8745
G01 X43.1638Y17.9981
G01 X43.0698Y18.1087
G01 X43.0587Y18.1198
G01 X42.9500Y18.2124
G01 X42.9416Y18.2182
G01 X42.8176Y18.2937
G01 X42.6804Y18.3509
G01 X42.6687Y18.3544
G01 X42.5352Y18.3865
G01 X42.5197Y18.3889
G01 X42.3750Y18.4000
G01 X40.6250Y18.4000
G01 X40.4803Y18.3889
G01 X40.4648Y18.3865
G01 X40.3237Y18.3523
G01 X40.1895Y18.2970
G01 X40.1755Y18.2899
G01 X40.0519Y18.2138
G01 X39.9413Y18.1198
G01 X39.9302Y18.1087
G01 X39.8376Y18.0000
G01 X39.7601Y17.8745
G01 X39.7530Y17.8605
G01 X39.7004Y17.7337
G01 X39.6956Y17.7187
G01 X39.6620Y17.5775
G01 X39.6503Y17.4328
G01 X39.6500Y14.5750
G01 X39.6612Y14.4303
G00 Z3.0000
G00 X43.4521Y17.4139
G01 Z-0.1600
G01 X43.4303Y17.6349
G01 X43.3691Y17.8368
G01 X43.2696Y18.0228
G01 X43.1358Y18.1858
G01 X42.9728Y18.3196
G01 X42.7868Y18.4191
G01 X42.5849Y18.4803
G01 X42.3639Y18.5021
G01 X40.6361Y18.5021
G01 X40.4151Y18.4803
G01 X40.2132Y18.4191
G01 X40.0272Y18.3196
G01 X39.8642Y18.1858
G01 X39.7304Y18.0228
G01 X39.6309Y17.8368
G01 X39.5697Y17.6349
G01 X39.5479Y17.4139
G01 X39.5479Y14.5861
G01 X39.5697Y14.3651
G01 X39.6309Y14.1632
G01 X39.7304Y13.9772
G01 X39.8642Y13.8142
G01 X40.0272Y13.6804
G01 X40.2132Y13.5809
G01 X40.4151Y13.5197
G01 X40.6361Y13.4979
G01 X42.3639Y13.4979
G01 X42.5849Y13.5197
G01 X42.7868Y13.5809
G01 X42.9728Y13.6804
G01 X43.1358Y13.8142
G01 X43.2696Y13.9772
G01 X43.3691Y14.1632
G01 X43.4303Y14.3651
G01 X43.4521Y14.5861
G01 X43.4521Y17.4139
G00 Z3.0000
G00 X44.5479Y17.4139
G01 Z-0.1600
G01 X44.5479Y14.5861
G01 X44.5697Y14.3651
G01 X44.6309Y14.1632
G01 X44.7304Y13.9772
G01 X44.8642Y13.8142
G01 X45.0272Y13.6804
G01 X45.2132Y13.5809
G01 X45.4151Y13.5197
G01 X45.6361Y13.4979
G01 X47.3639Y13.4979
G01 X47.5849Y13.5197
G01 X47.7868Y13.5809
G01 X47.9728Y13.6804
G01 X48.1358Y13.8142
G01 X48.2696Y13.9772
G01 X48.3691Y14.1632
G01 X48.4303Y14.3651
G01 X48.4521Y14.5861
G01 X48.4521Y17.4139
G01 X48.4303Y17.6349
G01 X48.3691Y17.8368
G01 X48.2696Y18.0228
G01 X48.1358Y18.1858
G01 X47.9728Y18.3196
G01 X47.7868Y18.4191
G01 X47.5849Y18.4803
G01 X47.3639Y18.5021
G01 X45.6361Y18.5021
G01 X45.4151Y18.4803
G01 X45.2132Y18.4191
G01 X45.0272Y18.3196
G01 X44.8642Y18.1858
G01 X44.7304Y18.0228
G01 X44.6309Y17.8368
G01 X44.5697Y17.6349
G01 X44.5479Y17.4139
G00 Z3.0000
G00 X44.6612Y14.4303
G01 Z-0.1600
G01 X44.6635Y14.4148
G01 X44.6977Y14.2737
G01 X44.7561Y14.1327
G01 X44.8362Y14.0019
G01 X44.9356Y13.8856
G01 X45.0500Y13.7876
G01 X45.0584Y13.7818
G01 X45.1824Y13.7063
G01 X45.3196Y13.6491
G01 X45.3313Y13.6456
G01 X45.4725Y13.6120
G01 X45.6250Y13.6000
G01 X47.3750Y13.6000
G01 X47.5197Y13.6111
G01 X47.5352Y13.6135
G01 X47.6763Y13.6477
G01 X47.8173Y13.7061
G01 X47.9481Y13.7862
G01 X48.0587Y13.8802
G01 X48.0698Y13.8913
G01 X48.1624Y14.0000
G01 X48.1682Y14.0084
G01 X48.2437Y14.1324
G01 X48.3009Y14.2696
G01 X48.3044Y14.2813
G01 X48.3365Y14.4148
G01 X48.3389Y14.4303
G01 X48.3500Y14.5750
G01 X48.3500Y17.4250
G01 X48.3389Y17.5697
G01 X48.3365Y17.5852
G01 X48.3023Y17.7263
G01 X48.2470Y17.8605
G01 X48.2399Y17.8745
G01 X48.1638Y17.9981
G01 X48.0698Y18.1087
G01 X48.0587Y18.1198
G01 X47.9500Y18.2124
G01 X47.9416Y18.2182
G01 X47.8176Y18.2937
G01 X47.6804Y18.3509
G01 X47.6687Y18.3544
G01 X47.5352Y18.3865
G01 X47.5197Y18.3889
G01 X47.3750Y18.4000
G01 X45.6250Y18.4000
G01 X45.4803Y18.3889
G01 X45.4648Y18.3865
G01 X45.3237Y18.3523
G01 X45.1895Y18.2970
G01 X45.1755Y18.2899
G01 X45.0519Y18.2138
G01 X44.9413Y18.1198
G01 X44.9302Y18.1087
G01 X44.8376Y18.0000
G01 X44.7601Y17.8745
G01 X44.7530Y17.8605
G01 X44.7004Y17.7337
G01 X44.6956Y17.7187
G01 X44.6620Y17.5775
G01 X44.6503Y17.4328
G01 X44.6500Y14.5750
G01 X44.6612Y14.4303
G00 Z3.0000
G00 X49.6612Y14.4303
G01 Z-0.1600
G01 X49.6635Y14.4148
G01 X49.6956Y14.2813
G01 X49.7004Y14.2663
G01 X49.7561Y14.1327
G01 X49.8318Y14.0084
G01 X49.8411Y13.9957
G01 X49.9356Y13.8856
G01 X50.0500Y13.7876
G01 X50.0584Y13.7818
G01 X50.1824Y13.7063
G01 X50.3163Y13.6504
G01 X50.3313Y13.6456
G01 X50.4725Y13.6120
G01 X50.6250Y13.6000
G01 X52.3750Y13.6000
G01 X52.5197Y13.6111
G01 X52.5352Y13.6135
G01 X52.6763Y13.6477
G01 X52.7423Y13.6747
G01 X54.2680Y12.1489
G01 X54.3261Y12.0961
G01 X54.3935Y12.0456
G01 X54.4728Y11.9982
G01 X54.5484Y11.9629
G01 X54.6177Y11.9381
G01 X54.7081Y11.9155
G01 X54.7906Y11.9037
G01 X54.8691Y11.9000
G01 X59.4105Y11.9000
G01 X59.4441Y11.8301
G01 X59.4996Y11.7375
G01 X59.5756Y11.6350
G01 X59.6481Y11.5550
G01 X59.7350Y11.4756
G01 X59.8375Y11.3996
G01 X59.9387Y11.3395
G01 X60.0363Y11.2933
G01 X60.1564Y11.2504
G01 X60.2707Y11.2222
G01 X60.3775Y11.2064
G01 X60.5049Y11.2001
G01 X60.6225Y11.2064
G01 X60.7305Y11.2224
G01 X60.8436Y11.2504
G01 X60.9546Y11.2896
G01 X61.0699Y11.3441
G01 X61.1707Y11.4051
G01 X61.2650Y11.4756
G01 X61.3519Y11.5550
G01 X61.4306Y11.6426
G01 X61.4954Y11.7300
G01 X61.5559Y11.8301
G01 X61.6104Y11.9454
G01 X61.6496Y12.0564
G01 X61.6776Y12.1695
G01 X61.6936Y12.2775
G01 X61.6999Y12.3951
G01 X61.6946Y12.5127
G01 X61.6776Y12.6305
G01 X61.6496Y12.7436
G01 X61.6104Y12.8546
G01 X61.5605Y12.9613
G01 X61.5004Y13.0625
G01 X61.4306Y13.1574
G01 X61.3519Y13.2450
G01 X61.2650Y13.3244
G01 X61.1700Y13.3954
G01 X61.0699Y13.4559
G01 X60.9637Y13.5067
G01 X60.8530Y13.5468
G01 X60.7389Y13.5759
G01 X60.6225Y13.5936
G01 X60.5049Y13.5999
G01 X60.4749Y13.5989
G01 X60.4500Y13.6000
G01 X55.2211Y13.6000
G01 X53.3500Y15.4711
G01 X53.3500Y17.4250
G01 X53.3383Y17.5756
G01 X53.3044Y17.7187
G01 X53.2996Y17.7337
G01 X53.2470Y17.8605
G01 X53.2399Y17.8745
G01 X53.1638Y17.9981
G01 X53.0698Y18.1087
G01 X53.0587Y18.1198
G01 X52.9500Y18.2124
G01 X52.9416Y18.2182
G01 X52.8176Y18.2937
G01 X52.6804Y18.3509
G01 X52.6687Y18.3544
G01 X52.5275Y18.3880
G01 X52.3750Y18.4000
G01 X50.6250Y18.4000
G01 X50.4744Y18.3883
G01 X50.3237Y18.3523
G01 X50.1895Y18.2970
G01 X50.1755Y18.2899
G01 X50.0519Y18.2138
G01 X49.9413Y18.1198
G01 X49.9302Y18.1087
G01 X49.8376Y18.0000
G01 X49.8318Y17.9916
G01 X49.7563Y17.8676
G01 X49.6991Y17.7304
G01 X49.6956Y17.7187
G01 X49.6620Y17.5775
G01 X49.6503Y17.4328
G01 X49.6500Y14.5750
G01 X49.6612Y14.4303
G00 Z3.0000
G00 X52.5917Y13.5216
G01 Z-0.1600
G01 X52.6133Y13.5265
G01 X52.6254Y13.5283
G01 X52.6474Y13.5299
G01 X52.6792Y13.5283
G01 X52.7010Y13.5246
G01 X52.7129Y13.5217
G01 X52.7338Y13.5147
G01 X52.7540Y13.5057
G01 X52.7807Y13.4898
G01 X52.7988Y13.4758
G01 X52.8114Y13.4641
G01 X54.1565Y12.1191
G01 X54.1713Y12.1027
G01 X54.1941Y12.0750
G01 X54.3387Y11.9563
G01 X54.5037Y11.8681
G01 X54.6828Y11.8137
G01 X54.8691Y11.7954
G01 X54.9047Y11.7989
G01 X54.9268Y11.8000
G01 X59.2172Y11.8000
G01 X59.2441Y11.7983
G01 X59.2562Y11.7965
G01 X59.2777Y11.7916
G01 X59.3077Y11.7809
G01 X59.3192Y11.7754
G01 X59.3380Y11.7647
G01 X59.3636Y11.7457
G01 X59.3796Y11.7305
G01 X59.3879Y11.7214
G01 X59.4014Y11.7040
G01 X59.4902Y11.5713
G01 X59.6713Y11.3902
G01 X59.8842Y11.2480
G01 X60.1208Y11.1500
G01 X60.3720Y11.1000
G01 X60.6280Y11.1000
G01 X60.8792Y11.1500
G01 X61.1158Y11.2480
G01 X61.3287Y11.3902
G01 X61.5098Y11.5713
G01 X61.6520Y11.7842
G01 X61.7500Y12.0208
G01 X61.8000Y12.2720
G01 X61.8000Y12.5280
G01 X61.7500Y12.7792
G01 X61.6520Y13.0158
G01 X61.5098Y13.2287
G01 X61.3287Y13.4098
G01 X61.1158Y13.5520
G01 X60.8792Y13.6500
G01 X60.6280Y13.7000
G01 X58.4919Y13.7001
G01 X58.4699Y13.7017
G01 X58.4482Y13.7054
G01 X58.4363Y13.7084
G01 X58.4153Y13.7154
G01 X58.3952Y13.7244
G01 X58.3685Y13.7402
G01 X58.3504Y13.7543
G01 X58.3344Y13.7694
G01 X58.3261Y13.7785
G01 X58.3126Y13.7960
G01 X58.3008Y13.8147
G01 X58.2910Y13.8344
G01 X58.2831Y13.8550
G01 X58.2772Y13.8763
G01 X58.2735Y13.8981
G01 X58.2720Y13.9201
G01 X58.2726Y13.9421
G01 X58.2753Y13.9640
G01 X58.2802Y13.9856
G01 X58.2910Y14.0156
G01 X58.2984Y14.0311
G01 X58.3691Y14.1632
G01 X58.4303Y14.3651
G01 X58.4521Y14.5861
G01 X58.4521Y17.4139
G01 X58.4303Y17.6349
G01 X58.3691Y17.8368
G01 X58.2696Y18.0228
G01 X58.1358Y18.1858
G01 X57.9728Y18.3196
G01 X57.7868Y18.4191
G01 X57.5849Y18.4803
G01 X57.3639Y18.5021
G01 X55.6361Y18.5021
G01 X55.4151Y18.4803
G01 X55.2132Y18.4191
G01 X55.0272Y18.3196
G01 X54.8642Y18.1858
G01 X54.7304Y18.0228
G01 X54.6309Y17.8368
G01 X54.5697Y17.6349
G01 X54.5479Y17.4139
G01 X54.5479Y14.9578
G01 X54.5472Y14.9406
G01 X54.5445Y14.9187
G01 X54.5396Y14.8972
G01 X54.5326Y14.8763
G01 X54.5236Y14.8561
G01 X54.5127Y14.8369
G01 X54.4999Y14.8189
G01 X54.4785Y14.7953
G01 X54.4618Y14.7809
G01 X54.4438Y14.7681
G01 X54.4333Y14.7618
G01 X54.4135Y14.7519
G01 X54.3929Y14.7440
G01 X54.3716Y14.7382
G01 X54.3499Y14.7345
G01 X54.3279Y14.7329
G01 X54.3058Y14.7335
G01 X54.2839Y14.7363
G01 X54.2624Y14.7412
G01 X54.2414Y14.7482
G01 X54.2213Y14.7572
G01 X54.2021Y14.7681
G01 X54.1841Y14.7809
G01 X54.1674Y14.7953
G01 X53.5180Y15.4446
G01 X53.5001Y15.4648
G01 X53.4874Y15.4828
G01 X53.4764Y15.5020
G01 X53.4674Y15.5222
G01 X53.4604Y15.5431
G01 X53.4557Y15.5634
G01 X53.4528Y15.5865
G01 X53.4521Y15.6037
G01 X53.4521Y17.4139
G01 X53.4303Y17.6349
G01 X53.3691Y17.8368
G01 X53.2696Y18.0228
G01 X53.1358Y18.1858
G01 X52.9728Y18.3196
G01 X52.7868Y18.4191
G01 X52.5849Y18.4803
G01 X52.3639Y18.5021
G01 X50.6361Y18.5021
G01 X50.4151Y18.4803
G01 X50.2132Y18.4191
G01 X50.0272Y18.3196
G01 X49.8642Y18.1858
G01 X49.7304Y18.0228
G01 X49.6309Y17.8368
G01 X49.5697Y17.6349
G01 X49.5479Y17.4139
G01 X49.5479Y14.5861
G01 X49.5697Y14.3651
G01 X49.6309Y14.1632
G01 X49.7304Y13.9772
G01 X49.8642Y13.8142
G01 X50.0272Y13.6804
G01 X50.2132Y13.5809
G01 X50.4151Y13.5197
G01 X50.6361Y13.4979
G01 X52.3639Y13.4979
G01 X52.5849Y13.5197
G01 X52.5917Y13.5216
G00 Z3.0000
G00 X54.4335Y14.5998
G01 Z-0.1600
G01 X54.5027Y14.5305
G01 X54.5000Y14.5750
G01 X54.5000Y14.6276
G01 X54.4777Y14.6163
G01 X54.4550Y14.6069
G01 X54.4335Y14.5998
G00 Z3.0000
G00 X54.6612Y14.4303
G01 Z-0.1600
G01 X54.6635Y14.4148
G01 X54.6977Y14.2737
G01 X54.7561Y14.1327
G01 X54.8362Y14.0019
G01 X54.9356Y13.8856
G01 X55.0500Y13.7876
G01 X55.0584Y13.7818
G01 X55.1824Y13.7063
G01 X55.3196Y13.6491
G01 X55.3313Y13.6456
G01 X55.4725Y13.6120
G01 X55.6250Y13.6000
G01 X57.3750Y13.6000
G01 X57.5197Y13.6111
G01 X57.5352Y13.6135
G01 X57.6763Y13.6477
G01 X57.8173Y13.7061
G01 X57.9481Y13.7862
G01 X58.0587Y13.8802
G01 X58.0698Y13.8913
G01 X58.1624Y14.0000
G01 X58.1682Y14.0084
G01 X58.2437Y14.1324
G01 X58.3009Y14.2696
G01 X58.3044Y14.2813
G01 X58.3365Y14.4148
G01 X58.3389Y14.4303
G01 X58.3500Y14.5750
G01 X58.3500Y17.4250
G01 X58.3389Y17.5697
G01 X58.3365Y17.5852
G01 X58.3023Y17.7263
G01 X58.2470Y17.8605
G01 X58.2399Y17.8745
G01 X58.1638Y17.9981
G01 X58.0698Y18.1087
G01 X58.0587Y18.1198
G01 X57.9500Y18.2124
G01 X57.9416Y18.2182
G01 X57.8176Y18.2937
G01 X57.6804Y18.3509
G01 X57.6687Y18.3544
G01 X57.5352Y18.3865
G01 X57.5197Y18.3889
G01 X57.3750Y18.4000
G01 X55.6250Y18.4000
G01 X55.4803Y18.3889
G01 X55.4648Y18.3865
G01 X55.3237Y18.3523
G01 X55.1895Y18.2970
G01 X55.1755Y18.2899
G01 X55.0519Y18.2138
G01 X54.9413Y18.1198
G01 X54.9302Y18.1087
G01 X54.8376Y18.0000
G01 X54.7601Y17.8745
G01 X54.7530Y17.8605
G01 X54.7004Y17.7337
G01 X54.6956Y17.7187
G01 X54.6620Y17.5775
G01 X54.6503Y17.4328
G01 X54.6500Y14.5750
G01 X54.6612Y14.4303
G00 Z3.0000
G00 X58.1656Y13.7500
G01 Z-0.1600
G01 X58.1569Y13.7670
G01 X58.1371Y13.7500
G01 X58.1656Y13.7500
G00 Z3.0000
G00 X62.6612Y14.4303
G01 Z-0.1600
G01 X62.6635Y14.4148
G01 X62.6977Y14.2737
G01 X62.7561Y14.1327
G01 X62.8362Y14.0019
G01 X62.9356Y13.8856
G01 X63.0500Y13.7876
G01 X63.0584Y13.7818
G01 X63.1824Y13.7063
G01 X63.3196Y13.6491
G01 X63.3313Y13.6456
G01 X63.4725Y13.6120
G01 X63.6250Y13.6000
G01 X65.3750Y13.6000
G01 X65.5197Y13.6111
G01 X65.5352Y13.6135
G01 X65.6763Y13.6477
G01 X65.8173Y13.7061
G01 X65.9481Y13.7862
G01 X66.0587Y13.8802
G01 X66.0698Y13.8913
G01 X66.1624Y14.0000
G01 X66.1682Y14.0084
G01 X66.2437Y14.1324
G01 X66.3009Y14.2696
G01 X66.3044Y14.2813
G01 X66.3365Y14.4148
G01 X66.3389Y14.4303
G01 X66.3500Y14.5750
G01 X66.3500Y17.4250
G01 X66.3389Y17.5697
G01 X66.3365Y17.5852
G01 X66.3023Y17.7263
G01 X66.2470Y17.8605
G01 X66.2399Y17.8745
G01 X66.1638Y17.9981
G01 X66.0698Y18.1087
G01 X66.0587Y18.1198
G01 X65.9500Y18.2124
G01 X65.9416Y18.2182
G01 X65.8176Y18.2937
G01 X65.6804Y18.3509
G01 X65.6687Y18.3544
G01 X65.5352Y18.3865
G01 X65.5197Y18.3889
G01 X65.3750Y18.4000
G01 X63.6250Y18.4000
G01 X63.4803Y18.3889
G01 X63.4648Y18.3865
G01 X63.3237Y18.3523
G01 X63.1895Y18.2970
G01 X63.1755Y18.2899
G01 X63.0519Y18.2138
G01 X62.9413Y18.1198
G01 X62.9302Y18.1087
G01 X62.8376Y18.0000
G01 X62.7601Y17.8745
G01 X62.7530Y17.8605
G01 X62.7004Y17.7337
G01 X62.6956Y17.7187
G01 X62.6620Y17.5775
G01 X62.6503Y17.4328
G01 X62.6500Y14.5750
G01 X62.6612Y14.4303
G00 Z3.0000
G00 X66.4521Y17.4139
G01 Z-0.1600
G01 X66.4303Y17.6349
G01 X66.3691Y17.8368
G01 X66.2696Y18.0228
G01 X66.1358Y18.1858
G01 X65.9728Y18.3196
G01 X65.7868Y18.4191
G01 X65.5849Y18.4803
G01 X65.3639Y18.5021
G01 X63.6361Y18.5021
G01 X63.4151Y18.4803
G01 X63.2132Y18.4191
G01 X63.0272Y18.3196
G01 X62.8642Y18.1858
G01 X62.7304Y18.0228
G01 X62.6309Y17.8368
G01 X62.5697Y17.6349
G01 X62.5479Y17.4139
G01 X62.5479Y14.5861
G01 X62.5697Y14.3651
G01 X62.6309Y14.1632
G01 X62.7304Y13.9772
G01 X62.8642Y13.8142
G01 X63.0272Y13.6804
G01 X63.2132Y13.5809
G01 X63.4151Y13.5197
G01 X63.6361Y13.4979
G01 X65.3639Y13.4979
G01 X65.5849Y13.5197
G01 X65.7868Y13.5809
G01 X65.9728Y13.6804
G01 X66.1358Y13.8142
G01 X66.2696Y13.9772
G01 X66.3691Y14.1632
G01 X66.4303Y14.3651
G01 X66.4521Y14.5861
G01 X66.4521Y17.4139
G00 Z3.0000
G00 X67.5479Y17.4139
G01 Z-0.1600
G01 X67.5479Y14.5861
G01 X67.5697Y14.3651
G01 X67.6309Y14.1632
G01 X67.7304Y13.9772
G01 X67.8642Y13.8142
G01 X68.0272Y13.6804
G01 X68.2132Y13.5809
G01 X68.4151Y13.5197
G01 X68.6361Y13.4979
G01 X70.3639Y13.4979
G01 X70.5849Y13.5197
G01 X70.7868Y13.5809
G01 X70.9728Y13.6804
G01 X71.1358Y13.8142
G01 X71.2696Y13.9772
G01 X71.3691Y14.1632
G01 X71.4303Y14.3651
G01 X71.4521Y14.5861
G01 X71.4521Y17.4139
G01 X71.4303Y17.6349
G01 X71.3691Y17.8368
G01 X71.2696Y18.0228
G01 X71.1358Y18.1858
G01 X70.9728Y18.3196
G01 X70.7868Y18.4191
G01 X70.5849Y18.4803
G01 X70.3639Y18.5021
G01 X68.6361Y18.5021
G01 X68.4151Y18.4803
G01 X68.2132Y18.4191
G01 X68.0272Y18.3196
G01 X67.8642Y18.1858
G01 X67.7304Y18.0228
G01 X67.6309Y17.8368
G01 X67.5697Y17.6349
G01 X67.5479Y17.4139
G00 Z3.0000
G00 X67.6612Y14.4303
G01 Z-0.1600
G01 X67.6635Y14.4148
G01 X67.6977Y14.2737
G01 X67.7561Y14.1327
G01 X67.8362Y14.0019
G01 X67.9356Y13.8856
G01 X68.0500Y13.7876
G01 X68.0584Y13.7818
G01 X68.1824Y13.7063
G01 X68.3196Y13.6491
G01 X68.3313Y13.6456
G01 X68.4725Y13.6120
G01 X68.6250Y13.6000
G01 X70.3750Y13.6000
G01 X70.5197Y13.6111
G01 X70.5352Y13.6135
G01 X70.6763Y13.6477
G01 X70.8173Y13.7061
G01 X70.9481Y13.7862
G01 X71.0587Y13.8802
G01 X71.0698Y13.8913
G01 X71.1624Y14.0000
G01 X71.1682Y14.0084
G01 X71.2437Y14.1324
G01 X71.3009Y14.2696
G01 X71.3044Y14.2813
G01 X71.3365Y14.4148
G01 X71.3389Y14.4303
G01 X71.3500Y14.5750
G01 X71.3500Y17.4250
G01 X71.3389Y17.5697
G01 X71.3365Y17.5852
G01 X71.3023Y17.7263
G01 X71.2470Y17.8605
G01 X71.2399Y17.8745
G01 X71.1638Y17.9981
G01 X71.0698Y18.1087
G01 X71.0587Y18.1198
G01 X70.9500Y18.2124
G01 X70.9416Y18.2182
G01 X70.8176Y18.2937
G01 X70.6804Y18.3509
G01 X70.6687Y18.3544
G01 X70.5352Y18.3865
G01 X70.5197Y18.3889
G01 X70.3750Y18.4000
G01 X68.6250Y18.4000
G01 X68.4803Y18.3889
G01 X68.4648Y18.3865
G01 X68.3237Y18.3523
G01 X68.1895Y18.2970
G01 X68.1755Y18.2899
G01 X68.0519Y18.2138
G01 X67.9413Y18.1198
G01 X67.9302Y18.1087
G01 X67.8376Y18.0000
G01 X67.7601Y17.8745
G01 X67.7530Y17.8605
G01 X67.7004Y17.7337
G01 X67.6956Y17.7187
G01 X67.6620Y17.5775
G01 X67.6503Y17.4328
G01 X67.6500Y14.5750
G01 X67.6612Y14.4303
G00 Z3.0000
G00 X72.6612Y14.4303
G01 Z-0.1600
G01 X72.6635Y14.4148
G01 X72.6956Y14.2813
G01 X72.7004Y14.2663
G01 X72.7561Y14.1327
G01 X72.8318Y14.0084
G01 X72.8411Y13.9957
G01 X72.9356Y13.8856
G01 X73.0500Y13.7876
G01 X73.0584Y13.7818
G01 X73.1824Y13.7063
G01 X73.3163Y13.6504
G01 X73.3313Y13.6456
G01 X73.4725Y13.6120
G01 X73.6250Y13.6000
G01 X75.3750Y13.6000
G01 X75.5197Y13.6111
G01 X75.5352Y13.6135
G01 X75.6763Y13.6477
G01 X75.7423Y13.6747
G01 X77.2680Y12.1489
G01 X77.3261Y12.0961
G01 X77.3935Y12.0456
G01 X77.4728Y11.9982
G01 X77.5484Y11.9629
G01 X77.6177Y11.9381
G01 X77.7081Y11.9155
G01 X77.7906Y11.9037
G01 X77.8691Y11.9000
G01 X82.4105Y11.9000
G01 X82.4441Y11.8301
G01 X82.4996Y11.7375
G01 X82.5756Y11.6350
G01 X82.6481Y11.5550
G01 X82.7350Y11.4756
G01 X82.8375Y11.3996
G01 X82.9387Y11.3395
G01 X83.0363Y11.2933
G01 X83.1564Y11.2504
G01 X83.2707Y11.2222
G01 X83.3775Y11.2064
G01 X83.5049Y11.2001
G01 X83.6225Y11.2064
G01 X83.7305Y11.2224
G01 X83.8436Y11.2504
G01 X83.9546Y11.2896
G01 X84.0699Y11.3441
G01 X84.1707Y11.4051
G01 X84.2650Y11.4756
G01 X84.3519Y11.5550
G01 X84.4306Y11.6426
G01 X84.4954Y11.7300
G01 X84.5559Y11.8301
G01 X84.6104Y11.9454
G01 X84.6496Y12.0564
G01 X84.6778Y12.1707
G01 X84.6936Y12.2775
G01 X84.6999Y12.3951
G01 X84.6946Y12.5127
G01 X84.6841Y12.5867
G01 X84.6963Y12.6716
G01 X84.6999Y12.7549
G01 X84.6953Y12.8382
G01 X84.6843Y12.9122
G01 X84.6619Y13.0014
G01 X84.6333Y13.0798
G01 X84.5972Y13.1549
G01 X84.5539Y13.2262
G01 X84.5101Y13.2854
G01 X84.4544Y13.3475
G01 X84.3854Y13.4101
G01 X84.3181Y13.4594
G01 X84.2463Y13.5018
G01 X84.1707Y13.5371
G01 X84.1014Y13.5618
G01 X84.0206Y13.5826
G01 X83.9382Y13.5953
G01 X83.8500Y13.6000
G01 X78.2211Y13.6000
G01 X76.3500Y15.4711
G01 X76.3500Y17.4250
G01 X76.3383Y17.5756
G01 X76.3044Y17.7187
G01 X76.2996Y17.7337
G01 X76.2470Y17.8605
G01 X76.2399Y17.8745
G01 X76.1638Y17.9981
G01 X76.0698Y18.1087
G01 X76.0587Y18.1198
G01 X75.9500Y18.2124
G01 X75.9416Y18.2182
G01 X75.8176Y18.2937
G01 X75.6804Y18.3509
G01 X75.6687Y18.3544
G01 X75.5275Y18.3880
G01 X75.3750Y18.4000
G01 X73.6250Y18.4000
G01 X73.4744Y18.3883
G01 X73.3237Y18.3523
G01 X73.1895Y18.2970
G01 X73.1755Y18.2899
G01 X73.0519Y18.2138
G01 X72.9413Y18.1198
G01 X72.9302Y18.1087
G01 X72.8376Y18.0000
G01 X72.8318Y17.9916
G01 X72.7563Y17.8676
G01 X72.6991Y17.7304
G01 X72.6956Y17.7187
G01 X72.6620Y17.5775
G01 X72.6503Y17.4328
G01 X72.6500Y14.5750
G01 X72.6612Y14.4303
G00 Z3.0000
G00 X75.5917Y13.5216
G01 Z-0.1600
G01 X75.6133Y13.5265
G01 X75.6254Y13.5283
G01 X75.6474Y13.5299
G01 X75.6792Y13.5283
G01 X75.7010Y13.5246
G01 X75.7129Y13.5217
G01 X75.7338Y13.5147
G01 X75.7540Y13.5057
G01 X75.7807Y13.4898
G01 X75.7988Y13.4758
G01 X75.8114Y13.4641
G01 X77.1565Y12.1191
G01 X77.1713Y12.1027
G01 X77.1941Y12.0750
G01 X77.3387Y11.9563
G01 X77.5037Y11.8681
G01 X77.6828Y11.8137
G01 X77.8691Y11.7954
G01 X77.9047Y11.7989
G01 X77.9268Y11.8000
G01 X82.2172Y11.8000
G01 X82.2441Y11.7983
G01 X82.2562Y11.7965
G01 X82.2777Y11.7916
G01 X82.3077Y11.7809
G01 X82.3192Y11.7754
G01 X82.3380Y11.7647
G01 X82.3636Y11.7457
G01 X82.3796Y11.7305
G01 X82.3879Y11.7214
G01 X82.4014Y11.7040
G01 X82.4902Y11.5713
G01 X82.6713Y11.3902
G01 X82.8842Y11.2480
G01 X83.1208Y11.1500
G01 X83.3720Y11.1000
G01 X83.6280Y11.1000
G01 X83.8792Y11.1500
G01 X84.1158Y11.2480
G01 X84.3287Y11.3902
G01 X84.5098Y11.5713
G01 X84.6520Y11.7842
G01 X84.7500Y12.0208
G01 X84.8000Y12.2720
G01 X84.8000Y12.5280
G01 X84.7923Y12.5704
G01 X84.7908Y12.6022
G01 X84.7917Y12.6193
G01 X84.8046Y12.7500
G01 X84.7862Y12.9362
G01 X84.7319Y13.1153
G01 X84.6437Y13.2803
G01 X84.5250Y13.4250
G01 X84.3803Y13.5437
G01 X84.2153Y13.6319
G01 X84.0362Y13.6862
G01 X83.8967Y13.7000
G01 X81.4968Y13.7000
G01 X81.4797Y13.7007
G01 X81.4578Y13.7035
G01 X81.4363Y13.7084
G01 X81.4062Y13.7191
G01 X81.3865Y13.7290
G01 X81.3685Y13.7402
G01 X81.3504Y13.7543
G01 X81.3344Y13.7694
G01 X81.3261Y13.7785
G01 X81.3126Y13.7960
G01 X81.3008Y13.8147
G01 X81.2910Y13.8344
G01 X81.2831Y13.8550
G01 X81.2772Y13.8763
G01 X81.2735Y13.8981
G01 X81.2720Y13.9201
G01 X81.2726Y13.9421
G01 X81.2753Y13.9640
G01 X81.2802Y13.9856
G01 X81.2910Y14.0156
G01 X81.2984Y14.0311
G01 X81.3691Y14.1632
G01 X81.4303Y14.3651
G01 X81.4521Y14.5861
G01 X81.4521Y17.4139
G01 X81.4303Y17.6349
G01 X81.3691Y17.8368
G01 X81.2696Y18.0228
G01 X81.1358Y18.1858
G01 X80.9728Y18.3196
G01 X80.7868Y18.4191
G01 X80.5849Y18.4803
G01 X80.3639Y18.5021
G01 X78.6361Y18.5021
G01 X78.4151Y18.4803
G01 X78.2132Y18.4191
G01 X78.0272Y18.3196
G01 X77.8642Y18.1858
G01 X77.7304Y18.0228
G01 X77.6309Y17.8368
G01 X77.5697Y17.6349
G01 X77.5479Y17.4139
G01 X77.5479Y14.9578
G01 X77.5472Y14.9406
G01 X77.5445Y14.9187
G01 X77.5396Y14.8972
G01 X77.5326Y14.8763
G01 X77.5236Y14.8561
G01 X77.5127Y14.8369
G01 X77.4999Y14.8189
G01 X77.4785Y14.7953
G01 X77.4618Y14.7809
G01 X77.4438Y14.7681
G01 X77.4333Y14.7618
G01 X77.4135Y14.7519
G01 X77.3929Y14.7440
G01 X77.3716Y14.7382
G01 X77.3499Y14.7345
G01 X77.3279Y14.7329
G01 X77.3058Y14.7335
G01 X77.2839Y14.7363
G01 X77.2624Y14.7412
G01 X77.2414Y14.7482
G01 X77.2213Y14.7572
G01 X77.2021Y14.7681
G01 X77.1841Y14.7809
G01 X77.1674Y14.7953
G01 X76.5180Y15.4446
G01 X76.5001Y15.4648
G01 X76.4874Y15.4828
G01 X76.4764Y15.5020
G01 X76.4674Y15.5222
G01 X76.4604Y15.5431
G01 X76.4557Y15.5634
G01 X76.4528Y15.5865
G01 X76.4521Y15.6037
G01 X76.4521Y17.4139
G01 X76.4303Y17.6349
G01 X76.3691Y17.8368
G01 X76.2696Y18.0228
G01 X76.1358Y18.1858
G01 X75.9728Y18.3196
G01 X75.7868Y18.4191
G01 X75.5849Y18.4803
G01 X75.3639Y18.5021
G01 X73.6361Y18.5021
G01 X73.4151Y18.4803
G01 X73.2132Y18.4191
G01 X73.0272Y18.3196
G01 X72.8642Y18.1858
G01 X72.7304Y18.0228
G01 X72.6309Y17.8368
G01 X72.5697Y17.6349
G01 X72.5479Y17.4139
G01 X72.5479Y14.5861
G01 X72.5697Y14.3651
G01 X72.6309Y14.1632
G01 X72.7304Y13.9772
G01 X72.8642Y13.8142
G01 X73.0272Y13.6804
G01 X73.2132Y13.5809
G01 X73.4151Y13.5197
G01 X73.6361Y13.4979
G01 X75.3639Y13.4979
G01 X75.5849Y13.5197
G01 X75.5917Y13.5216
G00 Z3.0000
G00 X77.4335Y14.5998
G01 Z-0.1600
G01 X77.5027Y14.5305
G01 X77.5000Y14.5750
G01 X77.5000Y14.6276
G01 X77.4777Y14.6163
G01 X77.4550Y14.6069
G01 X77.4335Y14.5998
G00 Z3.0000
G00 X77.6612Y14.4303
G01 Z-0.1600
G01 X77.6635Y14.4148
G01 X77.6977Y14.2737
G01 X77.7561Y14.1327
G01 X77.8362Y14.0019
G01 X77.9356Y13.8856
G01 X78.0500Y13.7876
G01 X78.0584Y13.7818
G01 X78.1824Y13.7063
G01 X78.3196Y13.6491
G01 X78.3313Y13.6456
G01 X78.4725Y13.6120
G01 X78.6250Y13.6000
G01 X80.3750Y13.6000
G01 X80.5197Y13.6111
G01 X80.5352Y13.6135
G01 X80.6763Y13.6477
G01 X80.8173Y13.7061
G01 X80.9481Y13.7862
G01 X81.0587Y13.8802
G01 X81.0698Y13.8913
G01 X81.1624Y14.0000
G01 X81.1682Y14.0084
G01 X81.2437Y14.1324
G01 X81.3009Y14.2696
G01 X81.3044Y14.2813
G01 X81.3365Y14.4148
G01 X81.3389Y14.4303
G01 X81.3500Y14.5750
G01 X81.3500Y17.4250
G01 X81.3389Y17.5697
G01 X81.3365Y17.5852
G01 X81.3023Y17.7263
G01 X81.2470Y17.8605
G01 X81.2399Y17.8745
G01 X81.1638Y17.9981
G01 X81.0698Y18.1087
G01 X81.0587Y18.1198
G01 X80.9500Y18.2124
G01 X80.9416Y18.2182
G01 X80.8176Y18.2937
G01 X80.6804Y18.3509
G01 X80.6687Y18.3544
G01 X80.5352Y18.3865
G01 X80.5197Y18.3889
G01 X80.3750Y18.4000
G01 X78.6250Y18.4000
G01 X78.4803Y18.3889
G01 X78.4648Y18.3865
G01 X78.3237Y18.3523
G01 X78.1895Y18.2970
G01 X78.1755Y18.2899
G01 X78.0519Y18.2138
G01 X77.9413Y18.1198
G01 X77.9302Y18.1087
G01 X77.8376Y18.0000
G01 X77.7601Y17.8745
G01 X77.7530Y17.8605
G01 X77.7004Y17.7337
G01 X77.6956Y17.7187
G01 X77.6620Y17.5775
G01 X77.6503Y17.4328
G01 X77.6500Y14.5750
G01 X77.6612Y14.4303
G00 Z3.0000
G00 X81.1656Y13.7500
G01 Z-0.1600
G01 X81.1569Y13.7670
G01 X81.1371Y13.7500
G01 X81.1656Y13.7500
G00 Z3.0000
G00 X85.6612Y14.4303
G01 Z-0.1600
G01 X85.6635Y14.4148
G01 X85.6977Y14.2737
G01 X85.7561Y14.1327
G01 X85.8362Y14.0019
G01 X85.9356Y13.8856
G01 X86.0500Y13.7876
G01 X86.0584Y13.7818
G01 X86.1824Y13.7063
G01 X86.3196Y13.6491
G01 X86.3313Y13.6456
G01 X86.4725Y13.6120
G01 X86.6250Y13.6000
G01 X88.3750Y13.6000
G01 X88.5197Y13.6111
G01 X88.5352Y13.6135
G01 X88.6763Y13.6477
G01 X88.8173Y13.7061
G01 X88.9481Y13.7862
G01 X89.0587Y13.8802
G01 X89.0698Y13.8913
G01 X89.1624Y14.0000
G01 X89.1682Y14.0084
G01 X89.2437Y14.1324
G01 X89.3009Y14.2696
G01 X89.3044Y14.2813
G01 X89.3365Y14.4148
G01 X89.3389Y14.4303
G01 X89.3500Y14.5750
G01 X89.3500Y17.4250
G01 X89.3389Y17.5697
G01 X89.3365Y17.5852
G01 X89.3023Y17.7263
G01 X89.2470Y17.8605
G01 X89.2399Y17.8745
G01 X89.1638Y17.9981
G01 X89.0698Y18.1087
G01 X89.0587Y18.1198
G01 X88.9500Y18.2124
G01 X88.9416Y18.2182
G01 X88.8176Y18.2937
G01 X88.6804Y18.3509
G01 X88.6687Y18.3544
G01 X88.5352Y18.3865
G01 X88.5197Y18.3889
G01 X88.3750Y18.4000
G01 X86.6250Y18.4000
G01 X86.4803Y18.3889
G01 X86.4648Y18.3865
G01 X86.3237Y18.3523
G01 X86.1895Y18.2970
G01 X86.1755Y18.2899
G01 X86.0519Y18.2138
G01 X85.9413Y18.1198
G01 X85.9302Y18.1087
G01 X85.8376Y18.0000
G01 X85.7601Y17.8745
G01 X85.7530Y17.8605
G01 X85.7004Y17.7337
G01 X85.6956Y17.7187
G01 X85.6620Y17.5775
G01 X85.6503Y17.4328
G01 X85.6500Y14.5750
G01 X85.6612Y14.4303
G00 Z3.0000
G00 X89.4521Y17.4139
G01 Z-0.1600
G01 X89.4303Y17.6349
G01 X89.3691Y17.8368
G01 X89.2696Y18.0228
G01 X89.1358Y18.1858
G01 X88.9728Y18.3196
G01 X88.7868Y18.4191
G01 X88.5849Y18.4803
G01 X88.3639Y18.5021
G01 X86.6361Y18.5021
G01 X86.4151Y18.4803
G01 X86.2132Y18.4191
G01 X86.0272Y18.3196
G01 X85.8642Y18.1858
G01 X85.7304Y18.0228
G01 X85.6309Y17.8368
G01 X85.5697Y17.6349
G01 X85.5479Y17.4139
G01 X85.5479Y14.5861
G01 X85.5697Y14.3651
G01 X85.6309Y14.1632
G01 X85.7304Y13.9772
G01 X85.8642Y13.8142
G01 X86.0272Y13.6804
G01 X86.2132Y13.5809
G01 X86.4151Y13.5197
G01 X86.6361Y13.4979
G01 X88.3639Y13.4979
G01 X88.5849Y13.5197
G01 X88.7868Y13.5809
G01 X88.9728Y13.6804
G01 X89.1358Y13.8142
G01 X89.2696Y13.9772
G01 X89.3691Y14.1632
G01 X89.4303Y14.3651
G01 X89.4521Y14.5861
G01 X89.4521Y17.4139
G00 Z3.0000
G00 X90.5479Y17.4139
G01 Z-0.1600
G01 X90.5479Y14.5861
G01 X90.5697Y14.3651
G01 X90.6309Y14.1632
G01 X90.7304Y13.9772
G01 X90.8642Y13.8142
G01 X91.0272Y13.6804
G01 X91.2132Y13.5809
G01 X91.4151Y13.5197
G01 X91.6361Y13.4979
G01 X93.3639Y13.4979
G01 X93.5849Y13.5197
G01 X93.7868Y13.5809
G01 X93.9728Y13.6804
G01 X94.1358Y13.8142
G01 X94.2696Y13.9772
G01 X94.3691Y14.1632
G01 X94.4303Y14.3651
G01 X94.4521Y14.5861
G01 X94.4521Y17.4139
G01 X94.4303Y17.6349
G01 X94.3691Y17.8368
G01 X94.2696Y18.0228
G01 X94.1358Y18.1858
G01 X93.9728Y18.3196
G01 X93.7868Y18.4191
G01 X93.5849Y18.4803
G01 X93.3639Y18.5021
G01 X91.6361Y18.5021
G01 X91.4151Y18.4803
G01 X91.2132Y18.4191
G01 X91.0272Y18.3196
G01 X90.8642Y18.1858
G01 X90.7304Y18.0228
G01 X90.6309Y17.8368
G01 X90.5697Y17.6349
G01 X90.5479Y17.4139
G00 Z3.0000
G00 X90.6612Y14.4303
G01 Z-0.1600
G01 X90.6635Y14.4148
G01 X90.6977Y14.2737
G01 X90.7561Y14.1327
G01 X90.8362Y14.0019
G01 X90.9356Y13.8856
G01 X91.0500Y13.7876
G01 X91.0584Y13.7818
G01 X91.1824Y13.7063
G01 X91.3196Y13.6491
G01 X91.3313Y13.6456
G01 X91.4725Y13.6120
G01 X91.6250Y13.6000
G01 X93.3750Y13.6000
G01 X93.5197Y13.6111
G01 X93.5352Y13.6135
G01 X93.6763Y13.6477
G01 X93.8173Y13.7061
G01 X93.9481Y13.7862
G01 X94.0587Y13.8802
G01 X94.0698Y13.8913
G01 X94.1624Y14.0000
G01 X94.1682Y14.0084
G01 X94.2437Y14.1324
G01 X94.3009Y14.2696
G01 X94.3044Y14.2813
G01 X94.3365Y14.4148
G01 X94.3389Y14.4303
G01 X94.3500Y14.5750
G01 X94.3500Y17.4250
G01 X94.3389Y17.5697
G01 X94.3365Y17.5852
G01 X94.3023Y17.7263
G01 X94.2470Y17.8605
G01 X94.2399Y17.8745
G01 X94.1638Y17.9981
G01 X94.0698Y18.1087
G01 X94.0587Y18.1198
G01 X93.9500Y18.2124
G01 X93.9416Y18.2182
G01 X93.8176Y18.2937
G01 X93.6804Y18.3509
G01 X93.6687Y18.3544
G01 X93.5352Y18.3865
G01 X93.5197Y18.3889
G01 X93.3750Y18.4000
G01 X91.6250Y18.4000
G01 X91.4803Y18.3889
G01 X91.4648Y18.3865
G01 X91.3237Y18.3523
G01 X91.1895Y18.2970
G01 X91.1755Y18.2899
G01 X91.0519Y18.2138
G01 X90.9413Y18.1198
G01 X90.9302Y18.1087
G01 X90.8376Y18.0000
G01 X90.7601Y17.8745
G01 X90.7530Y17.8605
G01 X90.7004Y17.7337
G01 X90.6956Y17.7187
G01 X90.6620Y17.5775
G01 X90.6503Y17.4328
G01 X90.6500Y14.5750
G01 X90.6612Y14.4303
G00 Z3.0000
G00 X95.6612Y14.4303
G01 Z-0.1600
G01 X95.6635Y14.4148
G01 X95.6956Y14.2813
G01 X95.7004Y14.2663
G01 X95.7561Y14.1327
G01 X95.8318Y14.0084
G01 X95.8411Y13.9957
G01 X95.9356Y13.8856
G01 X96.0500Y13.7876
G01 X96.0584Y13.7818
G01 X96.1824Y13.7063
G01 X96.3163Y13.6504
G01 X96.3313Y13.6456
G01 X96.4725Y13.6120
G01 X96.6250Y13.6000
G01 X98.3750Y13.6000
G01 X98.5197Y13.6111
G01 X98.5352Y13.6135
G01 X98.6763Y13.6477
G01 X98.7423Y13.6747
G01 X100.2680Y12.1489
G01 X100.3261Y12.0961
G01 X100.3935Y12.0456
G01 X100.4728Y11.9982
G01 X100.5484Y11.9629
G01 X100.6177Y11.9381
G01 X100.7081Y11.9155
G01 X100.7906Y11.9037
G01 X100.8691Y11.9000
G01 X105.9105Y11.9000
G01 X105.9441Y11.8301
G01 X105.9996Y11.7375
G01 X106.0756Y11.6350
G01 X106.1481Y11.5550
G01 X106.2350Y11.4756
G01 X106.3375Y11.3996
G01 X106.4387Y11.3395
G01 X106.5363Y11.2933
G01 X106.6564Y11.2504
G01 X106.7707Y11.2222
G01 X106.8775Y11.2064
G01 X107.0049Y11.2001
G01 X107.1225Y11.2064
G01 X107.2309Y11.2225
G01 X107.3436Y11.2504
G01 X107.4546Y11.2896
G01 X107.5699Y11.3441
G01 X107.6707Y11.4051
G01 X107.7650Y11.4756
G01 X107.8519Y11.5550
G01 X107.9306Y11.6426
G01 X107.9954Y11.7300
G01 X108.0559Y11.8301
G01 X108.1104Y11.9454
G01 X108.1496Y12.0564
G01 X108.1776Y12.1695
G01 X108.1936Y12.2775
G01 X108.1999Y12.3951
G01 X108.1946Y12.5127
G01 X108.1776Y12.6305
G01 X108.1496Y12.7436
G01 X108.1104Y12.8546
G01 X108.0605Y12.9613
G01 X108.0004Y13.0625
G01 X107.9306Y13.1574
G01 X107.8519Y13.2450
G01 X107.7650Y13.3244
G01 X107.6700Y13.3954
G01 X107.5699Y13.4559
G01 X107.4637Y13.5067
G01 X107.3530Y13.5468
G01 X107.2389Y13.5759
G01 X107.1225Y13.5936
G01 X107.0049Y13.5999
G01 X106.9749Y13.5989
G01 X106.9500Y13.6000
G01 X101.2211Y13.6000
G01 X99.3500Y15.4711
G01 X99.3500Y17.4250
G01 X99.3383Y17.5756
G01 X99.3044Y17.7187
G01 X99.2996Y17.7337
G01 X99.2470Y17.8605
G01 X99.2399Y17.8745
G01 X99.1638Y17.9981
G01 X99.0698Y18.1087
G01 X99.0587Y18.1198
G01 X98.9500Y18.2124
G01 X98.9416Y18.2182
G01 X98.8176Y18.2937
G01 X98.6804Y18.3509
G01 X98.6687Y18.3544
G01 X98.5275Y18.3880
G01 X98.3750Y18.4000
G01 X96.6250Y18.4000
G01 X96.4744Y18.3883
G01 X96.3237Y18.3523
G01 X96.1895Y18.2970
G01 X96.1755Y18.2899
G01 X96.0519Y18.2138
G01 X95.9413Y18.1198
G01 X95.9302Y18.1087
G01 X95.8376Y18.0000
G01 X95.8318Y17.9916
G01 X95.7563Y17.8676
G01 X95.6991Y17.7304
G01 X95.6956Y17.7187
G01 X95.6620Y17.5775
G01 X95.6503Y17.4328
G01 X95.6500Y14.5750
G01 X95.6612Y14.4303
G00 Z3.0000
G00 X98.5917Y13.5216
G01 Z-0.1600
G01 X98.6133Y13.5265
G01 X98.6254Y13.5283
G01 X98.6474Y13.5299
G01 X98.6792Y13.5283
G01 X98.7010Y13.5246
G01 X98.7129Y13.5217
G01 X98.7338Y13.5147
G01 X98.7540Y13.5057
G01 X98.7807Y13.4898
G01 X98.7988Y13.4758
G01 X98.8114Y13.4641
G01 X100.1565Y12.1191
G01 X100.1713Y12.1027
G01 X100.1941Y12.0750
G01 X100.3387Y11.9563
G01 X100.5037Y11.8681
G01 X100.6828Y11.8137
G01 X100.8691Y11.7954
G01 X100.9047Y11.7989
G01 X100.9268Y11.8000
G01 X105.7172Y11.8000
G01 X105.7441Y11.7983
G01 X105.7562Y11.7965
G01 X105.7777Y11.7916
G01 X105.8077Y11.7809
G01 X105.8275Y11.7710
G01 X105.8380Y11.7647
G01 X105.8636Y11.7457
G01 X105.8796Y11.7305
G01 X105.8879Y11.7214
G01 X105.9014Y11.7040
G01 X105.9902Y11.5713
G01 X106.1713Y11.3902
G01 X106.3842Y11.2480
G01 X106.6208Y11.1500
G01 X106.8720Y11.1000
G01 X107.1280Y11.1000
G01 X107.3792Y11.1500
G01 X107.6158Y11.2480
G01 X107.8287Y11.3902
G01 X108.0098Y11.5713
G01 X108.1520Y11.7842
G01 X108.2500Y12.0208
G01 X108.3000Y12.2720
G01 X108.3000Y12.5280
G01 X108.2500Y12.7792
G01 X108.1520Y13.0158
G01 X108.0098Y13.2287
G01 X107.8287Y13.4098
G01 X107.6158Y13.5520
G01 X107.3792Y13.6500
G01 X107.1280Y13.7000
G01 X104.4919Y13.7001
G01 X104.4699Y13.7017
G01 X104.4482Y13.7054
G01 X104.4363Y13.7084
G01 X104.4153Y13.7154
G01 X104.3952Y13.7244
G01 X104.3760Y13.7353
G01 X104.3580Y13.7480
G01 X104.3413Y13.7625
G01 X104.3199Y13.7861
G01 X104.3071Y13.8041
G01 X104.2962Y13.8233
G01 X104.2872Y13.8435
G01 X104.2802Y13.8644
G01 X104.2756Y13.8843
G01 X104.2726Y13.9078
G01 X104.2720Y13.9299
G01 X104.2735Y13.9519
G01 X104.2753Y13.9640
G01 X104.2802Y13.9856
G01 X104.2910Y14.0156
G01 X104.2984Y14.0311
G01 X104.3691Y14.1632
G01 X104.4303Y14.3651
G01 X104.4521Y14.5861
G01 X104.4521Y17.4139
G01 X104.4303Y17.6349
G01 X104.3691Y17.8368
G01 X104.2696Y18.0228
G01 X104.1358Y18.1858
G01 X103.9728Y18.3196
G01 X103.7868Y18.4191
G01 X103.5849Y18.4803
G01 X103.3639Y18.5021
G01 X101.6361Y18.5021
G01 X101.4151Y18.4803
G01 X101.2132Y18.4191
G01 X101.0272Y18.3196
G01 X100.8642Y18.1858
G01 X100.7304Y18.0228
G01 X100.6309Y17.8368
G01 X100.5697Y17.6349
G01 X100.5479Y17.4139
G01 X100.5479Y14.9578
G01 X100.5472Y14.9406
G01 X100.5445Y14.9187
G01 X100.5396Y14.8972
G01 X100.5326Y14.8763
G01 X100.5236Y14.8561
G01 X100.5127Y14.8369
G01 X100.4999Y14.8189
G01 X100.4785Y14.7953
G01 X100.4618Y14.7809
G01 X100.4438Y14.7681
G01 X100.4333Y14.7618
G01 X100.4135Y14.7519
G01 X100.3929Y14.7440
G01 X100.3716Y14.7382
G01 X100.3499Y14.7345
G01 X100.3279Y14.7329
G01 X100.3058Y14.7335
G01 X100.2839Y14.7363
G01 X100.2624Y14.7412
G01 X100.2414Y14.7482
G01 X100.2213Y14.7572
G01 X100.2021Y14.7681
G01 X100.1841Y14.7809
G01 X100.1674Y14.7953
G01 X99.5180Y15.4446
G01 X99.5001Y15.4648
G01 X99.4874Y15.4828
G01 X99.4764Y15.5020
G01 X99.4674Y15.5222
G01 X99.4604Y15.5431
G01 X99.4557Y15.5634
G01 X99.4528Y15.5865
G01 X99.4521Y15.6037
G01 X99.4521Y17.4139
G01 X99.4303Y17.6349
G01 X99.3691Y17.8368
G01 X99.2696Y18.0228
G01 X99.1358Y18.1858
G01 X98.9728Y18.3196
G01 X98.7868Y18.4191
G01 X98.5849Y18.4803
G01 X98.3639Y18.5021
G01 X96.6361Y18.5021
G01 X96.4151Y18.4803
G01 X96.2132Y18.4191
G01 X96.0272Y18.3196
G01 X95.8642Y18.1858
G01 X95.7304Y18.0228
G01 X95.6309Y17.8368
G01 X95.5697Y17.6349
G01 X95.5479Y17.4139
G01 X95.5479Y14.5861
G01 X95.5697Y14.3651
G01 X95.6309Y14.1632
G01 X95.7304Y13.9772
G01 X95.8642Y13.8142
G01 X96.0272Y13.6804
G01 X96.2132Y13.5809
G01 X96.4151Y13.5197
G01 X96.6361Y13.4979
G01 X98.3639Y13.4979
G01 X98.5849Y13.5197
G01 X98.5917Y13.5216
G00 Z3.0000
G00 X100.4335Y14.5998
G01 Z-0.1600
G01 X100.5027Y14.5305
G01 X100.5000Y14.5750
G01 X100.5000Y14.6276
G01 X100.4777Y14.6163
G01 X100.4550Y14.6069
G01 X100.4335Y14.5998
G00 Z3.0000
G00 X100.6612Y14.4303
G01 Z-0.1600
G01 X100.6635Y14.4148
G01 X100.6977Y14.2737
G01 X100.7561Y14.1327
G01 X100.8362Y14.0019
G01 X100.9356Y13.8856
G01 X101.0500Y13.7876
G01 X101.0584Y13.7818
G01 X101.1824Y13.7063
G01 X101.3196Y13.6491
G01 X101.3313Y13.6456
G01 X101.4725Y13.6120
G01 X101.6250Y13.6000
G01 X103.3750Y13.6000
G01 X103.5197Y13.6111
G01 X103.5352Y13.6135
G01 X103.6763Y13.6477
G01 X103.8173Y13.7061
G01 X103.9481Y13.7862
G01 X104.0587Y13.8802
G01 X104.0698Y13.8913
G01 X104.1624Y14.0000
G01 X104.1682Y14.0084
G01 X104.2437Y14.1324
G01 X104.3009Y14.2696
G01 X104.3044Y14.2813
G01 X104.3365Y14.4148
G01 X104.3389Y14.4303
G01 X104.3500Y14.5750
G01 X104.3500Y17.4250
G01 X104.3389Y17.5697
G01 X104.3365Y17.5852
G01 X104.3023Y17.7263
G01 X104.2470Y17.8605
G01 X104.2399Y17.8745
G01 X104.1638Y17.9981
G01 X104.0698Y18.1087
G01 X104.0587Y18.1198
G01 X103.9500Y18.2124
G01 X103.9416Y18.2182
G01 X103.8176Y18.2937
G01 X103.6804Y18.3509
G01 X103.6687Y18.3544
G01 X103.5352Y18.3865
G01 X103.5197Y18.3889
G01 X103.3750Y18.4000
G01 X101.6250Y18.4000
G01 X101.4803Y18.3889
G01 X101.4648Y18.3865
G01 X101.3237Y18.3523
G01 X101.1895Y18.2970
G01 X101.1755Y18.2899
G01 X101.0519Y18.2138
G01 X100.9413Y18.1198
G01 X100.9302Y18.1087
G01 X100.8376Y18.0000
G01 X100.7601Y17.8745
G01 X100.7530Y17.8605
G01 X100.7004Y17.7337
G01 X100.6956Y17.7187
G01 X100.6620Y17.5775
G01 X100.6503Y17.4328
G01 X100.6500Y14.5750
G01 X100.6612Y14.4303
G00 Z3.0000
G00 X104.1656Y13.7500
G01 Z-0.1600
G01 X104.1569Y13.7670
G01 X104.1371Y13.7500
G01 X104.1656Y13.7500
G00 Z3.0000
G00 X109.6612Y14.4303
G01 Z-0.1600
G01 X109.6635Y14.4148
G01 X109.6977Y14.2737
G01 X109.7561Y14.1327
G01 X109.8362Y14.0019
G01 X109.9356Y13.8856
G01 X110.0500Y13.7876
G01 X110.0584Y13.7818
G01 X110.1824Y13.7063
G01 X110.3196Y13.6491
G01 X110.3313Y13.6456
G01 X110.4725Y13.6120
G01 X110.6250Y13.6000
G01 X112.3750Y13.6000
G01 X112.5197Y13.6111
G01 X112.5352Y13.6135
G01 X112.6763Y13.6477
G01 X112.8173Y13.7061
G01 X112.9481Y13.7862
G01 X113.0587Y13.8802
G01 X113.0698Y13.8913
G01 X113.1624Y14.0000
G01 X113.1682Y14.0084
G01 X113.2437Y14.1324
G01 X113.3009Y14.2696
G01 X113.3044Y14.2813
G01 X113.3365Y14.4148
G01 X113.3389Y14.4303
G01 X113.3500Y14.5750
G01 X113.3500Y17.4250
G01 X113.3389Y17.5697
G01 X113.3365Y17.5852
G01 X113.3023Y17.7263
G01 X113.2470Y17.8605
G01 X113.2399Y17.8745
G01 X113.1638Y17.9981
G01 X113.0698Y18.1087
G01 X113.0587Y18.1198
G01 X112.9500Y18.2124
G01 X112.9416Y18.2182
G01 X112.8176Y18.2937
G01 X112.6804Y18.3509
G01 X112.6687Y18.3544
G01 X112.5352Y18.3865
G01 X112.5197Y18.3889
G01 X112.3750Y18.4000
G01 X110.6250Y18.4000
G01 X110.4803Y18.3889
G01 X110.4648Y18.3865
G01 X110.3237Y18.3523
G01 X110.1895Y18.2970
G01 X110.1755Y18.2899
G01 X110.0519Y18.2138
G01 X109.9413Y18.1198
G01 X109.9302Y18.1087
G01 X109.8376Y18.0000
G01 X109.7601Y17.8745
G01 X109.7530Y17.8605
G01 X109.7004Y17.7337
G01 X109.6956Y17.7187
G01 X109.6620Y17.5775
G01 X109.6503Y17.4328
G01 X109.6500Y14.5750
G01 X109.6612Y14.4303
G00 Z3.0000
G00 X113.4521Y17.4139
G01 Z-0.1600
G01 X113.4303Y17.6349
G01 X113.3691Y17.8368
G01 X113.2696Y18.0228
G01 X113.1358Y18.1858
G01 X112.9728Y18.3196
G01 X112.7868Y18.4191
G01 X112.5849Y18.4803
G01 X112.3639Y18.5021
G01 X110.6361Y18.5021
G01 X110.4151Y18.4803
G01 X110.2132Y18.4191
G01 X110.0272Y18.3196
G01 X109.8642Y18.1858
G01 X109.7304Y18.0228
G01 X109.6309Y17.8368
G01 X109.5697Y17.6349
G01 X109.5479Y17.4139
G01 X109.5479Y14.5861
G01 X109.5697Y14.3651
G01 X109.6309Y14.1632
G01 X109.7304Y13.9772
G01 X109.8642Y13.8142
G01 X110.0272Y13.6804
G01 X110.2132Y13.5809
G01 X110.4151Y13.5197
G01 X110.6361Y13.4979
G01 X112.3639Y13.4979
G01 X112.5849Y13.5197
G01 X112.7868Y13.5809
G01 X112.9728Y13.6804
G01 X113.1358Y13.8142
G01 X113.2696Y13.9772
G01 X113.3691Y14.1632
G01 X113.4303Y14.3651
G01 X113.4521Y14.5861
G01 X113.4521Y17.4139
G00 Z3.0000
G00 X114.5479Y17.4139
G01 Z-0.1600
G01 X114.5479Y14.5861
G01 X114.5697Y14.3651
G01 X114.6309Y14.1632
G01 X114.7304Y13.9772
G01 X114.8642Y13.8142
G01 X115.0272Y13.6804
G01 X115.2132Y13.5809
G01 X115.4151Y13.5197
G01 X115.6361Y13.4979
G01 X117.3639Y13.4979
G01 X117.5849Y13.5197
G01 X117.7868Y13.5809
G01 X117.9728Y13.6804
G01 X118.1358Y13.8142
G01 X118.2696Y13.9772
G01 X118.3691Y14.1632
G01 X118.4303Y14.3651
G01 X118.4521Y14.5861
G01 X118.4521Y17.4139
G01 X118.4303Y17.6349
G01 X118.3691Y17.8368
G01 X118.2696Y18.0228
G01 X118.1358Y18.1858
G01 X117.9728Y18.3196
G01 X117.7868Y18.4191
G01 X117.5849Y18.4803
G01 X117.3639Y18.5021
G01 X115.6361Y18.5021
G01 X115.4151Y18.4803
G01 X115.2132Y18.4191
G01 X115.0272Y18.3196
G01 X114.8642Y18.1858
G01 X114.7304Y18.0228
G01 X114.6309Y17.8368
G01 X114.5697Y17.6349
G01 X114.5479Y17.4139
G00 Z3.0000
G00 X114.6612Y14.4303
G01 Z-0.1600
G01 X114.6635Y14.4148
G01 X114.6977Y14.2737
G01 X114.7561Y14.1327
G01 X114.8362Y14.0019
G01 X114.9356Y13.8856
G01 X115.0500Y13.7876
G01 X115.0584Y13.7818
G01 X115.1824Y13.7063
G01 X115.3196Y13.6491
G01 X115.3313Y13.6456
G01 X115.4725Y13.6120
G01 X115.6250Y13.6000
G01 X117.3750Y13.6000
G01 X117.5197Y13.6111
G01 X117.5352Y13.6135
G01 X117.6763Y13.6477
G01 X117.8173Y13.7061
G01 X117.9481Y13.7862
G01 X118.0587Y13.8802
G01 X118.0698Y13.8913
G01 X118.1624Y14.0000
G01 X118.1682Y14.0084
G01 X118.2437Y14.1324
G01 X118.3009Y14.2696
G01 X118.3044Y14.2813
G01 X118.3365Y14.4148
G01 X118.3389Y14.4303
G01 X118.3500Y14.5750
G01 X118.3500Y17.4250
G01 X118.3389Y17.5697
G01 X118.3365Y17.5852
G01 X118.3023Y17.7263
G01 X118.2470Y17.8605
G01 X118.2399Y17.8745
G01 X118.1638Y17.9981
G01 X118.0698Y18.1087
G01 X118.0587Y18.1198
G01 X117.9500Y18.2124
G01 X117.9416Y18.2182
G01 X117.8176Y18.2937
G01 X117.6804Y18.3509
G01 X117.6687Y18.3544
G01 X117.5352Y18.3865
G01 X117.5197Y18.3889
G01 X117.3750Y18.4000
G01 X115.6250Y18.4000
G01 X115.4803Y18.3889
G01 X115.4648Y18.3865
G01 X115.3237Y18.3523
G01 X115.1895Y18.2970
G01 X115.1755Y18.2899
G01 X115.0519Y18.2138
G01 X114.9413Y18.1198
G01 X114.9302Y18.1087
G01 X114.8376Y18.0000
G01 X114.7601Y17.8745
G01 X114.7530Y17.8605
G01 X114.7004Y17.7337
G01 X114.6956Y17.7187
G01 X114.6620Y17.5775
G01 X114.6503Y17.4328
G01 X114.6500Y14.5750
G01 X114.6612Y14.4303
G00 Z3.0000
G00 X119.6612Y14.4303
G01 Z-0.1600
G01 X119.6635Y14.4148
G01 X119.6977Y14.2737
G01 X119.7561Y14.1327
G01 X119.8362Y14.0019
G01 X119.9356Y13.8856
G01 X120.0500Y13.7876
G01 X120.0584Y13.7818
G01 X120.1824Y13.7063
G01 X120.3196Y13.6491
G01 X120.3313Y13.6456
G01 X120.4725Y13.6120
G01 X120.6250Y13.6000
G01 X122.3828Y13.6003
G01 X122.5256Y13.6117
G01 X122.6763Y13.6477
G01 X122.8173Y13.7061
G01 X122.9481Y13.7862
G01 X123.0644Y13.8856
G01 X123.1589Y13.9957
G01 X123.1682Y14.0084
G01 X123.2437Y14.1324
G01 X123.2996Y14.2663
G01 X123.3044Y14.2813
G01 X123.3380Y14.4225
G01 X123.3500Y14.5750
G01 X123.3500Y17.0015
G01 X124.7485Y18.4000
G01 X129.3179Y18.4000
G01 X129.3241Y18.3611
G01 X129.3532Y18.2470
G01 X129.3933Y18.1363
G01 X129.4441Y18.0301
G01 X129.5051Y17.9293
G01 X129.5756Y17.8350
G01 X129.6550Y17.7481
G01 X129.7426Y17.6694
G01 X129.8300Y17.6046
G01 X129.9387Y17.5395
G01 X130.0454Y17.4896
G01 X130.1564Y17.4504
G01 X130.2707Y17.4222
G01 X130.3873Y17.4054
G01 X130.4951Y17.4001
G01 X130.6127Y17.4054
G01 X130.7309Y17.4225
G01 X130.8530Y17.4532
G01 X130.9637Y17.4933
G01 X131.0699Y17.5441
G01 X131.1707Y17.6051
G01 X131.2574Y17.6694
G01 X131.3450Y17.7481
G01 X131.4306Y17.8426
G01 X131.5004Y17.9375
G01 X131.5605Y18.0387
G01 X131.6067Y18.1363
G01 X131.6468Y18.2470
G01 X131.6759Y18.3611
G01 X131.6946Y18.4873
G01 X131.6999Y18.6049
G01 X131.6936Y18.7225
G01 X131.6775Y18.8309
G01 X131.6496Y18.9436
G01 X131.6104Y19.0546
G01 X131.5559Y19.1699
G01 X131.4949Y19.2707
G01 X131.4306Y19.3574
G01 X131.3519Y19.4450
G01 X131.2574Y19.5306
G01 X131.1700Y19.5954
G01 X131.0699Y19.6559
G01 X130.9546Y19.7104
G01 X130.8436Y19.7496
G01 X130.7389Y19.7759
G01 X130.6127Y19.7946
G01 X130.4951Y19.7999
G01 X130.3775Y19.7936
G01 X130.2691Y19.7775
G01 X130.1564Y19.7496
G01 X130.0363Y19.7067
G01 X129.9301Y19.6559
G01 X129.8369Y19.6000
G01 X124.5000Y19.6000
G01 X124.4461Y19.5975
G01 X124.3862Y19.5891
G01 X124.3306Y19.5755
G01 X124.2659Y19.5523
G01 X124.2129Y19.5267
G01 X124.1708Y19.5015
G01 X124.1157Y19.4606
G01 X124.0757Y19.4243
G01 X122.8970Y18.2455
G01 X122.8176Y18.2937
G01 X122.6837Y18.3496
G01 X122.6687Y18.3544
G01 X122.5275Y18.3880
G01 X122.3828Y18.3997
G01 X120.6250Y18.4000
G01 X120.4744Y18.3883
G01 X120.3313Y18.3544
G01 X120.3163Y18.3496
G01 X120.1827Y18.2939
G01 X120.0519Y18.2138
G01 X119.9356Y18.1144
G01 X119.8411Y18.0043
G01 X119.8318Y17.9916
G01 X119.7601Y17.8745
G01 X119.7530Y17.8605
G01 X119.6991Y17.7304
G01 X119.6956Y17.7187
G01 X119.6620Y17.5775
G01 X119.6500Y17.4250
G01 X119.6500Y14.5750
G01 X119.6612Y14.4303
G00 Z3.0000
G00 X124.6612Y14.4303
G01 Z-0.1600
G01 X124.6635Y14.4148
G01 X124.6977Y14.2737
G01 X124.7561Y14.1327
G01 X124.8362Y14.0019
G01 X124.9356Y13.8856
G01 X125.0500Y13.7876
G01 X125.0584Y13.7818
G01 X125.1824Y13.7063
G01 X125.3196Y13.6491
G01 X125.3313Y13.6456
G01 X125.4725Y13.6120
G01 X125.6250Y13.6000
G01 X127.3750Y13.6000
G01 X127.5197Y13.6111
G01 X127.5352Y13.6135
G01 X127.6763Y13.6477
G01 X127.8173Y13.7061
G01 X127.9481Y13.7862
G01 X128.0587Y13.8802
G01 X128.0698Y13.8913
G01 X128.1624Y14.0000
G01 X128.1682Y14.0084
G01 X128.2437Y14.1324
G01 X128.3009Y14.2696
G01 X128.3044Y14.2813
G01 X128.3365Y14.4148
G01 X128.3389Y14.4303
G01 X128.3500Y14.5750
G01 X128.3500Y17.4250
G01 X128.3389Y17.5697
G01 X128.3365Y17.5852
G01 X128.3023Y17.7263
G01 X128.2470Y17.8605
G01 X128.2399Y17.8745
G01 X128.1638Y17.9981
G01 X128.0698Y18.1087
G01 X128.0587Y18.1198
G01 X127.9500Y18.2124
G01 X127.9416Y18.2182
G01 X127.8176Y18.2937
G01 X127.6804Y18.3509
G01 X127.6687Y18.3544
G01 X127.5352Y18.3865
G01 X127.5197Y18.3889
G01 X127.3750Y18.4000
G01 X125.6250Y18.4000
G01 X125.4803Y18.3889
G01 X125.4648Y18.3865
G01 X125.3237Y18.3523
G01 X125.1895Y18.2970
G01 X125.1755Y18.2899
G01 X125.0519Y18.2138
G01 X124.9413Y18.1198
G01 X124.9302Y18.1087
G01 X124.8376Y18.0000
G01 X124.7601Y17.8745
G01 X124.7530Y17.8605
G01 X124.7004Y17.7337
G01 X124.6956Y17.7187
G01 X124.6620Y17.5775
G01 X124.6503Y17.4328
G01 X124.6500Y14.5750
G01 X124.6612Y14.4303
G00 Z3.0000
G00 X124.4432Y17.8825
G01 Z-0.1600
G01 X124.4648Y17.8755
G01 X124.4875Y17.8661
G01 X124.5202Y17.8493
G01 X124.5495Y17.8306
G01 X124.5711Y17.8134
G01 X124.6144Y17.9179
G01 X124.6226Y17.9357
G01 X124.6322Y17.9529
G01 X124.7040Y18.0699
G01 X124.7185Y18.0911
G01 X124.7270Y18.1017
G01 X124.8162Y18.2061
G01 X124.8295Y18.2205
G01 X124.8629Y18.2500
G01 X124.8107Y18.2500
G01 X124.4432Y17.8825
G00 Z3.0000
G00 X122.8494Y18.4163
G01 Z-0.1600
G01 X122.8372Y18.4155
G01 X122.8151Y18.4161
G01 X122.7836Y18.4208
G01 X122.7669Y18.4251
G01 X122.5849Y18.4803
G01 X122.3639Y18.5021
G01 X120.6361Y18.5021
G01 X120.4151Y18.4803
G01 X120.2132Y18.4191
G01 X120.0272Y18.3196
G01 X119.8642Y18.1858
G01 X119.7304Y18.0228
G01 X119.6309Y17.8368
G01 X119.5697Y17.6349
G01 X119.5479Y17.4139
G01 X119.5479Y14.5861
G01 X119.5697Y14.3651
G01 X119.6309Y14.1632
G01 X119.7304Y13.9772
G01 X119.8642Y13.8142
G01 X120.0272Y13.6804
G01 X120.2132Y13.5809
G01 X120.4151Y13.5197
G01 X120.6361Y13.4979
G01 X122.3639Y13.4979
G01 X122.5849Y13.5197
G01 X122.7868Y13.5809
G01 X122.9728Y13.6804
G01 X123.1358Y13.8142
G01 X123.2696Y13.9772
G01 X123.3691Y14.1632
G01 X123.4303Y14.3651
G01 X123.4521Y14.5861
G01 X123.4521Y16.8689
G01 X123.4528Y16.8861
G01 X123.4555Y16.9080
G01 X123.4633Y16.9389
G01 X123.4674Y16.9504
G01 X123.4764Y16.9706
G01 X123.4874Y16.9898
G01 X123.5001Y17.0078
G01 X123.5180Y17.0280
G01 X124.1772Y17.6871
G01 X124.1939Y17.7016
G01 X124.2119Y17.7143
G01 X124.2311Y17.7252
G01 X124.2512Y17.7342
G01 X124.2722Y17.7412
G01 X124.2925Y17.7459
G01 X124.3156Y17.7489
G01 X124.3377Y17.7495
G01 X124.3597Y17.7479
G01 X124.3814Y17.7442
G01 X124.4027Y17.7384
G01 X124.4233Y17.7305
G01 X124.4431Y17.7206
G01 X124.4611Y17.7093
G01 X124.4716Y17.7016
G01 X124.4883Y17.6871
G01 X124.5035Y17.6711
G01 X124.5170Y17.6536
G01 X124.5288Y17.6349
G01 X124.5386Y17.6152
G01 X124.5494Y17.5852
G01 X124.5541Y17.5649
G01 X124.5570Y17.5418
G01 X124.5576Y17.5197
G01 X124.5570Y17.5074
G01 X124.5479Y17.4139
G01 X124.5479Y14.5861
G01 X124.5697Y14.3651
G01 X124.6309Y14.1632
G01 X124.7304Y13.9772
G01 X124.8642Y13.8142
G01 X125.0272Y13.6804
G01 X125.2132Y13.5809
G01 X125.4151Y13.5197
G01 X125.6361Y13.4979
G01 X127.3639Y13.4979
G01 X127.5849Y13.5197
G01 X127.7868Y13.5809
G01 X127.9728Y13.6804
G01 X128.1358Y13.8142
G01 X128.2696Y13.9772
G01 X128.3691Y14.1632
G01 X128.4303Y14.3651
G01 X128.4521Y14.5861
G01 X128.4521Y17.4139
G01 X128.4303Y17.6349
G01 X128.3691Y17.8368
G01 X128.2984Y17.9689
G01 X128.2910Y17.9844
G01 X128.2831Y18.0050
G01 X128.2755Y18.0347
G01 X128.2726Y18.0579
G01 X128.2720Y18.0799
G01 X128.2735Y18.1019
G01 X128.2772Y18.1237
G01 X128.2831Y18.1450
G01 X128.2872Y18.1565
G01 X128.2962Y18.1767
G01 X128.3071Y18.1959
G01 X128.3199Y18.2139
G01 X128.3344Y18.2306
G01 X128.3504Y18.2457
G01 X128.3678Y18.2593
G01 X128.3865Y18.2710
G01 X128.4062Y18.2809
G01 X128.4363Y18.2916
G01 X128.4566Y18.2963
G01 X128.4797Y18.2993
G01 X128.4968Y18.3000
G01 X129.0668Y18.3000
G01 X129.0840Y18.2993
G01 X129.1059Y18.2965
G01 X129.1274Y18.2916
G01 X129.1483Y18.2846
G01 X129.1771Y18.2710
G01 X129.1952Y18.2598
G01 X129.2133Y18.2457
G01 X129.2293Y18.2306
G01 X129.2375Y18.2215
G01 X129.2565Y18.1959
G01 X129.2675Y18.1767
G01 X129.2747Y18.1611
G01 X129.3480Y17.9842
G01 X129.4902Y17.7713
G01 X129.6713Y17.5902
G01 X129.8842Y17.4480
G01 X130.1208Y17.3500
G01 X130.3720Y17.3000
G01 X130.6280Y17.3000
G01 X130.8792Y17.3500
G01 X131.1158Y17.4480
G01 X131.3287Y17.5902
G01 X131.5098Y17.7713
G01 X131.6520Y17.9842
G01 X131.7500Y18.2208
G01 X131.8000Y18.4720
G01 X131.8000Y18.7280
G01 X131.7500Y18.9792
G01 X131.6520Y19.2158
G01 X131.5098Y19.4287
G01 X131.3287Y19.6098
G01 X131.1158Y19.7520
G01 X130.8792Y19.8500
G01 X130.6280Y19.9000
G01 X130.3720Y19.9000
G01 X130.1208Y19.8500
G01 X129.8842Y19.7520
G01 X129.8484Y19.7290
G01 X129.8196Y19.7154
G01 X129.7987Y19.7084
G01 X129.7788Y19.7037
G01 X129.7650Y19.7017
G01 X129.7430Y19.7001
G01 X124.5454Y19.7000
G01 X124.5234Y19.7011
G01 X124.5000Y19.7034
G01 X124.3628Y19.6899
G01 X124.2308Y19.6499
G01 X124.1092Y19.5849
G01 X124.0026Y19.4974
G01 X123.9877Y19.4792
G01 X123.9729Y19.4629
G01 X122.9878Y18.4779
G01 X122.9711Y18.4634
G01 X122.9531Y18.4507
G01 X122.9426Y18.4444
G01 X122.9228Y18.4345
G01 X122.9022Y18.4266
G01 X122.8809Y18.4208
G01 X122.8592Y18.4171
G01 X122.8494Y18.4163
G00 Z3.0000
G00 X119.6612Y22.4303
G01 Z-0.1600
G01 X119.6635Y22.4148
G01 X119.6977Y22.2737
G01 X119.7561Y22.1327
G01 X119.8362Y22.0019
G01 X119.9356Y21.8856
G01 X120.0500Y21.7876
G01 X120.0584Y21.7818
G01 X120.1824Y21.7063
G01 X120.3196Y21.6491
G01 X120.3313Y21.6456
G01 X120.4725Y21.6120
G01 X120.6250Y21.6000
G01 X122.3828Y21.6003
G01 X122.5256Y21.6117
G01 X122.6763Y21.6477
G01 X122.8173Y21.7061
G01 X122.9416Y21.7818
G01 X122.9543Y21.7911
G01 X123.0587Y21.8802
G01 X123.0698Y21.8913
G01 X123.1624Y22.0000
G01 X123.2399Y22.1255
G01 X123.2470Y22.1395
G01 X123.3009Y22.2696
G01 X123.3044Y22.2813
G01 X123.3380Y22.4225
G01 X123.3500Y22.5750
G01 X123.3500Y24.7479
G01 X128.1110Y29.5090
G01 X128.1701Y29.5746
G01 X128.2144Y29.6344
G01 X128.2572Y29.7050
G01 X128.2933Y29.7802
G01 X128.3247Y29.8680
G01 X128.3445Y29.9490
G01 X128.3553Y30.0218
G01 X128.3600Y30.1100
G01 X128.3600Y34.0631
G01 X128.4344Y34.1450
G01 X128.5049Y34.2393
G01 X128.5705Y34.3487
G01 X128.6204Y34.4554
G01 X128.6568Y34.5570
G01 X128.6878Y34.6807
G01 X128.7046Y34.7973
G01 X128.7100Y34.9100
G01 X128.7100Y36.1800
G01 X128.7036Y36.3025
G01 X128.6875Y36.4109
G01 X128.6596Y36.5236
G01 X128.6167Y36.6437
G01 X128.5659Y36.7499
G01 X128.5049Y36.8507
G01 X128.4406Y36.9374
G01 X128.3619Y37.0250
G01 X128.2674Y37.1106
G01 X128.1800Y37.1754
G01 X128.0799Y37.2359
G01 X127.9737Y37.2867
G01 X127.8536Y37.3296
G01 X127.7393Y37.3578
G01 X127.6325Y37.3736
G01 X127.5149Y37.3799
G01 X127.3973Y37.3746
G01 X127.2791Y37.3575
G01 X127.1570Y37.3268
G01 X127.0463Y37.2867
G01 X126.9401Y37.2359
G01 X126.8393Y37.1749
G01 X126.7526Y37.1106
G01 X126.6650Y37.0319
G01 X126.5794Y36.9374
G01 X126.5146Y36.8500
G01 X126.4495Y36.7413
G01 X126.3996Y36.6346
G01 X126.3604Y36.5236
G01 X126.3341Y36.4189
G01 X126.3164Y36.3025
G01 X126.3100Y36.1800
G01 X126.3100Y34.9100
G01 X126.3164Y34.7875
G01 X126.3325Y34.6791
G01 X126.3632Y34.5570
G01 X126.4033Y34.4463
G01 X126.4495Y34.3487
G01 X126.5151Y34.2393
G01 X126.5856Y34.1450
G01 X126.6600Y34.0631
G01 X126.6600Y30.4621
G01 X122.5749Y26.3769
G01 X122.5352Y26.3865
G01 X122.5197Y26.3889
G01 X122.3750Y26.4000
G01 X120.6250Y26.4000
G01 X120.4803Y26.3889
G01 X120.4648Y26.3865
G01 X120.3237Y26.3523
G01 X120.1827Y26.2939
G01 X120.0519Y26.2138
G01 X119.9413Y26.1198
G01 X119.9302Y26.1087
G01 X119.8376Y26.0000
G01 X119.7601Y25.8745
G01 X119.7530Y25.8605
G01 X119.7004Y25.7337
G01 X119.6956Y25.7187
G01 X119.6620Y25.5775
G01 X119.6503Y25.4328
G01 X119.6500Y22.5750
G01 X119.6612Y22.4303
G00 Z3.0000
G00 X122.4744Y26.4948
G01 Z-0.1600
G01 X122.4622Y26.4941
G01 X122.4401Y26.4947
G01 X122.3639Y26.5021
G01 X120.6361Y26.5021
G01 X120.4151Y26.4803
G01 X120.2132Y26.4191
G01 X120.0272Y26.3196
G01 X119.8642Y26.1858
G01 X119.7304Y26.0228
G01 X119.6309Y25.8368
G01 X119.5697Y25.6349
G01 X119.5479Y25.4139
G01 X119.5479Y22.5861
G01 X119.5697Y22.3651
G01 X119.6309Y22.1632
G01 X119.7304Y21.9772
G01 X119.8642Y21.8142
G01 X120.0272Y21.6804
G01 X120.2132Y21.5809
G01 X120.4151Y21.5197
G01 X120.6361Y21.4979
G01 X122.3639Y21.4979
G01 X122.5849Y21.5197
G01 X122.7868Y21.5809
G01 X122.9728Y21.6804
G01 X123.1358Y21.8142
G01 X123.2696Y21.9772
G01 X123.3691Y22.1632
G01 X123.4303Y22.3651
G01 X123.4521Y22.5861
G01 X123.4521Y24.6154
G01 X123.4537Y24.6423
G01 X123.4555Y24.6544
G01 X123.4604Y24.6759
G01 X123.4712Y24.7059
G01 X123.4764Y24.7170
G01 X123.4874Y24.7362
G01 X123.5001Y24.7542
G01 X123.5180Y24.7745
G01 X128.1409Y29.3974
G01 X128.1573Y29.4123
G01 X128.1850Y29.4350
G01 X128.3037Y29.5797
G01 X128.3919Y29.7447
G01 X128.4463Y29.9238
G01 X128.4646Y30.1100
G01 X128.4611Y30.1457
G01 X128.4600Y30.1677
G01 X128.4600Y33.9379
G01 X128.4617Y33.9648
G01 X128.4635Y33.9769
G01 X128.4684Y33.9985
G01 X128.4754Y34.0194
G01 X128.4844Y34.0396
G01 X128.5003Y34.0662
G01 X128.5111Y34.0806
G01 X128.6061Y34.1964
G01 X128.6175Y34.2092
G01 X128.6411Y34.2306
G01 X128.6510Y34.2379
G01 X128.6697Y34.2496
G01 X128.6985Y34.2633
G01 X128.7100Y34.2674
G01 X128.7313Y34.2732
G01 X128.7628Y34.2779
G01 X128.7849Y34.2785
G01 X128.7972Y34.2779
G01 X128.8287Y34.2732
G01 X128.8406Y34.2702
G01 X128.8615Y34.2633
G01 X128.8817Y34.2543
G01 X128.9009Y34.2433
G01 X128.9265Y34.2244
G01 X128.9425Y34.2092
G01 X128.9539Y34.1964
G01 X129.0489Y34.0806
G01 X129.0647Y34.0587
G01 X129.0710Y34.0482
G01 X129.0809Y34.0285
G01 X129.0916Y33.9985
G01 X129.0965Y33.9769
G01 X129.0983Y33.9648
G01 X129.0999Y33.9428
G01 X129.1000Y26.9277
G01 X129.0989Y26.9057
G01 X129.0954Y26.8700
G01 X129.1137Y26.6838
G01 X129.1681Y26.5047
G01 X129.2563Y26.3397
G01 X129.3750Y26.1950
G01 X129.4027Y26.1723
G01 X129.4191Y26.1574
G01 X135.7841Y19.7924
G01 X135.8019Y19.7722
G01 X135.8093Y19.7623
G01 X135.8210Y19.7436
G01 X135.8346Y19.7148
G01 X135.8416Y19.6939
G01 X135.8463Y19.6740
G01 X135.8483Y19.6602
G01 X135.8500Y19.6333
G01 X135.8500Y13.0933
G01 X135.8493Y13.0761
G01 X135.8465Y13.0542
G01 X135.8416Y13.0327
G01 X135.8346Y13.0117
G01 X135.8256Y12.9916
G01 X135.8097Y12.9649
G01 X135.7957Y12.9468
G01 X135.7805Y12.9308
G01 X135.7639Y12.9163
G01 X135.7540Y12.9090
G01 X135.7353Y12.8973
G01 X135.7065Y12.8836
G01 X135.6903Y12.8780
G01 X135.5589Y12.8381
G01 X135.4161Y12.7618
G01 X135.2910Y12.6590
G01 X135.1882Y12.5339
G01 X135.1403Y12.4441
G01 X135.1119Y12.3911
G01 X135.0649Y12.2361
G01 X135.0479Y12.0639
G01 X135.0479Y10.3361
G01 X135.0649Y10.1639
G01 X135.1119Y10.0089
G01 X135.1882Y9.8661
G01 X135.2910Y9.7410
G01 X135.4161Y9.6382
G01 X135.5589Y9.5619
G01 X135.7139Y9.5149
G01 X135.8861Y9.4979
G01 X138.1139Y9.4979
G01 X138.2861Y9.5149
G01 X138.4411Y9.5619
G01 X138.5839Y9.6382
G01 X138.7090Y9.7410
G01 X138.8118Y9.8661
G01 X138.8881Y10.0089
G01 X138.9351Y10.1639
G01 X138.9521Y10.3361
G01 X138.9521Y12.0639
G01 X138.9351Y12.2361
G01 X138.8881Y12.3911
G01 X138.8118Y12.5339
G01 X138.7090Y12.6590
G01 X138.5839Y12.7618
G01 X138.4411Y12.8381
G01 X138.2861Y12.8851
G01 X138.1139Y12.9021
G01 X137.9750Y12.9021
G01 X137.9578Y12.9028
G01 X137.9263Y12.9075
G01 X137.9050Y12.9133
G01 X137.8844Y12.9212
G01 X137.8733Y12.9264
G01 X137.8541Y12.9373
G01 X137.8361Y12.9501
G01 X137.8125Y12.9715
G01 X137.7981Y12.9882
G01 X137.7907Y12.9980
G01 X137.7790Y13.0167
G01 X137.7654Y13.0455
G01 X137.7612Y13.0571
G01 X137.7554Y13.0784
G01 X137.7507Y13.1099
G01 X137.7500Y13.1271
G01 X137.7500Y20.0623
G01 X137.7511Y20.0843
G01 X137.7546Y20.1200
G01 X137.7363Y20.3062
G01 X137.6819Y20.4853
G01 X137.5937Y20.6503
G01 X137.4750Y20.7950
G01 X137.4473Y20.8177
G01 X137.4309Y20.8326
G01 X131.0659Y27.1976
G01 X131.0481Y27.2178
G01 X131.0407Y27.2277
G01 X131.0290Y27.2464
G01 X131.0191Y27.2661
G01 X131.0084Y27.2961
G01 X131.0037Y27.3164
G01 X131.0017Y27.3298
G01 X131.0000Y27.3567
G01 X131.0000Y33.9379
G01 X131.0007Y33.9550
G01 X131.0054Y33.9866
G01 X131.0112Y34.0078
G01 X131.0154Y34.0194
G01 X131.0244Y34.0396
G01 X131.0403Y34.0662
G01 X131.0511Y34.0806
G01 X131.1493Y34.2001
G01 X131.1645Y34.2161
G01 X131.1735Y34.2244
G01 X131.1991Y34.2433
G01 X131.2097Y34.2496
G01 X131.2294Y34.2595
G01 X131.2594Y34.2702
G01 X131.2793Y34.2749
G01 X131.3028Y34.2779
G01 X131.3249Y34.2785
G01 X131.3372Y34.2779
G01 X131.3687Y34.2732
G01 X131.3806Y34.2702
G01 X131.4015Y34.2633
G01 X131.4303Y34.2496
G01 X131.4484Y34.2384
G01 X131.4589Y34.2306
G01 X131.4755Y34.2161
G01 X131.4939Y34.1964
G01 X131.5889Y34.0806
G01 X131.6047Y34.0587
G01 X131.6110Y34.0482
G01 X131.6209Y34.0285
G01 X131.6288Y34.0078
G01 X131.6363Y33.9786
G01 X131.6393Y33.9550
G01 X131.6400Y33.9379
G01 X131.6400Y29.9719
G01 X131.6389Y29.9498
G01 X131.6354Y29.9142
G01 X131.6537Y29.7279
G01 X131.7081Y29.5489
G01 X131.7963Y29.3838
G01 X131.9150Y29.2392
G01 X131.9427Y29.2164
G01 X131.9591Y29.2016
G01 X142.0841Y19.0766
G01 X142.1019Y19.0563
G01 X142.1147Y19.0383
G01 X142.1256Y19.0192
G01 X142.1346Y18.9990
G01 X142.1416Y18.9781
G01 X142.1463Y18.9582
G01 X142.1493Y18.9346
G01 X142.1500Y18.9175
G01 X142.1500Y13.1271
G01 X142.1483Y13.1001
G01 X142.1465Y13.0880
G01 X142.1416Y13.0665
G01 X142.1309Y13.0365
G01 X142.1256Y13.0254
G01 X142.1147Y13.0062
G01 X142.1019Y12.9882
G01 X142.0875Y12.9715
G01 X142.0639Y12.9501
G01 X142.0459Y12.9373
G01 X142.0353Y12.9310
G01 X142.0156Y12.9212
G01 X141.9856Y12.9104
G01 X141.9657Y12.9058
G01 X141.9519Y12.9037
G01 X141.9299Y12.9022
G01 X141.8861Y12.9021
G01 X141.7139Y12.8851
G01 X141.5589Y12.8381
G01 X141.4161Y12.7618
G01 X141.2910Y12.6590
G01 X141.1882Y12.5339
G01 X141.1119Y12.3911
G01 X141.0649Y12.2361
G01 X141.0479Y12.0639
G01 X141.0479Y10.3361
G01 X141.0649Y10.1639
G01 X141.1119Y10.0089
G01 X141.1882Y9.8661
G01 X141.2910Y9.7410
G01 X141.4161Y9.6382
G01 X141.5589Y9.5619
G01 X141.7139Y9.5149
G01 X141.8861Y9.4979
G01 X144.1139Y9.4979
G01 X144.2861Y9.5149
G01 X144.4411Y9.5619
G01 X144.5839Y9.6382
G01 X144.7090Y9.7410
G01 X144.8118Y9.8661
G01 X144.8881Y10.0089
G01 X144.9351Y10.1639
G01 X144.9521Y10.3361
G01 X144.9521Y12.0639
G01 X144.9351Y12.2361
G01 X144.8881Y12.3911
G01 X144.8118Y12.5339
G01 X144.7090Y12.6590
G01 X144.5839Y12.7618
G01 X144.4411Y12.8381
G01 X144.2861Y12.8851
G01 X144.2529Y12.8884
G01 X144.2347Y12.8910
G01 X144.2050Y12.8985
G01 X144.1935Y12.9026
G01 X144.1733Y12.9116
G01 X144.1466Y12.9275
G01 X144.1285Y12.9416
G01 X144.1125Y12.9567
G01 X144.0981Y12.9734
G01 X144.0907Y12.9833
G01 X144.0790Y13.0019
G01 X144.0691Y13.0217
G01 X144.0584Y13.0517
G01 X144.0537Y13.0716
G01 X144.0507Y13.0951
G01 X144.0500Y13.1123
G01 X144.0500Y19.3465
G01 X144.0511Y19.3685
G01 X144.0546Y19.4042
G01 X144.0363Y19.5904
G01 X143.9819Y19.7695
G01 X143.8937Y19.9345
G01 X143.7750Y20.0792
G01 X143.7473Y20.1019
G01 X143.7309Y20.1167
G01 X133.6059Y30.2418
G01 X133.5881Y30.2620
G01 X133.5753Y30.2800
G01 X133.5690Y30.2905
G01 X133.5591Y30.3103
G01 X133.5484Y30.3403
G01 X133.5437Y30.3606
G01 X133.5417Y30.3740
G01 X133.5400Y30.4009
G01 X133.5400Y33.9379
G01 X133.5407Y33.9550
G01 X133.5435Y33.9769
G01 X133.5484Y33.9985
G01 X133.5591Y34.0285
G01 X133.5690Y34.0482
G01 X133.5803Y34.0662
G01 X133.5911Y34.0806
G01 X133.6761Y34.1843
G01 X133.7969Y34.4101
G01 X133.8712Y34.6552
G01 X133.8900Y34.8461
G01 X133.8900Y36.2439
G01 X133.8712Y36.4348
G01 X133.7969Y36.6799
G01 X133.6761Y36.9057
G01 X133.5137Y37.1037
G01 X133.3157Y37.2661
G01 X133.0899Y37.3869
G01 X132.8448Y37.4612
G01 X132.5900Y37.4863
G01 X132.3352Y37.4612
G01 X132.0901Y37.3869
G01 X131.8643Y37.2661
G01 X131.6663Y37.1037
G01 X131.4939Y36.8936
G01 X131.4825Y36.8808
G01 X131.4665Y36.8656
G01 X131.4490Y36.8521
G01 X131.4303Y36.8404
G01 X131.4015Y36.8267
G01 X131.3806Y36.8198
G01 X131.3607Y36.8151
G01 X131.3469Y36.8131
G01 X131.3249Y36.8115
G01 X131.3028Y36.8121
G01 X131.2809Y36.8149
G01 X131.2500Y36.8226
G01 X131.2294Y36.8305
G01 X131.2097Y36.8404
G01 X131.1916Y36.8516
G01 X131.1811Y36.8594
G01 X131.1645Y36.8739
G01 X131.1461Y36.8936
G01 X130.9737Y37.1037
G01 X130.7757Y37.2661
G01 X130.5499Y37.3869
G01 X130.3048Y37.4612
G01 X130.0500Y37.4863
G01 X129.7952Y37.4612
G01 X129.5501Y37.3869
G01 X129.3243Y37.2661
G01 X129.1263Y37.1037
G01 X128.9539Y36.8936
G01 X128.9425Y36.8808
G01 X128.9265Y36.8656
G01 X128.9009Y36.8467
G01 X128.8903Y36.8404
G01 X128.8706Y36.8305
G01 X128.8406Y36.8198
G01 X128.8207Y36.8151
G01 X128.8069Y36.8131
G01 X128.7849Y36.8115
G01 X128.7628Y36.8121
G01 X128.7409Y36.8149
G01 X128.7194Y36.8198
G01 X128.6985Y36.8267
G01 X128.6783Y36.8357
G01 X128.6591Y36.8467
G01 X128.6411Y36.8594
G01 X128.6245Y36.8739
G01 X128.6061Y36.8936
G01 X128.4337Y37.1037
G01 X128.2357Y37.2661
G01 X128.0099Y37.3869
G01 X127.7648Y37.4612
G01 X127.5100Y37.4863
G01 X127.2552Y37.4612
G01 X127.0101Y37.3869
G01 X126.7843Y37.2661
G01 X126.5863Y37.1037
G01 X126.4239Y36.9057
G01 X126.3031Y36.6799
G01 X126.2288Y36.4348
G01 X126.2100Y36.2439
G01 X126.2100Y34.8461
G01 X126.2288Y34.6552
G01 X126.3031Y34.4101
G01 X126.4239Y34.1843
G01 X126.5089Y34.0806
G01 X126.5193Y34.0669
G01 X126.5310Y34.0482
G01 X126.5446Y34.0194
G01 X126.5516Y33.9985
G01 X126.5563Y33.9786
G01 X126.5593Y33.9550
G01 X126.5600Y33.9379
G01 X126.5600Y30.5967
G01 X126.5593Y30.5795
G01 X126.5565Y30.5576
G01 X126.5516Y30.5361
G01 X126.5446Y30.5152
G01 X126.5356Y30.4950
G01 X126.5247Y30.4758
G01 X126.5119Y30.4578
G01 X126.4941Y30.4376
G01 X122.6164Y26.5599
G01 X122.6037Y26.5482
G01 X122.5863Y26.5347
G01 X122.5676Y26.5229
G01 X122.5478Y26.5131
G01 X122.5272Y26.5052
G01 X122.5059Y26.4994
G01 X122.4842Y26.4956
G01 X122.4744Y26.4948
G00 Z3.0000
G00 X115.4641Y26.4859
G01 Z-0.1600
G01 X115.4471Y26.4834
G01 X115.4151Y26.4803
G01 X115.2132Y26.4191
G01 X115.0272Y26.3196
G01 X114.8642Y26.1858
G01 X114.7304Y26.0228
G01 X114.6309Y25.8368
G01 X114.5697Y25.6349
G01 X114.5479Y25.4139
G01 X114.5479Y22.5861
G01 X114.5697Y22.3651
G01 X114.6309Y22.1632
G01 X114.7304Y21.9772
G01 X114.8642Y21.8142
G01 X115.0272Y21.6804
G01 X115.2132Y21.5809
G01 X115.4151Y21.5197
G01 X115.6361Y21.4979
G01 X117.3639Y21.4979
G01 X117.5849Y21.5197
G01 X117.7868Y21.5809
G01 X117.9728Y21.6804
G01 X118.1358Y21.8142
G01 X118.2696Y21.9772
G01 X118.3691Y22.1632
G01 X118.4303Y22.3651
G01 X118.4521Y22.5861
G01 X118.4521Y25.4139
G01 X118.4303Y25.6349
G01 X118.3691Y25.8368
G01 X118.2696Y26.0228
G01 X118.1358Y26.1858
G01 X117.9728Y26.3196
G01 X117.7779Y26.4238
G01 X117.7631Y26.4325
G01 X117.7375Y26.4515
G01 X117.7215Y26.4667
G01 X117.7132Y26.4758
G01 X117.6942Y26.5014
G01 X117.6833Y26.5206
G01 X117.6781Y26.5316
G01 X117.6702Y26.5523
G01 X117.6627Y26.5816
G01 X117.6597Y26.6051
G01 X117.6591Y26.6173
G01 X117.6597Y26.6394
G01 X117.6643Y26.6709
G01 X117.6702Y26.6922
G01 X117.6743Y26.7038
G01 X117.6833Y26.7239
G01 X117.6942Y26.7431
G01 X117.7070Y26.7611
G01 X117.7248Y26.7813
G01 X123.0609Y32.1174
G01 X123.0773Y32.1323
G01 X123.1050Y32.1550
G01 X123.2237Y32.2997
G01 X123.3119Y32.4647
G01 X123.3663Y32.6438
G01 X123.3846Y32.8300
G01 X123.3811Y32.8657
G01 X123.3800Y32.8877
G01 X123.3800Y33.9379
G01 X123.3807Y33.9550
G01 X123.3835Y33.9769
G01 X123.3884Y33.9985
G01 X123.3954Y34.0194
G01 X123.4090Y34.0482
G01 X123.4203Y34.0662
G01 X123.4311Y34.0806
G01 X123.5161Y34.1843
G01 X123.6369Y34.4101
G01 X123.7112Y34.6552
G01 X123.7300Y34.8461
G01 X123.7300Y36.2439
G01 X123.7112Y36.4348
G01 X123.6369Y36.6799
G01 X123.5161Y36.9057
G01 X123.3537Y37.1037
G01 X123.1557Y37.2661
G01 X122.9299Y37.3869
G01 X122.6848Y37.4612
G01 X122.4300Y37.4863
G01 X122.1752Y37.4612
G01 X121.9301Y37.3869
G01 X121.7043Y37.2661
G01 X121.5063Y37.1037
G01 X121.3439Y36.9057
G01 X121.2231Y36.6799
G01 X121.1488Y36.4348
G01 X121.1300Y36.2439
G01 X121.1300Y34.8461
G01 X121.1488Y34.6552
G01 X121.2231Y34.4101
G01 X121.3439Y34.1843
G01 X121.4289Y34.0806
G01 X121.4393Y34.0669
G01 X121.4510Y34.0482
G01 X121.4646Y34.0194
G01 X121.4716Y33.9985
G01 X121.4763Y33.9786
G01 X121.4793Y33.9550
G01 X121.4800Y33.9379
G01 X121.4799Y33.3118
G01 X121.4783Y33.2898
G01 X121.4765Y33.2776
G01 X121.4716Y33.2561
G01 X121.4609Y33.2261
G01 X121.4510Y33.2064
G01 X121.4397Y33.1883
G01 X121.4319Y33.1778
G01 X121.4141Y33.1576
G01 X115.9691Y27.7126
G01 X115.9527Y27.6977
G01 X115.9250Y27.6750
G01 X115.8063Y27.5303
G01 X115.7181Y27.3653
G01 X115.6637Y27.1862
G01 X115.6454Y27.0000
G01 X115.6489Y26.9643
G01 X115.6500Y26.9423
G01 X115.6500Y26.7074
G01 X115.6493Y26.6902
G01 X115.6446Y26.6587
G01 X115.6416Y26.6468
G01 X115.6346Y26.6258
G01 X115.6210Y26.5970
G01 X115.6097Y26.5790
G01 X115.6019Y26.5685
G01 X115.5805Y26.5449
G01 X115.5639Y26.5304
G01 X115.5540Y26.5231
G01 X115.5353Y26.5113
G01 X115.5156Y26.5015
G01 X115.4856Y26.4907
G01 X115.4641Y26.4859
G00 Z3.0000
G00 X114.6612Y22.4303
G01 Z-0.1600
G01 X114.6635Y22.4148
G01 X114.6977Y22.2737
G01 X114.7561Y22.1327
G01 X114.8362Y22.0019
G01 X114.9356Y21.8856
G01 X115.0500Y21.7876
G01 X115.0584Y21.7818
G01 X115.1824Y21.7063
G01 X115.3196Y21.6491
G01 X115.3313Y21.6456
G01 X115.4648Y21.6135
G01 X115.4803Y21.6111
G01 X115.6250Y21.6000
G01 X117.3750Y21.6000
G01 X117.5256Y21.6117
G01 X117.6687Y21.6456
G01 X117.6837Y21.6504
G01 X117.8173Y21.7061
G01 X117.9481Y21.7862
G01 X118.0587Y21.8802
G01 X118.0698Y21.8913
G01 X118.1624Y22.0000
G01 X118.2399Y22.1255
G01 X118.2470Y22.1395
G01 X118.2996Y22.2663
G01 X118.3044Y22.2813
G01 X118.3380Y22.4225
G01 X118.3500Y22.5750
G01 X118.3500Y25.4250
G01 X118.3383Y25.5756
G01 X118.3023Y25.7263
G01 X118.2439Y25.8673
G01 X118.1638Y25.9981
G01 X118.0698Y26.1087
G01 X118.0587Y26.1198
G01 X117.9500Y26.2124
G01 X117.8245Y26.2899
G01 X117.8105Y26.2970
G01 X117.6837Y26.3496
G01 X117.6687Y26.3544
G01 X117.5275Y26.3880
G01 X117.4500Y26.3944
G01 X117.4500Y26.6479
G01 X123.0310Y32.2290
G01 X123.0839Y32.2870
G01 X123.1339Y32.3538
G01 X123.1818Y32.4337
G01 X123.2171Y32.5093
G01 X123.2447Y32.5880
G01 X123.2645Y32.6690
G01 X123.2763Y32.7516
G01 X123.2800Y32.8300
G01 X123.2800Y34.0631
G01 X123.3544Y34.1450
G01 X123.4249Y34.2393
G01 X123.4905Y34.3487
G01 X123.5404Y34.4554
G01 X123.5796Y34.5664
G01 X123.6059Y34.6711
G01 X123.6236Y34.7875
G01 X123.6300Y34.9100
G01 X123.6299Y36.1849
G01 X123.6236Y36.3025
G01 X123.6075Y36.4109
G01 X123.5796Y36.5236
G01 X123.5367Y36.6437
G01 X123.4859Y36.7499
G01 X123.4249Y36.8507
G01 X123.3606Y36.9374
G01 X123.2819Y37.0250
G01 X123.1874Y37.1106
G01 X123.1000Y37.1754
G01 X122.9999Y37.2359
G01 X122.8937Y37.2867
G01 X122.7736Y37.3296
G01 X122.6593Y37.3578
G01 X122.5427Y37.3746
G01 X122.4251Y37.3799
G01 X122.3075Y37.3736
G01 X122.1991Y37.3575
G01 X122.0864Y37.3296
G01 X121.9754Y37.2904
G01 X121.8601Y37.2359
G01 X121.7593Y37.1749
G01 X121.6650Y37.1044
G01 X121.5781Y37.0250
G01 X121.4994Y36.9374
G01 X121.4346Y36.8500
G01 X121.3741Y36.7499
G01 X121.3233Y36.6437
G01 X121.2832Y36.5330
G01 X121.2522Y36.4093
G01 X121.2364Y36.3025
G01 X121.2301Y36.1849
G01 X121.2300Y34.9100
G01 X121.2354Y34.7973
G01 X121.2525Y34.6791
G01 X121.2804Y34.5664
G01 X121.3233Y34.4463
G01 X121.3741Y34.3401
G01 X121.4351Y34.2393
G01 X121.5056Y34.1450
G01 X121.5800Y34.0631
G01 X121.5800Y33.1821
G01 X115.9990Y27.6010
G01 X115.9461Y27.5430
G01 X115.8956Y27.4756
G01 X115.8482Y27.3963
G01 X115.8129Y27.3207
G01 X115.7881Y27.2514
G01 X115.7655Y27.1610
G01 X115.7537Y27.0784
G01 X115.7500Y27.0000
G01 X115.7500Y26.4000
G01 X115.6172Y26.3997
G01 X115.4744Y26.3883
G01 X115.3237Y26.3523
G01 X115.1827Y26.2939
G01 X115.0519Y26.2138
G01 X114.9356Y26.1144
G01 X114.8376Y26.0000
G01 X114.7601Y25.8745
G01 X114.7530Y25.8605
G01 X114.7004Y25.7337
G01 X114.6956Y25.7187
G01 X114.6620Y25.5775
G01 X114.6500Y25.4250
G01 X114.6500Y22.5750
G01 X114.6612Y22.4303
G00 Z3.0000
G00 X108.8000Y30.6773
G01 Z-0.1600
G01 X108.7308Y31.0250
G01 X108.5951Y31.3526
G01 X108.3982Y31.6474
G01 X108.1474Y31.8982
G01 X107.8526Y32.0951
G01 X107.5250Y32.2308
G01 X107.1773Y32.3000
G01 X106.8227Y32.3000
G01 X106.4750Y32.2308
G01 X106.1474Y32.0951
G01 X105.8526Y31.8982
G01 X105.6018Y31.6474
G01 X105.4049Y31.3526
G01 X105.2692Y31.0250
G01 X105.2000Y30.6773
G01 X105.2000Y30.3227
G01 X105.2692Y29.9750
G01 X105.4049Y29.6474
G01 X105.6018Y29.3526
G01 X105.8526Y29.1018
G01 X106.1474Y28.9049
G01 X106.4750Y28.7692
G01 X106.8227Y28.7000
G01 X107.1773Y28.7000
G01 X107.5250Y28.7692
G01 X107.8526Y28.9049
G01 X108.1474Y29.1018
G01 X108.3982Y29.3526
G01 X108.5951Y29.6474
G01 X108.7308Y29.9750
G01 X108.8000Y30.3227
G01 X108.8000Y30.6773
G00 Z3.0000
G00 X98.3209Y33.0915
G01 Z-0.1600
G01 X98.2999Y33.0845
G01 X98.2833Y33.0804
G01 X98.1500Y33.0539
G01 X97.9316Y32.9634
G01 X97.7350Y32.8321
G01 X97.5679Y32.6650
G01 X97.4366Y32.4684
G01 X97.3461Y32.2500
G01 X97.3000Y32.0182
G01 X97.3000Y31.7818
G01 X97.3461Y31.5500
G01 X97.4366Y31.3316
G01 X97.5679Y31.1351
G01 X97.7350Y30.9679
G01 X97.9316Y30.8366
G01 X98.1500Y30.7461
G01 X98.3818Y30.7000
G01 X98.6182Y30.7000
G01 X98.8500Y30.7461
G01 X99.0684Y30.8366
G01 X99.2649Y30.9679
G01 X99.4321Y31.1351
G01 X99.5634Y31.3316
G01 X99.6539Y31.5500
G01 X99.6804Y31.6833
G01 X99.6844Y31.7000
G01 X99.6914Y31.7209
G01 X99.7004Y31.7411
G01 X99.7114Y31.7602
G01 X99.7241Y31.7783
G01 X99.7420Y31.7985
G01 X108.1876Y40.2441
G01 X108.2078Y40.2619
G01 X108.2258Y40.2747
G01 X108.2363Y40.2810
G01 X108.2561Y40.2909
G01 X108.2861Y40.3016
G01 X108.3060Y40.3063
G01 X108.3198Y40.3083
G01 X108.3467Y40.3100
G01 X109.4799Y40.3099
G01 X109.5019Y40.3083
G01 X109.5141Y40.3065
G01 X109.5356Y40.3016
G01 X109.5656Y40.2909
G01 X109.5767Y40.2856
G01 X109.5959Y40.2747
G01 X109.6215Y40.2557
G01 X109.6375Y40.2405
G01 X109.6519Y40.2239
G01 X109.6593Y40.2140
G01 X109.6710Y40.1953
G01 X109.6809Y40.1756
G01 X109.6888Y40.1550
G01 X109.6963Y40.1257
G01 X109.6993Y40.1022
G01 X109.7000Y40.0850
G01 X109.7000Y39.9261
G01 X109.7188Y39.7352
G01 X109.7931Y39.4901
G01 X109.9139Y39.2643
G01 X110.0763Y39.0663
G01 X110.2743Y38.9039
G01 X110.5001Y38.7831
G01 X110.7452Y38.7088
G01 X111.0000Y38.6837
G01 X111.2548Y38.7088
G01 X111.4999Y38.7831
G01 X111.7257Y38.9039
G01 X111.9237Y39.0663
G01 X112.0861Y39.2643
G01 X112.2069Y39.4901
G01 X112.2812Y39.7352
G01 X112.3000Y39.9261
G01 X112.3000Y41.3239
G01 X112.2812Y41.5148
G01 X112.2069Y41.7599
G01 X112.0861Y41.9857
G01 X111.9237Y42.1837
G01 X111.7257Y42.3461
G01 X111.4999Y42.4669
G01 X111.2548Y42.5412
G01 X111.0000Y42.5663
G01 X110.7452Y42.5412
G01 X110.5001Y42.4669
G01 X110.2743Y42.3461
G01 X110.1706Y42.2611
G01 X110.1569Y42.2507
G01 X110.1382Y42.2390
G01 X110.1185Y42.2291
G01 X110.0978Y42.2212
G01 X110.0766Y42.2154
G01 X110.0548Y42.2117
G01 X110.0279Y42.2100
G01 X107.9177Y42.2100
G01 X107.8956Y42.2111
G01 X107.8600Y42.2146
G01 X107.6737Y42.1963
G01 X107.4947Y42.1419
G01 X107.3296Y42.0537
G01 X107.1850Y41.9350
G01 X107.1622Y41.9073
G01 X107.1474Y41.8909
G01 X98.3985Y33.1420
G01 X98.3782Y33.1241
G01 X98.3602Y33.1114
G01 X98.3410Y33.1004
G01 X98.3209Y33.0915
G00 Z3.0000
G00 X97.4051Y31.7971
G01 Z-0.1600
G01 X97.4059Y31.7873
G01 X97.4205Y31.6886
G01 X97.4489Y31.5760
G01 X97.4857Y31.4746
G01 X97.5277Y31.3859
G01 X97.5882Y31.2849
G01 X97.6467Y31.2060
G01 X97.7188Y31.1257
G01 X97.8060Y31.0467
G01 X97.8930Y30.9828
G01 X97.9858Y30.9277
G01 X98.0746Y30.8857
G01 X98.1854Y30.8461
G01 X98.2902Y30.8203
G01 X98.3873Y30.8059
G01 X98.4951Y30.8001
G01 X98.6127Y30.8059
G01 X98.7114Y30.8206
G01 X98.8146Y30.8461
G01 X98.9254Y30.8857
G01 X99.0228Y30.9323
G01 X99.1070Y30.9828
G01 X99.1940Y31.0467
G01 X99.2743Y31.1188
G01 X99.3471Y31.1985
G01 X99.4123Y31.2855
G01 X99.4677Y31.3772
G01 X99.5143Y31.4746
G01 X99.5511Y31.5760
G01 X99.5778Y31.6806
G01 X99.5946Y31.7925
G01 X108.2121Y40.4100
G01 X109.8000Y40.4100
G01 X109.8000Y39.9900
G01 X109.8054Y39.8773
G01 X109.8225Y39.7591
G01 X109.8532Y39.6370
G01 X109.8933Y39.5263
G01 X109.9395Y39.4287
G01 X110.0051Y39.3193
G01 X110.0694Y39.2326
G01 X110.1481Y39.1450
G01 X110.2426Y39.0594
G01 X110.3300Y38.9946
G01 X110.4301Y38.9341
G01 X110.5454Y38.8796
G01 X110.6564Y38.8404
G01 X110.7611Y38.8141
G01 X110.8775Y38.7964
G01 X110.9951Y38.7901
G01 X111.1225Y38.7964
G01 X111.2309Y38.8125
G01 X111.3530Y38.8432
G01 X111.4637Y38.8833
G01 X111.5613Y38.9295
G01 X111.6707Y38.9951
G01 X111.7650Y39.0656
G01 X111.8450Y39.1381
G01 X111.9244Y39.2250
G01 X111.9954Y39.3200
G01 X112.0559Y39.4201
G01 X112.1067Y39.5263
G01 X112.1468Y39.6370
G01 X112.1759Y39.7511
G01 X112.1936Y39.8675
G01 X112.2000Y39.9900
G01 X112.2000Y41.2600
G01 X112.1946Y41.3727
G01 X112.1775Y41.4909
G01 X112.1468Y41.6130
G01 X112.1067Y41.7237
G01 X112.0605Y41.8213
G01 X111.9949Y41.9307
G01 X111.9244Y42.0250
G01 X111.8519Y42.1050
G01 X111.7650Y42.1844
G01 X111.6700Y42.2554
G01 X111.5699Y42.3159
G01 X111.4637Y42.3667
G01 X111.3436Y42.4096
G01 X111.2293Y42.4378
G01 X111.1225Y42.4536
G01 X111.0049Y42.4599
G01 X110.8873Y42.4546
G01 X110.7691Y42.4375
G01 X110.6564Y42.4096
G01 X110.5454Y42.3704
G01 X110.4387Y42.3205
G01 X110.3375Y42.2604
G01 X110.2426Y42.1906
G01 X110.1531Y42.1100
G01 X107.8600Y42.1100
G01 X107.7816Y42.1063
G01 X107.6974Y42.0943
G01 X107.6086Y42.0719
G01 X107.5302Y42.0433
G01 X107.4637Y42.0118
G01 X107.3837Y41.9639
G01 X107.3170Y41.9139
G01 X107.2589Y41.8610
G01 X98.3924Y32.9945
G01 X98.2886Y32.9795
G01 X98.1854Y32.9540
G01 X98.0836Y32.9180
G01 X97.9858Y32.8723
G01 X97.8849Y32.8118
G01 X97.7984Y32.7471
G01 X97.7188Y32.6743
G01 X97.6467Y32.5940
G01 X97.5877Y32.5145
G01 X97.5323Y32.4228
G01 X97.4857Y32.3254
G01 X97.4489Y32.2240
G01 X97.4222Y32.1194
G01 X97.4059Y32.0127
G01 X97.4001Y31.9049
G01 X97.4051Y31.7971
G00 Z3.0000
G00 X95.2644Y36.7305
G01 Z-0.1600
G01 X95.2756Y36.7305
G01 X95.2700Y36.7461
G01 X95.2644Y36.7305
G00 Z3.0000
G00 X95.3456Y37.0873
G01 Z-0.1600
G01 X95.3464Y37.0775
G01 X95.3641Y36.9611
G01 X95.3932Y36.8470
G01 X95.4296Y36.7454
G01 X95.4841Y36.6301
G01 X95.5451Y36.5293
G01 X95.6094Y36.4426
G01 X95.6950Y36.3481
G01 X95.7826Y36.2694
G01 X95.8700Y36.2046
G01 X95.9787Y36.1395
G01 X96.0854Y36.0896
G01 X96.1870Y36.0532
G01 X96.3107Y36.0222
G01 X96.4175Y36.0064
G01 X96.5351Y36.0001
G01 X96.6625Y36.0064
G01 X96.7709Y36.0225
G01 X96.8836Y36.0504
G01 X97.0037Y36.0933
G01 X97.1099Y36.1441
G01 X97.2025Y36.1996
G01 X97.3050Y36.2756
G01 X97.3850Y36.3481
G01 X97.4644Y36.4350
G01 X97.5404Y36.5375
G01 X97.6005Y36.6387
G01 X97.6467Y36.7363
G01 X97.6896Y36.8564
G01 X97.7178Y36.9707
G01 X97.7346Y37.0873
G01 X97.7399Y37.1951
G01 X97.7346Y37.3127
G01 X97.7159Y37.4389
G01 X97.6868Y37.5530
G01 X97.6504Y37.6546
G01 X97.6005Y37.7613
G01 X97.5885Y37.7823
G01 X101.4010Y41.5948
G01 X101.4539Y41.6529
G01 X101.5039Y41.7196
G01 X101.5518Y41.7995
G01 X101.5871Y41.8751
G01 X101.6147Y41.9538
G01 X101.6345Y42.0348
G01 X101.6453Y42.1076
G01 X101.6500Y42.1958
G01 X101.6500Y42.6021
G01 X101.7123Y42.6855
G01 X101.7677Y42.7772
G01 X101.8143Y42.8746
G01 X101.8511Y42.9760
G01 X101.8778Y43.0806
G01 X101.8941Y43.1873
G01 X101.8999Y43.3049
G01 X101.8941Y43.4127
G01 X101.8794Y43.5114
G01 X101.8511Y43.6240
G01 X101.8143Y43.7254
G01 X101.7677Y43.8228
G01 X101.7118Y43.9151
G01 X101.6533Y43.9940
G01 X101.5812Y44.0743
G01 X101.5016Y44.1471
G01 X101.4145Y44.2123
G01 X101.3228Y44.2677
G01 X101.2254Y44.3143
G01 X101.1240Y44.3511
G01 X101.0194Y44.3778
G01 X100.9127Y44.3941
G01 X100.8049Y44.3999
G01 X100.6971Y44.3951
G01 X100.5886Y44.3794
G01 X100.4854Y44.3539
G01 X100.3836Y44.3180
G01 X100.2858Y44.2723
G01 X100.1930Y44.2172
G01 X100.1060Y44.1533
G01 X100.0257Y44.0812
G01 X99.9529Y44.0015
G01 X99.8828Y43.9070
G01 X99.8277Y43.8142
G01 X99.7820Y43.7164
G01 X99.7461Y43.6146
G01 X99.7222Y43.5194
G01 X99.7059Y43.4127
G01 X99.7001Y43.3049
G01 X99.7059Y43.1873
G01 X99.7206Y43.0886
G01 X99.7489Y42.9760
G01 X99.7857Y42.8746
G01 X99.8323Y42.7772
G01 X99.8882Y42.6849
G01 X99.9500Y42.6020
G01 X99.9500Y42.5479
G01 X95.9390Y38.5369
G01 X95.8861Y38.4788
G01 X95.8306Y38.4039
G01 X95.7882Y38.3321
G01 X95.7567Y38.2656
G01 X95.7253Y38.1778
G01 X95.7074Y38.1064
G01 X95.6994Y38.0559
G01 X95.6881Y38.0450
G01 X95.6156Y37.9650
G01 X95.5446Y37.8700
G01 X95.4795Y37.7613
G01 X95.4296Y37.6546
G01 X95.3904Y37.5436
G01 X95.3622Y37.4293
G01 X95.3464Y37.3225
G01 X95.3401Y37.2049
G01 X95.3456Y37.0873
G00 Z3.0000
G00 X95.2711Y37.6568
G01 Z-0.1600
G01 X95.2695Y37.6553
G01 X95.2700Y37.6539
G01 X95.2711Y37.6568
G00 Z3.0000
G00 X92.8056Y37.0873
G01 Z-0.1600
G01 X92.8064Y37.0775
G01 X92.8225Y36.9691
G01 X92.8532Y36.8470
G01 X92.8933Y36.7363
G01 X92.9395Y36.6387
G01 X93.0051Y36.5293
G01 X93.0694Y36.4426
G01 X93.1481Y36.3550
G01 X93.2426Y36.2694
G01 X93.3300Y36.2046
G01 X93.4301Y36.1441
G01 X93.5454Y36.0896
G01 X93.6564Y36.0504
G01 X93.7611Y36.0241
G01 X93.8873Y36.0054
G01 X93.9951Y36.0001
G01 X94.1127Y36.0054
G01 X94.2309Y36.0225
G01 X94.3436Y36.0504
G01 X94.4546Y36.0896
G01 X94.5699Y36.1441
G01 X94.6707Y36.2051
G01 X94.7574Y36.2694
G01 X94.8519Y36.3550
G01 X94.9306Y36.4426
G01 X94.9949Y36.5293
G01 X95.0605Y36.6387
G01 X95.1104Y36.7454
G01 X95.1468Y36.8470
G01 X95.1778Y36.9707
G01 X95.1936Y37.0775
G01 X95.1999Y37.1951
G01 X95.1936Y37.3225
G01 X95.1775Y37.4309
G01 X95.1496Y37.5436
G01 X95.1104Y37.6546
G01 X95.0935Y37.6915
G01 X99.1710Y41.7689
G01 X99.2300Y41.8346
G01 X99.2744Y41.8944
G01 X99.3172Y41.9650
G01 X99.3533Y42.0402
G01 X99.3818Y42.1186
G01 X99.4045Y42.2090
G01 X99.4153Y42.2818
G01 X99.4199Y42.3651
G01 X99.4200Y42.5721
G01 X99.4822Y42.6555
G01 X99.5377Y42.7472
G01 X99.5880Y42.8536
G01 X99.6239Y42.9554
G01 X99.6478Y43.0506
G01 X99.6641Y43.1573
G01 X99.6699Y43.2651
G01 X99.6650Y43.3729
G01 X99.6494Y43.4814
G01 X99.6211Y43.5939
G01 X99.5842Y43.6954
G01 X99.5377Y43.7928
G01 X99.4818Y43.8851
G01 X99.4171Y43.9715
G01 X99.3442Y44.0512
G01 X99.2639Y44.1233
G01 X99.1770Y44.1872
G01 X99.0841Y44.2423
G01 X98.9863Y44.2880
G01 X98.8846Y44.3239
G01 X98.7797Y44.3497
G01 X98.6729Y44.3650
G01 X98.5651Y44.3698
G01 X98.4573Y44.3641
G01 X98.3586Y44.3494
G01 X98.2460Y44.3211
G01 X98.1445Y44.2842
G01 X98.0472Y44.2377
G01 X97.9548Y44.1818
G01 X97.8684Y44.1171
G01 X97.7888Y44.0442
G01 X97.7166Y43.9639
G01 X97.6577Y43.8844
G01 X97.6023Y43.7928
G01 X97.5557Y43.6954
G01 X97.5160Y43.5846
G01 X97.4903Y43.4797
G01 X97.4749Y43.3729
G01 X97.4701Y43.2651
G01 X97.4759Y43.1573
G01 X97.4905Y43.0586
G01 X97.5160Y42.9554
G01 X97.5557Y42.8445
G01 X97.6023Y42.7472
G01 X97.6560Y42.6581
G01 X93.2990Y38.3010
G01 X93.2461Y38.2430
G01 X93.1956Y38.1756
G01 X93.1528Y38.1050
G01 X93.1167Y38.0298
G01 X93.1044Y37.9967
G01 X93.0694Y37.9574
G01 X92.9996Y37.8625
G01 X92.9395Y37.7613
G01 X92.8896Y37.6546
G01 X92.8504Y37.5436
G01 X92.8222Y37.4293
G01 X92.8064Y37.3225
G01 X92.8001Y37.2049
G01 X92.8056Y37.0873
G00 Z3.0000
G00 X92.7244Y36.7305
G01 Z-0.1600
G01 X92.7356Y36.7305
G01 X92.7300Y36.7461
G01 X92.7244Y36.7305
G00 Z3.0000
G00 X90.2656Y37.0873
G01 Z-0.1600
G01 X90.2664Y37.0775
G01 X90.2825Y36.9691
G01 X90.3132Y36.8470
G01 X90.3533Y36.7363
G01 X90.3995Y36.6387
G01 X90.4651Y36.5293
G01 X90.5294Y36.4426
G01 X90.6081Y36.3550
G01 X90.7026Y36.2694
G01 X90.7900Y36.2046
G01 X90.8901Y36.1441
G01 X91.0054Y36.0896
G01 X91.1164Y36.0504
G01 X91.2211Y36.0241
G01 X91.3473Y36.0054
G01 X91.4551Y36.0001
G01 X91.5727Y36.0054
G01 X91.6909Y36.0225
G01 X91.8036Y36.0504
G01 X91.9146Y36.0896
G01 X92.0299Y36.1441
G01 X92.1307Y36.2051
G01 X92.2174Y36.2694
G01 X92.3119Y36.3550
G01 X92.3906Y36.4426
G01 X92.4554Y36.5300
G01 X92.5159Y36.6301
G01 X92.5704Y36.7454
G01 X92.6096Y36.8564
G01 X92.6359Y36.9611
G01 X92.6546Y37.0873
G01 X92.6599Y37.1951
G01 X92.6546Y37.3127
G01 X92.6359Y37.4389
G01 X92.6096Y37.5436
G01 X92.5842Y37.6161
G01 X96.7551Y41.7870
G01 X96.7762Y41.8003
G01 X96.8354Y41.8441
G01 X96.8975Y41.8998
G01 X96.9601Y41.9688
G01 X97.0094Y42.0361
G01 X97.0518Y42.1079
G01 X97.0833Y42.1744
G01 X97.1119Y42.2528
G01 X97.1326Y42.3336
G01 X97.1463Y42.4258
G01 X97.1500Y42.5042
G01 X97.1500Y42.6021
G01 X97.2123Y42.6855
G01 X97.2677Y42.7772
G01 X97.3143Y42.8746
G01 X97.3511Y42.9760
G01 X97.3797Y43.0902
G01 X97.3941Y43.1873
G01 X97.3999Y43.2951
G01 X97.3951Y43.4029
G01 X97.3794Y43.5114
G01 X97.3511Y43.6240
G01 X97.3143Y43.7254
G01 X97.2677Y43.8228
G01 X97.2118Y43.9151
G01 X97.1471Y44.0015
G01 X97.0743Y44.0812
G01 X96.9940Y44.1533
G01 X96.9070Y44.2172
G01 X96.8142Y44.2723
G01 X96.7164Y44.3180
G01 X96.6146Y44.3539
G01 X96.5098Y44.3797
G01 X96.4029Y44.3951
G01 X96.2951Y44.3999
G01 X96.1873Y44.3941
G01 X96.0886Y44.3794
G01 X95.9760Y44.3511
G01 X95.8746Y44.3143
G01 X95.7772Y44.2677
G01 X95.6849Y44.2118
G01 X95.5985Y44.1471
G01 X95.5188Y44.0743
G01 X95.4467Y43.9940
G01 X95.3877Y43.9145
G01 X95.3323Y43.8228
G01 X95.2857Y43.7254
G01 X95.2461Y43.6146
G01 X95.2203Y43.5098
G01 X95.2059Y43.4127
G01 X95.2001Y43.2951
G01 X95.2059Y43.1873
G01 X95.2206Y43.0886
G01 X95.2461Y42.9854
G01 X95.2820Y42.8836
G01 X95.3277Y42.7858
G01 X95.3356Y42.7717
G01 X91.3490Y38.7850
G01 X91.2961Y38.7270
G01 X91.2461Y38.6602
G01 X91.1982Y38.5803
G01 X91.1629Y38.5047
G01 X91.1381Y38.4354
G01 X91.1164Y38.3496
G01 X90.9963Y38.3067
G01 X90.8901Y38.2559
G01 X90.7975Y38.2004
G01 X90.6950Y38.1244
G01 X90.6150Y38.0519
G01 X90.5356Y37.9650
G01 X90.4646Y37.8700
G01 X90.4041Y37.7699
G01 X90.3533Y37.6637
G01 X90.3132Y37.5530
G01 X90.2841Y37.4389
G01 X90.2664Y37.3225
G01 X90.2601Y37.2049
G01 X90.2656Y37.0873
G00 Z3.0000
G00 X87.7256Y37.0873
G01 Z-0.1600
G01 X87.7264Y37.0775
G01 X87.7425Y36.9691
G01 X87.7732Y36.8470
G01 X87.8133Y36.7363
G01 X87.8595Y36.6387
G01 X87.9251Y36.5293
G01 X87.9894Y36.4426
G01 X88.0681Y36.3550
G01 X88.1626Y36.2694
G01 X88.2500Y36.2046
G01 X88.3501Y36.1441
G01 X88.4654Y36.0896
G01 X88.5764Y36.0504
G01 X88.6811Y36.0241
G01 X88.8073Y36.0054
G01 X88.9151Y36.0001
G01 X89.0327Y36.0054
G01 X89.1509Y36.0225
G01 X89.2730Y36.0532
G01 X89.3837Y36.0933
G01 X89.4813Y36.1395
G01 X89.5907Y36.2051
G01 X89.6774Y36.2694
G01 X89.7650Y36.3481
G01 X89.8444Y36.4350
G01 X89.9154Y36.5300
G01 X89.9759Y36.6301
G01 X90.0165Y36.7148
G01 X90.0701Y36.7746
G01 X90.1194Y36.8419
G01 X90.1618Y36.9137
G01 X90.1971Y36.9893
G01 X90.2219Y37.0586
G01 X90.2426Y37.1394
G01 X90.2563Y37.2316
G01 X90.2600Y37.3100
G01 X90.2600Y37.8319
G01 X90.9179Y38.4898
G01 X90.9916Y38.5167
G01 X91.0581Y38.5482
G01 X91.1299Y38.5906
G01 X91.1972Y38.6399
G01 X91.2629Y38.6990
G01 X94.6010Y42.0371
G01 X94.6601Y42.1028
G01 X94.7094Y42.1701
G01 X94.7518Y42.2419
G01 X94.7871Y42.3175
G01 X94.8119Y42.3868
G01 X94.8345Y42.4772
G01 X94.8453Y42.5500
G01 X94.8483Y42.6001
G01 X94.9123Y42.6855
G01 X94.9677Y42.7772
G01 X95.0143Y42.8746
G01 X95.0511Y42.9760
G01 X95.0797Y43.0902
G01 X95.0941Y43.1873
G01 X95.0999Y43.2951
G01 X95.0951Y43.4029
G01 X95.0794Y43.5114
G01 X95.0539Y43.6146
G01 X95.0180Y43.7164
G01 X94.9723Y43.8142
G01 X94.9172Y43.9070
G01 X94.8533Y43.9940
G01 X94.7812Y44.0743
G01 X94.7016Y44.1471
G01 X94.6145Y44.2123
G01 X94.5228Y44.2677
G01 X94.4254Y44.3143
G01 X94.3240Y44.3511
G01 X94.2194Y44.3778
G01 X94.1127Y44.3941
G01 X94.0049Y44.3999
G01 X93.8971Y44.3951
G01 X93.7886Y44.3794
G01 X93.6854Y44.3539
G01 X93.5836Y44.3180
G01 X93.4858Y44.2723
G01 X93.3930Y44.2172
G01 X93.3060Y44.1533
G01 X93.2257Y44.0812
G01 X93.1467Y43.9940
G01 X93.0828Y43.9070
G01 X93.0277Y43.8142
G01 X92.9820Y43.7164
G01 X92.9489Y43.6240
G01 X92.9203Y43.5098
G01 X92.9059Y43.4127
G01 X92.9001Y43.3049
G01 X92.9059Y43.1873
G01 X92.9206Y43.0886
G01 X92.9461Y42.9854
G01 X92.9820Y42.8836
G01 X93.0013Y42.8416
G01 X90.2699Y40.1102
G01 X90.1962Y40.0833
G01 X90.1297Y40.0518
G01 X90.0579Y40.0094
G01 X89.9906Y39.9601
G01 X89.9285Y39.9044
G01 X88.8090Y38.7850
G01 X88.7561Y38.7270
G01 X88.7061Y38.6602
G01 X88.6582Y38.5803
G01 X88.6229Y38.5047
G01 X88.5981Y38.4354
G01 X88.5764Y38.3496
G01 X88.4654Y38.3104
G01 X88.3501Y38.2559
G01 X88.2493Y38.1949
G01 X88.1626Y38.1306
G01 X88.0681Y38.0450
G01 X87.9894Y37.9574
G01 X87.9246Y37.8700
G01 X87.8641Y37.7699
G01 X87.8133Y37.6637
G01 X87.7732Y37.5530
G01 X87.7441Y37.4389
G01 X87.7264Y37.3225
G01 X87.7201Y37.2049
G01 X87.7256Y37.0873
G00 Z3.0000
G00 X87.6500Y36.7461
G01 Z-0.1600
G01 X87.6444Y36.7305
G01 X87.6556Y36.7305
G01 X87.6500Y36.7461
G00 Z3.0000
G00 X87.6444Y37.6695
G01 Z-0.1600
G01 X87.6500Y37.6539
G01 X87.6556Y37.6695
G01 X87.6444Y37.6695
G00 Z3.0000
G00 X85.1156Y36.7305
G01 Z-0.1600
G01 X85.1100Y36.7461
G01 X85.1044Y36.7305
G01 X85.1156Y36.7305
G00 Z3.0000
G00 X82.5756Y36.7305
G01 Z-0.1600
G01 X82.5700Y36.7461
G01 X82.5644Y36.7305
G01 X82.5756Y36.7305
G00 Z3.0000
G00 X85.4051Y45.9971
G01 Z-0.1600
G01 X85.4059Y45.9873
G01 X85.4222Y45.8806
G01 X85.4489Y45.7760
G01 X85.4857Y45.6746
G01 X85.5323Y45.5772
G01 X85.5882Y45.4849
G01 X85.6467Y45.4060
G01 X85.7188Y45.3257
G01 X85.7985Y45.2529
G01 X85.8855Y45.1877
G01 X85.9772Y45.1323
G01 X86.0746Y45.0857
G01 X86.1854Y45.0461
G01 X86.2902Y45.0203
G01 X86.3971Y45.0049
G01 X86.4951Y45.0001
G01 X86.6029Y45.0049
G01 X86.7114Y45.0206
G01 X86.8240Y45.0489
G01 X86.9254Y45.0857
G01 X87.0142Y45.1277
G01 X87.1151Y45.1882
G01 X87.1940Y45.2467
G01 X87.2743Y45.3188
G01 X87.3533Y45.4060
G01 X87.4123Y45.4855
G01 X87.4214Y45.5000
G01 X105.4515Y45.5000
G01 X106.5757Y44.3757
G01 X106.6156Y44.3394
G01 X106.6708Y44.2985
G01 X106.7215Y44.2686
G01 X106.7659Y44.2477
G01 X106.8306Y44.2245
G01 X106.8878Y44.2107
G01 X106.9363Y44.2035
G01 X107.0000Y44.2000
G01 X117.3771Y44.2000
G01 X120.0030Y41.5741
G01 X119.9822Y41.4893
G01 X119.9664Y41.3825
G01 X119.9600Y41.2600
G01 X119.9600Y39.9900
G01 X119.9654Y39.8773
G01 X119.9822Y39.7607
G01 X120.0104Y39.6464
G01 X120.0496Y39.5354
G01 X120.1041Y39.4201
G01 X120.1651Y39.3193
G01 X120.2294Y39.2326
G01 X120.3081Y39.1450
G01 X120.3950Y39.0656
G01 X120.4900Y38.9946
G01 X120.5987Y38.9295
G01 X120.7054Y38.8796
G01 X120.8070Y38.8432
G01 X120.9307Y38.8122
G01 X121.0375Y38.7964
G01 X121.1551Y38.7901
G01 X121.2825Y38.7964
G01 X121.3909Y38.8125
G01 X121.5036Y38.8404
G01 X121.6146Y38.8796
G01 X121.7299Y38.9341
G01 X121.8307Y38.9951
G01 X121.9174Y39.0594
G01 X122.0050Y39.1381
G01 X122.0906Y39.2326
G01 X122.1554Y39.3200
G01 X122.2159Y39.4201
G01 X122.2667Y39.5263
G01 X122.3096Y39.6464
G01 X122.3378Y39.7607
G01 X122.3546Y39.8773
G01 X122.3600Y39.9900
G01 X122.3600Y41.2600
G01 X122.3536Y41.3825
G01 X122.3375Y41.4909
G01 X122.3096Y41.6036
G01 X122.2667Y41.7237
G01 X122.2159Y41.8299
G01 X122.1549Y41.9307
G01 X122.0906Y42.0174
G01 X122.0050Y42.1119
G01 X121.9174Y42.1906
G01 X121.8300Y42.2554
G01 X121.7213Y42.3205
G01 X121.6146Y42.3704
G01 X121.5130Y42.4068
G01 X121.3893Y42.4378
G01 X121.2825Y42.4536
G01 X121.1649Y42.4599
G01 X121.0375Y42.4536
G01 X120.9291Y42.4375
G01 X120.8549Y42.4193
G01 X118.0499Y45.2243
G01 X118.0100Y45.2606
G01 X117.9623Y45.2965
G01 X117.9041Y45.3314
G01 X117.8506Y45.3561
G01 X117.8044Y45.3726
G01 X117.7378Y45.3893
G01 X117.6795Y45.3975
G01 X117.6256Y45.4000
G01 X107.2485Y45.4000
G01 X106.1243Y46.5243
G01 X106.0844Y46.5606
G01 X106.0292Y46.6015
G01 X105.9785Y46.6314
G01 X105.9250Y46.6561
G01 X105.8694Y46.6755
G01 X105.8218Y46.6874
G01 X105.7539Y46.6975
G01 X105.7000Y46.7000
G01 X87.4214Y46.7000
G01 X87.4118Y46.7151
G01 X87.3533Y46.7940
G01 X87.2743Y46.8812
G01 X87.1940Y46.9533
G01 X87.1145Y47.0123
G01 X87.0228Y47.0677
G01 X86.9254Y47.1143
G01 X86.8146Y47.1539
G01 X86.7098Y47.1797
G01 X86.6127Y47.1941
G01 X86.5049Y47.1999
G01 X86.3971Y47.1951
G01 X86.2886Y47.1794
G01 X86.1760Y47.1511
G01 X86.0746Y47.1143
G01 X85.9772Y47.0677
G01 X85.8849Y47.0118
G01 X85.7985Y46.9471
G01 X85.7188Y46.8743
G01 X85.6467Y46.7940
G01 X85.5877Y46.7145
G01 X85.5323Y46.6228
G01 X85.4857Y46.5254
G01 X85.4489Y46.4240
G01 X85.4222Y46.3194
G01 X85.4059Y46.2127
G01 X85.4001Y46.1049
G01 X85.4051Y45.9971
G00 Z3.0000
G00 X87.4439Y46.8544
G01 Z-0.1600
G01 X87.4312Y46.8659
G01 X87.2650Y47.0321
G01 X87.0684Y47.1634
G01 X86.8500Y47.2539
G01 X86.6182Y47.3000
G01 X86.3818Y47.3000
G01 X86.1500Y47.2539
G01 X85.9316Y47.1634
G01 X85.7350Y47.0321
G01 X85.5679Y46.8650
G01 X85.4366Y46.6684
G01 X85.3461Y46.4500
G01 X85.3000Y46.2182
G01 X85.3000Y45.9818
G01 X85.3461Y45.7500
G01 X85.4366Y45.5316
G01 X85.5679Y45.3350
G01 X85.7350Y45.1679
G01 X85.9316Y45.0366
G01 X86.1500Y44.9461
G01 X86.3818Y44.9000
G01 X86.6182Y44.9000
G01 X86.8500Y44.9461
G01 X87.0684Y45.0366
G01 X87.2650Y45.1679
G01 X87.4312Y45.3341
G01 X87.4438Y45.3457
G01 X87.4612Y45.3593
G01 X87.4886Y45.3756
G01 X87.4997Y45.3809
G01 X87.5203Y45.3888
G01 X87.5496Y45.3963
G01 X87.5633Y45.3983
G01 X87.5853Y45.3999
G01 X105.3218Y45.3999
G01 X105.3438Y45.3983
G01 X105.3655Y45.3946
G01 X105.3868Y45.3888
G01 X105.4074Y45.3809
G01 X105.4272Y45.3710
G01 X105.4452Y45.3597
G01 X105.4557Y45.3519
G01 X105.4724Y45.3375
G01 X106.4729Y44.3372
G01 X106.4877Y44.3208
G01 X106.5026Y44.3026
G01 X106.6092Y44.2152
G01 X106.7308Y44.1502
G01 X106.8628Y44.1101
G01 X107.0000Y44.0966
G01 X107.0234Y44.0989
G01 X107.0454Y44.1000
G01 X117.2425Y44.1000
G01 X117.2694Y44.0983
G01 X117.2815Y44.0965
G01 X117.3030Y44.0916
G01 X117.3240Y44.0846
G01 X117.3528Y44.0710
G01 X117.3708Y44.0597
G01 X117.3813Y44.0519
G01 X117.4016Y44.0341
G01 X118.5106Y42.9250
G01 X118.5285Y42.9048
G01 X118.5358Y42.8950
G01 X118.5475Y42.8763
G01 X118.5574Y42.8565
G01 X118.5653Y42.8359
G01 X118.5711Y42.8146
G01 X118.5748Y42.7929
G01 X118.5764Y42.7610
G01 X118.5748Y42.7390
G01 X118.5711Y42.7173
G01 X118.5653Y42.6960
G01 X118.5574Y42.6753
G01 X118.5475Y42.6556
G01 X118.5363Y42.6376
G01 X118.5285Y42.6271
G01 X118.5140Y42.6104
G01 X118.4904Y42.5890
G01 X118.4724Y42.5762
G01 X118.4532Y42.5653
G01 X118.4330Y42.5563
G01 X118.4215Y42.5522
G01 X118.4002Y42.5463
G01 X118.3784Y42.5426
G01 X118.3652Y42.5412
G01 X118.1201Y42.4669
G01 X117.8943Y42.3461
G01 X117.6963Y42.1837
G01 X117.5239Y41.9736
G01 X117.5125Y41.9608
G01 X117.4965Y41.9456
G01 X117.4709Y41.9267
G01 X117.4517Y41.9157
G01 X117.4315Y41.9067
G01 X117.4106Y41.8998
G01 X117.3903Y41.8950
G01 X117.3769Y41.8931
G01 X117.3549Y41.8915
G01 X117.3328Y41.8921
G01 X117.3109Y41.8949
G01 X117.2800Y41.9026
G01 X117.2685Y41.9067
G01 X117.2483Y41.9157
G01 X117.2291Y41.9267
G01 X117.2111Y41.9394
G01 X117.1945Y41.9539
G01 X117.1761Y41.9736
G01 X117.0037Y42.1837
G01 X116.8057Y42.3461
G01 X116.5799Y42.4669
G01 X116.3348Y42.5412
G01 X116.0800Y42.5663
G01 X115.8252Y42.5412
G01 X115.5801Y42.4669
G01 X115.3543Y42.3461
G01 X115.1563Y42.1837
G01 X114.9939Y41.9857
G01 X114.8731Y41.7599
G01 X114.7988Y41.5148
G01 X114.7800Y41.3239
G01 X114.7800Y39.9261
G01 X114.7988Y39.7352
G01 X114.8731Y39.4901
G01 X114.9939Y39.2643
G01 X115.1563Y39.0663
G01 X115.3543Y38.9039
G01 X115.5801Y38.7831
G01 X115.8252Y38.7088
G01 X116.0800Y38.6837
G01 X116.3348Y38.7088
G01 X116.5799Y38.7831
G01 X116.8057Y38.9039
G01 X117.0037Y39.0663
G01 X117.1761Y39.2764
G01 X117.1945Y39.2961
G01 X117.2111Y39.3106
G01 X117.2210Y39.3179
G01 X117.2397Y39.3296
G01 X117.2685Y39.3433
G01 X117.2894Y39.3502
G01 X117.3093Y39.3549
G01 X117.3231Y39.3569
G01 X117.3451Y39.3585
G01 X117.3769Y39.3569
G01 X117.3987Y39.3532
G01 X117.4200Y39.3474
G01 X117.4406Y39.3395
G01 X117.4603Y39.3296
G01 X117.4784Y39.3184
G01 X117.4889Y39.3106
G01 X117.5055Y39.2961
G01 X117.5239Y39.2764
G01 X117.6963Y39.0663
G01 X117.8943Y38.9039
G01 X118.1201Y38.7831
G01 X118.3652Y38.7088
G01 X118.6200Y38.6837
G01 X118.8748Y38.7088
G01 X119.1199Y38.7831
G01 X119.3457Y38.9039
G01 X119.5437Y39.0663
G01 X119.7161Y39.2764
G01 X119.7275Y39.2892
G01 X119.7435Y39.3044
G01 X119.7691Y39.3233
G01 X119.7883Y39.3343
G01 X119.8085Y39.3433
G01 X119.8294Y39.3502
G01 X119.8493Y39.3549
G01 X119.8728Y39.3579
G01 X119.8949Y39.3585
G01 X119.9169Y39.3569
G01 X119.9291Y39.3551
G01 X119.9506Y39.3502
G01 X119.9715Y39.3433
G01 X120.0003Y39.3296
G01 X120.0184Y39.3184
G01 X120.0289Y39.3106
G01 X120.0455Y39.2961
G01 X120.0639Y39.2764
G01 X120.2363Y39.0663
G01 X120.4343Y38.9039
G01 X120.6601Y38.7831
G01 X120.9052Y38.7088
G01 X121.1600Y38.6837
G01 X121.4148Y38.7088
G01 X121.6599Y38.7831
G01 X121.8857Y38.9039
G01 X122.0837Y39.0663
G01 X122.2561Y39.2764
G01 X122.2745Y39.2961
G01 X122.2911Y39.3106
G01 X122.3010Y39.3179
G01 X122.3197Y39.3296
G01 X122.3394Y39.3395
G01 X122.3600Y39.3474
G01 X122.3813Y39.3532
G01 X122.4031Y39.3569
G01 X122.4349Y39.3585
G01 X122.4569Y39.3569
G01 X122.4691Y39.3551
G01 X122.4906Y39.3502
G01 X122.5115Y39.3433
G01 X122.5403Y39.3296
G01 X122.5584Y39.3184
G01 X122.5689Y39.3106
G01 X122.5855Y39.2961
G01 X122.6039Y39.2764
G01 X122.7763Y39.0663
G01 X122.9743Y38.9039
G01 X123.2001Y38.7831
G01 X123.4452Y38.7088
G01 X123.7000Y38.6837
G01 X123.9548Y38.7088
G01 X124.1999Y38.7831
G01 X124.4257Y38.9039
G01 X124.6237Y39.0663
G01 X124.7961Y39.2764
G01 X124.8145Y39.2961
G01 X124.8311Y39.3106
G01 X124.8410Y39.3179
G01 X124.8597Y39.3296
G01 X124.8794Y39.3395
G01 X124.9000Y39.3474
G01 X124.9213Y39.3532
G01 X124.9431Y39.3569
G01 X124.9749Y39.3585
G01 X124.9969Y39.3569
G01 X125.0091Y39.3551
G01 X125.0306Y39.3502
G01 X125.0515Y39.3433
G01 X125.0803Y39.3296
G01 X125.0984Y39.3184
G01 X125.1089Y39.3106
G01 X125.1255Y39.2961
G01 X125.1439Y39.2764
G01 X125.3163Y39.0663
G01 X125.5143Y38.9039
G01 X125.7401Y38.7831
G01 X125.9852Y38.7088
G01 X126.2400Y38.6837
G01 X126.4948Y38.7088
G01 X126.7399Y38.7831
G01 X126.9657Y38.9039
G01 X127.1637Y39.0663
G01 X127.3361Y39.2764
G01 X127.3545Y39.2961
G01 X127.3711Y39.3106
G01 X127.3810Y39.3179
G01 X127.3997Y39.3296
G01 X127.4194Y39.3395
G01 X127.4400Y39.3474
G01 X127.4613Y39.3532
G01 X127.4831Y39.3569
G01 X127.5149Y39.3585
G01 X127.5369Y39.3569
G01 X127.5491Y39.3551
G01 X127.5706Y39.3502
G01 X127.5915Y39.3433
G01 X127.6203Y39.3296
G01 X127.6384Y39.3184
G01 X127.6489Y39.3106
G01 X127.6655Y39.2961
G01 X127.6839Y39.2764
G01 X127.8563Y39.0663
G01 X128.0543Y38.9039
G01 X128.2801Y38.7831
G01 X128.5252Y38.7088
G01 X128.7800Y38.6837
G01 X129.0348Y38.7088
G01 X129.2799Y38.7831
G01 X129.5057Y38.9039
G01 X129.7037Y39.0663
G01 X129.8761Y39.2764
G01 X129.8945Y39.2961
G01 X129.9111Y39.3106
G01 X129.9210Y39.3179
G01 X129.9397Y39.3296
G01 X129.9594Y39.3395
G01 X129.9800Y39.3474
G01 X130.0013Y39.3532
G01 X130.0231Y39.3569
G01 X130.0549Y39.3585
G01 X130.0769Y39.3569
G01 X130.0891Y39.3551
G01 X130.1106Y39.3502
G01 X130.1315Y39.3433
G01 X130.1603Y39.3296
G01 X130.1784Y39.3184
G01 X130.1889Y39.3106
G01 X130.2055Y39.2961
G01 X130.2239Y39.2764
G01 X130.3963Y39.0663
G01 X130.5943Y38.9039
G01 X130.8201Y38.7831
G01 X131.0652Y38.7088
G01 X131.3200Y38.6837
G01 X131.5748Y38.7088
G01 X131.8199Y38.7831
G01 X132.0457Y38.9039
G01 X132.2437Y39.0663
G01 X132.4161Y39.2764
G01 X132.4345Y39.2961
G01 X132.4511Y39.3106
G01 X132.4610Y39.3179
G01 X132.4797Y39.3296
G01 X132.4994Y39.3395
G01 X132.5200Y39.3474
G01 X132.5413Y39.3532
G01 X132.5631Y39.3569
G01 X132.5949Y39.3585
G01 X132.6169Y39.3569
G01 X132.6291Y39.3551
G01 X132.6506Y39.3502
G01 X132.6715Y39.3433
G01 X132.7003Y39.3296
G01 X132.7184Y39.3184
G01 X132.7289Y39.3106
G01 X132.7455Y39.2961
G01 X132.7639Y39.2764
G01 X132.9363Y39.0663
G01 X133.1343Y38.9039
G01 X133.3601Y38.7831
G01 X133.6052Y38.7088
G01 X133.8600Y38.6837
G01 X134.1148Y38.7088
G01 X134.3599Y38.7831
G01 X134.5857Y38.9039
G01 X134.7837Y39.0663
G01 X134.9561Y39.2764
G01 X134.9745Y39.2961
G01 X134.9911Y39.3106
G01 X135.0010Y39.3179
G01 X135.0197Y39.3296
G01 X135.0394Y39.3395
G01 X135.0600Y39.3474
G01 X135.0813Y39.3532
G01 X135.1031Y39.3569
G01 X135.1349Y39.3585
G01 X135.1569Y39.3569
G01 X135.1691Y39.3551
G01 X135.1906Y39.3502
G01 X135.2115Y39.3433
G01 X135.2403Y39.3296
G01 X135.2584Y39.3184
G01 X135.2689Y39.3106
G01 X135.2855Y39.2961
G01 X135.3039Y39.2764
G01 X135.4763Y39.0663
G01 X135.6743Y38.9039
G01 X135.9001Y38.7831
G01 X136.1452Y38.7088
G01 X136.4000Y38.6837
G01 X136.6548Y38.7088
G01 X136.8999Y38.7831
G01 X137.1257Y38.9039
G01 X137.3237Y39.0663
G01 X137.4961Y39.2764
G01 X137.5145Y39.2961
G01 X137.5311Y39.3106
G01 X137.5410Y39.3179
G01 X137.5597Y39.3296
G01 X137.5794Y39.3395
G01 X137.6000Y39.3474
G01 X137.6213Y39.3532
G01 X137.6431Y39.3569
G01 X137.6749Y39.3585
G01 X137.6969Y39.3569
G01 X137.7091Y39.3551
G01 X137.7306Y39.3502
G01 X137.7515Y39.3433
G01 X137.7803Y39.3296
G01 X137.7984Y39.3184
G01 X137.8089Y39.3106
G01 X137.8255Y39.2961
G01 X137.8439Y39.2764
G01 X138.0163Y39.0663
G01 X138.2143Y38.9039
G01 X138.4401Y38.7831
G01 X138.6852Y38.7088
G01 X138.9400Y38.6837
G01 X139.1948Y38.7088
G01 X139.4399Y38.7831
G01 X139.6657Y38.9039
G01 X139.8637Y39.0663
G01 X140.0361Y39.2764
G01 X140.0545Y39.2961
G01 X140.0711Y39.3106
G01 X140.0810Y39.3179
G01 X140.0997Y39.3296
G01 X140.1194Y39.3395
G01 X140.1400Y39.3474
G01 X140.1613Y39.3532
G01 X140.1831Y39.3569
G01 X140.2149Y39.3585
G01 X140.2369Y39.3569
G01 X140.2491Y39.3551
G01 X140.2706Y39.3502
G01 X140.2915Y39.3433
G01 X140.3203Y39.3296
G01 X140.3384Y39.3184
G01 X140.3489Y39.3106
G01 X140.3655Y39.2961
G01 X140.3839Y39.2764
G01 X140.5563Y39.0663
G01 X140.7543Y38.9039
G01 X140.9801Y38.7831
G01 X141.2252Y38.7088
G01 X141.4800Y38.6837
G01 X141.7348Y38.7088
G01 X141.9799Y38.7831
G01 X142.2057Y38.9039
G01 X142.4037Y39.0663
G01 X142.5761Y39.2764
G01 X142.5945Y39.2961
G01 X142.6111Y39.3106
G01 X142.6210Y39.3179
G01 X142.6397Y39.3296
G01 X142.6594Y39.3395
G01 X142.6800Y39.3474
G01 X142.7013Y39.3532
G01 X142.7231Y39.3569
G01 X142.7549Y39.3585
G01 X142.7769Y39.3569
G01 X142.7891Y39.3551
G01 X142.8106Y39.3502
G01 X142.8315Y39.3433
G01 X142.8603Y39.3296
G01 X142.8784Y39.3184
G01 X142.8889Y39.3106
G01 X142.9055Y39.2961
G01 X142.9239Y39.2764
G01 X143.0963Y39.0663
G01 X143.2943Y38.9039
G01 X143.5201Y38.7831
G01 X143.7652Y38.7088
G01 X144.0200Y38.6837
G01 X144.2748Y38.7088
G01 X144.5199Y38.7831
G01 X144.7457Y38.9039
G01 X144.9437Y39.0663
G01 X145.1061Y39.2643
G01 X145.2269Y39.4901
G01 X145.3012Y39.7352
G01 X145.3200Y39.9261
G01 X145.3200Y41.3239
G01 X145.3012Y41.5148
G01 X145.2269Y41.7599
G01 X145.1061Y41.9857
G01 X144.9437Y42.1837
G01 X144.7457Y42.3461
G01 X144.5199Y42.4669
G01 X144.2748Y42.5412
G01 X144.0200Y42.5663
G01 X143.7652Y42.5412
G01 X143.5201Y42.4669
G01 X143.2943Y42.3461
G01 X143.0963Y42.1837
G01 X142.9239Y41.9736
G01 X142.9055Y41.9539
G01 X142.8889Y41.9394
G01 X142.8790Y41.9321
G01 X142.8603Y41.9204
G01 X142.8406Y41.9105
G01 X142.8200Y41.9026
G01 X142.7903Y41.8950
G01 X142.7769Y41.8931
G01 X142.7549Y41.8915
G01 X142.7328Y41.8921
G01 X142.7109Y41.8949
G01 X142.6800Y41.9026
G01 X142.6685Y41.9067
G01 X142.6483Y41.9157
G01 X142.6291Y41.9267
G01 X142.6111Y41.9394
G01 X142.5945Y41.9539
G01 X142.5761Y41.9736
G01 X142.4037Y42.1837
G01 X142.2057Y42.3461
G01 X141.9799Y42.4669
G01 X141.7348Y42.5412
G01 X141.4800Y42.5663
G01 X141.2252Y42.5412
G01 X140.9801Y42.4669
G01 X140.7543Y42.3461
G01 X140.5563Y42.1837
G01 X140.3839Y41.9736
G01 X140.3725Y41.9608
G01 X140.3565Y41.9456
G01 X140.3390Y41.9321
G01 X140.3203Y41.9204
G01 X140.3006Y41.9105
G01 X140.2800Y41.9026
G01 X140.2491Y41.8949
G01 X140.2272Y41.8921
G01 X140.2051Y41.8915
G01 X140.1831Y41.8931
G01 X140.1709Y41.8949
G01 X140.1494Y41.8998
G01 X140.1285Y41.9067
G01 X140.0997Y41.9204
G01 X140.0816Y41.9316
G01 X140.0711Y41.9394
G01 X140.0545Y41.9539
G01 X140.0361Y41.9736
G01 X139.8637Y42.1837
G01 X139.6657Y42.3461
G01 X139.4399Y42.4669
G01 X139.1948Y42.5412
G01 X138.9400Y42.5663
G01 X138.6852Y42.5412
G01 X138.4401Y42.4669
G01 X138.2143Y42.3461
G01 X138.0163Y42.1837
G01 X137.8439Y41.9736
G01 X137.8255Y41.9539
G01 X137.8089Y41.9394
G01 X137.7990Y41.9321
G01 X137.7803Y41.9204
G01 X137.7606Y41.9105
G01 X137.7400Y41.9026
G01 X137.7091Y41.8949
G01 X137.6872Y41.8921
G01 X137.6651Y41.8915
G01 X137.6431Y41.8931
G01 X137.6309Y41.8949
G01 X137.6094Y41.8998
G01 X137.5885Y41.9067
G01 X137.5597Y41.9204
G01 X137.5416Y41.9316
G01 X137.5311Y41.9394
G01 X137.5145Y41.9539
G01 X137.4961Y41.9736
G01 X137.3237Y42.1837
G01 X137.1257Y42.3461
G01 X136.8999Y42.4669
G01 X136.6548Y42.5412
G01 X136.4000Y42.5663
G01 X136.1452Y42.5412
G01 X135.9001Y42.4669
G01 X135.6743Y42.3461
G01 X135.4763Y42.1837
G01 X135.3039Y41.9736
G01 X135.2855Y41.9539
G01 X135.2689Y41.9394
G01 X135.2590Y41.9321
G01 X135.2403Y41.9204
G01 X135.2206Y41.9105
G01 X135.2000Y41.9026
G01 X135.1691Y41.8949
G01 X135.1472Y41.8921
G01 X135.1251Y41.8915
G01 X135.1031Y41.8931
G01 X135.0909Y41.8949
G01 X135.0694Y41.8998
G01 X135.0485Y41.9067
G01 X135.0197Y41.9204
G01 X135.0016Y41.9316
G01 X134.9911Y41.9394
G01 X134.9745Y41.9539
G01 X134.9561Y41.9736
G01 X134.7837Y42.1837
G01 X134.5857Y42.3461
G01 X134.3599Y42.4669
G01 X134.1148Y42.5412
G01 X133.8600Y42.5663
G01 X133.6052Y42.5412
G01 X133.3601Y42.4669
G01 X133.1343Y42.3461
G01 X132.9363Y42.1837
G01 X132.7639Y41.9736
G01 X132.7455Y41.9539
G01 X132.7289Y41.9394
G01 X132.7190Y41.9321
G01 X132.7003Y41.9204
G01 X132.6806Y41.9105
G01 X132.6600Y41.9026
G01 X132.6291Y41.8949
G01 X132.6072Y41.8921
G01 X132.5851Y41.8915
G01 X132.5631Y41.8931
G01 X132.5509Y41.8949
G01 X132.5294Y41.8998
G01 X132.5085Y41.9067
G01 X132.4797Y41.9204
G01 X132.4616Y41.9316
G01 X132.4511Y41.9394
G01 X132.4345Y41.9539
G01 X132.4161Y41.9736
G01 X132.2437Y42.1837
G01 X132.0457Y42.3461
G01 X131.8199Y42.4669
G01 X131.5748Y42.5412
G01 X131.3200Y42.5663
G01 X131.0652Y42.5412
G01 X130.8201Y42.4669
G01 X130.5943Y42.3461
G01 X130.3963Y42.1837
G01 X130.2239Y41.9736
G01 X130.2055Y41.9539
G01 X130.1889Y41.9394
G01 X130.1790Y41.9321
G01 X130.1603Y41.9204
G01 X130.1406Y41.9105
G01 X130.1200Y41.9026
G01 X130.0891Y41.8949
G01 X130.0672Y41.8921
G01 X130.0451Y41.8915
G01 X130.0231Y41.8931
G01 X130.0109Y41.8949
G01 X129.9894Y41.8998
G01 X129.9685Y41.9067
G01 X129.9397Y41.9204
G01 X129.9216Y41.9316
G01 X129.9111Y41.9394
G01 X129.8945Y41.9539
G01 X129.8761Y41.9736
G01 X129.7037Y42.1837
G01 X129.5057Y42.3461
G01 X129.2799Y42.4669
G01 X129.0348Y42.5412
G01 X128.7800Y42.5663
G01 X128.5252Y42.5412
G01 X128.2801Y42.4669
G01 X128.0543Y42.3461
G01 X127.8563Y42.1837
G01 X127.6839Y41.9736
G01 X127.6655Y41.9539
G01 X127.6489Y41.9394
G01 X127.6390Y41.9321
G01 X127.6203Y41.9204
G01 X127.6006Y41.9105
G01 X127.5800Y41.9026
G01 X127.5491Y41.8949
G01 X127.5272Y41.8921
G01 X127.5051Y41.8915
G01 X127.4831Y41.8931
G01 X127.4709Y41.8949
G01 X127.4494Y41.8998
G01 X127.4285Y41.9067
G01 X127.3997Y41.9204
G01 X127.3816Y41.9316
G01 X127.3711Y41.9394
G01 X127.3545Y41.9539
G01 X127.3361Y41.9736
G01 X127.1637Y42.1837
G01 X126.9657Y42.3461
G01 X126.7399Y42.4669
G01 X126.4948Y42.5412
G01 X126.2400Y42.5663
G01 X125.9852Y42.5412
G01 X125.7401Y42.4669
G01 X125.5143Y42.3461
G01 X125.3163Y42.1837
G01 X125.1407Y41.9699
G01 X125.1255Y41.9539
G01 X125.1089Y41.9394
G01 X125.0990Y41.9321
G01 X125.0803Y41.9204
G01 X125.0606Y41.9105
G01 X125.0400Y41.9026
G01 X125.0103Y41.8950
G01 X124.9872Y41.8921
G01 X124.9651Y41.8915
G01 X124.9431Y41.8931
G01 X124.9309Y41.8949
G01 X124.9094Y41.8998
G01 X124.8794Y41.9105
G01 X124.8597Y41.9204
G01 X124.8416Y41.9316
G01 X124.8311Y41.9394
G01 X124.8145Y41.9539
G01 X124.7961Y41.9736
G01 X124.6237Y42.1837
G01 X124.4257Y42.3461
G01 X124.1999Y42.4669
G01 X123.9548Y42.5412
G01 X123.7000Y42.5663
G01 X123.5230Y42.5489
G01 X123.4961Y42.5479
G01 X123.4740Y42.5495
G01 X123.4619Y42.5513
G01 X123.4404Y42.5562
G01 X123.4104Y42.5669
G01 X123.3993Y42.5721
G01 X123.3801Y42.5831
G01 X123.3545Y42.6021
G01 X123.3419Y42.6137
G01 X118.1927Y47.7628
G01 X118.1779Y47.7792
G01 X118.1630Y47.7974
G01 X118.0564Y47.8848
G01 X117.9348Y47.9498
G01 X117.8028Y47.9899
G01 X117.6656Y48.0034
G01 X117.6422Y48.0011
G01 X117.6202Y48.0000
G01 X109.6903Y48.0000
G01 X109.6731Y48.0007
G01 X109.6512Y48.0035
G01 X109.6203Y48.0112
G01 X109.6087Y48.0154
G01 X109.5886Y48.0244
G01 X109.5619Y48.0403
G01 X109.5438Y48.0543
G01 X109.5312Y48.0659
G01 X109.3650Y48.2321
G01 X109.1684Y48.3634
G01 X108.9500Y48.4539
G01 X108.7182Y48.5000
G01 X108.4818Y48.5000
G01 X108.2500Y48.4539
G01 X108.0316Y48.3634
G01 X107.8350Y48.2321
G01 X107.6679Y48.0650
G01 X107.5366Y47.8684
G01 X107.4461Y47.6500
G01 X107.4000Y47.4182
G01 X107.4000Y47.1818
G01 X107.4461Y46.9500
G01 X107.5366Y46.7316
G01 X107.6679Y46.5350
G01 X107.8350Y46.3679
G01 X108.0316Y46.2366
G01 X108.2500Y46.1461
G01 X108.4818Y46.1000
G01 X108.7182Y46.1000
G01 X108.9500Y46.1461
G01 X109.1684Y46.2366
G01 X109.3650Y46.3679
G01 X109.5312Y46.5341
G01 X109.5438Y46.5457
G01 X109.5612Y46.5593
G01 X109.5886Y46.5756
G01 X109.5997Y46.5809
G01 X109.6203Y46.5888
G01 X109.6496Y46.5963
G01 X109.6731Y46.5993
G01 X109.6903Y46.6000
G01 X117.2825Y46.6000
G01 X117.2996Y46.5993
G01 X117.3215Y46.5965
G01 X117.3524Y46.5888
G01 X117.3640Y46.5846
G01 X117.3841Y46.5756
G01 X117.4108Y46.5597
G01 X117.4213Y46.5519
G01 X117.4380Y46.5375
G01 X118.1778Y45.7978
G01 X118.1957Y45.7776
G01 X118.2085Y45.7596
G01 X118.2194Y45.7404
G01 X118.2246Y45.7293
G01 X118.2325Y45.7087
G01 X118.2400Y45.6794
G01 X118.2430Y45.6559
G01 X118.2436Y45.6338
G01 X118.2430Y45.6215
G01 X118.2383Y45.5900
G01 X118.2354Y45.5781
G01 X118.2284Y45.5572
G01 X118.2194Y45.5370
G01 X118.2035Y45.5104
G01 X118.1895Y45.4923
G01 X118.1743Y45.4762
G01 X118.1652Y45.4680
G01 X118.1396Y45.4490
G01 X118.1204Y45.4381
G01 X118.1093Y45.4328
G01 X118.0887Y45.4249
G01 X118.0594Y45.4174
G01 X118.0359Y45.4144
G01 X118.0138Y45.4138
G01 X118.0016Y45.4144
G01 X117.9797Y45.4172
G01 X117.9582Y45.4221
G01 X117.9282Y45.4328
G01 X117.8948Y45.4498
G01 X117.7628Y45.4899
G01 X117.6256Y45.5034
G01 X117.6022Y45.5011
G01 X117.5802Y45.5000
G01 X107.3831Y45.5000
G01 X107.3562Y45.5017
G01 X107.3441Y45.5035
G01 X107.3226Y45.5084
G01 X107.3016Y45.5154
G01 X107.2815Y45.5244
G01 X107.2548Y45.5403
G01 X107.2443Y45.5481
G01 X107.2276Y45.5625
G01 X106.2271Y46.5629
G01 X106.2123Y46.5792
G01 X106.1974Y46.5974
G01 X106.0908Y46.6848
G01 X105.9692Y46.7498
G01 X105.8372Y46.7899
G01 X105.7000Y46.8034
G01 X105.6766Y46.8011
G01 X105.6546Y46.8000
G01 X87.5903Y46.8000
G01 X87.5731Y46.8007
G01 X87.5512Y46.8035
G01 X87.5297Y46.8084
G01 X87.5087Y46.8154
G01 X87.4886Y46.8244
G01 X87.4694Y46.8353
G01 X87.4514Y46.8481
G01 X87.4439Y46.8544
G00 Z3.0000
G00 X92.9051Y48.9971
G01 Z-0.1600
G01 X92.9059Y48.9873
G01 X92.9206Y48.8886
G01 X92.9489Y48.7760
G01 X92.9857Y48.6746
G01 X93.0323Y48.5772
G01 X93.0828Y48.4930
G01 X93.1467Y48.4060
G01 X93.2257Y48.3188
G01 X93.3060Y48.2467
G01 X93.3855Y48.1877
G01 X93.4858Y48.1277
G01 X93.5836Y48.0820
G01 X93.6854Y48.0461
G01 X93.7806Y48.0222
G01 X93.8971Y48.0049
G01 X93.9951Y48.0001
G01 X94.1029Y48.0049
G01 X94.2114Y48.0206
G01 X94.3240Y48.0489
G01 X94.4254Y48.0857
G01 X94.5228Y48.1323
G01 X94.6070Y48.1828
G01 X94.6940Y48.2467
G01 X94.7743Y48.3188
G01 X94.8533Y48.4060
G01 X94.9172Y48.4930
G01 X94.9723Y48.5858
G01 X95.0180Y48.6836
G01 X95.0539Y48.7854
G01 X95.0797Y48.8902
G01 X95.0941Y48.9873
G01 X95.0999Y49.0951
G01 X95.0941Y49.2127
G01 X95.0794Y49.3114
G01 X95.0511Y49.4240
G01 X95.0143Y49.5254
G01 X94.9677Y49.6228
G01 X94.9118Y49.7151
G01 X94.8533Y49.7940
G01 X94.8072Y49.8456
G01 X95.5616Y50.6000
G01 X102.9515Y50.6000
G01 X102.9917Y50.5597
G01 X103.0316Y50.5234
G01 X103.0793Y50.4875
G01 X103.1375Y50.4526
G01 X103.1819Y50.4317
G01 X103.2160Y50.4189
G01 X103.9598Y49.6757
G01 X103.9996Y49.6394
G01 X104.0473Y49.6035
G01 X104.0969Y49.5733
G01 X104.1499Y49.5477
G01 X104.2052Y49.5274
G01 X104.2718Y49.5107
G01 X104.3301Y49.5025
G01 X104.3840Y49.5000
G01 X106.0160Y49.5000
G01 X106.0797Y49.5035
G01 X106.1298Y49.5109
G01 X106.1854Y49.5245
G01 X106.2410Y49.5439
G01 X106.2945Y49.5686
G01 X106.3534Y49.6039
G01 X106.4004Y49.6394
G01 X106.4403Y49.6757
G01 X107.3277Y50.5633
G01 X107.3668Y50.6072
G01 X107.3961Y50.6466
G01 X107.4267Y50.6969
G01 X107.4561Y50.7590
G01 X107.4726Y50.8052
G01 X107.4796Y50.8310
G01 X108.3486Y51.7000
G01 X112.7397Y51.7000
G01 X112.7980Y51.7028
G01 X112.8519Y51.7107
G01 X112.9185Y51.7273
G01 X112.9738Y51.7476
G01 X113.0227Y51.7709
G01 X113.0689Y51.7985
G01 X113.1208Y51.8366
G01 X113.1604Y51.8723
G01 X114.1882Y52.9000
G01 X114.7827Y52.9000
G01 X114.8414Y52.9029
G01 X114.8997Y52.9115
G01 X114.9568Y52.9258
G01 X115.0123Y52.9457
G01 X115.0653Y52.9708
G01 X115.1200Y53.0039
G01 X115.1633Y53.0362
G01 X115.2069Y53.0757
G01 X116.2312Y54.1000
G01 X116.9000Y54.1000
G01 X116.9539Y54.1025
G01 X117.0138Y54.1109
G01 X117.0694Y54.1245
G01 X117.1250Y54.1439
G01 X117.1784Y54.1686
G01 X117.2373Y54.2039
G01 X117.2843Y54.2394
G01 X117.3243Y54.2757
G01 X118.3744Y55.3258
G01 X118.3907Y55.3222
G01 X118.4975Y55.3064
G01 X118.6249Y55.3001
G01 X118.7425Y55.3064
G01 X118.8509Y55.3225
G01 X118.9636Y55.3504
G01 X119.0837Y55.3933
G01 X119.1899Y55.4441
G01 X119.2907Y55.5051
G01 X119.3774Y55.5694
G01 X119.4650Y55.6481
G01 X119.5506Y55.7426
G01 X119.6154Y55.8300
G01 X119.6805Y55.9387
G01 X119.7304Y56.0454
G01 X119.7696Y56.1564
G01 X119.7959Y56.2611
G01 X119.8136Y56.3775
G01 X119.8200Y56.5000
G01 X119.8199Y57.7749
G01 X119.8136Y57.8925
G01 X119.7978Y57.9993
G01 X119.7668Y58.1230
G01 X119.7267Y58.2337
G01 X119.6759Y58.3399
G01 X119.6149Y58.4407
G01 X119.5506Y58.5274
G01 X119.4719Y58.6150
G01 X119.3774Y58.7006
G01 X119.2825Y58.7704
G01 X119.1813Y58.8305
G01 X119.0837Y58.8767
G01 X118.9730Y58.9168
G01 X118.8589Y58.9459
G01 X118.7327Y58.9646
G01 X118.6151Y58.9699
G01 X118.4975Y58.9636
G01 X118.3891Y58.9475
G01 X118.2764Y58.9196
G01 X118.1654Y58.8804
G01 X118.0501Y58.8259
G01 X117.9493Y58.7649
G01 X117.8550Y58.6944
G01 X117.7681Y58.6150
G01 X117.6894Y58.5274
G01 X117.6246Y58.4400
G01 X117.5595Y58.3313
G01 X117.5096Y58.2246
G01 X117.4704Y58.1136
G01 X117.4422Y57.9993
G01 X117.4254Y57.8827
G01 X117.4200Y57.7700
G01 X117.4200Y56.5000
G01 X117.4254Y56.3873
G01 X117.4425Y56.2691
G01 X117.4704Y56.1564
G01 X117.4799Y56.1284
G01 X116.6515Y55.3000
G01 X115.9827Y55.3000
G01 X115.9190Y55.2965
G01 X115.8688Y55.2890
G01 X115.8132Y55.2755
G01 X115.7576Y55.2561
G01 X115.6956Y55.2267
G01 X115.6453Y55.1960
G01 X115.5983Y55.1606
G01 X115.5584Y55.1243
G01 X114.5341Y54.1000
G01 X113.9397Y54.1000
G01 X113.8809Y54.0971
G01 X113.8226Y54.0884
G01 X113.7609Y54.0726
G01 X113.7101Y54.0543
G01 X113.6613Y54.0313
G01 X113.6064Y53.9989
G01 X113.5591Y53.9638
G01 X113.5155Y53.9242
G01 X112.4912Y52.9000
G01 X108.1000Y52.9000
G01 X108.0363Y52.8965
G01 X107.9831Y52.8885
G01 X107.9260Y52.8742
G01 X107.8707Y52.8544
G01 X107.8129Y52.8267
G01 X107.7663Y52.7986
G01 X107.7233Y52.7668
G01 X107.6793Y52.7276
G01 X106.4757Y51.5242
G01 X106.4332Y51.4767
G01 X106.4035Y51.4366
G01 X106.3733Y51.3871
G01 X106.3439Y51.3250
G01 X106.3274Y51.2788
G01 X106.3204Y51.2529
G01 X105.7675Y50.7000
G01 X104.6325Y50.7000
G01 X103.9243Y51.4083
G01 X103.8768Y51.4508
G01 X103.8367Y51.4805
G01 X103.7871Y51.5107
G01 X103.7341Y51.5363
G01 X103.6998Y51.5491
G01 X103.6241Y51.6245
G01 X103.5844Y51.6606
G01 X103.5367Y51.6965
G01 X103.4871Y51.7267
G01 X103.4341Y51.7523
G01 X103.3788Y51.7726
G01 X103.3219Y51.7874
G01 X103.2637Y51.7965
G01 X103.2000Y51.8000
G01 X95.3131Y51.8000
G01 X95.2591Y51.7975
G01 X95.1992Y51.7890
G01 X95.1342Y51.7726
G01 X95.0790Y51.7523
G01 X95.0346Y51.7314
G01 X94.9757Y51.6960
G01 X94.9287Y51.6606
G01 X94.8888Y51.6243
G01 X93.5757Y50.3112
G01 X93.5332Y50.2637
G01 X93.5035Y50.2236
G01 X93.4733Y50.1740
G01 X93.4439Y50.1120
G01 X93.4274Y50.0658
G01 X93.4186Y50.0326
G01 X93.3849Y50.0118
G01 X93.2985Y49.9471
G01 X93.2257Y49.8812
G01 X93.1529Y49.8015
G01 X93.0877Y49.7145
G01 X93.0323Y49.6228
G01 X92.9857Y49.5254
G01 X92.9489Y49.4240
G01 X92.9222Y49.3194
G01 X92.9059Y49.2127
G01 X92.9001Y49.1049
G01 X92.9051Y48.9971
G00 Z3.0000
G00 X93.2123Y52.3932
G01 Z-0.1600
G01 X93.2139Y52.3889
G01 X93.3000Y52.4750
G01 X93.1770Y52.4750
G01 X93.1889Y52.4499
G01 X93.2123Y52.3932
G00 Z3.0000
G00 X93.6018Y52.6000
G01 Z-0.1600
G01 X92.9679Y52.6000
G01 X93.0108Y52.5284
G01 X93.0339Y52.4852
G01 X93.0759Y52.3965
G01 X93.0947Y52.3511
G01 X93.1277Y52.2587
G01 X93.1420Y52.2118
G01 X93.1563Y52.1545
G01 X93.6018Y52.6000
G00 Z3.0000
G00 X93.9036Y52.7250
G01 Z-0.1600
G01 X92.7157Y52.7250
G01 X92.7509Y52.6862
G01 X92.7742Y52.6578
G01 X92.8327Y52.5790
G01 X92.8531Y52.5484
G01 X92.9036Y52.4642
G01 X92.9209Y52.4317
G01 X92.9629Y52.3430
G01 X92.9770Y52.3090
G01 X93.0100Y52.2166
G01 X93.0207Y52.1814
G01 X93.0445Y52.0862
G01 X93.0508Y52.0562
G01 X93.0661Y51.9530
G01 X93.0691Y51.9164
G01 X93.0697Y51.9164
G01 X93.0709Y51.8924
G01 X93.9036Y52.7250
G00 Z3.0000
G00 X92.3772Y52.8500
G01 Z-0.1600
G01 X92.4028Y52.8335
G01 X92.4833Y52.7738
G01 X92.5023Y52.7582
G01 X92.5750Y52.6923
G01 X92.5923Y52.6750
G01 X92.6582Y52.6023
G01 X92.6738Y52.5833
G01 X92.7323Y52.5045
G01 X92.7459Y52.4841
G01 X92.7964Y52.3999
G01 X92.8079Y52.3783
G01 X92.8499Y52.2896
G01 X92.8593Y52.2669
G01 X92.8923Y52.1745
G01 X92.8994Y52.1510
G01 X92.9233Y52.0558
G01 X92.9274Y52.0358
G01 X92.9425Y51.9347
G01 X92.9449Y51.9103
G01 X92.9497Y51.8123
G01 X92.9497Y51.7877
G01 X92.9449Y51.6897
G01 X92.9425Y51.6653
G01 X92.9289Y51.5735
G01 X94.2054Y52.8500
G01 X92.3772Y52.8500
G00 Z3.0000
G00 X94.2393Y55.5500
G01 Z-0.1600
G01 X94.4590Y55.5500
G01 X94.4488Y55.5703
G01 X94.4394Y55.5930
G01 X94.4281Y55.6280
G01 X94.4235Y55.6478
G01 X94.3499Y55.6036
G01 X94.3283Y55.5921
G01 X94.2393Y55.5500
G00 Z3.0000
G00 X92.9051Y64.1971
G01 Z-0.1600
G01 X92.9059Y64.1873
G01 X92.9205Y64.0890
G01 X92.9489Y63.9760
G01 X92.9857Y63.8746
G01 X93.0323Y63.7772
G01 X93.0828Y63.6930
G01 X93.1467Y63.6060
G01 X93.2257Y63.5188
G01 X93.3060Y63.4467
G01 X93.3855Y63.3877
G01 X93.4772Y63.3323
G01 X93.5746Y63.2857
G01 X93.6854Y63.2461
G01 X93.7902Y63.2203
G01 X93.8873Y63.2059
G01 X93.9951Y63.2001
G01 X94.1127Y63.2059
G01 X94.2114Y63.2206
G01 X94.3146Y63.2461
G01 X94.4254Y63.2857
G01 X94.5228Y63.3323
G01 X94.6151Y63.3882
G01 X94.6940Y63.4467
G01 X94.7812Y63.5257
G01 X94.8533Y63.6060
G01 X94.9123Y63.6855
G01 X94.9677Y63.7772
G01 X95.0143Y63.8746
G01 X95.0539Y63.9854
G01 X95.0797Y64.0902
G01 X95.0951Y64.1971
G01 X95.0999Y64.2951
G01 X95.0954Y64.3968
G01 X95.1255Y64.4480
G01 X95.1523Y64.5058
G01 X95.1733Y64.5660
G01 X95.1883Y64.6280
G01 X95.1963Y64.6814
G01 X95.1999Y64.7451
G01 X95.2000Y64.8708
G01 X96.5796Y66.2503
G01 X96.6254Y66.3015
G01 X96.6630Y66.3530
G01 X96.6954Y66.4079
G01 X96.7185Y66.4567
G01 X96.7404Y66.5166
G01 X96.7564Y66.5784
G01 X96.7672Y66.6511
G01 X96.7700Y66.7100
G01 X96.7700Y67.8000
G01 X96.7662Y67.8686
G01 X96.7581Y67.9232
G01 X96.7433Y67.9840
G01 X96.7185Y68.0532
G01 X96.6908Y68.1107
G01 X96.6576Y68.1651
G01 X96.6192Y68.2161
G01 X96.5760Y68.2630
G01 X96.5284Y68.3055
G01 X96.4769Y68.3431
G01 X96.4306Y68.3708
G01 X96.3951Y68.3882
G01 X96.3559Y68.4699
G01 X96.3004Y68.5625
G01 X96.2244Y68.6650
G01 X96.1519Y68.7450
G01 X96.0650Y68.8244
G01 X95.9625Y68.9004
G01 X95.8613Y68.9605
G01 X95.7637Y69.0067
G01 X95.6530Y69.0468
G01 X95.5389Y69.0759
G01 X95.4127Y69.0946
G01 X95.2951Y69.0999
G01 X95.1775Y69.0936
G01 X95.0691Y69.0775
G01 X94.9499Y69.0477
G01 X94.9314Y69.0463
G01 X94.8684Y69.0364
G01 X94.8067Y69.0205
G01 X94.7468Y68.9985
G01 X94.6893Y68.9708
G01 X94.6349Y68.9376
G01 X94.5839Y68.8993
G01 X94.5404Y68.8596
G01 X93.5404Y67.8596
G01 X93.4945Y67.8085
G01 X93.4569Y67.7570
G01 X93.4245Y67.7020
G01 X93.4015Y67.6532
G01 X93.3767Y67.5840
G01 X93.3617Y67.5220
G01 X93.3537Y67.4686
G01 X93.3501Y67.4049
G01 X93.3500Y65.1859
G01 X93.2985Y65.1471
G01 X93.2257Y65.0812
G01 X93.1467Y64.9940
G01 X93.0828Y64.9070
G01 X93.0277Y64.8142
G01 X92.9857Y64.7254
G01 X92.9461Y64.6146
G01 X92.9203Y64.5098
G01 X92.9059Y64.4127
G01 X92.9001Y64.3049
G01 X92.9051Y64.1971
G00 Z3.0000
G00 X90.6051Y64.1971
G01 Z-0.1600
G01 X90.6059Y64.1873
G01 X90.6222Y64.0806
G01 X90.6489Y63.9760
G01 X90.6820Y63.8836
G01 X90.7323Y63.7772
G01 X90.7882Y63.6849
G01 X90.8467Y63.6060
G01 X90.9257Y63.5188
G01 X91.0060Y63.4467
G01 X91.0855Y63.3877
G01 X91.1858Y63.3277
G01 X91.2836Y63.2820
G01 X91.3760Y63.2489
G01 X91.4902Y63.2203
G01 X91.5873Y63.2059
G01 X91.6951Y63.2001
G01 X91.8127Y63.2059
G01 X91.9114Y63.2206
G01 X92.0146Y63.2461
G01 X92.1254Y63.2857
G01 X92.2228Y63.3323
G01 X92.3070Y63.3828
G01 X92.4016Y63.4529
G01 X92.4743Y63.5188
G01 X92.5471Y63.5985
G01 X92.6172Y63.6930
G01 X92.6723Y63.7858
G01 X92.7143Y63.8746
G01 X92.7539Y63.9854
G01 X92.7797Y64.0902
G01 X92.7941Y64.1873
G01 X92.7999Y64.3049
G01 X92.7941Y64.4127
G01 X92.7795Y64.5110
G01 X92.7511Y64.6240
G01 X92.7180Y64.7164
G01 X92.6919Y64.7727
G01 X93.1596Y65.2404
G01 X93.2055Y65.2915
G01 X93.2431Y65.3430
G01 X93.2754Y65.3980
G01 X93.2985Y65.4468
G01 X93.3233Y65.5160
G01 X93.3383Y65.5780
G01 X93.3472Y65.6412
G01 X93.3500Y65.7000
G01 X93.3500Y67.6692
G01 X96.5796Y70.8988
G01 X96.6254Y70.9500
G01 X96.6581Y70.9940
G01 X96.6908Y71.0478
G01 X96.7222Y71.1143
G01 X96.7433Y71.1745
G01 X96.7564Y71.2268
G01 X96.7662Y71.2899
G01 X96.7700Y71.3584
G01 X96.7700Y81.0516
G01 X96.7662Y81.1202
G01 X96.7581Y81.1748
G01 X96.7433Y81.2356
G01 X96.7185Y81.3049
G01 X96.6908Y81.3623
G01 X96.6630Y81.4086
G01 X96.6192Y81.4677
G01 X96.5796Y81.5113
G01 X95.4700Y82.6208
G01 X95.4700Y83.1280
G01 X95.5094Y83.1819
G01 X95.5472Y83.2450
G01 X95.5871Y83.3293
G01 X95.6147Y83.4080
G01 X95.6326Y83.4794
G01 X95.6463Y83.5716
G01 X95.6500Y83.6500
G01 X95.6500Y84.3500
G01 X95.6463Y84.4284
G01 X95.6343Y84.5122
G01 X95.6119Y84.6014
G01 X95.5833Y84.6798
G01 X95.5518Y84.7463
G01 X95.5039Y84.8262
G01 X95.4539Y84.8930
G01 X95.4044Y84.9475
G01 X95.3354Y85.0101
G01 X95.2756Y85.0544
G01 X95.2050Y85.0972
G01 X95.1207Y85.1371
G01 X95.0420Y85.1647
G01 X94.9706Y85.1826
G01 X94.8784Y85.1963
G01 X94.8049Y85.1999
G01 X94.7216Y85.1963
G01 X94.6294Y85.1826
G01 X94.5486Y85.1619
G01 X94.4793Y85.1371
G01 X94.3950Y85.0972
G01 X94.3238Y85.0539
G01 X94.2646Y85.0101
G01 X94.1956Y84.9475
G01 X94.1399Y84.8854
G01 X94.0956Y84.8256
G01 X94.0482Y84.7463
G01 X94.0129Y84.6707
G01 X93.9853Y84.5920
G01 X93.9655Y84.5110
G01 X93.9547Y84.4382
G01 X93.9500Y84.3500
G01 X93.9501Y83.6451
G01 X93.9547Y83.5618
G01 X93.9657Y83.4878
G01 X93.9853Y83.4080
G01 X94.0129Y83.3293
G01 X94.0482Y83.2537
G01 X94.0906Y83.1819
G01 X94.1399Y83.1146
G01 X94.1697Y83.0811
G01 X94.1700Y82.3516
G01 X94.1728Y82.2928
G01 X94.1818Y82.2284
G01 X94.1967Y82.1677
G01 X94.2177Y82.1074
G01 X94.2445Y82.0496
G01 X94.2824Y81.9865
G01 X94.3207Y81.9355
G01 X94.3604Y81.8920
G01 X95.4700Y80.7824
G01 X95.4700Y71.6277
G01 X92.2404Y68.3981
G01 X92.1945Y68.3470
G01 X92.1569Y68.2955
G01 X92.1245Y68.2405
G01 X92.1015Y68.1917
G01 X92.0767Y68.1224
G01 X92.0616Y68.0605
G01 X92.0537Y68.0071
G01 X92.0501Y67.9434
G01 X92.0500Y65.9692
G01 X91.4512Y65.3704
G01 X91.3760Y65.3511
G01 X91.2746Y65.3143
G01 X91.1772Y65.2677
G01 X91.0930Y65.2172
G01 X91.0060Y65.1533
G01 X90.9257Y65.0812
G01 X90.8467Y64.9940
G01 X90.7828Y64.9070
G01 X90.7277Y64.8142
G01 X90.6820Y64.7164
G01 X90.6461Y64.6146
G01 X90.6203Y64.5098
G01 X90.6049Y64.4029
G01 X90.6001Y64.2951
G01 X90.6051Y64.1971
G00 Z3.0000
G00 X96.6200Y66.0786
G01 Z-0.1600
G01 X96.0697Y65.5283
G01 X96.1653Y65.5425
G01 X96.1897Y65.5449
G01 X96.2407Y65.5474
G01 X96.6200Y65.9267
G01 X96.6200Y66.0786
G00 Z3.0000
G00 X96.2450Y69.8218
G01 Z-0.1600
G01 X95.9289Y69.5057
G01 X95.9882Y69.4813
G01 X96.0858Y69.4351
G01 X96.1399Y69.4062
G01 X96.2324Y69.3507
G01 X96.2450Y69.3424
G01 X96.2450Y69.8218
G00 Z3.0000
G00 X96.3700Y70.1235
G01 Z-0.1600
G01 X95.6954Y69.4490
G01 X95.7408Y69.4376
G01 X95.7876Y69.4229
G01 X95.7878Y69.4234
G01 X95.8894Y69.3870
G01 X95.9347Y69.3683
G01 X96.0323Y69.3221
G01 X96.0756Y69.2990
G01 X96.1682Y69.2435
G01 X96.2057Y69.2187
G01 X96.2957Y69.1519
G01 X96.3330Y69.1201
G01 X96.3336Y69.1208
G01 X96.3700Y69.0878
G01 X96.3700Y70.1235
G00 Z3.0000
G00 X96.4950Y70.4253
G01 Z-0.1600
G01 X95.4378Y69.3681
G01 X95.4628Y69.3656
G01 X95.5696Y69.3498
G01 X95.6057Y69.3426
G01 X95.7104Y69.3164
G01 X95.7456Y69.3057
G01 X95.8473Y69.2693
G01 X95.8813Y69.2553
G01 X95.9789Y69.2091
G01 X96.0113Y69.1918
G01 X96.1039Y69.1363
G01 X96.1320Y69.1177
G01 X96.2212Y69.0515
G01 X96.2492Y69.0276
G01 X96.2497Y69.0282
G01 X96.3297Y68.9557
G01 X96.3557Y68.9297
G01 X96.4282Y68.8497
G01 X96.4515Y68.8212
G01 X96.4950Y68.7626
G01 X96.4950Y70.4253
G00 Z3.0000
G00 X96.6200Y70.7271
G01 Z-0.1600
G01 X95.1313Y69.2384
G01 X95.1555Y69.2420
G01 X95.1799Y69.2444
G01 X95.2877Y69.2497
G01 X95.3123Y69.2497
G01 X95.4201Y69.2444
G01 X95.4445Y69.2420
G01 X95.5513Y69.2262
G01 X95.5753Y69.2214
G01 X95.6801Y69.1951
G01 X95.7035Y69.1880
G01 X95.8052Y69.1517
G01 X95.8278Y69.1423
G01 X95.9254Y69.0961
G01 X95.9471Y69.0845
G01 X96.0397Y69.0290
G01 X96.0584Y69.0166
G01 X96.1468Y68.9511
G01 X96.1657Y68.9355
G01 X96.2457Y68.8631
G01 X96.2631Y68.8457
G01 X96.3356Y68.7657
G01 X96.3511Y68.7468
G01 X96.4154Y68.6601
G01 X96.4290Y68.6397
G01 X96.4845Y68.5471
G01 X96.4961Y68.5254
G01 X96.5086Y68.4990
G01 X96.5540Y68.4717
G01 X96.5728Y68.4593
G01 X96.6200Y68.4241
G01 X96.6200Y70.7271
G00 Z3.0000
G00 X101.7256Y67.7873
G01 Z-0.1600
G01 X101.7264Y67.7775
G01 X101.7441Y67.6611
G01 X101.7732Y67.5470
G01 X101.8133Y67.4363
G01 X101.8641Y67.3301
G01 X101.9251Y67.2293
G01 X101.9956Y67.1350
G01 X102.0750Y67.0481
G01 X102.1626Y66.9694
G01 X102.2500Y66.9046
G01 X102.3587Y66.8395
G01 X102.4654Y66.7896
G01 X102.5764Y66.7504
G01 X102.6907Y66.7222
G01 X102.8073Y66.7054
G01 X102.9249Y66.7001
G01 X103.0425Y66.7064
G01 X103.1509Y66.7225
G01 X103.2636Y66.7504
G01 X103.3746Y66.7896
G01 X103.4899Y66.8441
G01 X103.5907Y66.9051
G01 X103.6850Y66.9756
G01 X103.7719Y67.0550
G01 X103.8506Y67.1426
G01 X103.9154Y67.2300
G01 X103.9759Y67.3301
G01 X104.0267Y67.4363
G01 X104.0668Y67.5470
G01 X104.0959Y67.6611
G01 X104.1021Y67.7000
G01 X105.9900Y67.7000
G01 X106.0488Y67.7028
G01 X106.1136Y67.7119
G01 X106.1833Y67.7295
G01 X106.2432Y67.7515
G01 X106.3007Y67.7792
G01 X106.3551Y67.8124
G01 X106.4061Y67.8507
G01 X106.4496Y67.8904
G01 X106.7092Y68.1500
G01 X114.1385Y68.1500
G01 X114.1973Y68.1528
G01 X114.2605Y68.1616
G01 X114.3318Y68.1795
G01 X114.3917Y68.2015
G01 X114.4492Y68.2292
G01 X114.4955Y68.2569
G01 X114.5470Y68.2945
G01 X114.5981Y68.3404
G01 X119.4596Y73.2019
G01 X119.4993Y73.2454
G01 X119.5431Y73.3045
G01 X119.5755Y73.3595
G01 X119.5985Y73.4083
G01 X119.6233Y73.4776
G01 X119.6384Y73.5395
G01 X119.6463Y73.5929
G01 X119.6500Y73.6615
G01 X119.6500Y74.4421
G01 X119.6707Y74.4551
G01 X119.7574Y74.5194
G01 X119.8469Y74.6000
G01 X125.5549Y74.6001
G01 X125.6382Y74.6047
G01 X125.7126Y74.6157
G01 X125.7920Y74.6353
G01 X125.8707Y74.6629
G01 X125.9463Y74.6982
G01 X126.0181Y74.7406
G01 X126.0854Y74.7899
G01 X126.1449Y74.8432
G01 X126.2307Y74.8222
G01 X126.3375Y74.8064
G01 X126.4551Y74.8001
G01 X126.5825Y74.8064
G01 X126.6989Y74.8241
G01 X126.8130Y74.8532
G01 X126.9237Y74.8933
G01 X127.0299Y74.9441
G01 X127.1307Y75.0051
G01 X127.2250Y75.0756
G01 X127.3050Y75.1481
G01 X127.3844Y75.2350
G01 X127.4554Y75.3300
G01 X127.5159Y75.4301
G01 X127.5667Y75.5363
G01 X127.6096Y75.6564
G01 X127.6376Y75.7695
G01 X127.6546Y75.8873
G01 X127.6599Y76.0049
G01 X127.6536Y76.1225
G01 X127.6376Y76.2305
G01 X127.6068Y76.3530
G01 X127.5667Y76.4637
G01 X127.5205Y76.5613
G01 X127.4549Y76.6707
G01 X127.3906Y76.7574
G01 X127.3119Y76.8450
G01 X127.2174Y76.9306
G01 X127.1300Y76.9954
G01 X127.0299Y77.0559
G01 X126.9146Y77.1104
G01 X126.8036Y77.1496
G01 X126.6989Y77.1759
G01 X126.5825Y77.1936
G01 X126.4649Y77.1999
G01 X126.3375Y77.1936
G01 X126.2291Y77.1775
G01 X126.1070Y77.1468
G01 X125.9963Y77.1067
G01 X125.8987Y77.0605
G01 X125.7893Y76.9949
G01 X125.6950Y76.9244
G01 X125.6150Y76.8519
G01 X125.5356Y76.7650
G01 X125.4646Y76.6700
G01 X125.4041Y76.5699
G01 X125.3533Y76.4637
G01 X125.3479Y76.4500
G01 X125.1979Y76.3000
G01 X119.8469Y76.3000
G01 X119.7574Y76.3806
G01 X119.6700Y76.4454
G01 X119.5699Y76.5059
G01 X119.4546Y76.5604
G01 X119.3436Y76.5996
G01 X119.2389Y76.6259
G01 X119.1127Y76.6446
G01 X118.9951Y76.6499
G01 X118.8775Y76.6436
G01 X118.7707Y76.6278
G01 X118.6470Y76.5968
G01 X118.5363Y76.5567
G01 X118.4387Y76.5105
G01 X118.3293Y76.4449
G01 X118.2426Y76.3806
G01 X118.1550Y76.3019
G01 X118.0694Y76.2074
G01 X118.0046Y76.1200
G01 X117.9441Y76.0199
G01 X117.8933Y75.9137
G01 X117.8504Y75.7936
G01 X117.8222Y75.6793
G01 X117.8064Y75.5725
G01 X117.8001Y75.4451
G01 X117.8064Y75.3275
G01 X117.8224Y75.2195
G01 X117.8532Y75.0970
G01 X117.8933Y74.9863
G01 X117.9395Y74.8887
G01 X118.0051Y74.7793
G01 X118.0694Y74.6926
G01 X118.1481Y74.6050
G01 X118.2426Y74.5194
G01 X118.3300Y74.4546
G01 X118.3500Y74.4421
G01 X118.3500Y73.9307
G01 X113.8692Y69.4500
G01 X106.4351Y69.4499
G01 X106.3714Y69.4463
G01 X106.3164Y69.4381
G01 X106.2560Y69.4233
G01 X106.1868Y69.3985
G01 X106.1293Y69.3708
G01 X106.0830Y69.3431
G01 X106.0315Y69.3055
G01 X105.9839Y69.2630
G01 X105.7208Y69.0000
G01 X103.3978Y69.0000
G01 X103.3746Y69.0104
G01 X103.2730Y69.0468
G01 X103.1493Y69.0778
G01 X103.0425Y69.0936
G01 X102.9249Y69.0999
G01 X102.7975Y69.0936
G01 X102.6891Y69.0775
G01 X102.5670Y69.0468
G01 X102.4563Y69.0067
G01 X102.3501Y68.9559
G01 X102.2493Y68.8949
G01 X102.1550Y68.8244
G01 X102.0681Y68.7450
G01 X101.9894Y68.6574
G01 X101.9246Y68.5700
G01 X101.8595Y68.4613
G01 X101.8096Y68.3546
G01 X101.7704Y68.2436
G01 X101.7422Y68.1293
G01 X101.7254Y68.0127
G01 X101.7201Y67.8951
G01 X101.7256Y67.7873
G00 Z3.0000
G00 X103.3948Y69.1113
G01 Z-0.1600
G01 X103.3787Y69.1171
G01 X103.2992Y69.1500
G01 X103.0480Y69.2000
G01 X102.7920Y69.2000
G01 X102.5408Y69.1500
G01 X102.3042Y69.0520
G01 X102.0913Y68.9098
G01 X101.9102Y68.7287
G01 X101.7680Y68.5158
G01 X101.6700Y68.2792
G01 X101.6200Y68.0280
G01 X101.6200Y67.7720
G01 X101.6700Y67.5208
G01 X101.7680Y67.2842
G01 X101.9102Y67.0713
G01 X102.0913Y66.8902
G01 X102.3042Y66.7480
G01 X102.5408Y66.6500
G01 X102.7920Y66.6000
G01 X103.0480Y66.6000
G01 X103.2992Y66.6500
G01 X103.5358Y66.7480
G01 X103.7487Y66.8902
G01 X103.9298Y67.0713
G01 X104.0720Y67.2842
G01 X104.1453Y67.4611
G01 X104.1572Y67.4853
G01 X104.1684Y67.5034
G01 X104.1762Y67.5139
G01 X104.1907Y67.5305
G01 X104.2143Y67.5519
G01 X104.2242Y67.5593
G01 X104.2429Y67.5710
G01 X104.2626Y67.5809
G01 X104.2832Y67.5888
G01 X104.3125Y67.5963
G01 X104.3360Y67.5993
G01 X104.3532Y67.6000
G01 X105.9421Y67.6000
G01 X105.9642Y67.5989
G01 X105.9900Y67.5964
G01 X106.1370Y67.6109
G01 X106.2784Y67.6537
G01 X106.4087Y67.7234
G01 X106.5229Y67.8171
G01 X106.5394Y67.8372
G01 X106.5542Y67.8535
G01 X106.6848Y67.9841
G01 X106.7050Y68.0019
G01 X106.7230Y68.0147
G01 X106.7335Y68.0210
G01 X106.7533Y68.0309
G01 X106.7833Y68.0416
G01 X106.8032Y68.0463
G01 X106.8169Y68.0483
G01 X106.8439Y68.0500
G01 X114.0906Y68.0500
G01 X114.1126Y68.0489
G01 X114.1385Y68.0464
G01 X114.2855Y68.0608
G01 X114.4269Y68.1037
G01 X114.5572Y68.1734
G01 X114.6714Y68.2671
G01 X114.6879Y68.2872
G01 X114.7027Y68.3035
G01 X119.4965Y73.0973
G01 X119.5128Y73.1121
G01 X119.5329Y73.1286
G01 X119.6266Y73.2428
G01 X119.6963Y73.3731
G01 X119.7391Y73.5145
G01 X119.7536Y73.6615
G01 X119.7511Y73.6874
G01 X119.7500Y73.7094
G01 X119.7500Y74.2683
G01 X119.7517Y74.2952
G01 X119.7535Y74.3074
G01 X119.7584Y74.3289
G01 X119.7654Y74.3498
G01 X119.7744Y74.3700
G01 X119.7853Y74.3892
G01 X119.7981Y74.4072
G01 X119.8159Y74.4274
G01 X119.8352Y74.4457
G01 X119.8608Y74.4647
G01 X119.8713Y74.4710
G01 X119.8911Y74.4809
G01 X119.9211Y74.4916
G01 X119.9410Y74.4963
G01 X119.9548Y74.4983
G01 X119.9817Y74.5000
G01 X125.4923Y74.5000
G01 X125.5143Y74.4989
G01 X125.5500Y74.4954
G01 X125.7362Y74.5137
G01 X125.9153Y74.5681
G01 X126.0803Y74.6563
G01 X126.1038Y74.6746
G01 X126.1311Y74.6910
G01 X126.1422Y74.6962
G01 X126.1628Y74.7041
G01 X126.1925Y74.7116
G01 X126.2156Y74.7146
G01 X126.2377Y74.7152
G01 X126.2499Y74.7146
G01 X126.2767Y74.7110
G01 X126.3320Y74.7000
G01 X126.5880Y74.7000
G01 X126.8392Y74.7500
G01 X127.0758Y74.8480
G01 X127.2887Y74.9902
G01 X127.4698Y75.1713
G01 X127.6120Y75.3842
G01 X127.7100Y75.6208
G01 X127.7600Y75.8720
G01 X127.7600Y76.1280
G01 X127.7100Y76.3792
G01 X127.6120Y76.6158
G01 X127.4698Y76.8287
G01 X127.2887Y77.0098
G01 X127.0758Y77.1520
G01 X126.8392Y77.2500
G01 X126.5880Y77.3000
G01 X126.3320Y77.3000
G01 X126.0808Y77.2500
G01 X125.8442Y77.1520
G01 X125.6313Y77.0098
G01 X125.4502Y76.8287
G01 X125.3080Y76.6158
G01 X125.2776Y76.5428
G01 X125.2724Y76.5317
G01 X125.2614Y76.5126
G01 X125.2424Y76.4870
G01 X125.2224Y76.4659
G01 X125.2098Y76.4543
G01 X125.1923Y76.4407
G01 X125.1736Y76.4290
G01 X125.1539Y76.4191
G01 X125.1239Y76.4084
G01 X125.1040Y76.4037
G01 X125.0805Y76.4007
G01 X125.0633Y76.4000
G01 X119.9817Y76.4000
G01 X119.9645Y76.4007
G01 X119.9426Y76.4035
G01 X119.9211Y76.4084
G01 X119.9002Y76.4154
G01 X119.8713Y76.4290
G01 X119.8533Y76.4403
G01 X119.8304Y76.4586
G01 X119.6158Y76.6020
G01 X119.3792Y76.7000
G01 X119.1280Y76.7500
G01 X118.8720Y76.7500
G01 X118.6208Y76.7000
G01 X118.3842Y76.6020
G01 X118.1713Y76.4598
G01 X117.9902Y76.2787
G01 X117.9171Y76.1692
G01 X117.9069Y76.1554
G01 X117.8855Y76.1318
G01 X117.8689Y76.1173
G01 X117.8590Y76.1100
G01 X117.8403Y76.0982
G01 X117.8206Y76.0884
G01 X117.8000Y76.0805
G01 X117.7787Y76.0746
G01 X117.7569Y76.0709
G01 X117.7251Y76.0694
G01 X117.7128Y76.0700
G01 X117.6909Y76.0727
G01 X117.6694Y76.0776
G01 X117.6485Y76.0846
G01 X117.6283Y76.0936
G01 X117.6091Y76.1045
G01 X117.5835Y76.1235
G01 X117.5675Y76.1387
G01 X117.5593Y76.1478
G01 X117.5457Y76.1652
G01 X117.4698Y76.2787
G01 X117.2887Y76.4598
G01 X117.0758Y76.6020
G01 X116.8392Y76.7000
G01 X116.5880Y76.7500
G01 X116.3320Y76.7500
G01 X116.0808Y76.7000
G01 X115.8442Y76.6020
G01 X115.6313Y76.4598
G01 X115.4502Y76.2787
G01 X115.3080Y76.0658
G01 X115.2100Y75.8292
G01 X115.1600Y75.5780
G01 X115.1600Y75.3220
G01 X115.2100Y75.0708
G01 X115.3080Y74.8342
G01 X115.4502Y74.6213
G01 X115.6313Y74.4402
G01 X115.8442Y74.2980
G01 X116.0838Y74.1987
G01 X116.0950Y74.1954
G01 X116.1156Y74.1875
G01 X116.1353Y74.1777
G01 X116.1534Y74.1664
G01 X116.1715Y74.1524
G01 X116.1875Y74.1372
G01 X116.2020Y74.1205
G01 X116.2093Y74.1107
G01 X116.2210Y74.0920
G01 X116.2309Y74.0722
G01 X116.2416Y74.0422
G01 X116.2463Y74.0219
G01 X116.2483Y74.0086
G01 X116.2500Y73.9816
G01 X116.2500Y73.9039
G01 X116.2483Y73.8769
G01 X116.2465Y73.8648
G01 X116.2416Y73.8433
G01 X116.2346Y73.8223
G01 X116.2256Y73.8022
G01 X116.2097Y73.7755
G01 X116.1957Y73.7574
G01 X116.1841Y73.7448
G01 X113.3552Y70.9159
G01 X113.3350Y70.8981
G01 X113.3252Y70.8907
G01 X113.3065Y70.8790
G01 X113.2867Y70.8691
G01 X113.2567Y70.8584
G01 X113.2368Y70.8537
G01 X113.2231Y70.8517
G01 X113.1961Y70.8500
G01 X106.1903Y70.8500
G01 X106.1731Y70.8507
G01 X106.1512Y70.8535
G01 X106.1203Y70.8612
G01 X106.1087Y70.8654
G01 X106.0886Y70.8744
G01 X106.0619Y70.8903
G01 X106.0438Y70.9043
G01 X106.0312Y70.9159
G01 X105.9150Y71.0321
G01 X105.7184Y71.1634
G01 X105.5000Y71.2539
G01 X105.2682Y71.3000
G01 X105.0318Y71.3000
G01 X104.8000Y71.2539
G01 X104.5816Y71.1634
G01 X104.3850Y71.0321
G01 X104.2179Y70.8650
G01 X104.0866Y70.6684
G01 X103.9961Y70.4500
G01 X103.9500Y70.2182
G01 X103.9500Y69.9818
G01 X103.9961Y69.7500
G01 X104.0866Y69.5316
G01 X104.1411Y69.4500
G01 X104.1500Y69.4353
G01 X104.1636Y69.4065
G01 X104.1678Y69.3950
G01 X104.1736Y69.3737
G01 X104.1783Y69.3422
G01 X104.1789Y69.3201
G01 X104.1773Y69.2981
G01 X104.1736Y69.2763
G01 X104.1706Y69.2644
G01 X104.1636Y69.2435
G01 X104.1546Y69.2233
G01 X104.1437Y69.2041
G01 X104.1310Y69.1861
G01 X104.1165Y69.1695
G01 X104.1005Y69.1543
G01 X104.0830Y69.1407
G01 X104.0643Y69.1290
G01 X104.0446Y69.1191
G01 X104.0240Y69.1112
G01 X104.0027Y69.1054
G01 X103.9809Y69.1017
G01 X103.9540Y69.1000
G01 X103.4648Y69.1000
G01 X103.4476Y69.1007
G01 X103.4257Y69.1035
G01 X103.4042Y69.1084
G01 X103.3948Y69.1113
G00 Z3.0000
G00 X104.2853Y69.1500
G01 Z-0.1600
G01 X104.3386Y69.1500
G01 X104.3012Y69.1840
G01 X104.2955Y69.1703
G01 X104.2853Y69.1500
G00 Z3.0000
G00 X104.0551Y69.9971
G01 Z-0.1600
G01 X104.0559Y69.9873
G01 X104.0722Y69.8806
G01 X104.0989Y69.7760
G01 X104.1357Y69.6746
G01 X104.1823Y69.5772
G01 X104.2382Y69.4849
G01 X104.2967Y69.4060
G01 X104.3688Y69.3257
G01 X104.4485Y69.2529
G01 X104.5355Y69.1877
G01 X104.6272Y69.1323
G01 X104.7246Y69.0857
G01 X104.8354Y69.0461
G01 X104.9402Y69.0203
G01 X105.0471Y69.0049
G01 X105.1451Y69.0001
G01 X105.2529Y69.0049
G01 X105.3598Y69.0203
G01 X105.4740Y69.0489
G01 X105.5754Y69.0857
G01 X105.6728Y69.1323
G01 X105.7570Y69.1828
G01 X105.8440Y69.2467
G01 X105.9312Y69.3257
G01 X105.9971Y69.3985
G01 X106.0359Y69.4500
G01 X113.6000Y69.4500
G01 X113.6588Y69.4528
G01 X113.7236Y69.4619
G01 X113.7933Y69.4795
G01 X113.8532Y69.5015
G01 X113.9107Y69.5292
G01 X113.9651Y69.5624
G01 X114.0161Y69.6007
G01 X114.0596Y69.6404
G01 X117.4596Y73.0404
G01 X117.5055Y73.0915
G01 X117.5381Y73.1355
G01 X117.5708Y73.1893
G01 X117.6023Y73.2558
G01 X117.6233Y73.3160
G01 X117.6384Y73.3780
G01 X117.6463Y73.4314
G01 X117.6499Y73.4951
G01 X117.6499Y75.3027
G01 X117.6546Y75.3373
G01 X117.6599Y75.4549
G01 X117.6536Y75.5725
G01 X117.6376Y75.6805
G01 X117.6068Y75.8030
G01 X117.5667Y75.9137
G01 X117.5159Y76.0199
G01 X117.4549Y76.1207
G01 X117.3906Y76.2074
G01 X117.3119Y76.2950
G01 X117.2174Y76.3806
G01 X117.1300Y76.4454
G01 X117.0299Y76.5059
G01 X116.9237Y76.5567
G01 X116.8036Y76.5996
G01 X116.6893Y76.6278
G01 X116.5825Y76.6436
G01 X116.4649Y76.6499
G01 X116.3375Y76.6436
G01 X116.2291Y76.6275
G01 X116.1164Y76.5996
G01 X115.9963Y76.5567
G01 X115.8901Y76.5059
G01 X115.7893Y76.4449
G01 X115.7026Y76.3806
G01 X115.6150Y76.3019
G01 X115.5294Y76.2074
G01 X115.4646Y76.1200
G01 X115.4041Y76.0199
G01 X115.3533Y75.9137
G01 X115.3104Y75.7936
G01 X115.2822Y75.6793
G01 X115.2664Y75.5725
G01 X115.2601Y75.4549
G01 X115.2654Y75.3373
G01 X115.2824Y75.2195
G01 X115.3132Y75.0970
G01 X115.3533Y74.9863
G01 X115.3995Y74.8887
G01 X115.4651Y74.7793
G01 X115.5294Y74.6926
G01 X115.6081Y74.6050
G01 X115.7026Y74.5194
G01 X115.7900Y74.4546
G01 X115.8901Y74.3941
G01 X116.0054Y74.3396
G01 X116.1164Y74.3004
G01 X116.2211Y74.2741
G01 X116.3375Y74.2564
G01 X116.3500Y74.2553
G01 X116.3500Y73.7692
G01 X113.3308Y70.7500
G01 X106.0359Y70.7500
G01 X105.9971Y70.8015
G01 X105.9312Y70.8743
G01 X105.8440Y70.9533
G01 X105.7570Y71.0172
G01 X105.6642Y71.0723
G01 X105.5754Y71.1143
G01 X105.4646Y71.1539
G01 X105.3598Y71.1797
G01 X105.2529Y71.1951
G01 X105.1549Y71.1999
G01 X105.0471Y71.1951
G01 X104.9386Y71.1794
G01 X104.8354Y71.1539
G01 X104.7336Y71.1180
G01 X104.6358Y71.0723
G01 X104.5430Y71.0172
G01 X104.4560Y70.9533
G01 X104.3757Y70.8812
G01 X104.3029Y70.8015
G01 X104.2377Y70.7145
G01 X104.1823Y70.6228
G01 X104.1357Y70.5254
G01 X104.0989Y70.4240
G01 X104.0722Y70.3194
G01 X104.0559Y70.2127
G01 X104.0501Y70.1049
G01 X104.0551Y69.9971
G00 Z3.0000
G00 X107.8453Y80.8854
G01 Z-0.1600
G01 X107.8523Y80.9071
G01 X107.8617Y80.9297
G01 X107.8718Y80.9500
G01 X107.7807Y80.9500
G01 X107.8453Y80.8854
G00 Z3.0000
G00 X103.6781Y83.2722
G01 Z-0.1600
G01 X103.6682Y83.2887
G01 X103.6509Y83.3211
G01 X103.6047Y83.4187
G01 X103.5907Y83.4527
G01 X103.5543Y83.5544
G01 X103.5450Y83.5850
G01 X103.5450Y83.4053
G01 X103.6781Y83.2722
G00 Z3.0000
G00 X103.7656Y83.8873
G01 Z-0.1600
G01 X103.7664Y83.8775
G01 X103.7841Y83.7611
G01 X103.8132Y83.6470
G01 X103.8533Y83.5363
G01 X103.9041Y83.4301
G01 X103.9651Y83.3293
G01 X104.0294Y83.2426
G01 X104.1081Y83.1550
G01 X104.2026Y83.0694
G01 X104.2900Y83.0046
G01 X104.3987Y82.9395
G01 X104.5054Y82.8896
G01 X104.6164Y82.8504
G01 X104.7307Y82.8222
G01 X104.8473Y82.8054
G01 X104.9551Y82.8001
G01 X105.0727Y82.8054
G01 X105.1909Y82.8225
G01 X105.3022Y82.8500
G01 X118.4021Y82.8500
G01 X118.4855Y82.7877
G01 X118.5772Y82.7323
G01 X118.6836Y82.6820
G01 X118.7854Y82.6461
G01 X118.8806Y82.6222
G01 X118.9873Y82.6059
G01 X119.0951Y82.6001
G01 X119.2029Y82.6049
G01 X119.3114Y82.6206
G01 X119.4146Y82.6461
G01 X119.5164Y82.6820
G01 X119.6142Y82.7277
G01 X119.7070Y82.7828
G01 X119.7940Y82.8467
G01 X119.8743Y82.9188
G01 X119.9471Y82.9985
G01 X120.0123Y83.0855
G01 X120.0677Y83.1772
G01 X120.1143Y83.2746
G01 X120.1511Y83.3760
G01 X120.1778Y83.4806
G01 X120.1941Y83.5873
G01 X120.1999Y83.6951
G01 X120.1941Y83.8127
G01 X120.1795Y83.9110
G01 X120.1511Y84.0240
G01 X120.1143Y84.1254
G01 X120.0677Y84.2228
G01 X120.0118Y84.3151
G01 X119.9471Y84.4015
G01 X119.8743Y84.4812
G01 X119.7940Y84.5533
G01 X119.7070Y84.6172
G01 X119.6142Y84.6723
G01 X119.5164Y84.7180
G01 X119.4146Y84.7539
G01 X119.3098Y84.7797
G01 X119.2127Y84.7941
G01 X119.1049Y84.7999
G01 X118.9971Y84.7951
G01 X118.8886Y84.7794
G01 X118.7854Y84.7539
G01 X118.6836Y84.7180
G01 X118.5858Y84.6723
G01 X118.4930Y84.6172
G01 X118.4020Y84.5500
G01 X106.0259Y84.5500
G01 X106.0159Y84.5699
G01 X105.9604Y84.6625
G01 X105.8844Y84.7650
G01 X105.8119Y84.8450
G01 X105.7250Y84.9244
G01 X105.6225Y85.0004
G01 X105.5213Y85.0605
G01 X105.4237Y85.1067
G01 X105.3036Y85.1496
G01 X105.1893Y85.1778
G01 X105.0825Y85.1936
G01 X104.9649Y85.1999
G01 X104.8473Y85.1946
G01 X104.7291Y85.1775
G01 X104.6070Y85.1468
G01 X104.4963Y85.1067
G01 X104.3901Y85.0559
G01 X104.2893Y84.9949
G01 X104.1950Y84.9244
G01 X104.1081Y84.8450
G01 X104.0294Y84.7574
G01 X103.9646Y84.6700
G01 X103.9041Y84.5699
G01 X103.8533Y84.4637
G01 X103.8132Y84.3530
G01 X103.7841Y84.2389
G01 X103.7664Y84.1225
G01 X103.7601Y84.0049
G01 X103.7656Y83.8873
G00 Z3.0000
G00 X103.4200Y84.2746
G01 Z-0.1600
G01 X103.4200Y83.3536
G01 X103.8236Y82.9500
G01 X104.1119Y82.9500
G01 X104.0943Y82.9645
G01 X104.0143Y83.0369
G01 X103.9969Y83.0543
G01 X103.9245Y83.1343
G01 X103.9089Y83.1532
G01 X103.8446Y83.2399
G01 X103.8310Y83.2603
G01 X103.7755Y83.3529
G01 X103.7639Y83.3746
G01 X103.7177Y83.4722
G01 X103.7083Y83.4948
G01 X103.6720Y83.5965
G01 X103.6649Y83.6199
G01 X103.6386Y83.7247
G01 X103.6343Y83.7457
G01 X103.6180Y83.8555
G01 X103.6156Y83.8799
G01 X103.6103Y83.9877
G01 X103.6103Y84.0123
G01 X103.6156Y84.1201
G01 X103.6180Y84.1445
G01 X103.6338Y84.2511
G01 X103.6150Y84.2480
G01 X103.5783Y84.2450
G01 X103.5415Y84.2456
G01 X103.5171Y84.2480
G01 X103.5050Y84.2498
G01 X103.4690Y84.2576
G01 X103.4455Y84.2647
G01 X103.4200Y84.2746
G00 Z3.0000
G00 X101.6800Y85.0213
G01 Z-0.1600
G01 X101.7044Y85.0482
G01 X101.7218Y85.0656
G01 X101.7763Y85.1150
G01 X101.7953Y85.1306
G01 X101.8544Y85.1744
G01 X101.8748Y85.1880
G01 X101.9379Y85.2259
G01 X101.9596Y85.2374
G01 X102.0016Y85.2573
G01 X101.9148Y85.2883
G01 X101.8922Y85.2977
G01 X101.7946Y85.3439
G01 X101.7729Y85.3555
G01 X101.6803Y85.4110
G01 X101.6635Y85.4221
G01 X101.6711Y85.3882
G01 X101.6759Y85.3561
G01 X101.6783Y85.3317
G01 X101.6797Y85.3023
G01 X101.6800Y85.0213
G00 Z3.0000
G00 X101.1500Y86.0861
G01 Z-0.1600
G01 X101.1399Y86.0579
G01 X101.1722Y86.0257
G01 X101.1683Y86.0348
G01 X101.1500Y86.0861
G00 Z3.0000
G00 X101.2256Y86.4273
G01 Z-0.1600
G01 X101.2264Y86.4175
G01 X101.2424Y86.3095
G01 X101.2704Y86.1964
G01 X101.3096Y86.0854
G01 X101.3595Y85.9787
G01 X101.4196Y85.8775
G01 X101.4894Y85.7826
G01 X101.5681Y85.6950
G01 X101.6550Y85.6156
G01 X101.7500Y85.5446
G01 X101.8501Y85.4841
G01 X101.9563Y85.4333
G01 X102.0670Y85.3932
G01 X102.1811Y85.3641
G01 X102.2975Y85.3464
G01 X102.4151Y85.3401
G01 X102.5327Y85.3454
G01 X102.6509Y85.3625
G01 X102.7636Y85.3904
G01 X102.8746Y85.4296
G01 X102.9813Y85.4795
G01 X103.0825Y85.5396
G01 X103.1774Y85.6094
G01 X103.2650Y85.6881
G01 X103.3444Y85.7750
G01 X103.4154Y85.8700
G01 X103.4759Y85.9701
G01 X103.5267Y86.0763
G01 X103.5668Y86.1870
G01 X103.5976Y86.3095
G01 X103.6136Y86.4175
G01 X103.6199Y86.5351
G01 X103.6146Y86.6527
G01 X103.5976Y86.7705
G01 X103.5696Y86.8836
G01 X103.5304Y86.9946
G01 X103.4805Y87.1013
G01 X103.4204Y87.2025
G01 X103.3506Y87.2974
G01 X103.2719Y87.3850
G01 X103.1850Y87.4644
G01 X103.0900Y87.5354
G01 X102.9899Y87.5959
G01 X102.8837Y87.6467
G01 X102.7730Y87.6868
G01 X102.6589Y87.7159
G01 X102.5425Y87.7336
G01 X102.4249Y87.7399
G01 X102.3073Y87.7346
G01 X102.1891Y87.7175
G01 X102.0764Y87.6896
G01 X101.9654Y87.6504
G01 X101.8587Y87.6005
G01 X101.7575Y87.5404
G01 X101.6626Y87.4706
G01 X101.5750Y87.3919
G01 X101.4956Y87.3050
G01 X101.4246Y87.2100
G01 X101.3641Y87.1099
G01 X101.3133Y87.0037
G01 X101.2732Y86.8930
G01 X101.2441Y86.7789
G01 X101.2264Y86.6625
G01 X101.2201Y86.5449
G01 X101.2256Y86.4273
G00 Z3.0000
G00 X101.1556Y87.0095
G01 Z-0.1600
G01 X101.1444Y87.0095
G01 X101.1500Y86.9939
G01 X101.1556Y87.0095
G00 Z3.0000
G00 X100.2984Y85.2573
G01 Z-0.1600
G01 X100.3404Y85.2374
G01 X100.3621Y85.2259
G01 X100.4252Y85.1880
G01 X100.4439Y85.1756
G01 X100.5047Y85.1306
G01 X100.5237Y85.1150
G01 X100.5611Y85.0811
G01 X100.3621Y85.2801
G01 X100.2984Y85.2573
G00 Z3.0000
G00 X99.1235Y85.4221
G01 Z-0.1600
G01 X99.1311Y85.3882
G01 X99.1359Y85.3561
G01 X99.1383Y85.3317
G01 X99.1397Y85.3023
G01 X99.1400Y85.0213
G01 X99.1644Y85.0482
G01 X99.1818Y85.0656
G01 X99.2363Y85.1150
G01 X99.2553Y85.1306
G01 X99.3144Y85.1744
G01 X99.3348Y85.1880
G01 X99.3979Y85.2259
G01 X99.4196Y85.2374
G01 X99.4616Y85.2573
G01 X99.3748Y85.2883
G01 X99.3522Y85.2977
G01 X99.2546Y85.3439
G01 X99.2329Y85.3555
G01 X99.1403Y85.4110
G01 X99.1235Y85.4221
G00 Z3.0000
G00 X98.6100Y86.0861
G01 Z-0.1600
G01 X98.5999Y86.0579
G01 X98.6322Y86.0257
G01 X98.6283Y86.0348
G01 X98.6100Y86.0861
G00 Z3.0000
G00 X98.6856Y86.4273
G01 Z-0.1600
G01 X98.6864Y86.4175
G01 X98.7024Y86.3095
G01 X98.7304Y86.1964
G01 X98.7733Y86.0763
G01 X98.8241Y85.9701
G01 X98.8851Y85.8693
G01 X98.9494Y85.7826
G01 X99.0281Y85.6950
G01 X99.1226Y85.6094
G01 X99.2175Y85.5396
G01 X99.3187Y85.4795
G01 X99.4163Y85.4333
G01 X99.5270Y85.3932
G01 X99.6411Y85.3641
G01 X99.7673Y85.3454
G01 X99.8751Y85.3401
G01 X99.9927Y85.3454
G01 X100.1109Y85.3625
G01 X100.2330Y85.3932
G01 X100.3346Y85.4296
G01 X100.3962Y85.4581
G01 X100.7300Y85.1243
G01 X100.7300Y83.2389
G01 X100.6829Y83.2161
G01 X100.6408Y83.1909
G01 X100.5932Y83.1562
G01 X100.5493Y83.1170
G01 X100.5094Y83.0737
G01 X100.4734Y83.0261
G01 X100.4433Y82.9765
G01 X100.4177Y82.9235
G01 X100.3974Y82.8682
G01 X100.3826Y82.8112
G01 X100.3725Y82.7433
G01 X100.3700Y82.6894
G01 X100.3700Y82.3387
G01 X100.3729Y82.2801
G01 X100.3807Y82.2265
G01 X100.3974Y82.1599
G01 X100.4177Y82.1046
G01 X100.4408Y82.0560
G01 X100.4685Y82.0095
G01 X100.5065Y81.9577
G01 X100.5457Y81.9145
G01 X102.3845Y80.0757
G01 X102.4320Y80.0332
G01 X102.4755Y80.0011
G01 X102.5257Y79.9710
G01 X102.5790Y79.9457
G01 X102.6299Y79.9274
G01 X102.6965Y79.9107
G01 X102.7494Y79.9029
G01 X102.8038Y79.9001
G01 X106.9215Y79.9000
G01 X107.5142Y79.3073
G01 X107.5103Y79.2898
G01 X107.4949Y79.1829
G01 X107.4901Y79.0849
G01 X107.4949Y78.9771
G01 X107.5122Y78.8606
G01 X107.5389Y78.7560
G01 X107.5720Y78.6636
G01 X107.6223Y78.5572
G01 X107.6782Y78.4649
G01 X107.7367Y78.3860
G01 X107.8157Y78.2988
G01 X107.8960Y78.2267
G01 X107.9830Y78.1628
G01 X108.0758Y78.1077
G01 X108.1736Y78.0620
G01 X108.2754Y78.0261
G01 X108.3802Y78.0003
G01 X108.4773Y77.9859
G01 X108.5851Y77.9801
G01 X108.6929Y77.9849
G01 X108.7998Y78.0003
G01 X108.9140Y78.0289
G01 X109.0154Y78.0657
G01 X109.1128Y78.1123
G01 X109.2051Y78.1682
G01 X109.2916Y78.2329
G01 X109.3712Y78.3057
G01 X109.4433Y78.3860
G01 X109.5023Y78.4655
G01 X109.5577Y78.5572
G01 X109.6080Y78.6636
G01 X109.6439Y78.7654
G01 X109.6695Y78.8690
G01 X109.6841Y78.9673
G01 X109.6899Y79.0751
G01 X109.6841Y79.1927
G01 X109.6695Y79.2910
G01 X109.6411Y79.4040
G01 X109.6043Y79.5054
G01 X109.5577Y79.6028
G01 X109.5018Y79.6951
G01 X109.4433Y79.7740
G01 X109.3643Y79.8612
G01 X109.2840Y79.9333
G01 X109.2045Y79.9923
G01 X109.1042Y80.0523
G01 X109.0064Y80.0980
G01 X108.9140Y80.1311
G01 X108.7998Y80.1597
G01 X108.7027Y80.1741
G01 X108.5949Y80.1799
G01 X108.4773Y80.1741
G01 X108.3786Y80.1594
G01 X108.3627Y80.1558
G01 X107.5943Y80.9243
G01 X107.5544Y80.9606
G01 X107.5067Y80.9965
G01 X107.4485Y81.0314
G01 X107.3950Y81.0561
G01 X107.3488Y81.0726
G01 X107.2919Y81.0874
G01 X107.2337Y81.0965
G01 X107.1700Y81.1000
G01 X103.0573Y81.1000
G01 X101.5700Y82.5873
G01 X101.5700Y82.6894
G01 X101.5665Y82.7530
G01 X101.5574Y82.8112
G01 X101.5455Y82.8588
G01 X101.5300Y82.9035
G01 X101.5300Y85.2900
G01 X101.5284Y85.3243
G01 X101.5230Y85.3644
G01 X101.5112Y85.4108
G01 X101.4976Y85.4476
G01 X101.4850Y85.4742
G01 X101.4598Y85.5162
G01 X101.4360Y85.5475
G01 X101.4128Y85.5728
G01 X100.9619Y86.0238
G01 X100.9904Y86.0854
G01 X101.0296Y86.1964
G01 X101.0578Y86.3107
G01 X101.0736Y86.4175
G01 X101.0799Y86.5449
G01 X101.0736Y86.6625
G01 X101.0559Y86.7789
G01 X101.0268Y86.8930
G01 X100.9867Y87.0037
G01 X100.9359Y87.1099
G01 X100.8804Y87.2025
G01 X100.8044Y87.3050
G01 X100.7250Y87.3919
G01 X100.6374Y87.4706
G01 X100.5500Y87.5354
G01 X100.4499Y87.5959
G01 X100.3346Y87.6504
G01 X100.2236Y87.6896
G01 X100.1189Y87.7159
G01 X99.9927Y87.7346
G01 X99.8849Y87.7399
G01 X99.7673Y87.7346
G01 X99.6491Y87.7175
G01 X99.5364Y87.6896
G01 X99.4254Y87.6504
G01 X99.3101Y87.5959
G01 X99.2093Y87.5349
G01 X99.1226Y87.4706
G01 X99.0281Y87.3850
G01 X98.9494Y87.2974
G01 X98.8851Y87.2107
G01 X98.8195Y87.1013
G01 X98.7696Y86.9946
G01 X98.7332Y86.8930
G01 X98.7022Y86.7693
G01 X98.6864Y86.6625
G01 X98.6801Y86.5449
G01 X98.6856Y86.4273
G00 Z3.0000
G00 X98.6044Y87.0095
G01 Z-0.1600
G01 X98.6100Y86.9939
G01 X98.6156Y87.0095
G01 X98.6044Y87.0095
G00 Z3.0000
G00 X96.1456Y86.4273
G01 Z-0.1600
G01 X96.1464Y86.4175
G01 X96.1624Y86.3095
G01 X96.1904Y86.1964
G01 X96.2333Y86.0763
G01 X96.2841Y85.9701
G01 X96.3451Y85.8693
G01 X96.4094Y85.7826
G01 X96.4881Y85.6950
G01 X96.5826Y85.6094
G01 X96.6775Y85.5396
G01 X96.7787Y85.4795
G01 X96.8763Y85.4333
G01 X96.9870Y85.3932
G01 X97.1011Y85.3641
G01 X97.2273Y85.3454
G01 X97.3351Y85.3401
G01 X97.4527Y85.3454
G01 X97.5709Y85.3625
G01 X97.6930Y85.3932
G01 X97.7946Y85.4296
G01 X97.8562Y85.4581
G01 X98.1900Y85.1243
G01 X98.1900Y83.2935
G01 X98.1423Y83.2501
G01 X98.1031Y83.2061
G01 X98.0685Y83.1585
G01 X98.0386Y83.1078
G01 X98.0139Y83.0544
G01 X97.9973Y83.0082
G01 X97.9826Y82.9512
G01 X97.9735Y82.8930
G01 X97.9700Y82.8293
G01 X97.9700Y65.2214
G01 X97.9548Y65.2118
G01 X97.8760Y65.1533
G01 X97.7888Y65.0743
G01 X97.7166Y64.9940
G01 X97.6577Y64.9145
G01 X97.6023Y64.8228
G01 X97.5557Y64.7254
G01 X97.5160Y64.6146
G01 X97.4903Y64.5098
G01 X97.4759Y64.4127
G01 X97.4701Y64.2951
G01 X97.4759Y64.1873
G01 X97.4905Y64.0890
G01 X97.5189Y63.9760
G01 X97.5557Y63.8746
G01 X97.6023Y63.7772
G01 X97.6582Y63.6849
G01 X97.7166Y63.6060
G01 X97.7888Y63.5257
G01 X97.8684Y63.4529
G01 X97.9555Y63.3877
G01 X98.0558Y63.3277
G01 X98.1536Y63.2820
G01 X98.2554Y63.2461
G01 X98.3602Y63.2203
G01 X98.4670Y63.2049
G01 X98.5749Y63.2001
G01 X98.6827Y63.2059
G01 X98.7814Y63.2206
G01 X98.8939Y63.2489
G01 X98.9954Y63.2857
G01 X99.0841Y63.3277
G01 X99.1851Y63.3882
G01 X99.2715Y63.4529
G01 X99.3512Y63.5257
G01 X99.4233Y63.6060
G01 X99.4822Y63.6855
G01 X99.5377Y63.7772
G01 X99.5842Y63.8746
G01 X99.6211Y63.9760
G01 X99.6495Y64.0890
G01 X99.6641Y64.1873
G01 X99.6699Y64.2951
G01 X99.6641Y64.4127
G01 X99.6495Y64.5110
G01 X99.6239Y64.6146
G01 X99.5842Y64.7254
G01 X99.5377Y64.8228
G01 X99.4818Y64.9151
G01 X99.4233Y64.9940
G01 X99.3512Y65.0743
G01 X99.2639Y65.1533
G01 X99.1844Y65.2123
G01 X99.1700Y65.2214
G01 X99.1700Y82.8293
G01 X99.1674Y82.8833
G01 X99.1591Y82.9428
G01 X99.1426Y83.0082
G01 X99.1223Y83.0634
G01 X99.0967Y83.1165
G01 X99.0660Y83.1667
G01 X99.0306Y83.2137
G01 X98.9900Y83.2576
G01 X98.9900Y85.2900
G01 X98.9875Y85.3341
G01 X98.9830Y85.3644
G01 X98.9741Y85.4014
G01 X98.9576Y85.4476
G01 X98.9404Y85.4828
G01 X98.9252Y85.5081
G01 X98.9022Y85.5399
G01 X98.8728Y85.5728
G01 X98.4219Y86.0238
G01 X98.4504Y86.0854
G01 X98.4868Y86.1870
G01 X98.5159Y86.3011
G01 X98.5346Y86.4273
G01 X98.5399Y86.5449
G01 X98.5336Y86.6625
G01 X98.5176Y86.7705
G01 X98.4896Y86.8836
G01 X98.4504Y86.9946
G01 X98.4005Y87.1013
G01 X98.3404Y87.2025
G01 X98.2706Y87.2974
G01 X98.1919Y87.3850
G01 X98.1050Y87.4644
G01 X98.0100Y87.5354
G01 X97.9099Y87.5959
G01 X97.7946Y87.6504
G01 X97.6836Y87.6896
G01 X97.5693Y87.7178
G01 X97.4625Y87.7336
G01 X97.3449Y87.7399
G01 X97.2175Y87.7336
G01 X97.1091Y87.7175
G01 X96.9964Y87.6896
G01 X96.8763Y87.6467
G01 X96.7701Y87.5959
G01 X96.6693Y87.5349
G01 X96.5826Y87.4706
G01 X96.4950Y87.3919
G01 X96.4094Y87.2974
G01 X96.3446Y87.2100
G01 X96.2841Y87.1099
G01 X96.2333Y87.0037
G01 X96.1904Y86.8836
G01 X96.1622Y86.7693
G01 X96.1464Y86.6625
G01 X96.1401Y86.5449
G01 X96.1456Y86.4273
G00 Z3.0000
G00 X96.0922Y86.0257
G01 Z-0.1600
G01 X96.0883Y86.0348
G01 X96.0700Y86.0861
G01 X96.0599Y86.0579
G01 X96.0922Y86.0257
G00 Z3.0000
G00 X96.0700Y86.9939
G01 Z-0.1600
G01 X96.0756Y87.0095
G01 X96.0644Y87.0095
G01 X96.0700Y86.9939
G00 Z3.0000
G00 X95.2184Y85.2573
G01 Z-0.1600
G01 X95.2604Y85.2374
G01 X95.2821Y85.2259
G01 X95.3452Y85.1880
G01 X95.3639Y85.1756
G01 X95.4247Y85.1306
G01 X95.4437Y85.1150
G01 X95.4811Y85.0811
G01 X95.2821Y85.2801
G01 X95.2184Y85.2573
G00 Z3.0000
G00 X93.5244Y86.0705
G01 Z-0.1600
G01 X93.5356Y86.0705
G01 X93.5300Y86.0861
G01 X93.5244Y86.0705
G00 Z3.0000
G00 X93.6056Y86.4273
G01 Z-0.1600
G01 X93.6064Y86.4175
G01 X93.6224Y86.3095
G01 X93.6504Y86.1964
G01 X93.6933Y86.0763
G01 X93.7441Y85.9701
G01 X93.8051Y85.8693
G01 X93.8694Y85.7826
G01 X93.9481Y85.6950
G01 X94.0426Y85.6094
G01 X94.1375Y85.5396
G01 X94.2387Y85.4795
G01 X94.3363Y85.4333
G01 X94.4470Y85.3932
G01 X94.5611Y85.3641
G01 X94.6873Y85.3454
G01 X94.7951Y85.3401
G01 X94.9127Y85.3454
G01 X95.0309Y85.3625
G01 X95.1530Y85.3932
G01 X95.2546Y85.4296
G01 X95.3162Y85.4581
G01 X95.6500Y85.1243
G01 X95.6500Y83.2977
G01 X95.6094Y83.2537
G01 X95.5685Y83.1986
G01 X95.5386Y83.1478
G01 X95.5177Y83.1035
G01 X95.4945Y83.0388
G01 X95.4807Y82.9816
G01 X95.4735Y82.9331
G01 X95.4701Y82.8743
G01 X95.4735Y82.8057
G01 X95.4809Y82.7559
G01 X95.4945Y82.6999
G01 X95.5177Y82.6353
G01 X95.5433Y82.5823
G01 X95.5739Y82.5320
G01 X95.6032Y82.4926
G01 X95.6457Y82.4451
G01 X96.3187Y81.7723
G01 X96.3626Y81.7332
G01 X96.4027Y81.7034
G01 X96.4523Y81.6733
G01 X96.5025Y81.6490
G01 X96.7700Y81.3815
G01 X96.7700Y65.8645
G01 X96.3053Y65.3999
G01 X96.1971Y65.3951
G01 X96.0886Y65.3794
G01 X95.9854Y65.3539
G01 X95.8836Y65.3180
G01 X95.7858Y65.2723
G01 X95.6930Y65.2172
G01 X95.6060Y65.1533
G01 X95.5257Y65.0812
G01 X95.4529Y65.0015
G01 X95.3877Y64.9145
G01 X95.3323Y64.8228
G01 X95.2857Y64.7254
G01 X95.2489Y64.6240
G01 X95.2222Y64.5194
G01 X95.2059Y64.4127
G01 X95.2001Y64.3049
G01 X95.2049Y64.1971
G01 X95.2205Y64.0890
G01 X95.2489Y63.9760
G01 X95.2857Y63.8746
G01 X95.3323Y63.7772
G01 X95.3882Y63.6849
G01 X95.4529Y63.5985
G01 X95.5257Y63.5188
G01 X95.6060Y63.4467
G01 X95.6855Y63.3877
G01 X95.7772Y63.3323
G01 X95.8746Y63.2857
G01 X95.9760Y63.2489
G01 X96.0806Y63.2222
G01 X96.1971Y63.2049
G01 X96.3049Y63.2001
G01 X96.4127Y63.2059
G01 X96.5114Y63.2206
G01 X96.6240Y63.2489
G01 X96.7254Y63.2857
G01 X96.8228Y63.3323
G01 X96.9070Y63.3828
G01 X96.9940Y63.4467
G01 X97.0743Y63.5188
G01 X97.1533Y63.6060
G01 X97.2172Y63.6930
G01 X97.2723Y63.7858
G01 X97.3180Y63.8836
G01 X97.3539Y63.9854
G01 X97.3797Y64.0902
G01 X97.3941Y64.1873
G01 X97.3999Y64.2951
G01 X97.3941Y64.4127
G01 X97.3778Y64.5194
G01 X97.3539Y64.6146
G01 X97.3183Y64.7158
G01 X97.7942Y65.1917
G01 X97.8368Y65.2392
G01 X97.8665Y65.2793
G01 X97.8967Y65.3289
G01 X97.9261Y65.3910
G01 X97.9454Y65.4466
G01 X97.9574Y65.4941
G01 X97.9674Y65.5621
G01 X97.9700Y65.6160
G01 X97.9700Y81.6300
G01 X97.9665Y81.6937
G01 X97.9591Y81.7435
G01 X97.9454Y81.7995
G01 X97.9223Y81.8641
G01 X97.8967Y81.9172
G01 X97.8660Y81.9674
G01 X97.8306Y82.0144
G01 X97.7976Y82.0508
G01 X97.2207Y82.6276
G01 X97.1768Y82.6668
G01 X97.1367Y82.6965
G01 X97.0871Y82.7267
G01 X97.0369Y82.7510
G01 X96.4943Y83.2936
G01 X96.4500Y83.3334
G01 X96.4500Y85.2900
G01 X96.4484Y85.3243
G01 X96.4430Y85.3644
G01 X96.4312Y85.4108
G01 X96.4176Y85.4476
G01 X96.4050Y85.4742
G01 X96.3798Y85.5162
G01 X96.3560Y85.5475
G01 X96.3328Y85.5728
G01 X95.8819Y86.0238
G01 X95.9104Y86.0854
G01 X95.9496Y86.1964
G01 X95.9778Y86.3107
G01 X95.9936Y86.4175
G01 X95.9999Y86.5449
G01 X95.9936Y86.6625
G01 X95.9776Y86.7705
G01 X95.9468Y86.8930
G01 X95.9067Y87.0037
G01 X95.8605Y87.1013
G01 X95.7949Y87.2107
G01 X95.7306Y87.2974
G01 X95.6519Y87.3850
G01 X95.5574Y87.4706
G01 X95.4700Y87.5354
G01 X95.3699Y87.5959
G01 X95.2546Y87.6504
G01 X95.1436Y87.6896
G01 X95.0389Y87.7159
G01 X94.9225Y87.7336
G01 X94.8049Y87.7399
G01 X94.6775Y87.7336
G01 X94.5691Y87.7175
G01 X94.4564Y87.6896
G01 X94.3363Y87.6467
G01 X94.2301Y87.5959
G01 X94.1375Y87.5404
G01 X94.0350Y87.4644
G01 X93.9481Y87.3850
G01 X93.8694Y87.2974
G01 X93.8046Y87.2100
G01 X93.7441Y87.1099
G01 X93.6896Y86.9946
G01 X93.6504Y86.8836
G01 X93.6241Y86.7789
G01 X93.6054Y86.6527
G01 X93.6001Y86.5351
G01 X93.6056Y86.4273
G00 Z3.0000
G00 X93.5356Y87.0095
G01 Z-0.1600
G01 X93.5244Y87.0095
G01 X93.5300Y86.9939
G01 X93.5356Y87.0095
G00 Z3.0000
G00 X91.0656Y86.4273
G01 Z-0.1600
G01 X91.0664Y86.4175
G01 X91.0824Y86.3095
G01 X91.1104Y86.1964
G01 X91.1496Y86.0854
G01 X91.1995Y85.9787
G01 X91.2596Y85.8775
G01 X91.3294Y85.7826
G01 X91.4081Y85.6950
G01 X91.4950Y85.6156
G01 X91.5900Y85.5446
G01 X91.6901Y85.4841
G01 X91.7963Y85.4333
G01 X91.9070Y85.3932
G01 X92.0211Y85.3641
G01 X92.1375Y85.3464
G01 X92.2551Y85.3401
G01 X92.3727Y85.3454
G01 X92.4909Y85.3625
G01 X92.6036Y85.3904
G01 X92.7146Y85.4296
G01 X92.8213Y85.4795
G01 X92.9225Y85.5396
G01 X93.0174Y85.6094
G01 X93.1050Y85.6881
G01 X93.1844Y85.7750
G01 X93.2554Y85.8700
G01 X93.3159Y85.9701
G01 X93.3667Y86.0763
G01 X93.4068Y86.1870
G01 X93.4376Y86.3095
G01 X93.4536Y86.4175
G01 X93.4599Y86.5351
G01 X93.4546Y86.6527
G01 X93.4376Y86.7705
G01 X93.4096Y86.8836
G01 X93.3704Y86.9946
G01 X93.3205Y87.1013
G01 X93.2604Y87.2025
G01 X93.1906Y87.2974
G01 X93.1119Y87.3850
G01 X93.0250Y87.4644
G01 X92.9300Y87.5354
G01 X92.8299Y87.5959
G01 X92.7237Y87.6467
G01 X92.6130Y87.6868
G01 X92.4989Y87.7159
G01 X92.3825Y87.7336
G01 X92.2649Y87.7399
G01 X92.1473Y87.7346
G01 X92.0291Y87.7175
G01 X91.9164Y87.6896
G01 X91.8054Y87.6504
G01 X91.6987Y87.6005
G01 X91.5975Y87.5404
G01 X91.5026Y87.4706
G01 X91.4150Y87.3919
G01 X91.3356Y87.3050
G01 X91.2646Y87.2100
G01 X91.2041Y87.1099
G01 X91.1533Y87.0037
G01 X91.1132Y86.8930
G01 X91.0841Y86.7789
G01 X91.0664Y86.6625
G01 X91.0601Y86.5449
G01 X91.0656Y86.4273
G00 Z3.0000
G00 X90.9900Y86.0861
G01 Z-0.1600
G01 X90.9844Y86.0705
G01 X90.9956Y86.0705
G01 X90.9900Y86.0861
G00 Z3.0000
G00 X90.9844Y87.0095
G01 Z-0.1600
G01 X90.9900Y86.9939
G01 X90.9956Y87.0095
G01 X90.9844Y87.0095
G00 Z3.0000
G00 X90.1895Y85.2644
G01 Z-0.1600
G01 X90.1895Y85.2756
G01 X90.1739Y85.2700
G01 X90.1895Y85.2644
G00 Z3.0000
G00 X89.2661Y85.2700
G01 Z-0.1600
G01 X89.2505Y85.2756
G01 X89.2505Y85.2644
G01 X89.2661Y85.2700
G00 Z3.0000
G00 X88.5256Y86.4273
G01 Z-0.1600
G01 X88.5264Y86.4175
G01 X88.5424Y86.3095
G01 X88.5704Y86.1964
G01 X88.6096Y86.0854
G01 X88.6595Y85.9787
G01 X88.7196Y85.8775
G01 X88.7894Y85.7826
G01 X88.8681Y85.6950
G01 X88.9550Y85.6156
G01 X89.0500Y85.5446
G01 X89.1501Y85.4841
G01 X89.2563Y85.4333
G01 X89.3670Y85.3932
G01 X89.4811Y85.3641
G01 X89.5975Y85.3464
G01 X89.7151Y85.3401
G01 X89.8327Y85.3454
G01 X89.9509Y85.3625
G01 X90.0636Y85.3904
G01 X90.1746Y85.4296
G01 X90.2813Y85.4795
G01 X90.3825Y85.5396
G01 X90.4774Y85.6094
G01 X90.5650Y85.6881
G01 X90.6444Y85.7750
G01 X90.7154Y85.8700
G01 X90.7759Y85.9701
G01 X90.8267Y86.0763
G01 X90.8668Y86.1870
G01 X90.8976Y86.3095
G01 X90.9136Y86.4175
G01 X90.9199Y86.5351
G01 X90.9146Y86.6527
G01 X90.8976Y86.7705
G01 X90.8696Y86.8836
G01 X90.8304Y86.9946
G01 X90.7805Y87.1013
G01 X90.7204Y87.2025
G01 X90.6506Y87.2974
G01 X90.5719Y87.3850
G01 X90.4850Y87.4644
G01 X90.3900Y87.5354
G01 X90.2899Y87.5959
G01 X90.1837Y87.6467
G01 X90.0730Y87.6868
G01 X89.9589Y87.7159
G01 X89.8425Y87.7336
G01 X89.7249Y87.7399
G01 X89.6073Y87.7346
G01 X89.4891Y87.7175
G01 X89.3764Y87.6896
G01 X89.2654Y87.6504
G01 X89.1587Y87.6005
G01 X89.0575Y87.5404
G01 X88.9626Y87.4706
G01 X88.8750Y87.3919
G01 X88.7956Y87.3050
G01 X88.7246Y87.2100
G01 X88.6641Y87.1099
G01 X88.6133Y87.0037
G01 X88.5732Y86.8930
G01 X88.5441Y86.7789
G01 X88.5264Y86.6625
G01 X88.5201Y86.5449
G01 X88.5256Y86.4273
G00 Z3.0000
G00 X86.4540Y85.0367
G01 Z-0.1600
G01 X86.4401Y85.0435
G01 X86.4401Y85.0214
G01 X86.4540Y85.0367
G00 Z3.0000
G00 X85.0584Y85.2573
G01 Z-0.1600
G01 X85.1004Y85.2374
G01 X85.1221Y85.2259
G01 X85.1852Y85.1880
G01 X85.2039Y85.1756
G01 X85.2647Y85.1306
G01 X85.2837Y85.1150
G01 X85.3211Y85.0811
G01 X85.1221Y85.2801
G01 X85.0584Y85.2573
G00 Z3.0000
G00 X83.8835Y85.4221
G01 Z-0.1600
G01 X83.8911Y85.3882
G01 X83.8959Y85.3561
G01 X83.8983Y85.3317
G01 X83.8997Y85.3023
G01 X83.9000Y85.0213
G01 X83.9244Y85.0482
G01 X83.9418Y85.0656
G01 X83.9963Y85.1150
G01 X84.0153Y85.1306
G01 X84.0744Y85.1744
G01 X84.0948Y85.1880
G01 X84.1579Y85.2259
G01 X84.1796Y85.2374
G01 X84.2216Y85.2573
G01 X84.1348Y85.2883
G01 X84.1122Y85.2977
G01 X84.0146Y85.3439
G01 X83.9929Y85.3555
G01 X83.9003Y85.4110
G01 X83.8835Y85.4221
G00 Z3.0000
G00 X83.3700Y86.0861
G01 Z-0.1600
G01 X83.3599Y86.0579
G01 X83.3922Y86.0257
G01 X83.3883Y86.0348
G01 X83.3700Y86.0861
G00 Z3.0000
G00 X83.4456Y86.4273
G01 Z-0.1600
G01 X83.4464Y86.4175
G01 X83.4624Y86.3095
G01 X83.4904Y86.1964
G01 X83.5333Y86.0763
G01 X83.5841Y85.9701
G01 X83.6451Y85.8693
G01 X83.7094Y85.7826
G01 X83.7881Y85.6950
G01 X83.8826Y85.6094
G01 X83.9775Y85.5396
G01 X84.0787Y85.4795
G01 X84.1763Y85.4333
G01 X84.2870Y85.3932
G01 X84.4011Y85.3641
G01 X84.5273Y85.3454
G01 X84.6351Y85.3401
G01 X84.7527Y85.3454
G01 X84.8709Y85.3625
G01 X84.9930Y85.3932
G01 X85.0946Y85.4296
G01 X85.1562Y85.4581
G01 X85.4900Y85.1243
G01 X85.4900Y83.0901
G01 X85.4629Y83.0767
G01 X85.4208Y83.0515
G01 X85.3656Y83.0106
G01 X85.3293Y82.9776
G01 X85.2894Y82.9344
G01 X85.2485Y82.8792
G01 X85.2186Y82.8285
G01 X85.1977Y82.7841
G01 X85.1745Y82.7194
G01 X85.1607Y82.6622
G01 X85.1535Y82.6137
G01 X85.1501Y82.5549
G01 X85.1500Y73.4225
G01 X85.0157Y73.2883
G01 X84.9794Y73.2484
G01 X84.9435Y73.2007
G01 X84.9293Y73.1778
G01 X84.8127Y73.1946
G01 X84.7049Y73.1999
G01 X84.5873Y73.1946
G01 X84.4691Y73.1775
G01 X84.3564Y73.1496
G01 X84.2363Y73.1067
G01 X84.1301Y73.0559
G01 X84.0293Y72.9949
G01 X83.9350Y72.9244
G01 X83.8481Y72.8450
G01 X83.7694Y72.7574
G01 X83.7046Y72.6700
G01 X83.6395Y72.5613
G01 X83.5896Y72.4546
G01 X83.5504Y72.3436
G01 X83.5222Y72.2293
G01 X83.5064Y72.1225
G01 X83.5001Y72.0049
G01 X83.5054Y71.8873
G01 X83.5224Y71.7695
G01 X83.5532Y71.6470
G01 X83.5933Y71.5363
G01 X83.6441Y71.4301
G01 X83.7051Y71.3293
G01 X83.7756Y71.2350
G01 X83.8550Y71.1481
G01 X83.9426Y71.0694
G01 X84.0300Y71.0046
G01 X84.1387Y70.9395
G01 X84.2454Y70.8896
G01 X84.3564Y70.8504
G01 X84.4707Y70.8222
G01 X84.5775Y70.8064
G01 X84.6951Y70.8001
G01 X84.8127Y70.8054
G01 X84.9309Y70.8225
G01 X85.0530Y70.8532
G01 X85.1637Y70.8933
G01 X85.2699Y70.9441
G01 X85.3707Y71.0051
G01 X85.4574Y71.0694
G01 X85.5450Y71.1481
G01 X85.6244Y71.2350
G01 X85.6954Y71.3300
G01 X85.7605Y71.4387
G01 X85.8104Y71.5454
G01 X85.8496Y71.6564
G01 X85.8778Y71.7707
G01 X85.8936Y71.8775
G01 X85.8999Y71.9951
G01 X85.8936Y72.1225
G01 X85.8759Y72.2389
G01 X85.8496Y72.3436
G01 X85.8396Y72.3731
G01 X85.8676Y72.4013
G01 X85.9068Y72.4452
G01 X85.9415Y72.4928
G01 X85.9667Y72.5349
G01 X85.9743Y72.5498
G01 X86.1776Y72.7533
G01 X86.2168Y72.7972
G01 X86.2465Y72.8373
G01 X86.2814Y72.8955
G01 X86.3061Y72.9490
G01 X86.3255Y73.0046
G01 X86.3393Y73.0618
G01 X86.3465Y73.1103
G01 X86.3500Y73.1740
G01 X86.3500Y82.5500
G01 X86.3465Y82.6137
G01 X86.3374Y82.6718
G01 X86.3226Y82.7288
G01 X86.3061Y82.7750
G01 X86.2900Y82.8102
G01 X86.2900Y85.2900
G01 X86.2884Y85.3243
G01 X86.2812Y85.3728
G01 X86.2712Y85.4108
G01 X86.2613Y85.4385
G01 X86.2404Y85.4828
G01 X86.2198Y85.5162
G01 X86.2022Y85.5399
G01 X86.1728Y85.5728
G01 X85.7219Y86.0238
G01 X85.7504Y86.0854
G01 X85.7868Y86.1870
G01 X85.8159Y86.3011
G01 X85.8346Y86.4273
G01 X85.8399Y86.5449
G01 X85.8336Y86.6625
G01 X85.8176Y86.7705
G01 X85.7896Y86.8836
G01 X85.7504Y86.9946
G01 X85.7005Y87.1013
G01 X85.6404Y87.2025
G01 X85.5706Y87.2974
G01 X85.4919Y87.3850
G01 X85.4050Y87.4644
G01 X85.3100Y87.5354
G01 X85.2099Y87.5959
G01 X85.0946Y87.6504
G01 X84.9836Y87.6896
G01 X84.8693Y87.7178
G01 X84.7625Y87.7336
G01 X84.6449Y87.7399
G01 X84.5175Y87.7336
G01 X84.4091Y87.7175
G01 X84.2964Y87.6896
G01 X84.1763Y87.6467
G01 X84.0701Y87.5959
G01 X83.9693Y87.5349
G01 X83.8826Y87.4706
G01 X83.7950Y87.3919
G01 X83.7094Y87.2974
G01 X83.6446Y87.2100
G01 X83.5841Y87.1099
G01 X83.5333Y87.0037
G01 X83.4904Y86.8836
G01 X83.4622Y86.7693
G01 X83.4464Y86.6625
G01 X83.4401Y86.5449
G01 X83.4456Y86.4273
G00 Z3.0000
G00 X83.3756Y87.0095
G01 Z-0.1600
G01 X83.3644Y87.0095
G01 X83.3700Y86.9939
G01 X83.3756Y87.0095
G00 Z3.0000
G00 X82.5184Y85.2573
G01 Z-0.1600
G01 X82.5604Y85.2374
G01 X82.5821Y85.2259
G01 X82.6452Y85.1880
G01 X82.6639Y85.1756
G01 X82.7247Y85.1306
G01 X82.7437Y85.1150
G01 X82.7811Y85.0811
G01 X82.5821Y85.2801
G01 X82.5184Y85.2573
G00 Z3.0000
G00 X81.3435Y85.4221
G01 Z-0.1600
G01 X81.3511Y85.3882
G01 X81.3559Y85.3561
G01 X81.3583Y85.3317
G01 X81.3597Y85.3023
G01 X81.3600Y85.0213
G01 X81.3844Y85.0482
G01 X81.4018Y85.0656
G01 X81.4563Y85.1150
G01 X81.4753Y85.1306
G01 X81.5344Y85.1744
G01 X81.5548Y85.1880
G01 X81.6179Y85.2259
G01 X81.6396Y85.2374
G01 X81.6816Y85.2573
G01 X81.5948Y85.2883
G01 X81.5722Y85.2977
G01 X81.4746Y85.3439
G01 X81.4529Y85.3555
G01 X81.3603Y85.4110
G01 X81.3435Y85.4221
G00 Z3.0000
G00 X80.8300Y86.0861
G01 Z-0.1600
G01 X80.8199Y86.0579
G01 X80.8522Y86.0257
G01 X80.8483Y86.0348
G01 X80.8300Y86.0861
G00 Z3.0000
G00 X80.9056Y86.4273
G01 Z-0.1600
G01 X80.9064Y86.4175
G01 X80.9224Y86.3095
G01 X80.9504Y86.1964
G01 X80.9933Y86.0763
G01 X81.0441Y85.9701
G01 X81.1051Y85.8693
G01 X81.1694Y85.7826
G01 X81.2481Y85.6950
G01 X81.3426Y85.6094
G01 X81.4375Y85.5396
G01 X81.5387Y85.4795
G01 X81.6363Y85.4333
G01 X81.7470Y85.3932
G01 X81.8611Y85.3641
G01 X81.9873Y85.3454
G01 X82.0951Y85.3401
G01 X82.2127Y85.3454
G01 X82.3305Y85.3624
G01 X82.4530Y85.3932
G01 X82.5546Y85.4296
G01 X82.6162Y85.4581
G01 X82.9500Y85.1243
G01 X82.9500Y82.9935
G01 X82.9118Y82.9911
G01 X82.8378Y82.9801
G01 X82.7486Y82.9577
G01 X82.6702Y82.9291
G01 X82.6037Y82.8976
G01 X82.5319Y82.8552
G01 X82.4570Y82.7997
G01 X82.3956Y82.7433
G01 X82.3399Y82.6812
G01 X82.2956Y82.6214
G01 X82.2481Y82.5421
G01 X82.2129Y82.4665
G01 X82.1853Y82.3878
G01 X82.1655Y82.3068
G01 X82.1537Y82.2242
G01 X82.1500Y82.1458
G01 X82.1500Y80.6521
G01 X81.4410Y79.9430
G01 X81.3881Y79.8849
G01 X81.3376Y79.8176
G01 X81.2902Y79.7383
G01 X81.2549Y79.6627
G01 X81.2301Y79.5934
G01 X81.2075Y79.5030
G01 X81.1967Y79.4302
G01 X81.1921Y79.3469
G01 X81.1920Y72.7070
G01 X81.1596Y72.6625
G01 X81.0995Y72.5613
G01 X81.0496Y72.4546
G01 X81.0104Y72.3436
G01 X80.9822Y72.2293
G01 X80.9654Y72.1127
G01 X80.9601Y71.9951
G01 X80.9664Y71.8775
G01 X80.9824Y71.7695
G01 X81.0132Y71.6470
G01 X81.0533Y71.5363
G01 X81.1041Y71.4301
G01 X81.1651Y71.3293
G01 X81.2356Y71.2350
G01 X81.3150Y71.1481
G01 X81.4026Y71.0694
G01 X81.4900Y71.0046
G01 X81.5987Y70.9395
G01 X81.7054Y70.8896
G01 X81.8164Y70.8504
G01 X81.9307Y70.8222
G01 X82.0473Y70.8054
G01 X82.1551Y70.8001
G01 X82.2727Y70.8054
G01 X82.3905Y70.8224
G01 X82.5036Y70.8504
G01 X82.6237Y70.8933
G01 X82.7299Y70.9441
G01 X82.8307Y71.0051
G01 X82.9174Y71.0694
G01 X83.0050Y71.1481
G01 X83.0906Y71.2426
G01 X83.1554Y71.3300
G01 X83.2205Y71.4387
G01 X83.2704Y71.5454
G01 X83.3096Y71.6564
G01 X83.3378Y71.7707
G01 X83.3546Y71.8873
G01 X83.3599Y72.0049
G01 X83.3536Y72.1225
G01 X83.3378Y72.2293
G01 X83.3068Y72.3530
G01 X83.2667Y72.4637
G01 X83.2159Y72.5699
G01 X83.1549Y72.6707
G01 X83.0906Y72.7574
G01 X83.0050Y72.8519
G01 X82.9250Y72.9244
G01 X82.8920Y72.9495
G01 X82.8920Y77.9015
G01 X82.9089Y77.8360
G01 X82.9457Y77.7346
G01 X82.9923Y77.6372
G01 X83.0428Y77.5530
G01 X83.1067Y77.4660
G01 X83.1788Y77.3857
G01 X83.2660Y77.3067
G01 X83.3530Y77.2428
G01 X83.4458Y77.1877
G01 X83.5436Y77.1420
G01 X83.6360Y77.1089
G01 X83.7406Y77.0822
G01 X83.8473Y77.0659
G01 X83.9649Y77.0601
G01 X84.0727Y77.0659
G01 X84.1698Y77.0803
G01 X84.2840Y77.1089
G01 X84.3854Y77.1457
G01 X84.4828Y77.1923
G01 X84.5751Y77.2482
G01 X84.6540Y77.3067
G01 X84.7412Y77.3857
G01 X84.8133Y77.4660
G01 X84.8772Y77.5530
G01 X84.9323Y77.6458
G01 X84.9780Y77.7436
G01 X85.0139Y77.8454
G01 X85.0378Y77.9406
G01 X85.0551Y78.0571
G01 X85.0599Y78.1551
G01 X85.0551Y78.2629
G01 X85.0378Y78.3794
G01 X85.0139Y78.4746
G01 X84.9799Y78.5713
G01 X85.0094Y78.6119
G01 X85.0518Y78.6837
G01 X85.0871Y78.7593
G01 X85.1119Y78.8286
G01 X85.1345Y78.9190
G01 X85.1453Y78.9918
G01 X85.1499Y79.0751
G01 X85.1463Y79.1584
G01 X85.1426Y79.1865
G01 X85.1472Y79.2212
G01 X85.1500Y79.2800
G01 X85.1500Y82.9711
G01 X85.1830Y82.9961
G01 X85.2444Y83.0525
G01 X85.3001Y83.1146
G01 X85.3494Y83.1819
G01 X85.3918Y83.2537
G01 X85.4233Y83.3202
G01 X85.4519Y83.3986
G01 X85.4726Y83.4794
G01 X85.4853Y83.5618
G01 X85.4900Y83.6500
G01 X85.4900Y84.3500
G01 X85.4863Y84.4284
G01 X85.4743Y84.5122
G01 X85.4547Y84.5920
G01 X85.4233Y84.6798
G01 X85.3872Y84.7550
G01 X85.3494Y84.8181
G01 X85.3001Y84.8854
G01 X85.2444Y84.9475
G01 X85.1754Y85.0101
G01 X85.1156Y85.0544
G01 X85.0450Y85.0972
G01 X84.9698Y85.1333
G01 X84.8914Y85.1619
G01 X84.8010Y85.1845
G01 X84.7282Y85.1953
G01 X84.6449Y85.1999
G01 X84.5616Y85.1963
G01 X84.4790Y85.1845
G01 X84.3886Y85.1619
G01 X84.3102Y85.1333
G01 X84.2350Y85.0972
G01 X84.1638Y85.0539
G01 X84.1046Y85.0101
G01 X84.0356Y84.9475
G01 X83.9799Y84.8854
G01 X83.9356Y84.8256
G01 X83.8928Y84.7550
G01 X83.8567Y84.6798
G01 X83.8281Y84.6014
G01 X83.8074Y84.5206
G01 X83.7947Y84.4382
G01 X83.7900Y84.3500
G01 X83.7900Y83.6500
G01 X83.7937Y83.5716
G01 X83.8074Y83.4794
G01 X83.8253Y83.4080
G01 X83.8500Y83.3375
G01 X83.8500Y79.8002
G01 X83.8237Y79.7839
G01 X83.7646Y79.7401
G01 X83.6990Y79.6810
G01 X83.3590Y79.3410
G01 X83.3061Y79.2830
G01 X83.2556Y79.2156
G01 X83.2082Y79.1363
G01 X83.1729Y79.0607
G01 X83.1453Y78.9820
G01 X83.1274Y78.9106
G01 X83.1210Y78.8705
G01 X83.1067Y78.8540
G01 X83.0477Y78.7745
G01 X82.9877Y78.6742
G01 X82.9420Y78.5764
G01 X82.9089Y78.4840
G01 X82.8920Y78.4185
G01 X82.8920Y78.9899
G01 X83.6010Y79.6989
G01 X83.6601Y79.7646
G01 X83.7044Y79.8244
G01 X83.7472Y79.8950
G01 X83.7833Y79.9702
G01 X83.8147Y80.0580
G01 X83.8345Y80.1390
G01 X83.8453Y80.2118
G01 X83.8500Y80.3000
G01 X83.8499Y82.1507
G01 X83.8453Y82.2340
G01 X83.8343Y82.3080
G01 X83.8147Y82.3878
G01 X83.7870Y82.4665
G01 X83.7500Y82.5455
G01 X83.7500Y85.2900
G01 X83.7475Y85.3341
G01 X83.7412Y85.3728
G01 X83.7312Y85.4108
G01 X83.7176Y85.4476
G01 X83.7050Y85.4742
G01 X83.6798Y85.5162
G01 X83.6560Y85.5475
G01 X83.6328Y85.5728
G01 X83.1819Y86.0238
G01 X83.2104Y86.0854
G01 X83.2468Y86.1870
G01 X83.2759Y86.3011
G01 X83.2946Y86.4273
G01 X83.2999Y86.5449
G01 X83.2936Y86.6625
G01 X83.2776Y86.7705
G01 X83.2496Y86.8836
G01 X83.2104Y86.9946
G01 X83.1605Y87.1013
G01 X83.1004Y87.2025
G01 X83.0306Y87.2974
G01 X82.9519Y87.3850
G01 X82.8650Y87.4644
G01 X82.7700Y87.5354
G01 X82.6699Y87.5959
G01 X82.5546Y87.6504
G01 X82.4436Y87.6896
G01 X82.3293Y87.7178
G01 X82.2225Y87.7336
G01 X82.1049Y87.7399
G01 X81.9775Y87.7336
G01 X81.8695Y87.7176
G01 X81.7564Y87.6896
G01 X81.6363Y87.6467
G01 X81.5301Y87.5959
G01 X81.4293Y87.5349
G01 X81.3426Y87.4706
G01 X81.2550Y87.3919
G01 X81.1694Y87.2974
G01 X81.1046Y87.2100
G01 X81.0441Y87.1099
G01 X80.9933Y87.0037
G01 X80.9504Y86.8836
G01 X80.9222Y86.7693
G01 X80.9064Y86.6625
G01 X80.9001Y86.5449
G01 X80.9056Y86.4273
G00 Z3.0000
G00 X80.8356Y87.0095
G01 Z-0.1600
G01 X80.8244Y87.0095
G01 X80.8300Y86.9939
G01 X80.8356Y87.0095
G00 Z3.0000
G00 X78.2844Y87.0095
G01 Z-0.1600
G01 X78.2900Y86.9939
G01 X78.2956Y87.0095
G01 X78.2844Y87.0095
G00 Z3.0000
G00 X78.2900Y86.0861
G01 Z-0.1600
G01 X78.2844Y86.0705
G01 X78.2956Y86.0705
G01 X78.2900Y86.0861
G00 Z3.0000
G00 X77.4895Y85.2644
G01 Z-0.1600
G01 X77.4895Y85.2756
G01 X77.4739Y85.2700
G01 X77.4895Y85.2644
G00 Z3.0000
G00 X75.6454Y85.2700
G01 Z-0.1600
G01 X75.6775Y85.2409
G01 X75.7209Y85.1975
G01 X75.7500Y85.1654
G01 X75.7791Y85.1975
G01 X75.8225Y85.2409
G01 X75.8546Y85.2700
G01 X75.8225Y85.2991
G01 X75.7791Y85.3425
G01 X75.7500Y85.3746
G01 X75.7209Y85.3425
G01 X75.6775Y85.2991
G01 X75.6454Y85.2700
G00 Z3.0000
G00 X75.4513Y85.2700
G01 Z-0.1600
G01 X75.4757Y85.2519
G01 X75.5130Y85.2201
G01 X75.5136Y85.2208
G01 X75.5936Y85.1483
G01 X75.6283Y85.1136
G01 X75.7008Y85.0336
G01 X75.7319Y84.9957
G01 X75.7500Y84.9713
G01 X75.7681Y84.9957
G01 X75.7999Y85.0330
G01 X75.7992Y85.0336
G01 X75.8717Y85.1136
G01 X75.9064Y85.1483
G01 X75.9864Y85.2208
G01 X76.0243Y85.2519
G01 X76.0487Y85.2700
G01 X76.0243Y85.2881
G01 X75.9870Y85.3199
G01 X75.9864Y85.3192
G01 X75.9064Y85.3917
G01 X75.8717Y85.4264
G01 X75.7992Y85.5064
G01 X75.7681Y85.5443
G01 X75.7500Y85.5687
G01 X75.7319Y85.5443
G01 X75.7001Y85.5070
G01 X75.7008Y85.5064
G01 X75.6283Y85.4264
G01 X75.5936Y85.3917
G01 X75.5136Y85.3192
G01 X75.4757Y85.2881
G01 X75.4513Y85.2700
G00 Z3.0000
G00 X75.2276Y85.2700
G01 Z-0.1600
G01 X75.2839Y85.2363
G01 X75.3120Y85.2177
G01 X75.4012Y85.1515
G01 X75.4292Y85.1276
G01 X75.4297Y85.1282
G01 X75.5097Y85.0557
G01 X75.5357Y85.0297
G01 X75.6082Y84.9497
G01 X75.6315Y84.9212
G01 X75.6958Y84.8345
G01 X75.7163Y84.8039
G01 X75.7500Y84.7476
G01 X75.7837Y84.8039
G01 X75.8024Y84.8320
G01 X75.8685Y84.9212
G01 X75.8924Y84.9492
G01 X75.8918Y84.9497
G01 X75.9643Y85.0297
G01 X75.9903Y85.0557
G01 X76.0703Y85.1282
G01 X76.0988Y85.1515
G01 X76.1855Y85.2158
G01 X76.2161Y85.2363
G01 X76.2724Y85.2700
G01 X76.2161Y85.3037
G01 X76.1880Y85.3223
G01 X76.0988Y85.3885
G01 X76.0708Y85.4124
G01 X76.0703Y85.4118
G01 X75.9903Y85.4843
G01 X75.9643Y85.5103
G01 X75.8918Y85.5903
G01 X75.8685Y85.6188
G01 X75.8042Y85.7055
G01 X75.7837Y85.7361
G01 X75.7500Y85.7924
G01 X75.7163Y85.7361
G01 X75.6977Y85.7080
G01 X75.6315Y85.6188
G01 X75.6076Y85.5908
G01 X75.6082Y85.5903
G01 X75.5357Y85.5103
G01 X75.5097Y85.4843
G01 X75.4297Y85.4118
G01 X75.4012Y85.3885
G01 X75.3145Y85.3242
G01 X75.2839Y85.3037
G01 X75.2276Y85.2700
G00 Z3.0000
G00 X74.9339Y85.2700
G01 Z-0.1600
G01 X74.9852Y85.2517
G01 X75.0078Y85.2423
G01 X75.1054Y85.1961
G01 X75.1271Y85.1845
G01 X75.2197Y85.1290
G01 X75.2384Y85.1166
G01 X75.3268Y85.0511
G01 X75.3457Y85.0355
G01 X75.4257Y84.9631
G01 X75.4431Y84.9457
G01 X75.5156Y84.8657
G01 X75.5311Y84.8468
G01 X75.5954Y84.7601
G01 X75.6090Y84.7397
G01 X75.6645Y84.6471
G01 X75.6761Y84.6254
G01 X75.7223Y84.5278
G01 X75.7317Y84.5052
G01 X75.7500Y84.4539
G01 X75.7683Y84.5052
G01 X75.7777Y84.5278
G01 X75.8239Y84.6254
G01 X75.8355Y84.6471
G01 X75.8910Y84.7397
G01 X75.9034Y84.7584
G01 X75.9689Y84.8468
G01 X75.9845Y84.8657
G01 X76.0569Y84.9457
G01 X76.0743Y84.9631
G01 X76.1543Y85.0355
G01 X76.1732Y85.0511
G01 X76.2599Y85.1154
G01 X76.2803Y85.1290
G01 X76.3729Y85.1845
G01 X76.3946Y85.1961
G01 X76.4922Y85.2423
G01 X76.5148Y85.2517
G01 X76.5661Y85.2700
G01 X76.5148Y85.2883
G01 X76.4922Y85.2977
G01 X76.3946Y85.3439
G01 X76.3729Y85.3555
G01 X76.2803Y85.4110
G01 X76.2616Y85.4234
G01 X76.1732Y85.4889
G01 X76.1543Y85.5045
G01 X76.0743Y85.5769
G01 X76.0569Y85.5943
G01 X75.9845Y85.6743
G01 X75.9689Y85.6932
G01 X75.9046Y85.7799
G01 X75.8910Y85.8003
G01 X75.8355Y85.8929
G01 X75.8239Y85.9146
G01 X75.7777Y86.0122
G01 X75.7683Y86.0348
G01 X75.7500Y86.0861
G01 X75.7317Y86.0348
G01 X75.7223Y86.0122
G01 X75.6761Y85.9146
G01 X75.6645Y85.8929
G01 X75.6090Y85.8003
G01 X75.5966Y85.7816
G01 X75.5311Y85.6932
G01 X75.5156Y85.6743
G01 X75.4431Y85.5943
G01 X75.4257Y85.5769
G01 X75.3457Y85.5045
G01 X75.3268Y85.4889
G01 X75.2401Y85.4246
G01 X75.2197Y85.4110
G01 X75.1271Y85.3555
G01 X75.1054Y85.3439
G01 X75.0078Y85.2977
G01 X74.9852Y85.2883
G01 X74.9339Y85.2700
G00 Z3.0000
G00 X74.0105Y85.2756
G01 Z-0.1600
G01 X74.0105Y85.2644
G01 X74.0261Y85.2700
G01 X74.0105Y85.2756
G00 Z3.0000
G00 X73.2044Y86.0705
G01 Z-0.1600
G01 X73.2156Y86.0705
G01 X73.2100Y86.0861
G01 X73.2044Y86.0705
G00 Z3.0000
G00 X73.2856Y86.4273
G01 Z-0.1600
G01 X73.2864Y86.4175
G01 X73.3024Y86.3095
G01 X73.3304Y86.1964
G01 X73.3696Y86.0854
G01 X73.4195Y85.9787
G01 X73.4796Y85.8775
G01 X73.5494Y85.7826
G01 X73.6281Y85.6950
G01 X73.7150Y85.6156
G01 X73.8100Y85.5446
G01 X73.9101Y85.4841
G01 X74.0163Y85.4333
G01 X74.1270Y85.3932
G01 X74.2411Y85.3641
G01 X74.3575Y85.3464
G01 X74.4751Y85.3401
G01 X74.5927Y85.3454
G01 X74.7105Y85.3624
G01 X74.8236Y85.3904
G01 X74.9346Y85.4296
G01 X75.0413Y85.4795
G01 X75.1425Y85.5396
G01 X75.2374Y85.6094
G01 X75.3250Y85.6881
G01 X75.4044Y85.7750
G01 X75.4754Y85.8700
G01 X75.5359Y85.9701
G01 X75.5867Y86.0763
G01 X75.6268Y86.1870
G01 X75.6576Y86.3095
G01 X75.6736Y86.4175
G01 X75.6799Y86.5351
G01 X75.6746Y86.6527
G01 X75.6576Y86.7705
G01 X75.6296Y86.8836
G01 X75.5904Y86.9946
G01 X75.5405Y87.1013
G01 X75.4804Y87.2025
G01 X75.4106Y87.2974
G01 X75.3319Y87.3850
G01 X75.2450Y87.4644
G01 X75.1500Y87.5354
G01 X75.0499Y87.5959
G01 X74.9437Y87.6467
G01 X74.8330Y87.6868
G01 X74.7189Y87.7159
G01 X74.6025Y87.7336
G01 X74.4849Y87.7399
G01 X74.3673Y87.7346
G01 X74.2495Y87.7176
G01 X74.1364Y87.6896
G01 X74.0254Y87.6504
G01 X73.9187Y87.6005
G01 X73.8175Y87.5404
G01 X73.7226Y87.4706
G01 X73.6350Y87.3919
G01 X73.5556Y87.3050
G01 X73.4846Y87.2100
G01 X73.4241Y87.1099
G01 X73.3733Y87.0037
G01 X73.3332Y86.8930
G01 X73.3041Y86.7789
G01 X73.2864Y86.6625
G01 X73.2801Y86.5449
G01 X73.2856Y86.4273
G00 Z3.0000
G00 X73.2156Y87.0095
G01 Z-0.1600
G01 X73.2044Y87.0095
G01 X73.2100Y86.9939
G01 X73.2156Y87.0095
G00 Z3.0000
G00 X75.7500Y86.9939
G01 Z-0.1600
G01 X75.7556Y87.0095
G01 X75.7444Y87.0095
G01 X75.7500Y86.9939
G00 Z3.0000
G00 X75.8256Y86.4273
G01 Z-0.1600
G01 X75.8264Y86.4175
G01 X75.8424Y86.3095
G01 X75.8704Y86.1964
G01 X75.9096Y86.0854
G01 X75.9595Y85.9787
G01 X76.0196Y85.8775
G01 X76.0894Y85.7826
G01 X76.1681Y85.6950
G01 X76.2550Y85.6156
G01 X76.3500Y85.5446
G01 X76.4501Y85.4841
G01 X76.5563Y85.4333
G01 X76.6670Y85.3932
G01 X76.7811Y85.3641
G01 X76.8975Y85.3464
G01 X77.0151Y85.3401
G01 X77.1327Y85.3454
G01 X77.2505Y85.3624
G01 X77.3636Y85.3904
G01 X77.4746Y85.4296
G01 X77.5813Y85.4795
G01 X77.6825Y85.5396
G01 X77.7774Y85.6094
G01 X77.8650Y85.6881
G01 X77.9444Y85.7750
G01 X78.0154Y85.8700
G01 X78.0759Y85.9701
G01 X78.1267Y86.0763
G01 X78.1668Y86.1870
G01 X78.1976Y86.3095
G01 X78.2136Y86.4175
G01 X78.2199Y86.5351
G01 X78.2146Y86.6527
G01 X78.1976Y86.7705
G01 X78.1696Y86.8836
G01 X78.1304Y86.9946
G01 X78.0805Y87.1013
G01 X78.0204Y87.2025
G01 X77.9506Y87.2974
G01 X77.8719Y87.3850
G01 X77.7850Y87.4644
G01 X77.6900Y87.5354
G01 X77.5899Y87.5959
G01 X77.4837Y87.6467
G01 X77.3730Y87.6868
G01 X77.2589Y87.7159
G01 X77.1425Y87.7336
G01 X77.0249Y87.7399
G01 X76.9073Y87.7346
G01 X76.7895Y87.7176
G01 X76.6764Y87.6896
G01 X76.5654Y87.6504
G01 X76.4587Y87.6005
G01 X76.3575Y87.5404
G01 X76.2626Y87.4706
G01 X76.1750Y87.3919
G01 X76.0956Y87.3050
G01 X76.0246Y87.2100
G01 X75.9641Y87.1099
G01 X75.9133Y87.0037
G01 X75.8732Y86.8930
G01 X75.8441Y86.7789
G01 X75.8264Y86.6625
G01 X75.8201Y86.5449
G01 X75.8256Y86.4273
G00 Z3.0000
G00 X75.8256Y83.8873
G01 Z-0.1600
G01 X75.8264Y83.8775
G01 X75.8424Y83.7695
G01 X75.8704Y83.6564
G01 X75.9096Y83.5454
G01 X75.9595Y83.4387
G01 X76.0196Y83.3375
G01 X76.0894Y83.2426
G01 X76.1681Y83.1550
G01 X76.2550Y83.0756
G01 X76.3500Y83.0046
G01 X76.4501Y82.9441
G01 X76.5563Y82.8933
G01 X76.6670Y82.8532
G01 X76.7811Y82.8241
G01 X76.8975Y82.8064
G01 X77.0151Y82.8001
G01 X77.1327Y82.8054
G01 X77.2505Y82.8224
G01 X77.3636Y82.8504
G01 X77.4746Y82.8896
G01 X77.5813Y82.9395
G01 X77.6825Y82.9996
G01 X77.7774Y83.0694
G01 X77.8650Y83.1481
G01 X77.9444Y83.2350
G01 X78.0154Y83.3300
G01 X78.0759Y83.4301
G01 X78.1267Y83.5363
G01 X78.1668Y83.6470
G01 X78.1976Y83.7695
G01 X78.2136Y83.8775
G01 X78.2199Y83.9951
G01 X78.2146Y84.1127
G01 X78.1976Y84.2305
G01 X78.1696Y84.3436
G01 X78.1304Y84.4546
G01 X78.0805Y84.5613
G01 X78.0204Y84.6625
G01 X77.9506Y84.7574
G01 X77.8719Y84.8450
G01 X77.7850Y84.9244
G01 X77.6900Y84.9954
G01 X77.5899Y85.0559
G01 X77.4837Y85.1067
G01 X77.3730Y85.1468
G01 X77.2589Y85.1759
G01 X77.1425Y85.1936
G01 X77.0249Y85.1999
G01 X76.9073Y85.1946
G01 X76.7895Y85.1776
G01 X76.6764Y85.1496
G01 X76.5654Y85.1104
G01 X76.4587Y85.0605
G01 X76.3575Y85.0004
G01 X76.2626Y84.9306
G01 X76.1750Y84.8519
G01 X76.0956Y84.7650
G01 X76.0246Y84.6700
G01 X75.9641Y84.5699
G01 X75.9133Y84.4637
G01 X75.8732Y84.3530
G01 X75.8441Y84.2389
G01 X75.8264Y84.1225
G01 X75.8201Y84.0049
G01 X75.8256Y83.8873
G00 Z3.0000
G00 X75.7500Y83.5461
G01 Z-0.1600
G01 X75.7444Y83.5305
G01 X75.7556Y83.5305
G01 X75.7500Y83.5461
G00 Z3.0000
G00 X73.2856Y83.8873
G01 Z-0.1600
G01 X73.2864Y83.8775
G01 X73.3024Y83.7695
G01 X73.3304Y83.6564
G01 X73.3696Y83.5454
G01 X73.4195Y83.4387
G01 X73.4796Y83.3375
G01 X73.5494Y83.2426
G01 X73.6281Y83.1550
G01 X73.7150Y83.0756
G01 X73.8100Y83.0046
G01 X73.9101Y82.9441
G01 X74.0163Y82.8933
G01 X74.1270Y82.8532
G01 X74.2411Y82.8241
G01 X74.3575Y82.8064
G01 X74.4751Y82.8001
G01 X74.5927Y82.8054
G01 X74.7105Y82.8224
G01 X74.8236Y82.8504
G01 X74.9346Y82.8896
G01 X75.0413Y82.9395
G01 X75.1425Y82.9996
G01 X75.2374Y83.0694
G01 X75.3250Y83.1481
G01 X75.4044Y83.2350
G01 X75.4754Y83.3300
G01 X75.5359Y83.4301
G01 X75.5867Y83.5363
G01 X75.6268Y83.6470
G01 X75.6576Y83.7695
G01 X75.6736Y83.8775
G01 X75.6799Y83.9951
G01 X75.6746Y84.1127
G01 X75.6576Y84.2305
G01 X75.6296Y84.3436
G01 X75.5904Y84.4546
G01 X75.5405Y84.5613
G01 X75.4804Y84.6625
G01 X75.4106Y84.7574
G01 X75.3319Y84.8450
G01 X75.2450Y84.9244
G01 X75.1500Y84.9954
G01 X75.0499Y85.0559
G01 X74.9437Y85.1067
G01 X74.8330Y85.1468
G01 X74.7189Y85.1759
G01 X74.6025Y85.1936
G01 X74.4849Y85.1999
G01 X74.3673Y85.1946
G01 X74.2495Y85.1776
G01 X74.1364Y85.1496
G01 X74.0254Y85.1104
G01 X73.9187Y85.0605
G01 X73.8175Y85.0004
G01 X73.7226Y84.9306
G01 X73.6350Y84.8519
G01 X73.5556Y84.7650
G01 X73.4846Y84.6700
G01 X73.4241Y84.5699
G01 X73.3733Y84.4637
G01 X73.3332Y84.3530
G01 X73.3041Y84.2389
G01 X73.2864Y84.1225
G01 X73.2801Y84.0049
G01 X73.2856Y83.8873
G00 Z3.0000
G00 X70.6700Y86.0861
G01 Z-0.1600
G01 X70.6644Y86.0705
G01 X70.6756Y86.0705
G01 X70.6700Y86.0861
G00 Z3.0000
G00 X70.7456Y86.4273
G01 Z-0.1600
G01 X70.7464Y86.4175
G01 X70.7624Y86.3095
G01 X70.7904Y86.1964
G01 X70.8296Y86.0854
G01 X70.8795Y85.9787
G01 X70.9396Y85.8775
G01 X71.0094Y85.7826
G01 X71.0881Y85.6950
G01 X71.1750Y85.6156
G01 X71.2700Y85.5446
G01 X71.3701Y85.4841
G01 X71.4763Y85.4333
G01 X71.5870Y85.3932
G01 X71.7011Y85.3641
G01 X71.8175Y85.3464
G01 X71.9351Y85.3401
G01 X72.0527Y85.3454
G01 X72.1705Y85.3624
G01 X72.2836Y85.3904
G01 X72.3946Y85.4296
G01 X72.5013Y85.4795
G01 X72.6025Y85.5396
G01 X72.6974Y85.6094
G01 X72.7850Y85.6881
G01 X72.8644Y85.7750
G01 X72.9354Y85.8700
G01 X72.9959Y85.9701
G01 X73.0467Y86.0763
G01 X73.0868Y86.1870
G01 X73.1176Y86.3095
G01 X73.1336Y86.4175
G01 X73.1399Y86.5351
G01 X73.1346Y86.6527
G01 X73.1176Y86.7705
G01 X73.0896Y86.8836
G01 X73.0504Y86.9946
G01 X73.0005Y87.1013
G01 X72.9404Y87.2025
G01 X72.8706Y87.2974
G01 X72.7919Y87.3850
G01 X72.7050Y87.4644
G01 X72.6100Y87.5354
G01 X72.5099Y87.5959
G01 X72.4037Y87.6467
G01 X72.2930Y87.6868
G01 X72.1789Y87.7159
G01 X72.0625Y87.7336
G01 X71.9449Y87.7399
G01 X71.8273Y87.7346
G01 X71.7095Y87.7176
G01 X71.5964Y87.6896
G01 X71.4854Y87.6504
G01 X71.3787Y87.6005
G01 X71.2775Y87.5404
G01 X71.1826Y87.4706
G01 X71.0950Y87.3919
G01 X71.0156Y87.3050
G01 X70.9446Y87.2100
G01 X70.8841Y87.1099
G01 X70.8333Y87.0037
G01 X70.7932Y86.8930
G01 X70.7641Y86.7789
G01 X70.7464Y86.6625
G01 X70.7401Y86.5449
G01 X70.7456Y86.4273
G00 Z3.0000
G00 X70.6644Y87.0095
G01 Z-0.1600
G01 X70.6700Y86.9939
G01 X70.6756Y87.0095
G01 X70.6644Y87.0095
G00 Z3.0000
G00 X69.8695Y85.2644
G01 Z-0.1600
G01 X69.8695Y85.2756
G01 X69.8539Y85.2700
G01 X69.8695Y85.2644
G00 Z3.0000
G00 X68.9461Y85.2700
G01 Z-0.1600
G01 X68.9305Y85.2756
G01 X68.9305Y85.2644
G01 X68.9461Y85.2700
G00 Z3.0000
G00 X68.0738Y84.2511
G01 Z-0.1600
G01 X68.0550Y84.2480
G01 X68.0183Y84.2450
G01 X67.9815Y84.2456
G01 X67.9571Y84.2480
G01 X67.9450Y84.2498
G01 X67.9090Y84.2576
G01 X67.8855Y84.2647
G01 X67.8600Y84.2746
G01 X67.8600Y83.7347
G01 X68.0532Y83.9279
G01 X68.0503Y83.9877
G01 X68.0503Y84.0123
G01 X68.0556Y84.1201
G01 X68.0580Y84.1445
G01 X68.0738Y84.2511
G00 Z3.0000
G00 X66.0139Y83.5716
G01 Z-0.1600
G01 X66.0147Y83.5618
G01 X66.0257Y83.4878
G01 X66.0481Y83.3986
G01 X66.0767Y83.3202
G01 X66.1082Y83.2537
G01 X66.1561Y83.1738
G01 X66.2061Y83.1070
G01 X66.2556Y83.0525
G01 X66.3171Y82.9961
G01 X66.3919Y82.9406
G01 X66.4550Y82.9028
G01 X66.5000Y82.8810
G01 X66.5000Y69.2969
G01 X66.5027Y69.2403
G01 X66.5112Y69.1814
G01 X66.5274Y69.1181
G01 X66.5458Y69.0670
G01 X66.5707Y69.0144
G01 X66.6039Y68.9596
G01 X66.6367Y68.9157
G01 X66.6724Y68.8762
G01 X67.8542Y67.6942
G01 X67.8874Y67.6392
G01 X67.9229Y67.5922
G01 X67.9558Y67.5558
G01 X68.0067Y67.5097
G01 X68.0543Y67.4750
G01 X68.1012Y67.4472
G01 X68.5300Y67.0184
G01 X68.5300Y66.1714
G01 X68.5149Y66.1618
G01 X68.4360Y66.1033
G01 X68.3557Y66.0312
G01 X68.2829Y65.9515
G01 X68.2177Y65.8645
G01 X68.1577Y65.7642
G01 X68.1120Y65.6664
G01 X68.0761Y65.5646
G01 X68.0503Y65.4598
G01 X68.0359Y65.3627
G01 X68.0301Y65.2549
G01 X68.0349Y65.1471
G01 X68.0503Y65.0402
G01 X68.0789Y64.9260
G01 X68.1157Y64.8246
G01 X68.1623Y64.7272
G01 X68.2182Y64.6349
G01 X68.2767Y64.5560
G01 X68.3557Y64.4688
G01 X68.4360Y64.3967
G01 X68.5155Y64.3377
G01 X68.6072Y64.2823
G01 X68.7046Y64.2357
G01 X68.8154Y64.1961
G01 X68.9202Y64.1703
G01 X69.0173Y64.1559
G01 X69.1349Y64.1501
G01 X69.2427Y64.1559
G01 X69.3410Y64.1705
G01 X69.4446Y64.1961
G01 X69.5464Y64.2320
G01 X69.6528Y64.2823
G01 X69.7451Y64.3382
G01 X69.8240Y64.3967
G01 X69.9112Y64.4757
G01 X69.9833Y64.5560
G01 X70.0423Y64.6355
G01 X70.0977Y64.7272
G01 X70.1443Y64.8246
G01 X70.1839Y64.9354
G01 X70.2095Y65.0390
G01 X70.2241Y65.1373
G01 X70.2299Y65.2549
G01 X70.2241Y65.3627
G01 X70.2095Y65.4610
G01 X70.1811Y65.5740
G01 X70.1443Y65.6754
G01 X70.1023Y65.7642
G01 X70.0418Y65.8651
G01 X69.9833Y65.9440
G01 X69.9112Y66.0243
G01 X69.8240Y66.1033
G01 X69.7445Y66.1623
G01 X69.7300Y66.1714
G01 X69.7300Y67.2669
G01 X69.7275Y67.3208
G01 X69.7193Y67.3791
G01 X69.7026Y67.4458
G01 X69.6823Y67.5010
G01 X69.6567Y67.5540
G01 X69.6315Y67.5961
G01 X69.5968Y67.6437
G01 X69.5543Y67.6912
G01 X67.7000Y69.5455
G01 X67.7000Y83.5260
G01 X67.7063Y83.5716
G01 X67.7100Y83.6500
G01 X67.7100Y84.3500
G01 X67.7063Y84.4284
G01 X67.6943Y84.5122
G01 X67.6747Y84.5920
G01 X67.6471Y84.6707
G01 X67.6118Y84.7463
G01 X67.5694Y84.8181
G01 X67.5201Y84.8854
G01 X67.4644Y84.9475
G01 X67.4030Y85.0039
G01 X67.3356Y85.0544
G01 X67.2650Y85.0972
G01 X67.1898Y85.1333
G01 X67.1114Y85.1619
G01 X67.0306Y85.1826
G01 X66.9482Y85.1953
G01 X66.8649Y85.1999
G01 X66.7816Y85.1963
G01 X66.6978Y85.1843
G01 X66.6180Y85.1647
G01 X66.5393Y85.1371
G01 X66.4637Y85.1018
G01 X66.3919Y85.0594
G01 X66.3246Y85.0101
G01 X66.2625Y84.9544
G01 X66.1999Y84.8854
G01 X66.1556Y84.8256
G01 X66.1128Y84.7550
G01 X66.0767Y84.6798
G01 X66.0481Y84.6014
G01 X66.0255Y84.5110
G01 X66.0137Y84.4284
G01 X66.0100Y84.3500
G01 X66.0100Y83.6500
G01 X66.0139Y83.5716
G00 Z3.0000
G00 X65.0511Y85.0311
G01 Z-0.1600
G01 X65.0600Y85.0213
G01 X65.0600Y85.0222
G01 X65.0511Y85.0311
G00 Z3.0000
G00 X64.7384Y85.2573
G01 Z-0.1600
G01 X64.7804Y85.2374
G01 X64.8021Y85.2259
G01 X64.8652Y85.1880
G01 X64.8839Y85.1756
G01 X64.9447Y85.1306
G01 X64.9637Y85.1150
G01 X65.0011Y85.0811
G01 X64.8021Y85.2801
G01 X64.7384Y85.2573
G00 Z3.0000
G00 X63.0444Y86.0705
G01 Z-0.1600
G01 X63.0556Y86.0705
G01 X63.0500Y86.0861
G01 X63.0444Y86.0705
G00 Z3.0000
G00 X63.1256Y86.4273
G01 Z-0.1600
G01 X63.1264Y86.4175
G01 X63.1424Y86.3095
G01 X63.1704Y86.1964
G01 X63.2133Y86.0763
G01 X63.2641Y85.9701
G01 X63.3251Y85.8693
G01 X63.3894Y85.7826
G01 X63.4681Y85.6950
G01 X63.5626Y85.6094
G01 X63.6575Y85.5396
G01 X63.7587Y85.4795
G01 X63.8563Y85.4333
G01 X63.9670Y85.3932
G01 X64.0811Y85.3641
G01 X64.2073Y85.3454
G01 X64.3151Y85.3401
G01 X64.4327Y85.3454
G01 X64.5505Y85.3624
G01 X64.6730Y85.3932
G01 X64.7746Y85.4296
G01 X64.8362Y85.4581
G01 X65.2100Y85.0843
G01 X65.2101Y82.8445
G01 X65.2125Y82.8053
G01 X65.2170Y82.7750
G01 X65.2259Y82.7380
G01 X65.2387Y82.7009
G01 X65.2597Y82.6565
G01 X65.2802Y82.6231
G01 X65.3016Y82.5948
G01 X65.3000Y82.5594
G01 X65.3000Y68.5000
G01 X65.3025Y68.4461
G01 X65.3109Y68.3866
G01 X65.3245Y68.3306
G01 X65.3452Y68.2719
G01 X65.2828Y68.1870
G01 X65.2277Y68.0942
G01 X65.1820Y67.9964
G01 X65.1461Y67.8946
G01 X65.1203Y67.7898
G01 X65.1049Y67.6829
G01 X65.1001Y67.5849
G01 X65.1049Y67.4771
G01 X65.1205Y67.3690
G01 X65.1489Y67.2560
G01 X65.1857Y67.1546
G01 X65.2323Y67.0572
G01 X65.2882Y66.9649
G01 X65.3529Y66.8785
G01 X65.4257Y66.7988
G01 X65.5060Y66.7267
G01 X65.5930Y66.6628
G01 X65.6858Y66.6077
G01 X65.7746Y66.5657
G01 X65.8760Y66.5289
G01 X65.9806Y66.5022
G01 X66.0873Y66.4859
G01 X66.1951Y66.4801
G01 X66.3029Y66.4849
G01 X66.4110Y66.5005
G01 X66.5146Y66.5261
G01 X66.6164Y66.5620
G01 X66.7228Y66.6123
G01 X66.8151Y66.6682
G01 X66.9016Y66.7329
G01 X66.9743Y66.7988
G01 X67.0471Y66.8785
G01 X67.1172Y66.9730
G01 X67.1723Y67.0658
G01 X67.2180Y67.1636
G01 X67.2539Y67.2654
G01 X67.2795Y67.3690
G01 X67.2941Y67.4673
G01 X67.2999Y67.5751
G01 X67.2941Y67.6927
G01 X67.2795Y67.7910
G01 X67.2511Y67.9040
G01 X67.2143Y68.0054
G01 X67.1677Y68.1028
G01 X67.1118Y68.1951
G01 X67.0533Y68.2740
G01 X66.9743Y68.3612
G01 X66.8940Y68.4333
G01 X66.8070Y68.4972
G01 X66.7142Y68.5523
G01 X66.6254Y68.5943
G01 X66.5240Y68.6311
G01 X66.5000Y68.6376
G01 X66.5000Y82.5594
G01 X66.4975Y82.6133
G01 X66.4891Y82.6728
G01 X66.4755Y82.7288
G01 X66.4561Y82.7844
G01 X66.4267Y82.8465
G01 X66.3960Y82.8967
G01 X66.3668Y82.9362
G01 X66.3207Y82.9870
G01 X66.2768Y83.0262
G01 X66.2367Y83.0559
G01 X66.1784Y83.0907
G01 X66.1250Y83.1155
G01 X66.0788Y83.1320
G01 X66.0218Y83.1468
G01 X66.0100Y83.1490
G01 X66.0100Y85.2500
G01 X66.0084Y85.2843
G01 X66.0030Y85.3244
G01 X65.9912Y85.3708
G01 X65.9776Y85.4076
G01 X65.9650Y85.4342
G01 X65.9398Y85.4762
G01 X65.9160Y85.5075
G01 X65.8928Y85.5328
G01 X65.4019Y86.0238
G01 X65.4304Y86.0854
G01 X65.4668Y86.1870
G01 X65.4978Y86.3107
G01 X65.5136Y86.4175
G01 X65.5199Y86.5351
G01 X65.5136Y86.6625
G01 X65.4976Y86.7705
G01 X65.4696Y86.8836
G01 X65.4267Y87.0037
G01 X65.3759Y87.1099
G01 X65.3204Y87.2025
G01 X65.2444Y87.3050
G01 X65.1650Y87.3919
G01 X65.0774Y87.4706
G01 X64.9900Y87.5354
G01 X64.8899Y87.5959
G01 X64.7746Y87.6504
G01 X64.6636Y87.6896
G01 X64.5589Y87.7159
G01 X64.4425Y87.7336
G01 X64.3249Y87.7399
G01 X64.1975Y87.7336
G01 X64.0895Y87.7176
G01 X63.9764Y87.6896
G01 X63.8563Y87.6467
G01 X63.7501Y87.5959
G01 X63.6575Y87.5404
G01 X63.5550Y87.4644
G01 X63.4681Y87.3850
G01 X63.3894Y87.2974
G01 X63.3246Y87.2100
G01 X63.2641Y87.1099
G01 X63.2096Y86.9946
G01 X63.1704Y86.8836
G01 X63.1441Y86.7789
G01 X63.1254Y86.6527
G01 X63.1201Y86.5351
G01 X63.1256Y86.4273
G00 Z3.0000
G00 X63.0556Y87.0095
G01 Z-0.1600
G01 X63.0444Y87.0095
G01 X63.0500Y86.9939
G01 X63.0556Y87.0095
G00 Z3.0000
G00 X60.5856Y86.4273
G01 Z-0.1600
G01 X60.5864Y86.4175
G01 X60.6024Y86.3095
G01 X60.6304Y86.1964
G01 X60.6696Y86.0854
G01 X60.7195Y85.9787
G01 X60.7796Y85.8775
G01 X60.8494Y85.7826
G01 X60.9281Y85.6950
G01 X61.0150Y85.6156
G01 X61.1100Y85.5446
G01 X61.2101Y85.4841
G01 X61.3163Y85.4333
G01 X61.4270Y85.3932
G01 X61.5411Y85.3641
G01 X61.6575Y85.3464
G01 X61.7751Y85.3401
G01 X61.8927Y85.3454
G01 X62.0105Y85.3624
G01 X62.1236Y85.3904
G01 X62.2346Y85.4296
G01 X62.3413Y85.4795
G01 X62.4425Y85.5396
G01 X62.5374Y85.6094
G01 X62.6250Y85.6881
G01 X62.7044Y85.7750
G01 X62.7754Y85.8700
G01 X62.8359Y85.9701
G01 X62.8867Y86.0763
G01 X62.9268Y86.1870
G01 X62.9576Y86.3095
G01 X62.9736Y86.4175
G01 X62.9799Y86.5351
G01 X62.9746Y86.6527
G01 X62.9576Y86.7705
G01 X62.9296Y86.8836
G01 X62.8904Y86.9946
G01 X62.8405Y87.1013
G01 X62.7804Y87.2025
G01 X62.7106Y87.2974
G01 X62.6319Y87.3850
G01 X62.5450Y87.4644
G01 X62.4500Y87.5354
G01 X62.3499Y87.5959
G01 X62.2437Y87.6467
G01 X62.1330Y87.6868
G01 X62.0189Y87.7159
G01 X61.9025Y87.7336
G01 X61.7849Y87.7399
G01 X61.6673Y87.7346
G01 X61.5495Y87.7176
G01 X61.4364Y87.6896
G01 X61.3254Y87.6504
G01 X61.2187Y87.6005
G01 X61.1175Y87.5404
G01 X61.0226Y87.4706
G01 X60.9350Y87.3919
G01 X60.8556Y87.3050
G01 X60.7846Y87.2100
G01 X60.7241Y87.1099
G01 X60.6733Y87.0037
G01 X60.6332Y86.8930
G01 X60.6041Y86.7789
G01 X60.5864Y86.6625
G01 X60.5801Y86.5449
G01 X60.5856Y86.4273
G00 Z3.0000
G00 X60.5044Y86.0705
G01 Z-0.1600
G01 X60.5156Y86.0705
G01 X60.5100Y86.0861
G01 X60.5044Y86.0705
G00 Z3.0000
G00 X60.5156Y87.0095
G01 Z-0.1600
G01 X60.5044Y87.0095
G01 X60.5100Y86.9939
G01 X60.5156Y87.0095
G00 Z3.0000
G00 X59.6939Y85.2700
G01 Z-0.1600
G01 X59.7095Y85.2644
G01 X59.7095Y85.2756
G01 X59.6939Y85.2700
G00 Z3.0000
G00 X57.7153Y85.4713
G01 Z-0.1600
G01 X57.7816Y85.4745
G01 X57.8184Y85.4745
G01 X57.9262Y85.4693
G01 X57.9628Y85.4656
G01 X58.0696Y85.4498
G01 X58.1057Y85.4426
G01 X58.2104Y85.4164
G01 X58.2456Y85.4057
G01 X58.3315Y85.3750
G01 X58.3370Y85.3750
G01 X58.3188Y85.3885
G01 X58.2908Y85.4124
G01 X58.2903Y85.4118
G01 X58.2103Y85.4843
G01 X58.1843Y85.5103
G01 X58.1118Y85.5903
G01 X58.0885Y85.6188
G01 X58.0242Y85.7055
G01 X58.0037Y85.7361
G01 X57.9700Y85.7924
G01 X57.9363Y85.7361
G01 X57.9177Y85.7080
G01 X57.8515Y85.6188
G01 X57.8276Y85.5908
G01 X57.8282Y85.5903
G01 X57.7557Y85.5103
G01 X57.7297Y85.4843
G01 X57.7153Y85.4713
G00 Z3.0000
G00 X57.1539Y85.2700
G01 Z-0.1600
G01 X57.2092Y85.2500
G01 X57.2909Y85.2500
G01 X57.3965Y85.2880
G01 X57.4199Y85.2951
G01 X57.5247Y85.3214
G01 X57.5457Y85.3257
G01 X57.6555Y85.3420
G01 X57.6799Y85.3444
G01 X57.7877Y85.3497
G01 X57.8123Y85.3497
G01 X57.9201Y85.3444
G01 X57.9445Y85.3420
G01 X58.0513Y85.3262
G01 X58.0753Y85.3214
G01 X58.1801Y85.2951
G01 X58.2035Y85.2880
G01 X58.3092Y85.2500
G01 X58.7309Y85.2500
G01 X58.7861Y85.2700
G01 X58.7348Y85.2883
G01 X58.7122Y85.2977
G01 X58.6146Y85.3439
G01 X58.5929Y85.3555
G01 X58.5003Y85.4110
G01 X58.4816Y85.4234
G01 X58.3932Y85.4889
G01 X58.3743Y85.5045
G01 X58.2943Y85.5769
G01 X58.2769Y85.5943
G01 X58.2045Y85.6743
G01 X58.1889Y85.6932
G01 X58.1246Y85.7799
G01 X58.1110Y85.8003
G01 X58.0555Y85.8929
G01 X58.0439Y85.9146
G01 X57.9977Y86.0122
G01 X57.9883Y86.0348
G01 X57.9700Y86.0861
G01 X57.9517Y86.0348
G01 X57.9423Y86.0122
G01 X57.8961Y85.9146
G01 X57.8845Y85.8929
G01 X57.8290Y85.8003
G01 X57.8166Y85.7816
G01 X57.7511Y85.6932
G01 X57.7356Y85.6743
G01 X57.6631Y85.5943
G01 X57.6457Y85.5769
G01 X57.5657Y85.5045
G01 X57.5468Y85.4889
G01 X57.4601Y85.4246
G01 X57.4397Y85.4110
G01 X57.3471Y85.3555
G01 X57.3254Y85.3439
G01 X57.2278Y85.2977
G01 X57.2052Y85.2883
G01 X57.1539Y85.2700
G00 Z3.0000
G00 X56.2305Y85.2644
G01 Z-0.1600
G01 X56.2461Y85.2700
G01 X56.2305Y85.2756
G01 X56.2305Y85.2644
G00 Z3.0000
G00 X56.0021Y85.4406
G01 Z-0.1600
G01 X56.0113Y85.4325
G01 X56.0265Y85.4165
G01 X56.0455Y85.3909
G01 X56.0518Y85.3803
G01 X56.0616Y85.3606
G01 X56.0724Y85.3306
G01 X56.0771Y85.3103
G01 X56.0791Y85.2969
G01 X56.0806Y85.2749
G01 X56.0800Y85.2528
G01 X56.0754Y85.2213
G01 X56.0724Y85.2094
G01 X56.0654Y85.1885
G01 X56.0564Y85.1683
G01 X56.0405Y85.1416
G01 X56.0265Y85.1235
G01 X56.0113Y85.1075
G01 X55.9946Y85.0931
G01 X55.9808Y85.0829
G01 X55.8713Y85.0098
G01 X55.6902Y84.8287
G01 X55.5480Y84.6158
G01 X55.4500Y84.3792
G01 X55.4000Y84.1280
G01 X55.4000Y83.8720
G01 X55.4500Y83.6208
G01 X55.5480Y83.3842
G01 X55.6902Y83.1713
G01 X55.8713Y82.9902
G01 X56.0842Y82.8480
G01 X56.3211Y82.7499
G01 X56.3450Y82.7434
G01 X56.3656Y82.7355
G01 X56.3853Y82.7257
G01 X56.4034Y82.7144
G01 X56.4139Y82.7066
G01 X56.4305Y82.6921
G01 X56.4457Y82.6761
G01 X56.4593Y82.6587
G01 X56.4710Y82.6400
G01 X56.4809Y82.6203
G01 X56.4888Y82.5996
G01 X56.4946Y82.5783
G01 X56.4983Y82.5566
G01 X56.5000Y82.5297
G01 X56.5000Y76.5448
G01 X56.4983Y76.5178
G01 X56.4965Y76.5057
G01 X56.4916Y76.4842
G01 X56.4829Y76.4587
G01 X56.4500Y76.3792
G01 X56.4000Y76.1280
G01 X56.4000Y75.8720
G01 X56.4500Y75.6208
G01 X56.5480Y75.3842
G01 X56.6902Y75.1713
G01 X56.7841Y75.0774
G01 X56.7957Y75.0648
G01 X56.8093Y75.0473
G01 X56.8210Y75.0287
G01 X56.8346Y74.9998
G01 X56.8416Y74.9789
G01 X56.8463Y74.9586
G01 X56.8483Y74.9452
G01 X56.8500Y74.9183
G01 X56.8500Y72.2577
G01 X56.8489Y72.2357
G01 X56.8454Y72.2000
G01 X56.8637Y72.0138
G01 X56.9181Y71.8347
G01 X57.0063Y71.6697
G01 X57.1250Y71.5250
G01 X57.1527Y71.5023
G01 X57.1691Y71.4874
G01 X59.2841Y69.3724
G01 X59.3019Y69.3522
G01 X59.3147Y69.3342
G01 X59.3210Y69.3236
G01 X59.3309Y69.3039
G01 X59.3388Y69.2833
G01 X59.3463Y69.2536
G01 X59.3493Y69.2305
G01 X59.3500Y69.2133
G01 X59.3500Y64.7769
G01 X59.3489Y64.7548
G01 X59.3454Y64.7191
G01 X59.3637Y64.5329
G01 X59.4181Y64.3538
G01 X59.5063Y64.1888
G01 X59.6250Y64.0442
G01 X59.6527Y64.0214
G01 X59.6691Y64.0066
G01 X61.7200Y61.9557
G01 X61.7437Y61.9467
G01 X61.8499Y61.8959
G01 X61.9500Y61.8354
G01 X62.0374Y61.7706
G01 X62.1319Y61.6850
G01 X62.2106Y61.5974
G01 X62.2749Y61.5107
G01 X62.3405Y61.4013
G01 X62.3867Y61.3037
G01 X62.3957Y61.2800
G01 X62.4160Y61.2572
G01 X62.4288Y61.2393
G01 X62.4378Y61.2240
G01 X62.5017Y61.1044
G01 X62.5091Y61.0890
G01 X62.5170Y61.0684
G01 X62.5228Y61.0471
G01 X62.5265Y61.0253
G01 X62.5281Y61.0033
G01 X62.5275Y60.9812
G01 X62.5200Y60.9039
G01 X62.5200Y59.5061
G01 X62.5388Y59.3152
G01 X62.6131Y59.0701
G01 X62.7339Y58.8443
G01 X62.8963Y58.6463
G01 X63.0943Y58.4839
G01 X63.3201Y58.3631
G01 X63.5652Y58.2888
G01 X63.8200Y58.2637
G01 X64.0748Y58.2888
G01 X64.3199Y58.3631
G01 X64.5457Y58.4839
G01 X64.7437Y58.6463
G01 X64.9061Y58.8443
G01 X65.0269Y59.0701
G01 X65.1012Y59.3152
G01 X65.1200Y59.5061
G01 X65.1200Y59.8250
G01 X65.1207Y59.8422
G01 X65.1254Y59.8737
G01 X65.1284Y59.8856
G01 X65.1354Y59.9065
G01 X65.1444Y59.9267
G01 X65.1603Y59.9534
G01 X65.1743Y59.9715
G01 X65.1895Y59.9875
G01 X65.1985Y59.9957
G01 X65.2160Y60.0093
G01 X65.2433Y60.0256
G01 X65.2544Y60.0309
G01 X65.2750Y60.0388
G01 X65.3047Y60.0463
G01 X65.3278Y60.0493
G01 X65.3450Y60.0500
G01 X71.7985Y60.0499
G01 X71.8205Y60.0483
G01 X71.8423Y60.0446
G01 X71.8636Y60.0388
G01 X71.8842Y60.0309
G01 X71.9039Y60.0210
G01 X71.9186Y60.0121
G01 X72.0316Y59.9366
G01 X72.2500Y59.8461
G01 X72.4818Y59.8000
G01 X72.7182Y59.8000
G01 X72.9500Y59.8461
G01 X73.1684Y59.9366
G01 X73.2814Y60.0121
G01 X73.2961Y60.0210
G01 X73.3158Y60.0309
G01 X73.3458Y60.0416
G01 X73.3657Y60.0463
G01 X73.3795Y60.0483
G01 X73.4064Y60.0500
G01 X75.2232Y60.0499
G01 X75.2453Y60.0483
G01 X75.2574Y60.0465
G01 X75.2789Y60.0416
G01 X75.3089Y60.0309
G01 X75.3200Y60.0256
G01 X75.3392Y60.0147
G01 X75.3572Y60.0019
G01 X75.3739Y59.9875
G01 X75.4713Y59.8902
G01 X75.6842Y59.7480
G01 X75.9208Y59.6500
G01 X76.1720Y59.6000
G01 X76.4280Y59.6000
G01 X76.6792Y59.6500
G01 X76.9158Y59.7480
G01 X77.1287Y59.8902
G01 X77.3098Y60.0713
G01 X77.4520Y60.2842
G01 X77.5500Y60.5208
G01 X77.6000Y60.7720
G01 X77.6000Y61.0280
G01 X77.5500Y61.2792
G01 X77.4520Y61.5158
G01 X77.3098Y61.7287
G01 X77.1287Y61.9098
G01 X76.9158Y62.0520
G01 X76.6792Y62.1500
G01 X76.4280Y62.2000
G01 X76.1720Y62.2000
G01 X75.9208Y62.1500
G01 X75.6842Y62.0520
G01 X75.5882Y61.9879
G01 X75.5736Y61.9790
G01 X75.5538Y61.9691
G01 X75.5332Y61.9612
G01 X75.5119Y61.9554
G01 X75.4902Y61.9517
G01 X75.4632Y61.9500
G01 X73.4064Y61.9500
G01 X73.3893Y61.9507
G01 X73.3577Y61.9554
G01 X73.3364Y61.9612
G01 X73.3158Y61.9691
G01 X73.2961Y61.9790
G01 X73.2814Y61.9879
G01 X73.1684Y62.0634
G01 X72.9500Y62.1539
G01 X72.7182Y62.2000
G01 X72.4818Y62.2000
G01 X72.2500Y62.1539
G01 X72.0316Y62.0634
G01 X71.9186Y61.9879
G01 X71.9039Y61.9790
G01 X71.8842Y61.9691
G01 X71.8636Y61.9612
G01 X71.8423Y61.9554
G01 X71.8205Y61.9517
G01 X71.7985Y61.9501
G01 X64.5575Y61.9500
G01 X64.5305Y61.9517
G01 X64.5088Y61.9554
G01 X64.4969Y61.9584
G01 X64.4759Y61.9654
G01 X64.4558Y61.9744
G01 X64.3405Y62.0358
G01 X64.3257Y62.0446
G01 X64.3077Y62.0573
G01 X64.2875Y62.0752
G01 X64.0426Y62.3201
G01 X64.0277Y62.3364
G01 X64.0050Y62.3641
G01 X63.9773Y62.3869
G01 X63.9609Y62.4017
G01 X61.3159Y65.0468
G01 X61.3043Y65.0594
G01 X61.2907Y65.0768
G01 X61.2744Y65.1042
G01 X61.2691Y65.1153
G01 X61.2612Y65.1359
G01 X61.2537Y65.1656
G01 X61.2507Y65.1887
G01 X61.2500Y65.2059
G01 X61.2500Y69.6423
G01 X61.2511Y69.6643
G01 X61.2546Y69.7000
G01 X61.2363Y69.8862
G01 X61.1819Y70.0653
G01 X61.0937Y70.2303
G01 X60.9750Y70.3750
G01 X60.9473Y70.3977
G01 X60.9309Y70.4126
G01 X58.8159Y72.5276
G01 X58.8043Y72.5402
G01 X58.7907Y72.5577
G01 X58.7790Y72.5764
G01 X58.7691Y72.5961
G01 X58.7612Y72.6167
G01 X58.7554Y72.6380
G01 X58.7517Y72.6598
G01 X58.7501Y72.6818
G01 X58.7500Y74.9279
G01 X58.7517Y74.9548
G01 X58.7554Y74.9766
G01 X58.7612Y74.9978
G01 X58.7691Y75.0185
G01 X58.7790Y75.0382
G01 X58.7903Y75.0562
G01 X58.8011Y75.0706
G01 X58.8861Y75.1743
G01 X59.0069Y75.4001
G01 X59.0812Y75.6452
G01 X59.1000Y75.8361
G01 X59.1000Y82.4750
G01 X59.1017Y82.5019
G01 X59.1054Y82.5237
G01 X59.1084Y82.5356
G01 X59.1154Y82.5565
G01 X59.1244Y82.5767
G01 X59.1403Y82.6034
G01 X59.1543Y82.6215
G01 X59.1695Y82.6375
G01 X59.1785Y82.6457
G01 X59.2041Y82.6647
G01 X59.2233Y82.6756
G01 X59.2344Y82.6809
G01 X59.2550Y82.6888
G01 X59.2847Y82.6963
G01 X59.2981Y82.6983
G01 X59.3201Y82.6999
G01 X59.3680Y82.7000
G01 X59.6192Y82.7500
G01 X59.8558Y82.8480
G01 X60.0687Y82.9902
G01 X60.2498Y83.1713
G01 X60.3920Y83.3842
G01 X60.4900Y83.6208
G01 X60.5400Y83.8720
G01 X60.5400Y84.1280
G01 X60.4900Y84.3792
G01 X60.3920Y84.6158
G01 X60.2498Y84.8287
G01 X60.0687Y85.0098
G01 X59.9552Y85.0857
G01 X59.9378Y85.0993
G01 X59.9218Y85.1145
G01 X59.9135Y85.1235
G01 X59.8945Y85.1491
G01 X59.8836Y85.1683
G01 X59.8746Y85.1885
G01 X59.8676Y85.2094
G01 X59.8629Y85.2297
G01 X59.8609Y85.2431
G01 X59.8594Y85.2651
G01 X59.8600Y85.2872
G01 X59.8627Y85.3091
G01 X59.8676Y85.3306
G01 X59.8746Y85.3515
G01 X59.8836Y85.3717
G01 X59.8945Y85.3909
G01 X59.9135Y85.4165
G01 X59.9287Y85.4325
G01 X59.9378Y85.4407
G01 X59.9552Y85.4543
G01 X60.0687Y85.5302
G01 X60.2498Y85.7113
G01 X60.3229Y85.8208
G01 X60.3331Y85.8346
G01 X60.3475Y85.8513
G01 X60.3635Y85.8665
G01 X60.3810Y85.8800
G01 X60.3997Y85.8918
G01 X60.4194Y85.9016
G01 X60.4400Y85.9095
G01 X60.4697Y85.9171
G01 X60.4928Y85.9200
G01 X60.5149Y85.9206
G01 X60.5272Y85.9200
G01 X60.5491Y85.9173
G01 X60.5800Y85.9095
G01 X60.5915Y85.9054
G01 X60.6117Y85.8964
G01 X60.6384Y85.8805
G01 X60.6489Y85.8727
G01 X60.6655Y85.8582
G01 X60.6869Y85.8346
G01 X60.6971Y85.8208
G01 X60.7702Y85.7113
G01 X60.9513Y85.5302
G01 X61.1642Y85.3880
G01 X61.4008Y85.2900
G01 X61.6520Y85.2400
G01 X61.9080Y85.2400
G01 X62.1592Y85.2900
G01 X62.3958Y85.3880
G01 X62.6087Y85.5302
G01 X62.7898Y85.7113
G01 X62.8629Y85.8208
G01 X62.8731Y85.8346
G01 X62.8945Y85.8582
G01 X62.9111Y85.8727
G01 X62.9291Y85.8855
G01 X62.9397Y85.8918
G01 X62.9594Y85.9016
G01 X62.9800Y85.9095
G01 X63.0013Y85.9154
G01 X63.0231Y85.9191
G01 X63.0451Y85.9206
G01 X63.0672Y85.9200
G01 X63.0891Y85.9173
G01 X63.1200Y85.9095
G01 X63.1315Y85.9054
G01 X63.1517Y85.8964
G01 X63.1784Y85.8805
G01 X63.1889Y85.8727
G01 X63.2055Y85.8582
G01 X63.2207Y85.8422
G01 X63.2343Y85.8248
G01 X63.3102Y85.7113
G01 X63.4913Y85.5302
G01 X63.6631Y85.4154
G01 X63.6846Y85.3991
G01 X63.7006Y85.3839
G01 X63.7151Y85.3672
G01 X63.7224Y85.3574
G01 X63.7341Y85.3387
G01 X63.7477Y85.3099
G01 X63.7519Y85.2983
G01 X63.7577Y85.2770
G01 X63.7614Y85.2553
G01 X63.7630Y85.2332
G01 X63.7614Y85.2014
G01 X63.7596Y85.1893
G01 X63.7547Y85.1678
G01 X63.7477Y85.1468
G01 X63.7387Y85.1267
G01 X63.7228Y85.1000
G01 X63.7088Y85.0819
G01 X63.6936Y85.0659
G01 X63.6846Y85.0576
G01 X63.6450Y85.0250
G01 X63.5263Y84.8803
G01 X63.4381Y84.7153
G01 X63.3837Y84.5362
G01 X63.3700Y84.3967
G01 X63.3700Y83.8577
G01 X63.3689Y83.8357
G01 X63.3654Y83.8000
G01 X63.3689Y83.7643
G01 X63.3700Y83.7423
G01 X63.3700Y83.6033
G01 X63.3837Y83.4638
G01 X63.4003Y83.4092
G01 X63.4046Y83.3926
G01 X63.4083Y83.3708
G01 X63.4099Y83.3488
G01 X63.4100Y82.3893
G01 X63.4089Y82.3673
G01 X63.4054Y82.3316
G01 X63.4237Y82.1454
G01 X63.4781Y81.9663
G01 X63.5663Y81.8013
G01 X63.6850Y81.6566
G01 X63.7255Y81.6224
G01 X63.8112Y81.5369
G01 X63.9177Y81.4495
G01 X63.9305Y81.4380
G01 X63.9457Y81.4220
G01 X63.9592Y81.4046
G01 X63.9710Y81.3859
G01 X63.9846Y81.3571
G01 X63.9916Y81.3361
G01 X63.9963Y81.3158
G01 X63.9983Y81.3025
G01 X63.9999Y81.2804
G01 X64.0000Y69.2291
G01 X63.9993Y69.2120
G01 X63.9965Y69.1901
G01 X63.9888Y69.1592
G01 X63.9846Y69.1476
G01 X63.9756Y69.1274
G01 X63.9647Y69.1083
G01 X63.9519Y69.0903
G01 X63.9341Y69.0700
G01 X63.7572Y68.8931
G01 X63.7408Y68.8783
G01 X63.7226Y68.8634
G01 X63.6352Y68.7568
G01 X63.5702Y68.6352
G01 X63.5301Y68.5032
G01 X63.5166Y68.3660
G01 X63.5189Y68.3426
G01 X63.5200Y68.3206
G01 X63.5200Y66.7794
G01 X63.5189Y66.7574
G01 X63.5166Y66.7340
G01 X63.5301Y66.5968
G01 X63.5702Y66.4648
G01 X63.6352Y66.3432
G01 X63.7226Y66.2366
G01 X63.7408Y66.2217
G01 X63.7571Y66.2069
G01 X65.1969Y64.7672
G01 X65.2117Y64.7508
G01 X65.2266Y64.7326
G01 X65.3332Y64.6452
G01 X65.4548Y64.5802
G01 X65.5868Y64.5401
G01 X65.6908Y64.5299
G01 X65.7175Y64.5256
G01 X65.7294Y64.5226
G01 X65.7503Y64.5156
G01 X65.7791Y64.5020
G01 X65.7978Y64.4902
G01 X65.8077Y64.4829
G01 X65.8243Y64.4684
G01 X65.9950Y64.2979
G01 X66.1916Y64.1666
G01 X66.4100Y64.0761
G01 X66.6418Y64.0300
G01 X66.8782Y64.0300
G01 X67.1100Y64.0761
G01 X67.3284Y64.1666
G01 X67.5250Y64.2979
G01 X67.6921Y64.4650
G01 X67.7674Y64.5776
G01 X67.7810Y64.5950
G01 X67.7961Y64.6110
G01 X67.8052Y64.6193
G01 X67.8308Y64.6383
G01 X67.8413Y64.6446
G01 X67.8611Y64.6544
G01 X67.8911Y64.6652
G01 X67.9114Y64.6699
G01 X67.9345Y64.6728
G01 X67.9566Y64.6734
G01 X67.9786Y64.6719
G01 X68.0004Y64.6681
G01 X68.0217Y64.6623
G01 X68.0423Y64.6544
G01 X68.0620Y64.6446
G01 X68.0800Y64.6333
G01 X68.0981Y64.6193
G01 X68.1142Y64.6041
G01 X68.1286Y64.5874
G01 X68.1388Y64.5735
G01 X68.1979Y64.4850
G01 X68.3650Y64.3179
G01 X68.5616Y64.1866
G01 X68.7800Y64.0961
G01 X69.0118Y64.0500
G01 X69.2482Y64.0500
G01 X69.4800Y64.0961
G01 X69.6984Y64.1866
G01 X69.8950Y64.3179
G01 X70.0621Y64.4850
G01 X70.1934Y64.6816
G01 X70.2839Y64.9000
G01 X70.3300Y65.1318
G01 X70.3300Y65.3682
G01 X70.2839Y65.6000
G01 X70.1934Y65.8184
G01 X70.0621Y66.0150
G01 X69.8959Y66.1812
G01 X69.8843Y66.1938
G01 X69.8707Y66.2112
G01 X69.8590Y66.2299
G01 X69.8454Y66.2587
G01 X69.8384Y66.2797
G01 X69.8337Y66.3000
G01 X69.8317Y66.3133
G01 X69.8300Y66.3403
G01 X69.8301Y66.7358
G01 X69.8317Y66.7578
G01 X69.8354Y66.7795
G01 X69.8384Y66.7914
G01 X69.8454Y66.8124
G01 X69.8590Y66.8412
G01 X69.8703Y66.8592
G01 X69.8843Y66.8773
G01 X69.8995Y66.8933
G01 X69.9085Y66.9016
G01 X69.9341Y66.9206
G01 X69.9447Y66.9269
G01 X69.9644Y66.9367
G01 X69.9944Y66.9475
G01 X70.0147Y66.9522
G01 X70.0281Y66.9542
G01 X70.0501Y66.9557
G01 X70.0722Y66.9551
G01 X70.0941Y66.9524
G01 X70.1156Y66.9475
G01 X70.1456Y66.9367
G01 X70.1653Y66.9269
G01 X70.1834Y66.9156
G01 X70.2015Y66.9016
G01 X70.2141Y66.8900
G01 X72.7016Y64.4025
G01 X72.7164Y64.3861
G01 X72.7496Y64.3456
G01 X72.7678Y64.3307
G01 X72.7841Y64.3159
G01 X73.6829Y63.4172
G01 X73.6977Y63.4008
G01 X73.7126Y63.3826
G01 X73.8192Y63.2952
G01 X73.9408Y63.2302
G01 X74.0728Y63.1901
G01 X74.2100Y63.1766
G01 X74.2334Y63.1789
G01 X74.2554Y63.1800
G01 X85.3947Y63.1799
G01 X85.4069Y63.1793
G01 X85.4288Y63.1765
G01 X85.4597Y63.1688
G01 X85.4713Y63.1646
G01 X85.4914Y63.1556
G01 X85.5181Y63.1397
G01 X85.5362Y63.1257
G01 X85.5488Y63.1141
G01 X85.7150Y62.9479
G01 X85.9116Y62.8166
G01 X86.1300Y62.7261
G01 X86.3618Y62.6800
G01 X86.5982Y62.6800
G01 X86.8300Y62.7261
G01 X87.0484Y62.8166
G01 X87.2450Y62.9479
G01 X87.4121Y63.1150
G01 X87.5434Y63.3116
G01 X87.6339Y63.5300
G01 X87.6800Y63.7618
G01 X87.6800Y63.9982
G01 X87.6339Y64.2300
G01 X87.5434Y64.4484
G01 X87.4121Y64.6450
G01 X87.2450Y64.8121
G01 X87.0484Y64.9434
G01 X86.8300Y65.0339
G01 X86.5982Y65.0800
G01 X86.3618Y65.0800
G01 X86.1300Y65.0339
G01 X85.9116Y64.9434
G01 X85.7150Y64.8121
G01 X85.5488Y64.6459
G01 X85.5362Y64.6343
G01 X85.5188Y64.6207
G01 X85.4914Y64.6044
G01 X85.4803Y64.5991
G01 X85.4597Y64.5912
G01 X85.4304Y64.5837
G01 X85.4167Y64.5817
G01 X85.3947Y64.5801
G01 X74.5931Y64.5800
G01 X74.5662Y64.5817
G01 X74.5445Y64.5854
G01 X74.5232Y64.5912
G01 X74.5026Y64.5991
G01 X74.4828Y64.6090
G01 X74.4648Y64.6203
G01 X74.4467Y64.6343
G01 X74.4340Y64.6459
G01 X73.7924Y65.2875
G01 X73.7776Y65.3039
G01 X73.7444Y65.3444
G01 X73.7262Y65.3593
G01 X73.7098Y65.3741
G01 X69.0659Y70.0180
G01 X69.0543Y70.0307
G01 X69.0408Y70.0481
G01 X69.0244Y70.0755
G01 X69.0191Y70.0865
G01 X69.0112Y70.1072
G01 X69.0037Y70.1369
G01 X69.0007Y70.1600
G01 X69.0000Y70.1771
G01 X69.0000Y82.4799
G01 X69.0007Y82.4971
G01 X69.0054Y82.5286
G01 X69.0084Y82.5405
G01 X69.0154Y82.5615
G01 X69.0290Y82.5903
G01 X69.0403Y82.6083
G01 X69.0481Y82.6188
G01 X69.0695Y82.6424
G01 X69.0786Y82.6507
G01 X69.0960Y82.6642
G01 X69.1233Y82.6806
G01 X69.1344Y82.6858
G01 X69.1550Y82.6937
G01 X69.1843Y82.7012
G01 X69.1981Y82.7032
G01 X69.2201Y82.7048
G01 X69.2422Y82.7042
G01 X69.2720Y82.7000
G01 X69.5280Y82.7000
G01 X69.7792Y82.7500
G01 X70.0158Y82.8480
G01 X70.2287Y82.9902
G01 X70.4098Y83.1713
G01 X70.5520Y83.3842
G01 X70.6500Y83.6208
G01 X70.7000Y83.8720
G01 X70.7000Y84.1280
G01 X70.6500Y84.3792
G01 X70.5520Y84.6158
G01 X70.4098Y84.8287
G01 X70.2287Y85.0098
G01 X70.1152Y85.0857
G01 X70.0978Y85.0993
G01 X70.0818Y85.1145
G01 X70.0735Y85.1235
G01 X70.0545Y85.1491
G01 X70.0436Y85.1683
G01 X70.0346Y85.1885
G01 X70.0276Y85.2094
G01 X70.0229Y85.2297
G01 X70.0209Y85.2431
G01 X70.0194Y85.2651
G01 X70.0200Y85.2872
G01 X70.0227Y85.3091
G01 X70.0276Y85.3306
G01 X70.0346Y85.3515
G01 X70.0436Y85.3717
G01 X70.0545Y85.3909
G01 X70.0735Y85.4165
G01 X70.0887Y85.4325
G01 X70.0978Y85.4407
G01 X70.1152Y85.4543
G01 X70.2287Y85.5302
G01 X70.4098Y85.7113
G01 X70.4829Y85.8208
G01 X70.4931Y85.8346
G01 X70.5145Y85.8582
G01 X70.5311Y85.8727
G01 X70.5410Y85.8800
G01 X70.5683Y85.8964
G01 X70.5794Y85.9016
G01 X70.6000Y85.9095
G01 X70.6297Y85.9171
G01 X70.6528Y85.9200
G01 X70.6749Y85.9206
G01 X70.6872Y85.9200
G01 X70.7091Y85.9173
G01 X70.7400Y85.9095
G01 X70.7515Y85.9054
G01 X70.7717Y85.8964
G01 X70.7990Y85.8800
G01 X70.8165Y85.8665
G01 X70.8325Y85.8513
G01 X70.8469Y85.8346
G01 X70.8571Y85.8208
G01 X70.9302Y85.7113
G01 X71.1113Y85.5302
G01 X71.3242Y85.3880
G01 X71.5608Y85.2900
G01 X71.8120Y85.2400
G01 X72.0680Y85.2400
G01 X72.3192Y85.2900
G01 X72.5558Y85.3880
G01 X72.7687Y85.5302
G01 X72.9498Y85.7113
G01 X73.0229Y85.8208
G01 X73.0393Y85.8422
G01 X73.0545Y85.8582
G01 X73.0711Y85.8727
G01 X73.0810Y85.8800
G01 X73.0997Y85.8918
G01 X73.1285Y85.9054
G01 X73.1494Y85.9124
G01 X73.1697Y85.9171
G01 X73.1831Y85.9191
G01 X73.2051Y85.9206
G01 X73.2369Y85.9191
G01 X73.2491Y85.9173
G01 X73.2706Y85.9124
G01 X73.3006Y85.9016
G01 X73.3117Y85.8964
G01 X73.3309Y85.8855
G01 X73.3565Y85.8665
G01 X73.3725Y85.8513
G01 X73.3807Y85.8422
G01 X73.3943Y85.8248
G01 X73.4702Y85.7113
G01 X73.6513Y85.5302
G01 X73.7608Y85.4571
G01 X73.7746Y85.4469
G01 X73.7982Y85.4255
G01 X73.8127Y85.4089
G01 X73.8255Y85.3909
G01 X73.8364Y85.3717
G01 X73.8454Y85.3515
G01 X73.8524Y85.3306
G01 X73.8571Y85.3103
G01 X73.8591Y85.2969
G01 X73.8606Y85.2749
G01 X73.8600Y85.2528
G01 X73.8554Y85.2213
G01 X73.8495Y85.2000
G01 X73.8416Y85.1794
G01 X73.8318Y85.1597
G01 X73.8205Y85.1416
G01 X73.8127Y85.1311
G01 X73.7982Y85.1145
G01 X73.7822Y85.0993
G01 X73.7648Y85.0857
G01 X73.6513Y85.0098
G01 X73.4702Y84.8287
G01 X73.3280Y84.6158
G01 X73.2300Y84.3792
G01 X73.1800Y84.1280
G01 X73.1800Y83.8720
G01 X73.2300Y83.6208
G01 X73.3280Y83.3842
G01 X73.4702Y83.1713
G01 X73.6513Y82.9902
G01 X73.8642Y82.8480
G01 X74.1008Y82.7500
G01 X74.3520Y82.7000
G01 X74.6080Y82.7000
G01 X74.8592Y82.7500
G01 X75.0958Y82.8480
G01 X75.3087Y82.9902
G01 X75.4898Y83.1713
G01 X75.5657Y83.2848
G01 X75.5793Y83.3022
G01 X75.5945Y83.3182
G01 X75.6035Y83.3265
G01 X75.6291Y83.3455
G01 X75.6397Y83.3518
G01 X75.6594Y83.3616
G01 X75.6800Y83.3695
G01 X75.7013Y83.3754
G01 X75.7328Y83.3800
G01 X75.7549Y83.3806
G01 X75.7769Y83.3791
G01 X75.7891Y83.3773
G01 X75.8106Y83.3724
G01 X75.8315Y83.3654
G01 X75.8517Y83.3564
G01 X75.8709Y83.3455
G01 X75.8889Y83.3327
G01 X75.9055Y83.3182
G01 X75.9269Y83.2946
G01 X75.9371Y83.2808
G01 X76.0102Y83.1713
G01 X76.1913Y82.9902
G01 X76.4042Y82.8480
G01 X76.6408Y82.7500
G01 X76.8920Y82.7000
G01 X77.1480Y82.7000
G01 X77.3992Y82.7500
G01 X77.6358Y82.8480
G01 X77.8487Y82.9902
G01 X78.0298Y83.1713
G01 X78.1720Y83.3842
G01 X78.2700Y83.6208
G01 X78.3200Y83.8720
G01 X78.3200Y84.1280
G01 X78.2700Y84.3792
G01 X78.1720Y84.6158
G01 X78.0298Y84.8287
G01 X77.8487Y85.0098
G01 X77.7392Y85.0829
G01 X77.7254Y85.0931
G01 X77.7018Y85.1145
G01 X77.6873Y85.1311
G01 X77.6745Y85.1491
G01 X77.6636Y85.1683
G01 X77.6546Y85.1885
G01 X77.6476Y85.2094
G01 X77.6429Y85.2297
G01 X77.6400Y85.2528
G01 X77.6394Y85.2749
G01 X77.6409Y85.2969
G01 X77.6427Y85.3091
G01 X77.6476Y85.3306
G01 X77.6546Y85.3515
G01 X77.6636Y85.3717
G01 X77.6795Y85.3984
G01 X77.6873Y85.4089
G01 X77.7018Y85.4255
G01 X77.7178Y85.4407
G01 X77.7352Y85.4543
G01 X77.8487Y85.5302
G01 X78.0298Y85.7113
G01 X78.1029Y85.8208
G01 X78.1131Y85.8346
G01 X78.1275Y85.8513
G01 X78.1435Y85.8665
G01 X78.1610Y85.8800
G01 X78.1797Y85.8918
G01 X78.2085Y85.9054
G01 X78.2294Y85.9124
G01 X78.2509Y85.9173
G01 X78.2728Y85.9200
G01 X78.2949Y85.9206
G01 X78.3072Y85.9200
G01 X78.3291Y85.9173
G01 X78.3600Y85.9095
G01 X78.3806Y85.9016
G01 X78.3917Y85.8964
G01 X78.4109Y85.8855
G01 X78.4365Y85.8665
G01 X78.4525Y85.8513
G01 X78.4669Y85.8346
G01 X78.4771Y85.8208
G01 X78.5502Y85.7113
G01 X78.7313Y85.5302
G01 X78.9442Y85.3880
G01 X79.1808Y85.2900
G01 X79.4320Y85.2400
G01 X79.6880Y85.2400
G01 X79.9627Y85.2945
G01 X79.9748Y85.2963
G01 X79.9968Y85.2979
G01 X80.0189Y85.2973
G01 X80.0408Y85.2945
G01 X80.0623Y85.2896
G01 X80.0923Y85.2789
G01 X80.1034Y85.2736
G01 X80.1226Y85.2627
G01 X80.1482Y85.2437
G01 X80.1608Y85.2321
G01 X80.2441Y85.1488
G01 X80.2557Y85.1362
G01 X80.2747Y85.1106
G01 X80.2810Y85.1000
G01 X80.2909Y85.0803
G01 X80.3016Y85.0503
G01 X80.3063Y85.0304
G01 X80.3093Y85.0069
G01 X80.3100Y84.9897
G01 X80.3100Y84.7497
G01 X80.3471Y84.6707
G01 X80.3747Y84.5920
G01 X80.3943Y84.5122
G01 X80.4063Y84.4284
G01 X80.4100Y84.3500
G01 X80.4100Y83.6500
G01 X80.4063Y83.5716
G01 X80.3945Y83.4890
G01 X80.3747Y83.4080
G01 X80.3433Y83.3202
G01 X80.3072Y83.2450
G01 X80.2644Y83.1744
G01 X80.2201Y83.1146
G01 X80.1575Y83.0456
G01 X80.0954Y82.9899
G01 X80.0281Y82.9406
G01 X79.9650Y82.9028
G01 X79.9450Y82.8928
G01 X79.9281Y82.8611
G01 X79.8737Y82.6821
G01 X79.8554Y82.4958
G01 X79.8589Y82.4602
G01 X79.8600Y82.4381
G01 X79.8599Y82.3918
G01 X79.8593Y82.3795
G01 X79.8565Y82.3576
G01 X79.8516Y82.3361
G01 X79.8409Y82.3061
G01 X79.8356Y82.2950
G01 X79.8247Y82.2758
G01 X79.8119Y82.2578
G01 X79.7941Y82.2376
G01 X79.6224Y82.0659
G01 X79.6098Y82.0543
G01 X79.5923Y82.0407
G01 X79.5736Y82.0290
G01 X79.5448Y82.0154
G01 X79.5239Y82.0084
G01 X79.5036Y82.0037
G01 X79.4902Y82.0017
G01 X79.4633Y82.0000
G01 X79.0017Y82.0000
G01 X78.9797Y82.0011
G01 X78.9440Y82.0046
G01 X78.7578Y81.9863
G01 X78.5787Y81.9319
G01 X78.4137Y81.8437
G01 X78.2690Y81.7250
G01 X78.2463Y81.6973
G01 X78.2314Y81.6809
G01 X74.7491Y78.1986
G01 X74.7327Y78.1837
G01 X74.7050Y78.1610
G01 X74.5863Y78.0163
G01 X74.4981Y77.8513
G01 X74.4437Y77.6722
G01 X74.4254Y77.4860
G01 X74.4289Y77.4503
G01 X74.4300Y77.4283
G01 X74.4300Y73.7730
G01 X74.4283Y73.7460
G01 X74.4246Y73.7243
G01 X74.4216Y73.7124
G01 X74.4146Y73.6914
G01 X74.4056Y73.6713
G01 X74.3947Y73.6521
G01 X74.3757Y73.6265
G01 X74.3565Y73.6068
G01 X74.2363Y73.4603
G01 X74.1489Y73.2971
G01 X74.1376Y73.2791
G01 X74.1298Y73.2686
G01 X74.1154Y73.2519
G01 X74.0993Y73.2367
G01 X74.0819Y73.2232
G01 X74.0546Y73.2068
G01 X74.0390Y73.1996
G01 X73.9242Y73.1520
G01 X73.7113Y73.0098
G01 X73.5302Y72.8287
G01 X73.3880Y72.6158
G01 X73.2900Y72.3792
G01 X73.2400Y72.1280
G01 X73.2400Y71.8720
G01 X73.2900Y71.6208
G01 X73.3880Y71.3842
G01 X73.5302Y71.1713
G01 X73.7113Y70.9902
G01 X73.9242Y70.8480
G01 X74.1608Y70.7500
G01 X74.4120Y70.7000
G01 X74.6680Y70.7000
G01 X74.9192Y70.7500
G01 X75.1558Y70.8480
G01 X75.3687Y70.9902
G01 X75.5498Y71.1713
G01 X75.6257Y71.2848
G01 X75.6393Y71.3022
G01 X75.6545Y71.3182
G01 X75.6635Y71.3265
G01 X75.6891Y71.3455
G01 X75.6997Y71.3518
G01 X75.7194Y71.3616
G01 X75.7494Y71.3724
G01 X75.7709Y71.3773
G01 X75.7928Y71.3800
G01 X75.8149Y71.3806
G01 X75.8369Y71.3791
G01 X75.8587Y71.3754
G01 X75.8706Y71.3724
G01 X75.8915Y71.3654
G01 X75.9117Y71.3564
G01 X75.9309Y71.3455
G01 X75.9489Y71.3327
G01 X75.9655Y71.3182
G01 X75.9869Y71.2946
G01 X75.9971Y71.2808
G01 X76.0702Y71.1713
G01 X76.2513Y70.9902
G01 X76.4642Y70.8480
G01 X76.7008Y70.7500
G01 X76.9520Y70.7000
G01 X77.2080Y70.7000
G01 X77.4592Y70.7500
G01 X77.6958Y70.8480
G01 X77.9087Y70.9902
G01 X78.0898Y71.1713
G01 X78.1629Y71.2808
G01 X78.1793Y71.3022
G01 X78.1945Y71.3182
G01 X78.2111Y71.3327
G01 X78.2210Y71.3400
G01 X78.2397Y71.3518
G01 X78.2685Y71.3654
G01 X78.2894Y71.3724
G01 X78.3097Y71.3771
G01 X78.3231Y71.3791
G01 X78.3451Y71.3806
G01 X78.3769Y71.3791
G01 X78.3891Y71.3773
G01 X78.4106Y71.3724
G01 X78.4315Y71.3654
G01 X78.4517Y71.3564
G01 X78.4784Y71.3405
G01 X78.4889Y71.3327
G01 X78.5055Y71.3182
G01 X78.5207Y71.3022
G01 X78.5343Y71.2848
G01 X78.6114Y71.1696
G01 X78.6293Y71.1473
G01 X78.6410Y71.1287
G01 X78.6546Y71.0998
G01 X78.6616Y71.0789
G01 X78.6663Y71.0586
G01 X78.6693Y71.0355
G01 X78.6700Y71.0183
G01 X78.6700Y68.2764
G01 X78.6683Y68.2495
G01 X78.6646Y68.2277
G01 X78.6588Y68.2064
G01 X78.6509Y68.1858
G01 X78.6410Y68.1661
G01 X78.6321Y68.1514
G01 X78.5566Y68.0384
G01 X78.4661Y67.8200
G01 X78.4200Y67.5882
G01 X78.4200Y67.3518
G01 X78.4661Y67.1200
G01 X78.5566Y66.9016
G01 X78.6879Y66.7050
G01 X78.8550Y66.5379
G01 X79.0516Y66.4066
G01 X79.2700Y66.3161
G01 X79.5018Y66.2700
G01 X79.7382Y66.2700
G01 X79.9700Y66.3161
G01 X80.1884Y66.4066
G01 X80.3850Y66.5379
G01 X80.5521Y66.7050
G01 X80.6834Y66.9016
G01 X80.7739Y67.1200
G01 X80.8200Y67.3518
G01 X80.8200Y67.5882
G01 X80.7739Y67.8200
G01 X80.6834Y68.0384
G01 X80.6079Y68.1514
G01 X80.5990Y68.1661
G01 X80.5891Y68.1858
G01 X80.5784Y68.2158
G01 X80.5737Y68.2362
G01 X80.5707Y68.2593
G01 X80.5700Y68.2764
G01 X80.5700Y71.0183
G01 X80.5707Y71.0355
G01 X80.5735Y71.0574
G01 X80.5812Y71.0883
G01 X80.5854Y71.0998
G01 X80.5944Y71.1200
G01 X80.6103Y71.1467
G01 X80.6286Y71.1696
G01 X80.7029Y71.2808
G01 X80.7193Y71.3022
G01 X80.7345Y71.3182
G01 X80.7435Y71.3265
G01 X80.7610Y71.3400
G01 X80.7797Y71.3518
G01 X80.7994Y71.3616
G01 X80.8200Y71.3695
G01 X80.8497Y71.3771
G01 X80.8728Y71.3800
G01 X80.8949Y71.3806
G01 X80.9072Y71.3800
G01 X80.9291Y71.3773
G01 X80.9600Y71.3695
G01 X80.9715Y71.3654
G01 X80.9917Y71.3564
G01 X81.0184Y71.3405
G01 X81.0289Y71.3327
G01 X81.0455Y71.3182
G01 X81.0669Y71.2946
G01 X81.0771Y71.2808
G01 X81.1502Y71.1713
G01 X81.3313Y70.9902
G01 X81.5442Y70.8480
G01 X81.7808Y70.7500
G01 X82.0320Y70.7000
G01 X82.2880Y70.7000
G01 X82.5392Y70.7500
G01 X82.7758Y70.8480
G01 X82.9887Y70.9902
G01 X83.1698Y71.1713
G01 X83.2457Y71.2848
G01 X83.2593Y71.3022
G01 X83.2745Y71.3182
G01 X83.2835Y71.3265
G01 X83.3091Y71.3455
G01 X83.3197Y71.3518
G01 X83.3394Y71.3616
G01 X83.3600Y71.3695
G01 X83.3813Y71.3754
G01 X83.4128Y71.3800
G01 X83.4349Y71.3806
G01 X83.4569Y71.3791
G01 X83.4691Y71.3773
G01 X83.4906Y71.3724
G01 X83.5115Y71.3654
G01 X83.5317Y71.3564
G01 X83.5509Y71.3455
G01 X83.5689Y71.3327
G01 X83.5855Y71.3182
G01 X83.6069Y71.2946
G01 X83.6171Y71.2808
G01 X83.6902Y71.1713
G01 X83.8713Y70.9902
G01 X84.0842Y70.8480
G01 X84.3208Y70.7500
G01 X84.5720Y70.7000
G01 X84.8280Y70.7000
G01 X85.0792Y70.7500
G01 X85.3158Y70.8480
G01 X85.5287Y70.9902
G01 X85.7098Y71.1713
G01 X85.7857Y71.2848
G01 X85.7993Y71.3022
G01 X85.8145Y71.3182
G01 X85.8235Y71.3265
G01 X85.8491Y71.3455
G01 X85.8597Y71.3518
G01 X85.8794Y71.3616
G01 X85.9000Y71.3695
G01 X85.9213Y71.3754
G01 X85.9528Y71.3800
G01 X85.9749Y71.3806
G01 X85.9969Y71.3791
G01 X86.0091Y71.3773
G01 X86.0306Y71.3724
G01 X86.0515Y71.3654
G01 X86.0717Y71.3564
G01 X86.0909Y71.3455
G01 X86.1089Y71.3327
G01 X86.1255Y71.3182
G01 X86.1469Y71.2946
G01 X86.1571Y71.2808
G01 X86.2302Y71.1713
G01 X86.4113Y70.9902
G01 X86.6242Y70.8480
G01 X86.8608Y70.7500
G01 X87.1120Y70.7000
G01 X87.3680Y70.7000
G01 X87.6192Y70.7500
G01 X87.8558Y70.8480
G01 X88.0687Y70.9902
G01 X88.2498Y71.1713
G01 X88.3257Y71.2848
G01 X88.3393Y71.3022
G01 X88.3545Y71.3182
G01 X88.3635Y71.3265
G01 X88.3891Y71.3455
G01 X88.3997Y71.3518
G01 X88.4194Y71.3616
G01 X88.4494Y71.3724
G01 X88.4697Y71.3771
G01 X88.4831Y71.3791
G01 X88.5051Y71.3806
G01 X88.5272Y71.3800
G01 X88.5491Y71.3773
G01 X88.5706Y71.3724
G01 X88.5915Y71.3654
G01 X88.6117Y71.3564
G01 X88.6309Y71.3455
G01 X88.6489Y71.3327
G01 X88.6655Y71.3182
G01 X88.6869Y71.2946
G01 X88.6971Y71.2808
G01 X88.7702Y71.1713
G01 X88.9513Y70.9902
G01 X89.1642Y70.8480
G01 X89.4008Y70.7500
G01 X89.6520Y70.7000
G01 X89.9080Y70.7000
G01 X90.1592Y70.7500
G01 X90.3958Y70.8480
G01 X90.6087Y70.9902
G01 X90.7898Y71.1713
G01 X90.9320Y71.3842
G01 X91.0300Y71.6208
G01 X91.0800Y71.8720
G01 X91.0800Y72.1280
G01 X91.0300Y72.3792
G01 X90.9320Y72.6158
G01 X90.7898Y72.8287
G01 X90.6087Y73.0098
G01 X90.5795Y73.0301
G01 X90.5629Y73.0446
G01 X90.5445Y73.0643
G01 X90.4750Y73.1490
G01 X90.4473Y73.1717
G01 X90.4309Y73.1866
G01 X89.9125Y73.7051
G01 X89.9043Y73.7142
G01 X89.8908Y73.7317
G01 X89.8790Y73.7503
G01 X89.8691Y73.7701
G01 X89.8584Y73.8001
G01 X89.8537Y73.8204
G01 X89.8517Y73.8338
G01 X89.8500Y73.8607
G01 X89.8500Y79.0018
G01 X89.8517Y79.0287
G01 X89.8535Y79.0408
G01 X89.8584Y79.0624
G01 X89.8691Y79.0924
G01 X89.8790Y79.1121
G01 X89.8908Y79.1308
G01 X89.8981Y79.1407
G01 X89.9125Y79.1573
G01 X89.9286Y79.1725
G01 X89.9542Y79.1915
G01 X89.9647Y79.1978
G01 X89.9844Y79.2077
G01 X90.0144Y79.2184
G01 X90.0311Y79.2225
G01 X90.1500Y79.2461
G01 X90.3684Y79.3366
G01 X90.5650Y79.4679
G01 X90.7321Y79.6350
G01 X90.8634Y79.8316
G01 X90.9539Y80.0500
G01 X91.0000Y80.2818
G01 X91.0000Y80.5182
G01 X90.9539Y80.7500
G01 X90.8634Y80.9684
G01 X90.7321Y81.1650
G01 X90.5650Y81.3321
G01 X90.3684Y81.4634
G01 X90.1500Y81.5539
G01 X89.9182Y81.6000
G01 X89.6818Y81.6000
G01 X89.4500Y81.5539
G01 X89.2316Y81.4634
G01 X89.0350Y81.3321
G01 X88.8679Y81.1650
G01 X88.7366Y80.9684
G01 X88.6892Y80.8545
G01 X88.6794Y80.8347
G01 X88.6681Y80.8167
G01 X88.6603Y80.8062
G01 X88.6425Y80.7860
G01 X88.5341Y80.6776
G01 X88.5139Y80.6598
G01 X88.4959Y80.6470
G01 X88.4767Y80.6361
G01 X88.4565Y80.6271
G01 X88.4450Y80.6229
G01 X88.4237Y80.6171
G01 X88.3922Y80.6124
G01 X88.3701Y80.6118
G01 X88.3481Y80.6134
G01 X88.3360Y80.6152
G01 X88.3144Y80.6201
G01 X88.2844Y80.6308
G01 X88.2647Y80.6407
G01 X88.2467Y80.6520
G01 X88.2361Y80.6598
G01 X88.2195Y80.6742
G01 X88.2043Y80.6903
G01 X88.1908Y80.7077
G01 X88.1790Y80.7264
G01 X88.1691Y80.7461
G01 X88.1612Y80.7667
G01 X88.1554Y80.7880
G01 X88.1517Y80.8098
G01 X88.1500Y80.8367
G01 X88.1500Y83.2680
G01 X88.1517Y83.2949
G01 X88.1554Y83.3167
G01 X88.1584Y83.3286
G01 X88.1654Y83.3495
G01 X88.1744Y83.3697
G01 X88.1853Y83.3888
G01 X88.1981Y83.4069
G01 X88.2125Y83.4235
G01 X88.2361Y83.4449
G01 X88.2542Y83.4577
G01 X88.2733Y83.4686
G01 X88.2935Y83.4776
G01 X88.3144Y83.4846
G01 X88.3343Y83.4893
G01 X88.3481Y83.4913
G01 X88.3701Y83.4929
G01 X88.4019Y83.4913
G01 X88.4237Y83.4876
G01 X88.4450Y83.4818
G01 X88.4656Y83.4739
G01 X88.4853Y83.4640
G01 X88.5040Y83.4522
G01 X88.5139Y83.4449
G01 X88.5306Y83.4305
G01 X88.5457Y83.4144
G01 X88.5621Y83.3930
G01 X88.7102Y83.1713
G01 X88.8913Y82.9902
G01 X89.1042Y82.8480
G01 X89.3408Y82.7500
G01 X89.5920Y82.7000
G01 X89.8480Y82.7000
G01 X90.0992Y82.7500
G01 X90.3358Y82.8480
G01 X90.5487Y82.9902
G01 X90.7298Y83.1713
G01 X90.8720Y83.3842
G01 X90.9700Y83.6208
G01 X91.0200Y83.8720
G01 X91.0200Y84.1280
G01 X90.9700Y84.3792
G01 X90.8720Y84.6158
G01 X90.7298Y84.8287
G01 X90.5487Y85.0098
G01 X90.4392Y85.0829
G01 X90.4254Y85.0931
G01 X90.4018Y85.1145
G01 X90.3873Y85.1311
G01 X90.3745Y85.1491
G01 X90.3636Y85.1683
G01 X90.3546Y85.1885
G01 X90.3476Y85.2094
G01 X90.3429Y85.2297
G01 X90.3400Y85.2528
G01 X90.3394Y85.2749
G01 X90.3409Y85.2969
G01 X90.3427Y85.3091
G01 X90.3476Y85.3306
G01 X90.3546Y85.3515
G01 X90.3636Y85.3717
G01 X90.3795Y85.3984
G01 X90.3873Y85.4089
G01 X90.4018Y85.4255
G01 X90.4178Y85.4407
G01 X90.4352Y85.4543
G01 X90.5487Y85.5302
G01 X90.7298Y85.7113
G01 X90.8029Y85.8208
G01 X90.8131Y85.8346
G01 X90.8275Y85.8513
G01 X90.8511Y85.8727
G01 X90.8691Y85.8855
G01 X90.8797Y85.8918
G01 X90.8994Y85.9016
G01 X90.9200Y85.9095
G01 X90.9413Y85.9154
G01 X90.9631Y85.9191
G01 X90.9851Y85.9206
G01 X91.0169Y85.9191
G01 X91.0387Y85.9154
G01 X91.0506Y85.9124
G01 X91.0715Y85.9054
G01 X91.0917Y85.8964
G01 X91.1184Y85.8805
G01 X91.1289Y85.8727
G01 X91.1455Y85.8582
G01 X91.1669Y85.8346
G01 X91.1771Y85.8208
G01 X91.2502Y85.7113
G01 X91.4313Y85.5302
G01 X91.6442Y85.3880
G01 X91.8808Y85.2900
G01 X92.1320Y85.2400
G01 X92.3880Y85.2400
G01 X92.6392Y85.2900
G01 X92.8758Y85.3880
G01 X93.0887Y85.5302
G01 X93.2698Y85.7113
G01 X93.3457Y85.8248
G01 X93.3593Y85.8422
G01 X93.3745Y85.8582
G01 X93.3835Y85.8665
G01 X93.4091Y85.8855
G01 X93.4197Y85.8918
G01 X93.4394Y85.9016
G01 X93.4600Y85.9095
G01 X93.4813Y85.9154
G01 X93.5128Y85.9200
G01 X93.5349Y85.9206
G01 X93.5569Y85.9191
G01 X93.5691Y85.9173
G01 X93.5906Y85.9124
G01 X93.6115Y85.9054
G01 X93.6317Y85.8964
G01 X93.6509Y85.8855
G01 X93.6689Y85.8727
G01 X93.6855Y85.8582
G01 X93.7069Y85.8346
G01 X93.7171Y85.8208
G01 X93.7902Y85.7113
G01 X93.9713Y85.5302
G01 X94.1431Y85.4154
G01 X94.1646Y85.3991
G01 X94.1806Y85.3839
G01 X94.1951Y85.3672
G01 X94.2024Y85.3574
G01 X94.2141Y85.3387
G01 X94.2277Y85.3099
G01 X94.2319Y85.2983
G01 X94.2377Y85.2770
G01 X94.2414Y85.2553
G01 X94.2430Y85.2234
G01 X94.2414Y85.2014
G01 X94.2396Y85.1893
G01 X94.2319Y85.1584
G01 X94.2277Y85.1468
G01 X94.2187Y85.1267
G01 X94.2078Y85.1075
G01 X94.1951Y85.0895
G01 X94.1736Y85.0659
G01 X94.1608Y85.0544
G01 X94.1250Y85.0250
G01 X94.0063Y84.8803
G01 X93.9181Y84.7153
G01 X93.8637Y84.5362
G01 X93.8500Y84.3967
G01 X93.8500Y83.6033
G01 X93.8637Y83.4638
G01 X93.9181Y83.2847
G01 X94.0063Y83.1197
G01 X94.0292Y83.0905
G01 X94.0456Y83.0632
G01 X94.0509Y83.0521
G01 X94.0588Y83.0315
G01 X94.0663Y83.0018
G01 X94.0693Y82.9787
G01 X94.0700Y82.9615
G01 X94.0700Y82.3995
G01 X94.0689Y82.3774
G01 X94.0664Y82.3516
G01 X94.0808Y82.2046
G01 X94.1237Y82.0632
G01 X94.1934Y81.9329
G01 X94.2871Y81.8187
G01 X94.3072Y81.8022
G01 X94.3235Y81.7874
G01 X95.3074Y80.8033
G01 X95.3157Y80.7942
G01 X95.3292Y80.7768
G01 X95.3410Y80.7581
G01 X95.3508Y80.7384
G01 X95.3587Y80.7178
G01 X95.3646Y80.6965
G01 X95.3692Y80.6649
G01 X95.3700Y80.6478
G01 X95.3700Y71.7623
G01 X95.3683Y71.7354
G01 X95.3665Y71.7232
G01 X95.3616Y71.7017
G01 X95.3546Y71.6808
G01 X95.3456Y71.6606
G01 X95.3297Y71.6339
G01 X95.3157Y71.6158
G01 X95.3040Y71.6032
G01 X92.2035Y68.5027
G01 X92.1872Y68.4878
G01 X92.1671Y68.4714
G01 X92.0734Y68.3572
G01 X92.0037Y68.2269
G01 X91.9608Y68.0855
G01 X91.9464Y67.9385
G01 X91.9489Y67.9126
G01 X91.9500Y67.8906
G01 X91.9500Y66.1039
G01 X91.9493Y66.0867
G01 X91.9465Y66.0648
G01 X91.9416Y66.0433
G01 X91.9346Y66.0223
G01 X91.9256Y66.0022
G01 X91.9147Y65.9830
G01 X91.9019Y65.9650
G01 X91.8841Y65.9448
G01 X91.4522Y65.5129
G01 X91.4320Y65.4950
G01 X91.4221Y65.4877
G01 X91.4035Y65.4760
G01 X91.3837Y65.4661
G01 X91.3631Y65.4582
G01 X91.3533Y65.4553
G01 X91.1316Y65.3634
G01 X90.9350Y65.2321
G01 X90.7679Y65.0650
G01 X90.6366Y64.8684
G01 X90.5461Y64.6500
G01 X90.5000Y64.4182
G01 X90.5000Y64.1818
G01 X90.5461Y63.9500
G01 X90.6366Y63.7316
G01 X90.7679Y63.5350
G01 X90.9350Y63.3679
G01 X91.1316Y63.2366
G01 X91.3500Y63.1461
G01 X91.5818Y63.1000
G01 X91.8182Y63.1000
G01 X92.0500Y63.1461
G01 X92.2684Y63.2366
G01 X92.4650Y63.3679
G01 X92.6321Y63.5350
G01 X92.6629Y63.5812
G01 X92.6731Y63.5950
G01 X92.6875Y63.6117
G01 X92.7111Y63.6331
G01 X92.7210Y63.6404
G01 X92.7397Y63.6522
G01 X92.7594Y63.6620
G01 X92.7800Y63.6699
G01 X92.8013Y63.6758
G01 X92.8231Y63.6795
G01 X92.8549Y63.6810
G01 X92.8769Y63.6795
G01 X92.8987Y63.6758
G01 X92.9106Y63.6728
G01 X92.9315Y63.6658
G01 X92.9603Y63.6522
G01 X92.9784Y63.6409
G01 X92.9889Y63.6331
G01 X93.0125Y63.6117
G01 X93.0269Y63.5950
G01 X93.0371Y63.5812
G01 X93.0679Y63.5350
G01 X93.2350Y63.3679
G01 X93.4316Y63.2366
G01 X93.6500Y63.1461
G01 X93.8818Y63.1000
G01 X94.1182Y63.1000
G01 X94.3500Y63.1461
G01 X94.5684Y63.2366
G01 X94.7650Y63.3679
G01 X94.9321Y63.5350
G01 X94.9629Y63.5812
G01 X94.9731Y63.5950
G01 X94.9875Y63.6117
G01 X95.0111Y63.6331
G01 X95.0210Y63.6404
G01 X95.0397Y63.6522
G01 X95.0594Y63.6620
G01 X95.0800Y63.6699
G01 X95.1013Y63.6758
G01 X95.1231Y63.6795
G01 X95.1549Y63.6810
G01 X95.1769Y63.6795
G01 X95.1987Y63.6758
G01 X95.2106Y63.6728
G01 X95.2315Y63.6658
G01 X95.2603Y63.6522
G01 X95.2784Y63.6409
G01 X95.2889Y63.6331
G01 X95.3125Y63.6117
G01 X95.3269Y63.5950
G01 X95.3371Y63.5812
G01 X95.3679Y63.5350
G01 X95.5350Y63.3679
G01 X95.7316Y63.2366
G01 X95.9500Y63.1461
G01 X96.1818Y63.1000
G01 X96.4182Y63.1000
G01 X96.6500Y63.1461
G01 X96.8684Y63.2366
G01 X97.0650Y63.3679
G01 X97.2321Y63.5350
G01 X97.2507Y63.5627
G01 X97.2643Y63.5801
G01 X97.2794Y63.5962
G01 X97.2885Y63.6044
G01 X97.3060Y63.6179
G01 X97.3333Y63.6343
G01 X97.3535Y63.6433
G01 X97.3744Y63.6503
G01 X97.3943Y63.6550
G01 X97.4081Y63.6570
G01 X97.4399Y63.6586
G01 X97.4521Y63.6580
G01 X97.4740Y63.6552
G01 X97.5050Y63.6475
G01 X97.5256Y63.6396
G01 X97.5453Y63.6297
G01 X97.5633Y63.6184
G01 X97.5739Y63.6106
G01 X97.5905Y63.5962
G01 X97.6057Y63.5801
G01 X97.6192Y63.5627
G01 X97.6379Y63.5350
G01 X97.8050Y63.3679
G01 X98.0016Y63.2366
G01 X98.2199Y63.1461
G01 X98.4518Y63.1000
G01 X98.6882Y63.1000
G01 X98.9200Y63.1461
G01 X99.1384Y63.2366
G01 X99.3349Y63.3679
G01 X99.5033Y63.5362
G01 X99.5143Y63.5503
G01 X99.5294Y63.5663
G01 X99.5461Y63.5808
G01 X99.5560Y63.5881
G01 X99.5833Y63.6044
G01 X99.5944Y63.6097
G01 X99.6150Y63.6176
G01 X99.6363Y63.6234
G01 X99.6581Y63.6271
G01 X99.6899Y63.6287
G01 X99.7119Y63.6271
G01 X99.7240Y63.6253
G01 X99.7550Y63.6176
G01 X99.7665Y63.6134
G01 X99.7867Y63.6044
G01 X99.8133Y63.5885
G01 X99.8239Y63.5808
G01 X99.8405Y63.5663
G01 X99.8557Y63.5503
G01 X99.8667Y63.5362
G01 X100.0350Y63.3679
G01 X100.2316Y63.2366
G01 X100.4500Y63.1461
G01 X100.6818Y63.1000
G01 X100.9182Y63.1000
G01 X101.1500Y63.1461
G01 X101.3684Y63.2366
G01 X101.5650Y63.3679
G01 X101.7321Y63.5350
G01 X101.8634Y63.7316
G01 X101.9539Y63.9500
G01 X102.0000Y64.1818
G01 X102.0000Y64.4182
G01 X101.9539Y64.6500
G01 X101.8634Y64.8684
G01 X101.7321Y65.0650
G01 X101.5650Y65.2321
G01 X101.3684Y65.3634
G01 X101.1500Y65.4539
G01 X100.9281Y65.4980
G01 X100.9114Y65.5021
G01 X100.8904Y65.5091
G01 X100.8703Y65.5181
G01 X100.8511Y65.5290
G01 X100.8331Y65.5418
G01 X100.8095Y65.5632
G01 X100.7893Y65.5867
G01 X100.5359Y65.8400
G01 X100.5243Y65.8527
G01 X100.5053Y65.8783
G01 X100.4990Y65.8888
G01 X100.4891Y65.9085
G01 X100.4812Y65.9292
G01 X100.4754Y65.9505
G01 X100.4707Y65.9820
G01 X100.4700Y65.9991
G01 X100.4700Y81.3056
G01 X100.4717Y81.3325
G01 X100.4754Y81.3543
G01 X100.4812Y81.3756
G01 X100.4853Y81.3871
G01 X100.4943Y81.4073
G01 X100.5102Y81.4339
G01 X100.5243Y81.4520
G01 X100.5394Y81.4681
G01 X100.5485Y81.4763
G01 X100.5660Y81.4898
G01 X100.5933Y81.5062
G01 X100.6044Y81.5115
G01 X100.6250Y81.5194
G01 X100.6463Y81.5252
G01 X100.6681Y81.5289
G01 X100.6999Y81.5305
G01 X100.7219Y81.5289
G01 X100.7340Y81.5271
G01 X100.7650Y81.5194
G01 X100.7765Y81.5152
G01 X100.7967Y81.5062
G01 X100.8158Y81.4953
G01 X100.8338Y81.4825
G01 X100.8541Y81.4647
G01 X102.2816Y80.0371
G01 X102.2965Y80.0208
G01 X102.3114Y80.0026
G01 X102.4179Y79.9151
G01 X102.5396Y79.8501
G01 X102.6715Y79.8101
G01 X102.8087Y79.7966
G01 X102.8321Y79.7989
G01 X102.8542Y79.8000
G01 X106.7869Y79.8000
G01 X106.8138Y79.7983
G01 X106.8355Y79.7946
G01 X106.8568Y79.7888
G01 X106.8775Y79.7809
G01 X106.8972Y79.7710
G01 X106.9152Y79.7597
G01 X106.9333Y79.7457
G01 X106.9460Y79.7341
G01 X107.3241Y79.3560
G01 X107.3357Y79.3433
G01 X107.3493Y79.3259
G01 X107.3656Y79.2985
G01 X107.3746Y79.2784
G01 X107.3816Y79.2574
G01 X107.3863Y79.2371
G01 X107.3893Y79.2140
G01 X107.3900Y79.1969
G01 X107.3900Y78.9618
G01 X107.4361Y78.7300
G01 X107.5266Y78.5116
G01 X107.6579Y78.3150
G01 X107.8250Y78.1479
G01 X108.0216Y78.0166
G01 X108.2400Y77.9261
G01 X108.4718Y77.8800
G01 X108.7082Y77.8800
G01 X108.9400Y77.9261
G01 X109.1584Y78.0166
G01 X109.3550Y78.1479
G01 X109.5221Y78.3150
G01 X109.6534Y78.5116
G01 X109.7439Y78.7300
G01 X109.7900Y78.9618
G01 X109.7900Y79.1982
G01 X109.7439Y79.4300
G01 X109.6534Y79.6484
G01 X109.5221Y79.8450
G01 X109.3550Y80.0121
G01 X109.1584Y80.1434
G01 X108.9400Y80.2339
G01 X108.7082Y80.2800
G01 X108.4731Y80.2800
G01 X108.4560Y80.2807
G01 X108.4341Y80.2835
G01 X108.4126Y80.2884
G01 X108.3826Y80.2991
G01 X108.3628Y80.3090
G01 X108.3448Y80.3203
G01 X108.3343Y80.3281
G01 X108.3176Y80.3425
G01 X108.0407Y80.6195
G01 X108.0262Y80.6361
G01 X108.0189Y80.6460
G01 X108.0071Y80.6647
G01 X107.9935Y80.6935
G01 X107.9865Y80.7144
G01 X107.9818Y80.7347
G01 X107.9798Y80.7481
G01 X107.9783Y80.7701
G01 X107.9789Y80.7922
G01 X107.9816Y80.8141
G01 X107.9865Y80.8356
G01 X107.9973Y80.8656
G01 X108.0025Y80.8767
G01 X108.0134Y80.8959
G01 X108.0262Y80.9139
G01 X108.0407Y80.9305
G01 X108.0567Y80.9457
G01 X108.0741Y80.9593
G01 X108.1015Y80.9756
G01 X108.1126Y80.9809
G01 X108.1332Y80.9888
G01 X108.1545Y80.9946
G01 X108.1762Y80.9983
G01 X108.2032Y81.0000
G01 X117.1751Y81.0000
G01 X117.1922Y80.9993
G01 X117.2141Y80.9965
G01 X117.2356Y80.9916
G01 X117.2566Y80.9846
G01 X117.2767Y80.9756
G01 X117.2959Y80.9647
G01 X117.3139Y80.9519
G01 X117.3375Y80.9305
G01 X117.3520Y80.9139
G01 X117.3593Y80.9040
G01 X117.3757Y80.8767
G01 X117.3829Y80.8611
G01 X117.4366Y80.7316
G01 X117.5679Y80.5350
G01 X117.7350Y80.3679
G01 X117.9316Y80.2366
G01 X118.1500Y80.1461
G01 X118.3818Y80.1000
G01 X118.6182Y80.1000
G01 X118.8500Y80.1461
G01 X119.0684Y80.2366
G01 X119.2650Y80.3679
G01 X119.4321Y80.5350
G01 X119.5634Y80.7316
G01 X119.6539Y80.9500
G01 X119.7000Y81.1818
G01 X119.7000Y81.4182
G01 X119.6539Y81.6500
G01 X119.5634Y81.8684
G01 X119.4321Y82.0650
G01 X119.3314Y82.1657
G01 X119.3198Y82.1783
G01 X119.3008Y82.2039
G01 X119.2899Y82.2231
G01 X119.2846Y82.2342
G01 X119.2767Y82.2548
G01 X119.2709Y82.2761
G01 X119.2672Y82.2978
G01 X119.2656Y82.3198
G01 X119.2662Y82.3419
G01 X119.2690Y82.3638
G01 X119.2739Y82.3853
G01 X119.2846Y82.4153
G01 X119.2899Y82.4264
G01 X119.3008Y82.4456
G01 X119.3198Y82.4712
G01 X119.3350Y82.4872
G01 X119.3440Y82.4955
G01 X119.3696Y82.5145
G01 X119.3888Y82.5254
G01 X119.4090Y82.5344
G01 X119.4299Y82.5414
G01 X119.4500Y82.5461
G01 X119.6684Y82.6366
G01 X119.8650Y82.7679
G01 X120.0321Y82.9350
G01 X120.1634Y83.1316
G01 X120.2539Y83.3500
G01 X120.3000Y83.5818
G01 X120.3000Y83.8182
G01 X120.2539Y84.0500
G01 X120.1634Y84.2684
G01 X120.0321Y84.4650
G01 X119.8650Y84.6321
G01 X119.6684Y84.7634
G01 X119.4500Y84.8539
G01 X119.2182Y84.9000
G01 X118.9818Y84.9000
G01 X118.7500Y84.8539
G01 X118.5316Y84.7634
G01 X118.4186Y84.6879
G01 X118.4039Y84.6790
G01 X118.3842Y84.6691
G01 X118.3636Y84.6612
G01 X118.3423Y84.6554
G01 X118.3205Y84.6517
G01 X118.2936Y84.6500
G01 X106.2045Y84.6501
G01 X106.1825Y84.6517
G01 X106.1608Y84.6554
G01 X106.1489Y84.6584
G01 X106.1279Y84.6654
G01 X106.0991Y84.6790
G01 X106.0811Y84.6903
G01 X106.0706Y84.6981
G01 X106.0470Y84.7195
G01 X106.0325Y84.7361
G01 X106.0224Y84.7500
G01 X105.9698Y84.8287
G01 X105.7887Y85.0098
G01 X105.5758Y85.1520
G01 X105.3392Y85.2500
G01 X105.0880Y85.3000
G01 X104.8320Y85.3000
G01 X104.5808Y85.2500
G01 X104.3442Y85.1520
G01 X104.1313Y85.0098
G01 X103.9502Y84.8287
G01 X103.8080Y84.6158
G01 X103.7739Y84.5336
G01 X103.7621Y84.5094
G01 X103.7508Y84.4914
G01 X103.7430Y84.4809
G01 X103.7216Y84.4572
G01 X103.7049Y84.4428
G01 X103.6951Y84.4355
G01 X103.6764Y84.4237
G01 X103.6476Y84.4101
G01 X103.6266Y84.4031
G01 X103.6051Y84.3982
G01 X103.5930Y84.3964
G01 X103.5710Y84.3948
G01 X103.5489Y84.3954
G01 X103.5174Y84.4001
G01 X103.4961Y84.4060
G01 X103.4755Y84.4138
G01 X103.4557Y84.4237
G01 X103.4377Y84.4350
G01 X103.4196Y84.4490
G01 X103.4036Y84.4642
G01 X103.3891Y84.4809
G01 X103.3763Y84.4989
G01 X103.3700Y84.5094
G01 X103.3602Y84.5291
G01 X103.3523Y84.5498
G01 X103.3019Y84.7153
G01 X103.2137Y84.8803
G01 X103.0950Y85.0250
G01 X103.0592Y85.0544
G01 X103.0464Y85.0659
G01 X103.0250Y85.0895
G01 X103.0122Y85.1075
G01 X103.0013Y85.1267
G01 X102.9923Y85.1468
G01 X102.9881Y85.1584
G01 X102.9823Y85.1797
G01 X102.9776Y85.2112
G01 X102.9770Y85.2234
G01 X102.9776Y85.2455
G01 X102.9823Y85.2770
G01 X102.9881Y85.2983
G01 X102.9960Y85.3189
G01 X103.0059Y85.3387
G01 X103.0172Y85.3567
G01 X103.0250Y85.3672
G01 X103.0394Y85.3839
G01 X103.0554Y85.3991
G01 X103.0769Y85.4154
G01 X103.2487Y85.5302
G01 X103.4298Y85.7113
G01 X103.5720Y85.9242
G01 X103.6700Y86.1608
G01 X103.7200Y86.4120
G01 X103.7200Y86.6680
G01 X103.6700Y86.9192
G01 X103.5720Y87.1558
G01 X103.4298Y87.3687
G01 X103.2487Y87.5498
G01 X103.0358Y87.6920
G01 X102.7992Y87.7900
G01 X102.5480Y87.8400
G01 X102.2920Y87.8400
G01 X102.0408Y87.7900
G01 X101.8042Y87.6920
G01 X101.5913Y87.5498
G01 X101.4102Y87.3687
G01 X101.3371Y87.2592
G01 X101.3269Y87.2454
G01 X101.3055Y87.2218
G01 X101.2889Y87.2073
G01 X101.2790Y87.2000
G01 X101.2603Y87.1882
G01 X101.2406Y87.1784
G01 X101.2200Y87.1705
G01 X101.1903Y87.1629
G01 X101.1769Y87.1609
G01 X101.1549Y87.1594
G01 X101.1328Y87.1600
G01 X101.1109Y87.1627
G01 X101.0800Y87.1705
G01 X101.0594Y87.1784
G01 X101.0397Y87.1882
G01 X101.0216Y87.1995
G01 X101.0111Y87.2073
G01 X100.9945Y87.2218
G01 X100.9731Y87.2454
G01 X100.9629Y87.2592
G01 X100.8898Y87.3687
G01 X100.7087Y87.5498
G01 X100.4958Y87.6920
G01 X100.2592Y87.7900
G01 X100.0080Y87.8400
G01 X99.7520Y87.8400
G01 X99.5008Y87.7900
G01 X99.2642Y87.6920
G01 X99.0513Y87.5498
G01 X98.8702Y87.3687
G01 X98.7971Y87.2592
G01 X98.7869Y87.2454
G01 X98.7655Y87.2218
G01 X98.7489Y87.2073
G01 X98.7390Y87.2000
G01 X98.7203Y87.1882
G01 X98.7006Y87.1784
G01 X98.6800Y87.1705
G01 X98.6503Y87.1629
G01 X98.6369Y87.1609
G01 X98.6149Y87.1594
G01 X98.5928Y87.1600
G01 X98.5709Y87.1627
G01 X98.5400Y87.1705
G01 X98.5194Y87.1784
G01 X98.4997Y87.1882
G01 X98.4816Y87.1995
G01 X98.4711Y87.2073
G01 X98.4545Y87.2218
G01 X98.4331Y87.2454
G01 X98.4229Y87.2592
G01 X98.3498Y87.3687
G01 X98.1687Y87.5498
G01 X97.9558Y87.6920
G01 X97.7192Y87.7900
G01 X97.4680Y87.8400
G01 X97.2120Y87.8400
G01 X96.9608Y87.7900
G01 X96.7242Y87.6920
G01 X96.5113Y87.5498
G01 X96.3302Y87.3687
G01 X96.2571Y87.2592
G01 X96.2469Y87.2454
G01 X96.2255Y87.2218
G01 X96.2089Y87.2073
G01 X96.1990Y87.2000
G01 X96.1803Y87.1882
G01 X96.1606Y87.1784
G01 X96.1400Y87.1705
G01 X96.1103Y87.1629
G01 X96.0969Y87.1609
G01 X96.0749Y87.1594
G01 X96.0528Y87.1600
G01 X96.0309Y87.1627
G01 X96.0000Y87.1705
G01 X95.9794Y87.1784
G01 X95.9597Y87.1882
G01 X95.9416Y87.1995
G01 X95.9311Y87.2073
G01 X95.9145Y87.2218
G01 X95.8931Y87.2454
G01 X95.8829Y87.2592
G01 X95.8098Y87.3687
G01 X95.6287Y87.5498
G01 X95.4158Y87.6920
G01 X95.1792Y87.7900
G01 X94.9280Y87.8400
G01 X94.6720Y87.8400
G01 X94.4208Y87.7900
G01 X94.1842Y87.6920
G01 X93.9713Y87.5498
G01 X93.7902Y87.3687
G01 X93.7171Y87.2592
G01 X93.7069Y87.2454
G01 X93.6855Y87.2218
G01 X93.6689Y87.2073
G01 X93.6590Y87.2000
G01 X93.6403Y87.1882
G01 X93.6206Y87.1784
G01 X93.6000Y87.1705
G01 X93.5703Y87.1629
G01 X93.5569Y87.1609
G01 X93.5349Y87.1594
G01 X93.5128Y87.1600
G01 X93.4909Y87.1627
G01 X93.4600Y87.1705
G01 X93.4394Y87.1784
G01 X93.4197Y87.1882
G01 X93.4016Y87.1995
G01 X93.3911Y87.2073
G01 X93.3745Y87.2218
G01 X93.3531Y87.2454
G01 X93.3429Y87.2592
G01 X93.2698Y87.3687
G01 X93.0887Y87.5498
G01 X92.8758Y87.6920
G01 X92.6392Y87.7900
G01 X92.3880Y87.8400
G01 X92.1320Y87.8400
G01 X91.8808Y87.7900
G01 X91.6442Y87.6920
G01 X91.4313Y87.5498
G01 X91.2502Y87.3687
G01 X91.1771Y87.2592
G01 X91.1669Y87.2454
G01 X91.1455Y87.2218
G01 X91.1289Y87.2073
G01 X91.1190Y87.2000
G01 X91.1003Y87.1882
G01 X91.0806Y87.1784
G01 X91.0600Y87.1705
G01 X91.0303Y87.1629
G01 X91.0169Y87.1609
G01 X90.9949Y87.1594
G01 X90.9728Y87.1600
G01 X90.9509Y87.1627
G01 X90.9294Y87.1676
G01 X90.9085Y87.1746
G01 X90.8883Y87.1836
G01 X90.8691Y87.1945
G01 X90.8435Y87.2135
G01 X90.8275Y87.2287
G01 X90.8193Y87.2378
G01 X90.8057Y87.2552
G01 X90.7298Y87.3687
G01 X90.5487Y87.5498
G01 X90.3358Y87.6920
G01 X90.0992Y87.7900
G01 X89.8480Y87.8400
G01 X89.5920Y87.8400
G01 X89.3408Y87.7900
G01 X89.1042Y87.6920
G01 X88.8913Y87.5498
G01 X88.7102Y87.3687
G01 X88.5680Y87.1558
G01 X88.4700Y86.9192
G01 X88.4200Y86.6680
G01 X88.4200Y86.4120
G01 X88.4700Y86.1608
G01 X88.5680Y85.9242
G01 X88.7102Y85.7113
G01 X88.8913Y85.5302
G01 X89.0048Y85.4543
G01 X89.0222Y85.4407
G01 X89.0382Y85.4255
G01 X89.0465Y85.4165
G01 X89.0600Y85.3990
G01 X89.0718Y85.3803
G01 X89.0816Y85.3606
G01 X89.0895Y85.3400
G01 X89.0954Y85.3187
G01 X89.0991Y85.2969
G01 X89.1006Y85.2749
G01 X89.1000Y85.2528
G01 X89.0954Y85.2213
G01 X89.0895Y85.2000
G01 X89.0816Y85.1794
G01 X89.0718Y85.1597
G01 X89.0605Y85.1416
G01 X89.0527Y85.1311
G01 X89.0382Y85.1145
G01 X89.0222Y85.0993
G01 X89.0048Y85.0857
G01 X88.8913Y85.0098
G01 X88.7102Y84.8287
G01 X88.5680Y84.6158
G01 X88.5339Y84.5336
G01 X88.5267Y84.5180
G01 X88.5108Y84.4914
G01 X88.4968Y84.4733
G01 X88.4816Y84.4572
G01 X88.4649Y84.4428
G01 X88.4469Y84.4300
G01 X88.4277Y84.4191
G01 X88.4076Y84.4101
G01 X88.3866Y84.4031
G01 X88.3663Y84.3984
G01 X88.3432Y84.3954
G01 X88.3211Y84.3948
G01 X88.2991Y84.3964
G01 X88.2870Y84.3982
G01 X88.2655Y84.4031
G01 X88.2445Y84.4101
G01 X88.2244Y84.4191
G01 X88.1977Y84.4350
G01 X88.1796Y84.4490
G01 X88.1636Y84.4642
G01 X88.1491Y84.4809
G01 X88.1418Y84.4907
G01 X88.1300Y84.5094
G01 X88.1202Y84.5291
G01 X88.1107Y84.5544
G01 X88.0619Y84.7153
G01 X87.9737Y84.8803
G01 X87.8550Y85.0250
G01 X87.7103Y85.1437
G01 X87.5453Y85.2319
G01 X87.3662Y85.2863
G01 X87.1800Y85.3046
G01 X86.9938Y85.2863
G01 X86.8147Y85.2319
G01 X86.7159Y85.1792
G01 X86.7005Y85.1717
G01 X86.6705Y85.1610
G01 X86.6506Y85.1563
G01 X86.6368Y85.1543
G01 X86.6148Y85.1527
G01 X86.5927Y85.1533
G01 X86.5708Y85.1561
G01 X86.5399Y85.1638
G01 X86.5193Y85.1717
G01 X86.4995Y85.1816
G01 X86.4815Y85.1928
G01 X86.4710Y85.2006
G01 X86.4543Y85.2151
G01 X86.4329Y85.2387
G01 X86.4202Y85.2567
G01 X86.4092Y85.2759
G01 X86.4002Y85.2961
G01 X86.3933Y85.3170
G01 X86.3886Y85.3369
G01 X86.3860Y85.3555
G01 X86.3828Y85.3880
G01 X86.3542Y85.4823
G01 X86.3077Y85.5691
G01 X86.2453Y85.6453
G01 X86.2184Y85.6687
G01 X85.9479Y85.9392
G01 X85.9363Y85.9518
G01 X85.9228Y85.9693
G01 X85.9110Y85.9880
G01 X85.9011Y86.0077
G01 X85.8932Y86.0283
G01 X85.8857Y86.0580
G01 X85.8827Y86.0811
G01 X85.8821Y86.1032
G01 X85.8837Y86.1252
G01 X85.8863Y86.1422
G01 X85.9400Y86.4120
G01 X85.9400Y86.6680
G01 X85.8900Y86.9192
G01 X85.7920Y87.1558
G01 X85.6498Y87.3687
G01 X85.4687Y87.5498
G01 X85.2558Y87.6920
G01 X85.0192Y87.7900
G01 X84.7680Y87.8400
G01 X84.5120Y87.8400
G01 X84.2608Y87.7900
G01 X84.0242Y87.6920
G01 X83.8113Y87.5498
G01 X83.6302Y87.3687
G01 X83.5571Y87.2592
G01 X83.5469Y87.2454
G01 X83.5255Y87.2218
G01 X83.5089Y87.2073
G01 X83.4990Y87.2000
G01 X83.4803Y87.1882
G01 X83.4606Y87.1784
G01 X83.4400Y87.1705
G01 X83.4103Y87.1629
G01 X83.3969Y87.1609
G01 X83.3749Y87.1594
G01 X83.3528Y87.1600
G01 X83.3309Y87.1627
G01 X83.3000Y87.1705
G01 X83.2794Y87.1784
G01 X83.2597Y87.1882
G01 X83.2416Y87.1995
G01 X83.2311Y87.2073
G01 X83.2145Y87.2218
G01 X83.1931Y87.2454
G01 X83.1829Y87.2592
G01 X83.1098Y87.3687
G01 X82.9287Y87.5498
G01 X82.7158Y87.6920
G01 X82.4792Y87.7900
G01 X82.2280Y87.8400
G01 X81.9720Y87.8400
G01 X81.7208Y87.7900
G01 X81.4842Y87.6920
G01 X81.2713Y87.5498
G01 X81.0902Y87.3687
G01 X81.0171Y87.2592
G01 X81.0069Y87.2454
G01 X80.9855Y87.2218
G01 X80.9689Y87.2073
G01 X80.9590Y87.2000
G01 X80.9403Y87.1882
G01 X80.9206Y87.1784
G01 X80.9000Y87.1705
G01 X80.8703Y87.1629
G01 X80.8569Y87.1609
G01 X80.8349Y87.1594
G01 X80.8128Y87.1600
G01 X80.7909Y87.1627
G01 X80.7600Y87.1705
G01 X80.7394Y87.1784
G01 X80.7197Y87.1882
G01 X80.7016Y87.1995
G01 X80.6911Y87.2073
G01 X80.6745Y87.2218
G01 X80.6531Y87.2454
G01 X80.6429Y87.2592
G01 X80.5698Y87.3687
G01 X80.3887Y87.5498
G01 X80.1758Y87.6920
G01 X79.9392Y87.7900
G01 X79.6880Y87.8400
G01 X79.4320Y87.8400
G01 X79.1808Y87.7900
G01 X78.9442Y87.6920
G01 X78.7313Y87.5498
G01 X78.5502Y87.3687
G01 X78.4771Y87.2592
G01 X78.4669Y87.2454
G01 X78.4455Y87.2218
G01 X78.4289Y87.2073
G01 X78.4190Y87.2000
G01 X78.4003Y87.1882
G01 X78.3806Y87.1784
G01 X78.3600Y87.1705
G01 X78.3303Y87.1629
G01 X78.3169Y87.1609
G01 X78.2949Y87.1594
G01 X78.2728Y87.1600
G01 X78.2509Y87.1627
G01 X78.2200Y87.1705
G01 X78.1994Y87.1784
G01 X78.1797Y87.1882
G01 X78.1616Y87.1995
G01 X78.1511Y87.2073
G01 X78.1345Y87.2218
G01 X78.1131Y87.2454
G01 X78.1029Y87.2592
G01 X78.0298Y87.3687
G01 X77.8487Y87.5498
G01 X77.6358Y87.6920
G01 X77.3992Y87.7900
G01 X77.1480Y87.8400
G01 X76.8920Y87.8400
G01 X76.6408Y87.7900
G01 X76.4042Y87.6920
G01 X76.1913Y87.5498
G01 X76.0102Y87.3687
G01 X75.9371Y87.2592
G01 X75.9269Y87.2454
G01 X75.9055Y87.2218
G01 X75.8889Y87.2073
G01 X75.8790Y87.2000
G01 X75.8603Y87.1882
G01 X75.8406Y87.1784
G01 X75.8200Y87.1705
G01 X75.7903Y87.1629
G01 X75.7769Y87.1609
G01 X75.7549Y87.1594
G01 X75.7328Y87.1600
G01 X75.7109Y87.1627
G01 X75.6800Y87.1705
G01 X75.6594Y87.1784
G01 X75.6397Y87.1882
G01 X75.6216Y87.1995
G01 X75.6111Y87.2073
G01 X75.5945Y87.2218
G01 X75.5731Y87.2454
G01 X75.5629Y87.2592
G01 X75.4898Y87.3687
G01 X75.3087Y87.5498
G01 X75.0958Y87.6920
G01 X74.8592Y87.7900
G01 X74.6080Y87.8400
G01 X74.3520Y87.8400
G01 X74.1008Y87.7900
G01 X73.8642Y87.6920
G01 X73.6513Y87.5498
G01 X73.4702Y87.3687
G01 X73.3971Y87.2592
G01 X73.3869Y87.2454
G01 X73.3655Y87.2218
G01 X73.3489Y87.2073
G01 X73.3390Y87.2000
G01 X73.3203Y87.1882
G01 X73.3006Y87.1784
G01 X73.2800Y87.1705
G01 X73.2503Y87.1629
G01 X73.2369Y87.1609
G01 X73.2149Y87.1594
G01 X73.1928Y87.1600
G01 X73.1709Y87.1627
G01 X73.1400Y87.1705
G01 X73.1194Y87.1784
G01 X73.0997Y87.1882
G01 X73.0816Y87.1995
G01 X73.0711Y87.2073
G01 X73.0545Y87.2218
G01 X73.0331Y87.2454
G01 X73.0229Y87.2592
G01 X72.9498Y87.3687
G01 X72.7687Y87.5498
G01 X72.5558Y87.6920
G01 X72.3192Y87.7900
G01 X72.0680Y87.8400
G01 X71.8120Y87.8400
G01 X71.5608Y87.7900
G01 X71.3242Y87.6920
G01 X71.1113Y87.5498
G01 X70.9302Y87.3687
G01 X70.8571Y87.2592
G01 X70.8469Y87.2454
G01 X70.8255Y87.2218
G01 X70.8089Y87.2073
G01 X70.7990Y87.2000
G01 X70.7803Y87.1882
G01 X70.7606Y87.1784
G01 X70.7400Y87.1705
G01 X70.7103Y87.1629
G01 X70.6969Y87.1609
G01 X70.6749Y87.1594
G01 X70.6528Y87.1600
G01 X70.6309Y87.1627
G01 X70.6094Y87.1676
G01 X70.5885Y87.1746
G01 X70.5683Y87.1836
G01 X70.5491Y87.1945
G01 X70.5235Y87.2135
G01 X70.5075Y87.2287
G01 X70.4993Y87.2378
G01 X70.4857Y87.2552
G01 X70.4098Y87.3687
G01 X70.2287Y87.5498
G01 X70.0158Y87.6920
G01 X69.7792Y87.7900
G01 X69.5280Y87.8400
G01 X69.2720Y87.8400
G01 X69.0208Y87.7900
G01 X68.7842Y87.6920
G01 X68.5713Y87.5498
G01 X68.3902Y87.3687
G01 X68.2480Y87.1558
G01 X68.1500Y86.9192
G01 X68.1000Y86.6680
G01 X68.1000Y86.4120
G01 X68.1500Y86.1608
G01 X68.2480Y85.9242
G01 X68.3902Y85.7113
G01 X68.5713Y85.5302
G01 X68.6848Y85.4543
G01 X68.7022Y85.4407
G01 X68.7182Y85.4255
G01 X68.7265Y85.4165
G01 X68.7400Y85.3990
G01 X68.7518Y85.3803
G01 X68.7616Y85.3606
G01 X68.7695Y85.3400
G01 X68.7754Y85.3187
G01 X68.7791Y85.2969
G01 X68.7806Y85.2749
G01 X68.7800Y85.2528
G01 X68.7754Y85.2213
G01 X68.7695Y85.2000
G01 X68.7616Y85.1794
G01 X68.7518Y85.1597
G01 X68.7405Y85.1416
G01 X68.7327Y85.1311
G01 X68.7182Y85.1145
G01 X68.7022Y85.0993
G01 X68.6848Y85.0857
G01 X68.5713Y85.0098
G01 X68.3902Y84.8287
G01 X68.2480Y84.6158
G01 X68.2139Y84.5336
G01 X68.2067Y84.5180
G01 X68.1908Y84.4914
G01 X68.1768Y84.4733
G01 X68.1616Y84.4572
G01 X68.1449Y84.4428
G01 X68.1269Y84.4300
G01 X68.1077Y84.4191
G01 X68.0876Y84.4101
G01 X68.0666Y84.4031
G01 X68.0451Y84.3982
G01 X68.0330Y84.3964
G01 X68.0110Y84.3948
G01 X67.9889Y84.3954
G01 X67.9574Y84.4001
G01 X67.9361Y84.4060
G01 X67.9245Y84.4101
G01 X67.9044Y84.4191
G01 X67.8852Y84.4300
G01 X67.8672Y84.4428
G01 X67.8436Y84.4642
G01 X67.8291Y84.4809
G01 X67.8218Y84.4907
G01 X67.8100Y84.5094
G01 X67.7964Y84.5382
G01 X67.7907Y84.5544
G01 X67.7419Y84.7153
G01 X67.6537Y84.8803
G01 X67.5350Y85.0250
G01 X67.3903Y85.1437
G01 X67.2253Y85.2319
G01 X67.0462Y85.2863
G01 X66.8600Y85.3046
G01 X66.6738Y85.2863
G01 X66.4947Y85.2319
G01 X66.4252Y85.1949
G01 X66.4141Y85.1897
G01 X66.3934Y85.1818
G01 X66.3642Y85.1743
G01 X66.3406Y85.1713
G01 X66.3186Y85.1707
G01 X66.3063Y85.1713
G01 X66.2844Y85.1740
G01 X66.2629Y85.1789
G01 X66.2420Y85.1859
G01 X66.2218Y85.1949
G01 X66.1951Y85.2108
G01 X66.1770Y85.2248
G01 X66.1610Y85.2400
G01 X66.1465Y85.2567
G01 X66.1392Y85.2665
G01 X66.1275Y85.2852
G01 X66.1176Y85.3049
G01 X66.1082Y85.3302
G01 X66.0742Y85.4423
G01 X66.0277Y85.5291
G01 X65.9653Y85.6053
G01 X65.9384Y85.6287
G01 X65.6245Y85.9427
G01 X65.6101Y85.9594
G01 X65.5973Y85.9774
G01 X65.5864Y85.9966
G01 X65.5774Y86.0168
G01 X65.5704Y86.0377
G01 X65.5657Y86.0580
G01 X65.5637Y86.0714
G01 X65.5621Y86.0934
G01 X65.5627Y86.1154
G01 X65.5663Y86.1422
G01 X65.6200Y86.4120
G01 X65.6200Y86.6680
G01 X65.5700Y86.9192
G01 X65.4720Y87.1558
G01 X65.3298Y87.3687
G01 X65.1487Y87.5498
G01 X64.9358Y87.6920
G01 X64.6992Y87.7900
G01 X64.4480Y87.8400
G01 X64.1920Y87.8400
G01 X63.9408Y87.7900
G01 X63.7042Y87.6920
G01 X63.4913Y87.5498
G01 X63.3102Y87.3687
G01 X63.2343Y87.2552
G01 X63.2207Y87.2378
G01 X63.2055Y87.2218
G01 X63.1965Y87.2135
G01 X63.1790Y87.2000
G01 X63.1603Y87.1882
G01 X63.1406Y87.1784
G01 X63.1200Y87.1705
G01 X63.0987Y87.1646
G01 X63.0769Y87.1609
G01 X63.0451Y87.1594
G01 X63.0328Y87.1600
G01 X63.0109Y87.1627
G01 X62.9894Y87.1676
G01 X62.9685Y87.1746
G01 X62.9397Y87.1882
G01 X62.9216Y87.1995
G01 X62.9111Y87.2073
G01 X62.8945Y87.2218
G01 X62.8731Y87.2454
G01 X62.8629Y87.2592
G01 X62.7898Y87.3687
G01 X62.6087Y87.5498
G01 X62.3958Y87.6920
G01 X62.1592Y87.7900
G01 X61.9080Y87.8400
G01 X61.6520Y87.8400
G01 X61.4008Y87.7900
G01 X61.1642Y87.6920
G01 X60.9513Y87.5498
G01 X60.7702Y87.3687
G01 X60.6971Y87.2592
G01 X60.6869Y87.2454
G01 X60.6655Y87.2218
G01 X60.6489Y87.2073
G01 X60.6390Y87.2000
G01 X60.6203Y87.1882
G01 X60.6006Y87.1784
G01 X60.5800Y87.1705
G01 X60.5587Y87.1646
G01 X60.5369Y87.1609
G01 X60.5051Y87.1594
G01 X60.4928Y87.1600
G01 X60.4709Y87.1627
G01 X60.4494Y87.1676
G01 X60.4285Y87.1746
G01 X60.3997Y87.1882
G01 X60.3816Y87.1995
G01 X60.3711Y87.2073
G01 X60.3545Y87.2218
G01 X60.3331Y87.2454
G01 X60.3229Y87.2592
G01 X60.2498Y87.3687
G01 X60.0687Y87.5498
G01 X59.8558Y87.6920
G01 X59.6192Y87.7900
G01 X59.3680Y87.8400
G01 X59.1120Y87.8400
G01 X58.8608Y87.7900
G01 X58.6242Y87.6920
G01 X58.4113Y87.5498
G01 X58.2302Y87.3687
G01 X58.1571Y87.2592
G01 X58.1469Y87.2454
G01 X58.1255Y87.2218
G01 X58.1089Y87.2073
G01 X58.0990Y87.2000
G01 X58.0803Y87.1882
G01 X58.0606Y87.1784
G01 X58.0400Y87.1705
G01 X58.0187Y87.1646
G01 X57.9969Y87.1609
G01 X57.9651Y87.1594
G01 X57.9528Y87.1600
G01 X57.9309Y87.1627
G01 X57.9094Y87.1676
G01 X57.8885Y87.1746
G01 X57.8597Y87.1882
G01 X57.8416Y87.1995
G01 X57.8311Y87.2073
G01 X57.8145Y87.2218
G01 X57.7931Y87.2454
G01 X57.7829Y87.2592
G01 X57.7098Y87.3687
G01 X57.5287Y87.5498
G01 X57.3158Y87.6920
G01 X57.0792Y87.7900
G01 X56.8280Y87.8400
G01 X56.5720Y87.8400
G01 X56.3208Y87.7900
G01 X56.0842Y87.6920
G01 X55.8713Y87.5498
G01 X55.6902Y87.3687
G01 X55.5480Y87.1558
G01 X55.4500Y86.9192
G01 X55.4000Y86.6680
G01 X55.4000Y86.4120
G01 X55.4500Y86.1608
G01 X55.5480Y85.9242
G01 X55.6902Y85.7113
G01 X55.8713Y85.5302
G01 X55.9808Y85.4571
G01 X56.0021Y85.4406
G00 Z3.0000
G00 X55.5056Y86.4273
G01 Z-0.1600
G01 X55.5064Y86.4175
G01 X55.5224Y86.3095
G01 X55.5504Y86.1964
G01 X55.5896Y86.0854
G01 X55.6395Y85.9787
G01 X55.6996Y85.8775
G01 X55.7694Y85.7826
G01 X55.8481Y85.6950
G01 X55.9350Y85.6156
G01 X56.0300Y85.5446
G01 X56.1301Y85.4841
G01 X56.2363Y85.4333
G01 X56.3470Y85.3932
G01 X56.4611Y85.3641
G01 X56.5775Y85.3464
G01 X56.6951Y85.3401
G01 X56.8127Y85.3454
G01 X56.9305Y85.3624
G01 X57.0436Y85.3904
G01 X57.1546Y85.4296
G01 X57.2613Y85.4795
G01 X57.3625Y85.5396
G01 X57.4574Y85.6094
G01 X57.5450Y85.6881
G01 X57.6244Y85.7750
G01 X57.6954Y85.8700
G01 X57.7559Y85.9701
G01 X57.8067Y86.0763
G01 X57.8468Y86.1870
G01 X57.8776Y86.3095
G01 X57.8936Y86.4175
G01 X57.8999Y86.5351
G01 X57.8946Y86.6527
G01 X57.8776Y86.7705
G01 X57.8496Y86.8836
G01 X57.8104Y86.9946
G01 X57.7605Y87.1013
G01 X57.7004Y87.2025
G01 X57.6306Y87.2974
G01 X57.5519Y87.3850
G01 X57.4650Y87.4644
G01 X57.3700Y87.5354
G01 X57.2699Y87.5959
G01 X57.1637Y87.6467
G01 X57.0530Y87.6868
G01 X56.9389Y87.7159
G01 X56.8225Y87.7336
G01 X56.7049Y87.7399
G01 X56.5873Y87.7346
G01 X56.4695Y87.7176
G01 X56.3564Y87.6896
G01 X56.2454Y87.6504
G01 X56.1387Y87.6005
G01 X56.0375Y87.5404
G01 X55.9426Y87.4706
G01 X55.8550Y87.3919
G01 X55.7756Y87.3050
G01 X55.7046Y87.2100
G01 X55.6441Y87.1099
G01 X55.5933Y87.0037
G01 X55.5532Y86.8930
G01 X55.5241Y86.7789
G01 X55.5064Y86.6625
G01 X55.5001Y86.5449
G01 X55.5056Y86.4273
G00 Z3.0000
G00 X57.9756Y87.0095
G01 Z-0.1600
G01 X57.9644Y87.0095
G01 X57.9700Y86.9939
G01 X57.9756Y87.0095
G00 Z3.0000
G00 X58.0456Y86.4273
G01 Z-0.1600
G01 X58.0464Y86.4175
G01 X58.0624Y86.3095
G01 X58.0904Y86.1964
G01 X58.1296Y86.0854
G01 X58.1795Y85.9787
G01 X58.2396Y85.8775
G01 X58.3094Y85.7826
G01 X58.3881Y85.6950
G01 X58.4750Y85.6156
G01 X58.5700Y85.5446
G01 X58.6701Y85.4841
G01 X58.7763Y85.4333
G01 X58.8870Y85.3932
G01 X59.0011Y85.3641
G01 X59.1175Y85.3464
G01 X59.2351Y85.3401
G01 X59.3527Y85.3454
G01 X59.4705Y85.3624
G01 X59.5836Y85.3904
G01 X59.6946Y85.4296
G01 X59.8013Y85.4795
G01 X59.9025Y85.5396
G01 X59.9974Y85.6094
G01 X60.0850Y85.6881
G01 X60.1644Y85.7750
G01 X60.2354Y85.8700
G01 X60.2959Y85.9701
G01 X60.3467Y86.0763
G01 X60.3868Y86.1870
G01 X60.4176Y86.3095
G01 X60.4336Y86.4175
G01 X60.4399Y86.5351
G01 X60.4346Y86.6527
G01 X60.4176Y86.7705
G01 X60.3896Y86.8836
G01 X60.3504Y86.9946
G01 X60.3005Y87.1013
G01 X60.2404Y87.2025
G01 X60.1706Y87.2974
G01 X60.0919Y87.3850
G01 X60.0050Y87.4644
G01 X59.9100Y87.5354
G01 X59.8099Y87.5959
G01 X59.7037Y87.6467
G01 X59.5930Y87.6868
G01 X59.4789Y87.7159
G01 X59.3625Y87.7336
G01 X59.2449Y87.7399
G01 X59.1273Y87.7346
G01 X59.0095Y87.7176
G01 X58.8964Y87.6896
G01 X58.7854Y87.6504
G01 X58.6787Y87.6005
G01 X58.5775Y87.5404
G01 X58.4826Y87.4706
G01 X58.3950Y87.3919
G01 X58.3156Y87.3050
G01 X58.2446Y87.2100
G01 X58.1841Y87.1099
G01 X58.1333Y87.0037
G01 X58.0932Y86.8930
G01 X58.0641Y86.7789
G01 X58.0464Y86.6625
G01 X58.0401Y86.5449
G01 X58.0456Y86.4273
G00 Z3.0000
G00 X55.5056Y83.8873
G01 Z-0.1600
G01 X55.5064Y83.8775
G01 X55.5241Y83.7611
G01 X55.5532Y83.6470
G01 X55.5933Y83.5363
G01 X55.6441Y83.4301
G01 X55.7051Y83.3293
G01 X55.7756Y83.2350
G01 X55.8550Y83.1481
G01 X55.9426Y83.0694
G01 X56.0300Y83.0046
G01 X56.1301Y82.9441
G01 X56.2363Y82.8933
G01 X56.3470Y82.8532
G01 X56.4611Y82.8241
G01 X56.5775Y82.8064
G01 X56.6000Y82.8048
G01 X56.6000Y76.4778
G01 X56.5896Y76.4546
G01 X56.5532Y76.3530
G01 X56.5241Y76.2389
G01 X56.5054Y76.1127
G01 X56.5001Y75.9951
G01 X56.5064Y75.8775
G01 X56.5224Y75.7695
G01 X56.5504Y75.6564
G01 X56.5896Y75.5454
G01 X56.6395Y75.4387
G01 X56.6996Y75.3375
G01 X56.7694Y75.2426
G01 X56.8481Y75.1550
G01 X56.9038Y75.1038
G01 X56.9500Y75.0531
G01 X56.9500Y72.2000
G01 X56.9547Y72.1118
G01 X56.9657Y72.0378
G01 X56.9853Y71.9580
G01 X57.0167Y71.8702
G01 X57.0528Y71.7950
G01 X57.0961Y71.7238
G01 X57.1461Y71.6570
G01 X57.1956Y71.6025
G01 X59.4500Y69.3479
G01 X59.4500Y64.7191
G01 X59.4541Y64.6357
G01 X59.4655Y64.5582
G01 X59.4866Y64.4723
G01 X59.5167Y64.3894
G01 X59.5505Y64.3183
G01 X59.5906Y64.2511
G01 X59.6427Y64.1802
G01 X59.6990Y64.1181
G01 X62.5291Y61.2880
G01 X62.5467Y61.2402
G01 X62.5782Y61.1737
G01 X62.6206Y61.1019
G01 X62.6426Y61.0714
G01 X62.6254Y60.9527
G01 X62.6200Y60.8400
G01 X62.6200Y59.5700
G01 X62.6264Y59.4475
G01 X62.6425Y59.3391
G01 X62.6704Y59.2264
G01 X62.7133Y59.1063
G01 X62.7641Y59.0001
G01 X62.8196Y58.9075
G01 X62.8956Y58.8050
G01 X62.9750Y58.7181
G01 X63.0626Y58.6394
G01 X63.1500Y58.5746
G01 X63.2501Y58.5141
G01 X63.3654Y58.4596
G01 X63.4764Y58.4204
G01 X63.5907Y58.3922
G01 X63.7073Y58.3754
G01 X63.8249Y58.3701
G01 X63.9425Y58.3764
G01 X64.0505Y58.3924
G01 X64.1636Y58.4204
G01 X64.2746Y58.4596
G01 X64.3813Y58.5095
G01 X64.4825Y58.5696
G01 X64.5850Y58.6456
G01 X64.6719Y58.7250
G01 X64.7506Y58.8126
G01 X64.8154Y58.9000
G01 X64.8805Y59.0087
G01 X64.9304Y59.1154
G01 X64.9668Y59.2170
G01 X64.9959Y59.3311
G01 X65.0146Y59.4573
G01 X65.0200Y59.5700
G01 X65.0200Y60.1500
G01 X71.9021Y60.1500
G01 X71.9855Y60.0877
G01 X72.0772Y60.0323
G01 X72.1746Y59.9857
G01 X72.2760Y59.9489
G01 X72.3806Y59.9222
G01 X72.4873Y59.9059
G01 X72.6049Y59.9001
G01 X72.7127Y59.9059
G01 X72.8110Y59.9205
G01 X72.9146Y59.9461
G01 X73.0164Y59.9820
G01 X73.1228Y60.0323
G01 X73.2151Y60.0882
G01 X73.2980Y60.1500
G01 X75.3639Y60.1500
G01 X75.3756Y60.1350
G01 X75.4481Y60.0550
G01 X75.5350Y59.9756
G01 X75.6300Y59.9046
G01 X75.7387Y59.8395
G01 X75.8454Y59.7896
G01 X75.9564Y59.7504
G01 X76.0707Y59.7222
G01 X76.1775Y59.7064
G01 X76.2951Y59.7001
G01 X76.4127Y59.7054
G01 X76.5305Y59.7224
G01 X76.6436Y59.7504
G01 X76.7546Y59.7896
G01 X76.8699Y59.8441
G01 X76.9707Y59.9051
G01 X77.0650Y59.9756
G01 X77.1450Y60.0481
G01 X77.2244Y60.1350
G01 X77.2954Y60.2300
G01 X77.3559Y60.3301
G01 X77.4067Y60.4363
G01 X77.4496Y60.5564
G01 X77.4759Y60.6611
G01 X77.4936Y60.7775
G01 X77.4999Y60.8951
G01 X77.4936Y61.0225
G01 X77.4775Y61.1309
G01 X77.4496Y61.2436
G01 X77.4067Y61.3637
G01 X77.3559Y61.4699
G01 X77.3004Y61.5625
G01 X77.2244Y61.6650
G01 X77.1519Y61.7450
G01 X77.0650Y61.8244
G01 X76.9700Y61.8954
G01 X76.8613Y61.9605
G01 X76.7546Y62.0104
G01 X76.6530Y62.0468
G01 X76.5293Y62.0778
G01 X76.4127Y62.0946
G01 X76.2951Y62.0999
G01 X76.1775Y62.0936
G01 X76.0611Y62.0759
G01 X75.9470Y62.0468
G01 X75.8363Y62.0067
G01 X75.7301Y61.9559
G01 X75.6375Y61.9004
G01 X75.5691Y61.8503
G01 X73.2979Y61.8500
G01 X73.2145Y61.9123
G01 X73.1228Y61.9677
G01 X73.0254Y62.0143
G01 X72.9240Y62.0511
G01 X72.8194Y62.0778
G01 X72.7127Y62.0941
G01 X72.5951Y62.0999
G01 X72.4873Y62.0941
G01 X72.3890Y62.0795
G01 X72.2854Y62.0539
G01 X72.1836Y62.0180
G01 X72.0772Y61.9677
G01 X71.9849Y61.9118
G01 X71.9020Y61.8500
G01 X64.4665Y61.8500
G01 X64.3813Y61.9005
G01 X64.2837Y61.9467
G01 X64.2687Y61.9526
G01 X61.1500Y65.0712
G01 X61.1500Y69.7000
G01 X61.1463Y69.7784
G01 X61.1345Y69.8610
G01 X61.1119Y69.9514
G01 X61.0833Y70.0298
G01 X61.0472Y70.1050
G01 X61.0039Y70.1762
G01 X60.9539Y70.2430
G01 X60.9044Y70.2975
G01 X58.6500Y72.5521
G01 X58.6500Y75.0531
G01 X58.7244Y75.1350
G01 X58.7954Y75.2300
G01 X58.8559Y75.3301
G01 X58.9067Y75.4363
G01 X58.9468Y75.5470
G01 X58.9759Y75.6611
G01 X58.9936Y75.7775
G01 X58.9999Y75.8951
G01 X59.0000Y82.8244
G01 X59.0107Y82.8222
G01 X59.1175Y82.8064
G01 X59.2449Y82.8001
G01 X59.3625Y82.8064
G01 X59.4705Y82.8224
G01 X59.5836Y82.8504
G01 X59.7037Y82.8933
G01 X59.8099Y82.9441
G01 X59.9107Y83.0051
G01 X59.9974Y83.0694
G01 X60.0919Y83.1550
G01 X60.1706Y83.2426
G01 X60.2354Y83.3300
G01 X60.2959Y83.4301
G01 X60.3467Y83.5363
G01 X60.3896Y83.6564
G01 X60.4178Y83.7707
G01 X60.4336Y83.8775
G01 X60.4399Y83.9951
G01 X60.4336Y84.1225
G01 X60.4176Y84.2305
G01 X60.3896Y84.3436
G01 X60.3467Y84.4637
G01 X60.2959Y84.5699
G01 X60.2349Y84.6707
G01 X60.1706Y84.7574
G01 X60.0850Y84.8519
G01 X59.9974Y84.9306
G01 X59.9100Y84.9954
G01 X59.8099Y85.0559
G01 X59.6946Y85.1104
G01 X59.5836Y85.1496
G01 X59.4789Y85.1759
G01 X59.3527Y85.1946
G01 X59.2449Y85.1999
G01 X59.1273Y85.1946
G01 X59.0095Y85.1776
G01 X58.8964Y85.1496
G01 X58.7854Y85.1104
G01 X58.7622Y85.1000
G01 X58.2778Y85.1000
G01 X58.2546Y85.1104
G01 X58.1530Y85.1468
G01 X58.0389Y85.1759
G01 X57.9127Y85.1946
G01 X57.7951Y85.1999
G01 X57.6775Y85.1936
G01 X57.5611Y85.1759
G01 X57.4470Y85.1468
G01 X57.3454Y85.1104
G01 X57.3222Y85.1000
G01 X57.1778Y85.1000
G01 X57.1546Y85.1104
G01 X57.0530Y85.1468
G01 X56.9293Y85.1778
G01 X56.8225Y85.1936
G01 X56.7049Y85.1999
G01 X56.5873Y85.1946
G01 X56.4695Y85.1776
G01 X56.3564Y85.1496
G01 X56.2454Y85.1104
G01 X56.1387Y85.0605
G01 X56.0375Y85.0004
G01 X55.9426Y84.9306
G01 X55.8550Y84.8519
G01 X55.7756Y84.7650
G01 X55.7046Y84.6700
G01 X55.6441Y84.5699
G01 X55.5933Y84.4637
G01 X55.5532Y84.3530
G01 X55.5241Y84.2389
G01 X55.5064Y84.1225
G01 X55.5001Y84.0049
G01 X55.5056Y83.8873
G00 Z3.0000
G00 X63.4739Y83.5716
G01 Z-0.1600
G01 X63.4747Y83.5618
G01 X63.4857Y83.4878
G01 X63.5053Y83.4080
G01 X63.5100Y83.3934
G01 X63.5101Y82.3267
G01 X63.5147Y82.2434
G01 X63.5257Y82.1694
G01 X63.5453Y82.0896
G01 X63.5767Y82.0018
G01 X63.6128Y81.9266
G01 X63.6561Y81.8554
G01 X63.7061Y81.7887
G01 X63.7589Y81.7306
G01 X63.8489Y81.6406
G01 X63.9146Y81.5815
G01 X63.9819Y81.5322
G01 X64.0450Y81.4944
G01 X64.1000Y81.4679
G01 X64.1000Y69.0945
G01 X63.7957Y68.7903
G01 X63.7532Y68.7428
G01 X63.7185Y68.6952
G01 X63.6886Y68.6445
G01 X63.6677Y68.6001
G01 X63.6445Y68.5354
G01 X63.6307Y68.4782
G01 X63.6225Y68.4199
G01 X63.6200Y68.3660
G01 X63.6200Y66.7340
G01 X63.6225Y66.6801
G01 X63.6309Y66.6206
G01 X63.6474Y66.5552
G01 X63.6677Y66.4999
G01 X63.6886Y66.4555
G01 X63.7239Y66.3966
G01 X63.7594Y66.3496
G01 X63.7924Y66.3133
G01 X65.2997Y64.8057
G01 X65.3396Y64.7694
G01 X65.3866Y64.7339
G01 X65.4369Y64.7033
G01 X65.4899Y64.6777
G01 X65.5452Y64.6574
G01 X65.6022Y64.6426
G01 X65.6701Y64.6325
G01 X65.7240Y64.6300
G01 X65.8386Y64.6300
G01 X65.8482Y64.6149
G01 X65.9129Y64.5285
G01 X65.9788Y64.4557
G01 X66.0585Y64.3829
G01 X66.1530Y64.3128
G01 X66.2458Y64.2577
G01 X66.3436Y64.2120
G01 X66.4454Y64.1761
G01 X66.5406Y64.1522
G01 X66.6571Y64.1349
G01 X66.7551Y64.1301
G01 X66.8629Y64.1349
G01 X66.9710Y64.1505
G01 X67.0840Y64.1789
G01 X67.1854Y64.2157
G01 X67.2742Y64.2577
G01 X67.3670Y64.3128
G01 X67.4616Y64.3829
G01 X67.5343Y64.4488
G01 X67.6071Y64.5285
G01 X67.6723Y64.6155
G01 X67.7323Y64.7158
G01 X67.7780Y64.8136
G01 X67.8139Y64.9154
G01 X67.8395Y65.0190
G01 X67.8541Y65.1173
G01 X67.8599Y65.2251
G01 X67.8541Y65.3427
G01 X67.8395Y65.4410
G01 X67.8139Y65.5446
G01 X67.7743Y65.6554
G01 X67.7277Y65.7528
G01 X67.6772Y65.8370
G01 X67.6133Y65.9240
G01 X67.5412Y66.0043
G01 X67.4540Y66.0833
G01 X67.3670Y66.1472
G01 X67.2742Y66.2023
G01 X67.1854Y66.2443
G01 X67.0840Y66.2811
G01 X66.9794Y66.3078
G01 X66.8629Y66.3251
G01 X66.7551Y66.3299
G01 X66.6473Y66.3241
G01 X66.5490Y66.3095
G01 X66.4454Y66.2839
G01 X66.3436Y66.2480
G01 X66.2458Y66.2023
G01 X66.1530Y66.1472
G01 X66.0585Y66.0771
G01 X65.9788Y66.0043
G01 X65.9129Y65.9315
G01 X65.8947Y65.9078
G01 X64.8200Y66.9825
G01 X64.8200Y68.1175
G01 X65.1242Y68.4217
G01 X65.1668Y68.4692
G01 X65.2015Y68.5168
G01 X65.2313Y68.5675
G01 X65.2523Y68.6119
G01 X65.2755Y68.6765
G01 X65.2893Y68.7338
G01 X65.2965Y68.7823
G01 X65.3000Y68.8460
G01 X65.3000Y82.3169
G01 X65.2965Y82.3806
G01 X65.2891Y82.4304
G01 X65.2755Y82.4864
G01 X65.2523Y82.5510
G01 X65.2313Y82.5954
G01 X65.2100Y82.6320
G01 X65.2099Y83.7649
G01 X65.2053Y83.8482
G01 X65.1943Y83.9222
G01 X65.1747Y84.0020
G01 X65.1700Y84.0166
G01 X65.1700Y84.3500
G01 X65.1653Y84.4382
G01 X65.1543Y84.5122
G01 X65.1347Y84.5920
G01 X65.1071Y84.6707
G01 X65.0718Y84.7463
G01 X65.0239Y84.8262
G01 X64.9739Y84.8930
G01 X64.9244Y84.9475
G01 X64.8630Y85.0039
G01 X64.7956Y85.0544
G01 X64.7250Y85.0972
G01 X64.6498Y85.1333
G01 X64.5714Y85.1619
G01 X64.4906Y85.1826
G01 X64.4082Y85.1953
G01 X64.3249Y85.1999
G01 X64.2416Y85.1963
G01 X64.1578Y85.1843
G01 X64.0780Y85.1647
G01 X63.9993Y85.1371
G01 X63.9237Y85.1018
G01 X63.8519Y85.0594
G01 X63.7846Y85.0101
G01 X63.7225Y84.9544
G01 X63.6599Y84.8854
G01 X63.6156Y84.8256
G01 X63.5728Y84.7550
G01 X63.5367Y84.6798
G01 X63.5081Y84.6014
G01 X63.4855Y84.5110
G01 X63.4737Y84.4284
G01 X63.4700Y84.3500
G01 X63.4700Y83.6500
G01 X63.4739Y83.5716
G00 Z3.0000
G00 X68.2056Y86.4273
G01 Z-0.1600
G01 X68.2064Y86.4175
G01 X68.2224Y86.3095
G01 X68.2504Y86.1964
G01 X68.2896Y86.0854
G01 X68.3395Y85.9787
G01 X68.3996Y85.8775
G01 X68.4694Y85.7826
G01 X68.5481Y85.6950
G01 X68.6350Y85.6156
G01 X68.7300Y85.5446
G01 X68.8301Y85.4841
G01 X68.9363Y85.4333
G01 X69.0470Y85.3932
G01 X69.1611Y85.3641
G01 X69.2775Y85.3464
G01 X69.3951Y85.3401
G01 X69.5127Y85.3454
G01 X69.6305Y85.3624
G01 X69.7436Y85.3904
G01 X69.8546Y85.4296
G01 X69.9613Y85.4795
G01 X70.0625Y85.5396
G01 X70.1574Y85.6094
G01 X70.2450Y85.6881
G01 X70.3244Y85.7750
G01 X70.3954Y85.8700
G01 X70.4559Y85.9701
G01 X70.5067Y86.0763
G01 X70.5468Y86.1870
G01 X70.5776Y86.3095
G01 X70.5936Y86.4175
G01 X70.5999Y86.5351
G01 X70.5946Y86.6527
G01 X70.5776Y86.7705
G01 X70.5496Y86.8836
G01 X70.5104Y86.9946
G01 X70.4605Y87.1013
G01 X70.4004Y87.2025
G01 X70.3306Y87.2974
G01 X70.2519Y87.3850
G01 X70.1650Y87.4644
G01 X70.0700Y87.5354
G01 X69.9699Y87.5959
G01 X69.8637Y87.6467
G01 X69.7530Y87.6868
G01 X69.6389Y87.7159
G01 X69.5225Y87.7336
G01 X69.4049Y87.7399
G01 X69.2873Y87.7346
G01 X69.1695Y87.7176
G01 X69.0564Y87.6896
G01 X68.9454Y87.6504
G01 X68.8387Y87.6005
G01 X68.7375Y87.5404
G01 X68.6426Y87.4706
G01 X68.5550Y87.3919
G01 X68.4756Y87.3050
G01 X68.4046Y87.2100
G01 X68.3441Y87.1099
G01 X68.2933Y87.0037
G01 X68.2532Y86.8930
G01 X68.2241Y86.7789
G01 X68.2064Y86.6625
G01 X68.2001Y86.5449
G01 X68.2056Y86.4273
G00 Z3.0000
G00 X78.7888Y79.4806
G01 Z-0.1600
G01 X78.8098Y79.4837
G01 X78.8342Y79.4861
G01 X78.9077Y79.4897
G01 X78.9323Y79.4897
G01 X79.0058Y79.4861
G01 X79.0302Y79.4837
G01 X79.1030Y79.4729
G01 X79.1271Y79.4681
G01 X79.1985Y79.4502
G01 X79.2219Y79.4431
G01 X79.2912Y79.4183
G01 X79.3139Y79.4089
G01 X79.3804Y79.3774
G01 X79.4021Y79.3659
G01 X79.4652Y79.3280
G01 X79.4839Y79.3156
G01 X79.5447Y79.2706
G01 X79.5637Y79.2550
G01 X79.6057Y79.2170
G01 X79.6428Y79.1935
G01 X79.7233Y79.1338
G01 X79.7423Y79.1182
G01 X79.8150Y79.0523
G01 X79.8323Y79.0350
G01 X79.8982Y78.9623
G01 X79.9138Y78.9433
G01 X79.9723Y78.8645
G01 X79.9859Y78.8441
G01 X80.0364Y78.7599
G01 X80.0479Y78.7383
G01 X80.0899Y78.6496
G01 X80.0993Y78.6269
G01 X80.1323Y78.5345
G01 X80.1394Y78.5110
G01 X80.1633Y78.4158
G01 X80.1676Y78.3948
G01 X80.1825Y78.2947
G01 X80.1849Y78.2703
G01 X80.1897Y78.1723
G01 X80.1897Y78.1477
G01 X80.1849Y78.0497
G01 X80.1825Y78.0253
G01 X80.1676Y77.9252
G01 X80.1633Y77.9042
G01 X80.1394Y77.8090
G01 X80.1323Y77.7855
G01 X80.0993Y77.6931
G01 X80.0899Y77.6704
G01 X80.0479Y77.5817
G01 X80.0364Y77.5601
G01 X79.9859Y77.4759
G01 X79.9735Y77.4572
G01 X79.9138Y77.3767
G01 X79.8982Y77.3577
G01 X79.8323Y77.2850
G01 X79.8150Y77.2677
G01 X79.7423Y77.2018
G01 X79.7233Y77.1862
G01 X79.6445Y77.1277
G01 X79.6241Y77.1141
G01 X79.5399Y77.0636
G01 X79.5183Y77.0521
G01 X79.4296Y77.0101
G01 X79.4069Y77.0007
G01 X79.3145Y76.9677
G01 X79.2910Y76.9606
G01 X79.1958Y76.9367
G01 X79.1748Y76.9324
G01 X79.0747Y76.9175
G01 X79.0503Y76.9151
G01 X78.9523Y76.9103
G01 X78.9277Y76.9103
G01 X78.8297Y76.9151
G01 X78.8053Y76.9175
G01 X78.7674Y76.9231
G01 X78.0800Y76.2358
G01 X78.0800Y72.9049
G01 X78.1156Y72.8657
G01 X78.1311Y72.8468
G01 X78.1954Y72.7601
G01 X78.2090Y72.7397
G01 X78.2645Y72.6471
G01 X78.2761Y72.6254
G01 X78.3223Y72.5278
G01 X78.3317Y72.5052
G01 X78.3500Y72.4539
G01 X78.3683Y72.5052
G01 X78.3777Y72.5278
G01 X78.4239Y72.6254
G01 X78.4355Y72.6471
G01 X78.4910Y72.7397
G01 X78.5034Y72.7584
G01 X78.5689Y72.8468
G01 X78.5845Y72.8657
G01 X78.6569Y72.9457
G01 X78.6743Y72.9631
G01 X78.7543Y73.0355
G01 X78.7732Y73.0511
G01 X78.8599Y73.1154
G01 X78.8803Y73.1290
G01 X78.9729Y73.1845
G01 X78.9946Y73.1961
G01 X79.0922Y73.2423
G01 X79.1148Y73.2517
G01 X79.2165Y73.2880
G01 X79.2399Y73.2951
G01 X79.3447Y73.3214
G01 X79.3657Y73.3257
G01 X79.4755Y73.3420
G01 X79.4999Y73.3444
G01 X79.6077Y73.3497
G01 X79.6323Y73.3497
G01 X79.7401Y73.3444
G01 X79.7645Y73.3420
G01 X79.8713Y73.3262
G01 X79.8953Y73.3214
G01 X80.0001Y73.2951
G01 X80.0235Y73.2880
G01 X80.1252Y73.2517
G01 X80.1478Y73.2423
G01 X80.2454Y73.1961
G01 X80.2671Y73.1845
G01 X80.3597Y73.1290
G01 X80.3784Y73.1166
G01 X80.4668Y73.0511
G01 X80.4857Y73.0355
G01 X80.5657Y72.9631
G01 X80.5831Y72.9457
G01 X80.6556Y72.8657
G01 X80.6711Y72.8468
G01 X80.7354Y72.7601
G01 X80.7490Y72.7397
G01 X80.8045Y72.6471
G01 X80.8161Y72.6254
G01 X80.8623Y72.5278
G01 X80.8717Y72.5052
G01 X80.8900Y72.4539
G01 X80.9083Y72.5052
G01 X80.9177Y72.5278
G01 X80.9639Y72.6254
G01 X80.9755Y72.6471
G01 X81.0310Y72.7397
G01 X81.0420Y72.7563
G01 X81.0420Y79.3420
G01 X81.0459Y79.4278
G01 X81.0483Y79.4522
G01 X81.0591Y79.5250
G01 X81.0639Y79.5491
G01 X81.0818Y79.6205
G01 X81.0889Y79.6439
G01 X81.1137Y79.7132
G01 X81.1231Y79.7359
G01 X81.1546Y79.8024
G01 X81.1661Y79.8241
G01 X81.2040Y79.8872
G01 X81.2164Y79.9059
G01 X81.2614Y79.9667
G01 X81.2770Y79.9857
G01 X81.3349Y80.0491
G01 X82.0000Y80.7142
G01 X82.0000Y82.1458
G01 X82.0039Y82.2316
G01 X82.0063Y82.2560
G01 X82.0171Y82.3288
G01 X82.0219Y82.3529
G01 X82.0398Y82.4243
G01 X82.0469Y82.4477
G01 X82.0717Y82.5170
G01 X82.0811Y82.5397
G01 X82.1125Y82.6062
G01 X82.1241Y82.6279
G01 X82.1383Y82.6516
G01 X82.1123Y82.6503
G01 X82.0877Y82.6503
G01 X82.0142Y82.6539
G01 X81.9898Y82.6563
G01 X81.9170Y82.6671
G01 X81.8929Y82.6719
G01 X81.8139Y82.6922
G01 X81.8237Y82.6260
G01 X81.8261Y82.6016
G01 X81.8297Y82.5281
G01 X81.8297Y82.5036
G01 X81.8261Y82.4300
G01 X81.8237Y82.4056
G01 X81.8124Y82.3298
G01 X81.8100Y82.3180
G01 X81.8100Y81.9100
G01 X81.8061Y81.8242
G01 X81.8037Y81.7998
G01 X81.7929Y81.7270
G01 X81.7881Y81.7029
G01 X81.7702Y81.6315
G01 X81.7631Y81.6081
G01 X81.7383Y81.5388
G01 X81.7289Y81.5161
G01 X81.6974Y81.4496
G01 X81.6859Y81.4279
G01 X81.6480Y81.3648
G01 X81.6356Y81.3461
G01 X81.5906Y81.2853
G01 X81.5750Y81.2663
G01 X81.5171Y81.2029
G01 X81.2976Y80.9834
G01 X81.2674Y80.9195
G01 X81.2558Y80.8979
G01 X81.2180Y80.8348
G01 X81.2056Y80.8160
G01 X81.1605Y80.7552
G01 X81.1450Y80.7363
G01 X81.0871Y80.6729
G01 X80.7482Y80.3344
G01 X80.6937Y80.2850
G01 X80.6747Y80.2694
G01 X80.6156Y80.2256
G01 X80.5952Y80.2120
G01 X80.5321Y80.1741
G01 X80.5104Y80.1626
G01 X80.4439Y80.1311
G01 X80.4212Y80.1217
G01 X80.3519Y80.0969
G01 X80.3285Y80.0898
G01 X80.2571Y80.0719
G01 X80.2360Y80.0676
G01 X80.1602Y80.0563
G01 X80.1358Y80.0539
G01 X80.0500Y80.0500
G01 X79.3582Y80.0500
G01 X78.7888Y79.4806
G00 Z3.0000
G00 X79.0867Y79.6017
G01 Z-0.1600
G01 X79.1213Y79.5965
G01 X79.1574Y79.5894
G01 X79.2288Y79.5715
G01 X79.2640Y79.5608
G01 X79.3333Y79.5360
G01 X79.3673Y79.5219
G01 X79.4339Y79.4904
G01 X79.4663Y79.4731
G01 X79.5295Y79.4353
G01 X79.5576Y79.4166
G01 X79.6192Y79.3710
G01 X79.6472Y79.3471
G01 X79.6476Y79.3476
G01 X79.6805Y79.3178
G01 X79.7165Y79.2945
G01 X79.7978Y79.2342
G01 X79.8257Y79.2103
G01 X79.8262Y79.2109
G01 X79.8989Y79.1450
G01 X79.9250Y79.1189
G01 X79.9909Y79.0462
G01 X80.0142Y79.0178
G01 X80.0727Y78.9390
G01 X80.0931Y78.9084
G01 X80.1436Y78.8242
G01 X80.1609Y78.7917
G01 X80.2029Y78.7030
G01 X80.2170Y78.6690
G01 X80.2500Y78.5766
G01 X80.2607Y78.5414
G01 X80.2845Y78.4462
G01 X80.2910Y78.4147
G01 X80.3061Y78.3130
G01 X80.3091Y78.2764
G01 X80.3097Y78.2764
G01 X80.3145Y78.1784
G01 X80.3145Y78.1416
G01 X80.3097Y78.0436
G01 X80.3061Y78.0070
G01 X80.2910Y77.9053
G01 X80.2845Y77.8738
G01 X80.2607Y77.7786
G01 X80.2500Y77.7434
G01 X80.2170Y77.6510
G01 X80.2029Y77.6170
G01 X80.1609Y77.5283
G01 X80.1436Y77.4958
G01 X80.0931Y77.4116
G01 X80.0745Y77.3835
G01 X80.0142Y77.3022
G01 X79.9903Y77.2743
G01 X79.9909Y77.2738
G01 X79.9250Y77.2011
G01 X79.8989Y77.1750
G01 X79.8262Y77.1091
G01 X79.7978Y77.0858
G01 X79.7190Y77.0273
G01 X79.6884Y77.0069
G01 X79.6042Y76.9564
G01 X79.5717Y76.9391
G01 X79.4830Y76.8971
G01 X79.4490Y76.8830
G01 X79.3566Y76.8500
G01 X79.3214Y76.8393
G01 X79.2262Y76.8155
G01 X79.1947Y76.8090
G01 X79.0930Y76.7939
G01 X79.0564Y76.7909
G01 X79.0564Y76.7903
G01 X78.9584Y76.7855
G01 X78.9216Y76.7855
G01 X78.8124Y76.7914
G01 X78.2050Y76.1840
G01 X78.2050Y72.9532
G01 X78.2315Y72.9212
G01 X78.2958Y72.8345
G01 X78.3163Y72.8039
G01 X78.3500Y72.7476
G01 X78.3837Y72.8039
G01 X78.4024Y72.8320
G01 X78.4685Y72.9212
G01 X78.4924Y72.9492
G01 X78.4918Y72.9497
G01 X78.5643Y73.0297
G01 X78.5903Y73.0557
G01 X78.6703Y73.1282
G01 X78.6988Y73.1515
G01 X78.7855Y73.2158
G01 X78.8161Y73.2363
G01 X78.9087Y73.2918
G01 X78.9411Y73.3091
G01 X79.0387Y73.3553
G01 X79.0727Y73.3693
G01 X79.1744Y73.4057
G01 X79.2096Y73.4164
G01 X79.3143Y73.4426
G01 X79.3458Y73.4491
G01 X79.4572Y73.4656
G01 X79.4938Y73.4686
G01 X79.4938Y73.4693
G01 X79.6016Y73.4745
G01 X79.6384Y73.4745
G01 X79.7462Y73.4693
G01 X79.7828Y73.4656
G01 X79.8896Y73.4498
G01 X79.9257Y73.4426
G01 X80.0304Y73.4164
G01 X80.0656Y73.4057
G01 X80.1673Y73.3693
G01 X80.2013Y73.3553
G01 X80.2989Y73.3091
G01 X80.3313Y73.2918
G01 X80.4239Y73.2363
G01 X80.4520Y73.2177
G01 X80.5412Y73.1515
G01 X80.5692Y73.1276
G01 X80.5697Y73.1282
G01 X80.6497Y73.0557
G01 X80.6757Y73.0297
G01 X80.7482Y72.9497
G01 X80.7715Y72.9212
G01 X80.8358Y72.8345
G01 X80.8563Y72.8039
G01 X80.8900Y72.7476
G01 X80.9170Y72.7927
G01 X80.9170Y79.3420
G01 X80.9211Y79.4339
G01 X80.9247Y79.4705
G01 X80.9355Y79.5433
G01 X80.9426Y79.5794
G01 X80.9605Y79.6508
G01 X80.9712Y79.6860
G01 X80.9960Y79.7553
G01 X81.0101Y79.7893
G01 X81.0416Y79.8559
G01 X81.0589Y79.8883
G01 X81.0967Y79.9515
G01 X81.1154Y79.9796
G01 X81.1610Y80.0412
G01 X81.1849Y80.0691
G01 X81.1844Y80.0696
G01 X81.2465Y80.1375
G01 X81.8750Y80.7660
G01 X81.8750Y81.5497
G01 X81.8560Y81.4967
G01 X81.8419Y81.4627
G01 X81.8104Y81.3961
G01 X81.7931Y81.3637
G01 X81.7553Y81.3005
G01 X81.7366Y81.2724
G01 X81.6910Y81.2108
G01 X81.6671Y81.1829
G01 X81.6676Y81.1824
G01 X81.6182Y81.1278
G01 X81.4013Y80.9103
G01 X81.3804Y80.8661
G01 X81.3631Y80.8336
G01 X81.3252Y80.7705
G01 X81.3066Y80.7424
G01 X81.2609Y80.6808
G01 X81.2370Y80.6528
G01 X81.2376Y80.6523
G01 X81.1755Y80.5845
G01 X80.8455Y80.2545
G01 X80.7776Y80.1924
G01 X80.7492Y80.1690
G01 X80.6901Y80.1252
G01 X80.6595Y80.1048
G01 X80.5963Y80.0669
G01 X80.5639Y80.0496
G01 X80.4973Y80.0181
G01 X80.4633Y80.0040
G01 X80.3940Y79.9792
G01 X80.3588Y79.9685
G01 X80.2874Y79.9507
G01 X80.2559Y79.9442
G01 X80.1785Y79.9327
G01 X80.1419Y79.9297
G01 X80.1419Y79.9291
G01 X80.0500Y79.9250
G01 X79.4100Y79.9250
G01 X79.0867Y79.6017
G00 Z3.0000
G00 X80.7796Y79.8853
G01 Z-0.1600
G01 X80.7249Y79.8525
G01 X80.6708Y79.8236
G01 X80.6042Y79.7921
G01 X80.5476Y79.7686
G01 X80.4783Y79.7438
G01 X80.4196Y79.7260
G01 X80.3482Y79.7081
G01 X80.2956Y79.6973
G01 X80.2152Y79.6854
G01 X80.1541Y79.6804
G01 X80.1542Y79.6794
G01 X80.0807Y79.6758
G01 X80.0500Y79.6750
G01 X79.6158Y79.6750
G01 X79.6580Y79.6497
G01 X79.7048Y79.6187
G01 X79.7681Y79.5718
G01 X79.8147Y79.5320
G01 X79.8155Y79.5329
G01 X79.8335Y79.5165
G01 X79.8637Y79.4965
G01 X79.9467Y79.4350
G01 X79.9933Y79.3952
G01 X79.9941Y79.3961
G01 X80.0668Y79.3302
G01 X80.1102Y79.2868
G01 X80.1761Y79.2141
G01 X80.2150Y79.1667
G01 X80.2735Y79.0879
G01 X80.3076Y79.0369
G01 X80.3580Y78.9527
G01 X80.3869Y78.8986
G01 X80.4289Y78.8099
G01 X80.4523Y78.7532
G01 X80.4854Y78.6608
G01 X80.5032Y78.6021
G01 X80.5271Y78.5070
G01 X80.5378Y78.4544
G01 X80.5534Y78.3497
G01 X80.5584Y78.2886
G01 X80.5594Y78.2887
G01 X80.5642Y78.1907
G01 X80.5642Y78.1293
G01 X80.5594Y78.0313
G01 X80.5534Y77.9703
G01 X80.5378Y77.8656
G01 X80.5271Y77.8130
G01 X80.5032Y77.7179
G01 X80.4847Y77.6594
G01 X80.4854Y77.6592
G01 X80.4523Y77.5668
G01 X80.4289Y77.5101
G01 X80.3869Y77.4214
G01 X80.3580Y77.3673
G01 X80.3076Y77.2831
G01 X80.2765Y77.2363
G01 X80.2150Y77.1533
G01 X80.1752Y77.1067
G01 X80.1761Y77.1059
G01 X80.1102Y77.0332
G01 X80.0668Y76.9898
G01 X79.9941Y76.9239
G01 X79.9467Y76.8850
G01 X79.8679Y76.8265
G01 X79.8169Y76.7925
G01 X79.7327Y76.7420
G01 X79.6786Y76.7131
G01 X79.5899Y76.6711
G01 X79.5332Y76.6477
G01 X79.4408Y76.6146
G01 X79.3821Y76.5968
G01 X79.2870Y76.5729
G01 X79.2344Y76.5622
G01 X79.1297Y76.5466
G01 X79.0686Y76.5416
G01 X79.0687Y76.5406
G01 X78.9707Y76.5358
G01 X78.9103Y76.5358
G01 X78.4550Y76.0805
G01 X78.4550Y73.2704
G01 X78.5024Y73.3134
G01 X78.5499Y73.3523
G01 X78.6366Y73.4166
G01 X78.6876Y73.4507
G01 X78.7802Y73.5062
G01 X78.8342Y73.5351
G01 X78.9318Y73.5813
G01 X78.9885Y73.6047
G01 X79.0901Y73.6411
G01 X79.1488Y73.6589
G01 X79.2535Y73.6851
G01 X79.3061Y73.6959
G01 X79.4205Y73.7129
G01 X79.4816Y73.7179
G01 X79.4815Y73.7190
G01 X79.5893Y73.7242
G01 X79.6507Y73.7242
G01 X79.7585Y73.7190
G01 X79.8195Y73.7129
G01 X79.9263Y73.6971
G01 X79.9865Y73.6851
G01 X80.0912Y73.6589
G01 X80.1496Y73.6404
G01 X80.1499Y73.6411
G01 X80.2515Y73.6047
G01 X80.3082Y73.5813
G01 X80.4058Y73.5351
G01 X80.4599Y73.5062
G01 X80.5524Y73.4507
G01 X80.5993Y73.4197
G01 X80.6670Y73.3695
G01 X80.6670Y79.3420
G01 X80.6678Y79.3727
G01 X80.6714Y79.4462
G01 X80.6774Y79.5072
G01 X80.6882Y79.5800
G01 X80.7001Y79.6402
G01 X80.7180Y79.7116
G01 X80.7365Y79.7700
G01 X80.7358Y79.7703
G01 X80.7606Y79.8396
G01 X80.7796Y79.8853
G00 Z3.0000
G00 X81.2539Y83.5716
G01 Z-0.1600
G01 X81.2547Y83.5618
G01 X81.2657Y83.4878
G01 X81.2881Y83.3986
G01 X81.3167Y83.3202
G01 X81.3482Y83.2537
G01 X81.3961Y83.1738
G01 X81.4461Y83.1070
G01 X81.4956Y83.0525
G01 X81.5646Y82.9899
G01 X81.6244Y82.9456
G01 X81.6950Y82.9028
G01 X81.7793Y82.8629
G01 X81.8580Y82.8353
G01 X81.9294Y82.8174
G01 X82.0216Y82.8037
G01 X82.0951Y82.8001
G01 X82.1784Y82.8037
G01 X82.2622Y82.8157
G01 X82.3514Y82.8381
G01 X82.4298Y82.8667
G01 X82.4963Y82.8982
G01 X82.5762Y82.9461
G01 X82.6430Y82.9961
G01 X82.6975Y83.0456
G01 X82.7539Y83.1070
G01 X82.8044Y83.1744
G01 X82.8472Y83.2450
G01 X82.8833Y83.3202
G01 X82.9119Y83.3986
G01 X82.9343Y83.4878
G01 X82.9463Y83.5716
G01 X82.9500Y83.6500
G01 X82.9500Y84.3500
G01 X82.9463Y84.4284
G01 X82.9343Y84.5122
G01 X82.9119Y84.6014
G01 X82.8833Y84.6798
G01 X82.8518Y84.7463
G01 X82.8039Y84.8262
G01 X82.7539Y84.8930
G01 X82.7044Y84.9475
G01 X82.6430Y85.0039
G01 X82.5756Y85.0544
G01 X82.5050Y85.0972
G01 X82.4298Y85.1333
G01 X82.3514Y85.1619
G01 X82.2706Y85.1826
G01 X82.1882Y85.1953
G01 X82.1049Y85.1999
G01 X82.0216Y85.1963
G01 X81.9378Y85.1843
G01 X81.8580Y85.1647
G01 X81.7793Y85.1371
G01 X81.7037Y85.1018
G01 X81.6319Y85.0594
G01 X81.5646Y85.0101
G01 X81.5025Y84.9544
G01 X81.4399Y84.8854
G01 X81.3956Y84.8256
G01 X81.3528Y84.7550
G01 X81.3167Y84.6798
G01 X81.2881Y84.6014
G01 X81.2655Y84.5110
G01 X81.2537Y84.4284
G01 X81.2500Y84.3500
G01 X81.2500Y83.6500
G01 X81.2539Y83.5716
G00 Z3.0000
G00 X88.2000Y83.5993
G01 Z-0.1600
G01 X88.2203Y83.6095
G01 X88.2545Y83.6230
G01 X88.2780Y83.6301
G01 X88.3099Y83.6372
G01 X88.3261Y83.6397
G01 X88.3627Y83.6427
G01 X88.3873Y83.6427
G01 X88.4198Y83.6401
G01 X88.3986Y83.7247
G01 X88.3943Y83.7457
G01 X88.3780Y83.8555
G01 X88.3756Y83.8799
G01 X88.3703Y83.9877
G01 X88.3703Y84.0123
G01 X88.3756Y84.1201
G01 X88.3780Y84.1445
G01 X88.3938Y84.2511
G01 X88.3750Y84.2480
G01 X88.3383Y84.2450
G01 X88.3015Y84.2456
G01 X88.2771Y84.2480
G01 X88.2650Y84.2498
G01 X88.2290Y84.2576
G01 X88.2055Y84.2647
G01 X88.1800Y84.2746
G01 X88.1800Y84.1778
G01 X88.1824Y84.1660
G01 X88.1937Y84.0902
G01 X88.1961Y84.0658
G01 X88.1997Y83.9923
G01 X88.2000Y83.5993
G00 Z3.0000
G00 X88.5256Y83.8873
G01 Z-0.1600
G01 X88.5264Y83.8775
G01 X88.5424Y83.7695
G01 X88.5704Y83.6564
G01 X88.6096Y83.5454
G01 X88.6595Y83.4387
G01 X88.7196Y83.3375
G01 X88.7894Y83.2426
G01 X88.8681Y83.1550
G01 X88.9550Y83.0756
G01 X89.0500Y83.0046
G01 X89.1501Y82.9441
G01 X89.2563Y82.8933
G01 X89.3670Y82.8532
G01 X89.4811Y82.8241
G01 X89.5975Y82.8064
G01 X89.7151Y82.8001
G01 X89.8327Y82.8054
G01 X89.9509Y82.8225
G01 X90.0636Y82.8504
G01 X90.1746Y82.8896
G01 X90.2813Y82.9395
G01 X90.3825Y82.9996
G01 X90.4774Y83.0694
G01 X90.5650Y83.1481
G01 X90.6444Y83.2350
G01 X90.7154Y83.3300
G01 X90.7759Y83.4301
G01 X90.8267Y83.5363
G01 X90.8668Y83.6470
G01 X90.8976Y83.7695
G01 X90.9136Y83.8775
G01 X90.9199Y83.9951
G01 X90.9146Y84.1127
G01 X90.8976Y84.2305
G01 X90.8696Y84.3436
G01 X90.8304Y84.4546
G01 X90.7805Y84.5613
G01 X90.7204Y84.6625
G01 X90.6506Y84.7574
G01 X90.5719Y84.8450
G01 X90.4850Y84.9244
G01 X90.3900Y84.9954
G01 X90.2899Y85.0559
G01 X90.1837Y85.1067
G01 X90.0730Y85.1468
G01 X89.9589Y85.1759
G01 X89.8425Y85.1936
G01 X89.7249Y85.1999
G01 X89.6073Y85.1946
G01 X89.4891Y85.1775
G01 X89.3764Y85.1496
G01 X89.2654Y85.1104
G01 X89.1587Y85.0605
G01 X89.0575Y85.0004
G01 X88.9626Y84.9306
G01 X88.8750Y84.8519
G01 X88.7956Y84.7650
G01 X88.7246Y84.6700
G01 X88.6641Y84.5699
G01 X88.6133Y84.4637
G01 X88.5732Y84.3530
G01 X88.5441Y84.2389
G01 X88.5264Y84.1225
G01 X88.5201Y84.0049
G01 X88.5256Y83.8873
G00 Z3.0000
G00 X88.2646Y80.4788
G01 Z-0.1600
G01 X88.2430Y80.4858
G01 X88.2203Y80.4952
G01 X88.2000Y80.5054
G01 X88.2000Y80.4142
G01 X88.2646Y80.4788
G00 Z3.0000
G00 X85.0000Y77.4670
G01 Z-0.1600
G01 X84.9935Y77.4572
G01 X84.9338Y77.3767
G01 X84.9182Y77.3577
G01 X84.8523Y77.2850
G01 X84.8350Y77.2677
G01 X84.7623Y77.2018
G01 X84.7433Y77.1862
G01 X84.6645Y77.1277
G01 X84.6441Y77.1141
G01 X84.5599Y77.0636
G01 X84.5383Y77.0521
G01 X84.4496Y77.0101
G01 X84.4269Y77.0007
G01 X84.3345Y76.9677
G01 X84.3110Y76.9606
G01 X84.2158Y76.9367
G01 X84.1958Y76.9326
G01 X84.0947Y76.9175
G01 X84.0703Y76.9151
G01 X83.9723Y76.9103
G01 X83.9477Y76.9103
G01 X83.8497Y76.9151
G01 X83.8253Y76.9175
G01 X83.7282Y76.9319
G01 X83.7042Y76.9367
G01 X83.6090Y76.9606
G01 X83.5855Y76.9677
G01 X83.4931Y77.0007
G01 X83.4704Y77.0101
G01 X83.3817Y77.0521
G01 X83.3601Y77.0636
G01 X83.2759Y77.1141
G01 X83.2572Y77.1265
G01 X83.1767Y77.1862
G01 X83.1577Y77.2018
G01 X83.0850Y77.2677
G01 X83.0677Y77.2850
G01 X83.0420Y77.3133
G01 X83.0420Y73.0208
G01 X83.1057Y72.9631
G01 X83.1231Y72.9457
G01 X83.1956Y72.8657
G01 X83.2111Y72.8468
G01 X83.2754Y72.7601
G01 X83.2890Y72.7397
G01 X83.3445Y72.6471
G01 X83.3561Y72.6254
G01 X83.4023Y72.5278
G01 X83.4117Y72.5052
G01 X83.4300Y72.4539
G01 X83.4483Y72.5052
G01 X83.4577Y72.5278
G01 X83.5039Y72.6254
G01 X83.5155Y72.6471
G01 X83.5710Y72.7397
G01 X83.5834Y72.7584
G01 X83.6489Y72.8468
G01 X83.6645Y72.8657
G01 X83.7369Y72.9457
G01 X83.7543Y72.9631
G01 X83.8343Y73.0355
G01 X83.8532Y73.0511
G01 X83.9399Y73.1154
G01 X83.9603Y73.1290
G01 X84.0529Y73.1845
G01 X84.0746Y73.1961
G01 X84.1722Y73.2423
G01 X84.1948Y73.2517
G01 X84.2965Y73.2880
G01 X84.3199Y73.2951
G01 X84.4247Y73.3214
G01 X84.4446Y73.3255
G01 X84.5555Y73.3420
G01 X84.5799Y73.3444
G01 X84.6877Y73.3497
G01 X84.7123Y73.3497
G01 X84.8201Y73.3444
G01 X84.8608Y73.3396
G01 X84.8683Y73.3491
G01 X84.9097Y73.3943
G01 X85.0000Y73.4847
G01 X85.0000Y77.4670
G00 Z3.0000
G00 X84.8750Y77.1352
G01 Z-0.1600
G01 X84.8462Y77.1091
G01 X84.8178Y77.0858
G01 X84.7390Y77.0273
G01 X84.7084Y77.0069
G01 X84.6242Y76.9564
G01 X84.5917Y76.9391
G01 X84.5030Y76.8971
G01 X84.4690Y76.8830
G01 X84.3766Y76.8500
G01 X84.3414Y76.8393
G01 X84.2462Y76.8155
G01 X84.2162Y76.8092
G01 X84.1130Y76.7939
G01 X84.0764Y76.7909
G01 X84.0764Y76.7903
G01 X83.9784Y76.7855
G01 X83.9416Y76.7855
G01 X83.8436Y76.7903
G01 X83.8070Y76.7939
G01 X83.7099Y76.8083
G01 X83.6738Y76.8155
G01 X83.5786Y76.8393
G01 X83.5434Y76.8500
G01 X83.4510Y76.8830
G01 X83.4170Y76.8971
G01 X83.3283Y76.9391
G01 X83.2958Y76.9564
G01 X83.2116Y77.0069
G01 X83.1835Y77.0255
G01 X83.1670Y77.0377
G01 X83.1670Y73.0762
G01 X83.1897Y73.0557
G01 X83.2157Y73.0297
G01 X83.2882Y72.9497
G01 X83.3115Y72.9212
G01 X83.3758Y72.8345
G01 X83.3963Y72.8039
G01 X83.4300Y72.7476
G01 X83.4637Y72.8039
G01 X83.4823Y72.8320
G01 X83.5485Y72.9212
G01 X83.5724Y72.9492
G01 X83.5718Y72.9497
G01 X83.6443Y73.0297
G01 X83.6703Y73.0557
G01 X83.7503Y73.1282
G01 X83.7788Y73.1515
G01 X83.8655Y73.2158
G01 X83.8961Y73.2363
G01 X83.9887Y73.2918
G01 X84.0211Y73.3091
G01 X84.1187Y73.3553
G01 X84.1527Y73.3693
G01 X84.2544Y73.4057
G01 X84.2896Y73.4164
G01 X84.3943Y73.4426
G01 X84.4243Y73.4488
G01 X84.5372Y73.4656
G01 X84.5738Y73.4686
G01 X84.5738Y73.4693
G01 X84.6816Y73.4745
G01 X84.7184Y73.4745
G01 X84.8093Y73.4701
G01 X84.8750Y73.5364
G01 X84.8750Y77.1352
G00 Z3.0000
G00 X84.7500Y76.8861
G01 Z-0.1600
G01 X84.6884Y76.8492
G01 X84.6452Y76.8261
G01 X84.5565Y76.7841
G01 X84.5111Y76.7653
G01 X84.4187Y76.7323
G01 X84.3718Y76.7180
G01 X84.2766Y76.6942
G01 X84.2366Y76.6859
G01 X84.1314Y76.6702
G01 X84.0825Y76.6662
G01 X84.0826Y76.6654
G01 X83.9845Y76.6606
G01 X83.9355Y76.6606
G01 X83.8375Y76.6654
G01 X83.7886Y76.6702
G01 X83.6915Y76.6846
G01 X83.6434Y76.6942
G01 X83.5482Y76.7180
G01 X83.5015Y76.7328
G01 X83.5013Y76.7323
G01 X83.4089Y76.7653
G01 X83.3635Y76.7841
G01 X83.2920Y76.8180
G01 X83.2920Y73.1299
G01 X83.3083Y73.1136
G01 X83.3808Y73.0336
G01 X83.4119Y72.9957
G01 X83.4300Y72.9713
G01 X83.4481Y72.9957
G01 X83.4799Y73.0330
G01 X83.4792Y73.0336
G01 X83.5517Y73.1136
G01 X83.5864Y73.1483
G01 X83.6664Y73.2208
G01 X83.7043Y73.2519
G01 X83.7910Y73.3162
G01 X83.8318Y73.3435
G01 X83.9244Y73.3990
G01 X83.9677Y73.4221
G01 X84.0653Y73.4683
G01 X84.1106Y73.4870
G01 X84.2122Y73.5234
G01 X84.2592Y73.5376
G01 X84.3639Y73.5639
G01 X84.4039Y73.5722
G01 X84.5188Y73.5893
G01 X84.5677Y73.5933
G01 X84.5676Y73.5941
G01 X84.6755Y73.5994
G01 X84.7245Y73.5994
G01 X84.7500Y73.5981
G01 X84.7500Y76.8861
G00 Z3.0000
G00 X83.4300Y73.1654
G01 Z-0.1600
G01 X83.4591Y73.1975
G01 X83.5025Y73.2409
G01 X83.5824Y73.3134
G01 X83.6299Y73.3523
G01 X83.7166Y73.4166
G01 X83.7676Y73.4507
G01 X83.8602Y73.5062
G01 X83.9142Y73.5351
G01 X84.0118Y73.5813
G01 X84.0685Y73.6047
G01 X84.1701Y73.6411
G01 X84.2288Y73.6589
G01 X84.3335Y73.6851
G01 X84.3835Y73.6955
G01 X84.5005Y73.7129
G01 X84.5616Y73.7179
G01 X84.5615Y73.7190
G01 X84.6250Y73.7221
G01 X84.6250Y76.6783
G01 X84.6099Y76.6711
G01 X84.5532Y76.6477
G01 X84.4608Y76.6146
G01 X84.4021Y76.5968
G01 X84.3070Y76.5729
G01 X84.2570Y76.5626
G01 X84.1497Y76.5466
G01 X84.0886Y76.5416
G01 X84.0887Y76.5406
G01 X83.9907Y76.5358
G01 X83.9293Y76.5358
G01 X83.8313Y76.5406
G01 X83.7703Y76.5466
G01 X83.6732Y76.5610
G01 X83.6130Y76.5729
G01 X83.5179Y76.5968
G01 X83.4594Y76.6153
G01 X83.4592Y76.6146
G01 X83.4170Y76.6297
G01 X83.4170Y73.1798
G01 X83.4300Y73.1654
G00 Z3.0000
G00 X83.4244Y71.5305
G01 Z-0.1600
G01 X83.4356Y71.5305
G01 X83.4300Y71.5461
G01 X83.4244Y71.5305
G00 Z3.0000
G00 X80.8900Y71.5461
G01 Z-0.1600
G01 X80.8844Y71.5305
G01 X80.8956Y71.5305
G01 X80.8900Y71.5461
G00 Z3.0000
G00 X80.7920Y73.0874
G01 Z-0.1600
G01 X80.7920Y79.3420
G01 X80.7962Y79.4400
G01 X80.8010Y79.4889
G01 X80.8118Y79.5617
G01 X80.8214Y79.6098
G01 X80.8393Y79.6812
G01 X80.8541Y79.7280
G01 X80.8535Y79.7282
G01 X80.8783Y79.7975
G01 X80.8971Y79.8428
G01 X80.9286Y79.9093
G01 X80.9517Y79.9526
G01 X80.9895Y80.0157
G01 X81.0144Y80.0532
G01 X81.0606Y80.1156
G01 X81.0925Y80.1529
G01 X81.0918Y80.1536
G01 X81.1581Y80.2259
G01 X81.7500Y80.8177
G01 X81.7500Y81.0871
G01 X81.6939Y81.0261
G01 X81.5051Y80.8373
G01 X81.4934Y80.8126
G01 X81.4703Y80.7694
G01 X81.4324Y80.7062
G01 X81.4076Y80.6688
G01 X81.3613Y80.6063
G01 X81.3295Y80.5690
G01 X81.3302Y80.5684
G01 X81.2638Y80.4961
G01 X80.9339Y80.1661
G01 X80.8616Y80.0998
G01 X80.8236Y80.0686
G01 X80.7645Y80.0248
G01 X80.7237Y79.9975
G01 X80.6606Y79.9597
G01 X80.6173Y79.9366
G01 X80.5508Y79.9051
G01 X80.5055Y79.8863
G01 X80.4362Y79.8615
G01 X80.3892Y79.8473
G01 X80.3178Y79.8294
G01 X80.2757Y79.8208
G01 X80.1969Y79.8090
G01 X80.1480Y79.8050
G01 X80.1480Y79.8042
G01 X80.0500Y79.8000
G01 X79.4618Y79.8000
G01 X79.3313Y79.6695
G01 X79.3755Y79.6537
G01 X79.4208Y79.6349
G01 X79.4873Y79.6034
G01 X79.5306Y79.5803
G01 X79.5937Y79.5425
G01 X79.6312Y79.5176
G01 X79.6936Y79.4714
G01 X79.7309Y79.4395
G01 X79.7316Y79.4402
G01 X79.7560Y79.4181
G01 X79.7901Y79.3955
G01 X79.8722Y79.3346
G01 X79.9095Y79.3028
G01 X79.9102Y79.3035
G01 X79.9829Y79.2376
G01 X80.0176Y79.2029
G01 X80.0835Y79.1302
G01 X80.1146Y79.0922
G01 X80.1731Y79.0134
G01 X80.2003Y78.9726
G01 X80.2508Y78.8884
G01 X80.2739Y78.8452
G01 X80.3159Y78.7565
G01 X80.3347Y78.7111
G01 X80.3677Y78.6187
G01 X80.3820Y78.5718
G01 X80.4058Y78.4766
G01 X80.4144Y78.4345
G01 X80.4298Y78.3314
G01 X80.4338Y78.2825
G01 X80.4346Y78.2826
G01 X80.4394Y78.1845
G01 X80.4394Y78.1355
G01 X80.4346Y78.0374
G01 X80.4298Y77.9886
G01 X80.4144Y77.8855
G01 X80.4058Y77.8434
G01 X80.3820Y77.7482
G01 X80.3672Y77.7015
G01 X80.3677Y77.7013
G01 X80.3347Y77.6089
G01 X80.3159Y77.5635
G01 X80.2739Y77.4748
G01 X80.2508Y77.4316
G01 X80.2003Y77.3474
G01 X80.1755Y77.3099
G01 X80.1146Y77.2278
G01 X80.0828Y77.1905
G01 X80.0835Y77.1898
G01 X80.0176Y77.1171
G01 X79.9829Y77.0824
G01 X79.9102Y77.0165
G01 X79.8722Y76.9854
G01 X79.7934Y76.9269
G01 X79.7526Y76.8997
G01 X79.6684Y76.8492
G01 X79.6252Y76.8261
G01 X79.5365Y76.7841
G01 X79.4911Y76.7653
G01 X79.3987Y76.7323
G01 X79.3518Y76.7180
G01 X79.2566Y76.6942
G01 X79.2145Y76.6856
G01 X79.1114Y76.6702
G01 X79.0625Y76.6662
G01 X79.0626Y76.6654
G01 X78.9645Y76.6606
G01 X78.9155Y76.6606
G01 X78.8610Y76.6633
G01 X78.3300Y76.1322
G01 X78.3300Y72.9980
G01 X78.3500Y72.9713
G01 X78.3681Y72.9957
G01 X78.3999Y73.0330
G01 X78.3992Y73.0336
G01 X78.4717Y73.1136
G01 X78.5064Y73.1483
G01 X78.5864Y73.2208
G01 X78.6243Y73.2519
G01 X78.7110Y73.3162
G01 X78.7518Y73.3435
G01 X78.8444Y73.3990
G01 X78.8877Y73.4221
G01 X78.9853Y73.4683
G01 X79.0306Y73.4870
G01 X79.1322Y73.5234
G01 X79.1792Y73.5376
G01 X79.2839Y73.5639
G01 X79.3260Y73.5725
G01 X79.4388Y73.5893
G01 X79.4877Y73.5933
G01 X79.4876Y73.5941
G01 X79.5955Y73.5994
G01 X79.6445Y73.5994
G01 X79.7524Y73.5941
G01 X79.8012Y73.5893
G01 X79.9080Y73.5735
G01 X79.9561Y73.5639
G01 X80.0608Y73.5376
G01 X80.1076Y73.5229
G01 X80.1078Y73.5234
G01 X80.2094Y73.4870
G01 X80.2547Y73.4683
G01 X80.3523Y73.4221
G01 X80.3956Y73.3990
G01 X80.4882Y73.3435
G01 X80.5257Y73.3187
G01 X80.6157Y73.2519
G01 X80.6530Y73.2201
G01 X80.6536Y73.2208
G01 X80.7336Y73.1483
G01 X80.7683Y73.1136
G01 X80.7920Y73.0874
G00 Z3.0000
G00 X78.4256Y71.8873
G01 Z-0.1600
G01 X78.4264Y71.8775
G01 X78.4441Y71.7611
G01 X78.4732Y71.6470
G01 X78.5133Y71.5363
G01 X78.5641Y71.4301
G01 X78.6251Y71.3293
G01 X78.6956Y71.2350
G01 X78.7700Y71.1531
G01 X78.7700Y68.1679
G01 X78.7077Y68.0845
G01 X78.6477Y67.9842
G01 X78.6020Y67.8864
G01 X78.5661Y67.7846
G01 X78.5422Y67.6894
G01 X78.5249Y67.5729
G01 X78.5201Y67.4651
G01 X78.5259Y67.3573
G01 X78.5405Y67.2590
G01 X78.5661Y67.1554
G01 X78.6020Y67.0536
G01 X78.6477Y66.9558
G01 X78.7028Y66.8630
G01 X78.7667Y66.7760
G01 X78.8388Y66.6957
G01 X78.9185Y66.6229
G01 X79.0055Y66.5577
G01 X79.0972Y66.5023
G01 X79.1946Y66.4557
G01 X79.2960Y66.4189
G01 X79.4006Y66.3922
G01 X79.5073Y66.3759
G01 X79.6151Y66.3701
G01 X79.7229Y66.3749
G01 X79.8310Y66.3905
G01 X79.9346Y66.4161
G01 X80.0454Y66.4557
G01 X80.1428Y66.5023
G01 X80.2270Y66.5528
G01 X80.3216Y66.6229
G01 X80.3943Y66.6888
G01 X80.4671Y66.7685
G01 X80.5372Y66.8630
G01 X80.5923Y66.9558
G01 X80.6343Y67.0446
G01 X80.6739Y67.1554
G01 X80.6997Y67.2602
G01 X80.7141Y67.3573
G01 X80.7199Y67.4651
G01 X80.7151Y67.5729
G01 X80.6995Y67.6810
G01 X80.6739Y67.7846
G01 X80.6380Y67.8864
G01 X80.5923Y67.9842
G01 X80.5372Y68.0770
G01 X80.4700Y68.1680
G01 X80.4700Y71.1531
G01 X80.5506Y71.2426
G01 X80.6154Y71.3300
G01 X80.6759Y71.4301
G01 X80.7267Y71.5363
G01 X80.7696Y71.6564
G01 X80.7976Y71.7695
G01 X80.8136Y71.8775
G01 X80.8199Y71.9951
G01 X80.8136Y72.1225
G01 X80.7976Y72.2305
G01 X80.7696Y72.3436
G01 X80.7304Y72.4546
G01 X80.6805Y72.5613
G01 X80.6204Y72.6625
G01 X80.5506Y72.7574
G01 X80.4719Y72.8450
G01 X80.3850Y72.9244
G01 X80.2825Y73.0004
G01 X80.1813Y73.0605
G01 X80.0746Y73.1104
G01 X79.9636Y73.1496
G01 X79.8493Y73.1778
G01 X79.7327Y73.1946
G01 X79.6151Y73.1999
G01 X79.4975Y73.1936
G01 X79.3895Y73.1776
G01 X79.2764Y73.1496
G01 X79.1654Y73.1104
G01 X79.0587Y73.0605
G01 X78.9575Y73.0004
G01 X78.8550Y72.9244
G01 X78.7681Y72.8450
G01 X78.6894Y72.7574
G01 X78.6246Y72.6700
G01 X78.5595Y72.5613
G01 X78.5096Y72.4546
G01 X78.4704Y72.3436
G01 X78.4422Y72.2293
G01 X78.4254Y72.1127
G01 X78.4201Y71.9951
G01 X78.4256Y71.8873
G00 Z3.0000
G00 X78.3444Y71.5305
G01 Z-0.1600
G01 X78.3556Y71.5305
G01 X78.3500Y71.5461
G01 X78.3444Y71.5305
G00 Z3.0000
G00 X73.3456Y71.8873
G01 Z-0.1600
G01 X73.3464Y71.8775
G01 X73.3641Y71.7611
G01 X73.3932Y71.6470
G01 X73.4296Y71.5454
G01 X73.4841Y71.4301
G01 X73.5451Y71.3293
G01 X73.6094Y71.2426
G01 X73.6950Y71.1481
G01 X73.7826Y71.0694
G01 X73.8700Y71.0046
G01 X73.9701Y70.9441
G01 X74.0763Y70.8933
G01 X74.1964Y70.8504
G01 X74.3107Y70.8222
G01 X74.4175Y70.8064
G01 X74.5449Y70.8001
G01 X74.6625Y70.8064
G01 X74.7705Y70.8224
G01 X74.8836Y70.8504
G01 X74.9946Y70.8896
G01 X75.1099Y70.9441
G01 X75.2107Y71.0051
G01 X75.2974Y71.0694
G01 X75.3850Y71.1481
G01 X75.4644Y71.2350
G01 X75.5404Y71.3375
G01 X75.6005Y71.4387
G01 X75.6467Y71.5363
G01 X75.6533Y71.5533
G01 X75.6901Y71.5946
G01 X75.7344Y71.6544
G01 X75.7772Y71.7250
G01 X75.8133Y71.8002
G01 X75.8447Y71.8880
G01 X75.8645Y71.9690
G01 X75.8763Y72.0516
G01 X75.8800Y72.1300
G01 X75.8800Y72.5779
G01 X75.9810Y72.6789
G01 X76.0338Y72.7370
G01 X76.0844Y72.8044
G01 X76.1272Y72.8750
G01 X76.1633Y72.9502
G01 X76.1919Y73.0286
G01 X76.2126Y73.1094
G01 X76.2253Y73.1918
G01 X76.2300Y73.2800
G01 X76.2300Y76.4491
G01 X76.2386Y76.4146
G01 X76.2337Y76.3784
G01 X76.2300Y76.3000
G01 X76.2300Y72.8469
G01 X76.1494Y72.7574
G01 X76.0846Y72.6700
G01 X76.0241Y72.5699
G01 X75.9696Y72.4546
G01 X75.9304Y72.3436
G01 X75.9041Y72.2389
G01 X75.8854Y72.1127
G01 X75.8801Y72.0049
G01 X75.8854Y71.8873
G01 X75.9041Y71.7611
G01 X75.9332Y71.6470
G01 X75.9696Y71.5454
G01 X76.0241Y71.4301
G01 X76.0851Y71.3293
G01 X76.1494Y71.2426
G01 X76.2350Y71.1481
G01 X76.3226Y71.0694
G01 X76.4100Y71.0046
G01 X76.5187Y70.9395
G01 X76.6254Y70.8896
G01 X76.7270Y70.8532
G01 X76.8507Y70.8222
G01 X76.9575Y70.8064
G01 X77.0751Y70.8001
G01 X77.2025Y70.8064
G01 X77.3105Y70.8224
G01 X77.4236Y70.8504
G01 X77.5437Y70.8933
G01 X77.6499Y70.9441
G01 X77.7425Y70.9996
G01 X77.8450Y71.0756
G01 X77.9250Y71.1481
G01 X78.0044Y71.2350
G01 X78.0804Y71.3375
G01 X78.1405Y71.4387
G01 X78.1867Y71.5363
G01 X78.2296Y71.6564
G01 X78.2578Y71.7707
G01 X78.2736Y71.8775
G01 X78.2799Y72.0049
G01 X78.2736Y72.1225
G01 X78.2576Y72.2305
G01 X78.2268Y72.3530
G01 X78.1867Y72.4637
G01 X78.1405Y72.5613
G01 X78.0749Y72.6707
G01 X78.0044Y72.7650
G01 X77.9300Y72.8469
G01 X77.9300Y76.2979
G01 X78.7156Y77.0835
G01 X78.7302Y77.0803
G01 X78.8273Y77.0659
G01 X78.9449Y77.0601
G01 X79.0527Y77.0659
G01 X79.1498Y77.0803
G01 X79.2640Y77.1089
G01 X79.3654Y77.1457
G01 X79.4628Y77.1923
G01 X79.5470Y77.2428
G01 X79.6416Y77.3129
G01 X79.7143Y77.3788
G01 X79.7871Y77.4585
G01 X79.8572Y77.5530
G01 X79.9123Y77.6458
G01 X79.9543Y77.7346
G01 X79.9939Y77.8454
G01 X80.0197Y77.9502
G01 X80.0351Y78.0571
G01 X80.0399Y78.1551
G01 X80.0341Y78.2727
G01 X80.0195Y78.3710
G01 X79.9939Y78.4746
G01 X79.9580Y78.5764
G01 X79.9123Y78.6742
G01 X79.8572Y78.7670
G01 X79.7933Y78.8540
G01 X79.7212Y78.9343
G01 X79.6340Y79.0133
G01 X79.5545Y79.0723
G01 X79.5159Y79.0959
G01 X79.4554Y79.1501
G01 X79.3881Y79.1994
G01 X79.3163Y79.2418
G01 X79.2407Y79.2771
G01 X79.1620Y79.3047
G01 X79.0810Y79.3245
G01 X79.0082Y79.3353
G01 X78.9249Y79.3399
G01 X78.8416Y79.3363
G01 X78.7578Y79.3243
G01 X78.6780Y79.3047
G01 X78.5993Y79.2771
G01 X78.5237Y79.2418
G01 X78.4519Y79.1994
G01 X78.3846Y79.1501
G01 X78.3190Y79.0910
G01 X78.2019Y78.9739
G01 X78.1657Y78.9412
G01 X78.1261Y78.8981
G01 X76.4590Y77.2310
G01 X76.3999Y77.1654
G01 X76.3556Y77.1056
G01 X76.3128Y77.0350
G01 X76.2729Y76.9507
G01 X76.2481Y76.8814
G01 X76.2300Y76.8109
G01 X76.2300Y77.1339
G01 X79.2961Y80.2000
G01 X80.0500Y80.2000
G01 X80.1382Y80.2047
G01 X80.2122Y80.2157
G01 X80.3014Y80.2381
G01 X80.3798Y80.2667
G01 X80.4463Y80.2982
G01 X80.5181Y80.3406
G01 X80.5854Y80.3899
G01 X80.6510Y80.4490
G01 X80.9810Y80.7789
G01 X81.0338Y80.8370
G01 X81.0844Y80.9044
G01 X81.1272Y80.9750
G01 X81.1633Y81.0502
G01 X81.1702Y81.0681
G01 X81.4110Y81.3090
G01 X81.4701Y81.3746
G01 X81.5144Y81.4344
G01 X81.5572Y81.5050
G01 X81.5971Y81.5893
G01 X81.6247Y81.6680
G01 X81.6426Y81.7394
G01 X81.6563Y81.8316
G01 X81.6600Y81.9100
G01 X81.6600Y82.3349
G01 X81.6643Y82.3536
G01 X81.6753Y82.4276
G01 X81.6799Y82.5109
G01 X81.6753Y82.6040
G01 X81.6626Y82.6864
G01 X81.6419Y82.7672
G01 X81.6133Y82.8456
G01 X81.5818Y82.9121
G01 X81.5394Y82.9839
G01 X81.4901Y83.0512
G01 X81.4344Y83.1133
G01 X81.3654Y83.1759
G01 X81.2981Y83.2252
G01 X81.2350Y83.2630
G01 X81.2100Y83.2754
G01 X81.2100Y85.2900
G01 X81.2075Y85.3341
G01 X81.2030Y85.3644
G01 X81.1941Y85.4014
G01 X81.1776Y85.4476
G01 X81.1604Y85.4828
G01 X81.1398Y85.5162
G01 X81.1160Y85.5475
G01 X81.0928Y85.5728
G01 X80.6419Y86.0238
G01 X80.6704Y86.0854
G01 X80.7068Y86.1870
G01 X80.7359Y86.3011
G01 X80.7546Y86.4273
G01 X80.7599Y86.5449
G01 X80.7536Y86.6625
G01 X80.7376Y86.7705
G01 X80.7096Y86.8836
G01 X80.6704Y86.9946
G01 X80.6205Y87.1013
G01 X80.5604Y87.2025
G01 X80.4906Y87.2974
G01 X80.4050Y87.3919
G01 X80.3174Y87.4706
G01 X80.2300Y87.5354
G01 X80.1299Y87.5959
G01 X80.0237Y87.6467
G01 X79.9036Y87.6896
G01 X79.7893Y87.7178
G01 X79.6825Y87.7336
G01 X79.5649Y87.7399
G01 X79.4375Y87.7336
G01 X79.3295Y87.7176
G01 X79.2164Y87.6896
G01 X79.1054Y87.6504
G01 X78.9901Y87.5959
G01 X78.8893Y87.5349
G01 X78.7950Y87.4644
G01 X78.7150Y87.3919
G01 X78.6356Y87.3050
G01 X78.5646Y87.2100
G01 X78.4995Y87.1013
G01 X78.4496Y86.9946
G01 X78.4104Y86.8836
G01 X78.3841Y86.7789
G01 X78.3654Y86.6527
G01 X78.3601Y86.5449
G01 X78.3654Y86.4273
G01 X78.3824Y86.3095
G01 X78.4132Y86.1870
G01 X78.4533Y86.0763
G01 X78.5041Y85.9701
G01 X78.5651Y85.8693
G01 X78.6294Y85.7826
G01 X78.7081Y85.6950
G01 X78.8026Y85.6094
G01 X78.8975Y85.5396
G01 X78.9987Y85.4795
G01 X79.0963Y85.4333
G01 X79.2070Y85.3932
G01 X79.3211Y85.3641
G01 X79.4473Y85.3454
G01 X79.5551Y85.3401
G01 X79.6727Y85.3454
G01 X79.7905Y85.3624
G01 X79.9130Y85.3932
G01 X80.0146Y85.4296
G01 X80.0762Y85.4581
G01 X80.4100Y85.1243
G01 X80.4100Y83.2540
G01 X80.3538Y83.2197
G01 X80.2871Y83.1697
G01 X80.2290Y83.1169
G01 X80.2056Y83.0933
G01 X80.1561Y83.0388
G01 X80.1006Y82.9639
G01 X80.0582Y82.8921
G01 X80.0267Y82.8256
G01 X79.9953Y82.7378
G01 X79.9755Y82.6568
G01 X79.9647Y82.5840
G01 X79.9600Y82.4958
G01 X79.9600Y82.2621
G01 X79.5979Y81.9000
G01 X78.9440Y81.9000
G01 X78.8656Y81.8963
G01 X78.7818Y81.8843
G01 X78.6926Y81.8619
G01 X78.6142Y81.8333
G01 X78.5390Y81.7972
G01 X78.4678Y81.7539
G01 X78.4086Y81.7101
G01 X78.3430Y81.6510
G01 X74.7790Y78.0870
G01 X74.7199Y78.0214
G01 X74.6706Y77.9541
G01 X74.6282Y77.8823
G01 X74.5967Y77.8158
G01 X74.5653Y77.7280
G01 X74.5455Y77.6470
G01 X74.5347Y77.5742
G01 X74.5301Y77.4909
G01 X74.5300Y73.6321
G01 X74.4290Y73.5310
G01 X74.3761Y73.4729
G01 X74.3256Y73.4056
G01 X74.2828Y73.3350
G01 X74.2467Y73.2598
G01 X74.2181Y73.1814
G01 X74.2106Y73.1532
G01 X74.1870Y73.1468
G01 X74.0763Y73.1067
G01 X73.9701Y73.0559
G01 X73.8693Y72.9949
G01 X73.7750Y72.9244
G01 X73.6881Y72.8450
G01 X73.6094Y72.7574
G01 X73.5446Y72.6700
G01 X73.4841Y72.5699
G01 X73.4333Y72.4637
G01 X73.3904Y72.3436
G01 X73.3622Y72.2293
G01 X73.3454Y72.1127
G01 X73.3401Y71.9951
G01 X73.3456Y71.8873
G00 Z3.0000
G00 X69.8800Y67.0621
G01 Z-0.1600
G01 X69.9003Y67.0723
G01 X69.9229Y67.0817
G01 X69.9445Y67.0889
G01 X69.8800Y67.1533
G01 X69.8800Y67.0621
G00 Z3.0000
G00 X67.5367Y66.6566
G01 Z-0.1600
G01 X67.5527Y66.6480
G01 X67.6369Y66.5975
G01 X67.6837Y66.5665
G01 X67.7667Y66.5050
G01 X67.8133Y66.4652
G01 X67.8141Y66.4661
G01 X67.8868Y66.4002
G01 X67.9359Y66.3505
G01 X67.9598Y66.3768
G01 X68.0050Y66.4219
G01 X68.0050Y66.8009
G01 X67.7751Y67.0309
G01 X67.7371Y67.0560
G01 X67.7123Y66.9868
G01 X67.6889Y66.9301
G01 X67.6469Y66.8414
G01 X67.6180Y66.7873
G01 X67.5676Y66.7031
G01 X67.5367Y66.6566
G00 Z3.0000
G00 X67.3435Y66.6113
G01 Z-0.1600
G01 X67.3565Y66.6059
G01 X67.4452Y66.5639
G01 X67.4884Y66.5408
G01 X67.5726Y66.4903
G01 X67.6101Y66.4655
G01 X67.6922Y66.4046
G01 X67.7295Y66.3728
G01 X67.7302Y66.3735
G01 X67.8029Y66.3076
G01 X67.8376Y66.2729
G01 X67.9035Y66.2002
G01 X67.9376Y66.1582
G01 X67.9554Y66.1822
G01 X67.9872Y66.2195
G01 X67.9865Y66.2202
G01 X68.0524Y66.2929
G01 X68.0871Y66.3276
G01 X68.1300Y66.3665
G01 X68.1300Y66.8527
G01 X67.8540Y67.1287
G01 X67.8112Y67.1568
G01 X67.7684Y67.1884
G01 X67.7311Y67.2203
G01 X67.7305Y67.2196
G01 X67.6941Y67.2525
G01 X67.6688Y67.2779
G01 X67.6658Y67.2634
G01 X67.6420Y67.1682
G01 X67.6272Y67.1215
G01 X67.6277Y67.1213
G01 X67.5947Y67.0289
G01 X67.5759Y66.9835
G01 X67.5339Y66.8948
G01 X67.5108Y66.8516
G01 X67.4603Y66.7674
G01 X67.4355Y66.7299
G01 X67.3746Y66.6478
G01 X67.3435Y66.6113
G00 Z3.0000
G00 X67.1168Y66.5569
G01 Z-0.1600
G01 X67.1414Y66.5507
G01 X67.1766Y66.5400
G01 X67.2690Y66.5070
G01 X67.3030Y66.4929
G01 X67.3917Y66.4509
G01 X67.4242Y66.4336
G01 X67.5084Y66.3831
G01 X67.5365Y66.3645
G01 X67.6178Y66.3042
G01 X67.6457Y66.2803
G01 X67.6462Y66.2809
G01 X67.7189Y66.2150
G01 X67.7450Y66.1889
G01 X67.8109Y66.1162
G01 X67.8342Y66.0878
G01 X67.8927Y66.0090
G01 X67.9131Y65.9784
G01 X67.9390Y65.9352
G01 X67.9769Y65.9984
G01 X67.9955Y66.0265
G01 X68.0558Y66.1078
G01 X68.0797Y66.1357
G01 X68.0791Y66.1362
G01 X68.1450Y66.2089
G01 X68.1711Y66.2350
G01 X68.2438Y66.3009
G01 X68.2550Y66.3101
G01 X68.2550Y66.9045
G01 X67.9315Y67.2280
G01 X67.9129Y67.2392
G01 X67.8848Y67.2578
G01 X67.8429Y67.2888
G01 X67.8149Y67.3127
G01 X67.8144Y67.3122
G01 X67.7781Y67.3451
G01 X67.7521Y67.3711
G01 X67.7191Y67.4075
G01 X67.6958Y67.4360
G01 X67.6665Y67.4754
G01 X67.6461Y67.5060
G01 X67.6349Y67.5246
G01 X67.5745Y67.5849
G01 X67.5745Y67.5616
G01 X67.5697Y67.4636
G01 X67.5661Y67.4270
G01 X67.5510Y67.3253
G01 X67.5445Y67.2938
G01 X67.5207Y67.1986
G01 X67.5100Y67.1634
G01 X67.4770Y67.0710
G01 X67.4629Y67.0370
G01 X67.4209Y66.9483
G01 X67.4036Y66.9158
G01 X67.3531Y66.8316
G01 X67.3345Y66.8035
G01 X67.2742Y66.7222
G01 X67.2503Y66.6943
G01 X67.2509Y66.6938
G01 X67.1850Y66.6211
G01 X67.1589Y66.5950
G01 X67.1168Y66.5569
G00 Z3.0000
G00 X66.7908Y66.4788
G01 Z-0.1600
G01 X66.8703Y66.4749
G01 X66.8947Y66.4725
G01 X66.9918Y66.4581
G01 X67.0158Y66.4533
G01 X67.1110Y66.4294
G01 X67.1345Y66.4223
G01 X67.2269Y66.3893
G01 X67.2496Y66.3799
G01 X67.3383Y66.3379
G01 X67.3599Y66.3264
G01 X67.4441Y66.2759
G01 X67.4628Y66.2635
G01 X67.5433Y66.2038
G01 X67.5623Y66.1882
G01 X67.6350Y66.1223
G01 X67.6523Y66.1050
G01 X67.7182Y66.0323
G01 X67.7338Y66.0133
G01 X67.7923Y65.9345
G01 X67.8059Y65.9141
G01 X67.8564Y65.8299
G01 X67.8679Y65.8083
G01 X67.9099Y65.7196
G01 X67.9193Y65.6969
G01 X67.9414Y65.6350
G01 X67.9707Y65.7169
G01 X67.9801Y65.7396
G01 X68.0221Y65.8283
G01 X68.0336Y65.8499
G01 X68.0841Y65.9341
G01 X68.0965Y65.9528
G01 X68.1562Y66.0333
G01 X68.1718Y66.0523
G01 X68.2377Y66.1250
G01 X68.2550Y66.1423
G01 X68.3277Y66.2082
G01 X68.3467Y66.2238
G01 X68.3800Y66.2485
G01 X68.3800Y66.9563
G01 X68.0090Y67.3273
G01 X67.9772Y67.3464
G01 X67.9584Y67.3588
G01 X67.9173Y67.3892
G01 X67.8984Y67.4048
G01 X67.8620Y67.4377
G01 X67.8447Y67.4551
G01 X67.8117Y67.4914
G01 X67.7962Y67.5104
G01 X67.7669Y67.5498
G01 X67.7533Y67.5702
G01 X67.7342Y67.6020
G01 X67.3969Y67.9393
G01 X67.4233Y67.8358
G01 X67.4276Y67.8148
G01 X67.4425Y67.7147
G01 X67.4449Y67.6903
G01 X67.4497Y67.5923
G01 X67.4497Y67.5677
G01 X67.4449Y67.4697
G01 X67.4425Y67.4453
G01 X67.4276Y67.3452
G01 X67.4233Y67.3242
G01 X67.3994Y67.2290
G01 X67.3923Y67.2055
G01 X67.3593Y67.1131
G01 X67.3499Y67.0904
G01 X67.3079Y67.0017
G01 X67.2964Y66.9801
G01 X67.2459Y66.8959
G01 X67.2335Y66.8772
G01 X67.1738Y66.7967
G01 X67.1582Y66.7777
G01 X67.0923Y66.7050
G01 X67.0750Y66.6877
G01 X67.0023Y66.6218
G01 X66.9833Y66.6062
G01 X66.9045Y66.5477
G01 X66.8841Y66.5341
G01 X66.7908Y66.4788
G00 Z3.0000
G00 X65.3464Y66.6683
G01 Z-0.1600
G01 X65.8888Y66.1258
G01 X65.9577Y66.1882
G01 X65.9767Y66.2038
G01 X66.0555Y66.2623
G01 X66.0759Y66.2759
G01 X66.1692Y66.3312
G01 X66.0897Y66.3351
G01 X66.0653Y66.3375
G01 X65.9682Y66.3519
G01 X65.9442Y66.3567
G01 X65.8490Y66.3806
G01 X65.8255Y66.3877
G01 X65.7331Y66.4207
G01 X65.7104Y66.4301
G01 X65.6217Y66.4721
G01 X65.6001Y66.4836
G01 X65.5159Y66.5341
G01 X65.4972Y66.5465
G01 X65.4167Y66.6062
G01 X65.3977Y66.6218
G01 X65.3464Y66.6683
G00 Z3.0000
G00 X64.9720Y67.3482
G01 Z-0.1600
G01 X64.9700Y67.3612
G01 X64.9700Y67.0447
G01 X65.2883Y66.7264
G01 X65.2418Y66.7777
G01 X65.2262Y66.7967
G01 X65.1677Y66.8755
G01 X65.1541Y66.8959
G01 X65.1036Y66.9801
G01 X65.0921Y67.0017
G01 X65.0501Y67.0904
G01 X65.0407Y67.1131
G01 X65.0077Y67.2055
G01 X65.0006Y67.2290
G01 X64.9767Y67.3242
G01 X64.9720Y67.3482
G00 Z3.0000
G00 X65.1172Y68.2026
G01 Z-0.1600
G01 X64.9700Y68.0553
G01 X64.9700Y67.7988
G01 X64.9767Y67.8358
G01 X65.0006Y67.9310
G01 X65.0077Y67.9545
G01 X65.0407Y68.0469
G01 X65.0501Y68.0696
G01 X65.0921Y68.1583
G01 X65.1036Y68.1799
G01 X65.1172Y68.2026
G00 Z3.0000
G00 X67.7027Y69.7401
G01 Z-0.1600
G01 X67.7035Y69.7303
G01 X67.7126Y69.6721
G01 X67.7274Y69.6152
G01 X67.7477Y69.5599
G01 X67.7733Y69.5069
G01 X67.8040Y69.4566
G01 X67.8394Y69.4096
G01 X67.8757Y69.3697
G01 X72.7845Y64.4610
G01 X72.8227Y64.4187
G01 X73.7857Y63.4557
G01 X73.8332Y63.4132
G01 X73.8808Y63.3785
G01 X73.9315Y63.3486
G01 X73.9759Y63.3277
G01 X74.0312Y63.3074
G01 X74.0978Y63.2907
G01 X74.1561Y63.2825
G01 X74.2100Y63.2800
G01 X85.5586Y63.2800
G01 X85.5682Y63.2649
G01 X85.6267Y63.1860
G01 X85.7057Y63.0988
G01 X85.7860Y63.0267
G01 X85.8655Y62.9677
G01 X85.9572Y62.9123
G01 X86.0546Y62.8657
G01 X86.1654Y62.8261
G01 X86.2702Y62.8003
G01 X86.3673Y62.7859
G01 X86.4849Y62.7801
G01 X86.5927Y62.7859
G01 X86.6898Y62.8003
G01 X86.8040Y62.8289
G01 X86.9054Y62.8657
G01 X86.9942Y62.9077
G01 X87.0951Y62.9682
G01 X87.1740Y63.0267
G01 X87.2543Y63.0988
G01 X87.3271Y63.1785
G01 X87.3918Y63.2649
G01 X87.4523Y63.3658
G01 X87.4980Y63.4636
G01 X87.5311Y63.5560
G01 X87.5578Y63.6606
G01 X87.5751Y63.7771
G01 X87.5799Y63.8849
G01 X87.5741Y63.9927
G01 X87.5595Y64.0910
G01 X87.5311Y64.2040
G01 X87.4943Y64.3054
G01 X87.4477Y64.4028
G01 X87.3972Y64.4870
G01 X87.3333Y64.5740
G01 X87.2612Y64.6543
G01 X87.1740Y64.7333
G01 X87.0870Y64.7972
G01 X86.9942Y64.8523
G01 X86.9054Y64.8943
G01 X86.8040Y64.9311
G01 X86.6994Y64.9578
G01 X86.5829Y64.9751
G01 X86.4849Y64.9799
G01 X86.3771Y64.9751
G01 X86.2686Y64.9594
G01 X86.1560Y64.9311
G01 X86.0546Y64.8943
G01 X85.9658Y64.8523
G01 X85.8649Y64.7918
G01 X85.7860Y64.7333
G01 X85.7057Y64.6612
G01 X85.6267Y64.5740
G01 X85.5677Y64.4945
G01 X85.5586Y64.4800
G01 X74.4585Y64.4800
G01 X73.7095Y65.2290
G01 X73.6713Y65.2713
G01 X68.9000Y70.0425
G01 X68.9000Y82.8655
G01 X68.9306Y82.8960
G01 X68.9454Y82.8896
G01 X69.0470Y82.8532
G01 X69.1707Y82.8222
G01 X69.2775Y82.8064
G01 X69.3951Y82.8001
G01 X69.5225Y82.8064
G01 X69.6305Y82.8224
G01 X69.7436Y82.8504
G01 X69.8546Y82.8896
G01 X69.9613Y82.9395
G01 X70.0625Y82.9996
G01 X70.1574Y83.0694
G01 X70.2519Y83.1550
G01 X70.3306Y83.2426
G01 X70.3954Y83.3300
G01 X70.4559Y83.4301
G01 X70.5067Y83.5363
G01 X70.5496Y83.6564
G01 X70.5778Y83.7707
G01 X70.5936Y83.8775
G01 X70.5999Y83.9951
G01 X70.5946Y84.1127
G01 X70.5776Y84.2305
G01 X70.5496Y84.3436
G01 X70.5104Y84.4546
G01 X70.4559Y84.5699
G01 X70.3949Y84.6707
G01 X70.3244Y84.7650
G01 X70.2450Y84.8519
G01 X70.1574Y84.9306
G01 X70.0700Y84.9954
G01 X69.9613Y85.0605
G01 X69.8546Y85.1104
G01 X69.7436Y85.1496
G01 X69.6293Y85.1778
G01 X69.5225Y85.1936
G01 X69.4049Y85.1999
G01 X69.2775Y85.1936
G01 X69.1695Y85.1776
G01 X69.0564Y85.1496
G01 X68.9454Y85.1104
G01 X68.8301Y85.0559
G01 X68.7293Y84.9949
G01 X68.6350Y84.9244
G01 X68.5550Y84.8519
G01 X68.4756Y84.7650
G01 X68.4046Y84.6700
G01 X68.3395Y84.5613
G01 X68.2896Y84.4546
G01 X68.2504Y84.3436
G01 X68.2222Y84.2293
G01 X68.2054Y84.1127
G01 X68.2001Y83.9951
G01 X68.2054Y83.8873
G01 X68.2075Y83.8700
G01 X67.8757Y83.5383
G01 X67.8394Y83.4984
G01 X67.8035Y83.4507
G01 X67.7687Y83.3925
G01 X67.7439Y83.3390
G01 X67.7245Y83.2835
G01 X67.7107Y83.2262
G01 X67.7035Y83.1777
G01 X67.7000Y83.1140
G01 X67.7000Y69.7940
G01 X67.7027Y69.7401
G00 Z3.0000
G00 X67.9486Y64.8450
G01 Z-0.1600
G01 X67.9408Y64.8232
G01 X67.9564Y64.8232
G01 X67.9486Y64.8450
G00 Z3.0000
G00 X57.4601Y59.0883
G01 Z-0.1600
G01 X57.4799Y59.0883
G01 X57.4700Y59.1161
G01 X57.4601Y59.0883
G00 Z3.0000
G00 X54.9201Y59.0883
G01 Z-0.1600
G01 X54.9399Y59.0883
G01 X54.9300Y59.1161
G01 X54.9201Y59.0883
G00 Z3.0000
G00 X52.3801Y59.0883
G01 Z-0.1600
G01 X52.3999Y59.0883
G01 X52.3900Y59.1161
G01 X52.3801Y59.0883
G00 Z3.0000
G00 X49.8401Y59.0883
G01 Z-0.1600
G01 X49.8599Y59.0883
G01 X49.8500Y59.1161
G01 X49.8401Y59.0883
G00 Z3.0000
G00 X47.3001Y59.0883
G01 Z-0.1600
G01 X47.3199Y59.0883
G01 X47.3100Y59.1161
G01 X47.3001Y59.0883
G00 Z3.0000
G00 X44.7601Y59.0883
G01 Z-0.1600
G01 X44.7799Y59.0883
G01 X44.7700Y59.1161
G01 X44.7601Y59.0883
G00 Z3.0000
G00 X42.2201Y59.0883
G01 Z-0.1600
G01 X42.2399Y59.0883
G01 X42.2300Y59.1161
G01 X42.2201Y59.0883
G00 Z3.0000
G00 X40.8706Y58.1745
G01 Z-0.1600
G01 X40.8776Y58.1961
G01 X40.8891Y58.2232
G01 X40.8399Y58.2256
G01 X40.8172Y58.2278
G01 X40.8706Y58.1745
G00 Z3.0000
G00 X41.2826Y55.5500
G01 Z-0.1600
G01 X41.3737Y55.5500
G01 X41.3091Y55.6146
G01 X41.3021Y55.5930
G01 X41.2927Y55.5703
G01 X41.2826Y55.5500
G00 Z3.0000
G00 X37.1500Y59.1161
G01 Z-0.1600
G01 X37.1401Y59.0883
G01 X37.1599Y59.0883
G01 X37.1500Y59.1161
G00 Z3.0000
G00 X37.2256Y59.4573
G01 Z-0.1600
G01 X37.2264Y59.4475
G01 X37.2425Y59.3391
G01 X37.2704Y59.2264
G01 X37.3096Y59.1154
G01 X37.3595Y59.0087
G01 X37.4196Y58.9075
G01 X37.4894Y58.8126
G01 X37.5681Y58.7250
G01 X37.6550Y58.6456
G01 X37.7500Y58.5746
G01 X37.8587Y58.5095
G01 X37.9654Y58.4596
G01 X38.0764Y58.4204
G01 X38.1811Y58.3941
G01 X38.3073Y58.3754
G01 X38.4249Y58.3701
G01 X38.5425Y58.3764
G01 X38.6505Y58.3924
G01 X38.7251Y58.4107
G01 X41.5637Y55.5724
G01 X41.6076Y55.5332
G01 X41.6552Y55.4985
G01 X41.7059Y55.4687
G01 X41.7593Y55.4439
G01 X41.8149Y55.4246
G01 X41.8625Y55.4126
G01 X41.9207Y55.4035
G01 X41.9795Y55.4002
G01 X93.0000Y55.4000
G01 X93.0637Y55.4035
G01 X93.1218Y55.4126
G01 X93.1788Y55.4274
G01 X93.2341Y55.4477
G01 X93.2784Y55.4687
G01 X93.3292Y55.4985
G01 X93.3767Y55.5332
G01 X93.4242Y55.5758
G01 X93.4827Y55.6342
G01 X93.5402Y55.6203
G01 X93.6373Y55.6059
G01 X93.7451Y55.6001
G01 X93.8529Y55.6049
G01 X93.9614Y55.6206
G01 X94.0739Y55.6489
G01 X94.1754Y55.6857
G01 X94.2728Y55.7323
G01 X94.3651Y55.7882
G01 X94.4439Y55.8467
G01 X94.5242Y55.9188
G01 X94.5971Y55.9985
G01 X94.6622Y56.0855
G01 X94.7223Y56.1858
G01 X94.7680Y56.2836
G01 X94.8039Y56.3854
G01 X94.8278Y56.4806
G01 X94.8441Y56.5873
G01 X94.8499Y56.6951
G01 X94.8450Y56.8029
G01 X94.8294Y56.9114
G01 X94.8039Y57.0146
G01 X94.7680Y57.1164
G01 X94.7223Y57.2142
G01 X94.6672Y57.3070
G01 X94.6033Y57.3940
G01 X94.5312Y57.4743
G01 X94.4515Y57.5471
G01 X94.3644Y57.6123
G01 X94.2728Y57.6677
G01 X94.1754Y57.7143
G01 X94.0739Y57.7511
G01 X93.9694Y57.7778
G01 X93.8529Y57.7951
G01 X93.7451Y57.7999
G01 X93.6373Y57.7941
G01 X93.5386Y57.7794
G01 X93.4260Y57.7511
G01 X93.3245Y57.7143
G01 X93.2272Y57.6677
G01 X93.1348Y57.6118
G01 X93.0484Y57.5471
G01 X92.9688Y57.4743
G01 X92.8966Y57.3940
G01 X92.8327Y57.3070
G01 X92.7777Y57.2142
G01 X92.7319Y57.1164
G01 X92.6960Y57.0146
G01 X92.6703Y56.9098
G01 X92.6549Y56.8029
G01 X92.6501Y56.7049
G01 X92.6548Y56.6000
G01 X42.2329Y56.6000
G01 X39.5770Y59.2559
G01 X39.5978Y59.3407
G01 X39.6136Y59.4475
G01 X39.6199Y59.5651
G01 X39.6200Y60.8400
G01 X39.6146Y60.9527
G01 X39.5975Y61.0709
G01 X39.5696Y61.1836
G01 X39.5304Y61.2946
G01 X39.4759Y61.4099
G01 X39.4149Y61.5107
G01 X39.3506Y61.5974
G01 X39.2650Y61.6919
G01 X39.1774Y61.7706
G01 X39.0900Y61.8354
G01 X38.9813Y61.9005
G01 X38.8746Y61.9504
G01 X38.7730Y61.9868
G01 X38.6493Y62.0178
G01 X38.5425Y62.0336
G01 X38.4249Y62.0399
G01 X38.2975Y62.0336
G01 X38.1895Y62.0176
G01 X38.0764Y61.9896
G01 X37.9563Y61.9467
G01 X37.8501Y61.8959
G01 X37.7575Y61.8404
G01 X37.6550Y61.7644
G01 X37.5750Y61.6919
G01 X37.4956Y61.6050
G01 X37.4196Y61.5025
G01 X37.3595Y61.4013
G01 X37.3133Y61.3037
G01 X37.2732Y61.1930
G01 X37.2441Y61.0789
G01 X37.2264Y60.9625
G01 X37.2201Y60.8449
G01 X37.2200Y59.5700
G01 X37.2256Y59.4573
G00 Z3.0000
G00 X37.1599Y61.3217
G01 Z-0.1600
G01 X37.1401Y61.3217
G01 X37.1500Y61.2939
G01 X37.1599Y61.3217
G00 Z3.0000
G00 X38.5094Y62.2355
G01 Z-0.1600
G01 X38.5024Y62.2139
G01 X38.4909Y62.1868
G01 X38.5401Y62.1844
G01 X38.5628Y62.1822
G01 X38.5094Y62.2355
G00 Z3.0000
G00 X34.6001Y61.3217
G01 Z-0.1600
G01 X34.6100Y61.2939
G01 X34.6199Y61.3217
G01 X34.6001Y61.3217
G00 Z3.0000
G00 X34.6856Y59.4573
G01 Z-0.1600
G01 X34.6864Y59.4475
G01 X34.7041Y59.3311
G01 X34.7332Y59.2170
G01 X34.7696Y59.1154
G01 X34.8241Y59.0001
G01 X34.8851Y58.8993
G01 X34.9494Y58.8126
G01 X35.0350Y58.7181
G01 X35.1226Y58.6394
G01 X35.2100Y58.5746
G01 X35.3187Y58.5095
G01 X35.4254Y58.4596
G01 X35.5270Y58.4232
G01 X35.6507Y58.3922
G01 X35.7575Y58.3764
G01 X35.8751Y58.3701
G01 X36.0025Y58.3764
G01 X36.1105Y58.3924
G01 X36.2236Y58.4204
G01 X36.3437Y58.4633
G01 X36.4499Y58.5141
G01 X36.5425Y58.5696
G01 X36.6450Y58.6456
G01 X36.7250Y58.7181
G01 X36.8044Y58.8050
G01 X36.8804Y58.9075
G01 X36.9405Y59.0087
G01 X36.9867Y59.1063
G01 X37.0296Y59.2264
G01 X37.0559Y59.3311
G01 X37.0736Y59.4475
G01 X37.0800Y59.5700
G01 X37.0800Y60.8400
G01 X37.0746Y60.9527
G01 X37.0575Y61.0709
G01 X37.0296Y61.1836
G01 X36.9904Y61.2946
G01 X36.9405Y61.4013
G01 X36.8804Y61.5025
G01 X36.8106Y61.5974
G01 X36.7319Y61.6850
G01 X36.6450Y61.7644
G01 X36.5500Y61.8354
G01 X36.4499Y61.8959
G01 X36.3437Y61.9467
G01 X36.2330Y61.9868
G01 X36.1189Y62.0159
G01 X36.0025Y62.0336
G01 X35.8849Y62.0399
G01 X35.7673Y62.0346
G01 X35.6495Y62.0176
G01 X35.5364Y61.9896
G01 X35.4254Y61.9504
G01 X35.3187Y61.9005
G01 X35.2175Y61.8404
G01 X35.1226Y61.7706
G01 X35.0350Y61.6919
G01 X34.9556Y61.6050
G01 X34.8796Y61.5025
G01 X34.8195Y61.4013
G01 X34.7733Y61.3037
G01 X34.7304Y61.1836
G01 X34.7022Y61.0693
G01 X34.6864Y60.9625
G01 X34.6800Y60.8400
G01 X34.6800Y59.5700
G01 X34.6856Y59.4573
G00 Z3.0000
G00 X34.6199Y59.0883
G01 Z-0.1600
G01 X34.6100Y59.1161
G01 X34.6001Y59.0883
G01 X34.6199Y59.0883
G00 Z3.0000
G00 X32.1456Y59.4573
G01 Z-0.1600
G01 X32.1464Y59.4475
G01 X32.1641Y59.3311
G01 X32.1932Y59.2170
G01 X32.2296Y59.1154
G01 X32.2841Y59.0001
G01 X32.3451Y58.8993
G01 X32.4094Y58.8126
G01 X32.4950Y58.7181
G01 X32.5826Y58.6394
G01 X32.6700Y58.5746
G01 X32.7787Y58.5095
G01 X32.8854Y58.4596
G01 X32.9870Y58.4232
G01 X33.1107Y58.3922
G01 X33.2175Y58.3764
G01 X33.3351Y58.3701
G01 X33.4625Y58.3764
G01 X33.5705Y58.3924
G01 X33.6836Y58.4204
G01 X33.8037Y58.4633
G01 X33.9099Y58.5141
G01 X34.0025Y58.5696
G01 X34.1050Y58.6456
G01 X34.1850Y58.7181
G01 X34.2644Y58.8050
G01 X34.3404Y58.9075
G01 X34.4005Y59.0087
G01 X34.4467Y59.1063
G01 X34.4896Y59.2264
G01 X34.5159Y59.3311
G01 X34.5336Y59.4475
G01 X34.5400Y59.5700
G01 X34.5400Y60.8400
G01 X34.5346Y60.9527
G01 X34.5175Y61.0709
G01 X34.4896Y61.1836
G01 X34.4504Y61.2946
G01 X34.4005Y61.4013
G01 X34.3404Y61.5025
G01 X34.2706Y61.5974
G01 X34.1919Y61.6850
G01 X34.1050Y61.7644
G01 X34.0100Y61.8354
G01 X33.9099Y61.8959
G01 X33.8037Y61.9467
G01 X33.6930Y61.9868
G01 X33.5789Y62.0159
G01 X33.4625Y62.0336
G01 X33.3449Y62.0399
G01 X33.2273Y62.0346
G01 X33.1095Y62.0176
G01 X32.9964Y61.9896
G01 X32.8854Y61.9504
G01 X32.7787Y61.9005
G01 X32.6775Y61.8404
G01 X32.5826Y61.7706
G01 X32.4950Y61.6919
G01 X32.4156Y61.6050
G01 X32.3396Y61.5025
G01 X32.2795Y61.4013
G01 X32.2333Y61.3037
G01 X32.1904Y61.1836
G01 X32.1622Y61.0693
G01 X32.1464Y60.9625
G01 X32.1400Y60.8400
G01 X32.1400Y59.5700
G01 X32.1456Y59.4573
G00 Z3.0000
G00 X32.0799Y59.0883
G01 Z-0.1600
G01 X32.0700Y59.1161
G01 X32.0601Y59.0883
G01 X32.0799Y59.0883
G00 Z3.0000
G00 X32.0601Y61.3217
G01 Z-0.1600
G01 X32.0700Y61.2939
G01 X32.0799Y61.3217
G01 X32.0601Y61.3217
G00 Z3.0000
G00 X29.6056Y59.4573
G01 Z-0.1600
G01 X29.6064Y59.4475
G01 X29.6241Y59.3311
G01 X29.6532Y59.2170
G01 X29.6896Y59.1154
G01 X29.7441Y59.0001
G01 X29.8051Y58.8993
G01 X29.8694Y58.8126
G01 X29.9550Y58.7181
G01 X30.0426Y58.6394
G01 X30.1300Y58.5746
G01 X30.2387Y58.5095
G01 X30.3454Y58.4596
G01 X30.4470Y58.4232
G01 X30.5707Y58.3922
G01 X30.6775Y58.3764
G01 X30.7951Y58.3701
G01 X30.9225Y58.3764
G01 X31.0305Y58.3924
G01 X31.1436Y58.4204
G01 X31.2637Y58.4633
G01 X31.3699Y58.5141
G01 X31.4625Y58.5696
G01 X31.5650Y58.6456
G01 X31.6450Y58.7181
G01 X31.7244Y58.8050
G01 X31.8004Y58.9075
G01 X31.8605Y59.0087
G01 X31.9067Y59.1063
G01 X31.9496Y59.2264
G01 X31.9759Y59.3311
G01 X31.9936Y59.4475
G01 X32.0000Y59.5700
G01 X32.0000Y60.8400
G01 X31.9946Y60.9527
G01 X31.9775Y61.0709
G01 X31.9496Y61.1836
G01 X31.9104Y61.2946
G01 X31.8605Y61.4013
G01 X31.8004Y61.5025
G01 X31.7306Y61.5974
G01 X31.6519Y61.6850
G01 X31.5650Y61.7644
G01 X31.4700Y61.8354
G01 X31.3699Y61.8959
G01 X31.2637Y61.9467
G01 X31.1530Y61.9868
G01 X31.0389Y62.0159
G01 X30.9225Y62.0336
G01 X30.8049Y62.0399
G01 X30.6873Y62.0346
G01 X30.5695Y62.0176
G01 X30.4564Y61.9896
G01 X30.3454Y61.9504
G01 X30.2387Y61.9005
G01 X30.1375Y61.8404
G01 X30.0426Y61.7706
G01 X29.9550Y61.6919
G01 X29.8756Y61.6050
G01 X29.7996Y61.5025
G01 X29.7395Y61.4013
G01 X29.6933Y61.3037
G01 X29.6504Y61.1836
G01 X29.6222Y61.0693
G01 X29.6064Y60.9625
G01 X29.6000Y60.8400
G01 X29.6000Y59.5700
G01 X29.6056Y59.4573
G00 Z3.0000
G00 X24.5256Y59.4573
G01 Z-0.1600
G01 X24.5264Y59.4475
G01 X24.5441Y59.3311
G01 X24.5732Y59.2170
G01 X24.6096Y59.1154
G01 X24.6641Y59.0001
G01 X24.7251Y58.8993
G01 X24.7894Y58.8126
G01 X24.8750Y58.7181
G01 X24.9626Y58.6394
G01 X25.0500Y58.5746
G01 X25.1587Y58.5095
G01 X25.2654Y58.4596
G01 X25.3670Y58.4232
G01 X25.4907Y58.3922
G01 X25.5975Y58.3764
G01 X25.7151Y58.3701
G01 X25.8425Y58.3764
G01 X25.9505Y58.3924
G01 X26.0636Y58.4204
G01 X26.1837Y58.4633
G01 X26.2899Y58.5141
G01 X26.3825Y58.5696
G01 X26.4850Y58.6456
G01 X26.5650Y58.7181
G01 X26.6444Y58.8050
G01 X26.7204Y58.9075
G01 X26.7805Y59.0087
G01 X26.8267Y59.1063
G01 X26.8696Y59.2264
G01 X26.8959Y59.3311
G01 X26.9136Y59.4475
G01 X26.9200Y59.5700
G01 X26.9200Y60.8400
G01 X26.9146Y60.9527
G01 X26.8975Y61.0709
G01 X26.8696Y61.1836
G01 X26.8304Y61.2946
G01 X26.7805Y61.4013
G01 X26.7204Y61.5025
G01 X26.6506Y61.5974
G01 X26.5719Y61.6850
G01 X26.4850Y61.7644
G01 X26.3900Y61.8354
G01 X26.2899Y61.8959
G01 X26.1837Y61.9467
G01 X26.0730Y61.9868
G01 X25.9589Y62.0159
G01 X25.8425Y62.0336
G01 X25.7249Y62.0399
G01 X25.6073Y62.0346
G01 X25.4895Y62.0176
G01 X25.3764Y61.9896
G01 X25.2654Y61.9504
G01 X25.1587Y61.9005
G01 X25.0575Y61.8404
G01 X24.9626Y61.7706
G01 X24.8750Y61.6919
G01 X24.7956Y61.6050
G01 X24.7196Y61.5025
G01 X24.6595Y61.4013
G01 X24.6133Y61.3037
G01 X24.5704Y61.1836
G01 X24.5422Y61.0693
G01 X24.5264Y60.9625
G01 X24.5200Y60.8400
G01 X24.5200Y59.5700
G01 X24.5256Y59.4573
G00 Z3.0000
G00 X24.4401Y59.0883
G01 Z-0.1600
G01 X24.4599Y59.0883
G01 X24.4500Y59.1161
G01 X24.4401Y59.0883
G00 Z3.0000
G00 X24.4599Y61.3217
G01 Z-0.1600
G01 X24.4401Y61.3217
G01 X24.4500Y61.2939
G01 X24.4599Y61.3217
G00 Z3.0000
G00 X21.9199Y61.3217
G01 Z-0.1600
G01 X21.9001Y61.3217
G01 X21.9100Y61.2939
G01 X21.9199Y61.3217
G00 Z3.0000
G00 X21.9856Y59.4573
G01 Z-0.1600
G01 X21.9864Y59.4475
G01 X22.0041Y59.3311
G01 X22.0332Y59.2170
G01 X22.0696Y59.1154
G01 X22.1241Y59.0001
G01 X22.1851Y58.8993
G01 X22.2494Y58.8126
G01 X22.3350Y58.7181
G01 X22.4226Y58.6394
G01 X22.5100Y58.5746
G01 X22.6187Y58.5095
G01 X22.7254Y58.4596
G01 X22.8270Y58.4232
G01 X22.9507Y58.3922
G01 X23.0575Y58.3764
G01 X23.1751Y58.3701
G01 X23.3025Y58.3764
G01 X23.4105Y58.3924
G01 X23.5236Y58.4204
G01 X23.6437Y58.4633
G01 X23.7499Y58.5141
G01 X23.8425Y58.5696
G01 X23.9450Y58.6456
G01 X24.0250Y58.7181
G01 X24.1044Y58.8050
G01 X24.1804Y58.9075
G01 X24.2405Y59.0087
G01 X24.2867Y59.1063
G01 X24.3296Y59.2264
G01 X24.3559Y59.3311
G01 X24.3736Y59.4475
G01 X24.3800Y59.5700
G01 X24.3800Y60.8400
G01 X24.3746Y60.9527
G01 X24.3575Y61.0709
G01 X24.3296Y61.1836
G01 X24.2904Y61.2946
G01 X24.2405Y61.4013
G01 X24.1804Y61.5025
G01 X24.1106Y61.5974
G01 X24.0319Y61.6850
G01 X23.9450Y61.7644
G01 X23.8500Y61.8354
G01 X23.7499Y61.8959
G01 X23.6437Y61.9467
G01 X23.5330Y61.9868
G01 X23.4189Y62.0159
G01 X23.3025Y62.0336
G01 X23.1849Y62.0399
G01 X23.0673Y62.0346
G01 X22.9495Y62.0176
G01 X22.8364Y61.9896
G01 X22.7254Y61.9504
G01 X22.6187Y61.9005
G01 X22.5175Y61.8404
G01 X22.4226Y61.7706
G01 X22.3350Y61.6919
G01 X22.2556Y61.6050
G01 X22.1796Y61.5025
G01 X22.1195Y61.4013
G01 X22.0733Y61.3037
G01 X22.0304Y61.1836
G01 X22.0022Y61.0693
G01 X21.9864Y60.9625
G01 X21.9800Y60.8400
G01 X21.9800Y59.5700
G01 X21.9856Y59.4573
G00 Z3.0000
G00 X21.9001Y59.0883
G01 Z-0.1600
G01 X21.9199Y59.0883
G01 X21.9100Y59.1161
G01 X21.9001Y59.0883
G00 Z3.0000
G00 X19.4456Y59.4573
G01 Z-0.1600
G01 X19.4464Y59.4475
G01 X19.4641Y59.3311
G01 X19.4932Y59.2170
G01 X19.5296Y59.1154
G01 X19.5841Y59.0001
G01 X19.6451Y58.8993
G01 X19.7094Y58.8126
G01 X19.7950Y58.7181
G01 X19.8826Y58.6394
G01 X19.9700Y58.5746
G01 X20.0787Y58.5095
G01 X20.1854Y58.4596
G01 X20.2870Y58.4232
G01 X20.4107Y58.3922
G01 X20.5175Y58.3764
G01 X20.6351Y58.3701
G01 X20.7625Y58.3764
G01 X20.8705Y58.3924
G01 X20.9836Y58.4204
G01 X21.1037Y58.4633
G01 X21.2099Y58.5141
G01 X21.3025Y58.5696
G01 X21.4050Y58.6456
G01 X21.4850Y58.7181
G01 X21.5644Y58.8050
G01 X21.6404Y58.9075
G01 X21.7005Y59.0087
G01 X21.7467Y59.1063
G01 X21.7896Y59.2264
G01 X21.8159Y59.3311
G01 X21.8336Y59.4475
G01 X21.8400Y59.5700
G01 X21.8400Y60.8400
G01 X21.8346Y60.9527
G01 X21.8175Y61.0709
G01 X21.7896Y61.1836
G01 X21.7504Y61.2946
G01 X21.7005Y61.4013
G01 X21.6404Y61.5025
G01 X21.5706Y61.5974
G01 X21.4919Y61.6850
G01 X21.4050Y61.7644
G01 X21.3100Y61.8354
G01 X21.2099Y61.8959
G01 X21.1037Y61.9467
G01 X20.9930Y61.9868
G01 X20.8789Y62.0159
G01 X20.7625Y62.0336
G01 X20.6449Y62.0399
G01 X20.5273Y62.0346
G01 X20.4095Y62.0176
G01 X20.2964Y61.9896
G01 X20.1854Y61.9504
G01 X20.0787Y61.9005
G01 X19.9775Y61.8404
G01 X19.8826Y61.7706
G01 X19.7950Y61.6919
G01 X19.7156Y61.6050
G01 X19.6396Y61.5025
G01 X19.5795Y61.4013
G01 X19.5333Y61.3037
G01 X19.4904Y61.1836
G01 X19.4622Y61.0693
G01 X19.4464Y60.9625
G01 X19.4400Y60.8400
G01 X19.4400Y59.5700
G01 X19.4456Y59.4573
G00 Z3.0000
G00 X19.3601Y59.0883
G01 Z-0.1600
G01 X19.3799Y59.0883
G01 X19.3700Y59.1161
G01 X19.3601Y59.0883
G00 Z3.0000
G00 X19.3799Y61.3217
G01 Z-0.1600
G01 X19.3601Y61.3217
G01 X19.3700Y61.2939
G01 X19.3799Y61.3217
G00 Z3.0000
G00 X16.8399Y61.3217
G01 Z-0.1600
G01 X16.8201Y61.3217
G01 X16.8300Y61.2939
G01 X16.8399Y61.3217
G00 Z3.0000
G00 X16.9056Y59.4573
G01 Z-0.1600
G01 X16.9064Y59.4475
G01 X16.9241Y59.3311
G01 X16.9532Y59.2170
G01 X16.9896Y59.1154
G01 X17.0441Y59.0001
G01 X17.1051Y58.8993
G01 X17.1694Y58.8126
G01 X17.2550Y58.7181
G01 X17.3426Y58.6394
G01 X17.4300Y58.5746
G01 X17.5387Y58.5095
G01 X17.6454Y58.4596
G01 X17.7470Y58.4232
G01 X17.8707Y58.3922
G01 X17.9775Y58.3764
G01 X18.0951Y58.3701
G01 X18.2225Y58.3764
G01 X18.3305Y58.3924
G01 X18.4436Y58.4204
G01 X18.5637Y58.4633
G01 X18.6699Y58.5141
G01 X18.7625Y58.5696
G01 X18.8650Y58.6456
G01 X18.9450Y58.7181
G01 X19.0244Y58.8050
G01 X19.1004Y58.9075
G01 X19.1605Y59.0087
G01 X19.2067Y59.1063
G01 X19.2496Y59.2264
G01 X19.2776Y59.3395
G01 X19.2936Y59.4475
G01 X19.3000Y59.5700
G01 X19.3000Y60.8400
G01 X19.2946Y60.9527
G01 X19.2776Y61.0705
G01 X19.2496Y61.1836
G01 X19.2104Y61.2946
G01 X19.1605Y61.4013
G01 X19.1004Y61.5025
G01 X19.0306Y61.5974
G01 X18.9519Y61.6850
G01 X18.8650Y61.7644
G01 X18.7700Y61.8354
G01 X18.6699Y61.8959
G01 X18.5637Y61.9467
G01 X18.4530Y61.9868
G01 X18.3389Y62.0159
G01 X18.2225Y62.0336
G01 X18.1049Y62.0399
G01 X17.9873Y62.0346
G01 X17.8695Y62.0176
G01 X17.7564Y61.9896
G01 X17.6454Y61.9504
G01 X17.5387Y61.9005
G01 X17.4375Y61.8404
G01 X17.3426Y61.7706
G01 X17.2550Y61.6919
G01 X17.1756Y61.6050
G01 X17.0996Y61.5025
G01 X17.0395Y61.4013
G01 X16.9933Y61.3037
G01 X16.9504Y61.1836
G01 X16.9222Y61.0693
G01 X16.9064Y60.9625
G01 X16.9000Y60.8400
G01 X16.9000Y59.5700
G01 X16.9056Y59.4573
G00 Z3.0000
G00 X16.8201Y59.0883
G01 Z-0.1600
G01 X16.8399Y59.0883
G01 X16.8300Y59.1161
G01 X16.8201Y59.0883
G00 Z3.0000
G00 X14.3656Y59.4573
G01 Z-0.1600
G01 X14.3664Y59.4475
G01 X14.3841Y59.3311
G01 X14.4132Y59.2170
G01 X14.4496Y59.1154
G01 X14.5041Y59.0001
G01 X14.5651Y58.8993
G01 X14.6294Y58.8126
G01 X14.7150Y58.7181
G01 X14.8026Y58.6394
G01 X14.8900Y58.5746
G01 X14.9987Y58.5095
G01 X15.1054Y58.4596
G01 X15.2070Y58.4232
G01 X15.3307Y58.3922
G01 X15.4375Y58.3764
G01 X15.5551Y58.3701
G01 X15.6825Y58.3764
G01 X15.7905Y58.3924
G01 X15.9036Y58.4204
G01 X16.0237Y58.4633
G01 X16.1299Y58.5141
G01 X16.2225Y58.5696
G01 X16.3250Y58.6456
G01 X16.4050Y58.7181
G01 X16.4844Y58.8050
G01 X16.5604Y58.9075
G01 X16.6205Y59.0087
G01 X16.6667Y59.1063
G01 X16.7096Y59.2264
G01 X16.7376Y59.3395
G01 X16.7536Y59.4475
G01 X16.7600Y59.5700
G01 X16.7600Y60.8400
G01 X16.7546Y60.9527
G01 X16.7376Y61.0705
G01 X16.7096Y61.1836
G01 X16.6704Y61.2946
G01 X16.6205Y61.4013
G01 X16.5604Y61.5025
G01 X16.4906Y61.5974
G01 X16.4119Y61.6850
G01 X16.3250Y61.7644
G01 X16.2300Y61.8354
G01 X16.1299Y61.8959
G01 X16.0237Y61.9467
G01 X15.9130Y61.9868
G01 X15.7989Y62.0159
G01 X15.6825Y62.0336
G01 X15.5649Y62.0399
G01 X15.4473Y62.0346
G01 X15.3295Y62.0176
G01 X15.2164Y61.9896
G01 X15.1054Y61.9504
G01 X14.9987Y61.9005
G01 X14.8975Y61.8404
G01 X14.8026Y61.7706
G01 X14.7150Y61.6919
G01 X14.6356Y61.6050
G01 X14.5596Y61.5025
G01 X14.4995Y61.4013
G01 X14.4533Y61.3037
G01 X14.4104Y61.1836
G01 X14.3822Y61.0693
G01 X14.3664Y60.9625
G01 X14.3600Y60.8400
G01 X14.3600Y59.5700
G01 X14.3656Y59.4573
G00 Z3.0000
G00 X14.2801Y59.0883
G01 Z-0.1600
G01 X14.2999Y59.0883
G01 X14.2900Y59.1161
G01 X14.2801Y59.0883
G00 Z3.0000
G00 X14.2999Y61.3217
G01 Z-0.1600
G01 X14.2801Y61.3217
G01 X14.2900Y61.2939
G01 X14.2999Y61.3217
G00 Z3.0000
G00 X11.7401Y61.3217
G01 Z-0.1600
G01 X11.7500Y61.2939
G01 X11.7599Y61.3217
G01 X11.7401Y61.3217
G00 Z3.0000
G00 X11.8256Y59.4573
G01 Z-0.1600
G01 X11.8264Y59.4475
G01 X11.8441Y59.3311
G01 X11.8732Y59.2170
G01 X11.9096Y59.1154
G01 X11.9641Y59.0001
G01 X12.0251Y58.8993
G01 X12.0894Y58.8126
G01 X12.1750Y58.7181
G01 X12.2626Y58.6394
G01 X12.3500Y58.5746
G01 X12.4587Y58.5095
G01 X12.5654Y58.4596
G01 X12.6670Y58.4232
G01 X12.7907Y58.3922
G01 X12.8975Y58.3764
G01 X13.0151Y58.3701
G01 X13.1425Y58.3764
G01 X13.2505Y58.3924
G01 X13.3636Y58.4204
G01 X13.4837Y58.4633
G01 X13.5899Y58.5141
G01 X13.6825Y58.5696
G01 X13.7850Y58.6456
G01 X13.8650Y58.7181
G01 X13.9444Y58.8050
G01 X14.0204Y58.9075
G01 X14.0805Y59.0087
G01 X14.1267Y59.1063
G01 X14.1696Y59.2264
G01 X14.1976Y59.3395
G01 X14.2136Y59.4475
G01 X14.2200Y59.5700
G01 X14.2200Y60.8400
G01 X14.2146Y60.9527
G01 X14.1976Y61.0705
G01 X14.1696Y61.1836
G01 X14.1304Y61.2946
G01 X14.0805Y61.4013
G01 X14.0204Y61.5025
G01 X13.9506Y61.5974
G01 X13.8719Y61.6850
G01 X13.7850Y61.7644
G01 X13.6900Y61.8354
G01 X13.5899Y61.8959
G01 X13.4837Y61.9467
G01 X13.3730Y61.9868
G01 X13.2589Y62.0159
G01 X13.1425Y62.0336
G01 X13.0249Y62.0399
G01 X12.9073Y62.0346
G01 X12.7895Y62.0176
G01 X12.6764Y61.9896
G01 X12.5654Y61.9504
G01 X12.4587Y61.9005
G01 X12.3575Y61.8404
G01 X12.2626Y61.7706
G01 X12.1750Y61.6919
G01 X12.0956Y61.6050
G01 X12.0196Y61.5025
G01 X11.9595Y61.4013
G01 X11.9133Y61.3037
G01 X11.8704Y61.1836
G01 X11.8422Y61.0693
G01 X11.8264Y60.9625
G01 X11.8200Y60.8400
G01 X11.8200Y59.5700
G01 X11.8256Y59.4573
G00 Z3.0000
G00 X11.7500Y59.1161
G01 Z-0.1600
G01 X11.7401Y59.0883
G01 X11.7599Y59.0883
G01 X11.7500Y59.1161
G00 Z3.0000
G00 X9.2856Y59.4573
G01 Z-0.1600
G01 X9.2864Y59.4475
G01 X9.3024Y59.3395
G01 X9.3221Y59.2596
G01 X9.3107Y59.2122
G01 X9.3035Y59.1637
G01 X9.3000Y59.1000
G01 X9.3001Y58.8951
G01 X9.3035Y58.8363
G01 X9.3109Y58.7866
G01 X9.3274Y58.7212
G01 X9.3477Y58.6659
G01 X9.3686Y58.6215
G01 X9.3985Y58.5708
G01 X9.4394Y58.5156
G01 X9.4757Y58.4757
G01 X13.5793Y54.3724
G01 X13.6232Y54.3332
G01 X13.6708Y54.2985
G01 X13.7215Y54.2687
G01 X13.7721Y54.2450
G01 X13.8305Y54.2245
G01 X13.8850Y54.2112
G01 X13.9363Y54.2035
G01 X13.9951Y54.2001
G01 X109.9229Y54.2000
G01 X109.9760Y54.1686
G01 X110.0294Y54.1439
G01 X110.0756Y54.1274
G01 X110.1326Y54.1126
G01 X110.2005Y54.1025
G01 X110.2544Y54.1000
G01 X111.7456Y54.1000
G01 X111.7995Y54.1025
G01 X111.8594Y54.1109
G01 X111.9150Y54.1245
G01 X111.9706Y54.1439
G01 X112.0240Y54.1686
G01 X112.0748Y54.1985
G01 X112.1299Y54.2394
G01 X112.1699Y54.2757
G01 X113.2349Y55.3407
G01 X113.3107Y55.3222
G01 X113.4175Y55.3064
G01 X113.5351Y55.3001
G01 X113.6625Y55.3064
G01 X113.7789Y55.3241
G01 X113.8930Y55.3532
G01 X114.0037Y55.3933
G01 X114.1099Y55.4441
G01 X114.2107Y55.5051
G01 X114.2974Y55.5694
G01 X114.3850Y55.6481
G01 X114.4706Y55.7426
G01 X114.5354Y55.8300
G01 X114.6005Y55.9387
G01 X114.6504Y56.0454
G01 X114.6896Y56.1564
G01 X114.7159Y56.2611
G01 X114.7336Y56.3775
G01 X114.7399Y56.4951
G01 X114.7400Y57.7700
G01 X114.7346Y57.8827
G01 X114.7175Y58.0009
G01 X114.6896Y58.1136
G01 X114.6504Y58.2246
G01 X114.6005Y58.3313
G01 X114.5349Y58.4407
G01 X114.4706Y58.5274
G01 X114.3919Y58.6150
G01 X114.2974Y58.7006
G01 X114.2100Y58.7654
G01 X114.1099Y58.8259
G01 X114.0037Y58.8767
G01 X113.8836Y58.9196
G01 X113.7693Y58.9478
G01 X113.6625Y58.9636
G01 X113.5351Y58.9699
G01 X113.4175Y58.9636
G01 X113.3091Y58.9475
G01 X113.1964Y58.9196
G01 X113.0763Y58.8767
G01 X112.9701Y58.8259
G01 X112.8693Y58.7649
G01 X112.7826Y58.7006
G01 X112.6950Y58.6219
G01 X112.6094Y58.5274
G01 X112.5446Y58.4400
G01 X112.4841Y58.3399
G01 X112.4333Y58.2337
G01 X112.3904Y58.1136
G01 X112.3622Y57.9993
G01 X112.3464Y57.8925
G01 X112.3401Y57.7749
G01 X112.3401Y56.4951
G01 X112.3464Y56.3775
G01 X112.3625Y56.2691
G01 X112.3830Y56.1859
G01 X111.4971Y55.3000
G01 X110.4859Y55.3000
G01 X110.4415Y55.3268
G01 X110.3885Y55.3524
G01 X110.3238Y55.3755
G01 X110.2666Y55.3893
G01 X110.2181Y55.3965
G01 X110.1544Y55.4000
G01 X14.2485Y55.4000
G01 X11.1028Y58.5458
G01 X11.1507Y58.5751
G01 X11.2374Y58.6394
G01 X11.3319Y58.7250
G01 X11.4106Y58.8126
G01 X11.4754Y58.9000
G01 X11.5359Y59.0001
G01 X11.5867Y59.1063
G01 X11.6296Y59.2264
G01 X11.6578Y59.3407
G01 X11.6736Y59.4475
G01 X11.6799Y59.5651
G01 X11.6800Y60.8400
G01 X11.6746Y60.9527
G01 X11.6576Y61.0705
G01 X11.6296Y61.1836
G01 X11.5904Y61.2946
G01 X11.5405Y61.4013
G01 X11.4804Y61.5025
G01 X11.4044Y61.6050
G01 X11.3250Y61.6919
G01 X11.2374Y61.7706
G01 X11.1500Y61.8354
G01 X11.0413Y61.9005
G01 X10.9346Y61.9504
G01 X10.8236Y61.9896
G01 X10.7093Y62.0178
G01 X10.5927Y62.0346
G01 X10.4751Y62.0399
G01 X10.3575Y62.0336
G01 X10.2495Y62.0176
G01 X10.1270Y61.9868
G01 X10.0163Y61.9467
G01 X9.9101Y61.8959
G01 X9.8093Y61.8349
G01 X9.7226Y61.7706
G01 X9.6350Y61.6919
G01 X9.5556Y61.6050
G01 X9.4796Y61.5025
G01 X9.4195Y61.4013
G01 X9.3733Y61.3037
G01 X9.3304Y61.1836
G01 X9.3022Y61.0693
G01 X9.2864Y60.9625
G01 X9.2800Y60.8400
G01 X9.2800Y59.5700
G01 X9.2856Y59.4573
G00 Z3.0000
G00 X9.2100Y61.2939
G01 Z-0.1600
G01 X9.2199Y61.3217
G01 X9.2001Y61.3217
G01 X9.2100Y61.2939
G00 Z3.0000
G00 X6.6799Y61.3217
G01 Z-0.1600
G01 X6.6601Y61.3217
G01 X6.6700Y61.2939
G01 X6.6799Y61.3217
G00 Z3.0000
G00 X6.7456Y59.4573
G01 Z-0.1600
G01 X6.7464Y59.4475
G01 X6.7641Y59.3311
G01 X6.7932Y59.2170
G01 X6.8333Y59.1063
G01 X6.8841Y59.0001
G01 X6.9451Y58.8993
G01 X7.0156Y58.8050
G01 X7.0950Y58.7181
G01 X7.1826Y58.6394
G01 X7.2700Y58.5746
G01 X7.3701Y58.5141
G01 X7.4763Y58.4633
G01 X7.5870Y58.4232
G01 X7.7011Y58.3941
G01 X7.8175Y58.3764
G01 X7.8817Y58.3727
G01 X13.0787Y53.1757
G01 X13.1186Y53.1394
G01 X13.1662Y53.1035
G01 X13.2158Y53.0733
G01 X13.2750Y53.0450
G01 X13.3335Y53.0245
G01 X13.3879Y53.0111
G01 X13.4392Y53.0035
G01 X13.4980Y53.0001
G01 X109.4258Y53.0000
G01 X109.4789Y52.9686
G01 X109.5323Y52.9439
G01 X109.5785Y52.9274
G01 X109.6451Y52.9107
G01 X109.6937Y52.9035
G01 X109.7524Y52.9001
G01 X112.2476Y52.9001
G01 X112.3011Y52.9028
G01 X112.3596Y52.9115
G01 X112.4172Y52.9259
G01 X112.4677Y52.9439
G01 X112.5298Y52.9732
G01 X112.5761Y53.0012
G01 X112.6233Y53.0362
G01 X112.6669Y53.0757
G01 X113.6912Y54.1000
G01 X114.2856Y54.1000
G01 X114.3493Y54.1035
G01 X114.3994Y54.1109
G01 X114.4550Y54.1245
G01 X114.5106Y54.1439
G01 X114.5727Y54.1733
G01 X114.6229Y54.2039
G01 X114.6699Y54.2394
G01 X114.7099Y54.2757
G01 X115.7749Y55.3407
G01 X115.8507Y55.3222
G01 X115.9575Y55.3064
G01 X116.0751Y55.3001
G01 X116.1927Y55.3054
G01 X116.3109Y55.3225
G01 X116.4330Y55.3532
G01 X116.5437Y55.3933
G01 X116.6499Y55.4441
G01 X116.7507Y55.5051
G01 X116.8450Y55.5756
G01 X116.9250Y55.6481
G01 X117.0044Y55.7350
G01 X117.0754Y55.8300
G01 X117.1359Y55.9301
G01 X117.1867Y56.0363
G01 X117.2296Y56.1564
G01 X117.2559Y56.2611
G01 X117.2736Y56.3775
G01 X117.2799Y56.4951
G01 X117.2800Y57.7700
G01 X117.2746Y57.8827
G01 X117.2575Y58.0009
G01 X117.2296Y58.1136
G01 X117.1904Y58.2246
G01 X117.1405Y58.3313
G01 X117.0749Y58.4407
G01 X117.0106Y58.5274
G01 X116.9319Y58.6150
G01 X116.8374Y58.7006
G01 X116.7500Y58.7654
G01 X116.6499Y58.8259
G01 X116.5437Y58.8767
G01 X116.4236Y58.9196
G01 X116.3093Y58.9478
G01 X116.2025Y58.9636
G01 X116.0751Y58.9699
G01 X115.9575Y58.9636
G01 X115.8507Y58.9478
G01 X115.7270Y58.9168
G01 X115.6163Y58.8767
G01 X115.5187Y58.8305
G01 X115.4093Y58.7649
G01 X115.3226Y58.7006
G01 X115.2350Y58.6219
G01 X115.1494Y58.5274
G01 X115.0846Y58.4400
G01 X115.0241Y58.3399
G01 X114.9696Y58.2246
G01 X114.9304Y58.1136
G01 X114.9022Y57.9993
G01 X114.8854Y57.8827
G01 X114.8800Y57.7700
G01 X114.8801Y56.4951
G01 X114.8864Y56.3775
G01 X114.9025Y56.2691
G01 X114.9230Y56.1859
G01 X114.0371Y55.3000
G01 X113.4427Y55.3000
G01 X113.3790Y55.2965
G01 X113.3288Y55.2890
G01 X113.2732Y55.2755
G01 X113.2176Y55.2561
G01 X113.1556Y55.2267
G01 X113.1053Y55.1960
G01 X113.0583Y55.1606
G01 X113.0184Y55.1243
G01 X111.9941Y54.1000
G01 X109.9888Y54.1000
G01 X109.9444Y54.1267
G01 X109.8914Y54.1523
G01 X109.8268Y54.1755
G01 X109.7695Y54.1893
G01 X109.7210Y54.1965
G01 X109.6573Y54.2000
G01 X13.7514Y54.2000
G01 X8.9792Y58.9722
G01 X9.0005Y59.0087
G01 X9.0467Y59.1063
G01 X9.0868Y59.2170
G01 X9.1159Y59.3311
G01 X9.1346Y59.4573
G01 X9.1400Y59.5700
G01 X9.1400Y60.8400
G01 X9.1336Y60.9625
G01 X9.1176Y61.0705
G01 X9.0868Y61.1930
G01 X9.0467Y61.3037
G01 X8.9959Y61.4099
G01 X8.9349Y61.5107
G01 X8.8644Y61.6050
G01 X8.7850Y61.6919
G01 X8.6974Y61.7706
G01 X8.6100Y61.8354
G01 X8.5013Y61.9005
G01 X8.3946Y61.9504
G01 X8.2836Y61.9896
G01 X8.1693Y62.0178
G01 X8.0527Y62.0346
G01 X7.9351Y62.0399
G01 X7.8175Y62.0336
G01 X7.7095Y62.0176
G01 X7.5870Y61.9868
G01 X7.4763Y61.9467
G01 X7.3701Y61.8959
G01 X7.2693Y61.8349
G01 X7.1826Y61.7706
G01 X7.0950Y61.6919
G01 X7.0156Y61.6050
G01 X6.9396Y61.5025
G01 X6.8795Y61.4013
G01 X6.8333Y61.3037
G01 X6.7904Y61.1836
G01 X6.7622Y61.0693
G01 X6.7464Y60.9625
G01 X6.7400Y60.8400
G01 X6.7400Y59.5700
G01 X6.7456Y59.4573
G00 Z3.0000
G00 X6.6700Y59.1161
G01 Z-0.1600
G01 X6.6601Y59.0883
G01 X6.6799Y59.0883
G01 X6.6700Y59.1161
G00 Z3.0000
G00 X4.2056Y59.4573
G01 Z-0.1600
G01 X4.2064Y59.4475
G01 X4.2241Y59.3311
G01 X4.2532Y59.2170
G01 X4.2896Y59.1154
G01 X4.3441Y59.0001
G01 X4.4051Y58.8993
G01 X4.4694Y58.8126
G01 X4.5550Y58.7181
G01 X4.6426Y58.6394
G01 X4.7300Y58.5746
G01 X4.8387Y58.5095
G01 X4.9454Y58.4596
G01 X5.0470Y58.4232
G01 X5.1707Y58.3922
G01 X5.2775Y58.3764
G01 X5.3951Y58.3701
G01 X5.5225Y58.3764
G01 X5.6305Y58.3924
G01 X5.7436Y58.4204
G01 X5.8637Y58.4633
G01 X5.9699Y58.5141
G01 X6.0625Y58.5696
G01 X6.1650Y58.6456
G01 X6.2450Y58.7181
G01 X6.3244Y58.8050
G01 X6.4004Y58.9075
G01 X6.4605Y59.0087
G01 X6.5067Y59.1063
G01 X6.5496Y59.2264
G01 X6.5776Y59.3395
G01 X6.5936Y59.4475
G01 X6.6000Y59.5700
G01 X6.6000Y60.8400
G01 X6.5946Y60.9527
G01 X6.5776Y61.0705
G01 X6.5496Y61.1836
G01 X6.5104Y61.2946
G01 X6.4605Y61.4013
G01 X6.4004Y61.5025
G01 X6.3306Y61.5974
G01 X6.2519Y61.6850
G01 X6.1650Y61.7644
G01 X6.0700Y61.8354
G01 X5.9699Y61.8959
G01 X5.8637Y61.9467
G01 X5.7530Y61.9868
G01 X5.6389Y62.0159
G01 X5.5225Y62.0336
G01 X5.4049Y62.0399
G01 X5.2873Y62.0346
G01 X5.1695Y62.0176
G01 X5.0564Y61.9896
G01 X4.9454Y61.9504
G01 X4.8387Y61.9005
G01 X4.7375Y61.8404
G01 X4.6426Y61.7706
G01 X4.5550Y61.6919
G01 X4.4756Y61.6050
G01 X4.3996Y61.5025
G01 X4.3395Y61.4013
G01 X4.2933Y61.3037
G01 X4.2504Y61.1836
G01 X4.2222Y61.0693
G01 X4.2064Y60.9625
G01 X4.2000Y60.8400
G01 X4.2000Y59.5700
G01 X4.2056Y59.4573
G00 Z3.0000
G00 X7.1039Y66.9376
G01 Z-0.1600
G01 X7.1047Y66.9278
G01 X7.1174Y66.8454
G01 X7.1381Y66.7646
G01 X7.1667Y66.6862
G01 X7.2028Y66.6110
G01 X7.2461Y66.5398
G01 X7.2961Y66.4730
G01 X7.3490Y66.4150
G01 X8.4150Y65.3490
G01 X8.4730Y65.2961
G01 X8.5479Y65.2406
G01 X8.6197Y65.1982
G01 X8.6862Y65.1667
G01 X8.7740Y65.1353
G01 X8.8550Y65.1155
G01 X8.9278Y65.1047
G01 X9.0160Y65.1000
G01 X21.8896Y65.1000
G01 X22.7906Y64.1989
G01 X22.8563Y64.1399
G01 X22.9161Y64.0956
G01 X22.9867Y64.0528
G01 X23.0619Y64.0167
G01 X23.1403Y63.9881
G01 X23.2307Y63.9655
G01 X23.3035Y63.9547
G01 X23.3868Y63.9501
G01 X37.0071Y63.9500
G01 X39.8030Y61.1541
G01 X39.7822Y61.0693
G01 X39.7664Y60.9625
G01 X39.7600Y60.8400
G01 X39.7600Y59.5700
G01 X39.7654Y59.4573
G01 X39.7822Y59.3407
G01 X39.8104Y59.2264
G01 X39.8496Y59.1154
G01 X39.9041Y59.0001
G01 X39.9651Y58.8993
G01 X40.0294Y58.8126
G01 X40.1081Y58.7250
G01 X40.1950Y58.6456
G01 X40.2900Y58.5746
G01 X40.3987Y58.5095
G01 X40.5054Y58.4596
G01 X40.6164Y58.4204
G01 X40.7211Y58.3941
G01 X40.8473Y58.3754
G01 X40.9649Y58.3701
G01 X41.0825Y58.3764
G01 X41.1893Y58.3922
G01 X41.3130Y58.4232
G01 X41.4237Y58.4633
G01 X41.5299Y58.5141
G01 X41.6225Y58.5696
G01 X41.7250Y58.6456
G01 X41.8050Y58.7181
G01 X41.8844Y58.8050
G01 X41.9554Y58.9000
G01 X42.0205Y59.0087
G01 X42.0704Y59.1154
G01 X42.1096Y59.2264
G01 X42.1359Y59.3311
G01 X42.1536Y59.4475
G01 X42.1600Y59.5700
G01 X42.1600Y60.8400
G01 X42.1546Y60.9527
G01 X42.1375Y61.0709
G01 X42.1068Y61.1930
G01 X42.0667Y61.3037
G01 X42.0205Y61.4013
G01 X41.9549Y61.5107
G01 X41.8906Y61.5974
G01 X41.8119Y61.6850
G01 X41.7174Y61.7706
G01 X41.6300Y61.8354
G01 X41.5299Y61.8959
G01 X41.4237Y61.9467
G01 X41.4087Y61.9526
G01 X37.9567Y65.4044
G01 X37.8945Y65.4601
G01 X37.8348Y65.5044
G01 X37.7641Y65.5472
G01 X37.6799Y65.5870
G01 X37.6012Y65.6147
G01 X37.5298Y65.6326
G01 X37.4474Y65.6453
G01 X37.3592Y65.6500
G01 X23.7437Y65.6500
G01 X22.8427Y66.5510
G01 X22.7770Y66.6101
G01 X22.7172Y66.6544
G01 X22.6466Y66.6972
G01 X22.5624Y66.7371
G01 X22.4837Y66.7647
G01 X22.4123Y66.7826
G01 X22.3201Y66.7963
G01 X22.2416Y66.8000
G01 X9.3681Y66.8000
G01 X8.8000Y67.3681
G01 X8.8000Y71.6319
G01 X9.4544Y72.2863
G01 X9.5564Y72.2504
G01 X9.6611Y72.2241
G01 X9.7775Y72.2064
G01 X9.8951Y72.2001
G01 X10.0225Y72.2064
G01 X10.1305Y72.2224
G01 X10.2436Y72.2504
G01 X10.3546Y72.2896
G01 X10.4699Y72.3441
G01 X10.5707Y72.4051
G01 X10.6650Y72.4756
G01 X10.7450Y72.5481
G01 X10.8244Y72.6350
G01 X10.8954Y72.7300
G01 X10.9559Y72.8301
G01 X11.0067Y72.9363
G01 X11.0496Y73.0564
G01 X11.0778Y73.1707
G01 X11.0946Y73.2873
G01 X11.1000Y73.4000
G01 X11.1000Y77.2860
G01 X11.0946Y77.3987
G01 X11.0776Y77.5165
G01 X11.0468Y77.6390
G01 X11.0104Y77.7406
G01 X10.9800Y77.8061
G01 X10.9799Y77.9049
G01 X10.9736Y78.0225
G01 X10.9576Y78.1305
G01 X10.9296Y78.2436
G01 X10.8867Y78.3637
G01 X10.8359Y78.4699
G01 X10.7749Y78.5707
G01 X10.7044Y78.6650
G01 X10.6250Y78.7519
G01 X10.5374Y78.8306
G01 X10.4500Y78.8954
G01 X10.3499Y78.9559
G01 X10.2437Y79.0067
G01 X10.1330Y79.0468
G01 X10.0189Y79.0759
G01 X9.9025Y79.0936
G01 X9.7849Y79.0999
G01 X9.6575Y79.0936
G01 X9.5495Y79.0776
G01 X9.4270Y79.0468
G01 X9.3163Y79.0067
G01 X9.2187Y78.9605
G01 X9.1175Y78.9004
G01 X9.0226Y78.8306
G01 X8.9281Y78.7450
G01 X8.8494Y78.6574
G01 X8.7846Y78.5700
G01 X8.7241Y78.4699
G01 X8.6733Y78.3637
G01 X8.6304Y78.2436
G01 X8.6022Y78.1293
G01 X8.5854Y78.0127
G01 X8.5800Y77.9000
G01 X8.5800Y77.4060
G01 X8.5864Y77.2835
G01 X8.6041Y77.1671
G01 X8.6332Y77.0530
G01 X8.6696Y76.9514
G01 X8.7000Y76.8859
G01 X8.7000Y73.9361
G01 X7.3490Y72.5850
G01 X7.2961Y72.5270
G01 X7.2456Y72.4596
G01 X7.1982Y72.3803
G01 X7.1629Y72.3047
G01 X7.1381Y72.2354
G01 X7.1174Y72.1546
G01 X7.1047Y72.0722
G01 X7.1000Y71.9840
G01 X7.1000Y67.0160
G01 X7.1039Y66.9376
G00 Z3.0000
G00 X8.8001Y68.0002
G01 Z-0.1600
G01 X8.8054Y67.8873
G01 X8.8224Y67.7695
G01 X8.8504Y67.6564
G01 X8.8896Y67.5454
G01 X8.9395Y67.4387
G01 X8.9996Y67.3375
G01 X9.0694Y67.2426
G01 X9.1481Y67.1550
G01 X9.2350Y67.0756
G01 X9.3300Y67.0046
G01 X9.4301Y66.9441
G01 X9.5363Y66.8933
G01 X9.6470Y66.8532
G01 X9.7611Y66.8241
G01 X9.8775Y66.8064
G01 X9.9951Y66.8001
G01 X12.2000Y66.8000
G01 X12.3127Y66.8054
G01 X12.4293Y66.8222
G01 X12.5530Y66.8532
G01 X12.6637Y66.8933
G01 X12.7613Y66.9395
G01 X12.8707Y67.0051
G01 X12.9650Y67.0756
G01 X13.0485Y67.1515
G01 X13.1519Y67.2550
G01 X13.2306Y67.3426
G01 X13.2954Y67.4300
G01 X13.3559Y67.5301
G01 X13.4104Y67.6454
G01 X13.4496Y67.7564
G01 X13.4759Y67.8611
G01 X13.4936Y67.9775
G01 X13.5000Y68.1000
G01 X13.5000Y77.6857
G01 X13.5146Y77.7873
G01 X13.5199Y77.8951
G01 X13.5146Y78.0127
G01 X13.5000Y78.1143
G01 X13.5000Y82.3000
G01 X13.4946Y82.4127
G01 X13.4776Y82.5305
G01 X13.4496Y82.6436
G01 X13.4067Y82.7637
G01 X13.3559Y82.8699
G01 X13.3004Y82.9625
G01 X13.2244Y83.0650
G01 X13.1450Y83.1519
G01 X13.0574Y83.2306
G01 X12.9700Y83.2954
G01 X12.8699Y83.3559
G01 X12.7546Y83.4104
G01 X12.6436Y83.4496
G01 X12.5389Y83.4759
G01 X12.4225Y83.4936
G01 X12.3049Y83.4999
G01 X12.1873Y83.4946
G01 X12.0695Y83.4776
G01 X11.9470Y83.4468
G01 X11.8363Y83.4067
G01 X11.7301Y83.3559
G01 X11.6293Y83.2949
G01 X11.5350Y83.2244
G01 X11.4550Y83.1519
G01 X11.3756Y83.0650
G01 X11.3046Y82.9700
G01 X11.2441Y82.8699
G01 X11.1933Y82.7637
G01 X11.1532Y82.6530
G01 X11.1241Y82.5389
G01 X11.1064Y82.4225
G01 X11.1000Y82.3000
G01 X11.1000Y72.2952
G01 X10.9951Y72.2999
G01 X10.8873Y72.2946
G01 X10.7611Y72.2759
G01 X10.6470Y72.2468
G01 X10.5454Y72.2104
G01 X10.4387Y72.1605
G01 X10.3917Y72.1329
G01 X10.3436Y72.1496
G01 X10.2293Y72.1778
G01 X10.1225Y72.1936
G01 X10.0049Y72.1999
G01 X9.8775Y72.1936
G01 X9.7695Y72.1776
G01 X9.6470Y72.1468
G01 X9.5363Y72.1067
G01 X9.4301Y72.0559
G01 X9.3293Y71.9949
G01 X9.2426Y71.9306
G01 X9.1550Y71.8519
G01 X9.0756Y71.7650
G01 X9.0046Y71.6700
G01 X8.9441Y71.5699
G01 X8.8933Y71.4637
G01 X8.8504Y71.3436
G01 X8.8222Y71.2293
G01 X8.8064Y71.1225
G01 X8.8001Y71.0049
G01 X8.8054Y70.8873
G01 X8.8224Y70.7695
G01 X8.8504Y70.6564
G01 X8.8879Y70.5500
G01 X8.8504Y70.4436
G01 X8.8222Y70.3293
G01 X8.8064Y70.2225
G01 X8.8001Y70.1049
G01 X8.8001Y68.0002
G00 Z3.0000
G00 X13.5631Y67.6269
G01 Z-0.1600
G01 X13.5517Y67.5948
G01 X13.5423Y67.5722
G01 X13.4961Y67.4746
G01 X13.4845Y67.4529
G01 X13.4290Y67.3604
G01 X13.4166Y67.3416
G01 X13.3511Y67.2533
G01 X13.3356Y67.2343
G01 X13.2546Y67.1454
G01 X13.1457Y67.0370
G01 X13.0657Y66.9645
G01 X13.0481Y66.9500
G01 X14.0120Y66.9500
G01 X13.9943Y66.9645
G01 X13.9143Y67.0370
G01 X13.8969Y67.0543
G01 X13.8245Y67.1343
G01 X13.8089Y67.1533
G01 X13.7446Y67.2400
G01 X13.7310Y67.2604
G01 X13.6755Y67.3529
G01 X13.6639Y67.3746
G01 X13.6177Y67.4722
G01 X13.6083Y67.4948
G01 X13.5720Y67.5965
G01 X13.5631Y67.6269
G00 Z3.0000
G00 X13.6656Y67.8873
G01 Z-0.1600
G01 X13.6664Y67.8775
G01 X13.6841Y67.7611
G01 X13.7132Y67.6470
G01 X13.7496Y67.5454
G01 X13.8041Y67.4301
G01 X13.8651Y67.3293
G01 X13.9356Y67.2350
G01 X14.0150Y67.1481
G01 X14.1026Y67.0694
G01 X14.1900Y67.0046
G01 X14.2901Y66.9441
G01 X14.4054Y66.8896
G01 X14.5164Y66.8504
G01 X14.6211Y66.8241
G01 X14.7375Y66.8064
G01 X14.8600Y66.8000
G01 X16.7000Y66.8000
G01 X16.8127Y66.8054
G01 X16.9305Y66.8224
G01 X17.0436Y66.8504
G01 X17.1360Y66.8829
G01 X17.1793Y66.8629
G01 X17.2486Y66.8381
G01 X17.3294Y66.8174
G01 X17.4118Y66.8047
G01 X17.5000Y66.8000
G01 X22.5937Y66.8000
G01 X23.4948Y65.8989
G01 X23.5566Y65.8429
G01 X23.6236Y65.7932
G01 X23.6909Y65.7528
G01 X23.7706Y65.7147
G01 X23.8491Y65.6866
G01 X23.9252Y65.6674
G01 X24.0126Y65.6541
G01 X24.0958Y65.6500
G01 X37.8471Y65.6500
G01 X42.3430Y61.1541
G01 X42.3222Y61.0693
G01 X42.3064Y60.9625
G01 X42.3000Y60.8400
G01 X42.3000Y59.5700
G01 X42.3064Y59.4475
G01 X42.3225Y59.3391
G01 X42.3532Y59.2170
G01 X42.3933Y59.1063
G01 X42.4395Y59.0087
G01 X42.4996Y58.9075
G01 X42.5694Y58.8126
G01 X42.6550Y58.7181
G01 X42.7426Y58.6394
G01 X42.8300Y58.5746
G01 X42.9301Y58.5141
G01 X43.0363Y58.4633
G01 X43.1564Y58.4204
G01 X43.2707Y58.3922
G01 X43.3775Y58.3764
G01 X43.4951Y58.3701
G01 X43.6225Y58.3764
G01 X43.7305Y58.3924
G01 X43.8436Y58.4204
G01 X43.9637Y58.4633
G01 X44.0699Y58.5141
G01 X44.1707Y58.5751
G01 X44.2574Y58.6394
G01 X44.3450Y58.7181
G01 X44.4306Y58.8126
G01 X44.4954Y58.9000
G01 X44.5559Y59.0001
G01 X44.6067Y59.1063
G01 X44.6496Y59.2264
G01 X44.6759Y59.3311
G01 X44.6936Y59.4475
G01 X44.6999Y59.5651
G01 X44.7000Y60.8400
G01 X44.6946Y60.9527
G01 X44.6759Y61.0789
G01 X44.6468Y61.1930
G01 X44.6104Y61.2946
G01 X44.5559Y61.4099
G01 X44.4949Y61.5107
G01 X44.4306Y61.5974
G01 X44.3450Y61.6919
G01 X44.2574Y61.7706
G01 X44.1707Y61.8349
G01 X44.0613Y61.9005
G01 X43.9637Y61.9467
G01 X43.9487Y61.9526
G01 X38.8002Y67.1010
G01 X38.7421Y67.1538
G01 X38.6747Y67.2044
G01 X38.5955Y67.2518
G01 X38.5199Y67.2871
G01 X38.4412Y67.3147
G01 X38.3602Y67.3345
G01 X38.2776Y67.3463
G01 X38.1992Y67.3500
G01 X24.4479Y67.3500
G01 X22.6433Y69.1544
G01 X22.5850Y69.2071
G01 X22.5221Y69.2539
G01 X22.4508Y69.2972
G01 X22.3713Y69.3352
G01 X22.2878Y69.3647
G01 X22.2118Y69.3836
G01 X22.1340Y69.3953
G01 X22.0458Y69.4000
G01 X18.2951Y69.3999
G01 X18.2118Y69.3953
G01 X18.1378Y69.3843
G01 X18.0580Y69.3647
G01 X17.9793Y69.3371
G01 X17.9037Y69.3018
G01 X17.8319Y69.2594
G01 X17.7646Y69.2101
G01 X17.7453Y69.1932
G01 X17.7327Y69.1946
G01 X17.6151Y69.1999
G01 X17.5073Y69.1946
G01 X17.4928Y69.1929
G01 X17.4546Y69.2104
G01 X17.3530Y69.2468
G01 X17.2389Y69.2759
G01 X17.1225Y69.2936
G01 X16.9979Y69.3000
G01 X16.0600Y70.2379
G01 X16.0600Y77.9000
G01 X16.0536Y78.0225
G01 X16.0359Y78.1389
G01 X16.0068Y78.2530
G01 X15.9704Y78.3546
G01 X15.9159Y78.4699
G01 X15.8549Y78.5707
G01 X15.7906Y78.6574
G01 X15.7119Y78.7450
G01 X15.6250Y78.8244
G01 X15.5225Y78.9004
G01 X15.4213Y78.9605
G01 X15.3237Y79.0067
G01 X15.2036Y79.0496
G01 X15.0893Y79.0778
G01 X14.9825Y79.0936
G01 X14.8649Y79.0999
G01 X14.7473Y79.0946
G01 X14.6295Y79.0776
G01 X14.5164Y79.0496
G01 X14.4054Y79.0104
G01 X14.2987Y78.9605
G01 X14.1975Y78.9004
G01 X14.1026Y78.8306
G01 X14.0150Y78.7519
G01 X13.9356Y78.6650
G01 X13.8646Y78.5700
G01 X13.8041Y78.4699
G01 X13.7533Y78.3637
G01 X13.7132Y78.2530
G01 X13.6841Y78.1389
G01 X13.6664Y78.0225
G01 X13.6600Y77.9000
G01 X13.6600Y68.0000
G01 X13.6656Y67.8873
G00 Z3.0000
G00 X13.7116Y67.0750
G01 Z-0.1600
G01 X13.6442Y67.1655
G01 X13.6237Y67.1961
G01 X13.5682Y67.2887
G01 X13.5512Y67.3209
G01 X13.5363Y67.2961
G01 X13.5177Y67.2680
G01 X13.4515Y67.1788
G01 X13.4276Y67.1508
G01 X13.4282Y67.1503
G01 X13.3599Y67.0750
G01 X13.7116Y67.0750
G00 Z3.0000
G00 X16.2056Y70.7873
G01 Z-0.1600
G01 X16.2064Y70.7775
G01 X16.2241Y70.6611
G01 X16.2504Y70.5564
G01 X16.2604Y70.5268
G01 X16.2537Y70.4784
G01 X16.2501Y70.3951
G01 X16.2547Y70.3118
G01 X16.2674Y70.2294
G01 X16.2881Y70.1486
G01 X16.3167Y70.0702
G01 X16.3528Y69.9950
G01 X16.3906Y69.9319
G01 X16.4399Y69.8646
G01 X16.4990Y69.7990
G01 X16.5990Y69.6990
G01 X16.6571Y69.6461
G01 X16.7244Y69.5956
G01 X16.7950Y69.5528
G01 X16.8702Y69.5167
G01 X16.9486Y69.4881
G01 X17.0294Y69.4674
G01 X17.1118Y69.4547
G01 X17.1951Y69.4501
G01 X17.5696Y69.4500
G01 X17.6122Y69.4353
G01 X17.6932Y69.4155
G01 X17.7758Y69.4037
G01 X17.8542Y69.4000
G01 X22.3979Y69.4000
G01 X24.2025Y67.5956
G01 X24.2646Y67.5399
G01 X24.3244Y67.4956
G01 X24.4037Y67.4482
G01 X24.4793Y67.4129
G01 X24.5486Y67.3881
G01 X24.6390Y67.3655
G01 X24.7216Y67.3537
G01 X24.8000Y67.3500
G01 X38.6871Y67.3500
G01 X44.8830Y61.1541
G01 X44.8622Y61.0693
G01 X44.8464Y60.9625
G01 X44.8400Y60.8400
G01 X44.8400Y59.5700
G01 X44.8464Y59.4475
G01 X44.8625Y59.3391
G01 X44.8932Y59.2170
G01 X44.9333Y59.1063
G01 X44.9795Y59.0087
G01 X45.0396Y58.9075
G01 X45.1094Y58.8126
G01 X45.1950Y58.7181
G01 X45.2826Y58.6394
G01 X45.3700Y58.5746
G01 X45.4701Y58.5141
G01 X45.5763Y58.4633
G01 X45.6964Y58.4204
G01 X45.8107Y58.3922
G01 X45.9175Y58.3764
G01 X46.0351Y58.3701
G01 X46.1527Y58.3754
G01 X46.2705Y58.3924
G01 X46.3930Y58.4232
G01 X46.5037Y58.4633
G01 X46.6013Y58.5095
G01 X46.7025Y58.5696
G01 X46.8050Y58.6456
G01 X46.8850Y58.7181
G01 X46.9644Y58.8050
G01 X47.0349Y58.8993
G01 X47.1005Y59.0087
G01 X47.1504Y59.1154
G01 X47.1896Y59.2264
G01 X47.2159Y59.3311
G01 X47.2336Y59.4475
G01 X47.2399Y59.5651
G01 X47.2400Y60.8400
G01 X47.2346Y60.9527
G01 X47.2159Y61.0789
G01 X47.1868Y61.1930
G01 X47.1504Y61.2946
G01 X47.0959Y61.4099
G01 X47.0349Y61.5107
G01 X46.9706Y61.5974
G01 X46.8850Y61.6919
G01 X46.7974Y61.7706
G01 X46.7107Y61.8349
G01 X46.6013Y61.9005
G01 X46.5037Y61.9467
G01 X46.4887Y61.9526
G01 X39.6402Y68.8010
G01 X39.5821Y68.8539
G01 X39.5147Y68.9044
G01 X39.4441Y68.9472
G01 X39.3689Y68.9833
G01 X39.2906Y69.0119
G01 X39.2098Y69.0326
G01 X39.1273Y69.0453
G01 X39.0392Y69.0500
G01 X25.1521Y69.0500
G01 X23.3475Y70.8544
G01 X23.2854Y70.9101
G01 X23.2256Y70.9544
G01 X23.1550Y70.9972
G01 X23.0798Y71.0333
G01 X23.0014Y71.0619
G01 X22.9110Y71.0845
G01 X22.8284Y71.0963
G01 X22.7500Y71.1000
G01 X18.8152Y71.1000
G01 X18.8136Y71.1225
G01 X18.7959Y71.2389
G01 X18.7668Y71.3530
G01 X18.7304Y71.4546
G01 X18.6759Y71.5699
G01 X18.6204Y71.6625
G01 X18.6000Y71.6908
G01 X18.6000Y77.9000
G01 X18.5946Y78.0127
G01 X18.5778Y78.1293
G01 X18.5468Y78.2530
G01 X18.5067Y78.3637
G01 X18.4605Y78.4613
G01 X18.3949Y78.5707
G01 X18.3306Y78.6574
G01 X18.2519Y78.7450
G01 X18.1574Y78.8306
G01 X18.0700Y78.8954
G01 X17.9699Y78.9559
G01 X17.8546Y79.0104
G01 X17.7436Y79.0496
G01 X17.6293Y79.0778
G01 X17.5127Y79.0946
G01 X17.3951Y79.0999
G01 X17.2775Y79.0936
G01 X17.1695Y79.0776
G01 X17.0470Y79.0468
G01 X16.9363Y79.0067
G01 X16.8301Y78.9559
G01 X16.7293Y78.8949
G01 X16.6350Y78.8244
G01 X16.5481Y78.7450
G01 X16.4694Y78.6574
G01 X16.4046Y78.5700
G01 X16.3395Y78.4613
G01 X16.2896Y78.3546
G01 X16.2504Y78.2436
G01 X16.2222Y78.1293
G01 X16.2054Y78.0127
G01 X16.2000Y77.9000
G01 X16.2000Y70.9000
G01 X16.2056Y70.7873
G00 Z3.0000
G00 X10.8499Y72.4412
G01 Z-0.1600
G01 X10.8799Y72.4444
G01 X10.9500Y72.4478
G01 X10.9500Y72.5519
G01 X10.9356Y72.5343
G01 X10.8631Y72.4543
G01 X10.8499Y72.4412
G00 Z3.0000
G00 X10.9500Y78.5713
G01 Z-0.1600
G01 X10.9500Y78.7304
G01 X10.9297Y78.7202
G01 X10.9071Y78.7108
G01 X10.8671Y78.6983
G01 X10.8954Y78.6601
G01 X10.9090Y78.6397
G01 X10.9500Y78.5713
G00 Z3.0000
G00 X13.7429Y78.6577
G01 Z-0.1600
G01 X13.7280Y78.6613
G01 X13.6929Y78.6725
G01 X13.6703Y78.6819
G01 X13.6500Y78.6921
G01 X13.6500Y78.4961
G01 X13.6639Y78.5254
G01 X13.6755Y78.5471
G01 X13.7310Y78.6397
G01 X13.7429Y78.6577
G00 Z3.0000
G00 X16.1399Y78.3817
G01 Z-0.1600
G01 X16.1201Y78.3817
G01 X16.1300Y78.3539
G01 X16.1399Y78.3817
G00 Z3.0000
G00 X19.8051Y82.1971
G01 Z-0.1600
G01 X19.8059Y82.1873
G01 X19.8222Y82.0806
G01 X19.8489Y81.9760
G01 X19.8820Y81.8836
G01 X19.9323Y81.7772
G01 X19.9882Y81.6849
G01 X20.0529Y81.5985
G01 X20.1257Y81.5188
G01 X20.2060Y81.4467
G01 X20.2855Y81.3877
G01 X20.3772Y81.3323
G01 X20.4836Y81.2820
G01 X20.5854Y81.2461
G01 X20.6806Y81.2222
G01 X20.7873Y81.2059
G01 X20.8951Y81.2001
G01 X21.0127Y81.2059
G01 X21.1194Y81.2222
G01 X21.2240Y81.2489
G01 X21.3254Y81.2857
G01 X21.4142Y81.3277
G01 X21.5070Y81.3828
G01 X21.5980Y81.4500
G01 X23.0500Y81.4500
G01 X23.0500Y78.7469
G01 X22.9694Y78.6574
G01 X22.9046Y78.5700
G01 X22.8441Y78.4699
G01 X22.7896Y78.3546
G01 X22.7504Y78.2436
G01 X22.7241Y78.1389
G01 X22.7054Y78.0127
G01 X22.7001Y77.9049
G01 X22.7054Y77.7873
G01 X22.7241Y77.6611
G01 X22.7532Y77.5470
G01 X22.7896Y77.4454
G01 X22.8441Y77.3301
G01 X22.9051Y77.2293
G01 X22.9756Y77.1350
G01 X23.0481Y77.0550
G01 X23.1350Y76.9756
G01 X23.2300Y76.9046
G01 X23.3387Y76.8395
G01 X23.4454Y76.7896
G01 X23.5564Y76.7504
G01 X23.6611Y76.7241
G01 X23.7873Y76.7054
G01 X23.9049Y76.7001
G01 X24.0225Y76.7064
G01 X24.1305Y76.7224
G01 X24.2436Y76.7504
G01 X24.3637Y76.7933
G01 X24.4699Y76.8441
G01 X24.5707Y76.9051
G01 X24.6574Y76.9694
G01 X24.7450Y77.0481
G01 X24.8244Y77.1350
G01 X24.8954Y77.2300
G01 X24.9559Y77.3301
G01 X25.0067Y77.4363
G01 X25.0468Y77.5470
G01 X25.0776Y77.6695
G01 X25.0946Y77.7873
G01 X25.0999Y77.9049
G01 X25.0936Y78.0225
G01 X25.0776Y78.1305
G01 X25.0468Y78.2530
G01 X25.0067Y78.3637
G01 X24.9559Y78.4699
G01 X24.8949Y78.5707
G01 X24.8244Y78.6650
G01 X24.7500Y78.7469
G01 X24.7500Y81.5021
G01 X24.8123Y81.5855
G01 X24.8677Y81.6772
G01 X24.9143Y81.7746
G01 X24.9511Y81.8760
G01 X24.9778Y81.9806
G01 X24.9941Y82.0873
G01 X24.9999Y82.2049
G01 X24.9941Y82.3127
G01 X24.9795Y82.4110
G01 X24.9511Y82.5240
G01 X24.9143Y82.6254
G01 X24.8677Y82.7228
G01 X24.8118Y82.8151
G01 X24.7533Y82.8940
G01 X24.6812Y82.9743
G01 X24.5940Y83.0533
G01 X24.5070Y83.1172
G01 X24.4142Y83.1723
G01 X24.3164Y83.2180
G01 X24.2146Y83.2539
G01 X24.1098Y83.2797
G01 X24.0127Y83.2941
G01 X23.9049Y83.2999
G01 X23.7971Y83.2951
G01 X23.6806Y83.2778
G01 X23.5760Y83.2511
G01 X23.4836Y83.2180
G01 X23.3858Y83.1723
G01 X23.3477Y83.1500
G01 X21.5979Y83.1500
G01 X21.5145Y83.2123
G01 X21.4142Y83.2723
G01 X21.3164Y83.3180
G01 X21.2146Y83.3539
G01 X21.1098Y83.3797
G01 X21.0127Y83.3941
G01 X20.9049Y83.3999
G01 X20.7971Y83.3951
G01 X20.6890Y83.3795
G01 X20.5854Y83.3539
G01 X20.4836Y83.3180
G01 X20.3858Y83.2723
G01 X20.2930Y83.2172
G01 X20.2060Y83.1533
G01 X20.1257Y83.0812
G01 X20.0467Y82.9940
G01 X19.9828Y82.9070
G01 X19.9277Y82.8142
G01 X19.8820Y82.7164
G01 X19.8461Y82.6146
G01 X19.8203Y82.5098
G01 X19.8049Y82.4029
G01 X19.8001Y82.2951
G01 X19.8051Y82.1971
G00 Z3.0000
G00 X25.1756Y78.3695
G01 Z-0.1600
G01 X25.1644Y78.3695
G01 X25.1700Y78.3539
G01 X25.1756Y78.3695
G00 Z3.0000
G00 X25.2456Y77.7873
G01 Z-0.1600
G01 X25.2464Y77.7775
G01 X25.2641Y77.6611
G01 X25.2932Y77.5470
G01 X25.3296Y77.4454
G01 X25.3841Y77.3301
G01 X25.4451Y77.2293
G01 X25.5156Y77.1350
G01 X25.5881Y77.0550
G01 X25.6527Y76.9958
G01 X25.6990Y76.9450
G01 X27.3950Y75.2490
G01 X27.4530Y75.1961
G01 X27.5198Y75.1461
G01 X27.5997Y75.0982
G01 X27.6753Y75.0629
G01 X27.7446Y75.0381
G01 X27.8254Y75.0174
G01 X27.9176Y75.0037
G01 X27.9960Y75.0000
G01 X29.3939Y75.0000
G01 X30.8450Y73.5489
G01 X30.9031Y73.4961
G01 X30.9704Y73.4456
G01 X31.0497Y73.3981
G01 X31.1253Y73.3629
G01 X31.1946Y73.3381
G01 X31.2754Y73.3174
G01 X31.3578Y73.3047
G01 X31.4460Y73.3000
G01 X45.1954Y73.3000
G01 X46.4016Y72.0938
G01 X46.4016Y65.0675
G01 X46.4058Y64.9836
G01 X46.4190Y64.8969
G01 X46.4398Y64.8161
G01 X46.4664Y64.7421
G01 X46.4998Y64.6712
G01 X46.5477Y64.5913
G01 X46.5948Y64.5280
G01 X46.6501Y64.4670
G01 X49.9630Y61.1541
G01 X49.9422Y61.0693
G01 X49.9264Y60.9625
G01 X49.9200Y60.8400
G01 X49.9200Y59.5700
G01 X49.9264Y59.4475
G01 X49.9425Y59.3391
G01 X49.9732Y59.2170
G01 X50.0133Y59.1063
G01 X50.0595Y59.0087
G01 X50.1251Y58.8993
G01 X50.1894Y58.8126
G01 X50.2681Y58.7250
G01 X50.3550Y58.6456
G01 X50.4500Y58.5746
G01 X50.5587Y58.5095
G01 X50.6654Y58.4596
G01 X50.7764Y58.4204
G01 X50.8907Y58.3922
G01 X50.9975Y58.3764
G01 X51.1151Y58.3701
G01 X51.2327Y58.3754
G01 X51.3505Y58.3924
G01 X51.4730Y58.4232
G01 X51.5837Y58.4633
G01 X51.6899Y58.5141
G01 X51.7907Y58.5751
G01 X51.8774Y58.6394
G01 X51.9650Y58.7181
G01 X52.0444Y58.8050
G01 X52.1154Y58.9000
G01 X52.1805Y59.0087
G01 X52.2304Y59.1154
G01 X52.2668Y59.2170
G01 X52.2978Y59.3407
G01 X52.3146Y59.4573
G01 X52.3200Y59.5700
G01 X52.3200Y60.8400
G01 X52.3136Y60.9625
G01 X52.2975Y61.0709
G01 X52.2696Y61.1836
G01 X52.2304Y61.2946
G01 X52.1805Y61.4013
G01 X52.1204Y61.5025
G01 X52.0444Y61.6050
G01 X51.9650Y61.6919
G01 X51.8774Y61.7706
G01 X51.7900Y61.8354
G01 X51.6899Y61.8959
G01 X51.5837Y61.9467
G01 X51.5687Y61.9526
G01 X48.1016Y65.4196
G01 X48.1016Y72.4458
G01 X48.0969Y72.5340
G01 X48.0842Y72.6165
G01 X48.0635Y72.6972
G01 X48.0387Y72.7665
G01 X47.9988Y72.8508
G01 X47.9556Y72.9221
G01 X47.9055Y72.9888
G01 X47.8561Y73.0433
G01 X46.1485Y74.7510
G01 X46.0904Y74.8038
G01 X46.0231Y74.8544
G01 X45.9438Y74.9018
G01 X45.8682Y74.9371
G01 X45.7989Y74.9618
G01 X45.7085Y74.9845
G01 X45.6259Y74.9963
G01 X45.5475Y75.0000
G01 X31.7981Y75.0000
G01 X30.3471Y76.4510
G01 X30.2890Y76.5039
G01 X30.2223Y76.5539
G01 X30.1423Y76.6018
G01 X30.0667Y76.6371
G01 X29.9880Y76.6647
G01 X29.9070Y76.6845
G01 X29.8244Y76.6963
G01 X29.7460Y76.7000
G01 X28.3481Y76.7000
G01 X27.5642Y77.4839
G01 X27.5896Y77.5564
G01 X27.6178Y77.6707
G01 X27.6346Y77.7873
G01 X27.6399Y77.9049
G01 X27.6336Y78.0225
G01 X27.6176Y78.1305
G01 X27.5868Y78.2530
G01 X27.5467Y78.3637
G01 X27.4959Y78.4699
G01 X27.4349Y78.5707
G01 X27.3706Y78.6574
G01 X27.2919Y78.7450
G01 X27.2050Y78.8244
G01 X27.1100Y78.8954
G01 X27.0099Y78.9559
G01 X26.9037Y79.0067
G01 X26.7836Y79.0496
G01 X26.6693Y79.0778
G01 X26.5625Y79.0936
G01 X26.4449Y79.0999
G01 X26.3175Y79.0936
G01 X26.2095Y79.0776
G01 X26.0964Y79.0496
G01 X25.9854Y79.0104
G01 X25.8701Y78.9559
G01 X25.7693Y78.8949
G01 X25.6826Y78.8306
G01 X25.5950Y78.7519
G01 X25.5094Y78.6574
G01 X25.4446Y78.5700
G01 X25.3841Y78.4699
G01 X25.3333Y78.3637
G01 X25.2904Y78.2436
G01 X25.2622Y78.1293
G01 X25.2464Y78.0225
G01 X25.2401Y77.9049
G01 X25.2456Y77.7873
G00 Z3.0000
G00 X25.1700Y77.4461
G01 Z-0.1600
G01 X25.1644Y77.4305
G01 X25.1756Y77.4305
G01 X25.1700Y77.4461
G00 Z3.0000
G00 X30.3256Y77.7873
G01 Z-0.1600
G01 X30.3264Y77.7775
G01 X30.3441Y77.6611
G01 X30.3732Y77.5470
G01 X30.4133Y77.4363
G01 X30.4641Y77.3301
G01 X30.5196Y77.2375
G01 X30.5894Y77.1426
G01 X30.6500Y77.0750
G01 X30.6500Y76.5002
G01 X30.6547Y76.4120
G01 X30.6657Y76.3380
G01 X30.6881Y76.2488
G01 X30.7167Y76.1704
G01 X30.7482Y76.1039
G01 X30.7906Y76.0321
G01 X30.8399Y75.9648
G01 X30.8990Y75.8991
G01 X31.5492Y75.2490
G01 X31.6072Y75.1961
G01 X31.6746Y75.1456
G01 X31.7539Y75.0982
G01 X31.8295Y75.0629
G01 X31.8988Y75.0381
G01 X31.9892Y75.0155
G01 X32.0718Y75.0037
G01 X32.1502Y75.0000
G01 X45.8996Y75.0000
G01 X48.1016Y72.7979
G01 X48.1016Y66.0433
G01 X48.1063Y65.9551
G01 X48.1173Y65.8811
G01 X48.1369Y65.8013
G01 X48.1683Y65.7136
G01 X48.2044Y65.6384
G01 X48.2477Y65.5671
G01 X48.2916Y65.5080
G01 X48.3441Y65.4493
G01 X48.3695Y65.3787
G01 X48.4027Y65.3083
G01 X48.4478Y65.2324
G01 X48.4972Y65.1657
G01 X48.5535Y65.1035
G01 X52.5030Y61.1541
G01 X52.4822Y61.0693
G01 X52.4664Y60.9625
G01 X52.4600Y60.8400
G01 X52.4600Y59.5700
G01 X52.4664Y59.4475
G01 X52.4825Y59.3391
G01 X52.5132Y59.2170
G01 X52.5533Y59.1063
G01 X52.5995Y59.0087
G01 X52.6651Y58.8993
G01 X52.7294Y58.8126
G01 X52.8081Y58.7250
G01 X52.8950Y58.6456
G01 X52.9900Y58.5746
G01 X53.0901Y58.5141
G01 X53.1963Y58.4633
G01 X53.3070Y58.4232
G01 X53.4211Y58.3941
G01 X53.5473Y58.3754
G01 X53.6649Y58.3701
G01 X53.7825Y58.3764
G01 X53.8905Y58.3924
G01 X54.0036Y58.4204
G01 X54.1146Y58.4596
G01 X54.2213Y58.5095
G01 X54.3225Y58.5696
G01 X54.4174Y58.6394
G01 X54.5050Y58.7181
G01 X54.5906Y58.8126
G01 X54.6554Y58.9000
G01 X54.7159Y59.0001
G01 X54.7704Y59.1154
G01 X54.8096Y59.2264
G01 X54.8359Y59.3311
G01 X54.8536Y59.4475
G01 X54.8599Y59.5651
G01 X54.8600Y60.8400
G01 X54.8536Y60.9625
G01 X54.8375Y61.0709
G01 X54.8068Y61.1930
G01 X54.7667Y61.3037
G01 X54.7159Y61.4099
G01 X54.6604Y61.5025
G01 X54.5844Y61.6050
G01 X54.5050Y61.6919
G01 X54.4174Y61.7706
G01 X54.3300Y61.8354
G01 X54.2299Y61.8959
G01 X54.1237Y61.9467
G01 X54.1087Y61.9526
G01 X49.9648Y66.0965
G01 X49.9379Y66.1702
G01 X49.9018Y66.2454
G01 X49.8585Y66.3166
G01 X49.8147Y66.3758
G01 X49.8016Y66.3908
G01 X49.8016Y73.1500
G01 X49.7979Y73.2284
G01 X49.7860Y73.3122
G01 X49.7635Y73.4014
G01 X49.7350Y73.4798
G01 X49.6989Y73.5550
G01 X49.6556Y73.6263
G01 X49.6055Y73.6930
G01 X49.5527Y73.7510
G01 X46.8527Y76.4510
G01 X46.7870Y76.5101
G01 X46.7272Y76.5544
G01 X46.6566Y76.5972
G01 X46.5814Y76.6333
G01 X46.5031Y76.6619
G01 X46.4126Y76.6845
G01 X46.3301Y76.6963
G01 X46.2516Y76.7000
G01 X32.5023Y76.7000
G01 X32.3500Y76.8523
G01 X32.3500Y77.0345
G01 X32.3719Y77.0550
G01 X32.4506Y77.1426
G01 X32.5154Y77.2300
G01 X32.5759Y77.3301
G01 X32.6304Y77.4454
G01 X32.6696Y77.5564
G01 X32.6959Y77.6611
G01 X32.7146Y77.7873
G01 X32.7199Y77.8951
G01 X32.7146Y78.0127
G01 X32.6959Y78.1389
G01 X32.6668Y78.2530
G01 X32.6304Y78.3546
G01 X32.5759Y78.4699
G01 X32.5149Y78.5707
G01 X32.4506Y78.6574
G01 X32.3719Y78.7450
G01 X32.2774Y78.8306
G01 X32.1900Y78.8954
G01 X32.0899Y78.9559
G01 X31.9746Y79.0104
G01 X31.8636Y79.0496
G01 X31.7589Y79.0759
G01 X31.6327Y79.0946
G01 X31.5151Y79.0999
G01 X31.3975Y79.0936
G01 X31.2895Y79.0776
G01 X31.1764Y79.0496
G01 X31.0654Y79.0104
G01 X30.9501Y78.9559
G01 X30.8493Y78.8949
G01 X30.7550Y78.8244
G01 X30.6681Y78.7450
G01 X30.5894Y78.6574
G01 X30.5246Y78.5700
G01 X30.4641Y78.4699
G01 X30.4133Y78.3637
G01 X30.3732Y78.2530
G01 X30.3441Y78.1389
G01 X30.3264Y78.0225
G01 X30.3201Y77.9049
G01 X30.3256Y77.7873
G00 Z3.0000
G00 X30.5000Y76.5416
G01 Z-0.1600
G01 X30.4791Y76.5311
G01 X30.5000Y76.5102
G01 X30.5000Y76.5416
G00 Z3.0000
G00 X32.7900Y77.1524
G01 Z-0.1600
G01 X32.7563Y77.0961
G01 X32.7377Y77.0680
G01 X32.6683Y76.9750
G01 X32.9116Y76.9750
G01 X32.8442Y77.0655
G01 X32.8237Y77.0961
G01 X32.7900Y77.1524
G00 Z3.0000
G00 X33.2119Y76.8500
G01 Z-0.1600
G01 X33.1943Y76.8645
G01 X33.1143Y76.9369
G01 X33.0969Y76.9543
G01 X33.0245Y77.0343
G01 X33.0089Y77.0532
G01 X32.9446Y77.1399
G01 X32.9310Y77.1603
G01 X32.8755Y77.2529
G01 X32.8639Y77.2746
G01 X32.8177Y77.3722
G01 X32.8083Y77.3948
G01 X32.7900Y77.4461
G01 X32.7717Y77.3948
G01 X32.7623Y77.3722
G01 X32.7161Y77.2746
G01 X32.7045Y77.2529
G01 X32.6490Y77.1603
G01 X32.6366Y77.1416
G01 X32.5711Y77.0532
G01 X32.5556Y77.0343
G01 X32.5000Y76.9730
G01 X32.5000Y76.9144
G01 X32.5644Y76.8500
G01 X33.2119Y76.8500
G00 Z3.0000
G00 X32.8656Y77.7873
G01 Z-0.1600
G01 X32.8664Y77.7775
G01 X32.8824Y77.6695
G01 X32.9104Y77.5564
G01 X32.9496Y77.4454
G01 X32.9995Y77.3387
G01 X33.0596Y77.2375
G01 X33.1294Y77.1426
G01 X33.2081Y77.0550
G01 X33.3026Y76.9694
G01 X33.3900Y76.9046
G01 X33.4987Y76.8395
G01 X33.6054Y76.7896
G01 X33.7164Y76.7504
G01 X33.8211Y76.7241
G01 X33.9375Y76.7064
G01 X34.0551Y76.7001
G01 X34.1727Y76.7054
G01 X34.2905Y76.7224
G01 X34.4036Y76.7504
G01 X34.5146Y76.7896
G01 X34.6213Y76.8395
G01 X34.7225Y76.8996
G01 X34.8174Y76.9694
G01 X34.9050Y77.0481
G01 X34.9844Y77.1350
G01 X35.0554Y77.2300
G01 X35.1205Y77.3387
G01 X35.1704Y77.4454
G01 X35.2068Y77.5470
G01 X35.2378Y77.6707
G01 X35.2536Y77.7775
G01 X35.2598Y77.8925
G01 X35.3018Y77.9637
G01 X35.3333Y78.0302
G01 X35.3647Y78.1180
G01 X35.3845Y78.1990
G01 X35.3963Y78.2816
G01 X35.4000Y78.3600
G01 X35.4000Y78.5319
G01 X35.9681Y79.1000
G01 X37.3625Y79.1000
G01 X37.3961Y79.0301
G01 X37.4516Y78.9375
G01 X37.5276Y78.8350
G01 X37.6001Y78.7550
G01 X37.6870Y78.6756
G01 X37.7820Y78.6046
G01 X37.8907Y78.5395
G01 X37.9973Y78.4896
G01 X38.1084Y78.4504
G01 X38.2227Y78.4222
G01 X38.3295Y78.4064
G01 X38.4520Y78.4000
G01 X41.5300Y78.4000
G01 X41.6427Y78.4054
G01 X41.7442Y78.4200
G01 X42.0800Y78.4200
G01 X42.2025Y78.4264
G01 X42.3105Y78.4424
G01 X42.4330Y78.4732
G01 X42.5437Y78.5133
G01 X42.6499Y78.5641
G01 X42.7507Y78.6251
G01 X42.8450Y78.6956
G01 X42.9250Y78.7681
G01 X43.0044Y78.8550
G01 X43.0749Y78.9493
G01 X43.1359Y79.0501
G01 X43.1867Y79.1563
G01 X43.2268Y79.2670
G01 X43.2576Y79.3895
G01 X43.2736Y79.4975
G01 X43.2799Y79.6151
G01 X43.2746Y79.7327
G01 X43.2576Y79.8505
G01 X43.2296Y79.9636
G01 X43.1904Y80.0746
G01 X43.1359Y80.1899
G01 X43.0749Y80.2907
G01 X43.0106Y80.3774
G01 X42.9250Y80.4719
G01 X42.8374Y80.5506
G01 X42.7507Y80.6149
G01 X42.6413Y80.6805
G01 X42.5346Y80.7304
G01 X42.4236Y80.7696
G01 X42.3093Y80.7978
G01 X42.2025Y80.8136
G01 X42.0800Y80.8200
G01 X41.5500Y80.8200
G01 X41.4373Y80.8146
G01 X41.3358Y80.8000
G01 X35.6160Y80.8000
G01 X35.5376Y80.7963
G01 X35.4538Y80.7843
G01 X35.3646Y80.7619
G01 X35.2862Y80.7333
G01 X35.2197Y80.7018
G01 X35.1398Y80.6539
G01 X35.0730Y80.6039
G01 X35.0185Y80.5544
G01 X33.9490Y79.4850
G01 X33.8961Y79.4270
G01 X33.8456Y79.3596
G01 X33.7982Y79.2803
G01 X33.7629Y79.2047
G01 X33.7381Y79.1354
G01 X33.7164Y79.0496
G01 X33.5963Y79.0067
G01 X33.4901Y78.9559
G01 X33.3975Y78.9004
G01 X33.2950Y78.8244
G01 X33.2150Y78.7519
G01 X33.1356Y78.6650
G01 X33.0646Y78.5700
G01 X33.0041Y78.4699
G01 X32.9533Y78.3637
G01 X32.9132Y78.2530
G01 X32.8841Y78.1389
G01 X32.8664Y78.0225
G01 X32.8601Y77.9049
G01 X32.8656Y77.7873
G00 Z3.0000
G00 X32.7900Y78.3539
G01 Z-0.1600
G01 X32.7956Y78.3695
G01 X32.7844Y78.3695
G01 X32.7900Y78.3539
G00 Z3.0000
G00 X35.4056Y77.7873
G01 Z-0.1600
G01 X35.4064Y77.7775
G01 X35.4241Y77.6611
G01 X35.4532Y77.5470
G01 X35.4933Y77.4363
G01 X35.5441Y77.3301
G01 X35.6051Y77.2293
G01 X35.6694Y77.1426
G01 X35.7481Y77.0550
G01 X35.8426Y76.9694
G01 X35.9300Y76.9046
G01 X36.0387Y76.8395
G01 X36.1454Y76.7896
G01 X36.2564Y76.7504
G01 X36.3707Y76.7222
G01 X36.4873Y76.7054
G01 X36.5951Y76.7001
G01 X36.6251Y76.7011
G01 X36.6549Y76.7001
G01 X36.7382Y76.7047
G01 X36.8110Y76.7155
G01 X36.8920Y76.7353
G01 X36.9167Y76.7436
G01 X36.9530Y76.7532
G01 X37.0638Y76.7934
G01 X37.1293Y76.7629
G01 X37.1986Y76.7381
G01 X37.2794Y76.7174
G01 X37.3618Y76.7047
G01 X37.4500Y76.7000
G01 X46.6037Y76.7000
G01 X49.8017Y73.5021
G01 X49.8017Y66.7475
G01 X49.8063Y66.6593
G01 X49.8180Y66.5817
G01 X49.8369Y66.5055
G01 X49.8664Y66.4222
G01 X49.9044Y66.3425
G01 X49.9449Y66.2752
G01 X49.9916Y66.2121
G01 X50.0506Y66.1465
G01 X55.0430Y61.1541
G01 X55.0222Y61.0693
G01 X55.0064Y60.9625
G01 X55.0000Y60.8400
G01 X55.0000Y59.5700
G01 X55.0064Y59.4475
G01 X55.0225Y59.3391
G01 X55.0532Y59.2170
G01 X55.0933Y59.1063
G01 X55.1395Y59.0087
G01 X55.2051Y58.8993
G01 X55.2694Y58.8126
G01 X55.3481Y58.7250
G01 X55.4350Y58.6456
G01 X55.5300Y58.5746
G01 X55.6301Y58.5141
G01 X55.7363Y58.4633
G01 X55.8470Y58.4232
G01 X55.9611Y58.3941
G01 X56.0873Y58.3754
G01 X56.2049Y58.3701
G01 X56.3225Y58.3764
G01 X56.4305Y58.3924
G01 X56.5530Y58.4232
G01 X56.6637Y58.4633
G01 X56.7699Y58.5141
G01 X56.8707Y58.5751
G01 X56.9574Y58.6394
G01 X57.0450Y58.7181
G01 X57.1244Y58.8050
G01 X57.1954Y58.9000
G01 X57.2605Y59.0087
G01 X57.3104Y59.1154
G01 X57.3468Y59.2170
G01 X57.3778Y59.3407
G01 X57.3946Y59.4573
G01 X57.4000Y59.5700
G01 X57.4000Y60.5146
G01 X57.4147Y60.5571
G01 X57.4345Y60.6382
G01 X57.4463Y60.7207
G01 X57.4499Y60.7942
G01 X57.4453Y60.8873
G01 X57.4343Y60.9618
G01 X57.4119Y61.0506
G01 X57.3833Y61.1289
G01 X57.3518Y61.1955
G01 X57.3363Y61.2223
G01 X57.3067Y61.3037
G01 X57.2559Y61.4099
G01 X57.1949Y61.5107
G01 X57.1306Y61.5974
G01 X57.0519Y61.6850
G01 X56.9574Y61.7706
G01 X56.8700Y61.8354
G01 X56.7699Y61.8959
G01 X56.6637Y61.9467
G01 X56.6487Y61.9526
G01 X51.5017Y67.0996
G01 X51.5017Y73.8542
G01 X51.4970Y73.9424
G01 X51.4860Y74.0164
G01 X51.4664Y74.0962
G01 X51.4350Y74.1839
G01 X51.3989Y74.2591
G01 X51.3556Y74.3304
G01 X51.3117Y74.3895
G01 X51.2527Y74.4552
G01 X47.5569Y78.1510
G01 X47.4967Y78.2053
G01 X45.6010Y80.1010
G01 X45.5354Y80.1601
G01 X45.4756Y80.2044
G01 X45.4648Y80.2114
G01 X45.4244Y80.2650
G01 X45.3519Y80.3450
G01 X45.2650Y80.4244
G01 X45.1700Y80.4954
G01 X45.0699Y80.5559
G01 X44.9546Y80.6104
G01 X44.8436Y80.6496
G01 X44.7389Y80.6759
G01 X44.6225Y80.6936
G01 X44.5049Y80.6999
G01 X44.3775Y80.6936
G01 X44.2695Y80.6776
G01 X44.1470Y80.6468
G01 X44.0363Y80.6067
G01 X43.9301Y80.5559
G01 X43.8293Y80.4949
G01 X43.7426Y80.4306
G01 X43.6481Y80.3450
G01 X43.5694Y80.2574
G01 X43.5046Y80.1700
G01 X43.4395Y80.0613
G01 X43.3896Y79.9546
G01 X43.3532Y79.8530
G01 X43.3222Y79.7293
G01 X43.3064Y79.6225
G01 X43.3001Y79.5049
G01 X43.3064Y79.3775
G01 X43.3224Y79.2695
G01 X43.3430Y79.1859
G01 X42.5571Y78.4000
G01 X37.8021Y78.4000
G01 X37.6010Y78.6010
G01 X37.5430Y78.6539
G01 X37.5155Y78.6748
G01 X37.4450Y78.7519
G01 X37.3650Y78.8244
G01 X37.2700Y78.8954
G01 X37.1613Y78.9605
G01 X37.0546Y79.0104
G01 X36.9436Y79.0496
G01 X36.8389Y79.0759
G01 X36.7127Y79.0946
G01 X36.6049Y79.0999
G01 X36.4873Y79.0946
G01 X36.3695Y79.0776
G01 X36.2564Y79.0496
G01 X36.1454Y79.0104
G01 X36.0387Y78.9605
G01 X35.9375Y78.9004
G01 X35.8426Y78.8306
G01 X35.7550Y78.7519
G01 X35.6756Y78.6650
G01 X35.6046Y78.5700
G01 X35.5441Y78.4699
G01 X35.4933Y78.3637
G01 X35.4532Y78.2530
G01 X35.4241Y78.1389
G01 X35.4064Y78.0225
G01 X35.4001Y77.9049
G01 X35.4056Y77.7873
G00 Z3.0000
G00 X35.3300Y77.4461
G01 Z-0.1600
G01 X35.3117Y77.3948
G01 X35.3023Y77.3722
G01 X35.2561Y77.2746
G01 X35.2445Y77.2529
G01 X35.1890Y77.1603
G01 X35.1766Y77.1416
G01 X35.1111Y77.0532
G01 X35.0956Y77.0343
G01 X35.0231Y76.9543
G01 X35.0057Y76.9369
G01 X34.9257Y76.8645
G01 X34.9081Y76.8500
G01 X35.7519Y76.8500
G01 X35.7343Y76.8645
G01 X35.6543Y76.9369
G01 X35.6369Y76.9543
G01 X35.5645Y77.0343
G01 X35.5489Y77.0532
G01 X35.4846Y77.1399
G01 X35.4710Y77.1603
G01 X35.4155Y77.2529
G01 X35.4039Y77.2746
G01 X35.3577Y77.3722
G01 X35.3483Y77.3948
G01 X35.3300Y77.4461
G00 Z3.0000
G00 X35.3300Y77.1524
G01 Z-0.1600
G01 X35.2963Y77.0961
G01 X35.2777Y77.0680
G01 X35.2083Y76.9750
G01 X35.4516Y76.9750
G01 X35.3842Y77.0655
G01 X35.3637Y77.0961
G01 X35.3300Y77.1524
G00 Z3.0000
G00 X34.0051Y82.2971
G01 Z-0.1600
G01 X34.0059Y82.2873
G01 X34.0205Y82.1890
G01 X34.0461Y82.0854
G01 X34.0820Y81.9836
G01 X34.1277Y81.8858
G01 X34.1828Y81.7930
G01 X34.2467Y81.7060
G01 X34.3188Y81.6257
G01 X34.3985Y81.5529
G01 X34.4930Y81.4828
G01 X34.5858Y81.4277
G01 X34.6746Y81.3857
G01 X34.7854Y81.3461
G01 X34.8902Y81.3203
G01 X34.9925Y81.3054
G01 X35.2525Y81.0456
G01 X35.3146Y80.9899
G01 X35.3819Y80.9406
G01 X35.4537Y80.8982
G01 X35.5293Y80.8629
G01 X35.5986Y80.8382
G01 X35.6794Y80.8174
G01 X35.7618Y80.8047
G01 X35.8451Y80.8001
G01 X35.9284Y80.8037
G01 X36.0122Y80.8157
G01 X36.0309Y80.8200
G01 X44.8879Y80.8200
G01 X51.5017Y74.2063
G01 X51.5017Y67.4517
G01 X51.5057Y67.3684
G01 X51.5172Y67.2907
G01 X51.5383Y67.2049
G01 X51.5684Y67.1219
G01 X51.6020Y67.0510
G01 X51.6449Y66.9795
G01 X51.6948Y66.9122
G01 X51.7506Y66.8506
G01 X56.3123Y62.2890
G01 X56.3745Y62.2326
G01 X56.4452Y62.1806
G01 X56.5170Y62.1382
G01 X56.5885Y62.1045
G01 X56.6573Y62.0798
G01 X57.5830Y61.1541
G01 X57.5622Y61.0693
G01 X57.5464Y60.9625
G01 X57.5400Y60.8400
G01 X57.5400Y59.5700
G01 X57.5464Y59.4475
G01 X57.5625Y59.3391
G01 X57.5932Y59.2170
G01 X57.6333Y59.1063
G01 X57.6795Y59.0087
G01 X57.7451Y58.8993
G01 X57.8094Y58.8126
G01 X57.8881Y58.7250
G01 X57.9750Y58.6456
G01 X58.0700Y58.5746
G01 X58.1701Y58.5141
G01 X58.2763Y58.4633
G01 X58.3870Y58.4232
G01 X58.5011Y58.3941
G01 X58.6175Y58.3764
G01 X58.7351Y58.3701
G01 X58.8527Y58.3754
G01 X58.9705Y58.3924
G01 X59.0930Y58.4232
G01 X59.2037Y58.4633
G01 X59.3099Y58.5141
G01 X59.4107Y58.5751
G01 X59.5050Y58.6456
G01 X59.5919Y58.7250
G01 X59.6706Y58.8126
G01 X59.7354Y58.9000
G01 X59.7959Y59.0001
G01 X59.8467Y59.1063
G01 X59.8896Y59.2264
G01 X59.9178Y59.3407
G01 X59.9346Y59.4573
G01 X59.9400Y59.5700
G01 X59.9400Y60.8400
G01 X59.9346Y60.9527
G01 X59.9175Y61.0709
G01 X59.8868Y61.1930
G01 X59.8467Y61.3037
G01 X59.8005Y61.4013
G01 X59.7349Y61.5107
G01 X59.6706Y61.5974
G01 X59.5919Y61.6850
G01 X59.4974Y61.7706
G01 X59.4100Y61.8354
G01 X59.3099Y61.8959
G01 X59.2037Y61.9467
G01 X59.1887Y61.9526
G01 X57.6502Y63.4911
G01 X57.5921Y63.5439
G01 X57.5247Y63.5944
G01 X57.4541Y63.6372
G01 X57.3789Y63.6733
G01 X57.3052Y63.7002
G01 X53.7554Y67.2500
G01 X54.6854Y67.2500
G01 X54.7208Y67.2243
G01 X54.8008Y67.1764
G01 X54.9028Y67.1282
G01 X54.9999Y67.0939
G01 X55.0904Y67.0713
G01 X55.2020Y67.0547
G01 X55.3049Y67.0501
G01 X55.4078Y67.0557
G01 X55.5000Y67.0693
G01 X55.6001Y67.0939
G01 X55.6972Y67.1282
G01 X55.7992Y67.1764
G01 X55.8874Y67.2298
G01 X55.9622Y67.2853
G01 X56.0389Y67.3542
G01 X56.1085Y67.4302
G01 X56.1757Y67.5208
G01 X56.2282Y67.6094
G01 X56.2681Y67.6937
G01 X56.3061Y67.7999
G01 X56.3307Y67.9000
G01 X56.3453Y68.0020
G01 X56.3499Y68.0951
G01 X56.3453Y68.1980
G01 X56.3305Y68.3012
G01 X56.3061Y68.4001
G01 X56.2681Y68.5063
G01 X56.2236Y68.5992
G01 X56.1757Y68.6792
G01 X56.1085Y68.7698
G01 X56.0458Y68.8389
G01 X55.9698Y68.9085
G01 X55.8792Y68.9757
G01 X55.7906Y69.0282
G01 X55.7063Y69.0681
G01 X55.6095Y69.1032
G01 X55.5096Y69.1287
G01 X55.4078Y69.1443
G01 X55.3049Y69.1499
G01 X55.1922Y69.1443
G01 X55.0904Y69.1287
G01 X54.9905Y69.1032
G01 X54.8937Y69.0681
G01 X54.8008Y69.0236
G01 X54.7208Y68.9757
G01 X54.6854Y68.9500
G01 X53.2017Y68.9500
G01 X53.2017Y74.5583
G01 X53.1970Y74.6465
G01 X53.1860Y74.7205
G01 X53.1664Y74.8003
G01 X53.1350Y74.8881
G01 X53.0989Y74.9633
G01 X53.0556Y75.0346
G01 X53.0117Y75.0937
G01 X52.9527Y75.1594
G01 X45.8375Y82.2744
G01 X45.7754Y82.3301
G01 X45.7156Y82.3744
G01 X45.6449Y82.4172
G01 X45.5698Y82.4533
G01 X45.4914Y82.4819
G01 X45.4106Y82.5026
G01 X45.3282Y82.5153
G01 X45.2449Y82.5199
G01 X36.1930Y82.5200
G01 X36.1778Y82.6194
G01 X36.1511Y82.7240
G01 X36.1143Y82.8254
G01 X36.0677Y82.9228
G01 X36.0118Y83.0151
G01 X35.9471Y83.1015
G01 X35.8812Y83.1743
G01 X35.8016Y83.2471
G01 X35.7070Y83.3172
G01 X35.6142Y83.3723
G01 X35.5164Y83.4180
G01 X35.4146Y83.4539
G01 X35.3194Y83.4778
G01 X35.2127Y83.4941
G01 X35.1049Y83.4999
G01 X34.9971Y83.4951
G01 X34.8890Y83.4795
G01 X34.7760Y83.4511
G01 X34.6746Y83.4143
G01 X34.5772Y83.3677
G01 X34.4849Y83.3118
G01 X34.3985Y83.2471
G01 X34.3188Y83.1743
G01 X34.2467Y83.0940
G01 X34.1877Y83.0145
G01 X34.1323Y82.9228
G01 X34.0857Y82.8254
G01 X34.0489Y82.7240
G01 X34.0222Y82.6194
G01 X34.0059Y82.5127
G01 X34.0001Y82.4049
G01 X34.0051Y82.2971
G00 Z3.0000
G00 X42.9281Y80.6700
G01 Z-0.1600
G01 X42.9457Y80.6555
G01 X43.0257Y80.5831
G01 X43.0431Y80.5657
G01 X43.1156Y80.4857
G01 X43.1311Y80.4668
G01 X43.1954Y80.3801
G01 X43.2090Y80.3597
G01 X43.2645Y80.2671
G01 X43.2761Y80.2454
G01 X43.3195Y80.1538
G01 X43.3710Y80.2397
G01 X43.3834Y80.2584
G01 X43.4489Y80.3468
G01 X43.4645Y80.3657
G01 X43.5369Y80.4457
G01 X43.5543Y80.4631
G01 X43.6343Y80.5355
G01 X43.6532Y80.5511
G01 X43.7399Y80.6154
G01 X43.7603Y80.6290
G01 X43.8287Y80.6700
G01 X42.9281Y80.6700
G00 Z3.0000
G00 X43.2284Y80.5450
G01 Z-0.1600
G01 X43.2958Y80.4545
G01 X43.3163Y80.4239
G01 X43.3316Y80.3984
G01 X43.3485Y80.4212
G01 X43.3724Y80.4492
G01 X43.3718Y80.4497
G01 X43.4443Y80.5297
G01 X43.4597Y80.5450
G01 X43.2284Y80.5450
G00 Z3.0000
G00 X41.3120Y73.1500
G01 Z-0.1600
G01 X41.3222Y73.1297
G01 X41.3325Y73.1045
G01 X41.3477Y73.1182
G01 X41.3667Y73.1338
G01 X41.3885Y73.1500
G01 X41.3120Y73.1500
G00 Z3.0000
G00 X41.0551Y72.0571
G01 Z-0.1600
G01 X41.0559Y72.0473
G01 X41.0722Y71.9406
G01 X41.0989Y71.8360
G01 X41.1320Y71.7436
G01 X41.1823Y71.6372
G01 X41.2382Y71.5449
G01 X41.3029Y71.4585
G01 X41.3757Y71.3788
G01 X41.4560Y71.3067
G01 X41.5355Y71.2477
G01 X41.6272Y71.1923
G01 X41.7336Y71.1420
G01 X41.8354Y71.1061
G01 X41.9402Y71.0803
G01 X42.0373Y71.0659
G01 X42.1451Y71.0601
G01 X42.2627Y71.0659
G01 X42.3610Y71.0805
G01 X42.4646Y71.1061
G01 X42.5754Y71.1457
G01 X42.6728Y71.1923
G01 X42.7570Y71.2428
G01 X42.8516Y71.3129
G01 X42.9243Y71.3788
G01 X42.9971Y71.4585
G01 X43.0623Y71.5455
G01 X43.0954Y71.6000
G01 X44.4479Y71.6000
G01 X44.7016Y71.3463
G01 X44.7016Y64.3634
G01 X44.7054Y64.2849
G01 X44.7171Y64.2024
G01 X44.7398Y64.1119
G01 X44.7683Y64.0336
G01 X44.7998Y63.9670
G01 X44.8453Y63.8906
G01 X44.8527Y63.8632
G01 X44.8792Y63.7895
G01 X44.9148Y63.7141
G01 X44.9607Y63.6383
G01 X45.0075Y63.5754
G01 X45.0602Y63.5171
G01 X47.4230Y61.1541
G01 X47.4022Y61.0693
G01 X47.3864Y60.9625
G01 X47.3800Y60.8400
G01 X47.3800Y59.5700
G01 X47.3854Y59.4573
G01 X47.4041Y59.3311
G01 X47.4332Y59.2170
G01 X47.4696Y59.1154
G01 X47.5241Y59.0001
G01 X47.5851Y58.8993
G01 X47.6494Y58.8126
G01 X47.7281Y58.7250
G01 X47.8150Y58.6456
G01 X47.9100Y58.5746
G01 X48.0101Y58.5141
G01 X48.1254Y58.4596
G01 X48.2364Y58.4204
G01 X48.3507Y58.3922
G01 X48.4673Y58.3754
G01 X48.5849Y58.3701
G01 X48.7025Y58.3764
G01 X48.8105Y58.3924
G01 X48.9236Y58.4204
G01 X49.0346Y58.4596
G01 X49.1413Y58.5095
G01 X49.2425Y58.5696
G01 X49.3374Y58.6394
G01 X49.4250Y58.7181
G01 X49.5044Y58.8050
G01 X49.5754Y58.9000
G01 X49.6405Y59.0087
G01 X49.6904Y59.1154
G01 X49.7296Y59.2264
G01 X49.7578Y59.3407
G01 X49.7746Y59.4573
G01 X49.7800Y59.5700
G01 X49.7799Y60.8449
G01 X49.7736Y60.9625
G01 X49.7575Y61.0709
G01 X49.7268Y61.1930
G01 X49.6867Y61.3037
G01 X49.6359Y61.4099
G01 X49.5749Y61.5107
G01 X49.5106Y61.5974
G01 X49.4319Y61.6850
G01 X49.3450Y61.7644
G01 X49.2500Y61.8354
G01 X49.1413Y61.9005
G01 X49.0437Y61.9467
G01 X49.0287Y61.9526
G01 X46.4748Y64.5065
G01 X46.4479Y64.5802
G01 X46.4164Y64.6467
G01 X46.4016Y64.6723
G01 X46.4016Y71.7417
G01 X46.3969Y71.8299
G01 X46.3859Y71.9039
G01 X46.3663Y71.9837
G01 X46.3349Y72.0714
G01 X46.2988Y72.1466
G01 X46.2610Y72.2098
G01 X46.2117Y72.2770
G01 X46.1527Y72.3427
G01 X45.6943Y72.8010
G01 X45.6362Y72.8539
G01 X45.5835Y72.8935
G01 X45.5439Y72.9462
G01 X45.4944Y73.0008
G01 X45.4444Y73.0510
G01 X45.3863Y73.1038
G01 X45.3189Y73.1544
G01 X45.2483Y73.1972
G01 X45.1731Y73.2333
G01 X45.0853Y73.2647
G01 X45.0043Y73.2845
G01 X44.9315Y73.2953
G01 X44.8433Y73.3000
G01 X42.4351Y73.2999
G01 X42.3518Y73.2953
G01 X42.2778Y73.2843
G01 X42.1980Y73.2647
G01 X42.1797Y73.2587
G01 X42.1451Y73.2599
G01 X42.0373Y73.2541
G01 X41.9390Y73.2395
G01 X41.8354Y73.2139
G01 X41.7246Y73.1743
G01 X41.6272Y73.1277
G01 X41.5349Y73.0718
G01 X41.4485Y73.0071
G01 X41.3757Y72.9412
G01 X41.3029Y72.8615
G01 X41.2377Y72.7745
G01 X41.1777Y72.6742
G01 X41.1320Y72.5764
G01 X41.0961Y72.4746
G01 X41.0703Y72.3698
G01 X41.0559Y72.2727
G01 X41.0501Y72.1649
G01 X41.0551Y72.0571
G00 Z3.0000
G00 X44.5657Y64.2006
G01 Z-0.1600
G01 X44.5313Y64.1827
G01 X44.5087Y64.1734
G01 X44.4872Y64.1662
G01 X44.6022Y64.0512
G01 X44.5914Y64.0849
G01 X44.5735Y64.1563
G01 X44.5692Y64.1773
G01 X44.5657Y64.2006
G00 Z3.0000
G00 X54.1821Y67.0354
G01 Z-0.1600
G01 X54.1892Y67.0571
G01 X54.1985Y67.0797
G01 X54.2087Y67.1000
G01 X54.1175Y67.1000
G01 X54.1821Y67.0354
G00 Z3.0000
G00 X51.0221Y50.4070
G01 Z-0.1600
G01 X51.0293Y50.3855
G01 X51.0937Y50.4500
G01 X51.0025Y50.4500
G01 X51.0127Y50.4297
G01 X51.0221Y50.4070
G00 Z3.0000
G00 X49.7327Y45.1461
G01 Z-0.1600
G01 X49.7335Y45.1363
G01 X49.7409Y45.0862
G01 X49.7545Y45.0306
G01 X49.7739Y44.9750
G01 X49.7986Y44.9215
G01 X49.8285Y44.8708
G01 X49.8632Y44.8232
G01 X49.9024Y44.7793
G01 X49.9220Y44.7594
G01 X49.9107Y44.7122
G01 X49.9035Y44.6637
G01 X49.9001Y44.6049
G01 X49.9035Y44.5363
G01 X49.9109Y44.4862
G01 X49.9248Y44.4297
G01 X49.9200Y44.3300
G01 X49.9201Y43.0551
G01 X49.9264Y42.9375
G01 X49.9425Y42.8291
G01 X49.9732Y42.7070
G01 X50.0133Y42.5963
G01 X50.0641Y42.4901
G01 X50.1196Y42.3975
G01 X50.1956Y42.2950
G01 X50.2750Y42.2081
G01 X50.3626Y42.1294
G01 X50.4500Y42.0646
G01 X50.5501Y42.0041
G01 X50.6654Y41.9496
G01 X50.7764Y41.9104
G01 X50.8811Y41.8841
G01 X51.0073Y41.8654
G01 X51.1151Y41.8601
G01 X51.2327Y41.8654
G01 X51.3505Y41.8824
G01 X51.4636Y41.9104
G01 X51.5837Y41.9533
G01 X51.6899Y42.0041
G01 X51.7907Y42.0651
G01 X51.8774Y42.1294
G01 X51.9650Y42.2081
G01 X52.0506Y42.3026
G01 X52.1154Y42.3900
G01 X52.1805Y42.4987
G01 X52.2304Y42.6054
G01 X52.2696Y42.7164
G01 X52.2978Y42.8307
G01 X52.3146Y42.9473
G01 X52.3200Y43.0600
G01 X52.3199Y44.3349
G01 X52.3136Y44.4525
G01 X52.2978Y44.5593
G01 X52.2668Y44.6830
G01 X52.2267Y44.7937
G01 X52.1759Y44.8999
G01 X52.1204Y44.9925
G01 X52.0506Y45.0874
G01 X51.9650Y45.1819
G01 X51.8774Y45.2606
G01 X51.7900Y45.3254
G01 X51.6899Y45.3859
G01 X51.5746Y45.4404
G01 X51.4730Y45.4768
G01 X51.4341Y45.4870
G01 X52.9470Y47.0000
G01 X71.9515Y47.0000
G01 X80.7085Y38.2430
G01 X80.6293Y38.1949
G01 X80.5426Y38.1306
G01 X80.4550Y38.0519
G01 X80.3694Y37.9574
G01 X80.2996Y37.8625
G01 X80.2395Y37.7613
G01 X80.1896Y37.6546
G01 X80.1504Y37.5436
G01 X80.1222Y37.4293
G01 X80.1064Y37.3225
G01 X80.1001Y37.2049
G01 X80.1064Y37.0775
G01 X80.1225Y36.9691
G01 X80.1504Y36.8564
G01 X80.1896Y36.7454
G01 X80.2441Y36.6301
G01 X80.3051Y36.5293
G01 X80.3756Y36.4350
G01 X80.4550Y36.3481
G01 X80.5426Y36.2694
G01 X80.6300Y36.2046
G01 X80.7301Y36.1441
G01 X80.8363Y36.0933
G01 X80.9564Y36.0504
G01 X81.0707Y36.0222
G01 X81.1775Y36.0064
G01 X81.2951Y36.0001
G01 X81.4225Y36.0064
G01 X81.5305Y36.0224
G01 X81.6436Y36.0504
G01 X81.7637Y36.0933
G01 X81.8699Y36.1441
G01 X81.9707Y36.2051
G01 X82.0574Y36.2694
G01 X82.1450Y36.3481
G01 X82.2306Y36.4426
G01 X82.2954Y36.5300
G01 X82.3559Y36.6301
G01 X82.4067Y36.7363
G01 X82.4496Y36.8564
G01 X82.4778Y36.9707
G01 X82.4936Y37.0775
G01 X82.4999Y37.2049
G01 X82.4936Y37.3225
G01 X82.4775Y37.4309
G01 X82.4496Y37.5436
G01 X82.4259Y37.6115
G01 X82.4314Y37.6215
G01 X82.4561Y37.6750
G01 X82.4755Y37.7306
G01 X82.4874Y37.7782
G01 X82.4975Y37.8461
G01 X82.4999Y37.8951
G01 X82.4975Y37.9539
G01 X82.4891Y38.0138
G01 X82.4755Y38.0694
G01 X82.4523Y38.1341
G01 X82.4267Y38.1871
G01 X82.4015Y38.2292
G01 X82.3606Y38.2844
G01 X82.3243Y38.3243
G01 X72.6243Y48.0242
G01 X72.5768Y48.0668
G01 X72.5367Y48.0965
G01 X72.4871Y48.1267
G01 X72.4251Y48.1561
G01 X72.3695Y48.1754
G01 X72.3123Y48.1893
G01 X72.2637Y48.1965
G01 X72.2000Y48.2000
G01 X52.6985Y48.2000
G01 X52.6348Y48.1965
G01 X52.5851Y48.1891
G01 X52.5291Y48.1754
G01 X52.4644Y48.1523
G01 X52.4114Y48.1267
G01 X52.3611Y48.0960
G01 X52.3142Y48.0606
G01 X52.2778Y48.0276
G01 X49.9024Y45.6522
G01 X49.8632Y45.6082
G01 X49.8285Y45.5607
G01 X49.7986Y45.5099
G01 X49.7777Y45.4656
G01 X49.7574Y45.4103
G01 X49.7426Y45.3533
G01 X49.7325Y45.2854
G01 X49.7301Y45.2364
G01 X49.7300Y45.2000
G01 X49.7327Y45.1461
G00 Z3.0000
G00 X49.7283Y42.1350
G01 Z-0.1600
G01 X49.9716Y42.1350
G01 X49.9042Y42.2255
G01 X49.8837Y42.2561
G01 X49.8500Y42.3124
G01 X49.8163Y42.2561
G01 X49.7977Y42.2280
G01 X49.7283Y42.1350
G00 Z3.0000
G00 X49.4281Y42.0100
G01 Z-0.1600
G01 X50.2720Y42.0100
G01 X50.2543Y42.0245
G01 X50.1743Y42.0969
G01 X50.1569Y42.1143
G01 X50.0845Y42.1943
G01 X50.0689Y42.2132
G01 X50.0046Y42.2999
G01 X49.9910Y42.3203
G01 X49.9355Y42.4129
G01 X49.9239Y42.4346
G01 X49.8777Y42.5322
G01 X49.8683Y42.5548
G01 X49.8500Y42.6061
G01 X49.8317Y42.5548
G01 X49.8223Y42.5322
G01 X49.7761Y42.4346
G01 X49.7645Y42.4129
G01 X49.7090Y42.3203
G01 X49.6966Y42.3016
G01 X49.6311Y42.2132
G01 X49.6156Y42.1943
G01 X49.5431Y42.1143
G01 X49.5257Y42.0969
G01 X49.4457Y42.0245
G01 X49.4281Y42.0100
G00 Z3.0000
G00 X47.1883Y42.1350
G01 Z-0.1600
G01 X47.4316Y42.1350
G01 X47.3642Y42.2255
G01 X47.3437Y42.2561
G01 X47.3100Y42.3124
G01 X47.2763Y42.2561
G01 X47.2577Y42.2280
G01 X47.1883Y42.1350
G00 Z3.0000
G00 X46.8881Y42.0100
G01 Z-0.1600
G01 X47.7320Y42.0100
G01 X47.7143Y42.0245
G01 X47.6343Y42.0969
G01 X47.6169Y42.1143
G01 X47.5445Y42.1943
G01 X47.5289Y42.2132
G01 X47.4646Y42.2999
G01 X47.4510Y42.3203
G01 X47.3955Y42.4129
G01 X47.3839Y42.4346
G01 X47.3377Y42.5322
G01 X47.3283Y42.5548
G01 X47.3100Y42.6061
G01 X47.2917Y42.5548
G01 X47.2823Y42.5322
G01 X47.2361Y42.4346
G01 X47.2245Y42.4129
G01 X47.1690Y42.3203
G01 X47.1566Y42.3016
G01 X47.0911Y42.2132
G01 X47.0756Y42.1943
G01 X47.0031Y42.1143
G01 X46.9857Y42.0969
G01 X46.9057Y42.0245
G01 X46.8881Y42.0100
G00 Z3.0000
G00 X47.3856Y42.9473
G01 Z-0.1600
G01 X47.3864Y42.9375
G01 X47.4025Y42.8291
G01 X47.4332Y42.7070
G01 X47.4733Y42.5963
G01 X47.5195Y42.4987
G01 X47.5851Y42.3893
G01 X47.6494Y42.3026
G01 X47.7281Y42.2150
G01 X47.8226Y42.1294
G01 X47.9100Y42.0646
G01 X48.0101Y42.0041
G01 X48.1254Y41.9496
G01 X48.2364Y41.9104
G01 X48.3411Y41.8841
G01 X48.4673Y41.8654
G01 X48.5751Y41.8601
G01 X48.6927Y41.8654
G01 X48.8105Y41.8824
G01 X48.9236Y41.9104
G01 X49.0346Y41.9496
G01 X49.1499Y42.0041
G01 X49.2507Y42.0651
G01 X49.3374Y42.1294
G01 X49.4319Y42.2150
G01 X49.5106Y42.3026
G01 X49.5749Y42.3893
G01 X49.6405Y42.4987
G01 X49.6904Y42.6054
G01 X49.7268Y42.7070
G01 X49.7578Y42.8307
G01 X49.7746Y42.9473
G01 X49.7800Y43.0600
G01 X49.7800Y44.3300
G01 X49.7746Y44.4427
G01 X49.7575Y44.5609
G01 X49.7268Y44.6830
G01 X49.6867Y44.7937
G01 X49.6359Y44.8999
G01 X49.5749Y45.0007
G01 X49.5044Y45.0950
G01 X49.4284Y45.1784
G01 X52.4500Y48.2000
G01 X72.4486Y48.2000
G01 X82.8195Y37.8290
G01 X82.7795Y37.7613
G01 X82.7296Y37.6546
G01 X82.6904Y37.5436
G01 X82.6622Y37.4293
G01 X82.6454Y37.3127
G01 X82.6401Y37.1951
G01 X82.6464Y37.0775
G01 X82.6625Y36.9691
G01 X82.6904Y36.8564
G01 X82.7296Y36.7454
G01 X82.7841Y36.6301
G01 X82.8451Y36.5293
G01 X82.9094Y36.4426
G01 X82.9881Y36.3550
G01 X83.0750Y36.2756
G01 X83.1700Y36.2046
G01 X83.2787Y36.1395
G01 X83.3854Y36.0896
G01 X83.4870Y36.0532
G01 X83.6107Y36.0222
G01 X83.7175Y36.0064
G01 X83.8351Y36.0001
G01 X83.9625Y36.0064
G01 X84.0709Y36.0225
G01 X84.1836Y36.0504
G01 X84.2946Y36.0896
G01 X84.4099Y36.1441
G01 X84.5107Y36.2051
G01 X84.5974Y36.2694
G01 X84.6850Y36.3481
G01 X84.7706Y36.4426
G01 X84.8354Y36.5300
G01 X84.8959Y36.6301
G01 X84.9467Y36.7363
G01 X84.9896Y36.8564
G01 X85.0178Y36.9707
G01 X85.0336Y37.0775
G01 X85.0399Y37.1951
G01 X85.0346Y37.3127
G01 X85.0175Y37.4309
G01 X84.9868Y37.5530
G01 X84.9467Y37.6637
G01 X84.8959Y37.7699
G01 X84.8349Y37.8707
G01 X84.7706Y37.9574
G01 X84.6919Y38.0450
G01 X84.6050Y38.1244
G01 X84.5100Y38.1954
G01 X84.4099Y38.2559
G01 X84.3037Y38.3067
G01 X84.1930Y38.3468
G01 X84.0789Y38.3759
G01 X83.9625Y38.3936
G01 X83.9509Y38.3947
G01 X73.1214Y49.2242
G01 X73.0779Y49.2636
G01 X73.0345Y49.2960
G01 X72.9797Y49.3293
G01 X72.9268Y49.3543
G01 X72.8759Y49.3726
G01 X72.8093Y49.3893
G01 X72.7558Y49.3971
G01 X72.6971Y49.4000
G01 X52.2014Y49.4000
G01 X52.1378Y49.3965
G01 X52.0880Y49.3891
G01 X52.0320Y49.3754
G01 X51.9673Y49.3523
G01 X51.9143Y49.3267
G01 X51.8641Y49.2960
G01 X51.8247Y49.2668
G01 X51.7772Y49.2242
G01 X48.1557Y45.6028
G01 X48.1132Y45.5553
G01 X48.0785Y45.5077
G01 X48.0486Y45.4570
G01 X48.0277Y45.4126
G01 X48.0193Y45.3908
G01 X48.0101Y45.3859
G01 X47.9175Y45.3304
G01 X47.8150Y45.2544
G01 X47.7350Y45.1819
G01 X47.6556Y45.0950
G01 X47.5846Y45.0000
G01 X47.5195Y44.8913
G01 X47.4696Y44.7846
G01 X47.4332Y44.6830
G01 X47.4041Y44.5689
G01 X47.3854Y44.4427
G01 X47.3800Y44.3300
G01 X47.3800Y43.0600
G01 X47.3856Y42.9473
G00 Z3.0000
G00 X44.8456Y42.9473
G01 Z-0.1600
G01 X44.8464Y42.9375
G01 X44.8625Y42.8291
G01 X44.8932Y42.7070
G01 X44.9333Y42.5963
G01 X44.9795Y42.4987
G01 X45.0451Y42.3893
G01 X45.1094Y42.3026
G01 X45.1881Y42.2150
G01 X45.2826Y42.1294
G01 X45.3700Y42.0646
G01 X45.4701Y42.0041
G01 X45.5854Y41.9496
G01 X45.6964Y41.9104
G01 X45.8011Y41.8841
G01 X45.9273Y41.8654
G01 X46.0351Y41.8601
G01 X46.1527Y41.8654
G01 X46.2705Y41.8824
G01 X46.3930Y41.9132
G01 X46.5037Y41.9533
G01 X46.6013Y41.9995
G01 X46.7107Y42.0651
G01 X46.7974Y42.1294
G01 X46.8850Y42.2081
G01 X46.9706Y42.3026
G01 X47.0354Y42.3900
G01 X47.1005Y42.4987
G01 X47.1504Y42.6054
G01 X47.1896Y42.7164
G01 X47.2178Y42.8307
G01 X47.2336Y42.9375
G01 X47.2400Y43.0600
G01 X47.2400Y44.3300
G01 X47.2336Y44.4525
G01 X47.2175Y44.5609
G01 X47.1970Y44.6441
G01 X51.9529Y49.4000
G01 X72.9456Y49.4000
G01 X83.7699Y38.5757
G01 X83.8174Y38.5332
G01 X83.8574Y38.5035
G01 X83.9070Y38.4733
G01 X83.9691Y38.4439
G01 X84.0247Y38.4245
G01 X84.0819Y38.4107
G01 X84.1402Y38.4025
G01 X84.1941Y38.4000
G01 X84.4555Y38.4000
G01 X85.2515Y37.6040
G01 X85.2304Y37.5436
G01 X85.2022Y37.4293
G01 X85.1864Y37.3225
G01 X85.1801Y37.2049
G01 X85.1864Y37.0775
G01 X85.2025Y36.9691
G01 X85.2304Y36.8564
G01 X85.2733Y36.7363
G01 X85.3241Y36.6301
G01 X85.3796Y36.5375
G01 X85.4556Y36.4350
G01 X85.5281Y36.3550
G01 X85.6150Y36.2756
G01 X85.7100Y36.2046
G01 X85.8187Y36.1395
G01 X85.9254Y36.0896
G01 X86.0270Y36.0532
G01 X86.1507Y36.0222
G01 X86.2575Y36.0064
G01 X86.3751Y36.0001
G01 X86.5025Y36.0064
G01 X86.6109Y36.0225
G01 X86.7236Y36.0504
G01 X86.8346Y36.0896
G01 X86.9499Y36.1441
G01 X87.0507Y36.2051
G01 X87.1374Y36.2694
G01 X87.2250Y36.3481
G01 X87.3106Y36.4426
G01 X87.3754Y36.5300
G01 X87.4359Y36.6301
G01 X87.4867Y36.7363
G01 X87.5296Y36.8564
G01 X87.5559Y36.9611
G01 X87.5736Y37.0775
G01 X87.5799Y37.1951
G01 X87.5736Y37.3225
G01 X87.5575Y37.4309
G01 X87.5296Y37.5436
G01 X87.4904Y37.6546
G01 X87.4359Y37.7699
G01 X87.3749Y37.8707
G01 X87.3044Y37.9650
G01 X87.2250Y38.0519
G01 X87.1374Y38.1306
G01 X87.0500Y38.1954
G01 X86.9499Y38.2559
G01 X86.8437Y38.3067
G01 X86.7330Y38.3468
G01 X86.6189Y38.3759
G01 X86.4927Y38.3946
G01 X86.3751Y38.3999
G01 X86.2673Y38.3946
G01 X86.1716Y38.3809
G01 X85.1283Y39.4243
G01 X85.0884Y39.4606
G01 X85.0407Y39.4965
G01 X84.9825Y39.5314
G01 X84.9290Y39.5561
G01 X84.8734Y39.5755
G01 X84.8162Y39.5893
G01 X84.7677Y39.5965
G01 X84.7089Y39.5999
G01 X84.4427Y39.6000
G01 X73.6184Y50.4242
G01 X73.5785Y50.4606
G01 X73.5309Y50.4965
G01 X73.4726Y50.5313
G01 X73.4192Y50.5561
G01 X73.3636Y50.5755
G01 X73.3064Y50.5893
G01 X73.2578Y50.5965
G01 X73.1942Y50.6000
G01 X51.7044Y50.6000
G01 X51.6407Y50.5965
G01 X51.5910Y50.5891
G01 X51.5349Y50.5755
G01 X51.4703Y50.5523
G01 X51.4173Y50.5267
G01 X51.3670Y50.4960
G01 X51.3276Y50.4668
G01 X51.2801Y50.4242
G01 X46.3451Y45.4893
G01 X46.2693Y45.5078
G01 X46.1625Y45.5236
G01 X46.0351Y45.5299
G01 X45.9175Y45.5236
G01 X45.8107Y45.5078
G01 X45.6870Y45.4768
G01 X45.5763Y45.4367
G01 X45.4701Y45.3859
G01 X45.3775Y45.3304
G01 X45.2750Y45.2544
G01 X45.1950Y45.1819
G01 X45.1156Y45.0950
G01 X45.0396Y44.9925
G01 X44.9795Y44.8913
G01 X44.9333Y44.7937
G01 X44.8904Y44.6736
G01 X44.8622Y44.5593
G01 X44.8464Y44.4525
G01 X44.8400Y44.3300
G01 X44.8400Y43.0600
G01 X44.8456Y42.9473
G00 Z3.0000
G00 X44.8500Y42.4232
G01 Z-0.1600
G01 X44.8500Y41.1568
G01 X44.8555Y41.1671
G01 X44.9110Y41.2596
G01 X44.9246Y41.2800
G01 X44.9889Y41.3667
G01 X45.0045Y41.3857
G01 X45.0854Y41.4746
G01 X45.2254Y41.6146
G01 X45.3143Y41.6955
G01 X45.3332Y41.7111
G01 X45.4199Y41.7754
G01 X45.4403Y41.7890
G01 X45.4988Y41.8241
G01 X45.4146Y41.8639
G01 X45.3929Y41.8755
G01 X45.3003Y41.9310
G01 X45.2816Y41.9434
G01 X45.1932Y42.0089
G01 X45.1743Y42.0245
G01 X45.0943Y42.0969
G01 X45.0769Y42.1143
G01 X45.0045Y42.1943
G01 X44.9889Y42.2132
G01 X44.9246Y42.2999
G01 X44.9110Y42.3203
G01 X44.8555Y42.4129
G01 X44.8500Y42.4232
G00 Z3.0000
G00 X44.9750Y42.0406
G01 Z-0.1600
G01 X44.9750Y41.5394
G01 X44.9970Y41.5630
G01 X45.1370Y41.7030
G01 X45.2303Y41.7882
G01 X45.2578Y41.8107
G01 X45.2361Y41.8237
G01 X45.2080Y41.8423
G01 X45.1188Y41.9085
G01 X45.0908Y41.9324
G01 X45.0903Y41.9318
G01 X45.0103Y42.0043
G01 X44.9750Y42.0406
G00 Z3.0000
G00 X44.7601Y44.8117
G01 Z-0.1600
G01 X44.7700Y44.7839
G01 X44.7799Y44.8117
G01 X44.7601Y44.8117
G00 Z3.0000
G00 X42.2300Y44.7839
G01 Z-0.1600
G01 X42.2399Y44.8117
G01 X42.2201Y44.8117
G01 X42.2300Y44.7839
G00 Z3.0000
G00 X39.6801Y44.8117
G01 Z-0.1600
G01 X39.6900Y44.7839
G01 X39.6999Y44.8117
G01 X39.6801Y44.8117
G00 Z3.0000
G00 X39.7656Y42.9473
G01 Z-0.1600
G01 X39.7664Y42.9375
G01 X39.7841Y42.8211
G01 X39.8132Y42.7070
G01 X39.8496Y42.6054
G01 X39.9041Y42.4901
G01 X39.9651Y42.3893
G01 X40.0294Y42.3026
G01 X40.1150Y42.2081
G01 X40.2026Y42.1294
G01 X40.2900Y42.0646
G01 X40.3987Y41.9995
G01 X40.5054Y41.9496
G01 X40.6070Y41.9132
G01 X40.7307Y41.8822
G01 X40.8375Y41.8664
G01 X40.9551Y41.8601
G01 X41.0825Y41.8664
G01 X41.1905Y41.8824
G01 X41.3036Y41.9104
G01 X41.4237Y41.9533
G01 X41.5299Y42.0041
G01 X41.6225Y42.0596
G01 X41.7250Y42.1356
G01 X41.8050Y42.2081
G01 X41.8844Y42.2950
G01 X41.9604Y42.3975
G01 X42.0205Y42.4987
G01 X42.0667Y42.5963
G01 X42.1096Y42.7164
G01 X42.1359Y42.8211
G01 X42.1536Y42.9375
G01 X42.1600Y43.0600
G01 X42.1600Y44.3300
G01 X42.1546Y44.4427
G01 X42.1375Y44.5609
G01 X42.1096Y44.6736
G01 X42.0704Y44.7846
G01 X42.0205Y44.8913
G01 X41.9604Y44.9925
G01 X41.8906Y45.0874
G01 X41.8119Y45.1750
G01 X41.7250Y45.2544
G01 X41.6300Y45.3254
G01 X41.5299Y45.3859
G01 X41.4237Y45.4367
G01 X41.3130Y45.4768
G01 X41.1989Y45.5059
G01 X41.0825Y45.5236
G01 X40.9649Y45.5299
G01 X40.8473Y45.5246
G01 X40.7295Y45.5076
G01 X40.6164Y45.4796
G01 X40.5054Y45.4404
G01 X40.3987Y45.3905
G01 X40.2975Y45.3304
G01 X40.2026Y45.2606
G01 X40.1150Y45.1819
G01 X40.0356Y45.0950
G01 X39.9596Y44.9925
G01 X39.8995Y44.8913
G01 X39.8533Y44.7937
G01 X39.8104Y44.6736
G01 X39.7822Y44.5593
G01 X39.7664Y44.4525
G01 X39.7600Y44.3300
G01 X39.7600Y43.0600
G01 X39.7656Y42.9473
G00 Z3.0000
G00 X39.7700Y42.4232
G01 Z-0.1600
G01 X39.7700Y41.2568
G01 X39.7755Y41.2671
G01 X39.8310Y41.3596
G01 X39.8434Y41.3784
G01 X39.9089Y41.4667
G01 X39.9245Y41.4857
G01 X39.9969Y41.5657
G01 X40.0454Y41.6146
G01 X40.1343Y41.6955
G01 X40.1532Y41.7111
G01 X40.2399Y41.7754
G01 X40.2603Y41.7890
G01 X40.3529Y41.8445
G01 X40.3636Y41.8502
G01 X40.3346Y41.8639
G01 X40.3129Y41.8755
G01 X40.2203Y41.9310
G01 X40.2016Y41.9434
G01 X40.1132Y42.0089
G01 X40.0943Y42.0245
G01 X40.0143Y42.0969
G01 X39.9969Y42.1143
G01 X39.9245Y42.1943
G01 X39.9089Y42.2132
G01 X39.8446Y42.2999
G01 X39.8310Y42.3203
G01 X39.7755Y42.4129
G01 X39.7700Y42.4232
G00 Z3.0000
G00 X39.8950Y42.0406
G01 Z-0.1600
G01 X39.8950Y41.6394
G01 X39.9170Y41.6630
G01 X39.9570Y41.7030
G01 X40.0503Y41.7882
G01 X40.0788Y41.8115
G01 X40.1242Y41.8452
G01 X40.0388Y41.9085
G01 X40.0108Y41.9324
G01 X40.0103Y41.9318
G01 X39.9303Y42.0043
G01 X39.8950Y42.0406
G00 Z3.0000
G00 X41.5964Y41.8698
G01 Z-0.1600
G01 X41.6254Y41.8561
G01 X41.6471Y41.8445
G01 X41.7397Y41.7890
G01 X41.7584Y41.7766
G01 X41.8468Y41.7111
G01 X41.8657Y41.6955
G01 X41.9457Y41.6230
G01 X41.9631Y41.6057
G01 X42.0356Y41.5257
G01 X42.0511Y41.5067
G01 X42.1154Y41.4200
G01 X42.1290Y41.3996
G01 X42.1500Y41.3647
G01 X42.1500Y42.4231
G01 X42.1445Y42.4129
G01 X42.0890Y42.3203
G01 X42.0766Y42.3016
G01 X42.0111Y42.2132
G01 X41.9956Y42.1943
G01 X41.9231Y42.1143
G01 X41.9057Y42.0969
G01 X41.8257Y42.0245
G01 X41.8068Y42.0089
G01 X41.7201Y41.9446
G01 X41.6997Y41.9310
G01 X41.6071Y41.8755
G01 X41.5964Y41.8698
G00 Z3.0000
G00 X42.0250Y42.0406
G01 Z-0.1600
G01 X41.9897Y42.0043
G01 X41.9097Y41.9318
G01 X41.8812Y41.9085
G01 X41.8358Y41.8748
G01 X41.9212Y41.8115
G01 X41.9492Y41.7876
G01 X41.9497Y41.7882
G01 X42.0250Y41.7199
G01 X42.0250Y42.0406
G00 Z3.0000
G00 X37.1401Y44.8117
G01 Z-0.1600
G01 X37.1500Y44.7839
G01 X37.1599Y44.8117
G01 X37.1401Y44.8117
G00 Z3.0000
G00 X34.6001Y44.8117
G01 Z-0.1600
G01 X34.6100Y44.7839
G01 X34.6199Y44.8117
G01 X34.6001Y44.8117
G00 Z3.0000
G00 X32.0700Y44.7839
G01 Z-0.1600
G01 X32.0799Y44.8117
G01 X32.0601Y44.8117
G01 X32.0700Y44.7839
G00 Z3.0000
G00 X29.5399Y44.8117
G01 Z-0.1600
G01 X29.5201Y44.8117
G01 X29.5300Y44.7839
G01 X29.5399Y44.8117
G00 Z3.0000
G00 X26.9975Y44.8149
G01 Z-0.1600
G01 X26.9994Y44.8102
G01 X27.0011Y44.8149
G01 X26.9975Y44.8149
G00 Z3.0000
G00 X24.4401Y44.8117
G01 Z-0.1600
G01 X24.4500Y44.7839
G01 X24.4599Y44.8117
G01 X24.4401Y44.8117
G00 Z3.0000
G00 X21.9100Y44.7839
G01 Z-0.1600
G01 X21.9199Y44.8117
G01 X21.9001Y44.8117
G01 X21.9100Y44.7839
G00 Z3.0000
G00 X19.3700Y44.7839
G01 Z-0.1600
G01 X19.3799Y44.8117
G01 X19.3601Y44.8117
G01 X19.3700Y44.7839
G00 Z3.0000
G00 X16.8399Y44.8117
G01 Z-0.1600
G01 X16.8201Y44.8117
G01 X16.8300Y44.7839
G01 X16.8399Y44.8117
G00 Z3.0000
G00 X16.9056Y42.9473
G01 Z-0.1600
G01 X16.9064Y42.9375
G01 X16.9224Y42.8295
G01 X16.9504Y42.7164
G01 X16.9896Y42.6054
G01 X17.0395Y42.4987
G01 X17.0996Y42.3975
G01 X17.1694Y42.3026
G01 X17.2481Y42.2150
G01 X17.3350Y42.1356
G01 X17.4300Y42.0646
G01 X17.5387Y41.9995
G01 X17.6454Y41.9496
G01 X17.7564Y41.9104
G01 X17.8611Y41.8841
G01 X17.9873Y41.8654
G01 X18.1049Y41.8601
G01 X18.2225Y41.8664
G01 X18.3305Y41.8824
G01 X18.4051Y41.9007
G01 X19.5000Y40.8059
G01 X19.5000Y33.1448
G01 X19.5035Y33.0811
G01 X19.5108Y33.0314
G01 X19.5245Y32.9754
G01 X19.5476Y32.9107
G01 X19.5732Y32.8577
G01 X19.5985Y32.8156
G01 X19.6331Y32.7681
G01 X19.6757Y32.7206
G01 X26.6921Y25.7042
G01 X26.6620Y25.5775
G01 X26.6500Y25.4250
G01 X26.6503Y22.5672
G01 X26.6617Y22.4244
G01 X26.6956Y22.2813
G01 X26.7004Y22.2663
G01 X26.7530Y22.1395
G01 X26.7601Y22.1255
G01 X26.8362Y22.0019
G01 X26.9302Y21.8913
G01 X26.9413Y21.8802
G01 X27.0500Y21.7876
G01 X27.1755Y21.7101
G01 X27.1895Y21.7030
G01 X27.3163Y21.6504
G01 X27.3313Y21.6456
G01 X27.4725Y21.6120
G01 X27.6172Y21.6003
G01 X29.3828Y21.6003
G01 X29.5256Y21.6117
G01 X29.6687Y21.6456
G01 X29.6837Y21.6504
G01 X29.8105Y21.7030
G01 X29.8245Y21.7101
G01 X29.9481Y21.7862
G01 X30.0587Y21.8802
G01 X30.0698Y21.8913
G01 X30.1624Y22.0000
G01 X30.1682Y22.0084
G01 X30.2437Y22.1324
G01 X30.2996Y22.2663
G01 X30.3044Y22.2813
G01 X30.3365Y22.4148
G01 X30.3389Y22.4303
G01 X30.3500Y22.5750
G01 X30.3497Y25.4328
G01 X30.3383Y25.5756
G01 X30.3023Y25.7263
G01 X30.2439Y25.8673
G01 X30.1638Y25.9981
G01 X30.0644Y26.1144
G01 X29.9543Y26.2089
G01 X29.9416Y26.2182
G01 X29.8176Y26.2937
G01 X29.6837Y26.3496
G01 X29.6687Y26.3544
G01 X29.5275Y26.3880
G01 X29.3750Y26.4000
G01 X27.6933Y26.4000
G01 X20.7000Y33.3933
G01 X20.7000Y41.0544
G01 X20.6974Y41.1083
G01 X20.6893Y41.1667
G01 X20.6726Y41.2333
G01 X20.6523Y41.2885
G01 X20.6313Y41.3329
G01 X20.5960Y41.3918
G01 X20.5606Y41.4388
G01 X20.5276Y41.4751
G01 X19.2570Y42.7459
G01 X19.2778Y42.8307
G01 X19.2936Y42.9375
G01 X19.3000Y43.0600
G01 X19.3000Y44.3300
G01 X19.2946Y44.4427
G01 X19.2776Y44.5605
G01 X19.2496Y44.6736
G01 X19.2104Y44.7846
G01 X19.1559Y44.8999
G01 X19.0949Y45.0007
G01 X19.0306Y45.0874
G01 X18.9519Y45.1750
G01 X18.8650Y45.2544
G01 X18.7700Y45.3254
G01 X18.6699Y45.3859
G01 X18.5637Y45.4367
G01 X18.4530Y45.4768
G01 X18.3389Y45.5059
G01 X18.2225Y45.5236
G01 X18.1049Y45.5299
G01 X17.9873Y45.5246
G01 X17.8695Y45.5076
G01 X17.7564Y45.4796
G01 X17.6454Y45.4404
G01 X17.5387Y45.3905
G01 X17.4375Y45.3304
G01 X17.3426Y45.2606
G01 X17.2550Y45.1819
G01 X17.1756Y45.0950
G01 X17.0996Y44.9925
G01 X17.0395Y44.8913
G01 X16.9933Y44.7937
G01 X16.9504Y44.6736
G01 X16.9222Y44.5593
G01 X16.9064Y44.4525
G01 X16.9000Y44.3300
G01 X16.9000Y43.0600
G01 X16.9056Y42.9473
G00 Z3.0000
G00 X16.8201Y42.5783
G01 Z-0.1600
G01 X16.8399Y42.5783
G01 X16.8300Y42.6061
G01 X16.8201Y42.5783
G00 Z3.0000
G00 X14.2900Y42.6061
G01 Z-0.1600
G01 X14.2717Y42.5548
G01 X14.2623Y42.5322
G01 X14.2112Y42.4254
G01 X14.3178Y42.5320
G01 X14.3083Y42.5548
G01 X14.2900Y42.6061
G00 Z3.0000
G00 X14.2999Y44.8117
G01 Z-0.1600
G01 X14.2801Y44.8117
G01 X14.2900Y44.7839
G01 X14.2999Y44.8117
G00 Z3.0000
G00 X11.7599Y44.8117
G01 Z-0.1600
G01 X11.7401Y44.8117
G01 X11.7500Y44.7839
G01 X11.7599Y44.8117
G00 Z3.0000
G00 X11.1809Y45.5265
G01 Z-0.1600
G01 X11.1817Y45.5168
G01 X11.1854Y45.4950
G01 X11.1912Y45.4737
G01 X11.1991Y45.4531
G01 X11.2090Y45.4333
G01 X11.2207Y45.4147
G01 X11.2281Y45.4048
G01 X11.2425Y45.3881
G01 X11.2623Y45.3698
G01 X11.4037Y45.2537
G01 X11.5761Y45.0436
G01 X11.5875Y45.0308
G01 X11.6035Y45.0156
G01 X11.6291Y44.9967
G01 X11.6483Y44.9857
G01 X11.6594Y44.9805
G01 X11.6894Y44.9698
G01 X11.7109Y44.9649
G01 X11.7328Y44.9621
G01 X11.7549Y44.9615
G01 X11.7769Y44.9631
G01 X11.7987Y44.9668
G01 X11.8200Y44.9726
G01 X11.8406Y44.9805
G01 X11.8603Y44.9904
G01 X11.8790Y45.0021
G01 X11.8965Y45.0156
G01 X11.9055Y45.0239
G01 X11.9207Y45.0399
G01 X12.0963Y45.2537
G01 X12.2943Y45.4161
G01 X12.5201Y45.5369
G01 X12.7652Y45.6112
G01 X13.0200Y45.6363
G01 X13.2748Y45.6112
G01 X13.5199Y45.5369
G01 X13.7457Y45.4161
G01 X13.9437Y45.2537
G01 X14.1161Y45.0436
G01 X14.1345Y45.0239
G01 X14.1511Y45.0094
G01 X14.1616Y45.0016
G01 X14.1797Y44.9904
G01 X14.1994Y44.9805
G01 X14.2200Y44.9726
G01 X14.2413Y44.9668
G01 X14.2631Y44.9631
G01 X14.2949Y44.9615
G01 X14.3169Y44.9631
G01 X14.3303Y44.9650
G01 X14.3506Y44.9698
G01 X14.3715Y44.9767
G01 X14.4003Y44.9904
G01 X14.4190Y45.0021
G01 X14.4289Y45.0094
G01 X14.4455Y45.0239
G01 X14.4639Y45.0436
G01 X14.6363Y45.2537
G01 X14.8343Y45.4161
G01 X15.0601Y45.5369
G01 X15.3052Y45.6112
G01 X15.5600Y45.6363
G01 X15.8148Y45.6112
G01 X16.0599Y45.5369
G01 X16.2857Y45.4161
G01 X16.4837Y45.2537
G01 X16.6561Y45.0436
G01 X16.6675Y45.0308
G01 X16.6835Y45.0156
G01 X16.7091Y44.9967
G01 X16.7283Y44.9857
G01 X16.7485Y44.9767
G01 X16.7694Y44.9698
G01 X16.7909Y44.9649
G01 X16.8128Y44.9621
G01 X16.8349Y44.9615
G01 X16.8569Y44.9631
G01 X16.8703Y44.9650
G01 X16.8906Y44.9698
G01 X16.9115Y44.9767
G01 X16.9403Y44.9904
G01 X16.9590Y45.0021
G01 X16.9689Y45.0094
G01 X16.9855Y45.0239
G01 X17.0039Y45.0436
G01 X17.1763Y45.2537
G01 X17.3743Y45.4161
G01 X17.6001Y45.5369
G01 X17.8452Y45.6112
G01 X18.1000Y45.6363
G01 X18.3548Y45.6112
G01 X18.5999Y45.5369
G01 X18.8257Y45.4161
G01 X19.0237Y45.2537
G01 X19.1961Y45.0436
G01 X19.2145Y45.0239
G01 X19.2311Y45.0094
G01 X19.2416Y45.0016
G01 X19.2597Y44.9904
G01 X19.2794Y44.9805
G01 X19.3000Y44.9726
G01 X19.3213Y44.9668
G01 X19.3431Y44.9631
G01 X19.3749Y44.9615
G01 X19.3969Y44.9631
G01 X19.4103Y44.9650
G01 X19.4306Y44.9698
G01 X19.4515Y44.9767
G01 X19.4803Y44.9904
G01 X19.4990Y45.0021
G01 X19.5089Y45.0094
G01 X19.5255Y45.0239
G01 X19.5439Y45.0436
G01 X19.7163Y45.2537
G01 X19.9143Y45.4161
G01 X20.1401Y45.5369
G01 X20.3852Y45.6112
G01 X20.6400Y45.6363
G01 X20.8948Y45.6112
G01 X21.1399Y45.5369
G01 X21.3657Y45.4161
G01 X21.5637Y45.2537
G01 X21.7361Y45.0436
G01 X21.7545Y45.0239
G01 X21.7711Y45.0094
G01 X21.7816Y45.0016
G01 X21.7997Y44.9904
G01 X21.8194Y44.9805
G01 X21.8400Y44.9726
G01 X21.8613Y44.9668
G01 X21.8831Y44.9631
G01 X21.9149Y44.9615
G01 X21.9369Y44.9631
G01 X21.9503Y44.9650
G01 X21.9706Y44.9698
G01 X21.9915Y44.9767
G01 X22.0203Y44.9904
G01 X22.0390Y45.0021
G01 X22.0489Y45.0094
G01 X22.0655Y45.0239
G01 X22.0839Y45.0436
G01 X22.2563Y45.2537
G01 X22.4543Y45.4161
G01 X22.6801Y45.5369
G01 X22.9252Y45.6112
G01 X23.1800Y45.6363
G01 X23.4348Y45.6112
G01 X23.6799Y45.5369
G01 X23.9057Y45.4161
G01 X24.1037Y45.2537
G01 X24.2761Y45.0436
G01 X24.2945Y45.0239
G01 X24.3111Y45.0094
G01 X24.3216Y45.0016
G01 X24.3397Y44.9904
G01 X24.3594Y44.9805
G01 X24.3800Y44.9726
G01 X24.4013Y44.9668
G01 X24.4231Y44.9631
G01 X24.4549Y44.9615
G01 X24.4769Y44.9631
G01 X24.4903Y44.9650
G01 X24.5106Y44.9698
G01 X24.5315Y44.9767
G01 X24.5603Y44.9904
G01 X24.5790Y45.0021
G01 X24.5889Y45.0094
G01 X24.6055Y45.0239
G01 X24.6239Y45.0436
G01 X24.7963Y45.2537
G01 X24.9943Y45.4161
G01 X25.2201Y45.5369
G01 X25.4652Y45.6112
G01 X25.7200Y45.6363
G01 X25.9748Y45.6112
G01 X26.2199Y45.5369
G01 X26.4457Y45.4161
G01 X26.6437Y45.2537
G01 X26.6806Y45.2089
G01 X26.7142Y45.1743
G01 X26.8220Y45.0432
G01 X26.8371Y45.0271
G01 X26.8538Y45.0127
G01 X26.8637Y45.0054
G01 X26.8910Y44.9890
G01 X26.9111Y44.9800
G01 X26.9321Y44.9730
G01 X26.9536Y44.9681
G01 X26.9657Y44.9663
G01 X26.9976Y44.9647
G01 X27.0196Y44.9663
G01 X27.0334Y44.9684
G01 X27.0626Y44.9759
G01 X27.0833Y44.9837
G01 X27.1030Y44.9936
G01 X27.1217Y45.0054
G01 X27.1315Y45.0127
G01 X27.1482Y45.0271
G01 X27.1666Y45.0469
G01 X27.3363Y45.2537
G01 X27.5343Y45.4161
G01 X27.7601Y45.5369
G01 X28.0052Y45.6112
G01 X28.2600Y45.6363
G01 X28.5148Y45.6112
G01 X28.7599Y45.5369
G01 X28.9857Y45.4161
G01 X29.1837Y45.2537
G01 X29.3561Y45.0436
G01 X29.3745Y45.0239
G01 X29.3911Y45.0094
G01 X29.4016Y45.0016
G01 X29.4197Y44.9904
G01 X29.4394Y44.9805
G01 X29.4600Y44.9726
G01 X29.4813Y44.9668
G01 X29.5031Y44.9631
G01 X29.5349Y44.9615
G01 X29.5569Y44.9631
G01 X29.5703Y44.9650
G01 X29.5906Y44.9698
G01 X29.6115Y44.9767
G01 X29.6403Y44.9904
G01 X29.6590Y45.0021
G01 X29.6689Y45.0094
G01 X29.6855Y45.0239
G01 X29.7039Y45.0436
G01 X29.8763Y45.2537
G01 X30.0743Y45.4161
G01 X30.3001Y45.5369
G01 X30.5452Y45.6112
G01 X30.8000Y45.6363
G01 X31.0548Y45.6112
G01 X31.2999Y45.5369
G01 X31.5257Y45.4161
G01 X31.7237Y45.2537
G01 X31.8961Y45.0436
G01 X31.9145Y45.0239
G01 X31.9311Y45.0094
G01 X31.9416Y45.0016
G01 X31.9597Y44.9904
G01 X31.9794Y44.9805
G01 X32.0000Y44.9726
G01 X32.0213Y44.9668
G01 X32.0431Y44.9631
G01 X32.0749Y44.9615
G01 X32.0969Y44.9631
G01 X32.1103Y44.9650
G01 X32.1306Y44.9698
G01 X32.1515Y44.9767
G01 X32.1803Y44.9904
G01 X32.1990Y45.0021
G01 X32.2089Y45.0094
G01 X32.2255Y45.0239
G01 X32.2439Y45.0436
G01 X32.4163Y45.2537
G01 X32.6143Y45.4161
G01 X32.8401Y45.5369
G01 X33.0852Y45.6112
G01 X33.3400Y45.6363
G01 X33.5948Y45.6112
G01 X33.8399Y45.5369
G01 X34.0657Y45.4161
G01 X34.2637Y45.2537
G01 X34.4361Y45.0436
G01 X34.4545Y45.0239
G01 X34.4711Y45.0094
G01 X34.4816Y45.0016
G01 X34.4997Y44.9904
G01 X34.5194Y44.9805
G01 X34.5400Y44.9726
G01 X34.5613Y44.9668
G01 X34.5831Y44.9631
G01 X34.6149Y44.9615
G01 X34.6369Y44.9631
G01 X34.6503Y44.9650
G01 X34.6706Y44.9698
G01 X34.6915Y44.9767
G01 X34.7203Y44.9904
G01 X34.7390Y45.0021
G01 X34.7489Y45.0094
G01 X34.7655Y45.0239
G01 X34.7839Y45.0436
G01 X34.9563Y45.2537
G01 X35.1543Y45.4161
G01 X35.3801Y45.5369
G01 X35.6252Y45.6112
G01 X35.8800Y45.6363
G01 X36.1348Y45.6112
G01 X36.3799Y45.5369
G01 X36.6057Y45.4161
G01 X36.8037Y45.2537
G01 X36.9761Y45.0436
G01 X36.9945Y45.0239
G01 X37.0111Y45.0094
G01 X37.0216Y45.0016
G01 X37.0397Y44.9904
G01 X37.0594Y44.9805
G01 X37.0800Y44.9726
G01 X37.1013Y44.9668
G01 X37.1231Y44.9631
G01 X37.1549Y44.9615
G01 X37.1769Y44.9631
G01 X37.1903Y44.9650
G01 X37.2106Y44.9698
G01 X37.2315Y44.9767
G01 X37.2603Y44.9904
G01 X37.2790Y45.0021
G01 X37.2889Y45.0094
G01 X37.3055Y45.0239
G01 X37.3239Y45.0436
G01 X37.4963Y45.2537
G01 X37.6943Y45.4161
G01 X37.9201Y45.5369
G01 X38.1652Y45.6112
G01 X38.4200Y45.6363
G01 X38.6748Y45.6112
G01 X38.9199Y45.5369
G01 X39.1457Y45.4161
G01 X39.3437Y45.2537
G01 X39.5161Y45.0436
G01 X39.5345Y45.0239
G01 X39.5511Y45.0094
G01 X39.5616Y45.0016
G01 X39.5797Y44.9904
G01 X39.5994Y44.9805
G01 X39.6200Y44.9726
G01 X39.6413Y44.9668
G01 X39.6631Y44.9631
G01 X39.6949Y44.9615
G01 X39.7169Y44.9631
G01 X39.7303Y44.9650
G01 X39.7506Y44.9698
G01 X39.7715Y44.9767
G01 X39.8003Y44.9904
G01 X39.8190Y45.0021
G01 X39.8289Y45.0094
G01 X39.8455Y45.0239
G01 X39.8639Y45.0436
G01 X40.0363Y45.2537
G01 X40.2343Y45.4161
G01 X40.4601Y45.5369
G01 X40.7052Y45.6112
G01 X40.9600Y45.6363
G01 X41.2148Y45.6112
G01 X41.4599Y45.5369
G01 X41.6857Y45.4161
G01 X41.8837Y45.2537
G01 X42.0561Y45.0436
G01 X42.0745Y45.0239
G01 X42.0911Y45.0094
G01 X42.1016Y45.0016
G01 X42.1197Y44.9904
G01 X42.1394Y44.9805
G01 X42.1600Y44.9726
G01 X42.1813Y44.9668
G01 X42.2031Y44.9631
G01 X42.2349Y44.9615
G01 X42.2569Y44.9631
G01 X42.2703Y44.9650
G01 X42.2906Y44.9698
G01 X42.3115Y44.9767
G01 X42.3403Y44.9904
G01 X42.3590Y45.0021
G01 X42.3689Y45.0094
G01 X42.3855Y45.0239
G01 X42.4039Y45.0436
G01 X42.5763Y45.2537
G01 X42.7743Y45.4161
G01 X43.0001Y45.5369
G01 X43.2452Y45.6112
G01 X43.5000Y45.6363
G01 X43.7548Y45.6112
G01 X43.9999Y45.5369
G01 X44.2257Y45.4161
G01 X44.4237Y45.2537
G01 X44.5993Y45.0399
G01 X44.6075Y45.0308
G01 X44.6235Y45.0156
G01 X44.6416Y45.0016
G01 X44.6597Y44.9904
G01 X44.6794Y44.9805
G01 X44.7000Y44.9726
G01 X44.7213Y44.9668
G01 X44.7528Y44.9621
G01 X44.7749Y44.9615
G01 X44.7969Y44.9631
G01 X44.8103Y44.9650
G01 X44.8306Y44.9698
G01 X44.8606Y44.9805
G01 X44.8803Y44.9904
G01 X44.8909Y44.9967
G01 X44.9165Y45.0156
G01 X44.9325Y45.0308
G01 X44.9439Y45.0436
G01 X45.1163Y45.2537
G01 X45.3143Y45.4161
G01 X45.5401Y45.5369
G01 X45.7852Y45.6112
G01 X46.0400Y45.6363
G01 X46.2170Y45.6189
G01 X46.2439Y45.6179
G01 X46.2660Y45.6195
G01 X46.2793Y45.6214
G01 X46.2996Y45.6262
G01 X46.3296Y45.6369
G01 X46.3494Y45.6468
G01 X46.3599Y45.6531
G01 X46.3855Y45.6721
G01 X46.3981Y45.6837
G01 X50.8303Y50.1159
G01 X50.8482Y50.1361
G01 X50.8610Y50.1541
G01 X50.8719Y50.1733
G01 X50.8771Y50.1844
G01 X50.8850Y50.2050
G01 X50.8908Y50.2263
G01 X50.8955Y50.2578
G01 X50.8961Y50.2799
G01 X50.8946Y50.3019
G01 X50.8908Y50.3237
G01 X50.8850Y50.3450
G01 X50.8771Y50.3656
G01 X50.8673Y50.3853
G01 X50.8555Y50.4040
G01 X50.8482Y50.4139
G01 X50.8337Y50.4305
G01 X50.8177Y50.4457
G01 X50.7921Y50.4647
G01 X50.7729Y50.4756
G01 X50.7528Y50.4846
G01 X50.7318Y50.4916
G01 X50.7103Y50.4965
G01 X50.6884Y50.4993
G01 X50.6712Y50.5000
G01 X17.8362Y50.5000
G01 X17.8093Y50.4983
G01 X17.7959Y50.4963
G01 X17.7756Y50.4916
G01 X17.7547Y50.4846
G01 X17.7345Y50.4756
G01 X17.7072Y50.4592
G01 X17.6898Y50.4457
G01 X17.6771Y50.4341
G01 X16.5970Y49.3540
G01 X16.5821Y49.3376
G01 X16.5692Y49.3201
G01 X16.5576Y49.3008
G01 X16.5503Y49.2855
G01 X16.5408Y49.2601
G01 X16.5355Y49.2388
G01 X16.5323Y49.2173
G01 X16.5311Y49.1949
G01 X16.5322Y49.1726
G01 X16.5355Y49.1510
G01 X16.5408Y49.1295
G01 X16.5465Y49.1134
G01 X16.5576Y49.0891
G01 X16.5691Y49.0699
G01 X16.6720Y48.9158
G01 X16.7700Y48.6792
G01 X16.8200Y48.4280
G01 X16.8200Y48.1720
G01 X16.7700Y47.9208
G01 X16.6720Y47.6842
G01 X16.5298Y47.4713
G01 X16.3487Y47.2902
G01 X16.1358Y47.1480
G01 X15.8992Y47.0500
G01 X15.6480Y47.0000
G01 X15.3920Y47.0000
G01 X15.1408Y47.0500
G01 X14.9042Y47.1480
G01 X14.6913Y47.2902
G01 X14.5102Y47.4713
G01 X14.3680Y47.6842
G01 X14.2700Y47.9208
G01 X14.2198Y48.1728
G01 X14.2183Y48.1938
G01 X14.2165Y48.2059
G01 X14.2116Y48.2274
G01 X14.2046Y48.2484
G01 X14.1956Y48.2685
G01 X14.1847Y48.2877
G01 X14.1719Y48.3057
G01 X14.1505Y48.3293
G01 X14.1339Y48.3438
G01 X14.1234Y48.3516
G01 X14.1053Y48.3629
G01 X14.0856Y48.3727
G01 X14.0556Y48.3835
G01 X14.0341Y48.3884
G01 X14.0219Y48.3902
G01 X13.9901Y48.3917
G01 X13.9681Y48.3902
G01 X13.9547Y48.3882
G01 X13.9250Y48.3806
G01 X13.9044Y48.3727
G01 X13.8847Y48.3629
G01 X13.8741Y48.3566
G01 X13.8561Y48.3438
G01 X13.8359Y48.3260
G01 X11.2459Y45.7360
G01 X11.2281Y45.7157
G01 X11.2153Y45.6977
G01 X11.2044Y45.6785
G01 X11.1991Y45.6674
G01 X11.1912Y45.6468
G01 X11.1835Y45.6159
G01 X11.1807Y45.5940
G01 X11.1800Y45.5437
G01 X11.1809Y45.5265
G00 Z3.0000
G00 X9.2001Y44.8117
G01 Z-0.1600
G01 X9.2100Y44.7839
G01 X9.2199Y44.8117
G01 X9.2001Y44.8117
G00 Z3.0000
G00 X9.2856Y42.9473
G01 Z-0.1600
G01 X9.2864Y42.9375
G01 X9.3041Y42.8211
G01 X9.3332Y42.7070
G01 X9.3696Y42.6054
G01 X9.4241Y42.4901
G01 X9.4851Y42.3893
G01 X9.5494Y42.3026
G01 X9.6350Y42.2081
G01 X9.7226Y42.1294
G01 X9.8100Y42.0646
G01 X9.9187Y41.9995
G01 X10.0254Y41.9496
G01 X10.1270Y41.9132
G01 X10.2507Y41.8822
G01 X10.3575Y41.8664
G01 X10.4751Y41.8601
G01 X10.6025Y41.8664
G01 X10.7105Y41.8824
G01 X10.8236Y41.9104
G01 X10.9437Y41.9533
G01 X11.0499Y42.0041
G01 X11.1425Y42.0596
G01 X11.2450Y42.1356
G01 X11.3250Y42.2081
G01 X11.4044Y42.2950
G01 X11.4804Y42.3975
G01 X11.5405Y42.4987
G01 X11.5867Y42.5963
G01 X11.6296Y42.7164
G01 X11.6578Y42.8307
G01 X11.6736Y42.9375
G01 X11.6800Y43.0600
G01 X11.6800Y44.3300
G01 X11.6746Y44.4427
G01 X11.6576Y44.5605
G01 X11.6268Y44.6830
G01 X11.5867Y44.7937
G01 X11.5359Y44.8999
G01 X11.4804Y44.9925
G01 X11.4106Y45.0874
G01 X11.3250Y45.1819
G01 X11.2374Y45.2606
G01 X11.1500Y45.3254
G01 X11.0800Y45.3679
G01 X11.0800Y45.7115
G01 X17.1685Y51.8000
G01 X90.6001Y51.8000
G01 X90.6049Y51.6971
G01 X90.6206Y51.5886
G01 X90.6489Y51.4760
G01 X90.6857Y51.3746
G01 X90.7323Y51.2772
G01 X90.7882Y51.1849
G01 X90.8529Y51.0985
G01 X90.9257Y51.0188
G01 X91.0060Y50.9467
G01 X91.0930Y50.8828
G01 X91.1858Y50.8277
G01 X91.2836Y50.7820
G01 X91.3854Y50.7461
G01 X91.4902Y50.7203
G01 X91.5971Y50.7049
G01 X91.7049Y50.7001
G01 X91.8127Y50.7059
G01 X91.9114Y50.7206
G01 X92.0240Y50.7489
G01 X92.1254Y50.7857
G01 X92.2228Y50.8323
G01 X92.3151Y50.8882
G01 X92.3940Y50.9467
G01 X92.4743Y51.0188
G01 X92.5471Y51.0985
G01 X92.6123Y51.1855
G01 X92.6723Y51.2858
G01 X92.7180Y51.3836
G01 X92.7539Y51.4854
G01 X92.7797Y51.5902
G01 X92.7951Y51.6971
G01 X92.7999Y51.8049
G01 X92.7941Y51.9127
G01 X92.7794Y52.0114
G01 X92.7511Y52.1240
G01 X92.7143Y52.2254
G01 X92.6677Y52.3228
G01 X92.6172Y52.4070
G01 X92.5533Y52.4940
G01 X92.4812Y52.5743
G01 X92.3940Y52.6533
G01 X92.3070Y52.7172
G01 X92.2142Y52.7723
G01 X92.1164Y52.8180
G01 X92.0146Y52.8539
G01 X91.9194Y52.8778
G01 X91.8029Y52.8951
G01 X91.6951Y52.8999
G01 X91.5873Y52.8941
G01 X91.4886Y52.8794
G01 X91.4667Y52.8743
G01 X91.4292Y52.9015
G01 X91.3785Y52.9314
G01 X91.3250Y52.9561
G01 X91.2788Y52.9726
G01 X91.2122Y52.9893
G01 X91.1539Y52.9975
G01 X91.1000Y53.0000
G01 X16.9200Y53.0000
G01 X16.8634Y52.9973
G01 X16.8044Y52.9888
G01 X16.7506Y52.9755
G01 X16.6859Y52.9523
G01 X16.6387Y52.9299
G01 X16.5873Y52.8993
G01 X16.5388Y52.8633
G01 X16.4957Y52.8243
G01 X10.0557Y46.3843
G01 X10.0132Y46.3368
G01 X9.9811Y46.2933
G01 X9.9533Y46.2471
G01 X9.9258Y46.1899
G01 X9.9045Y46.1294
G01 X9.8917Y46.0781
G01 X9.8835Y46.0237
G01 X9.8800Y45.9600
G01 X9.8800Y45.3679
G01 X9.8093Y45.3249
G01 X9.7226Y45.2606
G01 X9.6350Y45.1819
G01 X9.5556Y45.0950
G01 X9.4846Y45.0000
G01 X9.4241Y44.8999
G01 X9.3733Y44.7937
G01 X9.3332Y44.6830
G01 X9.3041Y44.5689
G01 X9.2864Y44.4525
G01 X9.2800Y44.3300
G01 X9.2800Y43.0600
G01 X9.2856Y42.9473
G00 Z3.0000
G00 X9.2199Y42.5783
G01 Z-0.1600
G01 X9.2100Y42.6061
G01 X9.2001Y42.5783
G01 X9.2199Y42.5783
G00 Z3.0000
G00 X11.7500Y42.6061
G01 Z-0.1600
G01 X11.7317Y42.5548
G01 X11.7223Y42.5322
G01 X11.6761Y42.4346
G01 X11.6645Y42.4129
G01 X11.6090Y42.3203
G01 X11.5966Y42.3016
G01 X11.5311Y42.2132
G01 X11.5156Y42.1943
G01 X11.4431Y42.1143
G01 X11.4257Y42.0969
G01 X11.3457Y42.0245
G01 X11.3268Y42.0089
G01 X11.2401Y41.9446
G01 X11.2197Y41.9310
G01 X11.1271Y41.8755
G01 X11.1054Y41.8639
G01 X11.0431Y41.8344
G01 X11.0616Y41.8161
G01 X11.0854Y41.7880
G01 X11.1063Y41.7578
G01 X11.1189Y41.7353
G01 X11.1429Y41.7613
G01 X11.8214Y42.4398
G01 X11.7777Y42.5322
G01 X11.7683Y42.5548
G01 X11.7500Y42.6061
G00 Z3.0000
G00 X6.6799Y42.5783
G01 Z-0.1600
G01 X6.6700Y42.6061
G01 X6.6601Y42.5783
G01 X6.6799Y42.5783
G00 Z3.0000
G00 X6.6601Y44.8117
G01 Z-0.1600
G01 X6.6700Y44.7839
G01 X6.6799Y44.8117
G01 X6.6601Y44.8117
G00 Z3.0000
G00 X4.2056Y42.9473
G01 Z-0.1600
G01 X4.2064Y42.9375
G01 X4.2241Y42.8211
G01 X4.2532Y42.7070
G01 X4.2896Y42.6054
G01 X4.3441Y42.4901
G01 X4.4051Y42.3893
G01 X4.4694Y42.3026
G01 X4.5550Y42.2081
G01 X4.6426Y42.1294
G01 X4.7300Y42.0646
G01 X4.8387Y41.9995
G01 X4.9454Y41.9496
G01 X5.0470Y41.9132
G01 X5.1707Y41.8822
G01 X5.2775Y41.8664
G01 X5.3951Y41.8601
G01 X5.5225Y41.8664
G01 X5.6305Y41.8824
G01 X5.7436Y41.9104
G01 X5.8637Y41.9533
G01 X5.9699Y42.0041
G01 X6.0625Y42.0596
G01 X6.1650Y42.1356
G01 X6.2450Y42.2081
G01 X6.3244Y42.2950
G01 X6.4004Y42.3975
G01 X6.4605Y42.4987
G01 X6.5067Y42.5963
G01 X6.5496Y42.7164
G01 X6.5776Y42.8295
G01 X6.5936Y42.9375
G01 X6.6000Y43.0600
G01 X6.6000Y44.3300
G01 X6.5946Y44.4427
G01 X6.5776Y44.5605
G01 X6.5496Y44.6736
G01 X6.5104Y44.7846
G01 X6.4605Y44.8913
G01 X6.4004Y44.9925
G01 X6.3306Y45.0874
G01 X6.2519Y45.1750
G01 X6.1650Y45.2544
G01 X6.0700Y45.3254
G01 X5.9699Y45.3859
G01 X5.8637Y45.4367
G01 X5.7530Y45.4768
G01 X5.6389Y45.5059
G01 X5.5225Y45.5236
G01 X5.4049Y45.5299
G01 X5.2873Y45.5246
G01 X5.1695Y45.5076
G01 X5.0564Y45.4796
G01 X4.9454Y45.4404
G01 X4.8387Y45.3905
G01 X4.7375Y45.3304
G01 X4.6426Y45.2606
G01 X4.5550Y45.1819
G01 X4.4756Y45.0950
G01 X4.3996Y44.9925
G01 X4.3395Y44.8913
G01 X4.2933Y44.7937
G01 X4.2504Y44.6736
G01 X4.2222Y44.5593
G01 X4.2064Y44.4525
G01 X4.2000Y44.3300
G01 X4.2000Y43.0600
G01 X4.2056Y42.9473
G00 Z3.0000
G00 X6.7056Y48.1873
G01 Z-0.1600
G01 X6.7064Y48.1775
G01 X6.7224Y48.0695
G01 X6.7504Y47.9564
G01 X6.7896Y47.8454
G01 X6.8395Y47.7387
G01 X6.8996Y47.6375
G01 X6.9694Y47.5426
G01 X7.0481Y47.4550
G01 X7.0900Y47.4164
G01 X7.0900Y45.1769
G01 X7.0156Y45.0950
G01 X6.9451Y45.0007
G01 X6.8795Y44.8913
G01 X6.8296Y44.7846
G01 X6.7904Y44.6736
G01 X6.7622Y44.5593
G01 X6.7464Y44.4525
G01 X6.7400Y44.3300
G01 X6.7400Y43.0600
G01 X6.7464Y42.9375
G01 X6.7641Y42.8211
G01 X6.7932Y42.7070
G01 X6.8333Y42.5963
G01 X6.8841Y42.4901
G01 X6.9451Y42.3893
G01 X7.0156Y42.2950
G01 X7.0950Y42.2081
G01 X7.1826Y42.1294
G01 X7.2700Y42.0646
G01 X7.3787Y41.9995
G01 X7.4854Y41.9496
G01 X7.5964Y41.9104
G01 X7.7107Y41.8822
G01 X7.8273Y41.8654
G01 X7.9449Y41.8601
G01 X8.0625Y41.8664
G01 X8.1789Y41.8841
G01 X8.2930Y41.9132
G01 X8.3946Y41.9496
G01 X8.5099Y42.0041
G01 X8.6107Y42.0651
G01 X8.6974Y42.1294
G01 X8.7850Y42.2081
G01 X8.8644Y42.2950
G01 X8.9404Y42.3975
G01 X9.0005Y42.4987
G01 X9.0467Y42.5963
G01 X9.0896Y42.7164
G01 X9.1176Y42.8295
G01 X9.1336Y42.9375
G01 X9.1400Y43.0600
G01 X9.1400Y44.3300
G01 X9.1346Y44.4427
G01 X9.1178Y44.5593
G01 X9.0868Y44.6830
G01 X9.0467Y44.7937
G01 X9.0005Y44.8913
G01 X8.9349Y45.0007
G01 X8.8644Y45.0950
G01 X8.7900Y45.1769
G01 X8.7900Y47.4970
G01 X8.8306Y47.5426
G01 X8.8954Y47.6300
G01 X8.9559Y47.7301
G01 X9.0067Y47.8363
G01 X9.0496Y47.9564
G01 X9.0778Y48.0707
G01 X9.0936Y48.1775
G01 X9.0999Y48.2951
G01 X9.0936Y48.4225
G01 X9.0759Y48.5389
G01 X9.0468Y48.6530
G01 X9.0067Y48.7637
G01 X8.9559Y48.8699
G01 X8.8949Y48.9707
G01 X8.8244Y49.0650
G01 X8.7450Y49.1519
G01 X8.6574Y49.2306
G01 X8.5700Y49.2954
G01 X8.4699Y49.3559
G01 X8.3637Y49.4067
G01 X8.2530Y49.4468
G01 X8.1389Y49.4759
G01 X8.0225Y49.4936
G01 X7.9049Y49.4999
G01 X7.7873Y49.4946
G01 X7.6707Y49.4778
G01 X7.5564Y49.4496
G01 X7.4454Y49.4104
G01 X7.3301Y49.3559
G01 X7.2293Y49.2949
G01 X7.1350Y49.2244
G01 X7.0481Y49.1450
G01 X6.9694Y49.0574
G01 X6.9046Y48.9700
G01 X6.8395Y48.8613
G01 X6.7896Y48.7546
G01 X6.7504Y48.6436
G01 X6.7222Y48.5293
G01 X6.7054Y48.4127
G01 X6.7001Y48.2951
G01 X6.7056Y48.1873
G00 Z3.0000
G00 X14.1848Y48.4901
G01 Z-0.1600
G01 X14.1938Y48.5513
G01 X14.1986Y48.5753
G01 X14.2129Y48.6322
G01 X14.1054Y48.5248
G01 X14.1271Y48.5177
G01 X14.1497Y48.5083
G01 X14.1848Y48.4901
G00 Z3.0000
G00 X14.3256Y48.1873
G01 Z-0.1600
G01 X14.3264Y48.1775
G01 X14.3424Y48.0695
G01 X14.3732Y47.9470
G01 X14.4133Y47.8363
G01 X14.4641Y47.7301
G01 X14.5196Y47.6375
G01 X14.5956Y47.5350
G01 X14.6681Y47.4550
G01 X14.7550Y47.3756
G01 X14.8500Y47.3046
G01 X14.9587Y47.2395
G01 X15.0654Y47.1896
G01 X15.1764Y47.1504
G01 X15.2811Y47.1241
G01 X15.4073Y47.1054
G01 X15.5151Y47.1001
G01 X15.6327Y47.1054
G01 X15.7505Y47.1224
G01 X15.8730Y47.1532
G01 X15.9837Y47.1933
G01 X16.0813Y47.2395
G01 X16.1907Y47.3051
G01 X16.2850Y47.3756
G01 X16.3650Y47.4481
G01 X16.4444Y47.5350
G01 X16.5154Y47.6300
G01 X16.5759Y47.7301
G01 X16.6267Y47.8363
G01 X16.6696Y47.9564
G01 X16.6978Y48.0707
G01 X16.7146Y48.1873
G01 X16.7199Y48.3049
G01 X16.7136Y48.4225
G01 X16.6976Y48.5305
G01 X16.6696Y48.6436
G01 X16.6304Y48.7546
G01 X16.5759Y48.8699
G01 X16.5149Y48.9707
G01 X16.4444Y49.0650
G01 X16.3719Y49.1450
G01 X16.3065Y49.2049
G01 X17.7016Y50.6000
G01 X89.5391Y50.6000
G01 X89.5757Y50.5597
G01 X90.4633Y49.6724
G01 X90.5072Y49.6332
G01 X90.5548Y49.5985
G01 X90.6055Y49.5686
G01 X90.6590Y49.5439
G01 X90.7146Y49.5245
G01 X90.7718Y49.5107
G01 X90.8301Y49.5025
G01 X90.8840Y49.5000
G01 X92.5160Y49.5000
G01 X92.5742Y49.5028
G01 X92.6328Y49.5115
G01 X92.6906Y49.5260
G01 X92.7410Y49.5439
G01 X92.7986Y49.5707
G01 X92.8452Y49.5985
G01 X92.9004Y49.6394
G01 X92.9403Y49.6757
G01 X95.0645Y51.8000
G01 X104.0515Y51.8000
G01 X104.1024Y51.7491
G01 X104.1059Y51.6873
G01 X104.1206Y51.5886
G01 X104.1461Y51.4854
G01 X104.1820Y51.3836
G01 X104.2277Y51.2858
G01 X104.2882Y51.1849
G01 X104.3529Y51.0985
G01 X104.4257Y51.0188
G01 X104.5060Y50.9467
G01 X104.5930Y50.8828
G01 X104.6858Y50.8277
G01 X104.7836Y50.7820
G01 X104.8854Y50.7461
G01 X104.9902Y50.7203
G01 X105.0971Y50.7049
G01 X105.2049Y50.7001
G01 X105.3127Y50.7059
G01 X105.4114Y50.7206
G01 X105.5240Y50.7489
G01 X105.6254Y50.7857
G01 X105.7228Y50.8323
G01 X105.8151Y50.8882
G01 X105.9016Y50.9529
G01 X105.9812Y51.0257
G01 X106.0533Y51.1060
G01 X106.1172Y51.1930
G01 X106.1723Y51.2858
G01 X106.2180Y51.3836
G01 X106.2539Y51.4854
G01 X106.2797Y51.5902
G01 X106.2951Y51.6971
G01 X106.2999Y51.8049
G01 X106.2941Y51.9127
G01 X106.2794Y52.0114
G01 X106.2539Y52.1146
G01 X106.2143Y52.2254
G01 X106.1677Y52.3228
G01 X106.1118Y52.4151
G01 X106.0533Y52.4940
G01 X105.9812Y52.5743
G01 X105.8940Y52.6533
G01 X105.8070Y52.7172
G01 X105.7142Y52.7723
G01 X105.6254Y52.8143
G01 X105.5240Y52.8511
G01 X105.4194Y52.8778
G01 X105.3029Y52.8951
G01 X105.2049Y52.8999
G01 X105.0971Y52.8951
G01 X104.9886Y52.8794
G01 X104.8760Y52.8511
G01 X104.7836Y52.8180
G01 X104.7472Y52.8013
G01 X104.7207Y52.8277
G01 X104.6768Y52.8668
G01 X104.6292Y52.9015
G01 X104.5785Y52.9314
G01 X104.5250Y52.9561
G01 X104.4694Y52.9755
G01 X104.4122Y52.9893
G01 X104.3637Y52.9965
G01 X104.3000Y53.0000
G01 X94.8160Y53.0000
G01 X94.7578Y52.9972
G01 X94.6992Y52.9885
G01 X94.6415Y52.9741
G01 X94.5910Y52.9561
G01 X94.5334Y52.9293
G01 X94.4868Y52.9015
G01 X94.4317Y52.8606
G01 X94.3917Y52.8243
G01 X92.2675Y50.7000
G01 X91.1325Y50.7000
G01 X90.4796Y51.3529
G01 X90.4726Y51.3788
G01 X90.4523Y51.4341
G01 X90.4267Y51.4871
G01 X90.4015Y51.5292
G01 X90.3606Y51.5843
G01 X90.3276Y51.6207
G01 X90.2843Y51.6606
G01 X90.2292Y51.7015
G01 X90.1784Y51.7314
G01 X90.1250Y51.7561
G01 X90.0694Y51.7755
G01 X90.0122Y51.7893
G01 X89.9539Y51.7975
G01 X89.9000Y51.8000
G01 X17.4482Y51.7999
G01 X17.3894Y51.7965
G01 X17.3396Y51.7891
G01 X17.2836Y51.7755
G01 X17.2280Y51.7561
G01 X17.1746Y51.7313
G01 X17.1239Y51.7015
G01 X17.0687Y51.6606
G01 X17.0288Y51.6243
G01 X15.0957Y49.6912
G01 X15.0594Y49.6513
G01 X15.0185Y49.5961
G01 X14.9886Y49.5454
G01 X14.9677Y49.5010
G01 X14.9445Y49.4364
G01 X14.9326Y49.3888
G01 X14.9250Y49.3409
G01 X14.8493Y49.2949
G01 X14.7626Y49.2306
G01 X14.6681Y49.1450
G01 X14.5894Y49.0574
G01 X14.5251Y48.9707
G01 X14.4595Y48.8613
G01 X14.4096Y48.7546
G01 X14.3732Y48.6530
G01 X14.3422Y48.5293
G01 X14.3264Y48.4225
G01 X14.3201Y48.3049
G01 X14.3256Y48.1873
G00 Z3.0000
G00 X16.2449Y52.7856
G01 Z-0.1600
G01 X16.3094Y52.8500
G01 X16.2181Y52.8500
G01 X16.2283Y52.8297
G01 X16.2377Y52.8071
G01 X16.2449Y52.7856
G00 Z3.0000
G00 X20.5500Y41.6651
G01 Z-0.1600
G01 X20.5500Y41.7141
G01 X20.5199Y41.7156
G01 X20.4972Y41.7178
G01 X20.5500Y41.6651
G00 Z3.0000
G00 X23.3228Y41.7179
G01 Z-0.1600
G01 X23.3001Y41.7156
G01 X23.2500Y41.7131
G01 X23.2500Y41.6451
G01 X23.3228Y41.7179
G00 Z3.0000
G00 X25.8628Y41.7179
G01 Z-0.1600
G01 X25.8401Y41.7156
G01 X25.7323Y41.7103
G01 X25.7077Y41.7103
G01 X25.5999Y41.7156
G01 X25.5755Y41.7180
G01 X25.4615Y41.7353
G01 X24.4500Y40.7237
G01 X24.4500Y36.7092
G01 X24.4577Y36.7278
G01 X24.5039Y36.8254
G01 X24.5155Y36.8471
G01 X24.5710Y36.9397
G01 X24.5834Y36.9584
G01 X24.6489Y37.0468
G01 X24.6645Y37.0657
G01 X24.7000Y37.1049
G01 X24.7000Y40.1408
G01 X24.7039Y40.2266
G01 X24.7063Y40.2510
G01 X24.7171Y40.3238
G01 X24.7219Y40.3479
G01 X24.7398Y40.4193
G01 X24.7469Y40.4428
G01 X24.7717Y40.5121
G01 X24.7811Y40.5348
G01 X24.8126Y40.6013
G01 X24.8241Y40.6229
G01 X24.8620Y40.6861
G01 X24.8744Y40.7048
G01 X24.9194Y40.7656
G01 X24.9350Y40.7845
G01 X24.9929Y40.8480
G01 X25.8628Y41.7179
G00 Z3.0000
G00 X29.4500Y42.2515
G01 Z-0.1600
G01 X29.4500Y42.4231
G01 X29.4445Y42.4129
G01 X29.3890Y42.3203
G01 X29.3766Y42.3016
G01 X29.3639Y42.2844
G01 X29.3955Y42.2752
G01 X29.4071Y42.2711
G01 X29.4297Y42.2617
G01 X29.4500Y42.2515
G00 Z3.0000
G00 X29.6056Y40.5873
G01 Z-0.1600
G01 X29.6064Y40.5775
G01 X29.6241Y40.4611
G01 X29.6532Y40.3470
G01 X29.6933Y40.2363
G01 X29.7441Y40.1301
G01 X29.8051Y40.0293
G01 X29.8694Y39.9426
G01 X29.9481Y39.8550
G01 X30.0426Y39.7694
G01 X30.1300Y39.7046
G01 X30.2387Y39.6395
G01 X30.3454Y39.5896
G01 X30.4564Y39.5504
G01 X30.5707Y39.5222
G01 X30.6775Y39.5064
G01 X30.8049Y39.5001
G01 X30.9225Y39.5064
G01 X31.0389Y39.5241
G01 X31.1530Y39.5532
G01 X31.2637Y39.5933
G01 X31.3699Y39.6441
G01 X31.4625Y39.6996
G01 X31.5650Y39.7756
G01 X31.6519Y39.8550
G01 X31.7306Y39.9426
G01 X31.7954Y40.0300
G01 X31.8605Y40.1387
G01 X31.9104Y40.2454
G01 X31.9468Y40.3470
G01 X31.9778Y40.4707
G01 X31.9946Y40.5873
G01 X32.0000Y40.7000
G01 X32.0000Y44.3300
G01 X31.9946Y44.4427
G01 X31.9778Y44.5593
G01 X31.9468Y44.6830
G01 X31.9067Y44.7937
G01 X31.8559Y44.8999
G01 X31.8004Y44.9925
G01 X31.7244Y45.0950
G01 X31.6519Y45.1750
G01 X31.5650Y45.2544
G01 X31.4700Y45.3254
G01 X31.3613Y45.3905
G01 X31.2546Y45.4404
G01 X31.1530Y45.4768
G01 X31.0389Y45.5059
G01 X30.9225Y45.5236
G01 X30.8049Y45.5299
G01 X30.6873Y45.5246
G01 X30.5695Y45.5076
G01 X30.4564Y45.4796
G01 X30.3454Y45.4404
G01 X30.2387Y45.3905
G01 X30.1375Y45.3304
G01 X30.0426Y45.2606
G01 X29.9550Y45.1819
G01 X29.8756Y45.0950
G01 X29.8046Y45.0000
G01 X29.7441Y44.8999
G01 X29.6933Y44.7937
G01 X29.6532Y44.6830
G01 X29.6222Y44.5593
G01 X29.6054Y44.4427
G01 X29.6000Y44.3300
G01 X29.6000Y40.7000
G01 X29.6056Y40.5873
G00 Z3.0000
G00 X31.9900Y39.8915
G01 Z-0.1600
G01 X31.9900Y40.0631
G01 X31.9845Y40.0529
G01 X31.9290Y39.9603
G01 X31.9166Y39.9416
G01 X31.9039Y39.9244
G01 X31.9355Y39.9152
G01 X31.9471Y39.9111
G01 X31.9697Y39.9017
G01 X31.9900Y39.8915
G00 Z3.0000
G00 X32.1456Y34.6273
G01 Z-0.1600
G01 X32.1464Y34.6175
G01 X32.1641Y34.5011
G01 X32.1932Y34.3870
G01 X32.2333Y34.2763
G01 X32.2841Y34.1701
G01 X32.3451Y34.0693
G01 X32.4156Y33.9750
G01 X32.4950Y33.8881
G01 X32.5826Y33.8094
G01 X32.6700Y33.7446
G01 X32.7701Y33.6841
G01 X32.8763Y33.6333
G01 X32.9870Y33.5932
G01 X33.1011Y33.5641
G01 X33.2175Y33.5464
G01 X33.3351Y33.5401
G01 X33.4527Y33.5454
G01 X33.5705Y33.5624
G01 X33.6836Y33.5904
G01 X33.7946Y33.6296
G01 X33.9099Y33.6841
G01 X34.0107Y33.7451
G01 X34.1050Y33.8156
G01 X34.1919Y33.8950
G01 X34.2706Y33.9826
G01 X34.3354Y34.0700
G01 X34.4005Y34.1787
G01 X34.4504Y34.2854
G01 X34.4896Y34.3964
G01 X34.5178Y34.5107
G01 X34.5336Y34.6175
G01 X34.5400Y34.7400
G01 X34.5400Y44.3300
G01 X34.5346Y44.4427
G01 X34.5175Y44.5609
G01 X34.4896Y44.6736
G01 X34.4467Y44.7937
G01 X34.3959Y44.8999
G01 X34.3349Y45.0007
G01 X34.2706Y45.0874
G01 X34.1919Y45.1750
G01 X34.0974Y45.2606
G01 X34.0100Y45.3254
G01 X33.9013Y45.3905
G01 X33.7946Y45.4404
G01 X33.6836Y45.4796
G01 X33.5693Y45.5078
G01 X33.4625Y45.5236
G01 X33.3449Y45.5299
G01 X33.2273Y45.5246
G01 X33.1095Y45.5076
G01 X32.9964Y45.4796
G01 X32.8854Y45.4404
G01 X32.7787Y45.3905
G01 X32.6775Y45.3304
G01 X32.5826Y45.2606
G01 X32.4950Y45.1819
G01 X32.4156Y45.0950
G01 X32.3446Y45.0000
G01 X32.2841Y44.8999
G01 X32.2333Y44.7937
G01 X32.1932Y44.6830
G01 X32.1641Y44.5689
G01 X32.1464Y44.4525
G01 X32.1400Y44.3300
G01 X32.1400Y34.7400
G01 X32.1456Y34.6273
G00 Z3.0000
G00 X34.6671Y34.4073
G01 Z-0.1600
G01 X34.6682Y34.4078
G01 X34.6544Y34.4369
G01 X34.6466Y34.4056
G01 X34.6671Y34.4073
G00 Z3.0000
G00 X34.6856Y34.8873
G01 Z-0.1600
G01 X34.6864Y34.8775
G01 X34.7041Y34.7611
G01 X34.7332Y34.6470
G01 X34.7733Y34.5363
G01 X34.8241Y34.4301
G01 X34.8851Y34.3293
G01 X34.9556Y34.2350
G01 X35.0350Y34.1481
G01 X35.1226Y34.0694
G01 X35.2100Y34.0046
G01 X35.3101Y33.9441
G01 X35.4163Y33.8933
G01 X35.5270Y33.8532
G01 X35.6411Y33.8241
G01 X35.7575Y33.8064
G01 X35.8751Y33.8001
G01 X35.9927Y33.8054
G01 X36.1105Y33.8224
G01 X36.2236Y33.8504
G01 X36.3346Y33.8896
G01 X36.4499Y33.9441
G01 X36.5507Y34.0051
G01 X36.6450Y34.0756
G01 X36.7319Y34.1550
G01 X36.8106Y34.2426
G01 X36.8754Y34.3300
G01 X36.9405Y34.4387
G01 X36.9904Y34.5454
G01 X37.0296Y34.6564
G01 X37.0578Y34.7707
G01 X37.0736Y34.8775
G01 X37.0799Y34.9951
G01 X37.0782Y35.0400
G01 X37.0800Y35.0800
G01 X37.0800Y44.3300
G01 X37.0736Y44.4525
G01 X37.0575Y44.5609
G01 X37.0268Y44.6830
G01 X36.9867Y44.7937
G01 X36.9405Y44.8913
G01 X36.8749Y45.0007
G01 X36.8106Y45.0874
G01 X36.7319Y45.1750
G01 X36.6374Y45.2606
G01 X36.5500Y45.3254
G01 X36.4413Y45.3905
G01 X36.3346Y45.4404
G01 X36.2236Y45.4796
G01 X36.1093Y45.5078
G01 X36.0025Y45.5236
G01 X35.8849Y45.5299
G01 X35.7673Y45.5246
G01 X35.6495Y45.5076
G01 X35.5364Y45.4796
G01 X35.4254Y45.4404
G01 X35.3187Y45.3905
G01 X35.2175Y45.3304
G01 X35.1226Y45.2606
G01 X35.0350Y45.1819
G01 X34.9556Y45.0950
G01 X34.8846Y45.0000
G01 X34.8241Y44.8999
G01 X34.7733Y44.7937
G01 X34.7332Y44.6830
G01 X34.7041Y44.5689
G01 X34.6864Y44.4525
G01 X34.6800Y44.3300
G01 X34.6800Y35.0800
G01 X34.6818Y35.0400
G01 X34.6801Y34.9951
G01 X34.6856Y34.8873
G00 Z3.0000
G00 X37.1556Y34.5305
G01 Z-0.1600
G01 X37.1500Y34.5461
G01 X37.1444Y34.5305
G01 X37.1556Y34.5305
G00 Z3.0000
G00 X37.2256Y34.8873
G01 Z-0.1600
G01 X37.2264Y34.8775
G01 X37.2441Y34.7611
G01 X37.2732Y34.6470
G01 X37.3133Y34.5363
G01 X37.3641Y34.4301
G01 X37.4251Y34.3293
G01 X37.4956Y34.2350
G01 X37.5750Y34.1481
G01 X37.6626Y34.0694
G01 X37.7500Y34.0046
G01 X37.8501Y33.9441
G01 X37.9563Y33.8933
G01 X38.0670Y33.8532
G01 X38.1811Y33.8241
G01 X38.2975Y33.8064
G01 X38.4151Y33.8001
G01 X38.5327Y33.8054
G01 X38.6505Y33.8224
G01 X38.7636Y33.8504
G01 X38.8746Y33.8896
G01 X38.9899Y33.9441
G01 X39.0907Y34.0051
G01 X39.1850Y34.0756
G01 X39.2719Y34.1550
G01 X39.3506Y34.2426
G01 X39.4154Y34.3300
G01 X39.4805Y34.4387
G01 X39.5304Y34.5454
G01 X39.5696Y34.6564
G01 X39.5978Y34.7707
G01 X39.6136Y34.8775
G01 X39.6199Y34.9951
G01 X39.6200Y35.0200
G01 X39.6200Y44.3300
G01 X39.6136Y44.4525
G01 X39.5975Y44.5609
G01 X39.5668Y44.6830
G01 X39.5267Y44.7937
G01 X39.4805Y44.8913
G01 X39.4149Y45.0007
G01 X39.3506Y45.0874
G01 X39.2719Y45.1750
G01 X39.1774Y45.2606
G01 X39.0900Y45.3254
G01 X38.9813Y45.3905
G01 X38.8746Y45.4404
G01 X38.7636Y45.4796
G01 X38.6493Y45.5078
G01 X38.5425Y45.5236
G01 X38.4249Y45.5299
G01 X38.3073Y45.5246
G01 X38.1895Y45.5076
G01 X38.0764Y45.4796
G01 X37.9654Y45.4404
G01 X37.8587Y45.3905
G01 X37.7575Y45.3304
G01 X37.6626Y45.2606
G01 X37.5750Y45.1819
G01 X37.4956Y45.0950
G01 X37.4246Y45.0000
G01 X37.3641Y44.8999
G01 X37.3133Y44.7937
G01 X37.2732Y44.6830
G01 X37.2441Y44.5689
G01 X37.2264Y44.4525
G01 X37.2200Y44.3300
G01 X37.2200Y35.0200
G01 X37.2201Y34.9951
G01 X37.2256Y34.8873
G00 Z3.0000
G00 X39.6980Y34.5239
G01 Z-0.1600
G01 X39.6900Y34.5461
G01 X39.6820Y34.5239
G01 X39.6980Y34.5239
G00 Z3.0000
G00 X39.7656Y34.8873
G01 Z-0.1600
G01 X39.7664Y34.8775
G01 X39.7841Y34.7611
G01 X39.8132Y34.6470
G01 X39.8533Y34.5363
G01 X39.9041Y34.4301
G01 X39.9651Y34.3293
G01 X40.0294Y34.2426
G01 X40.1081Y34.1550
G01 X40.2026Y34.0694
G01 X40.2900Y34.0046
G01 X40.3987Y33.9395
G01 X40.5054Y33.8896
G01 X40.6164Y33.8504
G01 X40.7307Y33.8222
G01 X40.8473Y33.8054
G01 X40.9649Y33.8001
G01 X41.0825Y33.8064
G01 X41.1905Y33.8224
G01 X41.3130Y33.8532
G01 X41.4237Y33.8933
G01 X41.5299Y33.9441
G01 X41.6307Y34.0051
G01 X41.7174Y34.0694
G01 X41.8050Y34.1481
G01 X41.8844Y34.2350
G01 X41.9604Y34.3375
G01 X42.0205Y34.4387
G01 X42.0667Y34.5363
G01 X42.1068Y34.6470
G01 X42.1359Y34.7611
G01 X42.1536Y34.8775
G01 X42.1600Y35.0000
G01 X42.1600Y40.3577
G01 X42.1778Y40.4307
G01 X42.1946Y40.5473
G01 X42.1999Y40.6649
G01 X42.1936Y40.7825
G01 X42.1775Y40.8909
G01 X42.1496Y41.0036
G01 X42.1067Y41.1237
G01 X42.0559Y41.2299
G01 X42.0004Y41.3225
G01 X41.9244Y41.4250
G01 X41.8450Y41.5119
G01 X41.7574Y41.5906
G01 X41.6700Y41.6554
G01 X41.5699Y41.7159
G01 X41.4546Y41.7704
G01 X41.3436Y41.8096
G01 X41.2389Y41.8359
G01 X41.1225Y41.8536
G01 X41.0049Y41.8599
G01 X40.8873Y41.8546
G01 X40.7695Y41.8376
G01 X40.6470Y41.8068
G01 X40.5363Y41.7667
G01 X40.4301Y41.7159
G01 X40.3293Y41.6549
G01 X40.2350Y41.5844
G01 X40.1550Y41.5119
G01 X40.1115Y41.4685
G01 X40.0356Y41.3850
G01 X39.9646Y41.2900
G01 X39.9041Y41.1899
G01 X39.8533Y41.0837
G01 X39.8132Y40.9730
G01 X39.7841Y40.8589
G01 X39.7664Y40.7425
G01 X39.7600Y40.6200
G01 X39.7600Y35.0000
G01 X39.7656Y34.8873
G00 Z3.0000
G00 X42.2380Y34.5239
G01 Z-0.1600
G01 X42.2300Y34.5461
G01 X42.2220Y34.5239
G01 X42.2380Y34.5239
G00 Z3.0000
G00 X42.3056Y34.8873
G01 Z-0.1600
G01 X42.3064Y34.8775
G01 X42.3241Y34.7611
G01 X42.3532Y34.6470
G01 X42.3933Y34.5363
G01 X42.4441Y34.4301
G01 X42.5051Y34.3293
G01 X42.5756Y34.2350
G01 X42.6550Y34.1481
G01 X42.7426Y34.0694
G01 X42.8300Y34.0046
G01 X42.9301Y33.9441
G01 X43.0363Y33.8933
G01 X43.1470Y33.8532
G01 X43.2611Y33.8241
G01 X43.3775Y33.8064
G01 X43.4951Y33.8001
G01 X43.6127Y33.8054
G01 X43.7305Y33.8224
G01 X43.8436Y33.8504
G01 X43.9546Y33.8896
G01 X44.0699Y33.9441
G01 X44.1707Y34.0051
G01 X44.2650Y34.0756
G01 X44.3519Y34.1550
G01 X44.4306Y34.2426
G01 X44.4954Y34.3300
G01 X44.5605Y34.4387
G01 X44.6104Y34.5454
G01 X44.6496Y34.6564
G01 X44.6778Y34.7707
G01 X44.6936Y34.8775
G01 X44.6999Y34.9951
G01 X44.6977Y35.0500
G01 X44.7000Y35.1000
G01 X44.7000Y44.3300
G01 X44.6936Y44.4525
G01 X44.6775Y44.5609
G01 X44.6468Y44.6830
G01 X44.6067Y44.7937
G01 X44.5605Y44.8913
G01 X44.4949Y45.0007
G01 X44.4306Y45.0874
G01 X44.3519Y45.1750
G01 X44.2574Y45.2606
G01 X44.1700Y45.3254
G01 X44.0613Y45.3905
G01 X43.9546Y45.4404
G01 X43.8436Y45.4796
G01 X43.7293Y45.5078
G01 X43.6225Y45.5236
G01 X43.5049Y45.5299
G01 X43.3873Y45.5246
G01 X43.2695Y45.5076
G01 X43.1564Y45.4796
G01 X43.0454Y45.4404
G01 X42.9387Y45.3905
G01 X42.8375Y45.3304
G01 X42.7426Y45.2606
G01 X42.6550Y45.1819
G01 X42.5756Y45.0950
G01 X42.5046Y45.0000
G01 X42.4441Y44.8999
G01 X42.3933Y44.7937
G01 X42.3532Y44.6830
G01 X42.3241Y44.5689
G01 X42.3064Y44.4525
G01 X42.3000Y44.3300
G01 X42.3000Y35.1000
G01 X42.3023Y35.0500
G01 X42.3001Y34.9951
G01 X42.3056Y34.8873
G00 Z3.0000
G00 X44.7780Y34.5239
G01 Z-0.1600
G01 X44.7700Y34.5461
G01 X44.7620Y34.5239
G01 X44.7780Y34.5239
G00 Z3.0000
G00 X44.8456Y34.8873
G01 Z-0.1600
G01 X44.8464Y34.8775
G01 X44.8641Y34.7611
G01 X44.8932Y34.6470
G01 X44.9296Y34.5454
G01 X44.9841Y34.4301
G01 X45.0451Y34.3293
G01 X45.1156Y34.2350
G01 X45.1950Y34.1481
G01 X45.2826Y34.0694
G01 X45.3700Y34.0046
G01 X45.4701Y33.9441
G01 X45.5854Y33.8896
G01 X45.6964Y33.8504
G01 X45.8011Y33.8241
G01 X45.9175Y33.8064
G01 X46.0351Y33.8001
G01 X46.1625Y33.8064
G01 X46.2705Y33.8224
G01 X46.3836Y33.8504
G01 X46.5037Y33.8933
G01 X46.6099Y33.9441
G01 X46.7107Y34.0051
G01 X46.7974Y34.0694
G01 X46.8850Y34.1481
G01 X46.9706Y34.2426
G01 X47.0354Y34.3300
G01 X47.1005Y34.4387
G01 X47.1504Y34.5454
G01 X47.1896Y34.6564
G01 X47.2178Y34.7707
G01 X47.2336Y34.8775
G01 X47.2399Y34.9951
G01 X47.2400Y39.4600
G01 X52.1141Y39.4600
G01 X52.2366Y39.4664
G01 X52.3446Y39.4824
G01 X52.4577Y39.5104
G01 X52.5778Y39.5533
G01 X52.6841Y39.6041
G01 X52.7848Y39.6651
G01 X52.8791Y39.7356
G01 X52.9626Y39.8115
G01 X54.4519Y41.3009
G01 X54.5306Y41.3885
G01 X54.5954Y41.4758
G01 X54.6559Y41.5759
G01 X54.7104Y41.6912
G01 X54.7496Y41.8023
G01 X54.7759Y41.9070
G01 X54.7936Y42.0234
G01 X54.7999Y42.1410
G01 X54.8000Y42.6880
G01 X54.8096Y42.7164
G01 X54.8378Y42.8307
G01 X54.8546Y42.9473
G01 X54.8600Y43.0600
G01 X54.8600Y44.3300
G01 X54.8546Y44.4427
G01 X54.8375Y44.5609
G01 X54.8096Y44.6736
G01 X54.7704Y44.7846
G01 X54.7159Y44.8999
G01 X54.6549Y45.0007
G01 X54.5906Y45.0874
G01 X54.5050Y45.1819
G01 X54.4174Y45.2606
G01 X54.3300Y45.3254
G01 X54.2213Y45.3905
G01 X54.1146Y45.4404
G01 X54.0036Y45.4796
G01 X53.8893Y45.5078
G01 X53.7825Y45.5236
G01 X53.6649Y45.5299
G01 X53.5473Y45.5246
G01 X53.4295Y45.5076
G01 X53.3070Y45.4768
G01 X53.1963Y45.4367
G01 X53.0987Y45.3905
G01 X53.0814Y45.3807
G01 X53.0387Y45.3605
G01 X52.9375Y45.3004
G01 X52.8426Y45.2306
G01 X52.7550Y45.1519
G01 X52.6756Y45.0650
G01 X52.5996Y44.9625
G01 X52.5395Y44.8613
G01 X52.4933Y44.7637
G01 X52.4504Y44.6436
G01 X52.4222Y44.5293
G01 X52.4064Y44.4225
G01 X52.4000Y44.3000
G01 X52.4000Y42.6429
G01 X51.6171Y41.8600
G01 X46.1800Y41.8600
G01 X46.0673Y41.8546
G01 X45.9495Y41.8376
G01 X45.8270Y41.8068
G01 X45.7163Y41.7667
G01 X45.6101Y41.7159
G01 X45.5093Y41.6549
G01 X45.4150Y41.5844
G01 X45.3315Y41.5085
G01 X45.1881Y41.3650
G01 X45.1094Y41.2774
G01 X45.0446Y41.1900
G01 X44.9841Y41.0899
G01 X44.9333Y40.9837
G01 X44.8904Y40.8636
G01 X44.8622Y40.7493
G01 X44.8454Y40.6327
G01 X44.8400Y40.5200
G01 X44.8400Y35.0000
G01 X44.8456Y34.8873
G00 Z3.0000
G00 X47.3199Y34.5183
G01 Z-0.1600
G01 X47.3100Y34.5461
G01 X47.3001Y34.5183
G01 X47.3199Y34.5183
G00 Z3.0000
G00 X47.3856Y34.8873
G01 Z-0.1600
G01 X47.3864Y34.8775
G01 X47.4041Y34.7611
G01 X47.4332Y34.6470
G01 X47.4696Y34.5454
G01 X47.5241Y34.4301
G01 X47.5851Y34.3293
G01 X47.6556Y34.2350
G01 X47.7350Y34.1481
G01 X47.8226Y34.0694
G01 X47.9100Y34.0046
G01 X48.0101Y33.9441
G01 X48.1254Y33.8896
G01 X48.2364Y33.8504
G01 X48.3507Y33.8222
G01 X48.4673Y33.8054
G01 X48.5800Y33.8000
G01 X54.7000Y33.8000
G01 X54.8127Y33.8054
G01 X54.9305Y33.8224
G01 X55.0530Y33.8532
G01 X55.1637Y33.8933
G01 X55.2699Y33.9441
G01 X55.3707Y34.0051
G01 X55.4650Y34.0756
G01 X55.5519Y34.1550
G01 X55.6306Y34.2426
G01 X55.6954Y34.3300
G01 X55.7605Y34.4387
G01 X55.8104Y34.5454
G01 X55.8496Y34.6564
G01 X55.8778Y34.7707
G01 X55.8946Y34.8873
G01 X55.8999Y35.0049
G01 X55.8936Y35.1225
G01 X55.8775Y35.2309
G01 X55.8496Y35.3436
G01 X55.8104Y35.4546
G01 X55.7559Y35.5699
G01 X55.6949Y35.6707
G01 X55.6244Y35.7650
G01 X55.5450Y35.8519
G01 X55.4574Y35.9306
G01 X55.3700Y35.9954
G01 X55.2699Y36.0559
G01 X55.1546Y36.1104
G01 X55.0436Y36.1496
G01 X54.9293Y36.1778
G01 X54.8127Y36.1946
G01 X54.7000Y36.2000
G01 X48.5800Y36.2000
G01 X48.4673Y36.1946
G01 X48.3495Y36.1776
G01 X48.2270Y36.1468
G01 X48.1163Y36.1067
G01 X48.0101Y36.0559
G01 X47.9093Y35.9949
G01 X47.8150Y35.9244
G01 X47.7281Y35.8450
G01 X47.6494Y35.7574
G01 X47.5846Y35.6700
G01 X47.5241Y35.5699
G01 X47.4733Y35.4637
G01 X47.4332Y35.3530
G01 X47.4041Y35.2389
G01 X47.3864Y35.1225
G01 X47.3801Y35.0049
G01 X47.3856Y34.8873
G00 Z3.0000
G00 X47.3900Y35.8103
G01 Z-0.1600
G01 X47.3900Y35.6369
G01 X47.3955Y35.6471
G01 X47.4510Y35.7397
G01 X47.4634Y35.7584
G01 X47.4773Y35.7772
G01 X47.4445Y35.7867
G01 X47.4329Y35.7908
G01 X47.4103Y35.8002
G01 X47.3900Y35.8103
G00 Z3.0000
G00 X54.9500Y42.5509
G01 Z-0.1600
G01 X54.9500Y42.3134
G01 X54.9611Y42.3188
G01 X54.9954Y42.3323
G01 X55.0308Y42.3424
G01 X55.0549Y42.3472
G01 X55.0155Y42.4129
G01 X55.0039Y42.4346
G01 X54.9577Y42.5322
G01 X54.9500Y42.5509
G00 Z3.0000
G00 X55.0056Y42.9473
G01 Z-0.1600
G01 X55.0064Y42.9375
G01 X55.0241Y42.8211
G01 X55.0532Y42.7070
G01 X55.0896Y42.6054
G01 X55.1441Y42.4901
G01 X55.2051Y42.3893
G01 X55.2694Y42.3026
G01 X55.3550Y42.2081
G01 X55.4426Y42.1294
G01 X55.5300Y42.0646
G01 X55.6387Y41.9995
G01 X55.7454Y41.9496
G01 X55.8470Y41.9132
G01 X55.9707Y41.8822
G01 X56.0775Y41.8664
G01 X56.1951Y41.8601
G01 X56.3225Y41.8664
G01 X56.4305Y41.8824
G01 X56.5436Y41.9104
G01 X56.6637Y41.9533
G01 X56.7699Y42.0041
G01 X56.8625Y42.0596
G01 X56.9650Y42.1356
G01 X57.0450Y42.2081
G01 X57.1244Y42.2950
G01 X57.2004Y42.3975
G01 X57.2605Y42.4987
G01 X57.3067Y42.5963
G01 X57.3496Y42.7164
G01 X57.3759Y42.8211
G01 X57.3936Y42.9375
G01 X57.4000Y43.0600
G01 X57.4000Y44.3300
G01 X57.3946Y44.4427
G01 X57.3775Y44.5609
G01 X57.3496Y44.6736
G01 X57.3104Y44.7846
G01 X57.2605Y44.8913
G01 X57.2004Y44.9925
G01 X57.1306Y45.0874
G01 X57.0519Y45.1750
G01 X56.9650Y45.2544
G01 X56.8700Y45.3254
G01 X56.7699Y45.3859
G01 X56.6637Y45.4367
G01 X56.5530Y45.4768
G01 X56.4389Y45.5059
G01 X56.3225Y45.5236
G01 X56.2049Y45.5299
G01 X56.0873Y45.5246
G01 X55.9695Y45.5076
G01 X55.8564Y45.4796
G01 X55.7454Y45.4404
G01 X55.6387Y45.3905
G01 X55.5375Y45.3304
G01 X55.4426Y45.2606
G01 X55.3550Y45.1819
G01 X55.2756Y45.0950
G01 X55.1996Y44.9925
G01 X55.1395Y44.8913
G01 X55.0933Y44.7937
G01 X55.0504Y44.6736
G01 X55.0222Y44.5593
G01 X55.0064Y44.4525
G01 X55.0000Y44.3300
G01 X55.0000Y43.0600
G01 X55.0056Y42.9473
G00 Z3.0000
G00 X54.9201Y44.8117
G01 Z-0.1600
G01 X54.9300Y44.7839
G01 X54.9399Y44.8117
G01 X54.9201Y44.8117
G00 Z3.0000
G00 X57.4799Y44.8117
G01 Z-0.1600
G01 X57.4601Y44.8117
G01 X57.4700Y44.7839
G01 X57.4799Y44.8117
G00 Z3.0000
G00 X57.5456Y42.9473
G01 Z-0.1600
G01 X57.5464Y42.9375
G01 X57.5641Y42.8211
G01 X57.5932Y42.7070
G01 X57.6333Y42.5963
G01 X57.6841Y42.4901
G01 X57.7451Y42.3893
G01 X57.8156Y42.2950
G01 X57.8950Y42.2081
G01 X57.9826Y42.1294
G01 X58.0775Y42.0596
G01 X58.1787Y41.9995
G01 X58.2763Y41.9533
G01 X58.2913Y41.9474
G01 X59.8298Y40.4089
G01 X59.8879Y40.3561
G01 X59.9553Y40.3056
G01 X60.0259Y40.2628
G01 X60.1011Y40.2267
G01 X60.1748Y40.1998
G01 X61.7856Y38.5889
G01 X61.8473Y38.5331
G01 X61.9145Y38.4832
G01 X61.9817Y38.4428
G01 X62.0660Y38.4029
G01 X62.1398Y38.3766
G01 X62.2209Y38.3563
G01 X62.3035Y38.3441
G01 X62.3867Y38.3400
G01 X67.4660Y38.3400
G01 X67.5542Y38.3447
G01 X67.6282Y38.3557
G01 X67.7080Y38.3753
G01 X67.7958Y38.4067
G01 X67.8710Y38.4428
G01 X67.9422Y38.4861
G01 X68.0014Y38.5299
G01 X68.0670Y38.5889
G01 X69.2610Y39.7830
G01 X69.3201Y39.8486
G01 X69.3644Y39.9084
G01 X69.4072Y39.9790
G01 X69.4433Y40.0542
G01 X69.4747Y40.1420
G01 X69.4945Y40.2230
G01 X69.5063Y40.3056
G01 X69.5100Y40.3840
G01 X69.5100Y41.8090
G01 X69.5554Y41.8257
G01 X69.6528Y41.8723
G01 X69.7451Y41.9282
G01 X69.8240Y41.9867
G01 X69.9112Y42.0657
G01 X69.9833Y42.1460
G01 X70.0423Y42.2255
G01 X70.1023Y42.3258
G01 X70.1480Y42.4236
G01 X70.1811Y42.5160
G01 X70.2097Y42.6302
G01 X70.2241Y42.7273
G01 X70.2299Y42.8351
G01 X70.2241Y42.9527
G01 X70.2094Y43.0514
G01 X70.1839Y43.1546
G01 X70.1443Y43.2654
G01 X70.0977Y43.3628
G01 X70.0472Y43.4470
G01 X69.9771Y43.5415
G01 X69.9112Y43.6143
G01 X69.8316Y43.6871
G01 X69.7370Y43.7572
G01 X69.6442Y43.8123
G01 X69.5554Y43.8543
G01 X69.4446Y43.8939
G01 X69.3398Y43.9197
G01 X69.2427Y43.9341
G01 X69.1349Y43.9399
G01 X69.0173Y43.9341
G01 X68.9190Y43.9195
G01 X68.8154Y43.8939
G01 X68.7046Y43.8543
G01 X68.6072Y43.8077
G01 X68.5230Y43.7572
G01 X68.4285Y43.6871
G01 X68.3488Y43.6143
G01 X68.2767Y43.5340
G01 X68.2128Y43.4470
G01 X68.1577Y43.3542
G01 X68.1120Y43.2564
G01 X68.0761Y43.1546
G01 X68.0522Y43.0594
G01 X68.0349Y42.9429
G01 X68.0301Y42.8449
G01 X68.0306Y42.8259
G01 X67.9999Y42.7914
G01 X67.9556Y42.7316
G01 X67.9082Y42.6523
G01 X67.8729Y42.5767
G01 X67.8481Y42.5074
G01 X67.8274Y42.4266
G01 X67.8147Y42.3442
G01 X67.8100Y42.2560
G01 X67.8100Y40.7361
G01 X67.1139Y40.0400
G01 X62.7388Y40.0400
G01 X61.1677Y41.6110
G01 X61.1061Y41.6669
G01 X61.0348Y41.7194
G01 X60.9630Y41.7618
G01 X60.8915Y41.7955
G01 X60.8228Y41.8202
G01 X59.8970Y42.7459
G01 X59.9178Y42.8307
G01 X59.9336Y42.9375
G01 X59.9400Y43.0600
G01 X59.9400Y44.3300
G01 X59.9336Y44.4525
G01 X59.9159Y44.5689
G01 X59.8868Y44.6830
G01 X59.8467Y44.7937
G01 X59.7959Y44.8999
G01 X59.7349Y45.0007
G01 X59.6644Y45.0950
G01 X59.5919Y45.1750
G01 X59.5050Y45.2544
G01 X59.4100Y45.3254
G01 X59.3099Y45.3859
G01 X59.2037Y45.4367
G01 X59.0930Y45.4768
G01 X58.9789Y45.5059
G01 X58.9621Y45.5088
G01 X58.9106Y45.5217
G01 X58.8282Y45.5345
G01 X58.7449Y45.5390
G01 X58.6616Y45.5354
G01 X58.5778Y45.5235
G01 X58.5179Y45.5088
G01 X58.5011Y45.5059
G01 X58.3870Y45.4768
G01 X58.2763Y45.4367
G01 X58.1701Y45.3859
G01 X58.0693Y45.3249
G01 X57.9750Y45.2544
G01 X57.8881Y45.1750
G01 X57.8094Y45.0874
G01 X57.7446Y45.0000
G01 X57.6795Y44.8913
G01 X57.6296Y44.7846
G01 X57.5932Y44.6830
G01 X57.5641Y44.5689
G01 X57.5454Y44.4427
G01 X57.5400Y44.3300
G01 X57.5400Y43.0600
G01 X57.5456Y42.9473
G00 Z3.0000
G00 X57.4601Y42.5783
G01 Z-0.1600
G01 X57.4799Y42.5783
G01 X57.4700Y42.6061
G01 X57.4601Y42.5783
G00 Z3.0000
G00 X60.0856Y42.9473
G01 Z-0.1600
G01 X60.0864Y42.9375
G01 X60.1041Y42.8211
G01 X60.1332Y42.7070
G01 X60.1733Y42.5963
G01 X60.2241Y42.4901
G01 X60.2851Y42.3893
G01 X60.3494Y42.3026
G01 X60.4281Y42.2150
G01 X60.5150Y42.1356
G01 X60.6100Y42.0646
G01 X60.7187Y41.9995
G01 X60.8163Y41.9533
G01 X60.8313Y41.9474
G01 X62.4898Y40.2890
G01 X62.5479Y40.2361
G01 X62.6153Y40.1856
G01 X62.6945Y40.1382
G01 X62.7701Y40.1029
G01 X62.8394Y40.0781
G01 X62.9202Y40.0574
G01 X63.0027Y40.0447
G01 X63.0909Y40.0400
G01 X66.5200Y40.0400
G01 X66.6082Y40.0447
G01 X66.6906Y40.0574
G01 X66.7714Y40.0781
G01 X66.8498Y40.1067
G01 X66.9250Y40.1428
G01 X66.9881Y40.1806
G01 X67.0630Y40.2361
G01 X67.1175Y40.2856
G01 X67.1371Y40.3065
G01 X67.2328Y40.3523
G01 X67.3251Y40.4082
G01 X67.4040Y40.4667
G01 X67.4843Y40.5388
G01 X67.5633Y40.6260
G01 X67.6223Y40.7055
G01 X67.6777Y40.7972
G01 X67.7280Y40.9036
G01 X67.7639Y41.0054
G01 X67.7878Y41.1006
G01 X67.8041Y41.2073
G01 X67.8099Y41.3151
G01 X67.8051Y41.4229
G01 X67.7894Y41.5314
G01 X67.7611Y41.6440
G01 X67.7243Y41.7454
G01 X67.6777Y41.8428
G01 X67.6218Y41.9351
G01 X67.5571Y42.0215
G01 X67.4843Y42.1012
G01 X67.4040Y42.1733
G01 X67.3170Y42.2372
G01 X67.2242Y42.2923
G01 X67.1264Y42.3380
G01 X67.0246Y42.3739
G01 X66.9198Y42.3997
G01 X66.8227Y42.4141
G01 X66.7051Y42.4199
G01 X66.5973Y42.4141
G01 X66.4990Y42.3995
G01 X66.3954Y42.3739
G01 X66.2936Y42.3380
G01 X66.1872Y42.2877
G01 X66.0949Y42.2318
G01 X66.0085Y42.1671
G01 X65.9357Y42.1012
G01 X65.8629Y42.0215
G01 X65.7928Y41.9270
G01 X65.7377Y41.8342
G01 X65.6935Y41.7400
G01 X63.4429Y41.7400
G01 X62.4370Y42.7459
G01 X62.4578Y42.8307
G01 X62.4736Y42.9375
G01 X62.4799Y43.0551
G01 X62.4799Y44.3349
G01 X62.4736Y44.4525
G01 X62.4575Y44.5609
G01 X62.4296Y44.6736
G01 X62.3904Y44.7846
G01 X62.3405Y44.8913
G01 X62.2804Y44.9925
G01 X62.2106Y45.0874
G01 X62.1319Y45.1750
G01 X62.0374Y45.2606
G01 X61.9500Y45.3254
G01 X61.8413Y45.3905
G01 X61.7346Y45.4404
G01 X61.6236Y45.4796
G01 X61.5189Y45.5059
G01 X61.5021Y45.5088
G01 X61.4410Y45.5237
G01 X61.3584Y45.5354
G01 X61.2751Y45.5390
G01 X61.1918Y45.5345
G01 X61.1094Y45.5217
G01 X61.0579Y45.5088
G01 X61.0411Y45.5059
G01 X60.9364Y45.4796
G01 X60.8163Y45.4367
G01 X60.7101Y45.3859
G01 X60.6175Y45.3304
G01 X60.5150Y45.2544
G01 X60.4281Y45.1750
G01 X60.3494Y45.0874
G01 X60.2846Y45.0000
G01 X60.2241Y44.8999
G01 X60.1733Y44.7937
G01 X60.1304Y44.6736
G01 X60.1022Y44.5593
G01 X60.0854Y44.4427
G01 X60.0800Y44.3300
G01 X60.0800Y43.0600
G01 X60.0856Y42.9473
G00 Z3.0000
G00 X60.0100Y44.7839
G01 Z-0.1600
G01 X60.0199Y44.8117
G01 X60.0001Y44.8117
G01 X60.0100Y44.7839
G00 Z3.0000
G00 X67.6600Y42.1595
G01 Z-0.1600
G01 X67.6415Y42.1518
G01 X67.6600Y42.1314
G01 X67.6600Y42.1595
G00 Z3.0000
G00 X66.3156Y34.8873
G01 Z-0.1600
G01 X66.3164Y34.8775
G01 X66.3341Y34.7611
G01 X66.3632Y34.6470
G01 X66.3996Y34.5454
G01 X66.4541Y34.4301
G01 X66.5151Y34.3293
G01 X66.5856Y34.2350
G01 X66.6650Y34.1481
G01 X66.7526Y34.0694
G01 X66.8400Y34.0046
G01 X66.9401Y33.9441
G01 X67.0554Y33.8896
G01 X67.1664Y33.8504
G01 X67.2711Y33.8241
G01 X67.3875Y33.8064
G01 X67.5100Y33.8000
G01 X71.1729Y33.8000
G01 X73.8250Y31.1481
G01 X73.9126Y31.0694
G01 X74.0000Y31.0046
G01 X74.1000Y30.9441
G01 X74.2063Y30.8933
G01 X74.3264Y30.8504
G01 X74.4407Y30.8222
G01 X74.5475Y30.8064
G01 X74.6700Y30.8000
G01 X76.4000Y30.8000
G01 X76.5225Y30.8064
G01 X76.6389Y30.8241
G01 X76.7530Y30.8532
G01 X76.8547Y30.8896
G01 X76.9700Y30.9441
G01 X77.0707Y31.0051
G01 X77.1574Y31.0694
G01 X77.2450Y31.1481
G01 X77.3306Y31.2426
G01 X77.3954Y31.3300
G01 X77.4559Y31.4301
G01 X77.5067Y31.5363
G01 X77.5496Y31.6564
G01 X77.5759Y31.7611
G01 X77.5936Y31.8775
G01 X77.5999Y31.9951
G01 X77.5936Y32.1225
G01 X77.5775Y32.2309
G01 X77.5496Y32.3436
G01 X77.5067Y32.4637
G01 X77.4559Y32.5700
G01 X77.3949Y32.6707
G01 X77.3306Y32.7574
G01 X77.2450Y32.8519
G01 X77.1574Y32.9306
G01 X77.0707Y32.9949
G01 X76.9613Y33.0605
G01 X76.8547Y33.1104
G01 X76.7530Y33.1468
G01 X76.6293Y33.1778
G01 X76.5127Y33.1946
G01 X76.4000Y33.2000
G01 X75.1670Y33.2000
G01 X73.6355Y34.7316
G01 X73.6497Y34.7902
G01 X73.6651Y34.8971
G01 X73.6699Y35.0049
G01 X73.6641Y35.1127
G01 X73.6494Y35.2114
G01 X73.6211Y35.3240
G01 X73.5843Y35.4254
G01 X73.5377Y35.5228
G01 X73.4818Y35.6151
G01 X73.4171Y35.7015
G01 X73.3443Y35.7812
G01 X73.2640Y35.8533
G01 X73.1770Y35.9172
G01 X73.0842Y35.9723
G01 X72.9864Y36.0180
G01 X72.8846Y36.0539
G01 X72.7798Y36.0797
G01 X72.6827Y36.0941
G01 X72.5651Y36.0999
G01 X72.4573Y36.0941
G01 X72.3602Y36.0797
G01 X72.2473Y36.0515
G01 X72.2313Y36.0605
G01 X72.1337Y36.1067
G01 X72.0136Y36.1496
G01 X71.8993Y36.1778
G01 X71.7925Y36.1936
G01 X71.6700Y36.2000
G01 X67.5100Y36.2000
G01 X67.3973Y36.1946
G01 X67.2795Y36.1776
G01 X67.1664Y36.1496
G01 X67.0554Y36.1104
G01 X66.9487Y36.0605
G01 X66.8475Y36.0004
G01 X66.7450Y35.9244
G01 X66.6581Y35.8450
G01 X66.5794Y35.7574
G01 X66.5146Y35.6700
G01 X66.4495Y35.5613
G01 X66.3996Y35.4546
G01 X66.3604Y35.3436
G01 X66.3322Y35.2293
G01 X66.3154Y35.1127
G01 X66.3101Y34.9951
G01 X66.3156Y34.8873
G00 Z3.0000
G00 X71.1083Y33.6887
G01 Z-0.1600
G01 X71.1289Y33.6809
G01 X71.1400Y33.6756
G01 X71.1592Y33.6647
G01 X71.1772Y33.6519
G01 X71.1974Y33.6341
G01 X73.6978Y31.1338
G01 X73.7126Y31.1174
G01 X73.7463Y31.0763
G01 X73.9443Y30.9139
G01 X74.1701Y30.7932
G01 X74.4151Y30.7188
G01 X74.6700Y30.6937
G01 X74.7228Y30.6989
G01 X74.7449Y30.7000
G01 X76.4639Y30.7000
G01 X76.6549Y30.7188
G01 X76.8999Y30.7932
G01 X77.1257Y30.9139
G01 X77.3237Y31.0763
G01 X77.4862Y31.2743
G01 X77.6069Y31.5001
G01 X77.6812Y31.7452
G01 X77.7063Y32.0000
G01 X77.6812Y32.2549
G01 X77.6069Y32.4999
G01 X77.4862Y32.7257
G01 X77.3237Y32.9237
G01 X77.1257Y33.0862
G01 X76.8999Y33.2069
G01 X76.6549Y33.2812
G01 X76.4639Y33.3000
G01 X75.2968Y33.3001
G01 X75.2747Y33.3017
G01 X75.2626Y33.3035
G01 X75.2317Y33.3112
G01 X75.2201Y33.3154
G01 X75.2000Y33.3244
G01 X75.1733Y33.3403
G01 X75.1552Y33.3543
G01 X75.1426Y33.3659
G01 X73.8313Y34.6772
G01 X73.8134Y34.6974
G01 X73.8061Y34.7073
G01 X73.7943Y34.7260
G01 X73.7845Y34.7457
G01 X73.7737Y34.7757
G01 X73.7691Y34.7956
G01 X73.7670Y34.8094
G01 X73.7655Y34.8412
G01 X73.7670Y34.8632
G01 X73.7700Y34.8818
G01 X73.7700Y35.1182
G01 X73.7239Y35.3500
G01 X73.6334Y35.5684
G01 X73.5021Y35.7650
G01 X73.3350Y35.9321
G01 X73.1384Y36.0634
G01 X72.9200Y36.1539
G01 X72.6882Y36.2000
G01 X72.4518Y36.2000
G01 X72.3347Y36.1767
G01 X72.3177Y36.1741
G01 X72.2957Y36.1725
G01 X72.2638Y36.1741
G01 X72.2421Y36.1778
G01 X72.2208Y36.1836
G01 X72.2002Y36.1915
G01 X72.1699Y36.2069
G01 X71.9248Y36.2812
G01 X71.6700Y36.3063
G01 X71.6171Y36.3011
G01 X71.5951Y36.3000
G01 X67.4461Y36.3000
G01 X67.2552Y36.2812
G01 X67.0101Y36.2069
G01 X66.7843Y36.0861
G01 X66.5863Y35.9237
G01 X66.4239Y35.7257
G01 X66.3031Y35.4999
G01 X66.2288Y35.2548
G01 X66.2037Y35.0000
G01 X66.2288Y34.7452
G01 X66.3031Y34.5001
G01 X66.4239Y34.2743
G01 X66.5863Y34.0763
G01 X66.7843Y33.9139
G01 X67.0101Y33.7931
G01 X67.2552Y33.7188
G01 X67.4461Y33.7000
G01 X71.0383Y33.7000
G01 X71.0555Y33.6993
G01 X71.0774Y33.6965
G01 X71.0989Y33.6916
G01 X71.1083Y33.6887
G00 Z3.0000
G00 X72.8381Y26.2500
G01 Z-0.1600
G01 X72.8495Y26.2386
G01 X72.8629Y26.2500
G01 X72.8381Y26.2500
G00 Z3.0000
G00 X71.8750Y24.5614
G01 Z-0.1600
G01 X71.8750Y23.5695
G01 X72.1250Y23.3195
G01 X72.1250Y24.3114
G01 X71.8750Y24.5614
G00 Z3.0000
G00 X72.2500Y23.0178
G01 Z-0.1600
G01 X72.2500Y24.3632
G01 X71.7500Y24.8632
G01 X71.7500Y23.5178
G01 X72.2500Y23.0178
G00 Z3.0000
G00 X72.3750Y22.7160
G01 Z-0.1600
G01 X72.3750Y24.4150
G01 X71.6250Y25.1650
G01 X71.6250Y23.4660
G01 X72.3750Y22.7160
G00 Z3.0000
G00 X72.5138Y22.4004
G01 Z-0.1600
G01 X72.5115Y22.4185
G01 X72.5008Y22.5554
G01 X72.5000Y22.5750
G01 X72.5000Y24.4667
G01 X71.4973Y25.4695
G01 X71.5000Y25.4250
G01 X71.5000Y23.4142
G01 X72.5138Y22.4004
G00 Z3.0000
G00 X76.8750Y23.2195
G01 Z-0.1600
G01 X79.5305Y25.8750
G01 X76.8054Y25.8750
G01 X76.8149Y25.8413
G01 X76.8470Y25.7078
G01 X76.8583Y25.6475
G01 X76.8616Y25.6109
G01 X76.8623Y25.6109
G01 X76.8731Y25.4740
G01 X76.8750Y25.4250
G01 X76.8750Y23.2195
G00 Z3.0000
G00 X79.8322Y26.0000
G01 Z-0.1600
G01 X76.6222Y26.0000
G01 X76.6691Y25.8867
G01 X76.6827Y25.8499
G01 X76.6934Y25.8121
G01 X76.7254Y25.6786
G01 X76.7345Y25.6304
G01 X76.7371Y25.6011
G01 X76.7377Y25.6011
G01 X76.7485Y25.4642
G01 X76.7500Y25.4250
G01 X76.7500Y22.9178
G01 X79.8322Y26.0000
G00 Z3.0000
G00 X80.1340Y26.1250
G01 Z-0.1600
G01 X76.4089Y26.1250
G01 X76.4744Y26.0182
G01 X76.4893Y25.9914
G01 X76.5011Y25.9657
G01 X76.5536Y25.8389
G01 X76.5638Y25.8113
G01 X76.5718Y25.7829
G01 X76.6039Y25.6494
G01 X76.6107Y25.6133
G01 X76.6131Y25.5913
G01 X76.6238Y25.4544
G01 X76.6250Y25.4250
G01 X76.6250Y22.6160
G01 X80.1340Y26.1250
G00 Z3.0000
G00 X80.4358Y26.2500
G01 Z-0.1600
G01 X76.1371Y26.2500
G01 X76.1705Y26.2205
G01 X76.1838Y26.2061
G01 X76.2730Y26.1017
G01 X76.2851Y26.0863
G01 X76.2961Y26.0699
G01 X76.3678Y25.9529
G01 X76.3778Y25.9350
G01 X76.3856Y25.9179
G01 X76.4381Y25.7911
G01 X76.4449Y25.7726
G01 X76.4503Y25.7538
G01 X76.4823Y25.6202
G01 X76.4869Y25.5961
G01 X76.4885Y25.5815
G01 X76.4992Y25.4446
G01 X76.5000Y25.4250
G01 X76.5000Y22.5750
G01 X76.4992Y22.5554
G01 X76.4885Y22.4185
G01 X76.4862Y22.3990
G01 X76.4823Y22.3798
G01 X76.4560Y22.2702
G01 X80.4358Y26.2500
G00 Z3.0000
G00 X94.5567Y25.8826
G01 Z-0.1600
G01 X94.1893Y26.2500
G01 X94.1371Y26.2500
G01 X94.1705Y26.2205
G01 X94.1838Y26.2061
G01 X94.2730Y26.1017
G01 X94.2851Y26.0863
G01 X94.2961Y26.0699
G01 X94.3678Y25.9529
G01 X94.3778Y25.9350
G01 X94.3856Y25.9179
G01 X94.4288Y25.8136
G01 X94.4489Y25.8293
G01 X94.4798Y25.8493
G01 X94.5125Y25.8661
G01 X94.5352Y25.8755
G01 X94.5567Y25.8826
G00 Z3.0000
G00 X95.1388Y42.7870
G01 Z-0.1600
G01 X95.1540Y42.8022
G01 X95.1500Y42.8107
G01 X95.1499Y42.8104
G01 X95.1388Y42.7870
G00 Z3.0000
G00 X97.4279Y42.7639
G01 Z-0.1600
G01 X97.4079Y42.7217
G01 X97.3964Y42.7001
G01 X97.3459Y42.6159
G01 X97.3335Y42.5972
G01 X97.3000Y42.5520
G01 X97.3000Y42.5142
G01 X97.4675Y42.6817
G01 X97.4621Y42.6917
G01 X97.4279Y42.7639
G00 Z3.0000
G00 X99.6922Y42.7218
G01 Z-0.1600
G01 X99.6779Y42.6917
G01 X99.6663Y42.6700
G01 X99.6159Y42.5859
G01 X99.6035Y42.5671
G01 X99.5700Y42.5220
G01 X99.5700Y42.3800
G01 X99.7753Y42.5853
G01 X99.7541Y42.6159
G01 X99.7036Y42.7001
G01 X99.6922Y42.7218
G00 Z3.0000
G00 X107.5051Y47.1971
G01 Z-0.1600
G01 X107.5059Y47.1873
G01 X107.5222Y47.0806
G01 X107.5489Y46.9760
G01 X107.5857Y46.8746
G01 X107.6323Y46.7772
G01 X107.6882Y46.6849
G01 X107.7467Y46.6060
G01 X107.8188Y46.5257
G01 X107.8985Y46.4529
G01 X107.9855Y46.3877
G01 X108.0772Y46.3323
G01 X108.1746Y46.2857
G01 X108.2854Y46.2461
G01 X108.3902Y46.2203
G01 X108.4971Y46.2049
G01 X108.5951Y46.2001
G01 X108.7029Y46.2049
G01 X108.8114Y46.2206
G01 X108.9240Y46.2489
G01 X109.0254Y46.2857
G01 X109.1142Y46.3277
G01 X109.2151Y46.3882
G01 X109.2940Y46.4467
G01 X109.3743Y46.5188
G01 X109.4533Y46.6060
G01 X109.5123Y46.6855
G01 X109.5214Y46.7000
G01 X117.4171Y46.7000
G01 X122.5430Y41.5741
G01 X122.5222Y41.4893
G01 X122.5064Y41.3825
G01 X122.5000Y41.2600
G01 X122.5000Y39.9900
G01 X122.5064Y39.8675
G01 X122.5225Y39.7591
G01 X122.5532Y39.6370
G01 X122.5933Y39.5263
G01 X122.6395Y39.4287
G01 X122.6996Y39.3275
G01 X122.7694Y39.2326
G01 X122.8550Y39.1381
G01 X122.9426Y39.0594
G01 X123.0300Y38.9946
G01 X123.1301Y38.9341
G01 X123.2363Y38.8833
G01 X123.3564Y38.8404
G01 X123.4707Y38.8122
G01 X123.5775Y38.7964
G01 X123.6951Y38.7901
G01 X123.8127Y38.7954
G01 X123.9309Y38.8125
G01 X124.0530Y38.8432
G01 X124.1637Y38.8833
G01 X124.2699Y38.9341
G01 X124.3707Y38.9951
G01 X124.4574Y39.0594
G01 X124.5450Y39.1381
G01 X124.6306Y39.2326
G01 X124.6954Y39.3200
G01 X124.7559Y39.4201
G01 X124.8067Y39.5263
G01 X124.8468Y39.6370
G01 X124.8759Y39.7511
G01 X124.8936Y39.8675
G01 X124.8999Y39.9851
G01 X124.9000Y41.2600
G01 X124.8946Y41.3727
G01 X124.8775Y41.4909
G01 X124.8496Y41.6036
G01 X124.8067Y41.7237
G01 X124.7559Y41.8299
G01 X124.7004Y41.9225
G01 X124.6244Y42.0250
G01 X124.5519Y42.1050
G01 X124.4650Y42.1844
G01 X124.3700Y42.2554
G01 X124.2613Y42.3205
G01 X124.1546Y42.3704
G01 X124.0530Y42.4068
G01 X123.9293Y42.4378
G01 X123.8225Y42.4536
G01 X123.7049Y42.4599
G01 X123.5775Y42.4536
G01 X123.4691Y42.4375
G01 X123.3949Y42.4193
G01 X118.0899Y47.7243
G01 X118.0500Y47.7606
G01 X118.0023Y47.7965
G01 X117.9527Y47.8267
G01 X117.8997Y47.8523
G01 X117.8444Y47.8726
G01 X117.7874Y47.8874
G01 X117.7293Y47.8965
G01 X117.6656Y47.9000
G01 X109.5214Y47.9000
G01 X109.5118Y47.9151
G01 X109.4533Y47.9940
G01 X109.3743Y48.0812
G01 X109.2940Y48.1533
G01 X109.2145Y48.2123
G01 X109.1142Y48.2723
G01 X109.0164Y48.3180
G01 X108.9146Y48.3539
G01 X108.8194Y48.3778
G01 X108.7029Y48.3951
G01 X108.6049Y48.3999
G01 X108.4971Y48.3951
G01 X108.3886Y48.3794
G01 X108.2854Y48.3539
G01 X108.1836Y48.3180
G01 X108.0858Y48.2723
G01 X107.9930Y48.2172
G01 X107.9060Y48.1533
G01 X107.8257Y48.0812
G01 X107.7529Y48.0015
G01 X107.6877Y47.9145
G01 X107.6323Y47.8228
G01 X107.5857Y47.7254
G01 X107.5489Y47.6240
G01 X107.5222Y47.5194
G01 X107.5059Y47.4127
G01 X107.5001Y47.3049
G01 X107.5051Y47.1971
G00 Z3.0000
G00 X106.5596Y51.9970
G01 Z-0.1600
G01 X107.2876Y52.7250
G01 X106.2157Y52.7250
G01 X106.2509Y52.6862
G01 X106.2742Y52.6578
G01 X106.3327Y52.5790
G01 X106.3531Y52.5484
G01 X106.4036Y52.4642
G01 X106.4209Y52.4317
G01 X106.4629Y52.3430
G01 X106.4770Y52.3090
G01 X106.5100Y52.2166
G01 X106.5207Y52.1814
G01 X106.5445Y52.0862
G01 X106.5508Y52.0562
G01 X106.5596Y51.9970
G00 Z3.0000
G00 X106.6316Y52.2458
G01 Z-0.1600
G01 X106.9859Y52.6000
G01 X106.4679Y52.6000
G01 X106.5108Y52.5284
G01 X106.5339Y52.4852
G01 X106.5759Y52.3965
G01 X106.5947Y52.3511
G01 X106.6277Y52.2587
G01 X106.6316Y52.2458
G00 Z3.0000
G00 X106.6770Y52.4750
G01 Z-0.1600
G01 X106.6793Y52.4702
G01 X106.6841Y52.4750
G01 X106.6770Y52.4750
G00 Z3.0000
G00 X105.8772Y52.8500
G01 Z-0.1600
G01 X105.9028Y52.8335
G01 X105.9833Y52.7738
G01 X106.0023Y52.7582
G01 X106.0750Y52.6923
G01 X106.0923Y52.6750
G01 X106.1582Y52.6023
G01 X106.1738Y52.5833
G01 X106.2323Y52.5045
G01 X106.2459Y52.4841
G01 X106.2964Y52.3999
G01 X106.3079Y52.3783
G01 X106.3499Y52.2896
G01 X106.3593Y52.2669
G01 X106.3923Y52.1745
G01 X106.3994Y52.1510
G01 X106.4233Y52.0558
G01 X106.4274Y52.0358
G01 X106.4425Y51.9347
G01 X106.4449Y51.9103
G01 X106.4497Y51.8123
G01 X106.4497Y51.7877
G01 X106.4457Y51.7063
G01 X107.5697Y52.8303
G01 X107.5910Y52.8500
G01 X105.8772Y52.8500
G00 Z3.0000
G00 X103.9723Y51.5660
G01 Z-0.1600
G01 X103.9598Y51.6500
G01 X103.8444Y51.6500
G01 X103.8642Y51.6394
G01 X103.9063Y51.6142
G01 X103.9250Y51.6018
G01 X103.9723Y51.5660
G00 Z3.0000
G00 X114.8199Y58.2517
G01 Z-0.1600
G01 X114.8001Y58.2517
G01 X114.8100Y58.2239
G01 X114.8199Y58.2517
G00 Z3.0000
G00 X117.3599Y58.2517
G01 Z-0.1600
G01 X117.3401Y58.2517
G01 X117.3500Y58.2239
G01 X117.3599Y58.2517
G00 Z3.0000
G00 X119.8999Y58.2517
G01 Z-0.1600
G01 X119.8801Y58.2517
G01 X119.8900Y58.2239
G01 X119.8999Y58.2517
G00 Z3.0000
G00 X119.9656Y56.3873
G01 Z-0.1600
G01 X119.9664Y56.3775
G01 X119.9841Y56.2611
G01 X120.0132Y56.1470
G01 X120.0496Y56.0454
G01 X120.1041Y55.9301
G01 X120.1651Y55.8293
G01 X120.2294Y55.7426
G01 X120.3150Y55.6481
G01 X120.4026Y55.5694
G01 X120.4900Y55.5046
G01 X120.5987Y55.4395
G01 X120.7054Y55.3896
G01 X120.8070Y55.3532
G01 X120.9307Y55.3222
G01 X121.0375Y55.3064
G01 X121.1551Y55.3001
G01 X121.2825Y55.3064
G01 X121.3909Y55.3225
G01 X121.5036Y55.3504
G01 X121.6237Y55.3933
G01 X121.7299Y55.4441
G01 X121.8225Y55.4996
G01 X121.9250Y55.5756
G01 X122.0050Y55.6481
G01 X122.0844Y55.7350
G01 X122.1604Y55.8375
G01 X122.2205Y55.9387
G01 X122.2667Y56.0363
G01 X122.3096Y56.1564
G01 X122.3359Y56.2611
G01 X122.3536Y56.3775
G01 X122.3600Y56.5000
G01 X122.3600Y57.7700
G01 X122.3546Y57.8827
G01 X122.3375Y58.0009
G01 X122.3096Y58.1136
G01 X122.2704Y58.2246
G01 X122.2205Y58.3313
G01 X122.1604Y58.4325
G01 X122.0906Y58.5274
G01 X122.0119Y58.6150
G01 X121.9250Y58.6944
G01 X121.8300Y58.7654
G01 X121.7299Y58.8259
G01 X121.6237Y58.8767
G01 X121.5130Y58.9168
G01 X121.3989Y58.9459
G01 X121.2825Y58.9636
G01 X121.1649Y58.9699
G01 X121.0473Y58.9646
G01 X120.9291Y58.9475
G01 X120.8164Y58.9196
G01 X120.7054Y58.8804
G01 X120.5987Y58.8305
G01 X120.4975Y58.7704
G01 X120.4026Y58.7006
G01 X120.3150Y58.6219
G01 X120.2356Y58.5350
G01 X120.1596Y58.4325
G01 X120.0995Y58.3313
G01 X120.0533Y58.2337
G01 X120.0104Y58.1136
G01 X119.9822Y57.9993
G01 X119.9664Y57.8925
G01 X119.9600Y57.7700
G01 X119.9600Y56.5000
G01 X119.9656Y56.3873
G00 Z3.0000
G00 X119.8801Y56.0183
G01 Z-0.1600
G01 X119.8999Y56.0183
G01 X119.8900Y56.0461
G01 X119.8801Y56.0183
G00 Z3.0000
G00 X122.4201Y56.0183
G01 Z-0.1600
G01 X122.4399Y56.0183
G01 X122.4300Y56.0461
G01 X122.4201Y56.0183
G00 Z3.0000
G00 X122.5056Y56.3873
G01 Z-0.1600
G01 X122.5064Y56.3775
G01 X122.5241Y56.2611
G01 X122.5532Y56.1470
G01 X122.5896Y56.0454
G01 X122.6441Y55.9301
G01 X122.7051Y55.8293
G01 X122.7694Y55.7426
G01 X122.8550Y55.6481
G01 X122.9426Y55.5694
G01 X123.0300Y55.5046
G01 X123.1387Y55.4395
G01 X123.2454Y55.3896
G01 X123.3470Y55.3532
G01 X123.4707Y55.3222
G01 X123.5775Y55.3064
G01 X123.6951Y55.3001
G01 X123.8225Y55.3064
G01 X123.9309Y55.3225
G01 X124.0436Y55.3504
G01 X124.1637Y55.3933
G01 X124.2699Y55.4441
G01 X124.3625Y55.4996
G01 X124.4650Y55.5756
G01 X124.5450Y55.6481
G01 X124.6244Y55.7350
G01 X124.7004Y55.8375
G01 X124.7605Y55.9387
G01 X124.8067Y56.0363
G01 X124.8496Y56.1564
G01 X124.8759Y56.2611
G01 X124.8936Y56.3775
G01 X124.9000Y56.5000
G01 X124.9000Y57.7700
G01 X124.8946Y57.8827
G01 X124.8775Y58.0009
G01 X124.8496Y58.1136
G01 X124.8104Y58.2246
G01 X124.7605Y58.3313
G01 X124.7004Y58.4325
G01 X124.6306Y58.5274
G01 X124.5519Y58.6150
G01 X124.4650Y58.6944
G01 X124.3700Y58.7654
G01 X124.2699Y58.8259
G01 X124.1637Y58.8767
G01 X124.0530Y58.9168
G01 X123.9389Y58.9459
G01 X123.8225Y58.9636
G01 X123.7049Y58.9699
G01 X123.5873Y58.9646
G01 X123.4691Y58.9475
G01 X123.3564Y58.9196
G01 X123.2454Y58.8804
G01 X123.1387Y58.8305
G01 X123.0375Y58.7704
G01 X122.9426Y58.7006
G01 X122.8550Y58.6219
G01 X122.7756Y58.5350
G01 X122.6996Y58.4325
G01 X122.6395Y58.3313
G01 X122.5933Y58.2337
G01 X122.5504Y58.1136
G01 X122.5222Y57.9993
G01 X122.5064Y57.8925
G01 X122.5000Y57.7700
G01 X122.5000Y56.5000
G01 X122.5056Y56.3873
G00 Z3.0000
G00 X122.4399Y58.2517
G01 Z-0.1600
G01 X122.4201Y58.2517
G01 X122.4300Y58.2239
G01 X122.4399Y58.2517
G00 Z3.0000
G00 X124.9799Y58.2517
G01 Z-0.1600
G01 X124.9601Y58.2517
G01 X124.9700Y58.2239
G01 X124.9799Y58.2517
G00 Z3.0000
G00 X125.0456Y56.3873
G01 Z-0.1600
G01 X125.0464Y56.3775
G01 X125.0641Y56.2611
G01 X125.0932Y56.1470
G01 X125.1296Y56.0454
G01 X125.1841Y55.9301
G01 X125.2451Y55.8293
G01 X125.3094Y55.7426
G01 X125.3950Y55.6481
G01 X125.4826Y55.5694
G01 X125.5700Y55.5046
G01 X125.6787Y55.4395
G01 X125.7854Y55.3896
G01 X125.8870Y55.3532
G01 X126.0107Y55.3222
G01 X126.1175Y55.3064
G01 X126.2351Y55.3001
G01 X126.3625Y55.3064
G01 X126.4709Y55.3225
G01 X126.5836Y55.3504
G01 X126.7037Y55.3933
G01 X126.8099Y55.4441
G01 X126.9025Y55.4996
G01 X127.0050Y55.5756
G01 X127.0850Y55.6481
G01 X127.1644Y55.7350
G01 X127.2404Y55.8375
G01 X127.3005Y55.9387
G01 X127.3467Y56.0363
G01 X127.3896Y56.1564
G01 X127.4178Y56.2707
G01 X127.4336Y56.3775
G01 X127.4400Y56.5000
G01 X127.4400Y57.7700
G01 X127.4346Y57.8827
G01 X127.4175Y58.0009
G01 X127.3896Y58.1136
G01 X127.3504Y58.2246
G01 X127.3005Y58.3313
G01 X127.2404Y58.4325
G01 X127.1706Y58.5274
G01 X127.0900Y58.6169
G01 X127.0900Y59.4879
G01 X135.3010Y67.6990
G01 X135.3539Y67.7570
G01 X135.4039Y67.8238
G01 X135.4518Y67.9037
G01 X135.4871Y67.9793
G01 X135.5147Y68.0580
G01 X135.5345Y68.1390
G01 X135.5453Y68.2118
G01 X135.5500Y68.3000
G01 X135.5500Y78.1000
G01 X135.5463Y78.1784
G01 X135.5343Y78.2622
G01 X135.5147Y78.3420
G01 X135.4871Y78.4207
G01 X135.4518Y78.4963
G01 X135.4094Y78.5681
G01 X135.3601Y78.6354
G01 X135.3010Y78.7010
G01 X130.0762Y83.9259
G01 X130.0511Y84.0240
G01 X130.0180Y84.1164
G01 X129.9677Y84.2228
G01 X129.9118Y84.3151
G01 X129.8533Y84.3940
G01 X129.7743Y84.4812
G01 X129.6940Y84.5533
G01 X129.6145Y84.6123
G01 X129.5228Y84.6677
G01 X129.4254Y84.7143
G01 X129.3146Y84.7539
G01 X129.2098Y84.7797
G01 X129.1127Y84.7941
G01 X129.0049Y84.7999
G01 X128.8873Y84.7941
G01 X128.7886Y84.7794
G01 X128.6854Y84.7539
G01 X128.5746Y84.7143
G01 X128.4772Y84.6677
G01 X128.3930Y84.6172
G01 X128.2985Y84.5471
G01 X128.2257Y84.4812
G01 X128.1529Y84.4015
G01 X128.0828Y84.3070
G01 X128.0277Y84.2142
G01 X127.9857Y84.1254
G01 X127.9461Y84.0146
G01 X127.9203Y83.9098
G01 X127.9059Y83.8127
G01 X127.9001Y83.6951
G01 X127.9059Y83.5873
G01 X127.9203Y83.4902
G01 X127.9489Y83.3760
G01 X127.9857Y83.2746
G01 X128.0277Y83.1858
G01 X128.0882Y83.0849
G01 X128.1467Y83.0060
G01 X128.2188Y82.9257
G01 X128.2985Y82.8529
G01 X128.3855Y82.7877
G01 X128.4858Y82.7277
G01 X128.5836Y82.6820
G01 X128.6854Y82.6461
G01 X128.7806Y82.6222
G01 X128.8873Y82.6059
G01 X128.9978Y82.6001
G01 X133.8500Y77.7479
G01 X133.8500Y68.6521
G01 X125.4990Y60.3010
G01 X125.4461Y60.2430
G01 X125.3956Y60.1756
G01 X125.3482Y60.0963
G01 X125.3129Y60.0207
G01 X125.2881Y59.9514
G01 X125.2655Y59.8610
G01 X125.2547Y59.7882
G01 X125.2501Y59.7049
G01 X125.2547Y59.6118
G01 X125.2657Y59.5374
G01 X125.2853Y59.4580
G01 X125.3167Y59.3702
G01 X125.3482Y59.3037
G01 X125.3900Y59.2330
G01 X125.3900Y58.6169
G01 X125.3156Y58.5350
G01 X125.2451Y58.4407
G01 X125.1795Y58.3313
G01 X125.1296Y58.2246
G01 X125.0932Y58.1230
G01 X125.0622Y57.9993
G01 X125.0454Y57.8827
G01 X125.0400Y57.7700
G01 X125.0400Y56.5000
G01 X125.0456Y56.3873
G00 Z3.0000
G00 X124.9601Y56.0183
G01 Z-0.1600
G01 X124.9799Y56.0183
G01 X124.9700Y56.0461
G01 X124.9601Y56.0183
G00 Z3.0000
G00 X127.5001Y56.0183
G01 Z-0.1600
G01 X127.5199Y56.0183
G01 X127.5100Y56.0461
G01 X127.5001Y56.0183
G00 Z3.0000
G00 X127.5856Y56.3873
G01 Z-0.1600
G01 X127.5864Y56.3775
G01 X127.6041Y56.2611
G01 X127.6332Y56.1470
G01 X127.6696Y56.0454
G01 X127.7241Y55.9301
G01 X127.7851Y55.8293
G01 X127.8494Y55.7426
G01 X127.9350Y55.6481
G01 X128.0226Y55.5694
G01 X128.1100Y55.5046
G01 X128.2187Y55.4395
G01 X128.3254Y55.3896
G01 X128.4270Y55.3532
G01 X128.5507Y55.3222
G01 X128.6575Y55.3064
G01 X128.7751Y55.3001
G01 X128.9025Y55.3064
G01 X129.0109Y55.3225
G01 X129.1236Y55.3504
G01 X129.2437Y55.3933
G01 X129.3499Y55.4441
G01 X129.4425Y55.4996
G01 X129.5450Y55.5756
G01 X129.6250Y55.6481
G01 X129.7044Y55.7350
G01 X129.7804Y55.8375
G01 X129.8405Y55.9387
G01 X129.8867Y56.0363
G01 X129.9296Y56.1564
G01 X129.9559Y56.2611
G01 X129.9736Y56.3775
G01 X129.9800Y56.5000
G01 X129.9800Y57.7700
G01 X129.9746Y57.8827
G01 X129.9575Y58.0009
G01 X129.9296Y58.1136
G01 X129.8904Y58.2246
G01 X129.8405Y58.3313
G01 X129.7804Y58.4325
G01 X129.7106Y58.5274
G01 X129.6319Y58.6150
G01 X129.5450Y58.6944
G01 X129.4500Y58.7654
G01 X129.3499Y58.8259
G01 X129.2437Y58.8767
G01 X129.1330Y58.9168
G01 X129.0189Y58.9459
G01 X128.9025Y58.9636
G01 X128.7849Y58.9699
G01 X128.6673Y58.9646
G01 X128.5491Y58.9475
G01 X128.4364Y58.9196
G01 X128.3254Y58.8804
G01 X128.2187Y58.8305
G01 X128.1175Y58.7704
G01 X128.0226Y58.7006
G01 X127.9350Y58.6219
G01 X127.8556Y58.5350
G01 X127.7796Y58.4325
G01 X127.7195Y58.3313
G01 X127.6733Y58.2337
G01 X127.6304Y58.1136
G01 X127.6022Y57.9993
G01 X127.5864Y57.8925
G01 X127.5800Y57.7700
G01 X127.5800Y56.5000
G01 X127.5856Y56.3873
G00 Z3.0000
G00 X127.5199Y58.2517
G01 Z-0.1600
G01 X127.5001Y58.2517
G01 X127.5100Y58.2239
G01 X127.5199Y58.2517
G00 Z3.0000
G00 X130.0599Y58.2517
G01 Z-0.1600
G01 X130.0401Y58.2517
G01 X130.0500Y58.2239
G01 X130.0599Y58.2517
G00 Z3.0000
G00 X130.1256Y56.3873
G01 Z-0.1600
G01 X130.1264Y56.3775
G01 X130.1441Y56.2611
G01 X130.1732Y56.1470
G01 X130.2096Y56.0454
G01 X130.2641Y55.9301
G01 X130.3251Y55.8293
G01 X130.3894Y55.7426
G01 X130.4750Y55.6481
G01 X130.5626Y55.5694
G01 X130.6500Y55.5046
G01 X130.7587Y55.4395
G01 X130.8654Y55.3896
G01 X130.9670Y55.3532
G01 X131.0907Y55.3222
G01 X131.1975Y55.3064
G01 X131.3151Y55.3001
G01 X131.4425Y55.3064
G01 X131.5509Y55.3225
G01 X131.6636Y55.3504
G01 X131.7837Y55.3933
G01 X131.8899Y55.4441
G01 X131.9825Y55.4996
G01 X132.0850Y55.5756
G01 X132.1650Y55.6481
G01 X132.2444Y55.7350
G01 X132.3204Y55.8375
G01 X132.3805Y55.9387
G01 X132.4267Y56.0363
G01 X132.4696Y56.1564
G01 X132.4959Y56.2611
G01 X132.5136Y56.3775
G01 X132.5200Y56.5000
G01 X132.5200Y57.7700
G01 X132.5146Y57.8827
G01 X132.4975Y58.0009
G01 X132.4696Y58.1136
G01 X132.4304Y58.2246
G01 X132.3805Y58.3313
G01 X132.3204Y58.4325
G01 X132.2506Y58.5274
G01 X132.1719Y58.6150
G01 X132.0850Y58.6944
G01 X131.9900Y58.7654
G01 X131.8899Y58.8259
G01 X131.7837Y58.8767
G01 X131.6730Y58.9168
G01 X131.5589Y58.9459
G01 X131.4425Y58.9636
G01 X131.3249Y58.9699
G01 X131.2073Y58.9646
G01 X131.0891Y58.9475
G01 X130.9764Y58.9196
G01 X130.8654Y58.8804
G01 X130.7587Y58.8305
G01 X130.6575Y58.7704
G01 X130.5626Y58.7006
G01 X130.4750Y58.6219
G01 X130.3956Y58.5350
G01 X130.3196Y58.4325
G01 X130.2595Y58.3313
G01 X130.2133Y58.2337
G01 X130.1704Y58.1136
G01 X130.1422Y57.9993
G01 X130.1264Y57.8925
G01 X130.1200Y57.7700
G01 X130.1200Y56.5000
G01 X130.1256Y56.3873
G00 Z3.0000
G00 X130.0401Y56.0183
G01 Z-0.1600
G01 X130.0599Y56.0183
G01 X130.0500Y56.0461
G01 X130.0401Y56.0183
G00 Z3.0000
G00 X132.5801Y56.0183
G01 Z-0.1600
G01 X132.5999Y56.0183
G01 X132.5900Y56.0461
G01 X132.5801Y56.0183
G00 Z3.0000
G00 X132.6656Y56.3873
G01 Z-0.1600
G01 X132.6664Y56.3775
G01 X132.6841Y56.2611
G01 X132.7132Y56.1470
G01 X132.7496Y56.0454
G01 X132.8041Y55.9301
G01 X132.8651Y55.8293
G01 X132.9294Y55.7426
G01 X133.0150Y55.6481
G01 X133.1026Y55.5694
G01 X133.1900Y55.5046
G01 X133.2987Y55.4395
G01 X133.4054Y55.3896
G01 X133.5070Y55.3532
G01 X133.6307Y55.3222
G01 X133.7375Y55.3064
G01 X133.8551Y55.3001
G01 X133.9825Y55.3064
G01 X134.0905Y55.3224
G01 X134.2036Y55.3504
G01 X134.3237Y55.3933
G01 X134.4299Y55.4441
G01 X134.5225Y55.4996
G01 X134.6250Y55.5756
G01 X134.7050Y55.6481
G01 X134.7844Y55.7350
G01 X134.8604Y55.8375
G01 X134.9205Y55.9387
G01 X134.9667Y56.0363
G01 X135.0096Y56.1564
G01 X135.0359Y56.2611
G01 X135.0536Y56.3775
G01 X135.0600Y56.5000
G01 X135.0600Y57.7700
G01 X135.0546Y57.8827
G01 X135.0375Y58.0009
G01 X135.0096Y58.1136
G01 X134.9704Y58.2246
G01 X134.9205Y58.3313
G01 X134.8604Y58.4325
G01 X134.7906Y58.5274
G01 X134.7119Y58.6150
G01 X134.6250Y58.6944
G01 X134.5300Y58.7654
G01 X134.4299Y58.8259
G01 X134.3237Y58.8767
G01 X134.2130Y58.9168
G01 X134.0989Y58.9459
G01 X133.9825Y58.9636
G01 X133.8649Y58.9699
G01 X133.7473Y58.9646
G01 X133.6295Y58.9476
G01 X133.5164Y58.9196
G01 X133.4054Y58.8804
G01 X133.2987Y58.8305
G01 X133.1975Y58.7704
G01 X133.1026Y58.7006
G01 X133.0150Y58.6219
G01 X132.9356Y58.5350
G01 X132.8596Y58.4325
G01 X132.7995Y58.3313
G01 X132.7533Y58.2337
G01 X132.7104Y58.1136
G01 X132.6822Y57.9993
G01 X132.6664Y57.8925
G01 X132.6600Y57.7700
G01 X132.6600Y56.5000
G01 X132.6656Y56.3873
G00 Z3.0000
G00 X132.5999Y58.2517
G01 Z-0.1600
G01 X132.5801Y58.2517
G01 X132.5900Y58.2239
G01 X132.5999Y58.2517
G00 Z3.0000
G00 X135.1399Y58.2517
G01 Z-0.1600
G01 X135.1201Y58.2517
G01 X135.1300Y58.2239
G01 X135.1399Y58.2517
G00 Z3.0000
G00 X135.2056Y56.3873
G01 Z-0.1600
G01 X135.2064Y56.3775
G01 X135.2241Y56.2611
G01 X135.2532Y56.1470
G01 X135.2896Y56.0454
G01 X135.3441Y55.9301
G01 X135.4051Y55.8293
G01 X135.4694Y55.7426
G01 X135.5550Y55.6481
G01 X135.6426Y55.5694
G01 X135.7300Y55.5046
G01 X135.8387Y55.4395
G01 X135.9454Y55.3896
G01 X136.0470Y55.3532
G01 X136.1707Y55.3222
G01 X136.2775Y55.3064
G01 X136.3951Y55.3001
G01 X136.5225Y55.3064
G01 X136.6305Y55.3224
G01 X136.7436Y55.3504
G01 X136.8637Y55.3933
G01 X136.9699Y55.4441
G01 X137.0625Y55.4996
G01 X137.1650Y55.5756
G01 X137.2450Y55.6481
G01 X137.3244Y55.7350
G01 X137.4004Y55.8375
G01 X137.4605Y55.9387
G01 X137.5067Y56.0363
G01 X137.5496Y56.1564
G01 X137.5759Y56.2611
G01 X137.5936Y56.3775
G01 X137.6000Y56.5000
G01 X137.6000Y57.7700
G01 X137.5946Y57.8827
G01 X137.5775Y58.0009
G01 X137.5496Y58.1136
G01 X137.5104Y58.2246
G01 X137.4605Y58.3313
G01 X137.4004Y58.4325
G01 X137.3306Y58.5274
G01 X137.2519Y58.6150
G01 X137.1650Y58.6944
G01 X137.0700Y58.7654
G01 X136.9699Y58.8259
G01 X136.8637Y58.8767
G01 X136.7530Y58.9168
G01 X136.6389Y58.9459
G01 X136.5225Y58.9636
G01 X136.4049Y58.9699
G01 X136.2873Y58.9646
G01 X136.1695Y58.9476
G01 X136.0564Y58.9196
G01 X135.9454Y58.8804
G01 X135.8387Y58.8305
G01 X135.7375Y58.7704
G01 X135.6426Y58.7006
G01 X135.5550Y58.6219
G01 X135.4756Y58.5350
G01 X135.3996Y58.4325
G01 X135.3395Y58.3313
G01 X135.2933Y58.2337
G01 X135.2504Y58.1136
G01 X135.2222Y57.9993
G01 X135.2064Y57.8925
G01 X135.2000Y57.7700
G01 X135.2000Y56.5000
G01 X135.2056Y56.3873
G00 Z3.0000
G00 X135.1201Y56.0183
G01 Z-0.1600
G01 X135.1399Y56.0183
G01 X135.1300Y56.0461
G01 X135.1201Y56.0183
G00 Z3.0000
G00 X137.6601Y56.0183
G01 Z-0.1600
G01 X137.6799Y56.0183
G01 X137.6700Y56.0461
G01 X137.6601Y56.0183
G00 Z3.0000
G00 X137.7456Y56.3873
G01 Z-0.1600
G01 X137.7464Y56.3775
G01 X137.7641Y56.2611
G01 X137.7932Y56.1470
G01 X137.8296Y56.0454
G01 X137.8841Y55.9301
G01 X137.9451Y55.8293
G01 X138.0094Y55.7426
G01 X138.0950Y55.6481
G01 X138.1826Y55.5694
G01 X138.2700Y55.5046
G01 X138.3787Y55.4395
G01 X138.4854Y55.3896
G01 X138.5870Y55.3532
G01 X138.7107Y55.3222
G01 X138.8175Y55.3064
G01 X138.9351Y55.3001
G01 X139.0625Y55.3064
G01 X139.1705Y55.3224
G01 X139.2836Y55.3504
G01 X139.4037Y55.3933
G01 X139.5099Y55.4441
G01 X139.6025Y55.4996
G01 X139.7050Y55.5756
G01 X139.7850Y55.6481
G01 X139.8644Y55.7350
G01 X139.9404Y55.8375
G01 X140.0005Y55.9387
G01 X140.0467Y56.0363
G01 X140.0896Y56.1564
G01 X140.1159Y56.2611
G01 X140.1336Y56.3775
G01 X140.1400Y56.5000
G01 X140.1400Y57.7700
G01 X140.1346Y57.8827
G01 X140.1175Y58.0009
G01 X140.0896Y58.1136
G01 X140.0504Y58.2246
G01 X140.0005Y58.3313
G01 X139.9404Y58.4325
G01 X139.8706Y58.5274
G01 X139.7919Y58.6150
G01 X139.7050Y58.6944
G01 X139.6100Y58.7654
G01 X139.5099Y58.8259
G01 X139.4037Y58.8767
G01 X139.2930Y58.9168
G01 X139.1789Y58.9459
G01 X139.0625Y58.9636
G01 X138.9449Y58.9699
G01 X138.8273Y58.9646
G01 X138.7095Y58.9476
G01 X138.5964Y58.9196
G01 X138.4854Y58.8804
G01 X138.3787Y58.8305
G01 X138.2775Y58.7704
G01 X138.1826Y58.7006
G01 X138.0950Y58.6219
G01 X138.0156Y58.5350
G01 X137.9396Y58.4325
G01 X137.8795Y58.3313
G01 X137.8333Y58.2337
G01 X137.7904Y58.1136
G01 X137.7622Y57.9993
G01 X137.7464Y57.8925
G01 X137.7400Y57.7700
G01 X137.7400Y56.5000
G01 X137.7456Y56.3873
G00 Z3.0000
G00 X137.6799Y58.2517
G01 Z-0.1600
G01 X137.6601Y58.2517
G01 X137.6700Y58.2239
G01 X137.6799Y58.2517
G00 Z3.0000
G00 X140.2199Y58.2517
G01 Z-0.1600
G01 X140.2001Y58.2517
G01 X140.2100Y58.2239
G01 X140.2199Y58.2517
G00 Z3.0000
G00 X140.2856Y56.3873
G01 Z-0.1600
G01 X140.2864Y56.3775
G01 X140.3041Y56.2611
G01 X140.3332Y56.1470
G01 X140.3696Y56.0454
G01 X140.4241Y55.9301
G01 X140.4851Y55.8293
G01 X140.5494Y55.7426
G01 X140.6350Y55.6481
G01 X140.7226Y55.5694
G01 X140.8100Y55.5046
G01 X140.9187Y55.4395
G01 X141.0254Y55.3896
G01 X141.1270Y55.3532
G01 X141.2507Y55.3222
G01 X141.3575Y55.3064
G01 X141.4751Y55.3001
G01 X141.6025Y55.3064
G01 X141.7105Y55.3224
G01 X141.8236Y55.3504
G01 X141.9437Y55.3933
G01 X142.0499Y55.4441
G01 X142.1425Y55.4996
G01 X142.2450Y55.5756
G01 X142.3250Y55.6481
G01 X142.4044Y55.7350
G01 X142.4804Y55.8375
G01 X142.5405Y55.9387
G01 X142.5867Y56.0363
G01 X142.6296Y56.1564
G01 X142.6559Y56.2611
G01 X142.6736Y56.3775
G01 X142.6800Y56.5000
G01 X142.6800Y57.7700
G01 X142.6746Y57.8827
G01 X142.6575Y58.0009
G01 X142.6296Y58.1136
G01 X142.5904Y58.2246
G01 X142.5405Y58.3313
G01 X142.4804Y58.4325
G01 X142.4106Y58.5274
G01 X142.3319Y58.6150
G01 X142.2450Y58.6944
G01 X142.1500Y58.7654
G01 X142.0499Y58.8259
G01 X141.9437Y58.8767
G01 X141.8330Y58.9168
G01 X141.7189Y58.9459
G01 X141.6025Y58.9636
G01 X141.4849Y58.9699
G01 X141.3673Y58.9646
G01 X141.2495Y58.9476
G01 X141.1364Y58.9196
G01 X141.0254Y58.8804
G01 X140.9187Y58.8305
G01 X140.8175Y58.7704
G01 X140.7226Y58.7006
G01 X140.6350Y58.6219
G01 X140.5556Y58.5350
G01 X140.4796Y58.4325
G01 X140.4195Y58.3313
G01 X140.3733Y58.2337
G01 X140.3304Y58.1136
G01 X140.3022Y57.9993
G01 X140.2864Y57.8925
G01 X140.2800Y57.7700
G01 X140.2800Y56.5000
G01 X140.2856Y56.3873
G00 Z3.0000
G00 X140.2001Y56.0183
G01 Z-0.1600
G01 X140.2199Y56.0183
G01 X140.2100Y56.0461
G01 X140.2001Y56.0183
G00 Z3.0000
G00 X142.7401Y56.0183
G01 Z-0.1600
G01 X142.7599Y56.0183
G01 X142.7500Y56.0461
G01 X142.7401Y56.0183
G00 Z3.0000
G00 X142.8256Y56.3873
G01 Z-0.1600
G01 X142.8264Y56.3775
G01 X142.8441Y56.2611
G01 X142.8732Y56.1470
G01 X142.9096Y56.0454
G01 X142.9641Y55.9301
G01 X143.0251Y55.8293
G01 X143.0894Y55.7426
G01 X143.1750Y55.6481
G01 X143.2626Y55.5694
G01 X143.3500Y55.5046
G01 X143.4587Y55.4395
G01 X143.5654Y55.3896
G01 X143.6670Y55.3532
G01 X143.7907Y55.3222
G01 X143.8975Y55.3064
G01 X144.0151Y55.3001
G01 X144.1425Y55.3064
G01 X144.2509Y55.3225
G01 X144.3636Y55.3504
G01 X144.4837Y55.3933
G01 X144.5899Y55.4441
G01 X144.6825Y55.4996
G01 X144.7850Y55.5756
G01 X144.8650Y55.6481
G01 X144.9444Y55.7350
G01 X145.0204Y55.8375
G01 X145.0805Y55.9387
G01 X145.1267Y56.0363
G01 X145.1696Y56.1564
G01 X145.1959Y56.2611
G01 X145.2136Y56.3775
G01 X145.2200Y56.5000
G01 X145.2200Y57.7700
G01 X145.2146Y57.8827
G01 X145.1975Y58.0009
G01 X145.1696Y58.1136
G01 X145.1304Y58.2246
G01 X145.0805Y58.3313
G01 X145.0204Y58.4325
G01 X144.9506Y58.5274
G01 X144.8719Y58.6150
G01 X144.7850Y58.6944
G01 X144.6900Y58.7654
G01 X144.5899Y58.8259
G01 X144.4837Y58.8767
G01 X144.3730Y58.9168
G01 X144.2589Y58.9459
G01 X144.1425Y58.9636
G01 X144.0249Y58.9699
G01 X143.9073Y58.9646
G01 X143.7895Y58.9476
G01 X143.6764Y58.9196
G01 X143.5654Y58.8804
G01 X143.4587Y58.8305
G01 X143.3575Y58.7704
G01 X143.2626Y58.7006
G01 X143.1750Y58.6219
G01 X143.0956Y58.5350
G01 X143.0196Y58.4325
G01 X142.9595Y58.3313
G01 X142.9133Y58.2337
G01 X142.8704Y58.1136
G01 X142.8422Y57.9993
G01 X142.8264Y57.8925
G01 X142.8200Y57.7700
G01 X142.8200Y56.5000
G01 X142.8256Y56.3873
G00 Z3.0000
G00 X142.7599Y58.2517
G01 Z-0.1600
G01 X142.7401Y58.2517
G01 X142.7500Y58.2239
G01 X142.7599Y58.2517
G00 Z3.0000
G00 X142.7599Y41.7417
G01 Z-0.1600
G01 X142.7401Y41.7417
G01 X142.7500Y41.7139
G01 X142.7599Y41.7417
G00 Z3.0000
G00 X142.8256Y39.8773
G01 Z-0.1600
G01 X142.8264Y39.8675
G01 X142.8441Y39.7511
G01 X142.8732Y39.6370
G01 X142.9096Y39.5354
G01 X142.9641Y39.4201
G01 X143.0251Y39.3193
G01 X143.0894Y39.2326
G01 X143.1750Y39.1381
G01 X143.2626Y39.0594
G01 X143.3500Y38.9946
G01 X143.4587Y38.9295
G01 X143.5654Y38.8796
G01 X143.6670Y38.8432
G01 X143.7907Y38.8122
G01 X143.8975Y38.7964
G01 X144.0151Y38.7901
G01 X144.1425Y38.7964
G01 X144.2509Y38.8125
G01 X144.3636Y38.8404
G01 X144.4837Y38.8833
G01 X144.5899Y38.9341
G01 X144.6825Y38.9896
G01 X144.7850Y39.0656
G01 X144.8650Y39.1381
G01 X144.9444Y39.2250
G01 X145.0204Y39.3275
G01 X145.0805Y39.4287
G01 X145.1267Y39.5263
G01 X145.1696Y39.6464
G01 X145.1959Y39.7511
G01 X145.2136Y39.8675
G01 X145.2200Y39.9900
G01 X145.2200Y41.2600
G01 X145.2146Y41.3727
G01 X145.1975Y41.4909
G01 X145.1696Y41.6036
G01 X145.1304Y41.7146
G01 X145.0805Y41.8213
G01 X145.0204Y41.9225
G01 X144.9506Y42.0174
G01 X144.8719Y42.1050
G01 X144.7850Y42.1844
G01 X144.6900Y42.2554
G01 X144.5899Y42.3159
G01 X144.4837Y42.3667
G01 X144.3730Y42.4068
G01 X144.2589Y42.4359
G01 X144.1425Y42.4536
G01 X144.0249Y42.4599
G01 X143.9073Y42.4546
G01 X143.7895Y42.4376
G01 X143.6764Y42.4096
G01 X143.5654Y42.3704
G01 X143.4587Y42.3205
G01 X143.3575Y42.2604
G01 X143.2626Y42.1906
G01 X143.1750Y42.1119
G01 X143.0956Y42.0250
G01 X143.0196Y41.9225
G01 X142.9595Y41.8213
G01 X142.9133Y41.7237
G01 X142.8704Y41.6036
G01 X142.8422Y41.4893
G01 X142.8264Y41.3825
G01 X142.8200Y41.2600
G01 X142.8200Y39.9900
G01 X142.8256Y39.8773
G00 Z3.0000
G00 X142.7401Y39.5083
G01 Z-0.1600
G01 X142.7599Y39.5083
G01 X142.7500Y39.5361
G01 X142.7401Y39.5083
G00 Z3.0000
G00 X140.2856Y39.8773
G01 Z-0.1600
G01 X140.2864Y39.8675
G01 X140.3041Y39.7511
G01 X140.3332Y39.6370
G01 X140.3696Y39.5354
G01 X140.4241Y39.4201
G01 X140.4851Y39.3193
G01 X140.5494Y39.2326
G01 X140.6350Y39.1381
G01 X140.7226Y39.0594
G01 X140.8100Y38.9946
G01 X140.9187Y38.9295
G01 X141.0254Y38.8796
G01 X141.1270Y38.8432
G01 X141.2507Y38.8122
G01 X141.3575Y38.7964
G01 X141.4751Y38.7901
G01 X141.6025Y38.7964
G01 X141.7105Y38.8124
G01 X141.8236Y38.8404
G01 X141.9437Y38.8833
G01 X142.0499Y38.9341
G01 X142.1425Y38.9896
G01 X142.2450Y39.0656
G01 X142.3250Y39.1381
G01 X142.4044Y39.2250
G01 X142.4804Y39.3275
G01 X142.5405Y39.4287
G01 X142.5867Y39.5263
G01 X142.6296Y39.6464
G01 X142.6559Y39.7511
G01 X142.6736Y39.8675
G01 X142.6800Y39.9900
G01 X142.6800Y41.2600
G01 X142.6746Y41.3727
G01 X142.6575Y41.4909
G01 X142.6296Y41.6036
G01 X142.5904Y41.7146
G01 X142.5405Y41.8213
G01 X142.4804Y41.9225
G01 X142.4106Y42.0174
G01 X142.3319Y42.1050
G01 X142.2450Y42.1844
G01 X142.1500Y42.2554
G01 X142.0499Y42.3159
G01 X141.9437Y42.3667
G01 X141.8330Y42.4068
G01 X141.7189Y42.4359
G01 X141.6025Y42.4536
G01 X141.4849Y42.4599
G01 X141.3673Y42.4546
G01 X141.2495Y42.4376
G01 X141.1364Y42.4096
G01 X141.0254Y42.3704
G01 X140.9187Y42.3205
G01 X140.8175Y42.2604
G01 X140.7226Y42.1906
G01 X140.6350Y42.1119
G01 X140.5556Y42.0250
G01 X140.4796Y41.9225
G01 X140.4195Y41.8213
G01 X140.3733Y41.7237
G01 X140.3304Y41.6036
G01 X140.3022Y41.4893
G01 X140.2864Y41.3825
G01 X140.2800Y41.2600
G01 X140.2800Y39.9900
G01 X140.2856Y39.8773
G00 Z3.0000
G00 X140.2001Y39.5083
G01 Z-0.1600
G01 X140.2199Y39.5083
G01 X140.2100Y39.5361
G01 X140.2001Y39.5083
G00 Z3.0000
G00 X140.2199Y41.7417
G01 Z-0.1600
G01 X140.2001Y41.7417
G01 X140.2100Y41.7139
G01 X140.2199Y41.7417
G00 Z3.0000
G00 X137.6799Y41.7417
G01 Z-0.1600
G01 X137.6601Y41.7417
G01 X137.6700Y41.7139
G01 X137.6799Y41.7417
G00 Z3.0000
G00 X137.7456Y39.8773
G01 Z-0.1600
G01 X137.7464Y39.8675
G01 X137.7641Y39.7511
G01 X137.7932Y39.6370
G01 X137.8296Y39.5354
G01 X137.8841Y39.4201
G01 X137.9451Y39.3193
G01 X138.0094Y39.2326
G01 X138.0950Y39.1381
G01 X138.1826Y39.0594
G01 X138.2700Y38.9946
G01 X138.3787Y38.9295
G01 X138.4854Y38.8796
G01 X138.5870Y38.8432
G01 X138.7107Y38.8122
G01 X138.8175Y38.7964
G01 X138.9351Y38.7901
G01 X139.0625Y38.7964
G01 X139.1705Y38.8124
G01 X139.2836Y38.8404
G01 X139.4037Y38.8833
G01 X139.5099Y38.9341
G01 X139.6025Y38.9896
G01 X139.7050Y39.0656
G01 X139.7850Y39.1381
G01 X139.8644Y39.2250
G01 X139.9404Y39.3275
G01 X140.0005Y39.4287
G01 X140.0467Y39.5263
G01 X140.0896Y39.6464
G01 X140.1159Y39.7511
G01 X140.1336Y39.8675
G01 X140.1400Y39.9900
G01 X140.1400Y41.2600
G01 X140.1346Y41.3727
G01 X140.1175Y41.4909
G01 X140.0896Y41.6036
G01 X140.0504Y41.7146
G01 X140.0005Y41.8213
G01 X139.9404Y41.9225
G01 X139.8706Y42.0174
G01 X139.7919Y42.1050
G01 X139.7050Y42.1844
G01 X139.6100Y42.2554
G01 X139.5099Y42.3159
G01 X139.4037Y42.3667
G01 X139.2930Y42.4068
G01 X139.1789Y42.4359
G01 X139.0625Y42.4536
G01 X138.9449Y42.4599
G01 X138.8273Y42.4546
G01 X138.7095Y42.4376
G01 X138.5964Y42.4096
G01 X138.4854Y42.3704
G01 X138.3787Y42.3205
G01 X138.2775Y42.2604
G01 X138.1826Y42.1906
G01 X138.0950Y42.1119
G01 X138.0156Y42.0250
G01 X137.9396Y41.9225
G01 X137.8795Y41.8213
G01 X137.8333Y41.7237
G01 X137.7904Y41.6036
G01 X137.7622Y41.4893
G01 X137.7464Y41.3825
G01 X137.7400Y41.2600
G01 X137.7400Y39.9900
G01 X137.7456Y39.8773
G00 Z3.0000
G00 X137.6601Y39.5083
G01 Z-0.1600
G01 X137.6799Y39.5083
G01 X137.6700Y39.5361
G01 X137.6601Y39.5083
G00 Z3.0000
G00 X135.2056Y39.8773
G01 Z-0.1600
G01 X135.2064Y39.8675
G01 X135.2241Y39.7511
G01 X135.2532Y39.6370
G01 X135.2896Y39.5354
G01 X135.3441Y39.4201
G01 X135.4051Y39.3193
G01 X135.4694Y39.2326
G01 X135.5550Y39.1381
G01 X135.6426Y39.0594
G01 X135.7300Y38.9946
G01 X135.8387Y38.9295
G01 X135.9454Y38.8796
G01 X136.0470Y38.8432
G01 X136.1707Y38.8122
G01 X136.2775Y38.7964
G01 X136.3951Y38.7901
G01 X136.5225Y38.7964
G01 X136.6305Y38.8124
G01 X136.7436Y38.8404
G01 X136.8637Y38.8833
G01 X136.9699Y38.9341
G01 X137.0625Y38.9896
G01 X137.1650Y39.0656
G01 X137.2450Y39.1381
G01 X137.3244Y39.2250
G01 X137.4004Y39.3275
G01 X137.4605Y39.4287
G01 X137.5067Y39.5263
G01 X137.5496Y39.6464
G01 X137.5759Y39.7511
G01 X137.5936Y39.8675
G01 X137.6000Y39.9900
G01 X137.6000Y41.2600
G01 X137.5946Y41.3727
G01 X137.5775Y41.4909
G01 X137.5496Y41.6036
G01 X137.5104Y41.7146
G01 X137.4605Y41.8213
G01 X137.4004Y41.9225
G01 X137.3306Y42.0174
G01 X137.2519Y42.1050
G01 X137.1650Y42.1844
G01 X137.0700Y42.2554
G01 X136.9699Y42.3159
G01 X136.8637Y42.3667
G01 X136.7530Y42.4068
G01 X136.6389Y42.4359
G01 X136.5225Y42.4536
G01 X136.4049Y42.4599
G01 X136.2873Y42.4546
G01 X136.1695Y42.4376
G01 X136.0564Y42.4096
G01 X135.9454Y42.3704
G01 X135.8387Y42.3205
G01 X135.7375Y42.2604
G01 X135.6426Y42.1906
G01 X135.5550Y42.1119
G01 X135.4756Y42.0250
G01 X135.3996Y41.9225
G01 X135.3395Y41.8213
G01 X135.2933Y41.7237
G01 X135.2504Y41.6036
G01 X135.2222Y41.4893
G01 X135.2064Y41.3825
G01 X135.2000Y41.2600
G01 X135.2000Y39.9900
G01 X135.2056Y39.8773
G00 Z3.0000
G00 X135.1201Y39.5083
G01 Z-0.1600
G01 X135.1399Y39.5083
G01 X135.1300Y39.5361
G01 X135.1201Y39.5083
G00 Z3.0000
G00 X135.1399Y41.7417
G01 Z-0.1600
G01 X135.1201Y41.7417
G01 X135.1300Y41.7139
G01 X135.1399Y41.7417
G00 Z3.0000
G00 X132.5999Y41.7417
G01 Z-0.1600
G01 X132.5801Y41.7417
G01 X132.5900Y41.7139
G01 X132.5999Y41.7417
G00 Z3.0000
G00 X132.6656Y39.8773
G01 Z-0.1600
G01 X132.6664Y39.8675
G01 X132.6841Y39.7511
G01 X132.7132Y39.6370
G01 X132.7496Y39.5354
G01 X132.8041Y39.4201
G01 X132.8651Y39.3193
G01 X132.9294Y39.2326
G01 X133.0150Y39.1381
G01 X133.1026Y39.0594
G01 X133.1900Y38.9946
G01 X133.2987Y38.9295
G01 X133.4054Y38.8796
G01 X133.5070Y38.8432
G01 X133.6307Y38.8122
G01 X133.7375Y38.7964
G01 X133.8551Y38.7901
G01 X133.9825Y38.7964
G01 X134.0905Y38.8124
G01 X134.2036Y38.8404
G01 X134.3237Y38.8833
G01 X134.4299Y38.9341
G01 X134.5225Y38.9896
G01 X134.6250Y39.0656
G01 X134.7050Y39.1381
G01 X134.7844Y39.2250
G01 X134.8604Y39.3275
G01 X134.9205Y39.4287
G01 X134.9667Y39.5263
G01 X135.0096Y39.6464
G01 X135.0359Y39.7511
G01 X135.0536Y39.8675
G01 X135.0600Y39.9900
G01 X135.0600Y41.2600
G01 X135.0546Y41.3727
G01 X135.0375Y41.4909
G01 X135.0096Y41.6036
G01 X134.9704Y41.7146
G01 X134.9205Y41.8213
G01 X134.8604Y41.9225
G01 X134.7906Y42.0174
G01 X134.7119Y42.1050
G01 X134.6250Y42.1844
G01 X134.5300Y42.2554
G01 X134.4299Y42.3159
G01 X134.3237Y42.3667
G01 X134.2130Y42.4068
G01 X134.0989Y42.4359
G01 X133.9825Y42.4536
G01 X133.8649Y42.4599
G01 X133.7473Y42.4546
G01 X133.6295Y42.4376
G01 X133.5164Y42.4096
G01 X133.4054Y42.3704
G01 X133.2987Y42.3205
G01 X133.1975Y42.2604
G01 X133.1026Y42.1906
G01 X133.0150Y42.1119
G01 X132.9356Y42.0250
G01 X132.8596Y41.9225
G01 X132.7995Y41.8213
G01 X132.7533Y41.7237
G01 X132.7104Y41.6036
G01 X132.6822Y41.4893
G01 X132.6664Y41.3825
G01 X132.6600Y41.2600
G01 X132.6600Y39.9900
G01 X132.6656Y39.8773
G00 Z3.0000
G00 X132.5801Y39.5083
G01 Z-0.1600
G01 X132.5999Y39.5083
G01 X132.5900Y39.5361
G01 X132.5801Y39.5083
G00 Z3.0000
G00 X130.1256Y39.8773
G01 Z-0.1600
G01 X130.1264Y39.8675
G01 X130.1441Y39.7511
G01 X130.1732Y39.6370
G01 X130.2096Y39.5354
G01 X130.2641Y39.4201
G01 X130.3251Y39.3193
G01 X130.3894Y39.2326
G01 X130.4750Y39.1381
G01 X130.5626Y39.0594
G01 X130.6500Y38.9946
G01 X130.7587Y38.9295
G01 X130.8654Y38.8796
G01 X130.9670Y38.8432
G01 X131.0907Y38.8122
G01 X131.1975Y38.7964
G01 X131.3151Y38.7901
G01 X131.4425Y38.7964
G01 X131.5509Y38.8125
G01 X131.6636Y38.8404
G01 X131.7837Y38.8833
G01 X131.8899Y38.9341
G01 X131.9825Y38.9896
G01 X132.0850Y39.0656
G01 X132.1650Y39.1381
G01 X132.2444Y39.2250
G01 X132.3204Y39.3275
G01 X132.3805Y39.4287
G01 X132.4267Y39.5263
G01 X132.4696Y39.6464
G01 X132.4959Y39.7511
G01 X132.5136Y39.8675
G01 X132.5200Y39.9900
G01 X132.5200Y41.2600
G01 X132.5146Y41.3727
G01 X132.4975Y41.4909
G01 X132.4696Y41.6036
G01 X132.4304Y41.7146
G01 X132.3805Y41.8213
G01 X132.3204Y41.9225
G01 X132.2506Y42.0174
G01 X132.1719Y42.1050
G01 X132.0850Y42.1844
G01 X131.9900Y42.2554
G01 X131.8899Y42.3159
G01 X131.7837Y42.3667
G01 X131.6730Y42.4068
G01 X131.5589Y42.4359
G01 X131.4425Y42.4536
G01 X131.3249Y42.4599
G01 X131.2073Y42.4546
G01 X131.0891Y42.4375
G01 X130.9764Y42.4096
G01 X130.8654Y42.3704
G01 X130.7587Y42.3205
G01 X130.6575Y42.2604
G01 X130.5626Y42.1906
G01 X130.4750Y42.1119
G01 X130.3956Y42.0250
G01 X130.3196Y41.9225
G01 X130.2595Y41.8213
G01 X130.2133Y41.7237
G01 X130.1704Y41.6036
G01 X130.1422Y41.4893
G01 X130.1264Y41.3825
G01 X130.1200Y41.2600
G01 X130.1200Y39.9900
G01 X130.1256Y39.8773
G00 Z3.0000
G00 X130.0401Y39.5083
G01 Z-0.1600
G01 X130.0599Y39.5083
G01 X130.0500Y39.5361
G01 X130.0401Y39.5083
G00 Z3.0000
G00 X130.0599Y41.7417
G01 Z-0.1600
G01 X130.0401Y41.7417
G01 X130.0500Y41.7139
G01 X130.0599Y41.7417
G00 Z3.0000
G00 X127.5199Y41.7417
G01 Z-0.1600
G01 X127.5001Y41.7417
G01 X127.5100Y41.7139
G01 X127.5199Y41.7417
G00 Z3.0000
G00 X127.5856Y39.8773
G01 Z-0.1600
G01 X127.5864Y39.8675
G01 X127.6041Y39.7511
G01 X127.6332Y39.6370
G01 X127.6696Y39.5354
G01 X127.7241Y39.4201
G01 X127.7851Y39.3193
G01 X127.8494Y39.2326
G01 X127.9350Y39.1381
G01 X128.0226Y39.0594
G01 X128.1100Y38.9946
G01 X128.2187Y38.9295
G01 X128.3254Y38.8796
G01 X128.4270Y38.8432
G01 X128.5507Y38.8122
G01 X128.6575Y38.7964
G01 X128.7751Y38.7901
G01 X128.9025Y38.7964
G01 X129.0109Y38.8125
G01 X129.1236Y38.8404
G01 X129.2437Y38.8833
G01 X129.3499Y38.9341
G01 X129.4425Y38.9896
G01 X129.5450Y39.0656
G01 X129.6250Y39.1381
G01 X129.7044Y39.2250
G01 X129.7804Y39.3275
G01 X129.8405Y39.4287
G01 X129.8867Y39.5263
G01 X129.9296Y39.6464
G01 X129.9559Y39.7511
G01 X129.9736Y39.8675
G01 X129.9800Y39.9900
G01 X129.9800Y41.2600
G01 X129.9746Y41.3727
G01 X129.9575Y41.4909
G01 X129.9296Y41.6036
G01 X129.8904Y41.7146
G01 X129.8405Y41.8213
G01 X129.7804Y41.9225
G01 X129.7106Y42.0174
G01 X129.6319Y42.1050
G01 X129.5450Y42.1844
G01 X129.4500Y42.2554
G01 X129.3499Y42.3159
G01 X129.2437Y42.3667
G01 X129.1330Y42.4068
G01 X129.0189Y42.4359
G01 X128.9025Y42.4536
G01 X128.7849Y42.4599
G01 X128.6673Y42.4546
G01 X128.5491Y42.4375
G01 X128.4364Y42.4096
G01 X128.3254Y42.3704
G01 X128.2187Y42.3205
G01 X128.1175Y42.2604
G01 X128.0226Y42.1906
G01 X127.9350Y42.1119
G01 X127.8556Y42.0250
G01 X127.7796Y41.9225
G01 X127.7195Y41.8213
G01 X127.6733Y41.7237
G01 X127.6304Y41.6036
G01 X127.6022Y41.4893
G01 X127.5864Y41.3825
G01 X127.5800Y41.2600
G01 X127.5800Y39.9900
G01 X127.5856Y39.8773
G00 Z3.0000
G00 X127.5001Y39.5083
G01 Z-0.1600
G01 X127.5199Y39.5083
G01 X127.5100Y39.5361
G01 X127.5001Y39.5083
G00 Z3.0000
G00 X125.0456Y39.8773
G01 Z-0.1600
G01 X125.0464Y39.8675
G01 X125.0641Y39.7511
G01 X125.0932Y39.6370
G01 X125.1296Y39.5354
G01 X125.1841Y39.4201
G01 X125.2451Y39.3193
G01 X125.3094Y39.2326
G01 X125.3950Y39.1381
G01 X125.4826Y39.0594
G01 X125.5700Y38.9946
G01 X125.6787Y38.9295
G01 X125.7854Y38.8796
G01 X125.8870Y38.8432
G01 X126.0107Y38.8122
G01 X126.1175Y38.7964
G01 X126.2351Y38.7901
G01 X126.3625Y38.7964
G01 X126.4709Y38.8125
G01 X126.5836Y38.8404
G01 X126.7037Y38.8833
G01 X126.8099Y38.9341
G01 X126.9025Y38.9896
G01 X127.0050Y39.0656
G01 X127.0850Y39.1381
G01 X127.1644Y39.2250
G01 X127.2404Y39.3275
G01 X127.3005Y39.4287
G01 X127.3467Y39.5263
G01 X127.3896Y39.6464
G01 X127.4159Y39.7511
G01 X127.4336Y39.8675
G01 X127.4400Y39.9900
G01 X127.4400Y41.2600
G01 X127.4346Y41.3727
G01 X127.4175Y41.4909
G01 X127.3896Y41.6036
G01 X127.3504Y41.7146
G01 X127.3005Y41.8213
G01 X127.2404Y41.9225
G01 X127.1706Y42.0174
G01 X127.0919Y42.1050
G01 X127.0050Y42.1844
G01 X126.9100Y42.2554
G01 X126.8099Y42.3159
G01 X126.7037Y42.3667
G01 X126.5930Y42.4068
G01 X126.4789Y42.4359
G01 X126.3625Y42.4536
G01 X126.2449Y42.4599
G01 X126.1273Y42.4546
G01 X126.0091Y42.4375
G01 X125.8964Y42.4096
G01 X125.7854Y42.3704
G01 X125.6787Y42.3205
G01 X125.5775Y42.2604
G01 X125.4826Y42.1906
G01 X125.3950Y42.1119
G01 X125.3156Y42.0250
G01 X125.2396Y41.9225
G01 X125.1795Y41.8213
G01 X125.1333Y41.7237
G01 X125.0904Y41.6036
G01 X125.0622Y41.4893
G01 X125.0464Y41.3825
G01 X125.0400Y41.2600
G01 X125.0400Y39.9900
G01 X125.0456Y39.8773
G00 Z3.0000
G00 X124.9601Y39.5083
G01 Z-0.1600
G01 X124.9799Y39.5083
G01 X124.9700Y39.5361
G01 X124.9601Y39.5083
G00 Z3.0000
G00 X124.9799Y41.7417
G01 Z-0.1600
G01 X124.9601Y41.7417
G01 X124.9700Y41.7139
G01 X124.9799Y41.7417
G00 Z3.0000
G00 X122.4201Y39.5083
G01 Z-0.1600
G01 X122.4399Y39.5083
G01 X122.4300Y39.5361
G01 X122.4201Y39.5083
G00 Z3.0000
G00 X119.8900Y39.5361
G01 Z-0.1600
G01 X119.8801Y39.5083
G01 X119.8999Y39.5083
G01 X119.8900Y39.5361
G00 Z3.0000
G00 X117.4256Y39.8773
G01 Z-0.1600
G01 X117.4264Y39.8675
G01 X117.4441Y39.7511
G01 X117.4732Y39.6370
G01 X117.5096Y39.5354
G01 X117.5641Y39.4201
G01 X117.6251Y39.3193
G01 X117.6894Y39.2326
G01 X117.7750Y39.1381
G01 X117.8626Y39.0594
G01 X117.9500Y38.9946
G01 X118.0587Y38.9295
G01 X118.1654Y38.8796
G01 X118.2670Y38.8432
G01 X118.3907Y38.8122
G01 X118.4975Y38.7964
G01 X118.6151Y38.7901
G01 X118.7425Y38.7964
G01 X118.8509Y38.8125
G01 X118.9636Y38.8404
G01 X119.0837Y38.8833
G01 X119.1899Y38.9341
G01 X119.2825Y38.9896
G01 X119.3850Y39.0656
G01 X119.4650Y39.1381
G01 X119.5444Y39.2250
G01 X119.6204Y39.3275
G01 X119.6805Y39.4287
G01 X119.7267Y39.5263
G01 X119.7696Y39.6464
G01 X119.7959Y39.7511
G01 X119.8136Y39.8675
G01 X119.8200Y39.9900
G01 X119.8200Y41.2600
G01 X119.8146Y41.3727
G01 X119.7975Y41.4909
G01 X119.7696Y41.6036
G01 X119.7304Y41.7146
G01 X119.6805Y41.8213
G01 X119.6204Y41.9225
G01 X119.5506Y42.0174
G01 X119.4719Y42.1050
G01 X119.3850Y42.1844
G01 X119.2900Y42.2554
G01 X119.1899Y42.3159
G01 X119.0837Y42.3667
G01 X118.9730Y42.4068
G01 X118.8589Y42.4359
G01 X118.7425Y42.4536
G01 X118.6249Y42.4599
G01 X118.5073Y42.4546
G01 X118.3891Y42.4375
G01 X118.2764Y42.4096
G01 X118.1654Y42.3704
G01 X118.0587Y42.3205
G01 X117.9575Y42.2604
G01 X117.8626Y42.1906
G01 X117.7750Y42.1119
G01 X117.6956Y42.0250
G01 X117.6196Y41.9225
G01 X117.5595Y41.8213
G01 X117.5133Y41.7237
G01 X117.4704Y41.6036
G01 X117.4422Y41.4893
G01 X117.4264Y41.3825
G01 X117.4200Y41.2600
G01 X117.4200Y39.9900
G01 X117.4256Y39.8773
G00 Z3.0000
G00 X117.3599Y39.5083
G01 Z-0.1600
G01 X117.3500Y39.5361
G01 X117.3401Y39.5083
G01 X117.3599Y39.5083
G00 Z3.0000
G00 X117.3401Y41.7417
G01 Z-0.1600
G01 X117.3500Y41.7139
G01 X117.3599Y41.7417
G01 X117.3401Y41.7417
G00 Z3.0000
G00 X118.7094Y42.6555
G01 Z-0.1600
G01 X118.7024Y42.6339
G01 X118.6909Y42.6068
G01 X118.7401Y42.6044
G01 X118.7628Y42.6022
G01 X118.7094Y42.6555
G00 Z3.0000
G00 X118.3748Y45.2883
G01 Z-0.1600
G01 X120.9451Y42.7179
G01 X121.0021Y42.7260
G01 X118.4053Y45.3228
G01 X118.3927Y45.3081
G01 X118.3932Y45.3076
G01 X118.3748Y45.2883
G00 Z3.0000
G00 X118.3766Y45.5283
G01 Z-0.1600
G01 X118.3696Y45.5066
G01 X118.3602Y45.4840
G01 X118.3434Y45.4513
G01 X118.3247Y45.4220
G01 X118.3006Y45.3915
G01 X118.2750Y45.3651
G01 X118.2470Y45.3413
G01 X118.2167Y45.3203
G01 X118.1840Y45.3022
G01 X120.9014Y42.5848
G01 X121.0155Y42.6020
G01 X121.0399Y42.6044
G01 X121.1477Y42.6097
G01 X121.1723Y42.6097
G01 X121.2801Y42.6044
G01 X121.3028Y42.6022
G01 X118.3766Y45.5283
G00 Z3.0000
G00 X114.8856Y39.8773
G01 Z-0.1600
G01 X114.8864Y39.8675
G01 X114.9041Y39.7511
G01 X114.9332Y39.6370
G01 X114.9696Y39.5354
G01 X115.0241Y39.4201
G01 X115.0851Y39.3193
G01 X115.1494Y39.2326
G01 X115.2350Y39.1381
G01 X115.3226Y39.0594
G01 X115.4100Y38.9946
G01 X115.5187Y38.9295
G01 X115.6254Y38.8796
G01 X115.7270Y38.8432
G01 X115.8507Y38.8122
G01 X115.9575Y38.7964
G01 X116.0751Y38.7901
G01 X116.2025Y38.7964
G01 X116.3109Y38.8125
G01 X116.4236Y38.8404
G01 X116.5437Y38.8833
G01 X116.6499Y38.9341
G01 X116.7425Y38.9896
G01 X116.8450Y39.0656
G01 X116.9250Y39.1381
G01 X117.0044Y39.2250
G01 X117.0804Y39.3275
G01 X117.1405Y39.4287
G01 X117.1867Y39.5263
G01 X117.2296Y39.6464
G01 X117.2559Y39.7511
G01 X117.2736Y39.8675
G01 X117.2800Y39.9900
G01 X117.2800Y41.2600
G01 X117.2746Y41.3727
G01 X117.2575Y41.4909
G01 X117.2296Y41.6036
G01 X117.1904Y41.7146
G01 X117.1405Y41.8213
G01 X117.0804Y41.9225
G01 X117.0106Y42.0174
G01 X116.9319Y42.1050
G01 X116.8450Y42.1844
G01 X116.7500Y42.2554
G01 X116.6499Y42.3159
G01 X116.5437Y42.3667
G01 X116.4330Y42.4068
G01 X116.3189Y42.4359
G01 X116.2025Y42.4536
G01 X116.0849Y42.4599
G01 X115.9673Y42.4546
G01 X115.8491Y42.4375
G01 X115.7364Y42.4096
G01 X115.6254Y42.3704
G01 X115.5187Y42.3205
G01 X115.4175Y42.2604
G01 X115.3226Y42.1906
G01 X115.2350Y42.1119
G01 X115.1556Y42.0250
G01 X115.0796Y41.9225
G01 X115.0195Y41.8213
G01 X114.9733Y41.7237
G01 X114.9304Y41.6036
G01 X114.9022Y41.4893
G01 X114.8864Y41.3825
G01 X114.8800Y41.2600
G01 X114.8800Y39.9900
G01 X114.8856Y39.8773
G00 Z3.0000
G00 X128.7701Y36.6617
G01 Z-0.1600
G01 X128.7800Y36.6339
G01 X128.7899Y36.6617
G01 X128.7701Y36.6617
G00 Z3.0000
G00 X128.8556Y34.7973
G01 Z-0.1600
G01 X128.8564Y34.7875
G01 X128.8741Y34.6711
G01 X128.9032Y34.5570
G01 X128.9433Y34.4463
G01 X128.9941Y34.3401
G01 X129.0551Y34.2393
G01 X129.1256Y34.1450
G01 X129.2000Y34.0631
G01 X129.2000Y26.8700
G01 X129.2037Y26.7916
G01 X129.2157Y26.7074
G01 X129.2381Y26.6186
G01 X129.2667Y26.5402
G01 X129.3028Y26.4650
G01 X129.3461Y26.3938
G01 X129.3961Y26.3270
G01 X129.4490Y26.2690
G01 X135.9500Y19.7679
G01 X135.9500Y12.8000
G01 X135.8672Y12.7997
G01 X135.7635Y12.7914
G01 X135.6585Y12.7666
G01 X135.6436Y12.7618
G01 X135.5462Y12.7211
G01 X135.4554Y12.6659
G01 X135.4427Y12.6567
G01 X135.3623Y12.5877
G01 X135.2899Y12.5031
G01 X135.2841Y12.4946
G01 X135.2290Y12.4041
G01 X135.1882Y12.3064
G01 X135.1834Y12.2915
G01 X135.1589Y12.1884
G01 X135.1500Y12.0750
G01 X135.1500Y10.3250
G01 X135.1586Y10.2135
G01 X135.1834Y10.1085
G01 X135.1882Y10.0936
G01 X135.2289Y9.9962
G01 X135.2885Y9.8989
G01 X135.3623Y9.8123
G01 X135.4427Y9.7433
G01 X135.4554Y9.7341
G01 X135.5390Y9.6829
G01 X135.5530Y9.6757
G01 X135.6469Y9.6369
G01 X135.6585Y9.6334
G01 X135.7616Y9.6089
G01 X135.8750Y9.6000
G01 X138.1250Y9.6000
G01 X138.2365Y9.6086
G01 X138.3415Y9.6334
G01 X138.3564Y9.6382
G01 X138.4538Y9.6789
G01 X138.5446Y9.7341
G01 X138.5573Y9.7433
G01 X138.6319Y9.8070
G01 X138.6430Y9.8181
G01 X138.7101Y9.8969
G01 X138.7159Y9.9054
G01 X138.7710Y9.9959
G01 X138.8131Y10.0969
G01 X138.8166Y10.1085
G01 X138.8395Y10.2039
G01 X138.8420Y10.2194
G01 X138.8500Y10.3250
G01 X138.8497Y12.0828
G01 X138.8414Y12.1865
G01 X138.8166Y12.2915
G01 X138.8118Y12.3064
G01 X138.7743Y12.3970
G01 X138.7671Y12.4110
G01 X138.7115Y12.5011
G01 X138.6377Y12.5877
G01 X138.5531Y12.6601
G01 X138.4610Y12.7171
G01 X138.4470Y12.7243
G01 X138.3531Y12.7631
G01 X138.3415Y12.7666
G01 X138.2461Y12.7895
G01 X138.2306Y12.7920
G01 X138.1250Y12.8000
G01 X137.6500Y12.8000
G01 X137.6500Y20.1200
G01 X137.6463Y20.1984
G01 X137.6343Y20.2826
G01 X137.6147Y20.3620
G01 X137.5871Y20.4407
G01 X137.5518Y20.5163
G01 X137.5094Y20.5881
G01 X137.4601Y20.6554
G01 X137.4010Y20.7210
G01 X130.9000Y27.2221
G01 X130.9000Y34.0631
G01 X130.9744Y34.1450
G01 X131.0449Y34.2393
G01 X131.1105Y34.3487
G01 X131.1604Y34.4554
G01 X131.1968Y34.5570
G01 X131.2278Y34.6807
G01 X131.2446Y34.7973
G01 X131.2500Y34.9100
G01 X131.2500Y36.1800
G01 X131.2446Y36.2927
G01 X131.2275Y36.4109
G01 X131.1968Y36.5330
G01 X131.1567Y36.6437
G01 X131.1059Y36.7499
G01 X131.0449Y36.8507
G01 X130.9806Y36.9374
G01 X130.9019Y37.0250
G01 X130.8150Y37.1044
G01 X130.7200Y37.1754
G01 X130.6199Y37.2359
G01 X130.5137Y37.2867
G01 X130.4030Y37.3268
G01 X130.2889Y37.3559
G01 X130.1725Y37.3736
G01 X130.0549Y37.3799
G01 X129.9373Y37.3746
G01 X129.8191Y37.3575
G01 X129.7064Y37.3296
G01 X129.5954Y37.2904
G01 X129.4887Y37.2405
G01 X129.3875Y37.1804
G01 X129.2926Y37.1106
G01 X129.2050Y37.0319
G01 X129.1256Y36.9450
G01 X129.0496Y36.8425
G01 X128.9895Y36.7413
G01 X128.9433Y36.6437
G01 X128.9004Y36.5236
G01 X128.8722Y36.4093
G01 X128.8564Y36.3025
G01 X128.8500Y36.1800
G01 X128.8500Y34.9100
G01 X128.8556Y34.7973
G00 Z3.0000
G00 X128.7701Y34.4283
G01 Z-0.1600
G01 X128.7899Y34.4283
G01 X128.7800Y34.4561
G01 X128.7701Y34.4283
G00 Z3.0000
G00 X131.3101Y34.4283
G01 Z-0.1600
G01 X131.3299Y34.4283
G01 X131.3200Y34.4561
G01 X131.3101Y34.4283
G00 Z3.0000
G00 X131.3956Y34.7973
G01 Z-0.1600
G01 X131.3964Y34.7875
G01 X131.4141Y34.6711
G01 X131.4432Y34.5570
G01 X131.4833Y34.4463
G01 X131.5341Y34.3401
G01 X131.5951Y34.2393
G01 X131.6656Y34.1450
G01 X131.7400Y34.0631
G01 X131.7401Y29.9093
G01 X131.7447Y29.8260
G01 X131.7555Y29.7532
G01 X131.7781Y29.6628
G01 X131.8067Y29.5844
G01 X131.8382Y29.5179
G01 X131.8861Y29.4379
G01 X131.9361Y29.3712
G01 X131.9890Y29.3131
G01 X142.2500Y19.0521
G01 X142.2500Y12.8000
G01 X141.8750Y12.8000
G01 X141.7635Y12.7914
G01 X141.6510Y12.7645
G01 X141.5462Y12.7211
G01 X141.4489Y12.6615
G01 X141.3681Y12.5930
G01 X141.3570Y12.5819
G01 X141.2899Y12.5031
G01 X141.2329Y12.4110
G01 X141.2257Y12.3970
G01 X141.1869Y12.3031
G01 X141.1834Y12.2915
G01 X141.1589Y12.1884
G01 X141.1500Y12.0750
G01 X141.1500Y10.3250
G01 X141.1580Y10.2194
G01 X141.1605Y10.2039
G01 X141.1855Y10.1010
G01 X141.2289Y9.9962
G01 X141.2841Y9.9054
G01 X141.2933Y9.8927
G01 X141.3623Y9.8123
G01 X141.4469Y9.7399
G01 X141.4554Y9.7341
G01 X141.5459Y9.6790
G01 X141.6436Y9.6382
G01 X141.6585Y9.6334
G01 X141.7539Y9.6105
G01 X141.7694Y9.6080
G01 X141.8750Y9.6000
G01 X144.1250Y9.6000
G01 X144.2306Y9.6080
G01 X144.2461Y9.6105
G01 X144.3490Y9.6355
G01 X144.4538Y9.6789
G01 X144.5446Y9.7341
G01 X144.5573Y9.7433
G01 X144.6377Y9.8123
G01 X144.7101Y9.8969
G01 X144.7671Y9.9890
G01 X144.7743Y10.0030
G01 X144.8131Y10.0969
G01 X144.8166Y10.1085
G01 X144.8414Y10.2135
G01 X144.8500Y10.3250
G01 X144.8497Y12.0828
G01 X144.8414Y12.1865
G01 X144.8166Y12.2915
G01 X144.8118Y12.3064
G01 X144.7711Y12.4038
G01 X144.7159Y12.4946
G01 X144.7067Y12.5073
G01 X144.6377Y12.5877
G01 X144.5531Y12.6601
G01 X144.4610Y12.7171
G01 X144.4470Y12.7243
G01 X144.3531Y12.7631
G01 X144.3415Y12.7666
G01 X144.2461Y12.7895
G01 X144.2306Y12.7920
G01 X144.1250Y12.8000
G01 X143.9500Y12.8000
G01 X143.9500Y19.4042
G01 X143.9453Y19.4924
G01 X143.9326Y19.5748
G01 X143.9119Y19.6556
G01 X143.8833Y19.7339
G01 X143.8518Y19.8005
G01 X143.8039Y19.8804
G01 X143.7539Y19.9471
G01 X143.7010Y20.0052
G01 X133.4400Y30.2663
G01 X133.4400Y34.0631
G01 X133.5144Y34.1450
G01 X133.5849Y34.2393
G01 X133.6505Y34.3487
G01 X133.7004Y34.4554
G01 X133.7368Y34.5570
G01 X133.7678Y34.6807
G01 X133.7846Y34.7973
G01 X133.7900Y34.9100
G01 X133.7900Y36.1800
G01 X133.7846Y36.2927
G01 X133.7675Y36.4109
G01 X133.7368Y36.5330
G01 X133.6967Y36.6437
G01 X133.6459Y36.7499
G01 X133.5849Y36.8507
G01 X133.5206Y36.9374
G01 X133.4419Y37.0250
G01 X133.3550Y37.1044
G01 X133.2600Y37.1754
G01 X133.1599Y37.2359
G01 X133.0537Y37.2867
G01 X132.9430Y37.3268
G01 X132.8289Y37.3559
G01 X132.7125Y37.3736
G01 X132.5949Y37.3799
G01 X132.4773Y37.3746
G01 X132.3595Y37.3576
G01 X132.2464Y37.3296
G01 X132.1354Y37.2904
G01 X132.0287Y37.2405
G01 X131.9275Y37.1804
G01 X131.8326Y37.1106
G01 X131.7450Y37.0319
G01 X131.6656Y36.9450
G01 X131.5896Y36.8425
G01 X131.5295Y36.7413
G01 X131.4833Y36.6437
G01 X131.4404Y36.5236
G01 X131.4122Y36.4093
G01 X131.3964Y36.3025
G01 X131.3900Y36.1800
G01 X131.3900Y34.9100
G01 X131.3956Y34.7973
G00 Z3.0000
G00 X131.3299Y36.6617
G01 Z-0.1600
G01 X131.3101Y36.6617
G01 X131.3200Y36.6339
G01 X131.3299Y36.6617
G00 Z3.0000
G00 X145.8000Y27.6773
G01 Z-0.1600
G01 X145.7308Y28.0250
G01 X145.5951Y28.3526
G01 X145.3982Y28.6474
G01 X145.1474Y28.8982
G01 X144.8526Y29.0951
G01 X144.5250Y29.2308
G01 X144.1773Y29.3000
G01 X143.8227Y29.3000
G01 X143.4750Y29.2308
G01 X143.1474Y29.0951
G01 X142.8526Y28.8982
G01 X142.6018Y28.6474
G01 X142.4049Y28.3526
G01 X142.2692Y28.0250
G01 X142.2000Y27.6773
G01 X142.2000Y27.3227
G01 X142.2692Y26.9750
G01 X142.4049Y26.6474
G01 X142.6018Y26.3526
G01 X142.8526Y26.1018
G01 X143.1474Y25.9049
G01 X143.4750Y25.7692
G01 X143.8227Y25.7000
G01 X144.1773Y25.7000
G01 X144.5250Y25.7692
G01 X144.8526Y25.9049
G01 X145.1474Y26.1018
G01 X145.3982Y26.3526
G01 X145.5951Y26.6474
G01 X145.7308Y26.9750
G01 X145.8000Y27.3227
G01 X145.8000Y27.6773
G00 Z3.0000
G00 X128.1569Y18.2330
G01 Z-0.1600
G01 X128.1655Y18.2500
G01 X128.1371Y18.2500
G01 X128.1561Y18.2338
G01 X128.1569Y18.2330
G00 Z3.0000
G00 X117.8000Y73.5929
G01 Z-0.1600
G01 X118.2000Y73.9929
G01 X118.2000Y74.3642
G01 X118.1532Y74.3989
G01 X118.1343Y74.4145
G01 X118.0543Y74.4869
G01 X118.0369Y74.5043
G01 X117.9645Y74.5843
G01 X117.9489Y74.6032
G01 X117.8846Y74.6899
G01 X117.8710Y74.7103
G01 X117.8155Y74.8029
G01 X117.8000Y74.8328
G01 X117.8000Y73.5929
G00 Z3.0000
G00 X117.9250Y74.4417
G01 Z-0.1600
G01 X117.9250Y73.8947
G01 X118.0750Y74.0447
G01 X118.0750Y74.3017
G01 X118.0508Y74.3224
G01 X118.0503Y74.3218
G01 X117.9703Y74.3943
G01 X117.9443Y74.4203
G01 X117.9250Y74.4417
G00 Z3.0000
G00 X117.7300Y75.9039
G01 Z-0.1600
G01 X117.7356Y75.9195
G01 X117.7244Y75.9195
G01 X117.7300Y75.9039
G00 Z3.0000
G00 X118.9729Y82.4568
G01 Z-0.1600
G01 X118.9896Y82.4499
G01 X119.0783Y82.4079
G01 X119.0999Y82.3964
G01 X119.1204Y82.3841
G01 X119.1284Y82.4218
G01 X119.1377Y82.4516
G01 X119.1123Y82.4503
G01 X119.0877Y82.4503
G01 X118.9897Y82.4551
G01 X118.9729Y82.4568
G00 Z3.0000
G00 X135.0051Y81.1971
G01 Z-0.1600
G01 X135.0059Y81.1873
G01 X135.0222Y81.0806
G01 X135.0489Y80.9760
G01 X135.0857Y80.8746
G01 X135.1323Y80.7772
G01 X135.1882Y80.6849
G01 X135.2467Y80.6060
G01 X135.3188Y80.5257
G01 X135.4060Y80.4467
G01 X135.4930Y80.3828
G01 X135.5858Y80.3277
G01 X135.6836Y80.2820
G01 X135.7854Y80.2461
G01 X135.8902Y80.2203
G01 X135.9925Y80.2054
G01 X138.6100Y77.5879
G01 X138.6100Y77.3277
G01 X138.5486Y77.3118
G01 X138.4702Y77.2833
G01 X138.3951Y77.2472
G01 X138.3319Y77.2094
G01 X138.2646Y77.1601
G01 X138.2025Y77.1044
G01 X138.1399Y77.0354
G01 X138.0956Y76.9756
G01 X138.0528Y76.9049
G01 X138.0167Y76.8298
G01 X137.9882Y76.7514
G01 X137.9655Y76.6610
G01 X137.9547Y76.5882
G01 X137.9501Y76.5049
G01 X137.9537Y76.4216
G01 X137.9657Y76.3378
G01 X137.9882Y76.2486
G01 X138.0167Y76.1702
G01 X138.0528Y76.0950
G01 X138.0961Y76.0237
G01 X138.1399Y75.9646
G01 X138.1990Y75.8989
G01 X138.2744Y75.8235
G01 X138.2841Y75.7611
G01 X138.3104Y75.6564
G01 X138.3533Y75.5363
G01 X138.4041Y75.4301
G01 X138.4596Y75.3375
G01 X138.5356Y75.2350
G01 X138.6150Y75.1481
G01 X138.7026Y75.0694
G01 X138.7900Y75.0046
G01 X138.8987Y74.9395
G01 X139.0054Y74.8896
G01 X139.1164Y74.8504
G01 X139.2307Y74.8222
G01 X139.3473Y74.8054
G01 X139.4649Y74.8001
G01 X139.5825Y74.8064
G01 X139.6905Y74.8224
G01 X139.8130Y74.8532
G01 X139.9237Y74.8933
G01 X140.0299Y74.9441
G01 X140.1307Y75.0051
G01 X140.2250Y75.0756
G01 X140.3119Y75.1550
G01 X140.3906Y75.2426
G01 X140.4554Y75.3300
G01 X140.5159Y75.4301
G01 X140.5667Y75.5363
G01 X140.6068Y75.6470
G01 X140.6376Y75.7695
G01 X140.6546Y75.8873
G01 X140.6599Y76.0049
G01 X140.6536Y76.1225
G01 X140.6376Y76.2305
G01 X140.6068Y76.3530
G01 X140.5667Y76.4637
G01 X140.5159Y76.5699
G01 X140.4549Y76.6707
G01 X140.3844Y76.7650
G01 X140.3100Y76.8469
G01 X140.3100Y77.9400
G01 X140.3053Y78.0282
G01 X140.2943Y78.1022
G01 X140.2747Y78.1820
G01 X140.2433Y78.2698
G01 X140.2072Y78.3450
G01 X140.1694Y78.4081
G01 X140.1139Y78.4830
G01 X140.0610Y78.5410
G01 X137.1945Y81.4076
G01 X137.1778Y81.5194
G01 X137.1511Y81.6240
G01 X137.1180Y81.7164
G01 X137.0677Y81.8228
G01 X137.0118Y81.9151
G01 X136.9533Y81.9940
G01 X136.8812Y82.0743
G01 X136.8016Y82.1471
G01 X136.7145Y82.2123
G01 X136.6142Y82.2723
G01 X136.5164Y82.3180
G01 X136.4146Y82.3539
G01 X136.3194Y82.3778
G01 X136.2029Y82.3951
G01 X136.1049Y82.3999
G01 X135.9971Y82.3951
G01 X135.8890Y82.3795
G01 X135.7760Y82.3511
G01 X135.6746Y82.3143
G01 X135.5858Y82.2723
G01 X135.4849Y82.2118
G01 X135.4060Y82.1533
G01 X135.3257Y82.0812
G01 X135.2467Y81.9940
G01 X135.1828Y81.9070
G01 X135.1277Y81.8142
G01 X135.0857Y81.7254
G01 X135.0461Y81.6146
G01 X135.0203Y81.5098
G01 X135.0059Y81.4127
G01 X135.0001Y81.3049
G01 X135.0051Y81.1971
G00 Z3.0000
G00 X135.9093Y80.1126
G01 Z-0.1600
G01 X135.9300Y80.1048
G01 X135.9411Y80.0996
G01 X135.9602Y80.0886
G01 X135.9782Y80.0759
G01 X135.9985Y80.0580
G01 X138.3765Y77.6800
G01 X138.3881Y77.6674
G01 X138.4017Y77.6499
G01 X138.4180Y77.6226
G01 X138.4233Y77.6115
G01 X138.4312Y77.5909
G01 X138.4370Y77.5696
G01 X138.4407Y77.5478
G01 X138.4423Y77.5160
G01 X138.4407Y77.4940
G01 X138.4389Y77.4818
G01 X138.4340Y77.4603
G01 X138.4233Y77.4303
G01 X138.4180Y77.4192
G01 X138.4071Y77.4000
G01 X138.3881Y77.3744
G01 X138.3729Y77.3584
G01 X138.3563Y77.3439
G01 X138.3464Y77.3366
G01 X138.3277Y77.3249
G01 X138.2697Y77.2937
G01 X138.1250Y77.1750
G01 X138.0063Y77.0303
G01 X137.9181Y76.8653
G01 X137.8638Y76.6862
G01 X137.8454Y76.5000
G01 X137.8638Y76.3138
G01 X137.9181Y76.1347
G01 X138.0063Y75.9696
G01 X138.0953Y75.8612
G01 X138.1305Y75.8260
G01 X138.1421Y75.8134
G01 X138.1556Y75.7959
G01 X138.1674Y75.7773
G01 X138.1773Y75.7575
G01 X138.1880Y75.7275
G01 X138.1921Y75.7108
G01 X138.2100Y75.6208
G01 X138.3080Y75.3842
G01 X138.4502Y75.1713
G01 X138.6313Y74.9902
G01 X138.8442Y74.8480
G01 X139.0808Y74.7500
G01 X139.3320Y74.7000
G01 X139.5880Y74.7000
G01 X139.8392Y74.7500
G01 X140.0758Y74.8480
G01 X140.2887Y74.9902
G01 X140.4698Y75.1713
G01 X140.6120Y75.3842
G01 X140.7100Y75.6208
G01 X140.7600Y75.8720
G01 X140.7600Y76.1280
G01 X140.7100Y76.3792
G01 X140.6120Y76.6158
G01 X140.4686Y76.8304
G01 X140.4581Y76.8428
G01 X140.4453Y76.8608
G01 X140.4344Y76.8800
G01 X140.4254Y76.9002
G01 X140.4212Y76.9117
G01 X140.4154Y76.9330
G01 X140.4117Y76.9548
G01 X140.4100Y76.9817
G01 X140.4100Y77.8823
G01 X140.4111Y77.9043
G01 X140.4146Y77.9400
G01 X140.3963Y78.1262
G01 X140.3419Y78.3053
G01 X140.2537Y78.4703
G01 X140.1350Y78.6150
G01 X140.1073Y78.6377
G01 X140.0909Y78.6526
G01 X137.3420Y81.4015
G01 X137.3304Y81.4142
G01 X137.3168Y81.4316
G01 X137.3051Y81.4503
G01 X137.2914Y81.4791
G01 X137.2845Y81.5000
G01 X137.2804Y81.5167
G01 X137.2539Y81.6500
G01 X137.1634Y81.8684
G01 X137.0321Y82.0650
G01 X136.8650Y82.2321
G01 X136.6684Y82.3634
G01 X136.4500Y82.4539
G01 X136.2182Y82.5000
G01 X135.9818Y82.5000
G01 X135.7500Y82.4539
G01 X135.5316Y82.3634
G01 X135.3350Y82.2321
G01 X135.1679Y82.0650
G01 X135.0366Y81.8684
G01 X134.9461Y81.6500
G01 X134.9000Y81.4182
G01 X134.9000Y81.1818
G01 X134.9461Y80.9500
G01 X135.0366Y80.7316
G01 X135.1679Y80.5350
G01 X135.3350Y80.3679
G01 X135.5316Y80.2366
G01 X135.7500Y80.1461
G01 X135.8833Y80.1196
G01 X135.9093Y80.1126
G00 Z3.0000
G00 X142.2000Y89.1773
G01 Z-0.1600
G01 X142.2000Y88.8227
G01 X142.2692Y88.4750
G01 X142.4049Y88.1474
G01 X142.6018Y87.8526
G01 X142.8526Y87.6018
G01 X143.1474Y87.4049
G01 X143.4750Y87.2692
G01 X143.8227Y87.2000
G01 X144.1773Y87.2000
G01 X144.5250Y87.2692
G01 X144.8526Y87.4049
G01 X145.1474Y87.6018
G01 X145.3982Y87.8526
G01 X145.5951Y88.1474
G01 X145.7308Y88.4750
G01 X145.8000Y88.8227
G01 X145.8000Y89.1773
G01 X145.7308Y89.5250
G01 X145.5951Y89.8526
G01 X145.3982Y90.1474
G01 X145.1474Y90.3982
G01 X144.8526Y90.5951
G01 X144.5250Y90.7308
G01 X144.1773Y90.8000
G01 X143.8227Y90.8000
G01 X143.4750Y90.7308
G01 X143.1474Y90.5951
G01 X142.8526Y90.3982
G01 X142.6018Y90.1474
G01 X142.4049Y89.8526
G01 X142.2692Y89.5250
G01 X142.2000Y89.1773
G00 Z3.0000
G00 X101.5739Y82.8609
G01 Z-0.1600
G01 X101.5747Y82.8512
G01 X101.5874Y82.7687
G01 X101.6081Y82.6879
G01 X101.6367Y82.6096
G01 X101.6728Y82.5344
G01 X101.7161Y82.4631
G01 X101.7661Y82.3964
G01 X101.8190Y82.3383
G01 X102.8083Y81.3490
G01 X102.8740Y81.2899
G01 X102.9338Y81.2456
G01 X103.0044Y81.2028
G01 X103.0886Y81.1629
G01 X103.1673Y81.1353
G01 X103.2387Y81.1174
G01 X103.3309Y81.1037
G01 X103.4093Y81.1000
G01 X117.4188Y81.1000
G01 X117.4222Y81.0806
G01 X117.4489Y80.9760
G01 X117.4857Y80.8746
G01 X117.5323Y80.7772
G01 X117.5882Y80.6849
G01 X117.6529Y80.5985
G01 X117.7188Y80.5257
G01 X117.7985Y80.4529
G01 X117.8930Y80.3828
G01 X117.9858Y80.3277
G01 X118.0836Y80.2820
G01 X118.1854Y80.2461
G01 X118.2902Y80.2203
G01 X118.3971Y80.2049
G01 X118.5049Y80.2001
G01 X118.6127Y80.2059
G01 X118.7114Y80.2206
G01 X118.8240Y80.2489
G01 X118.9254Y80.2857
G01 X119.0228Y80.3323
G01 X119.1151Y80.3882
G01 X119.1940Y80.4467
G01 X119.2743Y80.5188
G01 X119.3471Y80.5985
G01 X119.4123Y80.6855
G01 X119.4677Y80.7772
G01 X119.5143Y80.8746
G01 X119.5539Y80.9854
G01 X119.5795Y81.0890
G01 X119.5951Y81.1971
G01 X119.5999Y81.3049
G01 X119.5941Y81.4127
G01 X119.5795Y81.5110
G01 X119.5539Y81.6146
G01 X119.5180Y81.7164
G01 X119.4723Y81.8142
G01 X119.4172Y81.9070
G01 X119.3533Y81.9940
G01 X119.2743Y82.0812
G01 X119.1940Y82.1533
G01 X119.1145Y82.2123
G01 X119.0228Y82.2677
G01 X118.9254Y82.3143
G01 X118.8146Y82.3539
G01 X118.7098Y82.3797
G01 X118.6075Y82.3946
G01 X118.4510Y82.5510
G01 X118.3930Y82.6039
G01 X118.3256Y82.6544
G01 X118.2463Y82.7018
G01 X118.1707Y82.7371
G01 X118.0920Y82.7647
G01 X118.0110Y82.7845
G01 X117.9382Y82.7953
G01 X117.8500Y82.8000
G01 X103.7614Y82.8000
G01 X103.2700Y83.2914
G01 X103.2700Y84.3500
G01 X103.2663Y84.4284
G01 X103.2543Y84.5122
G01 X103.2347Y84.5920
G01 X103.2071Y84.6707
G01 X103.1718Y84.7463
G01 X103.1294Y84.8181
G01 X103.0739Y84.8930
G01 X103.0244Y84.9475
G01 X102.9630Y85.0039
G01 X102.8956Y85.0544
G01 X102.8163Y85.1018
G01 X102.7407Y85.1371
G01 X102.6714Y85.1619
G01 X102.5906Y85.1826
G01 X102.4984Y85.1963
G01 X102.4151Y85.1999
G01 X102.3318Y85.1953
G01 X102.2574Y85.1843
G01 X102.1780Y85.1647
G01 X102.0902Y85.1333
G01 X102.0150Y85.0972
G01 X101.9519Y85.0594
G01 X101.8846Y85.0101
G01 X101.8225Y84.9544
G01 X101.7599Y84.8854
G01 X101.7156Y84.8256
G01 X101.6728Y84.7550
G01 X101.6329Y84.6707
G01 X101.6053Y84.5920
G01 X101.5874Y84.5206
G01 X101.5747Y84.4382
G01 X101.5701Y84.3549
G01 X101.5700Y82.9393
G01 X101.5739Y82.8609
G00 Z3.0000
G00 X100.5200Y81.6369
G01 Z-0.1600
G01 X100.5403Y81.6471
G01 X100.5629Y81.6565
G01 X100.5844Y81.6636
G01 X100.5200Y81.7281
G01 X100.5200Y81.6369
G00 Z3.0000
G00 X99.0339Y83.5716
G01 Z-0.1600
G01 X99.0347Y83.5618
G01 X99.0457Y83.4878
G01 X99.0681Y83.3986
G01 X99.0967Y83.3202
G01 X99.1282Y83.2537
G01 X99.1700Y83.1830
G01 X99.1700Y65.6160
G01 X99.1725Y65.5621
G01 X99.1826Y65.4941
G01 X99.1974Y65.4372
G01 X99.2139Y65.3910
G01 X99.2432Y65.3289
G01 X99.2739Y65.2786
G01 X99.3032Y65.2392
G01 X99.3457Y65.1917
G01 X99.7942Y64.7433
G01 X99.7820Y64.7164
G01 X99.7489Y64.6240
G01 X99.7203Y64.5098
G01 X99.7049Y64.4029
G01 X99.7001Y64.3049
G01 X99.7049Y64.1971
G01 X99.7205Y64.0890
G01 X99.7489Y63.9760
G01 X99.7857Y63.8746
G01 X99.8277Y63.7858
G01 X99.8882Y63.6849
G01 X99.9467Y63.6060
G01 X100.0188Y63.5257
G01 X100.1060Y63.4467
G01 X100.1930Y63.3828
G01 X100.2858Y63.3277
G01 X100.3746Y63.2857
G01 X100.4854Y63.2461
G01 X100.5902Y63.2203
G01 X100.6971Y63.2049
G01 X100.7951Y63.2001
G01 X100.9029Y63.2049
G01 X101.0114Y63.2206
G01 X101.1146Y63.2461
G01 X101.2254Y63.2857
G01 X101.3228Y63.3323
G01 X101.4151Y63.3882
G01 X101.5016Y63.4529
G01 X101.5812Y63.5257
G01 X101.6533Y63.6060
G01 X101.7172Y63.6930
G01 X101.7723Y63.7858
G01 X101.8180Y63.8836
G01 X101.8539Y63.9854
G01 X101.8795Y64.0890
G01 X101.8951Y64.1971
G01 X101.8999Y64.3049
G01 X101.8941Y64.4127
G01 X101.8795Y64.5110
G01 X101.8511Y64.6240
G01 X101.8143Y64.7254
G01 X101.7677Y64.8228
G01 X101.7118Y64.9151
G01 X101.6533Y64.9940
G01 X101.5812Y65.0743
G01 X101.5016Y65.1471
G01 X101.4145Y65.2123
G01 X101.3228Y65.2677
G01 X101.2254Y65.3143
G01 X101.1240Y65.3511
G01 X101.0194Y65.3778
G01 X100.9127Y65.3941
G01 X100.7984Y65.3999
G01 X100.7660Y65.4534
G01 X100.7306Y65.5004
G01 X100.6976Y65.5367
G01 X100.3700Y65.8645
G01 X100.3700Y82.9563
G01 X100.4230Y82.9961
G01 X100.4775Y83.0456
G01 X100.5339Y83.1070
G01 X100.5844Y83.1744
G01 X100.6318Y83.2537
G01 X100.6671Y83.3293
G01 X100.6919Y83.3986
G01 X100.7126Y83.4794
G01 X100.7253Y83.5618
G01 X100.7300Y83.6500
G01 X100.7300Y84.3500
G01 X100.7263Y84.4284
G01 X100.7143Y84.5122
G01 X100.6919Y84.6014
G01 X100.6633Y84.6798
G01 X100.6318Y84.7463
G01 X100.5839Y84.8262
G01 X100.5339Y84.8930
G01 X100.4844Y84.9475
G01 X100.4230Y85.0039
G01 X100.3556Y85.0544
G01 X100.2850Y85.0972
G01 X100.2098Y85.1333
G01 X100.1314Y85.1619
G01 X100.0506Y85.1826
G01 X99.9682Y85.1953
G01 X99.8849Y85.1999
G01 X99.8016Y85.1963
G01 X99.7174Y85.1843
G01 X99.6380Y85.1647
G01 X99.5593Y85.1371
G01 X99.4837Y85.1018
G01 X99.4119Y85.0594
G01 X99.3446Y85.0101
G01 X99.2825Y84.9544
G01 X99.2199Y84.8854
G01 X99.1756Y84.8256
G01 X99.1328Y84.7550
G01 X99.0967Y84.6798
G01 X99.0681Y84.6014
G01 X99.0455Y84.5110
G01 X99.0337Y84.4284
G01 X99.0300Y84.3500
G01 X99.0300Y83.6500
G01 X99.0339Y83.5716
G00 Z3.0000
G00 X97.8200Y82.2407
G01 Z-0.1600
G01 X97.8200Y82.3319
G01 X97.7997Y82.3217
G01 X97.7770Y82.3123
G01 X97.7555Y82.3052
G01 X97.8200Y82.2407
G00 Z3.0000
G00 X88.0539Y73.2956
G01 Z-0.1600
G01 X88.0547Y73.2858
G01 X88.0657Y73.2118
G01 X88.0882Y73.1226
G01 X88.1167Y73.0442
G01 X88.1482Y72.9777
G01 X88.1961Y72.8977
G01 X88.2462Y72.8310
G01 X88.2990Y72.7729
G01 X88.6558Y72.4161
G01 X88.6304Y72.3436
G01 X88.6022Y72.2293
G01 X88.5864Y72.1225
G01 X88.5801Y72.0049
G01 X88.5864Y71.8775
G01 X88.6024Y71.7695
G01 X88.6304Y71.6564
G01 X88.6733Y71.5363
G01 X88.7241Y71.4301
G01 X88.7796Y71.3375
G01 X88.8556Y71.2350
G01 X88.9350Y71.1481
G01 X89.0226Y71.0694
G01 X89.1100Y71.0046
G01 X89.2187Y70.9395
G01 X89.3254Y70.8896
G01 X89.4364Y70.8504
G01 X89.5507Y70.8222
G01 X89.6673Y70.8054
G01 X89.7849Y70.8001
G01 X89.9025Y70.8064
G01 X90.0109Y70.8225
G01 X90.1330Y70.8532
G01 X90.2437Y70.8933
G01 X90.3499Y70.9441
G01 X90.4507Y71.0051
G01 X90.5450Y71.0756
G01 X90.6319Y71.1550
G01 X90.7106Y71.2426
G01 X90.7754Y71.3300
G01 X90.8359Y71.4301
G01 X90.8867Y71.5363
G01 X90.9296Y71.6564
G01 X90.9576Y71.7695
G01 X90.9736Y71.8775
G01 X90.9799Y71.9951
G01 X90.9736Y72.1225
G01 X90.9576Y72.2305
G01 X90.9296Y72.3436
G01 X90.8904Y72.4546
G01 X90.8359Y72.5699
G01 X90.7749Y72.6707
G01 X90.7044Y72.7650
G01 X90.6250Y72.8519
G01 X90.5450Y72.9244
G01 X90.4953Y72.9618
G01 X90.4539Y73.0170
G01 X90.4010Y73.0750
G01 X89.7500Y73.7261
G01 X89.7500Y79.3023
G01 X89.8049Y79.3001
G01 X89.9029Y79.3049
G01 X90.0114Y79.3206
G01 X90.1146Y79.3461
G01 X90.2164Y79.3820
G01 X90.3142Y79.4277
G01 X90.4070Y79.4828
G01 X90.4940Y79.5467
G01 X90.5812Y79.6257
G01 X90.6533Y79.7060
G01 X90.7172Y79.7930
G01 X90.7723Y79.8858
G01 X90.8180Y79.9836
G01 X90.8539Y80.0854
G01 X90.8797Y80.1902
G01 X90.8941Y80.2873
G01 X90.8999Y80.3951
G01 X90.8951Y80.5029
G01 X90.8795Y80.6110
G01 X90.8539Y80.7146
G01 X90.8143Y80.8254
G01 X90.7677Y80.9228
G01 X90.7172Y81.0070
G01 X90.6471Y81.1015
G01 X90.5812Y81.1743
G01 X90.5016Y81.2471
G01 X90.4070Y81.3172
G01 X90.3142Y81.3723
G01 X90.2164Y81.4180
G01 X90.1146Y81.4539
G01 X90.0194Y81.4778
G01 X89.9029Y81.4951
G01 X89.7951Y81.4999
G01 X89.6873Y81.4941
G01 X89.5886Y81.4794
G01 X89.4854Y81.4539
G01 X89.3746Y81.4143
G01 X89.2772Y81.3677
G01 X89.1849Y81.3118
G01 X89.0985Y81.2471
G01 X89.0257Y81.1812
G01 X88.9529Y81.1015
G01 X88.8877Y81.0145
G01 X88.8277Y80.9142
G01 X88.7857Y80.8254
G01 X88.7640Y80.7660
G01 X88.2990Y80.3011
G01 X88.2399Y80.2354
G01 X88.1906Y80.1681
G01 X88.1482Y80.0963
G01 X88.1130Y80.0207
G01 X88.0882Y79.9514
G01 X88.0674Y79.8706
G01 X88.0547Y79.7882
G01 X88.0500Y79.7000
G01 X88.0500Y73.3740
G01 X88.0539Y73.2956
G00 Z3.0000
G00 X88.5044Y71.5305
G01 Z-0.1600
G01 X88.5156Y71.5305
G01 X88.5100Y71.5461
G01 X88.5044Y71.5305
G00 Z3.0000
G00 X86.0456Y71.8873
G01 Z-0.1600
G01 X86.0464Y71.8775
G01 X86.0641Y71.7611
G01 X86.0932Y71.6470
G01 X86.1333Y71.5363
G01 X86.1841Y71.4301
G01 X86.2451Y71.3293
G01 X86.3156Y71.2350
G01 X86.3950Y71.1481
G01 X86.4826Y71.0694
G01 X86.5700Y71.0046
G01 X86.6701Y70.9441
G01 X86.7763Y70.8933
G01 X86.8870Y70.8532
G01 X87.0011Y70.8241
G01 X87.1175Y70.8064
G01 X87.2351Y70.8001
G01 X87.3527Y70.8054
G01 X87.4709Y70.8225
G01 X87.5836Y70.8504
G01 X87.6946Y70.8896
G01 X87.8099Y70.9441
G01 X87.9107Y71.0051
G01 X88.0050Y71.0756
G01 X88.0919Y71.1550
G01 X88.1706Y71.2426
G01 X88.2354Y71.3300
G01 X88.3005Y71.4387
G01 X88.3504Y71.5454
G01 X88.3896Y71.6564
G01 X88.4176Y71.7695
G01 X88.4346Y71.8873
G01 X88.4399Y72.0049
G01 X88.4336Y72.1225
G01 X88.4176Y72.2305
G01 X88.3896Y72.3436
G01 X88.3504Y72.4546
G01 X88.2959Y72.5699
G01 X88.2349Y72.6707
G01 X88.1644Y72.7650
G01 X88.0919Y72.8450
G01 X88.0500Y72.8836
G01 X88.0500Y83.9800
G01 X88.0453Y84.0682
G01 X88.0343Y84.1422
G01 X88.0300Y84.1610
G01 X88.0300Y84.3500
G01 X88.0263Y84.4284
G01 X88.0143Y84.5122
G01 X87.9947Y84.5920
G01 X87.9633Y84.6798
G01 X87.9272Y84.7550
G01 X87.8894Y84.8181
G01 X87.8401Y84.8854
G01 X87.7844Y84.9475
G01 X87.7154Y85.0101
G01 X87.6481Y85.0594
G01 X87.5763Y85.1018
G01 X87.5007Y85.1371
G01 X87.4220Y85.1647
G01 X87.3410Y85.1845
G01 X87.2584Y85.1963
G01 X87.1751Y85.1999
G01 X87.0918Y85.1953
G01 X87.0174Y85.1843
G01 X86.9286Y85.1619
G01 X86.8502Y85.1333
G01 X86.7750Y85.0972
G01 X86.7038Y85.0539
G01 X86.6371Y85.0039
G01 X86.5756Y84.9475
G01 X86.5199Y84.8854
G01 X86.4706Y84.8181
G01 X86.4282Y84.7463
G01 X86.3929Y84.6707
G01 X86.3653Y84.5920
G01 X86.3455Y84.5110
G01 X86.3337Y84.4284
G01 X86.3300Y84.3500
G01 X86.3300Y83.6500
G01 X86.3347Y83.5618
G01 X86.3457Y83.4878
G01 X86.3500Y83.4690
G01 X86.3500Y72.8030
G01 X86.3094Y72.7574
G01 X86.2446Y72.6700
G01 X86.1841Y72.5699
G01 X86.1333Y72.4637
G01 X86.0932Y72.3530
G01 X86.0641Y72.2389
G01 X86.0464Y72.1225
G01 X86.0401Y72.0049
G01 X86.0456Y71.8873
G00 Z3.0000
G00 X85.9644Y71.5305
G01 Z-0.1600
G01 X85.9756Y71.5305
G01 X85.9700Y71.5461
G01 X85.9644Y71.5305
G00 Z3.0000
G00 X73.8960Y50.4500
G01 Z-0.1600
G01 X73.8048Y50.4500
G01 X73.8694Y50.3854
G01 X73.8764Y50.4070
G01 X73.8858Y50.4297
G01 X73.8960Y50.4500
G00 Z3.0000
G00 X57.2167Y26.2500
G01 Z-0.1600
G01 X53.1371Y26.2500
G01 X53.1705Y26.2205
G01 X53.1838Y26.2061
G01 X53.2730Y26.1017
G01 X53.2851Y26.0863
G01 X53.2961Y26.0699
G01 X53.3678Y25.9529
G01 X53.3778Y25.9350
G01 X53.3856Y25.9179
G01 X53.4381Y25.7911
G01 X53.4449Y25.7726
G01 X53.4503Y25.7538
G01 X53.4823Y25.6202
G01 X53.4869Y25.5961
G01 X53.4885Y25.5815
G01 X53.4992Y25.4446
G01 X53.5000Y25.4250
G01 X53.5000Y22.5750
G01 X53.4973Y22.5305
G01 X57.2167Y26.2500
G00 Z3.0000
G00 X56.9150Y26.1250
G01 Z-0.1600
G01 X53.4089Y26.1250
G01 X53.4744Y26.0182
G01 X53.4893Y25.9914
G01 X53.5011Y25.9657
G01 X53.5536Y25.8389
G01 X53.5638Y25.8113
G01 X53.5718Y25.7829
G01 X53.6039Y25.6494
G01 X53.6107Y25.6133
G01 X53.6131Y25.5913
G01 X53.6238Y25.4544
G01 X53.6250Y25.4250
G01 X53.6250Y22.8350
G01 X56.9150Y26.1250
G00 Z3.0000
G00 X56.6132Y26.0000
G01 Z-0.1600
G01 X53.6222Y26.0000
G01 X53.6691Y25.8867
G01 X53.6827Y25.8499
G01 X53.6934Y25.8121
G01 X53.7254Y25.6786
G01 X53.7345Y25.6304
G01 X53.7371Y25.6011
G01 X53.7377Y25.6011
G01 X53.7485Y25.4642
G01 X53.7500Y25.4250
G01 X53.7500Y23.1368
G01 X56.6132Y26.0000
G00 Z3.0000
G00 X53.8054Y25.8750
G01 Z-0.1600
G01 X53.8149Y25.8413
G01 X53.8470Y25.7078
G01 X53.8583Y25.6475
G01 X53.8616Y25.6109
G01 X53.8623Y25.6109
G01 X53.8731Y25.4740
G01 X53.8750Y25.4250
G01 X53.8750Y23.4386
G01 X56.3114Y25.8750
G01 X53.8054Y25.8750
G00 Z3.0000
G00 X49.1250Y23.4386
G01 Z-0.1600
G01 X49.1250Y24.7840
G01 X48.8750Y25.0340
G01 X48.8750Y23.6886
G01 X49.1250Y23.4386
G00 Z3.0000
G00 X49.2500Y23.1368
G01 Z-0.1600
G01 X49.2500Y24.8358
G01 X48.7500Y25.3358
G01 X48.7500Y23.6368
G01 X49.2500Y23.1368
G00 Z3.0000
G00 X49.3750Y22.8350
G01 Z-0.1600
G01 X49.3750Y24.8876
G01 X48.6009Y25.6616
G01 X48.6107Y25.6133
G01 X48.6131Y25.5913
G01 X48.6238Y25.4544
G01 X48.6250Y25.4250
G01 X48.6250Y23.5850
G01 X49.3750Y22.8350
G00 Z3.0000
G00 X49.5027Y22.5305
G01 Z-0.1600
G01 X49.5000Y22.5750
G01 X49.5000Y24.9393
G01 X48.1893Y26.2500
G01 X48.1371Y26.2500
G01 X48.1705Y26.2205
G01 X48.1838Y26.2061
G01 X48.2730Y26.1017
G01 X48.2851Y26.0863
G01 X48.2961Y26.0699
G01 X48.3678Y25.9529
G01 X48.3778Y25.9350
G01 X48.3856Y25.9179
G01 X48.4381Y25.7911
G01 X48.4449Y25.7726
G01 X48.4503Y25.7538
G01 X48.4823Y25.6202
G01 X48.4869Y25.5961
G01 X48.4992Y25.4446
G01 X48.5000Y25.4250
G01 X48.5000Y23.5333
G01 X49.5027Y22.5305
G00 Z3.0000
G00 X30.8750Y23.4386
G01 Z-0.1600
G01 X33.3114Y25.8750
G01 X30.8054Y25.8750
G01 X30.8149Y25.8413
G01 X30.8470Y25.7078
G01 X30.8583Y25.6475
G01 X30.8616Y25.6109
G01 X30.8623Y25.6109
G01 X30.8731Y25.4740
G01 X30.8750Y25.4250
G01 X30.8750Y23.4386
G00 Z3.0000
G00 X30.7500Y23.1368
G01 Z-0.1600
G01 X33.6132Y26.0000
G01 X30.6222Y26.0000
G01 X30.6691Y25.8867
G01 X30.6827Y25.8499
G01 X30.6934Y25.8121
G01 X30.7254Y25.6786
G01 X30.7345Y25.6304
G01 X30.7371Y25.6011
G01 X30.7377Y25.6011
G01 X30.7485Y25.4642
G01 X30.7500Y25.4250
G01 X30.7500Y23.1368
G00 Z3.0000
G00 X30.6250Y22.8350
G01 Z-0.1600
G01 X33.9150Y26.1250
G01 X30.4089Y26.1250
G01 X30.4744Y26.0182
G01 X30.4893Y25.9914
G01 X30.5011Y25.9657
G01 X30.5536Y25.8389
G01 X30.5638Y25.8113
G01 X30.5718Y25.7829
G01 X30.6039Y25.6494
G01 X30.6107Y25.6133
G01 X30.6131Y25.5913
G01 X30.6238Y25.4544
G01 X30.6250Y25.4250
G01 X30.6250Y22.8350
G00 Z3.0000
G00 X30.4973Y22.5305
G01 Z-0.1600
G01 X34.2168Y26.2500
G01 X30.1371Y26.2500
G01 X30.1705Y26.2205
G01 X30.1838Y26.2061
G01 X30.2730Y26.1017
G01 X30.2851Y26.0863
G01 X30.2961Y26.0699
G01 X30.3678Y25.9529
G01 X30.3778Y25.9350
G01 X30.3856Y25.9179
G01 X30.4381Y25.7911
G01 X30.4449Y25.7726
G01 X30.4503Y25.7538
G01 X30.4823Y25.6202
G01 X30.4869Y25.5961
G01 X30.4885Y25.5815
G01 X30.4992Y25.4446
G01 X30.5000Y25.4250
G01 X30.5000Y22.5750
G01 X30.4973Y22.5305
G00 Z3.0000
G00 X25.8157Y25.8381
G01 Z-0.1600
G01 X25.8470Y25.7078
G01 X25.8583Y25.6475
G01 X25.8616Y25.6109
G01 X25.8623Y25.6109
G01 X25.8731Y25.4740
G01 X25.8750Y25.4250
G01 X25.8750Y23.5695
G01 X26.1250Y23.3195
G01 X26.1250Y25.4250
G01 X26.1269Y25.4740
G01 X26.1308Y25.5230
G01 X25.8157Y25.8381
G00 Z3.0000
G00 X24.8500Y26.9806
G01 Z-0.1600
G01 X24.8500Y26.7136
G01 X24.9636Y26.6666
G01 X24.9992Y26.6501
G01 X25.0335Y26.6310
G01 X25.1506Y26.5592
G01 X25.1929Y26.5302
G01 X25.2136Y26.5126
G01 X25.2140Y26.5131
G01 X25.3184Y26.4239
G01 X25.3473Y26.3973
G01 X25.3739Y26.3684
G01 X25.4631Y26.2640
G01 X25.4874Y26.2332
G01 X25.5092Y26.2006
G01 X25.5810Y26.0835
G01 X25.6009Y26.0477
G01 X25.6166Y26.0136
G01 X25.6691Y25.8867
G01 X25.6827Y25.8499
G01 X25.6934Y25.8121
G01 X25.7254Y25.6786
G01 X25.7345Y25.6304
G01 X25.7371Y25.6011
G01 X25.7377Y25.6011
G01 X25.7485Y25.4642
G01 X25.7500Y25.4250
G01 X25.7500Y23.5178
G01 X26.2500Y23.0178
G01 X26.2500Y25.4250
G01 X26.2515Y25.4642
G01 X26.2599Y25.5707
G01 X24.8500Y26.9806
G00 Z3.0000
G00 X24.7250Y27.2824
G01 Z-0.1600
G01 X24.7250Y26.6237
G01 X24.7766Y26.6085
G01 X24.7887Y26.6031
G01 X24.7889Y26.6036
G01 X24.9157Y26.5511
G01 X24.9425Y26.5388
G01 X24.9682Y26.5244
G01 X25.0853Y26.4526
G01 X25.1170Y26.4309
G01 X25.2373Y26.3289
G01 X25.2589Y26.3089
G01 X25.2789Y26.2873
G01 X25.3680Y26.1829
G01 X25.3863Y26.1597
G01 X25.4026Y26.1352
G01 X25.4744Y26.0182
G01 X25.4893Y25.9914
G01 X25.5011Y25.9657
G01 X25.5536Y25.8389
G01 X25.5638Y25.8113
G01 X25.5718Y25.7829
G01 X25.6039Y25.6494
G01 X25.6107Y25.6133
G01 X25.6131Y25.5913
G01 X25.6238Y25.4544
G01 X25.6250Y25.4250
G01 X25.6250Y23.4660
G01 X26.3750Y22.7160
G01 X26.3750Y25.4250
G01 X26.3762Y25.4544
G01 X26.3869Y25.5913
G01 X26.3900Y25.6173
G01 X24.7250Y27.2824
G00 Z3.0000
G00 X24.6000Y27.5841
G01 Z-0.1600
G01 X24.6000Y26.5252
G01 X24.7038Y26.5003
G01 X24.7329Y26.4914
G01 X24.8679Y26.4356
G01 X24.8857Y26.4274
G01 X24.9029Y26.4178
G01 X25.0199Y26.3460
G01 X25.0411Y26.3315
G01 X25.1561Y26.2338
G01 X25.1705Y26.2205
G01 X25.1838Y26.2061
G01 X25.2730Y26.1017
G01 X25.2851Y26.0863
G01 X25.2961Y26.0699
G01 X25.3678Y25.9529
G01 X25.3778Y25.9350
G01 X25.3856Y25.9179
G01 X25.4381Y25.7911
G01 X25.4449Y25.7726
G01 X25.4503Y25.7538
G01 X25.4823Y25.6202
G01 X25.4869Y25.5961
G01 X25.4885Y25.5815
G01 X25.4992Y25.4446
G01 X25.5000Y25.4250
G01 X25.5000Y23.4142
G01 X26.5138Y22.4004
G01 X26.5115Y22.4185
G01 X26.5008Y22.5554
G01 X26.5000Y22.5750
G01 X26.5000Y25.4250
G01 X26.5008Y25.4446
G01 X26.5115Y25.5815
G01 X26.5139Y25.6010
G01 X26.5177Y25.6202
G01 X26.5266Y25.6575
G01 X24.6000Y27.5841
G00 Z3.0000
G00 X23.1027Y34.5821
G01 Z-0.1600
G01 X23.1035Y34.5723
G01 X23.1126Y34.5142
G01 X23.1274Y34.4572
G01 X23.1477Y34.4019
G01 X23.1733Y34.3489
G01 X23.2039Y34.2986
G01 X23.2394Y34.2516
G01 X23.2757Y34.2117
G01 X28.5117Y28.9758
G01 X28.5516Y28.9394
G01 X28.5993Y28.9035
G01 X28.6575Y28.8687
G01 X28.7109Y28.8439
G01 X28.7571Y28.8274
G01 X28.8238Y28.8107
G01 X28.8821Y28.8026
G01 X28.9360Y28.8000
G01 X49.2456Y28.8000
G01 X50.2699Y27.7757
G01 X50.3098Y27.7394
G01 X50.3649Y27.6985
G01 X50.4157Y27.6687
G01 X50.4691Y27.6439
G01 X50.5247Y27.6245
G01 X50.5723Y27.6126
G01 X50.6304Y27.6035
G01 X50.6892Y27.6001
G01 X71.2759Y27.6000
G01 X72.3002Y26.5757
G01 X72.3401Y26.5394
G01 X72.3953Y26.4985
G01 X72.4460Y26.4687
G01 X72.4994Y26.4439
G01 X72.5550Y26.4245
G01 X72.6026Y26.4126
G01 X72.6608Y26.4035
G01 X72.7196Y26.4001
G01 X94.2515Y26.4000
G01 X95.6500Y25.0015
G01 X95.6500Y22.5750
G01 X95.6617Y22.4244
G01 X95.6977Y22.2737
G01 X95.7530Y22.1395
G01 X95.7601Y22.1255
G01 X95.8362Y22.0019
G01 X95.9302Y21.8913
G01 X95.9413Y21.8802
G01 X96.0500Y21.7876
G01 X96.0584Y21.7818
G01 X96.1824Y21.7063
G01 X96.3196Y21.6491
G01 X96.3313Y21.6456
G01 X96.4725Y21.6120
G01 X96.6172Y21.6003
G01 X98.3750Y21.6000
G01 X98.5197Y21.6111
G01 X98.5352Y21.6135
G01 X98.6763Y21.6477
G01 X98.8173Y21.7061
G01 X98.9481Y21.7862
G01 X99.0644Y21.8856
G01 X99.1624Y22.0000
G01 X99.1682Y22.0084
G01 X99.2437Y22.1324
G01 X99.3009Y22.2696
G01 X99.3044Y22.2813
G01 X99.3380Y22.4225
G01 X99.3500Y22.5750
G01 X99.3497Y25.4328
G01 X99.3383Y25.5756
G01 X99.3044Y25.7187
G01 X99.2996Y25.7337
G01 X99.2470Y25.8605
G01 X99.2399Y25.8745
G01 X99.1638Y25.9981
G01 X99.0698Y26.1087
G01 X99.0587Y26.1198
G01 X98.9500Y26.2124
G01 X98.8245Y26.2899
G01 X98.8105Y26.2970
G01 X98.6837Y26.3496
G01 X98.6687Y26.3544
G01 X98.5275Y26.3880
G01 X98.3828Y26.3997
G01 X96.6172Y26.3997
G01 X96.4744Y26.3883
G01 X96.3237Y26.3523
G01 X96.1827Y26.2939
G01 X96.1030Y26.2455
G01 X94.9243Y27.4243
G01 X94.8843Y27.4606
G01 X94.8292Y27.5015
G01 X94.7784Y27.5314
G01 X94.7341Y27.5523
G01 X94.6694Y27.5755
G01 X94.6122Y27.5893
G01 X94.5637Y27.5965
G01 X94.5000Y27.6000
G01 X72.9730Y27.6000
G01 X71.9487Y28.6243
G01 X71.9088Y28.6606
G01 X71.8537Y28.7015
G01 X71.8029Y28.7314
G01 X71.7495Y28.7561
G01 X71.6939Y28.7755
G01 X71.6463Y28.7874
G01 X71.5784Y28.7975
G01 X71.5245Y28.8000
G01 X50.9427Y28.8000
G01 X49.9184Y29.8243
G01 X49.8785Y29.8606
G01 X49.8233Y29.9015
G01 X49.7726Y29.9314
G01 X49.7191Y29.9561
G01 X49.6636Y29.9755
G01 X49.6160Y29.9874
G01 X49.5480Y29.9975
G01 X49.4941Y30.0000
G01 X29.1845Y30.0000
G01 X24.3000Y34.8845
G01 X24.3000Y40.7859
G01 X25.4149Y41.9007
G01 X25.4907Y41.8822
G01 X25.5975Y41.8664
G01 X25.7151Y41.8601
G01 X25.8425Y41.8664
G01 X25.9589Y41.8841
G01 X26.0730Y41.9132
G01 X26.1837Y41.9533
G01 X26.2899Y42.0041
G01 X26.3907Y42.0651
G01 X26.4774Y42.1294
G01 X26.5650Y42.2081
G01 X26.6444Y42.2950
G01 X26.7154Y42.3900
G01 X26.7759Y42.4901
G01 X26.8304Y42.6054
G01 X26.8696Y42.7164
G01 X26.8978Y42.8307
G01 X26.9146Y42.9473
G01 X26.9200Y43.0600
G01 X26.9200Y44.0387
G01 X26.9276Y44.0709
G01 X26.9434Y44.1777
G01 X26.9497Y44.3051
G01 X26.9434Y44.4227
G01 X26.9276Y44.5295
G01 X26.8966Y44.6532
G01 X26.8565Y44.7639
G01 X26.8103Y44.8615
G01 X26.7447Y44.9709
G01 X26.6804Y45.0576
G01 X26.6017Y45.1452
G01 X26.5650Y45.1819
G01 X26.4850Y45.2544
G01 X26.3900Y45.3254
G01 X26.2813Y45.3905
G01 X26.1746Y45.4404
G01 X26.0730Y45.4768
G01 X25.9493Y45.5078
G01 X25.8425Y45.5236
G01 X25.7249Y45.5299
G01 X25.5975Y45.5236
G01 X25.4895Y45.5076
G01 X25.3764Y45.4796
G01 X25.2563Y45.4367
G01 X25.1501Y45.3859
G01 X25.0575Y45.3304
G01 X24.9550Y45.2544
G01 X24.8750Y45.1819
G01 X24.7956Y45.0950
G01 X24.7196Y44.9925
G01 X24.6595Y44.8913
G01 X24.6133Y44.7937
G01 X24.5732Y44.6830
G01 X24.5441Y44.5689
G01 X24.5254Y44.4427
G01 X24.5200Y44.3300
G01 X24.5200Y43.0600
G01 X24.5264Y42.9375
G01 X24.5425Y42.8291
G01 X24.5630Y42.7459
G01 X23.2724Y41.4551
G01 X23.2332Y41.4112
G01 X23.2039Y41.3718
G01 X23.1733Y41.3215
G01 X23.1439Y41.2594
G01 X23.1245Y41.2038
G01 X23.1107Y41.1466
G01 X23.1035Y41.0981
G01 X23.1000Y41.0344
G01 X23.1000Y34.6360
G01 X23.1027Y34.5821
G00 Z3.0000
G00 X24.5552Y35.4866
G01 Z-0.1600
G01 X24.5155Y35.5529
G01 X24.5039Y35.5746
G01 X24.4577Y35.6722
G01 X24.4500Y35.6909
G01 X24.4500Y35.4496
G01 X24.4703Y35.4598
G01 X24.5045Y35.4733
G01 X24.5280Y35.4805
G01 X24.5552Y35.4866
G00 Z3.0000
G00 X24.5056Y36.0873
G01 Z-0.1600
G01 X24.5064Y36.0775
G01 X24.5241Y35.9611
G01 X24.5532Y35.8470
G01 X24.5896Y35.7454
G01 X24.6441Y35.6301
G01 X24.7051Y35.5293
G01 X24.7756Y35.4350
G01 X24.8550Y35.3481
G01 X24.9426Y35.2694
G01 X25.0300Y35.2046
G01 X25.1301Y35.1441
G01 X25.2454Y35.0896
G01 X25.3564Y35.0504
G01 X25.4707Y35.0222
G01 X25.5775Y35.0064
G01 X25.6951Y35.0001
G01 X25.8127Y35.0054
G01 X25.9293Y35.0222
G01 X26.0436Y35.0504
G01 X26.1546Y35.0896
G01 X26.2699Y35.1441
G01 X26.3707Y35.2051
G01 X26.4574Y35.2694
G01 X26.5450Y35.3481
G01 X26.6244Y35.4350
G01 X26.7004Y35.5375
G01 X26.7605Y35.6387
G01 X26.8067Y35.7363
G01 X26.8496Y35.8564
G01 X26.8778Y35.9707
G01 X26.8936Y36.0775
G01 X26.8999Y36.2049
G01 X26.8936Y36.3225
G01 X26.8775Y36.4309
G01 X26.8468Y36.5530
G01 X26.8067Y36.6637
G01 X26.7605Y36.7613
G01 X26.6949Y36.8707
G01 X26.6244Y36.9650
G01 X26.5500Y37.0469
G01 X26.5500Y39.7888
G01 X28.7087Y41.9474
G01 X28.7237Y41.9533
G01 X28.8213Y41.9995
G01 X28.9225Y42.0596
G01 X29.0174Y42.1294
G01 X29.1119Y42.2150
G01 X29.1906Y42.3026
G01 X29.2549Y42.3893
G01 X29.3205Y42.4987
G01 X29.3704Y42.6054
G01 X29.4068Y42.7070
G01 X29.4378Y42.8307
G01 X29.4546Y42.9473
G01 X29.4600Y43.0600
G01 X29.4600Y44.3300
G01 X29.4536Y44.4525
G01 X29.4375Y44.5609
G01 X29.4096Y44.6736
G01 X29.3667Y44.7937
G01 X29.3159Y44.8999
G01 X29.2549Y45.0007
G01 X29.1844Y45.0950
G01 X29.1050Y45.1819
G01 X29.0174Y45.2606
G01 X28.9300Y45.3254
G01 X28.8299Y45.3859
G01 X28.7237Y45.4367
G01 X28.6036Y45.4796
G01 X28.4893Y45.5078
G01 X28.3727Y45.5246
G01 X28.2551Y45.5299
G01 X28.1375Y45.5236
G01 X28.0295Y45.5076
G01 X27.9164Y45.4796
G01 X27.7963Y45.4367
G01 X27.6901Y45.3859
G01 X27.5975Y45.3304
G01 X27.4950Y45.2544
G01 X27.4081Y45.1750
G01 X27.3294Y45.0874
G01 X27.2646Y45.0000
G01 X27.2041Y44.8999
G01 X27.1496Y44.7846
G01 X27.1104Y44.6736
G01 X27.0841Y44.5689
G01 X27.0654Y44.4427
G01 X27.0600Y44.3300
G01 X27.0600Y43.0600
G01 X27.0664Y42.9375
G01 X27.0825Y42.8291
G01 X27.1030Y42.7459
G01 X25.0990Y40.7419
G01 X25.0461Y40.6838
G01 X24.9956Y40.6164
G01 X24.9528Y40.5458
G01 X24.9167Y40.4706
G01 X24.8881Y40.3923
G01 X24.8674Y40.3115
G01 X24.8547Y40.2290
G01 X24.8500Y40.1408
G01 X24.8500Y37.0469
G01 X24.7756Y36.9650
G01 X24.7046Y36.8700
G01 X24.6395Y36.7613
G01 X24.5896Y36.6546
G01 X24.5504Y36.5436
G01 X24.5222Y36.4293
G01 X24.5064Y36.3225
G01 X24.5001Y36.2049
G01 X24.5056Y36.0873
G00 Z3.0000
G00 X24.5750Y37.1532
G01 Z-0.1600
G01 X24.5750Y40.1408
G01 X24.5791Y40.2328
G01 X24.5827Y40.2694
G01 X24.5935Y40.3422
G01 X24.6007Y40.3783
G01 X24.6185Y40.4497
G01 X24.6292Y40.4849
G01 X24.6540Y40.5542
G01 X24.6681Y40.5882
G01 X24.6996Y40.6547
G01 X24.7169Y40.6872
G01 X24.7548Y40.7503
G01 X24.7734Y40.7784
G01 X24.8190Y40.8400
G01 X24.8429Y40.8680
G01 X24.8424Y40.8685
G01 X24.9045Y40.9363
G01 X25.5620Y41.5939
G01 X25.5051Y41.6021
G01 X24.5750Y40.6720
G01 X24.5750Y37.1532
G00 Z3.0000
G00 X19.3500Y36.9304
G01 Z-0.1600
G01 X19.3297Y36.9202
G01 X19.2955Y36.9067
G01 X19.2720Y36.8996
G01 X19.2375Y36.8921
G01 X19.2645Y36.8471
G01 X19.2761Y36.8254
G01 X19.3223Y36.7278
G01 X19.3317Y36.7052
G01 X19.3500Y36.6540
G01 X19.3500Y36.9304
G00 Z3.0000
G00 X19.3500Y35.7460
G01 Z-0.1600
G01 X19.3317Y35.6948
G01 X19.3223Y35.6722
G01 X19.2761Y35.5746
G01 X19.2645Y35.5529
G01 X19.2090Y35.4603
G01 X19.1966Y35.4416
G01 X19.1311Y35.3532
G01 X19.1156Y35.3343
G01 X19.0800Y35.2951
G01 X19.0800Y33.5284
G01 X19.3500Y33.2584
G01 X19.3500Y35.7460
G00 Z3.0000
G00 X19.2250Y35.2711
G01 Z-0.1600
G01 X19.2050Y35.2468
G01 X19.2050Y33.5802
G01 X19.2250Y33.5602
G01 X19.2250Y35.2711
G00 Z3.0000
G00 X16.8856Y36.0873
G01 Z-0.1600
G01 X16.8864Y36.0775
G01 X16.9041Y35.9611
G01 X16.9332Y35.8470
G01 X16.9733Y35.7363
G01 X17.0241Y35.6301
G01 X17.0851Y35.5293
G01 X17.1556Y35.4350
G01 X17.2300Y35.3531
G01 X17.2300Y33.1142
G01 X17.2337Y33.0357
G01 X17.2457Y32.9520
G01 X17.2681Y32.8628
G01 X17.2967Y32.7844
G01 X17.3282Y32.7179
G01 X17.3706Y32.6461
G01 X17.4199Y32.5788
G01 X17.4790Y32.5131
G01 X22.7500Y27.2421
G01 X22.7500Y26.4000
G01 X22.6172Y26.3997
G01 X22.4744Y26.3883
G01 X22.3313Y26.3544
G01 X22.3163Y26.3496
G01 X22.1827Y26.2939
G01 X22.0519Y26.2138
G01 X21.9356Y26.1144
G01 X21.8411Y26.0043
G01 X21.8318Y25.9916
G01 X21.7563Y25.8676
G01 X21.7004Y25.7337
G01 X21.6956Y25.7187
G01 X21.6620Y25.5775
G01 X21.6500Y25.4250
G01 X21.6500Y22.5750
G01 X21.6617Y22.4244
G01 X21.6956Y22.2813
G01 X21.7004Y22.2663
G01 X21.7530Y22.1395
G01 X21.7601Y22.1255
G01 X21.8362Y22.0019
G01 X21.9302Y21.8913
G01 X21.9413Y21.8802
G01 X22.0500Y21.7876
G01 X22.1755Y21.7101
G01 X22.1895Y21.7030
G01 X22.3196Y21.6491
G01 X22.3313Y21.6456
G01 X22.4725Y21.6120
G01 X22.6250Y21.6000
G01 X24.3750Y21.6000
G01 X24.5256Y21.6117
G01 X24.6555Y21.6424
G01 X26.1490Y20.1489
G01 X26.2071Y20.0961
G01 X26.2744Y20.0456
G01 X26.3537Y19.9982
G01 X26.4293Y19.9629
G01 X26.4986Y19.9381
G01 X26.5890Y19.9155
G01 X26.6716Y19.9037
G01 X26.7500Y19.9000
G01 X30.1309Y19.9000
G01 X30.2191Y19.9047
G01 X30.2931Y19.9157
G01 X30.3730Y19.9353
G01 X30.4607Y19.9667
G01 X30.5359Y20.0028
G01 X30.6072Y20.0461
G01 X30.6663Y20.0899
G01 X30.7320Y20.1489
G01 X35.2830Y24.7000
G01 X44.6500Y24.7000
G01 X44.6500Y22.5750
G01 X44.6611Y22.4303
G01 X44.6635Y22.4148
G01 X44.6977Y22.2737
G01 X44.7561Y22.1327
G01 X44.8362Y22.0019
G01 X44.9302Y21.8913
G01 X44.9413Y21.8802
G01 X45.0500Y21.7876
G01 X45.1755Y21.7101
G01 X45.1895Y21.7030
G01 X45.3163Y21.6504
G01 X45.3313Y21.6456
G01 X45.4725Y21.6120
G01 X45.6172Y21.6003
G01 X47.3750Y21.6000
G01 X47.5197Y21.6111
G01 X47.5352Y21.6135
G01 X47.6763Y21.6477
G01 X47.7423Y21.6747
G01 X49.2680Y20.1489
G01 X49.3261Y20.0961
G01 X49.3935Y20.0456
G01 X49.4641Y20.0028
G01 X49.5484Y19.9629
G01 X49.6270Y19.9353
G01 X49.6984Y19.9174
G01 X49.7809Y19.9047
G01 X49.8642Y19.9001
G01 X53.1359Y19.9001
G01 X53.2191Y19.9047
G01 X53.2931Y19.9157
G01 X53.3730Y19.9353
G01 X53.4607Y19.9667
G01 X53.5359Y20.0028
G01 X53.6072Y20.0461
G01 X53.6663Y20.0899
G01 X53.7320Y20.1489
G01 X58.2830Y24.7000
G01 X67.6500Y24.7000
G01 X67.6500Y22.5750
G01 X67.6611Y22.4303
G01 X67.6635Y22.4148
G01 X67.6977Y22.2737
G01 X67.7561Y22.1327
G01 X67.8362Y22.0019
G01 X67.9356Y21.8856
G01 X68.0500Y21.7876
G01 X68.0584Y21.7818
G01 X68.1824Y21.7063
G01 X68.3196Y21.6491
G01 X68.3313Y21.6456
G01 X68.4648Y21.6135
G01 X68.4803Y21.6111
G01 X68.6250Y21.6000
G01 X70.3750Y21.6000
G01 X70.5256Y21.6117
G01 X70.6555Y21.6424
G01 X72.1490Y20.1489
G01 X72.2071Y20.0961
G01 X72.2819Y20.0406
G01 X72.3537Y19.9982
G01 X72.4202Y19.9667
G01 X72.5080Y19.9353
G01 X72.5890Y19.9155
G01 X72.6716Y19.9037
G01 X72.7500Y19.9000
G01 X76.3500Y19.9000
G01 X76.4382Y19.9047
G01 X76.5122Y19.9157
G01 X76.5920Y19.9353
G01 X76.6798Y19.9667
G01 X76.7549Y20.0028
G01 X76.8262Y20.0461
G01 X76.8854Y20.0899
G01 X76.9510Y20.1489
G01 X81.5021Y24.7000
G01 X90.6500Y24.7000
G01 X90.6500Y22.5750
G01 X90.6617Y22.4244
G01 X90.6956Y22.2813
G01 X90.7004Y22.2663
G01 X90.7561Y22.1327
G01 X90.8318Y22.0084
G01 X90.8411Y21.9957
G01 X90.9356Y21.8856
G01 X91.0457Y21.7911
G01 X91.0584Y21.7818
G01 X91.1824Y21.7063
G01 X91.3196Y21.6491
G01 X91.3313Y21.6456
G01 X91.4725Y21.6120
G01 X91.6172Y21.6003
G01 X93.3750Y21.6000
G01 X93.5197Y21.6111
G01 X93.5352Y21.6135
G01 X93.6763Y21.6477
G01 X93.8173Y21.7061
G01 X93.9481Y21.7862
G01 X94.0644Y21.8856
G01 X94.1624Y22.0000
G01 X94.1682Y22.0084
G01 X94.2437Y22.1324
G01 X94.3009Y22.2696
G01 X94.3044Y22.2813
G01 X94.3380Y22.4225
G01 X94.3500Y22.5750
G01 X94.3500Y25.4250
G01 X94.3389Y25.5697
G01 X94.3365Y25.5852
G01 X94.3023Y25.7263
G01 X94.2439Y25.8673
G01 X94.1638Y25.9981
G01 X94.0644Y26.1144
G01 X93.9500Y26.2124
G01 X93.9416Y26.2182
G01 X93.8176Y26.2937
G01 X93.6804Y26.3509
G01 X93.6687Y26.3544
G01 X93.5352Y26.3865
G01 X93.5197Y26.3889
G01 X93.3750Y26.4000
G01 X81.1500Y26.4000
G01 X81.0618Y26.3953
G01 X80.9794Y26.3826
G01 X80.8986Y26.3619
G01 X80.8293Y26.3371
G01 X80.7450Y26.2972
G01 X80.6738Y26.2539
G01 X80.6146Y26.2101
G01 X80.5490Y26.1510
G01 X75.9979Y21.6000
G01 X73.1021Y21.6000
G01 X71.3500Y23.3521
G01 X71.3500Y25.4250
G01 X71.3383Y25.5756
G01 X71.3023Y25.7263
G01 X71.2439Y25.8673
G01 X71.1638Y25.9981
G01 X71.0644Y26.1144
G01 X70.9500Y26.2124
G01 X70.9416Y26.2182
G01 X70.8176Y26.2937
G01 X70.6804Y26.3509
G01 X70.6687Y26.3544
G01 X70.5275Y26.3880
G01 X70.3750Y26.4000
G01 X70.7789Y26.4000
G01 X72.6500Y24.5289
G01 X72.6500Y22.5750
G01 X72.6617Y22.4244
G01 X72.6977Y22.2737
G01 X72.7561Y22.1327
G01 X72.8362Y22.0019
G01 X72.9356Y21.8856
G01 X73.0457Y21.7911
G01 X73.0584Y21.7818
G01 X73.1755Y21.7101
G01 X73.1895Y21.7030
G01 X73.3196Y21.6491
G01 X73.3313Y21.6456
G01 X73.4648Y21.6135
G01 X73.4803Y21.6111
G01 X73.6250Y21.6000
G01 X75.3750Y21.6000
G01 X75.5256Y21.6117
G01 X75.6763Y21.6477
G01 X75.8105Y21.7030
G01 X75.8245Y21.7101
G01 X75.9481Y21.7862
G01 X76.0587Y21.8802
G01 X76.0698Y21.8913
G01 X76.1624Y22.0000
G01 X76.1682Y22.0084
G01 X76.2437Y22.1324
G01 X76.3009Y22.2696
G01 X76.3044Y22.2813
G01 X76.3380Y22.4225
G01 X76.3500Y22.5750
G01 X76.3500Y25.4250
G01 X76.3383Y25.5756
G01 X76.3023Y25.7263
G01 X76.2439Y25.8673
G01 X76.1638Y25.9981
G01 X76.0644Y26.1144
G01 X75.9543Y26.2089
G01 X75.9416Y26.2182
G01 X75.8245Y26.2899
G01 X75.8105Y26.2970
G01 X75.6804Y26.3509
G01 X75.6687Y26.3544
G01 X75.5352Y26.3865
G01 X75.5197Y26.3889
G01 X75.3750Y26.4000
G01 X73.6250Y26.4000
G01 X73.4744Y26.3883
G01 X73.3237Y26.3523
G01 X73.1895Y26.2970
G01 X73.1755Y26.2899
G01 X73.0584Y26.2182
G01 X73.0457Y26.2089
G01 X72.9356Y26.1144
G01 X72.8552Y26.0208
G01 X71.4481Y27.4276
G01 X71.4042Y27.4668
G01 X71.3641Y27.4965
G01 X71.3059Y27.5314
G01 X71.2524Y27.5561
G01 X71.2062Y27.5726
G01 X71.1396Y27.5893
G01 X71.0813Y27.5975
G01 X71.0274Y27.6000
G01 X50.4456Y27.6000
G01 X49.4213Y28.6243
G01 X49.3787Y28.6630
G01 X49.3294Y28.6996
G01 X49.2842Y28.7268
G01 X49.2250Y28.7550
G01 X49.1718Y28.7740
G01 X49.1189Y28.7874
G01 X49.0510Y28.7975
G01 X48.9971Y28.8000
G01 X28.6874Y28.8000
G01 X23.1000Y34.3875
G01 X23.1000Y41.8638
G01 X23.1849Y41.8601
G01 X23.2927Y41.8654
G01 X23.4189Y41.8841
G01 X23.5330Y41.9132
G01 X23.6346Y41.9496
G01 X23.7499Y42.0041
G01 X23.8507Y42.0651
G01 X23.9374Y42.1294
G01 X24.0319Y42.2150
G01 X24.1106Y42.3026
G01 X24.1749Y42.3893
G01 X24.2405Y42.4987
G01 X24.2904Y42.6054
G01 X24.3296Y42.7164
G01 X24.3578Y42.8307
G01 X24.3746Y42.9473
G01 X24.3800Y43.0600
G01 X24.3800Y44.3300
G01 X24.3736Y44.4525
G01 X24.3559Y44.5689
G01 X24.3268Y44.6830
G01 X24.2904Y44.7846
G01 X24.2405Y44.8913
G01 X24.1804Y44.9925
G01 X24.1106Y45.0874
G01 X24.0319Y45.1750
G01 X23.9374Y45.2606
G01 X23.8500Y45.3254
G01 X23.7413Y45.3905
G01 X23.6346Y45.4404
G01 X23.5236Y45.4796
G01 X23.4189Y45.5059
G01 X23.2927Y45.5246
G01 X23.1751Y45.5299
G01 X23.0575Y45.5236
G01 X22.9495Y45.5076
G01 X22.8364Y45.4796
G01 X22.7163Y45.4367
G01 X22.6101Y45.3859
G01 X22.5175Y45.3304
G01 X22.4150Y45.2544
G01 X22.3281Y45.1750
G01 X22.2494Y45.0874
G01 X22.1846Y45.0000
G01 X22.1241Y44.8999
G01 X22.0696Y44.7846
G01 X22.0304Y44.6736
G01 X22.0041Y44.5689
G01 X21.9854Y44.4427
G01 X21.9800Y44.3300
G01 X21.9800Y43.2984
G01 X21.9686Y43.2784
G01 X21.9477Y43.2341
G01 X21.9245Y43.1694
G01 X21.9107Y43.1122
G01 X21.9035Y43.0637
G01 X21.9000Y43.0000
G01 X21.9000Y34.1389
G01 X21.9035Y34.0753
G01 X21.9109Y34.0251
G01 X21.9245Y33.9695
G01 X21.9477Y33.9048
G01 X21.9733Y33.8518
G01 X22.0039Y33.8016
G01 X22.0332Y33.7622
G01 X22.0757Y33.7147
G01 X28.0146Y27.7758
G01 X28.0573Y27.7370
G01 X28.1066Y27.7005
G01 X28.1590Y27.6694
G01 X28.2048Y27.6477
G01 X28.2641Y27.6260
G01 X28.3267Y27.6107
G01 X28.3816Y27.6028
G01 X28.4389Y27.6000
G01 X48.7485Y27.6000
G01 X49.7728Y26.5757
G01 X49.8203Y26.5332
G01 X49.8679Y26.4985
G01 X49.9186Y26.4686
G01 X49.9630Y26.4477
G01 X50.0182Y26.4274
G01 X50.0752Y26.4126
G01 X50.1334Y26.4035
G01 X50.1971Y26.4000
G01 X50.6250Y26.4000
G01 X50.4744Y26.3883
G01 X50.3237Y26.3523
G01 X50.1827Y26.2939
G01 X50.1030Y26.2455
G01 X48.9243Y27.4243
G01 X48.8843Y27.4606
G01 X48.8292Y27.5015
G01 X48.7784Y27.5314
G01 X48.7250Y27.5561
G01 X48.6694Y27.5755
G01 X48.6218Y27.5874
G01 X48.5539Y27.5975
G01 X48.5000Y27.6000
G01 X28.1904Y27.6000
G01 X21.9000Y33.8904
G01 X21.9000Y43.0000
G01 X21.8965Y43.0637
G01 X21.8874Y43.1218
G01 X21.8726Y43.1788
G01 X21.8561Y43.2250
G01 X21.8400Y43.2601
G01 X21.8400Y44.3300
G01 X21.8336Y44.4525
G01 X21.8175Y44.5609
G01 X21.7896Y44.6736
G01 X21.7504Y44.7846
G01 X21.7005Y44.8913
G01 X21.6404Y44.9925
G01 X21.5706Y45.0874
G01 X21.4919Y45.1750
G01 X21.4050Y45.2544
G01 X21.3100Y45.3254
G01 X21.2013Y45.3905
G01 X21.0946Y45.4404
G01 X20.9836Y45.4796
G01 X20.8693Y45.5078
G01 X20.7527Y45.5246
G01 X20.6351Y45.5299
G01 X20.5175Y45.5236
G01 X20.4095Y45.5076
G01 X20.2964Y45.4796
G01 X20.1763Y45.4367
G01 X20.0701Y45.3859
G01 X19.9693Y45.3249
G01 X19.8826Y45.2606
G01 X19.7950Y45.1819
G01 X19.7094Y45.0874
G01 X19.6396Y44.9925
G01 X19.5795Y44.8913
G01 X19.5333Y44.7937
G01 X19.4932Y44.6830
G01 X19.4622Y44.5593
G01 X19.4464Y44.4525
G01 X19.4401Y44.3349
G01 X19.4401Y43.0551
G01 X19.4464Y42.9375
G01 X19.4624Y42.8295
G01 X19.4932Y42.7070
G01 X19.5333Y42.5963
G01 X19.5841Y42.4901
G01 X19.6451Y42.3893
G01 X19.7156Y42.2950
G01 X19.7950Y42.2081
G01 X19.8826Y42.1294
G01 X19.9700Y42.0646
G01 X20.0787Y41.9995
G01 X20.1854Y41.9496
G01 X20.2964Y41.9104
G01 X20.4107Y41.8822
G01 X20.5273Y41.8654
G01 X20.6351Y41.8601
G01 X20.7000Y41.8628
G01 X20.7000Y33.6419
G01 X20.7025Y33.5880
G01 X20.7109Y33.5280
G01 X20.7245Y33.4724
G01 X20.7439Y33.4168
G01 X20.7686Y33.3634
G01 X20.7985Y33.3127
G01 X20.8332Y33.2651
G01 X20.8757Y33.2176
G01 X27.5176Y26.5757
G01 X27.5651Y26.5332
G01 X27.6127Y26.4985
G01 X27.6634Y26.4687
G01 X27.7168Y26.4439
G01 X27.7724Y26.4245
G01 X27.8296Y26.4107
G01 X27.8879Y26.4025
G01 X27.9418Y26.4000
G01 X48.2515Y26.4000
G01 X49.6500Y25.0015
G01 X49.6500Y22.5750
G01 X49.6617Y22.4244
G01 X49.6977Y22.2737
G01 X49.7561Y22.1327
G01 X49.8362Y22.0019
G01 X49.9356Y21.8856
G01 X50.0500Y21.7876
G01 X50.0584Y21.7818
G01 X50.1824Y21.7063
G01 X50.3196Y21.6491
G01 X50.3313Y21.6456
G01 X50.4725Y21.6120
G01 X50.6250Y21.6000
G01 X52.3750Y21.6000
G01 X52.5256Y21.6117
G01 X52.6687Y21.6456
G01 X52.6837Y21.6504
G01 X52.8105Y21.7030
G01 X52.8245Y21.7101
G01 X52.9481Y21.7862
G01 X53.0644Y21.8856
G01 X53.1589Y21.9957
G01 X53.1682Y22.0084
G01 X53.2437Y22.1324
G01 X53.3009Y22.2696
G01 X53.3044Y22.2813
G01 X53.3380Y22.4225
G01 X53.3500Y22.5750
G01 X53.3500Y25.4250
G01 X53.3389Y25.5697
G01 X53.3365Y25.5852
G01 X53.3044Y25.7187
G01 X53.2996Y25.7337
G01 X53.2439Y25.8673
G01 X53.1682Y25.9916
G01 X53.1589Y26.0043
G01 X53.0644Y26.1144
G01 X52.9543Y26.2089
G01 X52.9416Y26.2182
G01 X52.8176Y26.2937
G01 X52.6804Y26.3509
G01 X52.6687Y26.3544
G01 X52.5275Y26.3880
G01 X52.3750Y26.4000
G01 X68.6250Y26.4000
G01 X57.9309Y26.4000
G01 X57.8428Y26.3953
G01 X57.7687Y26.3843
G01 X57.6889Y26.3647
G01 X57.6012Y26.3333
G01 X57.5260Y26.2972
G01 X57.4547Y26.2539
G01 X57.3956Y26.2101
G01 X57.3299Y26.1510
G01 X52.7789Y21.6000
G01 X50.2211Y21.6000
G01 X48.3500Y23.4711
G01 X48.3500Y25.4250
G01 X48.3389Y25.5697
G01 X48.3365Y25.5852
G01 X48.3023Y25.7263
G01 X48.2439Y25.8673
G01 X48.1638Y25.9981
G01 X48.0698Y26.1087
G01 X48.0587Y26.1198
G01 X47.9500Y26.2124
G01 X47.8245Y26.2899
G01 X47.8105Y26.2970
G01 X47.6837Y26.3496
G01 X47.6687Y26.3544
G01 X47.5275Y26.3880
G01 X47.3750Y26.4000
G01 X34.9310Y26.4000
G01 X34.8428Y26.3953
G01 X34.7688Y26.3843
G01 X34.6889Y26.3647
G01 X34.6103Y26.3371
G01 X34.5347Y26.3018
G01 X34.4547Y26.2539
G01 X34.3880Y26.2039
G01 X34.3335Y26.1544
G01 X29.7789Y21.6000
G01 X27.1021Y21.6000
G01 X25.3500Y23.3521
G01 X25.3500Y25.4250
G01 X25.3389Y25.5697
G01 X25.3365Y25.5852
G01 X25.3023Y25.7263
G01 X25.2439Y25.8673
G01 X25.1638Y25.9981
G01 X25.0698Y26.1087
G01 X25.0587Y26.1198
G01 X24.9500Y26.2124
G01 X24.8245Y26.2899
G01 X24.8105Y26.2970
G01 X24.6837Y26.3496
G01 X24.6687Y26.3544
G01 X24.5275Y26.3880
G01 X24.4500Y26.3944
G01 X24.4500Y27.5942
G01 X24.4463Y27.6726
G01 X24.4343Y27.7568
G01 X24.4119Y27.8456
G01 X24.3833Y27.9239
G01 X24.3518Y27.9905
G01 X24.3039Y28.0704
G01 X24.2539Y28.1371
G01 X24.2010Y28.1952
G01 X18.9300Y33.4662
G01 X18.9300Y35.3531
G01 X19.0044Y35.4350
G01 X19.0754Y35.5300
G01 X19.1359Y35.6301
G01 X19.1867Y35.7363
G01 X19.2268Y35.8470
G01 X19.2559Y35.9611
G01 X19.2736Y36.0775
G01 X19.2799Y36.1951
G01 X19.2736Y36.3225
G01 X19.2576Y36.4305
G01 X19.2268Y36.5530
G01 X19.1867Y36.6637
G01 X19.1405Y36.7613
G01 X19.0749Y36.8707
G01 X19.0106Y36.9574
G01 X18.9319Y37.0450
G01 X18.8450Y37.1244
G01 X18.7507Y37.1949
G01 X18.6499Y37.2559
G01 X18.5437Y37.3067
G01 X18.4236Y37.3496
G01 X18.3093Y37.3778
G01 X18.2025Y37.3936
G01 X18.0751Y37.3999
G01 X17.9575Y37.3936
G01 X17.8495Y37.3776
G01 X17.7364Y37.3496
G01 X17.6254Y37.3104
G01 X17.5101Y37.2559
G01 X17.4093Y37.1949
G01 X17.3226Y37.1306
G01 X17.2350Y37.0519
G01 X17.1556Y36.9650
G01 X17.0796Y36.8625
G01 X17.0195Y36.7613
G01 X16.9733Y36.6637
G01 X16.9332Y36.5530
G01 X16.9041Y36.4389
G01 X16.8854Y36.3127
G01 X16.8801Y36.1951
G01 X16.8856Y36.0873
G00 Z3.0000
G00 X5.8000Y27.6773
G01 Z-0.1600
G01 X5.7308Y28.0250
G01 X5.5951Y28.3526
G01 X5.3982Y28.6474
G01 X5.1474Y28.8982
G01 X4.8526Y29.0951
G01 X4.5250Y29.2308
G01 X4.1773Y29.3000
G01 X3.8227Y29.3000
G01 X3.4750Y29.2308
G01 X3.1474Y29.0951
G01 X2.8526Y28.8982
G01 X2.6018Y28.6474
G01 X2.4049Y28.3526
G01 X2.2692Y28.0250
G01 X2.2000Y27.6773
G01 X2.2000Y27.3227
G01 X2.2692Y26.9750
G01 X2.4049Y26.6474
G01 X2.6018Y26.3526
G01 X2.8526Y26.1018
G01 X3.1474Y25.9049
G01 X3.4750Y25.7692
G01 X3.8227Y25.7000
G01 X4.1773Y25.7000
G01 X4.5250Y25.7692
G01 X4.8526Y25.9049
G01 X5.1474Y26.1018
G01 X5.3982Y26.3526
G01 X5.5951Y26.6474
G01 X5.7308Y26.9750
G01 X5.8000Y27.3227
G01 X5.8000Y27.6773
G00 Z3.0000
G00 X5.8000Y89.1773
G01 Z-0.1600
G01 X5.7308Y89.5250
G01 X5.5951Y89.8526
G01 X5.3982Y90.1474
G01 X5.1474Y90.3982
G01 X4.8526Y90.5951
G01 X4.5250Y90.7308
G01 X4.1773Y90.8000
G01 X3.8227Y90.8000
G01 X3.4750Y90.7308
G01 X3.1474Y90.5951
G01 X2.8526Y90.3982
G01 X2.6018Y90.1474
G01 X2.4049Y89.8526
G01 X2.2692Y89.5250
G01 X2.2000Y89.1773
G01 X2.2000Y88.8227
G01 X2.2692Y88.4750
G01 X2.4049Y88.1474
G01 X2.6018Y87.8526
G01 X2.8526Y87.6018
G01 X3.1474Y87.4049
G01 X3.4750Y87.2692
G01 X3.8227Y87.2000
G01 X4.1773Y87.2000
G01 X4.5250Y87.2692
G01 X4.8526Y87.4049
G01 X5.1474Y87.6018
G01 X5.3982Y87.8526
G01 X5.5951Y88.1474
G01 X5.7308Y88.4750
G01 X5.8000Y88.8227
G01 X5.8000Y89.1773
G00 Z3.0000
G00 Z3.0000
G00 X0Y0
M05
G0 Z20
G0 X0 Y100