G0 Z20
G21
G90
G94
F300.00
G00 Z20.0000
M04 S40
G4 P1
G00 X-0.2500Y-1.4023
G01 Z20.0000
G01 X-0.0540Y-1.9500
G01 X-0.2500Y-1.9500
G01 X-0.2500Y93.2500
G01 X148.2500Y93.2500
G01 X148.2500Y-1.9500
G01 X-0.2500Y-1.9500
G00 Z20.0000
G00 X0.3703Y-1.9500
G01 Z20.0000
G01 X-0.2500Y-0.2164
G01 X-0.2500Y0.9695
G01 X0.7946Y-1.9500
G01 X1.2189Y-1.9500
G01 X-0.2500Y2.1554
G01 X-0.2500Y3.3413
G01 X1.6433Y-1.9500
G01 X2.0676Y-1.9500
G01 X-0.2500Y4.5272
G01 X-0.2500Y5.7131
G01 X2.4919Y-1.9500
G01 X2.9162Y-1.9500
G01 X-0.2500Y6.8990
G01 X-0.2500Y8.0849
G01 X3.3171Y-1.8844
G01 X3.3481Y-1.9500
G01 X3.7900Y-1.9500
G01 X3.6866Y-1.7313
G01 X-0.2500Y9.2708
G01 X-0.2500Y10.7279
G01 X-0.0235Y9.8237
G01 X4.0562Y-1.5783
G01 X4.2320Y-1.9500
G01 X4.6739Y-1.9500
G01 X4.4257Y-1.4252
G01 X0.3593Y9.9398
G01 X-0.2500Y12.3721
G01 X-0.2500Y14.0164
G01 X0.7420Y10.0560
G01 X2.7648Y4.4027
G00 Z20.0000
G00 X2.8828Y4.0729
G01 Z20.0000
G01 X4.7953Y-1.2721
G01 X5.1159Y-1.9500
G01 X5.5578Y-1.9500
G01 X5.1648Y-1.1191
G01 X3.4784Y3.5942
G00 Z20.0000
G00 X3.9185Y3.5500
G01 Z20.0000
G01 X5.5344Y-0.9660
G01 X5.9998Y-1.9500
G01 X6.4417Y-1.9500
G01 X5.9039Y-0.8129
G01 X4.3429Y3.5500
G01 X4.7672Y3.5500
G01 X6.2735Y-0.6598
G01 X6.8837Y-1.9500
G01 X7.3256Y-1.9500
G01 X6.6430Y-0.5068
G01 X5.1868Y3.5632
G00 Z20.0000
G00 X5.0250Y3.5500
G01 Z20.0000
G01 X5.0535Y3.5510
G01 X5.1425Y3.5574
G01 X5.1779Y3.5616
G01 X5.1990Y3.5655
G01 X5.2931Y3.5861
G01 X5.3206Y3.5937
G01 X5.3409Y3.6005
G01 X5.4311Y3.6343
G01 X5.4572Y3.6457
G01 X5.4763Y3.6554
G01 X5.5546Y3.6981
G01 X5.5851Y3.7167
G01 X5.6026Y3.7290
G01 X5.6740Y3.7824
G01 X5.6908Y3.7958
G01 X5.7120Y3.8149
G01 X5.7802Y3.8829
G01 X5.7949Y3.8985
G01 X5.8176Y3.9260
G01 X5.8710Y3.9974
G01 X5.8910Y4.0269
G01 X5.9019Y4.0454
G01 X5.9446Y4.1237
G01 X5.9602Y4.1557
G01 X5.9683Y4.1756
G01 X6.0018Y4.2659
G01 X6.0104Y4.2931
G01 X6.0155Y4.3139
G01 X6.0345Y4.4010
G01 X6.0405Y4.4362
G01 X6.0426Y4.4575
G01 X6.0490Y4.5465
G01 X6.0500Y4.5714
G01 X6.0500Y7.4250
G01 X6.0488Y7.4564
G01 X6.0411Y7.5542
G01 X6.0385Y7.5776
G01 X6.0313Y7.6161
G01 X6.0084Y7.7115
G01 X6.0021Y7.7342
G01 X5.9890Y7.7712
G01 X5.9514Y7.8618
G01 X5.9417Y7.8833
G01 X5.9250Y7.9144
G01 X5.8717Y8.0014
G01 X5.8587Y8.0210
G01 X5.8373Y8.0491
G01 X5.7685Y8.1297
G01 X5.7441Y8.1552
G01 X5.7267Y8.1711
G01 X5.6521Y8.2348
G01 X5.6338Y8.2495
G01 X5.6047Y8.2696
G01 X5.5144Y8.3250
G01 X5.4833Y8.3417
G01 X5.4618Y8.3514
G01 X5.3603Y8.3933
G01 X5.3229Y8.4054
G01 X5.2123Y8.4321
G01 X5.1776Y8.4385
G01 X5.1542Y8.4411
G01 X5.0368Y8.4498
G01 X3.7750Y8.4500
G01 X3.7436Y8.4488
G01 X3.6458Y8.4411
G01 X3.6224Y8.4385
G01 X3.5839Y8.4313
G01 X3.4885Y8.4084
G01 X3.4658Y8.4021
G01 X3.4288Y8.3890
G01 X3.3382Y8.3514
G01 X3.3167Y8.3417
G01 X3.2856Y8.3250
G01 X3.1953Y8.2696
G01 X3.1790Y8.2587
G01 X3.1569Y8.2423
G01 X3.0733Y8.1711
G01 X3.0448Y8.1441
G01 X3.0289Y8.1267
G01 X2.9627Y8.0491
G01 X2.9413Y8.0210
G01 X2.9283Y8.0014
G01 X2.8771Y7.9177
G01 X2.8583Y7.8833
G01 X2.8486Y7.8618
G01 X2.8110Y7.7712
G01 X2.8027Y7.7492
G01 X2.7916Y7.7115
G01 X2.7687Y7.6161
G01 X2.7640Y7.5931
G01 X2.7589Y7.5542
G01 X2.7512Y7.4564
G01 X2.7500Y7.4250
G01 X2.7500Y4.5711
G01 X2.7512Y4.5436
G01 X2.7589Y4.4458
G01 X2.7615Y4.4224
G01 X2.7687Y4.3839
G01 X2.7916Y4.2885
G01 X2.7979Y4.2658
G01 X2.8096Y4.2324
G01 X2.8501Y4.1346
G01 X2.8654Y4.1027
G01 X2.8771Y4.0823
G01 X2.9304Y3.9953
G01 X2.9505Y3.9662
G01 X2.9652Y3.9479
G01 X3.0289Y3.8733
G01 X3.0448Y3.8559
G01 X3.0703Y3.8315
G01 X3.1509Y3.7627
G01 X3.1790Y3.7413
G01 X3.1986Y3.7283
G01 X3.2856Y3.6750
G01 X3.3167Y3.6583
G01 X3.3382Y3.6486
G01 X3.4288Y3.6110
G01 X3.4658Y3.5979
G01 X3.4885Y3.5916
G01 X3.5839Y3.5687
G01 X3.6069Y3.5640
G01 X3.6458Y3.5589
G01 X3.7632Y3.5502
G01 X5.0250Y3.5500
G00 Z20.0000
G00 X5.5614Y3.7020
G01 Z20.0000
G01 X7.0126Y-0.3537
G01 X7.7676Y-1.9500
G01 X8.2095Y-1.9500
G01 X7.3821Y-0.2006
G01 X7.1939Y0.3255
G00 Z20.0000
G00 X7.6452Y0.2500
G01 Z20.0000
G01 X7.7517Y-0.0475
G01 X8.6515Y-1.9500
G01 X9.0934Y-1.9500
G01 X8.1213Y0.1055
G01 X8.0696Y0.2500
G01 X8.4949Y0.2500
G01 X9.5354Y-1.9500
G01 X9.9773Y-1.9500
G01 X8.9368Y0.2500
G01 X9.3788Y0.2500
G01 X10.4193Y-1.9500
G01 X10.8612Y-1.9500
G01 X9.8207Y0.2500
G01 X10.2627Y0.2500
G01 X11.3032Y-1.9500
G01 X11.7451Y-1.9500
G01 X10.6876Y0.2859
G00 Z20.0000
G00 X10.4250Y0.2500
G01 Z20.0000
G01 X10.4563Y0.2512
G01 X10.5542Y0.2589
G01 X10.5931Y0.2640
G01 X10.6162Y0.2687
G01 X10.7115Y0.2916
G01 X10.7492Y0.3027
G01 X10.7712Y0.3110
G01 X10.8618Y0.3486
G01 X10.8973Y0.3654
G01 X10.9177Y0.3771
G01 X11.0113Y0.4346
G01 X11.0337Y0.4505
G01 X11.0521Y0.4652
G01 X11.1297Y0.5315
G01 X11.1552Y0.5559
G01 X11.1711Y0.5733
G01 X11.2348Y0.6479
G01 X11.2495Y0.6663
G01 X11.2654Y0.6887
G01 X11.3229Y0.7823
G01 X11.3346Y0.8028
G01 X11.3467Y0.8274
G01 X11.3890Y0.9288
G01 X11.3973Y0.9508
G01 X11.4074Y0.9847
G01 X11.4338Y1.0953
G01 X11.4385Y1.1224
G01 X11.4407Y1.1419
G01 X11.4488Y1.2436
G01 X11.4500Y1.2750
G01 X11.4500Y2.5289
G01 X11.4488Y2.5564
G01 X11.4411Y2.6542
G01 X11.4360Y2.6931
G01 X11.4313Y2.7161
G01 X11.4084Y2.8115
G01 X11.3973Y2.8491
G01 X11.3890Y2.8712
G01 X11.3467Y2.9726
G01 X11.3346Y2.9972
G01 X11.3229Y3.0177
G01 X11.2717Y3.1014
G01 X11.2587Y3.1210
G01 X11.2373Y3.1491
G01 X11.1711Y3.2267
G01 X11.1552Y3.2441
G01 X11.1356Y3.2633
G01 X11.0431Y3.3423
G01 X11.0210Y3.3587
G01 X11.0047Y3.3696
G01 X10.9177Y3.4229
G01 X10.8973Y3.4346
G01 X10.8618Y3.4514
G01 X10.7712Y3.4890
G01 X10.7492Y3.4973
G01 X10.7115Y3.5084
G01 X10.6162Y3.5313
G01 X10.5931Y3.5360
G01 X10.5581Y3.5407
G01 X10.4525Y3.5490
G01 X10.4250Y3.5500
G01 X7.5554Y3.5495
G01 X7.4458Y3.5411
G01 X7.4224Y3.5385
G01 X7.3877Y3.5321
G01 X7.2885Y3.5084
G01 X7.2658Y3.5021
G01 X7.2397Y3.4933
G01 X7.1382Y3.4514
G01 X7.1167Y3.4417
G01 X7.0856Y3.4250
G01 X6.9953Y3.3696
G01 X6.9663Y3.3495
G01 X6.9509Y3.3373
G01 X6.8703Y3.2685
G01 X6.8448Y3.2441
G01 X6.8289Y3.2267
G01 X6.7577Y3.1431
G01 X6.7346Y3.1113
G01 X6.6771Y3.0177
G01 X6.6654Y2.9972
G01 X6.6486Y2.9618
G01 X6.6096Y2.8676
G01 X6.5979Y2.8342
G01 X6.5916Y2.8115
G01 X6.5679Y2.7123
G01 X6.5640Y2.6931
G01 X6.5600Y2.6659
G01 X6.5512Y2.5564
G01 X6.5500Y2.5250
G01 X6.5500Y1.2750
G01 X6.5512Y1.2436
G01 X6.5593Y1.1419
G01 X6.5640Y1.1069
G01 X6.5687Y1.0839
G01 X6.5926Y0.9847
G01 X6.5979Y0.9658
G01 X6.6096Y0.9324
G01 X6.6501Y0.8346
G01 X6.6654Y0.8028
G01 X6.6771Y0.7823
G01 X6.7346Y0.6887
G01 X6.7505Y0.6663
G01 X6.7652Y0.6479
G01 X6.8315Y0.5703
G01 X6.8559Y0.5448
G01 X6.8733Y0.5289
G01 X6.9569Y0.4577
G01 X6.9790Y0.4413
G01 X6.9953Y0.4304
G01 X7.0823Y0.3771
G01 X7.1027Y0.3654
G01 X7.1382Y0.3486
G01 X7.2288Y0.3110
G01 X7.2508Y0.3027
G01 X7.2885Y0.2916
G01 X7.3839Y0.2687
G01 X7.4069Y0.2640
G01 X7.4419Y0.2593
G01 X7.5475Y0.2510
G01 X7.5750Y0.2500
G01 X10.4250Y0.2500
G00 Z20.0000
G00 X11.0469Y0.4608
G01 Z20.0000
G01 X12.1871Y-1.9500
G01 X12.6290Y-1.9500
G01 X11.3306Y0.7954
G00 Z20.0000
G00 X11.4500Y1.4773
G01 Z20.0000
G01 X13.0710Y-1.9500
G01 X13.5129Y-1.9500
G01 X11.8168Y1.6363
G01 X11.4327Y2.7096
G00 Z20.0000
G00 X11.3218Y3.0196
G01 Z20.0000
G01 X10.2258Y6.0827
G00 Z20.0000
G00 X10.6618Y6.0500
G01 Z20.0000
G01 X12.1863Y1.7893
G01 X13.9549Y-1.9500
G01 X14.3968Y-1.9500
G01 X12.5559Y1.9424
G01 X11.0862Y6.0500
G01 X11.5105Y6.0500
G01 X12.9254Y2.0955
G01 X14.8388Y-1.9500
G01 X15.2807Y-1.9500
G01 X13.2950Y2.2486
G01 X11.9271Y6.0714
G00 Z20.0000
G00 X12.2964Y6.2253
G01 Z20.0000
G01 X13.6645Y2.4016
G01 X15.7227Y-1.9500
G01 X16.1646Y-1.9500
G01 X14.0341Y2.5547
G01 X12.6040Y6.5514
G00 Z20.0000
G00 X12.7500Y7.3294
G01 Z20.0000
G01 X14.4036Y2.7078
G01 X16.6066Y-1.9500
G01 X17.0485Y-1.9500
G01 X14.7732Y2.8609
G01 X13.2443Y7.1337
G00 Z20.0000
G00 X13.6986Y7.0500
G01 Z20.0000
G01 X15.1427Y3.0139
G01 X17.4905Y-1.9500
G01 X17.9324Y-1.9500
G01 X15.5123Y3.1670
G01 X14.1229Y7.0500
G01 X14.5473Y7.0500
G01 X15.8818Y3.3201
G01 X18.3744Y-1.9500
G01 X18.8163Y-1.9500
G01 X16.2514Y3.4731
G01 X14.9714Y7.0506
G00 Z20.0000
G00 X15.3646Y7.1374
G01 Z20.0000
G01 X16.6209Y3.6262
G01 X19.2583Y-1.9500
G01 X19.7003Y-1.9500
G01 X16.9905Y3.7793
G01 X15.7053Y7.3711
G00 Z20.0000
G00 X15.9640Y7.8342
G01 Z20.0000
G01 X17.3600Y3.9324
G01 X20.1422Y-1.9500
G01 X20.5842Y-1.9500
G01 X17.7296Y4.0854
G01 X16.0000Y8.9193
G01 X16.0000Y10.1052
G01 X18.0992Y4.2385
G01 X21.0261Y-1.9500
G01 X21.4681Y-1.9500
G01 X18.4687Y4.3916
G01 X14.9047Y14.3522
G01 X12.3343Y24.6141
G01 X10.7820Y35.0786
G01 X10.4660Y41.5103
G00 Z20.0000
G00 X10.8636Y41.5596
G01 Z20.0000
G01 X11.1801Y35.1178
G01 X12.7266Y24.6922
G01 X15.2875Y14.4683
G01 X18.8383Y4.5447
G01 X21.9100Y-1.9500
G01 X22.3520Y-1.9500
G01 X19.2078Y4.6977
G01 X15.6703Y14.5844
G01 X13.1189Y24.7702
G01 X11.5782Y35.1570
G01 X11.2558Y41.7195
G00 Z20.0000
G00 X11.6403Y42.0342
G01 Z20.0000
G01 X11.9762Y35.1962
G01 X13.5112Y24.8482
G01 X16.0531Y14.7005
G01 X19.5774Y4.8508
G01 X22.7939Y-1.9500
G01 X23.2359Y-1.9500
G01 X19.9469Y5.0039
G01 X16.9284Y13.4402
G00 Z20.0000
G00 X17.4159Y13.2635
G01 Z20.0000
G01 X20.3165Y5.1570
G01 X23.6778Y-1.9500
G01 X24.1198Y-1.9500
G01 X20.6860Y5.3100
G01 X17.8450Y13.2500
G01 X18.2694Y13.2500
G01 X21.0556Y5.4631
G01 X24.5617Y-1.9500
G01 X25.0037Y-1.9500
G01 X21.4251Y5.6162
G01 X18.6937Y13.2500
G01 X19.1180Y13.2500
G01 X21.7947Y5.7692
G01 X25.4456Y-1.9500
G01 X25.8876Y-1.9500
G01 X22.1642Y5.9223
G01 X19.5389Y13.2597
G00 Z20.0000
G00 X19.9260Y13.3638
G01 Z20.0000
G01 X22.5338Y6.0754
G01 X26.3295Y-1.9500
G01 X26.7715Y-1.9500
G01 X22.9033Y6.2285
G01 X20.2703Y13.5873
G00 Z20.0000
G00 X20.5600Y13.9635
G01 Z20.0000
G01 X23.2729Y6.3815
G01 X27.2134Y-1.9500
G01 X27.6554Y-1.9500
G01 X23.6424Y6.5346
G01 X20.7000Y14.7581
G00 Z20.0000
G00 X20.6988Y14.5186
G01 Z20.0000
G01 X20.7000Y14.5500
G01 X20.7000Y17.4539
G01 X20.6988Y17.4814
G01 X20.6877Y17.6222
G01 X20.6851Y17.6456
G01 X20.6779Y17.6842
G01 X20.6449Y17.8215
G01 X20.6387Y17.8442
G01 X20.6255Y17.8812
G01 X20.5715Y18.0117
G01 X20.5617Y18.0331
G01 X20.5430Y18.0676
G01 X20.4692Y18.1880
G01 X20.4562Y18.2077
G01 X20.4323Y18.2388
G01 X20.3406Y18.3462
G01 X20.3247Y18.3636
G01 X20.2962Y18.3906
G01 X20.1888Y18.4823
G01 X20.1704Y18.4970
G01 X20.1380Y18.5192
G01 X20.0176Y18.5930
G01 X19.9971Y18.6046
G01 X19.9617Y18.6215
G01 X19.8312Y18.6755
G01 X19.8091Y18.6838
G01 X19.7715Y18.6949
G01 X19.6342Y18.7279
G01 X19.6111Y18.7326
G01 X19.5722Y18.7377
G01 X19.4314Y18.7488
G01 X19.4000Y18.7500
G01 X17.6000Y18.7500
G01 X17.5686Y18.7488
G01 X17.4278Y18.7377
G01 X17.3889Y18.7326
G01 X17.3658Y18.7279
G01 X17.2247Y18.6939
G01 X17.1909Y18.6838
G01 X17.1688Y18.6755
G01 X17.0383Y18.6215
G01 X17.0169Y18.6117
G01 X16.9858Y18.5950
G01 X16.8620Y18.5192
G01 X16.8423Y18.5062
G01 X16.8142Y18.4848
G01 X16.7038Y18.3906
G01 X16.6864Y18.3747
G01 X16.6594Y18.3462
G01 X16.5677Y18.2388
G01 X16.5530Y18.2204
G01 X16.5308Y18.1880
G01 X16.4570Y18.0676
G01 X16.4454Y18.0471
G01 X16.4285Y18.0117
G01 X16.3745Y17.8812
G01 X16.3662Y17.8592
G01 X16.3551Y17.8215
G01 X16.3221Y17.6842
G01 X16.3174Y17.6611
G01 X16.3127Y17.6261
G01 X16.3012Y17.4814
G01 X16.3000Y17.4500
G01 X16.3000Y14.5500
G01 X16.3012Y14.5186
G01 X16.3123Y14.3778
G01 X16.3174Y14.3389
G01 X16.3221Y14.3158
G01 X16.3551Y14.1785
G01 X16.3662Y14.1409
G01 X16.3745Y14.1188
G01 X16.4285Y13.9883
G01 X16.4454Y13.9529
G01 X16.4570Y13.9324
G01 X16.5308Y13.8120
G01 X16.5530Y13.7796
G01 X16.5677Y13.7612
G01 X16.6594Y13.6538
G01 X16.6864Y13.6253
G01 X16.7038Y13.6094
G01 X16.8112Y13.5177
G01 X16.8423Y13.4938
G01 X16.8620Y13.4808
G01 X16.9824Y13.4070
G01 X17.0169Y13.3883
G01 X17.0383Y13.3785
G01 X17.1725Y13.3230
G01 X17.1909Y13.3162
G01 X17.2171Y13.3080
G01 X17.3658Y13.2721
G01 X17.4044Y13.2649
G01 X17.4278Y13.2623
G01 X17.5882Y13.2502
G01 X19.4000Y13.2500
G01 X19.4275Y13.2510
G01 X19.5761Y13.2627
G01 X19.6111Y13.2674
G01 X19.6342Y13.2721
G01 X19.7715Y13.3051
G01 X19.8091Y13.3162
G01 X19.8312Y13.3245
G01 X19.9617Y13.3785
G01 X19.9971Y13.3954
G01 X20.0176Y13.4070
G01 X20.1380Y13.4808
G01 X20.1577Y13.4938
G01 X20.1858Y13.5152
G01 X20.2962Y13.6094
G01 X20.3136Y13.6253
G01 X20.3380Y13.6509
G01 X20.4348Y13.7642
G01 X20.4562Y13.7923
G01 X20.4692Y13.8120
G01 X20.5490Y13.9426
G01 X20.5617Y13.9669
G01 X20.5699Y13.9847
G01 X20.6255Y14.1188
G01 X20.6338Y14.1408
G01 X20.6439Y14.1747
G01 X20.6779Y14.3158
G01 X20.6826Y14.3389
G01 X20.6873Y14.3739
G01 X20.6988Y14.5186
G01 X21.3000Y15.4531
G01 X21.0292Y16.2100
G01 X20.6933Y17.5508
G00 Z20.0000
G00 X20.5877Y17.9725
G01 Z20.0000
G01 X18.6113Y25.8627
G01 X17.2741Y34.8776
G00 Z20.0000
G00 X17.7047Y34.6976
G01 Z20.0000
G01 X19.0036Y25.9407
G01 X21.3000Y16.7730
G01 X20.7000Y15.9440
G01 X23.8000Y7.2801
G01 X23.8000Y8.4660
G01 X22.0430Y13.3766
G00 Z20.0000
G00 X22.5105Y13.2558
G01 Z20.0000
G01 X23.8000Y9.6519
G00 Z20.0000
G00 X23.9222Y10.4963
G01 Z20.0000
G01 X22.9369Y13.2500
G01 X23.3612Y13.2500
G01 X24.2051Y10.8916
G00 Z20.0000
G00 X24.5460Y11.1246
G01 Z20.0000
G01 X23.7856Y13.2500
G01 X24.2099Y13.2500
G01 X24.9298Y11.2378
G00 Z20.0000
G00 X25.3498Y11.2500
G01 Z20.0000
G01 X24.6269Y13.2705
G00 Z20.0000
G00 X25.0050Y13.3997
G01 Z20.0000
G01 X25.7741Y11.2500
G01 X26.1985Y11.2500
G01 X25.3390Y13.6520
G00 Z20.0000
G00 X25.6098Y14.0810
G01 Z20.0000
G01 X26.6228Y11.2500
G00 Z20.0000
G00 X27.0509Y11.2394
G01 Z20.0000
G01 X25.7000Y15.0149
G00 Z20.0000
G00 X25.6988Y14.5186
G01 Z20.0000
G01 X25.7000Y14.5500
G01 X25.7000Y17.4500
G01 X25.6990Y17.4775
G01 X25.6873Y17.6261
G01 X25.6826Y17.6611
G01 X25.6779Y17.6842
G01 X25.6449Y17.8215
G01 X25.6338Y17.8592
G01 X25.6255Y17.8812
G01 X25.5715Y18.0117
G01 X25.5546Y18.0471
G01 X25.5430Y18.0676
G01 X25.4692Y18.1880
G01 X25.4470Y18.2204
G01 X25.4323Y18.2388
G01 X25.3406Y18.3462
G01 X25.3136Y18.3747
G01 X25.2962Y18.3906
G01 X25.1858Y18.4848
G01 X25.1577Y18.5062
G01 X25.1380Y18.5192
G01 X25.0142Y18.5950
G01 X24.9831Y18.6117
G01 X24.9617Y18.6215
G01 X24.8312Y18.6755
G01 X24.8091Y18.6838
G01 X24.7753Y18.6939
G01 X24.6342Y18.7279
G01 X24.6111Y18.7326
G01 X24.5722Y18.7377
G01 X24.4314Y18.7488
G01 X24.4000Y18.7500
G01 X22.5882Y18.7498
G01 X22.4278Y18.7377
G01 X22.3889Y18.7326
G01 X22.3658Y18.7279
G01 X22.2285Y18.6949
G01 X22.1909Y18.6838
G01 X22.1688Y18.6755
G01 X22.0383Y18.6215
G01 X22.0029Y18.6046
G01 X21.9824Y18.5930
G01 X21.8620Y18.5192
G01 X21.8296Y18.4970
G01 X21.8112Y18.4823
G01 X21.7038Y18.3906
G01 X21.6753Y18.3636
G01 X21.6594Y18.3462
G01 X21.5677Y18.2388
G01 X21.5438Y18.2077
G01 X21.5308Y18.1880
G01 X21.4570Y18.0676
G01 X21.4383Y18.0331
G01 X21.4285Y18.0117
G01 X21.3730Y17.8776
G01 X21.3662Y17.8592
G01 X21.3580Y17.8329
G01 X21.3221Y17.6842
G01 X21.3149Y17.6456
G01 X21.3123Y17.6222
G01 X21.3012Y17.4814
G01 X21.3000Y17.4539
G01 X21.3000Y14.5500
G01 X21.3012Y14.5186
G01 X21.3127Y14.3739
G01 X21.3149Y14.3544
G01 X21.3196Y14.3273
G01 X21.3551Y14.1785
G01 X21.3613Y14.1558
G01 X21.3745Y14.1188
G01 X21.4301Y13.9847
G01 X21.4454Y13.9529
G01 X21.4570Y13.9324
G01 X21.5329Y13.8087
G01 X21.5438Y13.7923
G01 X21.5652Y13.7642
G01 X21.6620Y13.6509
G01 X21.6864Y13.6253
G01 X21.7038Y13.6094
G01 X21.8112Y13.5177
G01 X21.8423Y13.4938
G01 X21.8620Y13.4808
G01 X21.9824Y13.4070
G01 X22.0029Y13.3954
G01 X22.0383Y13.3785
G01 X22.1798Y13.3202
G01 X22.2058Y13.3113
G01 X22.2247Y13.3061
G01 X22.3658Y13.2721
G01 X22.3889Y13.2674
G01 X22.4278Y13.2623
G01 X22.5882Y13.2502
G01 X24.4118Y13.2502
G01 X24.5839Y13.2634
G01 X24.6111Y13.2674
G01 X24.6342Y13.2721
G01 X24.7715Y13.3051
G01 X24.7942Y13.3113
G01 X24.8275Y13.3230
G01 X24.9617Y13.3785
G01 X24.9831Y13.3883
G01 X25.0142Y13.4050
G01 X25.1380Y13.4808
G01 X25.1577Y13.4938
G01 X25.1888Y13.5177
G01 X25.2962Y13.6094
G01 X25.3136Y13.6253
G01 X25.3406Y13.6538
G01 X25.4348Y13.7642
G01 X25.4562Y13.7923
G01 X25.4692Y13.8120
G01 X25.5450Y13.9358
G01 X25.5546Y13.9529
G01 X25.5699Y13.9847
G01 X25.6298Y14.1297
G01 X25.6387Y14.1558
G01 X25.6449Y14.1785
G01 X25.6787Y14.3197
G01 X25.6851Y14.3544
G01 X25.6877Y14.3778
G01 X25.6988Y14.5186
G01 X26.3011Y14.5209
G01 X25.7000Y16.2008
G01 X26.3000Y15.7098
G01 X25.7000Y17.3867
G01 X26.3000Y16.8957
G01 X26.0053Y17.7195
G01 X25.0735Y21.4392
G00 Z20.0000
G00 X24.6997Y21.2871
G01 Z20.0000
G01 X25.4808Y18.1691
G00 Z20.0000
G00 X24.9549Y18.6243
G01 Z20.0000
G01 X24.2972Y21.2500
G01 X23.8853Y21.2500
G01 X24.5135Y18.7423
G00 Z20.0000
G00 X24.0997Y18.7500
G01 Z20.0000
G01 X23.4735Y21.2500
G01 X23.0616Y21.2500
G01 X23.6878Y18.7500
G01 X23.2760Y18.7500
G01 X22.6497Y21.2500
G00 Z20.0000
G00 X22.2238Y21.3063
G01 Z20.0000
G01 X22.8641Y18.7500
G00 Z20.0000
G00 X22.4548Y18.7398
G01 Z20.0000
G01 X21.7447Y21.5745
G00 Z20.0000
G00 X21.3000Y23.3500
G01 Z20.0000
G01 X20.5729Y26.2529
G01 X19.2482Y35.1829
G00 Z20.0000
G00 X18.8893Y34.8796
G01 Z20.0000
G01 X20.1805Y26.1748
G01 X22.0694Y18.6343
G00 Z20.0000
G00 X21.7160Y18.4009
G01 Z20.0000
G01 X19.7882Y26.0968
G01 X18.5104Y34.7113
G00 Z20.0000
G00 X18.1154Y34.6513
G01 Z20.0000
G01 X19.3959Y26.0188
G01 X21.4117Y17.9711
G01 X20.0209Y18.5909
G01 X18.2190Y25.7847
G01 X16.8045Y35.3201
G00 Z20.0000
G00 X16.5301Y36.2098
G01 Z20.0000
G01 X16.5305Y36.1804
G01 X16.5370Y36.0530
G01 X16.5399Y36.0286
G01 X16.5589Y35.9024
G01 X16.5641Y35.8785
G01 X16.5954Y35.7548
G01 X16.6029Y35.7314
G01 X16.6462Y35.6114
G01 X16.6559Y35.5889
G01 X16.7108Y35.4737
G01 X16.7227Y35.4523
G01 X16.7885Y35.3430
G01 X16.8025Y35.3228
G01 X16.8788Y35.2205
G01 X16.8947Y35.2018
G01 X16.9806Y35.1075
G01 X16.9982Y35.0904
G01 X17.0929Y35.0050
G01 X17.1122Y34.9898
G01 X17.2148Y34.9140
G01 X17.2355Y34.9007
G01 X17.3450Y34.8354
G01 X17.3669Y34.8242
G01 X17.4823Y34.7699
G01 X17.5052Y34.7609
G01 X17.6254Y34.7182
G01 X17.6490Y34.7115
G01 X17.7728Y34.6808
G01 X17.7970Y34.6764
G01 X17.9232Y34.6580
G01 X17.9477Y34.6560
G01 X18.0751Y34.6501
G01 X18.0996Y34.6505
G01 X18.2270Y34.6570
G01 X18.2514Y34.6599
G01 X18.3776Y34.6789
G01 X18.4015Y34.6841
G01 X18.5252Y34.7154
G01 X18.5486Y34.7229
G01 X18.6686Y34.7662
G01 X18.6911Y34.7759
G01 X18.8063Y34.8308
G01 X18.8277Y34.8427
G01 X18.9370Y34.9085
G01 X18.9572Y34.9225
G01 X19.0595Y34.9988
G01 X19.0782Y35.0147
G01 X19.1725Y35.1006
G01 X19.1896Y35.1182
G01 X19.2750Y35.2129
G01 X19.2902Y35.2322
G01 X19.3660Y35.3348
G01 X19.3793Y35.3555
G01 X19.4446Y35.4650
G01 X19.4558Y35.4869
G01 X19.5101Y35.6023
G01 X19.5191Y35.6252
G01 X19.5618Y35.7454
G01 X19.5685Y35.7690
G01 X19.5992Y35.8928
G01 X19.6036Y35.9170
G01 X19.6220Y36.0432
G01 X19.6240Y36.0677
G01 X19.6299Y36.1951
G01 X19.6295Y36.2196
G01 X19.6230Y36.3470
G01 X19.6201Y36.3714
G01 X19.6011Y36.4976
G01 X19.5959Y36.5215
G01 X19.5646Y36.6452
G01 X19.5571Y36.6686
G01 X19.5138Y36.7886
G01 X19.5041Y36.8111
G01 X19.4492Y36.9263
G01 X19.4373Y36.9477
G01 X19.3715Y37.0570
G01 X19.3575Y37.0772
G01 X19.2812Y37.1795
G01 X19.2653Y37.1982
G01 X19.1794Y37.2925
G01 X19.1618Y37.3096
G01 X19.0671Y37.3950
G01 X19.0478Y37.4102
G01 X18.9452Y37.4860
G01 X18.9245Y37.4993
G01 X18.8150Y37.5646
G01 X18.7931Y37.5758
G01 X18.6777Y37.6301
G01 X18.6548Y37.6391
G01 X18.5346Y37.6818
G01 X18.5110Y37.6885
G01 X18.3872Y37.7192
G01 X18.3630Y37.7236
G01 X18.2368Y37.7420
G01 X18.2123Y37.7440
G01 X18.0849Y37.7499
G01 X18.0604Y37.7495
G01 X17.9330Y37.7430
G01 X17.9086Y37.7401
G01 X17.7824Y37.7211
G01 X17.7585Y37.7159
G01 X17.6348Y37.6846
G01 X17.6114Y37.6771
G01 X17.4914Y37.6338
G01 X17.4689Y37.6241
G01 X17.3537Y37.5692
G01 X17.3323Y37.5573
G01 X17.2230Y37.4915
G01 X17.2028Y37.4775
G01 X17.1005Y37.4012
G01 X17.0818Y37.3853
G01 X16.9875Y37.2994
G01 X16.9704Y37.2818
G01 X16.8850Y37.1871
G01 X16.8698Y37.1678
G01 X16.7940Y37.0652
G01 X16.7807Y37.0445
G01 X16.7154Y36.9350
G01 X16.7042Y36.9131
G01 X16.6499Y36.7977
G01 X16.6409Y36.7748
G01 X16.5982Y36.6546
G01 X16.5915Y36.6310
G01 X16.5608Y36.5072
G01 X16.5564Y36.4830
G01 X16.5380Y36.3568
G01 X16.5360Y36.3323
G01 X16.5301Y36.2098
G00 Z20.0000
G00 X16.6930Y36.8895
G01 Z20.0000
G01 X16.4521Y41.7936
G00 Z20.0000
G00 X16.0619Y41.5948
G01 Z20.0000
G01 X16.3550Y35.6275
G01 X17.8267Y25.7066
G01 X19.5723Y18.7377
G00 Z20.0000
G00 X19.1573Y18.7500
G01 Z20.0000
G01 X17.4343Y25.6286
G01 X15.9570Y35.5883
G01 X15.6658Y41.5147
G00 Z20.0000
G00 X15.2646Y41.5385
G01 Z20.0000
G01 X15.5589Y35.5491
G01 X17.0420Y25.5506
G01 X18.7455Y18.7500
G01 X18.3336Y18.7500
G01 X16.6497Y25.4725
G01 X15.1608Y35.5099
G01 X14.8577Y41.6791
G00 Z20.0000
G00 X14.4426Y41.9868
G01 Z20.0000
G01 X14.7627Y35.4707
G01 X16.2574Y25.3945
G01 X17.9218Y18.7500
G00 Z20.0000
G00 X17.5113Y18.7443
G01 Z20.0000
G01 X15.8651Y25.3165
G01 X14.3647Y35.4315
G01 X14.0469Y41.9007
G00 Z20.0000
G00 X13.6592Y41.6492
G01 Z20.0000
G01 X13.9666Y35.3923
G01 X15.4728Y25.2384
G01 X17.1216Y18.6559
G00 Z20.0000
G00 X16.7635Y18.4415
G01 Z20.0000
G01 X15.0805Y25.1604
G01 X13.5685Y35.3531
G01 X13.2650Y41.5308
G00 Z20.0000
G00 X12.8657Y41.5178
G01 Z20.0000
G01 X13.1704Y35.3139
G01 X14.6881Y25.0823
G01 X16.4488Y18.0534
G00 Z20.0000
G00 X16.3000Y17.0032
G01 Z20.0000
G01 X14.2958Y25.0043
G01 X12.7724Y35.2746
G01 X12.4609Y41.6153
G00 Z20.0000
G00 X12.0492Y41.8520
G01 Z20.0000
G01 X12.3743Y35.2354
G01 X13.9035Y24.9263
G01 X16.3000Y15.3590
G01 X15.3724Y11.8594
G01 X14.5220Y14.2361
G01 X11.9419Y24.5361
G01 X10.3839Y35.0394
G01 X10.0632Y41.5679
G00 Z20.0000
G00 X9.6543Y41.7494
G01 Z20.0000
G01 X9.9859Y35.0002
G01 X11.5496Y24.4581
G01 X14.1392Y14.1199
G01 X14.9156Y11.9500
G01 X14.4913Y11.9500
G01 X13.7564Y14.0038
G01 X11.1573Y24.3800
G01 X9.5878Y34.9610
G01 X9.2352Y42.1388
G00 Z20.0000
G00 X8.8514Y41.8079
G01 Z20.0000
G01 X9.1897Y34.9218
G01 X10.7650Y24.3020
G01 X13.3736Y13.8877
G01 X14.0670Y11.9500
G00 Z20.0000
G00 X13.6427Y11.9499
G01 Z20.0000
G01 X12.9909Y13.7716
G01 X10.3727Y24.2239
G01 X8.7916Y34.8826
G01 X8.4615Y41.6018
G00 Z20.0000
G00 X8.0658Y41.5157
G01 Z20.0000
G01 X8.3936Y34.8434
G01 X9.9804Y24.1459
G01 X12.6081Y13.6555
G01 X13.2478Y11.8677
G00 Z20.0000
G00 X12.9050Y11.6397
G01 Z20.0000
G01 X12.2253Y13.5394
G01 X9.5881Y24.0679
G01 X7.9955Y34.8042
G01 X7.6648Y41.5353
G00 Z20.0000
G00 X7.2582Y41.6694
G01 Z20.0000
G01 X7.5974Y34.7650
G01 X9.1957Y23.9898
G01 X11.8425Y13.4233
G01 X12.6418Y11.1896
G01 X12.3925Y10.7003
G01 X11.4598Y13.3072
G01 X8.8034Y23.9118
G01 X7.1993Y34.7258
G01 X6.8437Y41.9643
G01 X6.4460Y41.9180
G01 X6.8013Y34.6865
G01 X8.4111Y23.8338
G01 X11.0770Y13.1910
G01 X11.8833Y10.9375
G00 Z20.0000
G00 X11.4545Y10.9500
G01 Z20.0000
G01 X10.6942Y13.0749
G01 X8.0188Y23.7557
G01 X6.4032Y34.6473
G01 X6.0588Y41.6585
G00 Z20.0000
G00 X5.6649Y41.5337
G01 Z20.0000
G01 X6.0051Y34.6081
G01 X7.6265Y23.6777
G01 X10.3114Y12.9588
G01 X11.0302Y10.9500
G01 X10.6059Y10.9500
G01 X9.9287Y12.8427
G01 X7.2342Y23.5997
G01 X5.6070Y34.5689
G01 X5.2657Y41.5161
G00 Z20.0000
G00 X5.3804Y41.5105
G01 Z20.0000
G01 X5.4196Y41.5105
G01 X5.5470Y41.5170
G01 X5.5714Y41.5199
G01 X5.6830Y41.5364
G01 X5.7215Y41.5441
G01 X5.8452Y41.5754
G01 X5.8686Y41.5829
G01 X5.9748Y41.6209
G01 X6.0111Y41.6359
G01 X6.1263Y41.6908
G01 X6.1477Y41.7027
G01 X6.2445Y41.7607
G01 X6.2652Y41.7740
G01 X6.3678Y41.8498
G01 X6.3982Y41.8747
G01 X6.4854Y41.9538
G01 X6.5096Y41.9782
G01 X6.5950Y42.0729
G01 X6.6102Y42.0922
G01 X6.6700Y42.1727
G01 X6.7298Y42.0922
G01 X6.7450Y42.0729
G01 X6.8304Y41.9782
G01 X6.8582Y41.9504
G01 X6.9418Y41.8747
G01 X6.9605Y41.8588
G01 X7.0748Y41.7740
G01 X7.0955Y41.7607
G01 X7.1923Y41.7027
G01 X7.2269Y41.6842
G01 X7.3289Y41.6359
G01 X7.3514Y41.6262
G01 X7.4714Y41.5829
G01 X7.5090Y41.5715
G01 X7.6185Y41.5441
G01 X7.6424Y41.5389
G01 X7.7832Y41.5180
G01 X7.8077Y41.5160
G01 X7.9204Y41.5105
G01 X7.9596Y41.5105
G01 X8.0723Y41.5160
G01 X8.0968Y41.5180
G01 X8.2279Y41.5372
G01 X8.2615Y41.5441
G01 X8.3852Y41.5754
G01 X8.4086Y41.5829
G01 X8.5286Y41.6262
G01 X8.5511Y41.6359
G01 X8.6663Y41.6908
G01 X8.6877Y41.7027
G01 X8.7970Y41.7685
G01 X8.8172Y41.7825
G01 X8.9195Y41.8588
G01 X8.9382Y41.8747
G01 X9.0325Y41.9606
G01 X9.0496Y41.9782
G01 X9.1350Y42.0729
G01 X9.1502Y42.0922
G01 X9.2100Y42.1727
G01 X9.2698Y42.0922
G01 X9.2850Y42.0729
G01 X9.3704Y41.9782
G01 X9.3946Y41.9538
G01 X9.4818Y41.8747
G01 X9.5122Y41.8498
G01 X9.6148Y41.7740
G01 X9.6355Y41.7607
G01 X9.7365Y41.7002
G01 X9.7669Y41.6842
G01 X9.8823Y41.6299
G01 X9.9052Y41.6209
G01 X10.0114Y41.5829
G01 X10.0348Y41.5754
G01 X10.1585Y41.5441
G01 X10.1824Y41.5389
G01 X10.3086Y41.5199
G01 X10.3477Y41.5160
G01 X10.4604Y41.5105
G01 X10.4849Y41.5101
G01 X10.6123Y41.5160
G01 X10.6514Y41.5199
G01 X10.7679Y41.5372
G01 X10.8015Y41.5441
G01 X10.9110Y41.5715
G01 X10.9346Y41.5782
G01 X11.0548Y41.6209
G01 X11.0911Y41.6359
G01 X11.2063Y41.6908
G01 X11.2277Y41.7027
G01 X11.3245Y41.7607
G01 X11.3572Y41.7825
G01 X11.4595Y41.8588
G01 X11.4782Y41.8747
G01 X11.5618Y41.9504
G01 X11.5896Y41.9782
G01 X11.6750Y42.0729
G01 X11.6902Y42.0922
G01 X11.7500Y42.1727
G01 X11.8098Y42.0922
G01 X11.8250Y42.0729
G01 X11.9104Y41.9782
G01 X11.9346Y41.9538
G01 X12.0218Y41.8747
G01 X12.0522Y41.8498
G01 X12.1548Y41.7740
G01 X12.1755Y41.7607
G01 X12.2723Y41.7027
G01 X12.3069Y41.6842
G01 X12.4223Y41.6299
G01 X12.4452Y41.6209
G01 X12.5654Y41.5782
G01 X12.5890Y41.5715
G01 X12.7128Y41.5408
G01 X12.7370Y41.5364
G01 X12.8632Y41.5180
G01 X12.8877Y41.5160
G01 X13.0004Y41.5105
G01 X13.0396Y41.5105
G01 X13.1670Y41.5170
G01 X13.1914Y41.5199
G01 X13.3030Y41.5364
G01 X13.3415Y41.5441
G01 X13.4652Y41.5754
G01 X13.4886Y41.5829
G01 X13.5948Y41.6209
G01 X13.6311Y41.6359
G01 X13.7463Y41.6908
G01 X13.7677Y41.7027
G01 X13.8645Y41.7607
G01 X13.8972Y41.7825
G01 X13.9995Y41.8588
G01 X14.0182Y41.8747
G01 X14.1018Y41.9504
G01 X14.1296Y41.9782
G01 X14.2150Y42.0729
G01 X14.2302Y42.0922
G01 X14.2900Y42.1727
G01 X14.3498Y42.0922
G01 X14.3650Y42.0729
G01 X14.4504Y41.9782
G01 X14.4782Y41.9504
G01 X14.5618Y41.8747
G01 X14.5805Y41.8588
G01 X14.6948Y41.7740
G01 X14.7155Y41.7607
G01 X14.8123Y41.7027
G01 X14.8469Y41.6842
G01 X14.9489Y41.6359
G01 X14.9714Y41.6262
G01 X15.0914Y41.5829
G01 X15.1290Y41.5715
G01 X15.2385Y41.5441
G01 X15.2624Y41.5389
G01 X15.4032Y41.5180
G01 X15.4277Y41.5160
G01 X15.5404Y41.5105
G01 X15.5796Y41.5105
G01 X15.6923Y41.5160
G01 X15.7168Y41.5180
G01 X15.8479Y41.5372
G01 X15.8815Y41.5441
G01 X16.0052Y41.5754
G01 X16.0286Y41.5829
G01 X16.1486Y41.6262
G01 X16.1711Y41.6359
G01 X16.2863Y41.6908
G01 X16.3077Y41.7027
G01 X16.4170Y41.7685
G01 X16.4372Y41.7825
G01 X16.5395Y41.8588
G01 X16.5582Y41.8747
G01 X16.6525Y41.9606
G01 X16.6696Y41.9782
G01 X16.7550Y42.0729
G01 X16.7702Y42.0922
G01 X16.8300Y42.1727
G01 X16.8898Y42.0922
G01 X16.9050Y42.0729
G01 X16.9904Y41.9782
G01 X17.0182Y41.9504
G01 X17.1018Y41.8747
G01 X17.1205Y41.8588
G01 X17.2228Y41.7825
G01 X17.2555Y41.7607
G01 X17.3523Y41.7027
G01 X17.3737Y41.6908
G01 X17.4889Y41.6359
G01 X17.5252Y41.6209
G01 X17.6314Y41.5829
G01 X17.6548Y41.5754
G01 X17.7785Y41.5441
G01 X17.8170Y41.5364
G01 X17.9286Y41.5199
G01 X17.9530Y41.5170
G01 X18.0804Y41.5105
G01 X18.1196Y41.5105
G01 X18.2372Y41.5163
G01 X18.2714Y41.5199
G01 X18.3976Y41.5389
G01 X18.4215Y41.5441
G01 X18.5452Y41.5754
G01 X18.5686Y41.5829
G01 X18.6748Y41.6209
G01 X18.6977Y41.6299
G01 X18.8131Y41.6842
G01 X18.8435Y41.7002
G01 X18.9445Y41.7607
G01 X18.9652Y41.7740
G01 X19.0678Y41.8498
G01 X19.0982Y41.8747
G01 X19.1854Y41.9538
G01 X19.2096Y41.9782
G01 X19.2950Y42.0729
G01 X19.3102Y42.0922
G01 X19.3700Y42.1727
G01 X19.4298Y42.0922
G01 X19.4450Y42.0729
G01 X19.5304Y41.9782
G01 X19.5546Y41.9538
G01 X19.6418Y41.8747
G01 X19.6722Y41.8498
G01 X19.7748Y41.7740
G01 X19.7955Y41.7607
G01 X19.8923Y41.7027
G01 X19.9137Y41.6908
G01 X20.0289Y41.6359
G01 X20.0652Y41.6209
G01 X20.1854Y41.5782
G01 X20.2090Y41.5715
G01 X20.3185Y41.5441
G01 X20.3570Y41.5364
G01 X20.4686Y41.5199
G01 X20.4930Y41.5170
G01 X20.6204Y41.5105
G01 X20.6596Y41.5105
G01 X20.7870Y41.5170
G01 X20.8114Y41.5199
G01 X20.9230Y41.5364
G01 X20.9568Y41.5430
G01 X21.0710Y41.5715
G01 X21.1086Y41.5829
G01 X21.2286Y41.6262
G01 X21.2511Y41.6359
G01 X21.3663Y41.6908
G01 X21.3877Y41.7027
G01 X21.4845Y41.7607
G01 X21.5052Y41.7740
G01 X21.6078Y41.8498
G01 X21.6382Y41.8747
G01 X21.7254Y41.9538
G01 X21.7496Y41.9782
G01 X21.8350Y42.0729
G01 X21.8502Y42.0922
G01 X21.9100Y42.1727
G01 X21.9698Y42.0922
G01 X21.9850Y42.0729
G01 X22.0704Y41.9782
G01 X22.0946Y41.9538
G01 X22.1818Y41.8747
G01 X22.2122Y41.8498
G01 X22.3148Y41.7740
G01 X22.3355Y41.7607
G01 X22.4323Y41.7027
G01 X22.4537Y41.6908
G01 X22.5689Y41.6359
G01 X22.6052Y41.6209
G01 X22.7254Y41.5782
G01 X22.7490Y41.5715
G01 X22.8585Y41.5441
G01 X22.8970Y41.5364
G01 X23.0232Y41.5180
G01 X23.0477Y41.5160
G01 X23.1604Y41.5105
G01 X23.1947Y41.5103
G01 X23.3123Y41.5160
G01 X23.3514Y41.5199
G01 X23.4776Y41.5389
G01 X23.5015Y41.5441
G01 X23.6110Y41.5715
G01 X23.6486Y41.5829
G01 X23.7686Y41.6262
G01 X23.7911Y41.6359
G01 X23.9063Y41.6908
G01 X23.9277Y41.7027
G01 X24.0245Y41.7607
G01 X24.0452Y41.7740
G01 X24.1478Y41.8498
G01 X24.1782Y41.8747
G01 X24.2654Y41.9538
G01 X24.2896Y41.9782
G01 X24.3750Y42.0729
G01 X24.3902Y42.0922
G01 X24.4500Y42.1727
G01 X24.5098Y42.0922
G01 X24.5250Y42.0729
G01 X24.6104Y41.9782
G01 X24.6346Y41.9538
G01 X24.7218Y41.8747
G01 X24.7522Y41.8498
G01 X24.8548Y41.7740
G01 X24.8755Y41.7607
G01 X24.9723Y41.7027
G01 X24.9937Y41.6908
G01 X25.1089Y41.6359
G01 X25.1452Y41.6209
G01 X25.2654Y41.5782
G01 X25.2890Y41.5715
G01 X25.3985Y41.5441
G01 X25.4370Y41.5364
G01 X25.5632Y41.5180
G01 X25.5877Y41.5160
G01 X25.7004Y41.5105
G01 X25.7347Y41.5103
G01 X25.8523Y41.5160
G01 X25.8914Y41.5199
G01 X26.0176Y41.5389
G01 X26.0415Y41.5441
G01 X26.1510Y41.5715
G01 X26.1886Y41.5829
G01 X26.3086Y41.6262
G01 X26.3311Y41.6359
G01 X26.4463Y41.6908
G01 X26.4677Y41.7027
G01 X26.5645Y41.7607
G01 X26.5852Y41.7740
G01 X26.6878Y41.8498
G01 X26.7182Y41.8747
G01 X26.8054Y41.9538
G01 X26.8296Y41.9782
G01 X26.9150Y42.0729
G01 X26.9302Y42.0922
G01 X26.9900Y42.1727
G01 X27.0498Y42.0922
G01 X27.0650Y42.0729
G01 X27.1504Y41.9782
G01 X27.1746Y41.9538
G01 X27.2618Y41.8747
G01 X27.2922Y41.8498
G01 X27.3948Y41.7740
G01 X27.4155Y41.7607
G01 X27.5123Y41.7027
G01 X27.5337Y41.6908
G01 X27.6489Y41.6359
G01 X27.6852Y41.6209
G01 X27.8054Y41.5782
G01 X27.8290Y41.5715
G01 X27.9385Y41.5441
G01 X27.9770Y41.5364
G01 X28.1032Y41.5180
G01 X28.1277Y41.5160
G01 X28.2404Y41.5105
G01 X28.2747Y41.5103
G01 X28.3923Y41.5160
G01 X28.4314Y41.5199
G01 X28.5576Y41.5389
G01 X28.5815Y41.5441
G01 X28.6910Y41.5715
G01 X28.7286Y41.5829
G01 X28.8486Y41.6262
G01 X28.8711Y41.6359
G01 X28.9863Y41.6908
G01 X29.0077Y41.7027
G01 X29.1045Y41.7607
G01 X29.1252Y41.7740
G01 X29.2278Y41.8498
G01 X29.2582Y41.8747
G01 X29.3454Y41.9538
G01 X29.3696Y41.9782
G01 X29.4550Y42.0729
G01 X29.4702Y42.0922
G01 X29.5300Y42.1727
G01 X29.5898Y42.0922
G01 X29.6050Y42.0729
G01 X29.7006Y41.9675
G01 X29.7182Y41.9504
G01 X29.8129Y41.8650
G01 X29.8322Y41.8498
G01 X29.8759Y41.8173
G01 X29.7782Y41.7287
G01 X29.7612Y41.7111
G01 X29.6920Y41.6347
G01 X29.6671Y41.6044
G01 X29.6028Y41.5177
G01 X29.5839Y41.4890
G01 X29.5309Y41.4006
G01 X29.5190Y41.3792
G01 X29.4683Y41.2728
G01 X29.4586Y41.2503
G01 X29.4139Y41.1256
G01 X29.4072Y41.1020
G01 X29.3822Y41.0020
G01 X29.3753Y40.9684
G01 X29.3594Y40.8616
G01 X29.3555Y40.8225
G01 X29.3504Y40.7172
G01 X29.3501Y40.6951
G01 X29.3566Y40.5628
G01 X29.3594Y40.5384
G01 X29.3770Y40.4219
G01 X29.3822Y40.3980
G01 X29.4072Y40.2980
G01 X29.4186Y40.2604
G01 X29.4533Y40.1634
G01 X29.4623Y40.1406
G01 X29.5190Y40.0208
G01 X29.5309Y39.9994
G01 X29.5839Y39.9110
G01 X29.6057Y39.8784
G01 X29.6671Y39.7956
G01 X29.6823Y39.7764
G01 X29.7713Y39.6782
G01 X29.7889Y39.6612
G01 X29.8653Y39.5920
G01 X29.8956Y39.5671
G01 X29.9784Y39.5057
G01 X29.9985Y39.4917
G01 X30.1122Y39.4236
G01 X30.1340Y39.4124
G01 X30.2272Y39.3683
G01 X30.2634Y39.3533
G01 X30.3604Y39.3186
G01 X30.3838Y39.3111
G01 X30.5123Y39.2789
G01 X30.5365Y39.2745
G01 X30.6384Y39.2594
G01 X30.6775Y39.2555
G01 X30.7804Y39.2505
G01 X30.8049Y39.2501
G01 X30.9372Y39.2566
G01 X30.9616Y39.2594
G01 X31.0635Y39.2745
G01 X31.1020Y39.2822
G01 X31.2020Y39.3072
G01 X31.2256Y39.3139
G01 X31.3503Y39.3586
G01 X31.3728Y39.3683
G01 X31.4660Y39.4124
G01 X31.5006Y39.4309
G01 X31.6015Y39.4917
G01 X31.6216Y39.5057
G01 X31.7044Y39.5671
G01 X31.7347Y39.5920
G01 X31.8111Y39.6612
G01 X31.8287Y39.6782
G01 X31.9177Y39.7764
G01 X31.9329Y39.7956
G01 X31.9943Y39.8784
G01 X32.0161Y39.9110
G01 X32.0691Y39.9994
G01 X32.0810Y40.0208
G01 X32.1377Y40.1406
G01 X32.1467Y40.1634
G01 X32.1814Y40.2604
G01 X32.1928Y40.2980
G01 X32.2178Y40.3980
G01 X32.2230Y40.4219
G01 X32.2406Y40.5384
G01 X32.2434Y40.5628
G01 X32.2499Y40.6951
G01 X32.2495Y40.7196
G01 X32.2445Y40.8225
G01 X32.2406Y40.8616
G01 X32.2247Y40.9684
G01 X32.2178Y41.0020
G01 X32.1928Y41.1020
G01 X32.1861Y41.1256
G01 X32.1414Y41.2503
G01 X32.1317Y41.2728
G01 X32.0810Y41.3792
G01 X32.0691Y41.4006
G01 X32.0161Y41.4890
G01 X31.9972Y41.5177
G01 X31.9329Y41.6044
G01 X31.9080Y41.6347
G01 X31.8388Y41.7111
G01 X31.8218Y41.7287
G01 X31.7241Y41.8173
G01 X31.7678Y41.8498
G01 X31.7871Y41.8650
G01 X31.8818Y41.9504
G01 X31.8994Y41.9675
G01 X31.9950Y42.0729
G01 X32.0102Y42.0922
G01 X32.0700Y42.1727
G01 X32.1298Y42.0922
G01 X32.1450Y42.0729
G01 X32.2304Y41.9782
G01 X32.2546Y41.9538
G01 X32.3418Y41.8747
G01 X32.3722Y41.8498
G01 X32.4748Y41.7740
G01 X32.4955Y41.7607
G01 X32.5923Y41.7027
G01 X32.6269Y41.6842
G01 X32.7423Y41.6299
G01 X32.7652Y41.6209
G01 X32.8854Y41.5782
G01 X32.9090Y41.5715
G01 X33.0328Y41.5408
G01 X33.0570Y41.5364
G01 X33.1832Y41.5180
G01 X33.2077Y41.5160
G01 X33.3204Y41.5105
G01 X33.3596Y41.5105
G01 X33.4870Y41.5170
G01 X33.5114Y41.5199
G01 X33.6230Y41.5364
G01 X33.6615Y41.5441
G01 X33.7710Y41.5715
G01 X33.7946Y41.5782
G01 X33.9148Y41.6209
G01 X33.9511Y41.6359
G01 X34.0531Y41.6842
G01 X34.0750Y41.6954
G01 X34.1845Y41.7607
G01 X34.2172Y41.7825
G01 X34.3195Y41.8588
G01 X34.3382Y41.8747
G01 X34.4218Y41.9504
G01 X34.4496Y41.9782
G01 X34.5350Y42.0729
G01 X34.5502Y42.0922
G01 X34.6100Y42.1727
G01 X34.6698Y42.0922
G01 X34.6850Y42.0729
G01 X34.7704Y41.9782
G01 X34.7982Y41.9504
G01 X34.8818Y41.8747
G01 X34.9005Y41.8588
G01 X35.0148Y41.7740
G01 X35.0355Y41.7607
G01 X35.1323Y41.7027
G01 X35.1669Y41.6842
G01 X35.2689Y41.6359
G01 X35.2914Y41.6262
G01 X35.4114Y41.5829
G01 X35.4490Y41.5715
G01 X35.5585Y41.5441
G01 X35.5824Y41.5389
G01 X35.7232Y41.5180
G01 X35.7477Y41.5160
G01 X35.8604Y41.5105
G01 X35.8996Y41.5105
G01 X36.0123Y41.5160
G01 X36.0368Y41.5180
G01 X36.1679Y41.5372
G01 X36.2015Y41.5441
G01 X36.3252Y41.5754
G01 X36.3486Y41.5829
G01 X36.4686Y41.6262
G01 X36.4911Y41.6359
G01 X36.6063Y41.6908
G01 X36.6277Y41.7027
G01 X36.7370Y41.7685
G01 X36.7572Y41.7825
G01 X36.8595Y41.8588
G01 X36.8782Y41.8747
G01 X36.9725Y41.9606
G01 X36.9896Y41.9782
G01 X37.0750Y42.0729
G01 X37.0902Y42.0922
G01 X37.1500Y42.1727
G01 X37.2098Y42.0922
G01 X37.2250Y42.0729
G01 X37.3104Y41.9782
G01 X37.3346Y41.9538
G01 X37.4218Y41.8747
G01 X37.4522Y41.8498
G01 X37.5548Y41.7740
G01 X37.5755Y41.7607
G01 X37.6723Y41.7027
G01 X37.6937Y41.6908
G01 X37.8089Y41.6359
G01 X37.8452Y41.6209
G01 X37.9654Y41.5782
G01 X37.9890Y41.5715
G01 X38.0985Y41.5441
G01 X38.1370Y41.5364
G01 X38.2632Y41.5180
G01 X38.2877Y41.5160
G01 X38.4004Y41.5105
G01 X38.4249Y41.5101
G01 X38.5523Y41.5160
G01 X38.5768Y41.5180
G01 X38.7030Y41.5364
G01 X38.7415Y41.5441
G01 X38.8510Y41.5715
G01 X38.8746Y41.5782
G01 X38.9948Y41.6209
G01 X39.0311Y41.6359
G01 X39.1463Y41.6908
G01 X39.1677Y41.7027
G01 X39.2645Y41.7607
G01 X39.2852Y41.7740
G01 X39.3878Y41.8498
G01 X39.4182Y41.8747
G01 X39.5054Y41.9538
G01 X39.5296Y41.9782
G01 X39.6150Y42.0729
G01 X39.6302Y42.0922
G01 X39.6900Y42.1727
G01 X39.7498Y42.0922
G01 X39.7650Y42.0729
G01 X39.8606Y41.9675
G01 X39.8782Y41.9504
G01 X39.9729Y41.8650
G01 X39.9922Y41.8498
G01 X40.0577Y41.8012
G01 X39.9889Y41.7388
G01 X39.9713Y41.7218
G01 X39.8920Y41.6347
G01 X39.8761Y41.6160
G01 X39.7971Y41.5096
G01 X39.7839Y41.4890
G01 X39.7309Y41.4006
G01 X39.7145Y41.3704
G01 X39.6683Y41.2728
G01 X39.6533Y41.2366
G01 X39.6186Y41.1396
G01 X39.6111Y41.1162
G01 X39.5810Y40.9973
G01 X39.5745Y40.9635
G01 X39.5594Y40.8616
G01 X39.5555Y40.8225
G01 X39.5504Y40.7172
G01 X39.5501Y40.6951
G01 X39.5555Y40.5775
G01 X39.5575Y40.5530
G01 X39.5770Y40.4219
G01 X39.5822Y40.3980
G01 X39.6072Y40.2980
G01 X39.6186Y40.2604
G01 X39.6533Y40.1634
G01 X39.6663Y40.1316
G01 X39.7190Y40.0208
G01 X39.7309Y39.9994
G01 X39.7839Y39.9110
G01 X39.8057Y39.8784
G01 X39.8671Y39.7956
G01 X39.8823Y39.7764
G01 X39.9713Y39.6782
G01 X39.9889Y39.6612
G01 X40.0653Y39.5920
G01 X40.0956Y39.5671
G01 X40.1784Y39.5057
G01 X40.1985Y39.4917
G01 X40.3122Y39.4236
G01 X40.3340Y39.4124
G01 X40.4272Y39.3683
G01 X40.4634Y39.3533
G01 X40.5604Y39.3186
G01 X40.5838Y39.3111
G01 X40.7123Y39.2789
G01 X40.7365Y39.2745
G01 X40.8384Y39.2594
G01 X40.8775Y39.2555
G01 X40.9853Y39.2503
G01 X41.0196Y39.2505
G01 X41.1372Y39.2566
G01 X41.1616Y39.2594
G01 X41.2635Y39.2745
G01 X41.3020Y39.2822
G01 X41.4020Y39.3072
G01 X41.4256Y39.3139
G01 X41.5503Y39.3586
G01 X41.5728Y39.3683
G01 X41.6660Y39.4124
G01 X41.7006Y39.4309
G01 X41.7890Y39.4839
G01 X41.8096Y39.4971
G01 X41.9160Y39.5761
G01 X41.9347Y39.5920
G01 X42.0111Y39.6612
G01 X42.0388Y39.6889
G01 X42.1080Y39.7653
G01 X42.1239Y39.7840
G01 X42.2029Y39.8904
G01 X42.2161Y39.9110
G01 X42.2691Y39.9994
G01 X42.2876Y40.0340
G01 X42.3317Y40.1272
G01 X42.3414Y40.1497
G01 X42.3861Y40.2744
G01 X42.3928Y40.2980
G01 X42.4178Y40.3980
G01 X42.4247Y40.4316
G01 X42.4406Y40.5384
G01 X42.4445Y40.5775
G01 X42.4495Y40.6804
G01 X42.4499Y40.7049
G01 X42.4445Y40.8225
G01 X42.4425Y40.8470
G01 X42.4230Y40.9781
G01 X42.4178Y41.0020
G01 X42.3928Y41.1020
G01 X42.3830Y41.1349
G01 X42.3467Y41.2366
G01 X42.3317Y41.2728
G01 X42.2876Y41.3660
G01 X42.2764Y41.3878
G01 X42.2083Y41.5015
G01 X42.1943Y41.5216
G01 X42.1239Y41.6160
G01 X42.1080Y41.6347
G01 X42.0388Y41.7111
G01 X42.0111Y41.7388
G01 X41.9311Y41.8113
G01 X41.9048Y41.8327
G01 X41.9317Y41.8527
G01 X41.9545Y41.8714
G01 X42.0418Y41.9504
G01 X42.0594Y41.9675
G01 X42.1550Y42.0729
G01 X42.1702Y42.0922
G01 X42.2300Y42.1727
G01 X42.2898Y42.0922
G01 X42.3050Y42.0729
G01 X42.3904Y41.9782
G01 X42.4146Y41.9538
G01 X42.5018Y41.8747
G01 X42.5322Y41.8498
G01 X42.6348Y41.7740
G01 X42.6555Y41.7607
G01 X42.7523Y41.7027
G01 X42.7737Y41.6908
G01 X42.8889Y41.6359
G01 X42.9114Y41.6262
G01 X43.0314Y41.5829
G01 X43.0690Y41.5715
G01 X43.1785Y41.5441
G01 X43.2024Y41.5389
G01 X43.3286Y41.5199
G01 X43.3677Y41.5160
G01 X43.4853Y41.5103
G01 X43.5196Y41.5105
G01 X43.6323Y41.5160
G01 X43.6568Y41.5180
G01 X43.7830Y41.5364
G01 X43.8215Y41.5441
G01 X43.9310Y41.5715
G01 X43.9546Y41.5782
G01 X44.0748Y41.6209
G01 X44.1111Y41.6359
G01 X44.2263Y41.6908
G01 X44.2477Y41.7027
G01 X44.3445Y41.7607
G01 X44.3652Y41.7740
G01 X44.4678Y41.8498
G01 X44.4982Y41.8747
G01 X44.5854Y41.9538
G01 X44.6096Y41.9782
G01 X44.6950Y42.0729
G01 X44.7102Y42.0922
G01 X44.7700Y42.1727
G01 X44.8298Y42.0922
G01 X44.8450Y42.0729
G01 X44.9304Y41.9782
G01 X44.9546Y41.9538
G01 X45.0418Y41.8747
G01 X45.0722Y41.8498
G01 X45.1748Y41.7740
G01 X45.1955Y41.7607
G01 X45.2923Y41.7027
G01 X45.3137Y41.6908
G01 X45.4289Y41.6359
G01 X45.4514Y41.6262
G01 X45.5714Y41.5829
G01 X45.6090Y41.5715
G01 X45.7185Y41.5441
G01 X45.7424Y41.5389
G01 X45.8686Y41.5199
G01 X45.9077Y41.5160
G01 X46.0253Y41.5103
G01 X46.0596Y41.5105
G01 X46.1723Y41.5160
G01 X46.1968Y41.5180
G01 X46.3230Y41.5364
G01 X46.3615Y41.5441
G01 X46.4710Y41.5715
G01 X46.4946Y41.5782
G01 X46.6148Y41.6209
G01 X46.6511Y41.6359
G01 X46.7663Y41.6908
G01 X46.7877Y41.7027
G01 X46.8845Y41.7607
G01 X46.9052Y41.7740
G01 X47.0078Y41.8498
G01 X47.0382Y41.8747
G01 X47.1254Y41.9538
G01 X47.1496Y41.9782
G01 X47.2350Y42.0729
G01 X47.2502Y42.0922
G01 X47.3100Y42.1727
G01 X47.3698Y42.0922
G01 X47.3850Y42.0729
G01 X47.4704Y41.9782
G01 X47.4946Y41.9538
G01 X47.5818Y41.8747
G01 X47.6122Y41.8498
G01 X47.7148Y41.7740
G01 X47.7355Y41.7607
G01 X47.8323Y41.7027
G01 X47.8537Y41.6908
G01 X47.9689Y41.6359
G01 X47.9914Y41.6262
G01 X48.1114Y41.5829
G01 X48.1490Y41.5715
G01 X48.2585Y41.5441
G01 X48.2824Y41.5389
G01 X48.4086Y41.5199
G01 X48.4428Y41.5163
G01 X48.5604Y41.5105
G01 X48.5996Y41.5105
G01 X48.7270Y41.5170
G01 X48.7514Y41.5199
G01 X48.8630Y41.5364
G01 X48.9015Y41.5441
G01 X49.0110Y41.5715
G01 X49.0346Y41.5782
G01 X49.1548Y41.6209
G01 X49.1911Y41.6359
G01 X49.3063Y41.6908
G01 X49.3277Y41.7027
G01 X49.4245Y41.7607
G01 X49.4452Y41.7740
G01 X49.5478Y41.8498
G01 X49.5782Y41.8747
G01 X49.6654Y41.9538
G01 X49.6896Y41.9782
G01 X49.7750Y42.0729
G01 X49.7902Y42.0922
G01 X49.8500Y42.1727
G01 X49.9098Y42.0922
G01 X49.9250Y42.0729
G01 X50.0104Y41.9782
G01 X50.0346Y41.9538
G01 X50.1218Y41.8747
G01 X50.1522Y41.8498
G01 X50.2548Y41.7740
G01 X50.2755Y41.7607
G01 X50.3723Y41.7027
G01 X50.3937Y41.6908
G01 X50.5089Y41.6359
G01 X50.5314Y41.6262
G01 X50.6514Y41.5829
G01 X50.6890Y41.5715
G01 X50.7985Y41.5441
G01 X50.8224Y41.5389
G01 X50.9486Y41.5199
G01 X50.9828Y41.5163
G01 X51.1004Y41.5105
G01 X51.1396Y41.5105
G01 X51.2670Y41.5170
G01 X51.2914Y41.5199
G01 X51.4030Y41.5364
G01 X51.4415Y41.5441
G01 X51.5510Y41.5715
G01 X51.5746Y41.5782
G01 X51.6948Y41.6209
G01 X51.7311Y41.6359
G01 X51.8463Y41.6908
G01 X51.8677Y41.7027
G01 X51.9645Y41.7607
G01 X51.9852Y41.7740
G01 X52.0878Y41.8498
G01 X52.1182Y41.8747
G01 X52.2054Y41.9538
G01 X52.2296Y41.9782
G01 X52.3150Y42.0729
G01 X52.3302Y42.0922
G01 X52.3900Y42.1727
G01 X52.4498Y42.0922
G01 X52.4650Y42.0729
G01 X52.5504Y41.9782
G01 X52.5746Y41.9538
G01 X52.6618Y41.8747
G01 X52.6922Y41.8498
G01 X52.7948Y41.7740
G01 X52.8155Y41.7607
G01 X52.9165Y41.7002
G01 X52.9469Y41.6842
G01 X53.0623Y41.6299
G01 X53.0852Y41.6209
G01 X53.1914Y41.5829
G01 X53.2148Y41.5754
G01 X53.3385Y41.5441
G01 X53.3624Y41.5389
G01 X53.4886Y41.5199
G01 X53.5277Y41.5160
G01 X53.6404Y41.5105
G01 X53.6649Y41.5101
G01 X53.7923Y41.5160
G01 X53.8314Y41.5199
G01 X53.9479Y41.5372
G01 X53.9815Y41.5441
G01 X54.0910Y41.5715
G01 X54.1146Y41.5782
G01 X54.2348Y41.6209
G01 X54.2711Y41.6359
G01 X54.3731Y41.6842
G01 X54.3950Y41.6954
G01 X54.5045Y41.7607
G01 X54.5372Y41.7825
G01 X54.6395Y41.8588
G01 X54.6582Y41.8747
G01 X54.7418Y41.9504
G01 X54.7696Y41.9782
G01 X54.8550Y42.0729
G01 X54.8702Y42.0922
G01 X54.9300Y42.1727
G01 X54.9898Y42.0922
G01 X55.0050Y42.0729
G01 X55.0904Y41.9782
G01 X55.1146Y41.9538
G01 X55.2018Y41.8747
G01 X55.2322Y41.8498
G01 X55.3348Y41.7740
G01 X55.3555Y41.7607
G01 X55.4565Y41.7002
G01 X55.4869Y41.6842
G01 X55.6023Y41.6299
G01 X55.6252Y41.6209
G01 X55.7314Y41.5829
G01 X55.7548Y41.5754
G01 X55.8785Y41.5441
G01 X55.9024Y41.5389
G01 X56.0286Y41.5199
G01 X56.0628Y41.5163
G01 X56.1804Y41.5105
G01 X56.2196Y41.5105
G01 X56.3470Y41.5170
G01 X56.3714Y41.5199
G01 X56.4830Y41.5364
G01 X56.5215Y41.5441
G01 X56.6310Y41.5715
G01 X56.6546Y41.5782
G01 X56.7748Y41.6209
G01 X56.8111Y41.6359
G01 X56.9131Y41.6842
G01 X56.9350Y41.6954
G01 X57.0445Y41.7607
G01 X57.0772Y41.7825
G01 X57.1795Y41.8588
G01 X57.1982Y41.8747
G01 X57.2818Y41.9504
G01 X57.3096Y41.9782
G01 X57.3950Y42.0729
G01 X57.4102Y42.0922
G01 X57.4700Y42.1727
G01 X57.5298Y42.0922
G01 X57.5450Y42.0729
G01 X57.6304Y41.9782
G01 X57.6546Y41.9538
G01 X57.7418Y41.8747
G01 X57.7722Y41.8498
G01 X57.8748Y41.7740
G01 X57.8955Y41.7607
G01 X57.9923Y41.7027
G01 X58.0269Y41.6842
G01 X58.1423Y41.6299
G01 X58.1652Y41.6209
G01 X58.2854Y41.5782
G01 X58.3090Y41.5715
G01 X58.4328Y41.5408
G01 X58.4570Y41.5364
G01 X58.5832Y41.5180
G01 X58.6077Y41.5160
G01 X58.7204Y41.5105
G01 X58.7596Y41.5105
G01 X58.8870Y41.5170
G01 X58.9114Y41.5199
G01 X59.0230Y41.5364
G01 X59.0615Y41.5441
G01 X59.1710Y41.5715
G01 X59.1946Y41.5782
G01 X59.3148Y41.6209
G01 X59.3511Y41.6359
G01 X59.4531Y41.6842
G01 X59.4750Y41.6954
G01 X59.5845Y41.7607
G01 X59.6172Y41.7825
G01 X59.7195Y41.8588
G01 X59.7382Y41.8747
G01 X59.8218Y41.9504
G01 X59.8496Y41.9782
G01 X59.9350Y42.0729
G01 X59.9502Y42.0922
G01 X60.0100Y42.1727
G01 X60.0698Y42.0922
G01 X60.0850Y42.0729
G01 X60.1704Y41.9782
G01 X60.1982Y41.9504
G01 X60.2818Y41.8747
G01 X60.3005Y41.8588
G01 X60.4148Y41.7740
G01 X60.4355Y41.7607
G01 X60.5323Y41.7027
G01 X60.5669Y41.6842
G01 X60.6689Y41.6359
G01 X60.6914Y41.6262
G01 X60.8114Y41.5829
G01 X60.8490Y41.5715
G01 X60.9585Y41.5441
G01 X60.9824Y41.5389
G01 X61.1232Y41.5180
G01 X61.1477Y41.5160
G01 X61.2604Y41.5105
G01 X61.2996Y41.5105
G01 X61.4123Y41.5160
G01 X61.4368Y41.5180
G01 X61.5679Y41.5372
G01 X61.6015Y41.5441
G01 X61.7252Y41.5754
G01 X61.7486Y41.5829
G01 X61.8686Y41.6262
G01 X61.8911Y41.6359
G01 X62.0063Y41.6908
G01 X62.0277Y41.7027
G01 X62.1370Y41.7685
G01 X62.1572Y41.7825
G01 X62.2595Y41.8588
G01 X62.2782Y41.8747
G01 X62.3725Y41.9606
G01 X62.3896Y41.9782
G01 X62.4750Y42.0729
G01 X62.4902Y42.0922
G01 X62.5500Y42.1727
G01 X62.6098Y42.0922
G01 X62.6250Y42.0729
G01 X62.7104Y41.9782
G01 X62.7382Y41.9504
G01 X62.8218Y41.8747
G01 X62.8405Y41.8588
G01 X62.9428Y41.7825
G01 X62.9755Y41.7607
G01 X63.0850Y41.6954
G01 X63.1069Y41.6842
G01 X63.2089Y41.6359
G01 X63.2452Y41.6209
G01 X63.3654Y41.5782
G01 X63.3890Y41.5715
G01 X63.4985Y41.5441
G01 X63.5370Y41.5364
G01 X63.6486Y41.5199
G01 X63.6730Y41.5170
G01 X63.8004Y41.5105
G01 X63.8396Y41.5105
G01 X63.9670Y41.5170
G01 X63.9914Y41.5199
G01 X64.1030Y41.5364
G01 X64.1415Y41.5441
G01 X64.2510Y41.5715
G01 X64.2746Y41.5782
G01 X64.3948Y41.6209
G01 X64.4311Y41.6359
G01 X64.5463Y41.6908
G01 X64.5677Y41.7027
G01 X64.6645Y41.7607
G01 X64.6852Y41.7740
G01 X64.7878Y41.8498
G01 X64.8182Y41.8747
G01 X64.9125Y41.9606
G01 X64.9296Y41.9782
G01 X65.0053Y42.0618
G01 X65.0302Y42.0922
G01 X65.1060Y42.1948
G01 X65.1193Y42.2155
G01 X65.1773Y42.3123
G01 X65.1937Y42.3425
G01 X65.2441Y42.4489
G01 X65.2538Y42.4714
G01 X65.2971Y42.5914
G01 X65.3046Y42.6148
G01 X65.3359Y42.7385
G01 X65.3411Y42.7624
G01 X65.3601Y42.8886
G01 X65.3630Y42.9130
G01 X65.3700Y43.0600
G01 X65.3695Y44.3496
G01 X65.3640Y44.4623
G01 X65.3620Y44.4868
G01 X65.3436Y44.6130
G01 X65.3392Y44.6372
G01 X65.3085Y44.7610
G01 X65.3018Y44.7846
G01 X65.2591Y44.9048
G01 X65.2501Y44.9277
G01 X65.1958Y45.0431
G01 X65.1846Y45.0650
G01 X65.1193Y45.1745
G01 X65.1060Y45.1952
G01 X65.0302Y45.2978
G01 X65.0150Y45.3171
G01 X64.9296Y45.4118
G01 X64.9125Y45.4294
G01 X64.8182Y45.5153
G01 X64.7995Y45.5312
G01 X64.6972Y45.6075
G01 X64.6770Y45.6215
G01 X64.5550Y45.6946
G01 X64.5331Y45.7058
G01 X64.4177Y45.7601
G01 X64.3948Y45.7691
G01 X64.2746Y45.8118
G01 X64.2510Y45.8185
G01 X64.1272Y45.8492
G01 X64.1030Y45.8536
G01 X63.9768Y45.8720
G01 X63.9523Y45.8740
G01 X63.8347Y45.8797
G01 X63.8004Y45.8795
G01 X63.6877Y45.8740
G01 X63.6632Y45.8720
G01 X63.5370Y45.8536
G01 X63.4985Y45.8459
G01 X63.3890Y45.8185
G01 X63.3654Y45.8118
G01 X63.2452Y45.7691
G01 X63.2089Y45.7541
G01 X63.0937Y45.6992
G01 X63.0723Y45.6873
G01 X62.9755Y45.6293
G01 X62.9548Y45.6160
G01 X62.8522Y45.5402
G01 X62.8218Y45.5153
G01 X62.7346Y45.4362
G01 X62.7104Y45.4118
G01 X62.6250Y45.3171
G01 X62.6098Y45.2978
G01 X62.5500Y45.2173
G01 X62.4902Y45.2978
G01 X62.4750Y45.3171
G01 X62.3896Y45.4118
G01 X62.3654Y45.4362
G01 X62.2782Y45.5153
G01 X62.2478Y45.5402
G01 X62.1452Y45.6160
G01 X62.1245Y45.6293
G01 X62.0277Y45.6873
G01 X62.0063Y45.6992
G01 X61.8911Y45.7541
G01 X61.8548Y45.7691
G01 X61.7346Y45.8118
G01 X61.7110Y45.8185
G01 X61.6015Y45.8459
G01 X61.5630Y45.8536
G01 X61.4368Y45.8720
G01 X61.4123Y45.8740
G01 X61.2849Y45.8799
G01 X61.2604Y45.8795
G01 X61.1477Y45.8740
G01 X61.1232Y45.8720
G01 X60.9970Y45.8536
G01 X60.9585Y45.8459
G01 X60.8490Y45.8185
G01 X60.8254Y45.8118
G01 X60.7052Y45.7691
G01 X60.6689Y45.7541
G01 X60.5537Y45.6992
G01 X60.5323Y45.6873
G01 X60.4355Y45.6293
G01 X60.4148Y45.6160
G01 X60.3122Y45.5402
G01 X60.2818Y45.5153
G01 X60.1946Y45.4362
G01 X60.1704Y45.4118
G01 X60.0850Y45.3171
G01 X60.0698Y45.2978
G01 X60.0100Y45.2173
G01 X59.9502Y45.2978
G01 X59.9350Y45.3171
G01 X59.8496Y45.4118
G01 X59.8254Y45.4362
G01 X59.7382Y45.5153
G01 X59.7078Y45.5402
G01 X59.6052Y45.6160
G01 X59.5845Y45.6293
G01 X59.4877Y45.6873
G01 X59.4663Y45.6992
G01 X59.3511Y45.7541
G01 X59.3148Y45.7691
G01 X59.1946Y45.8118
G01 X59.1710Y45.8185
G01 X59.0615Y45.8459
G01 X59.0230Y45.8536
G01 X58.8968Y45.8720
G01 X58.8723Y45.8740
G01 X58.7449Y45.8799
G01 X58.7204Y45.8795
G01 X58.6077Y45.8740
G01 X58.5832Y45.8720
G01 X58.4570Y45.8536
G01 X58.4185Y45.8459
G01 X58.3090Y45.8185
G01 X58.2854Y45.8118
G01 X58.1652Y45.7691
G01 X58.1289Y45.7541
G01 X58.0137Y45.6992
G01 X57.9923Y45.6873
G01 X57.8955Y45.6293
G01 X57.8748Y45.6160
G01 X57.7722Y45.5402
G01 X57.7418Y45.5153
G01 X57.6546Y45.4362
G01 X57.6304Y45.4118
G01 X57.5450Y45.3171
G01 X57.5298Y45.2978
G01 X57.4700Y45.2173
G01 X57.4102Y45.2978
G01 X57.3950Y45.3171
G01 X57.3096Y45.4118
G01 X57.2854Y45.4362
G01 X57.1982Y45.5153
G01 X57.1678Y45.5402
G01 X57.0652Y45.6160
G01 X57.0445Y45.6293
G01 X56.9477Y45.6873
G01 X56.9263Y45.6992
G01 X56.8111Y45.7541
G01 X56.7748Y45.7691
G01 X56.6546Y45.8118
G01 X56.6310Y45.8185
G01 X56.5215Y45.8459
G01 X56.4830Y45.8536
G01 X56.3568Y45.8720
G01 X56.3323Y45.8740
G01 X56.2049Y45.8799
G01 X56.1804Y45.8795
G01 X56.0677Y45.8740
G01 X56.0432Y45.8720
G01 X55.9170Y45.8536
G01 X55.8785Y45.8459
G01 X55.7690Y45.8185
G01 X55.7454Y45.8118
G01 X55.6252Y45.7691
G01 X55.5889Y45.7541
G01 X55.4737Y45.6992
G01 X55.4523Y45.6873
G01 X55.3555Y45.6293
G01 X55.3348Y45.6160
G01 X55.2322Y45.5402
G01 X55.2018Y45.5153
G01 X55.1146Y45.4362
G01 X55.0904Y45.4118
G01 X55.0050Y45.3171
G01 X54.9898Y45.2978
G01 X54.9300Y45.2173
G01 X54.8702Y45.2978
G01 X54.8550Y45.3171
G01 X54.7696Y45.4118
G01 X54.7454Y45.4362
G01 X54.6582Y45.5153
G01 X54.6278Y45.5402
G01 X54.5252Y45.6160
G01 X54.5045Y45.6293
G01 X54.4077Y45.6873
G01 X54.3863Y45.6992
G01 X54.2711Y45.7541
G01 X54.2348Y45.7691
G01 X54.1146Y45.8118
G01 X54.0910Y45.8185
G01 X53.9815Y45.8459
G01 X53.9430Y45.8536
G01 X53.8168Y45.8720
G01 X53.7923Y45.8740
G01 X53.6649Y45.8799
G01 X53.6404Y45.8795
G01 X53.5277Y45.8740
G01 X53.5032Y45.8720
G01 X53.3770Y45.8536
G01 X53.3385Y45.8459
G01 X53.2290Y45.8185
G01 X53.2054Y45.8118
G01 X53.0852Y45.7691
G01 X53.0489Y45.7541
G01 X52.9337Y45.6992
G01 X52.9123Y45.6873
G01 X52.8155Y45.6293
G01 X52.7948Y45.6160
G01 X52.6922Y45.5402
G01 X52.6618Y45.5153
G01 X52.5746Y45.4362
G01 X52.5504Y45.4118
G01 X52.4650Y45.3171
G01 X52.4498Y45.2978
G01 X52.3900Y45.2173
G01 X52.3302Y45.2978
G01 X52.3150Y45.3171
G01 X52.2296Y45.4118
G01 X52.2054Y45.4362
G01 X52.1182Y45.5153
G01 X52.0878Y45.5402
G01 X51.9852Y45.6160
G01 X51.9645Y45.6293
G01 X51.8677Y45.6873
G01 X51.8463Y45.6992
G01 X51.7311Y45.7541
G01 X51.6948Y45.7691
G01 X51.5746Y45.8118
G01 X51.5510Y45.8185
G01 X51.4415Y45.8459
G01 X51.4030Y45.8536
G01 X51.2768Y45.8720
G01 X51.2523Y45.8740
G01 X51.1249Y45.8799
G01 X51.1004Y45.8795
G01 X50.9877Y45.8740
G01 X50.9632Y45.8720
G01 X50.8370Y45.8536
G01 X50.7985Y45.8459
G01 X50.6890Y45.8185
G01 X50.6654Y45.8118
G01 X50.5452Y45.7691
G01 X50.5089Y45.7541
G01 X50.3937Y45.6992
G01 X50.3723Y45.6873
G01 X50.2755Y45.6293
G01 X50.2548Y45.6160
G01 X50.1522Y45.5402
G01 X50.1218Y45.5153
G01 X50.0346Y45.4362
G01 X50.0104Y45.4118
G01 X49.9250Y45.3171
G01 X49.9098Y45.2978
G01 X49.8500Y45.2173
G01 X49.7902Y45.2978
G01 X49.7750Y45.3171
G01 X49.6896Y45.4118
G01 X49.6654Y45.4362
G01 X49.5782Y45.5153
G01 X49.5478Y45.5402
G01 X49.4452Y45.6160
G01 X49.4245Y45.6293
G01 X49.3277Y45.6873
G01 X49.3063Y45.6992
G01 X49.1911Y45.7541
G01 X49.1548Y45.7691
G01 X49.0346Y45.8118
G01 X49.0110Y45.8185
G01 X48.9015Y45.8459
G01 X48.8630Y45.8536
G01 X48.7368Y45.8720
G01 X48.7123Y45.8740
G01 X48.5849Y45.8799
G01 X48.5604Y45.8795
G01 X48.4477Y45.8740
G01 X48.4232Y45.8720
G01 X48.2970Y45.8536
G01 X48.2585Y45.8459
G01 X48.1490Y45.8185
G01 X48.1254Y45.8118
G01 X48.0052Y45.7691
G01 X47.9689Y45.7541
G01 X47.8537Y45.6992
G01 X47.8323Y45.6873
G01 X47.7355Y45.6293
G01 X47.7148Y45.6160
G01 X47.6122Y45.5402
G01 X47.5818Y45.5153
G01 X47.4946Y45.4362
G01 X47.4704Y45.4118
G01 X47.3850Y45.3171
G01 X47.3698Y45.2978
G01 X47.3100Y45.2173
G01 X47.2502Y45.2978
G01 X47.2350Y45.3171
G01 X47.1496Y45.4118
G01 X47.1254Y45.4362
G01 X47.0382Y45.5153
G01 X47.0078Y45.5402
G01 X46.9052Y45.6160
G01 X46.8845Y45.6293
G01 X46.7877Y45.6873
G01 X46.7663Y45.6992
G01 X46.6511Y45.7541
G01 X46.6148Y45.7691
G01 X46.4946Y45.8118
G01 X46.4710Y45.8185
G01 X46.3615Y45.8459
G01 X46.3230Y45.8536
G01 X46.1968Y45.8720
G01 X46.1723Y45.8740
G01 X46.0449Y45.8799
G01 X46.0204Y45.8795
G01 X45.9077Y45.8740
G01 X45.8832Y45.8720
G01 X45.7570Y45.8536
G01 X45.7185Y45.8459
G01 X45.6090Y45.8185
G01 X45.5854Y45.8118
G01 X45.4652Y45.7691
G01 X45.4289Y45.7541
G01 X45.3137Y45.6992
G01 X45.2923Y45.6873
G01 X45.1955Y45.6293
G01 X45.1748Y45.6160
G01 X45.0722Y45.5402
G01 X45.0418Y45.5153
G01 X44.9546Y45.4362
G01 X44.9304Y45.4118
G01 X44.8450Y45.3171
G01 X44.8298Y45.2978
G01 X44.7700Y45.2173
G01 X44.7102Y45.2978
G01 X44.6950Y45.3171
G01 X44.6096Y45.4118
G01 X44.5854Y45.4362
G01 X44.4982Y45.5153
G01 X44.4678Y45.5402
G01 X44.3652Y45.6160
G01 X44.3445Y45.6293
G01 X44.2477Y45.6873
G01 X44.2263Y45.6992
G01 X44.1111Y45.7541
G01 X44.0748Y45.7691
G01 X43.9546Y45.8118
G01 X43.9310Y45.8185
G01 X43.8215Y45.8459
G01 X43.7830Y45.8536
G01 X43.6568Y45.8720
G01 X43.6323Y45.8740
G01 X43.5049Y45.8799
G01 X43.4804Y45.8795
G01 X43.3677Y45.8740
G01 X43.3432Y45.8720
G01 X43.2170Y45.8536
G01 X43.1785Y45.8459
G01 X43.0690Y45.8185
G01 X43.0454Y45.8118
G01 X42.9252Y45.7691
G01 X42.8889Y45.7541
G01 X42.7737Y45.6992
G01 X42.7523Y45.6873
G01 X42.6555Y45.6293
G01 X42.6348Y45.6160
G01 X42.5322Y45.5402
G01 X42.5018Y45.5153
G01 X42.4146Y45.4362
G01 X42.3904Y45.4118
G01 X42.3050Y45.3171
G01 X42.2898Y45.2978
G01 X42.2300Y45.2173
G01 X42.1702Y45.2978
G01 X42.1550Y45.3171
G01 X42.0696Y45.4118
G01 X42.0454Y45.4362
G01 X41.9582Y45.5153
G01 X41.9278Y45.5402
G01 X41.8252Y45.6160
G01 X41.8045Y45.6293
G01 X41.7077Y45.6873
G01 X41.6863Y45.6992
G01 X41.5711Y45.7541
G01 X41.5348Y45.7691
G01 X41.4146Y45.8118
G01 X41.3910Y45.8185
G01 X41.2815Y45.8459
G01 X41.2430Y45.8536
G01 X41.1168Y45.8720
G01 X41.0923Y45.8740
G01 X40.9649Y45.8799
G01 X40.9404Y45.8795
G01 X40.8277Y45.8740
G01 X40.8032Y45.8720
G01 X40.6770Y45.8536
G01 X40.6385Y45.8459
G01 X40.5290Y45.8185
G01 X40.5054Y45.8118
G01 X40.3852Y45.7691
G01 X40.3489Y45.7541
G01 X40.2337Y45.6992
G01 X40.2123Y45.6873
G01 X40.1155Y45.6293
G01 X40.0948Y45.6160
G01 X39.9922Y45.5402
G01 X39.9618Y45.5153
G01 X39.8746Y45.4362
G01 X39.8504Y45.4118
G01 X39.7650Y45.3171
G01 X39.7498Y45.2978
G01 X39.6900Y45.2173
G01 X39.6302Y45.2978
G01 X39.6150Y45.3171
G01 X39.5296Y45.4118
G01 X39.5054Y45.4362
G01 X39.4182Y45.5153
G01 X39.3878Y45.5402
G01 X39.2852Y45.6160
G01 X39.2645Y45.6293
G01 X39.1677Y45.6873
G01 X39.1463Y45.6992
G01 X39.0311Y45.7541
G01 X38.9948Y45.7691
G01 X38.8746Y45.8118
G01 X38.8510Y45.8185
G01 X38.7415Y45.8459
G01 X38.7030Y45.8536
G01 X38.5768Y45.8720
G01 X38.5523Y45.8740
G01 X38.4249Y45.8799
G01 X38.4004Y45.8795
G01 X38.2877Y45.8740
G01 X38.2632Y45.8720
G01 X38.1370Y45.8536
G01 X38.0985Y45.8459
G01 X37.9890Y45.8185
G01 X37.9654Y45.8118
G01 X37.8452Y45.7691
G01 X37.8089Y45.7541
G01 X37.6937Y45.6992
G01 X37.6723Y45.6873
G01 X37.5755Y45.6293
G01 X37.5548Y45.6160
G01 X37.4522Y45.5402
G01 X37.4218Y45.5153
G01 X37.3346Y45.4362
G01 X37.3104Y45.4118
G01 X37.2250Y45.3171
G01 X37.2098Y45.2978
G01 X37.1500Y45.2173
G01 X37.0902Y45.2978
G01 X37.0750Y45.3171
G01 X36.9896Y45.4118
G01 X36.9654Y45.4362
G01 X36.8782Y45.5153
G01 X36.8478Y45.5402
G01 X36.7452Y45.6160
G01 X36.7245Y45.6293
G01 X36.6277Y45.6873
G01 X36.6063Y45.6992
G01 X36.4911Y45.7541
G01 X36.4548Y45.7691
G01 X36.3346Y45.8118
G01 X36.3110Y45.8185
G01 X36.2015Y45.8459
G01 X36.1630Y45.8536
G01 X36.0368Y45.8720
G01 X36.0123Y45.8740
G01 X35.8849Y45.8799
G01 X35.8604Y45.8795
G01 X35.7477Y45.8740
G01 X35.7232Y45.8720
G01 X35.5970Y45.8536
G01 X35.5585Y45.8459
G01 X35.4490Y45.8185
G01 X35.4254Y45.8118
G01 X35.3052Y45.7691
G01 X35.2689Y45.7541
G01 X35.1537Y45.6992
G01 X35.1323Y45.6873
G01 X35.0355Y45.6293
G01 X35.0148Y45.6160
G01 X34.9122Y45.5402
G01 X34.8818Y45.5153
G01 X34.7946Y45.4362
G01 X34.7704Y45.4118
G01 X34.6850Y45.3171
G01 X34.6698Y45.2978
G01 X34.6100Y45.2173
G01 X34.5502Y45.2978
G01 X34.5350Y45.3171
G01 X34.4496Y45.4118
G01 X34.4254Y45.4362
G01 X34.3382Y45.5153
G01 X34.3078Y45.5402
G01 X34.2052Y45.6160
G01 X34.1845Y45.6293
G01 X34.0877Y45.6873
G01 X34.0663Y45.6992
G01 X33.9511Y45.7541
G01 X33.9148Y45.7691
G01 X33.7946Y45.8118
G01 X33.7710Y45.8185
G01 X33.6615Y45.8459
G01 X33.6230Y45.8536
G01 X33.4968Y45.8720
G01 X33.4723Y45.8740
G01 X33.3449Y45.8799
G01 X33.3204Y45.8795
G01 X33.2077Y45.8740
G01 X33.1832Y45.8720
G01 X33.0570Y45.8536
G01 X33.0185Y45.8459
G01 X32.9090Y45.8185
G01 X32.8854Y45.8118
G01 X32.7652Y45.7691
G01 X32.7289Y45.7541
G01 X32.6137Y45.6992
G01 X32.5923Y45.6873
G01 X32.4955Y45.6293
G01 X32.4748Y45.6160
G01 X32.3722Y45.5402
G01 X32.3418Y45.5153
G01 X32.2546Y45.4362
G01 X32.2304Y45.4118
G01 X32.1450Y45.3171
G01 X32.1298Y45.2978
G01 X32.0700Y45.2173
G01 X32.0102Y45.2978
G01 X31.9950Y45.3171
G01 X31.9096Y45.4118
G01 X31.8854Y45.4362
G01 X31.7982Y45.5153
G01 X31.7678Y45.5402
G01 X31.6652Y45.6160
G01 X31.6445Y45.6293
G01 X31.5477Y45.6873
G01 X31.5263Y45.6992
G01 X31.4111Y45.7541
G01 X31.3886Y45.7638
G01 X31.2686Y45.8071
G01 X31.2310Y45.8185
G01 X31.1215Y45.8459
G01 X31.0976Y45.8511
G01 X30.9714Y45.8701
G01 X30.9323Y45.8740
G01 X30.8147Y45.8797
G01 X30.7804Y45.8795
G01 X30.6677Y45.8740
G01 X30.6432Y45.8720
G01 X30.5170Y45.8536
G01 X30.4785Y45.8459
G01 X30.3690Y45.8185
G01 X30.3454Y45.8118
G01 X30.2252Y45.7691
G01 X30.1889Y45.7541
G01 X30.0737Y45.6992
G01 X30.0523Y45.6873
G01 X29.9555Y45.6293
G01 X29.9348Y45.6160
G01 X29.8322Y45.5402
G01 X29.8018Y45.5153
G01 X29.7146Y45.4362
G01 X29.6904Y45.4118
G01 X29.6050Y45.3171
G01 X29.5898Y45.2978
G01 X29.5300Y45.2173
G01 X29.4702Y45.2978
G01 X29.4550Y45.3171
G01 X29.3696Y45.4118
G01 X29.3454Y45.4362
G01 X29.2582Y45.5153
G01 X29.2278Y45.5402
G01 X29.1252Y45.6160
G01 X29.1045Y45.6293
G01 X29.0077Y45.6873
G01 X28.9863Y45.6992
G01 X28.8711Y45.7541
G01 X28.8486Y45.7638
G01 X28.7286Y45.8071
G01 X28.6910Y45.8185
G01 X28.5815Y45.8459
G01 X28.5576Y45.8511
G01 X28.4314Y45.8701
G01 X28.3923Y45.8740
G01 X28.2747Y45.8797
G01 X28.2404Y45.8795
G01 X28.1277Y45.8740
G01 X28.1032Y45.8720
G01 X27.9770Y45.8536
G01 X27.9385Y45.8459
G01 X27.8290Y45.8185
G01 X27.8054Y45.8118
G01 X27.6852Y45.7691
G01 X27.6489Y45.7541
G01 X27.5337Y45.6992
G01 X27.5123Y45.6873
G01 X27.4155Y45.6293
G01 X27.3948Y45.6160
G01 X27.2922Y45.5402
G01 X27.2618Y45.5153
G01 X27.1746Y45.4362
G01 X27.1504Y45.4118
G01 X27.0650Y45.3171
G01 X27.0498Y45.2978
G01 X26.9900Y45.2173
G01 X26.9302Y45.2978
G01 X26.9150Y45.3171
G01 X26.8296Y45.4118
G01 X26.8054Y45.4362
G01 X26.7182Y45.5153
G01 X26.6878Y45.5402
G01 X26.5852Y45.6160
G01 X26.5645Y45.6293
G01 X26.4677Y45.6873
G01 X26.4463Y45.6992
G01 X26.3311Y45.7541
G01 X26.3086Y45.7638
G01 X26.1886Y45.8071
G01 X26.1510Y45.8185
G01 X26.0415Y45.8459
G01 X26.0176Y45.8511
G01 X25.8914Y45.8701
G01 X25.8523Y45.8740
G01 X25.7347Y45.8797
G01 X25.7004Y45.8795
G01 X25.5877Y45.8740
G01 X25.5632Y45.8720
G01 X25.4370Y45.8536
G01 X25.3985Y45.8459
G01 X25.2890Y45.8185
G01 X25.2654Y45.8118
G01 X25.1452Y45.7691
G01 X25.1089Y45.7541
G01 X24.9937Y45.6992
G01 X24.9723Y45.6873
G01 X24.8755Y45.6293
G01 X24.8548Y45.6160
G01 X24.7522Y45.5402
G01 X24.7218Y45.5153
G01 X24.6346Y45.4362
G01 X24.6104Y45.4118
G01 X24.5250Y45.3171
G01 X24.5098Y45.2978
G01 X24.4500Y45.2173
G01 X24.3902Y45.2978
G01 X24.3750Y45.3171
G01 X24.2896Y45.4118
G01 X24.2654Y45.4362
G01 X24.1782Y45.5153
G01 X24.1478Y45.5402
G01 X24.0452Y45.6160
G01 X24.0245Y45.6293
G01 X23.9277Y45.6873
G01 X23.9063Y45.6992
G01 X23.7911Y45.7541
G01 X23.7686Y45.7638
G01 X23.6486Y45.8071
G01 X23.6110Y45.8185
G01 X23.5015Y45.8459
G01 X23.4776Y45.8511
G01 X23.3514Y45.8701
G01 X23.3123Y45.8740
G01 X23.1947Y45.8797
G01 X23.1604Y45.8795
G01 X23.0477Y45.8740
G01 X23.0232Y45.8720
G01 X22.8970Y45.8536
G01 X22.8585Y45.8459
G01 X22.7490Y45.8185
G01 X22.7254Y45.8118
G01 X22.6052Y45.7691
G01 X22.5689Y45.7541
G01 X22.4537Y45.6992
G01 X22.4323Y45.6873
G01 X22.3355Y45.6293
G01 X22.3148Y45.6160
G01 X22.2122Y45.5402
G01 X22.1818Y45.5153
G01 X22.0946Y45.4362
G01 X22.0704Y45.4118
G01 X21.9850Y45.3171
G01 X21.9698Y45.2978
G01 X21.9100Y45.2173
G01 X21.8502Y45.2978
G01 X21.8350Y45.3171
G01 X21.7496Y45.4118
G01 X21.7254Y45.4362
G01 X21.6382Y45.5153
G01 X21.6078Y45.5402
G01 X21.5052Y45.6160
G01 X21.4845Y45.6293
G01 X21.3877Y45.6873
G01 X21.3663Y45.6992
G01 X21.2511Y45.7541
G01 X21.2286Y45.7638
G01 X21.1086Y45.8071
G01 X21.0710Y45.8185
G01 X20.9615Y45.8459
G01 X20.9376Y45.8511
G01 X20.8114Y45.8701
G01 X20.7772Y45.8737
G01 X20.6596Y45.8795
G01 X20.6204Y45.8795
G01 X20.4930Y45.8730
G01 X20.4686Y45.8701
G01 X20.3570Y45.8536
G01 X20.3185Y45.8459
G01 X20.2090Y45.8185
G01 X20.1854Y45.8118
G01 X20.0652Y45.7691
G01 X20.0289Y45.7541
G01 X19.9137Y45.6992
G01 X19.8923Y45.6873
G01 X19.7955Y45.6293
G01 X19.7748Y45.6160
G01 X19.6722Y45.5402
G01 X19.6418Y45.5153
G01 X19.5546Y45.4362
G01 X19.5304Y45.4118
G01 X19.4450Y45.3171
G01 X19.4298Y45.2978
G01 X19.3700Y45.2173
G01 X19.3102Y45.2978
G01 X19.2950Y45.3171
G01 X19.2096Y45.4118
G01 X19.1854Y45.4362
G01 X19.0982Y45.5153
G01 X19.0678Y45.5402
G01 X18.9652Y45.6160
G01 X18.9445Y45.6293
G01 X18.8435Y45.6898
G01 X18.8131Y45.7058
G01 X18.6977Y45.7601
G01 X18.6748Y45.7691
G01 X18.5686Y45.8071
G01 X18.5452Y45.8146
G01 X18.4215Y45.8459
G01 X18.3976Y45.8511
G01 X18.2714Y45.8701
G01 X18.2372Y45.8737
G01 X18.1196Y45.8795
G01 X18.0804Y45.8795
G01 X17.9530Y45.8730
G01 X17.9286Y45.8701
G01 X17.8170Y45.8536
G01 X17.7785Y45.8459
G01 X17.6548Y45.8146
G01 X17.6314Y45.8071
G01 X17.5252Y45.7691
G01 X17.4889Y45.7541
G01 X17.3737Y45.6992
G01 X17.3523Y45.6873
G01 X17.2555Y45.6293
G01 X17.2228Y45.6075
G01 X17.1205Y45.5312
G01 X17.1018Y45.5153
G01 X17.0182Y45.4396
G01 X16.9904Y45.4118
G01 X16.9050Y45.3171
G01 X16.8898Y45.2978
G01 X16.8300Y45.2173
G01 X16.7702Y45.2978
G01 X16.7550Y45.3171
G01 X16.6696Y45.4118
G01 X16.6525Y45.4294
G01 X16.5582Y45.5153
G01 X16.5395Y45.5312
G01 X16.4372Y45.6075
G01 X16.4170Y45.6215
G01 X16.3077Y45.6873
G01 X16.2863Y45.6992
G01 X16.1711Y45.7541
G01 X16.1486Y45.7638
G01 X16.0286Y45.8071
G01 X16.0052Y45.8146
G01 X15.8815Y45.8459
G01 X15.8479Y45.8528
G01 X15.7168Y45.8720
G01 X15.6923Y45.8740
G01 X15.5796Y45.8795
G01 X15.5404Y45.8795
G01 X15.4277Y45.8740
G01 X15.4032Y45.8720
G01 X15.2624Y45.8511
G01 X15.2385Y45.8459
G01 X15.1290Y45.8185
G01 X15.0914Y45.8071
G01 X14.9714Y45.7638
G01 X14.9489Y45.7541
G01 X14.8469Y45.7058
G01 X14.8123Y45.6873
G01 X14.7155Y45.6293
G01 X14.6948Y45.6160
G01 X14.5805Y45.5312
G01 X14.5618Y45.5153
G01 X14.4782Y45.4396
G01 X14.4504Y45.4118
G01 X14.3650Y45.3171
G01 X14.3498Y45.2978
G01 X14.2900Y45.2173
G01 X14.2302Y45.2978
G01 X14.2150Y45.3171
G01 X14.1296Y45.4118
G01 X14.1018Y45.4396
G01 X14.0182Y45.5153
G01 X13.9995Y45.5312
G01 X13.8972Y45.6075
G01 X13.8645Y45.6293
G01 X13.7677Y45.6873
G01 X13.7463Y45.6992
G01 X13.6311Y45.7541
G01 X13.5948Y45.7691
G01 X13.4886Y45.8071
G01 X13.4652Y45.8146
G01 X13.3415Y45.8459
G01 X13.3030Y45.8536
G01 X13.1914Y45.8701
G01 X13.1670Y45.8730
G01 X13.0396Y45.8795
G01 X13.0004Y45.8795
G01 X12.8877Y45.8740
G01 X12.8632Y45.8720
G01 X12.7370Y45.8536
G01 X12.7128Y45.8492
G01 X12.5890Y45.8185
G01 X12.5654Y45.8118
G01 X12.4452Y45.7691
G01 X12.4223Y45.7601
G01 X12.3069Y45.7058
G01 X12.2723Y45.6873
G01 X12.1755Y45.6293
G01 X12.1548Y45.6160
G01 X12.0522Y45.5402
G01 X12.0218Y45.5153
G01 X11.9346Y45.4362
G01 X11.9104Y45.4118
G01 X11.8250Y45.3171
G01 X11.8098Y45.2978
G01 X11.7500Y45.2173
G01 X11.6902Y45.2978
G01 X11.6750Y45.3171
G01 X11.5896Y45.4118
G01 X11.5618Y45.4396
G01 X11.4782Y45.5153
G01 X11.4595Y45.5312
G01 X11.3572Y45.6075
G01 X11.3245Y45.6293
G01 X11.2277Y45.6873
G01 X11.2063Y45.6992
G01 X11.0911Y45.7541
G01 X11.0548Y45.7691
G01 X10.9346Y45.8118
G01 X10.9110Y45.8185
G01 X10.8015Y45.8459
G01 X10.7679Y45.8528
G01 X10.6514Y45.8701
G01 X10.6123Y45.8740
G01 X10.4996Y45.8795
G01 X10.4751Y45.8799
G01 X10.3477Y45.8740
G01 X10.3086Y45.8701
G01 X10.1824Y45.8511
G01 X10.1585Y45.8459
G01 X10.0348Y45.8146
G01 X10.0114Y45.8071
G01 X9.9052Y45.7691
G01 X9.8823Y45.7601
G01 X9.7669Y45.7058
G01 X9.7365Y45.6898
G01 X9.6355Y45.6293
G01 X9.6148Y45.6160
G01 X9.5122Y45.5402
G01 X9.4818Y45.5153
G01 X9.3946Y45.4362
G01 X9.3704Y45.4118
G01 X9.2850Y45.3171
G01 X9.2698Y45.2978
G01 X9.2100Y45.2173
G01 X9.1502Y45.2978
G01 X9.1350Y45.3171
G01 X9.0496Y45.4118
G01 X9.0325Y45.4294
G01 X8.9382Y45.5153
G01 X8.9195Y45.5312
G01 X8.8172Y45.6075
G01 X8.7970Y45.6215
G01 X8.6877Y45.6873
G01 X8.6663Y45.6992
G01 X8.5511Y45.7541
G01 X8.5286Y45.7638
G01 X8.4086Y45.8071
G01 X8.3852Y45.8146
G01 X8.2615Y45.8459
G01 X8.2279Y45.8528
G01 X8.0968Y45.8720
G01 X8.0723Y45.8740
G01 X7.9596Y45.8795
G01 X7.9204Y45.8795
G01 X7.8077Y45.8740
G01 X7.7832Y45.8720
G01 X7.6424Y45.8511
G01 X7.6185Y45.8459
G01 X7.5090Y45.8185
G01 X7.4714Y45.8071
G01 X7.3514Y45.7638
G01 X7.3289Y45.7541
G01 X7.2269Y45.7058
G01 X7.1923Y45.6873
G01 X7.0955Y45.6293
G01 X7.0748Y45.6160
G01 X6.9605Y45.5312
G01 X6.9418Y45.5153
G01 X6.8582Y45.4396
G01 X6.8304Y45.4118
G01 X6.7450Y45.3171
G01 X6.7298Y45.2978
G01 X6.6700Y45.2173
G01 X6.6102Y45.2978
G01 X6.5950Y45.3171
G01 X6.5096Y45.4118
G01 X6.4854Y45.4362
G01 X6.3982Y45.5153
G01 X6.3678Y45.5402
G01 X6.2652Y45.6160
G01 X6.2445Y45.6293
G01 X6.1477Y45.6873
G01 X6.1263Y45.6992
G01 X6.0111Y45.7541
G01 X5.9748Y45.7691
G01 X5.8686Y45.8071
G01 X5.8452Y45.8146
G01 X5.7215Y45.8459
G01 X5.6830Y45.8536
G01 X5.5714Y45.8701
G01 X5.5470Y45.8730
G01 X5.4196Y45.8795
G01 X5.3804Y45.8795
G01 X5.2677Y45.8740
G01 X5.2432Y45.8720
G01 X5.1170Y45.8536
G01 X5.0928Y45.8492
G01 X4.9690Y45.8185
G01 X4.9454Y45.8118
G01 X4.8252Y45.7691
G01 X4.8023Y45.7601
G01 X4.6869Y45.7058
G01 X4.6650Y45.6946
G01 X4.5555Y45.6293
G01 X4.5348Y45.6160
G01 X4.4322Y45.5402
G01 X4.4129Y45.5250
G01 X4.3182Y45.4396
G01 X4.3006Y45.4225
G01 X4.2147Y45.3282
G01 X4.1988Y45.3095
G01 X4.1225Y45.2072
G01 X4.1085Y45.1870
G01 X4.0427Y45.0777
G01 X4.0308Y45.0563
G01 X3.9759Y44.9411
G01 X3.9662Y44.9186
G01 X3.9229Y44.7986
G01 X3.9154Y44.7752
G01 X3.8841Y44.6515
G01 X3.8789Y44.6276
G01 X3.8599Y44.5014
G01 X3.8570Y44.4770
G01 X3.8500Y44.3300
G01 X3.8500Y43.0600
G01 X3.8570Y42.9130
G01 X3.8599Y42.8886
G01 X3.8789Y42.7624
G01 X3.8841Y42.7385
G01 X3.9115Y42.6290
G01 X3.9182Y42.6054
G01 X3.9609Y42.4852
G01 X3.9699Y42.4623
G01 X4.0242Y42.3469
G01 X4.0354Y42.3250
G01 X4.1007Y42.2155
G01 X4.1225Y42.1828
G01 X4.1988Y42.0805
G01 X4.2147Y42.0618
G01 X4.2904Y41.9782
G01 X4.3182Y41.9504
G01 X4.4129Y41.8650
G01 X4.4322Y41.8498
G01 X4.5228Y41.7825
G01 X4.5555Y41.7607
G01 X4.6523Y41.7027
G01 X4.6737Y41.6908
G01 X4.7889Y41.6359
G01 X4.8252Y41.6209
G01 X4.9314Y41.5829
G01 X4.9548Y41.5754
G01 X5.0785Y41.5441
G01 X5.1170Y41.5364
G01 X5.2286Y41.5199
G01 X5.2530Y41.5170
G01 X5.3804Y41.5105
G00 Z20.0000
G00 X4.8612Y41.6080
G01 Z20.0000
G01 X5.2090Y34.5297
G01 X6.8419Y23.5216
G01 X9.5459Y12.7266
G01 X10.1958Y10.9101
G00 Z20.0000
G00 X9.8374Y10.7259
G01 Z20.0000
G01 X9.1631Y12.6105
G01 X6.4496Y23.4436
G01 X5.9438Y26.8533
G00 Z20.0000
G00 X5.6283Y26.2575
G01 Z20.0000
G01 X6.0572Y23.3655
G01 X8.7803Y12.4944
G01 X9.5458Y10.3551
G00 Z20.0000
G00 X9.4500Y9.4368
G01 Z20.0000
G01 X8.3976Y12.3782
G01 X5.6649Y23.2875
G01 X5.2777Y25.8978
G00 Z20.0000
G00 X4.9085Y25.6642
G01 Z20.0000
G01 X5.2726Y23.2095
G01 X8.0148Y12.2621
G01 X9.4500Y8.2509
G00 Z20.0000
G00 X9.4502Y7.0646
G01 Z20.0000
G01 X7.6320Y12.1460
G01 X4.8803Y23.1314
G01 X4.5259Y25.5205
G00 Z20.0000
G00 X4.1316Y25.4560
G01 Z20.0000
G01 X4.4880Y23.0534
G01 X6.6260Y14.5179
G00 Z20.0000
G00 X6.1819Y14.6468
G01 Z20.0000
G01 X4.0957Y22.9754
G01 X3.7256Y25.4703
G00 Z20.0000
G00 X3.3065Y25.5730
G01 Z20.0000
G01 X3.7034Y22.8973
G01 X5.7692Y14.6500
G00 Z20.0000
G00 X6.1564Y14.6488
G01 Z20.0000
G01 X6.1250Y14.6500
G01 X3.2750Y14.6500
G01 X3.2475Y14.6490
G01 X3.1419Y14.6407
G01 X3.1069Y14.6360
G01 X3.0839Y14.6313
G01 X2.9885Y14.6084
G01 X2.9508Y14.5973
G01 X2.9288Y14.5890
G01 X2.8382Y14.5514
G01 X2.8027Y14.5346
G01 X2.7823Y14.5229
G01 X2.6953Y14.4696
G01 X2.6790Y14.4587
G01 X2.6569Y14.4423
G01 X2.5733Y14.3711
G01 X2.5559Y14.3552
G01 X2.5315Y14.3297
G01 X2.4652Y14.2521
G01 X2.4505Y14.2337
G01 X2.4346Y14.2113
G01 X2.3771Y14.1177
G01 X2.3654Y14.0973
G01 X2.3501Y14.0654
G01 X2.3096Y13.9676
G01 X2.3027Y13.9492
G01 X2.2926Y13.9153
G01 X2.2687Y13.8161
G01 X2.2640Y13.7931
G01 X2.2593Y13.7581
G01 X2.2512Y13.6564
G01 X2.2500Y13.6250
G01 X2.2500Y12.3750
G01 X2.2512Y12.3436
G01 X2.2600Y12.2341
G01 X2.2662Y12.1953
G01 X2.2916Y12.0885
G01 X2.3027Y12.0508
G01 X2.3110Y12.0288
G01 X2.3501Y11.9346
G01 X2.3654Y11.9027
G01 X2.3771Y11.8823
G01 X2.4304Y11.7953
G01 X2.4413Y11.7790
G01 X2.4577Y11.7569
G01 X2.5289Y11.6733
G01 X2.5448Y11.6559
G01 X2.5703Y11.6315
G01 X2.6479Y11.5652
G01 X2.6663Y11.5505
G01 X2.6887Y11.5346
G01 X2.7823Y11.4771
G01 X2.8027Y11.4654
G01 X2.8346Y11.4501
G01 X2.9324Y11.4096
G01 X2.9508Y11.4027
G01 X2.9847Y11.3926
G01 X3.0877Y11.3679
G01 X3.1224Y11.3615
G01 X3.1458Y11.3589
G01 X3.2554Y11.3505
G01 X6.1250Y11.3500
G01 X6.1525Y11.3510
G01 X6.2581Y11.3593
G01 X6.2931Y11.3640
G01 X6.3162Y11.3687
G01 X6.4115Y11.3916
G01 X6.4492Y11.4027
G01 X6.4712Y11.4110
G01 X6.5618Y11.4486
G01 X6.5973Y11.4654
G01 X6.6177Y11.4771
G01 X6.7047Y11.5304
G01 X6.7210Y11.5413
G01 X6.7431Y11.5577
G01 X6.8356Y11.6367
G01 X6.8552Y11.6559
G01 X6.8711Y11.6733
G01 X6.9348Y11.7479
G01 X6.9495Y11.7663
G01 X6.9696Y11.7953
G01 X7.0229Y11.8823
G01 X7.0346Y11.9027
G01 X7.0468Y11.9274
G01 X7.0890Y12.0288
G01 X7.0973Y12.0508
G01 X7.1084Y12.0885
G01 X7.1313Y12.1839
G01 X7.1360Y12.2069
G01 X7.1411Y12.2458
G01 X7.1488Y12.3436
G01 X7.1500Y12.3711
G01 X7.1500Y13.6250
G01 X7.1488Y13.6564
G01 X7.1407Y13.7581
G01 X7.1385Y13.7776
G01 X7.1338Y13.8047
G01 X7.1074Y13.9153
G01 X7.0973Y13.9492
G01 X7.0890Y13.9712
G01 X7.0514Y14.0618
G01 X7.0346Y14.0973
G01 X7.0229Y14.1177
G01 X6.9717Y14.2014
G01 X6.9495Y14.2337
G01 X6.9348Y14.2521
G01 X6.8633Y14.3356
G01 X6.8441Y14.3552
G01 X6.8267Y14.3711
G01 X6.7521Y14.4348
G01 X6.7338Y14.4495
G01 X6.7047Y14.4696
G01 X6.6177Y14.5229
G01 X6.5973Y14.5346
G01 X6.5726Y14.5467
G01 X6.4712Y14.5890
G01 X6.4492Y14.5973
G01 X6.4229Y14.6054
G01 X6.3047Y14.6338
G01 X6.2659Y14.6400
G01 X6.1564Y14.6488
G00 Z20.0000
G00 X5.3573Y14.6500
G01 Z20.0000
G01 X3.3110Y22.8193
G01 X2.8705Y25.7895
G00 Z20.0000
G00 X2.4035Y26.2147
G01 Z20.0000
G01 X2.9187Y22.7413
G01 X4.9455Y14.6500
G01 X4.5336Y14.6500
G01 X2.5264Y22.6632
G01 X0.8302Y34.0984
G01 X0.2629Y45.6449
G01 X0.8302Y57.1913
G01 X2.5264Y68.6265
G01 X5.3353Y79.8404
G01 X9.2299Y90.7250
G01 X10.4242Y93.2500
G01 X10.8661Y93.2500
G01 X9.5995Y90.5719
G01 X5.7181Y79.7243
G01 X2.9187Y68.5485
G01 X1.2282Y57.1521
G01 X0.6629Y45.6449
G01 X1.2282Y34.1377
G01 X2.0991Y28.2666
G00 Z20.0000
G00 X2.4226Y28.8090
G01 Z20.0000
G01 X1.6263Y34.1769
G01 X1.0629Y45.6449
G01 X1.6263Y57.1129
G01 X3.3110Y68.4704
G01 X5.6935Y77.9819
G00 Z20.0000
G00 X5.8375Y78.5567
G01 Z20.0000
G01 X6.1009Y79.6082
G01 X9.9690Y90.4188
G01 X11.3081Y93.2500
G01 X11.7500Y93.2500
G01 X10.3386Y90.2658
G01 X6.4837Y79.4921
G01 X6.4130Y79.2098
G00 Z20.0000
G00 X6.8770Y79.4055
G01 Z20.0000
G01 X10.7081Y90.1127
G01 X12.1920Y93.2500
G01 X12.6339Y93.2500
G01 X11.0777Y89.9596
G01 X7.3161Y79.4467
G00 Z20.0000
G00 X7.7147Y79.3749
G01 Z20.0000
G01 X11.4472Y89.8065
G01 X13.0759Y93.2500
G01 X13.5178Y93.2500
G01 X11.8168Y89.6535
G01 X8.0777Y79.2034
G00 Z20.0000
G00 X8.4020Y78.9239
G01 Z20.0000
G01 X12.1863Y89.5004
G01 X13.9598Y93.2500
G01 X14.4017Y93.2500
G01 X12.5559Y89.3473
G01 X8.9218Y79.1906
G00 Z20.0000
G00 X9.4236Y79.4072
G01 Z20.0000
G01 X12.9254Y89.1942
G01 X14.8437Y93.2500
G01 X15.2856Y93.2500
G01 X13.2950Y89.0412
G01 X11.2340Y83.2811
G00 Z20.0000
G00 X11.7929Y83.6572
G01 Z20.0000
G01 X13.6645Y88.8881
G01 X15.7276Y93.2500
G01 X16.1695Y93.2500
G01 X14.0341Y88.7350
G01 X12.2497Y83.7480
G00 Z20.0000
G00 X12.6582Y83.7038
G01 Z20.0000
G01 X14.4036Y88.5819
G01 X16.6115Y93.2500
G01 X17.0534Y93.2500
G01 X14.7732Y88.4289
G01 X13.0284Y83.5525
G00 Z20.0000
G00 X13.3586Y83.2893
G01 Z20.0000
G01 X15.1427Y88.2758
G01 X17.4954Y93.2500
G01 X17.9373Y93.2500
G01 X15.5123Y88.1227
G01 X13.6329Y82.8702
G00 Z20.0000
G00 X12.9686Y81.0137
G01 Z20.0000
G01 X12.4078Y79.4462
G00 Z20.0000
G00 X12.8052Y79.3711
G01 Z20.0000
G01 X15.8818Y87.9697
G01 X18.3793Y93.2500
G01 X18.8212Y93.2500
G01 X16.2514Y87.8166
G01 X13.1674Y79.1975
G00 Z20.0000
G00 X13.4905Y78.9145
G01 Z20.0000
G01 X16.6209Y87.6635
G01 X19.2632Y93.2500
G01 X19.7051Y93.2500
G01 X16.9905Y87.5104
G01 X14.0171Y79.2002
G00 Z20.0000
G00 X14.5166Y79.4104
G01 Z20.0000
G01 X17.3600Y87.3574
G01 X20.1471Y93.2500
G01 X20.5890Y93.2500
G01 X17.7296Y87.2043
G01 X14.9536Y79.4459
G00 Z20.0000
G00 X15.3505Y79.3693
G01 Z20.0000
G01 X18.0992Y87.0512
G01 X21.0310Y93.2500
G01 X21.4729Y93.2500
G01 X18.4687Y86.8981
G01 X15.7123Y79.1945
G00 Z20.0000
G00 X16.0348Y78.9098
G01 Z20.0000
G01 X18.8383Y86.7451
G01 X21.9149Y93.2500
G01 X22.3568Y93.2500
G01 X19.2078Y86.5920
G01 X16.5646Y79.2048
G00 Z20.0000
G00 X17.0631Y79.4121
G01 Z20.0000
G01 X19.5774Y86.4389
G01 X22.7988Y93.2500
G01 X23.2407Y93.2500
G01 X19.9469Y86.2858
G01 X17.4994Y79.4456
G00 Z20.0000
G00 X17.8958Y79.3674
G01 Z20.0000
G01 X20.3165Y86.1328
G01 X23.6827Y93.2500
G01 X24.1246Y93.2500
G01 X20.6860Y85.9797
G01 X19.5931Y82.9252
G00 Z20.0000
G00 X19.4931Y82.6458
G01 Z20.0000
G01 X18.2571Y79.1914
G00 Z20.0000
G00 X18.5790Y78.9052
G01 Z20.0000
G01 X19.5800Y81.7026
G00 Z20.0000
G00 X19.8577Y81.2928
G01 Z20.0000
G01 X18.8442Y78.4605
G00 Z20.0000
G00 X18.1609Y76.5506
G01 Z20.0000
G01 X17.9670Y76.0086
G01 X17.0756Y72.4500
G00 Z20.0000
G00 X17.5113Y72.5451
G01 Z20.0000
G01 X18.3497Y75.8925
G01 X20.1902Y81.0364
G00 Z20.0000
G00 X20.5625Y80.8910
G01 Z20.0000
G01 X18.7325Y75.7764
G01 X17.9171Y72.5212
G00 Z20.0000
G00 X18.2969Y72.3930
G01 Z20.0000
G01 X19.1153Y75.6603
G01 X20.9733Y80.8531
G00 Z20.0000
G00 X21.4330Y80.9520
G01 Z20.0000
G01 X19.4981Y75.5442
G01 X18.6496Y72.1569
G00 Z20.0000
G00 X18.9644Y71.7693
G01 Z20.0000
G01 X19.8808Y75.4281
G01 X22.0033Y81.3601
G01 X22.5448Y81.6873
G01 X20.2636Y75.3120
G01 X19.1673Y70.9352
G00 Z20.0000
G00 X19.0151Y70.3277
G01 Z20.0000
G01 X18.7084Y69.1033
G00 Z20.0000
G00 X18.3611Y69.3611
G01 Z20.0000
G01 X18.4430Y69.6878
G00 Z20.0000
G00 X19.0133Y68.6762
G01 Z20.0000
G01 X20.6464Y75.1958
G01 X22.8107Y81.2446
G00 Z20.0000
G00 X23.1363Y80.9687
G01 Z20.0000
G01 X21.0292Y75.0797
G01 X18.6113Y65.4270
G01 X18.1604Y62.3875
G00 Z20.0000
G00 X18.5546Y62.3218
G01 Z20.0000
G01 X19.0036Y65.3490
G01 X21.4119Y74.9636
G01 X22.3720Y77.6468
G00 Z20.0000
G00 X22.3501Y77.9098
G01 Z20.0000
G01 X22.3505Y77.8804
G01 X22.3570Y77.7530
G01 X22.3599Y77.7286
G01 X22.3789Y77.6024
G01 X22.3841Y77.5785
G01 X22.4154Y77.4548
G01 X22.4229Y77.4314
G01 X22.4662Y77.3114
G01 X22.4759Y77.2889
G01 X22.5308Y77.1737
G01 X22.5427Y77.1523
G01 X22.6086Y77.0430
G01 X22.6225Y77.0228
G01 X22.6988Y76.9205
G01 X22.7147Y76.9018
G01 X22.8006Y76.8075
G01 X22.8182Y76.7904
G01 X22.9129Y76.7050
G01 X22.9322Y76.6898
G01 X23.0348Y76.6140
G01 X23.0555Y76.6007
G01 X23.1650Y76.5354
G01 X23.1869Y76.5242
G01 X23.3023Y76.4699
G01 X23.3252Y76.4609
G01 X23.4454Y76.4182
G01 X23.4690Y76.4115
G01 X23.5928Y76.3808
G01 X23.6170Y76.3764
G01 X23.7432Y76.3580
G01 X23.7677Y76.3560
G01 X23.8951Y76.3501
G01 X23.9196Y76.3505
G01 X24.0323Y76.3560
G01 X24.0568Y76.3580
G01 X24.1830Y76.3764
G01 X24.2215Y76.3841
G01 X24.3452Y76.4154
G01 X24.3686Y76.4229
G01 X24.4748Y76.4609
G01 X24.5111Y76.4759
G01 X24.6263Y76.5308
G01 X24.6477Y76.5427
G01 X24.7445Y76.6007
G01 X24.7652Y76.6140
G01 X24.8678Y76.6898
G01 X24.8982Y76.7147
G01 X24.9854Y76.7938
G01 X25.0096Y76.8182
G01 X25.0950Y76.9129
G01 X25.1102Y76.9322
G01 X25.1700Y77.0127
G01 X25.2298Y76.9322
G01 X25.2450Y76.9129
G01 X25.3304Y76.8182
G01 X25.3546Y76.7938
G01 X25.4418Y76.7147
G01 X25.4722Y76.6898
G01 X25.5748Y76.6140
G01 X25.5955Y76.6007
G01 X25.6965Y76.5402
G01 X25.7269Y76.5242
G01 X25.8423Y76.4699
G01 X25.8652Y76.4609
G01 X25.9714Y76.4229
G01 X25.9948Y76.4154
G01 X26.1185Y76.3841
G01 X26.1424Y76.3789
G01 X26.2686Y76.3599
G01 X26.3077Y76.3560
G01 X26.4204Y76.3505
G01 X26.4449Y76.3501
G01 X26.5723Y76.3560
G01 X26.6114Y76.3599
G01 X26.7279Y76.3772
G01 X26.7615Y76.3841
G01 X26.8710Y76.4115
G01 X26.8946Y76.4182
G01 X27.0148Y76.4609
G01 X27.0511Y76.4759
G01 X27.1531Y76.5242
G01 X27.1750Y76.5354
G01 X27.2845Y76.6007
G01 X27.3172Y76.6225
G01 X27.4195Y76.6988
G01 X27.4382Y76.7147
G01 X27.5218Y76.7904
G01 X27.5496Y76.8182
G01 X27.6350Y76.9129
G01 X27.6502Y76.9322
G01 X27.7100Y77.0127
G01 X27.7698Y76.9322
G01 X27.7850Y76.9129
G01 X27.8704Y76.8182
G01 X27.8946Y76.7938
G01 X27.9818Y76.7147
G01 X28.0122Y76.6898
G01 X28.1148Y76.6140
G01 X28.1355Y76.6007
G01 X28.2365Y76.5402
G01 X28.2669Y76.5242
G01 X28.3823Y76.4699
G01 X28.4052Y76.4609
G01 X28.5114Y76.4229
G01 X28.5348Y76.4154
G01 X28.6585Y76.3841
G01 X28.6824Y76.3789
G01 X28.8086Y76.3599
G01 X28.8428Y76.3563
G01 X28.9604Y76.3505
G01 X28.9996Y76.3505
G01 X29.1270Y76.3570
G01 X29.1514Y76.3599
G01 X29.2630Y76.3764
G01 X29.3015Y76.3841
G01 X29.4252Y76.4154
G01 X29.4486Y76.4229
G01 X29.5548Y76.4609
G01 X29.5911Y76.4759
G01 X29.6931Y76.5242
G01 X29.7150Y76.5354
G01 X29.8245Y76.6007
G01 X29.8572Y76.6225
G01 X29.9595Y76.6988
G01 X29.9782Y76.7147
G01 X30.0618Y76.7904
G01 X30.0896Y76.8182
G01 X30.1750Y76.9129
G01 X30.1902Y76.9322
G01 X30.2500Y77.0127
G01 X30.3098Y76.9322
G01 X30.3250Y76.9129
G01 X30.4104Y76.8182
G01 X30.4346Y76.7938
G01 X30.5218Y76.7147
G01 X30.5522Y76.6898
G01 X30.6548Y76.6140
G01 X30.6755Y76.6007
G01 X30.7723Y76.5427
G01 X30.8069Y76.5242
G01 X30.9223Y76.4699
G01 X30.9452Y76.4609
G01 X31.0654Y76.4182
G01 X31.0890Y76.4115
G01 X31.2128Y76.3808
G01 X31.2370Y76.3764
G01 X31.3632Y76.3580
G01 X31.3877Y76.3560
G01 X31.5004Y76.3505
G01 X31.5396Y76.3505
G01 X31.6670Y76.3570
G01 X31.6914Y76.3599
G01 X31.8030Y76.3764
G01 X31.8415Y76.3841
G01 X31.9652Y76.4154
G01 X31.9886Y76.4229
G01 X32.0948Y76.4609
G01 X32.1311Y76.4759
G01 X32.2331Y76.5242
G01 X32.2550Y76.5354
G01 X32.3645Y76.6007
G01 X32.3972Y76.6225
G01 X32.4995Y76.6988
G01 X32.5182Y76.7147
G01 X32.6018Y76.7904
G01 X32.6296Y76.8182
G01 X32.7150Y76.9129
G01 X32.7302Y76.9322
G01 X32.7900Y77.0127
G01 X32.8498Y76.9322
G01 X32.8650Y76.9129
G01 X32.9504Y76.8182
G01 X32.9782Y76.7904
G01 X33.0618Y76.7147
G01 X33.0805Y76.6988
G01 X33.1948Y76.6140
G01 X33.2155Y76.6007
G01 X33.3123Y76.5427
G01 X33.3469Y76.5242
G01 X33.4489Y76.4759
G01 X33.4714Y76.4662
G01 X33.5914Y76.4229
G01 X33.6290Y76.4115
G01 X33.7385Y76.3841
G01 X33.7624Y76.3789
G01 X33.9032Y76.3580
G01 X33.9277Y76.3560
G01 X34.0404Y76.3505
G01 X34.0796Y76.3505
G01 X34.1923Y76.3560
G01 X34.2168Y76.3580
G01 X34.3479Y76.3772
G01 X34.3815Y76.3841
G01 X34.5052Y76.4154
G01 X34.5286Y76.4229
G01 X34.6486Y76.4662
G01 X34.6711Y76.4759
G01 X34.7863Y76.5308
G01 X34.8077Y76.5427
G01 X34.9170Y76.6085
G01 X34.9372Y76.6225
G01 X35.0395Y76.6988
G01 X35.0582Y76.7147
G01 X35.1525Y76.8006
G01 X35.1696Y76.8182
G01 X35.2550Y76.9129
G01 X35.2702Y76.9322
G01 X35.3300Y77.0127
G01 X35.3898Y76.9322
G01 X35.4050Y76.9129
G01 X35.4904Y76.8182
G01 X35.5182Y76.7904
G01 X35.6018Y76.7147
G01 X35.6205Y76.6988
G01 X35.7228Y76.6225
G01 X35.7555Y76.6007
G01 X35.8650Y76.5354
G01 X35.8869Y76.5242
G01 X35.9889Y76.4759
G01 X36.0252Y76.4609
G01 X36.1314Y76.4229
G01 X36.1548Y76.4154
G01 X36.2785Y76.3841
G01 X36.3170Y76.3764
G01 X36.4286Y76.3599
G01 X36.4530Y76.3570
G01 X36.5804Y76.3505
G01 X36.6196Y76.3505
G01 X36.7323Y76.3560
G01 X36.7568Y76.3580
G01 X36.8830Y76.3764
G01 X36.9072Y76.3808
G01 X37.0452Y76.4154
G01 X37.0686Y76.4229
G01 X37.1886Y76.4662
G01 X37.2111Y76.4759
G01 X37.3263Y76.5308
G01 X37.3477Y76.5427
G01 X37.4570Y76.6085
G01 X37.4772Y76.6225
G01 X37.5795Y76.6988
G01 X37.5982Y76.7147
G01 X37.6925Y76.8006
G01 X37.7096Y76.8182
G01 X37.7853Y76.9018
G01 X37.8102Y76.9322
G01 X37.8803Y77.0268
G01 X37.8993Y77.0555
G01 X37.9573Y77.1523
G01 X37.9692Y77.1737
G01 X38.0241Y77.2889
G01 X38.0391Y77.3252
G01 X38.0771Y77.4314
G01 X38.0846Y77.4548
G01 X38.1159Y77.5785
G01 X38.1211Y77.6024
G01 X38.1401Y77.7286
G01 X38.1430Y77.7530
G01 X38.1499Y77.8951
G01 X38.1495Y77.9196
G01 X38.1430Y78.0470
G01 X38.1401Y78.0714
G01 X38.1211Y78.1976
G01 X38.1159Y78.2215
G01 X38.0846Y78.3452
G01 X38.0771Y78.3686
G01 X38.0338Y78.4886
G01 X38.0241Y78.5111
G01 X37.9692Y78.6263
G01 X37.9573Y78.6477
G01 X37.8915Y78.7570
G01 X37.8775Y78.7772
G01 X37.8012Y78.8795
G01 X37.7853Y78.8982
G01 X37.6994Y78.9925
G01 X37.6818Y79.0096
G01 X37.5871Y79.0950
G01 X37.5678Y79.1102
G01 X37.4652Y79.1860
G01 X37.4445Y79.1993
G01 X37.3350Y79.2646
G01 X37.3131Y79.2758
G01 X37.1977Y79.3301
G01 X37.1748Y79.3391
G01 X37.0546Y79.3818
G01 X37.0310Y79.3885
G01 X36.9072Y79.4192
G01 X36.8830Y79.4236
G01 X36.7568Y79.4420
G01 X36.7323Y79.4440
G01 X36.6049Y79.4499
G01 X36.5804Y79.4495
G01 X36.4677Y79.4440
G01 X36.4432Y79.4420
G01 X36.3170Y79.4236
G01 X36.2785Y79.4159
G01 X36.1548Y79.3846
G01 X36.1314Y79.3771
G01 X36.0252Y79.3391
G01 X35.9889Y79.3241
G01 X35.8737Y79.2692
G01 X35.8523Y79.2573
G01 X35.7555Y79.1993
G01 X35.7348Y79.1860
G01 X35.6322Y79.1102
G01 X35.6018Y79.0853
G01 X35.5146Y79.0062
G01 X35.4904Y78.9818
G01 X35.4050Y78.8871
G01 X35.3898Y78.8678
G01 X35.3300Y78.7873
G01 X35.2702Y78.8678
G01 X35.2550Y78.8871
G01 X35.1696Y78.9818
G01 X35.1454Y79.0062
G01 X35.0582Y79.0853
G01 X35.0278Y79.1102
G01 X34.9252Y79.1860
G01 X34.9045Y79.1993
G01 X34.8035Y79.2598
G01 X34.7731Y79.2758
G01 X34.6577Y79.3301
G01 X34.6348Y79.3391
G01 X34.5286Y79.3771
G01 X34.5052Y79.3846
G01 X34.3815Y79.4159
G01 X34.3576Y79.4211
G01 X34.2314Y79.4401
G01 X34.1923Y79.4440
G01 X34.0796Y79.4495
G01 X34.0551Y79.4499
G01 X33.9277Y79.4440
G01 X33.8886Y79.4401
G01 X33.7721Y79.4228
G01 X33.7385Y79.4159
G01 X33.6290Y79.3885
G01 X33.6054Y79.3818
G01 X33.4852Y79.3391
G01 X33.4489Y79.3241
G01 X33.3469Y79.2758
G01 X33.3250Y79.2646
G01 X33.2155Y79.1993
G01 X33.1828Y79.1775
G01 X33.0805Y79.1012
G01 X33.0618Y79.0853
G01 X32.9782Y79.0096
G01 X32.9504Y78.9818
G01 X32.8650Y78.8871
G01 X32.8498Y78.8678
G01 X32.7900Y78.7873
G01 X32.7302Y78.8678
G01 X32.7150Y78.8871
G01 X32.6296Y78.9818
G01 X32.6054Y79.0062
G01 X32.5182Y79.0853
G01 X32.4878Y79.1102
G01 X32.3852Y79.1860
G01 X32.3645Y79.1993
G01 X32.2635Y79.2598
G01 X32.2331Y79.2758
G01 X32.1177Y79.3301
G01 X32.0948Y79.3391
G01 X31.9886Y79.3771
G01 X31.9652Y79.3846
G01 X31.8415Y79.4159
G01 X31.8176Y79.4211
G01 X31.6914Y79.4401
G01 X31.6572Y79.4437
G01 X31.5396Y79.4495
G01 X31.5004Y79.4495
G01 X31.3730Y79.4430
G01 X31.3486Y79.4401
G01 X31.2370Y79.4236
G01 X31.1985Y79.4159
G01 X31.0748Y79.3846
G01 X31.0514Y79.3771
G01 X30.9452Y79.3391
G01 X30.9089Y79.3241
G01 X30.8069Y79.2758
G01 X30.7850Y79.2646
G01 X30.6755Y79.1993
G01 X30.6428Y79.1775
G01 X30.5405Y79.1012
G01 X30.5218Y79.0853
G01 X30.4382Y79.0096
G01 X30.4104Y78.9818
G01 X30.3250Y78.8871
G01 X30.3098Y78.8678
G01 X30.2500Y78.7873
G01 X30.1902Y78.8678
G01 X30.1750Y78.8871
G01 X30.0896Y78.9818
G01 X30.0654Y79.0062
G01 X29.9782Y79.0853
G01 X29.9478Y79.1102
G01 X29.8452Y79.1860
G01 X29.8245Y79.1993
G01 X29.7277Y79.2573
G01 X29.6931Y79.2758
G01 X29.5777Y79.3301
G01 X29.5548Y79.3391
G01 X29.4346Y79.3818
G01 X29.4110Y79.3885
G01 X29.2872Y79.4192
G01 X29.2630Y79.4236
G01 X29.1368Y79.4420
G01 X29.1123Y79.4440
G01 X28.9996Y79.4495
G01 X28.9604Y79.4495
G01 X28.8330Y79.4430
G01 X28.8086Y79.4401
G01 X28.6970Y79.4236
G01 X28.6585Y79.4159
G01 X28.5348Y79.3846
G01 X28.5114Y79.3771
G01 X28.4052Y79.3391
G01 X28.3689Y79.3241
G01 X28.2669Y79.2758
G01 X28.2450Y79.2646
G01 X28.1355Y79.1993
G01 X28.1028Y79.1775
G01 X28.0005Y79.1012
G01 X27.9818Y79.0853
G01 X27.8982Y79.0096
G01 X27.8704Y78.9818
G01 X27.7850Y78.8871
G01 X27.7698Y78.8678
G01 X27.7100Y78.7873
G01 X27.6502Y78.8678
G01 X27.6350Y78.8871
G01 X27.5496Y78.9818
G01 X27.5218Y79.0096
G01 X27.4382Y79.0853
G01 X27.4195Y79.1012
G01 X27.3052Y79.1860
G01 X27.2845Y79.1993
G01 X27.1877Y79.2573
G01 X27.1531Y79.2758
G01 X27.0511Y79.3241
G01 X27.0286Y79.3338
G01 X26.9086Y79.3771
G01 X26.8710Y79.3885
G01 X26.7615Y79.4159
G01 X26.7376Y79.4211
G01 X26.5968Y79.4420
G01 X26.5723Y79.4440
G01 X26.4596Y79.4495
G01 X26.4204Y79.4495
G01 X26.3077Y79.4440
G01 X26.2832Y79.4420
G01 X26.1521Y79.4228
G01 X26.1185Y79.4159
G01 X25.9948Y79.3846
G01 X25.9714Y79.3771
G01 X25.8514Y79.3338
G01 X25.8289Y79.3241
G01 X25.7137Y79.2692
G01 X25.6923Y79.2573
G01 X25.5830Y79.1915
G01 X25.5628Y79.1775
G01 X25.4605Y79.1012
G01 X25.4418Y79.0853
G01 X25.3475Y78.9994
G01 X25.3304Y78.9818
G01 X25.2450Y78.8871
G01 X25.2298Y78.8678
G01 X25.1700Y78.7873
G01 X25.1102Y78.8678
G01 X25.0950Y78.8871
G01 X25.0096Y78.9818
G01 X24.9818Y79.0096
G01 X24.8982Y79.0853
G01 X24.8795Y79.1012
G01 X24.7772Y79.1775
G01 X24.7445Y79.1993
G01 X24.6350Y79.2646
G01 X24.6131Y79.2758
G01 X24.5111Y79.3241
G01 X24.4748Y79.3391
G01 X24.3686Y79.3771
G01 X24.3452Y79.3846
G01 X24.2215Y79.4159
G01 X24.1830Y79.4236
G01 X24.0714Y79.4401
G01 X24.0470Y79.4430
G01 X23.9196Y79.4495
G01 X23.8804Y79.4495
G01 X23.7677Y79.4440
G01 X23.7432Y79.4420
G01 X23.6170Y79.4236
G01 X23.5928Y79.4192
G01 X23.4548Y79.3846
G01 X23.4314Y79.3771
G01 X23.3114Y79.3338
G01 X23.2889Y79.3241
G01 X23.1869Y79.2758
G01 X23.1523Y79.2573
G01 X23.0430Y79.1915
G01 X23.0228Y79.1775
G01 X22.9322Y79.1102
G01 X22.9018Y79.0853
G01 X22.8146Y79.0062
G01 X22.7904Y78.9818
G01 X22.7147Y78.8982
G01 X22.6988Y78.8795
G01 X22.6225Y78.7772
G01 X22.6086Y78.7570
G01 X22.5427Y78.6477
G01 X22.5308Y78.6263
G01 X22.4759Y78.5111
G01 X22.4662Y78.4886
G01 X22.4229Y78.3686
G01 X22.4154Y78.3452
G01 X22.3808Y78.2072
G01 X22.3764Y78.1830
G01 X22.3580Y78.0568
G01 X22.3560Y78.0323
G01 X22.3501Y77.9098
G00 Z20.0000
G00 X22.5907Y77.0722
G01 Z20.0000
G01 X21.7947Y74.8475
G01 X19.3959Y65.2709
G01 X18.9325Y62.1465
G00 Z20.0000
G00 X19.2898Y61.8331
G01 Z20.0000
G01 X19.7882Y65.1929
G01 X22.1775Y74.7314
G01 X22.8907Y76.7247
G00 Z20.0000
G00 X23.2351Y76.5014
G01 Z20.0000
G01 X22.5603Y74.6153
G01 X20.1805Y65.1149
G01 X19.7326Y62.0951
G00 Z20.0000
G00 X20.1693Y62.3163
G01 Z20.0000
G01 X20.5729Y65.0368
G01 X22.9430Y74.4992
G01 X23.6149Y76.3768
G00 Z20.0000
G00 X24.0318Y76.3560
G01 Z20.0000
G01 X23.3258Y74.3830
G01 X20.9652Y64.9588
G01 X20.5838Y62.3877
G00 Z20.0000
G00 X20.9822Y62.3507
G01 Z20.0000
G01 X21.3575Y64.8808
G01 X23.7086Y74.2669
G01 X24.4967Y76.4695
G00 Z20.0000
G00 X25.0694Y76.8842
G01 Z20.0000
G01 X24.0914Y74.1508
G01 X21.7498Y64.8027
G01 X21.3652Y62.2098
G00 Z20.0000
G00 X21.7294Y61.9424
G01 Z20.0000
G01 X22.1421Y64.7247
G01 X24.4742Y74.0347
G01 X25.4352Y76.7207
G00 Z20.0000
G00 X25.7802Y76.4990
G01 Z20.0000
G01 X24.8569Y73.9186
G01 X22.5344Y64.6467
G01 X22.1400Y61.9874
G00 Z20.0000
G00 X22.5860Y62.2716
G01 Z20.0000
G01 X22.9267Y64.5686
G01 X25.2397Y73.8025
G01 X26.1605Y76.3759
G00 Z20.0000
G00 X26.5778Y76.3564
G01 Z20.0000
G01 X25.6225Y73.6864
G01 X23.3191Y64.4906
G01 X23.0059Y62.3797
G00 Z20.0000
G00 X23.4086Y62.3716
G01 Z20.0000
G01 X23.7114Y64.4126
G01 X26.0053Y73.5702
G01 X27.0437Y76.4726
G00 Z20.0000
G00 X27.6192Y76.8951
G01 Z20.0000
G01 X26.3880Y73.4541
G01 X24.1037Y64.3345
G01 X23.7962Y62.2616
G00 Z20.0000
G00 X24.1665Y62.0354
G01 Z20.0000
G01 X24.4960Y64.2565
G01 X26.7708Y73.3380
G01 X27.9797Y76.7166
G00 Z20.0000
G00 X28.3253Y76.4966
G01 Z20.0000
G01 X27.1536Y73.2219
G01 X24.8883Y64.1784
G01 X24.5424Y61.8468
G00 Z20.0000
G00 X25.0006Y62.2127
G01 Z20.0000
G01 X25.2806Y64.1004
G01 X27.5364Y73.1058
G01 X28.7061Y76.3751
G00 Z20.0000
G00 X29.1239Y76.3568
G01 Z20.0000
G01 X27.9191Y72.9897
G01 X25.6729Y64.0224
G01 X25.4266Y62.3618
G00 Z20.0000
G00 X25.8339Y62.3849
G01 Z20.0000
G01 X26.0653Y63.9443
G01 X28.3019Y72.8736
G01 X29.5908Y76.4758
G00 Z20.0000
G00 X30.1691Y76.9061
G01 Z20.0000
G01 X28.6847Y72.7575
G01 X26.4576Y63.8663
G01 X26.2258Y62.3038
G00 Z20.0000
G00 X26.6016Y62.1142
G01 Z20.0000
G01 X26.8499Y63.7883
G01 X29.0675Y72.6413
G01 X30.5242Y76.7126
G00 Z20.0000
G00 X30.8704Y76.4942
G01 Z20.0000
G01 X29.4502Y72.5252
G01 X27.2422Y63.7102
G01 X26.9550Y61.7744
G00 Z20.0000
G00 X27.4128Y62.1377
G01 Z20.0000
G01 X27.6345Y63.6322
G01 X29.8330Y72.4091
G01 X31.2518Y76.3742
G00 Z20.0000
G00 X31.6700Y76.3573
G01 Z20.0000
G01 X30.2158Y72.2930
G01 X28.0268Y63.5542
G01 X27.8456Y62.3327
G00 Z20.0000
G00 X28.2580Y62.3899
G01 Z20.0000
G01 X28.4191Y63.4761
G01 X30.5986Y72.1769
G01 X32.1380Y76.4792
G00 Z20.0000
G00 X32.7194Y76.9183
G01 Z20.0000
G01 X30.9813Y72.0608
G01 X28.8115Y63.3981
G01 X28.6542Y62.3377
G00 Z20.0000
G00 X29.0348Y62.1811
G01 Z20.0000
G01 X29.2038Y63.3200
G01 X31.3641Y71.9447
G01 X33.0687Y76.7086
G00 Z20.0000
G00 X33.4154Y76.4918
G01 Z20.0000
G01 X31.7469Y71.8285
G01 X29.5961Y63.2420
G01 X29.3959Y61.8927
G01 X29.8220Y62.0424
G01 X29.9884Y63.1640
G01 X32.1297Y71.7124
G01 X33.7974Y76.3734
G00 Z20.0000
G00 X34.2162Y76.3579
G01 Z20.0000
G01 X32.5124Y71.5963
G01 X30.3807Y63.0859
G01 X30.2630Y62.2926
G00 Z20.0000
G00 X30.6806Y62.3846
G01 Z20.0000
G01 X30.7730Y63.0079
G01 X32.8952Y71.4802
G01 X34.6851Y76.4826
G00 Z20.0000
G00 X35.2703Y76.9323
G01 Z20.0000
G01 X33.2780Y71.3641
G01 X31.1653Y62.9299
G01 X31.0814Y62.3638
G00 Z20.0000
G00 X31.4666Y62.2378
G01 Z20.0000
G01 X31.5577Y62.8518
G01 X33.6608Y71.2480
G01 X35.6132Y76.7047
G00 Z20.0000
G00 X35.9605Y76.4894
G01 Z20.0000
G01 X34.0436Y71.1319
G01 X31.9500Y62.7738
G01 X31.8341Y61.9928
G01 X32.2269Y61.9179
G01 X32.3423Y62.6958
G01 X34.4263Y71.0157
G01 X36.3430Y76.3726
G00 Z20.0000
G00 X36.7624Y76.3587
G01 Z20.0000
G01 X34.8091Y70.8996
G01 X32.7346Y62.6177
G01 X32.6786Y62.2403
G00 Z20.0000
G00 X33.1018Y62.3702
G01 Z20.0000
G01 X33.1269Y62.5397
G01 X35.1919Y70.7835
G01 X37.2322Y76.4859
G00 Z20.0000
G00 X37.8218Y76.9478
G01 Z20.0000
G01 X35.5747Y70.6674
G01 X33.5192Y62.4616
G01 X33.5072Y62.3807
G00 Z20.0000
G00 X33.8970Y62.2855
G01 Z20.0000
G01 X33.9115Y62.3836
G01 X35.9574Y70.5513
G01 X38.7941Y78.4791
G01 X42.3941Y86.0907
G01 X42.9542Y87.0252
G00 Z20.0000
G00 X42.9501Y87.1298
G01 Z20.0000
G01 X42.9505Y87.1004
G01 X42.9570Y86.9730
G01 X42.9599Y86.9486
G01 X42.9789Y86.8224
G01 X42.9841Y86.7985
G01 X43.0154Y86.6748
G01 X43.0229Y86.6514
G01 X43.0662Y86.5314
G01 X43.0759Y86.5089
G01 X43.1308Y86.3937
G01 X43.1427Y86.3723
G01 X43.2086Y86.2630
G01 X43.2225Y86.2428
G01 X43.2988Y86.1405
G01 X43.3147Y86.1218
G01 X43.4006Y86.0275
G01 X43.4182Y86.0104
G01 X43.5129Y85.9250
G01 X43.5322Y85.9098
G01 X43.6348Y85.8340
G01 X43.6555Y85.8207
G01 X43.7650Y85.7554
G01 X43.7869Y85.7442
G01 X43.9023Y85.6899
G01 X43.9252Y85.6809
G01 X44.0454Y85.6382
G01 X44.0690Y85.6315
G01 X44.1928Y85.6008
G01 X44.2170Y85.5964
G01 X44.3432Y85.5780
G01 X44.3677Y85.5760
G01 X44.4951Y85.5701
G01 X44.5196Y85.5705
G01 X44.6470Y85.5770
G01 X44.6714Y85.5799
G01 X44.7976Y85.5989
G01 X44.8215Y85.6041
G01 X44.9452Y85.6354
G01 X44.9686Y85.6429
G01 X45.0886Y85.6862
G01 X45.1111Y85.6959
G01 X45.2263Y85.7508
G01 X45.2477Y85.7627
G01 X45.3570Y85.8285
G01 X45.3772Y85.8425
G01 X45.4795Y85.9188
G01 X45.4982Y85.9347
G01 X45.5925Y86.0206
G01 X45.6096Y86.0382
G01 X45.6950Y86.1329
G01 X45.7102Y86.1522
G01 X45.7860Y86.2548
G01 X45.7993Y86.2755
G01 X45.8646Y86.3850
G01 X45.8758Y86.4069
G01 X45.9301Y86.5223
G01 X45.9391Y86.5452
G01 X45.9818Y86.6654
G01 X45.9885Y86.6890
G01 X46.0192Y86.8128
G01 X46.0236Y86.8370
G01 X46.0420Y86.9632
G01 X46.0440Y86.9877
G01 X46.0499Y87.1151
G01 X46.0495Y87.1396
G01 X46.0430Y87.2670
G01 X46.0401Y87.2914
G01 X46.0211Y87.4176
G01 X46.0159Y87.4415
G01 X45.9846Y87.5652
G01 X45.9771Y87.5886
G01 X45.9338Y87.7086
G01 X45.9241Y87.7311
G01 X45.8692Y87.8463
G01 X45.8573Y87.8677
G01 X45.7915Y87.9770
G01 X45.7775Y87.9972
G01 X45.7012Y88.0995
G01 X45.6853Y88.1182
G01 X45.5994Y88.2125
G01 X45.5818Y88.2296
G01 X45.4871Y88.3150
G01 X45.4678Y88.3302
G01 X45.3652Y88.4060
G01 X45.3445Y88.4193
G01 X45.2350Y88.4846
G01 X45.2131Y88.4958
G01 X45.0977Y88.5501
G01 X45.0748Y88.5591
G01 X44.9546Y88.6018
G01 X44.9310Y88.6085
G01 X44.8072Y88.6392
G01 X44.7830Y88.6436
G01 X44.6568Y88.6620
G01 X44.6323Y88.6640
G01 X44.5049Y88.6699
G01 X44.4804Y88.6695
G01 X44.3530Y88.6630
G01 X44.3286Y88.6601
G01 X44.2024Y88.6411
G01 X44.1785Y88.6359
G01 X44.0548Y88.6046
G01 X44.0314Y88.5971
G01 X43.9114Y88.5538
G01 X43.8889Y88.5441
G01 X43.7737Y88.4892
G01 X43.7523Y88.4773
G01 X43.6430Y88.4115
G01 X43.6228Y88.3975
G01 X43.5205Y88.3212
G01 X43.5018Y88.3053
G01 X43.4075Y88.2194
G01 X43.3904Y88.2018
G01 X43.3050Y88.1071
G01 X43.2898Y88.0878
G01 X43.2140Y87.9852
G01 X43.2007Y87.9645
G01 X43.1354Y87.8550
G01 X43.1242Y87.8331
G01 X43.0699Y87.7177
G01 X43.0609Y87.6948
G01 X43.0182Y87.5746
G01 X43.0115Y87.5510
G01 X42.9808Y87.4272
G01 X42.9764Y87.4030
G01 X42.9580Y87.2768
G01 X42.9560Y87.2523
G01 X42.9501Y87.1298
G00 Z20.0000
G00 X43.0912Y86.4767
G01 Z20.0000
G01 X42.7468Y85.9021
G01 X39.1636Y78.3260
G01 X36.3402Y70.4352
G01 X34.3039Y62.3056
G01 X34.2701Y62.0782
G00 Z20.0000
G00 X34.6249Y61.7474
G01 Z20.0000
G01 X34.6962Y62.2275
G01 X36.7230Y70.3191
G01 X39.5332Y78.1730
G01 X43.0996Y85.7136
G01 X43.3325Y86.1021
G00 Z20.0000
G00 X43.6368Y85.8327
G01 Z20.0000
G01 X43.4524Y85.5250
G01 X41.2060Y80.7755
G00 Z20.0000
G00 X41.7712Y81.0362
G01 Z20.0000
G01 X43.8051Y85.3365
G01 X43.9963Y85.6555
G00 Z20.0000
G00 X44.4132Y85.5738
G01 Z20.0000
G01 X44.1579Y85.1479
G01 X42.2257Y81.0626
G00 Z20.0000
G00 X42.6214Y80.9649
G01 Z20.0000
G01 X44.5107Y84.9594
G01 X44.9105Y85.6264
G00 Z20.0000
G00 X45.6496Y86.0824
G01 Z20.0000
G01 X44.8635Y84.7708
G01 X42.9687Y80.7646
G00 Z20.0000
G00 X43.2643Y80.4552
G01 Z20.0000
G01 X45.2162Y84.5822
G01 X49.3835Y91.5350
G01 X50.6555Y93.2500
G01 X51.1529Y93.2500
G01 X49.7161Y91.3127
G01 X45.5690Y84.3937
G01 X43.9371Y80.9434
G00 Z20.0000
G00 X44.4281Y81.0469
G01 Z20.0000
G01 X45.9218Y84.2051
G01 X50.0487Y91.0905
G01 X51.6503Y93.2500
G01 X52.1477Y93.2500
G01 X50.3813Y90.8683
G01 X46.2745Y84.0166
G01 X44.8517Y81.0084
G00 Z20.0000
G00 X45.2276Y80.8686
G01 Z20.0000
G01 X46.6273Y83.8280
G01 X50.7139Y90.6461
G01 X52.6451Y93.2500
G01 X53.1425Y93.2500
G01 X51.0465Y90.4238
G01 X46.9801Y83.6394
G01 X45.5575Y80.6316
G00 Z20.0000
G00 X45.8353Y80.2845
G01 Z20.0000
G01 X47.3328Y83.4509
G01 X51.3791Y90.2016
G01 X53.6399Y93.2500
G01 X54.1373Y93.2500
G01 X51.7116Y89.9794
G01 X47.6856Y83.2623
G01 X46.0275Y79.7566
G00 Z20.0000
G00 X45.2707Y78.1565
G01 Z20.0000
G01 X44.3373Y76.1830
G01 X43.2396Y73.1151
G00 Z20.0000
G00 X42.9140Y73.3911
G01 Z20.0000
G01 X43.9678Y76.3361
G01 X44.7406Y77.9701
G00 Z20.0000
G00 X44.2961Y77.9647
G01 Z20.0000
G01 X43.5982Y76.4891
G01 X42.5479Y73.5538
G00 Z20.0000
G00 X42.1437Y73.6099
G01 Z20.0000
G01 X43.2287Y76.6422
G01 X43.9037Y78.0694
G00 Z20.0000
G00 X43.5572Y78.2712
G01 Z20.0000
G01 X42.8591Y76.7953
G01 X41.6926Y73.5350
G00 Z20.0000
G00 X41.1523Y73.2110
G01 Z20.0000
G01 X42.4896Y76.9484
G01 X43.2586Y78.5742
G01 X42.6896Y78.3057
G01 X42.1200Y77.1014
G01 X39.4024Y69.5063
G01 X37.5535Y62.1251
G00 Z20.0000
G00 X38.0182Y62.3358
G01 Z20.0000
G01 X39.7852Y69.3901
G01 X40.7120Y71.9805
G00 Z20.0000
G00 X40.7001Y72.1698
G01 Z20.0000
G01 X40.7005Y72.1404
G01 X40.7066Y72.0228
G01 X40.7094Y71.9984
G01 X40.7270Y71.8819
G01 X40.7322Y71.8580
G01 X40.7611Y71.7438
G01 X40.7686Y71.7204
G01 X40.8086Y71.6097
G01 X40.8183Y71.5872
G01 X40.8690Y71.4808
G01 X40.8809Y71.4594
G01 X40.9417Y71.3585
G01 X40.9557Y71.3384
G01 X41.0261Y71.2440
G01 X41.0420Y71.2253
G01 X41.1213Y71.1382
G01 X41.1389Y71.1212
G01 X41.2264Y71.0423
G01 X41.2456Y71.0271
G01 X41.3404Y70.9572
G01 X41.3610Y70.9439
G01 X41.4622Y70.8836
G01 X41.4840Y70.8724
G01 X41.5906Y70.8223
G01 X41.6134Y70.8133
G01 X41.7244Y70.7739
G01 X41.7480Y70.7672
G01 X41.8623Y70.7389
G01 X41.8865Y70.7345
G01 X42.0030Y70.7175
G01 X42.0275Y70.7155
G01 X42.1451Y70.7101
G01 X42.1696Y70.7105
G01 X42.2872Y70.7166
G01 X42.3116Y70.7194
G01 X42.4281Y70.7370
G01 X42.4520Y70.7422
G01 X42.5662Y70.7711
G01 X42.5896Y70.7786
G01 X42.7003Y70.8186
G01 X42.7228Y70.8283
G01 X42.8292Y70.8790
G01 X42.8506Y70.8909
G01 X42.9515Y70.9517
G01 X42.9716Y70.9657
G01 X43.0660Y71.0361
G01 X43.0847Y71.0520
G01 X43.1718Y71.1313
G01 X43.1888Y71.1489
G01 X43.2677Y71.2364
G01 X43.2829Y71.2556
G01 X43.3529Y71.3504
G01 X43.3661Y71.3710
G01 X43.4264Y71.4722
G01 X43.4376Y71.4940
G01 X43.4877Y71.6006
G01 X43.4967Y71.6234
G01 X43.5361Y71.7344
G01 X43.5428Y71.7580
G01 X43.5711Y71.8723
G01 X43.5755Y71.8965
G01 X43.5925Y72.0130
G01 X43.5945Y72.0375
G01 X43.5999Y72.1551
G01 X43.5995Y72.1796
G01 X43.5934Y72.2972
G01 X43.5906Y72.3216
G01 X43.5730Y72.4381
G01 X43.5678Y72.4620
G01 X43.5389Y72.5762
G01 X43.5314Y72.5996
G01 X43.4914Y72.7103
G01 X43.4817Y72.7328
G01 X43.4310Y72.8392
G01 X43.4191Y72.8606
G01 X43.3583Y72.9615
G01 X43.3443Y72.9816
G01 X43.2739Y73.0760
G01 X43.2580Y73.0947
G01 X43.1787Y73.1818
G01 X43.1611Y73.1988
G01 X43.0736Y73.2777
G01 X43.0544Y73.2929
G01 X42.9596Y73.3628
G01 X42.9390Y73.3761
G01 X42.8378Y73.4364
G01 X42.8160Y73.4476
G01 X42.7094Y73.4977
G01 X42.6866Y73.5067
G01 X42.5756Y73.5461
G01 X42.5520Y73.5528
G01 X42.4377Y73.5811
G01 X42.4135Y73.5855
G01 X42.2970Y73.6025
G01 X42.2725Y73.6045
G01 X42.1549Y73.6099
G01 X42.1304Y73.6095
G01 X42.0128Y73.6034
G01 X41.9884Y73.6006
G01 X41.8719Y73.5830
G01 X41.8480Y73.5778
G01 X41.7338Y73.5489
G01 X41.7104Y73.5414
G01 X41.5997Y73.5014
G01 X41.5772Y73.4917
G01 X41.4708Y73.4410
G01 X41.4494Y73.4291
G01 X41.3485Y73.3683
G01 X41.3284Y73.3543
G01 X41.2340Y73.2839
G01 X41.2153Y73.2680
G01 X41.1282Y73.1887
G01 X41.1112Y73.1711
G01 X41.0323Y73.0836
G01 X41.0171Y73.0644
G01 X40.9472Y72.9696
G01 X40.9339Y72.9490
G01 X40.8736Y72.8478
G01 X40.8624Y72.8260
G01 X40.8123Y72.7194
G01 X40.8033Y72.6966
G01 X40.7639Y72.5856
G01 X40.7572Y72.5620
G01 X40.7289Y72.4477
G01 X40.7245Y72.4235
G01 X40.7075Y72.3070
G01 X40.7055Y72.2825
G01 X40.7001Y72.1698
G00 Z20.0000
G00 X40.9241Y71.3873
G01 Z20.0000
G01 X40.1680Y69.2740
G01 X38.4434Y62.3893
G00 Z20.0000
G00 X38.8407Y62.3311
G01 Z20.0000
G01 X40.5507Y69.1579
G01 X41.2253Y71.0432
G00 Z20.0000
G00 X41.5734Y70.8301
G01 Z20.0000
G01 X40.9335Y69.0418
G01 X39.2124Y62.1706
G00 Z20.0000
G00 X39.5549Y61.8938
G01 Z20.0000
G01 X41.3163Y68.9257
G01 X41.9596Y70.7237
G00 Z20.0000
G00 X42.3864Y70.7305
G01 Z20.0000
G01 X41.6991Y68.8096
G01 X40.0091Y62.0628
G00 Z20.0000
G00 X40.4840Y62.3144
G01 Z20.0000
G01 X42.0819Y68.6935
G01 X42.8729Y70.9042
G00 Z20.0000
G00 X43.5054Y72.6721
G01 Z20.0000
G01 X44.7069Y76.0299
G01 X48.0384Y83.0738
G01 X52.0442Y89.7571
G01 X54.6347Y93.2500
G01 X55.1321Y93.2500
G01 X52.3768Y89.5349
G01 X48.3911Y82.8852
G01 X45.0764Y75.8769
G01 X42.4646Y68.5774
G01 X40.9143Y62.3882
G00 Z20.0000
G00 X41.3159Y62.3473
G01 Z20.0000
G01 X42.8474Y68.4612
G01 X45.4460Y75.7238
G01 X48.7439Y82.6966
G01 X52.7094Y89.3127
G01 X55.6295Y93.2500
G01 X56.1269Y93.2500
G01 X53.0420Y89.0905
G01 X49.0967Y82.5081
G01 X45.8155Y75.5707
G01 X43.2302Y68.3451
G01 X41.6924Y62.2060
G00 Z20.0000
G00 X42.0404Y61.9509
G01 Z20.0000
G01 X43.6130Y68.2290
G01 X46.1851Y75.4176
G01 X49.4494Y82.3195
G01 X53.3746Y88.8682
G01 X56.6243Y93.2500
G01 X57.1217Y93.2500
G01 X53.7072Y88.6460
G01 X49.8022Y82.1310
G01 X46.5546Y75.2646
G01 X43.9957Y68.1129
G01 X42.4618Y61.9891
G00 Z20.0000
G00 X42.9484Y62.2874
G01 Z20.0000
G01 X44.3785Y67.9968
G01 X46.9242Y75.1115
G01 X50.1550Y81.9424
G01 X54.0398Y88.4238
G01 X57.6191Y93.2500
G01 X58.1165Y93.2500
G01 X54.3723Y88.2015
G01 X50.5077Y81.7539
G01 X47.2937Y74.9584
G01 X44.7613Y67.8807
G01 X43.3846Y62.3848
G00 Z20.0000
G00 X43.7909Y62.3623
G01 Z20.0000
G01 X45.1441Y67.7646
G01 X47.6633Y74.8053
G01 X50.8605Y81.5653
G01 X54.7049Y87.9793
G01 X58.6139Y93.2500
G01 X59.1113Y93.2500
G01 X55.0375Y87.7571
G01 X51.2133Y81.3767
G01 X48.0328Y74.6523
G01 X45.5268Y67.6484
G01 X44.1710Y62.2357
G00 Z20.0000
G00 X44.5243Y62.0017
G01 Z20.0000
G01 X45.9096Y67.5323
G01 X48.4024Y74.4992
G01 X51.5661Y81.1882
G01 X55.3701Y87.5349
G01 X59.6087Y93.2500
G01 X60.1104Y93.2500
G01 X60.0871Y93.2244
G01 X56.2229Y88.0141
G00 Z20.0000
G00 X56.7743Y88.0868
G01 Z20.0000
G01 X60.3963Y92.9706
G01 X60.6496Y93.2500
G01 X61.1888Y93.2500
G01 X60.7055Y92.7168
G01 X57.2092Y88.0026
G00 Z20.0000
G00 X57.5721Y87.8212
G01 Z20.0000
G01 X61.0147Y92.4631
G01 X61.7280Y93.2500
G01 X62.2672Y93.2500
G01 X61.3239Y92.2093
G01 X57.8712Y87.5538
G00 Z20.0000
G00 X58.6908Y87.9882
G01 Z20.0000
G01 X61.6332Y91.9556
G01 X62.8064Y93.2500
G01 X63.3455Y93.2500
G01 X61.9424Y91.7018
G01 X59.2632Y88.0893
G00 Z20.0000
G00 X59.7073Y88.0175
G01 Z20.0000
G01 X62.2516Y91.4481
G01 X63.8847Y93.2500
G01 X64.4239Y93.2500
G01 X62.5608Y91.1943
G01 X60.0762Y87.8443
G00 Z20.0000
G00 X60.3820Y87.5860
G01 Z20.0000
G01 X62.8700Y90.9405
G01 X64.9631Y93.2500
G01 X65.5023Y93.2500
G01 X63.1792Y90.6868
G01 X61.1550Y87.9575
G00 Z20.0000
G00 X61.7499Y88.0890
G01 Z20.0000
G01 X63.4884Y90.4330
G01 X66.0415Y93.2500
G01 X66.5807Y93.2500
G01 X63.7976Y90.1793
G01 X62.2038Y88.0303
G00 Z20.0000
G00 X62.5795Y87.8663
G01 Z20.0000
G01 X64.1068Y89.9255
G01 X67.1199Y93.2500
G01 X67.6591Y93.2500
G01 X64.4160Y89.6718
G01 X62.8929Y87.6181
G01 X63.6134Y87.9189
G01 X64.7252Y89.4180
G01 X68.1983Y93.2500
G01 X68.7375Y93.2500
G01 X65.0344Y89.1642
G01 X64.2349Y88.0863
G00 Z20.0000
G00 X64.6991Y88.0415
G01 Z20.0000
G01 X65.3436Y88.9105
G01 X69.2767Y93.2500
G01 X69.8159Y93.2500
G01 X65.6528Y88.6567
G01 X65.0829Y87.8882
G00 Z20.0000
G00 X65.4027Y87.6488
G01 Z20.0000
G01 X65.9620Y88.4030
G01 X70.3551Y93.2500
G01 X70.9394Y93.2500
G01 X70.6868Y93.0210
G01 X66.2712Y88.1492
G01 X66.0621Y87.8672
G00 Z20.0000
G00 X66.7524Y88.0852
G01 Z20.0000
G01 X70.9696Y92.7382
G01 X71.5343Y93.2500
G01 X72.1292Y93.2500
G01 X71.2524Y92.4553
G01 X67.2496Y88.0389
G00 Z20.0000
G00 X67.6419Y87.8768
G01 Z20.0000
G01 X71.5353Y92.1725
G01 X72.7241Y93.2500
G01 X73.3191Y93.2500
G01 X71.8181Y91.8896
G01 X67.9596Y87.6324
G01 X68.8063Y87.9717
G01 X72.1010Y91.6068
G01 X73.9140Y93.2500
G01 X74.5089Y93.2500
G01 X72.3838Y91.3240
G01 X69.4509Y88.0880
G00 Z20.0000
G00 X69.9118Y88.0016
G01 Z20.0000
G01 X72.6667Y91.0411
G01 X75.1038Y93.2500
G01 X75.6987Y93.2500
G01 X72.9495Y90.7583
G01 X70.2813Y87.8144
G00 Z20.0000
G00 X70.5778Y87.5465
G01 Z20.0000
G01 X73.2323Y90.4754
G01 X76.2936Y93.2500
G01 X76.8885Y93.2500
G01 X73.5152Y90.1926
G01 X71.5669Y88.0430
G00 Z20.0000
G00 X72.1364Y88.0764
G01 Z20.0000
G01 X73.7980Y89.9097
G01 X77.4834Y93.2500
G01 X78.0783Y93.2500
G01 X74.0809Y89.6269
G01 X72.5670Y87.9566
G00 Z20.0000
G00 X72.9145Y87.7451
G01 Z20.0000
G01 X74.3637Y89.3441
G01 X78.6733Y93.2500
G01 X79.3030Y93.2500
G01 X79.1112Y93.1077
G01 X74.6466Y89.0612
G01 X73.1900Y87.4542
G00 Z20.0000
G00 X74.2947Y88.0781
G01 Z20.0000
G01 X74.9294Y88.7784
G01 X79.3649Y92.7985
G01 X79.9737Y93.2500
G01 X80.6444Y93.2500
G01 X79.6187Y92.4893
G01 X75.2122Y88.4955
G01 X74.8115Y88.0534
G00 Z20.0000
G00 X75.2156Y87.9043
G01 Z20.0000
G01 X75.4951Y88.2127
G01 X79.8724Y92.1801
G01 X81.3150Y93.2500
G01 X81.9857Y93.2500
G01 X80.1262Y91.8709
G01 X75.7779Y87.9298
G01 X75.5410Y87.6684
G00 Z20.0000
G00 X76.4123Y87.9656
G01 Z20.0000
G01 X80.3800Y91.5617
G01 X82.6564Y93.2500
G01 X83.3271Y93.2500
G01 X80.6337Y91.2525
G01 X77.1386Y88.0847
G00 Z20.0000
G00 X77.6104Y87.9731
G01 Z20.0000
G01 X80.8875Y90.9433
G01 X83.9977Y93.2500
G01 X84.6684Y93.2500
G01 X81.1412Y90.6341
G01 X77.9722Y87.7618
G00 Z20.0000
G00 X78.2530Y87.4771
G01 Z20.0000
G01 X81.3950Y90.3249
G01 X85.3391Y93.2500
G01 X86.0097Y93.2500
G01 X81.6487Y90.0157
G01 X79.5226Y88.0886
G00 Z20.0000
G00 X80.0357Y88.0145
G01 Z20.0000
G01 X81.9025Y89.7065
G01 X86.3954Y93.0386
G01 X86.7481Y93.2500
G01 X87.5252Y93.2500
G01 X86.6176Y92.7060
G01 X82.1563Y89.3973
G01 X80.4237Y87.8270
G00 Z20.0000
G00 X80.7249Y87.5607
G01 Z20.0000
G01 X82.4100Y89.0881
G01 X86.8399Y92.3735
G01 X88.3023Y93.2500
G01 X89.0794Y93.2500
G01 X87.0621Y92.0409
G01 X82.6638Y88.7788
G01 X81.8859Y88.0738
G00 Z20.0000
G00 X82.4525Y88.0482
G01 Z20.0000
G01 X82.9175Y88.4696
G01 X87.2843Y91.7083
G01 X89.8565Y93.2500
G01 X90.6336Y93.2500
G01 X87.5066Y91.3757
G01 X83.1713Y88.1604
G01 X82.8677Y87.8853
G00 Z20.0000
G00 X83.1919Y87.6400
G01 Z20.0000
G01 X83.4250Y87.8512
G01 X87.7288Y91.0431
G01 X91.4108Y93.2500
G01 X92.1879Y93.2500
G01 X87.9510Y90.7105
G01 X84.3883Y88.0682
G00 Z20.0000
G00 X85.0220Y88.0408
G01 Z20.0000
G01 X88.1732Y90.3779
G01 X92.7018Y93.0922
G01 X93.0354Y93.2500
G01 X93.9698Y93.2500
G01 X92.8903Y92.7395
G01 X88.3955Y90.0453
G01 X85.4494Y87.8604
G00 Z20.0000
G00 X85.7692Y87.6001
G01 Z20.0000
G01 X88.6177Y89.7128
G01 X93.0789Y92.3867
G01 X94.9042Y93.2500
G01 X95.8386Y93.2500
G01 X93.2674Y92.0339
G01 X88.8399Y89.3802
G01 X87.0954Y88.0863
G00 Z20.0000
G00 X87.6649Y88.0113
G01 Z20.0000
G01 X89.0621Y89.0476
G01 X93.4560Y91.6812
G01 X96.7731Y93.2500
G01 X97.7075Y93.2500
G01 X93.6446Y91.3284
G01 X89.2844Y88.7150
G01 X88.0657Y87.8112
G00 Z20.0000
G00 X88.3665Y87.5369
G01 Z20.0000
G01 X89.5066Y88.3824
G01 X93.8331Y90.9756
G01 X98.3930Y93.1323
G01 X98.7220Y93.2500
G01 X99.9079Y93.2500
G01 X98.5461Y92.7627
G01 X94.0217Y90.6228
G01 X89.7909Y88.0870
G00 Z20.0000
G00 X90.3489Y87.9557
G01 Z20.0000
G01 X94.2102Y90.2701
G01 X98.6991Y92.3932
G01 X101.0938Y93.2500
G01 X102.2797Y93.2500
G01 X98.8522Y92.0236
G01 X94.3988Y89.9173
G01 X90.7275Y87.7168
G00 Z20.0000
G00 X92.1158Y88.0832
G01 Z20.0000
G01 X94.5874Y89.5645
G01 X99.0053Y91.6541
G01 X103.4656Y93.2500
G01 X105.0494Y93.2500
G01 X103.7229Y92.9177
G01 X99.1584Y91.2845
G01 X94.7759Y89.2118
G01 X92.7625Y88.0050
G00 Z20.0000
G00 X93.1772Y87.7878
G01 Z20.0000
G01 X94.9645Y88.8590
G01 X99.3114Y90.9150
G01 X103.8390Y92.5349
G01 X106.6936Y93.2500
G01 X108.3379Y93.2500
G01 X103.9551Y92.1522
G01 X99.4645Y90.5454
G01 X95.1530Y88.5062
G01 X94.3440Y88.0213
G00 Z20.0000
G00 X93.7086Y87.6404
G01 Z20.0000
G01 X93.4755Y87.5008
G00 Z20.0000
G00 X95.1620Y88.0458
G01 Z20.0000
G01 X95.3416Y88.1535
G01 X99.6176Y90.1759
G01 X104.0712Y91.7694
G01 X108.6596Y92.9187
G01 X110.8929Y93.2500
G01 X114.0964Y93.2500
G01 X113.3777Y93.2147
G01 X108.7376Y92.5264
G01 X104.1873Y91.3866
G01 X99.7706Y89.8063
G01 X95.6301Y87.8480
G00 Z20.0000
G00 X95.9626Y87.5633
G01 Z20.0000
G01 X96.3973Y87.7689
G00 Z20.0000
G00 X96.9881Y88.0483
G01 Z20.0000
G01 X99.9237Y89.4368
G01 X104.3034Y91.0038
G01 X108.8156Y92.1341
G01 X113.4169Y92.8166
G01 X118.0629Y93.0449
G01 X122.7089Y92.8166
G01 X127.3102Y92.1341
G01 X131.8224Y91.0038
G01 X136.2021Y89.4368
G01 X140.4071Y87.4479
G01 X144.3969Y85.0565
G01 X148.1332Y82.2856
G01 X148.2500Y82.1797
G01 X148.2500Y82.6963
G01 X144.6192Y85.3891
G01 X140.5957Y87.8007
G01 X136.3552Y89.8063
G01 X131.9385Y91.3866
G01 X127.3882Y92.5264
G01 X122.7481Y93.2147
G01 X122.0294Y93.2500
G01 X125.2329Y93.2500
G01 X127.4663Y92.9187
G01 X132.0546Y91.7694
G01 X136.5083Y90.1759
G01 X140.7842Y88.1535
G01 X144.8414Y85.7217
G01 X148.2500Y83.1937
G01 X148.2500Y83.6911
G01 X145.0636Y86.0543
G01 X143.4356Y87.0301
G00 Z20.0000
G00 X144.3049Y86.9748
G01 Z20.0000
G01 X145.2859Y86.3869
G01 X148.2500Y84.1885
G01 X148.2500Y84.6859
G01 X145.5081Y86.7195
G01 X144.8289Y87.1265
G00 Z20.0000
G00 X145.2222Y87.3566
G01 Z20.0000
G01 X145.7303Y87.0521
G01 X148.2500Y85.1833
G01 X148.2500Y85.6807
G01 X145.9525Y87.3846
G01 X145.5297Y87.6381
G00 Z20.0000
G00 X145.7658Y87.9624
G01 Z20.0000
G01 X146.1748Y87.7172
G01 X148.2500Y86.1781
G01 X148.2500Y86.6755
G01 X146.3970Y88.0498
G01 X145.9344Y88.3271
G00 Z20.0000
G00 X146.0311Y88.7349
G01 Z20.0000
G01 X146.6192Y88.3824
G01 X148.2500Y87.1729
G01 X148.2500Y87.6703
G01 X146.8415Y88.7150
G01 X146.0406Y89.1950
G00 Z20.0000
G00 X145.9109Y89.7385
G01 Z20.0000
G01 X147.0637Y89.0476
G01 X148.2500Y88.1677
G01 X148.2500Y88.6651
G01 X147.2859Y89.3802
G01 X145.3499Y90.5406
G00 Z20.0000
G00 X144.7224Y90.9167
G01 Z20.0000
G01 X142.8584Y92.0339
G01 X140.2872Y93.2500
G01 X141.2216Y93.2500
G01 X143.0469Y92.3867
G01 X147.5081Y89.7128
G01 X148.2500Y89.1625
G01 X148.2500Y89.6600
G01 X147.7304Y90.0453
G01 X143.2355Y92.7395
G01 X142.1561Y93.2500
G01 X143.0905Y93.2500
G01 X143.4241Y93.0922
G01 X147.9526Y90.3779
G01 X148.2500Y90.1574
G01 X148.2500Y90.6548
G01 X148.1748Y90.7105
G01 X143.9379Y93.2500
G01 X144.7151Y93.2500
G01 X148.2500Y91.1312
G01 X148.2500Y91.5970
G01 X145.4922Y93.2500
G01 X146.2693Y93.2500
G01 X148.2500Y92.0628
G01 X148.2500Y92.5286
G01 X147.0464Y93.2500
G01 X147.8235Y93.2500
G01 X148.2500Y92.9944
G00 Z20.0000
G00 X143.7505Y91.0334
G01 Z20.0000
G01 X142.6698Y91.6812
G01 X139.3528Y93.2500
G01 X138.4184Y93.2500
G01 X142.4813Y91.3284
G01 X143.2100Y90.8916
G00 Z20.0000
G00 X142.8088Y90.6663
G01 Z20.0000
G01 X142.2927Y90.9756
G01 X137.7328Y93.1323
G01 X137.4038Y93.2500
G01 X136.2179Y93.2500
G01 X137.5798Y92.7627
G01 X142.1041Y90.6228
G01 X142.4947Y90.3888
G00 Z20.0000
G00 X142.2525Y90.0681
G01 Z20.0000
G01 X141.9156Y90.2701
G01 X137.4267Y92.3932
G01 X135.0320Y93.2500
G01 X133.8461Y93.2500
G01 X137.2736Y92.0236
G01 X141.7270Y89.9173
G01 X142.0778Y89.7071
G00 Z20.0000
G00 X141.9746Y89.3032
G01 Z20.0000
G01 X141.5385Y89.5645
G01 X137.1206Y91.6541
G01 X132.6602Y93.2500
G01 X131.0764Y93.2500
G01 X132.4030Y92.9177
G01 X136.9675Y91.2845
G01 X141.3499Y89.2118
G01 X141.9570Y88.8479
G00 Z20.0000
G00 X141.9501Y89.0098
G01 Z20.0000
G01 X141.9505Y88.9804
G01 X141.9595Y88.8040
G01 X141.9623Y88.7796
G01 X141.9885Y88.6049
G01 X141.9937Y88.5809
G01 X142.0369Y88.4096
G01 X142.0444Y88.3863
G01 X142.1042Y88.2201
G01 X142.1140Y88.1976
G01 X142.1898Y88.0380
G01 X142.2017Y88.0166
G01 X142.2928Y87.8652
G01 X142.3068Y87.8450
G01 X142.4123Y87.7033
G01 X142.4282Y87.6846
G01 X142.5470Y87.5539
G01 X142.5647Y87.5369
G01 X142.6957Y87.4185
G01 X142.7150Y87.4032
G01 X142.8570Y87.2983
G01 X142.8777Y87.2850
G01 X143.0293Y87.1944
G01 X143.0512Y87.1832
G01 X143.2110Y87.1080
G01 X143.2338Y87.0990
G01 X143.4002Y87.0398
G01 X143.4238Y87.0330
G01 X143.5953Y86.9904
G01 X143.6194Y86.9860
G01 X143.7942Y86.9604
G01 X143.8186Y86.9584
G01 X143.9951Y86.9501
G01 X144.0196Y86.9505
G01 X144.1961Y86.9595
G01 X144.2204Y86.9623
G01 X144.3951Y86.9885
G01 X144.4191Y86.9937
G01 X144.5904Y87.0369
G01 X144.6137Y87.0444
G01 X144.7799Y87.1042
G01 X144.8025Y87.1140
G01 X144.9620Y87.1898
G01 X144.9834Y87.2017
G01 X145.1348Y87.2928
G01 X145.1550Y87.3068
G01 X145.2967Y87.4123
G01 X145.3154Y87.4282
G01 X145.4461Y87.5470
G01 X145.4631Y87.5647
G01 X145.5815Y87.6957
G01 X145.5968Y87.7150
G01 X145.7017Y87.8570
G01 X145.7150Y87.8777
G01 X145.8056Y88.0293
G01 X145.8168Y88.0512
G01 X145.8920Y88.2110
G01 X145.9010Y88.2338
G01 X145.9602Y88.4002
G01 X145.9670Y88.4238
G01 X146.0096Y88.5953
G01 X146.0140Y88.6194
G01 X146.0396Y88.7942
G01 X146.0416Y88.8186
G01 X146.0499Y88.9951
G01 X146.0495Y89.0196
G01 X146.0406Y89.1960
G01 X146.0377Y89.2204
G01 X146.0115Y89.3951
G01 X146.0063Y89.4191
G01 X145.9631Y89.5904
G01 X145.9556Y89.6137
G01 X145.8958Y89.7799
G01 X145.8860Y89.8024
G01 X145.8102Y89.9620
G01 X145.7983Y89.9834
G01 X145.7072Y90.1348
G01 X145.6932Y90.1550
G01 X145.5877Y90.2967
G01 X145.5718Y90.3154
G01 X145.4530Y90.4461
G01 X145.4354Y90.4631
G01 X145.3043Y90.5815
G01 X145.2850Y90.5968
G01 X145.1430Y90.7017
G01 X145.1223Y90.7150
G01 X144.9707Y90.8056
G01 X144.9488Y90.8168
G01 X144.7890Y90.8920
G01 X144.7662Y90.9010
G01 X144.5998Y90.9602
G01 X144.5762Y90.9670
G01 X144.4047Y91.0096
G01 X144.3806Y91.0140
G01 X144.2058Y91.0396
G01 X144.1814Y91.0416
G01 X144.0049Y91.0499
G01 X143.9804Y91.0495
G01 X143.8039Y91.0405
G01 X143.7796Y91.0377
G01 X143.6049Y91.0115
G01 X143.5809Y91.0063
G01 X143.4096Y90.9631
G01 X143.3863Y90.9556
G01 X143.2201Y90.8958
G01 X143.1976Y90.8860
G01 X143.0380Y90.8102
G01 X143.0166Y90.7983
G01 X142.8652Y90.7072
G01 X142.8450Y90.6932
G01 X142.7033Y90.5877
G01 X142.6846Y90.5718
G01 X142.5539Y90.4530
G01 X142.5369Y90.4353
G01 X142.4185Y90.3043
G01 X142.4033Y90.2850
G01 X142.2983Y90.1430
G01 X142.2850Y90.1223
G01 X142.1944Y89.9707
G01 X142.1832Y89.9488
G01 X142.1080Y89.7890
G01 X142.0990Y89.7662
G01 X142.0398Y89.5998
G01 X142.0330Y89.5762
G01 X141.9904Y89.4047
G01 X141.9860Y89.3806
G01 X141.9604Y89.2058
G01 X141.9584Y89.1814
G01 X141.9501Y89.0098
G00 Z20.0000
G00 X142.0702Y88.3143
G01 Z20.0000
G01 X141.1614Y88.8590
G01 X136.8144Y90.9150
G01 X132.2869Y92.5349
G01 X129.4322Y93.2500
G01 X127.7879Y93.2500
G01 X132.1708Y92.1522
G01 X136.6613Y90.5454
G01 X140.9728Y88.5062
G01 X142.5288Y87.5736
G00 Z20.0000
G00 X137.0200Y82.4207
G01 Z20.0000
G01 X137.5787Y82.1564
G01 X141.0635Y80.0677
G01 X144.3268Y77.6475
G01 X147.3371Y74.9191
G01 X148.2500Y73.9119
G01 X148.2500Y73.3170
G01 X147.0543Y74.6362
G01 X144.0730Y77.3383
G01 X140.8413Y79.7351
G01 X137.4771Y81.7515
G00 Z20.0000
G00 X137.5477Y81.2434
G01 Z20.0000
G01 X140.6191Y79.4025
G01 X143.8193Y77.0291
G01 X146.7715Y74.3534
G01 X148.2500Y72.7221
G01 X148.2500Y72.1272
G01 X146.4886Y74.0706
G01 X143.5655Y76.7199
G01 X143.1752Y77.0094
G00 Z20.0000
G00 X142.6248Y77.4176
G01 Z20.0000
G01 X140.3968Y79.0699
G01 X137.4687Y80.8250
G00 Z20.0000
G00 X137.2868Y80.4682
G01 Z20.0000
G01 X140.1746Y78.7374
G01 X141.7955Y77.5352
G00 Z20.0000
G00 X141.3192Y77.3911
G01 Z20.0000
G01 X139.9524Y78.4048
G01 X137.0078Y80.1697
G00 Z20.0000
G00 X136.6085Y79.9432
G01 Z20.0000
G01 X139.7302Y78.0722
G01 X140.9677Y77.1544
G00 Z20.0000
G00 X139.8238Y77.5053
G01 Z20.0000
G01 X139.5079Y77.7396
G01 X136.2588Y79.6870
G01 X135.8743Y79.8689
G00 Z20.0000
G00 X135.1369Y80.2176
G01 Z20.0000
G01 X132.8345Y81.3066
G01 X129.6975Y82.4291
G00 Z20.0000
G00 X130.0678Y82.7209
G01 Z20.0000
G01 X132.9876Y81.6762
G01 X134.7199Y80.8568
G00 Z20.0000
G00 X134.6501Y81.3097
G01 Z20.0000
G01 X134.6505Y81.2804
G01 X134.6566Y81.1628
G01 X134.6594Y81.1384
G01 X134.6770Y81.0219
G01 X134.6822Y80.9980
G01 X134.7111Y80.8838
G01 X134.7186Y80.8604
G01 X134.7586Y80.7497
G01 X134.7683Y80.7272
G01 X134.8190Y80.6208
G01 X134.8309Y80.5994
G01 X134.8917Y80.4985
G01 X134.9057Y80.4784
G01 X134.9761Y80.3840
G01 X134.9920Y80.3653
G01 X135.0713Y80.2782
G01 X135.0889Y80.2612
G01 X135.1764Y80.1823
G01 X135.1956Y80.1671
G01 X135.2904Y80.0972
G01 X135.3110Y80.0839
G01 X135.4122Y80.0236
G01 X135.4340Y80.0124
G01 X135.5406Y79.9623
G01 X135.5634Y79.9533
G01 X135.6744Y79.9139
G01 X135.6980Y79.9072
G01 X135.8123Y79.8789
G01 X135.8365Y79.8745
G01 X135.9530Y79.8575
G01 X135.9775Y79.8555
G01 X136.0951Y79.8501
G01 X136.1196Y79.8505
G01 X136.2372Y79.8566
G01 X136.2616Y79.8594
G01 X136.3781Y79.8770
G01 X136.4020Y79.8822
G01 X136.5162Y79.9111
G01 X136.5396Y79.9186
G01 X136.6503Y79.9585
G01 X136.6728Y79.9683
G01 X136.7792Y80.0190
G01 X136.8006Y80.0309
G01 X136.9015Y80.0917
G01 X136.9216Y80.1057
G01 X137.0160Y80.1761
G01 X137.0347Y80.1920
G01 X137.1218Y80.2713
G01 X137.1388Y80.2889
G01 X137.2177Y80.3764
G01 X137.2329Y80.3956
G01 X137.3029Y80.4904
G01 X137.3161Y80.5110
G01 X137.3764Y80.6122
G01 X137.3876Y80.6340
G01 X137.4377Y80.7406
G01 X137.4467Y80.7634
G01 X137.4861Y80.8744
G01 X137.4928Y80.8980
G01 X137.5211Y81.0123
G01 X137.5255Y81.0365
G01 X137.5425Y81.1530
G01 X137.5445Y81.1775
G01 X137.5499Y81.2951
G01 X137.5495Y81.3196
G01 X137.5434Y81.4372
G01 X137.5406Y81.4616
G01 X137.5230Y81.5780
G01 X137.5178Y81.6020
G01 X137.4889Y81.7162
G01 X137.4814Y81.7396
G01 X137.4415Y81.8503
G01 X137.4317Y81.8728
G01 X137.3810Y81.9792
G01 X137.3691Y82.0006
G01 X137.3083Y82.1015
G01 X137.2943Y82.1216
G01 X137.2239Y82.2160
G01 X137.2080Y82.2347
G01 X137.1287Y82.3218
G01 X137.1111Y82.3388
G01 X137.0236Y82.4177
G01 X137.0044Y82.4329
G01 X136.9096Y82.5029
G01 X136.8890Y82.5161
G01 X136.7878Y82.5764
G01 X136.7660Y82.5876
G01 X136.6594Y82.6377
G01 X136.6366Y82.6467
G01 X136.5256Y82.6861
G01 X136.5020Y82.6928
G01 X136.3877Y82.7211
G01 X136.3635Y82.7255
G01 X136.2470Y82.7425
G01 X136.2225Y82.7445
G01 X136.1049Y82.7499
G01 X136.0804Y82.7495
G01 X135.9628Y82.7434
G01 X135.9384Y82.7406
G01 X135.8219Y82.7230
G01 X135.7980Y82.7178
G01 X135.6838Y82.6889
G01 X135.6604Y82.6814
G01 X135.5497Y82.6415
G01 X135.5272Y82.6317
G01 X135.4208Y82.5810
G01 X135.3994Y82.5691
G01 X135.2985Y82.5083
G01 X135.2784Y82.4943
G01 X135.1840Y82.4239
G01 X135.1653Y82.4080
G01 X135.0782Y82.3287
G01 X135.0612Y82.3111
G01 X134.9823Y82.2236
G01 X134.9671Y82.2044
G01 X134.8971Y82.1096
G01 X134.8839Y82.0890
G01 X134.8236Y81.9878
G01 X134.8124Y81.9660
G01 X134.7623Y81.8594
G01 X134.7533Y81.8366
G01 X134.7139Y81.7256
G01 X134.7072Y81.7020
G01 X134.6789Y81.5877
G01 X134.6745Y81.5635
G01 X134.6575Y81.4470
G01 X134.6555Y81.4225
G01 X134.6501Y81.3097
G00 Z20.0000
G00 X134.6511Y81.3313
G01 Z20.0000
G01 X133.1406Y82.0457
G01 X130.3008Y83.0618
G00 Z20.0000
G00 X130.4262Y83.4413
G01 Z20.0000
G01 X133.2937Y82.4153
G01 X134.7191Y81.7411
G00 Z20.0000
G00 X134.8917Y82.1014
G01 Z20.0000
G01 X133.4468Y82.7848
G01 X130.4408Y83.8604
G00 Z20.0000
G00 X130.3027Y84.3341
G01 Z20.0000
G01 X133.5999Y83.1544
G01 X135.1697Y82.4119
G00 Z20.0000
G00 X135.5886Y82.6557
G01 Z20.0000
G01 X133.7529Y83.5239
G01 X129.9646Y84.8794
G01 X129.7682Y84.9286
G00 Z20.0000
G00 X128.9017Y85.1457
G01 Z20.0000
G01 X126.0616Y85.8571
G01 X122.0816Y86.4474
G01 X118.0629Y86.6449
G01 X114.0442Y86.4474
G01 X110.0642Y85.8571
G01 X106.2241Y84.8952
G00 Z20.0000
G00 X106.4147Y84.5311
G01 Z20.0000
G01 X110.1422Y85.4647
G01 X114.0834Y86.0494
G01 X118.0629Y86.2449
G01 X122.0424Y86.0494
G01 X125.9836Y85.4647
G01 X128.2004Y84.9095
G00 Z20.0000
G00 X127.8525Y84.5847
G01 Z20.0000
G01 X125.9055Y85.0724
G01 X122.0032Y85.6513
G01 X118.0629Y85.8449
G01 X114.1226Y85.6513
G01 X110.2203Y85.0724
G01 X106.5034Y84.1414
G00 Z20.0000
G00 X106.4843Y83.7221
G01 Z20.0000
G01 X106.5096Y83.7311
G01 X110.2983Y84.6801
G01 X114.1618Y85.2532
G01 X118.0629Y85.4449
G01 X121.9640Y85.2532
G01 X125.8275Y84.6801
G01 X127.6488Y84.2239
G00 Z20.0000
G00 X127.5564Y83.8352
G01 Z20.0000
G01 X125.7495Y84.2878
G01 X121.9248Y84.8551
G01 X119.8181Y84.9586
G00 Z20.0000
G00 X120.2838Y84.5358
G01 Z20.0000
G01 X121.8856Y84.4571
G01 X125.6714Y83.8955
G01 X127.5778Y83.4180
G00 Z20.0000
G00 X127.5501Y83.7098
G01 Z20.0000
G01 X127.5505Y83.6804
G01 X127.5566Y83.5628
G01 X127.5594Y83.5384
G01 X127.5770Y83.4220
G01 X127.5822Y83.3980
G01 X127.6111Y83.2838
G01 X127.6186Y83.2604
G01 X127.6585Y83.1497
G01 X127.6683Y83.1272
G01 X127.7190Y83.0208
G01 X127.7309Y82.9994
G01 X127.7917Y82.8985
G01 X127.8057Y82.8784
G01 X127.8761Y82.7840
G01 X127.8920Y82.7653
G01 X127.9713Y82.6782
G01 X127.9889Y82.6612
G01 X128.0764Y82.5823
G01 X128.0956Y82.5671
G01 X128.1904Y82.4971
G01 X128.2110Y82.4839
G01 X128.3122Y82.4236
G01 X128.3340Y82.4124
G01 X128.4406Y82.3623
G01 X128.4634Y82.3533
G01 X128.5744Y82.3139
G01 X128.5980Y82.3072
G01 X128.7123Y82.2789
G01 X128.7365Y82.2745
G01 X128.8530Y82.2575
G01 X128.8775Y82.2555
G01 X128.9951Y82.2501
G01 X129.0196Y82.2505
G01 X129.1372Y82.2566
G01 X129.1616Y82.2594
G01 X129.2781Y82.2770
G01 X129.3020Y82.2822
G01 X129.4162Y82.3111
G01 X129.4396Y82.3186
G01 X129.5503Y82.3586
G01 X129.5728Y82.3683
G01 X129.6792Y82.4190
G01 X129.7006Y82.4309
G01 X129.8015Y82.4917
G01 X129.8216Y82.5057
G01 X129.9160Y82.5761
G01 X129.9347Y82.5920
G01 X130.0218Y82.6713
G01 X130.0388Y82.6889
G01 X130.1177Y82.7764
G01 X130.1329Y82.7956
G01 X130.2029Y82.8904
G01 X130.2161Y82.9110
G01 X130.2764Y83.0122
G01 X130.2876Y83.0340
G01 X130.3377Y83.1406
G01 X130.3467Y83.1634
G01 X130.3861Y83.2744
G01 X130.3928Y83.2980
G01 X130.4211Y83.4123
G01 X130.4255Y83.4365
G01 X130.4425Y83.5530
G01 X130.4445Y83.5775
G01 X130.4499Y83.6951
G01 X130.4495Y83.7196
G01 X130.4434Y83.8372
G01 X130.4406Y83.8616
G01 X130.4230Y83.9781
G01 X130.4178Y84.0020
G01 X130.3889Y84.1162
G01 X130.3814Y84.1396
G01 X130.3415Y84.2503
G01 X130.3317Y84.2728
G01 X130.2811Y84.3792
G01 X130.2691Y84.4006
G01 X130.2083Y84.5015
G01 X130.1943Y84.5216
G01 X130.1239Y84.6160
G01 X130.1080Y84.6347
G01 X130.0287Y84.7218
G01 X130.0111Y84.7388
G01 X129.9236Y84.8177
G01 X129.9044Y84.8329
G01 X129.8096Y84.9029
G01 X129.7890Y84.9161
G01 X129.6878Y84.9764
G01 X129.6660Y84.9876
G01 X129.5594Y85.0377
G01 X129.5366Y85.0467
G01 X129.4256Y85.0861
G01 X129.4020Y85.0928
G01 X129.2877Y85.1211
G01 X129.2635Y85.1255
G01 X129.1470Y85.1425
G01 X129.1225Y85.1445
G01 X129.0049Y85.1499
G01 X128.9804Y85.1495
G01 X128.8628Y85.1434
G01 X128.8384Y85.1406
G01 X128.7220Y85.1230
G01 X128.6980Y85.1178
G01 X128.5838Y85.0889
G01 X128.5604Y85.0814
G01 X128.4497Y85.0414
G01 X128.4272Y85.0317
G01 X128.3208Y84.9810
G01 X128.2994Y84.9691
G01 X128.1985Y84.9083
G01 X128.1784Y84.8943
G01 X128.0840Y84.8239
G01 X128.0653Y84.8080
G01 X127.9782Y84.7287
G01 X127.9612Y84.7111
G01 X127.8823Y84.6236
G01 X127.8671Y84.6044
G01 X127.7971Y84.5096
G01 X127.7839Y84.4890
G01 X127.7236Y84.3878
G01 X127.7124Y84.3660
G01 X127.6623Y84.2594
G01 X127.6533Y84.2366
G01 X127.6139Y84.1256
G01 X127.6072Y84.1020
G01 X127.5789Y83.9877
G01 X127.5745Y83.9635
G01 X127.5575Y83.8470
G01 X127.5555Y83.8225
G01 X127.5501Y83.7098
G00 Z20.0000
G00 X127.7532Y82.9622
G01 Z20.0000
G01 X125.5934Y83.5032
G01 X121.8464Y84.0590
G01 X120.4860Y84.1258
G00 Z20.0000
G00 X120.5494Y83.7227
G01 Z20.0000
G01 X121.8072Y83.6609
G01 X125.5154Y83.1109
G01 X128.3680Y82.3963
G00 Z20.0000
G00 X128.9428Y82.2523
G01 Z20.0000
G01 X129.1518Y82.2000
G01 X132.6814Y80.9371
G01 X136.0703Y79.3343
G01 X139.1141Y77.5098
G00 Z20.0000
G00 X138.6519Y77.3211
G01 Z20.0000
G01 X135.8817Y78.9815
G01 X132.5283Y80.5675
G01 X129.0357Y81.8172
G01 X125.4373Y82.7185
G01 X121.7680Y83.2628
G01 X120.4996Y83.3252
G00 Z20.0000
G00 X120.3296Y82.9335
G01 Z20.0000
G01 X121.7288Y82.8648
G01 X125.3593Y82.3262
G01 X128.9196Y81.4344
G01 X132.3753Y80.1980
G01 X135.6932Y78.6287
G01 X138.3236Y77.0521
G00 Z20.0000
G00 X138.0906Y76.7260
G01 Z20.0000
G01 X135.5046Y78.2760
G01 X132.2222Y79.8284
G01 X128.8034Y81.0517
G01 X125.2813Y81.9339
G01 X121.6896Y82.4667
G01 X119.9822Y82.5506
G01 X119.6612Y82.1663
G01 X121.6503Y82.0686
G01 X125.2032Y81.5416
G01 X128.6873Y80.6689
G01 X132.0691Y79.4589
G01 X135.3160Y77.9232
G01 X137.9498Y76.3445
G00 Z20.0000
G00 X137.9101Y76.0098
G01 Z20.0000
G01 X137.9105Y75.9804
G01 X137.9170Y75.8530
G01 X137.9199Y75.8286
G01 X137.9389Y75.7024
G01 X137.9441Y75.6785
G01 X137.9754Y75.5548
G01 X137.9829Y75.5314
G01 X138.0262Y75.4114
G01 X138.0359Y75.3889
G01 X138.0908Y75.2737
G01 X138.1027Y75.2523
G01 X138.1685Y75.1430
G01 X138.1825Y75.1228
G01 X138.2588Y75.0205
G01 X138.2747Y75.0018
G01 X138.3606Y74.9075
G01 X138.3782Y74.8904
G01 X138.4729Y74.8050
G01 X138.4922Y74.7898
G01 X138.5948Y74.7140
G01 X138.6155Y74.7007
G01 X138.7250Y74.6354
G01 X138.7469Y74.6242
G01 X138.8623Y74.5699
G01 X138.8852Y74.5609
G01 X139.0054Y74.5182
G01 X139.0290Y74.5115
G01 X139.1528Y74.4808
G01 X139.1770Y74.4764
G01 X139.3032Y74.4580
G01 X139.3277Y74.4560
G01 X139.4551Y74.4501
G01 X139.4796Y74.4505
G01 X139.5923Y74.4560
G01 X139.6168Y74.4580
G01 X139.7430Y74.4764
G01 X139.7815Y74.4841
G01 X139.8910Y74.5115
G01 X139.9146Y74.5182
G01 X140.0348Y74.5609
G01 X140.0711Y74.5759
G01 X140.1863Y74.6308
G01 X140.2077Y74.6427
G01 X140.3045Y74.7007
G01 X140.3252Y74.7140
G01 X140.4278Y74.7898
G01 X140.4582Y74.8147
G01 X140.5454Y74.8938
G01 X140.5696Y74.9182
G01 X140.6550Y75.0129
G01 X140.6702Y75.0322
G01 X140.7300Y75.1127
G01 X140.7898Y75.0322
G01 X140.8050Y75.0129
G01 X140.8904Y74.9182
G01 X140.9075Y74.9006
G01 X141.0129Y74.8050
G01 X141.0322Y74.7898
G01 X141.1228Y74.7225
G01 X141.1555Y74.7007
G01 X141.2565Y74.6402
G01 X141.2869Y74.6242
G01 X141.3889Y74.5759
G01 X141.4114Y74.5662
G01 X141.5314Y74.5229
G01 X141.5548Y74.5154
G01 X141.6928Y74.4808
G01 X141.7170Y74.4764
G01 X141.8286Y74.4599
G01 X141.8677Y74.4560
G01 X141.9853Y74.4503
G01 X142.0196Y74.4505
G01 X142.1323Y74.4560
G01 X142.1568Y74.4580
G01 X142.2830Y74.4764
G01 X142.3072Y74.4808
G01 X142.4452Y74.5154
G01 X142.4686Y74.5229
G01 X142.5794Y74.5626
G01 X142.6111Y74.5759
G01 X142.7131Y74.6242
G01 X142.7477Y74.6427
G01 X142.8445Y74.7007
G01 X142.8652Y74.7140
G01 X142.9795Y74.7988
G01 X142.9982Y74.8147
G01 X143.0818Y74.8904
G01 X143.1096Y74.9182
G01 X143.1853Y75.0018
G01 X143.2012Y75.0205
G01 X143.2860Y75.1348
G01 X143.2993Y75.1555
G01 X143.3573Y75.2523
G01 X143.3758Y75.2869
G01 X143.4241Y75.3889
G01 X143.4338Y75.4114
G01 X143.4818Y75.5454
G01 X143.4885Y75.5690
G01 X143.5159Y75.6785
G01 X143.5236Y75.7170
G01 X143.5401Y75.8286
G01 X143.5430Y75.8530
G01 X143.5499Y75.9951
G01 X143.5495Y76.0196
G01 X143.5430Y76.1470
G01 X143.5401Y76.1714
G01 X143.5211Y76.2976
G01 X143.5159Y76.3215
G01 X143.4846Y76.4452
G01 X143.4771Y76.4686
G01 X143.4338Y76.5886
G01 X143.4241Y76.6111
G01 X143.3692Y76.7263
G01 X143.3573Y76.7477
G01 X143.2914Y76.8570
G01 X143.2775Y76.8772
G01 X143.2012Y76.9795
G01 X143.1853Y76.9982
G01 X143.0994Y77.0925
G01 X143.0818Y77.1096
G01 X142.9871Y77.1950
G01 X142.9678Y77.2102
G01 X142.8652Y77.2860
G01 X142.8445Y77.2993
G01 X142.7350Y77.3646
G01 X142.7131Y77.3758
G01 X142.5977Y77.4301
G01 X142.5748Y77.4391
G01 X142.4546Y77.4818
G01 X142.4310Y77.4885
G01 X142.3072Y77.5192
G01 X142.2830Y77.5236
G01 X142.1568Y77.5420
G01 X142.1323Y77.5440
G01 X142.0049Y77.5499
G01 X141.9804Y77.5495
G01 X141.8677Y77.5440
G01 X141.8432Y77.5420
G01 X141.7170Y77.5236
G01 X141.6785Y77.5159
G01 X141.5548Y77.4846
G01 X141.5314Y77.4771
G01 X141.4252Y77.4391
G01 X141.3889Y77.4241
G01 X141.2737Y77.3692
G01 X141.2523Y77.3573
G01 X141.1555Y77.2993
G01 X141.1348Y77.2860
G01 X141.0322Y77.2102
G01 X141.0018Y77.1853
G01 X140.9146Y77.1062
G01 X140.8904Y77.0818
G01 X140.8050Y76.9871
G01 X140.7898Y76.9678
G01 X140.7300Y76.8873
G01 X140.6702Y76.9678
G01 X140.6550Y76.9871
G01 X140.5696Y77.0818
G01 X140.5525Y77.0994
G01 X140.4471Y77.1950
G01 X140.4278Y77.2102
G01 X140.3372Y77.2775
G01 X140.3087Y77.2967
G01 X140.2077Y77.3573
G01 X140.1731Y77.3758
G01 X140.0711Y77.4241
G01 X140.0486Y77.4338
G01 X139.9286Y77.4771
G01 X139.9052Y77.4846
G01 X139.7672Y77.5192
G01 X139.7430Y77.5236
G01 X139.6314Y77.5401
G01 X139.5923Y77.5440
G01 X139.4747Y77.5497
G01 X139.4404Y77.5495
G01 X139.3277Y77.5440
G01 X139.3032Y77.5420
G01 X139.1770Y77.5236
G01 X139.1528Y77.5192
G01 X139.0148Y77.4846
G01 X138.9914Y77.4771
G01 X138.8806Y77.4374
G01 X138.8489Y77.4241
G01 X138.7469Y77.3758
G01 X138.7123Y77.3573
G01 X138.6155Y77.2993
G01 X138.5948Y77.2860
G01 X138.4805Y77.2012
G01 X138.4618Y77.1853
G01 X138.3782Y77.1096
G01 X138.3504Y77.0818
G01 X138.2747Y76.9982
G01 X138.2588Y76.9795
G01 X138.1740Y76.8652
G01 X138.1607Y76.8445
G01 X138.1027Y76.7477
G01 X138.0842Y76.7131
G01 X138.0359Y76.6111
G01 X138.0262Y76.5886
G01 X137.9782Y76.4546
G01 X137.9715Y76.4310
G01 X137.9441Y76.3215
G01 X137.9364Y76.2830
G01 X137.9199Y76.1714
G01 X137.9170Y76.1470
G01 X137.9101Y76.0098
G00 Z20.0000
G00 X137.9144Y75.9000
G01 Z20.0000
G01 X135.1275Y77.5704
G01 X131.9161Y79.0893
G01 X128.5712Y80.2861
G01 X125.1252Y81.1493
G01 X121.6111Y81.6706
G01 X119.8756Y81.7558
G00 Z20.0000
G00 X119.9479Y81.3523
G01 Z20.0000
G01 X121.5719Y81.2725
G01 X125.0471Y80.7570
G01 X128.4551Y79.9033
G01 X131.7630Y78.7198
G01 X134.9389Y77.2176
G01 X137.9523Y75.4115
G01 X138.0647Y75.3282
G00 Z20.0000
G00 X139.2221Y74.4697
G01 Z20.0000
G01 X140.7742Y73.3186
G01 X143.3773Y70.9593
G01 X145.7367Y68.3561
G01 X147.8295Y65.5343
G01 X148.2500Y64.8328
G01 X148.2500Y64.0556
G01 X147.4969Y65.3120
G01 X145.4275Y68.1024
G01 X143.0945Y70.6764
G01 X140.5204Y73.0094
G01 X137.7301Y75.0789
G01 X134.7504Y76.8649
G01 X131.6099Y78.3502
G01 X128.3390Y79.5206
G01 X124.9691Y80.3647
G01 X121.5327Y80.8744
G01 X119.9069Y80.9543
G00 Z20.0000
G00 X119.7468Y80.5621
G01 Z20.0000
G01 X121.4935Y80.4763
G01 X124.8911Y79.9723
G01 X128.2229Y79.1378
G01 X131.4568Y77.9806
G01 X134.5618Y76.5121
G01 X137.5079Y74.7463
G01 X140.2667Y72.7002
G01 X142.8117Y70.3936
G01 X145.1183Y67.8486
G01 X147.1644Y65.0898
G01 X148.2500Y63.2785
G01 X148.2500Y62.5014
G01 X146.8318Y64.8676
G01 X144.8091Y67.5949
G01 X142.5288Y70.1108
G01 X140.0129Y72.3910
G01 X137.2856Y74.4137
G01 X134.3732Y76.1593
G01 X131.3038Y77.6111
G01 X128.1068Y78.7550
G01 X124.8130Y79.5800
G01 X121.4543Y80.0783
G01 X119.4187Y80.1783
G00 Z20.0000
G00 X117.5355Y80.2190
G01 Z20.0000
G01 X114.6715Y80.0783
G01 X111.3128Y79.5800
G01 X110.0281Y79.2582
G00 Z20.0000
G00 X109.9255Y79.6444
G01 Z20.0000
G01 X111.2348Y79.9723
G01 X114.6323Y80.4763
G01 X117.2283Y80.6039
G00 Z20.0000
G00 X117.0825Y80.9967
G01 Z20.0000
G01 X114.5931Y80.8744
G01 X111.1567Y80.3647
G01 X109.7090Y80.0020
G00 Z20.0000
G00 X109.3377Y80.3209
G01 Z20.0000
G01 X111.0787Y80.7570
G01 X114.5539Y81.2725
G01 X117.0542Y81.3953
G00 Z20.0000
G00 X117.0501Y81.3098
G01 Z20.0000
G01 X117.0504Y81.2828
G01 X117.0555Y81.1775
G01 X117.0594Y81.1384
G01 X117.0745Y81.0365
G01 X117.0789Y81.0123
G01 X117.1111Y80.8838
G01 X117.1186Y80.8604
G01 X117.1586Y80.7497
G01 X117.1683Y80.7272
G01 X117.2124Y80.6340
G01 X117.2309Y80.5994
G01 X117.2839Y80.5110
G01 X117.2971Y80.4904
G01 X117.3761Y80.3840
G01 X117.3920Y80.3653
G01 X117.4612Y80.2889
G01 X117.4889Y80.2612
G01 X117.5653Y80.1920
G01 X117.5840Y80.1761
G01 X117.6904Y80.0971
G01 X117.7110Y80.0839
G01 X117.7994Y80.0309
G01 X117.8296Y80.0145
G01 X117.9272Y79.9683
G01 X117.9634Y79.9533
G01 X118.0604Y79.9186
G01 X118.0838Y79.9111
G01 X118.2027Y79.8810
G01 X118.2365Y79.8745
G01 X118.3384Y79.8594
G01 X118.3775Y79.8555
G01 X118.4804Y79.8505
G01 X118.5049Y79.8501
G01 X118.6372Y79.8566
G01 X118.6616Y79.8594
G01 X118.7781Y79.8770
G01 X118.8020Y79.8822
G01 X118.9020Y79.9072
G01 X118.9349Y79.9170
G01 X119.0366Y79.9533
G01 X119.0728Y79.9683
G01 X119.1660Y80.0124
G01 X119.1878Y80.0236
G01 X119.3015Y80.0917
G01 X119.3216Y80.1057
G01 X119.4044Y80.1671
G01 X119.4347Y80.1920
G01 X119.5111Y80.2612
G01 X119.5287Y80.2782
G01 X119.6177Y80.3764
G01 X119.6329Y80.3956
G01 X119.7029Y80.4904
G01 X119.7161Y80.5110
G01 X119.7764Y80.6122
G01 X119.7876Y80.6340
G01 X119.8377Y80.7406
G01 X119.8467Y80.7634
G01 X119.8814Y80.8604
G01 X119.8928Y80.8980
G01 X119.9211Y81.0123
G01 X119.9255Y81.0365
G01 X119.9406Y81.1384
G01 X119.9445Y81.1775
G01 X119.9497Y81.2853
G01 X119.9495Y81.3196
G01 X119.9445Y81.4225
G01 X119.9425Y81.4470
G01 X119.9255Y81.5635
G01 X119.9211Y81.5877
G01 X119.8928Y81.7020
G01 X119.8861Y81.7256
G01 X119.8467Y81.8366
G01 X119.8377Y81.8594
G01 X119.7876Y81.9660
G01 X119.7764Y81.9878
G01 X119.7083Y82.1015
G01 X119.6943Y82.1216
G01 X119.6239Y82.2160
G01 X119.6080Y82.2347
G01 X119.5337Y82.3166
G01 X119.6503Y82.3586
G01 X119.6728Y82.3683
G01 X119.7660Y82.4124
G01 X119.8006Y82.4309
G01 X119.8890Y82.4839
G01 X119.9096Y82.4971
G01 X120.0160Y82.5761
G01 X120.0347Y82.5920
G01 X120.1111Y82.6612
G01 X120.1388Y82.6889
G01 X120.2080Y82.7653
G01 X120.2239Y82.7840
G01 X120.3029Y82.8904
G01 X120.3161Y82.9110
G01 X120.3691Y82.9994
G01 X120.3876Y83.0340
G01 X120.4317Y83.1272
G01 X120.4414Y83.1497
G01 X120.4861Y83.2744
G01 X120.4928Y83.2980
G01 X120.5178Y83.3980
G01 X120.5255Y83.4365
G01 X120.5406Y83.5384
G01 X120.5434Y83.5628
G01 X120.5495Y83.6804
G01 X120.5495Y83.7196
G01 X120.5434Y83.8372
G01 X120.5406Y83.8616
G01 X120.5255Y83.9635
G01 X120.5178Y84.0020
G01 X120.4889Y84.1162
G01 X120.4814Y84.1396
G01 X120.4467Y84.2366
G01 X120.4377Y84.2594
G01 X120.3876Y84.3660
G01 X120.3691Y84.4006
G01 X120.3083Y84.5015
G01 X120.2943Y84.5216
G01 X120.2329Y84.6044
G01 X120.2080Y84.6347
G01 X120.1287Y84.7218
G01 X120.1111Y84.7388
G01 X120.0236Y84.8177
G01 X120.0044Y84.8329
G01 X119.9096Y84.9029
G01 X119.8890Y84.9161
G01 X119.7878Y84.9764
G01 X119.7660Y84.9876
G01 X119.6594Y85.0377
G01 X119.6366Y85.0467
G01 X119.5256Y85.0861
G01 X119.5020Y85.0928
G01 X119.3877Y85.1211
G01 X119.3635Y85.1255
G01 X119.2470Y85.1425
G01 X119.2225Y85.1445
G01 X119.1049Y85.1499
G01 X119.0804Y85.1495
G01 X118.9628Y85.1434
G01 X118.9384Y85.1406
G01 X118.8220Y85.1230
G01 X118.7980Y85.1178
G01 X118.6838Y85.0889
G01 X118.6604Y85.0814
G01 X118.5497Y85.0414
G01 X118.5272Y85.0317
G01 X118.4208Y84.9810
G01 X118.3994Y84.9691
G01 X118.2985Y84.9083
G01 X118.2784Y84.8943
G01 X118.1840Y84.8239
G01 X118.1653Y84.8080
G01 X118.0782Y84.7287
G01 X118.0612Y84.7111
G01 X117.9823Y84.6236
G01 X117.9671Y84.6044
G01 X117.8971Y84.5096
G01 X117.8839Y84.4890
G01 X117.8236Y84.3878
G01 X117.8124Y84.3660
G01 X117.7623Y84.2594
G01 X117.7533Y84.2366
G01 X117.7186Y84.1396
G01 X117.7085Y84.1067
G01 X117.6822Y84.0020
G01 X117.6745Y83.9635
G01 X117.6594Y83.8616
G01 X117.6566Y83.8372
G01 X117.6504Y83.7172
G01 X117.6505Y83.6804
G01 X117.6555Y83.5775
G01 X117.6575Y83.5530
G01 X117.6745Y83.4365
G01 X117.6789Y83.4123
G01 X117.7072Y83.2980
G01 X117.7139Y83.2744
G01 X117.7533Y83.1634
G01 X117.7623Y83.1406
G01 X117.8124Y83.0340
G01 X117.8236Y83.0122
G01 X117.8917Y82.8985
G01 X117.9057Y82.8784
G01 X117.9761Y82.7840
G01 X117.9920Y82.7653
G01 X118.0663Y82.6834
G01 X117.9497Y82.6414
G01 X117.9272Y82.6317
G01 X117.8340Y82.5876
G01 X117.8036Y82.5716
G01 X117.7110Y82.5161
G01 X117.6784Y82.4943
G01 X117.5956Y82.4329
G01 X117.5764Y82.4177
G01 X117.4889Y82.3388
G01 X117.4713Y82.3218
G01 X117.3823Y82.2236
G01 X117.3671Y82.2044
G01 X117.3057Y82.1216
G01 X117.2839Y82.0890
G01 X117.2284Y81.9964
G01 X117.2124Y81.9660
G01 X117.1683Y81.8728
G01 X117.1586Y81.8503
G01 X117.1139Y81.7256
G01 X117.1072Y81.7020
G01 X117.0822Y81.6020
G01 X117.0745Y81.5635
G01 X117.0594Y81.4616
G01 X117.0566Y81.4372
G01 X117.0501Y81.3098
G00 Z20.0000
G00 X117.1401Y81.7995
G01 Z20.0000
G01 X114.5147Y81.6706
G01 X111.0006Y81.1493
G01 X108.5156Y80.5268
G00 Z20.0000
G00 X107.9735Y80.3910
G01 Z20.0000
G01 X107.5546Y80.2861
G01 X104.2098Y79.0893
G01 X100.9984Y77.5704
G01 X97.9513Y75.7441
G01 X95.0979Y73.6278
G01 X92.4657Y71.2421
G01 X90.0799Y68.6099
G01 X87.9637Y65.7565
G01 X87.4720Y64.9361
G00 Z20.0000
G00 X87.1452Y65.1680
G01 Z20.0000
G01 X87.6311Y65.9787
G01 X89.7707Y68.8637
G01 X92.1828Y71.5250
G01 X94.8441Y73.9370
G01 X97.7290Y76.0767
G01 X100.8098Y77.9232
G01 X104.0567Y79.4589
G01 X107.4385Y80.6689
G01 X110.9226Y81.5416
G01 X114.4755Y82.0686
G01 X117.3721Y82.2109
G00 Z20.0000
G00 X117.9438Y82.6390
G01 Z20.0000
G01 X114.4363Y82.4667
G01 X110.8446Y81.9339
G01 X107.3224Y81.0517
G01 X103.9036Y79.8284
G01 X100.6212Y78.2760
G01 X97.5068Y76.4092
G01 X94.5904Y74.2463
G01 X91.9000Y71.8078
G01 X89.4615Y69.1174
G01 X87.2985Y66.2010
G01 X86.7601Y65.3026
G00 Z20.0000
G00 X86.3038Y65.3184
G01 Z20.0000
G01 X86.9660Y66.4232
G01 X89.1523Y69.3712
G01 X90.1785Y70.5034
G00 Z20.0000
G00 X89.6009Y70.4610
G01 Z20.0000
G01 X88.8431Y69.6249
G01 X86.6334Y66.6454
G01 X85.7125Y65.1090
G00 Z20.0000
G00 X85.0343Y63.9776
G01 Z20.0000
G01 X84.7263Y63.4637
G01 X83.1403Y60.1103
G01 X81.8906Y56.6176
G01 X80.9892Y53.0193
G01 X80.4449Y49.3499
G01 X80.2629Y45.6449
G01 X80.4449Y41.9398
G01 X80.9251Y38.7026
G00 Z20.0000
G00 X81.3221Y38.7494
G01 Z20.0000
G01 X80.8430Y41.9790
G01 X80.6629Y45.6449
G01 X80.8430Y49.3107
G01 X81.3815Y52.9412
G01 X82.2733Y56.5015
G01 X83.5098Y59.9572
G01 X85.0791Y63.2751
G01 X85.1283Y63.3573
G00 Z20.0000
G00 X85.3674Y62.9504
G01 Z20.0000
G01 X83.8794Y59.8042
G01 X82.6561Y56.3854
G01 X81.7739Y52.8632
G01 X81.2411Y49.2715
G01 X81.0629Y45.6449
G01 X81.2411Y42.0182
G01 X81.7352Y38.6874
G00 Z20.0000
G00 X82.1720Y38.4812
G01 Z20.0000
G01 X82.1662Y38.5046
G01 X81.6392Y42.0574
G01 X81.4629Y45.6449
G01 X81.6392Y49.2323
G01 X82.1662Y52.7852
G01 X83.0389Y56.2693
G01 X84.2489Y59.6511
G01 X85.6778Y62.6722
G00 Z20.0000
G00 X86.0381Y62.4995
G01 Z20.0000
G01 X84.6185Y59.4980
G01 X83.4217Y56.1532
G01 X82.5585Y52.7071
G01 X82.0372Y49.1931
G01 X81.8629Y45.6449
G01 X82.0372Y42.0966
G01 X82.5585Y38.5826
G01 X82.6548Y38.1983
G00 Z20.0000
G00 X82.9918Y38.4970
G01 Z20.0000
G01 X82.9508Y38.6606
G01 X82.4353Y42.1358
G01 X82.2629Y45.6449
G01 X82.4353Y49.1539
G01 X82.9508Y52.6291
G01 X83.8045Y56.0371
G01 X84.9880Y59.3449
G01 X86.4477Y62.4311
G00 Z20.0000
G00 X86.9489Y62.5091
G01 Z20.0000
G01 X86.8429Y62.3323
G01 X85.3576Y59.1919
G01 X84.1872Y55.9209
G01 X83.3431Y52.5511
G01 X82.8334Y49.1147
G01 X82.6629Y45.6449
G01 X82.8334Y42.1751
G01 X83.3431Y38.7387
G01 X83.3596Y38.6729
G00 Z20.0000
G00 X83.7531Y38.7462
G01 Z20.0000
G01 X83.7354Y38.8167
G01 X83.2315Y42.2143
G01 X83.0629Y45.6449
G01 X83.2315Y49.0755
G01 X83.7354Y52.4730
G01 X84.5700Y55.8048
G01 X85.7271Y59.0388
G01 X87.1957Y62.1437
G01 X88.9615Y65.0898
G01 X91.0075Y67.8486
G01 X93.3142Y70.3936
G01 X95.8592Y72.7002
G01 X98.6180Y74.7463
G01 X101.5640Y76.5121
G01 X104.6690Y77.9806
G01 X107.1565Y78.8707
G00 Z20.0000
G00 X107.1401Y79.0898
G01 Z20.0000
G01 X107.1405Y79.0604
G01 X107.1466Y78.9428
G01 X107.1494Y78.9184
G01 X107.1670Y78.8019
G01 X107.1722Y78.7780
G01 X107.2011Y78.6638
G01 X107.2086Y78.6404
G01 X107.2486Y78.5297
G01 X107.2583Y78.5072
G01 X107.3090Y78.4008
G01 X107.3209Y78.3794
G01 X107.3817Y78.2785
G01 X107.3957Y78.2584
G01 X107.4661Y78.1640
G01 X107.4820Y78.1453
G01 X107.5613Y78.0582
G01 X107.5789Y78.0412
G01 X107.6664Y77.9623
G01 X107.6856Y77.9471
G01 X107.7804Y77.8771
G01 X107.8010Y77.8639
G01 X107.9022Y77.8036
G01 X107.9240Y77.7924
G01 X108.0306Y77.7423
G01 X108.0534Y77.7333
G01 X108.1644Y77.6939
G01 X108.1880Y77.6872
G01 X108.3023Y77.6589
G01 X108.3265Y77.6545
G01 X108.4430Y77.6375
G01 X108.4675Y77.6355
G01 X108.5851Y77.6301
G01 X108.6096Y77.6305
G01 X108.7272Y77.6366
G01 X108.7516Y77.6394
G01 X108.8681Y77.6570
G01 X108.8920Y77.6622
G01 X109.0062Y77.6911
G01 X109.0296Y77.6986
G01 X109.1403Y77.7386
G01 X109.1628Y77.7483
G01 X109.2692Y77.7990
G01 X109.2906Y77.8109
G01 X109.3915Y77.8717
G01 X109.4116Y77.8857
G01 X109.5060Y77.9561
G01 X109.5247Y77.9720
G01 X109.6118Y78.0513
G01 X109.6288Y78.0689
G01 X109.7077Y78.1564
G01 X109.7229Y78.1756
G01 X109.7929Y78.2704
G01 X109.8061Y78.2910
G01 X109.8664Y78.3922
G01 X109.8776Y78.4140
G01 X109.9277Y78.5206
G01 X109.9367Y78.5434
G01 X109.9761Y78.6544
G01 X109.9828Y78.6780
G01 X110.0111Y78.7923
G01 X110.0155Y78.8165
G01 X110.0325Y78.9330
G01 X110.0345Y78.9575
G01 X110.0399Y79.0751
G01 X110.0395Y79.0996
G01 X110.0334Y79.2172
G01 X110.0306Y79.2416
G01 X110.0130Y79.3581
G01 X110.0078Y79.3820
G01 X109.9789Y79.4962
G01 X109.9714Y79.5196
G01 X109.9315Y79.6303
G01 X109.9217Y79.6528
G01 X109.8711Y79.7592
G01 X109.8591Y79.7806
G01 X109.7983Y79.8815
G01 X109.7843Y79.9016
G01 X109.7139Y79.9960
G01 X109.6980Y80.0147
G01 X109.6187Y80.1018
G01 X109.6011Y80.1188
G01 X109.5136Y80.1977
G01 X109.4944Y80.2129
G01 X109.3996Y80.2829
G01 X109.3790Y80.2961
G01 X109.2778Y80.3564
G01 X109.2560Y80.3676
G01 X109.1494Y80.4177
G01 X109.1266Y80.4267
G01 X109.0156Y80.4661
G01 X108.9920Y80.4728
G01 X108.8777Y80.5011
G01 X108.8535Y80.5055
G01 X108.7370Y80.5225
G01 X108.7125Y80.5245
G01 X108.5949Y80.5299
G01 X108.5704Y80.5295
G01 X108.4528Y80.5234
G01 X108.4284Y80.5206
G01 X108.3119Y80.5030
G01 X108.2880Y80.4978
G01 X108.1738Y80.4689
G01 X108.1504Y80.4614
G01 X108.0397Y80.4214
G01 X108.0172Y80.4117
G01 X107.9108Y80.3610
G01 X107.8894Y80.3491
G01 X107.7885Y80.2883
G01 X107.7684Y80.2743
G01 X107.6740Y80.2039
G01 X107.6553Y80.1880
G01 X107.5682Y80.1087
G01 X107.5512Y80.0911
G01 X107.4723Y80.0036
G01 X107.4571Y79.9844
G01 X107.3871Y79.8896
G01 X107.3739Y79.8690
G01 X107.3136Y79.7678
G01 X107.3024Y79.7460
G01 X107.2523Y79.6394
G01 X107.2433Y79.6166
G01 X107.2039Y79.5056
G01 X107.1972Y79.4820
G01 X107.1689Y79.3677
G01 X107.1645Y79.3435
G01 X107.1475Y79.2270
G01 X107.1455Y79.2025
G01 X107.1401Y79.0898
G00 Z20.0000
G00 X107.1574Y79.2953
G01 Z20.0000
G01 X104.5159Y78.3502
G01 X101.3755Y76.8649
G01 X98.3957Y75.0789
G01 X95.6054Y73.0094
G01 X93.0313Y70.6764
G01 X90.6983Y68.1024
G01 X88.6289Y65.3120
G01 X87.9101Y64.1128
G00 Z20.0000
G00 X87.7369Y64.6010
G01 Z20.0000
G01 X88.2963Y65.5343
G01 X90.3891Y68.3561
G01 X92.7485Y70.9593
G01 X95.3516Y73.3186
G01 X98.1735Y75.4115
G01 X101.1869Y77.2176
G01 X104.3628Y78.7198
G01 X107.3191Y79.7775
G00 Z20.0000
G00 X107.2682Y78.4863
G01 Z20.0000
G01 X104.8221Y77.6111
G01 X101.7526Y76.1593
G01 X98.8402Y74.4137
G01 X96.1129Y72.3910
G01 X93.5970Y70.1108
G01 X91.3168Y67.5949
G01 X89.2941Y64.8676
G01 X87.5484Y61.9552
G01 X86.0967Y58.8857
G01 X84.9528Y55.6887
G01 X84.1277Y52.3950
G01 X83.6295Y49.0363
G01 X83.4629Y45.6449
G01 X83.6295Y42.2535
G01 X84.1277Y38.8947
G01 X84.1733Y38.7130
G00 Z20.0000
G00 X84.6306Y38.5316
G01 Z20.0000
G01 X84.5201Y38.9728
G01 X84.0276Y42.2927
G01 X83.8629Y45.6449
G01 X84.0276Y48.9970
G01 X84.5201Y52.3170
G01 X85.3356Y55.5726
G01 X86.4662Y58.7326
G01 X87.9012Y61.7666
G01 X89.6267Y64.6454
G01 X91.6260Y67.3411
G01 X93.8799Y69.8279
G01 X96.3667Y72.0818
G01 X99.0624Y74.0811
G01 X101.9411Y75.8066
G01 X104.9751Y77.2415
G01 X107.4866Y78.1402
G00 Z20.0000
G00 X107.8381Y77.8416
G01 Z20.0000
G01 X105.1282Y76.8720
G01 X102.1297Y75.4538
G01 X99.2846Y73.7485
G01 X96.6204Y71.7726
G01 X94.1627Y69.5451
G01 X91.9352Y67.0874
G01 X89.9592Y64.4231
G01 X88.2540Y61.5781
G01 X86.8358Y58.5796
G01 X85.7183Y55.4565
G01 X84.9124Y52.2389
G01 X84.4257Y48.9578
G01 X84.2629Y45.6449
G01 X84.4257Y42.3319
G01 X84.9124Y39.0508
G01 X85.1427Y38.1313
G00 Z20.0000
G00 X85.4733Y38.4556
G01 Z20.0000
G01 X85.3047Y39.1288
G01 X84.8237Y42.3711
G01 X84.6629Y45.6449
G01 X84.8237Y48.9186
G01 X85.3047Y52.1609
G01 X86.1011Y55.3404
G01 X87.2053Y58.4265
G01 X88.6067Y61.3895
G01 X90.2585Y64.1453
G00 Z20.0000
G00 X90.2501Y64.3098
G01 Z20.0000
G01 X90.2505Y64.2804
G01 X90.2566Y64.1628
G01 X90.2594Y64.1384
G01 X90.2770Y64.0219
G01 X90.2822Y63.9980
G01 X90.3111Y63.8838
G01 X90.3186Y63.8604
G01 X90.3586Y63.7497
G01 X90.3683Y63.7272
G01 X90.4190Y63.6208
G01 X90.4309Y63.5994
G01 X90.4917Y63.4985
G01 X90.5057Y63.4784
G01 X90.5761Y63.3840
G01 X90.5920Y63.3653
G01 X90.6713Y63.2782
G01 X90.6889Y63.2612
G01 X90.7764Y63.1823
G01 X90.7956Y63.1671
G01 X90.8904Y63.0971
G01 X90.9110Y63.0839
G01 X91.0122Y63.0236
G01 X91.0340Y63.0124
G01 X91.1406Y62.9623
G01 X91.1634Y62.9533
G01 X91.2744Y62.9139
G01 X91.2980Y62.9072
G01 X91.4123Y62.8789
G01 X91.4365Y62.8745
G01 X91.5530Y62.8575
G01 X91.5775Y62.8555
G01 X91.6951Y62.8501
G01 X91.7196Y62.8505
G01 X91.8225Y62.8555
G01 X91.8470Y62.8575
G01 X91.9635Y62.8745
G01 X92.0020Y62.8822
G01 X92.1020Y62.9072
G01 X92.1256Y62.9139
G01 X92.2366Y62.9533
G01 X92.2684Y62.9663
G01 X92.3704Y63.0145
G01 X92.4006Y63.0309
G01 X92.5015Y63.0917
G01 X92.5216Y63.1057
G01 X92.6044Y63.1671
G01 X92.6236Y63.1823
G01 X92.7111Y63.2612
G01 X92.7287Y63.2782
G01 X92.8113Y63.3689
G01 X92.8300Y63.3917
G01 X92.8500Y63.4186
G01 X92.8700Y63.3917
G01 X92.8887Y63.3689
G01 X92.9713Y63.2782
G01 X92.9889Y63.2612
G01 X93.0764Y63.1823
G01 X93.0956Y63.1671
G01 X93.1904Y63.0971
G01 X93.2110Y63.0839
G01 X93.3122Y63.0236
G01 X93.3340Y63.0124
G01 X93.4406Y62.9623
G01 X93.4634Y62.9533
G01 X93.5604Y62.9186
G01 X93.5838Y62.9111
G01 X93.6980Y62.8822
G01 X93.7219Y62.8770
G01 X93.8384Y62.8594
G01 X93.8726Y62.8558
G01 X93.9853Y62.8503
G01 X94.0196Y62.8505
G01 X94.1372Y62.8566
G01 X94.1616Y62.8594
G01 X94.2635Y62.8745
G01 X94.3020Y62.8822
G01 X94.4162Y62.9111
G01 X94.4396Y62.9186
G01 X94.5366Y62.9533
G01 X94.5594Y62.9623
G01 X94.6660Y63.0124
G01 X94.7006Y63.0309
G01 X94.7890Y63.0839
G01 X94.8096Y63.0971
G01 X94.9083Y63.1700
G01 X94.9347Y63.1920
G01 X95.0111Y63.2612
G01 X95.0287Y63.2782
G01 X95.1113Y63.3689
G01 X95.1300Y63.3917
G01 X95.1500Y63.4186
G01 X95.1700Y63.3917
G01 X95.1887Y63.3689
G01 X95.2713Y63.2782
G01 X95.2889Y63.2612
G01 X95.3764Y63.1823
G01 X95.3956Y63.1671
G01 X95.4904Y63.0971
G01 X95.5110Y63.0839
G01 X95.6122Y63.0236
G01 X95.6340Y63.0124
G01 X95.7406Y62.9623
G01 X95.7634Y62.9533
G01 X95.8744Y62.9139
G01 X95.8980Y62.9072
G01 X96.0123Y62.8789
G01 X96.0365Y62.8745
G01 X96.1384Y62.8594
G01 X96.1628Y62.8566
G01 X96.2804Y62.8505
G01 X96.3196Y62.8505
G01 X96.4372Y62.8566
G01 X96.4616Y62.8594
G01 X96.5635Y62.8745
G01 X96.6020Y62.8822
G01 X96.7162Y62.9111
G01 X96.7396Y62.9186
G01 X96.8366Y62.9533
G01 X96.8594Y62.9623
G01 X96.9660Y63.0124
G01 X97.0006Y63.0309
G01 X97.1015Y63.0917
G01 X97.1216Y63.1057
G01 X97.2044Y63.1671
G01 X97.2347Y63.1920
G01 X97.3111Y63.2612
G01 X97.3287Y63.2782
G01 X97.4080Y63.3653
G01 X97.4239Y63.3840
G01 X97.4350Y63.3984
G01 X97.4460Y63.3840
G01 X97.4619Y63.3653
G01 X97.5345Y63.2853
G01 X97.5589Y63.2612
G01 X97.6352Y63.1920
G01 X97.6539Y63.1761
G01 X97.7483Y63.1057
G01 X97.7810Y63.0839
G01 X97.8694Y63.0309
G01 X97.8908Y63.0190
G01 X97.9971Y62.9683
G01 X98.0196Y62.9586
G01 X98.1304Y62.9186
G01 X98.1538Y62.9111
G01 X98.2679Y62.8822
G01 X98.3064Y62.8745
G01 X98.4084Y62.8594
G01 X98.4327Y62.8566
G01 X98.5503Y62.8505
G01 X98.5896Y62.8505
G01 X98.7072Y62.8566
G01 X98.7316Y62.8594
G01 X98.8335Y62.8745
G01 X98.8720Y62.8822
G01 X98.9720Y62.9072
G01 X98.9956Y62.9139
G01 X99.1065Y62.9533
G01 X99.1428Y62.9683
G01 X99.2491Y63.0190
G01 X99.2706Y63.0309
G01 X99.3590Y63.0839
G01 X99.3916Y63.1057
G01 X99.4744Y63.1671
G01 X99.4936Y63.1823
G01 X99.5811Y63.2612
G01 X99.6088Y63.2889
G01 X99.6850Y63.3733
G01 X99.7612Y63.2889
G01 X99.7889Y63.2612
G01 X99.8764Y63.1823
G01 X99.8956Y63.1671
G01 X99.9784Y63.1057
G01 X100.0110Y63.0839
G01 X100.1122Y63.0236
G01 X100.1340Y63.0124
G01 X100.2272Y62.9683
G01 X100.2497Y62.9586
G01 X100.3604Y62.9186
G01 X100.3980Y62.9072
G01 X100.5123Y62.8789
G01 X100.5365Y62.8745
G01 X100.6384Y62.8594
G01 X100.6775Y62.8555
G01 X100.7804Y62.8505
G01 X100.8049Y62.8501
G01 X100.9225Y62.8555
G01 X100.9616Y62.8594
G01 X101.0635Y62.8745
G01 X101.0877Y62.8789
G01 X101.2020Y62.9072
G01 X101.2256Y62.9139
G01 X101.3503Y62.9586
G01 X101.3728Y62.9683
G01 X101.4792Y63.0190
G01 X101.5006Y63.0309
G01 X101.6015Y63.0917
G01 X101.6216Y63.1057
G01 X101.7160Y63.1761
G01 X101.7347Y63.1920
G01 X101.8218Y63.2713
G01 X101.8388Y63.2889
G01 X101.9080Y63.3653
G01 X101.9300Y63.3917
G01 X101.9943Y63.4784
G01 X102.0161Y63.5110
G01 X102.0691Y63.5994
G01 X102.0810Y63.6208
G01 X102.1317Y63.7272
G01 X102.1467Y63.7634
G01 X102.1814Y63.8604
G01 X102.1889Y63.8838
G01 X102.2178Y63.9980
G01 X102.2230Y64.0219
G01 X102.2425Y64.1530
G01 X102.2445Y64.1775
G01 X102.2499Y64.2951
G01 X102.2495Y64.3196
G01 X102.2434Y64.4372
G01 X102.2406Y64.4616
G01 X102.2230Y64.5781
G01 X102.2178Y64.6020
G01 X102.1889Y64.7162
G01 X102.1814Y64.7396
G01 X102.1415Y64.8503
G01 X102.1317Y64.8728
G01 X102.0811Y64.9792
G01 X102.0691Y65.0006
G01 X102.0083Y65.1015
G01 X101.9943Y65.1216
G01 X101.9239Y65.2160
G01 X101.9080Y65.2347
G01 X101.8287Y65.3218
G01 X101.8111Y65.3388
G01 X101.7236Y65.4177
G01 X101.7044Y65.4329
G01 X101.6096Y65.5029
G01 X101.5890Y65.5161
G01 X101.4878Y65.5764
G01 X101.4660Y65.5876
G01 X101.3594Y65.6377
G01 X101.3366Y65.6467
G01 X101.2256Y65.6861
G01 X101.2020Y65.6928
G01 X101.0877Y65.7211
G01 X101.0635Y65.7255
G01 X100.9470Y65.7425
G01 X100.9225Y65.7445
G01 X100.8049Y65.7499
G01 X100.7804Y65.7495
G01 X100.6775Y65.7445
G01 X100.6530Y65.7425
G01 X100.5365Y65.7255
G01 X100.5123Y65.7211
G01 X100.3980Y65.6928
G01 X100.3744Y65.6861
G01 X100.2634Y65.6467
G01 X100.2272Y65.6317
G01 X100.1340Y65.5876
G01 X100.1122Y65.5764
G01 X100.0110Y65.5161
G01 X99.9824Y65.4972
G01 X99.8956Y65.4329
G01 X99.8653Y65.4080
G01 X99.7782Y65.3287
G01 X99.7612Y65.3111
G01 X99.6850Y65.2267
G01 X99.6088Y65.3111
G01 X99.5811Y65.3388
G01 X99.5047Y65.4080
G01 X99.4860Y65.4239
G01 X99.3916Y65.4943
G01 X99.3590Y65.5161
G01 X99.2578Y65.5764
G01 X99.2360Y65.5876
G01 X99.1428Y65.6317
G01 X99.1065Y65.6467
G01 X99.0095Y65.6814
G01 X98.9862Y65.6889
G01 X98.8720Y65.7178
G01 X98.8335Y65.7255
G01 X98.7316Y65.7406
G01 X98.7072Y65.7434
G01 X98.5896Y65.7495
G01 X98.5503Y65.7495
G01 X98.4474Y65.7445
G01 X98.4230Y65.7425
G01 X98.3016Y65.7247
G01 X98.2679Y65.7178
G01 X98.1538Y65.6889
G01 X98.1304Y65.6814
G01 X98.0196Y65.6414
G01 X97.9971Y65.6317
G01 X97.8908Y65.5810
G01 X97.8694Y65.5691
G01 X97.7810Y65.5161
G01 X97.7483Y65.4943
G01 X97.6539Y65.4239
G01 X97.6352Y65.4080
G01 X97.5589Y65.3388
G01 X97.5345Y65.3147
G01 X97.4619Y65.2347
G01 X97.4460Y65.2160
G01 X97.4350Y65.2016
G01 X97.4239Y65.2160
G01 X97.4080Y65.2347
G01 X97.3287Y65.3218
G01 X97.3111Y65.3388
G01 X97.2347Y65.4080
G01 X97.2044Y65.4329
G01 X97.1216Y65.4943
G01 X97.1015Y65.5083
G01 X97.0006Y65.5691
G01 X96.9660Y65.5876
G01 X96.8594Y65.6377
G01 X96.8366Y65.6467
G01 X96.7396Y65.6814
G01 X96.7162Y65.6889
G01 X96.6020Y65.7178
G01 X96.5635Y65.7255
G01 X96.4470Y65.7425
G01 X96.4225Y65.7445
G01 X96.3196Y65.7495
G01 X96.2804Y65.7495
G01 X96.1775Y65.7445
G01 X96.1530Y65.7425
G01 X96.0365Y65.7255
G01 X96.0123Y65.7211
G01 X95.8980Y65.6928
G01 X95.8744Y65.6861
G01 X95.7634Y65.6467
G01 X95.7406Y65.6377
G01 X95.6340Y65.5876
G01 X95.6122Y65.5764
G01 X95.5110Y65.5161
G01 X95.4904Y65.5029
G01 X95.3956Y65.4329
G01 X95.3764Y65.4177
G01 X95.2889Y65.3388
G01 X95.2713Y65.3218
G01 X95.1887Y65.2311
G01 X95.1700Y65.2083
G01 X95.1500Y65.1814
G01 X95.1300Y65.2083
G01 X95.1113Y65.2311
G01 X95.0355Y65.3147
G01 X95.0111Y65.3388
G01 X94.9347Y65.4080
G01 X94.9160Y65.4239
G01 X94.8216Y65.4943
G01 X94.7890Y65.5161
G01 X94.7006Y65.5691
G01 X94.6792Y65.5810
G01 X94.5728Y65.6317
G01 X94.5503Y65.6414
G01 X94.4396Y65.6814
G01 X94.4162Y65.6889
G01 X94.3020Y65.7178
G01 X94.2635Y65.7255
G01 X94.1470Y65.7425
G01 X94.1225Y65.7445
G01 X94.0196Y65.7495
G01 X93.9804Y65.7495
G01 X93.8775Y65.7445
G01 X93.8530Y65.7425
G01 X93.7365Y65.7255
G01 X93.6980Y65.7178
G01 X93.5980Y65.6928
G01 X93.5744Y65.6861
G01 X93.4588Y65.6450
G01 X93.4272Y65.6317
G01 X93.3340Y65.5876
G01 X93.2994Y65.5691
G01 X93.2110Y65.5161
G01 X93.1904Y65.5029
G01 X93.0917Y65.4300
G01 X93.0653Y65.4080
G01 X92.9889Y65.3388
G01 X92.9713Y65.3218
G01 X92.8887Y65.2311
G01 X92.8700Y65.2083
G01 X92.8500Y65.1814
G01 X92.8300Y65.2083
G01 X92.8113Y65.2311
G01 X92.7287Y65.3218
G01 X92.7111Y65.3388
G01 X92.6347Y65.4080
G01 X92.6083Y65.4300
G01 X92.5096Y65.5029
G01 X92.4890Y65.5161
G01 X92.4006Y65.5691
G01 X92.3660Y65.5876
G01 X92.2594Y65.6377
G01 X92.2366Y65.6467
G01 X92.1396Y65.6814
G01 X92.1020Y65.6928
G01 X92.0020Y65.7178
G01 X91.9781Y65.7230
G01 X91.8616Y65.7406
G01 X91.8225Y65.7445
G01 X91.7196Y65.7495
G01 X91.6951Y65.7499
G01 X91.5775Y65.7445
G01 X91.5384Y65.7406
G01 X91.4365Y65.7255
G01 X91.4123Y65.7211
G01 X91.2980Y65.6928
G01 X91.2744Y65.6861
G01 X91.1634Y65.6467
G01 X91.1406Y65.6377
G01 X91.0340Y65.5876
G01 X91.0122Y65.5764
G01 X90.9110Y65.5161
G01 X90.8904Y65.5029
G01 X90.7840Y65.4239
G01 X90.7653Y65.4080
G01 X90.6782Y65.3287
G01 X90.6612Y65.3111
G01 X90.5920Y65.2347
G01 X90.5700Y65.2083
G01 X90.5057Y65.1216
G01 X90.4839Y65.0890
G01 X90.4309Y65.0006
G01 X90.4190Y64.9792
G01 X90.3683Y64.8728
G01 X90.3533Y64.8366
G01 X90.3186Y64.7396
G01 X90.3111Y64.7162
G01 X90.2822Y64.6020
G01 X90.2770Y64.5781
G01 X90.2575Y64.4470
G01 X90.2555Y64.4225
G01 X90.2501Y64.3098
G00 Z20.0000
G00 X90.4148Y63.6290
G01 Z20.0000
G01 X88.9595Y61.2010
G01 X87.5749Y58.2734
G01 X86.4839Y55.2243
G01 X85.6970Y52.0828
G01 X85.2218Y48.8794
G01 X85.1045Y46.4912
G00 Z20.0000
G00 X85.0501Y46.1098
G01 Z20.0000
G01 X85.0505Y46.0804
G01 X85.0566Y45.9628
G01 X85.0594Y45.9384
G01 X85.0770Y45.8219
G01 X85.0822Y45.7980
G01 X85.1111Y45.6838
G01 X85.1186Y45.6604
G01 X85.1586Y45.5497
G01 X85.1683Y45.5272
G01 X85.2190Y45.4208
G01 X85.2309Y45.3994
G01 X85.2917Y45.2985
G01 X85.3057Y45.2784
G01 X85.3761Y45.1840
G01 X85.3920Y45.1653
G01 X85.4713Y45.0782
G01 X85.4889Y45.0612
G01 X85.5764Y44.9823
G01 X85.5956Y44.9671
G01 X85.6904Y44.8971
G01 X85.7110Y44.8839
G01 X85.8122Y44.8236
G01 X85.8340Y44.8124
G01 X85.9406Y44.7623
G01 X85.9634Y44.7533
G01 X86.0744Y44.7139
G01 X86.0980Y44.7072
G01 X86.2123Y44.6789
G01 X86.2365Y44.6745
G01 X86.3530Y44.6575
G01 X86.3775Y44.6555
G01 X86.4951Y44.6501
G01 X86.5196Y44.6505
G01 X86.6372Y44.6566
G01 X86.6616Y44.6594
G01 X86.7781Y44.6770
G01 X86.8020Y44.6822
G01 X86.9162Y44.7111
G01 X86.9396Y44.7186
G01 X87.0503Y44.7586
G01 X87.0728Y44.7683
G01 X87.1792Y44.8190
G01 X87.2006Y44.8309
G01 X87.3015Y44.8917
G01 X87.3216Y44.9057
G01 X87.4160Y44.9761
G01 X87.4347Y44.9920
G01 X87.5218Y45.0713
G01 X87.5388Y45.0889
G01 X87.6177Y45.1764
G01 X87.6329Y45.1956
G01 X87.7029Y45.2904
G01 X87.7161Y45.3110
G01 X87.7764Y45.4122
G01 X87.7876Y45.4340
G01 X87.8377Y45.5406
G01 X87.8467Y45.5634
G01 X87.8861Y45.6744
G01 X87.8928Y45.6980
G01 X87.9211Y45.8123
G01 X87.9255Y45.8365
G01 X87.9425Y45.9530
G01 X87.9445Y45.9775
G01 X87.9499Y46.0951
G01 X87.9495Y46.1196
G01 X87.9434Y46.2372
G01 X87.9406Y46.2616
G01 X87.9230Y46.3781
G01 X87.9178Y46.4020
G01 X87.8889Y46.5162
G01 X87.8814Y46.5396
G01 X87.8414Y46.6503
G01 X87.8317Y46.6728
G01 X87.7810Y46.7792
G01 X87.7691Y46.8006
G01 X87.7083Y46.9015
G01 X87.6943Y46.9216
G01 X87.6239Y47.0160
G01 X87.6080Y47.0347
G01 X87.5287Y47.1218
G01 X87.5111Y47.1388
G01 X87.4236Y47.2177
G01 X87.4044Y47.2329
G01 X87.3096Y47.3029
G01 X87.2890Y47.3161
G01 X87.1878Y47.3764
G01 X87.1660Y47.3876
G01 X87.0594Y47.4377
G01 X87.0366Y47.4467
G01 X86.9256Y47.4861
G01 X86.9020Y47.4928
G01 X86.7877Y47.5211
G01 X86.7635Y47.5255
G01 X86.6470Y47.5425
G01 X86.6225Y47.5445
G01 X86.5049Y47.5499
G01 X86.4804Y47.5495
G01 X86.3628Y47.5434
G01 X86.3384Y47.5406
G01 X86.2219Y47.5230
G01 X86.1980Y47.5178
G01 X86.0838Y47.4889
G01 X86.0604Y47.4814
G01 X85.9497Y47.4414
G01 X85.9272Y47.4317
G01 X85.8208Y47.3810
G01 X85.7994Y47.3691
G01 X85.6985Y47.3083
G01 X85.6784Y47.2943
G01 X85.5840Y47.2239
G01 X85.5653Y47.2080
G01 X85.4782Y47.1287
G01 X85.4612Y47.1111
G01 X85.3823Y47.0236
G01 X85.3671Y47.0044
G01 X85.2971Y46.9096
G01 X85.2839Y46.8890
G01 X85.2236Y46.7878
G01 X85.2124Y46.7660
G01 X85.1623Y46.6594
G01 X85.1533Y46.6366
G01 X85.1139Y46.5256
G01 X85.1072Y46.5020
G01 X85.0789Y46.3877
G01 X85.0745Y46.3635
G01 X85.0575Y46.2470
G01 X85.0555Y46.2225
G01 X85.0501Y46.1098
G00 Z20.0000
G00 X85.0729Y45.8475
G01 Z20.0000
G01 X85.0629Y45.6449
G01 X85.2218Y42.4103
G01 X85.6970Y39.2069
G01 X85.8364Y38.6503
G00 Z20.0000
G00 X86.2253Y38.7422
G01 Z20.0000
G01 X86.0893Y39.2849
G01 X85.6199Y42.4495
G01 X85.4917Y45.0586
G00 Z20.0000
G00 X85.9055Y44.7786
G01 Z20.0000
G01 X86.0180Y42.4887
G01 X86.4816Y39.3630
G01 X86.6410Y38.7268
G00 Z20.0000
G00 X87.0903Y38.5771
G01 Z20.0000
G01 X86.8739Y39.4410
G01 X86.4160Y42.5279
G01 X86.3111Y44.6634
G00 Z20.0000
G00 X86.7110Y44.6667
G01 Z20.0000
G01 X86.8141Y42.5671
G01 X87.2663Y39.5190
G01 X87.6121Y38.1384
G00 Z20.0000
G00 X87.9553Y38.4126
G01 Z20.0000
G01 X87.6586Y39.5971
G01 X87.2122Y42.6063
G01 X87.1052Y44.7836
G00 Z20.0000
G00 X87.4924Y45.0442
G01 Z20.0000
G01 X87.6103Y42.6455
G01 X88.0509Y39.6751
G01 X88.3136Y38.6262
G00 Z20.0000
G00 X88.6988Y38.7327
G01 Z20.0000
G01 X88.4432Y39.7531
G01 X88.0083Y42.6847
G01 X87.8645Y45.6131
G00 Z20.0000
G00 X87.9030Y46.4612
G01 Z20.0000
G01 X88.0083Y48.6050
G01 X88.4432Y51.5366
G01 X89.1633Y54.4115
G01 X90.1618Y57.2019
G01 X91.4289Y59.8810
G01 X92.9525Y62.4231
G01 X93.3752Y62.9929
G00 Z20.0000
G00 X93.0414Y63.2136
G01 Z20.0000
G01 X92.6199Y62.6453
G01 X91.0761Y60.0696
G01 X89.7922Y57.3550
G01 X88.7805Y54.5276
G01 X88.0509Y51.6146
G01 X87.6103Y48.6442
G01 X87.5351Y47.1151
G00 Z20.0000
G00 X87.1489Y47.3957
G01 Z20.0000
G01 X87.2122Y48.6834
G01 X87.6586Y51.6927
G01 X88.3978Y54.6437
G01 X89.4227Y57.5080
G01 X90.7234Y60.2582
G01 X92.2874Y62.8675
G01 X92.4148Y63.0394
G00 Z20.0000
G00 X91.8141Y62.8551
G01 Z20.0000
G01 X90.3706Y60.4467
G01 X89.0531Y57.6611
G01 X88.0150Y54.7598
G01 X87.2663Y51.7707
G01 X86.8141Y48.7226
G01 X86.7554Y47.5267
G00 Z20.0000
G00 X86.3562Y47.5428
G01 Z20.0000
G01 X86.4160Y48.7618
G01 X86.8739Y51.8487
G01 X87.6322Y54.8759
G01 X88.6835Y57.8142
G01 X90.0178Y60.6353
G01 X91.3689Y62.8894
G00 Z20.0000
G00 X90.9909Y63.0360
G01 Z20.0000
G01 X89.6651Y60.8238
G01 X88.3140Y57.9673
G01 X87.2494Y54.9920
G01 X86.4816Y51.9268
G01 X86.0180Y48.8010
G01 X85.9512Y47.4420
G00 Z20.0000
G00 X85.5385Y47.1838
G01 Z20.0000
G01 X85.6199Y48.8402
G01 X86.0893Y52.0048
G01 X86.8667Y55.1081
G01 X87.9444Y58.1203
G01 X89.3123Y61.0124
G01 X90.6707Y63.2788
G00 Z20.0000
G00 X91.4205Y65.7228
G01 Z20.0000
G01 X92.2444Y66.8336
G01 X94.1000Y68.8809
G00 Z20.0000
G00 X94.2062Y68.9981
G01 Z20.0000
G01 X94.4455Y69.2622
G01 X96.8742Y71.4634
G01 X99.5069Y73.4159
G01 X102.3183Y75.1010
G01 X105.2813Y76.5024
G01 X108.3674Y77.6067
G01 X108.4802Y77.6349
G00 Z20.0000
G00 X109.3681Y77.8573
G01 Z20.0000
G01 X111.5469Y78.4031
G01 X114.7891Y78.8840
G01 X118.0629Y79.0449
G01 X121.3367Y78.8840
G01 X124.5789Y78.4031
G01 X127.7584Y77.6067
G01 X128.3372Y77.3996
G00 Z20.0000
G00 X127.9306Y77.1208
G01 Z20.0000
G01 X127.6423Y77.2239
G01 X127.2781Y77.3151
G00 Z20.0000
G00 X126.3584Y77.5455
G01 Z20.0000
G01 X124.5009Y78.0108
G01 X121.2975Y78.4860
G01 X118.0629Y78.6449
G01 X114.8284Y78.4860
G01 X111.6249Y78.0108
G01 X108.4835Y77.2239
G01 X105.4344Y76.1329
G01 X102.5068Y74.7483
G01 X99.7291Y73.0834
G01 X97.1279Y71.1542
G01 X95.2452Y69.4478
G00 Z20.0000
G00 X95.7639Y69.3787
G01 Z20.0000
G01 X97.3817Y70.8450
G01 X99.9513Y72.7508
G01 X102.6954Y74.3955
G01 X105.5874Y75.7633
G01 X108.5996Y76.8411
G01 X111.7030Y77.6185
G01 X114.8676Y78.0879
G01 X118.0629Y78.2449
G01 X121.2583Y78.0879
G01 X124.4229Y77.6185
G01 X125.6395Y77.3137
G00 Z20.0000
G00 X125.2711Y76.9941
G01 Z20.0000
G01 X124.3448Y77.2261
G01 X121.2191Y77.6898
G01 X118.0629Y77.8449
G01 X114.9068Y77.6898
G01 X111.7810Y77.2261
G01 X108.7157Y76.4583
G01 X105.7405Y75.3938
G01 X102.8839Y74.0427
G01 X100.1736Y72.4182
G01 X97.6355Y70.5358
G01 X96.1542Y69.1933
G00 Z20.0000
G00 X96.4575Y68.9289
G01 Z20.0000
G01 X97.8892Y70.2266
G01 X100.3958Y72.0856
G01 X103.0725Y73.6900
G01 X105.8936Y75.0242
G01 X108.8319Y76.0756
G01 X111.8590Y76.8338
G01 X114.9460Y77.2917
G01 X118.0629Y77.4449
G01 X121.1799Y77.2917
G01 X124.2668Y76.8338
G01 X125.0487Y76.6380
G00 Z20.0000
G00 X124.9323Y76.2553
G01 Z20.0000
G01 X124.1888Y76.4415
G01 X121.1407Y76.8937
G01 X119.1683Y76.9906
G00 Z20.0000
G00 X118.9836Y76.9996
G01 Z20.0000
G01 X118.0629Y77.0449
G01 X116.7104Y76.9784
G00 Z20.0000
G00 X116.0610Y76.9465
G01 Z20.0000
G01 X114.9852Y76.8937
G01 X114.6080Y76.8377
G00 Z20.0000
G00 X115.0608Y76.4974
G01 Z20.0000
G01 X115.3313Y76.5107
G00 Z20.0000
G00 X115.2322Y74.5058
G01 Z20.0000
G01 X115.2204Y74.5052
G01 X115.1383Y74.4930
G00 Z20.0000
G00 X115.6557Y74.1266
G01 Z20.0000
G01 X115.2596Y74.1071
G01 X114.4126Y73.9815
G00 Z20.0000
G00 X113.8749Y73.9017
G01 Z20.0000
G01 X112.4833Y73.6953
G01 X109.7608Y73.0134
G01 X107.1182Y72.0678
G01 X105.7480Y71.4198
G00 Z20.0000
G00 X106.1362Y71.1614
G01 Z20.0000
G01 X107.2712Y71.6983
G01 X109.8769Y72.6306
G01 X112.5614Y73.3030
G01 X115.2988Y73.7091
G01 X118.0629Y73.8449
G01 X120.8270Y73.7091
G01 X123.5645Y73.3030
G01 X126.2489Y72.6306
G01 X128.8546Y71.6983
G01 X131.3563Y70.5150
G01 X133.7300Y69.0923
G01 X135.9528Y67.4438
G01 X138.0033Y65.5853
G01 X139.8618Y63.5348
G01 X141.5104Y61.3119
G01 X142.9331Y58.9383
G01 X142.9541Y58.8939
G00 Z20.0000
G00 X143.2822Y59.1330
G01 Z20.0000
G01 X141.8429Y61.5342
G01 X140.1710Y63.7885
G01 X138.2862Y65.8681
G01 X136.2066Y67.7530
G01 X133.9522Y69.4249
G01 X131.5449Y70.8678
G01 X129.0077Y72.0678
G01 X126.3651Y73.0134
G01 X123.6425Y73.6953
G01 X120.8662Y74.1071
G01 X119.8544Y74.1569
G00 Z20.0000
G00 X120.2512Y74.5374
G01 Z20.0000
G01 X120.9054Y74.5052
G01 X123.7205Y74.0876
G01 X126.4812Y73.3961
G01 X129.1607Y72.4374
G01 X131.7334Y71.2206
G01 X134.1745Y69.7575
G01 X136.4603Y68.0622
G01 X138.5690Y66.1510
G01 X140.4802Y64.0423
G01 X142.1755Y61.7564
G01 X143.6386Y59.3154
G01 X143.6574Y59.2756
G00 Z20.0000
G00 X144.0795Y59.3176
G01 Z20.0000
G01 X143.9914Y59.5039
G01 X142.5081Y61.9786
G01 X140.7894Y64.2960
G01 X138.8519Y66.4338
G01 X136.7141Y68.3714
G01 X134.3967Y70.0901
G01 X131.9220Y71.5733
G01 X129.3138Y72.8069
G01 X126.5973Y73.7789
G01 X123.7986Y74.4800
G01 X120.9446Y74.9033
G01 X120.4577Y74.9272
G00 Z20.0000
G00 X120.5442Y75.3230
G01 Z20.0000
G01 X120.9838Y75.3014
G01 X123.8766Y74.8723
G01 X126.7134Y74.1617
G01 X129.4669Y73.1765
G01 X132.1105Y71.9261
G01 X134.6189Y70.4227
G01 X136.9678Y68.6806
G01 X139.1347Y66.7166
G01 X141.0986Y64.5498
G01 X142.8407Y62.2009
G01 X144.3442Y59.6925
G01 X144.5683Y59.2186
G00 Z20.0000
G00 X145.2506Y58.7103
G01 Z20.0000
G01 X144.6969Y59.8810
G01 X143.1733Y62.4231
G01 X141.4078Y64.8035
G01 X139.4175Y66.9995
G01 X137.2216Y68.9898
G01 X134.8411Y70.7552
G01 X132.2991Y72.2789
G01 X129.6200Y73.5460
G01 X126.9082Y74.5163
G00 Z20.0000
G00 X127.3960Y74.7661
G01 Z20.0000
G01 X129.7730Y73.9156
G01 X132.4877Y72.6317
G01 X135.0634Y71.0878
G01 X137.4754Y69.2990
G01 X139.7004Y67.2823
G01 X141.7170Y65.0573
G01 X143.5059Y62.6453
G01 X145.0497Y60.0696
G01 X146.3336Y57.3550
G01 X147.3453Y54.5276
G01 X148.0749Y51.6146
G01 X148.2500Y50.4345
G01 X148.2500Y52.5600
G01 X147.7281Y54.6437
G01 X146.7032Y57.5080
G01 X145.4025Y60.2582
G01 X143.8385Y62.8675
G01 X142.0262Y65.3111
G01 X139.9832Y67.5652
G01 X137.7291Y69.6082
G01 X135.2856Y71.4204
G01 X132.6762Y72.9844
G01 X129.9261Y74.2851
G01 X129.3501Y74.4912
G00 Z20.0000
G00 X129.8812Y74.7255
G01 Z20.0000
G01 X130.0792Y74.6547
G01 X132.8648Y73.3372
G01 X135.5078Y71.7530
G01 X137.9829Y69.9174
G01 X140.2661Y67.8480
G01 X142.3354Y65.5648
G01 X144.1711Y63.0898
G01 X145.7552Y60.4467
G01 X147.0727Y57.6611
G01 X148.1108Y54.7598
G01 X148.2500Y54.2042
G01 X148.2500Y55.5568
G01 X147.4423Y57.8142
G01 X146.1080Y60.6353
G01 X144.5036Y63.3120
G01 X142.6446Y65.8186
G01 X140.5489Y68.1309
G01 X138.2366Y70.2266
G01 X135.7300Y72.0856
G01 X133.0533Y73.6900
G01 X130.2322Y75.0242
G01 X130.2102Y75.0321
G00 Z20.0000
G00 X130.4189Y75.3779
G01 Z20.0000
G01 X133.2419Y74.0427
G01 X135.9523Y72.4182
G01 X138.4904Y70.5358
G01 X140.8318Y68.4137
G01 X142.9539Y66.0723
G01 X144.8362Y63.5342
G01 X146.4608Y60.8238
G01 X147.8118Y57.9673
G01 X148.2500Y56.7427
G01 X148.2500Y57.9286
G01 X148.1814Y58.1203
G01 X146.8135Y61.0124
G01 X145.1688Y63.7565
G01 X143.2631Y66.3261
G01 X141.1146Y68.6965
G01 X138.7441Y70.8450
G01 X136.1745Y72.7508
G01 X133.4304Y74.3955
G01 X130.5384Y75.7633
G01 X130.5309Y75.7660
G00 Z20.0000
G00 X130.5377Y76.1879
G01 Z20.0000
G01 X130.6915Y76.1329
G01 X133.6190Y74.7483
G01 X136.3967Y73.0834
G01 X138.9979Y71.1542
G01 X141.3974Y68.9794
G01 X143.5723Y66.5798
G01 X145.5014Y63.9787
G01 X147.1663Y61.2010
G01 X148.2500Y58.9097
G01 X148.2500Y59.8441
G01 X147.5191Y61.3895
G01 X145.8340Y64.2009
G01 X143.8815Y66.8336
G01 X141.6803Y69.2622
G01 X139.2517Y71.4634
G01 X136.6190Y73.4159
G01 X133.8076Y75.1010
G01 X130.8445Y76.5024
G01 X130.4003Y76.6614
G00 Z20.0000
G00 X129.8891Y77.2686
G01 Z20.0000
G01 X130.9976Y76.8720
G01 X133.9961Y75.4538
G01 X136.8412Y73.7485
G01 X139.5054Y71.7726
G01 X141.9631Y69.5451
G01 X144.1907Y67.0874
G01 X146.1666Y64.4231
G01 X147.8719Y61.5781
G01 X148.2500Y60.7785
G01 X148.2500Y61.7130
G01 X148.2246Y61.7666
G01 X146.4992Y64.6454
G01 X144.4999Y67.3411
G01 X142.2460Y69.8279
G01 X139.7592Y72.0818
G01 X137.0634Y74.0811
G01 X134.1847Y75.8066
G01 X131.1507Y77.2415
G01 X127.9907Y78.3722
G01 X124.7350Y79.1877
G01 X121.4151Y79.6802
G01 X118.0629Y79.8449
G01 X114.7107Y79.6802
G01 X111.3908Y79.1877
G01 X110.0196Y78.8442
G00 Z20.0000
G00 X109.8676Y78.3943
G01 Z20.0000
G01 X111.4689Y78.7954
G01 X114.7499Y79.2821
G01 X118.0629Y79.4449
G01 X121.3759Y79.2821
G01 X124.6570Y78.7954
G01 X127.8745Y77.9894
G01 X129.1175Y77.5447
G00 Z20.0000
G00 X127.7722Y75.0558
G01 Z20.0000
G01 X127.7055Y75.0797
G00 Z20.0000
G00 X125.3544Y74.9140
G01 Z20.0000
G01 X123.9546Y75.2646
G01 X121.0230Y75.6994
G01 X120.5249Y75.7239
G00 Z20.0000
G00 X120.3912Y76.1305
G01 Z20.0000
G01 X121.0622Y76.0975
G01 X124.0327Y75.6569
G01 X125.0277Y75.4076
G00 Z20.0000
G00 X124.9176Y75.8471
G01 Z20.0000
G01 X124.1107Y76.0492
G01 X121.1014Y76.4956
G01 X120.0970Y76.5449
G00 Z20.0000
G00 X118.0097Y76.6423
G01 Z20.0000
G01 X117.4793Y76.6162
G00 Z20.0000
G00 X117.3902Y74.2118
G01 Z20.0000
G01 X118.0277Y74.2431
G00 Z20.0000
G00 X113.0319Y74.1806
G01 Z20.0000
G01 X112.4053Y74.0876
G01 X109.6447Y73.3961
G01 X106.9651Y72.4374
G01 X105.0830Y71.5472
G00 Z20.0000
G00 X104.0053Y70.9886
G01 Z20.0000
G01 X101.9514Y69.7575
G01 X99.6655Y68.0622
G01 X97.5568Y66.1510
G01 X97.0193Y65.5579
G00 Z20.0000
G00 X97.3368Y65.3133
G01 Z20.0000
G01 X97.8397Y65.8681
G01 X99.9193Y67.7530
G01 X102.1736Y69.4249
G01 X103.7230Y70.3536
G00 Z20.0000
G00 X103.7001Y70.1098
G01 Z20.0000
G01 X103.7005Y70.0804
G01 X103.7066Y69.9628
G01 X103.7094Y69.9384
G01 X103.7270Y69.8219
G01 X103.7322Y69.7980
G01 X103.7611Y69.6838
G01 X103.7686Y69.6604
G01 X103.8086Y69.5497
G01 X103.8183Y69.5272
G01 X103.8690Y69.4208
G01 X103.8809Y69.3994
G01 X103.9417Y69.2985
G01 X103.9557Y69.2784
G01 X104.0261Y69.1840
G01 X104.0420Y69.1653
G01 X104.1213Y69.0782
G01 X104.1389Y69.0612
G01 X104.2264Y68.9823
G01 X104.2456Y68.9671
G01 X104.3404Y68.8971
G01 X104.3610Y68.8839
G01 X104.4622Y68.8236
G01 X104.4840Y68.8124
G01 X104.5906Y68.7623
G01 X104.6134Y68.7533
G01 X104.7244Y68.7139
G01 X104.7480Y68.7072
G01 X104.8623Y68.6789
G01 X104.8865Y68.6745
G01 X105.0030Y68.6575
G01 X105.0275Y68.6555
G01 X105.1451Y68.6501
G01 X105.1696Y68.6505
G01 X105.2872Y68.6566
G01 X105.3116Y68.6594
G01 X105.4281Y68.6770
G01 X105.4520Y68.6822
G01 X105.5662Y68.7111
G01 X105.5896Y68.7186
G01 X105.7003Y68.7586
G01 X105.7228Y68.7683
G01 X105.8292Y68.8190
G01 X105.8506Y68.8309
G01 X105.9515Y68.8917
G01 X105.9716Y68.9057
G01 X106.0660Y68.9761
G01 X106.0847Y68.9920
G01 X106.1718Y69.0713
G01 X106.1888Y69.0889
G01 X106.2677Y69.1764
G01 X106.2829Y69.1956
G01 X106.3529Y69.2904
G01 X106.3661Y69.3110
G01 X106.4264Y69.4122
G01 X106.4376Y69.4340
G01 X106.4877Y69.5406
G01 X106.4967Y69.5634
G01 X106.5361Y69.6744
G01 X106.5428Y69.6980
G01 X106.5711Y69.8123
G01 X106.5755Y69.8365
G01 X106.5925Y69.9530
G01 X106.5945Y69.9775
G01 X106.5999Y70.0951
G01 X106.5995Y70.1196
G01 X106.5934Y70.2372
G01 X106.5906Y70.2616
G01 X106.5730Y70.3781
G01 X106.5678Y70.4020
G01 X106.5389Y70.5162
G01 X106.5314Y70.5396
G01 X106.4915Y70.6503
G01 X106.4817Y70.6728
G01 X106.4311Y70.7792
G01 X106.4191Y70.8006
G01 X106.3583Y70.9015
G01 X106.3443Y70.9216
G01 X106.2739Y71.0160
G01 X106.2580Y71.0347
G01 X106.1787Y71.1218
G01 X106.1611Y71.1388
G01 X106.0736Y71.2177
G01 X106.0544Y71.2329
G01 X105.9596Y71.3029
G01 X105.9390Y71.3161
G01 X105.8378Y71.3764
G01 X105.8160Y71.3876
G01 X105.7094Y71.4377
G01 X105.6866Y71.4467
G01 X105.5756Y71.4861
G01 X105.5520Y71.4928
G01 X105.4377Y71.5211
G01 X105.4135Y71.5255
G01 X105.2970Y71.5425
G01 X105.2725Y71.5445
G01 X105.1549Y71.5499
G01 X105.1304Y71.5495
G01 X105.0128Y71.5434
G01 X104.9884Y71.5406
G01 X104.8719Y71.5230
G01 X104.8480Y71.5178
G01 X104.7338Y71.4889
G01 X104.7104Y71.4814
G01 X104.5997Y71.4414
G01 X104.5772Y71.4317
G01 X104.4708Y71.3810
G01 X104.4494Y71.3691
G01 X104.3485Y71.3083
G01 X104.3284Y71.2943
G01 X104.2340Y71.2239
G01 X104.2153Y71.2080
G01 X104.1282Y71.1287
G01 X104.1112Y71.1111
G01 X104.0323Y71.0236
G01 X104.0171Y71.0044
G01 X103.9471Y70.9096
G01 X103.9339Y70.8890
G01 X103.8736Y70.7878
G01 X103.8624Y70.7660
G01 X103.8123Y70.6594
G01 X103.8033Y70.6366
G01 X103.7639Y70.5256
G01 X103.7572Y70.5020
G01 X103.7289Y70.3877
G01 X103.7245Y70.3635
G01 X103.7075Y70.2470
G01 X103.7055Y70.2225
G01 X103.7001Y70.1098
G00 Z20.0000
G00 X103.7174Y69.8844
G01 Z20.0000
G01 X102.9879Y69.4471
G00 Z20.0000
G00 X103.5470Y69.3165
G01 Z20.0000
G01 X103.8360Y69.4897
G00 Z20.0000
G00 X104.0525Y69.1537
G01 Z20.0000
G01 X103.9262Y69.0780
G00 Z20.0000
G00 X104.1987Y68.7755
G01 Z20.0000
G01 X104.3702Y68.8783
G01 X104.3794Y68.4181
G01 X104.8283Y68.6871
G01 X104.4654Y68.0038
G01 X105.7123Y68.7512
G01 X108.0366Y69.8505
G01 X110.4575Y70.7167
G01 X112.9515Y71.3414
G01 X115.4949Y71.7187
G01 X118.0629Y71.8449
G01 X120.6310Y71.7187
G01 X123.1743Y71.3414
G01 X125.6684Y70.7167
G01 X128.0892Y69.8505
G01 X130.4135Y68.7512
G01 X132.6189Y67.4294
G01 X134.6840Y65.8977
G01 X136.5891Y64.1711
G01 X138.3158Y62.2660
G01 X139.8474Y60.2008
G01 X140.5584Y59.0146
G00 Z20.0000
G00 X140.9072Y59.2098
G01 Z20.0000
G01 X140.1800Y60.4230
G01 X138.6250Y62.5197
G01 X136.8720Y64.4539
G01 X134.9378Y66.2069
G01 X132.8411Y67.7620
G01 X130.6021Y69.1040
G01 X128.2423Y70.2201
G01 X125.7845Y71.0995
G01 X123.2523Y71.7338
G01 X120.6702Y72.1168
G01 X118.0629Y72.2449
G01 X115.4557Y72.1168
G01 X112.8735Y71.7338
G01 X110.3413Y71.0995
G01 X107.8835Y70.2201
G01 X106.4970Y69.5643
G00 Z20.0000
G00 X106.5982Y70.0541
G01 Z20.0000
G01 X107.7305Y70.5896
G01 X110.2252Y71.4823
G01 X112.7955Y72.1261
G01 X115.4165Y72.5149
G01 X118.0629Y72.6449
G01 X120.7094Y72.5149
G01 X123.3304Y72.1261
G01 X125.9006Y71.4823
G01 X128.3954Y70.5896
G01 X130.7906Y69.4567
G01 X133.0633Y68.0945
G01 X135.1915Y66.5161
G01 X137.1548Y64.7367
G01 X138.9342Y62.7735
G01 X140.5126Y60.6453
G01 X141.3125Y59.3107
G00 Z20.0000
G00 X141.7918Y59.2882
G01 Z20.0000
G01 X140.8452Y60.8675
G01 X139.2434Y63.0272
G01 X137.4376Y65.0196
G01 X135.4453Y66.8253
G01 X133.2855Y68.4271
G01 X130.9792Y69.8095
G01 X128.5484Y70.9592
G01 X126.0167Y71.8650
G01 X123.4084Y72.5184
G01 X120.7486Y72.9129
G01 X118.0629Y73.0449
G01 X115.3772Y72.9129
G01 X112.7174Y72.5184
G01 X110.1091Y71.8650
G01 X107.5774Y70.9592
G01 X106.5500Y70.4732
G00 Z20.0000
G00 X106.3945Y70.8417
G01 Z20.0000
G01 X107.4243Y71.3287
G01 X109.9930Y72.2478
G01 X112.6394Y72.9107
G01 X115.3380Y73.3110
G01 X118.0629Y73.4449
G01 X120.7878Y73.3110
G01 X123.4864Y72.9107
G01 X126.1328Y72.2478
G01 X128.7015Y71.3287
G01 X131.1677Y70.1623
G01 X133.5078Y68.7597
G01 X135.6990Y67.1346
G01 X137.7205Y65.3024
G01 X139.5526Y63.2810
G01 X141.1778Y61.0897
G01 X142.4376Y58.9878
G00 Z20.0000
G00 X140.2635Y58.7294
G01 Z20.0000
G01 X139.5148Y59.9786
G01 X138.0066Y62.0122
G01 X136.3063Y63.8882
G01 X134.4303Y65.5885
G01 X132.3966Y67.0968
G01 X130.2250Y68.3984
G01 X127.9361Y69.4810
G01 X125.5523Y70.3339
G01 X123.0962Y70.9491
G01 X120.5918Y71.3206
G01 X118.0629Y71.4449
G01 X115.5341Y71.3206
G01 X113.0296Y70.9491
G01 X110.5736Y70.3339
G01 X108.1897Y69.4810
G01 X105.9009Y68.3984
G01 X104.4188Y67.5101
G00 Z20.0000
G00 X104.0131Y66.8012
G01 Z20.0000
G01 X106.0894Y68.0457
G01 X108.3428Y69.1114
G01 X110.6897Y69.9511
G01 X113.1076Y70.5568
G01 X115.5733Y70.9226
G01 X118.0629Y71.0449
G01 X120.5526Y70.9226
G01 X123.0182Y70.5568
G01 X125.4361Y69.9511
G01 X127.7831Y69.1114
G01 X130.0364Y68.0457
G01 X132.1744Y66.7642
G01 X134.1765Y65.2793
G01 X136.0234Y63.6054
G01 X137.6974Y61.7585
G01 X139.1822Y59.7563
G01 X139.5090Y59.2112
G00 Z20.0000
G00 X138.9788Y59.3186
G01 Z20.0000
G01 X138.8497Y59.5341
G01 X137.3882Y61.5047
G01 X135.7406Y63.3225
G01 X133.9227Y64.9701
G01 X131.9522Y66.4316
G01 X129.8478Y67.6929
G01 X127.6300Y68.7419
G01 X125.3200Y69.5684
G01 X122.9402Y70.1645
G01 X120.5133Y70.5245
G01 X118.0629Y70.6449
G01 X115.6125Y70.5245
G01 X113.1857Y70.1645
G01 X110.8058Y69.5684
G01 X108.4958Y68.7419
G01 X106.2780Y67.6929
G01 X104.1737Y66.4316
G01 X102.2031Y64.9701
G01 X102.1209Y64.8956
G00 Z20.0000
G00 X101.9045Y65.2387
G01 Z20.0000
G01 X101.9493Y65.2793
G01 X103.6185Y66.5173
G00 Z20.0000
G00 X102.7378Y66.3615
G01 Z20.0000
G01 X101.6956Y65.5885
G01 X101.6047Y65.5062
G00 Z20.0000
G00 X101.2125Y65.6899
G01 Z20.0000
G01 X101.4418Y65.8977
G01 X102.2555Y66.5012
G00 Z20.0000
G00 X101.8997Y66.7347
G01 Z20.0000
G01 X101.1881Y66.2069
G01 X100.6778Y65.7445
G00 Z20.0000
G00 X99.6069Y65.3131
G01 Z20.0000
G01 X100.9343Y66.5161
G01 X101.6339Y67.0350
G00 Z20.0000
G00 X101.4544Y67.3993
G01 Z20.0000
G01 X100.6805Y66.8253
G01 X99.2850Y65.5605
G00 Z20.0000
G00 X98.8654Y65.7194
G01 Z20.0000
G01 X100.4268Y67.1346
G01 X101.3727Y67.8361
G00 Z20.0000
G00 X101.3701Y67.9098
G01 Z20.0000
G01 X101.3705Y67.8804
G01 X101.3770Y67.7530
G01 X101.3799Y67.7286
G01 X101.3989Y67.6024
G01 X101.4041Y67.5785
G01 X101.4354Y67.4548
G01 X101.4429Y67.4314
G01 X101.4862Y67.3114
G01 X101.4959Y67.2889
G01 X101.5508Y67.1737
G01 X101.5627Y67.1523
G01 X101.6285Y67.0430
G01 X101.6425Y67.0228
G01 X101.7188Y66.9205
G01 X101.7347Y66.9018
G01 X101.8206Y66.8075
G01 X101.8382Y66.7904
G01 X101.9329Y66.7050
G01 X101.9522Y66.6898
G01 X102.0548Y66.6140
G01 X102.0755Y66.6007
G01 X102.1850Y66.5354
G01 X102.2069Y66.5242
G01 X102.3223Y66.4699
G01 X102.3452Y66.4609
G01 X102.4654Y66.4182
G01 X102.4890Y66.4115
G01 X102.6128Y66.3808
G01 X102.6370Y66.3764
G01 X102.7632Y66.3580
G01 X102.7877Y66.3560
G01 X102.9151Y66.3501
G01 X102.9396Y66.3505
G01 X103.0670Y66.3570
G01 X103.0914Y66.3599
G01 X103.2176Y66.3789
G01 X103.2415Y66.3841
G01 X103.3652Y66.4154
G01 X103.3886Y66.4229
G01 X103.5086Y66.4662
G01 X103.5311Y66.4759
G01 X103.6463Y66.5308
G01 X103.6677Y66.5427
G01 X103.7770Y66.6085
G01 X103.7972Y66.6225
G01 X103.8995Y66.6988
G01 X103.9182Y66.7147
G01 X104.0125Y66.8006
G01 X104.0296Y66.8182
G01 X104.1150Y66.9129
G01 X104.1302Y66.9322
G01 X104.2060Y67.0348
G01 X104.2193Y67.0555
G01 X104.2846Y67.1650
G01 X104.2958Y67.1869
G01 X104.3501Y67.3023
G01 X104.3591Y67.3252
G01 X104.4018Y67.4454
G01 X104.4085Y67.4690
G01 X104.4392Y67.5928
G01 X104.4436Y67.6170
G01 X104.4620Y67.7432
G01 X104.4640Y67.7677
G01 X104.4699Y67.8951
G01 X104.4695Y67.9196
G01 X104.4630Y68.0470
G01 X104.4601Y68.0714
G01 X104.4411Y68.1976
G01 X104.4359Y68.2215
G01 X104.4046Y68.3452
G01 X104.3971Y68.3686
G01 X104.3538Y68.4886
G01 X104.3441Y68.5111
G01 X104.2892Y68.6263
G01 X104.2773Y68.6477
G01 X104.2115Y68.7570
G01 X104.1975Y68.7772
G01 X104.1212Y68.8795
G01 X104.1053Y68.8982
G01 X104.0194Y68.9925
G01 X104.0018Y69.0096
G01 X103.9071Y69.0950
G01 X103.8878Y69.1102
G01 X103.7852Y69.1860
G01 X103.7645Y69.1993
G01 X103.6550Y69.2646
G01 X103.6331Y69.2758
G01 X103.5177Y69.3301
G01 X103.4948Y69.3391
G01 X103.3746Y69.3818
G01 X103.3510Y69.3885
G01 X103.2272Y69.4192
G01 X103.2030Y69.4236
G01 X103.0768Y69.4420
G01 X103.0523Y69.4440
G01 X102.9249Y69.4499
G01 X102.9004Y69.4495
G01 X102.7730Y69.4430
G01 X102.7486Y69.4401
G01 X102.6224Y69.4211
G01 X102.5985Y69.4159
G01 X102.4748Y69.3846
G01 X102.4514Y69.3771
G01 X102.3314Y69.3338
G01 X102.3089Y69.3241
G01 X102.1937Y69.2692
G01 X102.1723Y69.2573
G01 X102.0630Y69.1915
G01 X102.0428Y69.1775
G01 X101.9405Y69.1012
G01 X101.9218Y69.0853
G01 X101.8275Y68.9994
G01 X101.8104Y68.9818
G01 X101.7250Y68.8871
G01 X101.7098Y68.8678
G01 X101.6340Y68.7652
G01 X101.6207Y68.7445
G01 X101.5554Y68.6350
G01 X101.5442Y68.6131
G01 X101.4899Y68.4977
G01 X101.4809Y68.4748
G01 X101.4382Y68.3546
G01 X101.4315Y68.3310
G01 X101.4008Y68.2072
G01 X101.3964Y68.1830
G01 X101.3780Y68.0568
G01 X101.3760Y68.0323
G01 X101.3701Y67.9098
G00 Z20.0000
G00 X101.4512Y68.3917
G01 Z20.0000
G01 X100.1730Y67.4438
G01 X98.2691Y65.7181
G01 X96.6208Y65.7131
G01 X97.2740Y66.4338
G01 X99.4118Y68.3714
G01 X101.7292Y70.0901
G01 X104.2039Y71.5733
G01 X106.8120Y72.8069
G01 X109.5285Y73.7789
G01 X112.3273Y74.4800
G01 X112.6733Y74.5313
G00 Z20.0000
G00 X112.4702Y74.9050
G01 Z20.0000
G01 X112.2492Y74.8723
G01 X109.4124Y74.1617
G01 X106.6589Y73.1765
G01 X104.0153Y71.9261
G01 X101.5069Y70.4227
G01 X99.1580Y68.6806
G01 X96.9911Y66.7166
G01 X96.1016Y65.7352
G01 X95.6086Y66.3811
G01 X94.8115Y65.5016
G00 Z20.0000
G00 X95.1084Y65.2343
G01 Z20.0000
G01 X96.7083Y66.9995
G01 X98.9042Y68.9898
G01 X101.2847Y70.7552
G01 X103.8267Y72.2789
G01 X106.5059Y73.5460
G01 X109.2963Y74.5445
G01 X112.1712Y75.2646
G01 X112.3778Y75.2952
G00 Z20.0000
G00 X112.3701Y75.4598
G01 Z20.0000
G01 X112.3705Y75.4304
G01 X112.3770Y75.3030
G01 X112.3799Y75.2786
G01 X112.3989Y75.1524
G01 X112.4041Y75.1285
G01 X112.4354Y75.0048
G01 X112.4429Y74.9814
G01 X112.4862Y74.8614
G01 X112.4959Y74.8389
G01 X112.5508Y74.7237
G01 X112.5627Y74.7023
G01 X112.6285Y74.5930
G01 X112.6425Y74.5728
G01 X112.7188Y74.4705
G01 X112.7347Y74.4518
G01 X112.8206Y74.3575
G01 X112.8382Y74.3404
G01 X112.9329Y74.2550
G01 X112.9522Y74.2398
G01 X113.0548Y74.1640
G01 X113.0755Y74.1507
G01 X113.1850Y74.0854
G01 X113.2069Y74.0742
G01 X113.3223Y74.0199
G01 X113.3452Y74.0109
G01 X113.4654Y73.9682
G01 X113.4890Y73.9615
G01 X113.6128Y73.9308
G01 X113.6370Y73.9264
G01 X113.7632Y73.9080
G01 X113.7877Y73.9060
G01 X113.9151Y73.9001
G01 X113.9396Y73.9005
G01 X114.0523Y73.9060
G01 X114.0768Y73.9080
G01 X114.2030Y73.9264
G01 X114.2415Y73.9341
G01 X114.3652Y73.9654
G01 X114.3886Y73.9729
G01 X114.4948Y74.0109
G01 X114.5311Y74.0259
G01 X114.6463Y74.0808
G01 X114.6677Y74.0927
G01 X114.7645Y74.1507
G01 X114.7852Y74.1640
G01 X114.8878Y74.2398
G01 X114.9182Y74.2647
G01 X115.0054Y74.3438
G01 X115.0296Y74.3682
G01 X115.1150Y74.4629
G01 X115.1302Y74.4822
G01 X115.1900Y74.5627
G01 X115.2498Y74.4822
G01 X115.2650Y74.4629
G01 X115.3504Y74.3682
G01 X115.3675Y74.3506
G01 X115.4618Y74.2647
G01 X115.4805Y74.2488
G01 X115.5828Y74.1725
G01 X115.6030Y74.1585
G01 X115.7123Y74.0927
G01 X115.7337Y74.0808
G01 X115.8489Y74.0259
G01 X115.8714Y74.0162
G01 X115.9914Y73.9729
G01 X116.0148Y73.9654
G01 X116.1385Y73.9341
G01 X116.1770Y73.9264
G01 X116.2886Y73.9099
G01 X116.3130Y73.9070
G01 X116.4404Y73.9005
G01 X116.4796Y73.9005
G01 X116.5923Y73.9060
G01 X116.6168Y73.9080
G01 X116.7576Y73.9289
G01 X116.7815Y73.9341
G01 X116.8910Y73.9615
G01 X116.9286Y73.9729
G01 X117.0486Y74.0162
G01 X117.0711Y74.0259
G01 X117.1731Y74.0742
G01 X117.2077Y74.0927
G01 X117.3045Y74.1507
G01 X117.3252Y74.1640
G01 X117.4395Y74.2488
G01 X117.4582Y74.2647
G01 X117.5418Y74.3404
G01 X117.5696Y74.3682
G01 X117.6550Y74.4629
G01 X117.6702Y74.4822
G01 X117.7300Y74.5627
G01 X117.7898Y74.4822
G01 X117.8050Y74.4629
G01 X117.8904Y74.3682
G01 X117.9182Y74.3404
G01 X118.0018Y74.2647
G01 X118.0205Y74.2488
G01 X118.1348Y74.1640
G01 X118.1555Y74.1507
G01 X118.2523Y74.0927
G01 X118.2869Y74.0742
G01 X118.3889Y74.0259
G01 X118.4114Y74.0162
G01 X118.5454Y73.9682
G01 X118.5690Y73.9615
G01 X118.6785Y73.9341
G01 X118.7170Y73.9264
G01 X118.8286Y73.9099
G01 X118.8530Y73.9070
G01 X118.9951Y73.9001
G01 X119.0196Y73.9005
G01 X119.1323Y73.9060
G01 X119.1714Y73.9099
G01 X119.2830Y73.9264
G01 X119.3168Y73.9329
G01 X119.4310Y73.9615
G01 X119.4546Y73.9682
G01 X119.5886Y74.0162
G01 X119.6111Y74.0259
G01 X119.7263Y74.0808
G01 X119.7477Y74.0927
G01 X119.8445Y74.1507
G01 X119.8772Y74.1725
G01 X119.9717Y74.2427
G01 X119.9982Y74.2647
G01 X120.0818Y74.3404
G01 X120.0994Y74.3575
G01 X120.1853Y74.4518
G01 X120.2012Y74.4705
G01 X120.2775Y74.5728
G01 X120.2915Y74.5930
G01 X120.3646Y74.7150
G01 X120.3758Y74.7369
G01 X120.4301Y74.8523
G01 X120.4391Y74.8752
G01 X120.4771Y74.9814
G01 X120.4872Y75.0142
G01 X120.5159Y75.1285
G01 X120.5236Y75.1670
G01 X120.5401Y75.2786
G01 X120.5430Y75.3030
G01 X120.5499Y75.4451
G01 X120.5495Y75.4696
G01 X120.5430Y75.5970
G01 X120.5401Y75.6214
G01 X120.5211Y75.7476
G01 X120.5159Y75.7715
G01 X120.4846Y75.8952
G01 X120.4771Y75.9186
G01 X120.4338Y76.0386
G01 X120.4241Y76.0611
G01 X120.3692Y76.1763
G01 X120.3573Y76.1977
G01 X120.2915Y76.3070
G01 X120.2775Y76.3272
G01 X120.2012Y76.4295
G01 X120.1853Y76.4482
G01 X120.0994Y76.5425
G01 X120.0818Y76.5596
G01 X119.9871Y76.6450
G01 X119.9678Y76.6602
G01 X119.8652Y76.7360
G01 X119.8445Y76.7493
G01 X119.7350Y76.8146
G01 X119.7131Y76.8258
G01 X119.5977Y76.8801
G01 X119.5748Y76.8891
G01 X119.4546Y76.9318
G01 X119.4310Y76.9385
G01 X119.3072Y76.9692
G01 X119.2830Y76.9736
G01 X119.1568Y76.9920
G01 X119.1323Y76.9940
G01 X119.0049Y76.9999
G01 X118.9804Y76.9995
G01 X118.8677Y76.9940
G01 X118.8432Y76.9920
G01 X118.7170Y76.9736
G01 X118.6785Y76.9659
G01 X118.5690Y76.9385
G01 X118.5454Y76.9318
G01 X118.4252Y76.8891
G01 X118.3889Y76.8741
G01 X118.2737Y76.8192
G01 X118.2523Y76.8073
G01 X118.1555Y76.7493
G01 X118.1348Y76.7360
G01 X118.0322Y76.6602
G01 X118.0018Y76.6353
G01 X117.9146Y76.5562
G01 X117.8904Y76.5318
G01 X117.8050Y76.4371
G01 X117.7898Y76.4178
G01 X117.7300Y76.3373
G01 X117.6702Y76.4178
G01 X117.6550Y76.4371
G01 X117.5696Y76.5318
G01 X117.5525Y76.5494
G01 X117.4582Y76.6353
G01 X117.4395Y76.6512
G01 X117.3372Y76.7275
G01 X117.3170Y76.7415
G01 X117.2077Y76.8073
G01 X117.1863Y76.8192
G01 X117.0711Y76.8741
G01 X117.0486Y76.8838
G01 X116.9286Y76.9271
G01 X116.9052Y76.9346
G01 X116.7815Y76.9659
G01 X116.7430Y76.9736
G01 X116.6314Y76.9901
G01 X116.6070Y76.9930
G01 X116.4796Y76.9995
G01 X116.4404Y76.9995
G01 X116.3277Y76.9940
G01 X116.3032Y76.9920
G01 X116.1624Y76.9711
G01 X116.1385Y76.9659
G01 X116.0290Y76.9385
G01 X115.9914Y76.9271
G01 X115.8714Y76.8838
G01 X115.8489Y76.8741
G01 X115.7469Y76.8258
G01 X115.7123Y76.8073
G01 X115.6155Y76.7493
G01 X115.5948Y76.7360
G01 X115.4805Y76.6512
G01 X115.4618Y76.6353
G01 X115.3782Y76.5596
G01 X115.3504Y76.5318
G01 X115.2650Y76.4371
G01 X115.2498Y76.4178
G01 X115.1900Y76.3373
G01 X115.1302Y76.4178
G01 X115.1150Y76.4371
G01 X115.0296Y76.5318
G01 X115.0018Y76.5596
G01 X114.9182Y76.6353
G01 X114.8995Y76.6512
G01 X114.7852Y76.7360
G01 X114.7645Y76.7493
G01 X114.6677Y76.8073
G01 X114.6331Y76.8258
G01 X114.5311Y76.8741
G01 X114.5086Y76.8838
G01 X114.3746Y76.9318
G01 X114.3510Y76.9385
G01 X114.2415Y76.9659
G01 X114.2030Y76.9736
G01 X114.0914Y76.9901
G01 X114.0670Y76.9930
G01 X113.9249Y76.9999
G01 X113.9004Y76.9995
G01 X113.7877Y76.9940
G01 X113.7486Y76.9901
G01 X113.6370Y76.9736
G01 X113.6032Y76.9670
G01 X113.4890Y76.9385
G01 X113.4654Y76.9318
G01 X113.3314Y76.8838
G01 X113.3089Y76.8741
G01 X113.1937Y76.8192
G01 X113.1723Y76.8073
G01 X113.0755Y76.7493
G01 X113.0468Y76.7303
G01 X112.9522Y76.6602
G01 X112.9218Y76.6353
G01 X112.8382Y76.5596
G01 X112.8206Y76.5425
G01 X112.7347Y76.4482
G01 X112.7188Y76.4295
G01 X112.6340Y76.3152
G01 X112.6207Y76.2945
G01 X112.5627Y76.1977
G01 X112.5463Y76.1675
G01 X112.4959Y76.0611
G01 X112.4809Y76.0248
G01 X112.4429Y75.9186
G01 X112.4354Y75.8952
G01 X112.4041Y75.7715
G01 X112.3989Y75.7476
G01 X112.3780Y75.6068
G01 X112.3760Y75.5823
G01 X112.3701Y75.4598
G00 Z20.0000
G00 X112.3917Y75.7012
G01 Z20.0000
G01 X112.0932Y75.6569
G01 X109.1802Y74.9272
G01 X106.3528Y73.9156
G01 X103.6382Y72.6317
G01 X101.0625Y71.0878
G01 X98.6505Y69.2990
G01 X96.8281Y67.6472
G00 Z20.0000
G00 X96.8237Y68.1824
G01 Z20.0000
G01 X98.3967Y69.6082
G01 X100.8402Y71.4204
G01 X103.4496Y72.9844
G01 X106.1997Y74.2851
G01 X109.0641Y75.3100
G01 X112.0151Y76.0492
G01 X112.5262Y76.1250
G00 Z20.0000
G00 X112.8588Y76.5783
G01 Z20.0000
G01 X111.9371Y76.4415
G01 X108.9480Y75.6928
G01 X106.0467Y74.6547
G01 X103.2611Y73.3372
G01 X100.6180Y71.7530
G01 X98.1430Y69.9174
G01 X96.6842Y68.5953
G00 Z20.0000
G00 X95.0595Y66.3701
G01 Z20.0000
G01 X94.4363Y65.6825
G00 Z20.0000
G00 X93.9567Y65.7484
G01 Z20.0000
G01 X94.6380Y66.5000
G00 Z20.0000
G00 X94.2972Y66.7189
G01 Z20.0000
G01 X93.4812Y65.8186
G01 X93.2936Y65.5656
G01 X92.6614Y65.3839
G01 X93.1720Y66.0723
G01 X94.0274Y67.0162
G00 Z20.0000
G00 X93.8347Y67.3984
G01 Z20.0000
G01 X92.8628Y66.3261
G01 X92.3283Y65.6054
G00 Z20.0000
G00 X91.9243Y65.7313
G01 Z20.0000
G01 X92.5536Y66.5798
G01 X93.7501Y67.9000
G00 Z20.0000
G00 X93.7501Y67.9098
G01 Z20.0000
G01 X93.7505Y67.8804
G01 X93.7570Y67.7530
G01 X93.7599Y67.7286
G01 X93.7789Y67.6024
G01 X93.7841Y67.5785
G01 X93.8154Y67.4548
G01 X93.8229Y67.4314
G01 X93.8662Y67.3114
G01 X93.8759Y67.2889
G01 X93.9308Y67.1737
G01 X93.9427Y67.1523
G01 X94.0085Y67.0430
G01 X94.0225Y67.0228
G01 X94.0988Y66.9205
G01 X94.1147Y66.9018
G01 X94.2006Y66.8075
G01 X94.2182Y66.7904
G01 X94.3129Y66.7050
G01 X94.3322Y66.6898
G01 X94.4348Y66.6140
G01 X94.4555Y66.6007
G01 X94.5650Y66.5354
G01 X94.5869Y66.5242
G01 X94.7023Y66.4699
G01 X94.7252Y66.4609
G01 X94.8454Y66.4182
G01 X94.8690Y66.4115
G01 X94.9928Y66.3808
G01 X95.0170Y66.3764
G01 X95.1432Y66.3580
G01 X95.1677Y66.3560
G01 X95.2951Y66.3501
G01 X95.3196Y66.3505
G01 X95.4470Y66.3570
G01 X95.4714Y66.3599
G01 X95.5976Y66.3789
G01 X95.6215Y66.3841
G01 X95.7452Y66.4154
G01 X95.7686Y66.4229
G01 X95.8886Y66.4662
G01 X95.9111Y66.4759
G01 X96.0263Y66.5308
G01 X96.0477Y66.5427
G01 X96.1570Y66.6085
G01 X96.1772Y66.6225
G01 X96.2795Y66.6988
G01 X96.2982Y66.7147
G01 X96.3925Y66.8006
G01 X96.4096Y66.8182
G01 X96.4950Y66.9129
G01 X96.5102Y66.9322
G01 X96.5860Y67.0348
G01 X96.5993Y67.0555
G01 X96.6646Y67.1650
G01 X96.6758Y67.1869
G01 X96.7301Y67.3023
G01 X96.7391Y67.3252
G01 X96.7818Y67.4454
G01 X96.7885Y67.4690
G01 X96.8192Y67.5928
G01 X96.8236Y67.6170
G01 X96.8420Y67.7432
G01 X96.8440Y67.7677
G01 X96.8499Y67.8951
G01 X96.8495Y67.9196
G01 X96.8430Y68.0470
G01 X96.8401Y68.0714
G01 X96.8211Y68.1976
G01 X96.8159Y68.2215
G01 X96.7846Y68.3452
G01 X96.7771Y68.3686
G01 X96.7338Y68.4886
G01 X96.7241Y68.5111
G01 X96.6692Y68.6263
G01 X96.6573Y68.6477
G01 X96.5915Y68.7570
G01 X96.5775Y68.7772
G01 X96.5012Y68.8795
G01 X96.4853Y68.8982
G01 X96.3994Y68.9925
G01 X96.3818Y69.0096
G01 X96.2871Y69.0950
G01 X96.2678Y69.1102
G01 X96.1652Y69.1860
G01 X96.1445Y69.1993
G01 X96.0350Y69.2646
G01 X96.0131Y69.2758
G01 X95.8977Y69.3301
G01 X95.8748Y69.3391
G01 X95.7546Y69.3818
G01 X95.7310Y69.3885
G01 X95.6072Y69.4192
G01 X95.5830Y69.4236
G01 X95.4568Y69.4420
G01 X95.4323Y69.4440
G01 X95.3049Y69.4499
G01 X95.2804Y69.4495
G01 X95.1530Y69.4430
G01 X95.1286Y69.4401
G01 X95.0024Y69.4211
G01 X94.9785Y69.4159
G01 X94.8548Y69.3846
G01 X94.8314Y69.3771
G01 X94.7114Y69.3338
G01 X94.6889Y69.3241
G01 X94.5737Y69.2692
G01 X94.5523Y69.2573
G01 X94.4430Y69.1915
G01 X94.4228Y69.1775
G01 X94.3205Y69.1012
G01 X94.3018Y69.0853
G01 X94.2075Y68.9994
G01 X94.1904Y68.9818
G01 X94.1050Y68.8871
G01 X94.0898Y68.8678
G01 X94.0140Y68.7652
G01 X94.0007Y68.7445
G01 X93.9354Y68.6350
G01 X93.9242Y68.6131
G01 X93.8699Y68.4977
G01 X93.8609Y68.4748
G01 X93.8182Y68.3546
G01 X93.8115Y68.3310
G01 X93.7808Y68.2072
G01 X93.7764Y68.1830
G01 X93.7580Y68.0568
G01 X93.7560Y68.0323
G01 X93.7501Y67.9098
G00 Z20.0000
G00 X91.3085Y71.7501
G01 Z20.0000
G01 X91.6171Y72.0907
G01 X94.3366Y74.5555
G01 X97.2846Y76.7418
G01 X100.4327Y78.6287
G01 X103.7506Y80.1980
G01 X107.2063Y81.4344
G01 X110.7665Y82.3262
G01 X114.3971Y82.8648
G01 X117.8131Y83.0326
G00 Z20.0000
G00 X117.6763Y83.4259
G01 Z20.0000
G01 X114.3579Y83.2628
G01 X110.6885Y82.7185
G01 X107.0902Y81.8172
G01 X103.5975Y80.5675
G01 X100.2441Y78.9815
G01 X97.0624Y77.0744
G01 X94.0828Y74.8647
G01 X91.3343Y72.3735
G01 X91.2940Y72.3291
G00 Z20.0000
G00 X91.1424Y72.7388
G01 Z20.0000
G01 X93.8291Y75.1739
G01 X96.8401Y77.4070
G01 X100.0556Y79.3343
G01 X103.4444Y80.9371
G01 X106.9740Y82.2000
G01 X110.6105Y83.1109
G01 X114.3187Y83.6609
G01 X117.6557Y83.8249
G00 Z20.0000
G00 X117.7508Y84.2295
G01 Z20.0000
G01 X114.2795Y84.0590
G01 X110.5324Y83.5032
G01 X106.8579Y82.5828
G01 X103.2913Y81.3066
G01 X99.8670Y79.6870
G01 X96.6179Y77.7396
G01 X93.5753Y75.4831
G01 X90.9060Y73.0637
G00 Z20.0000
G00 X90.5923Y73.3186
G01 Z20.0000
G01 X93.3216Y75.7923
G01 X96.3957Y78.0722
G01 X99.6784Y80.0398
G01 X103.1383Y81.6762
G01 X106.7418Y82.9655
G01 X110.4544Y83.8955
G01 X114.2402Y84.4571
G01 X117.9983Y84.6417
G00 Z20.0000
G00 X118.5087Y85.0230
G01 Z20.0000
G01 X118.0629Y85.0449
G01 X114.2010Y84.8551
G01 X110.3764Y84.2878
G01 X106.6257Y83.3483
G01 X106.3064Y83.2341
G00 Z20.0000
G00 X104.4051Y82.5538
G01 Z20.0000
G01 X102.9852Y82.0457
G01 X99.4899Y80.3926
G01 X96.1734Y78.4048
G01 X93.0678Y76.1015
G01 X90.2029Y73.5049
G01 X90.1923Y73.4932
G00 Z20.0000
G00 X89.7016Y73.5466
G01 Z20.0000
G01 X89.9201Y73.7877
G01 X92.8141Y76.4107
G01 X95.9512Y78.7374
G01 X99.3013Y80.7453
G01 X102.8321Y82.4153
G01 X103.9580Y82.8181
G00 Z20.0000
G00 X103.6708Y83.1397
G01 Z20.0000
G01 X103.4687Y83.0674
G00 Z20.0000
G00 X102.0771Y82.5001
G01 Z20.0000
G01 X99.1128Y81.0981
G01 X95.7290Y79.0699
G01 X92.5603Y76.7199
G01 X89.6372Y74.0706
G01 X88.9414Y73.3029
G01 X88.2698Y73.1567
G01 X89.3544Y74.3534
G01 X92.3065Y77.0291
G01 X95.5068Y79.4025
G01 X98.9242Y81.4509
G01 X101.6424Y82.7365
G00 Z20.0000
G00 X101.3793Y83.0540
G01 Z20.0000
G01 X100.5785Y82.6752
G00 Z20.0000
G00 X100.1904Y82.4917
G01 Z20.0000
G01 X98.7356Y81.8036
G01 X95.2845Y79.7351
G01 X92.0528Y77.3383
G01 X89.0715Y74.6362
G01 X87.9363Y73.3837
G00 Z20.0000
G00 X87.5238Y73.5235
G01 Z20.0000
G01 X88.7887Y74.9191
G01 X91.7990Y77.6475
G01 X95.0623Y80.0677
G01 X98.5471Y82.1564
G01 X99.3903Y82.5552
G00 Z20.0000
G00 X99.0145Y82.8194
G01 Z20.0000
G01 X98.3585Y82.5092
G01 X94.8401Y80.4003
G01 X91.5453Y77.9567
G01 X88.5059Y75.2019
G01 X86.9890Y73.5283
G00 Z20.0000
G00 X85.9244Y72.9487
G01 Z20.0000
G01 X88.2230Y75.4848
G01 X91.2915Y78.2659
G01 X94.6179Y80.7329
G01 X97.5027Y82.4620
G00 Z20.0000
G00 X96.8676Y82.5471
G01 Z20.0000
G01 X94.3956Y81.0655
G01 X91.0378Y78.5751
G01 X87.9402Y75.7676
G01 X85.6406Y73.2304
G00 Z20.0000
G00 X85.2865Y73.4346
G01 Z20.0000
G01 X87.6573Y76.0505
G01 X90.7840Y78.8843
G01 X94.1734Y81.3981
G01 X96.5005Y82.7928
G00 Z20.0000
G00 X96.2654Y83.1177
G01 Z20.0000
G01 X93.9512Y81.7306
G01 X90.9268Y79.4876
G00 Z20.0000
G00 X90.4132Y79.0874
G01 Z20.0000
G01 X87.3745Y76.3333
G01 X84.8456Y73.5431
G00 Z20.0000
G00 X84.2529Y73.4840
G01 Z20.0000
G01 X87.0916Y76.6161
G01 X89.6731Y78.9558
G00 Z20.0000
G00 X89.2108Y79.0761
G01 Z20.0000
G01 X86.8088Y76.8990
G01 X83.8959Y73.6850
G01 X83.3670Y72.9720
G00 Z20.0000
G00 X83.0752Y73.2492
G01 Z20.0000
G01 X83.5866Y73.9388
G01 X86.5260Y77.1818
G01 X88.8597Y79.2970
G00 Z20.0000
G00 X88.5939Y79.5953
G01 Z20.0000
G01 X86.2431Y77.4647
G01 X83.2774Y74.1926
G01 X82.7220Y73.4437
G00 Z20.0000
G00 X82.2987Y73.5436
G01 Z20.0000
G01 X82.9682Y74.4463
G01 X85.9603Y77.7475
G01 X88.4147Y79.9721
G00 Z20.0000
G00 X88.3501Y80.4098
G01 Z20.0000
G01 X88.3505Y80.3804
G01 X88.3566Y80.2628
G01 X88.3594Y80.2384
G01 X88.3770Y80.1219
G01 X88.3822Y80.0980
G01 X88.4111Y79.9838
G01 X88.4186Y79.9604
G01 X88.4586Y79.8497
G01 X88.4683Y79.8272
G01 X88.5190Y79.7208
G01 X88.5309Y79.6994
G01 X88.5917Y79.5985
G01 X88.6057Y79.5784
G01 X88.6761Y79.4840
G01 X88.6920Y79.4653
G01 X88.7713Y79.3782
G01 X88.7889Y79.3612
G01 X88.8764Y79.2823
G01 X88.8956Y79.2671
G01 X88.9904Y79.1971
G01 X89.0110Y79.1839
G01 X89.1122Y79.1236
G01 X89.1340Y79.1124
G01 X89.2406Y79.0623
G01 X89.2634Y79.0533
G01 X89.3744Y79.0139
G01 X89.3980Y79.0072
G01 X89.5123Y78.9789
G01 X89.5365Y78.9745
G01 X89.6530Y78.9575
G01 X89.6775Y78.9555
G01 X89.7951Y78.9501
G01 X89.8196Y78.9505
G01 X89.9372Y78.9566
G01 X89.9616Y78.9594
G01 X90.0781Y78.9770
G01 X90.1020Y78.9822
G01 X90.2162Y79.0111
G01 X90.2396Y79.0186
G01 X90.3503Y79.0586
G01 X90.3728Y79.0683
G01 X90.4792Y79.1190
G01 X90.5006Y79.1309
G01 X90.6015Y79.1917
G01 X90.6216Y79.2057
G01 X90.7160Y79.2761
G01 X90.7347Y79.2920
G01 X90.8218Y79.3713
G01 X90.8388Y79.3889
G01 X90.9177Y79.4764
G01 X90.9329Y79.4956
G01 X91.0029Y79.5904
G01 X91.0161Y79.6110
G01 X91.0764Y79.7122
G01 X91.0876Y79.7340
G01 X91.1377Y79.8406
G01 X91.1467Y79.8634
G01 X91.1861Y79.9744
G01 X91.1928Y79.9980
G01 X91.2211Y80.1123
G01 X91.2255Y80.1365
G01 X91.2425Y80.2530
G01 X91.2445Y80.2775
G01 X91.2499Y80.3951
G01 X91.2495Y80.4196
G01 X91.2434Y80.5372
G01 X91.2406Y80.5616
G01 X91.2230Y80.6781
G01 X91.2178Y80.7020
G01 X91.1889Y80.8162
G01 X91.1814Y80.8396
G01 X91.1415Y80.9503
G01 X91.1317Y80.9728
G01 X91.0811Y81.0792
G01 X91.0691Y81.1006
G01 X91.0083Y81.2015
G01 X90.9943Y81.2216
G01 X90.9239Y81.3160
G01 X90.9080Y81.3347
G01 X90.8287Y81.4218
G01 X90.8111Y81.4388
G01 X90.7236Y81.5177
G01 X90.7044Y81.5329
G01 X90.6096Y81.6029
G01 X90.5890Y81.6161
G01 X90.4878Y81.6764
G01 X90.4660Y81.6876
G01 X90.3594Y81.7377
G01 X90.3366Y81.7467
G01 X90.2256Y81.7861
G01 X90.2020Y81.7928
G01 X90.0877Y81.8211
G01 X90.0635Y81.8255
G01 X89.9470Y81.8425
G01 X89.9225Y81.8445
G01 X89.8049Y81.8499
G01 X89.7804Y81.8495
G01 X89.6628Y81.8434
G01 X89.6384Y81.8406
G01 X89.5219Y81.8230
G01 X89.4980Y81.8178
G01 X89.3838Y81.7889
G01 X89.3604Y81.7814
G01 X89.2497Y81.7414
G01 X89.2272Y81.7317
G01 X89.1208Y81.6810
G01 X89.0994Y81.6691
G01 X88.9985Y81.6083
G01 X88.9784Y81.5943
G01 X88.8840Y81.5239
G01 X88.8653Y81.5080
G01 X88.7782Y81.4287
G01 X88.7612Y81.4111
G01 X88.6823Y81.3236
G01 X88.6671Y81.3044
G01 X88.5971Y81.2096
G01 X88.5839Y81.1890
G01 X88.5236Y81.0878
G01 X88.5124Y81.0660
G01 X88.4623Y80.9594
G01 X88.4533Y80.9366
G01 X88.4139Y80.8256
G01 X88.4072Y80.8020
G01 X88.3789Y80.6877
G01 X88.3745Y80.6635
G01 X88.3575Y80.5470
G01 X88.3555Y80.5225
G01 X88.3501Y80.4098
G00 Z20.0000
G00 X88.3522Y80.4546
G01 Z20.0000
G01 X85.6774Y78.0304
G01 X85.3054Y77.6198
G00 Z20.0000
G00 X85.4010Y78.3190
G01 Z20.0000
G01 X88.6100Y81.2275
G00 Z20.0000
G00 X89.2918Y81.7568
G01 Z20.0000
G01 X90.5641Y82.7005
G00 Z20.0000
G00 X90.7186Y82.8150
G01 Z20.0000
G01 X91.0361Y83.0505
G00 Z20.0000
G00 X91.3237Y82.7664
G01 Z20.0000
G01 X90.0565Y81.8265
G00 Z20.0000
G00 X90.5085Y81.6644
G01 Z20.0000
G01 X91.7068Y82.5532
G00 Z20.0000
G00 X92.2392Y82.4505
G01 Z20.0000
G01 X90.8383Y81.4116
G00 Z20.0000
G00 X91.0752Y81.0899
G01 Z20.0000
G01 X93.2845Y82.7284
G01 X93.7774Y83.0238
G00 Z20.0000
G00 X94.0442Y82.7180
G01 Z20.0000
G01 X93.5067Y82.3958
G01 X91.2186Y80.6988
G00 Z20.0000
G00 X91.2372Y80.2152
G01 Z20.0000
G01 X93.7289Y82.0632
G01 X94.4576Y82.5000
G00 Z20.0000
G00 X95.9757Y83.4099
G01 Z20.0000
G01 X96.1481Y83.5132
G01 X96.0000Y83.8902
G01 X96.1400Y83.9742
G01 X95.9999Y84.3560
G01 X96.1441Y84.4424
G01 X95.9215Y84.7748
G01 X96.3549Y85.0345
G01 X96.2505Y85.4377
G01 X95.7202Y85.1199
G00 Z20.0000
G00 X93.7933Y85.3623
G01 Z20.0000
G01 X93.3533Y85.0986
G00 Z20.0000
G00 X93.5982Y84.7796
G01 Z20.0000
G01 X93.7079Y84.8453
G00 Z20.0000
G00 X93.6484Y84.6866
G01 Z20.0000
G01 X93.6337Y84.7175
G01 X93.6198Y84.7435
G01 X93.5515Y84.8570
G01 X93.5375Y84.8772
G01 X93.4702Y84.9678
G01 X93.4550Y84.9871
G01 X93.3696Y85.0818
G01 X93.3418Y85.1096
G01 X93.2471Y85.1950
G01 X93.2278Y85.2102
G01 X93.1473Y85.2700
G01 X93.2278Y85.3298
G01 X93.2471Y85.3450
G01 X93.3418Y85.4304
G01 X93.3594Y85.4475
G01 X93.4550Y85.5529
G01 X93.4702Y85.5722
G01 X93.5300Y85.6527
G01 X93.5898Y85.5722
G01 X93.6050Y85.5529
G01 X93.6904Y85.4582
G01 X93.7146Y85.4338
G01 X93.8018Y85.3547
G01 X93.8205Y85.3388
G01 X93.9268Y85.2597
G01 X93.9513Y85.2433
G01 X93.9806Y85.2256
G01 X93.9550Y85.2020
G01 X93.9413Y85.1879
G01 X93.8755Y85.1150
G01 X93.8603Y85.0958
G01 X93.8135Y85.0327
G01 X93.7943Y85.0043
G01 X93.7441Y84.9200
G01 X93.7329Y84.8981
G01 X93.6993Y84.8272
G01 X93.6843Y84.7909
G01 X93.6578Y84.7170
G01 X93.6484Y84.6866
G00 Z20.0000
G00 X91.3594Y85.2799
G01 Z20.0000
G01 X90.9332Y84.9638
G00 Z20.0000
G00 X90.6413Y85.2447
G01 Z20.0000
G01 X91.0619Y85.5567
G01 X90.6073Y85.2700
G01 X90.6878Y85.3298
G01 X90.7071Y85.3450
G01 X90.8018Y85.4304
G01 X90.8194Y85.4475
G01 X90.9150Y85.5529
G01 X90.9302Y85.5722
G01 X90.9900Y85.6527
G01 X91.0498Y85.5722
G01 X91.0650Y85.5529
G01 X91.1606Y85.4475
G01 X91.1782Y85.4304
G01 X91.2729Y85.3450
G01 X91.2922Y85.3298
G01 X91.3727Y85.2700
G01 X91.2922Y85.2102
G01 X91.2729Y85.1950
G01 X91.1782Y85.1096
G01 X91.1606Y85.0925
G01 X91.0650Y84.9871
G01 X91.0498Y84.9678
G01 X90.9900Y84.8873
G01 X90.9302Y84.9678
G01 X90.9150Y84.9871
G01 X90.8296Y85.0818
G01 X90.8125Y85.0994
G01 X90.7071Y85.1950
G01 X90.6878Y85.2102
G01 X90.6073Y85.2700
G00 Z20.0000
G00 X88.7481Y85.3328
G01 Z20.0000
G01 X88.2225Y84.9430
G00 Z20.0000
G00 X88.3316Y84.6866
G01 Z20.0000
G01 X88.3222Y84.7170
G01 X88.2957Y84.7909
G01 X88.2807Y84.8272
G01 X88.2471Y84.8981
G01 X88.2359Y84.9200
G01 X88.1857Y85.0043
G01 X88.1665Y85.0327
G01 X88.1197Y85.0958
G01 X88.1045Y85.1150
G01 X88.0387Y85.1879
G01 X88.0250Y85.2020
G01 X87.9994Y85.2256
G01 X88.0287Y85.2433
G01 X88.0532Y85.2597
G01 X88.1595Y85.3388
G01 X88.1782Y85.3547
G01 X88.2654Y85.4338
G01 X88.2896Y85.4582
G01 X88.3750Y85.5529
G01 X88.3902Y85.5722
G01 X88.4500Y85.6527
G01 X88.5098Y85.5722
G01 X88.5250Y85.5529
G01 X88.6104Y85.4582
G01 X88.6275Y85.4406
G01 X88.7329Y85.3450
G01 X88.7522Y85.3298
G01 X88.8327Y85.2700
G01 X88.7522Y85.2102
G01 X88.7329Y85.1950
G01 X88.6382Y85.1096
G01 X88.6104Y85.0818
G01 X88.5250Y84.9871
G01 X88.5098Y84.9678
G01 X88.4425Y84.8772
G01 X88.4285Y84.8570
G01 X88.3602Y84.7435
G01 X88.3463Y84.7175
G01 X88.3316Y84.6866
G01 X88.3763Y85.5545
G01 X88.4709Y85.6246
G00 Z20.0000
G00 X86.1427Y85.3901
G01 Z20.0000
G01 X85.7089Y85.0684
G01 X85.6429Y85.0086
G00 Z20.0000
G00 X85.8086Y84.6196
G01 Z20.0000
G01 X85.9626Y84.7592
G01 X86.0928Y84.8558
G00 Z20.0000
G00 X85.9800Y84.2358
G01 Z20.0000
G01 X85.8400Y84.1089
G01 X85.9800Y83.6966
G01 X85.8364Y83.5664
G01 X86.0576Y83.2277
G01 X83.1318Y80.5759
G01 X79.8762Y76.9839
G01 X77.3151Y73.5307
G00 Z20.0000
G00 X77.7225Y73.4092
G01 Z20.0000
G01 X80.1854Y76.7301
G01 X83.4147Y80.2931
G01 X86.2638Y82.8754
G00 Z20.0000
G00 X86.5726Y82.6161
G01 Z20.0000
G01 X83.6975Y80.0103
G01 X83.0228Y79.2658
G00 Z20.0000
G00 X82.7677Y78.9843
G01 Z20.0000
G01 X80.4946Y76.4764
G01 X78.0633Y73.1981
G00 Z20.0000
G00 X78.3401Y72.9007
G01 Z20.0000
G01 X80.8038Y76.2226
G01 X82.5121Y78.1074
G00 Z20.0000
G00 X82.5101Y78.1698
G01 Z20.0000
G01 X82.5105Y78.1404
G01 X82.5166Y78.0228
G01 X82.5194Y77.9984
G01 X82.5370Y77.8819
G01 X82.5422Y77.8580
G01 X82.5711Y77.7438
G01 X82.5786Y77.7204
G01 X82.6186Y77.6097
G01 X82.6283Y77.5872
G01 X82.6790Y77.4808
G01 X82.6909Y77.4594
G01 X82.7517Y77.3585
G01 X82.7657Y77.3384
G01 X82.8361Y77.2440
G01 X82.8520Y77.2253
G01 X82.9313Y77.1382
G01 X82.9489Y77.1212
G01 X83.0364Y77.0423
G01 X83.0556Y77.0271
G01 X83.1504Y76.9572
G01 X83.1710Y76.9439
G01 X83.2722Y76.8836
G01 X83.2940Y76.8724
G01 X83.4006Y76.8223
G01 X83.4234Y76.8133
G01 X83.5344Y76.7739
G01 X83.5580Y76.7672
G01 X83.6723Y76.7389
G01 X83.6965Y76.7345
G01 X83.8130Y76.7175
G01 X83.8375Y76.7155
G01 X83.9551Y76.7101
G01 X83.9796Y76.7105
G01 X84.0972Y76.7166
G01 X84.1216Y76.7194
G01 X84.2381Y76.7370
G01 X84.2620Y76.7422
G01 X84.3762Y76.7711
G01 X84.3996Y76.7786
G01 X84.5103Y76.8186
G01 X84.5328Y76.8283
G01 X84.6392Y76.8790
G01 X84.6606Y76.8909
G01 X84.7615Y76.9517
G01 X84.7816Y76.9657
G01 X84.8760Y77.0361
G01 X84.8947Y77.0520
G01 X84.9818Y77.1313
G01 X84.9988Y77.1489
G01 X85.0777Y77.2364
G01 X85.0929Y77.2556
G01 X85.1629Y77.3504
G01 X85.1761Y77.3710
G01 X85.2364Y77.4722
G01 X85.2476Y77.4940
G01 X85.2977Y77.6006
G01 X85.3067Y77.6234
G01 X85.3461Y77.7344
G01 X85.3528Y77.7580
G01 X85.3811Y77.8723
G01 X85.3855Y77.8965
G01 X85.4025Y78.0130
G01 X85.4045Y78.0375
G01 X85.4099Y78.1551
G01 X85.4095Y78.1796
G01 X85.4034Y78.2972
G01 X85.4006Y78.3216
G01 X85.3830Y78.4381
G01 X85.3778Y78.4620
G01 X85.3489Y78.5762
G01 X85.3414Y78.5996
G01 X85.3015Y78.7103
G01 X85.2917Y78.7328
G01 X85.2411Y78.8392
G01 X85.2291Y78.8606
G01 X85.1683Y78.9615
G01 X85.1543Y78.9816
G01 X85.0839Y79.0760
G01 X85.0680Y79.0947
G01 X84.9887Y79.1818
G01 X84.9711Y79.1988
G01 X84.8836Y79.2777
G01 X84.8644Y79.2929
G01 X84.7696Y79.3629
G01 X84.7490Y79.3761
G01 X84.6478Y79.4364
G01 X84.6260Y79.4476
G01 X84.5194Y79.4977
G01 X84.4966Y79.5067
G01 X84.3856Y79.5461
G01 X84.3620Y79.5528
G01 X84.2477Y79.5811
G01 X84.2235Y79.5855
G01 X84.1070Y79.6025
G01 X84.0825Y79.6045
G01 X83.9649Y79.6099
G01 X83.9404Y79.6095
G01 X83.8228Y79.6034
G01 X83.7984Y79.6006
G01 X83.6819Y79.5830
G01 X83.6580Y79.5778
G01 X83.5438Y79.5489
G01 X83.5204Y79.5414
G01 X83.4097Y79.5014
G01 X83.3872Y79.4917
G01 X83.2808Y79.4410
G01 X83.2594Y79.4291
G01 X83.1585Y79.3683
G01 X83.1384Y79.3543
G01 X83.0440Y79.2839
G01 X83.0253Y79.2680
G01 X82.9382Y79.1887
G01 X82.9212Y79.1711
G01 X82.8423Y79.0836
G01 X82.8271Y79.0644
G01 X82.7572Y78.9696
G01 X82.7439Y78.9490
G01 X82.6836Y78.8478
G01 X82.6724Y78.8260
G01 X82.6223Y78.7194
G01 X82.6133Y78.6966
G01 X82.5739Y78.5856
G01 X82.5672Y78.5620
G01 X82.5389Y78.4477
G01 X82.5345Y78.4235
G01 X82.5175Y78.3070
G01 X82.5155Y78.2825
G01 X82.5101Y78.1698
G00 Z20.0000
G00 X82.6131Y77.6240
G01 Z20.0000
G01 X81.1130Y75.9689
G01 X79.2927Y73.5145
G00 Z20.0000
G00 X79.8074Y73.5378
G01 Z20.0000
G01 X81.4222Y75.7151
G01 X82.8232Y77.2608
G00 Z20.0000
G00 X83.1124Y76.9850
G01 Z20.0000
G01 X81.7314Y75.4613
G01 X80.2231Y73.4277
G00 Z20.0000
G00 X80.5694Y73.2239
G01 Z20.0000
G01 X82.0406Y75.2076
G01 X83.4782Y76.7937
G00 Z20.0000
G00 X83.9419Y76.7104
G01 Z20.0000
G01 X82.3498Y74.9538
G01 X80.8536Y72.9364
G00 Z20.0000
G00 X81.7677Y73.4982
G01 Z20.0000
G01 X82.6590Y74.7001
G01 X84.6294Y76.8741
G00 Z20.0000
G00 X85.2830Y78.7512
G01 Z20.0000
G01 X88.5002Y81.6672
G01 X89.5661Y82.4577
G00 Z20.0000
G00 X89.0759Y82.5915
G01 Z20.0000
G01 X88.2464Y81.9764
G01 X85.0676Y79.0952
G00 Z20.0000
G00 X84.7687Y79.3635
G01 Z20.0000
G01 X87.9927Y82.2856
G01 X88.7147Y82.8211
G00 Z20.0000
G00 X88.4455Y83.1188
G01 Z20.0000
G01 X88.0529Y82.8276
G00 Z20.0000
G00 X87.7232Y82.5805
G01 Z20.0000
G01 X84.3778Y79.5484
G00 Z20.0000
G00 X83.8704Y79.6061
G01 Z20.0000
G01 X83.9804Y79.7274
G01 X87.0003Y82.4645
G00 Z20.0000
G00 X84.6060Y82.4512
G01 Z20.0000
G01 X82.8490Y80.8588
G01 X80.3897Y78.1454
G00 Z20.0000
G00 X80.3046Y78.6464
G01 Z20.0000
G01 X82.5662Y81.1416
G01 X84.1342Y82.5628
G00 Z20.0000
G00 X83.7969Y82.7963
G01 Z20.0000
G01 X82.2833Y81.4245
G01 X80.1050Y79.0211
G00 Z20.0000
G00 X79.8252Y79.3072
G01 Z20.0000
G01 X82.0005Y81.7073
G01 X83.5627Y83.1233
G01 X83.2735Y83.4003
G01 X83.4442Y83.5550
G01 X83.3000Y83.9635
G01 X83.4400Y84.0904
G01 X83.2907Y84.4943
G01 X83.4839Y84.6694
G01 X83.1590Y84.9142
G01 X83.6435Y85.3532
G00 Z20.0000
G00 X83.3736Y85.6478
G01 Z20.0000
G01 X83.3515Y85.6278
G00 Z20.0000
G00 X81.1903Y85.2866
G01 Z20.0000
G01 X80.6672Y84.8125
G01 X80.9090Y84.4924
G01 X80.7599Y84.3573
G01 X80.9000Y83.9451
G01 X80.7600Y83.8182
G01 X80.9214Y83.4253
G01 X80.6720Y83.1992
G01 X81.0760Y83.0262
G01 X80.8691Y82.8387
G01 X77.4026Y79.0140
G01 X74.3276Y74.8679
G01 X73.1981Y72.9833
G00 Z20.0000
G00 X72.8989Y73.2614
G01 Z20.0000
G01 X73.9950Y75.0901
G01 X77.0934Y79.2677
G01 X80.0905Y82.5745
G00 Z20.0000
G00 X79.4436Y82.4557
G01 Z20.0000
G01 X76.7842Y79.5215
G01 X73.6624Y75.3123
G01 X72.5459Y73.4494
G00 Z20.0000
G00 X72.1366Y73.5437
G01 Z20.0000
G01 X73.3299Y75.5345
G01 X76.4750Y79.7752
G01 X79.0173Y82.5803
G00 Z20.0000
G00 X78.6947Y82.8193
G01 Z20.0000
G01 X76.1657Y80.0290
G01 X72.9973Y75.7568
G01 X71.6499Y73.5088
G00 Z20.0000
G00 X70.9764Y73.1623
G01 Z20.0000
G01 X72.6647Y75.9790
G01 X75.8565Y80.2827
G01 X78.4650Y83.1607
G00 Z20.0000
G00 X77.3060Y82.4769
G01 Z20.0000
G01 X75.5473Y80.5365
G01 X72.3321Y76.2012
G01 X69.5572Y71.5717
G01 X67.6483Y67.5356
G00 Z20.0000
G00 X67.5150Y68.1881
G01 Z20.0000
G01 X69.2045Y71.7602
G01 X71.9995Y76.4235
G01 X75.2381Y80.7903
G01 X76.7629Y82.4726
G00 Z20.0000
G00 X76.3449Y82.6062
G01 Z20.0000
G01 X74.9289Y81.0440
G01 X71.6669Y76.6457
G01 X68.8517Y71.9488
G01 X67.2551Y68.5731
G00 Z20.0000
G00 X66.9342Y68.8290
G01 Z20.0000
G01 X68.4989Y72.1374
G01 X71.3343Y76.8679
G01 X74.6197Y81.2978
G01 X76.0069Y82.8282
G01 X75.4019Y82.7557
G01 X74.3105Y81.5515
G01 X71.0017Y77.0901
G01 X68.1462Y72.3259
G01 X66.5647Y68.9821
G00 Z20.0000
G00 X66.1443Y69.0277
G01 Z20.0000
G01 X67.7934Y72.5145
G01 X70.6691Y77.3124
G01 X74.0013Y81.8053
G01 X74.5901Y82.4549
G00 Z20.0000
G00 X74.0924Y82.5006
G01 Z20.0000
G01 X73.6921Y82.0590
G01 X70.3366Y77.5346
G01 X67.4406Y72.7030
G01 X65.6526Y68.9226
G00 Z20.0000
G00 X64.7501Y67.5898
G01 Z20.0000
G01 X64.7504Y67.5628
G01 X64.7555Y67.4575
G01 X64.7594Y67.4184
G01 X64.7745Y67.3165
G01 X64.7789Y67.2923
G01 X64.8111Y67.1638
G01 X64.8186Y67.1404
G01 X64.8586Y67.0297
G01 X64.8683Y67.0072
G01 X64.9124Y66.9140
G01 X64.9309Y66.8794
G01 X64.9839Y66.7910
G01 X64.9972Y66.7704
G01 X65.0761Y66.6640
G01 X65.0920Y66.6453
G01 X65.1612Y66.5689
G01 X65.1889Y66.5412
G01 X65.2653Y66.4720
G01 X65.2840Y66.4561
G01 X65.3784Y66.3857
G01 X65.3985Y66.3717
G01 X65.5122Y66.3036
G01 X65.5340Y66.2924
G01 X65.6406Y66.2423
G01 X65.7017Y66.2196
G01 X65.6520Y66.1647
G01 X65.6361Y66.1460
G01 X65.5657Y66.0516
G01 X65.5464Y66.0232
G01 X65.4884Y65.9264
G01 X65.4724Y65.8960
G01 X65.4223Y65.7894
G01 X65.4133Y65.7666
G01 X65.3786Y65.6696
G01 X65.3711Y65.6462
G01 X65.3422Y65.5320
G01 X65.3370Y65.5081
G01 X65.3194Y65.3916
G01 X65.3155Y65.3525
G01 X65.3104Y65.2472
G01 X65.3101Y65.2251
G01 X65.3155Y65.1075
G01 X65.3187Y65.0733
G01 X65.3353Y64.9616
G01 X65.3422Y64.9280
G01 X65.3711Y64.8138
G01 X65.3786Y64.7904
G01 X65.4133Y64.6934
G01 X65.4223Y64.6706
G01 X65.4724Y64.5640
G01 X65.4836Y64.5422
G01 X65.5439Y64.4410
G01 X65.5657Y64.4084
G01 X65.6300Y64.3217
G01 X65.6520Y64.2953
G01 X65.7212Y64.2189
G01 X65.7382Y64.2013
G01 X65.8253Y64.1220
G01 X65.8556Y64.0971
G01 X65.9504Y64.0272
G01 X65.9710Y64.0139
G01 X66.0594Y63.9609
G01 X66.0808Y63.9490
G01 X66.1872Y63.8983
G01 X66.2097Y63.8886
G01 X66.3344Y63.8439
G01 X66.3580Y63.8372
G01 X66.4723Y63.8089
G01 X66.4965Y63.8045
G01 X66.5984Y63.7894
G01 X66.6375Y63.7855
G01 X66.7551Y63.7801
G01 X66.7796Y63.7805
G01 X66.8825Y63.7855
G01 X66.9216Y63.7894
G01 X67.0284Y63.8053
G01 X67.0620Y63.8122
G01 X67.1620Y63.8372
G01 X67.1856Y63.8439
G01 X67.2966Y63.8833
G01 X67.3194Y63.8923
G01 X67.4260Y63.9424
G01 X67.4478Y63.9536
G01 X67.5615Y64.0217
G01 X67.5816Y64.0357
G01 X67.6760Y64.1061
G01 X67.6947Y64.1220
G01 X67.7818Y64.2013
G01 X67.7988Y64.2189
G01 X67.8777Y64.3064
G01 X67.8929Y64.3256
G01 X67.9524Y64.4058
G01 X67.9971Y64.3456
G01 X68.0123Y64.3264
G01 X68.0945Y64.2353
G01 X68.1189Y64.2112
G01 X68.1953Y64.1420
G01 X68.2140Y64.1261
G01 X68.3084Y64.0557
G01 X68.3410Y64.0339
G01 X68.4294Y63.9809
G01 X68.4508Y63.9690
G01 X68.5616Y63.9163
G01 X68.5934Y63.9033
G01 X68.6904Y63.8686
G01 X68.7280Y63.8572
G01 X68.8280Y63.8322
G01 X68.8519Y63.8270
G01 X68.9684Y63.8094
G01 X69.0075Y63.8055
G01 X69.1104Y63.8005
G01 X69.1349Y63.8001
G01 X69.2525Y63.8055
G01 X69.2916Y63.8094
G01 X69.3984Y63.8253
G01 X69.4320Y63.8322
G01 X69.5462Y63.8611
G01 X69.5696Y63.8686
G01 X69.6666Y63.9033
G01 X69.7028Y63.9183
G01 X69.8092Y63.9690
G01 X69.8306Y63.9809
G01 X69.9190Y64.0339
G01 X69.9396Y64.0472
G01 X70.0344Y64.1171
G01 X70.0647Y64.1420
G01 X70.1411Y64.2112
G01 X70.1587Y64.2282
G01 X70.2380Y64.3153
G01 X70.2629Y64.3456
G01 X70.3329Y64.4404
G01 X70.3461Y64.4610
G01 X70.3991Y64.5494
G01 X70.4110Y64.5708
G01 X70.4617Y64.6772
G01 X70.4714Y64.6997
G01 X70.5114Y64.8104
G01 X70.5189Y64.8338
G01 X70.5511Y64.9623
G01 X70.5555Y64.9865
G01 X70.5725Y65.1030
G01 X70.5745Y65.1275
G01 X70.5799Y65.2451
G01 X70.5795Y65.2696
G01 X70.5734Y65.3872
G01 X70.5706Y65.4116
G01 X70.5530Y65.5281
G01 X70.5478Y65.5520
G01 X70.5228Y65.6520
G01 X70.5114Y65.6896
G01 X70.4714Y65.8003
G01 X70.4617Y65.8228
G01 X70.4176Y65.9160
G01 X70.4016Y65.9464
G01 X70.3461Y66.0390
G01 X70.3243Y66.0716
G01 X70.2629Y66.1544
G01 X70.2477Y66.1736
G01 X70.1688Y66.2611
G01 X70.1518Y66.2787
G01 X70.0647Y66.3580
G01 X70.0460Y66.3739
G01 X69.9516Y66.4443
G01 X69.9315Y66.4583
G01 X69.8306Y66.5191
G01 X69.8092Y66.5310
G01 X69.7028Y66.5817
G01 X69.6803Y66.5914
G01 X69.5696Y66.6314
G01 X69.5462Y66.6389
G01 X69.4177Y66.6711
G01 X69.3935Y66.6755
G01 X69.2770Y66.6925
G01 X69.2525Y66.6945
G01 X69.1349Y66.6999
G01 X69.1104Y66.6995
G01 X68.9928Y66.6934
G01 X68.9684Y66.6906
G01 X68.8519Y66.6730
G01 X68.8280Y66.6678
G01 X68.7138Y66.6389
G01 X68.6904Y66.6314
G01 X68.5797Y66.5914
G01 X68.5572Y66.5817
G01 X68.4508Y66.5310
G01 X68.4294Y66.5191
G01 X68.3285Y66.4583
G01 X68.3084Y66.4443
G01 X68.2140Y66.3739
G01 X68.1953Y66.3580
G01 X68.1082Y66.2787
G01 X68.0912Y66.2611
G01 X68.0123Y66.1736
G01 X67.9971Y66.1544
G01 X67.9376Y66.0742
G01 X67.8929Y66.1344
G01 X67.8777Y66.1536
G01 X67.7955Y66.2447
G01 X67.7711Y66.2688
G01 X67.6947Y66.3380
G01 X67.6644Y66.3629
G01 X67.5816Y66.4243
G01 X67.5615Y66.4383
G01 X67.4478Y66.5064
G01 X67.4260Y66.5176
G01 X67.3194Y66.5677
G01 X67.2583Y66.5904
G01 X67.3080Y66.6453
G01 X67.3239Y66.6640
G01 X67.3943Y66.7584
G01 X67.4136Y66.7868
G01 X67.4716Y66.8836
G01 X67.4876Y66.9140
G01 X67.5377Y67.0206
G01 X67.5467Y67.0434
G01 X67.5814Y67.1404
G01 X67.5889Y67.1638
G01 X67.6178Y67.2780
G01 X67.6230Y67.3019
G01 X67.6406Y67.4184
G01 X67.6445Y67.4575
G01 X67.6495Y67.5604
G01 X67.6499Y67.5849
G01 X67.6445Y67.7025
G01 X67.6413Y67.7367
G01 X67.6247Y67.8484
G01 X67.6178Y67.8820
G01 X67.5889Y67.9962
G01 X67.5814Y68.0196
G01 X67.5467Y68.1166
G01 X67.5377Y68.1394
G01 X67.4876Y68.2460
G01 X67.4764Y68.2678
G01 X67.4161Y68.3690
G01 X67.3943Y68.4016
G01 X67.3300Y68.4883
G01 X67.3080Y68.5147
G01 X67.2388Y68.5911
G01 X67.2218Y68.6087
G01 X67.1347Y68.6880
G01 X67.1044Y68.7129
G01 X67.0096Y68.7828
G01 X66.9890Y68.7961
G01 X66.9006Y68.8491
G01 X66.8792Y68.8610
G01 X66.7728Y68.9117
G01 X66.7366Y68.9267
G01 X66.6396Y68.9614
G01 X66.6162Y68.9689
G01 X66.5020Y68.9978
G01 X66.4635Y69.0055
G01 X66.3470Y69.0225
G01 X66.3225Y69.0245
G01 X66.2196Y69.0295
G01 X66.1951Y69.0299
G01 X66.0775Y69.0245
G01 X66.0384Y69.0206
G01 X65.9219Y69.0030
G01 X65.8980Y68.9978
G01 X65.7980Y68.9728
G01 X65.7604Y68.9614
G01 X65.6497Y68.9214
G01 X65.6272Y68.9117
G01 X65.5340Y68.8676
G01 X65.4994Y68.8491
G01 X65.3985Y68.7883
G01 X65.3784Y68.7743
G01 X65.2956Y68.7129
G01 X65.2653Y68.6880
G01 X65.1889Y68.6188
G01 X65.1713Y68.6018
G01 X65.0920Y68.5147
G01 X65.0671Y68.4844
G01 X65.0057Y68.4016
G01 X64.9917Y68.3815
G01 X64.9309Y68.2806
G01 X64.9124Y68.2460
G01 X64.8683Y68.1528
G01 X64.8586Y68.1303
G01 X64.8186Y68.0196
G01 X64.8072Y67.9820
G01 X64.7822Y67.8820
G01 X64.7770Y67.8581
G01 X64.7594Y67.7416
G01 X64.7555Y67.7025
G01 X64.7501Y67.5898
G00 Z20.0000
G00 X64.8412Y67.0771
G01 Z20.0000
G01 X63.1345Y62.3072
G01 X63.1123Y62.2184
G00 Z20.0000
G00 X63.5814Y62.3702
G01 Z20.0000
G01 X65.1056Y66.6302
G00 Z20.0000
G00 X65.4305Y66.3522
G01 Z20.0000
G01 X64.0084Y62.3776
G00 Z20.0000
G00 X64.3971Y62.2782
G01 Z20.0000
G01 X65.3434Y64.9229
G00 Z20.0000
G00 X65.5778Y64.3920
G01 Z20.0000
G01 X64.7499Y62.0783
G00 Z20.0000
G00 X65.0621Y61.7649
G01 Z20.0000
G01 X65.8880Y64.0730
G00 Z20.0000
G00 X66.2420Y63.8767
G01 Z20.0000
G01 X65.4312Y61.6105
G01 X65.3273Y61.1958
G00 Z20.0000
G00 X65.3700Y59.7220
G01 Z20.0000
G01 X65.8140Y61.4944
G01 X66.6338Y63.7858
G00 Z20.0000
G00 X67.0682Y63.8137
G01 Z20.0000
G01 X66.1967Y61.3783
G01 X64.9044Y56.2188
G01 X64.1239Y50.9574
G01 X63.8744Y45.8778
G00 Z20.0000
G00 X64.2712Y45.8128
G01 Z20.0000
G01 X64.5220Y50.9182
G01 X65.2967Y56.1407
G01 X66.5795Y61.2622
G01 X67.5686Y64.0265
G01 X68.0752Y64.2565
G01 X66.9623Y61.1461
G01 X65.6890Y56.0627
G01 X64.9201Y50.8790
G01 X64.6629Y45.6449
G01 X64.6637Y45.6298
G00 Z20.0000
G00 X65.0835Y45.2260
G01 Z20.0000
G01 X65.0629Y45.6449
G01 X65.3181Y50.8398
G01 X66.0813Y55.9847
G01 X67.3451Y61.0300
G01 X68.4060Y63.9949
G00 Z20.0000
G00 X68.7766Y63.8450
G01 Z20.0000
G01 X67.7279Y60.9138
G01 X66.4736Y55.9066
G01 X65.7162Y50.8006
G01 X65.4629Y45.6449
G01 X65.6280Y42.2835
G01 X65.2222Y42.4027
G01 X65.2680Y41.4707
G00 Z20.0000
G00 X65.2601Y41.3298
G01 Z20.0000
G01 X65.2605Y41.3004
G01 X65.2655Y41.1975
G01 X65.2675Y41.1730
G01 X65.2845Y41.0565
G01 X65.2922Y41.0180
G01 X65.3211Y40.9038
G01 X65.3286Y40.8804
G01 X65.3633Y40.7834
G01 X65.3783Y40.7472
G01 X65.4290Y40.6408
G01 X65.4409Y40.6194
G01 X65.4939Y40.5310
G01 X65.5071Y40.5104
G01 X65.5771Y40.4156
G01 X65.6020Y40.3853
G01 X65.6712Y40.3089
G01 X65.6882Y40.2913
G01 X65.7753Y40.2120
G01 X65.8056Y40.1871
G01 X65.9004Y40.1171
G01 X65.9210Y40.1039
G01 X66.0094Y40.0509
G01 X66.0308Y40.0390
G01 X66.1372Y39.9883
G01 X66.1734Y39.9733
G01 X66.2844Y39.9339
G01 X66.3080Y39.9272
G01 X66.4080Y39.9022
G01 X66.4465Y39.8945
G01 X66.5630Y39.8775
G01 X66.5875Y39.8755
G01 X66.6904Y39.8705
G01 X66.7149Y39.8701
G01 X66.8325Y39.8755
G01 X66.8716Y39.8794
G01 X66.9881Y39.8970
G01 X67.0120Y39.9022
G01 X67.1120Y39.9272
G01 X67.1496Y39.9386
G01 X67.2603Y39.9786
G01 X67.2828Y39.9883
G01 X67.3892Y40.0390
G01 X67.4106Y40.0509
G01 X67.5115Y40.1117
G01 X67.5316Y40.1257
G01 X67.6260Y40.1961
G01 X67.6447Y40.2120
G01 X67.7318Y40.2913
G01 X67.7488Y40.3089
G01 X67.8277Y40.3964
G01 X67.8429Y40.4156
G01 X67.9129Y40.5104
G01 X67.9261Y40.5310
G01 X67.9864Y40.6322
G01 X67.9976Y40.6540
G01 X68.0477Y40.7606
G01 X68.0567Y40.7834
G01 X68.0961Y40.8944
G01 X68.1028Y40.9180
G01 X68.1311Y41.0323
G01 X68.1355Y41.0565
G01 X68.1525Y41.1730
G01 X68.1545Y41.1975
G01 X68.1599Y41.3151
G01 X68.1595Y41.3396
G01 X68.1534Y41.4572
G01 X68.1506Y41.4816
G01 X68.1330Y41.5981
G01 X68.1278Y41.6220
G01 X68.0989Y41.7362
G01 X68.0914Y41.7596
G01 X68.0496Y41.8747
G01 X68.0912Y41.8289
G01 X68.1082Y41.8113
G01 X68.1989Y41.7287
G01 X68.2256Y41.7071
G01 X68.3124Y41.6428
G01 X68.3410Y41.6239
G01 X68.4422Y41.5636
G01 X68.4640Y41.5524
G01 X68.5616Y41.5063
G01 X68.5934Y41.4933
G01 X68.7044Y41.4539
G01 X68.7280Y41.4472
G01 X68.8423Y41.4189
G01 X68.8665Y41.4145
G01 X68.9830Y41.3975
G01 X69.0075Y41.3955
G01 X69.1251Y41.3901
G01 X69.1496Y41.3905
G01 X69.2672Y41.3966
G01 X69.2916Y41.3994
G01 X69.4081Y41.4170
G01 X69.4320Y41.4222
G01 X69.5462Y41.4511
G01 X69.5696Y41.4586
G01 X69.6666Y41.4933
G01 X69.6894Y41.5023
G01 X69.7960Y41.5524
G01 X69.8178Y41.5636
G01 X69.9190Y41.6239
G01 X69.9396Y41.6371
G01 X70.0344Y41.7071
G01 X70.0536Y41.7223
G01 X70.1411Y41.8012
G01 X70.1655Y41.8253
G01 X70.2477Y41.9164
G01 X70.2629Y41.9356
G01 X70.3243Y42.0184
G01 X70.3461Y42.0510
G01 X70.3991Y42.1394
G01 X70.4110Y42.1608
G01 X70.4677Y42.2806
G01 X70.4767Y42.3034
G01 X70.5114Y42.4004
G01 X70.5228Y42.4380
G01 X70.5478Y42.5380
G01 X70.5530Y42.5619
G01 X70.5725Y42.6930
G01 X70.5745Y42.7175
G01 X70.5795Y42.8204
G01 X70.5795Y42.8596
G01 X70.5745Y42.9625
G01 X70.5725Y42.9870
G01 X70.5530Y43.1181
G01 X70.5478Y43.1420
G01 X70.5228Y43.2420
G01 X70.5114Y43.2796
G01 X70.4714Y43.3903
G01 X70.4617Y43.4128
G01 X70.4110Y43.5192
G01 X70.3991Y43.5406
G01 X70.3383Y43.6415
G01 X70.3243Y43.6616
G01 X70.2539Y43.7560
G01 X70.2380Y43.7747
G01 X70.1587Y43.8618
G01 X70.1411Y43.8788
G01 X70.0536Y43.9577
G01 X70.0344Y43.9729
G01 X69.9396Y44.0429
G01 X69.9190Y44.0561
G01 X69.8178Y44.1164
G01 X69.7960Y44.1276
G01 X69.6894Y44.1777
G01 X69.6666Y44.1867
G01 X69.5556Y44.2261
G01 X69.5320Y44.2328
G01 X69.4177Y44.2611
G01 X69.3935Y44.2655
G01 X69.2770Y44.2825
G01 X69.2525Y44.2845
G01 X69.1349Y44.2899
G01 X69.1104Y44.2895
G01 X68.9928Y44.2834
G01 X68.9684Y44.2806
G01 X68.8519Y44.2630
G01 X68.8280Y44.2578
G01 X68.7138Y44.2289
G01 X68.6904Y44.2214
G01 X68.5797Y44.1814
G01 X68.5572Y44.1717
G01 X68.4508Y44.1210
G01 X68.4294Y44.1091
G01 X68.3285Y44.0483
G01 X68.3084Y44.0343
G01 X68.2140Y43.9639
G01 X68.1953Y43.9480
G01 X68.1082Y43.8687
G01 X68.0912Y43.8511
G01 X68.0123Y43.7636
G01 X67.9971Y43.7444
G01 X67.9271Y43.6496
G01 X67.9139Y43.6290
G01 X67.8536Y43.5278
G01 X67.8424Y43.5060
G01 X67.7923Y43.3994
G01 X67.7833Y43.3766
G01 X67.7439Y43.2656
G01 X67.7372Y43.2420
G01 X67.7089Y43.1277
G01 X67.7045Y43.1035
G01 X67.6875Y42.9870
G01 X67.6855Y42.9625
G01 X67.6801Y42.8449
G01 X67.6805Y42.8204
G01 X67.6866Y42.7028
G01 X67.6894Y42.6784
G01 X67.7070Y42.5619
G01 X67.7122Y42.5380
G01 X67.7411Y42.4238
G01 X67.7486Y42.4004
G01 X67.7904Y42.2853
G01 X67.7488Y42.3311
G01 X67.7318Y42.3487
G01 X67.6447Y42.4280
G01 X67.6260Y42.4439
G01 X67.5196Y42.5229
G01 X67.4990Y42.5361
G01 X67.4064Y42.5916
G01 X67.3760Y42.6076
G01 X67.2828Y42.6517
G01 X67.2466Y42.6667
G01 X67.1496Y42.7014
G01 X67.1262Y42.7089
G01 X67.0073Y42.7390
G01 X66.9735Y42.7455
G01 X66.8716Y42.7606
G01 X66.8325Y42.7645
G01 X66.7296Y42.7695
G01 X66.7051Y42.7699
G01 X66.5728Y42.7634
G01 X66.5484Y42.7606
G01 X66.4465Y42.7455
G01 X66.4080Y42.7378
G01 X66.3080Y42.7128
G01 X66.2844Y42.7061
G01 X66.1688Y42.6650
G01 X66.1372Y42.6517
G01 X66.0440Y42.6076
G01 X66.0094Y42.5891
G01 X65.9210Y42.5361
G01 X65.9004Y42.5229
G01 X65.7940Y42.4439
G01 X65.7753Y42.4280
G01 X65.6989Y42.3588
G01 X65.6712Y42.3311
G01 X65.6020Y42.2547
G01 X65.5861Y42.2360
G01 X65.5071Y42.1296
G01 X65.4939Y42.1090
G01 X65.4409Y42.0206
G01 X65.4224Y41.9860
G01 X65.3783Y41.8928
G01 X65.3686Y41.8703
G01 X65.3239Y41.7456
G01 X65.3172Y41.7220
G01 X65.2922Y41.6220
G01 X65.2845Y41.5835
G01 X65.2694Y41.4816
G01 X65.2666Y41.4572
G01 X65.2601Y41.3298
G00 Z20.0000
G00 X65.2897Y41.0287
G01 Z20.0000
G01 X65.3181Y40.4500
G01 X66.0813Y35.3051
G01 X66.0875Y35.2805
G00 Z20.0000
G00 X66.0601Y35.0098
G01 Z20.0000
G01 X66.0605Y34.9804
G01 X66.0666Y34.8628
G01 X66.0694Y34.8384
G01 X66.0870Y34.7219
G01 X66.0922Y34.6980
G01 X66.1211Y34.5838
G01 X66.1286Y34.5604
G01 X66.1686Y34.4497
G01 X66.1783Y34.4272
G01 X66.2290Y34.3208
G01 X66.2409Y34.2994
G01 X66.3017Y34.1985
G01 X66.3157Y34.1784
G01 X66.3861Y34.0840
G01 X66.4020Y34.0653
G01 X66.4813Y33.9782
G01 X66.4989Y33.9612
G01 X66.5864Y33.8823
G01 X66.6056Y33.8671
G01 X66.7004Y33.7971
G01 X66.7210Y33.7839
G01 X66.8222Y33.7236
G01 X66.8440Y33.7124
G01 X66.9506Y33.6623
G01 X66.9734Y33.6533
G01 X67.0844Y33.6139
G01 X67.1080Y33.6072
G01 X67.2223Y33.5789
G01 X67.2465Y33.5745
G01 X67.3630Y33.5575
G01 X67.3875Y33.5555
G01 X67.5051Y33.5501
G01 X67.5296Y33.5505
G01 X67.6472Y33.5566
G01 X67.6716Y33.5594
G01 X67.7881Y33.5770
G01 X67.8120Y33.5822
G01 X67.9262Y33.6111
G01 X67.9496Y33.6186
G01 X68.0603Y33.6586
G01 X68.0828Y33.6683
G01 X68.1892Y33.7190
G01 X68.2106Y33.7309
G01 X68.3115Y33.7917
G01 X68.3316Y33.8057
G01 X68.4260Y33.8761
G01 X68.4447Y33.8920
G01 X68.5318Y33.9713
G01 X68.5488Y33.9889
G01 X68.6277Y34.0764
G01 X68.6429Y34.0956
G01 X68.7129Y34.1904
G01 X68.7261Y34.2110
G01 X68.7864Y34.3122
G01 X68.7976Y34.3340
G01 X68.8477Y34.4406
G01 X68.8567Y34.4634
G01 X68.8961Y34.5744
G01 X68.9028Y34.5980
G01 X68.9311Y34.7123
G01 X68.9355Y34.7365
G01 X68.9525Y34.8530
G01 X68.9545Y34.8775
G01 X68.9599Y34.9951
G01 X68.9595Y35.0196
G01 X68.9534Y35.1372
G01 X68.9506Y35.1616
G01 X68.9330Y35.2781
G01 X68.9278Y35.3020
G01 X68.8989Y35.4162
G01 X68.8914Y35.4396
G01 X68.8514Y35.5503
G01 X68.8417Y35.5728
G01 X68.7910Y35.6792
G01 X68.7791Y35.7006
G01 X68.7183Y35.8015
G01 X68.7043Y35.8216
G01 X68.6339Y35.9160
G01 X68.6180Y35.9347
G01 X68.5387Y36.0218
G01 X68.5211Y36.0388
G01 X68.4336Y36.1177
G01 X68.4144Y36.1329
G01 X68.3196Y36.2029
G01 X68.2990Y36.2161
G01 X68.1978Y36.2764
G01 X68.1760Y36.2876
G01 X68.0694Y36.3377
G01 X68.0466Y36.3467
G01 X67.9356Y36.3861
G01 X67.9120Y36.3928
G01 X67.7977Y36.4211
G01 X67.7735Y36.4255
G01 X67.6570Y36.4425
G01 X67.6325Y36.4445
G01 X67.5149Y36.4499
G01 X67.4904Y36.4495
G01 X67.3728Y36.4434
G01 X67.3484Y36.4406
G01 X67.2319Y36.4230
G01 X67.2080Y36.4178
G01 X67.0938Y36.3889
G01 X67.0704Y36.3814
G01 X66.9597Y36.3414
G01 X66.9372Y36.3317
G01 X66.8308Y36.2810
G01 X66.8094Y36.2691
G01 X66.7085Y36.2083
G01 X66.6884Y36.1943
G01 X66.5940Y36.1239
G01 X66.5753Y36.1080
G01 X66.4882Y36.0287
G01 X66.4712Y36.0111
G01 X66.3923Y35.9236
G01 X66.3771Y35.9044
G01 X66.3071Y35.8096
G01 X66.2939Y35.7890
G01 X66.2336Y35.6878
G01 X66.2224Y35.6660
G01 X66.1723Y35.5594
G01 X66.1633Y35.5366
G01 X66.1239Y35.4256
G01 X66.1172Y35.4020
G01 X66.0889Y35.2877
G01 X66.0845Y35.2635
G01 X66.0675Y35.1470
G01 X66.0655Y35.1225
G01 X66.0601Y35.0098
G00 Z20.0000
G00 X66.3933Y35.9248
G01 Z20.0000
G01 X65.7545Y40.2308
G00 Z20.0000
G00 X66.1979Y39.9645
G01 Z20.0000
G01 X66.7512Y36.2343
G00 Z20.0000
G00 X67.1308Y36.3985
G01 Z20.0000
G01 X66.6152Y39.8742
G00 Z20.0000
G00 X67.0148Y39.9029
G01 Z20.0000
G01 X67.5271Y36.4496
G00 Z20.0000
G00 X67.9406Y36.3844
G01 Z20.0000
G01 X67.3979Y40.0436
G00 Z20.0000
G00 X67.7605Y40.3218
G01 Z20.0000
G01 X68.3778Y36.1601
G00 Z20.0000
G00 X68.7964Y34.3314
G01 Z20.0000
G01 X69.6417Y30.9565
G01 X71.2663Y26.4161
G00 Z20.0000
G00 X70.7395Y26.7026
G01 Z20.0000
G01 X69.2590Y30.8403
G01 X68.4853Y33.9288
G00 Z20.0000
G00 X68.1328Y33.6920
G01 Z20.0000
G01 X68.8762Y30.7242
G01 X70.2982Y26.7500
G01 X69.8739Y26.7500
G01 X68.4934Y30.6081
G01 X67.7512Y33.5712
G00 Z20.0000
G00 X67.3421Y33.5603
G01 Z20.0000
G01 X68.1106Y30.4920
G01 X69.4495Y26.7500
G01 X69.0252Y26.7500
G01 X67.7279Y30.3759
G01 X66.8986Y33.6866
G00 Z20.0000
G00 X66.3877Y34.0820
G01 Z20.0000
G01 X67.3451Y30.2598
G01 X68.6009Y26.7500
G00 Z20.0000
G00 X68.1993Y26.6865
G01 Z20.0000
G01 X66.9623Y30.1437
G01 X65.6890Y35.2270
G01 X64.9201Y40.4107
G01 X64.8469Y41.9007
G00 Z20.0000
G00 X64.4592Y41.6492
G01 Z20.0000
G01 X64.5220Y40.3715
G01 X65.2967Y35.1490
G01 X66.5795Y30.0275
G01 X67.8401Y26.5046
G00 Z20.0000
G00 X67.5297Y26.1861
G01 Z20.0000
G01 X66.1967Y29.9114
G01 X64.9044Y35.0710
G01 X64.1239Y40.3323
G01 X64.0650Y41.5308
G00 Z20.0000
G00 X63.6657Y41.5178
G01 Z20.0000
G01 X63.7258Y40.2931
G01 X64.5120Y34.9929
G01 X65.8140Y29.7953
G01 X67.3114Y25.6103
G00 Z20.0000
G00 X67.3000Y24.4906
G01 Z20.0000
G01 X67.2495Y24.5973
G01 X65.4312Y29.6792
G01 X64.1197Y34.9149
G01 X63.3278Y40.2539
G01 X63.2609Y41.6153
G00 Z20.0000
G00 X62.8492Y41.8520
G01 Z20.0000
G01 X62.9297Y40.2147
G01 X63.7274Y34.8369
G01 X65.0484Y29.5631
G01 X66.8800Y24.4442
G01 X67.3000Y23.5562
G01 X67.3000Y22.6217
G01 X66.5104Y24.2911
G01 X64.6656Y29.4470
G01 X63.3351Y34.7588
G01 X62.5316Y40.1755
G01 X62.4403Y42.0342
G00 Z20.0000
G00 X62.0558Y41.7195
G01 Z20.0000
G01 X62.1335Y40.1363
G01 X62.9428Y34.6808
G01 X64.2829Y29.3309
G01 X66.1409Y24.1381
G01 X68.4989Y19.1524
G01 X68.7401Y18.7500
G00 Z20.0000
G00 X68.2974Y18.7114
G01 Z20.0000
G01 X68.1462Y18.9638
G01 X65.7713Y23.9850
G01 X63.9001Y29.2148
G01 X62.5505Y34.6028
G01 X61.7355Y40.0971
G01 X61.6636Y41.5596
G00 Z20.0000
G00 X61.2660Y41.5103
G01 Z20.0000
G01 X61.3374Y40.0579
G01 X62.1582Y34.5247
G01 X63.5173Y29.0986
G01 X65.4018Y23.8319
G01 X67.7934Y18.7752
G01 X67.9241Y18.5572
G00 Z20.0000
G00 X67.6156Y18.2948
G01 Z20.0000
G01 X67.4406Y18.5867
G01 X65.0322Y23.6788
G01 X63.1345Y28.9825
G01 X61.7658Y34.4467
G01 X60.9393Y40.0187
G01 X60.8632Y41.5679
G00 Z20.0000
G00 X60.4543Y41.7494
G01 Z20.0000
G01 X60.5412Y39.9795
G01 X61.3735Y34.3686
G01 X62.7518Y28.8664
G01 X64.6627Y23.5258
G01 X67.0879Y18.3981
G01 X67.3840Y17.9041
G00 Z20.0000
G00 X67.3000Y17.2671
G01 Z20.0000
G01 X66.7351Y18.2096
G01 X64.2931Y23.3727
G01 X62.3690Y28.7503
G01 X60.9812Y34.2906
G01 X60.1432Y39.9403
G01 X60.0352Y42.1388
G00 Z20.0000
G00 X59.6514Y41.8079
G01 Z20.0000
G01 X59.7451Y39.9011
G01 X60.5889Y34.2126
G01 X61.9862Y28.6342
G01 X63.9236Y23.2196
G01 X66.1505Y18.5111
G00 Z20.0000
G00 X65.6032Y18.7339
G01 Z20.0000
G01 X63.5540Y23.0665
G01 X61.6034Y28.5181
G01 X60.1966Y34.1345
G01 X59.3470Y39.8619
G01 X59.2615Y41.6018
G00 Z20.0000
G00 X58.8658Y41.5157
G01 Z20.0000
G01 X58.9489Y39.8226
G01 X59.8043Y34.0565
G01 X61.2207Y28.4020
G01 X63.1845Y22.9135
G01 X65.1536Y18.7500
G01 X64.7117Y18.7500
G01 X62.8149Y22.7604
G01 X60.8379Y28.2858
G01 X59.4120Y33.9785
G01 X58.5509Y39.7834
G01 X58.4648Y41.5353
G00 Z20.0000
G00 X58.0582Y41.6694
G01 Z20.0000
G01 X58.1528Y39.7442
G01 X59.0196Y33.9004
G01 X60.4551Y28.1697
G01 X62.4454Y22.6073
G01 X64.2697Y18.7500
G01 X63.8278Y18.7500
G01 X62.0758Y22.4542
G01 X60.0723Y28.0536
G01 X58.6273Y33.8224
G01 X57.7547Y39.7050
G01 X57.6437Y41.9643
G01 X57.2460Y41.9180
G01 X57.3566Y39.6658
G01 X58.2350Y33.7444
G01 X59.6896Y27.9375
G01 X61.7063Y22.3012
G01 X63.3937Y18.7334
G00 Z20.0000
G00 X63.0108Y18.6086
G01 Z20.0000
G01 X61.3367Y22.1481
G01 X59.3068Y27.8214
G01 X57.8427Y33.6663
G01 X56.9586Y39.6266
G01 X56.8588Y41.6585
G00 Z20.0000
G00 X56.4649Y41.5337
G01 Z20.0000
G01 X56.5605Y39.5874
G01 X57.4504Y33.5883
G01 X58.9240Y27.7053
G01 X60.9672Y21.9950
G01 X62.6817Y18.3700
G00 Z20.0000
G00 X62.4195Y17.9899
G01 Z20.0000
G01 X60.5976Y21.8420
G01 X58.5412Y27.5892
G01 X57.0581Y33.5102
G01 X56.1624Y39.5482
G01 X56.0657Y41.5161
G00 Z20.0000
G00 X55.6612Y41.6080
G01 Z20.0000
G01 X55.7644Y39.5090
G01 X56.6658Y33.4322
G01 X58.1585Y27.4730
G01 X60.2281Y21.6889
G01 X62.3000Y17.3081
G01 X62.3000Y16.3737
G01 X59.8585Y21.5358
G01 X57.7757Y27.3569
G01 X56.2734Y33.3542
G01 X56.0903Y34.5888
G00 Z20.0000
G00 X55.7703Y34.0236
G01 Z20.0000
G01 X55.8811Y33.2761
G01 X57.3929Y27.2408
G01 X59.4890Y21.3827
G01 X62.1491Y15.7583
G01 X62.3000Y15.5066
G01 X62.3000Y14.7294
G01 X61.7963Y15.5698
G01 X59.1194Y21.2297
G01 X57.0101Y27.1247
G01 X55.4888Y33.1981
G01 X55.4090Y33.7359
G00 Z20.0000
G00 X55.0270Y33.5884
G01 Z20.0000
G01 X55.0965Y33.1201
G01 X56.6273Y27.0086
G01 X58.7498Y21.0766
G01 X61.4436Y15.3812
G01 X64.6826Y9.9773
G01 X68.4356Y4.9168
G01 X72.6667Y0.2486
G01 X75.0925Y-1.9500
G01 X74.4975Y-1.9500
G01 X72.3838Y-0.0342
G01 X68.1264Y4.6631
G01 X64.3500Y9.7550
G01 X61.0908Y15.1926
G01 X58.3803Y20.9235
G01 X56.2446Y26.8925
G01 X54.7042Y33.0420
G01 X54.6284Y33.5530
G00 Z20.0000
G00 X54.2122Y33.6359
G01 Z20.0000
G01 X54.3119Y32.9640
G01 X55.8618Y26.7764
G01 X58.0107Y20.7704
G01 X60.7380Y15.0041
G01 X61.7546Y13.3080
G00 Z20.0000
G00 X61.8922Y13.0785
G01 Z20.0000
G01 X64.0174Y9.5328
G01 X67.8172Y4.4093
G01 X72.1010Y-0.3171
G01 X73.9026Y-1.9500
G01 X73.3077Y-1.9500
G01 X71.8181Y-0.5999
G01 X67.5080Y4.1555
G01 X63.6848Y9.3106
G01 X62.0187Y12.0904
G00 Z20.0000
G00 X61.8364Y11.6174
G01 Z20.0000
G01 X63.3522Y9.0883
G01 X67.1988Y3.9018
G01 X71.5353Y-0.8828
G01 X72.7128Y-1.9500
G01 X72.1179Y-1.9500
G01 X71.2524Y-1.1656
G01 X66.8896Y3.6480
G01 X63.0196Y8.8661
G01 X61.5719Y11.2815
G00 Z20.0000
G00 X61.2489Y11.0434
G01 Z20.0000
G01 X62.6870Y8.6439
G01 X66.5804Y3.3943
G01 X70.9696Y-1.4484
G01 X71.5230Y-1.9500
G01 X70.9281Y-1.9500
G01 X70.6868Y-1.7313
G01 X66.2712Y3.1405
G01 X62.3545Y8.4217
G01 X60.8711Y10.8965
G00 Z20.0000
G00 X60.4314Y10.8529
G01 Z20.0000
G01 X62.0219Y8.1994
G01 X65.9620Y2.8868
G01 X70.3458Y-1.9500
G01 X69.8066Y-1.9500
G01 X65.6528Y2.6330
G01 X61.6893Y7.9772
G01 X59.8930Y10.9740
G00 Z20.0000
G00 X58.9501Y12.4098
G01 Z20.0000
G01 X58.9505Y12.3804
G01 X58.9570Y12.2530
G01 X58.9599Y12.2286
G01 X58.9789Y12.1024
G01 X58.9841Y12.0785
G01 X59.0154Y11.9548
G01 X59.0229Y11.9314
G01 X59.0662Y11.8114
G01 X59.0759Y11.7889
G01 X59.1308Y11.6737
G01 X59.1427Y11.6523
G01 X59.2085Y11.5430
G01 X59.2225Y11.5228
G01 X59.2988Y11.4205
G01 X59.3147Y11.4018
G01 X59.4006Y11.3075
G01 X59.4182Y11.2904
G01 X59.5129Y11.2050
G01 X59.5322Y11.1898
G01 X59.6348Y11.1140
G01 X59.6555Y11.1007
G01 X59.7650Y11.0354
G01 X59.7869Y11.0242
G01 X59.9023Y10.9699
G01 X59.9252Y10.9609
G01 X60.0454Y10.9182
G01 X60.0690Y10.9115
G01 X60.1928Y10.8808
G01 X60.2170Y10.8764
G01 X60.3432Y10.8580
G01 X60.3677Y10.8560
G01 X60.4951Y10.8501
G01 X60.5196Y10.8505
G01 X60.6470Y10.8570
G01 X60.6714Y10.8599
G01 X60.7976Y10.8789
G01 X60.8215Y10.8841
G01 X60.9452Y10.9154
G01 X60.9686Y10.9229
G01 X61.0886Y10.9662
G01 X61.1111Y10.9759
G01 X61.2263Y11.0308
G01 X61.2477Y11.0427
G01 X61.3570Y11.1085
G01 X61.3772Y11.1225
G01 X61.4795Y11.1988
G01 X61.4982Y11.2147
G01 X61.5925Y11.3006
G01 X61.6096Y11.3182
G01 X61.6950Y11.4129
G01 X61.7102Y11.4322
G01 X61.7860Y11.5348
G01 X61.7993Y11.5555
G01 X61.8646Y11.6650
G01 X61.8758Y11.6869
G01 X61.9301Y11.8023
G01 X61.9391Y11.8252
G01 X61.9818Y11.9454
G01 X61.9885Y11.9690
G01 X62.0192Y12.0928
G01 X62.0236Y12.1170
G01 X62.0420Y12.2432
G01 X62.0440Y12.2677
G01 X62.0499Y12.3951
G01 X62.0495Y12.4196
G01 X62.0430Y12.5470
G01 X62.0401Y12.5714
G01 X62.0211Y12.6976
G01 X62.0159Y12.7215
G01 X61.9846Y12.8452
G01 X61.9771Y12.8686
G01 X61.9338Y12.9886
G01 X61.9241Y13.0111
G01 X61.8692Y13.1263
G01 X61.8573Y13.1477
G01 X61.7915Y13.2570
G01 X61.7775Y13.2772
G01 X61.7012Y13.3795
G01 X61.6853Y13.3982
G01 X61.5994Y13.4925
G01 X61.5818Y13.5096
G01 X61.4871Y13.5950
G01 X61.4678Y13.6102
G01 X61.3652Y13.6860
G01 X61.3445Y13.6993
G01 X61.2350Y13.7646
G01 X61.2131Y13.7758
G01 X61.0977Y13.8301
G01 X61.0748Y13.8391
G01 X60.9546Y13.8818
G01 X60.9310Y13.8885
G01 X60.8072Y13.9192
G01 X60.7830Y13.9236
G01 X60.6568Y13.9420
G01 X60.6323Y13.9440
G01 X60.5049Y13.9499
G01 X60.4804Y13.9495
G01 X60.3530Y13.9430
G01 X60.3286Y13.9401
G01 X60.2024Y13.9211
G01 X60.1785Y13.9159
G01 X60.0548Y13.8846
G01 X60.0314Y13.8771
G01 X59.9114Y13.8338
G01 X59.8889Y13.8241
G01 X59.7737Y13.7692
G01 X59.7523Y13.7573
G01 X59.6430Y13.6915
G01 X59.6228Y13.6775
G01 X59.5205Y13.6012
G01 X59.5018Y13.5853
G01 X59.4075Y13.4994
G01 X59.3904Y13.4818
G01 X59.3050Y13.3871
G01 X59.2898Y13.3678
G01 X59.2140Y13.2652
G01 X59.2007Y13.2445
G01 X59.1354Y13.1350
G01 X59.1242Y13.1131
G01 X59.0699Y12.9977
G01 X59.0609Y12.9748
G01 X59.0182Y12.8546
G01 X59.0115Y12.8310
G01 X58.9808Y12.7072
G01 X58.9764Y12.6830
G01 X58.9580Y12.5568
G01 X58.9560Y12.5323
G01 X58.9501Y12.4098
G00 Z20.0000
G00 X58.9563Y12.5369
G01 Z20.0000
G01 X58.3074Y13.6195
G00 Z20.0000
G00 X57.9809Y13.3872
G01 Z20.0000
G01 X61.3567Y7.7550
G01 X65.3436Y2.3792
G01 X69.2674Y-1.9500
G01 X68.7282Y-1.9500
G01 X65.0344Y2.1255
G01 X61.0241Y7.5327
G01 X57.5889Y13.2641
G00 Z20.0000
G00 X57.1481Y13.2500
G01 Z20.0000
G01 X57.2103Y13.1185
G01 X60.6915Y7.3105
G01 X64.7252Y1.8717
G01 X68.1890Y-1.9500
G01 X67.6498Y-1.9500
G01 X64.4160Y1.6180
G01 X62.0490Y4.8094
G00 Z20.0000
G00 X61.9588Y4.2604
G01 Z20.0000
G01 X64.1068Y1.3642
G01 X67.1106Y-1.9500
G01 X66.5714Y-1.9500
G01 X63.7976Y1.1105
G01 X61.7521Y3.8685
G00 Z20.0000
G00 X61.4732Y3.5739
G01 Z20.0000
G01 X63.4884Y0.8567
G01 X66.0322Y-1.9500
G01 X65.4930Y-1.9500
G01 X63.1792Y0.6029
G01 X61.1306Y3.3652
G00 Z20.0000
G00 X60.7207Y3.2472
G01 Z20.0000
G01 X62.8700Y0.3492
G01 X64.9538Y-1.9500
G01 X64.4146Y-1.9500
G01 X62.5608Y0.0954
G01 X60.2163Y3.2565
G00 Z20.0000
G00 X59.3949Y3.6935
G01 Z20.0000
G01 X62.2516Y-0.1583
G01 X63.8754Y-1.9500
G01 X63.3362Y-1.9500
G01 X61.9424Y-0.4121
G01 X57.6982Y5.3105
G01 X54.0354Y11.4215
G01 X53.0786Y13.4444
G00 Z20.0000
G00 X52.7096Y13.2902
G01 Z20.0000
G01 X53.6827Y11.2329
G01 X57.3656Y5.0882
G01 X61.6332Y-0.6658
G01 X62.7970Y-1.9500
G01 X62.2578Y-1.9500
G01 X61.3239Y-0.9196
G01 X57.0330Y4.8660
G01 X53.3299Y11.0443
G01 X52.2867Y13.2500
G01 X51.8447Y13.2500
G01 X52.9771Y10.8558
G01 X56.7005Y4.6438
G01 X61.0147Y-1.1734
G01 X61.7186Y-1.9500
G01 X61.1795Y-1.9500
G01 X60.7055Y-1.4271
G01 X56.3679Y4.4216
G01 X52.6244Y10.6672
G01 X51.4028Y13.2500
G01 X50.9608Y13.2500
G01 X52.2716Y10.4787
G01 X56.0353Y4.1993
G01 X60.3963Y-1.6809
G01 X60.6403Y-1.9500
G01 X60.1011Y-1.9500
G01 X60.0871Y-1.9346
G01 X55.7027Y3.9771
G01 X51.9188Y10.2901
G01 X50.5164Y13.2553
G00 Z20.0000
G00 X50.0099Y13.3918
G01 Z20.0000
G01 X51.5661Y10.1015
G01 X55.3701Y3.7549
G01 X59.6011Y-1.9500
G01 X59.1037Y-1.9500
G01 X55.0375Y3.5326
G01 X51.2133Y9.9130
G01 X51.2000Y9.9411
G01 X51.2000Y9.1580
G01 X54.7049Y3.3104
G01 X58.6063Y-1.9500
G01 X58.1089Y-1.9500
G01 X54.3723Y3.0882
G01 X51.2000Y8.3809
G01 X51.2000Y7.6038
G01 X54.0398Y2.8660
G01 X57.6115Y-1.9500
G01 X57.1141Y-1.9500
G01 X53.7072Y2.6437
G01 X51.1846Y6.8523
G00 Z20.0000
G00 X51.1990Y7.0215
G01 Z20.0000
G01 X51.2000Y7.0500
G01 X51.2000Y9.9500
G01 X51.1988Y9.9814
G01 X51.1866Y10.1339
G01 X51.1826Y10.1611
G01 X51.1787Y10.1803
G01 X51.1449Y10.3215
G01 X51.1387Y10.3442
G01 X51.1255Y10.3812
G01 X51.0715Y10.5117
G01 X51.0617Y10.5331
G01 X51.0430Y10.5676
G01 X50.9692Y10.6880
G01 X50.9562Y10.7077
G01 X50.9348Y10.7358
G01 X50.8406Y10.8462
G01 X50.8136Y10.8747
G01 X50.7962Y10.8906
G01 X50.6888Y10.9823
G01 X50.6577Y11.0062
G01 X50.6380Y11.0192
G01 X50.5176Y11.0930
G01 X50.4831Y11.1117
G01 X50.4617Y11.1215
G01 X50.3312Y11.1755
G01 X50.2942Y11.1887
G01 X50.2715Y11.1949
G01 X50.1342Y11.2279
G01 X50.0956Y11.2351
G01 X50.0722Y11.2377
G01 X49.9314Y11.2488
G01 X49.9000Y11.2500
G01 X48.1000Y11.2500
G01 X48.0686Y11.2488
G01 X47.9239Y11.2373
G01 X47.8889Y11.2326
G01 X47.8697Y11.2287
G01 X47.7285Y11.1949
G01 X47.7058Y11.1887
G01 X47.6725Y11.1770
G01 X47.5383Y11.1215
G01 X47.5169Y11.1117
G01 X47.4858Y11.0950
G01 X47.3620Y11.0192
G01 X47.3423Y11.0062
G01 X47.3142Y10.9848
G01 X47.2038Y10.8906
G01 X47.1753Y10.8636
G01 X47.1594Y10.8462
G01 X47.0677Y10.7388
G01 X47.0438Y10.7077
G01 X47.0308Y10.6880
G01 X46.9570Y10.5676
G01 X46.9383Y10.5331
G01 X46.9285Y10.5117
G01 X46.8745Y10.3812
G01 X46.8613Y10.3442
G01 X46.8551Y10.3215
G01 X46.8213Y10.1803
G01 X46.8149Y10.1456
G01 X46.8127Y10.1261
G01 X46.8012Y9.9814
G01 X46.8000Y9.9500
G01 X46.8000Y7.0500
G01 X46.8012Y7.0186
G01 X46.8127Y6.8739
G01 X46.8174Y6.8389
G01 X46.8213Y6.8197
G01 X46.8551Y6.6785
G01 X46.8613Y6.6558
G01 X46.8730Y6.6224
G01 X46.9285Y6.4883
G01 X46.9383Y6.4669
G01 X46.9550Y6.4358
G01 X47.0308Y6.3120
G01 X47.0438Y6.2923
G01 X47.0652Y6.2642
G01 X47.1594Y6.1538
G01 X47.1864Y6.1253
G01 X47.2038Y6.1094
G01 X47.3112Y6.0177
G01 X47.3423Y5.9938
G01 X47.3620Y5.9808
G01 X47.4824Y5.9070
G01 X47.5169Y5.8883
G01 X47.5383Y5.8785
G01 X47.6688Y5.8245
G01 X47.7058Y5.8113
G01 X47.7285Y5.8051
G01 X47.8697Y5.7713
G01 X47.8889Y5.7674
G01 X47.9161Y5.7634
G01 X48.0686Y5.7512
G01 X48.1000Y5.7500
G01 X49.9031Y5.7500
G01 X49.9285Y5.7510
G01 X50.0566Y5.7602
G01 X50.0779Y5.7623
G01 X50.1131Y5.7683
G01 X50.2386Y5.7956
G01 X50.2594Y5.8008
G01 X50.2933Y5.8117
G01 X50.4137Y5.8566
G01 X50.4335Y5.8646
G01 X50.4656Y5.8803
G01 X50.5783Y5.9418
G01 X50.5968Y5.9526
G01 X50.6263Y5.9727
G01 X50.7291Y6.0496
G01 X50.7566Y6.0723
G01 X50.7722Y6.0870
G01 X50.8630Y6.1778
G01 X50.8777Y6.1934
G01 X50.8960Y6.2153
G01 X50.9773Y6.3237
G01 X50.9974Y6.3532
G01 X51.0082Y6.3717
G01 X51.0697Y6.4844
G01 X51.0854Y6.5165
G01 X51.0934Y6.5363
G01 X51.1383Y6.6567
G01 X51.1452Y6.6769
G01 X51.1544Y6.7114
G01 X51.1817Y6.8369
G01 X51.1856Y6.8579
G01 X51.1892Y6.8863
G01 X51.1990Y7.0215
G00 Z20.0000
G00 X51.0076Y6.3706
G01 Z20.0000
G01 X53.3746Y2.4215
G01 X56.6167Y-1.9500
G01 X56.1193Y-1.9500
G01 X53.0420Y2.1993
G01 X50.7326Y6.0523
G00 Z20.0000
G00 X50.3895Y5.8475
G01 Z20.0000
G01 X52.7094Y1.9770
G01 X55.6219Y-1.9500
G01 X55.1245Y-1.9500
G01 X52.3768Y1.7548
G01 X49.9794Y5.7547
G00 Z20.0000
G00 X49.5164Y5.7500
G01 Z20.0000
G01 X52.0442Y1.5326
G01 X54.6271Y-1.9500
G01 X54.1297Y-1.9500
G01 X51.7116Y1.3104
G01 X49.0506Y5.7500
G01 X48.5848Y5.7500
G01 X51.3791Y1.0881
G01 X53.6323Y-1.9500
G01 X53.1349Y-1.9500
G01 X51.0465Y0.8659
G01 X48.1190Y5.7500
G00 Z20.0000
G00 X47.5887Y5.8577
G01 Z20.0000
G01 X50.7139Y0.6437
G01 X52.6375Y-1.9500
G01 X52.1401Y-1.9500
G01 X50.3813Y0.4214
G01 X46.2745Y7.2732
G01 X43.2830Y13.5982
G00 Z20.0000
G00 X42.9477Y13.3728
G01 Z20.0000
G01 X45.9218Y7.0846
G01 X50.0487Y0.1992
G01 X51.6427Y-1.9500
G01 X51.1453Y-1.9500
G01 X49.7161Y-0.0230
G01 X45.5690Y6.8961
G01 X42.5585Y13.2612
G00 Z20.0000
G00 X42.1218Y13.2500
G01 Z20.0000
G01 X45.2162Y6.7075
G01 X49.3835Y-0.2452
G01 X50.6479Y-1.9500
G01 X50.1505Y-1.9500
G01 X49.0509Y-0.4675
G01 X44.8635Y6.5189
G01 X41.6799Y13.2500
G01 X41.2379Y13.2500
G01 X44.5107Y6.3304
G01 X48.7184Y-0.6897
G01 X49.6531Y-1.9500
G01 X49.1557Y-1.9500
G01 X48.3858Y-0.9119
G01 X44.1579Y6.1418
G01 X40.7960Y13.2500
G00 Z20.0000
G00 X40.3407Y13.2782
G01 Z20.0000
G01 X43.8051Y5.9533
G01 X48.0532Y-1.1342
G01 X48.6582Y-1.9500
G01 X48.1608Y-1.9500
G01 X47.7206Y-1.3564
G01 X43.4524Y5.7647
G01 X39.9027Y13.2698
G01 X39.8152Y13.5144
G01 X38.5258Y13.5603
G01 X35.9574Y20.7384
G01 X33.9115Y28.9061
G01 X33.2368Y33.4546
G00 Z20.0000
G00 X33.6371Y33.4788
G01 Z20.0000
G01 X34.3039Y28.9841
G01 X36.3402Y20.8546
G01 X39.1636Y12.9637
G01 X42.7468Y5.3876
G01 X47.0554Y-1.8008
G01 X47.1660Y-1.9500
G01 X46.6790Y-1.9500
G01 X42.3941Y5.1990
G01 X39.0446Y12.2808
G00 Z20.0000
G00 X38.8797Y11.6951
G01 Z20.0000
G01 X42.0413Y5.0105
G01 X46.2132Y-1.9500
G01 X45.7475Y-1.9500
G01 X41.6885Y4.8219
G01 X38.6138Y11.3229
G00 Z20.0000
G00 X38.2919Y11.0691
G01 Z20.0000
G01 X41.3358Y4.6333
G01 X45.2817Y-1.9500
G01 X44.8159Y-1.9500
G01 X40.9830Y4.4448
G01 X37.9252Y10.9100
G00 Z20.0000
G00 X37.5115Y10.8502
G01 Z20.0000
G01 X40.6302Y4.2562
G01 X44.3501Y-1.9500
G01 X43.8843Y-1.9500
G01 X40.2775Y4.0677
G01 X37.0359Y10.9214
G00 Z20.0000
G00 X36.4203Y11.2886
G01 Z20.0000
G01 X39.9247Y3.8791
G01 X43.4185Y-1.9500
G01 X42.9527Y-1.9500
G01 X39.5719Y3.6906
G01 X39.0497Y4.7947
G00 Z20.0000
G00 X38.9139Y4.1474
G01 Z20.0000
G01 X39.2192Y3.5020
G01 X42.4870Y-1.9500
G01 X42.0212Y-1.9500
G01 X38.8664Y3.3134
G01 X38.6587Y3.7525
G00 Z20.0000
G00 X38.3451Y3.4811
G01 Z20.0000
G01 X38.5136Y3.1249
G01 X41.5554Y-1.9500
G01 X41.0896Y-1.9500
G01 X38.1608Y2.9363
G01 X37.9847Y3.3087
G00 Z20.0000
G00 X37.5784Y3.2334
G01 Z20.0000
G01 X37.8081Y2.7478
G01 X40.6238Y-1.9500
G01 X40.1580Y-1.9500
G01 X37.4553Y2.5592
G01 X37.1143Y3.2801
G00 Z20.0000
G00 X36.5372Y3.5661
G01 Z20.0000
G01 X37.1025Y2.3706
G01 X39.6922Y-1.9500
G01 X39.2265Y-1.9500
G01 X36.7498Y2.1821
G01 X32.8812Y10.3615
G01 X31.7258Y13.5907
G00 Z20.0000
G00 X32.2545Y13.2989
G01 Z20.0000
G01 X33.2508Y10.5145
G01 X35.9508Y4.8058
G00 Z20.0000
G00 X35.9501Y4.7898
G01 Z20.0000
G01 X35.9505Y4.7604
G01 X35.9570Y4.6330
G01 X35.9599Y4.6086
G01 X35.9789Y4.4824
G01 X35.9841Y4.4585
G01 X36.0154Y4.3348
G01 X36.0229Y4.3114
G01 X36.0662Y4.1914
G01 X36.0759Y4.1689
G01 X36.1308Y4.0537
G01 X36.1427Y4.0323
G01 X36.2085Y3.9230
G01 X36.2225Y3.9028
G01 X36.2988Y3.8005
G01 X36.3147Y3.7818
G01 X36.4006Y3.6875
G01 X36.4182Y3.6704
G01 X36.5129Y3.5850
G01 X36.5322Y3.5698
G01 X36.6348Y3.4940
G01 X36.6555Y3.4807
G01 X36.7650Y3.4154
G01 X36.7869Y3.4042
G01 X36.9023Y3.3499
G01 X36.9252Y3.3409
G01 X37.0454Y3.2982
G01 X37.0690Y3.2915
G01 X37.1928Y3.2608
G01 X37.2170Y3.2564
G01 X37.3432Y3.2380
G01 X37.3677Y3.2360
G01 X37.4951Y3.2301
G01 X37.5196Y3.2305
G01 X37.6470Y3.2370
G01 X37.6714Y3.2399
G01 X37.7976Y3.2589
G01 X37.8215Y3.2641
G01 X37.9452Y3.2954
G01 X37.9686Y3.3029
G01 X38.0886Y3.3462
G01 X38.1111Y3.3559
G01 X38.2263Y3.4108
G01 X38.2477Y3.4227
G01 X38.3570Y3.4885
G01 X38.3772Y3.5025
G01 X38.4795Y3.5788
G01 X38.4982Y3.5947
G01 X38.5925Y3.6806
G01 X38.6096Y3.6982
G01 X38.6950Y3.7929
G01 X38.7102Y3.8122
G01 X38.7860Y3.9148
G01 X38.7993Y3.9355
G01 X38.8646Y4.0450
G01 X38.8758Y4.0669
G01 X38.9301Y4.1823
G01 X38.9391Y4.2052
G01 X38.9818Y4.3254
G01 X38.9885Y4.3490
G01 X39.0192Y4.4728
G01 X39.0236Y4.4970
G01 X39.0420Y4.6232
G01 X39.0440Y4.6477
G01 X39.0499Y4.7751
G01 X39.0495Y4.7996
G01 X39.0430Y4.9270
G01 X39.0401Y4.9514
G01 X39.0211Y5.0776
G01 X39.0159Y5.1015
G01 X38.9846Y5.2252
G01 X38.9771Y5.2486
G01 X38.9338Y5.3686
G01 X38.9241Y5.3911
G01 X38.8692Y5.5063
G01 X38.8573Y5.5277
G01 X38.7915Y5.6370
G01 X38.7775Y5.6572
G01 X38.7012Y5.7595
G01 X38.6853Y5.7782
G01 X38.5994Y5.8725
G01 X38.5818Y5.8896
G01 X38.4871Y5.9750
G01 X38.4678Y5.9902
G01 X38.3652Y6.0660
G01 X38.3445Y6.0793
G01 X38.2350Y6.1446
G01 X38.2131Y6.1558
G01 X38.0977Y6.2101
G01 X38.0748Y6.2191
G01 X37.9546Y6.2618
G01 X37.9310Y6.2685
G01 X37.8072Y6.2992
G01 X37.7830Y6.3036
G01 X37.6568Y6.3220
G01 X37.6323Y6.3240
G01 X37.5049Y6.3299
G01 X37.4804Y6.3295
G01 X37.3530Y6.3230
G01 X37.3286Y6.3201
G01 X37.2024Y6.3011
G01 X37.1785Y6.2959
G01 X37.0548Y6.2646
G01 X37.0314Y6.2571
G01 X36.9114Y6.2138
G01 X36.8889Y6.2041
G01 X36.7737Y6.1492
G01 X36.7523Y6.1373
G01 X36.6430Y6.0715
G01 X36.6228Y6.0575
G01 X36.5205Y5.9812
G01 X36.5018Y5.9653
G01 X36.4075Y5.8794
G01 X36.3904Y5.8618
G01 X36.3050Y5.7671
G01 X36.2898Y5.7478
G01 X36.2140Y5.6452
G01 X36.2007Y5.6245
G01 X36.1354Y5.5150
G01 X36.1242Y5.4931
G01 X36.0699Y5.3777
G01 X36.0609Y5.3548
G01 X36.0182Y5.2346
G01 X36.0115Y5.2110
G01 X35.9808Y5.0872
G01 X35.9764Y5.0630
G01 X35.9580Y4.9368
G01 X35.9560Y4.9123
G01 X35.9501Y4.7898
G00 Z20.0000
G00 X36.0959Y5.4334
G01 Z20.0000
G01 X33.6203Y10.6676
G01 X32.6963Y13.2500
G01 X33.1207Y13.2500
G01 X33.9899Y10.8207
G01 X36.3542Y5.8218
G00 Z20.0000
G00 X36.6702Y6.0881
G01 Z20.0000
G01 X34.3594Y10.9737
G01 X33.5450Y13.2500
G01 X33.9693Y13.2500
G01 X34.7290Y11.1268
G01 X37.0321Y6.2573
G00 Z20.0000
G00 X37.4408Y6.3276
G01 Z20.0000
G01 X35.0985Y11.2799
G01 X34.3936Y13.2500
G00 Z20.0000
G00 X34.7958Y13.3119
G01 Z20.0000
G01 X35.4681Y11.4330
G01 X37.9080Y6.2743
G00 Z20.0000
G00 X38.4945Y5.9686
G01 Z20.0000
G01 X35.8376Y11.5860
G01 X35.1556Y13.4923
G00 Z20.0000
G00 X35.4668Y13.8083
G01 Z20.0000
G01 X35.9521Y12.4521
G00 Z20.0000
G00 X35.9501Y12.4098
G01 Z20.0000
G01 X35.9505Y12.3804
G01 X35.9570Y12.2530
G01 X35.9599Y12.2286
G01 X35.9789Y12.1024
G01 X35.9841Y12.0785
G01 X36.0154Y11.9548
G01 X36.0229Y11.9314
G01 X36.0662Y11.8114
G01 X36.0759Y11.7889
G01 X36.1308Y11.6737
G01 X36.1427Y11.6523
G01 X36.2085Y11.5430
G01 X36.2225Y11.5228
G01 X36.2988Y11.4205
G01 X36.3147Y11.4018
G01 X36.4006Y11.3075
G01 X36.4182Y11.2904
G01 X36.5129Y11.2050
G01 X36.5322Y11.1898
G01 X36.6348Y11.1140
G01 X36.6555Y11.1007
G01 X36.7650Y11.0354
G01 X36.7869Y11.0242
G01 X36.9023Y10.9699
G01 X36.9252Y10.9609
G01 X37.0454Y10.9182
G01 X37.0690Y10.9115
G01 X37.1928Y10.8808
G01 X37.2170Y10.8764
G01 X37.3432Y10.8580
G01 X37.3677Y10.8560
G01 X37.4951Y10.8501
G01 X37.5196Y10.8505
G01 X37.6470Y10.8570
G01 X37.6714Y10.8599
G01 X37.7976Y10.8789
G01 X37.8215Y10.8841
G01 X37.9452Y10.9154
G01 X37.9686Y10.9229
G01 X38.0886Y10.9662
G01 X38.1111Y10.9759
G01 X38.2263Y11.0308
G01 X38.2477Y11.0427
G01 X38.3570Y11.1085
G01 X38.3772Y11.1225
G01 X38.4795Y11.1988
G01 X38.4982Y11.2147
G01 X38.5925Y11.3006
G01 X38.6096Y11.3182
G01 X38.6950Y11.4129
G01 X38.7102Y11.4322
G01 X38.7860Y11.5348
G01 X38.7993Y11.5555
G01 X38.8646Y11.6650
G01 X38.8758Y11.6869
G01 X38.9301Y11.8023
G01 X38.9391Y11.8252
G01 X38.9818Y11.9454
G01 X38.9885Y11.9690
G01 X39.0192Y12.0928
G01 X39.0236Y12.1170
G01 X39.0420Y12.2432
G01 X39.0440Y12.2677
G01 X39.0499Y12.3951
G01 X39.0495Y12.4196
G01 X39.0430Y12.5470
G01 X39.0401Y12.5714
G01 X39.0211Y12.6976
G01 X39.0159Y12.7215
G01 X38.9846Y12.8452
G01 X38.9771Y12.8686
G01 X38.9338Y12.9886
G01 X38.9241Y13.0111
G01 X38.8692Y13.1263
G01 X38.8573Y13.1477
G01 X38.7915Y13.2570
G01 X38.7775Y13.2772
G01 X38.7012Y13.3795
G01 X38.6853Y13.3982
G01 X38.5994Y13.4925
G01 X38.5818Y13.5096
G01 X38.4871Y13.5950
G01 X38.4678Y13.6102
G01 X38.3652Y13.6860
G01 X38.3445Y13.6993
G01 X38.2350Y13.7646
G01 X38.2131Y13.7758
G01 X38.0977Y13.8301
G01 X38.0748Y13.8391
G01 X37.9546Y13.8818
G01 X37.9310Y13.8885
G01 X37.8072Y13.9192
G01 X37.7830Y13.9236
G01 X37.6568Y13.9420
G01 X37.6323Y13.9440
G01 X37.5049Y13.9499
G01 X37.4804Y13.9495
G01 X37.3530Y13.9430
G01 X37.3286Y13.9401
G01 X37.2024Y13.9211
G01 X37.1785Y13.9159
G01 X37.0548Y13.8846
G01 X37.0314Y13.8771
G01 X36.9114Y13.8338
G01 X36.8889Y13.8241
G01 X36.7737Y13.7692
G01 X36.7523Y13.7573
G01 X36.6430Y13.6915
G01 X36.6228Y13.6775
G01 X36.5205Y13.6012
G01 X36.5018Y13.5853
G01 X36.4075Y13.4994
G01 X36.3904Y13.4818
G01 X36.3050Y13.3871
G01 X36.2898Y13.3678
G01 X36.2140Y13.2652
G01 X36.2007Y13.2445
G01 X36.1354Y13.1350
G01 X36.1242Y13.1131
G01 X36.0699Y12.9977
G01 X36.0609Y12.9748
G01 X36.0182Y12.8546
G01 X36.0115Y12.8310
G01 X35.9808Y12.7072
G01 X35.9764Y12.6830
G01 X35.9580Y12.5568
G01 X35.9560Y12.5323
G01 X35.9501Y12.4098
G00 Z20.0000
G00 X36.1334Y13.1312
G01 Z20.0000
G01 X35.6876Y14.3771
G00 Z20.0000
G00 X35.6988Y14.5186
G01 Z20.0000
G01 X35.7000Y14.5500
G01 X35.7000Y17.4500
G01 X35.6988Y17.4814
G01 X35.6866Y17.6339
G01 X35.6826Y17.6611
G01 X35.6787Y17.6803
G01 X35.6449Y17.8215
G01 X35.6387Y17.8442
G01 X35.6255Y17.8812
G01 X35.5715Y18.0117
G01 X35.5617Y18.0331
G01 X35.5430Y18.0676
G01 X35.4692Y18.1880
G01 X35.4562Y18.2077
G01 X35.4348Y18.2358
G01 X35.3406Y18.3462
G01 X35.3136Y18.3747
G01 X35.2962Y18.3906
G01 X35.1888Y18.4823
G01 X35.1577Y18.5062
G01 X35.1380Y18.5192
G01 X35.0176Y18.5930
G01 X34.9831Y18.6117
G01 X34.9617Y18.6215
G01 X34.8312Y18.6755
G01 X34.7942Y18.6887
G01 X34.7715Y18.6949
G01 X34.6342Y18.7279
G01 X34.5956Y18.7351
G01 X34.5722Y18.7377
G01 X34.4314Y18.7488
G01 X34.4000Y18.7500
G01 X32.6000Y18.7500
G01 X32.5686Y18.7488
G01 X32.4239Y18.7373
G01 X32.3889Y18.7326
G01 X32.3697Y18.7287
G01 X32.2285Y18.6949
G01 X32.2058Y18.6887
G01 X32.1725Y18.6770
G01 X32.0383Y18.6215
G01 X32.0169Y18.6117
G01 X31.9858Y18.5950
G01 X31.8620Y18.5192
G01 X31.8423Y18.5062
G01 X31.8112Y18.4823
G01 X31.7009Y18.3880
G01 X31.6753Y18.3636
G01 X31.6594Y18.3462
G01 X31.5677Y18.2388
G01 X31.5438Y18.2077
G01 X31.5308Y18.1880
G01 X31.4570Y18.0676
G01 X31.4383Y18.0331
G01 X31.4285Y18.0117
G01 X31.3745Y17.8812
G01 X31.3613Y17.8442
G01 X31.3551Y17.8215
G01 X31.3213Y17.6803
G01 X31.3149Y17.6456
G01 X31.3127Y17.6261
G01 X31.3012Y17.4814
G01 X31.3000Y17.4500
G01 X31.3000Y14.5500
G01 X31.3012Y14.5186
G01 X31.3127Y14.3739
G01 X31.3149Y14.3544
G01 X31.3213Y14.3197
G01 X31.3551Y14.1785
G01 X31.3613Y14.1558
G01 X31.3730Y14.1224
G01 X31.4285Y13.9883
G01 X31.4383Y13.9669
G01 X31.4550Y13.9358
G01 X31.5308Y13.8120
G01 X31.5438Y13.7923
G01 X31.5652Y13.7642
G01 X31.6594Y13.6538
G01 X31.6864Y13.6253
G01 X31.7038Y13.6094
G01 X31.8112Y13.5177
G01 X31.8423Y13.4938
G01 X31.8620Y13.4808
G01 X31.9824Y13.4070
G01 X32.0169Y13.3883
G01 X32.0383Y13.3785
G01 X32.1688Y13.3245
G01 X32.2058Y13.3113
G01 X32.2285Y13.3051
G01 X32.3697Y13.2713
G01 X32.3889Y13.2674
G01 X32.4161Y13.2634
G01 X32.5686Y13.2512
G01 X32.6000Y13.2500
G01 X34.4000Y13.2500
G01 X34.4314Y13.2512
G01 X34.5761Y13.2627
G01 X34.6111Y13.2674
G01 X34.6303Y13.2713
G01 X34.7753Y13.3061
G01 X34.8091Y13.3162
G01 X34.8312Y13.3245
G01 X34.9617Y13.3785
G01 X34.9971Y13.3954
G01 X35.0176Y13.4070
G01 X35.1380Y13.4808
G01 X35.1704Y13.5030
G01 X35.1888Y13.5177
G01 X35.2991Y13.6120
G01 X35.3247Y13.6364
G01 X35.3406Y13.6538
G01 X35.4348Y13.7642
G01 X35.4562Y13.7923
G01 X35.4692Y13.8120
G01 X35.5450Y13.9358
G01 X35.5617Y13.9669
G01 X35.5715Y13.9883
G01 X35.6270Y14.1224
G01 X35.6387Y14.1558
G01 X35.6449Y14.1785
G01 X35.6779Y14.3158
G01 X35.6826Y14.3389
G01 X35.6866Y14.3661
G01 X35.6988Y14.5186
G00 Z20.0000
G00 X35.7000Y15.5284
G01 Z20.0000
G01 X36.4213Y13.5124
G00 Z20.0000
G00 X36.7570Y13.7601
G01 Z20.0000
G01 X35.7000Y16.7143
G00 Z20.0000
G00 X35.0307Y18.5849
G01 Z20.0000
G01 X34.4263Y20.2740
G01 X32.3423Y28.5940
G01 X31.5896Y33.6678
G00 Z20.0000
G00 X31.2097Y33.5062
G01 Z20.0000
G01 X31.9500Y28.5159
G01 X34.0436Y20.1579
G01 X34.5511Y18.7393
G00 Z20.0000
G00 X34.1230Y18.7500
G01 Z20.0000
G01 X33.6608Y20.0418
G01 X31.5577Y28.4379
G01 X30.8141Y33.4503
G00 Z20.0000
G00 X30.4024Y33.5031
G01 Z20.0000
G01 X31.1653Y28.3599
G01 X33.2780Y19.9256
G01 X33.6987Y18.7500
G01 X33.2743Y18.7500
G01 X32.8952Y19.8095
G01 X30.7730Y28.2818
G01 X29.9706Y33.6917
G00 Z20.0000
G00 X29.4969Y34.1618
G01 Z20.0000
G01 X30.3807Y28.2038
G01 X32.5124Y19.6934
G01 X32.8500Y18.7500
G00 Z20.0000
G00 X32.4300Y18.7379
G01 Z20.0000
G01 X32.1297Y19.5773
G01 X30.7000Y25.2849
G00 Z20.0000
G00 X30.4770Y26.1753
G01 Z20.0000
G01 X29.9884Y28.1258
G01 X28.6953Y36.8429
G01 X28.4653Y41.5249
G00 Z20.0000
G00 X28.0654Y41.5233
G01 Z20.0000
G01 X28.2973Y36.8037
G01 X29.5961Y28.0477
G01 X29.9524Y26.6253
G00 Z20.0000
G00 X29.5112Y26.7425
G01 Z20.0000
G01 X29.2038Y27.9697
G01 X27.8992Y36.7645
G01 X27.6601Y41.6309
G00 Z20.0000
G00 X27.2475Y41.8876
G01 Z20.0000
G01 X27.5011Y36.7253
G01 X28.8115Y27.8916
G01 X29.0974Y26.7500
G01 X28.6856Y26.7500
G01 X28.4191Y27.8136
G01 X27.2201Y35.8971
G00 Z20.0000
G00 X26.9141Y35.2373
G01 Z20.0000
G01 X28.0268Y27.7356
G01 X28.2737Y26.7500
G01 X27.8618Y26.7500
G01 X27.6345Y27.6575
G01 X26.5588Y34.9097
G00 Z20.0000
G00 X26.1819Y34.7277
G01 Z20.0000
G01 X27.2422Y27.5795
G01 X27.4526Y26.7396
G00 Z20.0000
G00 X27.0673Y26.6335
G01 Z20.0000
G01 X26.8499Y27.5015
G01 X25.7889Y34.6539
G00 Z20.0000
G00 X25.3806Y34.6836
G01 Z20.0000
G01 X26.4576Y27.4234
G01 X26.7141Y26.3993
G00 Z20.0000
G00 X26.4103Y25.9677
G01 Z20.0000
G01 X26.0653Y27.3454
G01 X24.9532Y34.8421
G00 Z20.0000
G00 X24.4919Y35.2294
G01 Z20.0000
G01 X25.6729Y27.2674
G01 X26.3000Y24.7640
G01 X25.6943Y25.5377
G01 X26.3000Y23.1198
G01 X25.6990Y22.5215
G01 X25.7000Y22.5500
G01 X25.7000Y25.4500
G01 X25.6988Y25.4814
G01 X25.6866Y25.6339
G01 X25.6826Y25.6611
G01 X25.6787Y25.6803
G01 X25.6449Y25.8215
G01 X25.6387Y25.8442
G01 X25.6255Y25.8812
G01 X25.5715Y26.0117
G01 X25.5617Y26.0331
G01 X25.5430Y26.0676
G01 X25.4671Y26.1913
G01 X25.4470Y26.2204
G01 X25.4323Y26.2388
G01 X25.3380Y26.3491
G01 X25.3247Y26.3636
G01 X25.3050Y26.3828
G01 X25.1888Y26.4823
G01 X25.1577Y26.5062
G01 X25.1380Y26.5192
G01 X25.0176Y26.5930
G01 X24.9831Y26.6117
G01 X24.9617Y26.6215
G01 X24.8312Y26.6755
G01 X24.7942Y26.6887
G01 X24.7715Y26.6949
G01 X24.6303Y26.7287
G01 X24.6111Y26.7326
G01 X24.5839Y26.7366
G01 X24.4314Y26.7488
G01 X24.4000Y26.7500
G01 X22.6000Y26.7500
G01 X22.5686Y26.7488
G01 X22.4278Y26.7377
G01 X22.4044Y26.7351
G01 X22.3658Y26.7279
G01 X22.2285Y26.6949
G01 X22.2058Y26.6887
G01 X22.1688Y26.6755
G01 X22.0383Y26.6215
G01 X22.0169Y26.6117
G01 X21.9824Y26.5930
G01 X21.8620Y26.5192
G01 X21.8423Y26.5062
G01 X21.8142Y26.4848
G01 X21.7038Y26.3906
G01 X21.6864Y26.3747
G01 X21.6594Y26.3462
G01 X21.5602Y26.2297
G01 X21.5438Y26.2077
G01 X21.5308Y26.1880
G01 X21.4550Y26.0642
G01 X21.4383Y26.0331
G01 X21.4285Y26.0117
G01 X21.3730Y25.8776
G01 X21.3613Y25.8442
G01 X21.3551Y25.8215
G01 X21.3213Y25.6803
G01 X21.3149Y25.6456
G01 X21.3123Y25.6222
G01 X21.3012Y25.4814
G01 X21.3000Y25.4539
G01 X21.3000Y22.5500
G01 X21.3012Y22.5186
G01 X21.3127Y22.3739
G01 X21.3149Y22.3544
G01 X21.3196Y22.3273
G01 X21.3551Y22.1785
G01 X21.3613Y22.1558
G01 X21.3745Y22.1188
G01 X21.4301Y21.9847
G01 X21.4454Y21.9529
G01 X21.4570Y21.9324
G01 X21.5329Y21.8087
G01 X21.5438Y21.7923
G01 X21.5652Y21.7642
G01 X21.6620Y21.6509
G01 X21.6864Y21.6253
G01 X21.7038Y21.6094
G01 X21.8112Y21.5177
G01 X21.8423Y21.4938
G01 X21.8620Y21.4808
G01 X21.9824Y21.4070
G01 X22.0029Y21.3954
G01 X22.0383Y21.3785
G01 X22.1798Y21.3202
G01 X22.2058Y21.3113
G01 X22.2247Y21.3061
G01 X22.3658Y21.2721
G01 X22.3889Y21.2674
G01 X22.4278Y21.2623
G01 X22.5882Y21.2502
G01 X24.4107Y21.2502
G01 X24.5637Y21.2608
G01 X24.5921Y21.2644
G01 X24.6131Y21.2683
G01 X24.7386Y21.2956
G01 X24.7594Y21.3008
G01 X24.7933Y21.3117
G01 X24.9137Y21.3566
G01 X24.9335Y21.3646
G01 X24.9656Y21.3803
G01 X25.0783Y21.4418
G01 X25.1088Y21.4603
G01 X25.1263Y21.4727
G01 X25.2291Y21.5496
G01 X25.2458Y21.5629
G01 X25.2722Y21.5870
G01 X25.3630Y21.6778
G01 X25.3871Y21.7042
G01 X25.4004Y21.7209
G01 X25.4773Y21.8237
G01 X25.4897Y21.8412
G01 X25.5082Y21.8717
G01 X25.5697Y21.9844
G01 X25.5854Y22.0165
G01 X25.5934Y22.0363
G01 X25.6383Y22.1567
G01 X25.6452Y22.1769
G01 X25.6544Y22.2114
G01 X25.6817Y22.3369
G01 X25.6856Y22.3579
G01 X25.6898Y22.3934
G01 X25.6990Y22.5215
G00 Z20.0000
G00 X25.6774Y22.3170
G01 Z20.0000
G01 X26.6693Y18.3571
G00 Z20.0000
G00 X27.0173Y18.6119
G01 Z20.0000
G01 X25.7000Y23.8708
G00 Z20.0000
G00 X25.5820Y25.9863
G01 Z20.0000
G01 X25.2806Y27.1893
G01 X23.9184Y36.3724
G01 X23.6622Y41.5878
G00 Z20.0000
G00 X23.2659Y41.5137
G01 Z20.0000
G01 X23.5204Y36.3332
G01 X24.8883Y27.1113
G01 X25.0182Y26.5926
G00 Z20.0000
G00 X24.5700Y26.7379
G01 Z20.0000
G01 X24.4960Y27.0332
G01 X23.1223Y36.2940
G01 X22.8644Y41.5427
G00 Z20.0000
G00 X22.4573Y41.6890
G01 Z20.0000
G01 X22.7242Y36.2548
G01 X24.1037Y26.9552
G01 X24.1551Y26.7500
G01 X23.7432Y26.7500
G01 X23.7114Y26.8772
G01 X22.3261Y36.2156
G01 X22.0415Y42.0102
G01 X21.6477Y41.8833
G01 X21.9281Y36.1764
G01 X23.3191Y26.7991
G01 X23.3314Y26.7500
G01 X22.9225Y26.7500
G01 X21.5300Y36.1372
G01 X21.2597Y41.6400
G00 Z20.0000
G00 X20.8652Y41.5278
G01 Z20.0000
G01 X21.1319Y36.0980
G01 X22.5193Y26.7449
G00 Z20.0000
G00 X22.1282Y26.6587
G01 Z20.0000
G01 X20.7338Y36.0588
G01 X20.4655Y41.5203
G00 Z20.0000
G00 X20.0605Y41.6226
G01 Z20.0000
G01 X20.3358Y36.0196
G01 X21.7498Y26.4870
G01 X21.7616Y26.4399
G00 Z20.0000
G00 X21.4473Y26.0505
G01 Z20.0000
G01 X21.3575Y26.4090
G01 X19.9377Y35.9804
G01 X19.6484Y41.8689
G01 X19.2413Y42.0133
G01 X19.4961Y36.8280
G00 Z20.0000
G00 X19.0683Y37.3940
G01 Z20.0000
G01 X18.8563Y41.7078
G00 Z20.0000
G00 X18.4639Y41.5547
G01 Z20.0000
G01 X18.6562Y37.6386
G00 Z20.0000
G00 X18.2512Y37.7402
G01 Z20.0000
G01 X18.0660Y41.5112
G00 Z20.0000
G00 X17.6629Y41.5731
G01 Z20.0000
G01 X17.8517Y37.7317
G00 Z20.0000
G00 X17.4572Y37.6185
G01 Z20.0000
G01 X17.2537Y41.7618
G00 Z20.0000
G00 X16.8337Y42.1677
G01 Z20.0000
G01 X17.0692Y37.3739
G00 Z20.0000
G00 X19.5664Y35.7610
G01 Z20.0000
G01 X20.9652Y26.3309
G01 X21.3000Y24.9942
G00 Z20.0000
G00 X25.4112Y21.7353
G01 Z20.0000
G01 X26.3758Y17.8844
G00 Z20.0000
G00 X27.3985Y18.7341
G01 Z20.0000
G01 X26.6702Y21.6419
G00 Z20.0000
G00 X27.1607Y21.3279
G01 Z20.0000
G01 X27.8064Y18.7500
G01 X28.2183Y18.7500
G01 X27.5920Y21.2501
G00 Z20.0000
G00 X28.0039Y21.2500
G01 Z20.0000
G01 X28.6302Y18.7500
G01 X29.0420Y18.7500
G01 X28.4158Y21.2500
G01 X28.8277Y21.2500
G01 X29.4502Y18.7645
G01 X29.4566Y18.7468
G00 Z20.0000
G00 X29.9195Y18.6389
G01 Z20.0000
G01 X29.8330Y18.8806
G01 X29.2395Y21.2500
G00 Z20.0000
G00 X29.6451Y21.2753
G01 Z20.0000
G01 X30.2158Y18.9967
G01 X30.5578Y18.0408
G00 Z20.0000
G00 X30.6624Y17.7484
G01 Z20.0000
G01 X31.3000Y15.9666
G01 X30.7000Y16.4576
G01 X31.3000Y14.7807
G01 X30.6988Y14.5186
G01 X30.7000Y14.5500
G01 X30.7000Y17.4500
G01 X30.6988Y17.4814
G01 X30.6873Y17.6261
G01 X30.6851Y17.6456
G01 X30.6787Y17.6803
G01 X30.6449Y17.8215
G01 X30.6387Y17.8442
G01 X30.6255Y17.8812
G01 X30.5715Y18.0117
G01 X30.5617Y18.0331
G01 X30.5430Y18.0676
G01 X30.4692Y18.1880
G01 X30.4562Y18.2077
G01 X30.4323Y18.2388
G01 X30.3406Y18.3462
G01 X30.3247Y18.3636
G01 X30.2991Y18.3880
G01 X30.1888Y18.4823
G01 X30.1577Y18.5062
G01 X30.1380Y18.5192
G01 X30.0142Y18.5950
G01 X29.9831Y18.6117
G01 X29.9617Y18.6215
G01 X29.8312Y18.6755
G01 X29.8091Y18.6838
G01 X29.7753Y18.6939
G01 X29.6342Y18.7279
G01 X29.6111Y18.7326
G01 X29.5839Y18.7366
G01 X29.4118Y18.7498
G01 X27.6000Y18.7500
G01 X27.5686Y18.7488
G01 X27.4239Y18.7373
G01 X27.4044Y18.7351
G01 X27.3773Y18.7304
G01 X27.2285Y18.6949
G01 X27.1909Y18.6838
G01 X27.1688Y18.6755
G01 X27.0347Y18.6199
G01 X27.0029Y18.6046
G01 X26.9824Y18.5930
G01 X26.8620Y18.5192
G01 X26.8296Y18.4970
G01 X26.8112Y18.4823
G01 X26.7009Y18.3880
G01 X26.6753Y18.3636
G01 X26.6594Y18.3462
G01 X26.5652Y18.2358
G01 X26.5438Y18.2077
G01 X26.5308Y18.1880
G01 X26.4570Y18.0676
G01 X26.4454Y18.0471
G01 X26.4301Y18.0153
G01 X26.3745Y17.8812
G01 X26.3662Y17.8592
G01 X26.3551Y17.8215
G01 X26.3213Y17.6803
G01 X26.3149Y17.6456
G01 X26.3123Y17.6222
G01 X26.3012Y17.4814
G01 X26.3000Y17.4500
G01 X26.3000Y14.5461
G01 X26.3012Y14.5186
G01 X26.3127Y14.3739
G01 X26.3174Y14.3389
G01 X26.3221Y14.3158
G01 X26.3551Y14.1785
G01 X26.3613Y14.1558
G01 X26.3730Y14.1224
G01 X26.4285Y13.9883
G01 X26.4383Y13.9669
G01 X26.4550Y13.9358
G01 X26.5308Y13.8120
G01 X26.5438Y13.7923
G01 X26.5652Y13.7642
G01 X26.6594Y13.6538
G01 X26.6864Y13.6253
G01 X26.7038Y13.6094
G01 X26.8142Y13.5152
G01 X26.8423Y13.4938
G01 X26.8620Y13.4808
G01 X26.9858Y13.4050
G01 X27.0169Y13.3883
G01 X27.0383Y13.3785
G01 X27.1688Y13.3245
G01 X27.1909Y13.3162
G01 X27.2247Y13.3061
G01 X27.3658Y13.2721
G01 X27.3889Y13.2674
G01 X27.4278Y13.2623
G01 X27.5686Y13.2512
G01 X27.6000Y13.2500
G01 X29.4118Y13.2502
G01 X29.5722Y13.2623
G01 X29.6111Y13.2674
G01 X29.6342Y13.2721
G01 X29.7753Y13.3061
G01 X29.8091Y13.3162
G01 X29.8312Y13.3245
G01 X29.9653Y13.3801
G01 X29.9971Y13.3954
G01 X30.0176Y13.4070
G01 X30.1380Y13.4808
G01 X30.1704Y13.5030
G01 X30.1888Y13.5177
G01 X30.2962Y13.6094
G01 X30.3247Y13.6364
G01 X30.3406Y13.6538
G01 X30.4323Y13.7612
G01 X30.4562Y13.7923
G01 X30.4692Y13.8120
G01 X30.5430Y13.9324
G01 X30.5546Y13.9529
G01 X30.5715Y13.9883
G01 X30.6255Y14.1188
G01 X30.6338Y14.1408
G01 X30.6449Y14.1785
G01 X30.6779Y14.3158
G01 X30.6826Y14.3389
G01 X30.6873Y14.3739
G01 X30.6988Y14.5186
G00 Z20.0000
G00 X30.6537Y14.2152
G01 Z20.0000
G01 X32.1421Y10.0553
G01 X36.0442Y1.8050
G01 X38.2949Y-1.9500
G01 X38.7607Y-1.9500
G01 X36.3970Y1.9935
G01 X32.5117Y10.2084
G01 X30.7000Y15.2717
G00 Z20.0000
G00 X30.4038Y13.7278
G01 Z20.0000
G01 X31.7726Y9.9022
G01 X35.6915Y1.6164
G01 X37.8291Y-1.9500
G01 X37.3633Y-1.9500
G01 X35.3387Y1.4278
G01 X31.4030Y9.7492
G01 X30.0804Y13.4455
G00 Z20.0000
G00 X29.7115Y13.2907
G01 Z20.0000
G01 X31.0335Y9.5961
G01 X34.9859Y1.2393
G01 X36.8975Y-1.9500
G01 X36.4317Y-1.9500
G01 X34.6332Y1.0507
G01 X30.6639Y9.4430
G01 X29.3017Y13.2500
G01 X28.8774Y13.2500
G01 X30.2944Y9.2899
G01 X34.2804Y0.8622
G01 X35.9659Y-1.9500
G01 X35.5002Y-1.9500
G01 X33.9276Y0.6736
G01 X29.9248Y9.1369
G01 X28.4531Y13.2500
G01 X28.0288Y13.2500
G01 X29.5553Y8.9838
G01 X33.5749Y0.4851
G01 X35.0344Y-1.9500
G01 X34.5686Y-1.9500
G01 X33.2221Y0.2965
G01 X29.1857Y8.8307
G01 X27.6045Y13.2500
G00 Z20.0000
G00 X27.1508Y13.3320
G01 Z20.0000
G01 X28.8162Y8.6776
G01 X32.8693Y0.1079
G01 X34.1028Y-1.9500
G01 X33.6370Y-1.9500
G01 X32.5166Y-0.0806
G01 X28.4466Y8.5246
G01 X28.2000Y9.2138
G01 X28.2000Y8.1115
G01 X32.1638Y-0.2692
G01 X33.1712Y-1.9500
G01 X32.7054Y-1.9500
G01 X31.8110Y-0.4577
G01 X28.2000Y7.1771
G00 Z20.0000
G00 X28.1990Y7.0215
G01 Z20.0000
G01 X28.2000Y7.0500
G01 X28.2000Y9.9500
G01 X28.1988Y9.9814
G01 X28.1866Y10.1339
G01 X28.1826Y10.1611
G01 X28.1787Y10.1803
G01 X28.1449Y10.3215
G01 X28.1387Y10.3442
G01 X28.1255Y10.3812
G01 X28.0715Y10.5117
G01 X28.0617Y10.5331
G01 X28.0430Y10.5676
G01 X27.9692Y10.6880
G01 X27.9562Y10.7077
G01 X27.9348Y10.7358
G01 X27.8406Y10.8462
G01 X27.8136Y10.8747
G01 X27.7962Y10.8906
G01 X27.6888Y10.9823
G01 X27.6577Y11.0062
G01 X27.6380Y11.0192
G01 X27.5176Y11.0930
G01 X27.4831Y11.1117
G01 X27.4617Y11.1215
G01 X27.3312Y11.1755
G01 X27.2942Y11.1887
G01 X27.2715Y11.1949
G01 X27.1342Y11.2279
G01 X27.0956Y11.2351
G01 X27.0722Y11.2377
G01 X26.9314Y11.2488
G01 X26.9000Y11.2500
G01 X25.1000Y11.2500
G01 X25.0686Y11.2488
G01 X24.9239Y11.2373
G01 X24.8889Y11.2326
G01 X24.8697Y11.2287
G01 X24.7285Y11.1949
G01 X24.7058Y11.1887
G01 X24.6725Y11.1770
G01 X24.5383Y11.1215
G01 X24.5169Y11.1117
G01 X24.4858Y11.0950
G01 X24.3620Y11.0192
G01 X24.3423Y11.0062
G01 X24.3142Y10.9848
G01 X24.2038Y10.8906
G01 X24.1753Y10.8636
G01 X24.1594Y10.8462
G01 X24.0677Y10.7388
G01 X24.0438Y10.7077
G01 X24.0308Y10.6880
G01 X23.9570Y10.5676
G01 X23.9383Y10.5331
G01 X23.9285Y10.5117
G01 X23.8745Y10.3812
G01 X23.8613Y10.3442
G01 X23.8551Y10.3215
G01 X23.8213Y10.1803
G01 X23.8149Y10.1456
G01 X23.8127Y10.1261
G01 X23.8012Y9.9814
G01 X23.8000Y9.9500
G01 X23.8000Y7.0500
G01 X23.8012Y7.0186
G01 X23.8127Y6.8739
G01 X23.8174Y6.8389
G01 X23.8213Y6.8197
G01 X23.8551Y6.6785
G01 X23.8613Y6.6558
G01 X23.8730Y6.6224
G01 X23.9285Y6.4883
G01 X23.9383Y6.4669
G01 X23.9550Y6.4358
G01 X24.0308Y6.3120
G01 X24.0438Y6.2923
G01 X24.0652Y6.2642
G01 X24.1594Y6.1538
G01 X24.1864Y6.1253
G01 X24.2038Y6.1094
G01 X24.3112Y6.0177
G01 X24.3423Y5.9938
G01 X24.3620Y5.9808
G01 X24.4824Y5.9070
G01 X24.5169Y5.8883
G01 X24.5383Y5.8785
G01 X24.6688Y5.8245
G01 X24.7058Y5.8113
G01 X24.7285Y5.8051
G01 X24.8697Y5.7713
G01 X24.8889Y5.7674
G01 X24.9161Y5.7634
G01 X25.0686Y5.7512
G01 X25.1000Y5.7500
G01 X26.9031Y5.7500
G01 X26.9285Y5.7510
G01 X27.0566Y5.7602
G01 X27.0779Y5.7623
G01 X27.1131Y5.7683
G01 X27.2386Y5.7956
G01 X27.2594Y5.8008
G01 X27.2933Y5.8117
G01 X27.4137Y5.8566
G01 X27.4335Y5.8646
G01 X27.4656Y5.8803
G01 X27.5783Y5.9418
G01 X27.5968Y5.9526
G01 X27.6263Y5.9727
G01 X27.7291Y6.0496
G01 X27.7566Y6.0723
G01 X27.7722Y6.0870
G01 X27.8630Y6.1778
G01 X27.8777Y6.1934
G01 X27.8960Y6.2153
G01 X27.9773Y6.3237
G01 X27.9974Y6.3532
G01 X28.0082Y6.3717
G01 X28.0697Y6.4844
G01 X28.0854Y6.5165
G01 X28.0934Y6.5363
G01 X28.1383Y6.6567
G01 X28.1452Y6.6769
G01 X28.1544Y6.7114
G01 X28.1817Y6.8369
G01 X28.1856Y6.8579
G01 X28.1892Y6.8863
G01 X28.1990Y7.0215
G00 Z20.0000
G00 X28.0780Y6.5006
G01 Z20.0000
G01 X31.4582Y-0.6463
G01 X32.2397Y-1.9500
G01 X31.7739Y-1.9500
G01 X31.1055Y-0.8349
G01 X27.8126Y6.1274
G00 Z20.0000
G00 X27.4830Y5.8898
G01 Z20.0000
G01 X30.7527Y-1.0234
G01 X31.3081Y-1.9500
G01 X30.8423Y-1.9500
G01 X30.3999Y-1.2120
G01 X27.0997Y5.7658
G00 Z20.0000
G00 X26.6652Y5.7500
G01 Z20.0000
G01 X30.0472Y-1.4005
G01 X30.3765Y-1.9500
G01 X29.9107Y-1.9500
G01 X29.6944Y-1.5891
G01 X26.2233Y5.7500
G01 X25.7813Y5.7500
G01 X29.3416Y-1.7776
G01 X29.4449Y-1.9500
G01 X28.9812Y-1.9500
G01 X25.3394Y5.7500
G00 Z20.0000
G00 X24.8892Y5.7673
G01 Z20.0000
G01 X28.5393Y-1.9500
G01 X28.0973Y-1.9500
G01 X24.3390Y5.9962
G00 Z20.0000
G00 X27.5304Y11.0851
G01 Z20.0000
G01 X26.5766Y13.7508
G00 Z20.0000
G00 X31.3000Y17.1525
G01 Z20.0000
G01 X30.5986Y19.1128
G01 X30.0228Y21.4115
G00 Z20.0000
G00 X30.3669Y21.6818
G01 Z20.0000
G01 X30.9813Y19.2290
G01 X31.4223Y17.9966
G00 Z20.0000
G00 X31.7052Y18.3918
G01 Z20.0000
G01 X31.3641Y19.3451
G01 X30.6503Y22.1948
G00 Z20.0000
G00 X30.6990Y22.5215
G01 Z20.0000
G01 X30.7000Y22.5500
G01 X30.7000Y25.4500
G01 X30.6988Y25.4814
G01 X30.6866Y25.6339
G01 X30.6826Y25.6611
G01 X30.6787Y25.6803
G01 X30.6449Y25.8215
G01 X30.6387Y25.8442
G01 X30.6255Y25.8812
G01 X30.5715Y26.0117
G01 X30.5617Y26.0331
G01 X30.5430Y26.0676
G01 X30.4692Y26.1880
G01 X30.4562Y26.2077
G01 X30.4348Y26.2358
G01 X30.3406Y26.3462
G01 X30.3136Y26.3747
G01 X30.2962Y26.3906
G01 X30.1888Y26.4823
G01 X30.1577Y26.5062
G01 X30.1380Y26.5192
G01 X30.0176Y26.5930
G01 X29.9831Y26.6117
G01 X29.9617Y26.6215
G01 X29.8312Y26.6755
G01 X29.7942Y26.6887
G01 X29.7715Y26.6949
G01 X29.6342Y26.7279
G01 X29.5956Y26.7351
G01 X29.5722Y26.7377
G01 X29.4314Y26.7488
G01 X29.4000Y26.7500
G01 X27.6000Y26.7500
G01 X27.5686Y26.7488
G01 X27.4239Y26.7373
G01 X27.3889Y26.7326
G01 X27.3697Y26.7287
G01 X27.2285Y26.6949
G01 X27.2058Y26.6887
G01 X27.1725Y26.6770
G01 X27.0383Y26.6215
G01 X27.0169Y26.6117
G01 X26.9858Y26.5950
G01 X26.8620Y26.5192
G01 X26.8423Y26.5062
G01 X26.8112Y26.4823
G01 X26.7009Y26.3880
G01 X26.6753Y26.3636
G01 X26.6594Y26.3462
G01 X26.5677Y26.2388
G01 X26.5438Y26.2077
G01 X26.5308Y26.1880
G01 X26.4570Y26.0676
G01 X26.4383Y26.0331
G01 X26.4285Y26.0117
G01 X26.3745Y25.8812
G01 X26.3613Y25.8442
G01 X26.3551Y25.8215
G01 X26.3213Y25.6803
G01 X26.3149Y25.6456
G01 X26.3127Y25.6261
G01 X26.3012Y25.4814
G01 X26.3000Y25.4500
G01 X26.3000Y22.5500
G01 X26.3012Y22.5186
G01 X26.3127Y22.3739
G01 X26.3149Y22.3544
G01 X26.3213Y22.3197
G01 X26.3551Y22.1785
G01 X26.3613Y22.1558
G01 X26.3730Y22.1224
G01 X26.4285Y21.9883
G01 X26.4383Y21.9669
G01 X26.4550Y21.9358
G01 X26.5308Y21.8120
G01 X26.5438Y21.7923
G01 X26.5652Y21.7642
G01 X26.6594Y21.6538
G01 X26.6864Y21.6253
G01 X26.7038Y21.6094
G01 X26.8112Y21.5177
G01 X26.8423Y21.4938
G01 X26.8620Y21.4808
G01 X26.9824Y21.4070
G01 X27.0169Y21.3883
G01 X27.0383Y21.3785
G01 X27.1688Y21.3245
G01 X27.2058Y21.3113
G01 X27.2285Y21.3051
G01 X27.3697Y21.2713
G01 X27.3889Y21.2674
G01 X27.4161Y21.2634
G01 X27.5686Y21.2512
G01 X27.6000Y21.2500
G01 X29.4036Y21.2500
G01 X29.4285Y21.2510
G01 X29.5566Y21.2602
G01 X29.5779Y21.2623
G01 X29.6131Y21.2683
G01 X29.7386Y21.2956
G01 X29.7594Y21.3008
G01 X29.7933Y21.3117
G01 X29.9137Y21.3566
G01 X29.9335Y21.3646
G01 X29.9656Y21.3803
G01 X30.0783Y21.4418
G01 X30.0968Y21.4526
G01 X30.1263Y21.4727
G01 X30.2291Y21.5496
G01 X30.2566Y21.5723
G01 X30.2722Y21.5870
G01 X30.3630Y21.6778
G01 X30.3777Y21.6934
G01 X30.3960Y21.7153
G01 X30.4773Y21.8237
G01 X30.4974Y21.8532
G01 X30.5082Y21.8717
G01 X30.5697Y21.9844
G01 X30.5854Y22.0165
G01 X30.5934Y22.0363
G01 X30.6383Y22.1567
G01 X30.6452Y22.1769
G01 X30.6544Y22.2114
G01 X30.6817Y22.3369
G01 X30.6856Y22.3579
G01 X30.6892Y22.3863
G01 X30.6990Y22.5215
G00 Z20.0000
G00 X30.7000Y23.6406
G01 Z20.0000
G01 X31.7469Y19.4612
G01 X32.0462Y18.6247
G00 Z20.0000
G00 X37.1300Y13.9038
G01 Z20.0000
G01 X34.8091Y20.3901
G01 X32.7346Y28.6720
G01 X31.9498Y33.9626
G01 X32.3802Y33.7838
G01 X33.1269Y28.7500
G01 X35.1919Y20.5062
G01 X37.5382Y13.9486
G00 Z20.0000
G00 X37.9910Y13.8691
G01 Z20.0000
G01 X35.5747Y20.6223
G01 X33.5192Y28.8281
G01 X32.8201Y33.5413
G00 Z20.0000
G00 X34.0217Y33.6093
G01 Z20.0000
G01 X34.6962Y29.0622
G01 X36.7230Y20.9707
G01 X39.5332Y13.1168
G01 X43.0996Y5.5761
G01 X47.3880Y-1.5786
G01 X47.6634Y-1.9500
G00 Z20.0000
G00 X46.8000Y7.1736
G01 Z20.0000
G01 X46.6273Y7.4617
G01 X43.5560Y13.9555
G00 Z20.0000
G00 X43.6988Y14.5186
G01 Z20.0000
G01 X43.7000Y14.5500
G01 X43.7000Y17.4500
G01 X43.6988Y17.4814
G01 X43.6866Y17.6339
G01 X43.6826Y17.6611
G01 X43.6787Y17.6803
G01 X43.6449Y17.8215
G01 X43.6387Y17.8442
G01 X43.6255Y17.8812
G01 X43.5715Y18.0117
G01 X43.5617Y18.0331
G01 X43.5430Y18.0676
G01 X43.4692Y18.1880
G01 X43.4562Y18.2077
G01 X43.4348Y18.2358
G01 X43.3406Y18.3462
G01 X43.3136Y18.3747
G01 X43.2962Y18.3906
G01 X43.1888Y18.4823
G01 X43.1577Y18.5062
G01 X43.1380Y18.5192
G01 X43.0176Y18.5930
G01 X42.9831Y18.6117
G01 X42.9617Y18.6215
G01 X42.8312Y18.6755
G01 X42.7942Y18.6887
G01 X42.7715Y18.6949
G01 X42.6342Y18.7279
G01 X42.5956Y18.7351
G01 X42.5722Y18.7377
G01 X42.4314Y18.7488
G01 X42.4000Y18.7500
G01 X40.6000Y18.7500
G01 X40.5686Y18.7488
G01 X40.4239Y18.7373
G01 X40.3889Y18.7326
G01 X40.3697Y18.7287
G01 X40.2285Y18.6949
G01 X40.2058Y18.6887
G01 X40.1725Y18.6770
G01 X40.0383Y18.6215
G01 X40.0169Y18.6117
G01 X39.9858Y18.5950
G01 X39.8620Y18.5192
G01 X39.8423Y18.5062
G01 X39.8112Y18.4823
G01 X39.7009Y18.3880
G01 X39.6753Y18.3636
G01 X39.6594Y18.3462
G01 X39.5677Y18.2388
G01 X39.5438Y18.2077
G01 X39.5308Y18.1880
G01 X39.4570Y18.0676
G01 X39.4383Y18.0331
G01 X39.4285Y18.0117
G01 X39.3745Y17.8812
G01 X39.3613Y17.8442
G01 X39.3551Y17.8215
G01 X39.3213Y17.6803
G01 X39.3149Y17.6456
G01 X39.3127Y17.6261
G01 X39.3012Y17.4814
G01 X39.3000Y17.4500
G01 X39.3000Y14.5500
G01 X39.3012Y14.5186
G01 X39.3127Y14.3739
G01 X39.3149Y14.3544
G01 X39.3213Y14.3197
G01 X39.3551Y14.1785
G01 X39.3613Y14.1558
G01 X39.3730Y14.1224
G01 X39.4285Y13.9883
G01 X39.4383Y13.9669
G01 X39.4550Y13.9358
G01 X39.5308Y13.8120
G01 X39.5438Y13.7923
G01 X39.5652Y13.7642
G01 X39.6594Y13.6538
G01 X39.6864Y13.6253
G01 X39.7038Y13.6094
G01 X39.8112Y13.5177
G01 X39.8423Y13.4938
G01 X39.8620Y13.4808
G01 X39.9824Y13.4070
G01 X40.0169Y13.3883
G01 X40.0383Y13.3785
G01 X40.1688Y13.3245
G01 X40.2058Y13.3113
G01 X40.2285Y13.3051
G01 X40.3697Y13.2713
G01 X40.3889Y13.2674
G01 X40.4161Y13.2634
G01 X40.5686Y13.2512
G01 X40.6000Y13.2500
G01 X42.4000Y13.2500
G01 X42.4314Y13.2512
G01 X42.5761Y13.2627
G01 X42.6111Y13.2674
G01 X42.6303Y13.2713
G01 X42.7753Y13.3061
G01 X42.8091Y13.3162
G01 X42.8312Y13.3245
G01 X42.9617Y13.3785
G01 X42.9971Y13.3954
G01 X43.0176Y13.4070
G01 X43.1380Y13.4808
G01 X43.1704Y13.5030
G01 X43.1888Y13.5177
G01 X43.2991Y13.6120
G01 X43.3247Y13.6364
G01 X43.3406Y13.6538
G01 X43.4348Y13.7642
G01 X43.4562Y13.7923
G01 X43.4692Y13.8120
G01 X43.5450Y13.9358
G01 X43.5617Y13.9669
G01 X43.5715Y13.9883
G01 X43.6270Y14.1224
G01 X43.6387Y14.1558
G01 X43.6449Y14.1785
G01 X43.6779Y14.3158
G01 X43.6826Y14.3389
G01 X43.6866Y14.3661
G01 X43.6988Y14.5186
G00 Z20.0000
G00 X43.7000Y14.5854
G01 Z20.0000
G01 X46.8000Y8.0310
G01 X46.8000Y8.9654
G01 X43.9678Y14.9537
G01 X43.7000Y15.7020
G01 X44.3000Y15.2111
G01 X43.7000Y16.8879
G01 X44.3000Y16.3970
G01 X42.0819Y22.5963
G01 X40.1886Y30.1547
G01 X39.6161Y34.0142
G00 Z20.0000
G00 X39.2592Y33.6975
G01 Z20.0000
G01 X39.7963Y30.0767
G01 X41.6991Y22.4801
G01 X43.1103Y18.5362
G00 Z20.0000
G00 X42.6160Y18.7317
G01 Z20.0000
G01 X41.3163Y22.3640
G01 X39.4039Y29.9986
G01 X38.8815Y33.5205
G00 Z20.0000
G00 X38.4877Y33.4528
G01 Z20.0000
G01 X39.0116Y29.9206
G01 X40.9335Y22.2479
G01 X42.1851Y18.7500
G01 X41.7608Y18.7500
G01 X40.5507Y22.1318
G01 X38.6193Y29.8425
G01 X38.0784Y33.4891
G00 Z20.0000
G00 X37.6497Y33.6562
G01 Z20.0000
G01 X38.2270Y29.7645
G01 X40.1680Y22.0157
G01 X41.3365Y18.7500
G01 X40.9121Y18.7500
G01 X39.7852Y21.8996
G01 X37.8347Y29.6865
G01 X37.1851Y34.0654
G00 Z20.0000
G00 X36.8247Y33.7726
G01 Z20.0000
G01 X37.4424Y29.6084
G01 X39.4024Y21.7835
G01 X40.4905Y18.7426
G00 Z20.0000
G00 X40.1003Y18.6471
G01 Z20.0000
G01 X39.0196Y21.6673
G01 X37.0501Y29.5304
G01 X36.4523Y33.5600
G00 Z20.0000
G00 X36.0630Y33.4616
G01 Z20.0000
G01 X36.6577Y29.4524
G01 X38.6369Y21.5512
G01 X39.7528Y18.4324
G00 Z20.0000
G00 X39.4583Y18.0696
G01 Z20.0000
G01 X38.2541Y21.4351
G01 X36.2654Y29.3743
G01 X35.6583Y33.4673
G00 Z20.0000
G00 X35.2360Y33.5915
G01 Z20.0000
G01 X35.8731Y29.2963
G01 X37.8713Y21.3190
G01 X39.3000Y17.3261
G01 X39.3000Y16.1402
G01 X37.4885Y21.2029
G01 X35.4808Y29.2183
G01 X34.7860Y33.9020
G00 Z20.0000
G00 X34.3883Y33.8601
G01 Z20.0000
G01 X35.0885Y29.1402
G01 X37.1058Y21.0868
G01 X39.3000Y14.9543
G00 Z20.0000
G00 X44.3076Y17.5617
G01 Z20.0000
G01 X42.4646Y22.7124
G01 X40.5809Y30.2327
G01 X40.0608Y33.7389
G00 Z20.0000
G00 X40.4970Y33.5210
G01 Z20.0000
G01 X40.9732Y30.3108
G01 X42.8474Y22.8285
G01 X44.5163Y18.1643
G00 Z20.0000
G00 X44.8233Y18.4921
G01 Z20.0000
G01 X43.2302Y22.9446
G01 X41.3655Y30.3888
G01 X40.9111Y33.4519
G00 Z20.0000
G00 X41.3092Y33.4910
G01 Z20.0000
G01 X41.7578Y30.4668
G01 X43.6130Y23.0607
G01 X45.1804Y18.6801
G00 Z20.0000
G00 X45.5799Y18.7495
G01 Z20.0000
G01 X44.3726Y22.1235
G00 Z20.0000
G00 X44.3641Y22.1472
G01 Z20.0000
G01 X43.9957Y23.1768
G01 X42.1501Y30.5449
G01 X41.6919Y33.6338
G00 Z20.0000
G00 X42.0558Y33.9038
G01 Z20.0000
G01 X42.5424Y30.6229
G01 X44.3000Y23.6064
G01 X44.3000Y25.2506
G01 X42.9348Y30.7009
G01 X42.4684Y33.8450
G00 Z20.0000
G00 X42.9138Y33.5652
G01 Z20.0000
G01 X43.3271Y30.7790
G01 X44.4927Y26.1257
G00 Z20.0000
G00 X44.8145Y26.4850
G01 Z20.0000
G01 X43.7194Y30.8570
G01 X43.3334Y33.4592
G00 Z20.0000
G00 X43.7358Y33.4694
G01 Z20.0000
G01 X44.1117Y30.9351
G01 X45.1778Y26.6791
G00 Z20.0000
G00 X45.5721Y26.7490
G01 Z20.0000
G01 X44.5040Y31.0131
G01 X44.1230Y33.5816
G00 Z20.0000
G00 X44.4930Y33.8101
G01 Z20.0000
G01 X44.8963Y31.0911
G01 X45.9837Y26.7500
G01 X46.3956Y26.7500
G01 X45.2886Y31.1692
G01 X44.8712Y33.9836
G00 Z20.0000
G00 X45.3285Y33.6234
G01 Z20.0000
G01 X45.6810Y31.2472
G01 X46.8075Y26.7500
G01 X47.2193Y26.7500
G01 X46.0733Y31.3252
G01 X45.7541Y33.4769
G00 Z20.0000
G00 X46.1612Y33.4555
G01 Z20.0000
G01 X46.4656Y31.4033
G01 X47.6369Y26.7272
G00 Z20.0000
G00 X48.0941Y26.5461
G01 Z20.0000
G01 X46.8579Y31.4813
G01 X46.5527Y33.5387
G00 Z20.0000
G00 X46.9281Y33.7306
G01 Z20.0000
G01 X47.2502Y31.5593
G01 X48.9718Y24.6863
G01 X49.3000Y23.7691
G01 X48.7000Y24.2601
G01 X49.3000Y22.5832
G01 X48.6990Y22.5215
G01 X48.7000Y22.5500
G01 X48.7000Y25.4500
G01 X48.6988Y25.4814
G01 X48.6873Y25.6261
G01 X48.6851Y25.6456
G01 X48.6787Y25.6803
G01 X48.6449Y25.8215
G01 X48.6387Y25.8442
G01 X48.6255Y25.8812
G01 X48.5715Y26.0117
G01 X48.5617Y26.0331
G01 X48.5430Y26.0676
G01 X48.4692Y26.1880
G01 X48.4562Y26.2077
G01 X48.4323Y26.2388
G01 X48.3328Y26.3550
G01 X48.3136Y26.3747
G01 X48.2991Y26.3880
G01 X48.1888Y26.4823
G01 X48.1704Y26.4970
G01 X48.1380Y26.5192
G01 X48.0176Y26.5930
G01 X47.9971Y26.6046
G01 X47.9617Y26.6215
G01 X47.8312Y26.6755
G01 X47.8091Y26.6838
G01 X47.7753Y26.6939
G01 X47.6342Y26.7279
G01 X47.5956Y26.7351
G01 X47.5722Y26.7377
G01 X47.4314Y26.7488
G01 X47.4000Y26.7500
G01 X45.5804Y26.7495
G01 X45.4278Y26.7377
G01 X45.3889Y26.7326
G01 X45.3658Y26.7279
G01 X45.2285Y26.6949
G01 X45.1909Y26.6838
G01 X45.1688Y26.6755
G01 X45.0383Y26.6215
G01 X45.0029Y26.6046
G01 X44.9824Y26.5930
G01 X44.8620Y26.5192
G01 X44.8296Y26.4970
G01 X44.8112Y26.4823
G01 X44.7038Y26.3906
G01 X44.6753Y26.3636
G01 X44.6594Y26.3462
G01 X44.5677Y26.2388
G01 X44.5438Y26.2077
G01 X44.5308Y26.1880
G01 X44.4570Y26.0676
G01 X44.4383Y26.0331
G01 X44.4285Y26.0117
G01 X44.3730Y25.8776
G01 X44.3662Y25.8592
G01 X44.3580Y25.8329
G01 X44.3221Y25.6842
G01 X44.3149Y25.6456
G01 X44.3123Y25.6222
G01 X44.3012Y25.4814
G01 X44.3000Y25.4539
G01 X44.3000Y22.5500
G01 X44.3012Y22.5186
G01 X44.3123Y22.3778
G01 X44.3149Y22.3544
G01 X44.3221Y22.3158
G01 X44.3551Y22.1785
G01 X44.3613Y22.1558
G01 X44.3730Y22.1224
G01 X44.4301Y21.9847
G01 X44.4383Y21.9669
G01 X44.4511Y21.9425
G01 X44.5308Y21.8120
G01 X44.5438Y21.7923
G01 X44.5677Y21.7612
G01 X44.6620Y21.6509
G01 X44.6864Y21.6253
G01 X44.7038Y21.6094
G01 X44.8112Y21.5177
G01 X44.8423Y21.4938
G01 X44.8620Y21.4808
G01 X44.9824Y21.4070
G01 X45.0169Y21.3883
G01 X45.0383Y21.3785
G01 X45.1688Y21.3245
G01 X45.1909Y21.3162
G01 X45.2285Y21.3051
G01 X45.3658Y21.2721
G01 X45.3889Y21.2674
G01 X45.4278Y21.2623
G01 X45.5882Y21.2502
G01 X47.4178Y21.2504
G01 X47.5637Y21.2608
G01 X47.5921Y21.2644
G01 X47.6131Y21.2683
G01 X47.7386Y21.2956
G01 X47.7731Y21.3048
G01 X47.7933Y21.3117
G01 X47.9203Y21.3592
G01 X47.9465Y21.3706
G01 X47.9656Y21.3803
G01 X48.0783Y21.4418
G01 X48.1088Y21.4603
G01 X48.1263Y21.4727
G01 X48.2291Y21.5496
G01 X48.2458Y21.5629
G01 X48.2722Y21.5870
G01 X48.3630Y21.6778
G01 X48.3871Y21.7042
G01 X48.4004Y21.7209
G01 X48.4773Y21.8237
G01 X48.4897Y21.8412
G01 X48.5082Y21.8717
G01 X48.5697Y21.9844
G01 X48.5854Y22.0165
G01 X48.5934Y22.0363
G01 X48.6383Y22.1567
G01 X48.6452Y22.1769
G01 X48.6544Y22.2114
G01 X48.6817Y22.3369
G01 X48.6856Y22.3579
G01 X48.6898Y22.3934
G01 X48.6990Y22.5215
G00 Z20.0000
G00 X48.6208Y22.1097
G01 Z20.0000
G01 X49.8977Y18.5410
G00 Z20.0000
G00 X50.2639Y18.7034
G01 Z20.0000
G01 X48.7000Y23.0742
G00 Z20.0000
G00 X48.3542Y21.6689
G01 Z20.0000
G01 X49.5774Y18.2501
G00 Z20.0000
G00 X49.3356Y17.7402
G01 Z20.0000
G01 X48.0221Y21.4111
G00 Z20.0000
G00 X47.6463Y21.2755
G01 Z20.0000
G01 X49.1415Y17.0967
G01 X49.3000Y16.7616
G01 X48.7000Y17.1447
G01 X48.7720Y16.9436
G01 X49.3000Y15.8271
G01 X48.7000Y16.1613
G01 X49.3000Y14.8927
G01 X48.7000Y15.2269
G01 X50.7203Y10.9554
G00 Z20.0000
G00 X50.1514Y11.2237
G01 Z20.0000
G01 X48.6813Y14.3320
G00 Z20.0000
G00 X48.6988Y14.5186
G01 Z20.0000
G01 X48.7000Y14.5500
G01 X48.7000Y17.4500
G01 X48.6988Y17.4814
G01 X48.6866Y17.6339
G01 X48.6826Y17.6611
G01 X48.6787Y17.6803
G01 X48.6449Y17.8215
G01 X48.6387Y17.8442
G01 X48.6255Y17.8812
G01 X48.5715Y18.0117
G01 X48.5617Y18.0331
G01 X48.5430Y18.0676
G01 X48.4692Y18.1880
G01 X48.4562Y18.2077
G01 X48.4348Y18.2358
G01 X48.3406Y18.3462
G01 X48.3136Y18.3747
G01 X48.2962Y18.3906
G01 X48.1888Y18.4823
G01 X48.1577Y18.5062
G01 X48.1380Y18.5192
G01 X48.0176Y18.5930
G01 X47.9831Y18.6117
G01 X47.9617Y18.6215
G01 X47.8312Y18.6755
G01 X47.7942Y18.6887
G01 X47.7715Y18.6949
G01 X47.6342Y18.7279
G01 X47.5956Y18.7351
G01 X47.5722Y18.7377
G01 X47.4314Y18.7488
G01 X47.4000Y18.7500
G01 X45.6000Y18.7500
G01 X45.5686Y18.7488
G01 X45.4239Y18.7373
G01 X45.3889Y18.7326
G01 X45.3697Y18.7287
G01 X45.2285Y18.6949
G01 X45.2058Y18.6887
G01 X45.1725Y18.6770
G01 X45.0383Y18.6215
G01 X45.0169Y18.6117
G01 X44.9858Y18.5950
G01 X44.8620Y18.5192
G01 X44.8423Y18.5062
G01 X44.8112Y18.4823
G01 X44.7009Y18.3880
G01 X44.6753Y18.3636
G01 X44.6594Y18.3462
G01 X44.5677Y18.2388
G01 X44.5438Y18.2077
G01 X44.5308Y18.1880
G01 X44.4570Y18.0676
G01 X44.4383Y18.0331
G01 X44.4285Y18.0117
G01 X44.3745Y17.8812
G01 X44.3613Y17.8442
G01 X44.3551Y17.8215
G01 X44.3213Y17.6803
G01 X44.3149Y17.6456
G01 X44.3127Y17.6261
G01 X44.3012Y17.4814
G01 X44.3000Y17.4500
G01 X44.3000Y14.5500
G01 X44.3012Y14.5186
G01 X44.3127Y14.3739
G01 X44.3149Y14.3544
G01 X44.3213Y14.3197
G01 X44.3551Y14.1785
G01 X44.3613Y14.1558
G01 X44.3730Y14.1224
G01 X44.4285Y13.9883
G01 X44.4383Y13.9669
G01 X44.4550Y13.9358
G01 X44.5308Y13.8120
G01 X44.5438Y13.7923
G01 X44.5652Y13.7642
G01 X44.6594Y13.6538
G01 X44.6864Y13.6253
G01 X44.7038Y13.6094
G01 X44.8112Y13.5177
G01 X44.8423Y13.4938
G01 X44.8620Y13.4808
G01 X44.9824Y13.4070
G01 X45.0169Y13.3883
G01 X45.0383Y13.3785
G01 X45.1688Y13.3245
G01 X45.2058Y13.3113
G01 X45.2285Y13.3051
G01 X45.3697Y13.2713
G01 X45.3889Y13.2674
G01 X45.4161Y13.2634
G01 X45.5686Y13.2512
G01 X45.6000Y13.2500
G01 X47.4000Y13.2500
G01 X47.4314Y13.2512
G01 X47.5761Y13.2627
G01 X47.6111Y13.2674
G01 X47.6303Y13.2713
G01 X47.7753Y13.3061
G01 X47.8091Y13.3162
G01 X47.8312Y13.3245
G01 X47.9617Y13.3785
G01 X47.9971Y13.3954
G01 X48.0176Y13.4070
G01 X48.1380Y13.4808
G01 X48.1704Y13.5030
G01 X48.1888Y13.5177
G01 X48.2991Y13.6120
G01 X48.3247Y13.6364
G01 X48.3406Y13.6538
G01 X48.4348Y13.7642
G01 X48.4562Y13.7923
G01 X48.4692Y13.8120
G01 X48.5450Y13.9358
G01 X48.5617Y13.9669
G01 X48.5715Y13.9883
G01 X48.6270Y14.1224
G01 X48.6387Y14.1558
G01 X48.6449Y14.1785
G01 X48.6779Y14.3158
G01 X48.6826Y14.3389
G01 X48.6866Y14.3661
G01 X48.6988Y14.5186
G00 Z20.0000
G00 X48.4783Y13.8268
G01 Z20.0000
G01 X49.6970Y11.2500
G01 X49.2551Y11.2500
G01 X48.1843Y13.5140
G00 Z20.0000
G00 X47.8318Y13.3248
G01 Z20.0000
G01 X48.8131Y11.2500
G01 X48.3712Y11.2500
G01 X47.4249Y13.2508
G00 Z20.0000
G00 X46.9833Y13.2500
G01 Z20.0000
G01 X47.9348Y11.2382
G00 Z20.0000
G00 X47.5465Y11.1248
G01 Z20.0000
G01 X46.5413Y13.2500
G01 X46.0994Y13.2500
G01 X47.2120Y10.8976
G00 Z20.0000
G00 X46.9404Y10.5374
G01 Z20.0000
G01 X45.6574Y13.2500
G00 Z20.0000
G00 X45.1828Y13.3191
G01 Z20.0000
G01 X46.8000Y9.8998
G00 Z20.0000
G00 X53.3927Y13.7149
G01 Z20.0000
G01 X54.3882Y11.6100
G01 X58.0308Y5.5327
G01 X59.1395Y4.0379
G00 Z20.0000
G00 X58.9501Y4.7898
G01 Z20.0000
G01 X58.9505Y4.7604
G01 X58.9570Y4.6330
G01 X58.9599Y4.6086
G01 X58.9789Y4.4824
G01 X58.9841Y4.4585
G01 X59.0154Y4.3348
G01 X59.0229Y4.3114
G01 X59.0662Y4.1914
G01 X59.0759Y4.1689
G01 X59.1308Y4.0537
G01 X59.1427Y4.0323
G01 X59.2085Y3.9230
G01 X59.2225Y3.9028
G01 X59.2988Y3.8005
G01 X59.3147Y3.7818
G01 X59.4006Y3.6875
G01 X59.4182Y3.6704
G01 X59.5129Y3.5850
G01 X59.5322Y3.5698
G01 X59.6348Y3.4940
G01 X59.6555Y3.4807
G01 X59.7650Y3.4154
G01 X59.7869Y3.4042
G01 X59.9023Y3.3499
G01 X59.9252Y3.3409
G01 X60.0454Y3.2982
G01 X60.0690Y3.2915
G01 X60.1928Y3.2608
G01 X60.2170Y3.2564
G01 X60.3432Y3.2380
G01 X60.3677Y3.2360
G01 X60.4951Y3.2301
G01 X60.5196Y3.2305
G01 X60.6470Y3.2370
G01 X60.6714Y3.2399
G01 X60.7976Y3.2589
G01 X60.8215Y3.2641
G01 X60.9452Y3.2954
G01 X60.9686Y3.3029
G01 X61.0886Y3.3462
G01 X61.1111Y3.3559
G01 X61.2263Y3.4108
G01 X61.2477Y3.4227
G01 X61.3570Y3.4885
G01 X61.3772Y3.5025
G01 X61.4795Y3.5788
G01 X61.4982Y3.5947
G01 X61.5925Y3.6806
G01 X61.6096Y3.6982
G01 X61.6950Y3.7929
G01 X61.7102Y3.8122
G01 X61.7860Y3.9148
G01 X61.7993Y3.9355
G01 X61.8646Y4.0450
G01 X61.8758Y4.0669
G01 X61.9301Y4.1823
G01 X61.9391Y4.2052
G01 X61.9818Y4.3254
G01 X61.9885Y4.3490
G01 X62.0192Y4.4728
G01 X62.0236Y4.4970
G01 X62.0420Y4.6232
G01 X62.0440Y4.6477
G01 X62.0499Y4.7751
G01 X62.0495Y4.7996
G01 X62.0430Y4.9270
G01 X62.0401Y4.9514
G01 X62.0211Y5.0776
G01 X62.0159Y5.1015
G01 X61.9846Y5.2252
G01 X61.9771Y5.2486
G01 X61.9338Y5.3686
G01 X61.9241Y5.3911
G01 X61.8692Y5.5063
G01 X61.8573Y5.5277
G01 X61.7915Y5.6370
G01 X61.7775Y5.6572
G01 X61.7012Y5.7595
G01 X61.6853Y5.7782
G01 X61.5994Y5.8725
G01 X61.5818Y5.8896
G01 X61.4871Y5.9750
G01 X61.4678Y5.9902
G01 X61.3652Y6.0660
G01 X61.3445Y6.0793
G01 X61.2350Y6.1446
G01 X61.2131Y6.1558
G01 X61.0977Y6.2101
G01 X61.0748Y6.2191
G01 X60.9546Y6.2618
G01 X60.9310Y6.2685
G01 X60.8072Y6.2992
G01 X60.7830Y6.3036
G01 X60.6568Y6.3220
G01 X60.6323Y6.3240
G01 X60.5049Y6.3299
G01 X60.4804Y6.3295
G01 X60.3530Y6.3230
G01 X60.3286Y6.3201
G01 X60.2024Y6.3011
G01 X60.1785Y6.2959
G01 X60.0548Y6.2646
G01 X60.0314Y6.2571
G01 X59.9114Y6.2138
G01 X59.8889Y6.2041
G01 X59.7737Y6.1492
G01 X59.7523Y6.1373
G01 X59.6430Y6.0715
G01 X59.6228Y6.0575
G01 X59.5205Y5.9812
G01 X59.5018Y5.9653
G01 X59.4075Y5.8794
G01 X59.3904Y5.8618
G01 X59.3050Y5.7671
G01 X59.2898Y5.7478
G01 X59.2140Y5.6452
G01 X59.2007Y5.6245
G01 X59.1354Y5.5150
G01 X59.1242Y5.4931
G01 X59.0699Y5.3777
G01 X59.0609Y5.3548
G01 X59.0182Y5.2346
G01 X59.0115Y5.2110
G01 X58.9808Y5.0872
G01 X58.9764Y5.0630
G01 X58.9580Y4.9368
G01 X58.9560Y4.9123
G01 X58.9501Y4.7898
G00 Z20.0000
G00 X58.9598Y4.9508
G01 Z20.0000
G01 X58.3634Y5.7549
G01 X54.7410Y11.7986
G01 X53.6335Y14.1401
G00 Z20.0000
G00 X53.6988Y14.5186
G01 Z20.0000
G01 X53.7000Y14.5500
G01 X53.7000Y17.4500
G01 X53.6988Y17.4814
G01 X53.6866Y17.6339
G01 X53.6826Y17.6611
G01 X53.6787Y17.6803
G01 X53.6449Y17.8215
G01 X53.6387Y17.8442
G01 X53.6255Y17.8812
G01 X53.5715Y18.0117
G01 X53.5617Y18.0331
G01 X53.5430Y18.0676
G01 X53.4692Y18.1880
G01 X53.4562Y18.2077
G01 X53.4348Y18.2358
G01 X53.3406Y18.3462
G01 X53.3136Y18.3747
G01 X53.2962Y18.3906
G01 X53.1888Y18.4823
G01 X53.1577Y18.5062
G01 X53.1380Y18.5192
G01 X53.0176Y18.5930
G01 X52.9831Y18.6117
G01 X52.9617Y18.6215
G01 X52.8312Y18.6755
G01 X52.7942Y18.6887
G01 X52.7715Y18.6949
G01 X52.6342Y18.7279
G01 X52.5956Y18.7351
G01 X52.5722Y18.7377
G01 X52.4314Y18.7488
G01 X52.4000Y18.7500
G01 X50.6000Y18.7500
G01 X50.5686Y18.7488
G01 X50.4239Y18.7373
G01 X50.3889Y18.7326
G01 X50.3697Y18.7287
G01 X50.2285Y18.6949
G01 X50.2058Y18.6887
G01 X50.1725Y18.6770
G01 X50.0383Y18.6215
G01 X50.0169Y18.6117
G01 X49.9858Y18.5950
G01 X49.8620Y18.5192
G01 X49.8423Y18.5062
G01 X49.8112Y18.4823
G01 X49.7009Y18.3880
G01 X49.6753Y18.3636
G01 X49.6594Y18.3462
G01 X49.5677Y18.2388
G01 X49.5438Y18.2077
G01 X49.5308Y18.1880
G01 X49.4570Y18.0676
G01 X49.4383Y18.0331
G01 X49.4285Y18.0117
G01 X49.3745Y17.8812
G01 X49.3613Y17.8442
G01 X49.3551Y17.8215
G01 X49.3213Y17.6803
G01 X49.3149Y17.6456
G01 X49.3127Y17.6261
G01 X49.3012Y17.4814
G01 X49.3000Y17.4500
G01 X49.3000Y14.5500
G01 X49.3012Y14.5186
G01 X49.3127Y14.3739
G01 X49.3149Y14.3544
G01 X49.3213Y14.3197
G01 X49.3551Y14.1785
G01 X49.3613Y14.1558
G01 X49.3730Y14.1224
G01 X49.4285Y13.9883
G01 X49.4383Y13.9669
G01 X49.4550Y13.9358
G01 X49.5308Y13.8120
G01 X49.5438Y13.7923
G01 X49.5652Y13.7642
G01 X49.6594Y13.6538
G01 X49.6864Y13.6253
G01 X49.7038Y13.6094
G01 X49.8112Y13.5177
G01 X49.8423Y13.4938
G01 X49.8620Y13.4808
G01 X49.9824Y13.4070
G01 X50.0169Y13.3883
G01 X50.0383Y13.3785
G01 X50.1688Y13.3245
G01 X50.2058Y13.3113
G01 X50.2285Y13.3051
G01 X50.3697Y13.2713
G01 X50.3889Y13.2674
G01 X50.4161Y13.2634
G01 X50.5686Y13.2512
G01 X50.6000Y13.2500
G01 X52.4000Y13.2500
G01 X52.4314Y13.2512
G01 X52.5761Y13.2627
G01 X52.6111Y13.2674
G01 X52.6303Y13.2713
G01 X52.7753Y13.3061
G01 X52.8091Y13.3162
G01 X52.8312Y13.3245
G01 X52.9617Y13.3785
G01 X52.9971Y13.3954
G01 X53.0176Y13.4070
G01 X53.1380Y13.4808
G01 X53.1704Y13.5030
G01 X53.1888Y13.5177
G01 X53.2991Y13.6120
G01 X53.3247Y13.6364
G01 X53.3406Y13.6538
G01 X53.4348Y13.7642
G01 X53.4562Y13.7923
G01 X53.4692Y13.8120
G01 X53.5450Y13.9358
G01 X53.5617Y13.9669
G01 X53.5715Y13.9883
G01 X53.6270Y14.1224
G01 X53.6387Y14.1558
G01 X53.6449Y14.1785
G01 X53.6779Y14.3158
G01 X53.6826Y14.3389
G01 X53.6866Y14.3661
G01 X53.6988Y14.5186
G00 Z20.0000
G00 X53.7000Y14.9339
G01 Z20.0000
G01 X55.0937Y11.9871
G01 X58.6960Y5.9771
G01 X59.0972Y5.4361
G00 Z20.0000
G00 X59.3291Y5.7941
G01 Z20.0000
G01 X59.0286Y6.1994
G01 X55.4465Y12.1757
G01 X54.8121Y13.5169
G00 Z20.0000
G00 X55.3704Y13.2711
G01 Z20.0000
G01 X55.7993Y12.3643
G01 X59.3612Y6.4216
G01 X59.6283Y6.0614
G00 Z20.0000
G00 X59.9912Y6.2427
G01 Z20.0000
G01 X59.6937Y6.6438
G01 X56.1520Y12.5528
G01 X55.8223Y13.2500
G01 X56.2642Y13.2500
G01 X56.5048Y12.7414
G01 X60.0263Y6.8661
G01 X60.4262Y6.3269
G00 Z20.0000
G00 X60.9778Y6.2538
G01 Z20.0000
G01 X60.3589Y7.0883
G01 X56.8576Y12.9299
G01 X56.7062Y13.2500
G00 Z20.0000
G00 X58.5692Y13.9831
G01 Z20.0000
G01 X58.6214Y13.8727
G01 X59.1033Y13.0688
G00 Z20.0000
G00 X59.3490Y13.4360
G01 Z20.0000
G01 X58.9742Y14.0613
G01 X58.7000Y14.6410
G00 Z20.0000
G00 X58.6988Y14.5186
G01 Z20.0000
G01 X58.7000Y14.5500
G01 X58.7000Y17.4500
G01 X58.6988Y17.4814
G01 X58.6866Y17.6339
G01 X58.6826Y17.6611
G01 X58.6787Y17.6803
G01 X58.6449Y17.8215
G01 X58.6387Y17.8442
G01 X58.6255Y17.8812
G01 X58.5715Y18.0117
G01 X58.5617Y18.0331
G01 X58.5430Y18.0676
G01 X58.4692Y18.1880
G01 X58.4562Y18.2077
G01 X58.4348Y18.2358
G01 X58.3406Y18.3462
G01 X58.3136Y18.3747
G01 X58.2962Y18.3906
G01 X58.1888Y18.4823
G01 X58.1577Y18.5062
G01 X58.1380Y18.5192
G01 X58.0176Y18.5930
G01 X57.9831Y18.6117
G01 X57.9617Y18.6215
G01 X57.8312Y18.6755
G01 X57.7942Y18.6887
G01 X57.7715Y18.6949
G01 X57.6342Y18.7279
G01 X57.5956Y18.7351
G01 X57.5722Y18.7377
G01 X57.4314Y18.7488
G01 X57.4000Y18.7500
G01 X55.6000Y18.7500
G01 X55.5686Y18.7488
G01 X55.4239Y18.7373
G01 X55.3889Y18.7326
G01 X55.3697Y18.7287
G01 X55.2285Y18.6949
G01 X55.2058Y18.6887
G01 X55.1725Y18.6770
G01 X55.0383Y18.6215
G01 X55.0169Y18.6117
G01 X54.9858Y18.5950
G01 X54.8620Y18.5192
G01 X54.8423Y18.5062
G01 X54.8112Y18.4823
G01 X54.7009Y18.3880
G01 X54.6753Y18.3636
G01 X54.6594Y18.3462
G01 X54.5677Y18.2388
G01 X54.5438Y18.2077
G01 X54.5308Y18.1880
G01 X54.4570Y18.0676
G01 X54.4383Y18.0331
G01 X54.4285Y18.0117
G01 X54.3745Y17.8812
G01 X54.3613Y17.8442
G01 X54.3551Y17.8215
G01 X54.3213Y17.6803
G01 X54.3149Y17.6456
G01 X54.3127Y17.6261
G01 X54.3012Y17.4814
G01 X54.3000Y17.4500
G01 X54.3000Y14.5500
G01 X54.3012Y14.5186
G01 X54.3127Y14.3739
G01 X54.3149Y14.3544
G01 X54.3213Y14.3197
G01 X54.3551Y14.1785
G01 X54.3613Y14.1558
G01 X54.3730Y14.1224
G01 X54.4285Y13.9883
G01 X54.4383Y13.9669
G01 X54.4550Y13.9358
G01 X54.5308Y13.8120
G01 X54.5438Y13.7923
G01 X54.5652Y13.7642
G01 X54.6594Y13.6538
G01 X54.6864Y13.6253
G01 X54.7038Y13.6094
G01 X54.8112Y13.5177
G01 X54.8423Y13.4938
G01 X54.8620Y13.4808
G01 X54.9824Y13.4070
G01 X55.0169Y13.3883
G01 X55.0383Y13.3785
G01 X55.1688Y13.3245
G01 X55.2058Y13.3113
G01 X55.2285Y13.3051
G01 X55.3697Y13.2713
G01 X55.3889Y13.2674
G01 X55.4161Y13.2634
G01 X55.5686Y13.2512
G01 X55.6000Y13.2500
G01 X57.4000Y13.2500
G01 X57.4314Y13.2512
G01 X57.5761Y13.2627
G01 X57.6111Y13.2674
G01 X57.6303Y13.2713
G01 X57.7753Y13.3061
G01 X57.8091Y13.3162
G01 X57.8312Y13.3245
G01 X57.9617Y13.3785
G01 X57.9971Y13.3954
G01 X58.0176Y13.4070
G01 X58.1380Y13.4808
G01 X58.1704Y13.5030
G01 X58.1888Y13.5177
G01 X58.2991Y13.6120
G01 X58.3247Y13.6364
G01 X58.3406Y13.6538
G01 X58.4348Y13.7642
G01 X58.4562Y13.7923
G01 X58.4692Y13.8120
G01 X58.5450Y13.9358
G01 X58.5617Y13.9669
G01 X58.5715Y13.9883
G01 X58.6270Y14.1224
G01 X58.6387Y14.1558
G01 X58.6449Y14.1785
G01 X58.6779Y14.3158
G01 X58.6826Y14.3389
G01 X58.6866Y14.3661
G01 X58.6988Y14.5186
G00 Z20.0000
G00 X58.7000Y15.5754
G01 Z20.0000
G01 X59.3270Y14.2498
G01 X59.6566Y13.6999
G00 Z20.0000
G00 X60.0189Y13.8726
G01 Z20.0000
G01 X59.6797Y14.4384
G01 X58.7000Y16.5099
G01 X58.7000Y17.4443
G01 X60.0325Y14.6270
G01 X60.4397Y13.9475
G00 Z20.0000
G00 X60.9428Y13.8853
G01 Z20.0000
G01 X60.3853Y14.8155
G01 X57.6412Y20.6174
G01 X55.4790Y26.6602
G01 X53.9196Y32.8860
G01 X53.7711Y33.8869
G00 Z20.0000
G00 X53.2501Y35.0098
G01 Z20.0000
G01 X53.2505Y34.9804
G01 X53.2566Y34.8628
G01 X53.2594Y34.8384
G01 X53.2770Y34.7219
G01 X53.2822Y34.6980
G01 X53.3111Y34.5838
G01 X53.3186Y34.5604
G01 X53.3586Y34.4497
G01 X53.3683Y34.4272
G01 X53.4190Y34.3208
G01 X53.4309Y34.2994
G01 X53.4917Y34.1985
G01 X53.5057Y34.1784
G01 X53.5761Y34.0840
G01 X53.5920Y34.0653
G01 X53.6713Y33.9782
G01 X53.6889Y33.9612
G01 X53.7764Y33.8823
G01 X53.7956Y33.8671
G01 X53.8904Y33.7971
G01 X53.9110Y33.7839
G01 X54.0122Y33.7236
G01 X54.0340Y33.7124
G01 X54.1406Y33.6623
G01 X54.1634Y33.6533
G01 X54.2744Y33.6139
G01 X54.2980Y33.6072
G01 X54.4123Y33.5789
G01 X54.4365Y33.5745
G01 X54.5530Y33.5575
G01 X54.5775Y33.5555
G01 X54.6951Y33.5501
G01 X54.7196Y33.5505
G01 X54.8372Y33.5566
G01 X54.8616Y33.5594
G01 X54.9781Y33.5770
G01 X55.0020Y33.5822
G01 X55.1162Y33.6111
G01 X55.1396Y33.6186
G01 X55.2503Y33.6586
G01 X55.2728Y33.6683
G01 X55.3792Y33.7190
G01 X55.4006Y33.7309
G01 X55.5015Y33.7917
G01 X55.5216Y33.8057
G01 X55.6160Y33.8761
G01 X55.6347Y33.8920
G01 X55.7218Y33.9713
G01 X55.7388Y33.9889
G01 X55.8177Y34.0764
G01 X55.8329Y34.0956
G01 X55.9029Y34.1904
G01 X55.9161Y34.2110
G01 X55.9764Y34.3122
G01 X55.9876Y34.3340
G01 X56.0377Y34.4406
G01 X56.0467Y34.4634
G01 X56.0861Y34.5744
G01 X56.0928Y34.5980
G01 X56.1211Y34.7123
G01 X56.1255Y34.7365
G01 X56.1425Y34.8530
G01 X56.1445Y34.8775
G01 X56.1499Y34.9951
G01 X56.1495Y35.0196
G01 X56.1434Y35.1372
G01 X56.1406Y35.1616
G01 X56.1230Y35.2781
G01 X56.1178Y35.3020
G01 X56.0889Y35.4162
G01 X56.0814Y35.4396
G01 X56.0414Y35.5503
G01 X56.0317Y35.5728
G01 X55.9810Y35.6792
G01 X55.9691Y35.7006
G01 X55.9083Y35.8015
G01 X55.8943Y35.8216
G01 X55.8239Y35.9160
G01 X55.8080Y35.9347
G01 X55.7287Y36.0218
G01 X55.7111Y36.0388
G01 X55.6236Y36.1177
G01 X55.6044Y36.1329
G01 X55.5096Y36.2029
G01 X55.4890Y36.2161
G01 X55.3878Y36.2764
G01 X55.3660Y36.2876
G01 X55.2594Y36.3377
G01 X55.2366Y36.3467
G01 X55.1256Y36.3861
G01 X55.1020Y36.3928
G01 X54.9877Y36.4211
G01 X54.9635Y36.4255
G01 X54.8470Y36.4425
G01 X54.8225Y36.4445
G01 X54.7049Y36.4499
G01 X54.6804Y36.4495
G01 X54.5628Y36.4434
G01 X54.5384Y36.4406
G01 X54.4219Y36.4230
G01 X54.3980Y36.4178
G01 X54.2838Y36.3889
G01 X54.2604Y36.3814
G01 X54.1497Y36.3414
G01 X54.1272Y36.3317
G01 X54.0208Y36.2810
G01 X53.9994Y36.2691
G01 X53.8985Y36.2083
G01 X53.8784Y36.1943
G01 X53.7840Y36.1239
G01 X53.7653Y36.1080
G01 X53.6782Y36.0287
G01 X53.6612Y36.0111
G01 X53.5823Y35.9236
G01 X53.5671Y35.9044
G01 X53.4971Y35.8096
G01 X53.4839Y35.7890
G01 X53.4236Y35.6878
G01 X53.4124Y35.6660
G01 X53.3623Y35.5594
G01 X53.3533Y35.5366
G01 X53.3139Y35.4256
G01 X53.3072Y35.4020
G01 X53.2789Y35.2877
G01 X53.2745Y35.2635
G01 X53.2575Y35.1470
G01 X53.2555Y35.1225
G01 X53.2501Y35.0098
G00 Z20.0000
G00 X53.4880Y35.7956
G01 Z20.0000
G01 X52.9778Y39.2345
G01 X52.8549Y41.7371
G00 Z20.0000
G00 X53.2635Y41.5629
G01 Z20.0000
G01 X53.3759Y39.2737
G01 X53.8372Y36.1638
G00 Z20.0000
G00 X54.2114Y36.3639
G01 Z20.0000
G01 X53.7740Y39.3130
G01 X53.6660Y41.5101
G00 Z20.0000
G00 X54.0634Y41.5646
G01 Z20.0000
G01 X54.1721Y39.3522
G01 X54.6032Y36.4457
G00 Z20.0000
G00 X55.0116Y36.4155
G01 Z20.0000
G01 X54.5701Y39.3914
G01 X54.4552Y41.7311
G00 Z20.0000
G00 X54.8393Y42.0551
G01 Z20.0000
G01 X54.9682Y39.4306
G01 X55.4407Y36.2451
G00 Z20.0000
G00 X55.9111Y35.7971
G01 Z20.0000
G01 X55.3663Y39.4698
G01 X55.2500Y41.8365
G00 Z20.0000
G00 X52.4366Y42.1099
G01 Z20.0000
G01 X52.5798Y39.1953
G01 X53.5272Y32.8079
G01 X55.0962Y26.5441
G01 X57.2716Y20.4643
G01 X58.2228Y18.4532
G00 Z20.0000
G00 X57.6531Y18.7233
G01 Z20.0000
G01 X56.9021Y20.3112
G01 X54.7135Y26.4280
G01 X53.1349Y32.7299
G01 X52.1817Y39.1561
G01 X52.0507Y41.8222
G00 Z20.0000
G00 X51.6612Y41.6089
G01 Z20.0000
G01 X51.7836Y39.1169
G01 X52.7426Y32.6518
G01 X54.3307Y26.3119
G01 X56.5325Y20.1581
G01 X57.1985Y18.7500
G01 X56.7566Y18.7500
G01 X56.1630Y20.0051
G01 X53.9479Y26.1958
G01 X52.3503Y32.5738
G01 X51.3855Y39.0777
G01 X51.2657Y41.5169
G00 Z20.0000
G00 X50.8650Y41.5323
G01 Z20.0000
G01 X50.9875Y39.0385
G01 X51.9580Y32.4958
G01 X53.5651Y26.0797
G01 X55.7934Y19.8520
G01 X56.3146Y18.7500
G01 X55.8727Y18.7500
G01 X55.4239Y19.6989
G01 X53.7000Y24.5169
G01 X53.7000Y23.3310
G01 X55.0543Y19.5459
G01 X55.4363Y18.7383
G00 Z20.0000
G00 X55.0477Y18.6254
G01 Z20.0000
G01 X54.6848Y19.3928
G01 X53.6627Y22.2494
G00 Z20.0000
G00 X53.6990Y22.5215
G01 Z20.0000
G01 X53.7000Y22.5500
G01 X53.7000Y25.4500
G01 X53.6988Y25.4814
G01 X53.6866Y25.6339
G01 X53.6826Y25.6611
G01 X53.6787Y25.6803
G01 X53.6449Y25.8215
G01 X53.6387Y25.8442
G01 X53.6255Y25.8812
G01 X53.5715Y26.0117
G01 X53.5617Y26.0331
G01 X53.5430Y26.0676
G01 X53.4692Y26.1880
G01 X53.4562Y26.2077
G01 X53.4348Y26.2358
G01 X53.3406Y26.3462
G01 X53.3136Y26.3747
G01 X53.2962Y26.3906
G01 X53.1888Y26.4823
G01 X53.1577Y26.5062
G01 X53.1380Y26.5192
G01 X53.0176Y26.5930
G01 X52.9831Y26.6117
G01 X52.9617Y26.6215
G01 X52.8312Y26.6755
G01 X52.7942Y26.6887
G01 X52.7715Y26.6949
G01 X52.6342Y26.7279
G01 X52.5956Y26.7351
G01 X52.5722Y26.7377
G01 X52.4314Y26.7488
G01 X52.4000Y26.7500
G01 X50.6000Y26.7500
G01 X50.5686Y26.7488
G01 X50.4239Y26.7373
G01 X50.3889Y26.7326
G01 X50.3697Y26.7287
G01 X50.2285Y26.6949
G01 X50.2058Y26.6887
G01 X50.1725Y26.6770
G01 X50.0383Y26.6215
G01 X50.0169Y26.6117
G01 X49.9858Y26.5950
G01 X49.8620Y26.5192
G01 X49.8423Y26.5062
G01 X49.8112Y26.4823
G01 X49.7009Y26.3880
G01 X49.6753Y26.3636
G01 X49.6594Y26.3462
G01 X49.5677Y26.2388
G01 X49.5438Y26.2077
G01 X49.5308Y26.1880
G01 X49.4570Y26.0676
G01 X49.4383Y26.0331
G01 X49.4285Y26.0117
G01 X49.3745Y25.8812
G01 X49.3613Y25.8442
G01 X49.3551Y25.8215
G01 X49.3213Y25.6803
G01 X49.3149Y25.6456
G01 X49.3127Y25.6261
G01 X49.3012Y25.4814
G01 X49.3000Y25.4500
G01 X49.3000Y22.5500
G01 X49.3012Y22.5186
G01 X49.3127Y22.3739
G01 X49.3149Y22.3544
G01 X49.3213Y22.3197
G01 X49.3551Y22.1785
G01 X49.3613Y22.1558
G01 X49.3730Y22.1224
G01 X49.4285Y21.9883
G01 X49.4383Y21.9669
G01 X49.4550Y21.9358
G01 X49.5308Y21.8120
G01 X49.5438Y21.7923
G01 X49.5652Y21.7642
G01 X49.6594Y21.6538
G01 X49.6864Y21.6253
G01 X49.7038Y21.6094
G01 X49.8112Y21.5177
G01 X49.8423Y21.4938
G01 X49.8620Y21.4808
G01 X49.9824Y21.4070
G01 X50.0169Y21.3883
G01 X50.0383Y21.3785
G01 X50.1688Y21.3245
G01 X50.2058Y21.3113
G01 X50.2285Y21.3051
G01 X50.3697Y21.2713
G01 X50.3889Y21.2674
G01 X50.4161Y21.2634
G01 X50.5686Y21.2512
G01 X50.6000Y21.2500
G01 X52.4036Y21.2500
G01 X52.4285Y21.2510
G01 X52.5566Y21.2602
G01 X52.5779Y21.2623
G01 X52.6131Y21.2683
G01 X52.7386Y21.2956
G01 X52.7594Y21.3008
G01 X52.7933Y21.3117
G01 X52.9137Y21.3566
G01 X52.9335Y21.3646
G01 X52.9656Y21.3803
G01 X53.0783Y21.4418
G01 X53.0968Y21.4526
G01 X53.1263Y21.4727
G01 X53.2291Y21.5496
G01 X53.2566Y21.5723
G01 X53.2722Y21.5870
G01 X53.3630Y21.6778
G01 X53.3777Y21.6934
G01 X53.3960Y21.7153
G01 X53.4773Y21.8237
G01 X53.4974Y21.8532
G01 X53.5082Y21.8717
G01 X53.5697Y21.9844
G01 X53.5854Y22.0165
G01 X53.5934Y22.0363
G01 X53.6383Y22.1567
G01 X53.6452Y22.1769
G01 X53.6544Y22.2114
G01 X53.6817Y22.3369
G01 X53.6856Y22.3579
G01 X53.6892Y22.3863
G01 X53.6990Y22.5215
G00 Z20.0000
G00 X53.4187Y21.7454
G01 Z20.0000
G01 X54.3152Y19.2397
G01 X54.7131Y18.3985
G00 Z20.0000
G00 X54.4412Y18.0389
G01 Z20.0000
G01 X53.9457Y19.0866
G01 X53.0987Y21.4538
G00 Z20.0000
G00 X52.7315Y21.2941
G01 Z20.0000
G01 X53.5761Y18.9336
G01 X54.3000Y17.4031
G01 X53.7000Y16.8028
G01 X54.3000Y15.5342
G01 X53.7000Y15.8684
G01 X54.3000Y14.5998
G01 X54.3000Y16.4686
G01 X53.5803Y17.9902
G00 Z20.0000
G00 X53.5468Y18.0611
G01 Z20.0000
G01 X53.2066Y18.7805
G01 X52.3230Y21.2500
G01 X51.8986Y21.2500
G01 X52.8180Y18.6806
G00 Z20.0000
G00 X52.3688Y18.7500
G01 Z20.0000
G01 X51.4743Y21.2500
G01 X51.0500Y21.2500
G01 X51.9445Y18.7500
G01 X51.5202Y18.7500
G01 X50.6257Y21.2500
G00 Z20.0000
G00 X50.1757Y21.3218
G01 Z20.0000
G01 X51.0959Y18.7500
G01 X50.6715Y18.7500
G01 X49.6131Y21.7080
G00 Z20.0000
G00 X47.2311Y21.2500
G01 Z20.0000
G01 X48.2358Y18.4422
G00 Z20.0000
G00 X47.7163Y18.7082
G01 Z20.0000
G01 X46.8068Y21.2500
G01 X46.3825Y21.2500
G01 X47.2770Y18.7500
G01 X46.8526Y18.7500
G01 X45.9581Y21.2500
G00 Z20.0000
G00 X45.5323Y21.2541
G01 Z20.0000
G01 X46.4283Y18.7500
G01 X46.0040Y18.7500
G01 X45.0679Y21.3663
G00 Z20.0000
G00 X49.3000Y25.0204
G01 Z20.0000
G01 X47.6425Y31.6374
G01 X47.2811Y34.0738
G00 Z20.0000
G00 X47.7408Y33.6975
G01 Z20.0000
G01 X48.0348Y31.7154
G01 X49.4518Y26.0587
G00 Z20.0000
G00 X49.7670Y26.4445
G01 Z20.0000
G01 X48.4272Y31.7935
G01 X48.1732Y33.5054
G00 Z20.0000
G00 X48.5853Y33.4501
G01 Z20.0000
G01 X48.8195Y31.8715
G01 X50.1255Y26.6576
G00 Z20.0000
G00 X50.5156Y26.7446
G01 Z20.0000
G01 X49.2118Y31.9495
G01 X48.9812Y33.5040
G00 Z20.0000
G00 X49.3615Y33.6629
G01 Z20.0000
G01 X49.6041Y32.0276
G01 X50.9261Y26.7500
G01 X51.3379Y26.7500
G01 X49.9964Y32.1056
G01 X49.7222Y33.9542
G00 Z20.0000
G00 X50.0453Y34.4986
G01 Z20.0000
G01 X50.3887Y32.1836
G01 X51.7498Y26.7500
G01 X52.1616Y26.7500
G01 X50.7810Y32.2617
G01 X49.7932Y38.9209
G01 X49.6452Y41.9354
G01 X50.0447Y41.9446
G01 X50.1913Y38.9601
G01 X51.1734Y32.3397
G01 X52.5767Y26.7373
G00 Z20.0000
G00 X53.0260Y26.5878
G01 Z20.0000
G01 X51.5657Y32.4177
G01 X50.5894Y38.9993
G01 X50.4587Y41.6597
G01 X49.2583Y41.6677
G01 X49.3952Y38.8817
G01 X49.8367Y35.9052
G00 Z20.0000
G00 X49.3694Y36.3323
G01 Z20.0000
G01 X48.9971Y38.8425
G01 X48.8647Y41.5367
G00 Z20.0000
G00 X48.4658Y41.5151
G01 Z20.0000
G01 X48.5990Y38.8033
G01 X48.9397Y36.5063
G00 Z20.0000
G00 X48.5297Y36.5480
G01 Z20.0000
G01 X48.2009Y38.7641
G01 X48.0616Y41.6007
G00 Z20.0000
G00 X47.6508Y41.8211
G01 Z20.0000
G01 X47.8029Y38.7249
G01 X48.1352Y36.4847
G00 Z20.0000
G00 X47.7569Y36.3121
G01 Z20.0000
G01 X47.4048Y38.6856
G01 X47.2382Y42.0768
G00 Z20.0000
G00 X46.8546Y41.7428
G01 Z20.0000
G01 X47.0067Y38.6464
G01 X47.3989Y36.0028
G01 X46.9588Y36.2466
G01 X46.6087Y38.6072
G01 X46.4631Y41.5695
G00 Z20.0000
G00 X46.0660Y41.5108
G01 Z20.0000
G01 X46.2106Y38.5680
G01 X46.5214Y36.4725
G00 Z20.0000
G00 X46.1064Y36.5472
G01 Z20.0000
G01 X45.8125Y38.5288
G01 X45.6637Y41.5578
G00 Z20.0000
G00 X45.2555Y41.7247
G01 Z20.0000
G01 X45.4144Y38.4896
G01 X45.7076Y36.5132
G00 Z20.0000
G00 X45.3243Y36.3745
G01 Z20.0000
G01 X45.0164Y38.4504
G01 X44.8380Y42.0815
G01 X44.4500Y41.8365
G01 X44.6183Y38.4112
G01 X44.9595Y36.1107
G01 X44.5518Y36.1368
G01 X44.2202Y38.3720
G01 X44.0608Y41.6159
G00 Z20.0000
G00 X43.6656Y41.5191
G01 Z20.0000
G01 X43.8221Y38.3328
G01 X44.1048Y36.4269
G00 Z20.0000
G00 X43.6844Y36.5382
G01 Z20.0000
G01 X43.4241Y38.2936
G01 X43.2651Y41.5293
G00 Z20.0000
G00 X42.8592Y41.6500
G01 Z20.0000
G01 X43.0260Y38.2544
G01 X43.2813Y36.5331
G00 Z20.0000
G00 X42.8933Y36.4261
G01 Z20.0000
G01 X42.6279Y38.2152
G01 X42.4456Y41.9256
G01 X42.0443Y41.9528
G01 X42.0572Y41.6909
G00 Z20.0000
G00 X42.1492Y39.8175
G01 Z20.0000
G01 X42.2298Y38.1760
G01 X42.5225Y36.2028
G01 X42.1497Y35.9932
G01 X41.8318Y38.1368
G01 X41.7663Y39.4702
G00 Z20.0000
G00 X41.3746Y39.3003
G01 Z20.0000
G01 X41.4337Y38.0975
G01 X41.6904Y36.3671
G00 Z20.0000
G00 X41.2638Y36.5199
G01 Z20.0000
G01 X41.0356Y38.0583
G01 X40.9770Y39.2506
G00 Z20.0000
G00 X40.5739Y39.3141
G01 Z20.0000
G01 X40.6375Y38.0191
G01 X40.8562Y36.5454
G00 Z20.0000
G00 X40.4639Y36.4672
G01 Z20.0000
G01 X40.2395Y37.9799
G01 X40.1640Y39.5163
G00 Z20.0000
G00 X39.7411Y39.9824
G01 Z20.0000
G01 X39.8414Y37.9407
G01 X40.0876Y36.2809
G00 Z20.0000
G00 X39.7334Y35.9458
G01 Z20.0000
G01 X39.4433Y37.9015
G01 X39.2540Y41.7544
G00 Z20.0000
G00 X38.8629Y41.5747
G01 Z20.0000
G01 X39.0452Y37.8623
G01 X39.2784Y36.2905
G00 Z20.0000
G00 X38.8449Y36.4900
G01 Z20.0000
G01 X38.6472Y37.8231
G01 X38.4660Y41.5118
G00 Z20.0000
G00 X38.0639Y41.5527
G01 Z20.0000
G01 X38.2491Y37.7839
G01 X38.4322Y36.5498
G00 Z20.0000
G00 X38.0356Y36.5002
G01 Z20.0000
G01 X37.8510Y37.7447
G01 X37.6561Y41.7124
G00 Z20.0000
G00 X37.2392Y42.0568
G01 Z20.0000
G01 X37.4530Y37.7055
G01 X37.6545Y36.3467
G00 Z20.0000
G00 X37.2928Y36.0623
G01 Z20.0000
G01 X37.0549Y37.6663
G01 X36.8493Y41.8509
G00 Z20.0000
G00 X36.4605Y41.6230
G01 Z20.0000
G01 X36.6568Y37.6271
G01 X36.8695Y36.1929
G00 Z20.0000
G00 X36.4277Y36.4488
G01 Z20.0000
G01 X36.2587Y37.5879
G01 X36.0655Y41.5220
G00 Z20.0000
G00 X35.6652Y41.5263
G01 Z20.0000
G01 X35.8607Y37.5486
G01 X36.0097Y36.5441
G00 Z20.0000
G00 X35.6086Y36.5253
G01 Z20.0000
G01 X35.4626Y37.5094
G01 X35.2596Y41.6403
G00 Z20.0000
G00 X34.8466Y41.9066
G01 Z20.0000
G01 X35.0645Y37.4702
G01 X35.2229Y36.4023
G00 Z20.0000
G00 X34.8548Y36.1609
G01 Z20.0000
G01 X34.6664Y37.4310
G01 X34.4434Y41.9716
G00 Z20.0000
G00 X34.0574Y41.6863
G01 Z20.0000
G01 X34.2684Y37.3918
G01 X34.4653Y36.0645
G00 Z20.0000
G00 X34.0123Y36.3951
G01 Z20.0000
G01 X33.8703Y37.3526
G01 X33.6643Y41.5448
G00 Z20.0000
G00 X33.2659Y41.5132
G01 Z20.0000
G01 X33.4722Y37.3134
G01 X33.5886Y36.5287
G00 Z20.0000
G00 X33.1828Y36.5419
G01 Z20.0000
G01 X33.0741Y37.2742
G01 X32.8623Y41.5862
G00 Z20.0000
G00 X32.4523Y41.7903
G01 Z20.0000
G01 X32.6761Y37.2350
G01 X32.7927Y36.4489
G00 Z20.0000
G00 X32.4190Y36.2450
G01 Z20.0000
G01 X32.2780Y37.1958
G01 X32.1338Y40.1317
G00 Z20.0000
G00 X31.7592Y39.6141
G01 Z20.0000
G01 X31.8799Y37.1566
G01 X32.0678Y35.8903
G00 Z20.0000
G00 X31.5992Y36.3265
G01 Z20.0000
G01 X31.4818Y37.1174
G01 X31.3713Y39.3676
G00 Z20.0000
G00 X30.9765Y39.2616
G01 Z20.0000
G01 X31.0838Y37.0782
G01 X31.1689Y36.5040
G00 Z20.0000
G00 X30.7585Y36.5484
G01 Z20.0000
G01 X30.6857Y37.0390
G01 X30.5762Y39.2686
G00 Z20.0000
G00 X30.1699Y39.3954
G01 Z20.0000
G01 X30.2876Y36.9998
G01 X30.3637Y36.4871
G00 Z20.0000
G00 X29.9850Y36.3170
G01 Z20.0000
G01 X29.8895Y36.9605
G01 X29.7552Y39.6955
G00 Z20.0000
G00 X29.6618Y41.5973
G01 Z20.0000
G01 X29.6403Y42.0335
G01 X29.2485Y41.8663
G01 X29.4915Y36.9213
G01 X29.6265Y36.0112
G00 Z20.0000
G00 X29.3097Y35.4239
G01 Z20.0000
G01 X29.0934Y36.8821
G01 X28.8601Y41.6310
G00 Z20.0000
G00 X26.8424Y41.9923
G01 Z20.0000
G01 X27.0937Y36.8752
G00 Z20.0000
G00 X26.6674Y37.4105
G01 Z20.0000
G01 X26.4569Y41.6965
G00 Z20.0000
G00 X26.0641Y41.5497
G01 Z20.0000
G01 X26.2559Y37.6459
G00 Z20.0000
G00 X25.8511Y37.7426
G01 Z20.0000
G01 X25.6659Y41.5122
G00 Z20.0000
G00 X25.2627Y41.5791
G01 Z20.0000
G01 X25.4518Y37.7287
G00 Z20.0000
G00 X25.0577Y37.6093
G01 Z20.0000
G01 X24.8530Y41.7753
G00 Z20.0000
G00 X24.4345Y42.1519
G01 Z20.0000
G01 X24.6701Y37.3566
G00 Z20.0000
G00 X24.2949Y36.8512
G01 Z20.0000
G01 X24.0528Y41.7794
G00 Z20.0000
G00 X24.2736Y45.4284
G01 Z20.0000
G01 X24.2629Y45.6449
G01 X24.7146Y54.8389
G01 X25.2000Y58.1113
G00 Z20.0000
G00 X25.5912Y58.0258
G01 Z20.0000
G01 X25.1127Y54.7997
G01 X24.6629Y45.6449
G01 X24.6715Y45.4697
G00 Z20.0000
G00 X25.0673Y45.7344
G01 Z20.0000
G01 X25.5107Y54.7605
G01 X25.9981Y58.0457
G00 Z20.0000
G00 X26.4233Y58.1895
G01 Z20.0000
G01 X25.9088Y54.7213
G01 X25.4734Y45.8590
G00 Z20.0000
G00 X25.8741Y45.8723
G01 Z20.0000
G01 X26.3069Y54.6820
G01 X26.8797Y58.5435
G01 X27.2602Y58.3861
G01 X27.1676Y57.7619
G00 Z20.0000
G00 X26.9995Y56.6287
G01 Z20.0000
G01 X26.7050Y54.6428
G01 X26.2695Y45.7782
G00 Z20.0000
G00 X26.6673Y45.5555
G01 Z20.0000
G01 X26.6629Y45.6449
G01 X27.1030Y54.6036
G01 X27.3159Y56.0388
G00 Z20.0000
G00 X27.6762Y55.7448
G01 Z20.0000
G01 X27.5011Y54.5644
G01 X27.2673Y49.8047
G00 Z20.0000
G00 X27.6847Y50.1603
G01 Z20.0000
G01 X27.8992Y54.5252
G01 X28.0575Y55.5923
G00 Z20.0000
G00 X28.4554Y55.5522
G01 Z20.0000
G01 X28.2973Y54.4860
G01 X28.0924Y50.3164
G00 Z20.0000
G00 X28.4939Y50.3459
G01 Z20.0000
G01 X28.6953Y54.4468
G01 X28.8708Y55.6298
G00 Z20.0000
G00 X29.3106Y55.8718
G01 Z20.0000
G01 X29.0934Y54.4076
G01 X28.8898Y50.2634
G00 Z20.0000
G00 X29.2794Y50.0515
G01 Z20.0000
G01 X29.4915Y54.3684
G01 X30.0610Y58.2077
G00 Z20.0000
G00 X30.4434Y58.0629
G01 Z20.0000
G01 X29.8895Y54.3292
G01 X29.6581Y49.6189
G00 Z20.0000
G00 X29.5816Y48.0612
G01 Z20.0000
G01 X29.4629Y45.6449
G01 X29.4807Y45.2838
G01 X29.8668Y45.5659
G01 X29.8629Y45.6449
G01 X30.2876Y54.2900
G01 X30.8411Y58.0215
G00 Z20.0000
G00 X31.2549Y58.0883
G01 Z20.0000
G01 X30.6857Y54.2508
G01 X30.2698Y45.7851
G00 Z20.0000
G00 X30.6742Y45.8743
G01 Z20.0000
G01 X31.0838Y54.2116
G01 X31.6906Y58.3025
G01 X32.1375Y58.5922
G01 X31.4818Y54.1724
G01 X31.0732Y45.8550
G00 Z20.0000
G00 X31.4670Y45.7276
G01 Z20.0000
G01 X31.8799Y54.1331
G01 X32.4938Y58.2717
G00 Z20.0000
G00 X32.8712Y58.0930
G01 Z20.0000
G01 X32.2780Y54.0939
G01 X31.8629Y45.6449
G01 X31.8726Y45.4479
G01 X32.2724Y45.4524
G01 X32.2629Y45.6449
G01 X32.6761Y54.0547
G01 X33.2647Y58.0232
G00 Z20.0000
G00 X33.6737Y58.0571
G01 Z20.0000
G01 X33.0741Y54.0155
G01 X32.6668Y45.7247
G00 Z20.0000
G00 X33.0733Y45.8560
G01 Z20.0000
G01 X33.4722Y53.9763
G01 X34.1019Y58.2212
G00 Z20.0000
G00 X34.5653Y58.6225
G01 Z20.0000
G01 X33.8703Y53.9371
G01 X33.4742Y45.8739
G00 Z20.0000
G00 X33.8698Y45.7852
G01 Z20.0000
G01 X34.2684Y53.8979
G01 X34.9284Y58.3477
G00 Z20.0000
G00 X35.3004Y58.1327
G01 Z20.0000
G01 X34.6664Y53.8587
G01 X34.2629Y45.6449
G01 X34.2666Y45.5709
G01 X34.6794Y45.3102
G01 X34.6629Y45.6449
G01 X35.0645Y53.8195
G01 X35.6895Y58.0327
G00 Z20.0000
G00 X36.0939Y58.0362
G01 Z20.0000
G01 X35.4626Y53.7803
G01 X35.0630Y45.6458
G00 Z20.0000
G00 X35.4717Y45.8242
G01 Z20.0000
G01 X35.8607Y53.7411
G01 X36.5158Y58.1576
G00 Z20.0000
G00 X36.9650Y58.4635
G01 Z20.0000
G01 X36.2587Y53.7019
G01 X35.8745Y45.8799
G00 Z20.0000
G00 X36.2719Y45.8283
G01 Z20.0000
G01 X36.6568Y53.6627
G01 X37.3649Y58.4363
G00 Z20.0000
G00 X37.7312Y58.1827
G01 Z20.0000
G01 X37.0549Y53.6235
G01 X36.6639Y45.6656
G00 Z20.0000
G00 X37.0793Y45.3119
G01 Z20.0000
G01 X37.0629Y45.6449
G01 X37.4530Y53.5843
G01 X38.1154Y58.0503
G00 Z20.0000
G00 X38.5154Y58.0242
G01 Z20.0000
G01 X37.8510Y53.5450
G01 X37.4629Y45.6449
G01 X37.4675Y45.5516
G00 Z20.0000
G00 X37.8694Y45.7778
G01 Z20.0000
G01 X38.2491Y53.5058
G01 X38.9318Y58.1084
G00 Z20.0000
G00 X39.3712Y58.3474
G01 Z20.0000
G01 X38.6472Y53.4666
G01 X38.2741Y45.8730
G00 Z20.0000
G00 X38.6734Y45.8580
G01 Z20.0000
G01 X39.0452Y53.4274
G01 X39.8036Y58.5399
G00 Z20.0000
G00 X40.1633Y58.2420
G01 Z20.0000
G01 X39.4433Y53.3882
G01 X39.0674Y45.7369
G00 Z20.0000
G00 X39.4717Y45.4669
G01 Z20.0000
G01 X39.4629Y45.6449
G01 X39.8414Y53.3490
G01 X40.5429Y58.0780
G00 Z20.0000
G00 X40.9382Y58.0206
G01 Z20.0000
G01 X40.2395Y53.3098
G01 X39.8629Y45.6449
G01 X39.8732Y45.4349
G00 Z20.0000
G00 X40.2664Y45.7150
G01 Z20.0000
G01 X40.6375Y53.2706
G01 X41.3496Y58.0711
G00 Z20.0000
G00 X41.7810Y58.2566
G01 Z20.0000
G01 X41.0356Y53.2314
G01 X40.6731Y45.8530
G00 Z20.0000
G00 X41.0742Y45.8749
G01 Z20.0000
G01 X41.4337Y53.1922
G01 X42.2451Y58.6624
G00 Z20.0000
G00 X42.5970Y58.3117
G01 Z20.0000
G01 X41.8318Y53.1530
G01 X41.4702Y45.7922
G00 Z20.0000
G00 X41.8658Y45.5863
G01 Z20.0000
G01 X41.8629Y45.6449
G01 X42.2298Y53.1138
G01 X42.9716Y58.1143
G00 Z20.0000
G00 X43.3624Y58.0263
G01 Z20.0000
G01 X42.6279Y53.0746
G01 X42.2629Y45.6449
G01 X42.2806Y45.2854
G00 Z20.0000
G00 X42.6634Y45.6341
G01 Z20.0000
G01 X42.6629Y45.6449
G01 X43.0260Y53.0354
G01 X43.7690Y58.0443
G00 Z20.0000
G00 X44.1938Y58.1850
G01 Z20.0000
G01 X43.4241Y52.9961
G01 X43.0715Y45.8191
G00 Z20.0000
G00 X43.4744Y45.8792
G01 Z20.0000
G01 X43.8221Y52.9569
G01 X44.6491Y58.5318
G01 X45.0324Y58.3932
G01 X44.2202Y52.9177
G01 X43.8722Y45.8332
G00 Z20.0000
G00 X44.2645Y45.6773
G01 Z20.0000
G01 X44.6183Y52.8785
G01 X45.4015Y58.1589
G00 Z20.0000
G00 X45.7881Y58.0418
G01 Z20.0000
G01 X45.0164Y52.8393
G01 X44.6629Y45.6449
G01 X44.6781Y45.3362
G01 X45.0682Y45.5372
G01 X45.0629Y45.6449
G01 X45.4144Y52.8001
G01 X46.1898Y58.0273
G00 Z20.0000
G00 X46.6087Y58.1287
G01 Z20.0000
G01 X45.8125Y52.7609
G01 X45.4691Y45.7705
G00 Z20.0000
G00 X45.8740Y45.8709
G01 Z20.0000
G01 X46.2106Y52.7217
G01 X47.0525Y58.3977
G01 X47.4699Y58.4888
G01 X46.6087Y52.6825
G01 X46.2735Y45.8609
G00 Z20.0000
G00 X46.6679Y45.7461
G01 Z20.0000
G01 X47.0067Y52.6433
G01 X47.8328Y58.2124
G00 Z20.0000
G00 X48.2149Y58.0650
G01 Z20.0000
G01 X47.4048Y52.6041
G01 X47.0629Y45.6449
G01 X47.0707Y45.4858
G01 X47.4742Y45.4158
G01 X47.4629Y45.6449
G01 X47.8029Y52.5649
G01 X48.6122Y58.0211
G00 Z20.0000
G00 X49.0257Y58.0855
G01 Z20.0000
G01 X48.2009Y52.5257
G01 X47.8659Y45.7053
G00 Z20.0000
G00 X48.2730Y45.8492
G01 Z20.0000
G01 X48.5990Y52.4865
G01 X49.4607Y58.2951
G01 X49.9100Y58.6018
G01 X48.9971Y52.4473
G01 X48.6743Y45.8759
G00 Z20.0000
G00 X49.0705Y45.7993
G01 Z20.0000
G01 X49.3952Y52.4080
G01 X50.2657Y58.2768
G00 Z20.0000
G00 X50.6428Y58.0960
G01 Z20.0000
G01 X49.7932Y52.3688
G01 X49.4629Y45.6449
G01 X49.4650Y45.6016
G00 Z20.0000
G00 X49.8818Y45.2602
G01 Z20.0000
G01 X49.8629Y45.6449
G01 X50.1913Y52.3296
G01 X51.0359Y58.0236
G00 Z20.0000
G00 X51.4445Y58.0548
G01 Z20.0000
G01 X50.5894Y52.2904
G01 X50.2629Y45.6449
G01 X50.2640Y45.6221
G00 Z20.0000
G00 X50.6712Y45.8135
G01 Z20.0000
G01 X50.9875Y52.2512
G01 X51.8722Y58.2153
G00 Z20.0000
G00 X52.3342Y58.6075
G01 Z20.0000
G01 X51.3855Y52.2120
G01 X51.0744Y45.8782
G00 Z20.0000
G00 X51.4724Y45.8382
G01 Z20.0000
G01 X51.7836Y52.1728
G01 X52.7004Y58.3536
G00 Z20.0000
G00 X53.0720Y58.1359
G01 Z20.0000
G01 X52.1817Y52.1336
G01 X51.8651Y45.6889
G00 Z20.0000
G00 X52.2769Y45.3595
G01 Z20.0000
G01 X52.2629Y45.6449
G01 X52.5798Y52.0944
G01 X53.4608Y58.0340
G00 Z20.0000
G00 X53.8648Y58.0348
G01 Z20.0000
G01 X52.9778Y52.0552
G01 X52.6629Y45.6449
G01 X52.6690Y45.5216
G00 Z20.0000
G00 X53.0687Y45.7627
G01 Z20.0000
G01 X53.3759Y52.0160
G01 X54.2863Y58.1531
G00 Z20.0000
G00 X54.7626Y58.4808
G01 Z20.0000
G01 X54.7042Y58.2477
G01 X53.7740Y51.9768
G01 X53.4739Y45.8680
G00 Z20.0000
G00 X53.8737Y45.8639
G01 Z20.0000
G01 X54.1721Y51.9376
G01 X55.0965Y58.1697
G01 X55.1599Y58.4227
G00 Z20.0000
G00 X55.5116Y58.1825
G01 Z20.0000
G01 X55.4888Y58.0916
G01 X54.5701Y51.8984
G01 X54.2683Y45.7553
G00 Z20.0000
G00 X54.6698Y45.5048
G01 Z20.0000
G01 X54.6629Y45.6449
G01 X54.9682Y51.8592
G01 X55.8811Y58.0136
G01 X55.8906Y58.0513
G00 Z20.0000
G00 X56.2957Y58.0242
G01 Z20.0000
G01 X56.2734Y57.9356
G01 X55.3663Y51.8199
G01 X55.0629Y45.6449
G01 X55.0752Y45.3950
G00 Z20.0000
G00 X55.4654Y45.6948
G01 Z20.0000
G01 X55.7644Y51.7807
G01 X56.6658Y57.8575
G01 X56.7302Y58.1150
G00 Z20.0000
G00 X57.2130Y58.3981
G01 Z20.0000
G01 X57.0581Y57.7795
G01 X56.1624Y51.7415
G01 X55.8727Y45.8445
G00 Z20.0000
G00 X56.2743Y45.8768
G01 Z20.0000
G01 X56.5605Y51.7023
G01 X57.4504Y57.7014
G01 X57.6439Y58.4741
G00 Z20.0000
G00 X57.9906Y58.2137
G01 Z20.0000
G01 X57.8427Y57.6234
G01 X56.9586Y51.6631
G01 X56.6708Y45.8063
G00 Z20.0000
G00 X57.0643Y45.6166
G01 Z20.0000
G01 X57.0629Y45.6449
G01 X57.3566Y51.6239
G01 X58.2350Y57.5454
G01 X58.3657Y58.0673
G00 Z20.0000
G00 X58.7660Y58.0208
G01 Z20.0000
G01 X58.6273Y57.4673
G01 X57.7547Y51.5847
G01 X57.4629Y45.6449
G01 X57.4831Y45.2349
G00 Z20.0000
G00 X57.8647Y45.6088
G01 Z20.0000
G01 X57.8629Y45.6449
G01 X58.1528Y51.5455
G01 X59.0196Y57.3893
G01 X59.1947Y58.0883
G00 Z20.0000
G00 X59.6670Y58.3295
G01 Z20.0000
G01 X59.4120Y57.3113
G01 X58.5509Y51.5063
G01 X58.2709Y45.8069
G00 Z20.0000
G00 X58.6743Y45.8773
G01 Z20.0000
G01 X58.9489Y51.4671
G01 X59.8043Y57.2332
G01 X60.1298Y58.5330
G00 Z20.0000
G00 X60.4707Y58.2496
G01 Z20.0000
G01 X60.1966Y57.1552
G01 X59.3470Y51.4279
G01 X59.0727Y45.8431
G00 Z20.0000
G00 X59.4656Y45.6996
G01 Z20.0000
G01 X59.7451Y51.3887
G01 X60.5889Y57.0772
G01 X60.8410Y58.0836
G00 Z20.0000
G00 X61.2373Y58.0216
G01 Z20.0000
G01 X60.9812Y56.9991
G01 X60.1432Y51.3495
G01 X59.8629Y45.6449
G01 X59.8758Y45.3829
G01 X60.2698Y45.5045
G01 X60.2629Y45.6449
G01 X60.5412Y51.3103
G01 X61.3735Y56.9211
G01 X61.6611Y58.0690
G00 Z20.0000
G00 X62.1233Y58.2699
G01 Z20.0000
G01 X61.7658Y56.8430
G01 X60.9393Y51.2710
G01 X60.6683Y45.7538
G00 Z20.0000
G00 X61.0737Y45.8650
G01 Z20.0000
G01 X61.3374Y51.2318
G01 X62.1582Y56.7650
G01 X62.6162Y58.5938
G00 Z20.0000
G00 X62.9511Y58.2866
G01 Z20.0000
G01 X62.5505Y56.6870
G01 X61.7355Y51.1926
G01 X61.4738Y45.8668
G00 Z20.0000
G00 X61.8688Y45.7638
G01 Z20.0000
G01 X62.1335Y51.1534
G01 X62.9428Y56.6089
G01 X63.3175Y58.1050
G00 Z20.0000
G00 X63.7093Y58.0250
G01 Z20.0000
G01 X63.3351Y56.5309
G01 X62.5316Y51.1142
G01 X62.2629Y45.6449
G01 X62.2689Y45.5234
G01 X62.6762Y45.3740
G01 X62.6629Y45.6449
G01 X62.9297Y51.0750
G01 X63.7274Y56.4529
G01 X64.1277Y58.0509
G00 Z20.0000
G00 X64.5823Y58.2214
G01 Z20.0000
G01 X64.1197Y56.3748
G01 X63.3278Y51.0358
G01 X63.0648Y45.6828
G00 Z20.0000
G00 X63.4725Y45.8394
G01 Z20.0000
G01 X63.7258Y50.9966
G01 X64.5120Y56.2968
G01 X65.1212Y58.7286
G00 Z20.0000
G00 X62.5914Y61.7831
G01 Z20.0000
G01 X62.7518Y62.4233
G01 X64.6627Y67.7640
G01 X67.0879Y72.8916
G01 X70.0040Y77.7568
G01 X73.3829Y82.3128
G01 X73.6996Y82.6622
G00 Z20.0000
G00 X73.3817Y82.9064
G01 Z20.0000
G01 X73.0737Y82.5666
G01 X69.6714Y77.9791
G01 X66.7351Y73.0802
G01 X64.2931Y67.9170
G01 X62.3690Y62.5394
G01 X62.2467Y62.0511
G00 Z20.0000
G00 X61.8885Y62.2653
G01 Z20.0000
G01 X61.9862Y62.6555
G01 X63.9236Y68.0701
G01 X66.3823Y73.2687
G01 X69.3388Y78.2013
G01 X72.6006Y82.5994
G00 Z20.0000
G00 X71.9941Y82.4522
G01 Z20.0000
G01 X69.0062Y78.4235
G01 X66.0296Y73.4573
G01 X63.5540Y68.2232
G01 X61.6034Y62.7717
G01 X61.5034Y62.3724
G00 Z20.0000
G00 X61.0929Y62.3778
G01 Z20.0000
G01 X61.2207Y62.8878
G01 X63.1845Y68.3763
G01 X65.6768Y73.6458
G01 X68.6736Y78.6457
G01 X71.5357Y82.5048
G00 Z20.0000
G00 X71.1565Y82.6641
G01 Z20.0000
G01 X68.3410Y78.8680
G01 X65.3240Y73.8344
G01 X62.8149Y68.5293
G01 X60.8379Y63.0039
G01 X60.6504Y62.2553
G00 Z20.0000
G00 X60.1491Y61.8982
G01 Z20.0000
G01 X60.4551Y63.1200
G01 X62.4454Y68.6824
G01 X64.9713Y74.0229
G01 X68.0084Y79.0902
G01 X70.8400Y82.9081
G01 X70.1442Y82.6407
G01 X67.6759Y79.3124
G01 X64.6185Y74.2115
G01 X62.0758Y68.8355
G01 X60.0723Y63.2361
G01 X59.7633Y62.0025
G00 Z20.0000
G00 X59.4100Y62.2362
G01 Z20.0000
G01 X59.6896Y63.3522
G01 X61.7063Y68.9886
G01 X64.2657Y74.4001
G01 X67.3433Y79.5346
G01 X69.5091Y82.4549
G00 Z20.0000
G00 X69.0404Y82.4936
G01 Z20.0000
G01 X67.0107Y79.7569
G01 X63.9130Y74.5886
G01 X61.3367Y69.1416
G01 X59.3068Y63.4683
G01 X59.0298Y62.3625
G00 Z20.0000
G00 X58.6235Y62.3848
G01 Z20.0000
G01 X58.9240Y63.5845
G01 X60.9672Y69.2947
G01 X63.5602Y74.7772
G01 X66.6781Y79.9791
G01 X68.6532Y82.6422
G00 Z20.0000
G00 X68.3312Y82.8787
G01 Z20.0000
G01 X66.3455Y80.2013
G01 X63.2074Y74.9657
G01 X60.5976Y69.4478
G01 X58.5412Y63.7006
G01 X58.1871Y62.2869
G00 Z20.0000
G00 X57.7003Y61.9877
G01 Z20.0000
G01 X58.1585Y63.8167
G01 X60.2281Y69.6008
G01 X62.8546Y75.1543
G01 X66.0129Y80.4236
G01 X68.0731Y83.2015
G00 Z20.0000
G00 X67.0279Y82.4627
G01 Z20.0000
G01 X65.6803Y80.6458
G01 X62.5019Y75.3429
G01 X59.8585Y69.7539
G01 X57.7757Y63.9328
G01 X57.2794Y61.9517
G00 Z20.0000
G00 X56.9314Y62.2065
G01 Z20.0000
G01 X57.3929Y64.0489
G01 X58.4430Y66.9837
G00 Z20.0000
G00 X57.9319Y66.7411
G01 Z20.0000
G01 X57.0101Y64.1650
G01 X56.5549Y62.3476
G00 Z20.0000
G00 X56.1532Y62.3882
G01 Z20.0000
G01 X56.6273Y64.2811
G01 X57.4945Y66.7047
G00 Z20.0000
G00 X57.1017Y66.7927
G01 Z20.0000
G01 X56.2446Y64.3973
G01 X55.7227Y62.3140
G00 Z20.0000
G00 X55.2477Y62.0618
G01 Z20.0000
G01 X55.8618Y64.5134
G01 X56.7481Y66.9903
G00 Z20.0000
G00 X56.4218Y67.2644
G01 Z20.0000
G01 X55.4790Y64.6295
G01 X54.7940Y61.8948
G00 Z20.0000
G00 X54.4514Y62.1712
G01 Z20.0000
G01 X55.0962Y64.7456
G01 X55.8333Y66.8056
G00 Z20.0000
G00 X55.3723Y66.7031
G01 Z20.0000
G01 X54.7135Y64.8617
G01 X54.0796Y62.3313
G00 Z20.0000
G00 X53.6823Y62.3894
G01 Z20.0000
G01 X54.3307Y64.9778
G01 X54.9621Y66.7426
G00 Z20.0000
G00 X54.5919Y66.8936
G01 Z20.0000
G01 X53.9479Y65.0939
G01 X53.2570Y62.3355
G00 Z20.0000
G00 X52.7922Y62.1241
G01 Z20.0000
G01 X53.5651Y65.2101
G01 X54.2632Y67.1610
G00 Z20.0000
G00 X53.9946Y67.5962
G01 Z20.0000
G01 X53.1824Y65.3262
G01 X52.3079Y61.8352
G00 Z20.0000
G00 X51.9712Y62.1351
G01 Z20.0000
G01 X52.7996Y65.4423
G01 X55.0543Y71.7439
G01 X56.5676Y74.9434
G00 Z20.0000
G00 X56.8861Y74.6824
G01 Z20.0000
G01 X55.4239Y71.5908
G01 X54.6105Y69.3175
G00 Z20.0000
G00 X55.0942Y69.4836
G01 Z20.0000
G01 X55.7934Y71.4377
G01 X57.2498Y74.5169
G00 Z20.0000
G00 X57.6608Y74.4514
G01 Z20.0000
G01 X56.1630Y71.2847
G01 X55.5179Y69.4818
G00 Z20.0000
G00 X55.8999Y69.3636
G01 Z20.0000
G01 X56.5325Y71.1316
G01 X58.1311Y74.5115
G00 Z20.0000
G00 X58.7302Y74.8437
G01 Z20.0000
G01 X56.9021Y70.9785
G01 X56.2421Y69.1340
G01 X56.6705Y69.1454
G01 X57.2716Y70.8254
G01 X60.0325Y76.6628
G01 X63.3522Y82.2014
G01 X63.6761Y82.6380
G00 Z20.0000
G00 X63.3782Y82.9071
G01 Z20.0000
G01 X63.0196Y82.4236
G01 X59.6797Y76.8513
G01 X59.2474Y75.9372
G00 Z20.0000
G00 X59.1241Y76.6110
G01 Z20.0000
G01 X59.3270Y77.0399
G01 X62.6870Y82.6458
G01 X62.8870Y82.9154
G00 Z20.0000
G00 X63.1392Y83.2555
G01 Z20.0000
G01 X63.1722Y83.3000
G00 Z20.0000
G00 X64.0562Y82.4800
G01 Z20.0000
G01 X63.6848Y81.9792
G01 X60.3853Y76.4742
G01 X57.6412Y70.6724
G01 X57.2009Y69.4418
G00 Z20.0000
G00 X57.6454Y69.4983
G01 Z20.0000
G01 X58.0107Y70.5193
G01 X60.7380Y76.2857
G01 X64.0174Y81.7569
G01 X64.5476Y82.4719
G00 Z20.0000
G00 X65.8917Y82.9428
G01 Z20.0000
G01 X64.6826Y81.3125
G01 X61.4436Y75.9085
G01 X58.7498Y70.2131
G01 X58.4036Y69.2455
G00 Z20.0000
G00 X58.0441Y69.4267
G01 Z20.0000
G01 X58.3803Y70.3662
G01 X61.0908Y76.0971
G01 X64.3500Y81.5347
G01 X65.6984Y83.3528
G01 X65.5200Y83.7830
G01 X65.6600Y83.9717
G01 X65.5157Y84.4478
G01 X65.7202Y84.7235
G01 X65.3727Y84.9257
G01 X65.7601Y85.4480
G00 Z20.0000
G00 X67.8891Y84.9653
G01 Z20.0000
G01 X68.2708Y85.4799
G01 X68.0116Y84.6866
G01 X68.0022Y84.7170
G01 X67.9757Y84.7909
G01 X67.9607Y84.8272
G01 X67.9271Y84.8981
G01 X67.9159Y84.9200
G01 X67.8657Y85.0043
G01 X67.8465Y85.0327
G01 X67.7997Y85.0958
G01 X67.7845Y85.1150
G01 X67.7187Y85.1879
G01 X67.7050Y85.2020
G01 X67.6794Y85.2256
G01 X67.7087Y85.2433
G01 X67.7332Y85.2597
G01 X67.8395Y85.3388
G01 X67.8582Y85.3547
G01 X67.9454Y85.4338
G01 X67.9696Y85.4582
G01 X68.0550Y85.5529
G01 X68.0702Y85.5722
G01 X68.1300Y85.6527
G01 X68.1898Y85.5722
G01 X68.2050Y85.5529
G01 X68.2904Y85.4582
G01 X68.3075Y85.4406
G01 X68.4129Y85.3450
G01 X68.4322Y85.3298
G01 X68.5127Y85.2700
G01 X68.4322Y85.2102
G01 X68.4129Y85.1950
G01 X68.3182Y85.1096
G01 X68.2904Y85.0818
G01 X68.2050Y84.9871
G01 X68.1898Y84.9678
G01 X68.1225Y84.8772
G01 X68.1086Y84.8570
G01 X68.0402Y84.7435
G01 X68.0263Y84.7175
G01 X68.0116Y84.6866
G00 Z20.0000
G00 X70.2873Y85.2700
G01 Z20.0000
G01 X70.3678Y85.3298
G01 X70.3871Y85.3450
G01 X70.4818Y85.4304
G01 X70.4994Y85.4475
G01 X70.5950Y85.5529
G01 X70.6102Y85.5722
G01 X70.6700Y85.6527
G01 X70.7298Y85.5722
G01 X70.7450Y85.5529
G01 X70.8304Y85.4582
G01 X70.8475Y85.4406
G01 X70.9529Y85.3450
G01 X70.9722Y85.3298
G01 X71.0527Y85.2700
G01 X70.9722Y85.2102
G01 X70.9529Y85.1950
G01 X70.8582Y85.1096
G01 X70.8406Y85.0925
G01 X70.7450Y84.9871
G01 X70.7298Y84.9678
G01 X70.6700Y84.8873
G01 X70.6102Y84.9678
G01 X70.5950Y84.9871
G01 X70.5096Y85.0818
G01 X70.4925Y85.0994
G01 X70.3871Y85.1950
G01 X70.3678Y85.2102
G01 X70.2873Y85.2700
G00 Z20.0000
G00 X70.5050Y85.0866
G01 Z20.0000
G01 X70.8362Y85.4521
G00 Z20.0000
G00 X72.8273Y85.2700
G01 Z20.0000
G01 X72.9078Y85.3298
G01 X72.9271Y85.3450
G01 X73.0218Y85.4304
G01 X73.0394Y85.4475
G01 X73.1350Y85.5529
G01 X73.1502Y85.5722
G01 X73.2100Y85.6527
G01 X73.2698Y85.5722
G01 X73.2850Y85.5529
G01 X73.3704Y85.4582
G01 X73.3875Y85.4406
G01 X73.4929Y85.3450
G01 X73.5122Y85.3298
G01 X73.5927Y85.2700
G01 X73.5122Y85.2102
G01 X73.4929Y85.1950
G01 X73.3982Y85.1096
G01 X73.3806Y85.0925
G01 X73.2850Y84.9871
G01 X73.2698Y84.9678
G01 X73.2100Y84.8873
G01 X73.1502Y84.9678
G01 X73.1350Y84.9871
G01 X73.0496Y85.0818
G01 X73.0325Y85.0994
G01 X72.9271Y85.1950
G01 X72.9078Y85.2102
G01 X72.8273Y85.2700
G00 Z20.0000
G00 X72.8277Y85.2697
G01 Z20.0000
G01 X72.8295Y85.2716
G00 Z20.0000
G00 X73.1231Y85.0007
G01 Z20.0000
G01 X73.4610Y85.3735
G00 Z20.0000
G00 X75.3673Y85.2700
G01 Z20.0000
G01 X75.4478Y85.3298
G01 X75.4671Y85.3450
G01 X75.5618Y85.4304
G01 X75.5794Y85.4475
G01 X75.6750Y85.5529
G01 X75.6902Y85.5722
G01 X75.7500Y85.6527
G01 X75.8098Y85.5722
G01 X75.8250Y85.5529
G01 X75.9104Y85.4582
G01 X75.9275Y85.4406
G01 X76.0329Y85.3450
G01 X76.0522Y85.3298
G01 X76.1327Y85.2700
G01 X76.0522Y85.2102
G01 X76.0329Y85.1950
G01 X75.9382Y85.1096
G01 X75.9206Y85.0925
G01 X75.8250Y84.9871
G01 X75.8098Y84.9678
G01 X75.7500Y84.8873
G01 X75.6902Y84.9678
G01 X75.6750Y84.9871
G01 X75.5896Y85.0818
G01 X75.5725Y85.0994
G01 X75.4671Y85.1950
G01 X75.4478Y85.2102
G01 X75.3673Y85.2700
G00 Z20.0000
G00 X75.4607Y85.2002
G01 Z20.0000
G01 X75.8044Y85.5794
G00 Z20.0000
G00 X76.0911Y85.3009
G01 Z20.0000
G01 X75.7348Y84.9077
G00 Z20.0000
G00 X78.0868Y85.1231
G01 Z20.0000
G01 X78.3235Y85.3843
G01 X78.4300Y85.4808
G00 Z20.0000
G00 X78.6986Y85.1850
G01 Z20.0000
G01 X78.6064Y85.1014
G01 X78.3409Y84.8085
G00 Z20.0000
G00 X78.4084Y84.6866
G01 Z20.0000
G01 X78.3937Y84.7175
G01 X78.3798Y84.7435
G01 X78.3115Y84.8570
G01 X78.2975Y84.8772
G01 X78.2302Y84.9678
G01 X78.2150Y84.9871
G01 X78.1296Y85.0818
G01 X78.1018Y85.1096
G01 X78.0071Y85.1950
G01 X77.9878Y85.2102
G01 X77.9073Y85.2700
G01 X77.9878Y85.3298
G01 X78.0071Y85.3450
G01 X78.1018Y85.4304
G01 X78.1194Y85.4475
G01 X78.2150Y85.5529
G01 X78.2302Y85.5722
G01 X78.2900Y85.6527
G01 X78.3498Y85.5722
G01 X78.3650Y85.5529
G01 X78.4504Y85.4582
G01 X78.4746Y85.4338
G01 X78.5618Y85.3547
G01 X78.5805Y85.3388
G01 X78.6868Y85.2597
G01 X78.7113Y85.2433
G01 X78.7406Y85.2256
G01 X78.7150Y85.2020
G01 X78.7013Y85.1879
G01 X78.6355Y85.1150
G01 X78.6203Y85.0958
G01 X78.5735Y85.0327
G01 X78.5543Y85.0043
G01 X78.5041Y84.9200
G01 X78.4929Y84.8981
G01 X78.4593Y84.8272
G01 X78.4443Y84.7909
G01 X78.4178Y84.7170
G01 X78.4084Y84.6866
G00 Z20.0000
G00 X80.4493Y85.1542
G01 Z20.0000
G01 X80.8983Y85.5611
G00 Z20.0000
G00 X81.3372Y82.7237
G01 Z20.0000
G01 X81.1519Y82.5558
G01 X78.3799Y79.4974
G00 Z20.0000
G00 X79.0181Y79.6066
G01 Z20.0000
G01 X81.4348Y82.2730
G01 X81.7050Y82.5179
G00 Z20.0000
G00 X82.2335Y82.4577
G01 Z20.0000
G01 X81.7176Y81.9902
G01 X79.4692Y79.5093
G00 Z20.0000
G00 X77.5382Y78.5262
G01 Z20.0000
G01 X74.6602Y74.6456
G01 X73.9277Y73.4235
G00 Z20.0000
G00 X74.4674Y73.5469
G01 Z20.0000
G01 X74.9928Y74.4234
G01 X77.5267Y77.8400
G00 Z20.0000
G00 X77.4901Y78.1698
G01 Z20.0000
G01 X77.4905Y78.1404
G01 X77.4966Y78.0228
G01 X77.4994Y77.9984
G01 X77.5170Y77.8819
G01 X77.5222Y77.8580
G01 X77.5511Y77.7438
G01 X77.5586Y77.7204
G01 X77.5986Y77.6097
G01 X77.6083Y77.5872
G01 X77.6590Y77.4808
G01 X77.6709Y77.4594
G01 X77.7317Y77.3585
G01 X77.7457Y77.3384
G01 X77.8161Y77.2440
G01 X77.8320Y77.2253
G01 X77.9113Y77.1382
G01 X77.9289Y77.1212
G01 X78.0164Y77.0423
G01 X78.0356Y77.0271
G01 X78.1304Y76.9572
G01 X78.1510Y76.9439
G01 X78.2522Y76.8836
G01 X78.2740Y76.8724
G01 X78.3806Y76.8223
G01 X78.4034Y76.8133
G01 X78.5144Y76.7739
G01 X78.5380Y76.7672
G01 X78.6523Y76.7389
G01 X78.6765Y76.7345
G01 X78.7930Y76.7175
G01 X78.8175Y76.7155
G01 X78.9351Y76.7101
G01 X78.9596Y76.7105
G01 X79.0772Y76.7166
G01 X79.1016Y76.7194
G01 X79.2181Y76.7370
G01 X79.2420Y76.7422
G01 X79.3562Y76.7711
G01 X79.3796Y76.7786
G01 X79.4903Y76.8186
G01 X79.5128Y76.8283
G01 X79.6192Y76.8790
G01 X79.6406Y76.8909
G01 X79.7415Y76.9517
G01 X79.7616Y76.9657
G01 X79.8560Y77.0361
G01 X79.8747Y77.0520
G01 X79.9618Y77.1313
G01 X79.9788Y77.1489
G01 X80.0577Y77.2364
G01 X80.0729Y77.2556
G01 X80.1429Y77.3504
G01 X80.1561Y77.3710
G01 X80.2164Y77.4722
G01 X80.2276Y77.4940
G01 X80.2777Y77.6006
G01 X80.2867Y77.6234
G01 X80.3261Y77.7344
G01 X80.3328Y77.7580
G01 X80.3611Y77.8723
G01 X80.3655Y77.8965
G01 X80.3825Y78.0130
G01 X80.3845Y78.0375
G01 X80.3899Y78.1551
G01 X80.3895Y78.1796
G01 X80.3834Y78.2972
G01 X80.3806Y78.3216
G01 X80.3630Y78.4381
G01 X80.3578Y78.4620
G01 X80.3289Y78.5762
G01 X80.3214Y78.5996
G01 X80.2814Y78.7103
G01 X80.2717Y78.7328
G01 X80.2210Y78.8392
G01 X80.2091Y78.8606
G01 X80.1483Y78.9615
G01 X80.1343Y78.9816
G01 X80.0639Y79.0760
G01 X80.0480Y79.0947
G01 X79.9687Y79.1818
G01 X79.9511Y79.1988
G01 X79.8636Y79.2777
G01 X79.8444Y79.2929
G01 X79.7496Y79.3628
G01 X79.7290Y79.3761
G01 X79.6278Y79.4364
G01 X79.6060Y79.4476
G01 X79.4994Y79.4977
G01 X79.4766Y79.5067
G01 X79.3656Y79.5461
G01 X79.3420Y79.5528
G01 X79.2277Y79.5811
G01 X79.2035Y79.5855
G01 X79.0870Y79.6025
G01 X79.0625Y79.6045
G01 X78.9449Y79.6099
G01 X78.9204Y79.6095
G01 X78.8028Y79.6034
G01 X78.7784Y79.6006
G01 X78.6619Y79.5830
G01 X78.6380Y79.5778
G01 X78.5238Y79.5489
G01 X78.5004Y79.5414
G01 X78.3897Y79.5014
G01 X78.3672Y79.4917
G01 X78.2608Y79.4410
G01 X78.2394Y79.4291
G01 X78.1385Y79.3683
G01 X78.1184Y79.3543
G01 X78.0240Y79.2839
G01 X78.0053Y79.2680
G01 X77.9182Y79.1887
G01 X77.9012Y79.1711
G01 X77.8223Y79.0836
G01 X77.8071Y79.0644
G01 X77.7372Y78.9696
G01 X77.7239Y78.9490
G01 X77.6636Y78.8478
G01 X77.6524Y78.8260
G01 X77.6023Y78.7194
G01 X77.5933Y78.6966
G01 X77.5539Y78.5856
G01 X77.5472Y78.5620
G01 X77.5189Y78.4477
G01 X77.5145Y78.4235
G01 X77.4975Y78.3070
G01 X77.4955Y78.2825
G01 X77.4901Y78.1698
G00 Z20.0000
G00 X77.7026Y77.4065
G01 Z20.0000
G01 X75.3254Y74.2012
G01 X74.9077Y73.5044
G00 Z20.0000
G00 X75.2860Y73.3583
G01 Z20.0000
G01 X75.6580Y73.9789
G01 X77.9645Y77.0889
G00 Z20.0000
G00 X78.2942Y76.8628
G01 Z20.0000
G01 X75.9906Y73.7567
G01 X75.6094Y73.1208
G01 X76.1421Y73.2324
G01 X76.3231Y73.5345
G01 X78.6945Y76.7318
G00 Z20.0000
G00 X79.1926Y76.7329
G01 Z20.0000
G01 X76.8144Y73.5262
G00 Z20.0000
G00 X75.7744Y71.0647
G01 Z20.0000
G01 X74.4960Y68.9319
G01 X72.4233Y64.5494
G01 X71.4848Y61.9265
G00 Z20.0000
G00 X72.0588Y62.3450
G01 Z20.0000
G01 X72.7928Y64.3964
G01 X74.8488Y68.7433
G01 X76.0874Y70.8098
G00 Z20.0000
G00 X76.4253Y70.5965
G01 Z20.0000
G01 X75.2015Y68.5547
G01 X73.1624Y64.2433
G01 X72.5195Y62.4465
G00 Z20.0000
G00 X72.9309Y62.4106
G01 Z20.0000
G01 X73.5319Y64.0902
G01 X75.5543Y68.3662
G01 X76.8173Y70.4734
G00 Z20.0000
G00 X77.2773Y70.4637
G01 Z20.0000
G01 X75.9071Y68.1776
G01 X73.9015Y63.9371
G01 X73.3039Y62.2671
G00 Z20.0000
G00 X73.6373Y62.0128
G01 Z20.0000
G01 X74.2710Y63.7841
G01 X76.2598Y67.9891
G01 X77.8631Y70.6639
G01 X78.4929Y70.9376
G01 X76.6126Y67.8005
G01 X74.6406Y63.6310
G01 X73.9160Y61.6060
G00 Z20.0000
G00 X74.0218Y60.7157
G01 Z20.0000
G01 X75.0101Y63.4779
G01 X76.9654Y67.6120
G01 X78.8058Y70.6825
G00 Z20.0000
G00 X79.1719Y70.5162
G01 Z20.0000
G01 X77.3182Y67.4234
G01 X75.3797Y63.3248
G01 X73.8523Y59.0560
G01 X72.7506Y54.6580
G01 X72.0854Y50.1733
G01 X71.8629Y45.6449
G01 X72.0854Y41.1165
G01 X72.7506Y36.6317
G01 X72.8011Y36.4303
G00 Z20.0000
G00 X72.3874Y36.4375
G01 Z20.0000
G01 X72.3583Y36.5537
G01 X71.6873Y41.0773
G01 X71.4629Y45.6449
G01 X71.6873Y50.2125
G01 X72.3583Y54.7361
G01 X73.4695Y59.1721
G01 X73.8794Y60.3178
G00 Z20.0000
G00 X73.2329Y59.6967
G01 Z20.0000
G01 X73.0867Y59.2882
G01 X71.9660Y54.8141
G01 X71.2892Y50.2517
G01 X71.0629Y45.6449
G01 X71.2892Y41.0381
G01 X71.9660Y36.4756
G01 X72.0016Y36.3337
G00 Z20.0000
G00 X71.6443Y36.1159
G01 Z20.0000
G01 X71.5737Y36.3976
G01 X70.8912Y40.9989
G01 X70.6629Y45.6449
G01 X70.8912Y50.2909
G01 X71.5737Y54.8921
G01 X72.7039Y59.4044
G01 X72.7593Y59.5591
G00 Z20.0000
G00 X72.3403Y59.5739
G01 Z20.0000
G01 X72.3212Y59.5205
G01 X71.1814Y54.9702
G01 X70.4931Y50.3301
G01 X70.2629Y45.6449
G01 X70.3634Y43.6003
G00 Z20.0000
G00 X69.9417Y44.0414
G01 Z20.0000
G01 X69.8629Y45.6449
G01 X70.0950Y50.3693
G01 X70.7891Y55.0482
G01 X71.9384Y59.6366
G01 X71.9610Y59.6996
G00 Z20.0000
G00 X71.6201Y59.9329
G01 Z20.0000
G01 X71.5556Y59.7527
G01 X70.3968Y55.1263
G01 X69.6969Y50.4085
G01 X69.4629Y45.6449
G01 X69.5323Y44.2327
G00 Z20.0000
G00 X69.1295Y44.2899
G01 Z20.0000
G01 X69.0629Y45.6449
G01 X69.2989Y50.4477
G01 X70.0044Y55.2043
G01 X71.1728Y59.8688
G01 X71.3284Y60.3036
G00 Z20.0000
G00 X71.1501Y60.9913
G01 Z20.0000
G01 X70.7901Y59.9849
G01 X69.6121Y55.2823
G01 X68.9008Y50.4869
G01 X68.6629Y45.6449
G01 X68.7322Y44.2339
G00 Z20.0000
G00 X68.3410Y44.0561
G01 Z20.0000
G01 X68.2629Y45.6449
G01 X68.5027Y50.5261
G01 X69.2198Y55.3604
G01 X70.4073Y60.1010
G01 X72.0537Y64.7025
G01 X74.1432Y69.1204
G01 X74.9782Y70.5134
G00 Z20.0000
G00 X74.4760Y70.4527
G01 Z20.0000
G01 X73.7905Y69.3090
G01 X71.6842Y64.8556
G01 X70.0245Y60.2172
G01 X68.8275Y55.4384
G01 X68.1046Y50.5653
G01 X67.8629Y45.6449
G01 X67.9588Y43.6928
G00 Z20.0000
G00 X67.2086Y42.6803
G01 Z20.0000
G01 X67.0629Y45.6449
G01 X67.3085Y50.6437
G01 X68.0429Y55.5945
G01 X69.2590Y60.4494
G01 X70.9451Y65.1617
G01 X73.0849Y69.6861
G01 X73.6937Y70.7018
G00 Z20.0000
G00 X74.0557Y70.5285
G01 Z20.0000
G01 X73.4377Y69.4975
G01 X71.3146Y65.0086
G01 X69.6417Y60.3333
G01 X68.4352Y55.5164
G01 X67.7066Y50.6045
G01 X67.4629Y45.6449
G01 X67.6199Y42.4487
G00 Z20.0000
G00 X66.8044Y42.7658
G01 Z20.0000
G01 X66.6629Y45.6449
G01 X66.9104Y50.6829
G01 X67.6506Y55.6725
G01 X68.8762Y60.5655
G01 X70.2047Y64.2785
G00 Z20.0000
G00 X69.6431Y63.8949
G01 Z20.0000
G01 X68.4934Y60.6816
G01 X67.2582Y55.7505
G01 X66.5123Y50.7222
G01 X66.2629Y45.6449
G01 X66.4058Y42.7373
G00 Z20.0000
G00 X66.0129Y42.5912
G01 Z20.0000
G01 X65.8629Y45.6449
G01 X66.1143Y50.7614
G01 X66.8659Y55.8286
G01 X68.1106Y60.7977
G01 X69.1857Y63.8023
G00 Z20.0000
G00 X70.5771Y65.3182
G01 Z20.0000
G01 X72.7322Y69.8747
G01 X73.3866Y70.9666
G00 Z20.0000
G00 X72.7167Y70.6259
G01 Z20.0000
G01 X72.3794Y70.0632
G01 X70.4178Y65.9157
G00 Z20.0000
G00 X70.1488Y66.2815
G01 Z20.0000
G01 X72.0266Y70.2518
G01 X72.1498Y70.4573
G00 Z20.0000
G00 X71.6975Y70.4799
G01 Z20.0000
G01 X71.6739Y70.4403
G01 X69.8217Y66.5242
G00 Z20.0000
G00 X69.4460Y66.6643
G01 Z20.0000
G01 X71.3130Y70.6118
G00 Z20.0000
G00 X70.9790Y70.8353
G01 Z20.0000
G01 X70.9683Y70.8174
G01 X69.0186Y66.6950
G00 Z20.0000
G00 X68.5132Y66.5609
G01 Z20.0000
G01 X70.6156Y71.0060
G01 X70.7030Y71.1518
G00 Z20.0000
G00 X70.5043Y71.5976
G01 Z20.0000
G01 X70.2628Y71.1946
G01 X67.9886Y66.3863
G01 X67.8967Y66.1293
G00 Z20.0000
G00 X67.5787Y66.4265
G01 Z20.0000
G01 X67.6191Y66.5394
G01 X69.9100Y71.3831
G01 X70.4924Y72.3548
G00 Z20.0000
G00 X70.4501Y72.0098
G01 Z20.0000
G01 X70.4505Y71.9804
G01 X70.4570Y71.8530
G01 X70.4599Y71.8286
G01 X70.4789Y71.7024
G01 X70.4841Y71.6785
G01 X70.5154Y71.5548
G01 X70.5229Y71.5314
G01 X70.5662Y71.4114
G01 X70.5759Y71.3889
G01 X70.6308Y71.2737
G01 X70.6427Y71.2523
G01 X70.7086Y71.1430
G01 X70.7225Y71.1228
G01 X70.7988Y71.0205
G01 X70.8147Y71.0018
G01 X70.9006Y70.9075
G01 X70.9182Y70.8904
G01 X71.0129Y70.8050
G01 X71.0322Y70.7898
G01 X71.1348Y70.7140
G01 X71.1555Y70.7007
G01 X71.2650Y70.6354
G01 X71.2869Y70.6242
G01 X71.4023Y70.5699
G01 X71.4252Y70.5609
G01 X71.5454Y70.5182
G01 X71.5690Y70.5115
G01 X71.6928Y70.4808
G01 X71.7170Y70.4764
G01 X71.8432Y70.4580
G01 X71.8677Y70.4560
G01 X71.9951Y70.4501
G01 X72.0196Y70.4505
G01 X72.1323Y70.4560
G01 X72.1568Y70.4580
G01 X72.2830Y70.4764
G01 X72.3215Y70.4841
G01 X72.4452Y70.5154
G01 X72.4686Y70.5229
G01 X72.5748Y70.5609
G01 X72.6111Y70.5759
G01 X72.7263Y70.6308
G01 X72.7477Y70.6427
G01 X72.8445Y70.7007
G01 X72.8652Y70.7140
G01 X72.9678Y70.7898
G01 X72.9982Y70.8147
G01 X73.0854Y70.8938
G01 X73.1096Y70.9182
G01 X73.1950Y71.0129
G01 X73.2102Y71.0322
G01 X73.2700Y71.1127
G01 X73.3298Y71.0322
G01 X73.3450Y71.0129
G01 X73.4304Y70.9182
G01 X73.4546Y70.8938
G01 X73.5418Y70.8147
G01 X73.5722Y70.7898
G01 X73.6748Y70.7140
G01 X73.6955Y70.7007
G01 X73.7923Y70.6427
G01 X73.8137Y70.6308
G01 X73.9289Y70.5759
G01 X73.9514Y70.5662
G01 X74.0714Y70.5229
G01 X74.1090Y70.5115
G01 X74.2232Y70.4830
G01 X74.2570Y70.4764
G01 X74.3686Y70.4599
G01 X74.3930Y70.4570
G01 X74.5204Y70.4505
G01 X74.5596Y70.4505
G01 X74.6870Y70.4570
G01 X74.7114Y70.4599
G01 X74.8230Y70.4764
G01 X74.8615Y70.4841
G01 X74.9852Y70.5154
G01 X75.0086Y70.5229
G01 X75.1148Y70.5609
G01 X75.1511Y70.5759
G01 X75.2663Y70.6308
G01 X75.2877Y70.6427
G01 X75.3845Y70.7007
G01 X75.4052Y70.7140
G01 X75.5078Y70.7898
G01 X75.5382Y70.8147
G01 X75.6254Y70.8938
G01 X75.6496Y70.9182
G01 X75.7350Y71.0129
G01 X75.7502Y71.0322
G01 X75.8100Y71.1127
G01 X75.8698Y71.0322
G01 X75.8850Y71.0129
G01 X75.9704Y70.9182
G01 X75.9946Y70.8938
G01 X76.0818Y70.8147
G01 X76.1122Y70.7898
G01 X76.2148Y70.7140
G01 X76.2355Y70.7007
G01 X76.3323Y70.6427
G01 X76.3537Y70.6308
G01 X76.4689Y70.5759
G01 X76.4914Y70.5662
G01 X76.6114Y70.5229
G01 X76.6490Y70.5115
G01 X76.7632Y70.4830
G01 X76.7970Y70.4764
G01 X76.9086Y70.4599
G01 X76.9330Y70.4570
G01 X77.0604Y70.4505
G01 X77.0996Y70.4505
G01 X77.2270Y70.4570
G01 X77.2514Y70.4599
G01 X77.3630Y70.4764
G01 X77.4015Y70.4841
G01 X77.5252Y70.5154
G01 X77.5486Y70.5229
G01 X77.6548Y70.5609
G01 X77.6911Y70.5759
G01 X77.8063Y70.6308
G01 X77.8277Y70.6427
G01 X77.9245Y70.7007
G01 X77.9452Y70.7140
G01 X78.0478Y70.7898
G01 X78.0782Y70.8147
G01 X78.1654Y70.8938
G01 X78.1896Y70.9182
G01 X78.2750Y71.0129
G01 X78.2902Y71.0322
G01 X78.3500Y71.1127
G01 X78.4098Y71.0322
G01 X78.4250Y71.0129
G01 X78.5104Y70.9182
G01 X78.5346Y70.8938
G01 X78.6218Y70.8147
G01 X78.6522Y70.7898
G01 X78.7548Y70.7140
G01 X78.7755Y70.7007
G01 X78.8765Y70.6402
G01 X78.9069Y70.6242
G01 X79.0223Y70.5699
G01 X79.0452Y70.5609
G01 X79.1514Y70.5229
G01 X79.1748Y70.5154
G01 X79.2985Y70.4841
G01 X79.3224Y70.4789
G01 X79.4486Y70.4599
G01 X79.4877Y70.4560
G01 X79.6004Y70.4505
G01 X79.6249Y70.4501
G01 X79.7523Y70.4560
G01 X79.7914Y70.4599
G01 X79.9079Y70.4772
G01 X79.9415Y70.4841
G01 X80.0510Y70.5115
G01 X80.0746Y70.5182
G01 X80.1948Y70.5609
G01 X80.2311Y70.5759
G01 X80.3331Y70.6242
G01 X80.3550Y70.6354
G01 X80.4645Y70.7007
G01 X80.4972Y70.7225
G01 X80.5995Y70.7988
G01 X80.6182Y70.8147
G01 X80.7018Y70.8904
G01 X80.7296Y70.9182
G01 X80.8150Y71.0129
G01 X80.8302Y71.0322
G01 X80.8900Y71.1127
G01 X80.9498Y71.0322
G01 X80.9650Y71.0129
G01 X81.0504Y70.9182
G01 X81.0746Y70.8938
G01 X81.1618Y70.8147
G01 X81.1922Y70.7898
G01 X81.2948Y70.7140
G01 X81.3155Y70.7007
G01 X81.4165Y70.6402
G01 X81.4469Y70.6242
G01 X81.5623Y70.5699
G01 X81.5852Y70.5609
G01 X81.6914Y70.5229
G01 X81.7148Y70.5154
G01 X81.8385Y70.4841
G01 X81.8624Y70.4789
G01 X81.9886Y70.4599
G01 X82.0228Y70.4563
G01 X82.1404Y70.4505
G01 X82.1796Y70.4505
G01 X82.3070Y70.4570
G01 X82.3314Y70.4599
G01 X82.4430Y70.4764
G01 X82.4815Y70.4841
G01 X82.6052Y70.5154
G01 X82.6286Y70.5229
G01 X82.7348Y70.5609
G01 X82.7711Y70.5759
G01 X82.8731Y70.6242
G01 X82.8950Y70.6354
G01 X83.0045Y70.7007
G01 X83.0372Y70.7225
G01 X83.1395Y70.7988
G01 X83.1582Y70.8147
G01 X83.2418Y70.8904
G01 X83.2696Y70.9182
G01 X83.3550Y71.0129
G01 X83.3702Y71.0322
G01 X83.4300Y71.1127
G01 X83.4898Y71.0322
G01 X83.5050Y71.0129
G01 X83.5904Y70.9182
G01 X83.6146Y70.8938
G01 X83.7018Y70.8147
G01 X83.7322Y70.7898
G01 X83.8348Y70.7140
G01 X83.8555Y70.7007
G01 X83.9523Y70.6427
G01 X83.9869Y70.6242
G01 X84.1023Y70.5699
G01 X84.1252Y70.5609
G01 X84.2454Y70.5182
G01 X84.2690Y70.5115
G01 X84.3928Y70.4808
G01 X84.4170Y70.4764
G01 X84.5432Y70.4580
G01 X84.5677Y70.4560
G01 X84.6804Y70.4505
G01 X84.7196Y70.4505
G01 X84.8323Y70.4560
G01 X84.8568Y70.4580
G01 X84.9830Y70.4764
G01 X85.0215Y70.4841
G01 X85.1452Y70.5154
G01 X85.1686Y70.5229
G01 X85.2748Y70.5609
G01 X85.3111Y70.5759
G01 X85.4131Y70.6242
G01 X85.4350Y70.6354
G01 X85.5445Y70.7007
G01 X85.5772Y70.7225
G01 X85.6795Y70.7988
G01 X85.6982Y70.8147
G01 X85.7818Y70.8904
G01 X85.8096Y70.9182
G01 X85.8950Y71.0129
G01 X85.9102Y71.0322
G01 X85.9700Y71.1127
G01 X86.0298Y71.0322
G01 X86.0450Y71.0129
G01 X86.1304Y70.9182
G01 X86.1582Y70.8904
G01 X86.2418Y70.8147
G01 X86.2605Y70.7988
G01 X86.3748Y70.7140
G01 X86.3955Y70.7007
G01 X86.4923Y70.6427
G01 X86.5269Y70.6242
G01 X86.6289Y70.5759
G01 X86.6514Y70.5662
G01 X86.7714Y70.5229
G01 X86.8090Y70.5115
G01 X86.9185Y70.4841
G01 X86.9424Y70.4789
G01 X87.0832Y70.4580
G01 X87.1077Y70.4560
G01 X87.2204Y70.4505
G01 X87.2596Y70.4505
G01 X87.3723Y70.4560
G01 X87.3968Y70.4580
G01 X87.5279Y70.4772
G01 X87.5615Y70.4841
G01 X87.6852Y70.5154
G01 X87.7086Y70.5229
G01 X87.8286Y70.5662
G01 X87.8511Y70.5759
G01 X87.9663Y70.6308
G01 X87.9877Y70.6427
G01 X88.0970Y70.7085
G01 X88.1172Y70.7225
G01 X88.2195Y70.7988
G01 X88.2382Y70.8147
G01 X88.3325Y70.9006
G01 X88.3496Y70.9182
G01 X88.4350Y71.0129
G01 X88.4502Y71.0322
G01 X88.5100Y71.1127
G01 X88.5698Y71.0322
G01 X88.5850Y71.0129
G01 X88.6704Y70.9182
G01 X88.6982Y70.8904
G01 X88.7818Y70.8147
G01 X88.8005Y70.7988
G01 X88.9028Y70.7225
G01 X88.9355Y70.7007
G01 X89.0450Y70.6354
G01 X89.0669Y70.6242
G01 X89.1689Y70.5759
G01 X89.2052Y70.5609
G01 X89.3114Y70.5229
G01 X89.3348Y70.5154
G01 X89.4585Y70.4841
G01 X89.4970Y70.4764
G01 X89.6232Y70.4580
G01 X89.6477Y70.4560
G01 X89.7604Y70.4505
G01 X89.7996Y70.4505
G01 X89.9270Y70.4570
G01 X89.9514Y70.4599
G01 X90.0776Y70.4789
G01 X90.1015Y70.4841
G01 X90.2252Y70.5154
G01 X90.2486Y70.5229
G01 X90.3686Y70.5662
G01 X90.3911Y70.5759
G01 X90.4931Y70.6242
G01 X90.5277Y70.6427
G01 X90.6370Y70.7085
G01 X90.6572Y70.7225
G01 X90.7478Y70.7898
G01 X90.7745Y70.8114
G01 X90.8618Y70.8904
G01 X90.8896Y70.9182
G01 X90.9653Y71.0018
G01 X90.9812Y71.0205
G01 X91.0575Y71.1228
G01 X91.0715Y71.1430
G01 X91.1373Y71.2523
G01 X91.1492Y71.2737
G01 X91.2041Y71.3889
G01 X91.2138Y71.4114
G01 X91.2618Y71.5454
G01 X91.2685Y71.5690
G01 X91.2992Y71.6928
G01 X91.3036Y71.7170
G01 X91.3220Y71.8432
G01 X91.3240Y71.8677
G01 X91.3299Y71.9951
G01 X91.3295Y72.0196
G01 X91.3230Y72.1470
G01 X91.3201Y72.1714
G01 X91.3011Y72.2976
G01 X91.2959Y72.3215
G01 X91.2646Y72.4452
G01 X91.2571Y72.4686
G01 X91.2138Y72.5886
G01 X91.2041Y72.6111
G01 X91.1492Y72.7263
G01 X91.1373Y72.7477
G01 X91.0715Y72.8570
G01 X91.0575Y72.8772
G01 X90.9812Y72.9795
G01 X90.9653Y72.9982
G01 X90.8794Y73.0925
G01 X90.8618Y73.1096
G01 X90.7671Y73.1950
G01 X90.7478Y73.2102
G01 X90.6452Y73.2860
G01 X90.6245Y73.2993
G01 X90.5150Y73.3646
G01 X90.4931Y73.3758
G01 X90.3777Y73.4301
G01 X90.3548Y73.4391
G01 X90.2346Y73.4818
G01 X90.2110Y73.4885
G01 X90.0872Y73.5192
G01 X90.0630Y73.5236
G01 X89.9368Y73.5420
G01 X89.9123Y73.5440
G01 X89.7849Y73.5499
G01 X89.7604Y73.5495
G01 X89.6477Y73.5440
G01 X89.6232Y73.5420
G01 X89.4970Y73.5236
G01 X89.4585Y73.5159
G01 X89.3348Y73.4846
G01 X89.3114Y73.4771
G01 X89.2052Y73.4391
G01 X89.1689Y73.4241
G01 X89.0537Y73.3692
G01 X89.0323Y73.3573
G01 X88.9355Y73.2993
G01 X88.9148Y73.2860
G01 X88.8122Y73.2102
G01 X88.7818Y73.1853
G01 X88.6946Y73.1062
G01 X88.6704Y73.0818
G01 X88.5850Y72.9871
G01 X88.5698Y72.9678
G01 X88.5100Y72.8873
G01 X88.4502Y72.9678
G01 X88.4350Y72.9871
G01 X88.3496Y73.0818
G01 X88.3254Y73.1062
G01 X88.2382Y73.1853
G01 X88.2078Y73.2102
G01 X88.1052Y73.2860
G01 X88.0845Y73.2993
G01 X87.9877Y73.3573
G01 X87.9663Y73.3692
G01 X87.8511Y73.4241
G01 X87.8286Y73.4338
G01 X87.7086Y73.4771
G01 X87.6710Y73.4885
G01 X87.5615Y73.5159
G01 X87.5376Y73.5211
G01 X87.4114Y73.5401
G01 X87.3772Y73.5437
G01 X87.2596Y73.5495
G01 X87.2204Y73.5495
G01 X87.1077Y73.5440
G01 X87.0832Y73.5420
G01 X86.9570Y73.5236
G01 X86.9185Y73.5159
G01 X86.7948Y73.4846
G01 X86.7714Y73.4771
G01 X86.6652Y73.4391
G01 X86.6289Y73.4241
G01 X86.5137Y73.3692
G01 X86.4923Y73.3573
G01 X86.3955Y73.2993
G01 X86.3748Y73.2860
G01 X86.2722Y73.2102
G01 X86.2418Y73.1853
G01 X86.1546Y73.1062
G01 X86.1304Y73.0818
G01 X86.0450Y72.9871
G01 X86.0298Y72.9678
G01 X85.9700Y72.8873
G01 X85.9102Y72.9678
G01 X85.8950Y72.9871
G01 X85.8096Y73.0818
G01 X85.7854Y73.1062
G01 X85.6982Y73.1853
G01 X85.6678Y73.2102
G01 X85.5652Y73.2860
G01 X85.5445Y73.2993
G01 X85.4477Y73.3573
G01 X85.4263Y73.3692
G01 X85.3111Y73.4241
G01 X85.2886Y73.4338
G01 X85.1686Y73.4771
G01 X85.1310Y73.4885
G01 X85.0215Y73.5159
G01 X84.9976Y73.5211
G01 X84.8714Y73.5401
G01 X84.8372Y73.5437
G01 X84.7196Y73.5495
G01 X84.6804Y73.5495
G01 X84.5677Y73.5440
G01 X84.5432Y73.5420
G01 X84.4170Y73.5236
G01 X84.3785Y73.5159
G01 X84.2548Y73.4846
G01 X84.2314Y73.4771
G01 X84.1252Y73.4391
G01 X84.0889Y73.4241
G01 X83.9737Y73.3692
G01 X83.9523Y73.3573
G01 X83.8555Y73.2993
G01 X83.8348Y73.2860
G01 X83.7322Y73.2102
G01 X83.7018Y73.1853
G01 X83.6146Y73.1062
G01 X83.5904Y73.0818
G01 X83.5050Y72.9871
G01 X83.4898Y72.9678
G01 X83.4300Y72.8873
G01 X83.3702Y72.9678
G01 X83.3550Y72.9871
G01 X83.2696Y73.0818
G01 X83.2454Y73.1062
G01 X83.1582Y73.1853
G01 X83.1278Y73.2102
G01 X83.0252Y73.2860
G01 X83.0045Y73.2993
G01 X82.9035Y73.3598
G01 X82.8731Y73.3758
G01 X82.7577Y73.4301
G01 X82.7348Y73.4391
G01 X82.6286Y73.4771
G01 X82.6052Y73.4846
G01 X82.4815Y73.5159
G01 X82.4576Y73.5211
G01 X82.3314Y73.5401
G01 X82.2923Y73.5440
G01 X82.1796Y73.5495
G01 X82.1551Y73.5499
G01 X82.0277Y73.5440
G01 X81.9886Y73.5401
G01 X81.8721Y73.5228
G01 X81.8385Y73.5159
G01 X81.7290Y73.4885
G01 X81.7054Y73.4818
G01 X81.5852Y73.4391
G01 X81.5489Y73.4241
G01 X81.4469Y73.3758
G01 X81.4250Y73.3646
G01 X81.3155Y73.2993
G01 X81.2828Y73.2775
G01 X81.1805Y73.2012
G01 X81.1618Y73.1853
G01 X81.0782Y73.1096
G01 X81.0504Y73.0818
G01 X80.9650Y72.9871
G01 X80.9498Y72.9678
G01 X80.8900Y72.8873
G01 X80.8302Y72.9678
G01 X80.8150Y72.9871
G01 X80.7296Y73.0818
G01 X80.7054Y73.1062
G01 X80.6182Y73.1853
G01 X80.5878Y73.2102
G01 X80.4852Y73.2860
G01 X80.4645Y73.2993
G01 X80.3635Y73.3598
G01 X80.3331Y73.3758
G01 X80.2177Y73.4301
G01 X80.1948Y73.4391
G01 X80.0886Y73.4771
G01 X80.0652Y73.4846
G01 X79.9415Y73.5159
G01 X79.9176Y73.5211
G01 X79.7914Y73.5401
G01 X79.7572Y73.5437
G01 X79.6396Y73.5495
G01 X79.6004Y73.5495
G01 X79.4730Y73.5430
G01 X79.4486Y73.5401
G01 X79.3370Y73.5236
G01 X79.2985Y73.5159
G01 X79.1748Y73.4846
G01 X79.1514Y73.4771
G01 X79.0452Y73.4391
G01 X79.0089Y73.4241
G01 X78.9069Y73.3758
G01 X78.8850Y73.3646
G01 X78.7755Y73.2993
G01 X78.7428Y73.2775
G01 X78.6405Y73.2012
G01 X78.6218Y73.1853
G01 X78.5382Y73.1096
G01 X78.5104Y73.0818
G01 X78.4250Y72.9871
G01 X78.4098Y72.9678
G01 X78.3500Y72.8873
G01 X78.2902Y72.9678
G01 X78.2750Y72.9871
G01 X78.1896Y73.0818
G01 X78.1654Y73.1062
G01 X78.0782Y73.1853
G01 X78.0478Y73.2102
G01 X77.9452Y73.2860
G01 X77.9245Y73.2993
G01 X77.8277Y73.3573
G01 X77.7931Y73.3758
G01 X77.6777Y73.4301
G01 X77.6548Y73.4391
G01 X77.5346Y73.4818
G01 X77.5110Y73.4885
G01 X77.3872Y73.5192
G01 X77.3630Y73.5236
G01 X77.2368Y73.5420
G01 X77.2123Y73.5440
G01 X77.0996Y73.5495
G01 X77.0604Y73.5495
G01 X76.9330Y73.5430
G01 X76.9086Y73.5401
G01 X76.7970Y73.5236
G01 X76.7585Y73.5159
G01 X76.6348Y73.4846
G01 X76.6114Y73.4771
G01 X76.5052Y73.4391
G01 X76.4689Y73.4241
G01 X76.3669Y73.3758
G01 X76.3450Y73.3646
G01 X76.2355Y73.2993
G01 X76.2028Y73.2775
G01 X76.1005Y73.2012
G01 X76.0818Y73.1853
G01 X75.9982Y73.1096
G01 X75.9704Y73.0818
G01 X75.8850Y72.9871
G01 X75.8698Y72.9678
G01 X75.8100Y72.8873
G01 X75.7502Y72.9678
G01 X75.7350Y72.9871
G01 X75.6496Y73.0818
G01 X75.6218Y73.1096
G01 X75.5382Y73.1853
G01 X75.5195Y73.2012
G01 X75.4052Y73.2860
G01 X75.3845Y73.2993
G01 X75.2877Y73.3573
G01 X75.2531Y73.3758
G01 X75.1511Y73.4241
G01 X75.1286Y73.4338
G01 X75.0086Y73.4771
G01 X74.9710Y73.4885
G01 X74.8615Y73.5159
G01 X74.8376Y73.5211
G01 X74.6968Y73.5420
G01 X74.6723Y73.5440
G01 X74.5596Y73.5495
G01 X74.5204Y73.5495
G01 X74.4077Y73.5440
G01 X74.3832Y73.5420
G01 X74.2521Y73.5228
G01 X74.2185Y73.5159
G01 X74.0948Y73.4846
G01 X74.0714Y73.4771
G01 X73.9514Y73.4338
G01 X73.9289Y73.4241
G01 X73.8137Y73.3692
G01 X73.7923Y73.3573
G01 X73.6830Y73.2915
G01 X73.6628Y73.2775
G01 X73.5605Y73.2012
G01 X73.5418Y73.1853
G01 X73.4475Y73.0994
G01 X73.4304Y73.0818
G01 X73.3450Y72.9871
G01 X73.3298Y72.9678
G01 X73.2700Y72.8873
G01 X73.2102Y72.9678
G01 X73.1950Y72.9871
G01 X73.1096Y73.0818
G01 X73.0818Y73.1096
G01 X72.9982Y73.1853
G01 X72.9795Y73.2012
G01 X72.8772Y73.2775
G01 X72.8445Y73.2993
G01 X72.7350Y73.3646
G01 X72.7131Y73.3758
G01 X72.6111Y73.4241
G01 X72.5748Y73.4391
G01 X72.4686Y73.4771
G01 X72.4452Y73.4846
G01 X72.3215Y73.5159
G01 X72.2830Y73.5236
G01 X72.1714Y73.5401
G01 X72.1470Y73.5430
G01 X72.0196Y73.5495
G01 X71.9804Y73.5495
G01 X71.8530Y73.5430
G01 X71.8286Y73.5401
G01 X71.7024Y73.5211
G01 X71.6785Y73.5159
G01 X71.5548Y73.4846
G01 X71.5314Y73.4771
G01 X71.4114Y73.4338
G01 X71.3889Y73.4241
G01 X71.2869Y73.3758
G01 X71.2523Y73.3573
G01 X71.1430Y73.2915
G01 X71.1228Y73.2775
G01 X71.0322Y73.2102
G01 X71.0018Y73.1853
G01 X70.9146Y73.1062
G01 X70.8904Y73.0818
G01 X70.8147Y72.9982
G01 X70.7988Y72.9795
G01 X70.7225Y72.8772
G01 X70.7086Y72.8570
G01 X70.6427Y72.7477
G01 X70.6308Y72.7263
G01 X70.5759Y72.6111
G01 X70.5662Y72.5886
G01 X70.5229Y72.4686
G01 X70.5154Y72.4452
G01 X70.4808Y72.3072
G01 X70.4764Y72.2830
G01 X70.4580Y72.1568
G01 X70.4560Y72.1323
G01 X70.4501Y72.0098
G00 Z20.0000
G00 X78.1701Y67.4798
G01 Z20.0000
G01 X78.1705Y67.4504
G01 X78.1766Y67.3328
G01 X78.1794Y67.3084
G01 X78.1970Y67.1919
G01 X78.2022Y67.1680
G01 X78.2311Y67.0538
G01 X78.2386Y67.0304
G01 X78.2786Y66.9197
G01 X78.2883Y66.8972
G01 X78.3390Y66.7908
G01 X78.3509Y66.7694
G01 X78.4117Y66.6685
G01 X78.4257Y66.6484
G01 X78.4961Y66.5540
G01 X78.5120Y66.5353
G01 X78.5913Y66.4482
G01 X78.6089Y66.4312
G01 X78.6964Y66.3523
G01 X78.7156Y66.3371
G01 X78.8104Y66.2672
G01 X78.8310Y66.2539
G01 X78.9322Y66.1936
G01 X78.9540Y66.1824
G01 X79.0606Y66.1323
G01 X79.0834Y66.1233
G01 X79.1944Y66.0839
G01 X79.2180Y66.0772
G01 X79.3323Y66.0489
G01 X79.3565Y66.0445
G01 X79.4730Y66.0275
G01 X79.4975Y66.0255
G01 X79.6151Y66.0201
G01 X79.6396Y66.0205
G01 X79.7572Y66.0266
G01 X79.7816Y66.0294
G01 X79.8981Y66.0470
G01 X79.9220Y66.0522
G01 X80.0362Y66.0811
G01 X80.0596Y66.0886
G01 X80.1703Y66.1286
G01 X80.1928Y66.1383
G01 X80.2992Y66.1890
G01 X80.3206Y66.2009
G01 X80.4215Y66.2617
G01 X80.4416Y66.2757
G01 X80.5360Y66.3461
G01 X80.5547Y66.3620
G01 X80.6418Y66.4413
G01 X80.6588Y66.4589
G01 X80.7377Y66.5464
G01 X80.7529Y66.5656
G01 X80.8229Y66.6604
G01 X80.8361Y66.6810
G01 X80.8964Y66.7822
G01 X80.9076Y66.8040
G01 X80.9577Y66.9106
G01 X80.9667Y66.9334
G01 X81.0061Y67.0444
G01 X81.0128Y67.0680
G01 X81.0411Y67.1823
G01 X81.0455Y67.2065
G01 X81.0625Y67.3230
G01 X81.0645Y67.3475
G01 X81.0699Y67.4651
G01 X81.0695Y67.4896
G01 X81.0634Y67.6072
G01 X81.0606Y67.6316
G01 X81.0430Y67.7481
G01 X81.0378Y67.7720
G01 X81.0089Y67.8862
G01 X81.0014Y67.9096
G01 X80.9614Y68.0203
G01 X80.9517Y68.0428
G01 X80.9010Y68.1492
G01 X80.8891Y68.1706
G01 X80.8283Y68.2715
G01 X80.8143Y68.2916
G01 X80.7439Y68.3860
G01 X80.7280Y68.4047
G01 X80.6487Y68.4918
G01 X80.6311Y68.5088
G01 X80.5436Y68.5877
G01 X80.5244Y68.6029
G01 X80.4296Y68.6728
G01 X80.4090Y68.6861
G01 X80.3078Y68.7464
G01 X80.2860Y68.7576
G01 X80.1794Y68.8077
G01 X80.1566Y68.8167
G01 X80.0456Y68.8561
G01 X80.0220Y68.8628
G01 X79.9077Y68.8911
G01 X79.8835Y68.8955
G01 X79.7670Y68.9125
G01 X79.7425Y68.9145
G01 X79.6249Y68.9199
G01 X79.6004Y68.9195
G01 X79.4828Y68.9134
G01 X79.4584Y68.9106
G01 X79.3419Y68.8930
G01 X79.3180Y68.8878
G01 X79.2038Y68.8589
G01 X79.1804Y68.8514
G01 X79.0697Y68.8114
G01 X79.0472Y68.8017
G01 X78.9408Y68.7510
G01 X78.9194Y68.7391
G01 X78.8185Y68.6783
G01 X78.7984Y68.6643
G01 X78.7040Y68.5939
G01 X78.6853Y68.5780
G01 X78.5982Y68.4987
G01 X78.5812Y68.4811
G01 X78.5023Y68.3936
G01 X78.4871Y68.3744
G01 X78.4172Y68.2796
G01 X78.4039Y68.2590
G01 X78.3436Y68.1578
G01 X78.3324Y68.1360
G01 X78.2823Y68.0294
G01 X78.2733Y68.0066
G01 X78.2339Y67.8956
G01 X78.2272Y67.8720
G01 X78.1989Y67.7577
G01 X78.1945Y67.7335
G01 X78.1775Y67.6170
G01 X78.1755Y67.5925
G01 X78.1701Y67.4798
G00 Z20.0000
G00 X78.1797Y67.3065
G01 Z20.0000
G01 X78.0237Y67.0463
G01 X76.1188Y63.0187
G01 X75.8957Y62.3952
G00 Z20.0000
G00 X76.3391Y62.4486
G01 Z20.0000
G01 X76.4883Y62.8656
G01 X78.3421Y66.7850
G00 Z20.0000
G00 X78.6143Y66.4262
G01 Z20.0000
G01 X76.8579Y62.7125
G01 X76.7410Y62.3858
G00 Z20.0000
G00 X77.1067Y62.2220
G01 Z20.0000
G01 X77.2274Y62.5595
G01 X78.9434Y66.1876
G00 Z20.0000
G00 X79.3210Y66.0514
G01 Z20.0000
G01 X77.5970Y62.4064
G01 X77.4350Y61.9537
G00 Z20.0000
G00 X77.7109Y61.5389
G01 Z20.0000
G01 X77.9665Y62.2533
G01 X79.7509Y66.0261
G00 Z20.0000
G00 X80.3071Y66.1932
G01 Z20.0000
G01 X80.1403Y65.9149
G01 X78.3361Y62.1003
G01 X77.8365Y60.7039
G00 Z20.0000
G00 X77.6121Y60.0769
G01 Z20.0000
G01 X76.9145Y58.1271
G01 X75.8891Y54.0337
G01 X75.2700Y49.8596
G01 X75.0629Y45.6449
G01 X75.2700Y41.4301
G01 X75.8891Y37.2560
G01 X76.8617Y33.3735
G00 Z20.0000
G00 X76.4309Y33.4490
G01 Z20.0000
G01 X75.4968Y37.1779
G01 X74.8719Y41.3909
G01 X74.6629Y45.6449
G01 X74.8719Y49.8988
G01 X75.4968Y54.1118
G01 X76.5317Y58.2432
G01 X76.9853Y59.5111
G00 Z20.0000
G00 X76.5089Y59.3654
G01 Z20.0000
G01 X76.1489Y58.3593
G01 X75.1045Y54.1898
G01 X74.4738Y49.9380
G01 X74.2629Y45.6449
G01 X74.4738Y41.3517
G01 X75.1045Y37.0999
G01 X76.0310Y33.4011
G00 Z20.0000
G00 X75.6584Y33.2445
G01 Z20.0000
G01 X74.7122Y37.0219
G01 X74.0758Y41.3125
G01 X73.8629Y45.6449
G01 X74.0758Y49.9772
G01 X74.7122Y54.2679
G01 X75.7662Y58.4754
G01 X76.0849Y59.3663
G00 Z20.0000
G00 X75.6983Y59.4717
G01 Z20.0000
G01 X75.3834Y58.5916
G01 X74.3199Y54.3459
G01 X73.6777Y50.0164
G01 X73.4629Y45.6449
G01 X73.6777Y41.2733
G01 X74.3199Y36.9438
G01 X75.3172Y32.9625
G00 Z20.0000
G00 X75.0351Y32.4856
G01 Z20.0000
G01 X75.0006Y32.5821
G01 X73.9276Y36.8658
G01 X73.2796Y41.2341
G01 X73.0629Y45.6449
G01 X73.2796Y50.0556
G01 X73.9276Y54.4239
G01 X75.0006Y58.7077
G01 X75.3478Y59.6781
G00 Z20.0000
G00 X75.0389Y60.0007
G01 Z20.0000
G01 X74.6178Y58.8238
G01 X73.5353Y54.5020
G01 X72.8815Y50.0948
G01 X72.6629Y45.6449
G01 X72.8815Y41.1949
G01 X73.5353Y36.7878
G01 X73.7850Y35.7909
G00 Z20.0000
G00 X73.2505Y36.2803
G01 Z20.0000
G01 X73.1430Y36.7097
G01 X72.4835Y41.1557
G01 X72.2629Y45.6449
G01 X72.4835Y50.1340
G01 X73.1430Y54.5800
G01 X74.2350Y58.9399
G01 X74.7994Y60.5172
G00 Z20.0000
G00 X74.7501Y60.9098
G01 Z20.0000
G01 X74.7505Y60.8804
G01 X74.7570Y60.7530
G01 X74.7599Y60.7286
G01 X74.7789Y60.6024
G01 X74.7841Y60.5785
G01 X74.8154Y60.4548
G01 X74.8229Y60.4314
G01 X74.8662Y60.3114
G01 X74.8759Y60.2889
G01 X74.9308Y60.1737
G01 X74.9427Y60.1523
G01 X75.0085Y60.0430
G01 X75.0225Y60.0228
G01 X75.0988Y59.9205
G01 X75.1147Y59.9018
G01 X75.2006Y59.8075
G01 X75.2182Y59.7904
G01 X75.3129Y59.7050
G01 X75.3322Y59.6898
G01 X75.4348Y59.6140
G01 X75.4555Y59.6007
G01 X75.5650Y59.5354
G01 X75.5869Y59.5242
G01 X75.7023Y59.4699
G01 X75.7252Y59.4609
G01 X75.8454Y59.4182
G01 X75.8690Y59.4115
G01 X75.9928Y59.3808
G01 X76.0170Y59.3764
G01 X76.1432Y59.3580
G01 X76.1677Y59.3560
G01 X76.2951Y59.3501
G01 X76.3196Y59.3505
G01 X76.4470Y59.3570
G01 X76.4714Y59.3599
G01 X76.5976Y59.3789
G01 X76.6215Y59.3841
G01 X76.7452Y59.4154
G01 X76.7686Y59.4229
G01 X76.8886Y59.4662
G01 X76.9111Y59.4759
G01 X77.0263Y59.5308
G01 X77.0477Y59.5427
G01 X77.1570Y59.6085
G01 X77.1772Y59.6225
G01 X77.2795Y59.6988
G01 X77.2982Y59.7147
G01 X77.3925Y59.8006
G01 X77.4096Y59.8182
G01 X77.4950Y59.9129
G01 X77.5102Y59.9322
G01 X77.5860Y60.0348
G01 X77.5993Y60.0555
G01 X77.6646Y60.1650
G01 X77.6758Y60.1869
G01 X77.7301Y60.3023
G01 X77.7391Y60.3252
G01 X77.7818Y60.4454
G01 X77.7885Y60.4690
G01 X77.8192Y60.5928
G01 X77.8236Y60.6170
G01 X77.8420Y60.7432
G01 X77.8440Y60.7677
G01 X77.8499Y60.8951
G01 X77.8495Y60.9196
G01 X77.8430Y61.0470
G01 X77.8401Y61.0714
G01 X77.8211Y61.1976
G01 X77.8159Y61.2215
G01 X77.7846Y61.3452
G01 X77.7771Y61.3686
G01 X77.7338Y61.4886
G01 X77.7241Y61.5111
G01 X77.6692Y61.6263
G01 X77.6573Y61.6477
G01 X77.5915Y61.7570
G01 X77.5775Y61.7772
G01 X77.5012Y61.8795
G01 X77.4853Y61.8982
G01 X77.3994Y61.9925
G01 X77.3818Y62.0096
G01 X77.2871Y62.0950
G01 X77.2678Y62.1102
G01 X77.1652Y62.1860
G01 X77.1445Y62.1993
G01 X77.0350Y62.2646
G01 X77.0131Y62.2758
G01 X76.8977Y62.3301
G01 X76.8748Y62.3391
G01 X76.7546Y62.3818
G01 X76.7310Y62.3885
G01 X76.6072Y62.4192
G01 X76.5830Y62.4236
G01 X76.4568Y62.4420
G01 X76.4323Y62.4440
G01 X76.3049Y62.4499
G01 X76.2804Y62.4495
G01 X76.1530Y62.4430
G01 X76.1286Y62.4401
G01 X76.0024Y62.4211
G01 X75.9785Y62.4159
G01 X75.8548Y62.3846
G01 X75.8314Y62.3771
G01 X75.7114Y62.3338
G01 X75.6889Y62.3241
G01 X75.5737Y62.2692
G01 X75.5523Y62.2573
G01 X75.4430Y62.1915
G01 X75.4228Y62.1775
G01 X75.3205Y62.1012
G01 X75.3018Y62.0853
G01 X75.2075Y61.9994
G01 X75.1904Y61.9818
G01 X75.1050Y61.8871
G01 X75.0898Y61.8678
G01 X75.0140Y61.7652
G01 X75.0007Y61.7445
G01 X74.9354Y61.6350
G01 X74.9242Y61.6131
G01 X74.8699Y61.4977
G01 X74.8609Y61.4748
G01 X74.8182Y61.3546
G01 X74.8115Y61.3310
G01 X74.7808Y61.2072
G01 X74.7764Y61.1830
G01 X74.7580Y61.0568
G01 X74.7560Y61.0323
G01 X74.7501Y60.9098
G00 Z20.0000
G00 X75.3829Y62.1478
G01 Z20.0000
G01 X75.7492Y63.1718
G01 X77.6709Y67.2348
G01 X79.5984Y70.4506
G00 Z20.0000
G00 X80.1127Y70.5315
G01 Z20.0000
G01 X79.0852Y68.8173
G00 Z20.0000
G00 X79.6125Y68.9199
G01 Z20.0000
G01 X80.6468Y70.6455
G01 X80.9416Y71.0431
G00 Z20.0000
G00 X81.2302Y70.7615
G01 Z20.0000
G01 X80.9794Y70.4233
G01 X80.0409Y68.8575
G00 Z20.0000
G00 X80.4053Y68.6884
G01 Z20.0000
G01 X81.3120Y70.2011
G01 X81.5802Y70.5628
G00 Z20.0000
G00 X82.0002Y70.4584
G01 Z20.0000
G01 X81.6445Y69.9788
G01 X80.7118Y68.4227
G00 Z20.0000
G00 X80.9509Y68.0445
G01 Z20.0000
G01 X81.9771Y69.7566
G01 X82.5247Y70.4949
G00 Z20.0000
G00 X83.4552Y71.0788
G01 Z20.0000
G01 X82.3097Y69.5344
G01 X81.0699Y67.4659
G00 Z20.0000
G00 X83.7360Y70.7869
G01 Z20.0000
G01 X82.6423Y69.3122
G01 X80.4931Y65.7264
G01 X78.7056Y61.9472
G01 X77.2973Y58.0110
G01 X76.2815Y53.9557
G01 X75.6680Y49.8204
G01 X75.4629Y45.6449
G01 X75.6680Y41.4693
G01 X76.2815Y37.3340
G01 X77.2973Y33.2787
G01 X77.3696Y33.0764
G00 Z20.0000
G00 X77.8324Y31.7831
G01 Z20.0000
G01 X78.7056Y29.3425
G01 X80.4931Y25.5634
G01 X82.6423Y21.9776
G01 X85.1327Y18.6197
G01 X85.5281Y18.1835
G00 Z20.0000
G00 X85.8029Y18.4752
G01 Z20.0000
G01 X85.4419Y18.8735
G01 X82.9749Y22.1998
G01 X80.8458Y25.7519
G01 X79.0752Y29.4956
G01 X77.6800Y33.3948
G01 X76.6738Y37.4121
G01 X76.0661Y41.5085
G01 X75.8629Y45.6449
G01 X76.0661Y49.7812
G01 X76.6738Y53.8777
G01 X77.6800Y57.8949
G01 X78.6072Y60.4862
G00 Z20.0000
G00 X78.5501Y60.9098
G01 Z20.0000
G01 X78.5505Y60.8804
G01 X78.5570Y60.7530
G01 X78.5599Y60.7286
G01 X78.5789Y60.6024
G01 X78.5841Y60.5785
G01 X78.6154Y60.4548
G01 X78.6229Y60.4314
G01 X78.6662Y60.3114
G01 X78.6759Y60.2889
G01 X78.7308Y60.1737
G01 X78.7427Y60.1523
G01 X78.8085Y60.0430
G01 X78.8225Y60.0228
G01 X78.8988Y59.9205
G01 X78.9147Y59.9018
G01 X79.0006Y59.8075
G01 X79.0182Y59.7904
G01 X79.1129Y59.7050
G01 X79.1322Y59.6898
G01 X79.2348Y59.6140
G01 X79.2555Y59.6007
G01 X79.3650Y59.5354
G01 X79.3869Y59.5242
G01 X79.5023Y59.4699
G01 X79.5252Y59.4609
G01 X79.6454Y59.4182
G01 X79.6690Y59.4115
G01 X79.7928Y59.3808
G01 X79.8170Y59.3764
G01 X79.9432Y59.3580
G01 X79.9677Y59.3560
G01 X80.0951Y59.3501
G01 X80.1196Y59.3505
G01 X80.2470Y59.3570
G01 X80.2714Y59.3599
G01 X80.3976Y59.3789
G01 X80.4215Y59.3841
G01 X80.5452Y59.4154
G01 X80.5686Y59.4229
G01 X80.6886Y59.4662
G01 X80.7111Y59.4759
G01 X80.8263Y59.5308
G01 X80.8477Y59.5427
G01 X80.9570Y59.6085
G01 X80.9772Y59.6225
G01 X81.0795Y59.6988
G01 X81.0982Y59.7147
G01 X81.1925Y59.8006
G01 X81.2096Y59.8182
G01 X81.2950Y59.9129
G01 X81.3102Y59.9322
G01 X81.3860Y60.0348
G01 X81.3993Y60.0555
G01 X81.4646Y60.1650
G01 X81.4758Y60.1869
G01 X81.5301Y60.3023
G01 X81.5391Y60.3252
G01 X81.5818Y60.4454
G01 X81.5885Y60.4690
G01 X81.6192Y60.5928
G01 X81.6236Y60.6170
G01 X81.6420Y60.7432
G01 X81.6440Y60.7677
G01 X81.6499Y60.8951
G01 X81.6495Y60.9196
G01 X81.6430Y61.0470
G01 X81.6401Y61.0714
G01 X81.6211Y61.1976
G01 X81.6159Y61.2215
G01 X81.5846Y61.3452
G01 X81.5771Y61.3686
G01 X81.5338Y61.4886
G01 X81.5241Y61.5111
G01 X81.4692Y61.6263
G01 X81.4573Y61.6477
G01 X81.3915Y61.7570
G01 X81.3775Y61.7772
G01 X81.3012Y61.8795
G01 X81.2853Y61.8982
G01 X81.1994Y61.9925
G01 X81.1818Y62.0096
G01 X81.0871Y62.0950
G01 X81.0678Y62.1102
G01 X80.9652Y62.1860
G01 X80.9445Y62.1993
G01 X80.8350Y62.2646
G01 X80.8131Y62.2758
G01 X80.6977Y62.3301
G01 X80.6748Y62.3391
G01 X80.5546Y62.3818
G01 X80.5310Y62.3885
G01 X80.4072Y62.4192
G01 X80.3830Y62.4236
G01 X80.2568Y62.4420
G01 X80.2323Y62.4440
G01 X80.1049Y62.4499
G01 X80.0804Y62.4495
G01 X79.9530Y62.4430
G01 X79.9286Y62.4401
G01 X79.8024Y62.4211
G01 X79.7785Y62.4159
G01 X79.6548Y62.3846
G01 X79.6314Y62.3771
G01 X79.5114Y62.3338
G01 X79.4889Y62.3241
G01 X79.3737Y62.2692
G01 X79.3523Y62.2573
G01 X79.2430Y62.1915
G01 X79.2228Y62.1775
G01 X79.1205Y62.1012
G01 X79.1018Y62.0853
G01 X79.0075Y61.9994
G01 X78.9904Y61.9818
G01 X78.9050Y61.8871
G01 X78.8898Y61.8678
G01 X78.8140Y61.7652
G01 X78.8007Y61.7445
G01 X78.7354Y61.6350
G01 X78.7242Y61.6131
G01 X78.6699Y61.4977
G01 X78.6609Y61.4748
G01 X78.6182Y61.3546
G01 X78.6115Y61.3310
G01 X78.5808Y61.2072
G01 X78.5764Y61.1830
G01 X78.5580Y61.0568
G01 X78.5560Y61.0323
G01 X78.5501Y60.9098
G00 Z20.0000
G00 X78.8517Y59.9835
G01 Z20.0000
G01 X78.0628Y57.7788
G01 X77.0661Y53.7996
G01 X76.4642Y49.7420
G01 X76.2629Y45.6449
G01 X76.4642Y41.5477
G01 X77.0661Y37.4901
G01 X78.0628Y33.5110
G01 X79.4448Y29.6487
G01 X81.1986Y25.9405
G01 X83.3075Y22.4220
G01 X85.7511Y19.1272
G01 X86.1628Y18.6730
G00 Z20.0000
G00 X86.6322Y18.7500
G01 Z20.0000
G01 X86.0603Y19.3810
G01 X83.6401Y22.6443
G01 X81.5514Y26.1290
G01 X79.8143Y29.8018
G01 X78.4456Y33.6271
G01 X77.4584Y37.5681
G01 X76.8623Y41.5870
G01 X76.6629Y45.6449
G01 X76.8623Y49.7028
G01 X77.4584Y53.7216
G01 X78.4456Y57.6626
G01 X79.1628Y59.6671
G00 Z20.0000
G00 X79.5148Y59.4649
G01 Z20.0000
G01 X78.8284Y57.5465
G01 X77.8507Y53.6436
G01 X77.2603Y49.6636
G01 X77.0629Y45.6449
G01 X77.2603Y41.6262
G01 X77.8507Y37.6462
G01 X78.8284Y33.7432
G01 X80.1839Y29.9548
G01 X81.9041Y26.3176
G01 X83.9727Y22.8665
G01 X86.3695Y19.6347
G01 X87.1714Y18.7500
G01 X87.7106Y18.7500
G01 X86.6787Y19.8885
G01 X84.3052Y23.0887
G01 X82.2569Y26.5062
G01 X80.5534Y30.1079
G01 X79.2111Y33.8593
G01 X78.2430Y37.7242
G01 X77.6584Y41.6654
G01 X77.4629Y45.6449
G01 X77.6584Y49.6244
G01 X78.2430Y53.5655
G01 X79.2111Y57.4304
G01 X79.9029Y59.3637
G00 Z20.0000
G00 X80.3289Y59.3684
G01 Z20.0000
G01 X79.5939Y57.3143
G01 X78.6353Y53.4875
G01 X78.0565Y49.5852
G01 X77.8629Y45.6449
G01 X78.0565Y41.7046
G01 X78.6353Y37.8022
G01 X79.5939Y33.9754
G01 X80.9230Y30.2610
G01 X82.6097Y26.6947
G01 X84.6378Y23.3109
G01 X86.9879Y20.1423
G01 X88.2498Y18.7500
G00 Z20.0000
G00 X88.8717Y18.6587
G01 Z20.0000
G01 X87.2971Y20.3960
G01 X84.9704Y23.5332
G01 X82.9624Y26.8833
G01 X81.2925Y30.4141
G01 X79.9767Y34.0915
G01 X79.0277Y37.8803
G01 X78.4546Y41.7438
G01 X78.2629Y45.6449
G01 X78.4546Y49.5459
G01 X79.0277Y53.4095
G01 X79.9767Y57.1982
G01 X80.8081Y59.5218
G00 Z20.0000
G00 X81.4591Y60.1553
G01 Z20.0000
G01 X80.3595Y57.0821
G01 X79.4200Y53.3314
G01 X78.8526Y49.5067
G01 X78.6629Y45.6449
G01 X78.8526Y41.7830
G01 X79.4200Y37.9583
G01 X80.3595Y34.2076
G01 X81.6621Y30.5671
G01 X83.3152Y27.0718
G01 X85.3030Y23.7554
G01 X87.6063Y20.6498
G01 X90.2029Y17.7849
G01 X90.3208Y17.6780
G00 Z20.0000
G00 X90.4687Y18.0866
G01 Z20.0000
G01 X87.9155Y20.9035
G01 X85.6356Y23.9776
G01 X83.6680Y27.2604
G01 X82.0316Y30.7202
G01 X80.7422Y34.3238
G01 X80.3232Y35.9967
G00 Z20.0000
G00 X80.8009Y35.7338
G01 Z20.0000
G01 X81.1250Y34.4399
G01 X82.4012Y30.8733
G01 X84.0208Y27.4489
G01 X85.9682Y24.1999
G01 X88.2247Y21.1573
G01 X90.7199Y18.4043
G00 Z20.0000
G00 X91.0564Y18.6289
G01 Z20.0000
G01 X91.0514Y18.6334
G01 X88.5339Y21.4110
G01 X86.3008Y24.4221
G01 X84.3735Y27.6375
G01 X82.7707Y31.0264
G01 X81.5078Y34.5560
G01 X81.2331Y35.6528
G00 Z20.0000
G00 X81.6362Y35.6877
G01 Z20.0000
G01 X81.8906Y34.6721
G01 X83.1403Y31.1794
G01 X84.7263Y27.8261
G01 X86.6334Y24.6443
G01 X88.8431Y21.6648
G01 X91.3343Y18.9162
G01 X91.5230Y18.7452
G00 Z20.0000
G00 X92.1126Y18.7500
G01 Z20.0000
G01 X91.6171Y19.1991
G01 X89.1523Y21.9186
G01 X86.9660Y24.8665
G01 X85.0791Y28.0146
G01 X83.5098Y31.3325
G01 X82.2733Y34.7882
G01 X82.0138Y35.8245
G00 Z20.0000
G00 X82.3632Y36.0736
G01 Z20.0000
G01 X82.6561Y34.9043
G01 X83.8794Y31.4856
G01 X85.4318Y28.2032
G01 X87.2985Y25.0888
G01 X89.4615Y22.1723
G01 X91.9000Y19.4819
G01 X92.7075Y18.7500
G01 X93.3024Y18.7500
G01 X92.1828Y19.7648
G01 X89.7707Y22.4261
G01 X87.6311Y25.3110
G01 X85.7846Y28.3917
G01 X84.2489Y31.6386
G01 X83.0389Y35.0204
G01 X82.7746Y36.0756
G00 Z20.0000
G00 X83.2653Y35.7609
G01 Z20.0000
G01 X83.4217Y35.1366
G01 X84.6185Y31.7917
G01 X86.1374Y28.5803
G01 X87.9637Y25.5332
G01 X90.0799Y22.6798
G01 X90.3084Y22.4278
G00 Z20.0000
G00 X90.3000Y23.0538
G01 Z20.0000
G01 X88.2963Y25.7554
G01 X86.4901Y28.7689
G01 X84.9880Y31.9448
G01 X83.8045Y35.2527
G01 X83.7034Y35.6563
G00 Z20.0000
G00 X84.1106Y35.6746
G01 Z20.0000
G01 X84.1872Y35.3688
G01 X85.3576Y32.0979
G01 X86.8429Y28.9574
G01 X88.6289Y25.9777
G01 X90.3000Y23.7244
G01 X90.3000Y24.3951
G01 X88.9615Y26.1999
G01 X87.1957Y29.1460
G01 X85.7271Y32.2509
G01 X84.5700Y35.4849
G01 X84.4922Y35.7954
G00 Z20.0000
G00 X84.8471Y36.0228
G01 Z20.0000
G01 X84.9528Y35.6010
G01 X86.0967Y32.4040
G01 X87.5484Y29.3345
G01 X89.2941Y26.4221
G01 X90.3000Y25.0658
G00 Z20.0000
G00 X90.3262Y25.7011
G01 Z20.0000
G01 X89.6267Y26.6444
G01 X87.9012Y29.5231
G01 X86.4662Y32.5571
G01 X85.3356Y35.7171
G01 X85.2216Y36.1721
G00 Z20.0000
G00 X85.7327Y35.7931
G01 Z20.0000
G01 X86.8358Y32.7102
G01 X88.2540Y29.7117
G01 X89.9592Y26.8666
G01 X90.4999Y26.1376
G00 Z20.0000
G00 X90.7686Y26.4459
G01 Z20.0000
G01 X90.2918Y27.0888
G01 X88.6067Y29.9002
G01 X87.2053Y32.8632
G01 X86.2045Y35.6605
G00 Z20.0000
G00 X86.6251Y35.6708
G01 Z20.0000
G01 X87.5749Y33.0163
G01 X88.9595Y30.0888
G01 X90.6244Y27.3110
G01 X91.1129Y26.6524
G00 Z20.0000
G00 X91.5405Y26.7466
G01 Z20.0000
G01 X90.9570Y27.5333
G01 X89.3123Y30.2773
G01 X87.9444Y33.1694
G01 X87.0088Y35.7843
G00 Z20.0000
G00 X87.3571Y35.9969
G01 Z20.0000
G01 X88.3140Y33.3225
G01 X89.6651Y30.4659
G01 X91.2896Y27.7555
G01 X92.0353Y26.7500
G01 X92.5327Y26.7500
G01 X91.6222Y27.9777
G01 X90.0178Y30.6544
G01 X88.6835Y33.4755
G01 X87.6855Y36.2649
G00 Z20.0000
G00 X88.2799Y35.7897
G01 Z20.0000
G01 X89.0531Y33.6286
G01 X90.3706Y30.8430
G01 X91.9548Y28.2000
G01 X93.0301Y26.7500
G00 Z20.0000
G00 X93.5345Y26.7407
G01 Z20.0000
G01 X92.2874Y28.4222
G01 X90.7234Y31.0316
G01 X89.4227Y33.7817
G01 X88.7507Y35.6596
G00 Z20.0000
G00 X89.1707Y35.6716
G01 Z20.0000
G01 X89.7922Y33.9348
G01 X91.0761Y31.2201
G01 X92.6199Y28.6444
G01 X94.2835Y26.4014
G00 Z20.0000
G00 X94.5112Y26.1195
G01 Z20.0000
G01 X95.3000Y25.2491
G00 Z20.0000
G00 X95.3478Y25.7913
G01 Z20.0000
G01 X94.7180Y26.4862
G01 X92.9525Y28.8666
G01 X91.4289Y31.4087
G01 X90.1618Y34.0878
G01 X89.5539Y35.7867
G00 Z20.0000
G00 X89.9017Y36.0006
G01 Z20.0000
G01 X90.5313Y34.2409
G01 X91.7817Y31.5972
G01 X93.2851Y29.0889
G01 X95.0272Y26.7399
G01 X95.5295Y26.1858
G00 Z20.0000
G00 X95.8049Y26.4768
G01 Z20.0000
G01 X95.3364Y26.9937
G01 X93.6177Y29.3111
G01 X92.1344Y31.7858
G01 X90.9009Y34.3940
G01 X90.2370Y36.2494
G00 Z20.0000
G00 X90.8270Y35.7863
G01 Z20.0000
G01 X91.2704Y34.5470
G01 X92.4872Y31.9744
G01 X93.9503Y29.5333
G01 X95.6456Y27.2475
G01 X96.1653Y26.6741
G00 Z20.0000
G00 X96.6357Y26.7500
G01 Z20.0000
G01 X95.9548Y27.5012
G01 X94.2829Y29.7556
G01 X92.8400Y32.1629
G01 X91.6400Y34.7001
G01 X91.2969Y35.6588
G00 Z20.0000
G00 X91.7164Y35.6725
G01 Z20.0000
G01 X92.0095Y34.8532
G01 X93.1927Y32.3515
G01 X94.6155Y29.9778
G01 X96.2640Y27.7550
G01 X97.1749Y26.7500
G01 X97.7141Y26.7500
G01 X96.5732Y28.0087
G01 X94.9481Y30.2000
G01 X93.5455Y32.5400
G01 X92.3791Y35.0063
G01 X92.0990Y35.7891
G00 Z20.0000
G00 X92.4463Y36.0043
G01 Z20.0000
G01 X92.7486Y35.1593
G01 X93.8983Y32.7286
G01 X95.2806Y30.4222
G01 X96.8824Y28.2625
G01 X98.2533Y26.7500
G00 Z20.0000
G00 X98.8773Y26.6564
G01 Z20.0000
G01 X97.1916Y28.5162
G01 X95.6132Y30.6445
G01 X94.2510Y32.9172
G01 X93.1182Y35.3124
G01 X92.7884Y36.2339
G00 Z20.0000
G00 X93.3741Y35.7829
G01 Z20.0000
G01 X93.4877Y35.4655
G01 X94.6038Y33.1057
G01 X95.9458Y30.8667
G01 X97.5008Y28.7700
G01 X99.2539Y26.8358
G01 X101.1881Y25.0828
G01 X103.2847Y23.5278
G01 X105.5238Y22.1858
G01 X107.8835Y21.0697
G01 X110.3413Y20.1903
G01 X112.8735Y19.5560
G01 X115.4557Y19.1729
G01 X118.0629Y19.0449
G01 X120.6702Y19.1729
G01 X123.2523Y19.5560
G01 X125.7845Y20.1903
G01 X128.2423Y21.0697
G01 X130.6021Y22.1858
G01 X132.8411Y23.5278
G01 X134.9378Y25.0828
G01 X136.8720Y26.8358
G01 X138.6250Y28.7700
G01 X140.1800Y30.8667
G01 X141.5220Y33.1057
G01 X142.6381Y35.4655
G01 X143.5175Y37.9233
G01 X143.6580Y38.4842
G00 Z20.0000
G00 X143.2820Y38.6271
G01 Z20.0000
G01 X143.1348Y38.0394
G01 X142.2686Y35.6186
G01 X141.1693Y33.2943
G01 X139.8474Y31.0889
G01 X138.3158Y29.0238
G01 X136.5891Y27.1187
G01 X134.6840Y25.3920
G01 X132.6189Y23.8604
G01 X130.4135Y22.5385
G01 X128.0892Y21.4392
G01 X125.6684Y20.5730
G01 X123.1743Y19.9483
G01 X120.6310Y19.5710
G01 X118.0629Y19.4449
G01 X115.4949Y19.5710
G01 X112.9515Y19.9483
G01 X110.4575Y20.5730
G01 X108.0366Y21.4392
G01 X105.7123Y22.5385
G01 X103.5070Y23.8604
G01 X101.4418Y25.3920
G01 X99.5367Y27.1187
G01 X97.8100Y29.0238
G01 X96.2784Y31.0889
G01 X94.9566Y33.2943
G01 X93.8573Y35.6186
G01 X93.8432Y35.6580
G00 Z20.0000
G00 X94.2726Y35.6749
G01 Z20.0000
G01 X95.3093Y33.4828
G01 X96.6110Y31.3112
G01 X98.1192Y29.2775
G01 X99.8196Y27.4015
G01 X101.6956Y25.7012
G01 X103.7292Y24.1929
G01 X105.9009Y22.8913
G01 X108.1897Y21.8088
G01 X110.5736Y20.9558
G01 X113.0296Y20.3406
G01 X115.5341Y19.9691
G01 X118.0629Y19.8449
G01 X120.5918Y19.9691
G01 X123.0962Y20.3406
G01 X125.5523Y20.9558
G01 X127.9361Y21.8088
G01 X130.2250Y22.8913
G01 X132.3966Y24.1929
G01 X134.4303Y25.7012
G01 X136.3063Y27.4015
G01 X138.0066Y29.2775
G01 X139.5148Y31.3112
G01 X140.8165Y33.4828
G01 X141.8990Y35.7716
G01 X142.7520Y38.1555
G01 X142.9344Y38.8839
G01 X142.5099Y38.8334
G01 X142.3692Y38.2716
G01 X141.5295Y35.9247
G01 X140.4637Y33.6714
G01 X139.1822Y31.5334
G01 X137.6974Y29.5313
G01 X136.0234Y27.6844
G01 X134.1765Y26.0104
G01 X132.1744Y24.5255
G01 X130.0364Y23.2441
G01 X127.7831Y22.1783
G01 X125.4361Y21.3386
G01 X123.0182Y20.7329
G01 X120.5526Y20.3672
G01 X118.0629Y20.2449
G01 X115.5733Y20.3672
G01 X113.1076Y20.7329
G01 X110.6897Y21.3386
G01 X108.3428Y22.1783
G01 X106.0894Y23.2441
G01 X103.9514Y24.5255
G01 X101.9493Y26.0104
G01 X100.1024Y27.6844
G01 X98.4285Y29.5313
G01 X96.9436Y31.5334
G01 X95.6621Y33.6714
G01 X94.6566Y35.7974
G00 Z20.0000
G00 X94.9965Y36.0132
G01 Z20.0000
G01 X96.0149Y33.8599
G01 X97.0660Y32.1063
G00 Z20.0000
G00 X97.0501Y31.9098
G01 Z20.0000
G01 X97.0505Y31.8804
G01 X97.0566Y31.7628
G01 X97.0594Y31.7384
G01 X97.0770Y31.6220
G01 X97.0822Y31.5980
G01 X97.1111Y31.4838
G01 X97.1186Y31.4605
G01 X97.1585Y31.3497
G01 X97.1683Y31.3272
G01 X97.2189Y31.2208
G01 X97.2309Y31.1994
G01 X97.2917Y31.0985
G01 X97.3057Y31.0784
G01 X97.3761Y30.9840
G01 X97.3919Y30.9653
G01 X97.4713Y30.8782
G01 X97.4889Y30.8612
G01 X97.5764Y30.7823
G01 X97.5956Y30.7671
G01 X97.6904Y30.6972
G01 X97.7110Y30.6839
G01 X97.8122Y30.6236
G01 X97.8340Y30.6124
G01 X97.9406Y30.5623
G01 X97.9634Y30.5533
G01 X98.0744Y30.5139
G01 X98.0980Y30.5072
G01 X98.2123Y30.4789
G01 X98.2365Y30.4745
G01 X98.3530Y30.4575
G01 X98.3774Y30.4555
G01 X98.4951Y30.4501
G01 X98.5196Y30.4505
G01 X98.6372Y30.4566
G01 X98.6616Y30.4594
G01 X98.7780Y30.4770
G01 X98.8020Y30.4822
G01 X98.9162Y30.5111
G01 X98.9395Y30.5186
G01 X99.0503Y30.5586
G01 X99.0728Y30.5683
G01 X99.1792Y30.6190
G01 X99.2006Y30.6309
G01 X99.3015Y30.6917
G01 X99.3216Y30.7057
G01 X99.4160Y30.7761
G01 X99.4347Y30.7920
G01 X99.5218Y30.8713
G01 X99.5388Y30.8889
G01 X99.6177Y30.9764
G01 X99.6329Y30.9956
G01 X99.7028Y31.0904
G01 X99.7161Y31.1110
G01 X99.7764Y31.2122
G01 X99.7876Y31.2340
G01 X99.8377Y31.3406
G01 X99.8467Y31.3634
G01 X99.8861Y31.4744
G01 X99.8928Y31.4980
G01 X99.9211Y31.6123
G01 X99.9255Y31.6365
G01 X99.9425Y31.7530
G01 X99.9445Y31.7775
G01 X99.9499Y31.8951
G01 X99.9495Y31.9196
G01 X99.9434Y32.0373
G01 X99.9406Y32.0616
G01 X99.9230Y32.1781
G01 X99.9178Y32.2020
G01 X99.8889Y32.3162
G01 X99.8814Y32.3396
G01 X99.8414Y32.4503
G01 X99.8317Y32.4728
G01 X99.7810Y32.5792
G01 X99.7691Y32.6006
G01 X99.7083Y32.7015
G01 X99.6943Y32.7216
G01 X99.6239Y32.8161
G01 X99.6080Y32.8347
G01 X99.5287Y32.9218
G01 X99.5111Y32.9389
G01 X99.4236Y33.0177
G01 X99.4044Y33.0330
G01 X99.3096Y33.1029
G01 X99.2890Y33.1161
G01 X99.1878Y33.1764
G01 X99.1660Y33.1876
G01 X99.0594Y33.2377
G01 X99.0366Y33.2467
G01 X98.9256Y33.2861
G01 X98.9020Y33.2928
G01 X98.7877Y33.3211
G01 X98.7635Y33.3255
G01 X98.6470Y33.3425
G01 X98.6225Y33.3445
G01 X98.5049Y33.3499
G01 X98.4804Y33.3495
G01 X98.3628Y33.3434
G01 X98.3384Y33.3406
G01 X98.2219Y33.3230
G01 X98.1980Y33.3178
G01 X98.0838Y33.2889
G01 X98.0604Y33.2814
G01 X97.9497Y33.2415
G01 X97.9272Y33.2317
G01 X97.8208Y33.1811
G01 X97.7994Y33.1691
G01 X97.6985Y33.1083
G01 X97.6784Y33.0943
G01 X97.5840Y33.0239
G01 X97.5653Y33.0081
G01 X97.4782Y32.9287
G01 X97.4611Y32.9111
G01 X97.3823Y32.8236
G01 X97.3670Y32.8044
G01 X97.2971Y32.7096
G01 X97.2839Y32.6890
G01 X97.2236Y32.5878
G01 X97.2124Y32.5660
G01 X97.1623Y32.4594
G01 X97.1533Y32.4366
G01 X97.1139Y32.3256
G01 X97.1072Y32.3020
G01 X97.0789Y32.1877
G01 X97.0745Y32.1635
G01 X97.0575Y32.0470
G01 X97.0555Y32.0226
G01 X97.0501Y31.9098
G00 Z20.0000
G00 X97.2332Y32.6045
G01 Z20.0000
G01 X96.3677Y34.0485
G01 X95.3425Y36.2159
G00 Z20.0000
G00 X96.0067Y35.7460
G01 Z20.0000
G01 X96.7204Y34.2371
G01 X97.4951Y32.9445
G00 Z20.0000
G00 X97.8196Y33.1804
G01 Z20.0000
G01 X97.0732Y34.4256
G01 X96.4932Y35.6518
G00 Z20.0000
G00 X96.9137Y35.6972
G01 Z20.0000
G01 X97.4260Y34.6142
G01 X98.2023Y33.3189
G00 Z20.0000
G00 X98.6545Y33.3416
G01 Z20.0000
G01 X97.7787Y34.8027
G01 X97.2871Y35.8423
G00 Z20.0000
G00 X97.6147Y36.0840
G01 Z20.0000
G01 X98.1315Y34.9913
G01 X99.2366Y33.1475
G00 Z20.0000
G00 X99.9119Y32.2258
G01 Z20.0000
G01 X100.5929Y31.3076
G01 X102.0823Y29.6643
G01 X103.7256Y28.1748
G01 X105.5070Y26.8537
G01 X107.4093Y25.7134
G01 X109.4143Y24.7652
G01 X111.5025Y24.0180
G01 X113.6539Y23.4791
G01 X114.3000Y23.3833
G01 X114.3000Y22.9794
G01 X113.5758Y23.0868
G01 X111.3864Y23.6352
G01 X109.2612Y24.3956
G01 X107.2208Y25.3607
G01 X105.2848Y26.5211
G01 X103.4719Y27.8656
G01 X101.7995Y29.3814
G01 X100.2837Y31.0538
G01 X99.9083Y31.5599
G00 Z20.0000
G00 X99.7285Y31.1317
G01 Z20.0000
G01 X99.9745Y30.8001
G01 X101.5166Y29.0986
G01 X103.2181Y27.5564
G01 X105.0626Y26.1885
G01 X107.0322Y25.0079
G01 X109.1081Y24.0261
G01 X111.2703Y23.2525
G01 X113.4978Y22.6945
G01 X114.3000Y22.5755
G00 Z20.0000
G00 X114.3593Y22.1628
G01 Z20.0000
G01 X113.4198Y22.3022
G01 X111.1541Y22.8697
G01 X108.9551Y23.6565
G01 X106.8437Y24.6551
G01 X104.8403Y25.8559
G01 X102.9644Y27.2472
G01 X101.2338Y28.8157
G01 X99.6653Y30.5463
G01 X99.4636Y30.8182
G00 Z20.0000
G00 X99.1311Y30.5959
G01 Z20.0000
G01 X99.3561Y30.2925
G01 X100.9509Y28.5329
G01 X102.7106Y26.9380
G01 X104.6181Y25.5233
G01 X106.6551Y24.3024
G01 X108.8020Y23.2870
G01 X111.0380Y22.4869
G01 X113.3417Y21.9099
G01 X114.6002Y21.7232
G00 Z20.0000
G00 X114.3000Y23.7872
G01 Z20.0000
G01 X113.7319Y23.8714
G01 X111.6186Y24.4008
G01 X109.5673Y25.1347
G01 X107.5979Y26.0662
G01 X105.7293Y27.1862
G01 X103.9794Y28.4840
G01 X102.3651Y29.9471
G01 X100.9021Y31.5613
G01 X99.6043Y33.3112
G01 X98.4843Y35.1799
G01 X98.0947Y36.0036
G00 Z20.0000
G00 X98.6782Y35.7042
G01 Z20.0000
G01 X98.8370Y35.3684
G01 X99.9369Y33.5334
G01 X101.2113Y31.8151
G01 X102.6480Y30.2299
G01 X104.2331Y28.7932
G01 X105.9515Y27.5188
G01 X107.7865Y26.4190
G01 X109.7204Y25.5043
G01 X111.7347Y24.7836
G01 X113.8099Y24.2637
G01 X114.3000Y24.1911
G01 X114.3000Y24.5949
G01 X113.8880Y24.6561
G01 X111.8508Y25.1663
G01 X109.8735Y25.8738
G01 X107.9750Y26.7717
G01 X106.1737Y27.8514
G01 X104.4869Y29.1024
G01 X102.9308Y30.5128
G01 X101.5205Y32.0688
G01 X100.2695Y33.7557
G01 X99.1898Y35.5570
G01 X99.1445Y35.6527
G00 Z20.0000
G00 X99.5548Y35.7251
G01 Z20.0000
G01 X100.6021Y33.9779
G01 X101.8297Y32.3226
G01 X103.2137Y30.7956
G01 X104.7407Y29.4116
G01 X106.3959Y28.1840
G01 X108.1636Y27.1245
G01 X110.0266Y26.2434
G01 X111.9669Y25.5491
G01 X113.9660Y25.0484
G01 X114.3000Y24.9988
G01 X114.3000Y25.4027
G01 X114.0441Y25.4407
G01 X112.0831Y25.9319
G01 X110.1796Y26.6129
G01 X108.3521Y27.4773
G01 X106.6855Y28.4762
G00 Z20.0000
G00 X107.4292Y28.4962
G01 Z20.0000
G01 X108.5407Y27.8301
G01 X110.3327Y26.9825
G01 X112.1992Y26.3147
G01 X114.1221Y25.8330
G01 X114.3498Y25.7992
G00 Z20.0000
G00 X114.5242Y26.1772
G01 Z20.0000
G01 X114.2001Y26.2253
G01 X112.3153Y26.6974
G01 X110.4858Y27.3520
G01 X108.7293Y28.1828
G01 X107.9184Y28.6688
G00 Z20.0000
G00 X108.2935Y28.9098
G01 Z20.0000
G01 X108.9178Y28.5356
G01 X110.6389Y27.7216
G01 X112.4314Y27.0802
G01 X114.2782Y26.6176
G01 X114.8776Y26.5287
G00 Z20.0000
G00 X116.1086Y26.7500
G01 Z20.0000
G01 X114.3562Y27.0099
G01 X112.5475Y27.4630
G01 X110.7919Y28.0912
G01 X109.1064Y28.8884
G01 X108.5855Y29.2006
G00 Z20.0000
G00 X108.8076Y29.5332
G01 Z20.0000
G01 X109.2949Y29.2411
G01 X110.9450Y28.4607
G01 X112.6636Y27.8458
G01 X114.4342Y27.4023
G01 X116.2398Y27.1344
G01 X118.0629Y27.0449
G01 X119.8860Y27.1344
G01 X121.6916Y27.4023
G01 X123.4622Y27.8458
G01 X125.1808Y28.4607
G01 X126.8309Y29.2411
G01 X128.3965Y30.1795
G01 X129.8626Y31.2669
G01 X131.2151Y32.4927
G01 X132.0805Y33.4475
G00 Z20.0000
G00 X131.7105Y33.6342
G01 Z20.0000
G01 X130.9323Y32.7755
G01 X129.6089Y31.5761
G01 X128.1743Y30.5121
G01 X126.6423Y29.5939
G01 X125.0278Y28.8303
G01 X123.3461Y28.2285
G01 X121.6136Y27.7946
G01 X119.8468Y27.5325
G01 X118.0629Y27.4449
G01 X116.2790Y27.5325
G01 X114.5123Y27.7946
G01 X112.7797Y28.2285
G01 X111.0981Y28.8303
G01 X109.4835Y29.5939
G01 X108.9621Y29.9064
G00 Z20.0000
G00 X109.0419Y30.3244
G01 Z20.0000
G01 X109.6721Y29.9467
G01 X111.2512Y29.1998
G01 X112.8958Y28.6113
G01 X114.5903Y28.1869
G01 X116.3182Y27.9306
G01 X118.0629Y27.8449
G01 X119.8076Y27.9306
G01 X121.5355Y28.1869
G01 X123.2300Y28.6113
G01 X124.8747Y29.1998
G01 X126.4538Y29.9467
G01 X127.9521Y30.8447
G01 X129.3551Y31.8853
G01 X130.6494Y33.0584
G01 X131.4138Y33.9017
G00 Z20.0000
G00 X130.4271Y33.4080
G01 Z20.0000
G01 X130.3666Y33.3412
G01 X129.1014Y32.1945
G01 X127.7298Y31.1773
G01 X126.2652Y30.2994
G01 X124.7216Y29.5694
G01 X123.1139Y28.9941
G01 X121.4575Y28.5792
G01 X119.7684Y28.3286
G01 X118.0629Y28.2449
G01 X116.3574Y28.3286
G01 X114.6683Y28.5792
G01 X113.0120Y28.9941
G01 X111.4042Y29.5694
G01 X109.8606Y30.2994
G01 X109.0260Y30.7997
G00 Z20.0000
G00 X108.8550Y31.3679
G01 Z20.0000
G01 X110.0492Y30.6522
G01 X111.5573Y29.9389
G01 X113.1281Y29.3769
G01 X114.7464Y28.9715
G01 X116.3966Y28.7267
G01 X118.0629Y28.6449
G01 X119.7292Y28.7267
G01 X121.3795Y28.9715
G01 X122.9978Y29.3769
G01 X124.5685Y29.9389
G01 X126.0767Y30.6522
G01 X127.5076Y31.5099
G01 X128.8476Y32.5037
G01 X129.8139Y33.3795
G00 Z20.0000
G00 X129.3716Y33.5178
G01 Z20.0000
G01 X128.5938Y32.8129
G01 X127.2854Y31.8425
G01 X125.8881Y31.0050
G01 X124.4155Y30.3085
G01 X122.8816Y29.7597
G01 X121.3014Y29.3638
G01 X119.6900Y29.1248
G01 X118.0629Y29.0449
G01 X116.4358Y29.1248
G01 X114.8244Y29.3638
G01 X113.2442Y29.7597
G01 X111.7104Y30.3085
G01 X110.2377Y31.0050
G01 X108.8404Y31.8425
G01 X107.5320Y32.8129
G01 X106.3249Y33.9069
G01 X105.2309Y35.1139
G01 X104.2605Y36.4224
G01 X103.4230Y37.8197
G01 X102.7265Y39.2923
G01 X102.1777Y40.8261
G01 X101.8169Y42.2666
G00 Z20.0000
G00 X101.4684Y42.0136
G01 Z20.0000
G01 X101.7949Y40.7100
G01 X102.3570Y39.1392
G01 X103.0703Y37.6311
G01 X103.9279Y36.2002
G01 X104.9217Y34.8602
G01 X106.0421Y33.6240
G01 X107.2446Y32.5341
G00 Z20.0000
G00 X106.6646Y32.5207
G01 Z20.0000
G01 X105.7593Y33.3412
G01 X104.6125Y34.6064
G01 X103.5953Y35.9779
G01 X102.7175Y37.4426
G01 X101.9874Y38.9862
G01 X101.4122Y40.5939
G01 X101.0901Y41.8794
G00 Z20.0000
G00 X100.6844Y41.8552
G01 Z20.0000
G01 X101.0294Y40.4778
G01 X101.6179Y38.8331
G01 X102.3647Y37.2540
G01 X103.2628Y35.7557
G01 X104.3033Y34.3527
G01 X105.4764Y33.0584
G01 X106.2114Y32.3922
G00 Z20.0000
G00 X105.8401Y32.1895
G01 Z20.0000
G01 X105.1936Y32.7755
G01 X103.9941Y34.0989
G01 X102.9302Y35.5335
G01 X102.0119Y37.0654
G01 X101.2483Y38.6800
G01 X100.6466Y40.3617
G01 X100.2463Y41.9600
G00 Z20.0000
G00 X99.7832Y42.2665
G01 Z20.0000
G01 X99.8203Y42.0162
G01 X100.2638Y40.2456
G01 X100.8788Y38.5270
G01 X101.6592Y36.8769
G01 X102.5976Y35.3113
G01 X103.6849Y33.8451
G01 X104.9107Y32.4927
G01 X105.5318Y31.9298
G00 Z20.0000
G00 X105.2819Y31.6171
G01 Z20.0000
G01 X104.6279Y32.2098
G01 X103.3757Y33.5914
G01 X102.2650Y35.0890
G01 X101.3064Y36.6883
G01 X100.5092Y38.3739
G01 X99.8810Y40.1295
G01 X99.4280Y41.9381
G01 X99.4060Y42.0863
G00 Z20.0000
G00 X99.0304Y41.8960
G01 Z20.0000
G01 X99.0357Y41.8601
G01 X99.4983Y40.0133
G01 X100.0820Y38.3819
G00 Z20.0000
G00 X99.5526Y38.6757
G01 Z20.0000
G01 X99.1155Y39.8972
G01 X98.6434Y41.7821
G01 X98.6373Y41.8228
G00 Z20.0000
G00 X98.2276Y41.8622
G01 Z20.0000
G01 X98.2511Y41.7040
G01 X98.7327Y39.7811
G01 X99.1019Y38.7494
G00 Z20.0000
G00 X98.6952Y38.7001
G01 Z20.0000
G01 X98.3499Y39.6650
G01 X97.8587Y41.6260
G01 X97.7967Y42.0444
G01 X97.3540Y42.3057
G01 X97.4664Y41.5480
G01 X97.9672Y39.5489
G01 X98.3238Y38.5522
G00 Z20.0000
G00 X97.9893Y38.3012
G01 Z20.0000
G01 X97.5844Y39.4328
G01 X97.0741Y41.4699
G01 X96.9917Y42.0258
G00 Z20.0000
G00 X96.6088Y41.8839
G01 Z20.0000
G01 X96.6818Y41.3919
G01 X97.2016Y39.3167
G01 X97.5333Y38.3896
G00 Z20.0000
G00 X97.0058Y38.6781
G01 Z20.0000
G01 X96.8188Y39.2005
G01 X96.2895Y41.3139
G01 X96.2094Y41.8540
G00 Z20.0000
G00 X95.7923Y41.9430
G01 Z20.0000
G01 X95.8972Y41.2358
G01 X96.4361Y39.0844
G01 X96.5558Y38.7497
G00 Z20.0000
G00 X96.1498Y38.6987
G01 Z20.0000
G01 X96.0533Y38.9683
G01 X95.5049Y41.1578
G01 X95.3493Y42.2064
G01 X94.9460Y42.2022
G01 X95.1125Y41.0797
G01 X95.6705Y38.8522
G01 X95.7789Y38.5493
G00 Z20.0000
G00 X95.4449Y38.2968
G01 Z20.0000
G01 X95.2877Y38.7361
G01 X94.7202Y41.0017
G01 X94.5766Y41.9701
G00 Z20.0000
G00 X94.1885Y41.8634
G01 Z20.0000
G01 X94.3279Y40.9237
G01 X94.9050Y38.6200
G01 X94.9848Y38.3969
G00 Z20.0000
G00 X94.4798Y38.6731
G01 Z20.0000
G01 X93.9356Y40.8456
G01 X93.7840Y41.8674
G00 Z20.0000
G00 X93.3605Y41.9999
G01 Z20.0000
G01 X93.5433Y40.7676
G01 X94.0492Y38.7481
G00 Z20.0000
G00 X93.6473Y38.7081
G01 Z20.0000
G01 X93.1510Y40.6896
G01 X92.9044Y42.3515
G00 Z20.0000
G00 X92.5501Y43.3098
G01 Z20.0000
G01 X92.5505Y43.2804
G01 X92.5566Y43.1628
G01 X92.5594Y43.1384
G01 X92.5745Y43.0365
G01 X92.5810Y43.0027
G01 X92.6072Y42.8980
G01 X92.6186Y42.8604
G01 X92.6533Y42.7634
G01 X92.6623Y42.7406
G01 X92.7124Y42.6340
G01 X92.7236Y42.6122
G01 X92.7917Y42.4985
G01 X92.8057Y42.4784
G01 X92.8761Y42.3840
G01 X92.8920Y42.3653
G01 X92.9713Y42.2782
G01 X92.9889Y42.2612
G01 X93.0653Y42.1920
G01 X93.0917Y42.1700
G01 X93.1784Y42.1057
G01 X93.2110Y42.0839
G01 X93.2994Y42.0309
G01 X93.3208Y42.0190
G01 X93.4406Y41.9623
G01 X93.4634Y41.9533
G01 X93.5744Y41.9139
G01 X93.5980Y41.9072
G01 X93.6980Y41.8822
G01 X93.7365Y41.8745
G01 X93.8433Y41.8587
G01 X93.8775Y41.8555
G01 X93.9804Y41.8505
G01 X94.0049Y41.8501
G01 X94.1372Y41.8566
G01 X94.1616Y41.8594
G01 X94.2635Y41.8745
G01 X94.3020Y41.8822
G01 X94.4020Y41.9072
G01 X94.4256Y41.9139
G01 X94.5366Y41.9533
G01 X94.5728Y41.9683
G01 X94.6660Y42.0124
G01 X94.6964Y42.0284
G01 X94.8015Y42.0917
G01 X94.8216Y42.1057
G01 X94.9044Y42.1671
G01 X94.9347Y42.1920
G01 X95.0111Y42.2612
G01 X95.0287Y42.2782
G01 X95.1113Y42.3689
G01 X95.1300Y42.3917
G01 X95.1500Y42.4186
G01 X95.1700Y42.3917
G01 X95.1887Y42.3689
G01 X95.2612Y42.2889
G01 X95.2853Y42.2645
G01 X95.3653Y42.1920
G01 X95.3840Y42.1761
G01 X95.4784Y42.1057
G01 X95.5068Y42.0864
G01 X95.5994Y42.0309
G01 X95.6208Y42.0190
G01 X95.7272Y41.9683
G01 X95.7497Y41.9586
G01 X95.8604Y41.9186
G01 X95.8838Y41.9111
G01 X95.9980Y41.8822
G01 X96.0219Y41.8770
G01 X96.1530Y41.8575
G01 X96.1775Y41.8555
G01 X96.2804Y41.8505
G01 X96.3196Y41.8505
G01 X96.4372Y41.8566
G01 X96.4616Y41.8594
G01 X96.5635Y41.8745
G01 X96.6020Y41.8822
G01 X96.7020Y41.9072
G01 X96.7256Y41.9139
G01 X96.8366Y41.9533
G01 X96.8728Y41.9683
G01 X96.9792Y42.0190
G01 X97.0006Y42.0309
G01 X97.0890Y42.0839
G01 X97.1216Y42.1057
G01 X97.2044Y42.1671
G01 X97.2236Y42.1823
G01 X97.3111Y42.2612
G01 X97.3388Y42.2889
G01 X97.4080Y42.3653
G01 X97.4236Y42.3836
G01 X97.4460Y42.3539
G01 X97.4587Y42.3389
G01 X97.5412Y42.2482
G01 X97.5589Y42.2311
G01 X97.6463Y42.1523
G01 X97.6656Y42.1370
G01 X97.7483Y42.0756
G01 X97.7685Y42.0617
G01 X97.8694Y42.0009
G01 X97.8996Y41.9845
G01 X98.0016Y41.9363
G01 X98.0334Y41.9233
G01 X98.1444Y41.8839
G01 X98.1680Y41.8772
G01 X98.2679Y41.8521
G01 X98.3064Y41.8445
G01 X98.4230Y41.8275
G01 X98.4474Y41.8255
G01 X98.5651Y41.8200
G01 X98.5896Y41.8205
G01 X98.6925Y41.8255
G01 X98.7170Y41.8275
G01 X98.8335Y41.8445
G01 X98.8720Y41.8521
G01 X98.9767Y41.8784
G01 X99.0095Y41.8886
G01 X99.1203Y41.9285
G01 X99.1428Y41.9383
G01 X99.2360Y41.9824
G01 X99.2706Y42.0009
G01 X99.3714Y42.0617
G01 X99.3916Y42.0756
G01 X99.4860Y42.1460
G01 X99.5047Y42.1619
G01 X99.5811Y42.2311
G01 X99.5987Y42.2482
G01 X99.6780Y42.3352
G01 X99.6978Y42.3589
G01 X99.7612Y42.2889
G01 X99.7782Y42.2713
G01 X99.8653Y42.1920
G01 X99.8840Y42.1761
G01 X99.9904Y42.0971
G01 X100.0110Y42.0839
G01 X100.0994Y42.0309
G01 X100.1340Y42.0124
G01 X100.2272Y41.9683
G01 X100.2588Y41.9550
G01 X100.3744Y41.9139
G01 X100.3980Y41.9072
G01 X100.4980Y41.8822
G01 X100.5365Y41.8745
G01 X100.6433Y41.8587
G01 X100.6775Y41.8555
G01 X100.7804Y41.8505
G01 X100.8049Y41.8501
G01 X100.9372Y41.8566
G01 X100.9616Y41.8594
G01 X101.0635Y41.8745
G01 X101.1020Y41.8822
G01 X101.2020Y41.9072
G01 X101.2256Y41.9139
G01 X101.3503Y41.9586
G01 X101.3728Y41.9683
G01 X101.4660Y42.0124
G01 X101.5006Y42.0309
G01 X101.5890Y42.0839
G01 X101.6096Y42.0971
G01 X101.7160Y42.1761
G01 X101.7347Y42.1920
G01 X101.8111Y42.2612
G01 X101.8388Y42.2889
G01 X101.9080Y42.3653
G01 X101.9239Y42.3840
G01 X102.0029Y42.4904
G01 X102.0161Y42.5110
G01 X102.0691Y42.5994
G01 X102.0876Y42.6340
G01 X102.1317Y42.7272
G01 X102.1414Y42.7497
G01 X102.1861Y42.8744
G01 X102.1928Y42.8980
G01 X102.2178Y42.9980
G01 X102.2255Y43.0365
G01 X102.2406Y43.1384
G01 X102.2434Y43.1628
G01 X102.2499Y43.2951
G01 X102.2495Y43.3196
G01 X102.2434Y43.4372
G01 X102.2406Y43.4616
G01 X102.2230Y43.5781
G01 X102.2178Y43.6020
G01 X102.1889Y43.7162
G01 X102.1814Y43.7396
G01 X102.1414Y43.8503
G01 X102.1317Y43.8728
G01 X102.0810Y43.9792
G01 X102.0691Y44.0006
G01 X102.0083Y44.1015
G01 X101.9943Y44.1216
G01 X101.9239Y44.2160
G01 X101.9080Y44.2347
G01 X101.8287Y44.3218
G01 X101.8111Y44.3388
G01 X101.7236Y44.4177
G01 X101.7044Y44.4329
G01 X101.6096Y44.5029
G01 X101.5890Y44.5161
G01 X101.4878Y44.5764
G01 X101.4660Y44.5876
G01 X101.3594Y44.6377
G01 X101.3366Y44.6467
G01 X101.2256Y44.6861
G01 X101.2020Y44.6928
G01 X101.0877Y44.7211
G01 X101.0635Y44.7255
G01 X100.9470Y44.7425
G01 X100.9225Y44.7445
G01 X100.8049Y44.7499
G01 X100.7804Y44.7495
G01 X100.6775Y44.7445
G01 X100.6530Y44.7425
G01 X100.5365Y44.7255
G01 X100.4980Y44.7178
G01 X100.3933Y44.6915
G01 X100.3604Y44.6814
G01 X100.2634Y44.6467
G01 X100.2406Y44.6377
G01 X100.1340Y44.5876
G01 X100.0994Y44.5691
G01 X99.9985Y44.5083
G01 X99.9784Y44.4943
G01 X99.8840Y44.4239
G01 X99.8653Y44.4080
G01 X99.7889Y44.3388
G01 X99.7713Y44.3218
G01 X99.6920Y44.2347
G01 X99.6722Y44.2111
G01 X99.6088Y44.2811
G01 X99.5918Y44.2987
G01 X99.5047Y44.3780
G01 X99.4744Y44.4029
G01 X99.3916Y44.4643
G01 X99.3714Y44.4783
G01 X99.2706Y44.5391
G01 X99.2360Y44.5576
G01 X99.1294Y44.6077
G01 X99.1065Y44.6167
G01 X99.0095Y44.6514
G01 X98.9720Y44.6628
G01 X98.8577Y44.6911
G01 X98.8335Y44.6955
G01 X98.7316Y44.7106
G01 X98.6925Y44.7144
G01 X98.5896Y44.7195
G01 X98.5651Y44.7199
G01 X98.4474Y44.7144
G01 X98.4132Y44.7112
G01 X98.3016Y44.6947
G01 X98.2679Y44.6878
G01 X98.1538Y44.6589
G01 X98.1304Y44.6514
G01 X98.0334Y44.6167
G01 X98.0016Y44.6037
G01 X97.9040Y44.5576
G01 X97.8694Y44.5391
G01 X97.7810Y44.4861
G01 X97.7603Y44.4728
G01 X97.6656Y44.4029
G01 X97.6463Y44.3877
G01 X97.5589Y44.3088
G01 X97.5412Y44.2918
G01 X97.4619Y44.2047
G01 X97.4463Y44.1864
G01 X97.4239Y44.2160
G01 X97.4113Y44.2311
G01 X97.3287Y44.3218
G01 X97.3111Y44.3388
G01 X97.2236Y44.4177
G01 X97.2044Y44.4329
G01 X97.1096Y44.5029
G01 X97.0890Y44.5161
G01 X96.9878Y44.5764
G01 X96.9660Y44.5876
G01 X96.8594Y44.6377
G01 X96.8366Y44.6467
G01 X96.7256Y44.6861
G01 X96.7020Y44.6928
G01 X96.5877Y44.7211
G01 X96.5635Y44.7255
G01 X96.4616Y44.7406
G01 X96.4225Y44.7445
G01 X96.3196Y44.7495
G01 X96.2951Y44.7499
G01 X96.1775Y44.7445
G01 X96.1384Y44.7406
G01 X96.0365Y44.7255
G01 X96.0123Y44.7211
G01 X95.8980Y44.6928
G01 X95.8604Y44.6814
G01 X95.7634Y44.6467
G01 X95.7406Y44.6377
G01 X95.6340Y44.5876
G01 X95.5994Y44.5691
G01 X95.5110Y44.5161
G01 X95.4904Y44.5029
G01 X95.3917Y44.4300
G01 X95.3653Y44.4080
G01 X95.2889Y44.3388
G01 X95.2713Y44.3218
G01 X95.1887Y44.2311
G01 X95.1700Y44.2083
G01 X95.1500Y44.1814
G01 X95.1300Y44.2083
G01 X95.1113Y44.2311
G01 X95.0287Y44.3218
G01 X95.0111Y44.3388
G01 X94.9347Y44.4080
G01 X94.9083Y44.4300
G01 X94.8096Y44.5029
G01 X94.7890Y44.5161
G01 X94.7006Y44.5691
G01 X94.6660Y44.5876
G01 X94.5728Y44.6317
G01 X94.5412Y44.6450
G01 X94.4256Y44.6861
G01 X94.4020Y44.6928
G01 X94.3020Y44.7178
G01 X94.2635Y44.7255
G01 X94.1616Y44.7406
G01 X94.1372Y44.7434
G01 X94.0196Y44.7495
G01 X93.9804Y44.7495
G01 X93.8775Y44.7445
G01 X93.8530Y44.7425
G01 X93.7219Y44.7230
G01 X93.6980Y44.7178
G01 X93.5838Y44.6889
G01 X93.5604Y44.6814
G01 X93.4634Y44.6467
G01 X93.4316Y44.6337
G01 X93.3340Y44.5876
G01 X93.2994Y44.5691
G01 X93.2110Y44.5161
G01 X93.1904Y44.5029
G01 X93.0956Y44.4329
G01 X93.0764Y44.4177
G01 X92.9782Y44.3287
G01 X92.9612Y44.3111
G01 X92.8823Y44.2236
G01 X92.8671Y44.2044
G01 X92.7971Y44.1096
G01 X92.7839Y44.0890
G01 X92.7309Y44.0006
G01 X92.7124Y43.9660
G01 X92.6663Y43.8684
G01 X92.6533Y43.8366
G01 X92.6186Y43.7396
G01 X92.6111Y43.7162
G01 X92.5822Y43.6020
G01 X92.5770Y43.5781
G01 X92.5575Y43.4470
G01 X92.5555Y43.4225
G01 X92.5501Y43.3098
G00 Z20.0000
G00 X92.7427Y44.0203
G01 Z20.0000
G01 X92.6629Y45.6449
G01 X92.7852Y48.1345
G01 X92.8064Y48.2774
G00 Z20.0000
G00 X93.1741Y47.9088
G01 Z20.0000
G01 X93.0629Y45.6449
G01 X93.1215Y44.4522
G00 Z20.0000
G00 X93.5111Y44.6638
G01 Z20.0000
G01 X93.4629Y45.6449
G01 X93.5647Y47.7171
G00 Z20.0000
G00 X93.9615Y47.6514
G01 Z20.0000
G01 X93.8629Y45.6449
G01 X93.9071Y44.7459
G00 Z20.0000
G00 X94.3085Y44.7162
G01 Z20.0000
G01 X94.2629Y45.6449
G01 X94.3638Y47.6976
G00 Z20.0000
G00 X94.7724Y47.8739
G01 Z20.0000
G01 X94.6629Y45.6449
G01 X94.7162Y44.5597
G00 Z20.0000
G00 X95.1337Y44.2033
G01 Z20.0000
G01 X95.0629Y45.6449
G01 X95.1737Y47.8993
G01 X95.2409Y48.3523
G00 Z20.0000
G00 X95.4045Y49.4553
G01 Z20.0000
G01 X95.5049Y50.1319
G01 X96.0533Y52.3214
G01 X96.8137Y54.4466
G01 X97.7787Y56.4870
G01 X98.9391Y58.4230
G01 X100.2837Y60.2359
G01 X101.7995Y61.9083
G01 X103.4719Y63.4241
G01 X105.2848Y64.7687
G01 X107.2208Y65.9291
G01 X109.2612Y66.8941
G01 X111.3864Y67.6545
G01 X113.5758Y68.2029
G01 X115.8085Y68.5341
G01 X118.0629Y68.6449
G01 X120.3173Y68.5341
G01 X122.5500Y68.2029
G01 X124.7395Y67.6545
G01 X126.8646Y66.8941
G01 X128.9050Y65.9291
G01 X130.8410Y64.7687
G01 X132.6540Y63.4241
G01 X134.3264Y61.9083
G01 X135.8422Y60.2359
G01 X136.5257Y59.3143
G00 Z20.0000
G00 X136.0539Y59.2798
G01 Z20.0000
G01 X135.5330Y59.9822
G01 X134.0435Y61.6255
G01 X132.4002Y63.1149
G01 X130.6188Y64.4361
G01 X128.7165Y65.5763
G01 X126.7116Y66.5245
G01 X124.6233Y67.2717
G01 X122.4720Y67.8106
G01 X120.2781Y68.1360
G01 X118.0629Y68.2449
G01 X115.8477Y68.1360
G01 X113.6539Y67.8106
G01 X111.5025Y67.2717
G01 X109.4143Y66.5245
G01 X107.4093Y65.5763
G01 X105.5070Y64.4361
G01 X103.7256Y63.1149
G01 X102.0823Y61.6255
G01 X100.5929Y59.9822
G01 X99.2717Y58.2008
G01 X98.1315Y56.2984
G01 X97.1832Y54.2935
G01 X96.4361Y52.2053
G01 X95.8972Y50.0539
G01 X95.5717Y47.8601
G01 X95.4629Y45.6449
G01 X95.5182Y44.5204
G00 Z20.0000
G00 X95.9095Y44.6957
G01 Z20.0000
G01 X95.8629Y45.6449
G01 X95.9698Y47.8208
G01 X96.2895Y49.9759
G01 X96.8188Y52.0892
G01 X97.5528Y54.1404
G01 X98.4843Y56.1099
G01 X99.6043Y57.9785
G01 X100.9021Y59.7284
G01 X102.3651Y61.3426
G01 X103.9794Y62.8057
G01 X105.7293Y64.1035
G01 X107.5979Y65.2235
G01 X109.5673Y66.1550
G01 X111.6186Y66.8889
G01 X113.7319Y67.4183
G01 X115.8869Y67.7380
G01 X118.0629Y67.8449
G01 X120.2389Y67.7380
G01 X122.3939Y67.4183
G01 X124.5072Y66.8889
G01 X126.5585Y66.1550
G01 X128.5279Y65.2235
G01 X130.3966Y64.1035
G01 X132.1464Y62.8057
G01 X133.7607Y61.3426
G01 X135.2237Y59.7284
G01 X135.6644Y59.1342
G00 Z20.0000
G00 X135.3407Y58.9000
G01 Z20.0000
G01 X134.9145Y59.4746
G01 X133.4778Y61.0598
G01 X131.8927Y62.4965
G01 X130.1743Y63.7709
G01 X128.3394Y64.8707
G01 X126.4054Y65.7854
G01 X124.3911Y66.5062
G01 X122.3159Y67.0260
G01 X120.1997Y67.3399
G01 X118.0629Y67.4449
G01 X115.9261Y67.3399
G01 X113.8099Y67.0260
G01 X111.7347Y66.5062
G01 X109.7204Y65.7854
G01 X107.7865Y64.8707
G01 X105.9515Y63.7709
G01 X104.2331Y62.4965
G01 X102.6480Y61.0598
G01 X101.2113Y59.4746
G01 X99.9369Y57.7563
G01 X98.8370Y55.9213
G01 X97.9223Y53.9874
G01 X97.2016Y51.9731
G01 X96.6818Y49.8978
G01 X96.3679Y47.7816
G01 X96.2629Y45.6449
G01 X96.3069Y44.7499
G00 Z20.0000
G00 X96.7098Y44.6907
G01 Z20.0000
G01 X96.6629Y45.6449
G01 X96.7660Y47.7424
G01 X97.0741Y49.8198
G01 X97.5844Y51.8570
G01 X98.2919Y53.8343
G01 X99.1898Y55.7328
G01 X100.2695Y57.5341
G01 X101.5205Y59.2209
G01 X102.9308Y60.7769
G01 X104.4869Y62.1873
G01 X106.1737Y63.4383
G01 X107.9750Y64.5180
G01 X109.8735Y65.4159
G01 X111.8508Y66.1234
G01 X113.8880Y66.6337
G01 X115.9653Y66.9418
G01 X118.0629Y67.0449
G01 X120.1605Y66.9418
G01 X122.2378Y66.6337
G01 X124.2750Y66.1234
G01 X126.2523Y65.4159
G01 X128.1508Y64.5180
G01 X129.9521Y63.4383
G01 X131.6389Y62.1873
G01 X133.1950Y60.7769
G01 X134.6053Y59.2209
G01 X134.7303Y59.0524
G00 Z20.0000
G00 X133.9813Y59.3145
G01 Z20.0000
G01 X132.9122Y60.4941
G01 X131.3852Y61.8781
G01 X129.7299Y63.1057
G01 X127.9622Y64.1652
G01 X126.0993Y65.0463
G01 X124.1589Y65.7406
G01 X122.1598Y66.2414
G01 X120.1213Y66.5437
G01 X118.0629Y66.6449
G01 X116.0046Y66.5437
G01 X113.9660Y66.2414
G01 X111.9669Y65.7406
G01 X110.0266Y65.0463
G01 X108.1636Y64.1652
G01 X106.3959Y63.1057
G01 X104.7407Y61.8781
G01 X103.2137Y60.4941
G01 X101.8297Y58.9671
G01 X100.6021Y57.3118
G01 X99.5426Y55.5442
G01 X98.6614Y53.6812
G01 X97.9672Y51.7408
G01 X97.4664Y49.7418
G01 X97.1640Y47.7032
G01 X97.0629Y45.6449
G01 X97.1194Y44.4960
G01 X97.5300Y44.2798
G01 X97.4629Y45.6449
G01 X97.5621Y47.6640
G01 X97.8587Y49.6637
G01 X98.3499Y51.6247
G01 X99.0310Y53.5281
G01 X99.8953Y55.3556
G01 X100.9346Y57.0896
G01 X102.1389Y58.7134
G01 X103.4965Y60.2113
G01 X104.9944Y61.5689
G01 X106.6182Y62.7731
G01 X108.3521Y63.8124
G01 X110.1796Y64.6768
G01 X112.0831Y65.3578
G01 X114.0441Y65.8490
G01 X116.0438Y66.1457
G01 X118.0629Y66.2449
G01 X120.0821Y66.1457
G01 X122.0818Y65.8490
G01 X124.0428Y65.3578
G01 X125.9462Y64.6768
G01 X127.7737Y63.8124
G01 X129.5077Y62.7731
G01 X131.1314Y61.5689
G01 X132.6293Y60.2113
G01 X133.4810Y59.2715
G00 Z20.0000
G00 X133.0865Y59.1119
G01 Z20.0000
G01 X132.3465Y59.9284
G01 X130.8777Y61.2597
G01 X129.2854Y62.4405
G01 X127.5851Y63.4597
G01 X125.7931Y64.3072
G01 X123.9267Y64.9751
G01 X122.0037Y65.4567
G01 X120.0429Y65.7476
G01 X118.0629Y65.8449
G01 X116.0830Y65.7476
G01 X114.1221Y65.4567
G01 X112.1992Y64.9751
G01 X110.3327Y64.3072
G01 X108.5407Y63.4597
G01 X106.8404Y62.4405
G01 X105.2482Y61.2597
G01 X103.7794Y59.9284
G01 X102.4481Y58.4596
G01 X101.2672Y56.8674
G01 X100.2481Y55.1671
G01 X99.4005Y53.3751
G01 X98.7327Y51.5086
G01 X98.2511Y49.5857
G01 X97.9602Y47.6248
G01 X97.8629Y45.6449
G01 X97.9161Y44.5633
G00 Z20.0000
G00 X98.3095Y44.6959
G01 Z20.0000
G01 X98.2629Y45.6449
G01 X98.3583Y47.5856
G01 X98.6434Y49.5077
G01 X99.1155Y51.3925
G01 X99.7701Y53.2220
G01 X100.6009Y54.9785
G01 X101.5998Y56.6452
G01 X102.7573Y58.2059
G01 X104.0622Y59.6456
G01 X105.5019Y60.9505
G01 X107.0626Y62.1080
G01 X108.7293Y63.1069
G01 X110.4858Y63.9377
G01 X112.3153Y64.5923
G01 X114.2001Y65.0644
G01 X116.1222Y65.3495
G01 X118.0629Y65.4449
G01 X120.0037Y65.3495
G01 X121.9257Y65.0644
G01 X123.8106Y64.5923
G01 X125.6400Y63.9377
G01 X127.3966Y63.1069
G01 X129.0632Y62.1080
G01 X130.6239Y60.9505
G01 X132.0636Y59.6456
G01 X132.7673Y58.8692
G01 X131.9356Y59.1919
G01 X131.7808Y59.3627
G01 X130.3701Y60.6413
G01 X128.8410Y61.7754
G01 X127.2080Y62.7541
G01 X125.4870Y63.5681
G01 X123.6944Y64.2095
G01 X121.8477Y64.6721
G01 X119.9644Y64.9514
G01 X118.0629Y65.0449
G01 X116.1614Y64.9514
G01 X114.2782Y64.6721
G01 X112.4314Y64.2095
G01 X110.6389Y63.5681
G01 X108.9178Y62.7541
G01 X107.2849Y61.7754
G01 X105.7557Y60.6413
G01 X104.3450Y59.3627
G01 X103.0665Y57.9521
G01 X101.9324Y56.4229
G01 X100.9536Y54.7900
G01 X100.1397Y53.0689
G01 X99.4983Y51.2764
G01 X99.0357Y49.4296
G01 X98.7563Y47.5464
G01 X98.6629Y45.6449
G01 X98.7087Y44.7133
G00 Z20.0000
G00 X99.1136Y44.6140
G01 Z20.0000
G01 X99.0629Y45.6449
G01 X99.1544Y47.5072
G01 X99.4280Y49.3516
G01 X99.8810Y51.1603
G01 X100.5092Y52.9158
G01 X101.3064Y54.6014
G01 X102.2650Y56.2007
G01 X103.3757Y57.6983
G01 X104.6279Y59.0799
G01 X106.0094Y60.3321
G01 X107.5071Y61.4428
G01 X109.1064Y62.4014
G01 X110.7919Y63.1986
G01 X112.5475Y63.8267
G01 X114.3562Y64.2798
G01 X116.2006Y64.5534
G01 X118.0629Y64.6449
G01 X119.9252Y64.5534
G01 X121.7696Y64.2798
G01 X123.5783Y63.8267
G01 X125.3339Y63.1986
G01 X127.0195Y62.4014
G01 X128.6188Y61.4428
G01 X130.1164Y60.3321
G01 X131.2370Y59.3164
G00 Z20.0000
G00 X130.7562Y59.2130
G01 Z20.0000
G01 X129.8626Y60.0229
G01 X128.3965Y61.1102
G01 X126.8309Y62.0486
G01 X125.1808Y62.8290
G01 X123.4622Y63.4440
G01 X121.6916Y63.8875
G01 X119.8860Y64.1553
G01 X118.0629Y64.2449
G01 X116.2398Y64.1553
G01 X114.4342Y63.8875
G01 X112.6636Y63.4440
G01 X110.9450Y62.8290
G01 X109.2949Y62.0486
G01 X107.7293Y61.1102
G01 X106.2632Y60.0229
G01 X104.9107Y58.7970
G01 X103.6849Y57.4446
G01 X102.5976Y55.9785
G01 X101.6592Y54.4128
G01 X100.8788Y52.7628
G01 X100.2638Y51.0442
G01 X99.8203Y49.2735
G01 X99.5525Y47.4680
G01 X99.4629Y45.6449
G01 X99.5261Y44.3586
G01 X99.9215Y44.4522
G01 X99.8629Y45.6449
G01 X99.9506Y47.4288
G01 X100.2126Y49.1955
G01 X100.6466Y50.9280
G01 X101.2483Y52.6097
G01 X102.0119Y54.2243
G01 X102.9302Y55.7562
G01 X103.9941Y57.1908
G01 X105.1936Y58.5142
G01 X106.5170Y59.7137
G01 X107.9515Y60.7776
G01 X109.4835Y61.6958
G01 X111.0981Y62.4595
G01 X112.7797Y63.0612
G01 X114.5123Y63.4952
G01 X116.2790Y63.7572
G01 X118.0629Y63.8449
G01 X119.8468Y63.7572
G01 X121.6136Y63.4952
G01 X123.3461Y63.0612
G01 X125.0278Y62.4595
G01 X126.6423Y61.6958
G01 X128.1743Y60.7776
G01 X129.6089Y59.7137
G01 X130.3884Y59.0071
G00 Z20.0000
G00 X130.1021Y58.7275
G01 Z20.0000
G01 X129.3551Y59.4044
G01 X127.9521Y60.4450
G01 X126.4538Y61.3431
G01 X124.8747Y62.0899
G01 X123.2300Y62.6784
G01 X121.5355Y63.1028
G01 X119.8076Y63.3592
G01 X118.0629Y63.4449
G01 X116.3182Y63.3592
G01 X114.5903Y63.1028
G01 X112.8958Y62.6784
G01 X111.2512Y62.0899
G01 X109.6721Y61.3431
G01 X108.1738Y60.4450
G01 X106.7707Y59.4044
G01 X105.4764Y58.2314
G01 X104.3033Y56.9371
G01 X103.2628Y55.5340
G01 X102.3647Y54.0357
G01 X101.6179Y52.4566
G01 X101.0294Y50.8119
G01 X100.6049Y49.1175
G01 X100.3486Y47.3896
G01 X100.2629Y45.6449
G01 X100.3111Y44.6638
G00 Z20.0000
G00 X100.7071Y44.7459
G01 Z20.0000
G01 X100.6629Y45.6449
G01 X100.7467Y47.3504
G01 X100.9973Y49.0394
G01 X101.4122Y50.6958
G01 X101.9874Y52.3036
G01 X102.7175Y53.8472
G01 X103.5953Y55.3118
G01 X104.6125Y56.6833
G01 X105.7593Y57.9485
G01 X107.0245Y59.0952
G01 X108.3960Y60.1124
G01 X109.8606Y60.9903
G01 X111.4042Y61.7204
G01 X113.0120Y62.2956
G01 X114.6683Y62.7105
G01 X116.3574Y62.9611
G01 X118.0629Y63.0449
G01 X119.7684Y62.9611
G01 X121.4575Y62.7105
G01 X123.1139Y62.2956
G01 X124.7216Y61.7204
G01 X126.2652Y60.9903
G01 X127.7298Y60.1124
G01 X128.7989Y59.3195
G00 Z20.0000
G00 X128.2538Y59.2265
G01 Z20.0000
G01 X127.5076Y59.7798
G01 X126.0767Y60.6375
G01 X124.5685Y61.3508
G01 X122.9978Y61.9128
G01 X121.3795Y62.3182
G01 X119.7292Y62.5630
G01 X118.0629Y62.6449
G01 X116.3966Y62.5630
G01 X114.7464Y62.3182
G01 X113.1281Y61.9128
G01 X111.5573Y61.3508
G01 X110.0492Y60.6375
G01 X108.6182Y59.7798
G01 X107.2782Y58.7860
G01 X106.0421Y57.6657
G01 X104.9217Y56.4295
G01 X103.9279Y55.0896
G01 X103.0703Y53.6586
G01 X102.3570Y52.1505
G01 X101.7949Y50.5797
G01 X101.3896Y48.9614
G01 X101.1448Y47.3112
G01 X101.0629Y45.6449
G01 X101.1085Y44.7162
G00 Z20.0000
G00 X101.5162Y44.5597
G01 Z20.0000
G01 X101.4629Y45.6449
G01 X101.5428Y47.2719
G01 X101.7819Y48.8834
G01 X102.1777Y50.4636
G01 X102.7265Y51.9974
G01 X103.4230Y53.4700
G01 X104.2605Y54.8673
G01 X105.2309Y56.1758
G01 X106.3249Y57.3828
G01 X107.5320Y58.4768
G01 X108.8404Y59.4473
G01 X110.2377Y60.2848
G01 X111.7104Y60.9813
G01 X113.2442Y61.5301
G01 X114.8244Y61.9259
G01 X116.4358Y62.1649
G01 X118.0629Y62.2449
G01 X119.6900Y62.1649
G01 X121.3014Y61.9259
G01 X122.8816Y61.5301
G01 X124.4155Y60.9813
G01 X125.8881Y60.2848
G01 X127.2854Y59.4473
G01 X127.8636Y59.0184
G00 Z20.0000
G00 X127.5703Y58.7385
G01 Z20.0000
G01 X127.0632Y59.1147
G01 X125.6995Y59.9320
G01 X124.2624Y60.6117
G01 X122.7655Y61.1473
G01 X121.2234Y61.5336
G01 X119.6508Y61.7669
G01 X118.0629Y61.8449
G01 X116.4750Y61.7669
G01 X114.9025Y61.5336
G01 X113.3603Y61.1473
G01 X111.8634Y60.6117
G01 X110.4263Y59.9320
G01 X109.0627Y59.1147
G01 X107.7857Y58.1676
G01 X106.6078Y57.1000
G01 X105.5401Y55.9220
G01 X104.5931Y54.6451
G01 X103.7758Y53.2815
G01 X103.0961Y51.8443
G01 X102.5605Y50.3475
G01 X102.1742Y48.8053
G01 X101.9409Y47.2327
G01 X101.8629Y45.6449
G01 X101.9337Y44.2033
G00 Z20.0000
G00 X102.1366Y42.7381
G01 Z20.0000
G01 X102.1742Y42.4844
G01 X102.5605Y40.9423
G01 X103.0961Y39.4454
G01 X103.7758Y38.0082
G01 X104.5931Y36.6446
G01 X105.5401Y35.3677
G01 X106.6078Y34.1897
G01 X107.7857Y33.1221
G01 X109.0627Y32.1751
G01 X110.4263Y31.3577
G01 X111.8634Y30.6780
G01 X113.3603Y30.1424
G01 X114.9025Y29.7561
G01 X116.4750Y29.5229
G01 X118.0629Y29.4449
G01 X119.6508Y29.5229
G01 X121.2234Y29.7561
G01 X122.7655Y30.1424
G01 X124.2624Y30.6780
G01 X125.6995Y31.3577
G01 X127.0632Y32.1751
G01 X128.3401Y33.1221
G01 X129.0284Y33.7459
G01 X128.1745Y33.5112
G01 X128.0863Y33.4313
G01 X126.8409Y32.5076
G01 X125.5110Y31.7105
G01 X124.1093Y31.0476
G01 X122.6494Y30.5252
G01 X121.1453Y30.1485
G01 X119.6116Y29.9209
G01 X118.0629Y29.8449
G01 X116.5142Y29.9209
G01 X114.9805Y30.1485
G01 X113.4764Y30.5252
G01 X112.0165Y31.0476
G01 X110.6148Y31.7105
G01 X109.2849Y32.5076
G01 X108.0395Y33.4313
G01 X106.8906Y34.4726
G01 X105.8494Y35.6214
G01 X104.9257Y36.8669
G01 X104.1286Y38.1968
G01 X103.4656Y39.5985
G01 X102.9433Y41.0584
G01 X102.5665Y42.5624
G01 X102.3390Y44.0962
G01 X102.2629Y45.6449
G01 X102.3390Y47.1935
G01 X102.5665Y48.7273
G01 X102.9433Y50.2314
G01 X103.4656Y51.6913
G01 X104.1286Y53.0929
G01 X104.9257Y54.4229
G01 X105.8494Y55.6683
G01 X106.8906Y56.8172
G01 X108.0395Y57.8584
G01 X109.2849Y58.7821
G01 X110.6148Y59.5792
G01 X112.0165Y60.2422
G01 X113.4764Y60.7645
G01 X114.9805Y61.1413
G01 X116.5142Y61.3688
G01 X118.0629Y61.4449
G01 X119.6116Y61.3688
G01 X121.1453Y61.1413
G01 X122.6494Y60.7645
G01 X124.1093Y60.2422
G01 X125.5110Y59.5792
G01 X125.9815Y59.2972
G00 Z20.0000
G00 X125.4901Y59.1260
G01 Z20.0000
G01 X125.3224Y59.2265
G01 X123.9562Y59.8726
G01 X122.5333Y60.3817
G01 X121.0673Y60.7490
G01 X119.5724Y60.9707
G01 X118.0629Y61.0449
G01 X116.5535Y60.9707
G01 X115.0585Y60.7490
G01 X113.5925Y60.3817
G01 X112.1696Y59.8726
G01 X111.0011Y59.3199
G00 Z20.0000
G00 X111.6402Y59.1803
G01 Z20.0000
G01 X112.3227Y59.5031
G01 X113.7086Y59.9990
G01 X115.1366Y60.3566
G01 X116.5927Y60.5726
G01 X118.0629Y60.6449
G01 X119.5332Y60.5726
G01 X120.9893Y60.3566
G01 X122.4172Y59.9990
G01 X123.8032Y59.5031
G01 X125.1339Y58.8737
G01 X125.1450Y58.8670
G00 Z20.0000
G00 X123.2877Y59.2632
G01 Z20.0000
G01 X122.3011Y59.6162
G01 X120.9112Y59.9643
G01 X119.4940Y60.1746
G01 X118.0629Y60.2449
G01 X116.6319Y60.1746
G01 X115.2146Y59.9643
G01 X113.8248Y59.6162
G01 X112.4757Y59.1335
G01 X112.0328Y58.9240
G00 Z20.0000
G00 X114.0031Y59.2490
G01 Z20.0000
G01 X115.2926Y59.5720
G01 X116.6711Y59.7765
G01 X118.0629Y59.8449
G01 X119.4548Y59.7765
G01 X120.8332Y59.5720
G01 X122.1850Y59.2334
G01 X122.7844Y59.0189
G00 Z20.0000
G00 X122.4676Y58.7080
G01 Z20.0000
G01 X122.3650Y58.7447
G00 Z20.0000
G00 X120.5772Y59.2061
G01 Z20.0000
G01 X119.4156Y59.3784
G01 X118.0629Y59.4449
G01 X116.7103Y59.3784
G01 X116.2507Y59.3102
G00 Z20.0000
G00 X115.4696Y59.1944
G01 Z20.0000
G01 X115.3707Y59.1797
G01 X114.5239Y58.9676
G00 Z20.0000
G00 X117.0292Y58.9941
G01 Z20.0000
G01 X117.7163Y59.0278
G00 Z20.0000
G00 X119.6325Y58.9423
G01 Z20.0000
G01 X120.0751Y58.8767
G00 Z20.0000
G00 X119.6131Y55.3102
G01 Z20.0000
G01 X119.9748Y55.2566
G01 X120.4000Y55.1501
G00 Z20.0000
G00 X121.1052Y54.9522
G01 Z20.0000
G01 X121.8132Y54.6989
G01 X122.6826Y54.2877
G01 X123.5075Y53.7933
G01 X124.2800Y53.2204
G01 X124.9926Y52.5745
G01 X125.6384Y51.8619
G01 X126.2113Y51.0895
G01 X126.7057Y50.2646
G01 X127.1169Y49.3952
G01 X127.4409Y48.4897
G01 X127.6746Y47.5567
G01 X127.8157Y46.6054
G01 X127.8629Y45.6449
G01 X127.8157Y44.6843
G01 X127.6746Y43.7330
G01 X127.4409Y42.8001
G01 X127.2954Y42.3934
G00 Z20.0000
G00 X126.9571Y42.6339
G01 Z20.0000
G01 X127.0582Y42.9162
G01 X127.2823Y43.8110
G01 X127.4177Y44.7235
G01 X127.4629Y45.6449
G01 X127.4177Y46.5662
G01 X127.2823Y47.4787
G01 X127.0582Y48.3735
G01 X126.7474Y49.2421
G01 X126.3530Y50.0760
G01 X125.8787Y50.8672
G01 X125.3292Y51.6082
G01 X124.7097Y52.2917
G01 X124.0262Y52.9112
G01 X123.2853Y53.4607
G01 X122.4940Y53.9349
G01 X121.6601Y54.3293
G01 X120.7916Y54.6401
G01 X119.8968Y54.8642
G01 X118.9963Y54.9978
G00 Z20.0000
G00 X118.0944Y55.0433
G01 Z20.0000
G01 X118.0629Y55.0449
G01 X117.1416Y54.9996
G01 X116.2291Y54.8642
G01 X115.3342Y54.6401
G01 X114.4657Y54.3293
G01 X113.6318Y53.9349
G01 X112.8406Y53.4607
G01 X112.0996Y52.9112
G01 X111.4161Y52.2917
G01 X110.7966Y51.6082
G01 X110.2471Y50.8672
G01 X109.7729Y50.0760
G01 X109.3784Y49.2421
G01 X109.1618Y48.6366
G00 Z20.0000
G00 X108.7740Y48.7388
G01 Z20.0000
G01 X109.0089Y49.3952
G01 X109.4201Y50.2646
G01 X109.9145Y51.0895
G01 X110.4874Y51.8619
G01 X111.1333Y52.5745
G01 X111.8459Y53.2204
G01 X112.6183Y53.7933
G01 X113.4432Y54.2877
G01 X114.3126Y54.6989
G01 X115.2181Y55.0229
G01 X115.4554Y55.0823
G00 Z20.0000
G00 X115.0156Y55.3747
G01 Z20.0000
G01 X114.1595Y55.0684
G01 X113.2547Y54.6405
G01 X112.3961Y54.1259
G01 X111.5921Y53.5296
G01 X110.8504Y52.8574
G01 X110.1782Y52.1157
G01 X109.5819Y51.3117
G01 X109.0673Y50.4531
G01 X108.6393Y49.5482
G01 X108.3454Y48.7268
G00 Z20.0000
G00 X107.8778Y48.5562
G01 Z20.0000
G01 X107.9193Y48.7219
G01 X108.2698Y49.7013
G01 X108.7146Y50.6417
G01 X109.2493Y51.5339
G01 X109.8690Y52.3694
G01 X110.5676Y53.1402
G01 X111.3383Y53.8388
G01 X112.1739Y54.4584
G01 X113.0661Y54.9932
G01 X113.1063Y55.0122
G00 Z20.0000
G00 X112.6668Y55.2197
G01 Z20.0000
G01 X111.9516Y54.7910
G01 X111.0846Y54.1480
G01 X110.2847Y53.4230
G01 X109.5598Y52.6232
G01 X108.9168Y51.7561
G01 X108.3618Y50.8302
G01 X107.9002Y49.8544
G01 X107.5366Y48.8380
G01 X107.3236Y47.9879
G00 Z20.0000
G00 X107.1501Y47.3098
G01 Z20.0000
G01 X107.1505Y47.2804
G01 X107.1566Y47.1628
G01 X107.1594Y47.1384
G01 X107.1770Y47.0219
G01 X107.1822Y46.9980
G01 X107.2111Y46.8838
G01 X107.2186Y46.8604
G01 X107.2586Y46.7497
G01 X107.2683Y46.7272
G01 X107.3190Y46.6208
G01 X107.3309Y46.5994
G01 X107.3917Y46.4985
G01 X107.4057Y46.4784
G01 X107.4761Y46.3840
G01 X107.4920Y46.3653
G01 X107.5713Y46.2782
G01 X107.5889Y46.2612
G01 X107.6764Y46.1823
G01 X107.6956Y46.1671
G01 X107.7904Y46.0971
G01 X107.8110Y46.0839
G01 X107.9122Y46.0236
G01 X107.9340Y46.0124
G01 X108.0406Y45.9623
G01 X108.0634Y45.9533
G01 X108.1744Y45.9139
G01 X108.1980Y45.9072
G01 X108.3123Y45.8789
G01 X108.3365Y45.8745
G01 X108.4530Y45.8575
G01 X108.4775Y45.8555
G01 X108.5951Y45.8501
G01 X108.6196Y45.8505
G01 X108.7372Y45.8566
G01 X108.7616Y45.8594
G01 X108.8781Y45.8770
G01 X108.9020Y45.8822
G01 X109.0162Y45.9111
G01 X109.0396Y45.9186
G01 X109.1503Y45.9586
G01 X109.1728Y45.9683
G01 X109.2792Y46.0190
G01 X109.3006Y46.0309
G01 X109.4015Y46.0917
G01 X109.4216Y46.1057
G01 X109.5160Y46.1761
G01 X109.5347Y46.1920
G01 X109.6218Y46.2713
G01 X109.6388Y46.2889
G01 X109.7177Y46.3764
G01 X109.7329Y46.3956
G01 X109.8029Y46.4904
G01 X109.8161Y46.5110
G01 X109.8764Y46.6122
G01 X109.8876Y46.6340
G01 X109.9377Y46.7406
G01 X109.9467Y46.7634
G01 X109.9861Y46.8744
G01 X109.9928Y46.8980
G01 X110.0211Y47.0123
G01 X110.0255Y47.0365
G01 X110.0425Y47.1530
G01 X110.0445Y47.1775
G01 X110.0499Y47.2951
G01 X110.0495Y47.3196
G01 X110.0434Y47.4372
G01 X110.0406Y47.4616
G01 X110.0230Y47.5781
G01 X110.0178Y47.6020
G01 X109.9889Y47.7162
G01 X109.9814Y47.7396
G01 X109.9415Y47.8503
G01 X109.9317Y47.8728
G01 X109.8810Y47.9792
G01 X109.8691Y48.0006
G01 X109.8083Y48.1015
G01 X109.7943Y48.1216
G01 X109.7239Y48.2160
G01 X109.7080Y48.2347
G01 X109.6287Y48.3218
G01 X109.6111Y48.3388
G01 X109.5236Y48.4177
G01 X109.5044Y48.4329
G01 X109.4096Y48.5029
G01 X109.3890Y48.5161
G01 X109.2878Y48.5764
G01 X109.2660Y48.5876
G01 X109.1594Y48.6377
G01 X109.1366Y48.6467
G01 X109.0256Y48.6861
G01 X109.0020Y48.6928
G01 X108.8877Y48.7211
G01 X108.8635Y48.7255
G01 X108.7470Y48.7425
G01 X108.7225Y48.7445
G01 X108.6049Y48.7499
G01 X108.5804Y48.7495
G01 X108.4628Y48.7434
G01 X108.4384Y48.7406
G01 X108.3219Y48.7230
G01 X108.2980Y48.7178
G01 X108.1838Y48.6889
G01 X108.1604Y48.6814
G01 X108.0497Y48.6414
G01 X108.0272Y48.6317
G01 X107.9208Y48.5810
G01 X107.8994Y48.5691
G01 X107.7985Y48.5083
G01 X107.7784Y48.4943
G01 X107.6840Y48.4239
G01 X107.6653Y48.4080
G01 X107.5782Y48.3287
G01 X107.5612Y48.3111
G01 X107.4823Y48.2236
G01 X107.4671Y48.2044
G01 X107.3971Y48.1096
G01 X107.3839Y48.0890
G01 X107.3236Y47.9878
G01 X107.3124Y47.9660
G01 X107.2623Y47.8594
G01 X107.2533Y47.8366
G01 X107.2139Y47.7256
G01 X107.2072Y47.7020
G01 X107.1789Y47.5877
G01 X107.1745Y47.5635
G01 X107.1575Y47.4470
G01 X107.1555Y47.4225
G01 X107.1501Y47.3098
G00 Z20.0000
G00 X107.1684Y47.0774
G01 Z20.0000
G01 X107.1159Y46.7231
G01 X107.0629Y45.6449
G01 X107.1159Y44.5667
G01 X107.2743Y43.4989
G01 X107.5366Y42.4517
G01 X107.9002Y41.4353
G01 X108.3618Y40.4595
G01 X108.9168Y39.5336
G01 X109.5598Y38.6665
G01 X110.2847Y37.8667
G01 X111.0846Y37.1417
G01 X111.9516Y36.4987
G01 X112.8776Y35.9437
G01 X113.8534Y35.4822
G01 X114.8698Y35.1185
G01 X115.9169Y34.8562
G01 X116.9847Y34.6978
G01 X118.0629Y34.6449
G01 X119.1411Y34.6978
G01 X120.2089Y34.8562
G01 X120.8800Y35.0243
G00 Z20.0000
G00 X120.9077Y34.6194
G01 Z20.0000
G01 X120.2869Y34.4639
G01 X119.1803Y34.2998
G01 X118.0629Y34.2449
G01 X116.9455Y34.2998
G01 X115.8389Y34.4639
G01 X114.7537Y34.7357
G01 X113.7003Y35.1126
G01 X112.6890Y35.5910
G01 X111.7294Y36.1661
G01 X110.8308Y36.8325
G01 X110.0019Y37.5838
G01 X109.2506Y38.4128
G01 X108.5842Y39.3114
G01 X108.0090Y40.2709
G01 X107.5307Y41.2823
G01 X107.1538Y42.3356
G01 X106.8820Y43.4208
G01 X106.7178Y44.5275
G01 X106.6629Y45.6449
G01 X106.7178Y46.7623
G01 X106.8820Y47.8689
G01 X107.1538Y48.9541
G01 X107.5307Y50.0075
G01 X108.0090Y51.0188
G01 X108.5842Y51.9784
G01 X109.2506Y52.8769
G01 X110.0019Y53.7059
G01 X110.8308Y54.4572
G01 X111.7294Y55.1236
G01 X112.3567Y55.4996
G00 Z20.0000
G00 X110.9804Y54.9505
G01 Z20.0000
G01 X111.0196Y54.9505
G01 X111.1470Y54.9570
G01 X111.1714Y54.9599
G01 X111.2830Y54.9764
G01 X111.3215Y54.9841
G01 X111.4310Y55.0115
G01 X111.4546Y55.0182
G01 X111.5748Y55.0609
G01 X111.6111Y55.0759
G01 X111.7263Y55.1308
G01 X111.7477Y55.1427
G01 X111.8445Y55.2007
G01 X111.8652Y55.2140
G01 X111.9678Y55.2898
G01 X111.9982Y55.3147
G01 X112.0854Y55.3938
G01 X112.1096Y55.4182
G01 X112.1950Y55.5129
G01 X112.2102Y55.5322
G01 X112.2700Y55.6127
G01 X112.3298Y55.5322
G01 X112.3450Y55.5129
G01 X112.4304Y55.4182
G01 X112.4546Y55.3938
G01 X112.5418Y55.3147
G01 X112.5722Y55.2898
G01 X112.6748Y55.2140
G01 X112.6955Y55.2007
G01 X112.7923Y55.1427
G01 X112.8137Y55.1308
G01 X112.9289Y55.0759
G01 X112.9652Y55.0609
G01 X113.0854Y55.0182
G01 X113.1090Y55.0115
G01 X113.2185Y54.9841
G01 X113.2570Y54.9764
G01 X113.3832Y54.9580
G01 X113.4077Y54.9560
G01 X113.5351Y54.9501
G01 X113.5596Y54.9505
G01 X113.6723Y54.9560
G01 X113.6968Y54.9580
G01 X113.8230Y54.9764
G01 X113.8615Y54.9841
G01 X113.9710Y55.0115
G01 X113.9946Y55.0182
G01 X114.1148Y55.0609
G01 X114.1511Y55.0759
G01 X114.2663Y55.1308
G01 X114.2877Y55.1427
G01 X114.3845Y55.2007
G01 X114.4052Y55.2140
G01 X114.5078Y55.2898
G01 X114.5382Y55.3147
G01 X114.6254Y55.3938
G01 X114.6496Y55.4182
G01 X114.7350Y55.5129
G01 X114.7502Y55.5322
G01 X114.8100Y55.6127
G01 X114.8698Y55.5322
G01 X114.8850Y55.5129
G01 X114.9704Y55.4182
G01 X114.9946Y55.3938
G01 X115.0818Y55.3147
G01 X115.1122Y55.2898
G01 X115.2148Y55.2140
G01 X115.2355Y55.2007
G01 X115.3323Y55.1427
G01 X115.3537Y55.1308
G01 X115.4689Y55.0759
G01 X115.4914Y55.0662
G01 X115.6114Y55.0229
G01 X115.6490Y55.0115
G01 X115.7728Y54.9808
G01 X115.7970Y54.9764
G01 X115.9086Y54.9599
G01 X115.9477Y54.9560
G01 X116.0751Y54.9501
G01 X116.0996Y54.9505
G01 X116.2123Y54.9560
G01 X116.2368Y54.9580
G01 X116.3630Y54.9764
G01 X116.4015Y54.9841
G01 X116.5110Y55.0115
G01 X116.5346Y55.0182
G01 X116.6548Y55.0609
G01 X116.6911Y55.0759
G01 X116.8063Y55.1308
G01 X116.8277Y55.1427
G01 X116.9245Y55.2007
G01 X116.9452Y55.2140
G01 X117.0478Y55.2898
G01 X117.0782Y55.3147
G01 X117.1654Y55.3938
G01 X117.1896Y55.4182
G01 X117.2750Y55.5129
G01 X117.2902Y55.5322
G01 X117.3500Y55.6127
G01 X117.4098Y55.5322
G01 X117.4250Y55.5129
G01 X117.5104Y55.4182
G01 X117.5346Y55.3938
G01 X117.6218Y55.3147
G01 X117.6522Y55.2898
G01 X117.7548Y55.2140
G01 X117.7755Y55.2007
G01 X117.8723Y55.1427
G01 X117.8937Y55.1308
G01 X118.0089Y55.0759
G01 X118.0314Y55.0662
G01 X118.1514Y55.0229
G01 X118.1890Y55.0115
G01 X118.3128Y54.9808
G01 X118.3370Y54.9764
G01 X118.4486Y54.9599
G01 X118.4877Y54.9560
G01 X118.6151Y54.9501
G01 X118.6396Y54.9505
G01 X118.7523Y54.9560
G01 X118.7768Y54.9580
G01 X118.9030Y54.9764
G01 X118.9415Y54.9841
G01 X119.0510Y55.0115
G01 X119.0746Y55.0182
G01 X119.1948Y55.0609
G01 X119.2311Y55.0759
G01 X119.3463Y55.1308
G01 X119.3677Y55.1427
G01 X119.4645Y55.2007
G01 X119.4852Y55.2140
G01 X119.5878Y55.2898
G01 X119.6182Y55.3147
G01 X119.7054Y55.3938
G01 X119.7296Y55.4182
G01 X119.8150Y55.5129
G01 X119.8302Y55.5322
G01 X119.8900Y55.6127
G01 X119.9498Y55.5322
G01 X119.9650Y55.5129
G01 X120.0504Y55.4182
G01 X120.0746Y55.3938
G01 X120.1618Y55.3147
G01 X120.1922Y55.2898
G01 X120.2948Y55.2140
G01 X120.3155Y55.2007
G01 X120.4123Y55.1427
G01 X120.4337Y55.1308
G01 X120.5489Y55.0759
G01 X120.5714Y55.0662
G01 X120.6914Y55.0229
G01 X120.7290Y55.0115
G01 X120.8528Y54.9808
G01 X120.8770Y54.9764
G01 X120.9886Y54.9599
G01 X121.0277Y54.9560
G01 X121.1453Y54.9503
G01 X121.1796Y54.9505
G01 X121.2923Y54.9560
G01 X121.3168Y54.9580
G01 X121.4430Y54.9764
G01 X121.4815Y54.9841
G01 X121.6052Y55.0154
G01 X121.6286Y55.0229
G01 X121.7348Y55.0609
G01 X121.7711Y55.0759
G01 X121.8863Y55.1308
G01 X121.9077Y55.1427
G01 X122.0045Y55.2007
G01 X122.0252Y55.2140
G01 X122.1278Y55.2898
G01 X122.1582Y55.3147
G01 X122.2454Y55.3938
G01 X122.2696Y55.4182
G01 X122.3550Y55.5129
G01 X122.3702Y55.5322
G01 X122.4300Y55.6127
G01 X122.4898Y55.5322
G01 X122.5050Y55.5129
G01 X122.5904Y55.4182
G01 X122.6146Y55.3938
G01 X122.7018Y55.3147
G01 X122.7322Y55.2898
G01 X122.8348Y55.2140
G01 X122.8555Y55.2007
G01 X122.9523Y55.1427
G01 X122.9737Y55.1308
G01 X123.0889Y55.0759
G01 X123.1114Y55.0662
G01 X123.2314Y55.0229
G01 X123.2690Y55.0115
G01 X123.3928Y54.9808
G01 X123.4170Y54.9764
G01 X123.5286Y54.9599
G01 X123.5677Y54.9560
G01 X123.6853Y54.9503
G01 X123.7196Y54.9505
G01 X123.8323Y54.9560
G01 X123.8568Y54.9580
G01 X123.9830Y54.9764
G01 X124.0215Y54.9841
G01 X124.1310Y55.0115
G01 X124.1546Y55.0182
G01 X124.2748Y55.0609
G01 X124.3111Y55.0759
G01 X124.4263Y55.1308
G01 X124.4477Y55.1427
G01 X124.5445Y55.2007
G01 X124.5652Y55.2140
G01 X124.6678Y55.2898
G01 X124.6982Y55.3147
G01 X124.7854Y55.3938
G01 X124.8096Y55.4182
G01 X124.8950Y55.5129
G01 X124.9102Y55.5322
G01 X124.9700Y55.6127
G01 X125.0298Y55.5322
G01 X125.0450Y55.5129
G01 X125.1304Y55.4182
G01 X125.1546Y55.3938
G01 X125.2418Y55.3147
G01 X125.2722Y55.2898
G01 X125.3748Y55.2140
G01 X125.3955Y55.2007
G01 X125.4923Y55.1427
G01 X125.5137Y55.1308
G01 X125.6289Y55.0759
G01 X125.6514Y55.0662
G01 X125.7714Y55.0229
G01 X125.8090Y55.0115
G01 X125.9328Y54.9808
G01 X125.9570Y54.9764
G01 X126.0686Y54.9599
G01 X126.1077Y54.9560
G01 X126.2253Y54.9503
G01 X126.2596Y54.9505
G01 X126.3723Y54.9560
G01 X126.3968Y54.9580
G01 X126.5230Y54.9764
G01 X126.5615Y54.9841
G01 X126.6710Y55.0115
G01 X126.6946Y55.0182
G01 X126.8148Y55.0609
G01 X126.8511Y55.0759
G01 X126.9663Y55.1308
G01 X126.9877Y55.1427
G01 X127.0845Y55.2007
G01 X127.1052Y55.2140
G01 X127.2078Y55.2898
G01 X127.2382Y55.3147
G01 X127.3254Y55.3938
G01 X127.3496Y55.4182
G01 X127.4350Y55.5129
G01 X127.4502Y55.5322
G01 X127.5100Y55.6127
G01 X127.5698Y55.5322
G01 X127.5850Y55.5129
G01 X127.6704Y55.4182
G01 X127.6946Y55.3938
G01 X127.7818Y55.3147
G01 X127.8122Y55.2898
G01 X127.9148Y55.2140
G01 X127.9355Y55.2007
G01 X128.0323Y55.1427
G01 X128.0537Y55.1308
G01 X128.1689Y55.0759
G01 X128.1914Y55.0662
G01 X128.3114Y55.0229
G01 X128.3490Y55.0115
G01 X128.4728Y54.9808
G01 X128.4970Y54.9764
G01 X128.6086Y54.9599
G01 X128.6428Y54.9563
G01 X128.7604Y54.9505
G01 X128.7996Y54.9505
G01 X128.9270Y54.9570
G01 X128.9514Y54.9599
G01 X129.0630Y54.9764
G01 X129.1015Y54.9841
G01 X129.2252Y55.0154
G01 X129.2486Y55.0229
G01 X129.3548Y55.0609
G01 X129.3911Y55.0759
G01 X129.5063Y55.1308
G01 X129.5277Y55.1427
G01 X129.6245Y55.2007
G01 X129.6452Y55.2140
G01 X129.7478Y55.2898
G01 X129.7782Y55.3147
G01 X129.8654Y55.3938
G01 X129.8896Y55.4182
G01 X129.9750Y55.5129
G01 X129.9902Y55.5322
G01 X130.0500Y55.6127
G01 X130.1098Y55.5322
G01 X130.1250Y55.5129
G01 X130.2104Y55.4182
G01 X130.2346Y55.3938
G01 X130.3218Y55.3147
G01 X130.3522Y55.2898
G01 X130.4548Y55.2140
G01 X130.4755Y55.2007
G01 X130.5723Y55.1427
G01 X130.5937Y55.1308
G01 X130.7089Y55.0759
G01 X130.7314Y55.0662
G01 X130.8514Y55.0229
G01 X130.8890Y55.0115
G01 X131.0128Y54.9808
G01 X131.0370Y54.9764
G01 X131.1486Y54.9599
G01 X131.1828Y54.9563
G01 X131.3004Y54.9505
G01 X131.3396Y54.9505
G01 X131.4670Y54.9570
G01 X131.4914Y54.9599
G01 X131.6030Y54.9764
G01 X131.6415Y54.9841
G01 X131.7652Y55.0154
G01 X131.7886Y55.0229
G01 X131.8948Y55.0609
G01 X131.9311Y55.0759
G01 X132.0463Y55.1308
G01 X132.0677Y55.1427
G01 X132.1645Y55.2007
G01 X132.1852Y55.2140
G01 X132.2878Y55.2898
G01 X132.3182Y55.3147
G01 X132.4054Y55.3938
G01 X132.4296Y55.4182
G01 X132.5150Y55.5129
G01 X132.5302Y55.5322
G01 X132.5900Y55.6127
G01 X132.6498Y55.5322
G01 X132.6650Y55.5129
G01 X132.7504Y55.4182
G01 X132.7746Y55.3938
G01 X132.8618Y55.3147
G01 X132.8922Y55.2898
G01 X132.9948Y55.2140
G01 X133.0155Y55.2007
G01 X133.1165Y55.1402
G01 X133.1469Y55.1242
G01 X133.2623Y55.0699
G01 X133.2852Y55.0609
G01 X133.3914Y55.0229
G01 X133.4148Y55.0154
G01 X133.5385Y54.9841
G01 X133.5624Y54.9789
G01 X133.6886Y54.9599
G01 X133.7277Y54.9560
G01 X133.8404Y54.9505
G01 X133.8649Y54.9501
G01 X133.9923Y54.9560
G01 X134.0314Y54.9599
G01 X134.1479Y54.9772
G01 X134.1815Y54.9841
G01 X134.2910Y55.0115
G01 X134.3146Y55.0182
G01 X134.4348Y55.0609
G01 X134.4711Y55.0759
G01 X134.5863Y55.1308
G01 X134.6077Y55.1427
G01 X134.7045Y55.2007
G01 X134.7372Y55.2225
G01 X134.8395Y55.2988
G01 X134.8582Y55.3147
G01 X134.9418Y55.3904
G01 X134.9696Y55.4182
G01 X135.0550Y55.5129
G01 X135.0702Y55.5322
G01 X135.1300Y55.6127
G01 X135.1898Y55.5322
G01 X135.2050Y55.5129
G01 X135.2904Y55.4182
G01 X135.3146Y55.3938
G01 X135.4018Y55.3147
G01 X135.4322Y55.2898
G01 X135.5348Y55.2140
G01 X135.5555Y55.2007
G01 X135.6565Y55.1402
G01 X135.6869Y55.1242
G01 X135.8023Y55.0699
G01 X135.8252Y55.0609
G01 X135.9314Y55.0229
G01 X135.9548Y55.0154
G01 X136.0785Y54.9841
G01 X136.1024Y54.9789
G01 X136.2286Y54.9599
G01 X136.2628Y54.9563
G01 X136.3804Y54.9505
G01 X136.4196Y54.9505
G01 X136.5470Y54.9570
G01 X136.5714Y54.9599
G01 X136.6830Y54.9764
G01 X136.7215Y54.9841
G01 X136.8452Y55.0154
G01 X136.8686Y55.0229
G01 X136.9748Y55.0609
G01 X137.0111Y55.0759
G01 X137.1263Y55.1308
G01 X137.1477Y55.1427
G01 X137.2445Y55.2007
G01 X137.2772Y55.2225
G01 X137.3795Y55.2988
G01 X137.3982Y55.3147
G01 X137.4818Y55.3904
G01 X137.5096Y55.4182
G01 X137.5950Y55.5129
G01 X137.6102Y55.5322
G01 X137.6700Y55.6127
G01 X137.7298Y55.5322
G01 X137.7450Y55.5129
G01 X137.8304Y55.4182
G01 X137.8546Y55.3938
G01 X137.9418Y55.3147
G01 X137.9722Y55.2898
G01 X138.0748Y55.2140
G01 X138.0955Y55.2007
G01 X138.1923Y55.1427
G01 X138.2269Y55.1242
G01 X138.3423Y55.0699
G01 X138.3652Y55.0609
G01 X138.4854Y55.0182
G01 X138.5090Y55.0115
G01 X138.6328Y54.9808
G01 X138.6570Y54.9764
G01 X138.7832Y54.9580
G01 X138.8077Y54.9560
G01 X138.9204Y54.9505
G01 X138.9596Y54.9505
G01 X139.0870Y54.9570
G01 X139.1114Y54.9599
G01 X139.2230Y54.9764
G01 X139.2615Y54.9841
G01 X139.3852Y55.0154
G01 X139.4086Y55.0229
G01 X139.5148Y55.0609
G01 X139.5511Y55.0759
G01 X139.6663Y55.1308
G01 X139.6877Y55.1427
G01 X139.7845Y55.2007
G01 X139.8172Y55.2225
G01 X139.9195Y55.2988
G01 X139.9382Y55.3147
G01 X140.0218Y55.3904
G01 X140.0496Y55.4182
G01 X140.1350Y55.5129
G01 X140.1502Y55.5322
G01 X140.2100Y55.6127
G01 X140.2698Y55.5322
G01 X140.2850Y55.5129
G01 X140.3704Y55.4182
G01 X140.3982Y55.3904
G01 X140.4818Y55.3147
G01 X140.5005Y55.2988
G01 X140.6148Y55.2140
G01 X140.6355Y55.2007
G01 X140.7323Y55.1427
G01 X140.7669Y55.1242
G01 X140.8689Y55.0759
G01 X140.8914Y55.0662
G01 X141.0114Y55.0229
G01 X141.0490Y55.0115
G01 X141.1585Y54.9841
G01 X141.1824Y54.9789
G01 X141.3232Y54.9580
G01 X141.3477Y54.9560
G01 X141.4604Y54.9505
G01 X141.4996Y54.9505
G01 X141.6123Y54.9560
G01 X141.6368Y54.9580
G01 X141.7679Y54.9772
G01 X141.8015Y54.9841
G01 X141.9252Y55.0154
G01 X141.9486Y55.0229
G01 X142.0686Y55.0662
G01 X142.0911Y55.0759
G01 X142.2063Y55.1308
G01 X142.2277Y55.1427
G01 X142.3370Y55.2085
G01 X142.3572Y55.2225
G01 X142.4595Y55.2988
G01 X142.4782Y55.3147
G01 X142.5725Y55.4006
G01 X142.5896Y55.4182
G01 X142.6750Y55.5129
G01 X142.6902Y55.5322
G01 X142.7500Y55.6127
G01 X142.8098Y55.5322
G01 X142.8250Y55.5129
G01 X142.9104Y55.4182
G01 X142.9382Y55.3904
G01 X143.0218Y55.3147
G01 X143.0405Y55.2988
G01 X143.1428Y55.2225
G01 X143.1755Y55.2007
G01 X143.2850Y55.1354
G01 X143.3069Y55.1242
G01 X143.4089Y55.0759
G01 X143.4452Y55.0609
G01 X143.5654Y55.0182
G01 X143.5890Y55.0115
G01 X143.6985Y54.9841
G01 X143.7370Y54.9764
G01 X143.8486Y54.9599
G01 X143.8730Y54.9570
G01 X144.0004Y54.9505
G01 X144.0396Y54.9505
G01 X144.1670Y54.9570
G01 X144.1914Y54.9599
G01 X144.3030Y54.9764
G01 X144.3415Y54.9841
G01 X144.4510Y55.0115
G01 X144.4746Y55.0182
G01 X144.5948Y55.0609
G01 X144.6311Y55.0759
G01 X144.7331Y55.1242
G01 X144.7550Y55.1354
G01 X144.8645Y55.2007
G01 X144.8972Y55.2225
G01 X144.9995Y55.2988
G01 X145.0182Y55.3147
G01 X145.1018Y55.3904
G01 X145.1296Y55.4182
G01 X145.2150Y55.5129
G01 X145.2302Y55.5322
G01 X145.2975Y55.6228
G01 X145.3193Y55.6555
G01 X145.3773Y55.7523
G01 X145.3892Y55.7737
G01 X145.4441Y55.8889
G01 X145.4591Y55.9252
G01 X145.4987Y56.0361
G01 X145.5085Y56.0690
G01 X145.5359Y56.1785
G01 X145.5411Y56.2024
G01 X145.5601Y56.3286
G01 X145.5640Y56.3677
G01 X145.5700Y56.5000
G01 X145.5700Y57.7700
G01 X145.5630Y57.9170
G01 X145.5601Y57.9414
G01 X145.5411Y58.0676
G01 X145.5359Y58.0915
G01 X145.5046Y58.2152
G01 X145.4971Y58.2386
G01 X145.4538Y58.3586
G01 X145.4441Y58.3811
G01 X145.3958Y58.4831
G01 X145.3773Y58.5177
G01 X145.3115Y58.6270
G01 X145.2975Y58.6472
G01 X145.2302Y58.7378
G01 X145.2086Y58.7645
G01 X145.1296Y58.8518
G01 X145.1018Y58.8796
G01 X145.0182Y58.9553
G01 X144.9995Y58.9712
G01 X144.8972Y59.0475
G01 X144.8770Y59.0615
G01 X144.7550Y59.1346
G01 X144.7331Y59.1458
G01 X144.6177Y59.2001
G01 X144.5948Y59.2091
G01 X144.4746Y59.2518
G01 X144.4510Y59.2585
G01 X144.3272Y59.2892
G01 X144.3030Y59.2936
G01 X144.1768Y59.3120
G01 X144.1523Y59.3140
G01 X144.0396Y59.3195
G01 X144.0004Y59.3195
G01 X143.8730Y59.3130
G01 X143.8486Y59.3101
G01 X143.7370Y59.2936
G01 X143.6985Y59.2859
G01 X143.5748Y59.2546
G01 X143.5514Y59.2471
G01 X143.4452Y59.2091
G01 X143.4089Y59.1941
G01 X143.2937Y59.1392
G01 X143.2723Y59.1273
G01 X143.1755Y59.0693
G01 X143.1548Y59.0560
G01 X143.0522Y58.9802
G01 X143.0218Y58.9553
G01 X142.9346Y58.8762
G01 X142.9104Y58.8518
G01 X142.8250Y58.7571
G01 X142.8098Y58.7378
G01 X142.7500Y58.6573
G01 X142.6902Y58.7378
G01 X142.6750Y58.7571
G01 X142.5896Y58.8518
G01 X142.5654Y58.8762
G01 X142.4782Y58.9553
G01 X142.4478Y58.9802
G01 X142.3452Y59.0560
G01 X142.3245Y59.0693
G01 X142.2277Y59.1273
G01 X142.2063Y59.1392
G01 X142.0911Y59.1941
G01 X142.0548Y59.2091
G01 X141.9346Y59.2518
G01 X141.9110Y59.2585
G01 X141.8015Y59.2859
G01 X141.7630Y59.2936
G01 X141.6368Y59.3120
G01 X141.6123Y59.3140
G01 X141.4849Y59.3199
G01 X141.4604Y59.3195
G01 X141.3477Y59.3140
G01 X141.3232Y59.3120
G01 X141.1970Y59.2936
G01 X141.1585Y59.2859
G01 X141.0490Y59.2585
G01 X141.0254Y59.2518
G01 X140.9052Y59.2091
G01 X140.8689Y59.1941
G01 X140.7537Y59.1392
G01 X140.7323Y59.1273
G01 X140.6355Y59.0693
G01 X140.6148Y59.0560
G01 X140.5122Y58.9802
G01 X140.4818Y58.9553
G01 X140.3946Y58.8762
G01 X140.3704Y58.8518
G01 X140.2850Y58.7571
G01 X140.2698Y58.7378
G01 X140.2100Y58.6573
G01 X140.1502Y58.7378
G01 X140.1350Y58.7571
G01 X140.0496Y58.8518
G01 X140.0254Y58.8762
G01 X139.9382Y58.9553
G01 X139.9078Y58.9802
G01 X139.8052Y59.0560
G01 X139.7845Y59.0693
G01 X139.6877Y59.1273
G01 X139.6663Y59.1392
G01 X139.5511Y59.1941
G01 X139.5148Y59.2091
G01 X139.4086Y59.2471
G01 X139.3852Y59.2546
G01 X139.2615Y59.2859
G01 X139.2230Y59.2936
G01 X139.0968Y59.3120
G01 X139.0723Y59.3140
G01 X138.9449Y59.3199
G01 X138.9204Y59.3195
G01 X138.8077Y59.3140
G01 X138.7832Y59.3120
G01 X138.6570Y59.2936
G01 X138.6185Y59.2859
G01 X138.5090Y59.2585
G01 X138.4854Y59.2518
G01 X138.3652Y59.2091
G01 X138.3289Y59.1941
G01 X138.2137Y59.1392
G01 X138.1923Y59.1273
G01 X138.0955Y59.0693
G01 X138.0748Y59.0560
G01 X137.9722Y58.9802
G01 X137.9418Y58.9553
G01 X137.8546Y58.8762
G01 X137.8304Y58.8518
G01 X137.7450Y58.7571
G01 X137.7298Y58.7378
G01 X137.6700Y58.6573
G01 X137.6102Y58.7378
G01 X137.5950Y58.7571
G01 X137.5096Y58.8518
G01 X137.4854Y58.8762
G01 X137.3982Y58.9553
G01 X137.3678Y58.9802
G01 X137.2652Y59.0560
G01 X137.2445Y59.0693
G01 X137.1477Y59.1273
G01 X137.1263Y59.1392
G01 X137.0111Y59.1941
G01 X136.9886Y59.2038
G01 X136.8686Y59.2471
G01 X136.8310Y59.2585
G01 X136.7215Y59.2859
G01 X136.6976Y59.2911
G01 X136.5714Y59.3101
G01 X136.5323Y59.3140
G01 X136.4049Y59.3199
G01 X136.3804Y59.3195
G01 X136.2677Y59.3140
G01 X136.2432Y59.3120
G01 X136.1170Y59.2936
G01 X136.0785Y59.2859
G01 X135.9548Y59.2546
G01 X135.9314Y59.2471
G01 X135.8252Y59.2091
G01 X135.7889Y59.1941
G01 X135.6737Y59.1392
G01 X135.6523Y59.1273
G01 X135.5555Y59.0693
G01 X135.5348Y59.0560
G01 X135.4322Y58.9802
G01 X135.4018Y58.9553
G01 X135.3146Y58.8762
G01 X135.2904Y58.8518
G01 X135.2050Y58.7571
G01 X135.1898Y58.7378
G01 X135.1300Y58.6573
G01 X135.0702Y58.7378
G01 X135.0550Y58.7571
G01 X134.9696Y58.8518
G01 X134.9454Y58.8762
G01 X134.8582Y58.9553
G01 X134.8278Y58.9802
G01 X134.7252Y59.0560
G01 X134.7045Y59.0693
G01 X134.6077Y59.1273
G01 X134.5863Y59.1392
G01 X134.4711Y59.1941
G01 X134.4486Y59.2038
G01 X134.3286Y59.2471
G01 X134.2910Y59.2585
G01 X134.1672Y59.2892
G01 X134.1430Y59.2936
G01 X134.0314Y59.3101
G01 X133.9923Y59.3140
G01 X133.8747Y59.3197
G01 X133.8404Y59.3195
G01 X133.7277Y59.3140
G01 X133.7032Y59.3120
G01 X133.5770Y59.2936
G01 X133.5385Y59.2859
G01 X133.4148Y59.2546
G01 X133.3914Y59.2471
G01 X133.2852Y59.2091
G01 X133.2489Y59.1941
G01 X133.1337Y59.1392
G01 X133.1123Y59.1273
G01 X133.0155Y59.0693
G01 X132.9948Y59.0560
G01 X132.8922Y58.9802
G01 X132.8618Y58.9553
G01 X132.7746Y58.8762
G01 X132.7504Y58.8518
G01 X132.6650Y58.7571
G01 X132.6498Y58.7378
G01 X132.5900Y58.6573
G01 X132.5302Y58.7378
G01 X132.5150Y58.7571
G01 X132.4296Y58.8518
G01 X132.4054Y58.8762
G01 X132.3182Y58.9553
G01 X132.2878Y58.9802
G01 X132.1852Y59.0560
G01 X132.1645Y59.0693
G01 X132.0677Y59.1273
G01 X132.0463Y59.1392
G01 X131.9311Y59.1941
G01 X131.9086Y59.2038
G01 X131.7886Y59.2471
G01 X131.7510Y59.2585
G01 X131.6272Y59.2892
G01 X131.6030Y59.2936
G01 X131.4914Y59.3101
G01 X131.4523Y59.3140
G01 X131.3347Y59.3197
G01 X131.3004Y59.3195
G01 X131.1877Y59.3140
G01 X131.1632Y59.3120
G01 X131.0370Y59.2936
G01 X130.9985Y59.2859
G01 X130.8890Y59.2585
G01 X130.8654Y59.2518
G01 X130.7452Y59.2091
G01 X130.7089Y59.1941
G01 X130.5937Y59.1392
G01 X130.5723Y59.1273
G01 X130.4755Y59.0693
G01 X130.4548Y59.0560
G01 X130.3522Y58.9802
G01 X130.3218Y58.9553
G01 X130.2346Y58.8762
G01 X130.2104Y58.8518
G01 X130.1250Y58.7571
G01 X130.1098Y58.7378
G01 X130.0500Y58.6573
G01 X129.9902Y58.7378
G01 X129.9750Y58.7571
G01 X129.8896Y58.8518
G01 X129.8654Y58.8762
G01 X129.7782Y58.9553
G01 X129.7478Y58.9802
G01 X129.6452Y59.0560
G01 X129.6245Y59.0693
G01 X129.5277Y59.1273
G01 X129.5063Y59.1392
G01 X129.3911Y59.1941
G01 X129.3686Y59.2038
G01 X129.2486Y59.2471
G01 X129.2110Y59.2585
G01 X129.0872Y59.2892
G01 X129.0630Y59.2936
G01 X128.9514Y59.3101
G01 X128.9123Y59.3140
G01 X128.7947Y59.3197
G01 X128.7604Y59.3195
G01 X128.6477Y59.3140
G01 X128.6232Y59.3120
G01 X128.4970Y59.2936
G01 X128.4585Y59.2859
G01 X128.3348Y59.2546
G01 X128.3114Y59.2471
G01 X128.2052Y59.2091
G01 X128.1689Y59.1941
G01 X128.0537Y59.1392
G01 X128.0323Y59.1273
G01 X127.9355Y59.0693
G01 X127.9148Y59.0560
G01 X127.8122Y58.9802
G01 X127.7818Y58.9553
G01 X127.6946Y58.8762
G01 X127.6704Y58.8518
G01 X127.5850Y58.7571
G01 X127.5698Y58.7378
G01 X127.5100Y58.6573
G01 X127.4502Y58.7378
G01 X127.4350Y58.7571
G01 X127.3496Y58.8518
G01 X127.3254Y58.8762
G01 X127.2382Y58.9553
G01 X127.2078Y58.9802
G01 X127.1052Y59.0560
G01 X127.0845Y59.0693
G01 X126.9877Y59.1273
G01 X126.9663Y59.1392
G01 X126.8511Y59.1941
G01 X126.8286Y59.2038
G01 X126.7086Y59.2471
G01 X126.6710Y59.2585
G01 X126.5568Y59.2870
G01 X126.5230Y59.2936
G01 X126.4114Y59.3101
G01 X126.3870Y59.3130
G01 X126.2596Y59.3195
G01 X126.2204Y59.3195
G01 X126.0930Y59.3130
G01 X126.0686Y59.3101
G01 X125.9570Y59.2936
G01 X125.9185Y59.2859
G01 X125.7948Y59.2546
G01 X125.7714Y59.2471
G01 X125.6652Y59.2091
G01 X125.6289Y59.1941
G01 X125.5137Y59.1392
G01 X125.4923Y59.1273
G01 X125.3955Y59.0693
G01 X125.3748Y59.0560
G01 X125.2722Y58.9802
G01 X125.2418Y58.9553
G01 X125.1546Y58.8762
G01 X125.1304Y58.8518
G01 X125.0450Y58.7571
G01 X125.0298Y58.7378
G01 X124.9700Y58.6573
G01 X124.9102Y58.7378
G01 X124.8950Y58.7571
G01 X124.8096Y58.8518
G01 X124.7854Y58.8762
G01 X124.6982Y58.9553
G01 X124.6678Y58.9802
G01 X124.5652Y59.0560
G01 X124.5445Y59.0693
G01 X124.4477Y59.1273
G01 X124.4263Y59.1392
G01 X124.3111Y59.1941
G01 X124.2886Y59.2038
G01 X124.1686Y59.2471
G01 X124.1310Y59.2585
G01 X124.0072Y59.2892
G01 X123.9830Y59.2936
G01 X123.8714Y59.3101
G01 X123.8372Y59.3137
G01 X123.7196Y59.3195
G01 X123.6804Y59.3195
G01 X123.5530Y59.3130
G01 X123.5286Y59.3101
G01 X123.4170Y59.2936
G01 X123.3785Y59.2859
G01 X123.2690Y59.2585
G01 X123.2454Y59.2518
G01 X123.1252Y59.2091
G01 X123.0889Y59.1941
G01 X122.9737Y59.1392
G01 X122.9523Y59.1273
G01 X122.8555Y59.0693
G01 X122.8348Y59.0560
G01 X122.7322Y58.9802
G01 X122.7018Y58.9553
G01 X122.6146Y58.8762
G01 X122.5904Y58.8518
G01 X122.5050Y58.7571
G01 X122.4898Y58.7378
G01 X122.4300Y58.6573
G01 X122.3702Y58.7378
G01 X122.3550Y58.7571
G01 X122.2696Y58.8518
G01 X122.2454Y58.8762
G01 X122.1582Y58.9553
G01 X122.1278Y58.9802
G01 X122.0252Y59.0560
G01 X122.0045Y59.0693
G01 X121.9035Y59.1298
G01 X121.8731Y59.1458
G01 X121.7577Y59.2001
G01 X121.7348Y59.2091
G01 X121.6286Y59.2471
G01 X121.6052Y59.2546
G01 X121.4815Y59.2859
G01 X121.4576Y59.2911
G01 X121.3314Y59.3101
G01 X121.2923Y59.3140
G01 X121.1796Y59.3195
G01 X121.1551Y59.3199
G01 X121.0277Y59.3140
G01 X120.9886Y59.3101
G01 X120.8721Y59.2928
G01 X120.8385Y59.2859
G01 X120.7290Y59.2585
G01 X120.7054Y59.2518
G01 X120.5852Y59.2091
G01 X120.5489Y59.1941
G01 X120.4337Y59.1392
G01 X120.4123Y59.1273
G01 X120.3155Y59.0693
G01 X120.2828Y59.0475
G01 X120.1805Y58.9712
G01 X120.1618Y58.9553
G01 X120.0782Y58.8796
G01 X120.0504Y58.8518
G01 X119.9650Y58.7571
G01 X119.9498Y58.7378
G01 X119.8900Y58.6573
G01 X119.8302Y58.7378
G01 X119.8150Y58.7571
G01 X119.7296Y58.8518
G01 X119.7054Y58.8762
G01 X119.6182Y58.9553
G01 X119.5878Y58.9802
G01 X119.4852Y59.0560
G01 X119.4645Y59.0693
G01 X119.3635Y59.1298
G01 X119.3331Y59.1458
G01 X119.2177Y59.2001
G01 X119.1948Y59.2091
G01 X119.0886Y59.2471
G01 X119.0652Y59.2546
G01 X118.9415Y59.2859
G01 X118.9176Y59.2911
G01 X118.7914Y59.3101
G01 X118.7572Y59.3137
G01 X118.6396Y59.3195
G01 X118.6004Y59.3195
G01 X118.4730Y59.3130
G01 X118.4486Y59.3101
G01 X118.3370Y59.2936
G01 X118.2985Y59.2859
G01 X118.1748Y59.2546
G01 X118.1514Y59.2471
G01 X118.0452Y59.2091
G01 X118.0089Y59.1941
G01 X117.8937Y59.1392
G01 X117.8723Y59.1273
G01 X117.7755Y59.0693
G01 X117.7428Y59.0475
G01 X117.6405Y58.9712
G01 X117.6218Y58.9553
G01 X117.5382Y58.8796
G01 X117.5104Y58.8518
G01 X117.4250Y58.7571
G01 X117.4098Y58.7378
G01 X117.3500Y58.6573
G01 X117.2902Y58.7378
G01 X117.2750Y58.7571
G01 X117.1896Y58.8518
G01 X117.1654Y58.8762
G01 X117.0782Y58.9553
G01 X117.0478Y58.9802
G01 X116.9452Y59.0560
G01 X116.9245Y59.0693
G01 X116.8277Y59.1273
G01 X116.7931Y59.1458
G01 X116.6777Y59.2001
G01 X116.6548Y59.2091
G01 X116.5346Y59.2518
G01 X116.5110Y59.2585
G01 X116.3872Y59.2892
G01 X116.3630Y59.2936
G01 X116.2368Y59.3120
G01 X116.2123Y59.3140
G01 X116.0996Y59.3195
G01 X116.0604Y59.3195
G01 X115.9330Y59.3130
G01 X115.9086Y59.3101
G01 X115.7970Y59.2936
G01 X115.7585Y59.2859
G01 X115.6490Y59.2585
G01 X115.6254Y59.2518
G01 X115.5052Y59.2091
G01 X115.4689Y59.1941
G01 X115.3537Y59.1392
G01 X115.3323Y59.1273
G01 X115.2355Y59.0693
G01 X115.2028Y59.0475
G01 X115.1005Y58.9712
G01 X115.0818Y58.9553
G01 X114.9982Y58.8796
G01 X114.9704Y58.8518
G01 X114.8850Y58.7571
G01 X114.8698Y58.7378
G01 X114.8100Y58.6573
G01 X114.7502Y58.7378
G01 X114.7350Y58.7571
G01 X114.6496Y58.8518
G01 X114.6218Y58.8796
G01 X114.5382Y58.9553
G01 X114.5195Y58.9712
G01 X114.4052Y59.0560
G01 X114.3845Y59.0693
G01 X114.2877Y59.1273
G01 X114.2531Y59.1458
G01 X114.1511Y59.1941
G01 X114.1286Y59.2038
G01 X114.0086Y59.2471
G01 X113.9710Y59.2585
G01 X113.8615Y59.2859
G01 X113.8376Y59.2911
G01 X113.6968Y59.3120
G01 X113.6723Y59.3140
G01 X113.5596Y59.3195
G01 X113.5204Y59.3195
G01 X113.4077Y59.3140
G01 X113.3832Y59.3120
G01 X113.2521Y59.2928
G01 X113.2185Y59.2859
G01 X113.0948Y59.2546
G01 X113.0714Y59.2471
G01 X112.9514Y59.2038
G01 X112.9289Y59.1941
G01 X112.8137Y59.1392
G01 X112.7923Y59.1273
G01 X112.6830Y59.0615
G01 X112.6628Y59.0475
G01 X112.5605Y58.9712
G01 X112.5418Y58.9553
G01 X112.4475Y58.8694
G01 X112.4304Y58.8518
G01 X112.3450Y58.7571
G01 X112.3298Y58.7378
G01 X112.2700Y58.6573
G01 X112.2102Y58.7378
G01 X112.1950Y58.7571
G01 X112.1096Y58.8518
G01 X112.0818Y58.8796
G01 X111.9982Y58.9553
G01 X111.9795Y58.9712
G01 X111.8772Y59.0475
G01 X111.8445Y59.0693
G01 X111.7477Y59.1273
G01 X111.7263Y59.1392
G01 X111.6111Y59.1941
G01 X111.5748Y59.2091
G01 X111.4546Y59.2518
G01 X111.4310Y59.2585
G01 X111.3215Y59.2859
G01 X111.2830Y59.2936
G01 X111.1714Y59.3101
G01 X111.1470Y59.3130
G01 X111.0196Y59.3195
G01 X110.9804Y59.3195
G01 X110.8530Y59.3130
G01 X110.8286Y59.3101
G01 X110.7170Y59.2936
G01 X110.6785Y59.2859
G01 X110.5690Y59.2585
G01 X110.5454Y59.2518
G01 X110.4252Y59.2091
G01 X110.3889Y59.1941
G01 X110.2737Y59.1392
G01 X110.2523Y59.1273
G01 X110.1555Y59.0693
G01 X110.1348Y59.0560
G01 X110.0322Y58.9802
G01 X110.0018Y58.9553
G01 X109.9182Y58.8796
G01 X109.9006Y58.8625
G01 X109.8147Y58.7682
G01 X109.7898Y58.7378
G01 X109.7140Y58.6352
G01 X109.7007Y58.6145
G01 X109.6427Y58.5177
G01 X109.6263Y58.4875
G01 X109.5759Y58.3811
G01 X109.5662Y58.3586
G01 X109.5229Y58.2386
G01 X109.5154Y58.2152
G01 X109.4841Y58.0915
G01 X109.4789Y58.0676
G01 X109.4599Y57.9414
G01 X109.4570Y57.9170
G01 X109.4500Y57.7700
G01 X109.4502Y56.4877
G01 X109.4560Y56.3677
G01 X109.4580Y56.3432
G01 X109.4764Y56.2170
G01 X109.4808Y56.1928
G01 X109.5115Y56.0690
G01 X109.5182Y56.0454
G01 X109.5609Y55.9252
G01 X109.5699Y55.9023
G01 X109.6308Y55.7737
G01 X109.6427Y55.7523
G01 X109.7085Y55.6430
G01 X109.7225Y55.6228
G01 X109.7988Y55.5205
G01 X109.8147Y55.5018
G01 X109.9006Y55.4075
G01 X109.9182Y55.3904
G01 X110.0129Y55.3050
G01 X110.0322Y55.2898
G01 X110.1348Y55.2140
G01 X110.1555Y55.2007
G01 X110.2650Y55.1354
G01 X110.2869Y55.1242
G01 X110.4023Y55.0699
G01 X110.4252Y55.0609
G01 X110.5454Y55.0182
G01 X110.5690Y55.0115
G01 X110.6928Y54.9808
G01 X110.7170Y54.9764
G01 X110.8432Y54.9580
G01 X110.8677Y54.9560
G01 X110.9804Y54.9505
G00 Z20.0000
G00 X110.8365Y54.9588
G01 Z20.0000
G01 X110.5771Y54.7664
G01 X109.7191Y53.9887
G01 X108.9414Y53.1307
G01 X108.2516Y52.2006
G01 X107.6562Y51.2073
G01 X107.1611Y50.1605
G01 X106.7710Y49.0702
G01 X106.4896Y47.9469
G01 X106.3197Y46.8015
G01 X106.2629Y45.6449
G01 X106.3197Y44.4883
G01 X106.4896Y43.3428
G01 X106.7710Y42.2195
G01 X107.1611Y41.1292
G01 X107.6562Y40.0824
G01 X108.2516Y39.0891
G01 X108.9414Y38.1590
G01 X109.7191Y37.3010
G01 X110.5771Y36.5233
G01 X111.5072Y35.8335
G01 X112.5004Y35.2382
G01 X113.5473Y34.7431
G01 X114.6376Y34.3530
G01 X115.7609Y34.0716
G01 X116.9063Y33.9017
G01 X118.0629Y33.8449
G01 X119.2195Y33.9017
G01 X120.3650Y34.0716
G01 X121.0342Y34.2392
G00 Z20.0000
G00 X121.2681Y33.8860
G01 Z20.0000
G01 X120.4430Y33.6793
G01 X119.2587Y33.5036
G01 X118.0629Y33.4449
G01 X116.8671Y33.5036
G01 X115.6828Y33.6793
G01 X114.5214Y33.9702
G01 X113.3942Y34.3735
G01 X112.3119Y34.8854
G01 X111.2850Y35.5009
G01 X110.3233Y36.2141
G01 X109.4362Y37.0182
G01 X108.6322Y37.9053
G01 X107.9190Y38.8669
G01 X107.3035Y39.8938
G01 X106.7916Y40.9761
G01 X106.3882Y42.1034
G01 X106.0973Y43.2648
G01 X105.9217Y44.4491
G01 X105.8629Y45.6449
G01 X105.9217Y46.8407
G01 X106.0973Y48.0250
G01 X106.3882Y49.1863
G01 X106.7916Y50.3136
G01 X107.3035Y51.3959
G01 X107.9190Y52.4228
G01 X108.6322Y53.3845
G01 X109.4362Y54.2716
G01 X110.3233Y55.0756
G01 X110.3491Y55.0947
G00 Z20.0000
G00 X109.9970Y55.3190
G01 Z20.0000
G01 X109.1534Y54.5544
G01 X108.3230Y53.6382
G01 X107.5864Y52.6450
G01 X106.9507Y51.5845
G01 X106.4220Y50.4667
G01 X106.0055Y49.3025
G01 X105.7050Y48.1030
G01 X105.5236Y46.8799
G01 X105.4629Y45.6449
G01 X105.5236Y44.4098
G01 X105.7050Y43.1867
G01 X106.0055Y41.9873
G01 X106.4220Y40.8231
G01 X106.9507Y39.7053
G01 X107.5864Y38.6447
G01 X108.3230Y37.6515
G01 X109.1534Y36.7353
G01 X110.0696Y35.9049
G01 X111.0627Y35.1683
G01 X112.1233Y34.5327
G01 X113.2411Y34.0040
G01 X114.4053Y33.5874
G01 X115.6048Y33.2870
G01 X116.8279Y33.1055
G01 X118.0629Y33.0449
G01 X119.2979Y33.1055
G01 X120.5211Y33.2870
G01 X121.6527Y33.5704
G00 Z20.0000
G00 X122.2892Y33.3666
G01 Z20.0000
G01 X121.8366Y33.2046
G01 X120.5991Y32.8947
G01 X119.3371Y32.7075
G01 X118.0629Y32.6449
G01 X116.7887Y32.7075
G01 X115.5267Y32.8947
G01 X114.2892Y33.2046
G01 X113.0880Y33.6344
G01 X111.9348Y34.1799
G01 X110.8405Y34.8358
G01 X109.8158Y35.5957
G01 X108.8705Y36.4525
G01 X108.0138Y37.3978
G01 X107.2538Y38.4225
G01 X106.5979Y39.5167
G01 X106.0525Y40.6700
G01 X105.6227Y41.8712
G01 X105.3127Y43.1087
G01 X105.1255Y44.3706
G01 X105.0629Y45.6449
G01 X105.1255Y46.9191
G01 X105.3127Y48.1810
G01 X105.6227Y49.4186
G01 X106.0525Y50.6197
G01 X106.0589Y50.6333
G00 Z20.0000
G00 X105.5472Y50.3935
G01 Z20.0000
G01 X105.2399Y49.5347
G01 X104.9204Y48.2591
G01 X104.7274Y46.9583
G01 X104.6629Y45.6449
G01 X104.7274Y44.3314
G01 X104.9204Y43.0307
G01 X105.2399Y41.7550
G01 X105.6829Y40.5169
G01 X106.2452Y39.3281
G01 X106.9212Y38.2002
G01 X107.7046Y37.1440
G01 X108.5877Y36.1696
G01 X109.5620Y35.2865
G01 X110.6183Y34.5032
G01 X111.7462Y33.8271
G01 X112.9350Y33.2649
G01 X114.1731Y32.8219
G01 X115.4487Y32.5023
G01 X116.7495Y32.3094
G01 X118.0629Y32.2449
G01 X119.3763Y32.3094
G01 X120.6771Y32.5023
G01 X121.9527Y32.8219
G01 X123.1909Y33.2649
G01 X124.0443Y33.6685
G00 Z20.0000
G00 X123.7412Y33.9671
G01 Z20.0000
G01 X123.6086Y33.9044
G00 Z20.0000
G00 X124.4895Y33.4372
G01 Z20.0000
G01 X123.3439Y32.8953
G01 X122.0688Y32.4391
G01 X120.7552Y32.1100
G01 X119.4156Y31.9113
G01 X118.0629Y31.8449
G01 X116.7103Y31.9113
G01 X115.3707Y32.1100
G01 X114.0570Y32.4391
G01 X112.7819Y32.8953
G01 X111.5576Y33.4743
G01 X110.3960Y34.1706
G01 X109.3083Y34.9773
G01 X108.3048Y35.8868
G01 X107.3954Y36.8902
G01 X106.5886Y37.9780
G01 X105.8924Y39.1396
G01 X105.3134Y40.3638
G01 X104.8571Y41.6389
G01 X104.5281Y42.9526
G01 X104.3294Y44.2922
G01 X104.2629Y45.6449
G01 X104.3294Y46.9975
G01 X104.5281Y48.3371
G01 X104.8571Y49.6508
G01 X105.1088Y50.3540
G00 Z20.0000
G00 X104.7135Y50.4354
G01 Z20.0000
G01 X104.4744Y49.7669
G01 X104.1358Y48.4151
G01 X103.9313Y47.0367
G01 X103.8629Y45.6449
G01 X103.9313Y44.2530
G01 X104.1358Y42.8746
G01 X104.4744Y41.5228
G01 X104.9438Y40.2108
G01 X105.5396Y38.9510
G01 X106.2560Y37.7558
G01 X107.0862Y36.6365
G01 X108.0220Y35.6039
G01 X109.0545Y34.6681
G01 X110.1738Y33.8380
G01 X111.3691Y33.1216
G01 X112.6288Y32.5258
G01 X113.9409Y32.0563
G01 X115.2926Y31.7177
G01 X116.6711Y31.5132
G01 X118.0629Y31.4449
G01 X119.4548Y31.5132
G01 X120.8332Y31.7177
G01 X122.1850Y32.0563
G01 X123.4970Y32.5258
G01 X124.7567Y33.1216
G01 X125.1807Y33.3757
G00 Z20.0000
G00 X126.4929Y33.7418
G01 Z20.0000
G01 X126.1742Y33.5054
G01 X124.9453Y32.7688
G01 X123.6501Y32.1562
G01 X122.3011Y31.6735
G01 X120.9112Y31.3254
G01 X119.4940Y31.1152
G01 X118.0629Y31.0449
G01 X116.6319Y31.1152
G01 X115.2146Y31.3254
G01 X113.8248Y31.6735
G01 X112.4757Y32.1562
G01 X111.1805Y32.7688
G01 X109.9516Y33.5054
G01 X108.8008Y34.3589
G01 X107.7392Y35.3211
G01 X106.7770Y36.3827
G01 X105.9235Y37.5335
G01 X105.1869Y38.7625
G01 X104.5743Y40.0577
G01 X104.0916Y41.4067
G01 X103.7435Y42.7965
G01 X103.5332Y44.2138
G01 X103.4629Y45.6449
G01 X103.5332Y47.0759
G01 X103.7435Y48.4932
G01 X104.0916Y49.8830
G01 X104.3561Y50.6222
G00 Z20.0000
G00 X104.0418Y50.9297
G01 Z20.0000
G01 X103.7088Y49.9991
G01 X103.3511Y48.5712
G01 X103.1351Y47.1151
G01 X103.0629Y45.6449
G01 X103.1351Y44.1746
G01 X103.3511Y42.7185
G01 X103.7088Y41.2906
G01 X104.2047Y39.9046
G01 X104.8341Y38.5739
G01 X105.5909Y37.3113
G01 X106.4678Y36.1290
G01 X107.4563Y35.0383
G01 X108.5470Y34.0497
G01 X109.7294Y33.1728
G01 X110.9920Y32.4160
G01 X112.3227Y31.7867
G01 X113.7086Y31.2908
G01 X115.1366Y30.9331
G01 X116.5927Y30.7171
G01 X118.0629Y30.6449
G01 X119.5332Y30.7171
G01 X120.9893Y30.9331
G01 X122.4172Y31.2908
G01 X123.8032Y31.7867
G01 X125.1339Y32.4160
G01 X126.3965Y33.1728
G01 X126.8499Y33.5091
G00 Z20.0000
G00 X127.3338Y33.3706
G01 Z20.0000
G01 X126.6187Y32.8402
G01 X125.3224Y32.0633
G01 X123.9562Y31.4171
G01 X122.5333Y30.9080
G01 X121.0673Y30.5408
G01 X119.5724Y30.3190
G01 X118.0629Y30.2449
G01 X116.5535Y30.3190
G01 X115.0585Y30.5408
G01 X113.5925Y30.9080
G01 X112.1696Y31.4171
G01 X110.8034Y32.0633
G01 X109.5071Y32.8402
G01 X108.2933Y33.7405
G01 X107.1735Y34.7554
G01 X106.1586Y35.8752
G01 X105.2583Y37.0891
G01 X104.4813Y38.3854
G01 X103.8352Y39.7515
G01 X103.3260Y41.1745
G01 X102.9588Y42.6405
G01 X102.7371Y44.1354
G01 X102.6629Y45.6449
G01 X102.7371Y47.1543
G01 X102.9588Y48.6493
G01 X103.3260Y50.1152
G01 X103.7981Y51.4345
G00 Z20.0000
G00 X103.7501Y51.8098
G01 Z20.0000
G01 X103.7505Y51.7804
G01 X103.7566Y51.6628
G01 X103.7594Y51.6384
G01 X103.7770Y51.5219
G01 X103.7822Y51.4980
G01 X103.8111Y51.3838
G01 X103.8186Y51.3604
G01 X103.8586Y51.2497
G01 X103.8683Y51.2272
G01 X103.9190Y51.1208
G01 X103.9309Y51.0994
G01 X103.9917Y50.9985
G01 X104.0057Y50.9784
G01 X104.0761Y50.8840
G01 X104.0920Y50.8653
G01 X104.1713Y50.7782
G01 X104.1889Y50.7612
G01 X104.2764Y50.6823
G01 X104.2956Y50.6671
G01 X104.3904Y50.5971
G01 X104.4110Y50.5839
G01 X104.5122Y50.5236
G01 X104.5340Y50.5124
G01 X104.6406Y50.4623
G01 X104.6634Y50.4533
G01 X104.7744Y50.4139
G01 X104.7980Y50.4072
G01 X104.9123Y50.3789
G01 X104.9365Y50.3745
G01 X105.0530Y50.3575
G01 X105.0775Y50.3555
G01 X105.1951Y50.3501
G01 X105.2196Y50.3505
G01 X105.3372Y50.3566
G01 X105.3616Y50.3594
G01 X105.4781Y50.3770
G01 X105.5020Y50.3822
G01 X105.6162Y50.4111
G01 X105.6396Y50.4186
G01 X105.7503Y50.4586
G01 X105.7728Y50.4683
G01 X105.8792Y50.5190
G01 X105.9006Y50.5309
G01 X106.0015Y50.5917
G01 X106.0216Y50.6057
G01 X106.1160Y50.6761
G01 X106.1347Y50.6920
G01 X106.2218Y50.7713
G01 X106.2388Y50.7889
G01 X106.3177Y50.8764
G01 X106.3329Y50.8956
G01 X106.4029Y50.9904
G01 X106.4161Y51.0110
G01 X106.4764Y51.1122
G01 X106.4876Y51.1340
G01 X106.5377Y51.2406
G01 X106.5467Y51.2634
G01 X106.5861Y51.3744
G01 X106.5928Y51.3980
G01 X106.6211Y51.5123
G01 X106.6255Y51.5365
G01 X106.6425Y51.6530
G01 X106.6445Y51.6775
G01 X106.6499Y51.7951
G01 X106.6495Y51.8196
G01 X106.6434Y51.9372
G01 X106.6406Y51.9616
G01 X106.6230Y52.0781
G01 X106.6178Y52.1020
G01 X106.5889Y52.2162
G01 X106.5814Y52.2396
G01 X106.5414Y52.3503
G01 X106.5317Y52.3728
G01 X106.4810Y52.4792
G01 X106.4691Y52.5006
G01 X106.4083Y52.6015
G01 X106.3943Y52.6216
G01 X106.3239Y52.7160
G01 X106.3080Y52.7347
G01 X106.2287Y52.8218
G01 X106.2111Y52.8388
G01 X106.1236Y52.9177
G01 X106.1044Y52.9329
G01 X106.0096Y53.0029
G01 X105.9890Y53.0161
G01 X105.8878Y53.0764
G01 X105.8660Y53.0876
G01 X105.7594Y53.1377
G01 X105.7366Y53.1467
G01 X105.6256Y53.1861
G01 X105.6020Y53.1928
G01 X105.4877Y53.2211
G01 X105.4635Y53.2255
G01 X105.3470Y53.2425
G01 X105.3225Y53.2445
G01 X105.2049Y53.2499
G01 X105.1804Y53.2495
G01 X105.0628Y53.2434
G01 X105.0384Y53.2406
G01 X104.9219Y53.2230
G01 X104.8980Y53.2178
G01 X104.7838Y53.1889
G01 X104.7604Y53.1814
G01 X104.6497Y53.1414
G01 X104.6272Y53.1317
G01 X104.5208Y53.0810
G01 X104.4994Y53.0691
G01 X104.3985Y53.0083
G01 X104.3784Y52.9943
G01 X104.2840Y52.9239
G01 X104.2653Y52.9080
G01 X104.1782Y52.8287
G01 X104.1612Y52.8111
G01 X104.0823Y52.7236
G01 X104.0671Y52.7044
G01 X103.9971Y52.6096
G01 X103.9839Y52.5890
G01 X103.9236Y52.4878
G01 X103.9124Y52.4660
G01 X103.8623Y52.3594
G01 X103.8533Y52.3366
G01 X103.8139Y52.2256
G01 X103.8072Y52.2020
G01 X103.7789Y52.0877
G01 X103.7745Y52.0635
G01 X103.7575Y51.9470
G01 X103.7555Y51.9225
G01 X103.7501Y51.8098
G00 Z20.0000
G00 X104.6138Y53.1253
G01 Z20.0000
G01 X105.2583Y54.2006
G01 X106.1586Y55.4145
G01 X107.1735Y56.5343
G01 X108.2933Y57.5492
G01 X109.5071Y58.4495
G01 X109.6549Y58.5380
G00 Z20.0000
G00 X109.4569Y57.9148
G01 Z20.0000
G01 X108.5470Y57.2400
G01 X107.4563Y56.2515
G01 X106.4678Y55.1608
G01 X105.5909Y53.9784
G01 X105.1532Y53.2482
G00 Z20.0000
G00 X105.5879Y53.1963
G01 Z20.0000
G01 X105.9235Y53.7562
G01 X106.7770Y54.9070
G01 X107.7392Y55.9686
G01 X108.8008Y56.9308
G01 X109.4500Y57.4123
G01 X109.4500Y56.9149
G01 X109.0545Y56.6216
G01 X108.0220Y55.6858
G01 X107.0862Y54.6532
G01 X106.2560Y53.5340
G01 X105.9571Y53.0352
G00 Z20.0000
G00 X106.2688Y52.7781
G01 Z20.0000
G01 X106.5886Y53.3117
G01 X107.3954Y54.3995
G01 X108.3048Y55.4029
G01 X109.3083Y56.3124
G01 X109.4534Y56.4201
G00 Z20.0000
G00 X109.5401Y55.9833
G01 Z20.0000
G01 X108.5877Y55.1201
G01 X107.7046Y54.1457
G01 X106.9212Y53.0895
G01 X106.5140Y52.4101
G00 Z20.0000
G00 X106.6477Y51.8561
G01 Z20.0000
G01 X107.2538Y52.8673
G01 X108.0138Y53.8920
G01 X108.8705Y54.8373
G01 X109.7285Y55.6148
G00 Z20.0000
G00 X109.5113Y48.4276
G01 Z20.0000
G01 X109.7480Y49.0890
G01 X110.1256Y49.8874
G01 X110.5797Y50.6450
G01 X111.1058Y51.3544
G01 X111.6990Y52.0088
G01 X112.3534Y52.6020
G01 X113.0628Y53.1281
G01 X113.8203Y53.5822
G01 X114.6188Y53.9598
G01 X115.4504Y54.2573
G01 X116.3071Y54.4719
G01 X117.1808Y54.6015
G01 X118.0629Y54.6449
G01 X118.9451Y54.6015
G01 X119.8187Y54.4719
G01 X120.6755Y54.2573
G01 X121.5071Y53.9598
G01 X122.3055Y53.5822
G01 X123.0630Y53.1281
G01 X123.7725Y52.6020
G01 X124.4269Y52.0088
G01 X125.0200Y51.3544
G01 X125.5461Y50.6450
G01 X126.0002Y49.8874
G01 X126.3778Y49.0890
G01 X126.6754Y48.2574
G01 X126.8900Y47.4007
G01 X127.0196Y46.5270
G01 X127.0629Y45.6449
G01 X127.0196Y44.7627
G01 X126.8900Y43.8891
G01 X126.6754Y43.0323
G01 X126.5818Y42.7708
G00 Z20.0000
G00 X126.1705Y42.8071
G01 Z20.0000
G01 X126.2926Y43.1484
G01 X126.4977Y43.9671
G01 X126.6215Y44.8019
G01 X126.6629Y45.6449
G01 X126.6215Y46.4878
G01 X126.4977Y47.3226
G01 X126.2926Y48.1413
G01 X126.0083Y48.9359
G01 X125.6474Y49.6989
G01 X125.2136Y50.4228
G01 X124.7108Y51.1006
G01 X124.1440Y51.7260
G01 X123.5187Y52.2928
G01 X122.8408Y52.7955
G01 X122.1169Y53.2294
G01 X121.3540Y53.5902
G01 X120.5594Y53.8746
G01 X119.7407Y54.0796
G01 X118.9059Y54.2035
G01 X118.0629Y54.2449
G01 X117.2200Y54.2035
G01 X116.3851Y54.0796
G01 X115.5665Y53.8746
G01 X114.7718Y53.5902
G01 X114.0089Y53.2294
G01 X113.2850Y52.7955
G01 X112.6071Y52.2928
G01 X111.9818Y51.7260
G01 X111.4150Y51.1006
G01 X110.9123Y50.4228
G01 X110.4784Y49.6989
G01 X110.1176Y48.9359
G01 X109.8332Y48.1413
G01 X109.8189Y48.0843
G00 Z20.0000
G00 X110.0478Y47.3538
G01 Z20.0000
G01 X110.2160Y48.0252
G01 X110.4871Y48.7829
G01 X110.8312Y49.5103
G01 X111.2449Y50.2005
G01 X111.7242Y50.8469
G01 X112.2646Y51.4431
G01 X112.8609Y51.9835
G01 X113.5072Y52.4629
G01 X114.1975Y52.8766
G01 X114.9249Y53.2207
G01 X115.6826Y53.4918
G01 X116.4632Y53.6873
G01 X117.2592Y53.8054
G01 X118.0629Y53.8449
G01 X118.8667Y53.8054
G01 X119.6627Y53.6873
G01 X120.4433Y53.4918
G01 X121.2009Y53.2207
G01 X121.9284Y52.8766
G01 X122.6186Y52.4629
G01 X123.2649Y51.9835
G01 X123.8612Y51.4431
G01 X124.4016Y50.8469
G01 X124.8810Y50.2005
G01 X125.2947Y49.5103
G01 X125.6387Y48.7829
G01 X125.9098Y48.0252
G01 X126.1054Y47.2446
G01 X126.2234Y46.4486
G01 X126.2629Y45.6449
G01 X126.2234Y44.8411
G01 X126.1054Y44.0451
G01 X125.9098Y43.2645
G01 X125.7137Y42.7165
G00 Z20.0000
G00 X125.1059Y42.3147
G01 Z20.0000
G01 X125.2692Y42.6599
G01 X125.5271Y43.3806
G01 X125.7130Y44.1232
G01 X125.8254Y44.8803
G01 X125.8629Y45.6449
G01 X125.8254Y46.4094
G01 X125.7130Y47.1666
G01 X125.5271Y47.9091
G01 X125.2692Y48.6298
G01 X124.9419Y49.3218
G01 X124.5484Y49.9783
G01 X124.0924Y50.5931
G01 X123.5783Y51.1603
G01 X123.0112Y51.6743
G01 X122.3964Y52.1303
G01 X121.7398Y52.5238
G01 X121.0478Y52.8511
G01 X120.3271Y53.1090
G01 X119.5846Y53.2950
G01 X118.8274Y53.4073
G01 X118.0629Y53.4449
G01 X117.2984Y53.4073
G01 X116.5412Y53.2950
G01 X115.7987Y53.1090
G01 X115.0780Y52.8511
G01 X114.3860Y52.5238
G01 X113.7295Y52.1303
G01 X113.1146Y51.6743
G01 X112.5475Y51.1603
G01 X112.0334Y50.5931
G01 X111.5775Y49.9783
G01 X111.1839Y49.3218
G01 X110.8567Y48.6298
G01 X110.5988Y47.9091
G01 X110.4128Y47.1666
G01 X110.3005Y46.4094
G01 X110.2629Y45.6449
G01 X110.3005Y44.8803
G01 X110.4128Y44.1232
G01 X110.5988Y43.3806
G01 X110.8076Y42.7970
G00 Z20.0000
G00 X110.4191Y42.6968
G01 Z20.0000
G01 X110.2160Y43.2645
G01 X110.0205Y44.0451
G01 X109.9024Y44.8411
G01 X109.8629Y45.6449
G01 X109.9024Y46.4486
G01 X109.9508Y46.7749
G00 Z20.0000
G00 X109.4880Y46.1549
G01 Z20.0000
G01 X109.4629Y45.6449
G01 X109.5043Y44.8019
G01 X109.6282Y43.9671
G01 X109.8332Y43.1484
G01 X110.0667Y42.4959
G00 Z20.0000
G00 X109.7564Y42.1829
G01 Z20.0000
G01 X109.7480Y42.2007
G01 X109.4505Y43.0323
G01 X109.2358Y43.8891
G01 X109.1063Y44.7627
G01 X109.0629Y45.6449
G01 X109.0770Y45.9320
G00 Z20.0000
G00 X108.6731Y45.8531
G01 Z20.0000
G01 X108.6629Y45.6449
G01 X108.7082Y44.7235
G01 X108.8435Y43.8110
G01 X109.0677Y42.9162
G01 X109.3784Y42.0476
G01 X109.5257Y41.7363
G00 Z20.0000
G00 X109.4500Y40.9753
G01 Z20.0000
G01 X109.4201Y41.0252
G01 X109.0089Y41.8946
G01 X108.6849Y42.8001
G01 X108.4512Y43.7330
G01 X108.3101Y44.6843
G01 X108.2629Y45.6449
G01 X108.2749Y45.8880
G00 Z20.0000
G00 X107.8824Y46.0411
G01 Z20.0000
G01 X107.8629Y45.6449
G01 X107.9120Y44.6451
G01 X108.0589Y43.6549
G01 X108.3021Y42.6840
G01 X108.6393Y41.7415
G01 X109.0673Y40.8366
G01 X109.4500Y40.1982
G00 Z20.0000
G00 X109.6953Y39.1546
G01 Z20.0000
G01 X109.2493Y39.7558
G01 X108.7146Y40.6481
G01 X108.2698Y41.5884
G01 X107.9193Y42.5678
G01 X107.6666Y43.5769
G01 X107.5140Y44.6059
G01 X107.4629Y45.6449
G01 X107.4980Y46.3586
G00 Z20.0000
G00 X111.2369Y42.7904
G01 Z20.0000
G01 X111.2262Y42.8130
G01 X110.9816Y43.4968
G01 X110.8051Y44.2012
G01 X110.6985Y44.9195
G01 X110.6629Y45.6449
G01 X110.6985Y46.3702
G01 X110.8051Y47.0885
G01 X110.9816Y47.7930
G01 X111.2262Y48.4767
G01 X111.5367Y49.1332
G01 X111.9100Y49.7561
G01 X112.3426Y50.3394
G01 X112.8303Y50.8775
G01 X113.3684Y51.3651
G01 X113.9517Y51.7977
G01 X114.5746Y52.1711
G01 X115.2311Y52.4816
G01 X115.9148Y52.7262
G01 X116.6192Y52.9027
G01 X117.3376Y53.0092
G01 X118.0629Y53.0449
G01 X118.7882Y53.0092
G01 X119.5066Y52.9027
G01 X120.2110Y52.7262
G01 X120.8948Y52.4816
G01 X121.5513Y52.1711
G01 X122.1741Y51.7977
G01 X122.7574Y51.3651
G01 X123.2955Y50.8775
G01 X123.7832Y50.3394
G01 X124.2158Y49.7561
G01 X124.5891Y49.1332
G01 X124.8996Y48.4767
G01 X125.1443Y47.7930
G01 X125.3207Y47.0885
G01 X125.4273Y46.3702
G01 X125.4629Y45.6449
G01 X125.4273Y44.9195
G01 X125.3207Y44.2012
G01 X125.1443Y43.4968
G01 X124.8996Y42.8130
G01 X124.7175Y42.4279
G00 Z20.0000
G00 X124.3810Y42.6510
G01 Z20.0000
G01 X124.5301Y42.9661
G01 X124.7615Y43.6129
G01 X124.9284Y44.2792
G01 X125.0292Y44.9587
G01 X125.0629Y45.6449
G01 X125.0292Y46.3310
G01 X124.9284Y47.0105
G01 X124.7615Y47.6769
G01 X124.5301Y48.3236
G01 X124.2364Y48.9446
G01 X123.8832Y49.5339
G01 X123.4740Y50.0856
G01 X123.0127Y50.5946
G01 X122.5037Y51.0559
G01 X121.9519Y51.4652
G01 X121.3627Y51.8183
G01 X120.7417Y52.1120
G01 X120.0949Y52.3434
G01 X119.4285Y52.5104
G01 X118.7490Y52.6112
G01 X118.0629Y52.6449
G01 X117.3768Y52.6112
G01 X116.6973Y52.5104
G01 X116.0309Y52.3434
G01 X115.3841Y52.1120
G01 X114.7631Y51.8183
G01 X114.1739Y51.4652
G01 X113.6222Y51.0559
G01 X113.1132Y50.5946
G01 X112.6518Y50.0856
G01 X112.2426Y49.5339
G01 X111.8895Y48.9446
G01 X111.5958Y48.3236
G01 X111.3643Y47.6769
G01 X111.1974Y47.0105
G01 X111.0966Y46.3310
G01 X111.0629Y45.6449
G01 X111.0966Y44.9587
G01 X111.1974Y44.2792
G01 X111.3643Y43.6129
G01 X111.5958Y42.9661
G01 X111.7659Y42.6065
G01 X112.3864Y42.2932
G01 X112.2422Y42.5336
G01 X111.9653Y43.1192
G01 X111.7471Y43.7290
G01 X111.5897Y44.3573
G01 X111.4947Y44.9980
G01 X111.4629Y45.6449
G01 X111.4947Y46.2918
G01 X111.5897Y46.9325
G01 X111.7471Y47.5607
G01 X111.9653Y48.1706
G01 X112.2422Y48.7561
G01 X112.5752Y49.3116
G01 X112.9610Y49.8319
G01 X113.3960Y50.3118
G01 X113.8759Y50.7467
G01 X114.3962Y51.1326
G01 X114.9517Y51.4655
G01 X115.5372Y51.7425
G01 X116.1470Y51.9607
G01 X116.7753Y52.1180
G01 X117.4160Y52.2131
G01 X118.0629Y52.2449
G01 X118.7098Y52.2131
G01 X119.3505Y52.1180
G01 X119.9788Y51.9607
G01 X120.5886Y51.7425
G01 X121.1741Y51.4655
G01 X121.7297Y51.1326
G01 X122.2499Y50.7467
G01 X122.7298Y50.3118
G01 X123.1648Y49.8319
G01 X123.5506Y49.3116
G01 X123.8836Y48.7561
G01 X124.1605Y48.1706
G01 X124.3787Y47.5607
G01 X124.5361Y46.9325
G01 X124.6311Y46.2918
G01 X124.6629Y45.6449
G01 X124.6311Y44.9980
G01 X124.5361Y44.3573
G01 X124.3787Y43.7290
G01 X124.1605Y43.1192
G01 X124.0004Y42.7806
G00 Z20.0000
G00 X123.5695Y42.8041
G01 Z20.0000
G01 X123.7910Y43.2722
G01 X123.9959Y43.8451
G01 X124.1438Y44.4353
G01 X124.2331Y45.0372
G01 X124.2629Y45.6449
G01 X124.2331Y46.2526
G01 X124.1438Y46.8544
G01 X123.9959Y47.4446
G01 X123.7910Y48.0175
G01 X123.5308Y48.5675
G01 X123.2180Y49.0894
G01 X122.8556Y49.5781
G01 X122.4470Y50.0289
G01 X121.9962Y50.4375
G01 X121.5075Y50.8000
G01 X120.9856Y51.1128
G01 X120.4356Y51.3729
G01 X119.8627Y51.5779
G01 X119.2725Y51.7257
G01 X118.6706Y51.8150
G01 X118.0629Y51.8449
G01 X117.4552Y51.8150
G01 X116.8534Y51.7257
G01 X116.2632Y51.5779
G01 X115.6903Y51.3729
G01 X115.1403Y51.1128
G01 X114.6184Y50.8000
G01 X114.1297Y50.4375
G01 X113.6789Y50.0289
G01 X113.2703Y49.5781
G01 X112.9078Y49.0894
G01 X112.5950Y48.5675
G01 X112.3349Y48.0175
G01 X112.1299Y47.4446
G01 X111.9820Y46.8544
G01 X111.8928Y46.2526
G01 X111.8629Y45.6449
G01 X111.8928Y45.0372
G01 X111.9820Y44.4353
G01 X112.1299Y43.8451
G01 X112.3349Y43.2722
G01 X112.5950Y42.7222
G01 X112.6934Y42.5580
G00 Z20.0000
G00 X113.0553Y42.7313
G01 Z20.0000
G01 X112.9478Y42.9108
G01 X112.7044Y43.4253
G01 X112.5127Y43.9612
G01 X112.3744Y44.5133
G01 X112.2908Y45.0764
G01 X112.2629Y45.6449
G01 X112.2908Y46.2134
G01 X112.3744Y46.7764
G01 X112.5127Y47.3285
G01 X112.7044Y47.8644
G01 X112.9478Y48.3790
G01 X113.2404Y48.8672
G01 X113.5795Y49.3243
G01 X113.9617Y49.7461
G01 X114.3834Y50.1283
G01 X114.8406Y50.4674
G01 X115.3288Y50.7600
G01 X115.8434Y51.0034
G01 X116.3793Y51.1951
G01 X116.9314Y51.3334
G01 X117.4944Y51.4169
G01 X118.0629Y51.4449
G01 X118.6314Y51.4169
G01 X119.1944Y51.3334
G01 X119.7466Y51.1951
G01 X120.2825Y51.0034
G01 X120.7970Y50.7600
G01 X121.2852Y50.4674
G01 X121.7424Y50.1283
G01 X122.1641Y49.7461
G01 X122.5464Y49.3243
G01 X122.8854Y48.8672
G01 X123.1781Y48.3790
G01 X123.4214Y47.8644
G01 X123.6132Y47.3285
G01 X123.7515Y46.7764
G01 X123.8350Y46.2134
G01 X123.8629Y45.6449
G01 X123.8350Y45.0764
G01 X123.7515Y44.5133
G01 X123.6132Y43.9612
G01 X123.4214Y43.4253
G01 X123.1781Y42.9108
G01 X123.0237Y42.6532
G00 Z20.0000
G00 X122.3018Y42.3062
G01 Z20.0000
G01 X122.5529Y42.6448
G01 X122.8253Y43.0993
G01 X123.0519Y43.5784
G01 X123.2304Y44.0773
G01 X123.3592Y44.5914
G01 X123.4369Y45.1156
G01 X123.4629Y45.6449
G01 X123.4369Y46.1742
G01 X123.3592Y46.6984
G01 X123.2304Y47.2124
G01 X123.0519Y47.7114
G01 X122.8253Y48.1904
G01 X122.5529Y48.6449
G01 X122.2372Y49.0706
G01 X121.8813Y49.4632
G01 X121.4886Y49.8191
G01 X121.0630Y50.1348
G01 X120.6085Y50.4072
G01 X120.1294Y50.6338
G01 X119.6305Y50.8123
G01 X119.1164Y50.9411
G01 X118.5922Y51.0189
G01 X118.0629Y51.0449
G01 X117.5336Y51.0189
G01 X117.0094Y50.9411
G01 X116.4954Y50.8123
G01 X115.9964Y50.6338
G01 X115.5174Y50.4072
G01 X115.0628Y50.1348
G01 X114.6372Y49.8191
G01 X114.2445Y49.4632
G01 X113.8887Y49.0706
G01 X113.5730Y48.6449
G01 X113.3005Y48.1904
G01 X113.0740Y47.7114
G01 X112.8954Y47.2124
G01 X112.7667Y46.6984
G01 X112.6889Y46.1742
G01 X112.6629Y45.6449
G01 X112.6889Y45.1156
G01 X112.7667Y44.5914
G01 X112.8954Y44.0773
G01 X113.0740Y43.5784
G01 X113.3005Y43.0993
G01 X113.4756Y42.8073
G00 Z20.0000
G00 X113.9997Y42.7401
G01 Z20.0000
G01 X113.9056Y42.8670
G01 X113.6533Y43.2879
G01 X113.4435Y43.7314
G01 X113.2782Y44.1934
G01 X113.1590Y44.6694
G01 X113.0870Y45.1548
G01 X113.0629Y45.6449
G01 X113.0870Y46.1349
G01 X113.1590Y46.6203
G01 X113.2782Y47.0963
G01 X113.4435Y47.5583
G01 X113.6533Y48.0018
G01 X113.9056Y48.4227
G01 X114.1979Y48.8168
G01 X114.5274Y49.1804
G01 X114.8909Y49.5099
G01 X115.2851Y49.8022
G01 X115.7059Y50.0545
G01 X116.1495Y50.2643
G01 X116.6115Y50.4296
G01 X117.0875Y50.5488
G01 X117.5728Y50.6208
G01 X118.0629Y50.6449
G01 X118.5530Y50.6208
G01 X119.0384Y50.5488
G01 X119.5143Y50.4296
G01 X119.9763Y50.2643
G01 X120.4199Y50.0545
G01 X120.8408Y49.8022
G01 X121.2349Y49.5099
G01 X121.5984Y49.1804
G01 X121.9280Y48.8168
G01 X122.2203Y48.4227
G01 X122.4725Y48.0018
G01 X122.6823Y47.5583
G01 X122.8476Y47.0963
G01 X122.9668Y46.6203
G01 X123.0388Y46.1349
G01 X123.0629Y45.6449
G01 X123.0388Y45.1548
G01 X122.9668Y44.6694
G01 X122.8476Y44.1934
G01 X122.6823Y43.7314
G01 X122.4725Y43.2879
G01 X122.2203Y42.8670
G01 X121.9959Y42.5645
G00 Z20.0000
G00 X121.6269Y42.7377
G01 Z20.0000
G01 X121.8877Y43.0892
G01 X122.1198Y43.4764
G01 X122.3128Y43.8845
G01 X122.4648Y44.3096
G01 X122.5745Y44.7474
G01 X122.6408Y45.1940
G01 X122.6629Y45.6449
G01 X122.6408Y46.0957
G01 X122.5745Y46.5423
G01 X122.4648Y46.9802
G01 X122.3128Y47.4052
G01 X122.1198Y47.8133
G01 X121.8877Y48.2005
G01 X121.6188Y48.5631
G01 X121.3156Y48.8976
G01 X120.9811Y49.2007
G01 X120.6185Y49.4696
G01 X120.2313Y49.7017
G01 X119.8233Y49.8947
G01 X119.3982Y50.0468
G01 X118.9603Y50.1565
G01 X118.5138Y50.2227
G01 X118.0629Y50.2449
G01 X117.6120Y50.2227
G01 X117.1655Y50.1565
G01 X116.7276Y50.0468
G01 X116.3026Y49.8947
G01 X115.8945Y49.7017
G01 X115.5073Y49.4696
G01 X115.1447Y49.2007
G01 X114.8102Y48.8976
G01 X114.5071Y48.5631
G01 X114.2382Y48.2005
G01 X114.0061Y47.8133
G01 X113.8131Y47.4052
G01 X113.6610Y46.9802
G01 X113.5513Y46.5423
G01 X113.4851Y46.0957
G01 X113.4629Y45.6449
G01 X113.4851Y45.1940
G01 X113.5513Y44.7474
G01 X113.6610Y44.3096
G01 X113.8131Y43.8845
G01 X114.0061Y43.4764
G01 X114.2382Y43.0892
G01 X114.5071Y42.7267
G01 X114.8102Y42.3922
G01 X114.9233Y42.2897
G00 Z20.0000
G00 X115.2268Y42.5538
G01 Z20.0000
G01 X115.0931Y42.6750
G01 X114.8163Y42.9804
G01 X114.5707Y43.3115
G01 X114.3588Y43.6650
G01 X114.1826Y44.0376
G01 X114.0438Y44.4257
G01 X113.9436Y44.8255
G01 X113.8831Y45.2332
G01 X113.8629Y45.6449
G01 X113.8831Y46.0565
G01 X113.9436Y46.4642
G01 X114.0438Y46.8641
G01 X114.1826Y47.2521
G01 X114.3588Y47.6247
G01 X114.5707Y47.9783
G01 X114.8163Y48.3093
G01 X115.0931Y48.6147
G01 X115.3985Y48.8915
G01 X115.7295Y49.1370
G01 X116.0830Y49.3489
G01 X116.4556Y49.5252
G01 X116.8437Y49.6640
G01 X117.2435Y49.7642
G01 X117.6512Y49.8246
G01 X118.0629Y49.8449
G01 X118.4746Y49.8246
G01 X118.8823Y49.7642
G01 X119.2821Y49.6640
G01 X119.6702Y49.5252
G01 X120.0428Y49.3489
G01 X120.3963Y49.1370
G01 X120.7274Y48.8915
G01 X121.0328Y48.6147
G01 X121.3096Y48.3093
G01 X121.5551Y47.9783
G01 X121.7670Y47.6247
G01 X121.9432Y47.2521
G01 X122.0821Y46.8641
G01 X122.1822Y46.4642
G01 X122.2427Y46.0565
G01 X122.2629Y45.6449
G01 X122.2427Y45.2332
G01 X122.1822Y44.8255
G01 X122.0821Y44.4257
G01 X121.9432Y44.0376
G01 X121.7670Y43.6650
G01 X121.5551Y43.3115
G01 X121.3096Y42.9804
G01 X121.1551Y42.8099
G00 Z20.0000
G00 X119.7976Y42.2668
G01 Z20.0000
G01 X119.8542Y42.2936
G01 X120.1741Y42.4853
G01 X120.4736Y42.7074
G01 X120.7499Y42.9579
G01 X121.0004Y43.2342
G01 X121.2225Y43.5337
G01 X121.4142Y43.8536
G01 X121.5737Y44.1907
G01 X121.6993Y44.5418
G01 X121.7899Y44.9035
G01 X121.8446Y45.2724
G01 X121.8629Y45.6449
G01 X121.8446Y46.0173
G01 X121.7899Y46.3862
G01 X121.6993Y46.7479
G01 X121.5737Y47.0991
G01 X121.4142Y47.4362
G01 X121.2225Y47.7560
G01 X121.0004Y48.0556
G01 X120.7499Y48.3319
G01 X120.4736Y48.5823
G01 X120.1741Y48.8044
G01 X119.8542Y48.9962
G01 X119.5171Y49.1556
G01 X119.1660Y49.2812
G01 X118.8043Y49.3718
G01 X118.4354Y49.4266
G01 X118.0629Y49.4449
G01 X117.6905Y49.4266
G01 X117.3216Y49.3718
G01 X116.9598Y49.2812
G01 X116.6087Y49.1556
G01 X116.2716Y48.9962
G01 X115.9517Y48.8044
G01 X115.6522Y48.5823
G01 X115.3759Y48.3319
G01 X115.1255Y48.0556
G01 X114.9033Y47.7560
G01 X114.7116Y47.4362
G01 X114.5522Y47.0991
G01 X114.4265Y46.7479
G01 X114.3359Y46.3862
G01 X114.2812Y46.0173
G01 X114.2629Y45.6449
G01 X114.2812Y45.2724
G01 X114.3359Y44.9035
G01 X114.4265Y44.5418
G01 X114.5522Y44.1907
G01 X114.7116Y43.8536
G01 X114.9033Y43.5337
G01 X115.1255Y43.2342
G01 X115.3759Y42.9579
G01 X115.6173Y42.7391
G00 Z20.0000
G00 X116.1958Y42.8048
G01 Z20.0000
G01 X116.1740Y42.8179
G01 X115.9060Y43.0166
G01 X115.6588Y43.2407
G01 X115.4347Y43.4879
G01 X115.2359Y43.7559
G01 X115.0644Y44.0421
G01 X114.9217Y44.3437
G01 X114.8093Y44.6579
G01 X114.7282Y44.9816
G01 X114.6793Y45.3116
G01 X114.6629Y45.6449
G01 X114.6793Y45.9781
G01 X114.7282Y46.3082
G01 X114.8093Y46.6318
G01 X114.9217Y46.9460
G01 X115.0644Y47.2476
G01 X115.2359Y47.5338
G01 X115.4347Y47.8018
G01 X115.6588Y48.0490
G01 X115.9060Y48.2731
G01 X116.1740Y48.4719
G01 X116.4602Y48.6434
G01 X116.7618Y48.7861
G01 X117.0759Y48.8985
G01 X117.3996Y48.9795
G01 X117.7297Y49.0285
G01 X118.0629Y49.0449
G01 X118.3962Y49.0285
G01 X118.7262Y48.9795
G01 X119.0499Y48.8985
G01 X119.3640Y48.7861
G01 X119.6657Y48.6434
G01 X119.9519Y48.4719
G01 X120.2199Y48.2731
G01 X120.4671Y48.0490
G01 X120.6912Y47.8018
G01 X120.8899Y47.5338
G01 X121.0614Y47.2476
G01 X121.2041Y46.9460
G01 X121.3165Y46.6318
G01 X121.3976Y46.3082
G01 X121.4465Y45.9781
G01 X121.4629Y45.6449
G01 X121.4465Y45.3116
G01 X121.3976Y44.9816
G01 X121.3165Y44.6579
G01 X121.2041Y44.3437
G01 X121.0614Y44.0421
G01 X120.8899Y43.7559
G01 X120.6912Y43.4879
G01 X120.4671Y43.2407
G01 X120.2199Y43.0166
G01 X119.9519Y42.8179
G01 X119.6657Y42.6463
G01 X119.4719Y42.5547
G00 Z20.0000
G00 X118.9400Y42.7763
G01 Z20.0000
G01 X119.2110Y42.8732
G01 X119.4771Y42.9991
G01 X119.7296Y43.1505
G01 X119.9661Y43.3258
G01 X120.1842Y43.5235
G01 X120.3819Y43.7417
G01 X120.5573Y43.9782
G01 X120.7087Y44.2307
G01 X120.8346Y44.4968
G01 X120.9337Y44.7740
G01 X121.0053Y45.0596
G01 X121.0485Y45.3508
G01 X121.0629Y45.6449
G01 X121.0485Y45.9389
G01 X121.0053Y46.2301
G01 X120.9337Y46.5157
G01 X120.8346Y46.7929
G01 X120.7087Y47.0591
G01 X120.5573Y47.3116
G01 X120.3819Y47.5480
G01 X120.1842Y47.7662
G01 X119.9661Y47.9639
G01 X119.7296Y48.1393
G01 X119.4771Y48.2906
G01 X119.2110Y48.4165
G01 X118.9338Y48.5157
G01 X118.6482Y48.5872
G01 X118.3570Y48.6304
G01 X118.0629Y48.6449
G01 X117.7689Y48.6304
G01 X117.4776Y48.5872
G01 X117.1921Y48.5157
G01 X116.9149Y48.4165
G01 X116.6487Y48.2906
G01 X116.3962Y48.1393
G01 X116.1597Y47.9639
G01 X115.9416Y47.7662
G01 X115.7439Y47.5480
G01 X115.5685Y47.3116
G01 X115.4172Y47.0591
G01 X115.2913Y46.7929
G01 X115.1921Y46.5157
G01 X115.1206Y46.2301
G01 X115.0774Y45.9389
G01 X115.0629Y45.6449
G01 X115.0774Y45.3508
G01 X115.1206Y45.0596
G01 X115.1921Y44.7740
G01 X115.2913Y44.4968
G01 X115.4172Y44.2307
G01 X115.5685Y43.9782
G01 X115.7439Y43.7417
G01 X115.9416Y43.5235
G01 X116.1597Y43.3258
G01 X116.3962Y43.1505
G01 X116.6487Y42.9991
G01 X116.9149Y42.8732
G01 X117.1921Y42.7740
G01 X117.4776Y42.7025
G01 X117.7689Y42.6593
G01 X117.9389Y42.6510
G00 Z20.0000
G00 X117.4721Y42.2994
G01 Z20.0000
G01 X117.3996Y42.3102
G01 X117.1615Y42.3698
G00 Z20.0000
G00 X117.3391Y39.0881
G01 Z20.0000
G01 X117.3636Y39.0844
G00 Z20.0000
G00 X116.9890Y38.7361
G01 Z20.0000
G01 X117.3768Y38.6786
G01 X117.8331Y38.6562
G01 X116.3249Y38.4608
G01 X116.6192Y38.3871
G01 X117.3376Y38.2805
G01 X118.0629Y38.2449
G01 X118.7882Y38.2805
G01 X119.5066Y38.3871
G01 X120.2110Y38.5635
G01 X120.4093Y38.6345
G00 Z20.0000
G00 X120.0305Y38.9302
G01 Z20.0000
G01 X119.6520Y38.8353
G00 Z20.0000
G00 X121.0602Y38.4444
G01 Z20.0000
G01 X121.0478Y38.4386
G01 X120.3271Y38.1807
G01 X119.5846Y37.9947
G01 X118.8274Y37.8824
G01 X118.0629Y37.8449
G01 X117.2984Y37.8824
G01 X116.5412Y37.9947
G01 X115.7987Y38.1807
G01 X115.0780Y38.4386
G01 X114.4490Y38.7361
G00 Z20.0000
G00 X114.7576Y39.0321
G01 Z20.0000
G01 X114.9336Y38.9488
G00 Z20.0000
G00 X114.0226Y38.5179
G01 Z20.0000
G01 X114.1975Y38.4131
G01 X114.9249Y38.0691
G01 X115.6826Y37.7980
G01 X116.4632Y37.6024
G01 X117.2592Y37.4843
G01 X118.0629Y37.4449
G01 X118.8667Y37.4843
G01 X119.6627Y37.6024
G01 X120.4433Y37.7980
G01 X121.2009Y38.0691
G01 X121.9284Y38.4131
G01 X122.6186Y38.8268
G01 X122.6509Y38.8508
G00 Z20.0000
G00 X122.9965Y38.6097
G01 Z20.0000
G01 X122.8408Y38.4942
G01 X122.1169Y38.0603
G01 X121.3540Y37.6995
G01 X120.5594Y37.4152
G01 X119.7407Y37.2101
G01 X118.9059Y37.0863
G01 X118.0629Y37.0449
G01 X117.2200Y37.0863
G01 X116.3851Y37.2101
G01 X115.5665Y37.4152
G01 X114.7718Y37.6995
G01 X114.0089Y38.0603
G01 X113.3559Y38.4518
G00 Z20.0000
G00 X112.1098Y38.9085
G01 Z20.0000
G01 X112.3534Y38.6878
G01 X113.0628Y38.1616
G01 X113.8203Y37.7076
G01 X114.6188Y37.3299
G01 X115.4504Y37.0324
G01 X116.3071Y36.8178
G01 X117.1808Y36.6882
G01 X118.0629Y36.6449
G01 X118.9451Y36.6882
G01 X119.8187Y36.8178
G01 X120.6755Y37.0324
G01 X121.3224Y37.2639
G00 Z20.0000
G00 X120.9770Y36.7160
G01 Z20.0000
G01 X120.7916Y36.6496
G01 X119.8968Y36.4255
G01 X118.9843Y36.2901
G01 X118.0629Y36.2449
G01 X117.1416Y36.2901
G01 X116.2291Y36.4255
G01 X115.3342Y36.6496
G01 X114.4657Y36.9604
G01 X113.6318Y37.3548
G01 X112.8406Y37.8290
G01 X112.0996Y38.3786
G01 X111.7908Y38.6585
G00 Z20.0000
G00 X111.3825Y38.4893
G01 Z20.0000
G01 X111.8459Y38.0694
G01 X112.6183Y37.4965
G01 X113.4432Y37.0020
G01 X114.3126Y36.5908
G01 X115.2181Y36.2668
G01 X116.1510Y36.0332
G01 X117.1023Y35.8921
G01 X118.0629Y35.8449
G01 X119.0235Y35.8921
G01 X119.9748Y36.0332
G01 X120.8835Y36.2608
G00 Z20.0000
G00 X120.8800Y35.8480
G01 Z20.0000
G01 X120.0528Y35.6409
G01 X119.0627Y35.4940
G01 X118.0629Y35.4449
G01 X117.0631Y35.4940
G01 X116.0730Y35.6409
G01 X115.1020Y35.8841
G01 X114.1595Y36.2213
G01 X113.2547Y36.6493
G01 X112.3961Y37.1639
G01 X111.5921Y37.7602
G01 X110.8504Y38.4324
G01 X110.8354Y38.4490
G00 Z20.0000
G00 X110.9804Y38.4405
G01 Z20.0000
G01 X111.0196Y38.4405
G01 X111.1470Y38.4470
G01 X111.1714Y38.4499
G01 X111.2830Y38.4664
G01 X111.3215Y38.4741
G01 X111.4310Y38.5015
G01 X111.4546Y38.5082
G01 X111.5748Y38.5509
G01 X111.6111Y38.5659
G01 X111.7263Y38.6208
G01 X111.7477Y38.6327
G01 X111.8445Y38.6907
G01 X111.8652Y38.7040
G01 X111.9678Y38.7798
G01 X111.9982Y38.8047
G01 X112.0854Y38.8838
G01 X112.1096Y38.9082
G01 X112.1950Y39.0029
G01 X112.2102Y39.0222
G01 X112.2700Y39.1027
G01 X112.3298Y39.0222
G01 X112.3450Y39.0029
G01 X112.4304Y38.9082
G01 X112.4546Y38.8838
G01 X112.5418Y38.8047
G01 X112.5722Y38.7798
G01 X112.6748Y38.7040
G01 X112.6955Y38.6907
G01 X112.7923Y38.6327
G01 X112.8137Y38.6208
G01 X112.9289Y38.5659
G01 X112.9652Y38.5509
G01 X113.0854Y38.5082
G01 X113.1090Y38.5015
G01 X113.2185Y38.4741
G01 X113.2570Y38.4664
G01 X113.3832Y38.4480
G01 X113.4077Y38.4460
G01 X113.5351Y38.4401
G01 X113.5596Y38.4405
G01 X113.6723Y38.4460
G01 X113.6968Y38.4480
G01 X113.8230Y38.4664
G01 X113.8615Y38.4741
G01 X113.9710Y38.5015
G01 X113.9946Y38.5082
G01 X114.1148Y38.5509
G01 X114.1511Y38.5659
G01 X114.2663Y38.6208
G01 X114.2877Y38.6327
G01 X114.3845Y38.6907
G01 X114.4052Y38.7040
G01 X114.5078Y38.7798
G01 X114.5382Y38.8047
G01 X114.6254Y38.8838
G01 X114.6496Y38.9082
G01 X114.7350Y39.0029
G01 X114.7502Y39.0222
G01 X114.8100Y39.1027
G01 X114.8698Y39.0222
G01 X114.8850Y39.0029
G01 X114.9704Y38.9082
G01 X114.9946Y38.8838
G01 X115.0818Y38.8047
G01 X115.1122Y38.7798
G01 X115.2148Y38.7040
G01 X115.2355Y38.6907
G01 X115.3323Y38.6327
G01 X115.3537Y38.6208
G01 X115.4689Y38.5659
G01 X115.4914Y38.5562
G01 X115.6114Y38.5129
G01 X115.6490Y38.5015
G01 X115.7728Y38.4708
G01 X115.7970Y38.4664
G01 X115.9086Y38.4499
G01 X115.9477Y38.4460
G01 X116.0751Y38.4401
G01 X116.0996Y38.4405
G01 X116.2123Y38.4460
G01 X116.2368Y38.4480
G01 X116.3630Y38.4664
G01 X116.4015Y38.4741
G01 X116.5110Y38.5015
G01 X116.5346Y38.5082
G01 X116.6548Y38.5509
G01 X116.6911Y38.5659
G01 X116.8063Y38.6208
G01 X116.8277Y38.6327
G01 X116.9245Y38.6907
G01 X116.9452Y38.7040
G01 X117.0478Y38.7798
G01 X117.0782Y38.8047
G01 X117.1654Y38.8838
G01 X117.1896Y38.9082
G01 X117.2750Y39.0029
G01 X117.2902Y39.0222
G01 X117.3500Y39.1027
G01 X117.4098Y39.0222
G01 X117.4250Y39.0029
G01 X117.5104Y38.9082
G01 X117.5346Y38.8838
G01 X117.6218Y38.8047
G01 X117.6522Y38.7798
G01 X117.7548Y38.7040
G01 X117.7755Y38.6907
G01 X117.8723Y38.6327
G01 X117.8937Y38.6208
G01 X118.0089Y38.5659
G01 X118.0314Y38.5562
G01 X118.1514Y38.5129
G01 X118.1890Y38.5015
G01 X118.3128Y38.4708
G01 X118.3370Y38.4664
G01 X118.4486Y38.4499
G01 X118.4877Y38.4460
G01 X118.6151Y38.4401
G01 X118.6396Y38.4405
G01 X118.7523Y38.4460
G01 X118.7768Y38.4480
G01 X118.9030Y38.4664
G01 X118.9415Y38.4741
G01 X119.0510Y38.5015
G01 X119.0746Y38.5082
G01 X119.1948Y38.5509
G01 X119.2311Y38.5659
G01 X119.3463Y38.6208
G01 X119.3677Y38.6327
G01 X119.4645Y38.6907
G01 X119.4852Y38.7040
G01 X119.5878Y38.7798
G01 X119.6182Y38.8047
G01 X119.7054Y38.8838
G01 X119.7296Y38.9082
G01 X119.8150Y39.0029
G01 X119.8302Y39.0222
G01 X119.8900Y39.1027
G01 X119.9498Y39.0222
G01 X119.9650Y39.0029
G01 X120.0504Y38.9082
G01 X120.0746Y38.8838
G01 X120.1618Y38.8047
G01 X120.1922Y38.7798
G01 X120.2948Y38.7040
G01 X120.3155Y38.6907
G01 X120.4123Y38.6327
G01 X120.4337Y38.6208
G01 X120.5489Y38.5659
G01 X120.5714Y38.5562
G01 X120.6914Y38.5129
G01 X120.7290Y38.5015
G01 X120.8528Y38.4708
G01 X120.8770Y38.4664
G01 X120.9886Y38.4499
G01 X121.0277Y38.4460
G01 X121.1453Y38.4403
G01 X121.1796Y38.4405
G01 X121.2923Y38.4460
G01 X121.3168Y38.4480
G01 X121.4430Y38.4664
G01 X121.4815Y38.4741
G01 X121.6052Y38.5054
G01 X121.6286Y38.5129
G01 X121.7348Y38.5509
G01 X121.7711Y38.5659
G01 X121.8863Y38.6208
G01 X121.9077Y38.6327
G01 X122.0045Y38.6907
G01 X122.0252Y38.7040
G01 X122.1278Y38.7798
G01 X122.1582Y38.8047
G01 X122.2454Y38.8838
G01 X122.2696Y38.9082
G01 X122.3550Y39.0029
G01 X122.3702Y39.0222
G01 X122.4300Y39.1027
G01 X122.4898Y39.0222
G01 X122.5050Y39.0029
G01 X122.5904Y38.9082
G01 X122.6146Y38.8838
G01 X122.7018Y38.8047
G01 X122.7322Y38.7798
G01 X122.8348Y38.7040
G01 X122.8555Y38.6907
G01 X122.9523Y38.6327
G01 X122.9737Y38.6208
G01 X123.0889Y38.5659
G01 X123.1114Y38.5562
G01 X123.2314Y38.5129
G01 X123.2690Y38.5015
G01 X123.3928Y38.4708
G01 X123.4170Y38.4664
G01 X123.5286Y38.4499
G01 X123.5677Y38.4460
G01 X123.6853Y38.4403
G01 X123.7196Y38.4405
G01 X123.8323Y38.4460
G01 X123.8568Y38.4480
G01 X123.9830Y38.4664
G01 X124.0215Y38.4741
G01 X124.1310Y38.5015
G01 X124.1546Y38.5082
G01 X124.2748Y38.5509
G01 X124.3111Y38.5659
G01 X124.4263Y38.6208
G01 X124.4477Y38.6327
G01 X124.5445Y38.6907
G01 X124.5652Y38.7040
G01 X124.6678Y38.7798
G01 X124.6982Y38.8047
G01 X124.7854Y38.8838
G01 X124.8096Y38.9082
G01 X124.8950Y39.0029
G01 X124.9102Y39.0222
G01 X124.9700Y39.1027
G01 X125.0298Y39.0222
G01 X125.0450Y39.0029
G01 X125.1304Y38.9082
G01 X125.1546Y38.8838
G01 X125.2418Y38.8047
G01 X125.2722Y38.7798
G01 X125.3748Y38.7040
G01 X125.3955Y38.6907
G01 X125.4923Y38.6327
G01 X125.5137Y38.6208
G01 X125.6289Y38.5659
G01 X125.6514Y38.5562
G01 X125.7714Y38.5129
G01 X125.8090Y38.5015
G01 X125.9328Y38.4708
G01 X125.9570Y38.4664
G01 X126.0686Y38.4499
G01 X126.1077Y38.4460
G01 X126.2253Y38.4403
G01 X126.2596Y38.4405
G01 X126.3723Y38.4460
G01 X126.3968Y38.4480
G01 X126.5230Y38.4664
G01 X126.5615Y38.4741
G01 X126.6710Y38.5015
G01 X126.6946Y38.5082
G01 X126.8148Y38.5509
G01 X126.8511Y38.5659
G01 X126.9663Y38.6208
G01 X126.9877Y38.6327
G01 X127.0845Y38.6907
G01 X127.1052Y38.7040
G01 X127.2078Y38.7798
G01 X127.2382Y38.8047
G01 X127.3254Y38.8838
G01 X127.3496Y38.9082
G01 X127.4350Y39.0029
G01 X127.4502Y39.0222
G01 X127.5100Y39.1027
G01 X127.5698Y39.0222
G01 X127.5850Y39.0029
G01 X127.6704Y38.9082
G01 X127.6946Y38.8838
G01 X127.7818Y38.8047
G01 X127.8122Y38.7798
G01 X127.9148Y38.7040
G01 X127.9355Y38.6907
G01 X128.0323Y38.6327
G01 X128.0537Y38.6208
G01 X128.1689Y38.5659
G01 X128.1914Y38.5562
G01 X128.3114Y38.5129
G01 X128.3490Y38.5015
G01 X128.4728Y38.4708
G01 X128.4970Y38.4664
G01 X128.6086Y38.4499
G01 X128.6428Y38.4463
G01 X128.7604Y38.4405
G01 X128.7996Y38.4405
G01 X128.9270Y38.4470
G01 X128.9514Y38.4499
G01 X129.0630Y38.4664
G01 X129.1015Y38.4741
G01 X129.2252Y38.5054
G01 X129.2486Y38.5129
G01 X129.3548Y38.5509
G01 X129.3911Y38.5659
G01 X129.5063Y38.6208
G01 X129.5277Y38.6327
G01 X129.6245Y38.6907
G01 X129.6452Y38.7040
G01 X129.7478Y38.7798
G01 X129.7782Y38.8047
G01 X129.8654Y38.8838
G01 X129.8896Y38.9082
G01 X129.9750Y39.0029
G01 X129.9902Y39.0222
G01 X130.0500Y39.1027
G01 X130.1098Y39.0222
G01 X130.1250Y39.0029
G01 X130.2104Y38.9082
G01 X130.2346Y38.8838
G01 X130.3218Y38.8047
G01 X130.3522Y38.7798
G01 X130.4548Y38.7040
G01 X130.4755Y38.6907
G01 X130.5723Y38.6327
G01 X130.5937Y38.6208
G01 X130.7089Y38.5659
G01 X130.7314Y38.5562
G01 X130.8514Y38.5129
G01 X130.8890Y38.5015
G01 X131.0128Y38.4708
G01 X131.0370Y38.4664
G01 X131.1486Y38.4499
G01 X131.1828Y38.4463
G01 X131.3004Y38.4405
G01 X131.3396Y38.4405
G01 X131.4670Y38.4470
G01 X131.4914Y38.4499
G01 X131.6030Y38.4664
G01 X131.6415Y38.4741
G01 X131.7652Y38.5054
G01 X131.7886Y38.5129
G01 X131.8948Y38.5509
G01 X131.9311Y38.5659
G01 X132.0463Y38.6208
G01 X132.0677Y38.6327
G01 X132.1645Y38.6907
G01 X132.1852Y38.7040
G01 X132.2878Y38.7798
G01 X132.3182Y38.8047
G01 X132.4054Y38.8838
G01 X132.4296Y38.9082
G01 X132.5150Y39.0029
G01 X132.5302Y39.0222
G01 X132.5900Y39.1027
G01 X132.6498Y39.0222
G01 X132.6650Y39.0029
G01 X132.7504Y38.9082
G01 X132.7746Y38.8838
G01 X132.8618Y38.8047
G01 X132.8922Y38.7798
G01 X132.9948Y38.7040
G01 X133.0155Y38.6907
G01 X133.1165Y38.6302
G01 X133.1469Y38.6142
G01 X133.2623Y38.5599
G01 X133.2852Y38.5509
G01 X133.3914Y38.5129
G01 X133.4148Y38.5054
G01 X133.5385Y38.4741
G01 X133.5624Y38.4689
G01 X133.6886Y38.4499
G01 X133.7277Y38.4460
G01 X133.8404Y38.4405
G01 X133.8649Y38.4401
G01 X133.9923Y38.4460
G01 X134.0314Y38.4499
G01 X134.1479Y38.4672
G01 X134.1815Y38.4741
G01 X134.2910Y38.5015
G01 X134.3146Y38.5082
G01 X134.4348Y38.5509
G01 X134.4711Y38.5659
G01 X134.5863Y38.6208
G01 X134.6077Y38.6327
G01 X134.7045Y38.6907
G01 X134.7372Y38.7125
G01 X134.8395Y38.7888
G01 X134.8582Y38.8047
G01 X134.9418Y38.8804
G01 X134.9696Y38.9082
G01 X135.0550Y39.0029
G01 X135.0702Y39.0222
G01 X135.1300Y39.1027
G01 X135.1898Y39.0222
G01 X135.2050Y39.0029
G01 X135.2904Y38.9082
G01 X135.3146Y38.8838
G01 X135.4018Y38.8047
G01 X135.4322Y38.7798
G01 X135.5348Y38.7040
G01 X135.5555Y38.6907
G01 X135.6565Y38.6302
G01 X135.6869Y38.6142
G01 X135.8023Y38.5599
G01 X135.8252Y38.5509
G01 X135.9314Y38.5129
G01 X135.9548Y38.5054
G01 X136.0785Y38.4741
G01 X136.1024Y38.4689
G01 X136.2286Y38.4499
G01 X136.2628Y38.4463
G01 X136.3804Y38.4405
G01 X136.4196Y38.4405
G01 X136.5470Y38.4470
G01 X136.5714Y38.4499
G01 X136.6830Y38.4664
G01 X136.7215Y38.4741
G01 X136.8452Y38.5054
G01 X136.8686Y38.5129
G01 X136.9748Y38.5509
G01 X137.0111Y38.5659
G01 X137.1263Y38.6208
G01 X137.1477Y38.6327
G01 X137.2445Y38.6907
G01 X137.2772Y38.7125
G01 X137.3795Y38.7888
G01 X137.3982Y38.8047
G01 X137.4818Y38.8804
G01 X137.5096Y38.9082
G01 X137.5950Y39.0029
G01 X137.6102Y39.0222
G01 X137.6700Y39.1027
G01 X137.7298Y39.0222
G01 X137.7450Y39.0029
G01 X137.8304Y38.9082
G01 X137.8546Y38.8838
G01 X137.9418Y38.8047
G01 X137.9722Y38.7798
G01 X138.0748Y38.7040
G01 X138.0955Y38.6907
G01 X138.1923Y38.6327
G01 X138.2269Y38.6142
G01 X138.3423Y38.5599
G01 X138.3652Y38.5509
G01 X138.4854Y38.5082
G01 X138.5090Y38.5015
G01 X138.6328Y38.4708
G01 X138.6570Y38.4664
G01 X138.7832Y38.4480
G01 X138.8077Y38.4460
G01 X138.9204Y38.4405
G01 X138.9596Y38.4405
G01 X139.0870Y38.4470
G01 X139.1114Y38.4499
G01 X139.2230Y38.4664
G01 X139.2615Y38.4741
G01 X139.3852Y38.5054
G01 X139.4086Y38.5129
G01 X139.5148Y38.5509
G01 X139.5511Y38.5659
G01 X139.6663Y38.6208
G01 X139.6877Y38.6327
G01 X139.7845Y38.6907
G01 X139.8172Y38.7125
G01 X139.9195Y38.7888
G01 X139.9382Y38.8047
G01 X140.0218Y38.8804
G01 X140.0496Y38.9082
G01 X140.1350Y39.0029
G01 X140.1502Y39.0222
G01 X140.2100Y39.1027
G01 X140.2698Y39.0222
G01 X140.2850Y39.0029
G01 X140.3704Y38.9082
G01 X140.3982Y38.8804
G01 X140.4818Y38.8047
G01 X140.5005Y38.7888
G01 X140.6148Y38.7040
G01 X140.6355Y38.6907
G01 X140.7323Y38.6327
G01 X140.7669Y38.6142
G01 X140.8689Y38.5659
G01 X140.8914Y38.5562
G01 X141.0114Y38.5129
G01 X141.0490Y38.5015
G01 X141.1585Y38.4741
G01 X141.1824Y38.4689
G01 X141.3232Y38.4480
G01 X141.3477Y38.4460
G01 X141.4604Y38.4405
G01 X141.4996Y38.4405
G01 X141.6123Y38.4460
G01 X141.6368Y38.4480
G01 X141.7679Y38.4672
G01 X141.8015Y38.4741
G01 X141.9252Y38.5054
G01 X141.9486Y38.5129
G01 X142.0686Y38.5562
G01 X142.0911Y38.5659
G01 X142.2063Y38.6208
G01 X142.2277Y38.6327
G01 X142.3370Y38.6985
G01 X142.3572Y38.7125
G01 X142.4595Y38.7888
G01 X142.4782Y38.8047
G01 X142.5725Y38.8906
G01 X142.5896Y38.9082
G01 X142.6750Y39.0029
G01 X142.6902Y39.0222
G01 X142.7500Y39.1027
G01 X142.8098Y39.0222
G01 X142.8250Y39.0029
G01 X142.9104Y38.9082
G01 X142.9382Y38.8804
G01 X143.0218Y38.8047
G01 X143.0405Y38.7888
G01 X143.1428Y38.7125
G01 X143.1755Y38.6907
G01 X143.2850Y38.6254
G01 X143.3069Y38.6142
G01 X143.4089Y38.5659
G01 X143.4452Y38.5509
G01 X143.5654Y38.5082
G01 X143.5890Y38.5015
G01 X143.6985Y38.4741
G01 X143.7370Y38.4664
G01 X143.8486Y38.4499
G01 X143.8730Y38.4470
G01 X144.0004Y38.4405
G01 X144.0396Y38.4405
G01 X144.1670Y38.4470
G01 X144.1914Y38.4499
G01 X144.3030Y38.4664
G01 X144.3415Y38.4741
G01 X144.4510Y38.5015
G01 X144.4746Y38.5082
G01 X144.5948Y38.5509
G01 X144.6311Y38.5659
G01 X144.7331Y38.6142
G01 X144.7550Y38.6254
G01 X144.8645Y38.6907
G01 X144.8972Y38.7125
G01 X144.9995Y38.7888
G01 X145.0182Y38.8047
G01 X145.1018Y38.8804
G01 X145.1296Y38.9082
G01 X145.2150Y39.0029
G01 X145.2302Y39.0222
G01 X145.2975Y39.1128
G01 X145.3193Y39.1455
G01 X145.3773Y39.2423
G01 X145.3892Y39.2637
G01 X145.4441Y39.3789
G01 X145.4591Y39.4152
G01 X145.4987Y39.5261
G01 X145.5085Y39.5590
G01 X145.5359Y39.6685
G01 X145.5411Y39.6924
G01 X145.5601Y39.8186
G01 X145.5640Y39.8577
G01 X145.5700Y39.9900
G01 X145.5700Y41.2600
G01 X145.5630Y41.4070
G01 X145.5601Y41.4314
G01 X145.5411Y41.5576
G01 X145.5359Y41.5815
G01 X145.5046Y41.7052
G01 X145.4971Y41.7286
G01 X145.4538Y41.8486
G01 X145.4441Y41.8711
G01 X145.3958Y41.9731
G01 X145.3773Y42.0077
G01 X145.3115Y42.1170
G01 X145.2975Y42.1372
G01 X145.2302Y42.2278
G01 X145.2086Y42.2545
G01 X145.1296Y42.3418
G01 X145.1018Y42.3696
G01 X145.0182Y42.4453
G01 X144.9995Y42.4612
G01 X144.8972Y42.5375
G01 X144.8770Y42.5515
G01 X144.7550Y42.6246
G01 X144.7331Y42.6358
G01 X144.6177Y42.6901
G01 X144.5948Y42.6991
G01 X144.4746Y42.7418
G01 X144.4510Y42.7485
G01 X144.3272Y42.7792
G01 X144.3030Y42.7836
G01 X144.1768Y42.8020
G01 X144.1523Y42.8040
G01 X144.0396Y42.8095
G01 X144.0004Y42.8095
G01 X143.8730Y42.8030
G01 X143.8486Y42.8001
G01 X143.7370Y42.7836
G01 X143.6985Y42.7759
G01 X143.5748Y42.7446
G01 X143.5514Y42.7371
G01 X143.4452Y42.6991
G01 X143.4089Y42.6841
G01 X143.2937Y42.6292
G01 X143.2723Y42.6173
G01 X143.1755Y42.5593
G01 X143.1548Y42.5460
G01 X143.0522Y42.4702
G01 X143.0218Y42.4453
G01 X142.9346Y42.3662
G01 X142.9104Y42.3418
G01 X142.8250Y42.2471
G01 X142.8098Y42.2278
G01 X142.7500Y42.1473
G01 X142.6902Y42.2278
G01 X142.6750Y42.2471
G01 X142.5896Y42.3418
G01 X142.5654Y42.3662
G01 X142.4782Y42.4453
G01 X142.4478Y42.4702
G01 X142.3452Y42.5460
G01 X142.3245Y42.5593
G01 X142.2277Y42.6173
G01 X142.2063Y42.6292
G01 X142.0911Y42.6841
G01 X142.0548Y42.6991
G01 X141.9346Y42.7418
G01 X141.9110Y42.7485
G01 X141.8015Y42.7759
G01 X141.7630Y42.7836
G01 X141.6368Y42.8020
G01 X141.6123Y42.8040
G01 X141.4849Y42.8099
G01 X141.4604Y42.8095
G01 X141.3477Y42.8040
G01 X141.3232Y42.8020
G01 X141.1970Y42.7836
G01 X141.1585Y42.7759
G01 X141.0490Y42.7485
G01 X141.0254Y42.7418
G01 X140.9052Y42.6991
G01 X140.8689Y42.6841
G01 X140.7537Y42.6292
G01 X140.7323Y42.6173
G01 X140.6355Y42.5593
G01 X140.6148Y42.5460
G01 X140.5122Y42.4702
G01 X140.4818Y42.4453
G01 X140.3946Y42.3662
G01 X140.3704Y42.3418
G01 X140.2850Y42.2471
G01 X140.2698Y42.2278
G01 X140.2100Y42.1473
G01 X140.1502Y42.2278
G01 X140.1350Y42.2471
G01 X140.0496Y42.3418
G01 X140.0254Y42.3662
G01 X139.9382Y42.4453
G01 X139.9078Y42.4702
G01 X139.8052Y42.5460
G01 X139.7845Y42.5593
G01 X139.6877Y42.6173
G01 X139.6663Y42.6292
G01 X139.5511Y42.6841
G01 X139.5148Y42.6991
G01 X139.4086Y42.7371
G01 X139.3852Y42.7446
G01 X139.2615Y42.7759
G01 X139.2230Y42.7836
G01 X139.0968Y42.8020
G01 X139.0723Y42.8040
G01 X138.9449Y42.8099
G01 X138.9204Y42.8095
G01 X138.8077Y42.8040
G01 X138.7832Y42.8020
G01 X138.6570Y42.7836
G01 X138.6185Y42.7759
G01 X138.5090Y42.7485
G01 X138.4854Y42.7418
G01 X138.3652Y42.6991
G01 X138.3289Y42.6841
G01 X138.2137Y42.6292
G01 X138.1923Y42.6173
G01 X138.0955Y42.5593
G01 X138.0748Y42.5460
G01 X137.9722Y42.4702
G01 X137.9418Y42.4453
G01 X137.8546Y42.3662
G01 X137.8304Y42.3418
G01 X137.7450Y42.2471
G01 X137.7298Y42.2278
G01 X137.6700Y42.1473
G01 X137.6102Y42.2278
G01 X137.5950Y42.2471
G01 X137.5096Y42.3418
G01 X137.4854Y42.3662
G01 X137.3982Y42.4453
G01 X137.3678Y42.4702
G01 X137.2652Y42.5460
G01 X137.2445Y42.5593
G01 X137.1477Y42.6173
G01 X137.1263Y42.6292
G01 X137.0111Y42.6841
G01 X136.9886Y42.6938
G01 X136.8686Y42.7371
G01 X136.8310Y42.7485
G01 X136.7215Y42.7759
G01 X136.6976Y42.7811
G01 X136.5714Y42.8001
G01 X136.5323Y42.8040
G01 X136.4049Y42.8099
G01 X136.3804Y42.8095
G01 X136.2677Y42.8040
G01 X136.2432Y42.8020
G01 X136.1170Y42.7836
G01 X136.0785Y42.7759
G01 X135.9548Y42.7446
G01 X135.9314Y42.7371
G01 X135.8252Y42.6991
G01 X135.7889Y42.6841
G01 X135.6737Y42.6292
G01 X135.6523Y42.6173
G01 X135.5555Y42.5593
G01 X135.5348Y42.5460
G01 X135.4322Y42.4702
G01 X135.4018Y42.4453
G01 X135.3146Y42.3662
G01 X135.2904Y42.3418
G01 X135.2050Y42.2471
G01 X135.1898Y42.2278
G01 X135.1300Y42.1473
G01 X135.0702Y42.2278
G01 X135.0550Y42.2471
G01 X134.9696Y42.3418
G01 X134.9454Y42.3662
G01 X134.8582Y42.4453
G01 X134.8278Y42.4702
G01 X134.7252Y42.5460
G01 X134.7045Y42.5593
G01 X134.6077Y42.6173
G01 X134.5863Y42.6292
G01 X134.4711Y42.6841
G01 X134.4486Y42.6938
G01 X134.3286Y42.7371
G01 X134.2910Y42.7485
G01 X134.1672Y42.7792
G01 X134.1430Y42.7836
G01 X134.0314Y42.8001
G01 X133.9923Y42.8040
G01 X133.8747Y42.8097
G01 X133.8404Y42.8095
G01 X133.7277Y42.8040
G01 X133.7032Y42.8020
G01 X133.5770Y42.7836
G01 X133.5385Y42.7759
G01 X133.4148Y42.7446
G01 X133.3914Y42.7371
G01 X133.2852Y42.6991
G01 X133.2489Y42.6841
G01 X133.1337Y42.6292
G01 X133.1123Y42.6173
G01 X133.0155Y42.5593
G01 X132.9948Y42.5460
G01 X132.8922Y42.4702
G01 X132.8618Y42.4453
G01 X132.7746Y42.3662
G01 X132.7504Y42.3418
G01 X132.6650Y42.2471
G01 X132.6498Y42.2278
G01 X132.5900Y42.1473
G01 X132.5302Y42.2278
G01 X132.5150Y42.2471
G01 X132.4296Y42.3418
G01 X132.4054Y42.3662
G01 X132.3182Y42.4453
G01 X132.2878Y42.4702
G01 X132.1852Y42.5460
G01 X132.1645Y42.5593
G01 X132.0677Y42.6173
G01 X132.0463Y42.6292
G01 X131.9311Y42.6841
G01 X131.9086Y42.6938
G01 X131.7886Y42.7371
G01 X131.7510Y42.7485
G01 X131.6272Y42.7792
G01 X131.6030Y42.7836
G01 X131.4914Y42.8001
G01 X131.4523Y42.8040
G01 X131.3347Y42.8097
G01 X131.3004Y42.8095
G01 X131.1877Y42.8040
G01 X131.1632Y42.8020
G01 X131.0370Y42.7836
G01 X130.9985Y42.7759
G01 X130.8890Y42.7485
G01 X130.8654Y42.7418
G01 X130.7452Y42.6991
G01 X130.7089Y42.6841
G01 X130.5937Y42.6292
G01 X130.5723Y42.6173
G01 X130.4755Y42.5593
G01 X130.4548Y42.5460
G01 X130.3522Y42.4702
G01 X130.3218Y42.4453
G01 X130.2346Y42.3662
G01 X130.2104Y42.3418
G01 X130.1250Y42.2471
G01 X130.1098Y42.2278
G01 X130.0500Y42.1473
G01 X129.9902Y42.2278
G01 X129.9750Y42.2471
G01 X129.8896Y42.3418
G01 X129.8654Y42.3662
G01 X129.7782Y42.4453
G01 X129.7478Y42.4702
G01 X129.6452Y42.5460
G01 X129.6245Y42.5593
G01 X129.5277Y42.6173
G01 X129.5063Y42.6292
G01 X129.3911Y42.6841
G01 X129.3686Y42.6938
G01 X129.2486Y42.7371
G01 X129.2110Y42.7485
G01 X129.0872Y42.7792
G01 X129.0630Y42.7836
G01 X128.9514Y42.8001
G01 X128.9123Y42.8040
G01 X128.7947Y42.8097
G01 X128.7604Y42.8095
G01 X128.6477Y42.8040
G01 X128.6232Y42.8020
G01 X128.4970Y42.7836
G01 X128.4585Y42.7759
G01 X128.3348Y42.7446
G01 X128.3114Y42.7371
G01 X128.2052Y42.6991
G01 X128.1689Y42.6841
G01 X128.0537Y42.6292
G01 X128.0323Y42.6173
G01 X127.9355Y42.5593
G01 X127.9148Y42.5460
G01 X127.8122Y42.4702
G01 X127.7818Y42.4453
G01 X127.6946Y42.3662
G01 X127.6704Y42.3418
G01 X127.5850Y42.2471
G01 X127.5698Y42.2278
G01 X127.5100Y42.1473
G01 X127.4502Y42.2278
G01 X127.4350Y42.2471
G01 X127.3496Y42.3418
G01 X127.3254Y42.3662
G01 X127.2382Y42.4453
G01 X127.2078Y42.4702
G01 X127.1052Y42.5460
G01 X127.0845Y42.5593
G01 X126.9877Y42.6173
G01 X126.9663Y42.6292
G01 X126.8511Y42.6841
G01 X126.8286Y42.6938
G01 X126.7086Y42.7371
G01 X126.6710Y42.7485
G01 X126.5568Y42.7770
G01 X126.5230Y42.7836
G01 X126.4114Y42.8001
G01 X126.3870Y42.8030
G01 X126.2596Y42.8095
G01 X126.2204Y42.8095
G01 X126.0930Y42.8030
G01 X126.0686Y42.8001
G01 X125.9570Y42.7836
G01 X125.9185Y42.7759
G01 X125.7948Y42.7446
G01 X125.7714Y42.7371
G01 X125.6652Y42.6991
G01 X125.6289Y42.6841
G01 X125.5137Y42.6292
G01 X125.4923Y42.6173
G01 X125.3955Y42.5593
G01 X125.3748Y42.5460
G01 X125.2722Y42.4702
G01 X125.2418Y42.4453
G01 X125.1546Y42.3662
G01 X125.1304Y42.3418
G01 X125.0450Y42.2471
G01 X125.0298Y42.2278
G01 X124.9700Y42.1473
G01 X124.9102Y42.2278
G01 X124.8950Y42.2471
G01 X124.8096Y42.3418
G01 X124.7854Y42.3662
G01 X124.6982Y42.4453
G01 X124.6678Y42.4702
G01 X124.5652Y42.5460
G01 X124.5445Y42.5593
G01 X124.4477Y42.6173
G01 X124.4263Y42.6292
G01 X124.3111Y42.6841
G01 X124.2886Y42.6938
G01 X124.1686Y42.7371
G01 X124.1310Y42.7485
G01 X124.0072Y42.7792
G01 X123.9830Y42.7836
G01 X123.8714Y42.8001
G01 X123.8372Y42.8037
G01 X123.7196Y42.8095
G01 X123.6804Y42.8095
G01 X123.5530Y42.8030
G01 X123.5286Y42.8001
G01 X123.4170Y42.7836
G01 X123.3785Y42.7759
G01 X123.2690Y42.7485
G01 X123.2454Y42.7418
G01 X123.1252Y42.6991
G01 X123.0889Y42.6841
G01 X122.9737Y42.6292
G01 X122.9523Y42.6173
G01 X122.8555Y42.5593
G01 X122.8348Y42.5460
G01 X122.7322Y42.4702
G01 X122.7018Y42.4453
G01 X122.6146Y42.3662
G01 X122.5904Y42.3418
G01 X122.5050Y42.2471
G01 X122.4898Y42.2278
G01 X122.4300Y42.1473
G01 X122.3702Y42.2278
G01 X122.3550Y42.2471
G01 X122.2696Y42.3418
G01 X122.2454Y42.3662
G01 X122.1582Y42.4453
G01 X122.1278Y42.4702
G01 X122.0252Y42.5460
G01 X122.0045Y42.5593
G01 X121.9035Y42.6198
G01 X121.8731Y42.6358
G01 X121.7577Y42.6901
G01 X121.7348Y42.6991
G01 X121.6286Y42.7371
G01 X121.6052Y42.7446
G01 X121.4815Y42.7759
G01 X121.4576Y42.7811
G01 X121.3314Y42.8001
G01 X121.2923Y42.8040
G01 X121.1796Y42.8095
G01 X121.1551Y42.8099
G01 X121.0277Y42.8040
G01 X120.9886Y42.8001
G01 X120.8721Y42.7828
G01 X120.8385Y42.7759
G01 X120.7290Y42.7485
G01 X120.7054Y42.7418
G01 X120.5852Y42.6991
G01 X120.5489Y42.6841
G01 X120.4337Y42.6292
G01 X120.4123Y42.6173
G01 X120.3155Y42.5593
G01 X120.2828Y42.5375
G01 X120.1805Y42.4612
G01 X120.1618Y42.4453
G01 X120.0782Y42.3696
G01 X120.0504Y42.3418
G01 X119.9650Y42.2471
G01 X119.9498Y42.2278
G01 X119.8900Y42.1473
G01 X119.8302Y42.2278
G01 X119.8150Y42.2471
G01 X119.7296Y42.3418
G01 X119.7054Y42.3662
G01 X119.6182Y42.4453
G01 X119.5878Y42.4702
G01 X119.4852Y42.5460
G01 X119.4645Y42.5593
G01 X119.3635Y42.6198
G01 X119.3331Y42.6358
G01 X119.2177Y42.6901
G01 X119.1948Y42.6991
G01 X119.0886Y42.7371
G01 X119.0652Y42.7446
G01 X118.9415Y42.7759
G01 X118.9176Y42.7811
G01 X118.7914Y42.8001
G01 X118.7572Y42.8037
G01 X118.6396Y42.8095
G01 X118.6004Y42.8095
G01 X118.4730Y42.8030
G01 X118.4486Y42.8001
G01 X118.3370Y42.7836
G01 X118.2985Y42.7759
G01 X118.1748Y42.7446
G01 X118.1514Y42.7371
G01 X118.0452Y42.6991
G01 X118.0089Y42.6841
G01 X117.8937Y42.6292
G01 X117.8723Y42.6173
G01 X117.7755Y42.5593
G01 X117.7428Y42.5375
G01 X117.6405Y42.4612
G01 X117.6218Y42.4453
G01 X117.5382Y42.3696
G01 X117.5104Y42.3418
G01 X117.4250Y42.2471
G01 X117.4098Y42.2278
G01 X117.3500Y42.1473
G01 X117.2902Y42.2278
G01 X117.2750Y42.2471
G01 X117.1896Y42.3418
G01 X117.1654Y42.3662
G01 X117.0782Y42.4453
G01 X117.0478Y42.4702
G01 X116.9452Y42.5460
G01 X116.9245Y42.5593
G01 X116.8277Y42.6173
G01 X116.7931Y42.6358
G01 X116.6777Y42.6901
G01 X116.6548Y42.6991
G01 X116.5346Y42.7418
G01 X116.5110Y42.7485
G01 X116.3872Y42.7792
G01 X116.3630Y42.7836
G01 X116.2368Y42.8020
G01 X116.2123Y42.8040
G01 X116.0996Y42.8095
G01 X116.0604Y42.8095
G01 X115.9330Y42.8030
G01 X115.9086Y42.8001
G01 X115.7970Y42.7836
G01 X115.7585Y42.7759
G01 X115.6490Y42.7485
G01 X115.6254Y42.7418
G01 X115.5052Y42.6991
G01 X115.4689Y42.6841
G01 X115.3537Y42.6292
G01 X115.3323Y42.6173
G01 X115.2355Y42.5593
G01 X115.2028Y42.5375
G01 X115.1005Y42.4612
G01 X115.0818Y42.4453
G01 X114.9982Y42.3696
G01 X114.9704Y42.3418
G01 X114.8850Y42.2471
G01 X114.8698Y42.2278
G01 X114.8100Y42.1473
G01 X114.7502Y42.2278
G01 X114.7350Y42.2471
G01 X114.6496Y42.3418
G01 X114.6218Y42.3696
G01 X114.5382Y42.4453
G01 X114.5195Y42.4612
G01 X114.4052Y42.5460
G01 X114.3845Y42.5593
G01 X114.2877Y42.6173
G01 X114.2531Y42.6358
G01 X114.1511Y42.6841
G01 X114.1286Y42.6938
G01 X114.0086Y42.7371
G01 X113.9710Y42.7485
G01 X113.8615Y42.7759
G01 X113.8376Y42.7811
G01 X113.6968Y42.8020
G01 X113.6723Y42.8040
G01 X113.5596Y42.8095
G01 X113.5204Y42.8095
G01 X113.4077Y42.8040
G01 X113.3832Y42.8020
G01 X113.2521Y42.7828
G01 X113.2185Y42.7759
G01 X113.0948Y42.7446
G01 X113.0714Y42.7371
G01 X112.9514Y42.6938
G01 X112.9289Y42.6841
G01 X112.8137Y42.6292
G01 X112.7923Y42.6173
G01 X112.6830Y42.5515
G01 X112.6628Y42.5375
G01 X112.5605Y42.4612
G01 X112.5418Y42.4453
G01 X112.4475Y42.3594
G01 X112.4304Y42.3418
G01 X112.3450Y42.2471
G01 X112.3298Y42.2278
G01 X112.2700Y42.1473
G01 X112.2102Y42.2278
G01 X112.1950Y42.2471
G01 X112.1096Y42.3418
G01 X112.0818Y42.3696
G01 X111.9982Y42.4453
G01 X111.9795Y42.4612
G01 X111.8772Y42.5375
G01 X111.8445Y42.5593
G01 X111.7477Y42.6173
G01 X111.7263Y42.6292
G01 X111.6111Y42.6841
G01 X111.5748Y42.6991
G01 X111.4546Y42.7418
G01 X111.4310Y42.7485
G01 X111.3215Y42.7759
G01 X111.2830Y42.7836
G01 X111.1714Y42.8001
G01 X111.1470Y42.8030
G01 X111.0196Y42.8095
G01 X110.9804Y42.8095
G01 X110.8530Y42.8030
G01 X110.8286Y42.8001
G01 X110.7170Y42.7836
G01 X110.6785Y42.7759
G01 X110.5690Y42.7485
G01 X110.5454Y42.7418
G01 X110.4252Y42.6991
G01 X110.3889Y42.6841
G01 X110.2737Y42.6292
G01 X110.2523Y42.6173
G01 X110.1555Y42.5593
G01 X110.1348Y42.5460
G01 X110.0322Y42.4702
G01 X110.0018Y42.4453
G01 X109.9182Y42.3696
G01 X109.9006Y42.3525
G01 X109.8147Y42.2582
G01 X109.7898Y42.2278
G01 X109.7140Y42.1252
G01 X109.7007Y42.1045
G01 X109.6427Y42.0077
G01 X109.6263Y41.9775
G01 X109.5759Y41.8711
G01 X109.5662Y41.8486
G01 X109.5229Y41.7286
G01 X109.5154Y41.7052
G01 X109.4841Y41.5815
G01 X109.4789Y41.5576
G01 X109.4599Y41.4314
G01 X109.4570Y41.4070
G01 X109.4500Y41.2600
G01 X109.4502Y39.9777
G01 X109.4560Y39.8577
G01 X109.4580Y39.8332
G01 X109.4764Y39.7070
G01 X109.4808Y39.6828
G01 X109.5115Y39.5590
G01 X109.5182Y39.5354
G01 X109.5609Y39.4152
G01 X109.5699Y39.3923
G01 X109.6308Y39.2637
G01 X109.6427Y39.2423
G01 X109.7085Y39.1330
G01 X109.7225Y39.1128
G01 X109.7988Y39.0105
G01 X109.8147Y38.9918
G01 X109.9006Y38.8975
G01 X109.9182Y38.8804
G01 X110.0129Y38.7950
G01 X110.0322Y38.7798
G01 X110.1348Y38.7040
G01 X110.1555Y38.6907
G01 X110.2650Y38.6254
G01 X110.2869Y38.6142
G01 X110.4023Y38.5599
G01 X110.4252Y38.5509
G01 X110.5454Y38.5082
G01 X110.5690Y38.5015
G01 X110.6928Y38.4708
G01 X110.7170Y38.4664
G01 X110.8432Y38.4480
G01 X110.8677Y38.4460
G01 X110.9804Y38.4405
G00 Z20.0000
G00 X109.8218Y38.9840
G01 Z20.0000
G01 X109.8690Y38.9203
G01 X110.5676Y38.1495
G01 X111.3383Y37.4510
G01 X112.1739Y36.8313
G01 X113.0661Y36.2965
G01 X114.0065Y35.8517
G01 X114.9859Y35.5013
G01 X115.9950Y35.2485
G01 X117.0239Y35.0959
G01 X118.0629Y35.0449
G01 X119.1019Y35.0959
G01 X120.1309Y35.2485
G01 X120.8800Y35.4362
G00 Z20.0000
G00 X122.4104Y33.3605
G01 Z20.0000
G01 X122.4496Y33.3605
G01 X122.5770Y33.3670
G01 X122.6014Y33.3699
G01 X122.7130Y33.3864
G01 X122.7515Y33.3941
G01 X122.8610Y33.4215
G01 X122.8846Y33.4282
G01 X123.0048Y33.4709
G01 X123.0411Y33.4859
G01 X123.1563Y33.5408
G01 X123.1777Y33.5527
G01 X123.2745Y33.6107
G01 X123.2952Y33.6240
G01 X123.3978Y33.6998
G01 X123.4282Y33.7247
G01 X123.5154Y33.8038
G01 X123.5396Y33.8282
G01 X123.6250Y33.9229
G01 X123.6402Y33.9422
G01 X123.7000Y34.0227
G01 X123.7598Y33.9422
G01 X123.7750Y33.9229
G01 X123.8604Y33.8282
G01 X123.8846Y33.8038
G01 X123.9718Y33.7247
G01 X124.0022Y33.6998
G01 X124.1048Y33.6240
G01 X124.1255Y33.6107
G01 X124.2265Y33.5502
G01 X124.2569Y33.5342
G01 X124.3723Y33.4799
G01 X124.3952Y33.4709
G01 X124.5154Y33.4282
G01 X124.5390Y33.4215
G01 X124.6485Y33.3941
G01 X124.6724Y33.3889
G01 X124.7986Y33.3699
G01 X124.8328Y33.3663
G01 X124.9504Y33.3605
G01 X124.9896Y33.3605
G01 X125.1170Y33.3670
G01 X125.1414Y33.3699
G01 X125.2530Y33.3864
G01 X125.2915Y33.3941
G01 X125.4152Y33.4254
G01 X125.4386Y33.4329
G01 X125.5448Y33.4709
G01 X125.5811Y33.4859
G01 X125.6963Y33.5408
G01 X125.7177Y33.5527
G01 X125.8145Y33.6107
G01 X125.8472Y33.6325
G01 X125.9495Y33.7088
G01 X125.9682Y33.7247
G01 X126.0518Y33.8004
G01 X126.0796Y33.8282
G01 X126.1650Y33.9229
G01 X126.1802Y33.9422
G01 X126.2400Y34.0227
G01 X126.2998Y33.9422
G01 X126.3150Y33.9229
G01 X126.4004Y33.8282
G01 X126.4246Y33.8038
G01 X126.5118Y33.7247
G01 X126.5422Y33.6998
G01 X126.6448Y33.6240
G01 X126.6655Y33.6107
G01 X126.7623Y33.5527
G01 X126.7969Y33.5342
G01 X126.9123Y33.4799
G01 X126.9352Y33.4709
G01 X127.0554Y33.4282
G01 X127.0790Y33.4215
G01 X127.2028Y33.3908
G01 X127.2270Y33.3864
G01 X127.3386Y33.3699
G01 X127.3630Y33.3670
G01 X127.4904Y33.3605
G01 X127.5296Y33.3605
G01 X127.6570Y33.3670
G01 X127.6814Y33.3699
G01 X127.7930Y33.3864
G01 X127.8315Y33.3941
G01 X127.9410Y33.4215
G01 X127.9646Y33.4282
G01 X128.0848Y33.4709
G01 X128.1211Y33.4859
G01 X128.2363Y33.5408
G01 X128.2577Y33.5527
G01 X128.3545Y33.6107
G01 X128.3872Y33.6325
G01 X128.4895Y33.7088
G01 X128.5082Y33.7247
G01 X128.5918Y33.8004
G01 X128.6196Y33.8282
G01 X128.7050Y33.9229
G01 X128.7202Y33.9422
G01 X128.7800Y34.0227
G01 X128.8398Y33.9422
G01 X128.8550Y33.9229
G01 X128.9404Y33.8282
G01 X128.9646Y33.8038
G01 X129.0518Y33.7247
G01 X129.0822Y33.6998
G01 X129.1848Y33.6240
G01 X129.2055Y33.6107
G01 X129.3023Y33.5527
G01 X129.3369Y33.5342
G01 X129.4523Y33.4799
G01 X129.4752Y33.4709
G01 X129.5954Y33.4282
G01 X129.6190Y33.4215
G01 X129.7428Y33.3908
G01 X129.7670Y33.3864
G01 X129.8786Y33.3699
G01 X129.9177Y33.3660
G01 X130.0304Y33.3605
G01 X130.0549Y33.3601
G01 X130.1823Y33.3660
G01 X130.2214Y33.3699
G01 X130.3330Y33.3864
G01 X130.3572Y33.3908
G01 X130.4810Y33.4215
G01 X130.5186Y33.4329
G01 X130.6248Y33.4709
G01 X130.6566Y33.4839
G01 X130.7763Y33.5408
G01 X130.7977Y33.5527
G01 X130.8945Y33.6107
G01 X130.9272Y33.6325
G01 X131.0295Y33.7088
G01 X131.0482Y33.7247
G01 X131.1318Y33.8004
G01 X131.1596Y33.8282
G01 X131.2450Y33.9229
G01 X131.2602Y33.9422
G01 X131.3200Y34.0227
G01 X131.3798Y33.9422
G01 X131.3950Y33.9229
G01 X131.4804Y33.8282
G01 X131.4975Y33.8106
G01 X131.6029Y33.7150
G01 X131.6222Y33.6998
G01 X131.7128Y33.6325
G01 X131.7455Y33.6107
G01 X131.8423Y33.5527
G01 X131.8725Y33.5363
G01 X131.9923Y33.4799
G01 X132.0152Y33.4709
G01 X132.1214Y33.4329
G01 X132.1590Y33.4215
G01 X132.2732Y33.3930
G01 X132.3070Y33.3864
G01 X132.4186Y33.3699
G01 X132.4430Y33.3670
G01 X132.5851Y33.3601
G01 X132.6096Y33.3605
G01 X132.7223Y33.3660
G01 X132.7614Y33.3699
G01 X132.8730Y33.3864
G01 X132.8972Y33.3908
G01 X133.0352Y33.4254
G01 X133.0586Y33.4329
G01 X133.1648Y33.4709
G01 X133.1877Y33.4799
G01 X133.3031Y33.5342
G01 X133.3377Y33.5527
G01 X133.4470Y33.6185
G01 X133.4672Y33.6325
G01 X133.5578Y33.6998
G01 X133.5882Y33.7247
G01 X133.6825Y33.8106
G01 X133.6996Y33.8282
G01 X133.7753Y33.9118
G01 X133.7912Y33.9305
G01 X133.8675Y34.0328
G01 X133.8893Y34.0655
G01 X133.9473Y34.1623
G01 X133.9592Y34.1837
G01 X134.0141Y34.2989
G01 X134.0291Y34.3352
G01 X134.0718Y34.4554
G01 X134.0785Y34.4790
G01 X134.1059Y34.5885
G01 X134.1136Y34.6270
G01 X134.1301Y34.7386
G01 X134.1330Y34.7630
G01 X134.1400Y34.9100
G01 X134.1396Y36.1972
G01 X134.1330Y36.3270
G01 X134.1301Y36.3514
G01 X134.1136Y36.4630
G01 X134.1059Y36.5015
G01 X134.0746Y36.6252
G01 X134.0671Y36.6486
G01 X134.0291Y36.7548
G01 X134.0141Y36.7911
G01 X133.9658Y36.8931
G01 X133.9546Y36.9150
G01 X133.8893Y37.0245
G01 X133.8760Y37.0452
G01 X133.7912Y37.1595
G01 X133.7753Y37.1782
G01 X133.6996Y37.2618
G01 X133.6718Y37.2896
G01 X133.5882Y37.3653
G01 X133.5695Y37.3812
G01 X133.4552Y37.4660
G01 X133.4345Y37.4793
G01 X133.3377Y37.5373
G01 X133.3031Y37.5558
G01 X133.2011Y37.6041
G01 X133.1786Y37.6138
G01 X133.0446Y37.6618
G01 X133.0210Y37.6685
G01 X132.9115Y37.6959
G01 X132.8730Y37.7036
G01 X132.7614Y37.7201
G01 X132.7370Y37.7230
G01 X132.6096Y37.7295
G01 X132.5704Y37.7295
G01 X132.4430Y37.7230
G01 X132.4186Y37.7201
G01 X132.3070Y37.7036
G01 X132.2685Y37.6959
G01 X132.1448Y37.6646
G01 X132.1214Y37.6571
G01 X132.0152Y37.6191
G01 X131.9789Y37.6041
G01 X131.8637Y37.5492
G01 X131.8423Y37.5373
G01 X131.7455Y37.4793
G01 X131.7128Y37.4575
G01 X131.6105Y37.3812
G01 X131.5918Y37.3653
G01 X131.5082Y37.2896
G01 X131.4804Y37.2618
G01 X131.3950Y37.1671
G01 X131.3798Y37.1478
G01 X131.3200Y37.0673
G01 X131.2602Y37.1478
G01 X131.2450Y37.1671
G01 X131.1596Y37.2618
G01 X131.1354Y37.2862
G01 X131.0482Y37.3653
G01 X131.0178Y37.3902
G01 X130.9152Y37.4660
G01 X130.8945Y37.4793
G01 X130.7935Y37.5398
G01 X130.7631Y37.5558
G01 X130.6477Y37.6101
G01 X130.6248Y37.6191
G01 X130.5046Y37.6618
G01 X130.4810Y37.6685
G01 X130.3715Y37.6959
G01 X130.3476Y37.7011
G01 X130.2214Y37.7201
G01 X130.1872Y37.7237
G01 X130.0696Y37.7295
G01 X130.0304Y37.7295
G01 X129.9030Y37.7230
G01 X129.8786Y37.7201
G01 X129.7670Y37.7036
G01 X129.7285Y37.6959
G01 X129.6048Y37.6646
G01 X129.5814Y37.6571
G01 X129.4752Y37.6191
G01 X129.4389Y37.6041
G01 X129.3237Y37.5492
G01 X129.3023Y37.5373
G01 X129.2055Y37.4793
G01 X129.1728Y37.4575
G01 X129.0705Y37.3812
G01 X129.0518Y37.3653
G01 X128.9682Y37.2896
G01 X128.9404Y37.2618
G01 X128.8550Y37.1671
G01 X128.8398Y37.1478
G01 X128.7800Y37.0673
G01 X128.7202Y37.1478
G01 X128.7050Y37.1671
G01 X128.6196Y37.2618
G01 X128.5954Y37.2862
G01 X128.5082Y37.3653
G01 X128.4778Y37.3902
G01 X128.3752Y37.4660
G01 X128.3545Y37.4793
G01 X128.2577Y37.5373
G01 X128.2231Y37.5558
G01 X128.1077Y37.6101
G01 X128.0848Y37.6191
G01 X127.9646Y37.6618
G01 X127.9410Y37.6685
G01 X127.8172Y37.6992
G01 X127.7930Y37.7036
G01 X127.6814Y37.7201
G01 X127.6570Y37.7230
G01 X127.5296Y37.7295
G01 X127.4904Y37.7295
G01 X127.3630Y37.7230
G01 X127.3386Y37.7201
G01 X127.2270Y37.7036
G01 X127.1885Y37.6959
G01 X127.0790Y37.6685
G01 X127.0554Y37.6618
G01 X126.9352Y37.6191
G01 X126.8989Y37.6041
G01 X126.7969Y37.5558
G01 X126.7750Y37.5446
G01 X126.6655Y37.4793
G01 X126.6328Y37.4575
G01 X126.5305Y37.3812
G01 X126.5118Y37.3653
G01 X126.4282Y37.2896
G01 X126.4004Y37.2618
G01 X126.3150Y37.1671
G01 X126.2998Y37.1478
G01 X126.2400Y37.0673
G01 X126.1802Y37.1478
G01 X126.1650Y37.1671
G01 X126.0796Y37.2618
G01 X126.0554Y37.2862
G01 X125.9682Y37.3653
G01 X125.9378Y37.3902
G01 X125.8352Y37.4660
G01 X125.8145Y37.4793
G01 X125.7177Y37.5373
G01 X125.6831Y37.5558
G01 X125.5677Y37.6101
G01 X125.5448Y37.6191
G01 X125.4246Y37.6618
G01 X125.4010Y37.6685
G01 X125.2772Y37.6992
G01 X125.2530Y37.7036
G01 X125.1414Y37.7201
G01 X125.1023Y37.7240
G01 X124.9896Y37.7295
G01 X124.9651Y37.7299
G01 X124.8377Y37.7240
G01 X124.7986Y37.7201
G01 X124.6870Y37.7036
G01 X124.6628Y37.6992
G01 X124.5390Y37.6685
G01 X124.5014Y37.6571
G01 X124.3952Y37.6191
G01 X124.3634Y37.6061
G01 X124.2437Y37.5492
G01 X124.2223Y37.5373
G01 X124.1255Y37.4793
G01 X124.0928Y37.4575
G01 X123.9905Y37.3812
G01 X123.9718Y37.3653
G01 X123.8882Y37.2896
G01 X123.8604Y37.2618
G01 X123.7750Y37.1671
G01 X123.7598Y37.1478
G01 X123.7000Y37.0673
G01 X123.6402Y37.1478
G01 X123.6250Y37.1671
G01 X123.5396Y37.2618
G01 X123.5225Y37.2794
G01 X123.4171Y37.3750
G01 X123.3978Y37.3902
G01 X123.3072Y37.4575
G01 X123.2745Y37.4793
G01 X123.1777Y37.5373
G01 X123.1475Y37.5537
G01 X123.0277Y37.6101
G01 X123.0048Y37.6191
G01 X122.8986Y37.6571
G01 X122.8610Y37.6685
G01 X122.7468Y37.6970
G01 X122.7130Y37.7036
G01 X122.6014Y37.7201
G01 X122.5770Y37.7230
G01 X122.4349Y37.7299
G01 X122.4104Y37.7295
G01 X122.2977Y37.7240
G01 X122.2586Y37.7201
G01 X122.1470Y37.7036
G01 X122.1228Y37.6992
G01 X121.9848Y37.6646
G01 X121.9614Y37.6571
G01 X121.8552Y37.6191
G01 X121.8323Y37.6101
G01 X121.7169Y37.5558
G01 X121.6823Y37.5373
G01 X121.5813Y37.4767
G01 X121.5528Y37.4575
G01 X121.4622Y37.3902
G01 X121.4429Y37.3750
G01 X121.3482Y37.2896
G01 X121.3204Y37.2618
G01 X121.2350Y37.1671
G01 X121.2198Y37.1478
G01 X121.1440Y37.0452
G01 X121.1307Y37.0245
G01 X121.0727Y36.9277
G01 X121.0608Y36.9063
G01 X121.0059Y36.7911
G01 X120.9926Y36.7594
G01 X120.9482Y36.6346
G01 X120.9415Y36.6110
G01 X120.9141Y36.5015
G01 X120.9064Y36.4630
G01 X120.8892Y36.3465
G01 X120.8860Y36.3123
G01 X120.8800Y36.1800
G01 X120.8800Y34.9100
G01 X120.8860Y34.7777
G01 X120.8880Y34.7532
G01 X120.9064Y34.6270
G01 X120.9108Y34.6028
G01 X120.9454Y34.4648
G01 X120.9529Y34.4414
G01 X120.9962Y34.3214
G01 X121.0059Y34.2989
G01 X121.0542Y34.1969
G01 X121.0702Y34.1665
G01 X121.1307Y34.0655
G01 X121.1525Y34.0328
G01 X121.2198Y33.9422
G01 X121.2350Y33.9229
G01 X121.3204Y33.8282
G01 X121.3482Y33.8004
G01 X121.4318Y33.7247
G01 X121.4505Y33.7088
G01 X121.5528Y33.6325
G01 X121.5730Y33.6185
G01 X121.6823Y33.5527
G01 X121.7037Y33.5408
G01 X121.8323Y33.4799
G01 X121.8552Y33.4709
G01 X121.9754Y33.4282
G01 X121.9990Y33.4215
G01 X122.1228Y33.3908
G01 X122.1470Y33.3864
G01 X122.2732Y33.3680
G01 X122.2977Y33.3660
G01 X122.4104Y33.3605
G00 Z20.0000
G00 X123.6595Y37.1218
G01 Z20.0000
G01 X123.7297Y37.1639
G01 X123.8577Y37.2588
G00 Z20.0000
G00 X124.2605Y37.5575
G01 Z20.0000
G01 X124.5337Y37.7602
G01 X125.2754Y38.4324
G01 X125.4694Y38.6464
G00 Z20.0000
G00 X125.1496Y38.8885
G01 Z20.0000
G01 X124.9926Y38.7152
G01 X124.2800Y38.0694
G01 X123.5075Y37.4965
G01 X123.3676Y37.4126
G00 Z20.0000
G00 X122.9611Y37.6347
G01 Z20.0000
G01 X123.2853Y37.8290
G01 X124.0262Y38.3786
G01 X124.1782Y38.5164
G00 Z20.0000
G00 X123.4645Y38.4594
G01 Z20.0000
G01 X123.0630Y38.1616
G01 X122.3360Y37.7259
G00 Z20.0000
G00 X125.0894Y37.7246
G01 Z20.0000
G01 X125.5582Y38.1495
G01 X125.8646Y38.4876
G00 Z20.0000
G00 X126.3659Y38.4457
G01 Z20.0000
G01 X125.8411Y37.8667
G01 X125.5610Y37.6128
G00 Z20.0000
G00 X125.9227Y37.4015
G01 Z20.0000
G01 X126.1239Y37.5838
G01 X126.8752Y38.4128
G01 X127.0788Y38.6873
G01 X127.7109Y38.8689
G01 X127.1844Y38.1590
G01 X126.4068Y37.3010
G01 X126.2034Y37.1166
G00 Z20.0000
G00 X127.3239Y37.7179
G01 Z20.0000
G01 X127.4936Y37.9053
G01 X128.0329Y38.6323
G00 Z20.0000
G00 X128.4200Y38.4837
G01 Z20.0000
G01 X127.8351Y37.6950
G00 Z20.0000
G00 X128.2276Y37.5536
G01 Z20.0000
G01 X128.8720Y38.4225
G01 X128.8854Y38.4447
G00 Z20.0000
G00 X129.4368Y38.5875
G01 Z20.0000
G01 X129.2046Y38.2002
G01 X128.5544Y37.3235
G01 X129.1247Y37.4218
G01 X129.5372Y37.9780
G01 X130.1408Y38.9850
G00 Z20.0000
G00 X130.4431Y38.7123
G01 Z20.0000
G01 X129.8698Y37.7558
G01 X129.8390Y37.7143
G00 Z20.0000
G00 X130.3066Y37.7075
G01 Z20.0000
G01 X130.8003Y38.5312
G00 Z20.0000
G00 X131.2143Y38.4447
G01 Z20.0000
G01 X130.6995Y37.5859
G00 Z20.0000
G00 X131.0383Y37.3739
G01 Z20.0000
G01 X131.6445Y38.3854
G01 X131.6925Y38.4868
G00 Z20.0000
G00 X132.2650Y38.7628
G01 Z20.0000
G01 X131.9973Y38.1968
G01 X131.3213Y37.0691
G00 Z20.0000
G00 X132.1439Y37.6644
G01 Z20.0000
G01 X132.3500Y38.0082
G01 X132.7674Y38.8907
G00 Z20.0000
G00 X133.0928Y38.6443
G01 Z20.0000
G01 X132.7028Y37.8197
G01 X132.6476Y37.7277
G00 Z20.0000
G00 X133.0665Y37.6543
G01 Z20.0000
G01 X133.4632Y38.4929
G00 Z20.0000
G00 X133.8803Y38.4405
G01 Z20.0000
G01 X133.4277Y37.4834
G00 Z20.0000
G00 X133.7394Y37.2178
G01 Z20.0000
G01 X133.7611Y37.2540
G01 X134.3622Y38.5249
G00 Z20.0000
G00 X134.9530Y38.8911
G01 Z20.0000
G01 X134.8775Y38.6800
G01 X134.1139Y37.0654
G01 X133.9856Y36.8514
G00 Z20.0000
G00 X134.1334Y36.3209
G01 Z20.0000
G01 X134.4667Y36.8769
G01 X135.2471Y38.5270
G01 X135.3600Y38.8426
G00 Z20.0000
G00 X135.7003Y38.6078
G01 Z20.0000
G01 X135.6166Y38.3739
G01 X134.8194Y36.6883
G01 X134.1400Y35.5548
G00 Z20.0000
G00 X134.1345Y34.7873
G01 Z20.0000
G01 X134.1934Y34.8668
G01 X135.1722Y36.4998
G01 X135.9862Y38.2208
G01 X136.0769Y38.4745
G00 Z20.0000
G00 X136.4903Y38.4440
G01 Z20.0000
G01 X136.3557Y38.0677
G01 X135.5250Y36.3112
G01 X134.5260Y34.6446
G01 X133.3685Y33.0839
G01 X132.0636Y31.6441
G01 X130.6239Y30.3393
G01 X129.0632Y29.1818
G01 X127.3966Y28.1828
G01 X125.6400Y27.3520
G01 X123.8106Y26.6974
G01 X123.1266Y26.5261
G00 Z20.0000
G00 X123.4625Y26.1984
G01 Z20.0000
G01 X123.9267Y26.3147
G01 X125.7931Y26.9825
G01 X127.5851Y27.8301
G01 X129.2854Y28.8492
G01 X130.8777Y30.0301
G01 X132.3465Y31.3613
G01 X133.6777Y32.8301
G01 X134.8586Y34.4223
G01 X135.8777Y36.1226
G01 X136.7253Y37.9147
G01 X136.9497Y38.5419
G00 Z20.0000
G00 X137.5024Y38.9006
G01 Z20.0000
G01 X137.0948Y37.7616
G01 X136.2305Y35.9341
G01 X135.1912Y34.2001
G01 X133.9869Y32.5764
G01 X132.6293Y31.0785
G01 X131.1314Y29.7208
G01 X129.5077Y28.5166
G01 X127.7737Y27.4773
G01 X125.9462Y26.6129
G01 X124.0428Y25.9319
G01 X123.6423Y25.8316
G00 Z20.0000
G00 X123.7000Y25.4342
G01 Z20.0000
G01 X124.1589Y25.5491
G01 X126.0993Y26.2434
G01 X127.9622Y27.1245
G01 X129.7299Y28.1840
G01 X131.3852Y29.4116
G01 X132.9122Y30.7956
G01 X134.2961Y32.3226
G01 X135.5238Y33.9779
G01 X136.5833Y35.7455
G01 X137.4644Y37.6085
G01 X137.9045Y38.8385
G00 Z20.0000
G00 X138.2454Y38.6054
G01 Z20.0000
G01 X137.8339Y37.4554
G01 X136.9360Y35.5570
G01 X135.8564Y33.7557
G01 X134.6053Y32.0688
G01 X133.1950Y30.5128
G01 X131.6389Y29.1024
G01 X129.9521Y27.8514
G01 X128.1508Y26.7717
G01 X126.2523Y25.8738
G01 X124.2750Y25.1663
G01 X123.7000Y25.0223
G01 X123.7000Y24.6104
G01 X124.3911Y24.7836
G01 X126.4054Y25.5043
G01 X128.3394Y26.4190
G01 X130.1743Y27.5188
G01 X131.8927Y28.7932
G01 X133.4778Y30.2299
G01 X134.9145Y31.8151
G01 X136.1890Y33.5334
G01 X137.2888Y35.3684
G01 X138.2035Y37.3024
G01 X138.6224Y38.4731
G00 Z20.0000
G00 X139.0364Y38.4443
G01 Z20.0000
G01 X138.5730Y37.1493
G01 X137.6416Y35.1799
G01 X136.5215Y33.3112
G01 X135.2237Y31.5613
G01 X133.7607Y29.9471
G01 X132.1464Y28.4840
G01 X130.3966Y27.1862
G01 X128.5279Y26.0662
G01 X126.5585Y25.1347
G01 X124.5072Y24.4008
G01 X123.7000Y24.1986
G01 X123.7000Y23.7867
G01 X124.6233Y24.0180
G01 X126.7116Y24.7652
G01 X128.7165Y25.7134
G01 X130.6188Y26.8537
G01 X132.4002Y28.1748
G01 X134.0435Y29.6643
G01 X135.5330Y31.3076
G01 X136.8541Y33.0890
G01 X137.9943Y34.9913
G01 X138.9426Y36.9962
G01 X139.4965Y38.5444
G00 Z20.0000
G00 X140.0520Y38.9109
G01 Z20.0000
G01 X139.3121Y36.8431
G01 X138.3471Y34.8027
G01 X137.1867Y32.8667
G01 X135.8422Y31.0538
G01 X134.3264Y29.3814
G01 X132.6540Y27.8656
G01 X130.8410Y26.5211
G01 X128.9050Y25.3607
G01 X126.8646Y24.3956
G01 X124.7395Y23.6352
G01 X123.7000Y23.3749
G01 X123.7000Y22.9630
G01 X124.8556Y23.2525
G01 X127.0177Y24.0261
G01 X129.0936Y25.0079
G01 X131.0633Y26.1885
G01 X132.9077Y27.5564
G01 X134.6092Y29.0986
G01 X136.1514Y30.8001
G01 X137.5193Y32.6445
G01 X138.6999Y34.6142
G01 X139.6817Y36.6901
G01 X140.4490Y38.8344
G00 Z20.0000
G00 X140.7905Y38.6030
G01 Z20.0000
G01 X140.0512Y36.5370
G01 X139.0526Y34.4256
G01 X137.8519Y32.4223
G01 X136.4606Y30.5463
G01 X134.8921Y28.8157
G01 X133.1615Y27.2472
G01 X131.2855Y25.8559
G01 X129.2822Y24.6551
G01 X127.1708Y23.6565
G01 X124.9717Y22.8697
G01 X123.7000Y22.5511
G00 Z20.0000
G00 X123.6990Y22.5215
G01 Z20.0000
G01 X123.7000Y22.5500
G01 X123.7000Y25.4500
G01 X123.6988Y25.4814
G01 X123.6866Y25.6339
G01 X123.6826Y25.6611
G01 X123.6787Y25.6803
G01 X123.6449Y25.8215
G01 X123.6387Y25.8442
G01 X123.6255Y25.8812
G01 X123.5715Y26.0117
G01 X123.5617Y26.0331
G01 X123.5450Y26.0642
G01 X123.4692Y26.1880
G01 X123.4470Y26.2204
G01 X123.4323Y26.2388
G01 X123.3406Y26.3462
G01 X123.3136Y26.3747
G01 X123.2962Y26.3906
G01 X123.1888Y26.4823
G01 X123.1577Y26.5062
G01 X123.1380Y26.5192
G01 X123.0176Y26.5930
G01 X122.9831Y26.6117
G01 X122.9617Y26.6215
G01 X122.8312Y26.6755
G01 X122.7942Y26.6887
G01 X122.7715Y26.6949
G01 X122.6342Y26.7279
G01 X122.5956Y26.7351
G01 X122.5722Y26.7377
G01 X122.4314Y26.7488
G01 X122.4000Y26.7500
G01 X120.6000Y26.7500
G01 X120.5686Y26.7488
G01 X120.4239Y26.7373
G01 X120.4044Y26.7351
G01 X120.3697Y26.7287
G01 X120.2285Y26.6949
G01 X120.2058Y26.6887
G01 X120.1725Y26.6770
G01 X120.0383Y26.6215
G01 X120.0169Y26.6117
G01 X119.9858Y26.5950
G01 X119.8620Y26.5192
G01 X119.8423Y26.5062
G01 X119.8112Y26.4823
G01 X119.7009Y26.3880
G01 X119.6753Y26.3636
G01 X119.6594Y26.3462
G01 X119.5677Y26.2388
G01 X119.5438Y26.2077
G01 X119.5308Y26.1880
G01 X119.4570Y26.0676
G01 X119.4383Y26.0331
G01 X119.4285Y26.0117
G01 X119.3745Y25.8812
G01 X119.3613Y25.8442
G01 X119.3551Y25.8215
G01 X119.3213Y25.6803
G01 X119.3174Y25.6611
G01 X119.3127Y25.6261
G01 X119.3012Y25.4814
G01 X119.3000Y25.4500
G01 X119.3000Y22.5500
G01 X119.3012Y22.5186
G01 X119.3127Y22.3739
G01 X119.3174Y22.3389
G01 X119.3213Y22.3197
G01 X119.3551Y22.1785
G01 X119.3613Y22.1558
G01 X119.3730Y22.1225
G01 X119.4285Y21.9883
G01 X119.4383Y21.9669
G01 X119.4550Y21.9358
G01 X119.5308Y21.8120
G01 X119.5438Y21.7923
G01 X119.5677Y21.7612
G01 X119.6620Y21.6509
G01 X119.6864Y21.6253
G01 X119.7038Y21.6094
G01 X119.8112Y21.5177
G01 X119.8423Y21.4938
G01 X119.8620Y21.4808
G01 X119.9824Y21.4070
G01 X120.0169Y21.3883
G01 X120.0383Y21.3785
G01 X120.1688Y21.3245
G01 X120.2058Y21.3113
G01 X120.2285Y21.3051
G01 X120.3697Y21.2713
G01 X120.3889Y21.2674
G01 X120.4161Y21.2634
G01 X120.5686Y21.2512
G01 X120.6000Y21.2500
G01 X122.4036Y21.2500
G01 X122.4285Y21.2510
G01 X122.5566Y21.2602
G01 X122.5779Y21.2623
G01 X122.6131Y21.2683
G01 X122.7386Y21.2956
G01 X122.7731Y21.3048
G01 X122.7933Y21.3117
G01 X122.9137Y21.3566
G01 X122.9335Y21.3646
G01 X122.9656Y21.3803
G01 X123.0783Y21.4418
G01 X123.0968Y21.4526
G01 X123.1263Y21.4727
G01 X123.2291Y21.5496
G01 X123.2566Y21.5723
G01 X123.2722Y21.5870
G01 X123.3630Y21.6778
G01 X123.3777Y21.6934
G01 X123.3960Y21.7153
G01 X123.4773Y21.8237
G01 X123.4974Y21.8532
G01 X123.5082Y21.8717
G01 X123.5697Y21.9844
G01 X123.5854Y22.0165
G01 X123.5934Y22.0363
G01 X123.6383Y22.1567
G01 X123.6452Y22.1769
G01 X123.6544Y22.2114
G01 X123.6817Y22.3369
G01 X123.6856Y22.3579
G01 X123.6892Y22.3863
G01 X123.6990Y22.5215
G00 Z20.0000
G00 X123.6248Y22.1204
G01 Z20.0000
G01 X125.0878Y22.4869
G01 X127.3239Y23.2870
G01 X129.4707Y24.3024
G01 X131.5077Y25.5233
G01 X133.4152Y26.9380
G01 X135.1749Y28.5329
G01 X136.7698Y30.2925
G01 X138.1845Y32.2001
G01 X139.4054Y34.2371
G01 X140.4208Y36.3839
G01 X141.1679Y38.4719
G00 Z20.0000
G00 X141.5824Y38.4445
G01 Z20.0000
G01 X140.7904Y36.2309
G01 X139.7582Y34.0485
G01 X138.5171Y31.9778
G01 X137.0790Y30.0388
G01 X135.4577Y28.2500
G01 X133.6690Y26.6288
G01 X131.7299Y25.1907
G01 X129.6593Y23.9496
G01 X127.4769Y22.9174
G01 X125.2039Y22.1041
G01 X123.3166Y21.6314
G00 Z20.0000
G00 X121.0585Y21.2500
G01 Z20.0000
G01 X120.4741Y21.1633
G01 X118.0629Y21.0449
G01 X115.6517Y21.1633
G01 X113.2637Y21.5175
G01 X110.9219Y22.1041
G01 X108.6489Y22.9174
G01 X106.4666Y23.9496
G01 X104.3959Y25.1907
G01 X102.4568Y26.6288
G01 X100.6681Y28.2500
G01 X99.0469Y30.0388
G01 X98.7276Y30.4692
G00 Z20.0000
G00 X98.2249Y30.4765
G01 Z20.0000
G01 X98.7377Y29.7850
G01 X100.3852Y27.9672
G01 X102.2031Y26.3196
G01 X104.1737Y24.8581
G01 X106.2780Y23.5968
G01 X108.4958Y22.5479
G01 X110.8058Y21.7214
G01 X113.1857Y21.1252
G01 X115.6125Y20.7652
G01 X118.0629Y20.6449
G01 X120.5133Y20.7652
G01 X122.9402Y21.1252
G01 X125.3200Y21.7214
G01 X127.6300Y22.5479
G01 X129.8478Y23.5968
G01 X131.9522Y24.8581
G01 X133.9227Y26.3196
G01 X135.7406Y27.9672
G01 X137.3882Y29.7850
G01 X138.8497Y31.7556
G01 X140.1109Y33.8599
G01 X141.1599Y36.0778
G01 X141.9864Y38.3877
G01 X142.0246Y38.5401
G00 Z20.0000
G00 X144.0592Y38.4414
G01 Z20.0000
G01 X143.9003Y37.8072
G01 X143.0077Y35.3124
G01 X141.8748Y32.9172
G01 X140.5126Y30.6445
G01 X138.9342Y28.5162
G01 X137.1548Y26.5530
G01 X135.1915Y24.7736
G01 X133.0633Y23.1952
G01 X130.7906Y21.8330
G01 X128.3954Y20.7001
G01 X125.9006Y19.8075
G01 X123.3304Y19.1637
G01 X120.7094Y18.7749
G01 X118.0629Y18.6449
G01 X117.8839Y18.6537
G00 Z20.0000
G00 X118.4124Y18.2620
G01 Z20.0000
G01 X119.6390Y18.3223
G00 Z20.0000
G00 X119.3864Y17.9099
G01 Z20.0000
G01 X118.6289Y17.8727
G00 Z20.0000
G00 X118.6991Y17.4761
G01 Z20.0000
G01 X119.3032Y17.5058
G00 Z20.0000
G00 X119.3000Y17.1056
G01 Z20.0000
G01 X118.7000Y17.0762
G01 X118.7000Y16.6762
G01 X119.3000Y16.7056
G01 X119.3000Y16.3056
G01 X118.7000Y16.2762
G01 X118.7000Y15.8762
G01 X119.3000Y15.9056
G01 X119.3000Y15.5056
G01 X118.7000Y15.4762
G01 X118.7000Y15.0762
G01 X119.3000Y15.1056
G01 X119.3000Y14.7056
G01 X118.7000Y14.6762
G00 Z20.0000
G00 X118.6988Y14.5186
G01 Z20.0000
G01 X118.7000Y14.5500
G01 X118.7000Y17.4500
G01 X118.6988Y17.4814
G01 X118.6866Y17.6339
G01 X118.6826Y17.6611
G01 X118.6787Y17.6803
G01 X118.6449Y17.8215
G01 X118.6387Y17.8442
G01 X118.6255Y17.8812
G01 X118.5715Y18.0117
G01 X118.5617Y18.0331
G01 X118.5450Y18.0642
G01 X118.4692Y18.1880
G01 X118.4470Y18.2204
G01 X118.4323Y18.2388
G01 X118.3406Y18.3462
G01 X118.3136Y18.3747
G01 X118.2962Y18.3906
G01 X118.1888Y18.4823
G01 X118.1577Y18.5062
G01 X118.1380Y18.5192
G01 X118.0176Y18.5930
G01 X117.9831Y18.6117
G01 X117.9617Y18.6215
G01 X117.8312Y18.6755
G01 X117.7942Y18.6887
G01 X117.7715Y18.6949
G01 X117.6342Y18.7279
G01 X117.5956Y18.7351
G01 X117.5722Y18.7377
G01 X117.4314Y18.7488
G01 X117.4000Y18.7500
G01 X115.6000Y18.7500
G01 X115.5686Y18.7488
G01 X115.4239Y18.7373
G01 X115.3889Y18.7326
G01 X115.3697Y18.7287
G01 X115.2285Y18.6949
G01 X115.2058Y18.6887
G01 X115.1725Y18.6770
G01 X115.0383Y18.6215
G01 X115.0169Y18.6117
G01 X114.9858Y18.5950
G01 X114.8620Y18.5192
G01 X114.8423Y18.5062
G01 X114.8112Y18.4823
G01 X114.7009Y18.3880
G01 X114.6753Y18.3636
G01 X114.6594Y18.3462
G01 X114.5677Y18.2388
G01 X114.5438Y18.2077
G01 X114.5308Y18.1880
G01 X114.4570Y18.0676
G01 X114.4383Y18.0331
G01 X114.4285Y18.0117
G01 X114.3745Y17.8812
G01 X114.3613Y17.8442
G01 X114.3551Y17.8215
G01 X114.3213Y17.6803
G01 X114.3149Y17.6456
G01 X114.3127Y17.6261
G01 X114.3012Y17.4814
G01 X114.3000Y17.4500
G01 X114.3000Y14.5500
G01 X114.3012Y14.5186
G01 X114.3127Y14.3739
G01 X114.3149Y14.3544
G01 X114.3213Y14.3197
G01 X114.3551Y14.1785
G01 X114.3613Y14.1558
G01 X114.3730Y14.1225
G01 X114.4285Y13.9883
G01 X114.4383Y13.9669
G01 X114.4550Y13.9358
G01 X114.5308Y13.8120
G01 X114.5438Y13.7923
G01 X114.5677Y13.7612
G01 X114.6620Y13.6509
G01 X114.6864Y13.6253
G01 X114.7038Y13.6094
G01 X114.8112Y13.5177
G01 X114.8423Y13.4938
G01 X114.8620Y13.4808
G01 X114.9824Y13.4070
G01 X115.0169Y13.3883
G01 X115.0383Y13.3785
G01 X115.1688Y13.3245
G01 X115.2058Y13.3113
G01 X115.2285Y13.3051
G01 X115.3697Y13.2713
G01 X115.3889Y13.2674
G01 X115.4161Y13.2634
G01 X115.5686Y13.2512
G01 X115.6000Y13.2500
G01 X117.4000Y13.2500
G01 X117.4314Y13.2512
G01 X117.5761Y13.2627
G01 X117.6111Y13.2674
G01 X117.6303Y13.2713
G01 X117.7753Y13.3061
G01 X117.8091Y13.3162
G01 X117.8312Y13.3245
G01 X117.9617Y13.3785
G01 X117.9971Y13.3954
G01 X118.0176Y13.4070
G01 X118.1380Y13.4808
G01 X118.1704Y13.5030
G01 X118.1888Y13.5177
G01 X118.2991Y13.6120
G01 X118.3247Y13.6364
G01 X118.3406Y13.6538
G01 X118.4348Y13.7642
G01 X118.4562Y13.7923
G01 X118.4692Y13.8120
G01 X118.5450Y13.9358
G01 X118.5617Y13.9669
G01 X118.5715Y13.9883
G01 X118.6255Y14.1188
G01 X118.6338Y14.1409
G01 X118.6439Y14.1747
G01 X118.6779Y14.3158
G01 X118.6826Y14.3389
G01 X118.6866Y14.3661
G01 X118.6988Y14.5186
G00 Z20.0000
G00 X118.6680Y14.2746
G01 Z20.0000
G01 X119.3243Y14.3068
G00 Z20.0000
G00 X119.4684Y13.9139
G01 Z20.0000
G01 X118.5025Y13.8665
G00 Z20.0000
G00 X118.0807Y13.4457
G01 Z20.0000
G01 X119.7968Y13.5300
G00 Z20.0000
G00 X121.5829Y13.2500
G01 Z20.0000
G01 X121.2583Y13.2018
G01 X118.0629Y13.0449
G01 X114.8676Y13.2018
G01 X113.1085Y13.4628
G00 Z20.0000
G00 X113.4698Y13.8131
G01 Z20.0000
G01 X114.6779Y13.6339
G00 Z20.0000
G00 X114.3904Y14.0804
G01 Z20.0000
G01 X113.6478Y14.1906
G00 Z20.0000
G00 X113.6988Y14.5186
G01 Z20.0000
G01 X113.7000Y14.5500
G01 X113.7000Y17.4500
G01 X113.6990Y17.4785
G01 X113.6898Y17.6066
G01 X113.6877Y17.6279
G01 X113.6817Y17.6631
G01 X113.6544Y17.7886
G01 X113.6452Y17.8231
G01 X113.6383Y17.8433
G01 X113.5934Y17.9637
G01 X113.5794Y17.9965
G01 X113.5697Y18.0156
G01 X113.5082Y18.1283
G01 X113.4974Y18.1468
G01 X113.4773Y18.1763
G01 X113.4004Y18.2791
G01 X113.3871Y18.2958
G01 X113.3680Y18.3171
G01 X113.2671Y18.4180
G01 X113.2458Y18.4371
G01 X113.2291Y18.4504
G01 X113.1263Y18.5273
G01 X113.1088Y18.5397
G01 X113.0783Y18.5582
G01 X112.9656Y18.6197
G01 X112.9465Y18.6294
G01 X112.9137Y18.6434
G01 X112.7933Y18.6883
G01 X112.7731Y18.6952
G01 X112.7386Y18.7044
G01 X112.6131Y18.7317
G01 X112.5779Y18.7377
G01 X112.5566Y18.7398
G01 X112.4285Y18.7490
G01 X112.4000Y18.7500
G01 X110.5961Y18.7500
G01 X110.5686Y18.7488
G01 X110.4239Y18.7373
G01 X110.3889Y18.7326
G01 X110.3658Y18.7279
G01 X110.2285Y18.6949
G01 X110.2058Y18.6887
G01 X110.1725Y18.6770
G01 X110.0383Y18.6215
G01 X110.0169Y18.6117
G01 X109.9858Y18.5950
G01 X109.8620Y18.5192
G01 X109.8423Y18.5062
G01 X109.8112Y18.4823
G01 X109.7009Y18.3880
G01 X109.6753Y18.3636
G01 X109.6594Y18.3462
G01 X109.5677Y18.2388
G01 X109.5438Y18.2077
G01 X109.5308Y18.1880
G01 X109.4570Y18.0676
G01 X109.4383Y18.0331
G01 X109.4285Y18.0117
G01 X109.3745Y17.8812
G01 X109.3613Y17.8442
G01 X109.3551Y17.8215
G01 X109.3213Y17.6803
G01 X109.3149Y17.6456
G01 X109.3127Y17.6261
G01 X109.3012Y17.4814
G01 X109.3000Y17.4500
G01 X109.3000Y14.5500
G01 X109.3012Y14.5186
G01 X109.3127Y14.3739
G01 X109.3149Y14.3544
G01 X109.3213Y14.3197
G01 X109.3551Y14.1785
G01 X109.3613Y14.1558
G01 X109.3730Y14.1225
G01 X109.4285Y13.9883
G01 X109.4383Y13.9669
G01 X109.4550Y13.9358
G01 X109.5308Y13.8120
G01 X109.5438Y13.7923
G01 X109.5677Y13.7612
G01 X109.6620Y13.6509
G01 X109.6864Y13.6253
G01 X109.7038Y13.6094
G01 X109.8112Y13.5177
G01 X109.8423Y13.4938
G01 X109.8620Y13.4808
G01 X109.9824Y13.4070
G01 X110.0169Y13.3883
G01 X110.0383Y13.3785
G01 X110.1688Y13.3245
G01 X110.2058Y13.3113
G01 X110.2285Y13.3051
G01 X110.3697Y13.2713
G01 X110.3889Y13.2674
G01 X110.4161Y13.2634
G01 X110.5686Y13.2512
G01 X110.6000Y13.2500
G01 X112.4000Y13.2500
G01 X112.4314Y13.2512
G01 X112.5761Y13.2627
G01 X112.5956Y13.2649
G01 X112.6303Y13.2713
G01 X112.7753Y13.3061
G01 X112.8091Y13.3162
G01 X112.8312Y13.3245
G01 X112.9617Y13.3785
G01 X112.9971Y13.3954
G01 X113.0176Y13.4070
G01 X113.1380Y13.4808
G01 X113.1704Y13.5030
G01 X113.1888Y13.5177
G01 X113.2991Y13.6120
G01 X113.3247Y13.6364
G01 X113.3406Y13.6538
G01 X113.4348Y13.7642
G01 X113.4562Y13.7923
G01 X113.4692Y13.8120
G01 X113.5450Y13.9358
G01 X113.5617Y13.9669
G01 X113.5715Y13.9883
G01 X113.6298Y14.1298
G01 X113.6387Y14.1558
G01 X113.6449Y14.1785
G01 X113.6787Y14.3197
G01 X113.6851Y14.3544
G01 X113.6877Y14.3778
G01 X113.6988Y14.5186
G00 Z20.0000
G00 X113.7000Y14.5867
G01 Z20.0000
G01 X114.3029Y14.4973
G00 Z20.0000
G00 X114.3000Y14.9016
G01 Z20.0000
G01 X113.7000Y14.9906
G01 X113.7000Y15.3945
G01 X114.3000Y15.3055
G01 X114.3000Y15.7094
G01 X113.7000Y15.7984
G01 X113.7000Y16.2023
G01 X114.3000Y16.1133
G01 X114.3000Y16.5171
G01 X113.7000Y16.6061
G01 X113.7000Y17.0100
G01 X114.3000Y16.9210
G01 X114.3000Y17.3249
G01 X113.7000Y17.4139
G00 Z20.0000
G00 X113.6442Y17.8261
G01 Z20.0000
G01 X114.3317Y17.7241
G00 Z20.0000
G00 X114.4805Y18.1059
G01 Z20.0000
G01 X113.4113Y18.2645
G01 X114.7898Y18.4639
G01 X112.7174Y18.7713
G01 X110.1091Y19.4247
G01 X107.5774Y20.3306
G01 X105.1466Y21.4802
G01 X102.8403Y22.8626
G01 X100.6805Y24.4644
G01 X99.7000Y25.3531
G01 X99.7000Y24.8139
G01 X100.4268Y24.1552
G01 X102.6181Y22.5300
G01 X104.9581Y21.1275
G01 X107.4243Y19.9610
G01 X109.9930Y19.0419
G01 X111.1584Y18.7500
G00 Z20.0000
G00 X110.0343Y18.6197
G01 Z20.0000
G01 X109.8769Y18.6591
G01 X107.2712Y19.5915
G01 X104.7695Y20.7747
G01 X102.3958Y22.1974
G01 X100.1730Y23.8460
G01 X99.7000Y24.2747
G01 X99.7000Y23.7355
G01 X99.9193Y23.5368
G01 X102.1736Y21.8648
G01 X104.5810Y20.4219
G01 X107.1182Y19.2219
G01 X109.6375Y18.3205
G00 Z20.0000
G00 X109.4138Y17.9762
G01 Z20.0000
G01 X106.9651Y18.8524
G01 X104.3924Y20.0691
G01 X101.9514Y21.5322
G01 X99.7000Y23.2020
G01 X99.7000Y22.7046
G01 X101.7292Y21.1997
G01 X104.2039Y19.7164
G01 X106.8120Y18.4828
G01 X109.3097Y17.5891
G00 Z20.0000
G00 X109.3000Y17.1683
G01 Z20.0000
G01 X106.6589Y18.1133
G01 X104.0153Y19.3636
G01 X101.5069Y20.8671
G01 X99.6599Y22.2369
G00 Z20.0000
G00 X99.6990Y22.5215
G01 Z20.0000
G01 X99.7000Y22.5500
G01 X99.7000Y25.4500
G01 X99.6988Y25.4814
G01 X99.6866Y25.6339
G01 X99.6826Y25.6611
G01 X99.6787Y25.6803
G01 X99.6449Y25.8215
G01 X99.6387Y25.8442
G01 X99.6255Y25.8812
G01 X99.5715Y26.0117
G01 X99.5617Y26.0331
G01 X99.5430Y26.0676
G01 X99.4692Y26.1880
G01 X99.4562Y26.2077
G01 X99.4323Y26.2388
G01 X99.3380Y26.3491
G01 X99.3136Y26.3747
G01 X99.2962Y26.3906
G01 X99.1888Y26.4823
G01 X99.1577Y26.5062
G01 X99.1380Y26.5192
G01 X99.0176Y26.5930
G01 X98.9831Y26.6117
G01 X98.9617Y26.6215
G01 X98.8312Y26.6755
G01 X98.7942Y26.6887
G01 X98.7715Y26.6949
G01 X98.6342Y26.7279
G01 X98.5956Y26.7351
G01 X98.5722Y26.7377
G01 X98.4314Y26.7488
G01 X98.4000Y26.7500
G01 X96.6000Y26.7500
G01 X96.5686Y26.7488
G01 X96.4239Y26.7373
G01 X96.3889Y26.7326
G01 X96.3697Y26.7287
G01 X96.2285Y26.6949
G01 X96.2058Y26.6887
G01 X96.1725Y26.6770
G01 X96.0383Y26.6215
G01 X96.0169Y26.6117
G01 X95.9858Y26.5950
G01 X95.8620Y26.5192
G01 X95.8423Y26.5062
G01 X95.8112Y26.4823
G01 X95.7009Y26.3880
G01 X95.6753Y26.3636
G01 X95.6594Y26.3462
G01 X95.5677Y26.2388
G01 X95.5438Y26.2077
G01 X95.5308Y26.1880
G01 X95.4570Y26.0676
G01 X95.4383Y26.0331
G01 X95.4285Y26.0117
G01 X95.3745Y25.8812
G01 X95.3613Y25.8442
G01 X95.3551Y25.8215
G01 X95.3213Y25.6803
G01 X95.3149Y25.6456
G01 X95.3127Y25.6261
G01 X95.3012Y25.4814
G01 X95.3000Y25.4500
G01 X95.3000Y22.5500
G01 X95.3012Y22.5186
G01 X95.3127Y22.3739
G01 X95.3149Y22.3544
G01 X95.3213Y22.3197
G01 X95.3551Y22.1785
G01 X95.3613Y22.1558
G01 X95.3730Y22.1225
G01 X95.4285Y21.9883
G01 X95.4383Y21.9669
G01 X95.4550Y21.9358
G01 X95.5308Y21.8120
G01 X95.5438Y21.7923
G01 X95.5652Y21.7642
G01 X95.6594Y21.6538
G01 X95.6864Y21.6253
G01 X95.7038Y21.6094
G01 X95.8112Y21.5177
G01 X95.8423Y21.4938
G01 X95.8620Y21.4808
G01 X95.9824Y21.4070
G01 X96.0169Y21.3883
G01 X96.0383Y21.3785
G01 X96.1688Y21.3245
G01 X96.2058Y21.3113
G01 X96.2285Y21.3051
G01 X96.3697Y21.2713
G01 X96.3889Y21.2674
G01 X96.4161Y21.2634
G01 X96.5686Y21.2512
G01 X96.6000Y21.2500
G01 X98.4036Y21.2500
G01 X98.4285Y21.2510
G01 X98.5566Y21.2602
G01 X98.5779Y21.2623
G01 X98.6131Y21.2683
G01 X98.7386Y21.2956
G01 X98.7731Y21.3048
G01 X98.7933Y21.3117
G01 X98.9137Y21.3566
G01 X98.9335Y21.3646
G01 X98.9656Y21.3803
G01 X99.0783Y21.4418
G01 X99.0968Y21.4526
G01 X99.1263Y21.4727
G01 X99.2291Y21.5496
G01 X99.2566Y21.5723
G01 X99.2722Y21.5870
G01 X99.3630Y21.6778
G01 X99.3777Y21.6934
G01 X99.3960Y21.7153
G01 X99.4773Y21.8237
G01 X99.4974Y21.8532
G01 X99.5082Y21.8717
G01 X99.5697Y21.9844
G01 X99.5794Y22.0035
G01 X99.5934Y22.0363
G01 X99.6383Y22.1567
G01 X99.6452Y22.1769
G01 X99.6544Y22.2114
G01 X99.6817Y22.3369
G01 X99.6856Y22.3579
G01 X99.6892Y22.3863
G01 X99.6990Y22.5215
G00 Z20.0000
G00 X99.5002Y21.8580
G01 Z20.0000
G01 X101.2847Y20.5345
G01 X103.8267Y19.0108
G01 X106.5059Y17.7437
G01 X109.3000Y16.7443
G01 X109.3000Y16.3325
G01 X109.1802Y16.3625
G01 X106.3528Y17.3741
G01 X104.3749Y18.3096
G00 Z20.0000
G00 X104.6673Y17.7294
G01 Z20.0000
G01 X106.1997Y17.0046
G01 X109.0641Y15.9797
G01 X109.3000Y15.9206
G01 X109.3000Y15.5088
G01 X108.9480Y15.5969
G01 X106.0467Y16.6350
G01 X104.7000Y17.2720
G01 X104.7000Y16.8300
G01 X105.8936Y16.2655
G01 X108.8319Y15.2142
G01 X109.3000Y15.0969
G01 X109.3000Y14.6850
G01 X108.7157Y14.8314
G01 X105.7405Y15.8959
G01 X104.7000Y16.3881
G01 X104.7000Y15.9461
G01 X105.5874Y15.5264
G01 X108.5996Y14.4486
G01 X109.3344Y14.2645
G00 Z20.0000
G00 X109.5373Y13.8019
G01 Z20.0000
G01 X108.4835Y14.0658
G01 X105.4344Y15.1568
G01 X104.7000Y15.5042
G01 X104.7000Y15.0622
G01 X105.2813Y14.7873
G01 X108.3674Y13.6831
G01 X111.5469Y12.8866
G01 X114.7891Y12.4057
G01 X118.0629Y12.2449
G01 X121.3367Y12.4057
G01 X124.5789Y12.8866
G01 X126.0296Y13.2500
G00 Z20.0000
G00 X124.9938Y13.4024
G01 Z20.0000
G01 X124.5009Y13.2789
G01 X121.2975Y12.8038
G01 X118.0629Y12.6449
G01 X114.8284Y12.8038
G01 X111.8201Y13.2500
G01 X108.4890Y12.8289
G01 X111.3908Y12.1020
G01 X114.7107Y11.6095
G01 X118.0629Y11.4449
G01 X121.4151Y11.6095
G01 X124.7350Y12.1020
G01 X127.9907Y12.9175
G01 X131.1507Y14.0482
G01 X134.1847Y15.4832
G01 X137.0634Y17.2086
G01 X138.0557Y17.9446
G00 Z20.0000
G00 X138.0500Y17.4429
G01 Z20.0000
G01 X137.2856Y16.8760
G01 X134.3732Y15.1304
G01 X131.3038Y13.6786
G01 X128.1068Y12.5347
G01 X124.8130Y11.7097
G01 X121.4543Y11.2115
G01 X120.3726Y11.1583
G00 Z20.0000
G00 X120.8937Y10.7839
G01 Z20.0000
G01 X121.4935Y10.8134
G01 X124.8911Y11.3174
G01 X128.2229Y12.1520
G01 X131.4568Y13.3091
G01 X134.5618Y14.7776
G01 X137.5079Y16.5434
G01 X138.0500Y16.9455
G01 X138.0500Y16.4481
G01 X137.7301Y16.2108
G01 X134.7504Y14.4249
G01 X131.6099Y12.9395
G01 X130.4614Y12.5286
G00 Z20.0000
G00 X131.1921Y12.3657
G01 Z20.0000
G01 X131.7630Y12.5700
G01 X134.9389Y14.0721
G01 X137.9523Y15.8783
G01 X138.0500Y15.9507
G00 Z20.0000
G00 X138.0548Y15.4739
G01 Z20.0000
G01 X135.1275Y13.7193
G01 X131.9161Y12.2004
G01 X131.5885Y12.0832
G00 Z20.0000
G00 X131.8438Y11.7503
G01 Z20.0000
G01 X132.0691Y11.8309
G01 X135.3160Y13.3665
G01 X138.1644Y15.0738
G00 Z20.0000
G00 X138.4141Y14.7576
G01 Z20.0000
G01 X135.7164Y13.1407
G00 Z20.0000
G00 X135.0812Y12.8135
G01 Z20.0000
G01 X132.2222Y11.4613
G01 X131.9962Y11.3804
G00 Z20.0000
G00 X132.0499Y10.9754
G01 Z20.0000
G01 X132.3753Y11.0918
G01 X134.8102Y12.2434
G00 Z20.0000
G00 X134.8000Y11.7966
G01 Z20.0000
G01 X132.5283Y10.7222
G01 X131.9822Y10.5268
G00 Z20.0000
G00 X131.7028Y10.0025
G01 Z20.0000
G01 X132.6814Y10.3527
G01 X134.8000Y11.3547
G01 X134.8000Y10.9127
G01 X132.8345Y9.9831
G01 X129.2679Y8.7070
G01 X125.5934Y7.7866
G01 X121.8464Y7.2307
G01 X121.2000Y7.1990
G00 Z20.0000
G00 X121.1990Y7.0215
G01 Z20.0000
G01 X121.2000Y7.0500
G01 X121.2000Y9.9500
G01 X121.1988Y9.9814
G01 X121.1866Y10.1339
G01 X121.1826Y10.1611
G01 X121.1787Y10.1803
G01 X121.1449Y10.3215
G01 X121.1387Y10.3442
G01 X121.1255Y10.3812
G01 X121.0715Y10.5117
G01 X121.0617Y10.5331
G01 X121.0450Y10.5642
G01 X120.9692Y10.6880
G01 X120.9470Y10.7204
G01 X120.9323Y10.7388
G01 X120.8406Y10.8462
G01 X120.8136Y10.8747
G01 X120.7962Y10.8906
G01 X120.6888Y10.9823
G01 X120.6577Y11.0062
G01 X120.6380Y11.0192
G01 X120.5176Y11.0930
G01 X120.4831Y11.1117
G01 X120.4617Y11.1215
G01 X120.3312Y11.1755
G01 X120.2942Y11.1887
G01 X120.2715Y11.1949
G01 X120.1342Y11.2279
G01 X120.0956Y11.2351
G01 X120.0722Y11.2377
G01 X119.9314Y11.2488
G01 X119.9000Y11.2500
G01 X118.1000Y11.2500
G01 X118.0686Y11.2488
G01 X117.9239Y11.2373
G01 X117.8889Y11.2326
G01 X117.8697Y11.2287
G01 X117.7285Y11.1949
G01 X117.7058Y11.1887
G01 X117.6725Y11.1770
G01 X117.5383Y11.1215
G01 X117.5169Y11.1117
G01 X117.4858Y11.0950
G01 X117.3620Y11.0192
G01 X117.3423Y11.0062
G01 X117.3142Y10.9848
G01 X117.2038Y10.8906
G01 X117.1753Y10.8636
G01 X117.1594Y10.8462
G01 X117.0677Y10.7388
G01 X117.0438Y10.7077
G01 X117.0308Y10.6880
G01 X116.9570Y10.5676
G01 X116.9383Y10.5331
G01 X116.9285Y10.5117
G01 X116.8745Y10.3812
G01 X116.8614Y10.3442
G01 X116.8551Y10.3215
G01 X116.8213Y10.1803
G01 X116.8149Y10.1456
G01 X116.8127Y10.1261
G01 X116.8012Y9.9814
G01 X116.8000Y9.9500
G01 X116.8000Y7.0500
G01 X116.8012Y7.0186
G01 X116.8127Y6.8739
G01 X116.8149Y6.8544
G01 X116.8213Y6.8197
G01 X116.8551Y6.6785
G01 X116.8613Y6.6558
G01 X116.8730Y6.6225
G01 X116.9285Y6.4883
G01 X116.9383Y6.4669
G01 X116.9550Y6.4358
G01 X117.0308Y6.3120
G01 X117.0438Y6.2923
G01 X117.0652Y6.2642
G01 X117.1594Y6.1538
G01 X117.1864Y6.1253
G01 X117.2038Y6.1094
G01 X117.3112Y6.0177
G01 X117.3423Y5.9938
G01 X117.3620Y5.9808
G01 X117.4824Y5.9070
G01 X117.5169Y5.8883
G01 X117.5383Y5.8785
G01 X117.6688Y5.8245
G01 X117.7058Y5.8113
G01 X117.7285Y5.8051
G01 X117.8697Y5.7713
G01 X117.8889Y5.7674
G01 X117.9161Y5.7634
G01 X118.0686Y5.7512
G01 X118.1000Y5.7500
G01 X119.9031Y5.7500
G01 X119.9285Y5.7510
G01 X120.0566Y5.7602
G01 X120.0779Y5.7623
G01 X120.1131Y5.7683
G01 X120.2386Y5.7956
G01 X120.2731Y5.8048
G01 X120.2933Y5.8117
G01 X120.4137Y5.8566
G01 X120.4335Y5.8646
G01 X120.4656Y5.8803
G01 X120.5783Y5.9418
G01 X120.5968Y5.9526
G01 X120.6263Y5.9727
G01 X120.7291Y6.0496
G01 X120.7566Y6.0723
G01 X120.7722Y6.0870
G01 X120.8630Y6.1778
G01 X120.8777Y6.1934
G01 X120.8960Y6.2153
G01 X120.9773Y6.3237
G01 X120.9974Y6.3532
G01 X121.0082Y6.3717
G01 X121.0697Y6.4844
G01 X121.0794Y6.5035
G01 X121.0934Y6.5363
G01 X121.1383Y6.6567
G01 X121.1452Y6.6769
G01 X121.1544Y6.7114
G01 X121.1817Y6.8369
G01 X121.1856Y6.8579
G01 X121.1892Y6.8863
G01 X121.1990Y7.0215
G00 Z20.0000
G00 X121.1732Y6.7977
G01 Z20.0000
G01 X121.8856Y6.8327
G01 X125.6714Y7.3942
G01 X129.3840Y8.3242
G01 X132.9876Y9.6136
G01 X134.8000Y10.4708
G00 Z20.0000
G00 X134.8335Y10.0447
G01 Z20.0000
G01 X133.1406Y9.2440
G01 X129.5001Y7.9414
G01 X125.7495Y7.0019
G01 X121.9248Y6.4346
G01 X121.0182Y6.3900
G00 Z20.0000
G00 X120.6235Y5.9707
G01 Z20.0000
G01 X121.9640Y6.0365
G01 X125.8275Y6.6096
G01 X129.6162Y7.5586
G01 X133.2937Y8.8745
G01 X135.0013Y9.6821
G00 Z20.0000
G00 X135.3244Y9.3930
G01 Z20.0000
G01 X133.4468Y8.5049
G01 X129.7324Y7.1759
G01 X125.9055Y6.2173
G01 X122.0032Y5.6384
G01 X118.0629Y5.4449
G01 X114.1226Y5.6384
G01 X110.2203Y6.2173
G01 X106.3935Y7.1759
G01 X102.6790Y8.5049
G01 X99.1128Y10.1916
G01 X95.7290Y12.2198
G01 X94.0781Y13.4441
G00 Z20.0000
G00 X94.3892Y13.7108
G01 Z20.0000
G01 X95.9512Y12.5524
G01 X99.3013Y10.5444
G01 X102.8321Y8.8745
G01 X106.5096Y7.5586
G01 X110.2983Y6.6096
G01 X114.1618Y6.0365
G01 X117.5600Y5.8696
G00 Z20.0000
G00 X117.0419Y6.2950
G01 Z20.0000
G01 X114.2010Y6.4346
G01 X110.3764Y7.0019
G01 X106.6257Y7.9414
G01 X102.9852Y9.2440
G01 X99.4899Y10.8972
G01 X96.1734Y12.8850
G01 X94.5983Y14.0532
G00 Z20.0000
G00 X94.6956Y14.4784
G01 Z20.0000
G01 X95.4781Y13.8981
G00 Z20.0000
G00 X95.3007Y14.5270
G01 Z20.0000
G01 X94.7000Y14.9726
G00 Z20.0000
G00 X94.6988Y14.5186
G01 Z20.0000
G01 X94.7000Y14.5500
G01 X94.7000Y17.4500
G01 X94.6990Y17.4775
G01 X94.6873Y17.6261
G01 X94.6826Y17.6611
G01 X94.6779Y17.6842
G01 X94.6449Y17.8215
G01 X94.6338Y17.8592
G01 X94.6255Y17.8812
G01 X94.5715Y18.0117
G01 X94.5546Y18.0471
G01 X94.5430Y18.0676
G01 X94.4692Y18.1880
G01 X94.4470Y18.2204
G01 X94.4323Y18.2388
G01 X94.3380Y18.3491
G01 X94.3136Y18.3747
G01 X94.2962Y18.3906
G01 X94.1888Y18.4823
G01 X94.1704Y18.4970
G01 X94.1413Y18.5171
G01 X94.0176Y18.5930
G01 X93.9971Y18.6046
G01 X93.9653Y18.6199
G01 X93.8312Y18.6755
G01 X93.8091Y18.6838
G01 X93.7715Y18.6949
G01 X93.6342Y18.7279
G01 X93.6111Y18.7326
G01 X93.5722Y18.7377
G01 X93.4314Y18.7488
G01 X93.4000Y18.7500
G01 X91.5882Y18.7498
G01 X91.4278Y18.7377
G01 X91.3889Y18.7326
G01 X91.3658Y18.7279
G01 X91.2285Y18.6949
G01 X91.1909Y18.6838
G01 X91.1688Y18.6755
G01 X91.0383Y18.6215
G01 X91.0029Y18.6046
G01 X90.9824Y18.5930
G01 X90.8620Y18.5192
G01 X90.8296Y18.4970
G01 X90.8112Y18.4823
G01 X90.7038Y18.3906
G01 X90.6753Y18.3636
G01 X90.6594Y18.3462
G01 X90.5677Y18.2388
G01 X90.5438Y18.2077
G01 X90.5308Y18.1880
G01 X90.4570Y18.0676
G01 X90.4383Y18.0331
G01 X90.4285Y18.0117
G01 X90.3730Y17.8775
G01 X90.3662Y17.8592
G01 X90.3580Y17.8329
G01 X90.3221Y17.6842
G01 X90.3149Y17.6456
G01 X90.3123Y17.6222
G01 X90.3012Y17.4814
G01 X90.3000Y17.4539
G01 X90.3000Y14.5500
G01 X90.3012Y14.5186
G01 X90.3127Y14.3739
G01 X90.3149Y14.3544
G01 X90.3213Y14.3197
G01 X90.3551Y14.1785
G01 X90.3613Y14.1558
G01 X90.3745Y14.1188
G01 X90.4285Y13.9883
G01 X90.4383Y13.9669
G01 X90.4570Y13.9324
G01 X90.5308Y13.8120
G01 X90.5438Y13.7923
G01 X90.5677Y13.7612
G01 X90.6594Y13.6538
G01 X90.6753Y13.6364
G01 X90.7038Y13.6094
G01 X90.8112Y13.5177
G01 X90.8296Y13.5030
G01 X90.8620Y13.4808
G01 X90.9824Y13.4070
G01 X91.0029Y13.3954
G01 X91.0383Y13.3785
G01 X91.1688Y13.3245
G01 X91.1909Y13.3162
G01 X91.2285Y13.3051
G01 X91.3658Y13.2721
G01 X91.3889Y13.2674
G01 X91.4278Y13.2623
G01 X91.5686Y13.2512
G01 X91.6000Y13.2500
G01 X93.4000Y13.2500
G01 X93.4314Y13.2512
G01 X93.5839Y13.2634
G01 X93.6111Y13.2674
G01 X93.6303Y13.2713
G01 X93.7715Y13.3051
G01 X93.7942Y13.3113
G01 X93.8312Y13.3245
G01 X93.9617Y13.3785
G01 X93.9831Y13.3883
G01 X94.0176Y13.4070
G01 X94.1380Y13.4808
G01 X94.1577Y13.4938
G01 X94.1888Y13.5177
G01 X94.2962Y13.6094
G01 X94.3136Y13.6253
G01 X94.3380Y13.6509
G01 X94.4323Y13.7612
G01 X94.4562Y13.7923
G01 X94.4692Y13.8120
G01 X94.5450Y13.9358
G01 X94.5546Y13.9529
G01 X94.5699Y13.9847
G01 X94.6298Y14.1298
G01 X94.6387Y14.1558
G01 X94.6449Y14.1785
G01 X94.6787Y14.3197
G01 X94.6851Y14.3544
G01 X94.6877Y14.3778
G01 X94.6988Y14.5186
G01 X95.3000Y15.0250
G01 X94.7000Y15.4700
G01 X94.7000Y15.9674
G01 X95.3000Y15.5224
G01 X95.3000Y16.0198
G01 X94.7000Y16.4648
G01 X94.7000Y16.9622
G01 X95.3000Y16.5172
G01 X95.3000Y17.0146
G01 X94.8441Y17.3527
G01 X94.6985Y17.4847
G01 X95.3034Y17.5094
G01 X95.0979Y17.6619
G01 X94.3306Y18.3573
G00 Z20.0000
G00 X94.2569Y18.4241
G01 Z20.0000
G01 X92.4657Y20.0476
G01 X91.3530Y21.2752
G00 Z20.0000
G00 X91.9151Y21.2500
G01 Z20.0000
G01 X92.7485Y20.3304
G01 X95.3516Y17.9711
G01 X95.3976Y17.9370
G00 Z20.0000
G00 X95.6041Y18.2814
G01 Z20.0000
G01 X93.0313Y20.6133
G01 X92.4542Y21.2500
G01 X92.9934Y21.2500
G01 X93.3142Y20.8961
G01 X95.8592Y18.5895
G01 X95.9124Y18.5500
G00 Z20.0000
G00 X96.3488Y18.7238
G01 Z20.0000
G01 X96.1129Y18.8987
G01 X93.5970Y21.1790
G01 X93.5254Y21.2579
G00 Z20.0000
G00 X93.9682Y21.3817
G01 Z20.0000
G01 X96.3667Y19.2079
G01 X96.9841Y18.7500
G01 X97.6548Y18.7500
G01 X96.6204Y19.5171
G01 X94.3029Y21.6176
G00 Z20.0000
G00 X94.5444Y21.9379
G01 Z20.0000
G01 X96.8742Y19.8263
G01 X98.3254Y18.7500
G00 Z20.0000
G00 X99.6534Y17.7859
G01 Z20.0000
G01 X100.3000Y17.3984
G00 Z20.0000
G00 X100.3572Y17.8299
G01 Z20.0000
G01 X99.7291Y18.2064
G01 X97.1279Y20.1355
G01 X94.7284Y22.3103
G01 X94.6856Y22.3576
G00 Z20.0000
G00 X94.6990Y22.5215
G01 Z20.0000
G01 X94.7000Y22.5500
G01 X94.7000Y25.4500
G01 X94.6988Y25.4814
G01 X94.6866Y25.6339
G01 X94.6826Y25.6611
G01 X94.6787Y25.6803
G01 X94.6449Y25.8215
G01 X94.6387Y25.8442
G01 X94.6255Y25.8812
G01 X94.5715Y26.0117
G01 X94.5617Y26.0331
G01 X94.5430Y26.0676
G01 X94.4692Y26.1880
G01 X94.4562Y26.2077
G01 X94.4323Y26.2388
G01 X94.3380Y26.3491
G01 X94.3136Y26.3747
G01 X94.2962Y26.3906
G01 X94.1888Y26.4823
G01 X94.1577Y26.5062
G01 X94.1380Y26.5192
G01 X94.0176Y26.5930
G01 X93.9831Y26.6117
G01 X93.9617Y26.6215
G01 X93.8312Y26.6755
G01 X93.7942Y26.6887
G01 X93.7715Y26.6949
G01 X93.6342Y26.7279
G01 X93.5956Y26.7351
G01 X93.5722Y26.7377
G01 X93.4314Y26.7488
G01 X93.4000Y26.7500
G01 X91.6000Y26.7500
G01 X91.5686Y26.7488
G01 X91.4239Y26.7373
G01 X91.3889Y26.7326
G01 X91.3697Y26.7287
G01 X91.2285Y26.6949
G01 X91.2058Y26.6887
G01 X91.1725Y26.6770
G01 X91.0383Y26.6215
G01 X91.0169Y26.6117
G01 X90.9858Y26.5950
G01 X90.8620Y26.5192
G01 X90.8423Y26.5062
G01 X90.8112Y26.4823
G01 X90.7009Y26.3880
G01 X90.6753Y26.3636
G01 X90.6594Y26.3462
G01 X90.5677Y26.2388
G01 X90.5438Y26.2077
G01 X90.5308Y26.1880
G01 X90.4570Y26.0676
G01 X90.4383Y26.0331
G01 X90.4285Y26.0117
G01 X90.3745Y25.8812
G01 X90.3613Y25.8442
G01 X90.3551Y25.8215
G01 X90.3213Y25.6803
G01 X90.3149Y25.6456
G01 X90.3127Y25.6261
G01 X90.3012Y25.4814
G01 X90.3000Y25.4500
G01 X90.3000Y22.5500
G01 X90.3012Y22.5186
G01 X90.3127Y22.3739
G01 X90.3149Y22.3544
G01 X90.3213Y22.3197
G01 X90.3551Y22.1785
G01 X90.3613Y22.1558
G01 X90.3730Y22.1225
G01 X90.4285Y21.9883
G01 X90.4383Y21.9669
G01 X90.4550Y21.9358
G01 X90.5308Y21.8120
G01 X90.5438Y21.7923
G01 X90.5652Y21.7642
G01 X90.6594Y21.6538
G01 X90.6864Y21.6253
G01 X90.7038Y21.6094
G01 X90.8112Y21.5177
G01 X90.8423Y21.4938
G01 X90.8620Y21.4808
G01 X90.9824Y21.4070
G01 X91.0169Y21.3883
G01 X91.0383Y21.3785
G01 X91.1688Y21.3245
G01 X91.2058Y21.3113
G01 X91.2285Y21.3051
G01 X91.3697Y21.2713
G01 X91.3889Y21.2674
G01 X91.4161Y21.2634
G01 X91.5686Y21.2512
G01 X91.6000Y21.2500
G01 X93.4036Y21.2500
G01 X93.4285Y21.2510
G01 X93.5566Y21.2602
G01 X93.5779Y21.2623
G01 X93.6131Y21.2683
G01 X93.7386Y21.2956
G01 X93.7731Y21.3048
G01 X93.7933Y21.3117
G01 X93.9137Y21.3566
G01 X93.9335Y21.3646
G01 X93.9656Y21.3803
G01 X94.0783Y21.4418
G01 X94.0968Y21.4526
G01 X94.1263Y21.4727
G01 X94.2291Y21.5496
G01 X94.2566Y21.5723
G01 X94.2722Y21.5870
G01 X94.3630Y21.6778
G01 X94.3777Y21.6934
G01 X94.3960Y21.7153
G01 X94.4773Y21.8237
G01 X94.4974Y21.8532
G01 X94.5082Y21.8717
G01 X94.5697Y21.9844
G01 X94.5794Y22.0035
G01 X94.5934Y22.0363
G01 X94.6383Y22.1567
G01 X94.6452Y22.1769
G01 X94.6544Y22.2114
G01 X94.6817Y22.3369
G01 X94.6856Y22.3579
G01 X94.6892Y22.3863
G01 X94.6990Y22.5215
G00 Z20.0000
G00 X94.7000Y22.9366
G01 Z20.0000
G01 X95.0112Y22.5932
G01 X95.3235Y22.3102
G00 Z20.0000
G00 X95.3000Y22.8707
G01 Z20.0000
G01 X95.2941Y22.8760
G01 X94.7000Y23.5315
G01 X94.7000Y24.1264
G01 X95.3000Y23.4644
G01 X95.3000Y24.0593
G01 X94.7000Y24.7213
G01 X94.7000Y25.3162
G01 X95.3000Y24.6542
G00 Z20.0000
G00 X96.4845Y21.2578
G01 Z20.0000
G01 X97.3817Y20.4447
G01 X99.9513Y18.5390
G01 X100.5325Y18.1906
G00 Z20.0000
G00 X100.8162Y18.4864
G01 Z20.0000
G01 X100.1736Y18.8715
G01 X97.6355Y20.7539
G01 X97.0881Y21.2500
G01 X97.6830Y21.2500
G01 X97.8892Y21.0631
G01 X100.3958Y19.2041
G01 X101.2406Y18.6978
G00 Z20.0000
G00 X101.9306Y18.7500
G01 Z20.0000
G01 X100.6180Y19.5367
G01 X98.3079Y21.2500
G00 Z20.0000
G00 X98.8613Y21.3370
G01 Z20.0000
G01 X100.8402Y19.8693
G01 X102.7077Y18.7500
G00 Z20.0000
G00 X103.4944Y18.7443
G01 Z20.0000
G01 X101.0625Y20.2019
G01 X99.2370Y21.5558
G00 Z20.0000
G00 X99.7000Y17.2922
G01 Z20.0000
G01 X100.3000Y16.9326
G01 X100.3000Y16.4668
G01 X99.7000Y16.8264
G01 X99.7000Y16.3607
G01 X100.3000Y16.0010
G01 X100.3000Y15.5352
G01 X99.7000Y15.8949
G01 X99.7000Y15.4291
G01 X100.3000Y15.0695
G01 X100.3000Y14.6037
G01 X99.7000Y14.9633
G00 Z20.0000
G00 X99.6988Y14.5186
G01 Z20.0000
G01 X99.7000Y14.5500
G01 X99.7000Y17.4500
G01 X99.6988Y17.4814
G01 X99.6866Y17.6339
G01 X99.6826Y17.6611
G01 X99.6787Y17.6803
G01 X99.6449Y17.8215
G01 X99.6387Y17.8442
G01 X99.6255Y17.8812
G01 X99.5715Y18.0117
G01 X99.5617Y18.0331
G01 X99.5430Y18.0676
G01 X99.4692Y18.1880
G01 X99.4562Y18.2077
G01 X99.4323Y18.2388
G01 X99.3380Y18.3491
G01 X99.3136Y18.3747
G01 X99.2962Y18.3906
G01 X99.1888Y18.4823
G01 X99.1577Y18.5062
G01 X99.1380Y18.5192
G01 X99.0176Y18.5930
G01 X98.9831Y18.6117
G01 X98.9617Y18.6215
G01 X98.8312Y18.6755
G01 X98.7942Y18.6887
G01 X98.7715Y18.6949
G01 X98.6342Y18.7279
G01 X98.5956Y18.7351
G01 X98.5722Y18.7377
G01 X98.4314Y18.7488
G01 X98.4000Y18.7500
G01 X96.6000Y18.7500
G01 X96.5686Y18.7488
G01 X96.4239Y18.7373
G01 X96.3889Y18.7326
G01 X96.3697Y18.7287
G01 X96.2285Y18.6949
G01 X96.2058Y18.6887
G01 X96.1725Y18.6770
G01 X96.0383Y18.6215
G01 X96.0169Y18.6117
G01 X95.9858Y18.5950
G01 X95.8620Y18.5192
G01 X95.8423Y18.5062
G01 X95.8112Y18.4823
G01 X95.7009Y18.3880
G01 X95.6753Y18.3636
G01 X95.6594Y18.3462
G01 X95.5677Y18.2388
G01 X95.5438Y18.2077
G01 X95.5308Y18.1880
G01 X95.4570Y18.0676
G01 X95.4383Y18.0331
G01 X95.4285Y18.0117
G01 X95.3745Y17.8812
G01 X95.3613Y17.8442
G01 X95.3551Y17.8215
G01 X95.3213Y17.6803
G01 X95.3149Y17.6456
G01 X95.3127Y17.6261
G01 X95.3012Y17.4814
G01 X95.3000Y17.4500
G01 X95.3002Y14.5382
G01 X95.3123Y14.3778
G01 X95.3149Y14.3544
G01 X95.3213Y14.3197
G01 X95.3551Y14.1785
G01 X95.3613Y14.1558
G01 X95.3730Y14.1225
G01 X95.4301Y13.9847
G01 X95.4454Y13.9529
G01 X95.4570Y13.9324
G01 X95.5308Y13.8120
G01 X95.5438Y13.7923
G01 X95.5652Y13.7642
G01 X95.6594Y13.6538
G01 X95.6753Y13.6364
G01 X95.7009Y13.6120
G01 X95.8142Y13.5152
G01 X95.8423Y13.4938
G01 X95.8620Y13.4808
G01 X95.9824Y13.4070
G01 X96.0029Y13.3954
G01 X96.0383Y13.3785
G01 X96.1688Y13.3245
G01 X96.1909Y13.3162
G01 X96.2285Y13.3051
G01 X96.3658Y13.2721
G01 X96.3889Y13.2674
G01 X96.4239Y13.2627
G01 X96.5725Y13.2510
G01 X96.6000Y13.2500
G01 X98.4118Y13.2502
G01 X98.5722Y13.2623
G01 X98.5956Y13.2649
G01 X98.6342Y13.2721
G01 X98.7829Y13.3080
G01 X98.8091Y13.3162
G01 X98.8275Y13.3230
G01 X98.9617Y13.3785
G01 X98.9831Y13.3883
G01 X99.0176Y13.4070
G01 X99.1380Y13.4808
G01 X99.1577Y13.4938
G01 X99.1888Y13.5177
G01 X99.2962Y13.6094
G01 X99.3136Y13.6253
G01 X99.3406Y13.6538
G01 X99.4323Y13.7612
G01 X99.4470Y13.7796
G01 X99.4692Y13.8120
G01 X99.5430Y13.9324
G01 X99.5546Y13.9529
G01 X99.5715Y13.9883
G01 X99.6255Y14.1188
G01 X99.6338Y14.1409
G01 X99.6449Y14.1785
G01 X99.6779Y14.3158
G01 X99.6826Y14.3389
G01 X99.6873Y14.3739
G01 X99.6988Y14.5186
G01 X99.6972Y14.4992
G01 X100.3886Y14.0848
G01 X99.6114Y14.0848
G01 X100.8098Y13.3665
G01 X104.0567Y11.8309
G01 X106.2415Y11.0491
G00 Z20.0000
G00 X106.7293Y10.8746
G01 Z20.0000
G01 X107.4385Y10.6208
G01 X110.9226Y9.7481
G01 X114.4755Y9.2211
G01 X116.8000Y9.1069
G01 X116.8000Y9.5069
G01 X114.5147Y9.6192
G01 X111.0006Y10.1404
G01 X107.6298Y10.9848
G00 Z20.0000
G00 X108.0757Y11.2850
G01 Z20.0000
G01 X111.0787Y10.5328
G01 X114.5539Y10.0173
G01 X116.8000Y9.9069
G00 Z20.0000
G00 X116.8510Y10.3044
G01 Z20.0000
G01 X114.5931Y10.4153
G01 X111.1567Y10.9251
G01 X108.3438Y11.6297
G00 Z20.0000
G00 X108.4971Y12.0031
G01 Z20.0000
G01 X111.2348Y11.3174
G01 X114.6323Y10.8134
G01 X117.0355Y10.6953
G00 Z20.0000
G00 X117.4528Y11.0748
G01 Z20.0000
G01 X114.6715Y11.2115
G01 X111.3128Y11.7097
G01 X108.5499Y12.4018
G00 Z20.0000
G00 X108.2624Y13.2975
G01 Z20.0000
G01 X111.4689Y12.4943
G01 X114.7499Y12.0076
G01 X118.0629Y11.8449
G01 X121.3759Y12.0076
G01 X124.6570Y12.4943
G01 X127.8745Y13.3003
G01 X130.9976Y14.4177
G01 X133.9961Y15.8359
G01 X136.8412Y17.5412
G01 X139.5054Y19.5171
G01 X141.9631Y21.7447
G01 X144.1907Y24.2024
G01 X146.1666Y26.8666
G01 X147.8719Y29.7117
G01 X148.2500Y30.5112
G01 X148.2500Y29.5768
G01 X148.2246Y29.5231
G01 X146.4992Y26.6444
G01 X144.4999Y23.9486
G01 X142.2460Y21.4618
G01 X139.7592Y19.2079
G01 X139.3440Y18.9000
G01 X140.0144Y18.9000
G01 X142.5288Y21.1790
G01 X144.8091Y23.6949
G01 X146.8318Y26.4221
G01 X148.2500Y28.7883
G01 X148.2500Y28.0112
G01 X147.1644Y26.1999
G01 X145.1183Y23.4411
G01 X142.8117Y20.8961
G01 X140.6093Y18.9000
G00 Z20.0000
G00 X141.1647Y18.8642
G01 Z20.0000
G01 X143.0945Y20.6133
G01 X145.4275Y23.1873
G01 X147.4969Y25.9777
G01 X148.2500Y27.2341
G01 X148.2500Y26.4570
G01 X147.8295Y25.7554
G01 X145.7367Y22.9336
G01 X143.3773Y20.3304
G01 X141.5493Y18.6736
G00 Z20.0000
G00 X141.8100Y18.3707
G01 Z20.0000
G01 X143.6602Y20.0476
G01 X146.0459Y22.6798
G01 X148.1621Y25.5332
G01 X148.2500Y25.6798
G01 X148.2500Y24.9810
G01 X146.3551Y22.4261
G01 X143.9430Y19.7648
G01 X141.9432Y17.9522
G00 Z20.0000
G00 X141.9500Y17.8500
G01 Z20.0000
G01 X141.9488Y17.8814
G01 X141.9408Y17.9831
G01 X141.9357Y18.0220
G01 X141.9309Y18.0451
G01 X141.9071Y18.1442
G01 X141.8960Y18.1819
G01 X141.8877Y18.2039
G01 X141.8487Y18.2982
G01 X141.8319Y18.3336
G01 X141.8202Y18.3541
G01 X141.7648Y18.4444
G01 X141.7447Y18.4734
G01 X141.7325Y18.4888
G01 X141.6560Y18.5782
G01 X141.6368Y18.5979
G01 X141.6194Y18.6138
G01 X141.5418Y18.6800
G01 X141.5234Y18.6947
G01 X141.4944Y18.7148
G01 X141.4041Y18.7702
G01 X141.3836Y18.7819
G01 X141.3590Y18.7940
G01 X141.2539Y18.8377
G01 X141.2319Y18.8460
G01 X141.1980Y18.8562
G01 X141.0912Y18.8818
G01 X141.0565Y18.8881
G01 X141.0370Y18.8904
G01 X140.9314Y18.8988
G01 X140.9000Y18.9000
G01 X139.1000Y18.9000
G01 X139.0715Y18.8990
G01 X138.9790Y18.8924
G01 X138.9577Y18.8902
G01 X138.9295Y18.8856
G01 X138.8318Y18.8645
G01 X138.8111Y18.8594
G01 X138.7771Y18.8485
G01 X138.6902Y18.8160
G01 X138.6704Y18.8080
G01 X138.6383Y18.7923
G01 X138.5569Y18.7479
G01 X138.5384Y18.7371
G01 X138.5089Y18.7170
G01 X138.4290Y18.6571
G01 X138.4179Y18.6481
G01 X138.3966Y18.6290
G01 X138.3259Y18.5585
G01 X138.3019Y18.5321
G01 X138.2885Y18.5154
G01 X138.2330Y18.4411
G01 X138.2129Y18.4116
G01 X138.2021Y18.3931
G01 X138.1577Y18.3117
G01 X138.1480Y18.2926
G01 X138.1340Y18.2598
G01 X138.1016Y18.1729
G01 X138.0906Y18.1389
G01 X138.0855Y18.1182
G01 X138.0658Y18.0275
G01 X138.0598Y17.9923
G01 X138.0576Y17.9710
G01 X138.0504Y17.8679
G01 X138.0500Y15.5500
G01 X138.0512Y15.5186
G01 X138.0596Y15.4130
G01 X138.0643Y15.3780
G01 X138.0691Y15.3549
G01 X138.0929Y15.2558
G01 X138.1040Y15.2181
G01 X138.1123Y15.1961
G01 X138.1513Y15.1018
G01 X138.1681Y15.0664
G01 X138.1798Y15.0459
G01 X138.2352Y14.9556
G01 X138.2460Y14.9393
G01 X138.2625Y14.9172
G01 X138.3362Y14.8306
G01 X138.3521Y14.8132
G01 X138.3776Y14.7888
G01 X138.4612Y14.7175
G01 X138.4893Y14.6960
G01 X138.5056Y14.6852
G01 X138.5993Y14.6278
G01 X138.6304Y14.6110
G01 X138.6518Y14.6013
G01 X138.7570Y14.5579
G01 X138.7831Y14.5491
G01 X138.8058Y14.5429
G01 X138.9088Y14.5182
G01 X138.9435Y14.5119
G01 X138.9669Y14.5092
G01 X139.0882Y14.5002
G01 X140.9000Y14.5000
G01 X140.9314Y14.5012
G01 X141.0448Y14.5104
G01 X141.0720Y14.5143
G01 X141.0912Y14.5182
G01 X141.1942Y14.5429
G01 X141.2170Y14.5491
G01 X141.2539Y14.5623
G01 X141.3482Y14.6013
G01 X141.3696Y14.6110
G01 X141.4041Y14.6298
G01 X141.4911Y14.6831
G01 X141.5107Y14.6960
G01 X141.5388Y14.7175
G01 X141.6282Y14.7940
G01 X141.6479Y14.8132
G01 X141.6612Y14.8276
G01 X141.7300Y14.9082
G01 X141.7447Y14.9266
G01 X141.7669Y14.9589
G01 X141.8202Y15.0459
G01 X141.8319Y15.0664
G01 X141.8472Y15.0982
G01 X141.8877Y15.1961
G01 X141.9009Y15.2330
G01 X141.9071Y15.2558
G01 X141.9318Y15.3588
G01 X141.9357Y15.3780
G01 X141.9397Y15.4052
G01 X141.9488Y15.5186
G01 X141.9500Y15.5500
G01 X141.9500Y17.8500
G01 X141.9500Y17.4192
G01 X144.2259Y19.4819
G01 X146.6643Y22.1723
G01 X148.2500Y24.3104
G01 X148.2500Y23.6397
G01 X146.9735Y21.9186
G01 X144.5087Y19.1991
G01 X141.9500Y16.8800
G01 X141.9500Y16.3561
G01 X142.0430Y16.4251
G01 X144.7916Y18.9162
G01 X147.2827Y21.6648
G01 X148.2500Y22.9690
G01 X148.2500Y22.2984
G01 X147.5919Y21.4110
G01 X145.0744Y18.6334
G01 X142.2967Y16.1159
G01 X141.9500Y15.8587
G00 Z20.0000
G00 X141.9287Y15.3455
G01 Z20.0000
G01 X142.5505Y15.8067
G01 X145.3572Y18.3505
G01 X147.9011Y21.1573
G01 X148.2500Y21.6277
G01 X148.2500Y20.9570
G01 X148.2103Y20.9035
G01 X145.6401Y18.0677
G01 X142.8043Y15.4975
G01 X139.7302Y13.2175
G01 X138.9653Y12.7591
G00 Z20.0000
G00 X139.1540Y12.4064
G01 Z20.0000
G01 X139.9524Y12.8850
G01 X143.0580Y15.1883
G01 X145.9229Y17.7849
G01 X148.2500Y20.3524
G01 X148.2500Y19.7575
G01 X146.2058Y17.5020
G01 X143.3118Y14.8790
G01 X140.1746Y12.5524
G01 X139.2000Y11.9682
G01 X139.2000Y11.5024
G01 X140.3968Y12.2198
G01 X140.9421Y12.6242
G00 Z20.0000
G00 X140.8000Y12.0214
G01 Z20.0000
G01 X140.6191Y11.8872
G01 X139.2000Y11.0366
G01 X139.2000Y10.5709
G01 X140.8000Y11.5299
G01 X140.8000Y11.0641
G01 X139.1778Y10.0918
G00 Z20.0000
G00 X138.1500Y9.2500
G01 Z20.0000
G01 X138.1814Y9.2512
G01 X138.2831Y9.2592
G01 X138.3220Y9.2643
G01 X138.3451Y9.2691
G01 X138.4442Y9.2929
G01 X138.4819Y9.3040
G01 X138.5039Y9.3123
G01 X138.5982Y9.3513
G01 X138.6336Y9.3681
G01 X138.6541Y9.3798
G01 X138.7411Y9.4331
G01 X138.7734Y9.4553
G01 X138.7918Y9.4700
G01 X138.8694Y9.5362
G01 X138.8979Y9.5632
G01 X138.9138Y9.5806
G01 X138.9800Y9.6582
G01 X139.0040Y9.6893
G01 X139.0169Y9.7089
G01 X139.0702Y9.7959
G01 X139.0890Y9.8304
G01 X139.0987Y9.8518
G01 X139.1392Y9.9497
G01 X139.1509Y9.9830
G01 X139.1562Y10.0019
G01 X139.1818Y10.1088
G01 X139.1882Y10.1435
G01 X139.1908Y10.1669
G01 X139.1998Y10.2882
G01 X139.1995Y12.1196
G01 X139.1904Y12.2370
G01 X139.1857Y12.2720
G01 X139.1809Y12.2951
G01 X139.1571Y12.3942
G01 X139.1509Y12.4170
G01 X139.1377Y12.4539
G01 X139.0987Y12.5482
G01 X139.0890Y12.5696
G01 X139.0722Y12.6007
G01 X139.0148Y12.6944
G01 X138.9947Y12.7234
G01 X138.9825Y12.7388
G01 X138.9112Y12.8224
G01 X138.8868Y12.8479
G01 X138.8694Y12.8638
G01 X138.7888Y12.9325
G01 X138.7607Y12.9540
G01 X138.7444Y12.9648
G01 X138.6541Y13.0202
G01 X138.6336Y13.0319
G01 X138.6018Y13.0472
G01 X138.5003Y13.0892
G01 X138.4819Y13.0960
G01 X138.4480Y13.1062
G01 X138.3412Y13.1318
G01 X138.3065Y13.1381
G01 X138.2831Y13.1408
G01 X138.1814Y13.1488
G01 X138.1500Y13.1500
G01 X135.8500Y13.1500
G01 X135.8186Y13.1488
G01 X135.7052Y13.1396
G01 X135.6780Y13.1357
G01 X135.6588Y13.1318
G01 X135.5558Y13.1071
G01 X135.5331Y13.1009
G01 X135.4961Y13.0877
G01 X135.4018Y13.0487
G01 X135.3804Y13.0390
G01 X135.3459Y13.0202
G01 X135.2589Y12.9669
G01 X135.2393Y12.9540
G01 X135.2082Y12.9300
G01 X135.1306Y12.8638
G01 X135.1132Y12.8479
G01 X135.0862Y12.8194
G01 X135.0200Y12.7418
G01 X135.0053Y12.7234
G01 X134.9831Y12.6911
G01 X134.9298Y12.6041
G01 X134.9181Y12.5836
G01 X134.9013Y12.5482
G01 X134.8623Y12.4539
G01 X134.8540Y12.4319
G01 X134.8438Y12.3981
G01 X134.8165Y12.2836
G01 X134.8119Y12.2565
G01 X134.8096Y12.2370
G01 X134.8012Y12.1314
G01 X134.8000Y12.1000
G01 X134.8000Y10.3000
G01 X134.8010Y10.2725
G01 X134.8096Y10.1630
G01 X134.8143Y10.1280
G01 X134.8191Y10.1049
G01 X134.8429Y10.0058
G01 X134.8491Y9.9830
G01 X134.8623Y9.9461
G01 X134.9013Y9.8518
G01 X134.9110Y9.8304
G01 X134.9278Y9.7993
G01 X134.9852Y9.7056
G01 X135.0053Y9.6766
G01 X135.0175Y9.6612
G01 X135.0888Y9.5776
G01 X135.1132Y9.5521
G01 X135.1306Y9.5362
G01 X135.2112Y9.4675
G01 X135.2393Y9.4460
G01 X135.2556Y9.4352
G01 X135.3459Y9.3798
G01 X135.3664Y9.3681
G01 X135.3982Y9.3528
G01 X135.4997Y9.3108
G01 X135.5181Y9.3040
G01 X135.5520Y9.2938
G01 X135.6588Y9.2682
G01 X135.6935Y9.2619
G01 X135.7169Y9.2592
G01 X135.8186Y9.2512
G01 X135.8500Y9.2500
G01 X138.1500Y9.2500
G01 X137.7734Y9.2500
G01 X137.5787Y9.1333
G01 X133.9060Y7.3963
G01 X130.0807Y6.0275
G01 X126.1397Y5.0404
G01 X122.1208Y4.4442
G01 X118.0629Y4.2449
G01 X114.0050Y4.4442
G01 X109.9862Y5.0404
G01 X108.4023Y5.4371
G00 Z20.0000
G00 X108.5341Y4.9922
G01 Z20.0000
G01 X109.9081Y4.6480
G01 X113.9658Y4.0461
G01 X118.0629Y3.8449
G01 X122.1600Y4.0461
G01 X126.2177Y4.6480
G01 X130.1968Y5.6448
G01 X134.0591Y7.0267
G01 X137.7673Y8.7806
G01 X140.8000Y10.5983
G00 Z20.0000
G00 X140.8124Y10.1399
G01 Z20.0000
G01 X137.9559Y8.4278
G01 X134.2122Y6.6571
G01 X130.3129Y5.2620
G01 X126.2957Y4.2557
G01 X122.1992Y3.6481
G01 X118.0629Y3.4449
G01 X113.9266Y3.6481
G01 X109.8301Y4.2557
G01 X108.5359Y4.5799
G00 Z20.0000
G00 X108.4346Y4.1934
G01 Z20.0000
G01 X109.7521Y3.8634
G01 X113.8874Y3.2500
G01 X118.0629Y3.0449
G01 X122.2384Y3.2500
G01 X126.3738Y3.8634
G01 X130.4290Y4.8792
G01 X134.3652Y6.2876
G01 X138.1444Y8.0750
G01 X140.9528Y9.7583
G00 Z20.0000
G00 X141.2256Y9.4560
G01 Z20.0000
G01 X138.3330Y7.7222
G01 X134.5183Y5.9180
G01 X130.5452Y4.4964
G01 X126.4518Y3.4711
G01 X122.2777Y2.8519
G01 X118.0629Y2.6449
G01 X113.8482Y2.8519
G01 X109.6740Y3.4711
G01 X108.2262Y3.8337
G00 Z20.0000
G00 X107.8840Y3.5076
G01 Z20.0000
G01 X109.5960Y3.0788
G01 X113.8090Y2.4538
G01 X118.0629Y2.2449
G01 X122.3169Y2.4538
G01 X126.5298Y3.0788
G01 X130.6613Y4.1137
G01 X134.6714Y5.5485
G01 X138.5215Y7.3695
G01 X141.6818Y9.2637
G00 Z20.0000
G00 X142.4286Y9.2500
G01 Z20.0000
G01 X142.3969Y9.2265
G01 X138.7101Y7.0167
G01 X134.8245Y5.1789
G01 X130.7774Y3.7309
G01 X126.6079Y2.6865
G01 X122.3561Y2.0558
G01 X118.0629Y1.8449
G01 X113.7698Y2.0558
G01 X109.5180Y2.6865
G01 X107.2576Y3.2527
G00 Z20.0000
G00 X106.0528Y3.5544
G01 Z20.0000
G01 X105.3484Y3.7309
G01 X101.3014Y5.1789
G01 X97.4157Y7.0167
G01 X97.2000Y7.1460
G00 Z20.0000
G00 X97.1990Y7.0215
G01 Z20.0000
G01 X97.2000Y7.0500
G01 X97.2000Y9.9500
G01 X97.1988Y9.9814
G01 X97.1866Y10.1339
G01 X97.1826Y10.1611
G01 X97.1787Y10.1803
G01 X97.1449Y10.3215
G01 X97.1387Y10.3442
G01 X97.1255Y10.3812
G01 X97.0715Y10.5117
G01 X97.0617Y10.5331
G01 X97.0430Y10.5676
G01 X96.9692Y10.6880
G01 X96.9562Y10.7077
G01 X96.9323Y10.7388
G01 X96.8380Y10.8491
G01 X96.8136Y10.8747
G01 X96.7962Y10.8906
G01 X96.6888Y10.9823
G01 X96.6577Y11.0062
G01 X96.6380Y11.0192
G01 X96.5176Y11.0930
G01 X96.4831Y11.1117
G01 X96.4617Y11.1215
G01 X96.3312Y11.1755
G01 X96.2942Y11.1887
G01 X96.2715Y11.1949
G01 X96.1342Y11.2279
G01 X96.0956Y11.2351
G01 X96.0722Y11.2377
G01 X95.9314Y11.2488
G01 X95.9000Y11.2500
G01 X94.1000Y11.2500
G01 X94.0686Y11.2488
G01 X93.9239Y11.2373
G01 X93.9044Y11.2351
G01 X93.8697Y11.2287
G01 X93.7285Y11.1949
G01 X93.7058Y11.1887
G01 X93.6725Y11.1770
G01 X93.5383Y11.1215
G01 X93.5169Y11.1117
G01 X93.4858Y11.0950
G01 X93.3620Y11.0192
G01 X93.3423Y11.0062
G01 X93.3112Y10.9823
G01 X93.2009Y10.8880
G01 X93.1753Y10.8636
G01 X93.1594Y10.8462
G01 X93.0677Y10.7388
G01 X93.0438Y10.7077
G01 X93.0308Y10.6880
G01 X92.9570Y10.5676
G01 X92.9383Y10.5331
G01 X92.9285Y10.5117
G01 X92.8745Y10.3812
G01 X92.8613Y10.3442
G01 X92.8551Y10.3215
G01 X92.8213Y10.1803
G01 X92.8149Y10.1456
G01 X92.8127Y10.1261
G01 X92.8012Y9.9814
G01 X92.8000Y9.9500
G01 X92.8000Y7.0500
G01 X92.8012Y7.0186
G01 X92.8127Y6.8739
G01 X92.8149Y6.8544
G01 X92.8213Y6.8197
G01 X92.8551Y6.6785
G01 X92.8614Y6.6558
G01 X92.8730Y6.6225
G01 X92.9285Y6.4883
G01 X92.9383Y6.4669
G01 X92.9550Y6.4358
G01 X93.0308Y6.3120
G01 X93.0438Y6.2923
G01 X93.0652Y6.2642
G01 X93.1594Y6.1538
G01 X93.1864Y6.1253
G01 X93.2038Y6.1094
G01 X93.3112Y6.0177
G01 X93.3423Y5.9938
G01 X93.3620Y5.9808
G01 X93.4824Y5.9070
G01 X93.5169Y5.8883
G01 X93.5383Y5.8785
G01 X93.6688Y5.8245
G01 X93.7058Y5.8113
G01 X93.7285Y5.8051
G01 X93.8697Y5.7713
G01 X93.8889Y5.7674
G01 X93.9161Y5.7634
G01 X94.0686Y5.7512
G01 X94.1000Y5.7500
G01 X95.9031Y5.7500
G01 X95.9285Y5.7510
G01 X96.0566Y5.7602
G01 X96.0779Y5.7623
G01 X96.1131Y5.7683
G01 X96.2386Y5.7956
G01 X96.2731Y5.8048
G01 X96.2933Y5.8117
G01 X96.4137Y5.8566
G01 X96.4335Y5.8646
G01 X96.4656Y5.8803
G01 X96.5783Y5.9418
G01 X96.5968Y5.9526
G01 X96.6263Y5.9727
G01 X96.7291Y6.0496
G01 X96.7566Y6.0723
G01 X96.7722Y6.0870
G01 X96.8630Y6.1778
G01 X96.8777Y6.1934
G01 X96.8960Y6.2153
G01 X96.9773Y6.3237
G01 X96.9974Y6.3532
G01 X97.0082Y6.3717
G01 X97.0697Y6.4844
G01 X97.0794Y6.5035
G01 X97.0934Y6.5363
G01 X97.1383Y6.6567
G01 X97.1492Y6.6906
G01 X97.1544Y6.7114
G01 X97.1817Y6.8369
G01 X97.1856Y6.8579
G01 X97.1892Y6.8863
G01 X97.1990Y7.0215
G00 Z20.0000
G00 X97.1536Y6.7080
G01 Z20.0000
G01 X97.2272Y6.6639
G01 X101.1483Y4.8094
G01 X105.2323Y3.3481
G01 X109.4399Y2.2942
G01 X113.7306Y1.6577
G01 X118.0629Y1.4449
G01 X122.3953Y1.6577
G01 X126.6859Y2.2942
G01 X130.8935Y3.3481
G01 X134.9775Y4.8094
G01 X138.8987Y6.6639
G01 X142.6191Y8.8939
G01 X143.0993Y9.2500
G01 X143.7699Y9.2500
G01 X142.8413Y8.5613
G01 X139.0872Y6.3112
G01 X135.1306Y4.4398
G01 X131.0096Y2.9653
G01 X126.7639Y1.9018
G01 X122.4345Y1.2596
G01 X118.0629Y1.0449
G01 X113.6914Y1.2596
G01 X109.3619Y1.9018
G01 X105.1162Y2.9653
G01 X100.9952Y4.4398
G01 X97.0386Y6.3112
G01 X96.9893Y6.3407
G00 Z20.0000
G00 X96.7152Y6.0392
G01 Z20.0000
G01 X96.8501Y5.9584
G01 X100.8422Y4.0703
G01 X105.0001Y2.5825
G01 X109.2839Y1.5095
G01 X113.6521Y0.8616
G01 X118.0629Y0.6449
G01 X122.4737Y0.8616
G01 X126.8420Y1.5095
G01 X131.1257Y2.5825
G01 X135.2837Y4.0703
G01 X139.2758Y5.9584
G01 X143.0636Y8.2287
G01 X144.5506Y9.3316
G00 Z20.0000
G00 X144.1500Y9.2500
G01 Z20.0000
G01 X144.1814Y9.2512
G01 X144.2831Y9.2592
G01 X144.3220Y9.2643
G01 X144.3451Y9.2691
G01 X144.4442Y9.2929
G01 X144.4819Y9.3040
G01 X144.5039Y9.3123
G01 X144.5982Y9.3513
G01 X144.6336Y9.3681
G01 X144.6541Y9.3798
G01 X144.7411Y9.4331
G01 X144.7734Y9.4553
G01 X144.7918Y9.4700
G01 X144.8694Y9.5362
G01 X144.8979Y9.5632
G01 X144.9138Y9.5806
G01 X144.9800Y9.6582
G01 X145.0040Y9.6893
G01 X145.0169Y9.7089
G01 X145.0702Y9.7959
G01 X145.0890Y9.8304
G01 X145.0987Y9.8518
G01 X145.1421Y9.9570
G01 X145.1509Y9.9831
G01 X145.1571Y10.0058
G01 X145.1818Y10.1088
G01 X145.1882Y10.1435
G01 X145.1908Y10.1669
G01 X145.1998Y10.2882
G01 X145.2000Y12.1000
G01 X145.1990Y12.1275
G01 X145.1904Y12.2370
G01 X145.1857Y12.2720
G01 X145.1809Y12.2951
G01 X145.1571Y12.3942
G01 X145.1460Y12.4319
G01 X145.1377Y12.4539
G01 X145.0987Y12.5482
G01 X145.0819Y12.5836
G01 X145.0702Y12.6041
G01 X145.0148Y12.6944
G01 X145.0040Y12.7107
G01 X144.9875Y12.7328
G01 X144.9138Y12.8194
G01 X144.8979Y12.8368
G01 X144.8724Y12.8612
G01 X144.7888Y12.9325
G01 X144.7734Y12.9447
G01 X144.7444Y12.9648
G01 X144.6507Y13.0222
G01 X144.6196Y13.0390
G01 X144.5982Y13.0487
G01 X144.4930Y13.0921
G01 X144.4669Y13.1009
G01 X144.4442Y13.1071
G01 X144.3412Y13.1318
G01 X144.3065Y13.1381
G01 X144.2831Y13.1408
G01 X144.1696Y13.1495
G01 X141.8500Y13.1500
G01 X141.8186Y13.1488
G01 X141.7130Y13.1404
G01 X141.6780Y13.1357
G01 X141.6549Y13.1309
G01 X141.5558Y13.1071
G01 X141.5181Y13.0960
G01 X141.4961Y13.0877
G01 X141.4018Y13.0487
G01 X141.3664Y13.0319
G01 X141.3459Y13.0202
G01 X141.2556Y12.9648
G01 X141.2393Y12.9540
G01 X141.2173Y12.9375
G01 X141.1306Y12.8638
G01 X141.1132Y12.8479
G01 X141.0888Y12.8224
G01 X141.0200Y12.7418
G01 X141.0053Y12.7234
G01 X140.9894Y12.7010
G01 X140.9298Y12.6041
G01 X140.9181Y12.5836
G01 X140.9028Y12.5518
G01 X140.8608Y12.4503
G01 X140.8491Y12.4170
G01 X140.8438Y12.3980
G01 X140.8191Y12.2951
G01 X140.8143Y12.2720
G01 X140.8096Y12.2370
G01 X140.8010Y12.1275
G01 X140.8000Y12.1000
G01 X140.8000Y10.3000
G01 X140.8012Y10.2686
G01 X140.8092Y10.1669
G01 X140.8119Y10.1435
G01 X140.8165Y10.1164
G01 X140.8429Y10.0058
G01 X140.8491Y9.9830
G01 X140.8623Y9.9461
G01 X140.9028Y9.8482
G01 X140.9181Y9.8164
G01 X140.9298Y9.7959
G01 X140.9852Y9.7056
G01 X140.9960Y9.6893
G01 X141.0125Y9.6672
G01 X141.0940Y9.5718
G01 X141.1132Y9.5521
G01 X141.1306Y9.5362
G01 X141.2112Y9.4675
G01 X141.2393Y9.4460
G01 X141.2589Y9.4331
G01 X141.3493Y9.3778
G01 X141.3804Y9.3610
G01 X141.3982Y9.3528
G01 X141.4961Y9.3123
G01 X141.5181Y9.3040
G01 X141.5520Y9.2938
G01 X141.6549Y9.2691
G01 X141.6935Y9.2619
G01 X141.7169Y9.2592
G01 X141.8186Y9.2512
G01 X141.8500Y9.2500
G01 X144.1500Y9.2500
G00 Z20.0000
G00 X144.9612Y9.6361
G01 Z20.0000
G01 X146.6106Y10.8594
G01 X148.2500Y12.3452
G01 X148.2500Y12.8844
G01 X146.3569Y11.1686
G01 X145.2000Y10.3106
G01 X145.2000Y10.8080
G01 X146.1031Y11.4778
G01 X148.2500Y13.4236
G01 X148.2500Y13.9628
G01 X145.8493Y11.7870
G01 X145.2000Y11.3054
G01 X145.2000Y11.8028
G01 X145.5956Y12.0962
G01 X148.2500Y14.5020
G01 X148.2500Y15.0412
G01 X145.3418Y12.4054
G01 X145.1827Y12.2874
G00 Z20.0000
G00 X145.0292Y12.6710
G01 Z20.0000
G01 X145.0881Y12.7146
G01 X148.1857Y15.5221
G01 X148.2500Y15.5931
G01 X148.2500Y16.1880
G01 X147.9028Y15.8050
G01 X144.8343Y13.0238
G01 X144.7500Y12.9613
G00 Z20.0000
G00 X144.3158Y13.1367
G01 Z20.0000
G01 X144.5806Y13.3330
G01 X147.6200Y16.0878
G01 X148.2500Y16.7829
G01 X148.2500Y17.3778
G01 X147.3371Y16.3706
G01 X144.3268Y13.6422
G01 X143.6631Y13.1500
G01 X142.9924Y13.1500
G01 X144.0730Y13.9514
G01 X147.0543Y16.6535
G01 X148.2500Y17.9727
G01 X148.2500Y18.5677
G01 X146.7715Y16.9363
G01 X143.8193Y14.2606
G01 X142.3218Y13.1500
G00 Z20.0000
G00 X141.6113Y13.1205
G01 Z20.0000
G01 X143.5655Y14.5698
G01 X146.4886Y17.2192
G01 X148.2500Y19.1626
G00 Z20.0000
G00 X144.7157Y25.5809
G01 Z20.0000
G01 X143.8815Y24.4561
G01 X141.6803Y22.0275
G01 X139.2517Y19.8263
G01 X136.6190Y17.8738
G01 X133.8076Y16.1887
G01 X130.8445Y14.7873
G01 X128.5638Y13.9712
G00 Z20.0000
G00 X128.6927Y14.4417
G01 Z20.0000
G01 X130.6915Y15.1568
G01 X133.6190Y16.5415
G01 X136.3967Y18.2064
G01 X138.9979Y20.1355
G01 X141.3974Y22.3103
G01 X143.5723Y24.7099
G01 X144.1254Y25.4557
G00 Z20.0000
G00 X143.6474Y25.4819
G01 Z20.0000
G01 X143.2631Y24.9636
G01 X141.1146Y22.5932
G01 X138.7441Y20.4447
G01 X136.1745Y18.5390
G01 X133.4304Y16.8942
G01 X130.5384Y15.5264
G01 X128.7000Y14.8686
G00 Z20.0000
G00 X128.6988Y14.5186
G01 Z20.0000
G01 X128.7000Y14.5500
G01 X128.7000Y17.4500
G01 X128.6988Y17.4814
G01 X128.6866Y17.6339
G01 X128.6826Y17.6611
G01 X128.6787Y17.6803
G01 X128.6449Y17.8215
G01 X128.6387Y17.8442
G01 X128.6255Y17.8812
G01 X128.5715Y18.0117
G01 X128.5617Y18.0331
G01 X128.5450Y18.0642
G01 X128.4692Y18.1880
G01 X128.4470Y18.2204
G01 X128.4323Y18.2388
G01 X128.3406Y18.3462
G01 X128.3136Y18.3747
G01 X128.2962Y18.3906
G01 X128.1888Y18.4823
G01 X128.1577Y18.5062
G01 X128.1380Y18.5192
G01 X128.0176Y18.5930
G01 X127.9831Y18.6117
G01 X127.9617Y18.6215
G01 X127.8312Y18.6755
G01 X127.7942Y18.6887
G01 X127.7715Y18.6949
G01 X127.6342Y18.7279
G01 X127.5956Y18.7351
G01 X127.5722Y18.7377
G01 X127.4314Y18.7488
G01 X127.4000Y18.7500
G01 X125.6000Y18.7500
G01 X125.5686Y18.7488
G01 X125.4239Y18.7373
G01 X125.4044Y18.7351
G01 X125.3697Y18.7287
G01 X125.2285Y18.6949
G01 X125.2058Y18.6887
G01 X125.1725Y18.6770
G01 X125.0383Y18.6215
G01 X125.0169Y18.6117
G01 X124.9858Y18.5950
G01 X124.8620Y18.5192
G01 X124.8423Y18.5062
G01 X124.8112Y18.4823
G01 X124.7009Y18.3880
G01 X124.6753Y18.3636
G01 X124.6594Y18.3462
G01 X124.5677Y18.2388
G01 X124.5438Y18.2077
G01 X124.5308Y18.1880
G01 X124.4570Y18.0676
G01 X124.4383Y18.0331
G01 X124.4285Y18.0117
G01 X124.3745Y17.8812
G01 X124.3613Y17.8442
G01 X124.3551Y17.8215
G01 X124.3213Y17.6803
G01 X124.3174Y17.6611
G01 X124.3127Y17.6261
G01 X124.3012Y17.4814
G01 X124.3000Y17.4500
G01 X124.3000Y14.5464
G01 X124.3010Y14.5215
G01 X124.3102Y14.3934
G01 X124.3144Y14.3579
G01 X124.3183Y14.3369
G01 X124.3456Y14.2114
G01 X124.3548Y14.1769
G01 X124.3617Y14.1567
G01 X124.4066Y14.0363
G01 X124.4146Y14.0165
G01 X124.4303Y13.9844
G01 X124.4918Y13.8717
G01 X124.5026Y13.8532
G01 X124.5227Y13.8237
G01 X124.5996Y13.7209
G01 X124.6223Y13.6934
G01 X124.6370Y13.6778
G01 X124.7329Y13.5820
G01 X124.7542Y13.5629
G01 X124.7709Y13.5496
G01 X124.8737Y13.4727
G01 X124.8912Y13.4603
G01 X124.9217Y13.4418
G01 X125.0344Y13.3803
G01 X125.0665Y13.3646
G01 X125.0863Y13.3566
G01 X125.2067Y13.3117
G01 X125.2406Y13.3008
G01 X125.2614Y13.2956
G01 X125.3869Y13.2683
G01 X125.4079Y13.2644
G01 X125.4363Y13.2608
G01 X125.5715Y13.2510
G01 X125.6000Y13.2500
G01 X127.4000Y13.2500
G01 X127.4314Y13.2512
G01 X127.5761Y13.2627
G01 X127.6111Y13.2674
G01 X127.6342Y13.2721
G01 X127.7753Y13.3061
G01 X127.8091Y13.3162
G01 X127.8312Y13.3245
G01 X127.9653Y13.3801
G01 X127.9971Y13.3954
G01 X128.0176Y13.4070
G01 X128.1380Y13.4808
G01 X128.1577Y13.4938
G01 X128.1858Y13.5152
G01 X128.2962Y13.6094
G01 X128.3136Y13.6253
G01 X128.3328Y13.6450
G01 X128.4323Y13.7612
G01 X128.4470Y13.7796
G01 X128.4671Y13.8087
G01 X128.5430Y13.9324
G01 X128.5546Y13.9529
G01 X128.5715Y13.9883
G01 X128.6255Y14.1188
G01 X128.6338Y14.1409
G01 X128.6449Y14.1785
G01 X128.6779Y14.3158
G01 X128.6826Y14.3389
G01 X128.6873Y14.3739
G01 X128.6988Y14.5186
G00 Z20.0000
G00 X128.7000Y15.2929
G01 Z20.0000
G01 X130.3853Y15.8959
G01 X133.2419Y17.2470
G01 X135.9523Y18.8715
G01 X138.4904Y20.7539
G01 X140.8318Y22.8760
G01 X142.9539Y25.2174
G01 X143.2362Y25.5981
G00 Z20.0000
G00 X142.8775Y25.7851
G01 Z20.0000
G01 X142.6446Y25.4712
G01 X140.5489Y23.1589
G01 X138.2366Y21.0631
G01 X135.7300Y19.2041
G01 X133.0533Y17.5998
G01 X130.2322Y16.2655
G01 X128.7000Y15.7172
G01 X128.7000Y16.1416
G01 X130.0792Y16.6350
G01 X132.8648Y17.9525
G01 X135.5078Y19.5367
G01 X137.9829Y21.3723
G01 X140.2661Y23.4417
G01 X142.3354Y25.7249
G01 X142.5660Y26.0357
G00 Z20.0000
G00 X142.3024Y26.3511
G01 Z20.0000
G01 X142.0262Y25.9787
G01 X139.9832Y23.7246
G01 X137.7291Y21.6815
G01 X135.2856Y19.8693
G01 X132.6762Y18.3053
G01 X131.9001Y17.9382
G00 Z20.0000
G00 X132.0424Y18.4475
G01 Z20.0000
G01 X132.4877Y18.6581
G01 X135.0634Y20.2019
G01 X137.4754Y21.9907
G01 X139.7004Y24.0074
G01 X141.7170Y26.2324
G01 X142.0957Y26.7430
G00 Z20.0000
G00 X141.9679Y27.2414
G01 Z20.0000
G01 X141.4078Y26.4862
G01 X139.4175Y24.2902
G01 X137.2216Y22.2999
G01 X134.8411Y20.5345
G01 X132.2991Y19.0108
G01 X132.0239Y18.8807
G00 Z20.0000
G00 X131.8992Y19.2637
G01 Z20.0000
G01 X132.1105Y19.3636
G01 X134.6189Y20.8671
G01 X136.9678Y22.6092
G01 X139.1347Y24.5731
G01 X141.0986Y26.7399
G01 X142.0042Y27.9609
G00 Z20.0000
G00 X141.9501Y27.5098
G01 Z20.0000
G01 X141.9505Y27.4804
G01 X141.9595Y27.3040
G01 X141.9623Y27.2796
G01 X141.9885Y27.1049
G01 X141.9937Y27.0809
G01 X142.0369Y26.9096
G01 X142.0444Y26.8863
G01 X142.1042Y26.7201
G01 X142.1140Y26.6976
G01 X142.1898Y26.5380
G01 X142.2017Y26.5166
G01 X142.2928Y26.3652
G01 X142.3068Y26.3450
G01 X142.4123Y26.2033
G01 X142.4282Y26.1846
G01 X142.5470Y26.0539
G01 X142.5647Y26.0369
G01 X142.6957Y25.9185
G01 X142.7150Y25.9032
G01 X142.8570Y25.7983
G01 X142.8777Y25.7850
G01 X143.0293Y25.6944
G01 X143.0512Y25.6832
G01 X143.2110Y25.6080
G01 X143.2338Y25.5990
G01 X143.4002Y25.5398
G01 X143.4238Y25.5330
G01 X143.5953Y25.4904
G01 X143.6194Y25.4860
G01 X143.7942Y25.4604
G01 X143.8186Y25.4584
G01 X143.9951Y25.4501
G01 X144.0196Y25.4505
G01 X144.1960Y25.4595
G01 X144.2204Y25.4623
G01 X144.3951Y25.4885
G01 X144.4191Y25.4937
G01 X144.5904Y25.5369
G01 X144.6137Y25.5444
G01 X144.7799Y25.6042
G01 X144.8025Y25.6140
G01 X144.9620Y25.6898
G01 X144.9834Y25.7017
G01 X145.1348Y25.7928
G01 X145.1550Y25.8068
G01 X145.2967Y25.9123
G01 X145.3154Y25.9282
G01 X145.4461Y26.0470
G01 X145.4631Y26.0647
G01 X145.5815Y26.1957
G01 X145.5968Y26.2150
G01 X145.7017Y26.3570
G01 X145.7150Y26.3777
G01 X145.8056Y26.5293
G01 X145.8168Y26.5512
G01 X145.8920Y26.7110
G01 X145.9010Y26.7338
G01 X145.9602Y26.9002
G01 X145.9670Y26.9238
G01 X146.0096Y27.0953
G01 X146.0140Y27.1194
G01 X146.0396Y27.2942
G01 X146.0416Y27.3186
G01 X146.0499Y27.4951
G01 X146.0495Y27.5196
G01 X146.0406Y27.6960
G01 X146.0377Y27.7204
G01 X146.0115Y27.8951
G01 X146.0063Y27.9191
G01 X145.9631Y28.0904
G01 X145.9556Y28.1137
G01 X145.8958Y28.2800
G01 X145.8860Y28.3024
G01 X145.8102Y28.4620
G01 X145.7983Y28.4834
G01 X145.7072Y28.6348
G01 X145.6932Y28.6550
G01 X145.5877Y28.7967
G01 X145.5718Y28.8154
G01 X145.4530Y28.9461
G01 X145.4354Y28.9631
G01 X145.3043Y29.0815
G01 X145.2850Y29.0968
G01 X145.1430Y29.2017
G01 X145.1223Y29.2150
G01 X144.9707Y29.3056
G01 X144.9488Y29.3168
G01 X144.7890Y29.3920
G01 X144.7662Y29.4010
G01 X144.5998Y29.4602
G01 X144.5762Y29.4670
G01 X144.4047Y29.5096
G01 X144.3806Y29.5140
G01 X144.2058Y29.5396
G01 X144.1814Y29.5416
G01 X144.0049Y29.5499
G01 X143.9804Y29.5495
G01 X143.8040Y29.5405
G01 X143.7796Y29.5377
G01 X143.6049Y29.5115
G01 X143.5809Y29.5063
G01 X143.4096Y29.4631
G01 X143.3863Y29.4556
G01 X143.2201Y29.3958
G01 X143.1976Y29.3860
G01 X143.0380Y29.3102
G01 X143.0166Y29.2983
G01 X142.8652Y29.2072
G01 X142.8450Y29.1932
G01 X142.7033Y29.0877
G01 X142.6846Y29.0718
G01 X142.5539Y28.9530
G01 X142.5369Y28.9353
G01 X142.4185Y28.8043
G01 X142.4033Y28.7850
G01 X142.2983Y28.6430
G01 X142.2850Y28.6223
G01 X142.1944Y28.4707
G01 X142.1832Y28.4488
G01 X142.1080Y28.2890
G01 X142.0990Y28.2662
G01 X142.0398Y28.0998
G01 X142.0330Y28.0762
G01 X141.9904Y27.9047
G01 X141.9860Y27.8806
G01 X141.9604Y27.7058
G01 X141.9584Y27.6814
G01 X141.9501Y27.5098
G00 Z20.0000
G00 X142.9380Y29.2512
G01 Z20.0000
G01 X144.3442Y31.5972
G01 X145.5945Y34.2409
G01 X146.5797Y36.9944
G01 X147.2903Y39.8312
G01 X147.7194Y42.7240
G01 X147.8629Y45.6449
G01 X147.7194Y48.5658
G01 X147.2903Y51.4586
G01 X146.5797Y54.2953
G01 X145.5945Y57.0488
G01 X145.5700Y57.1007
G00 Z20.0000
G00 X145.5136Y56.0892
G01 Z20.0000
G01 X146.1970Y54.1792
G01 X146.8980Y51.3805
G01 X147.3213Y48.5266
G01 X147.4629Y45.6449
G01 X147.3213Y42.7632
G01 X146.8980Y39.9092
G01 X146.1970Y37.1105
G01 X145.2250Y34.3940
G01 X143.9914Y31.7858
G01 X142.5081Y29.3111
G01 X140.7894Y26.9937
G01 X138.8519Y24.8559
G01 X136.7141Y22.9184
G01 X134.3967Y21.1997
G01 X131.9220Y19.7164
G01 X131.6814Y19.6026
G00 Z20.0000
G00 X131.3573Y19.8913
G01 Z20.0000
G01 X131.7334Y20.0691
G01 X134.1745Y21.5322
G01 X136.4603Y23.2276
G01 X138.5690Y25.1388
G01 X140.4802Y27.2475
G01 X142.1755Y29.5333
G01 X143.6386Y31.9744
G01 X144.8554Y34.5470
G01 X145.8142Y37.2266
G01 X146.5057Y39.9872
G01 X146.9233Y42.8024
G01 X147.0629Y45.6449
G01 X146.9233Y48.4874
G01 X146.5057Y51.3025
G01 X145.8142Y54.0631
G01 X145.2696Y55.5852
G00 Z20.0000
G00 X144.9587Y55.2681
G01 Z20.0000
G01 X145.4314Y53.9470
G01 X146.1134Y51.2244
G01 X146.5252Y48.4482
G01 X146.6629Y45.6449
G01 X146.5252Y42.8416
G01 X146.1134Y40.0653
G01 X145.4314Y37.3427
G01 X144.4859Y34.7001
G01 X143.2859Y32.1629
G01 X141.8429Y29.7556
G01 X140.1710Y27.5012
G01 X138.2862Y25.4216
G01 X136.2066Y23.5368
G01 X133.9522Y21.8648
G01 X131.5449Y20.4219
G01 X130.8715Y20.1034
G00 Z20.0000
G00 X129.1022Y19.2666
G01 Z20.0000
G01 X129.0077Y19.2219
G01 X127.6297Y18.7289
G00 Z20.0000
G00 X128.1694Y18.4977
G01 Z20.0000
G01 X128.9613Y18.7810
G00 Z20.0000
G00 X128.9501Y18.6098
G01 Z20.0000
G01 X128.9505Y18.5804
G01 X128.9570Y18.4530
G01 X128.9599Y18.4286
G01 X128.9789Y18.3024
G01 X128.9841Y18.2785
G01 X129.0154Y18.1548
G01 X129.0229Y18.1314
G01 X129.0662Y18.0114
G01 X129.0759Y17.9889
G01 X129.1308Y17.8737
G01 X129.1427Y17.8523
G01 X129.2086Y17.7430
G01 X129.2225Y17.7228
G01 X129.2988Y17.6205
G01 X129.3147Y17.6018
G01 X129.4006Y17.5075
G01 X129.4182Y17.4904
G01 X129.5129Y17.4050
G01 X129.5322Y17.3898
G01 X129.6348Y17.3140
G01 X129.6555Y17.3007
G01 X129.7650Y17.2354
G01 X129.7869Y17.2242
G01 X129.9023Y17.1699
G01 X129.9252Y17.1609
G01 X130.0454Y17.1182
G01 X130.0690Y17.1115
G01 X130.1928Y17.0808
G01 X130.2170Y17.0764
G01 X130.3432Y17.0580
G01 X130.3677Y17.0560
G01 X130.4951Y17.0501
G01 X130.5196Y17.0505
G01 X130.6470Y17.0570
G01 X130.6714Y17.0599
G01 X130.7976Y17.0789
G01 X130.8215Y17.0841
G01 X130.9452Y17.1154
G01 X130.9686Y17.1229
G01 X131.0886Y17.1662
G01 X131.1111Y17.1759
G01 X131.2263Y17.2308
G01 X131.2477Y17.2427
G01 X131.3570Y17.3085
G01 X131.3772Y17.3225
G01 X131.4795Y17.3988
G01 X131.4982Y17.4147
G01 X131.5925Y17.5006
G01 X131.6096Y17.5182
G01 X131.6950Y17.6129
G01 X131.7102Y17.6322
G01 X131.7860Y17.7348
G01 X131.7993Y17.7555
G01 X131.8646Y17.8650
G01 X131.8758Y17.8869
G01 X131.9301Y18.0023
G01 X131.9391Y18.0252
G01 X131.9818Y18.1454
G01 X131.9885Y18.1690
G01 X132.0192Y18.2928
G01 X132.0236Y18.3170
G01 X132.0420Y18.4432
G01 X132.0440Y18.4677
G01 X132.0499Y18.5951
G01 X132.0495Y18.6196
G01 X132.0430Y18.7470
G01 X132.0401Y18.7714
G01 X132.0211Y18.8976
G01 X132.0159Y18.9215
G01 X131.9846Y19.0452
G01 X131.9771Y19.0686
G01 X131.9338Y19.1886
G01 X131.9241Y19.2111
G01 X131.8692Y19.3263
G01 X131.8573Y19.3477
G01 X131.7915Y19.4570
G01 X131.7775Y19.4772
G01 X131.7012Y19.5795
G01 X131.6853Y19.5982
G01 X131.5994Y19.6925
G01 X131.5818Y19.7096
G01 X131.4871Y19.7950
G01 X131.4678Y19.8102
G01 X131.3652Y19.8860
G01 X131.3445Y19.8993
G01 X131.2350Y19.9646
G01 X131.2131Y19.9758
G01 X131.0977Y20.0301
G01 X131.0748Y20.0391
G01 X130.9546Y20.0818
G01 X130.9310Y20.0885
G01 X130.8072Y20.1192
G01 X130.7830Y20.1236
G01 X130.6568Y20.1420
G01 X130.6323Y20.1440
G01 X130.5049Y20.1499
G01 X130.4804Y20.1495
G01 X130.3530Y20.1430
G01 X130.3286Y20.1401
G01 X130.2024Y20.1211
G01 X130.1785Y20.1159
G01 X130.0548Y20.0846
G01 X130.0314Y20.0771
G01 X129.9114Y20.0338
G01 X129.8889Y20.0241
G01 X129.7737Y19.9692
G01 X129.7523Y19.9573
G01 X129.6430Y19.8915
G01 X129.6228Y19.8775
G01 X129.5205Y19.8012
G01 X129.5018Y19.7853
G01 X129.4075Y19.6994
G01 X129.3904Y19.6818
G01 X129.3050Y19.5871
G01 X129.2898Y19.5678
G01 X129.2140Y19.4652
G01 X129.2007Y19.4445
G01 X129.1354Y19.3350
G01 X129.1242Y19.3131
G01 X129.0699Y19.1977
G01 X129.0609Y19.1748
G01 X129.0182Y19.0546
G01 X129.0115Y19.0310
G01 X128.9808Y18.9072
G01 X128.9764Y18.8830
G01 X128.9580Y18.7568
G01 X128.9560Y18.7323
G01 X128.9501Y18.6098
G00 Z20.0000
G00 X128.9701Y18.3598
G01 Z20.0000
G01 X128.4729Y18.1819
G00 Z20.0000
G00 X128.6454Y17.8193
G01 Z20.0000
G01 X129.0822Y17.9756
G00 Z20.0000
G00 X129.2937Y17.6270
G01 Z20.0000
G01 X128.7000Y17.4145
G01 X128.7000Y16.9902
G01 X129.6248Y17.3211
G00 Z20.0000
G00 X130.1233Y17.0979
G01 Z20.0000
G01 X129.9261Y17.0046
G01 X128.7000Y16.5659
G00 Z20.0000
G00 X126.5029Y18.7500
G01 Z20.0000
G01 X128.8546Y19.5915
G01 X131.3563Y20.7747
G01 X133.7300Y22.1974
G01 X135.9528Y23.8460
G01 X138.0033Y25.7045
G01 X139.8618Y27.7550
G01 X141.5104Y29.9778
G01 X142.9331Y32.3515
G01 X144.1163Y34.8532
G01 X145.0486Y37.4588
G01 X145.7211Y40.1433
G01 X146.1271Y42.8808
G01 X146.2629Y45.6449
G01 X146.1271Y48.4089
G01 X145.7211Y51.1464
G01 X145.0486Y53.8309
G01 X144.6069Y55.0655
G00 Z20.0000
G00 X144.2189Y54.9639
G01 Z20.0000
G01 X144.6659Y53.7148
G01 X145.3287Y51.0684
G01 X145.7291Y48.3697
G01 X145.8629Y45.6449
G01 X145.7291Y42.9200
G01 X145.5325Y41.5951
G00 Z20.0000
G00 X145.2237Y42.2363
G01 Z20.0000
G01 X145.3310Y42.9592
G01 X145.4629Y45.6449
G01 X145.3310Y48.3305
G01 X144.9364Y50.9903
G01 X144.2831Y53.5987
G01 X143.7931Y54.9681
G00 Z20.0000
G00 X143.3141Y55.1208
G01 Z20.0000
G01 X143.9003Y53.4825
G01 X144.5441Y50.9123
G01 X144.9329Y48.2913
G01 X145.0629Y45.6449
G01 X144.9329Y42.9984
G01 X144.8675Y42.5575
G00 Z20.0000
G00 X144.4902Y42.7365
G01 Z20.0000
G01 X144.5348Y43.0376
G01 X144.6629Y45.6449
G01 X144.5348Y48.2521
G01 X144.1518Y50.8343
G01 X143.5175Y53.3664
G01 X142.7256Y55.5798
G00 Z20.0000
G00 X142.4140Y55.2647
G01 Z20.0000
G01 X143.1348Y53.2503
G01 X143.7595Y50.7562
G01 X144.1368Y48.2129
G01 X144.2629Y45.6449
G01 X144.1368Y43.0768
G01 X144.0967Y42.8067
G00 Z20.0000
G00 X143.6878Y42.7733
G01 Z20.0000
G01 X143.7387Y43.1160
G01 X143.8629Y45.6449
G01 X143.7387Y48.1737
G01 X143.3672Y50.6782
G01 X142.7520Y53.1342
G01 X142.0617Y55.0635
G00 Z20.0000
G00 X141.6733Y54.9631
G01 Z20.0000
G01 X142.3692Y53.0181
G01 X142.9749Y50.6002
G01 X143.3406Y48.1345
G01 X143.4629Y45.6449
G01 X143.3406Y43.1552
G01 X143.2597Y42.6098
G00 Z20.0000
G00 X142.7965Y42.2100
G01 Z20.0000
G01 X142.9425Y43.1944
G01 X143.0629Y45.6449
G01 X142.9425Y48.0953
G01 X142.5825Y50.5221
G01 X141.9864Y52.9020
G01 X141.2468Y54.9690
G00 Z20.0000
G00 X140.7572Y55.1290
G01 Z20.0000
G01 X140.7904Y55.0589
G01 X141.6036Y52.7859
G01 X142.1902Y50.4441
G01 X142.5445Y48.0561
G01 X142.6629Y45.6449
G01 X142.5445Y43.2336
G01 X142.4329Y42.4813
G00 Z20.0000
G00 X142.0609Y42.6968
G01 Z20.0000
G01 X142.1464Y43.2728
G01 X142.2629Y45.6449
G01 X142.1464Y48.0169
G01 X141.7979Y50.3660
G01 X141.2209Y52.6698
G01 X140.4208Y54.9058
G01 X140.1341Y55.5119
G00 Z20.0000
G00 X139.8260Y55.2290
G01 Z20.0000
G01 X140.0512Y54.7527
G01 X140.8381Y52.5536
G01 X141.4056Y50.2880
G01 X141.7483Y47.9777
G01 X141.8629Y45.6449
G01 X141.7483Y43.3121
G01 X141.6719Y42.7971
G00 Z20.0000
G00 X141.2676Y42.7941
G01 Z20.0000
G01 X141.3502Y43.3513
G01 X141.4629Y45.6449
G01 X141.3502Y47.9385
G01 X141.0133Y50.2100
G01 X140.4553Y52.4375
G01 X139.6817Y54.5997
G01 X139.4710Y55.0452
G00 Z20.0000
G00 X139.0712Y54.9560
G01 Z20.0000
G01 X139.3121Y54.4466
G01 X140.0725Y52.3214
G01 X140.6210Y50.1319
G01 X140.9522Y47.8993
G01 X141.0629Y45.6449
G01 X140.9522Y43.3905
G01 X140.8458Y42.6731
G00 Z20.0000
G00 X140.3966Y42.3681
G01 Z20.0000
G01 X140.5541Y43.4297
G01 X140.6629Y45.6449
G01 X140.5541Y47.8601
G01 X140.2287Y50.0539
G01 X139.6898Y52.2053
G01 X138.9426Y54.2935
G01 X138.6156Y54.9848
G00 Z20.0000
G00 X138.0604Y55.2243
G01 Z20.0000
G01 X138.5730Y54.1404
G01 X139.3070Y52.0892
G01 X139.8363Y49.9759
G01 X140.1560Y47.8208
G01 X140.2629Y45.6449
G01 X140.1560Y43.4689
G01 X139.9964Y42.3926
G00 Z20.0000
G00 X139.6302Y42.6467
G01 Z20.0000
G01 X139.7579Y43.5081
G01 X139.8629Y45.6449
G01 X139.7579Y47.7816
G01 X139.4440Y49.8978
G01 X138.9242Y51.9731
G01 X138.2035Y53.9874
G01 X137.5209Y55.4307
G00 Z20.0000
G00 X137.2002Y55.1742
G01 Z20.0000
G01 X137.8339Y53.8343
G01 X138.5414Y51.8570
G01 X139.0517Y49.8198
G01 X139.3599Y47.7424
G01 X139.4629Y45.6449
G01 X139.3599Y43.5473
G01 X139.2460Y42.7794
G00 Z20.0000
G00 X138.8460Y42.8059
G01 Z20.0000
G01 X138.9618Y43.5865
G01 X139.0629Y45.6449
G01 X138.9618Y47.7032
G01 X138.6594Y49.7418
G01 X138.1587Y51.7408
G01 X137.4644Y53.6812
G01 X136.8347Y55.0125
G00 Z20.0000
G00 X136.4221Y54.9506
G01 Z20.0000
G01 X137.0948Y53.5281
G01 X137.7759Y51.6247
G01 X138.2671Y49.6637
G01 X138.5637Y47.6640
G01 X138.6629Y45.6449
G01 X138.5637Y43.6257
G01 X138.4297Y42.7222
G00 Z20.0000
G00 X137.9904Y42.4838
G01 Z20.0000
G01 X138.1656Y43.6649
G01 X138.2629Y45.6449
G01 X138.1656Y47.6248
G01 X137.8748Y49.5857
G01 X137.3931Y51.5086
G01 X136.7253Y53.3751
G01 X135.9486Y55.0173
G00 Z20.0000
G00 X135.2037Y55.5145
G01 Z20.0000
G01 X135.5250Y54.9785
G01 X136.3557Y53.2220
G01 X137.0103Y51.3925
G01 X137.4825Y49.5077
G01 X137.7676Y47.5856
G01 X137.8629Y45.6449
G01 X137.7676Y43.7041
G01 X137.5576Y42.2888
G00 Z20.0000
G00 X137.1980Y42.5872
G01 Z20.0000
G01 X137.3695Y43.7433
G01 X137.4629Y45.6449
G01 X137.3695Y47.5464
G01 X137.0902Y49.4296
G01 X136.6276Y51.2764
G01 X135.9862Y53.0689
G01 X135.1722Y54.7900
G01 X134.8579Y55.3144
G00 Z20.0000
G00 X134.5209Y55.0995
G01 Z20.0000
G01 X134.8194Y54.6014
G01 X135.6166Y52.9158
G01 X136.2448Y51.1603
G01 X136.6978Y49.3516
G01 X136.9714Y47.5072
G01 X137.0629Y45.6449
G01 X136.9714Y43.7825
G01 X136.8185Y42.7516
G00 Z20.0000
G00 X136.4232Y42.8093
G01 Z20.0000
G01 X136.5734Y43.8217
G01 X136.6629Y45.6449
G01 X136.5734Y47.4680
G01 X136.3055Y49.2735
G01 X135.8620Y51.0442
G01 X135.2471Y52.7628
G01 X134.4667Y54.4128
G01 X134.1300Y54.9745
G00 Z20.0000
G00 X133.6715Y54.9624
G01 Z20.0000
G01 X134.1139Y54.2243
G01 X134.8775Y52.6097
G01 X135.4792Y50.9280
G01 X135.9132Y49.1955
G01 X136.1753Y47.4288
G01 X136.2629Y45.6449
G01 X136.1753Y43.8610
G01 X136.0119Y42.7592
G00 Z20.0000
G00 X135.5805Y42.5743
G01 Z20.0000
G01 X135.7772Y43.9002
G01 X135.8629Y45.6449
G01 X135.7772Y47.3896
G01 X135.5209Y49.1175
G01 X135.0965Y50.8119
G01 X134.5080Y52.4566
G01 X133.7611Y54.0357
G01 X133.0894Y55.1564
G01 X132.4417Y55.4316
G01 X132.5305Y55.3118
G01 X133.4083Y53.8472
G01 X134.1384Y52.3036
G01 X134.7137Y50.6958
G01 X135.1286Y49.0394
G01 X135.3791Y47.3504
G01 X135.4629Y45.6449
G01 X135.3791Y43.9394
G01 X135.1286Y42.2503
G01 X135.1096Y42.1747
G00 Z20.0000
G00 X134.7643Y42.5174
G01 Z20.0000
G01 X134.9811Y43.9786
G01 X135.0629Y45.6449
G01 X134.9811Y47.3112
G01 X134.7363Y48.9614
G01 X134.3309Y50.5797
G01 X133.7689Y52.1505
G01 X133.0556Y53.6586
G01 X132.1979Y55.0896
G01 X132.1306Y55.1803
G00 Z20.0000
G00 X131.7572Y55.0131
G01 Z20.0000
G01 X131.8653Y54.8673
G01 X132.7028Y53.4700
G01 X133.3993Y51.9974
G01 X133.9481Y50.4636
G01 X134.3440Y48.8834
G01 X134.5830Y47.2719
G01 X134.6629Y45.6449
G01 X134.5830Y44.0178
G01 X134.3898Y42.7152
G00 Z20.0000
G00 X133.9990Y42.8036
G01 Z20.0000
G01 X134.1849Y44.0570
G01 X134.2629Y45.6449
G01 X134.1849Y47.2327
G01 X133.9516Y48.8053
G01 X133.5653Y50.3475
G01 X133.0298Y51.8443
G01 X132.3500Y53.2815
G01 X131.5327Y54.6451
G01 X131.3064Y54.9503
G00 Z20.0000
G00 X130.7192Y55.0713
G01 Z20.0000
G01 X131.2001Y54.4229
G01 X131.9973Y53.0929
G01 X132.6602Y51.6913
G01 X133.1826Y50.2314
G01 X133.5593Y48.7273
G01 X133.7868Y47.1935
G01 X133.8629Y45.6449
G01 X133.7868Y44.0962
G01 X133.5925Y42.7859
G00 Z20.0000
G00 X133.1678Y42.6457
G01 Z20.0000
G01 X133.3888Y44.1354
G01 X133.4629Y45.6449
G01 X133.3888Y47.1543
G01 X133.1670Y48.6493
G01 X132.7998Y50.1152
G01 X132.2907Y51.5382
G01 X131.6445Y52.9044
G01 X130.8675Y54.2006
G01 X129.9673Y55.4145
G01 X129.9267Y55.4592
G00 Z20.0000
G00 X129.6228Y55.1997
G01 Z20.0000
G01 X129.6581Y55.1608
G01 X130.5350Y53.9784
G01 X131.2917Y52.7158
G01 X131.9211Y51.3851
G01 X132.4170Y49.9991
G01 X132.7747Y48.5712
G01 X132.9907Y47.1151
G01 X133.0629Y45.6449
G01 X132.9907Y44.1746
G01 X132.7747Y42.7185
G01 X132.6528Y42.2318
G01 X132.2986Y42.4619
G01 X132.3824Y42.7965
G01 X132.5926Y44.2138
G01 X132.6629Y45.6449
G01 X132.5926Y47.0759
G01 X132.3824Y48.4932
G01 X132.0342Y49.8830
G01 X131.5516Y51.2320
G01 X130.9390Y52.5273
G01 X130.2024Y53.7562
G01 X129.3489Y54.9070
G01 X129.2450Y55.0217
G00 Z20.0000
G00 X128.7705Y54.9502
G01 Z20.0000
G01 X129.0397Y54.6532
G01 X129.8698Y53.5340
G01 X130.5862Y52.3387
G01 X131.1820Y51.0790
G01 X131.6515Y49.7669
G01 X131.9901Y48.4151
G01 X132.1945Y47.0367
G01 X132.2629Y45.6449
G01 X132.1945Y44.2530
G01 X131.9901Y42.8746
G01 X131.9412Y42.6793
G00 Z20.0000
G00 X131.5571Y42.7904
G01 Z20.0000
G01 X131.5978Y42.9526
G01 X131.7965Y44.2922
G01 X131.8629Y45.6449
G01 X131.7965Y46.9975
G01 X131.5978Y48.3371
G01 X131.2687Y49.6508
G01 X130.8125Y50.9259
G01 X130.2334Y52.1501
G01 X129.5372Y53.3117
G01 X128.7305Y54.3995
G01 X128.0787Y55.1186
G01 X127.2808Y55.3533
G01 X127.5381Y55.1201
G01 X128.4213Y54.1457
G01 X129.2046Y53.0895
G01 X129.8807Y51.9616
G01 X130.4429Y50.7728
G01 X130.8859Y49.5347
G01 X131.2054Y48.2591
G01 X131.3984Y46.9583
G01 X131.4629Y45.6449
G01 X131.3984Y44.3314
G01 X131.2054Y43.0307
G01 X131.1477Y42.8000
G00 Z20.0000
G00 X130.7065Y42.6829
G01 Z20.0000
G01 X130.8131Y43.1087
G01 X131.0003Y44.3706
G01 X131.0629Y45.6449
G01 X131.0003Y46.9191
G01 X130.8131Y48.1810
G01 X130.5031Y49.4186
G01 X130.0733Y50.6197
G01 X129.5279Y51.7730
G01 X128.8720Y52.8673
G01 X128.1121Y53.8920
G01 X127.2553Y54.8373
G01 X126.9437Y55.1197
G00 Z20.0000
G00 X126.5091Y54.9744
G01 Z20.0000
G01 X126.9725Y54.5544
G01 X127.8028Y53.6382
G01 X128.5394Y52.6450
G01 X129.1751Y51.5845
G01 X129.7038Y50.4667
G01 X130.1204Y49.3025
G01 X130.4208Y48.1030
G01 X130.6022Y46.8799
G01 X130.6629Y45.6449
G01 X130.6022Y44.4098
G01 X130.4208Y43.1867
G01 X130.2087Y42.3398
G01 X129.8149Y42.4121
G01 X130.0285Y43.2648
G01 X130.2042Y44.4491
G01 X130.2629Y45.6449
G01 X130.2042Y46.8407
G01 X130.0285Y48.0250
G01 X129.7376Y49.1863
G01 X129.3342Y50.3136
G01 X128.8224Y51.3959
G01 X128.2068Y52.4228
G01 X127.4936Y53.3845
G01 X126.6896Y54.2716
G01 X125.8978Y54.9893
G00 Z20.0000
G00 X124.7483Y55.3601
G01 Z20.0000
G01 X125.5488Y54.7664
G01 X126.4068Y53.9887
G01 X127.1844Y53.1307
G01 X127.8743Y52.2006
G01 X128.4696Y51.2073
G01 X128.9647Y50.1605
G01 X129.3548Y49.0702
G01 X129.6362Y47.9469
G01 X129.8061Y46.8015
G01 X129.8629Y45.6449
G01 X129.8061Y44.4883
G01 X129.6362Y43.3428
G01 X129.4627Y42.6502
G00 Z20.0000
G00 X129.0833Y42.7800
G01 Z20.0000
G01 X129.2439Y43.4208
G01 X129.4080Y44.5275
G01 X129.4629Y45.6449
G01 X129.4080Y46.7623
G01 X129.2439Y47.8689
G01 X128.9720Y48.9541
G01 X128.5951Y50.0075
G01 X128.1168Y51.0188
G01 X127.5417Y51.9784
G01 X126.8752Y52.8769
G01 X126.1239Y53.7059
G01 X125.2950Y54.4572
G01 X124.4024Y55.1191
G00 Z20.0000
G00 X123.8883Y54.9624
G01 Z20.0000
G01 X124.1742Y54.7910
G01 X125.0412Y54.1480
G01 X125.8411Y53.4230
G01 X126.5660Y52.6232
G01 X127.2091Y51.7561
G01 X127.7640Y50.8302
G01 X128.2256Y49.8544
G01 X128.5893Y48.8380
G01 X128.8516Y47.7909
G01 X129.0099Y46.7231
G01 X129.0629Y45.6449
G01 X129.0099Y44.5667
G01 X128.8516Y43.4989
G01 X128.6779Y42.8055
G00 Z20.0000
G00 X128.2427Y42.7125
G01 Z20.0000
G01 X128.4592Y43.5769
G01 X128.6119Y44.6059
G01 X128.6629Y45.6449
G01 X128.6119Y46.6838
G01 X128.4592Y47.7128
G01 X128.2065Y48.7219
G01 X127.8560Y49.7013
G01 X127.4113Y50.6417
G01 X126.8765Y51.5339
G01 X126.2568Y52.3694
G01 X125.5582Y53.1402
G01 X124.7875Y53.8388
G01 X123.9520Y54.4584
G01 X123.0597Y54.9932
G01 X122.2343Y55.3836
G00 Z20.0000
G00 X121.8461Y55.1114
G01 Z20.0000
G01 X121.9663Y55.0684
G01 X122.8712Y54.6405
G01 X123.7297Y54.1259
G01 X124.5337Y53.5296
G01 X125.2754Y52.8574
G01 X125.9476Y52.1157
G01 X126.5439Y51.3117
G01 X127.0585Y50.4531
G01 X127.4865Y49.5482
G01 X127.8237Y48.6058
G01 X128.0669Y47.6348
G01 X128.2138Y46.6446
G01 X128.2629Y45.6449
G01 X128.2138Y44.6451
G01 X128.0669Y43.6549
G01 X127.8237Y42.6840
G01 X127.7175Y42.3870
G00 Z20.0000
G00 X120.6629Y45.6449
G01 Z20.0000
G01 X120.6504Y45.3900
G01 X120.6130Y45.1376
G01 X120.5510Y44.8901
G01 X120.4650Y44.6499
G01 X120.3559Y44.4192
G01 X120.2247Y44.2004
G01 X120.0727Y43.9954
G01 X119.9014Y43.8064
G01 X119.7123Y43.6350
G01 X119.5074Y43.4830
G01 X119.2885Y43.3519
G01 X119.0579Y43.2428
G01 X118.8177Y43.1568
G01 X118.5702Y43.0948
G01 X118.3178Y43.0574
G01 X118.0629Y43.0449
G01 X117.8081Y43.0574
G01 X117.5557Y43.0948
G01 X117.3082Y43.1568
G01 X117.0679Y43.2428
G01 X116.8373Y43.3519
G01 X116.6184Y43.4830
G01 X116.4135Y43.6350
G01 X116.2244Y43.8064
G01 X116.0531Y43.9954
G01 X115.9011Y44.2004
G01 X115.7699Y44.4192
G01 X115.6608Y44.6499
G01 X115.5749Y44.8901
G01 X115.5129Y45.1376
G01 X115.4754Y45.3900
G01 X115.4629Y45.6449
G01 X115.4754Y45.8997
G01 X115.5129Y46.1521
G01 X115.5749Y46.3996
G01 X115.6608Y46.6398
G01 X115.7699Y46.8705
G01 X115.9011Y47.0893
G01 X116.0531Y47.2943
G01 X116.2244Y47.4833
G01 X116.4135Y47.6547
G01 X116.6184Y47.8067
G01 X116.8373Y47.9379
G01 X117.0679Y48.0470
G01 X117.3082Y48.1329
G01 X117.5557Y48.1949
G01 X117.8081Y48.2323
G01 X118.0629Y48.2449
G01 X118.3178Y48.2323
G01 X118.5702Y48.1949
G01 X118.8177Y48.1329
G01 X119.0579Y48.0470
G01 X119.2885Y47.9379
G01 X119.5074Y47.8067
G01 X119.7123Y47.6547
G01 X119.9014Y47.4833
G01 X120.0727Y47.2943
G01 X120.2247Y47.0893
G01 X120.3559Y46.8705
G01 X120.4650Y46.6398
G01 X120.5510Y46.3996
G01 X120.6130Y46.1521
G01 X120.6504Y45.8997
G01 X120.6629Y45.6449
G01 X120.2629Y45.6449
G01 X120.2523Y45.4292
G01 X120.2206Y45.2157
G01 X120.1682Y45.0062
G01 X120.0955Y44.8030
G01 X120.0031Y44.6078
G01 X119.8921Y44.4226
G01 X119.7635Y44.2492
G01 X119.6186Y44.0892
G01 X119.4586Y43.9442
G01 X119.2852Y43.8156
G01 X119.1000Y43.7046
G01 X118.9048Y43.6123
G01 X118.7015Y43.5396
G01 X118.4921Y43.4871
G01 X118.2786Y43.4555
G01 X118.0629Y43.4449
G01 X117.8473Y43.4555
G01 X117.6337Y43.4871
G01 X117.4243Y43.5396
G01 X117.2210Y43.6123
G01 X117.0258Y43.7046
G01 X116.8407Y43.8156
G01 X116.6673Y43.9442
G01 X116.5073Y44.0892
G01 X116.3623Y44.2492
G01 X116.2337Y44.4226
G01 X116.1227Y44.6078
G01 X116.0304Y44.8030
G01 X115.9576Y45.0062
G01 X115.9052Y45.2157
G01 X115.8735Y45.4292
G01 X115.8629Y45.6449
G01 X115.8735Y45.8605
G01 X115.9052Y46.0741
G01 X115.9576Y46.2835
G01 X116.0304Y46.4868
G01 X116.1227Y46.6819
G01 X116.2337Y46.8671
G01 X116.3623Y47.0405
G01 X116.5073Y47.2005
G01 X116.6673Y47.3455
G01 X116.8407Y47.4741
G01 X117.0258Y47.5851
G01 X117.2210Y47.6774
G01 X117.4243Y47.7501
G01 X117.6337Y47.8026
G01 X117.8473Y47.8343
G01 X118.0629Y47.8449
G01 X118.2786Y47.8343
G01 X118.4921Y47.8026
G01 X118.7015Y47.7501
G01 X118.9048Y47.6774
G01 X119.1000Y47.5851
G01 X119.2852Y47.4741
G01 X119.4586Y47.3455
G01 X119.6186Y47.2005
G01 X119.7635Y47.0405
G01 X119.8921Y46.8671
G01 X120.0031Y46.6819
G01 X120.0955Y46.4868
G01 X120.1682Y46.2835
G01 X120.2206Y46.0741
G01 X120.2523Y45.8605
G01 X120.2629Y45.6449
G01 X119.8629Y45.6449
G01 X119.8542Y45.4684
G01 X119.8283Y45.2937
G01 X119.7854Y45.1224
G01 X119.7259Y44.9560
G01 X119.6504Y44.7963
G01 X119.5596Y44.6448
G01 X119.4543Y44.5030
G01 X119.3357Y44.3721
G01 X119.2048Y44.2534
G01 X119.0629Y44.1482
G01 X118.9114Y44.0574
G01 X118.7517Y43.9819
G01 X118.5854Y43.9224
G01 X118.4141Y43.8794
G01 X118.2393Y43.8535
G01 X118.0629Y43.8449
G01 X117.8865Y43.8535
G01 X117.7118Y43.8794
G01 X117.5404Y43.9224
G01 X117.3741Y43.9819
G01 X117.2144Y44.0574
G01 X117.0629Y44.1482
G01 X116.9210Y44.2534
G01 X116.7901Y44.3721
G01 X116.6715Y44.5030
G01 X116.5663Y44.6448
G01 X116.4755Y44.7963
G01 X116.3999Y44.9560
G01 X116.3404Y45.1224
G01 X116.2975Y45.2937
G01 X116.2716Y45.4684
G01 X116.2629Y45.6449
G01 X116.2716Y45.8213
G01 X116.2975Y45.9960
G01 X116.3404Y46.1674
G01 X116.3999Y46.3337
G01 X116.4755Y46.4934
G01 X116.5663Y46.6449
G01 X116.6715Y46.7868
G01 X116.7901Y46.9177
G01 X116.9210Y47.0363
G01 X117.0629Y47.1415
G01 X117.2144Y47.2323
G01 X117.3741Y47.3078
G01 X117.5404Y47.3674
G01 X117.7118Y47.4103
G01 X117.8865Y47.4362
G01 X118.0629Y47.4449
G01 X118.2393Y47.4362
G01 X118.4141Y47.4103
G01 X118.5854Y47.3674
G01 X118.7517Y47.3078
G01 X118.9114Y47.2323
G01 X119.0629Y47.1415
G01 X119.2048Y47.0363
G01 X119.3357Y46.9177
G01 X119.4543Y46.7868
G01 X119.5596Y46.6449
G01 X119.6504Y46.4934
G01 X119.7259Y46.3337
G01 X119.7854Y46.1674
G01 X119.8283Y45.9960
G01 X119.8542Y45.8213
G01 X119.8629Y45.6449
G01 X119.4629Y45.6449
G01 X119.4562Y45.5076
G01 X119.4360Y45.3717
G01 X119.4026Y45.2385
G01 X119.3563Y45.1091
G01 X119.2976Y44.9849
G01 X119.2270Y44.8671
G01 X119.1451Y44.7567
G01 X119.0529Y44.6549
G01 X118.9511Y44.5626
G01 X118.8407Y44.4808
G01 X118.7229Y44.4102
G01 X118.5987Y44.3514
G01 X118.4693Y44.3051
G01 X118.3360Y44.2718
G01 X118.2001Y44.2516
G01 X118.0629Y44.2449
G01 X117.9257Y44.2516
G01 X117.7898Y44.2718
G01 X117.6565Y44.3051
G01 X117.5272Y44.3514
G01 X117.4030Y44.4102
G01 X117.2851Y44.4808
G01 X117.1748Y44.5626
G01 X117.0730Y44.6549
G01 X116.9807Y44.7567
G01 X116.8989Y44.8671
G01 X116.8282Y44.9849
G01 X116.7695Y45.1091
G01 X116.7232Y45.2385
G01 X116.6898Y45.3717
G01 X116.6697Y45.5076
G01 X116.6629Y45.6449
G01 X116.6697Y45.7821
G01 X116.6898Y45.9180
G01 X116.7232Y46.0513
G01 X116.7695Y46.1806
G01 X116.8282Y46.3048
G01 X116.8989Y46.4227
G01 X116.9807Y46.5330
G01 X117.0730Y46.6348
G01 X117.1748Y46.7271
G01 X117.2851Y46.8089
G01 X117.4030Y46.8796
G01 X117.5272Y46.9383
G01 X117.6565Y46.9846
G01 X117.7898Y47.0180
G01 X117.9257Y47.0381
G01 X118.0629Y47.0449
G01 X118.2001Y47.0381
G01 X118.3360Y47.0180
G01 X118.4693Y46.9846
G01 X118.5987Y46.9383
G01 X118.7229Y46.8796
G01 X118.8407Y46.8089
G01 X118.9511Y46.7271
G01 X119.0529Y46.6348
G01 X119.1451Y46.5330
G01 X119.2270Y46.4227
G01 X119.2976Y46.3048
G01 X119.3563Y46.1806
G01 X119.4026Y46.0513
G01 X119.4360Y45.9180
G01 X119.4562Y45.7821
G01 X119.4629Y45.6449
G01 X119.0629Y45.6449
G01 X119.0581Y45.5468
G01 X119.0437Y45.4498
G01 X119.0199Y45.3546
G01 X118.9868Y45.2622
G01 X118.9448Y45.1735
G01 X118.8944Y45.0893
G01 X118.8359Y45.0105
G01 X118.7700Y44.9378
G01 X118.6973Y44.8719
G01 X118.6185Y44.8134
G01 X118.5343Y44.7629
G01 X118.4456Y44.7210
G01 X118.3532Y44.6879
G01 X118.2580Y44.6641
G01 X118.1609Y44.6497
G01 X118.0629Y44.6449
G01 X117.9649Y44.6497
G01 X117.8678Y44.6641
G01 X117.7726Y44.6879
G01 X117.6802Y44.7210
G01 X117.5915Y44.7629
G01 X117.5073Y44.8134
G01 X117.4285Y44.8719
G01 X117.3558Y44.9378
G01 X117.2899Y45.0105
G01 X117.2314Y45.0893
G01 X117.1810Y45.1735
G01 X117.1390Y45.2622
G01 X117.1060Y45.3546
G01 X117.0821Y45.4498
G01 X117.0677Y45.5468
G01 X117.0629Y45.6449
G01 X117.0677Y45.7429
G01 X117.0821Y45.8400
G01 X117.1060Y45.9351
G01 X117.1390Y46.0275
G01 X117.1810Y46.1163
G01 X117.2314Y46.2004
G01 X117.2899Y46.2793
G01 X117.3558Y46.3520
G01 X117.4285Y46.4179
G01 X117.5073Y46.4763
G01 X117.5915Y46.5268
G01 X117.6802Y46.5687
G01 X117.7726Y46.6018
G01 X117.8678Y46.6256
G01 X117.9649Y46.6400
G01 X118.0629Y46.6449
G01 X118.1609Y46.6400
G01 X118.2580Y46.6256
G01 X118.3532Y46.6018
G01 X118.4456Y46.5687
G01 X118.5343Y46.5268
G01 X118.6185Y46.4763
G01 X118.6973Y46.4179
G01 X118.7700Y46.3520
G01 X118.8359Y46.2793
G01 X118.8944Y46.2004
G01 X118.9448Y46.1163
G01 X118.9868Y46.0275
G01 X119.0199Y45.9351
G01 X119.0437Y45.8400
G01 X119.0581Y45.7429
G01 X119.0629Y45.6449
G01 X118.6629Y45.6449
G01 X118.6600Y45.5861
G01 X118.6514Y45.5278
G01 X118.6371Y45.4707
G01 X118.6172Y45.4153
G01 X118.5921Y45.3620
G01 X118.5618Y45.3115
G01 X118.5267Y45.2642
G01 X118.4872Y45.2206
G01 X118.4436Y45.1811
G01 X118.3963Y45.1460
G01 X118.3458Y45.1157
G01 X118.2925Y45.0905
G01 X118.2371Y45.0707
G01 X118.1800Y45.0564
G01 X118.1217Y45.0478
G01 X118.0629Y45.0449
G01 X118.0041Y45.0478
G01 X117.9459Y45.0564
G01 X117.8887Y45.0707
G01 X117.8333Y45.0905
G01 X117.7801Y45.1157
G01 X117.7296Y45.1460
G01 X117.6823Y45.1811
G01 X117.6387Y45.2206
G01 X117.5991Y45.2642
G01 X117.5640Y45.3115
G01 X117.5338Y45.3620
G01 X117.5086Y45.4153
G01 X117.4888Y45.4707
G01 X117.4744Y45.5278
G01 X117.4658Y45.5861
G01 X117.4629Y45.6449
G01 X117.4658Y45.7037
G01 X117.4744Y45.7619
G01 X117.4888Y45.8190
G01 X117.5086Y45.8745
G01 X117.5338Y45.9277
G01 X117.5640Y45.9782
G01 X117.5991Y46.0255
G01 X117.6387Y46.0691
G01 X117.6823Y46.1087
G01 X117.7296Y46.1437
G01 X117.7801Y46.1740
G01 X117.8333Y46.1992
G01 X117.8887Y46.2190
G01 X117.9459Y46.2333
G01 X118.0041Y46.2420
G01 X118.0629Y46.2449
G01 X118.1217Y46.2420
G01 X118.1800Y46.2333
G01 X118.2371Y46.2190
G01 X118.2925Y46.1992
G01 X118.3458Y46.1740
G01 X118.3963Y46.1437
G01 X118.4436Y46.1087
G01 X118.4872Y46.0691
G01 X118.5267Y46.0255
G01 X118.5618Y45.9782
G01 X118.5921Y45.9277
G01 X118.6172Y45.8745
G01 X118.6371Y45.8190
G01 X118.6514Y45.7619
G01 X118.6600Y45.7037
G01 X118.6629Y45.6449
G01 X118.2629Y45.6449
G01 X118.2620Y45.6253
G01 X118.2591Y45.6058
G01 X118.2543Y45.5868
G01 X118.2477Y45.5683
G01 X118.2393Y45.5506
G01 X118.2292Y45.5337
G01 X118.2175Y45.5180
G01 X118.2043Y45.5034
G01 X118.1898Y45.4903
G01 X118.1740Y45.4786
G01 X118.1572Y45.4685
G01 X118.1395Y45.4601
G01 X118.1210Y45.4535
G01 X118.1019Y45.4487
G01 X118.0825Y45.4458
G01 X118.0629Y45.4449
G01 X118.0433Y45.4458
G01 X118.0239Y45.4487
G01 X118.0049Y45.4535
G01 X117.9864Y45.4601
G01 X117.9686Y45.4685
G01 X117.9518Y45.4786
G01 X117.9360Y45.4903
G01 X117.9215Y45.5034
G01 X117.9083Y45.5180
G01 X117.8966Y45.5337
G01 X117.8865Y45.5506
G01 X117.8781Y45.5683
G01 X117.8715Y45.5868
G01 X117.8668Y45.6058
G01 X117.8639Y45.6253
G01 X117.8629Y45.6449
G01 X117.8639Y45.6645
G01 X117.8668Y45.6839
G01 X117.8715Y45.7029
G01 X117.8781Y45.7214
G01 X117.8865Y45.7391
G01 X117.8966Y45.7560
G01 X117.9083Y45.7717
G01 X117.9215Y45.7863
G01 X117.9360Y45.7995
G01 X117.9518Y45.8112
G01 X117.9686Y45.8212
G01 X117.9864Y45.8296
G01 X118.0049Y45.8363
G01 X118.0239Y45.8410
G01 X118.0433Y45.8439
G01 X118.0629Y45.8449
G01 X118.0825Y45.8439
G01 X118.1019Y45.8410
G01 X118.1210Y45.8363
G01 X118.1395Y45.8296
G01 X118.1572Y45.8212
G01 X118.1740Y45.8112
G01 X118.1898Y45.7995
G01 X118.2043Y45.7863
G01 X118.2175Y45.7717
G01 X118.2292Y45.7560
G01 X118.2393Y45.7391
G01 X118.2477Y45.7214
G01 X118.2543Y45.7029
G01 X118.2591Y45.6839
G01 X118.2620Y45.6645
G01 X118.2629Y45.6449
G00 Z20.0000
G00 X117.5109Y55.4177
G01 Z20.0000
G01 X117.1731Y55.4011
G00 Z20.0000
G00 X102.1869Y63.8770
G01 Z20.0000
G01 X102.7106Y64.3517
G01 X104.6181Y65.7664
G01 X106.6551Y66.9874
G01 X108.8020Y68.0027
G01 X111.0380Y68.8028
G01 X113.3417Y69.3799
G01 X115.6909Y69.7283
G01 X118.0629Y69.8449
G01 X120.4349Y69.7283
G01 X122.7841Y69.3799
G01 X125.0878Y68.8028
G01 X127.3239Y68.0027
G01 X129.4707Y66.9874
G01 X131.5077Y65.7664
G01 X133.4152Y64.3517
G01 X135.1749Y62.7568
G01 X136.7698Y60.9972
G01 X138.1675Y59.1125
G00 Z20.0000
G00 X137.8492Y58.8711
G01 Z20.0000
G01 X136.4606Y60.7434
G01 X134.8921Y62.4740
G01 X133.1615Y64.0425
G01 X131.2855Y65.4338
G01 X129.2822Y66.6346
G01 X127.1708Y67.6332
G01 X124.9717Y68.4200
G01 X122.7061Y68.9876
G01 X120.3957Y69.3303
G01 X118.0629Y69.4449
G01 X115.7301Y69.3303
G01 X113.4198Y68.9876
G01 X111.1541Y68.4200
G01 X108.9551Y67.6332
G01 X106.8437Y66.6346
G01 X104.8403Y65.4338
G01 X102.9644Y64.0425
G01 X101.2338Y62.4740
G01 X99.6653Y60.7434
G01 X98.2739Y58.8674
G01 X97.0732Y56.8641
G01 X96.0746Y54.7527
G01 X95.2877Y52.5536
G01 X94.7353Y50.3483
G00 Z20.0000
G00 X94.3622Y50.5028
G01 Z20.0000
G01 X94.9050Y52.6698
G01 X95.7050Y54.9058
G01 X96.7204Y57.0527
G01 X97.9414Y59.0897
G01 X99.3561Y60.9972
G01 X100.9509Y62.7568
G01 X101.0850Y62.8783
G00 Z20.0000
G00 X100.5208Y62.8772
G01 Z20.0000
G01 X99.0469Y61.2509
G01 X97.6088Y59.3119
G01 X96.3677Y57.2412
G01 X95.3355Y55.0589
G01 X94.5222Y52.7859
G01 X93.9618Y50.5486
G00 Z20.0000
G00 X93.5359Y50.4726
G01 Z20.0000
G01 X93.5433Y50.5221
G01 X94.1394Y52.9020
G01 X94.9659Y55.2119
G01 X96.0149Y57.4298
G01 X97.2762Y59.5341
G01 X98.7377Y61.5047
G01 X100.1136Y63.0228
G00 Z20.0000
G00 X99.7897Y63.2604
G01 Z20.0000
G01 X98.4285Y61.7585
G01 X96.9436Y59.7563
G01 X95.6621Y57.6183
G01 X95.1973Y56.6355
G00 Z20.0000
G00 X95.0692Y57.2991
G01 Z20.0000
G01 X95.3093Y57.8069
G01 X96.6110Y59.9786
G01 X98.1192Y62.0122
G01 X98.9182Y62.8937
G00 Z20.0000
G00 X98.3551Y62.8673
G01 Z20.0000
G01 X97.8100Y62.2660
G01 X96.2784Y60.2008
G01 X94.9566Y57.9955
G01 X94.8107Y57.6870
G00 Z20.0000
G00 X94.4908Y57.9450
G01 Z20.0000
G01 X94.6038Y58.1840
G01 X95.9458Y60.4230
G01 X97.5008Y62.5197
G01 X97.9343Y62.9980
G00 Z20.0000
G00 X97.5999Y63.2240
G01 Z20.0000
G01 X97.1916Y62.7735
G01 X95.6132Y60.6453
G01 X94.2510Y58.3726
G01 X94.1222Y58.1002
G00 Z20.0000
G00 X93.7030Y58.1482
G01 Z20.0000
G01 X93.8983Y58.5611
G01 X95.2806Y60.8675
G01 X96.8244Y62.9489
G00 Z20.0000
G00 X96.2549Y62.8517
G01 Z20.0000
G01 X94.9481Y61.0897
G01 X93.5455Y58.7497
G01 X93.2129Y58.0465
G00 Z20.0000
G00 X92.3001Y56.7098
G01 Z20.0000
G01 X92.3005Y56.6804
G01 X92.3065Y56.5628
G01 X92.3094Y56.5384
G01 X92.3269Y56.4219
G01 X92.3321Y56.3980
G01 X92.3610Y56.2838
G01 X92.3686Y56.2604
G01 X92.4085Y56.1497
G01 X92.4183Y56.1272
G01 X92.4689Y56.0208
G01 X92.4809Y55.9994
G01 X92.5417Y55.8985
G01 X92.5556Y55.8784
G01 X92.6260Y55.7840
G01 X92.6419Y55.7653
G01 X92.7212Y55.6782
G01 X92.7389Y55.6612
G01 X92.8263Y55.5823
G01 X92.8456Y55.5671
G01 X92.9403Y55.4971
G01 X92.9610Y55.4839
G01 X93.0621Y55.4236
G01 X93.0840Y55.4124
G01 X93.1906Y55.3623
G01 X93.2134Y55.3533
G01 X93.3244Y55.3139
G01 X93.3480Y55.3072
G01 X93.4623Y55.2789
G01 X93.4864Y55.2745
G01 X93.6030Y55.2575
G01 X93.6274Y55.2555
G01 X93.7451Y55.2501
G01 X93.7696Y55.2505
G01 X93.8872Y55.2566
G01 X93.9116Y55.2594
G01 X94.0280Y55.2770
G01 X94.0520Y55.2822
G01 X94.1662Y55.3111
G01 X94.1895Y55.3186
G01 X94.3003Y55.3586
G01 X94.3228Y55.3683
G01 X94.4291Y55.4190
G01 X94.4506Y55.4309
G01 X94.5514Y55.4917
G01 X94.5716Y55.5057
G01 X94.6660Y55.5761
G01 X94.6847Y55.5920
G01 X94.7718Y55.6713
G01 X94.7888Y55.6889
G01 X94.8677Y55.7764
G01 X94.8829Y55.7956
G01 X94.9528Y55.8904
G01 X94.9661Y55.9110
G01 X95.0264Y56.0122
G01 X95.0376Y56.0340
G01 X95.0877Y56.1406
G01 X95.0967Y56.1634
G01 X95.1361Y56.2744
G01 X95.1428Y56.2980
G01 X95.1711Y56.4123
G01 X95.1755Y56.4365
G01 X95.1924Y56.5530
G01 X95.1944Y56.5775
G01 X95.1999Y56.6951
G01 X95.1995Y56.7196
G01 X95.1934Y56.8372
G01 X95.1906Y56.8616
G01 X95.1730Y56.9781
G01 X95.1678Y57.0020
G01 X95.1389Y57.1162
G01 X95.1314Y57.1396
G01 X95.0914Y57.2503
G01 X95.0816Y57.2728
G01 X95.0310Y57.3792
G01 X95.0191Y57.4006
G01 X94.9583Y57.5015
G01 X94.9443Y57.5216
G01 X94.8739Y57.6160
G01 X94.8580Y57.6347
G01 X94.7787Y57.7218
G01 X94.7611Y57.7388
G01 X94.6736Y57.8177
G01 X94.6544Y57.8329
G01 X94.5596Y57.9029
G01 X94.5390Y57.9161
G01 X94.4378Y57.9764
G01 X94.4160Y57.9876
G01 X94.3094Y58.0377
G01 X94.2865Y58.0467
G01 X94.1756Y58.0861
G01 X94.1520Y58.0928
G01 X94.0377Y58.1211
G01 X94.0135Y58.1255
G01 X93.8970Y58.1425
G01 X93.8725Y58.1445
G01 X93.7549Y58.1499
G01 X93.7303Y58.1495
G01 X93.6127Y58.1434
G01 X93.5884Y58.1406
G01 X93.4719Y58.1230
G01 X93.4479Y58.1178
G01 X93.3338Y58.0889
G01 X93.3104Y58.0814
G01 X93.1996Y58.0414
G01 X93.1771Y58.0317
G01 X93.0708Y57.9810
G01 X93.0494Y57.9691
G01 X92.9485Y57.9083
G01 X92.9283Y57.8943
G01 X92.8339Y57.8239
G01 X92.8152Y57.8080
G01 X92.7282Y57.7287
G01 X92.7111Y57.7111
G01 X92.6323Y57.6236
G01 X92.6170Y57.6044
G01 X92.5471Y57.5096
G01 X92.5338Y57.4890
G01 X92.4736Y57.3878
G01 X92.4624Y57.3660
G01 X92.4123Y57.2594
G01 X92.4033Y57.2366
G01 X92.3639Y57.1256
G01 X92.3572Y57.1020
G01 X92.3288Y56.9877
G01 X92.3245Y56.9635
G01 X92.3075Y56.8470
G01 X92.3055Y56.8225
G01 X92.3001Y56.7098
G00 Z20.0000
G00 X92.3697Y56.2573
G01 Z20.0000
G01 X91.4600Y53.7148
G01 X91.3313Y53.2011
G00 Z20.0000
G00 X91.7549Y53.2478
G01 Z20.0000
G01 X91.8428Y53.5987
G01 X92.6251Y55.7852
G00 Z20.0000
G00 X92.9452Y55.4939
G01 Z20.0000
G01 X92.2255Y53.4825
G01 X92.1492Y53.1779
G00 Z20.0000
G00 X92.5161Y52.9983
G01 Z20.0000
G01 X92.6083Y53.3664
G01 X93.3072Y55.3197
G00 Z20.0000
G00 X93.7072Y55.2516
G01 Z20.0000
G01 X92.9911Y53.2503
G01 X92.8489Y52.6828
G00 Z20.0000
G00 X93.1166Y52.1071
G01 Z20.0000
G01 X93.3739Y53.1342
G01 X94.1513Y55.3070
G00 Z20.0000
G00 X94.7180Y55.6221
G01 Z20.0000
G01 X94.5964Y55.3650
G01 X93.7566Y53.0181
G01 X93.1510Y50.6002
G01 X93.0966Y50.2337
G01 X92.8045Y50.8614
G01 X92.7587Y50.6782
G01 X92.3871Y48.1737
G01 X92.2629Y45.6449
G01 X92.3871Y43.1160
G01 X92.7587Y40.6115
G01 X93.2706Y38.5676
G00 Z20.0000
G00 X92.9224Y38.3134
G01 Z20.0000
G01 X92.3663Y40.5335
G01 X91.9891Y43.0768
G01 X91.8629Y45.6449
G01 X91.9891Y48.2129
G01 X92.3275Y50.4942
G00 Z20.0000
G00 X91.9045Y50.3658
G01 Z20.0000
G01 X91.5910Y48.2521
G01 X91.4629Y45.6449
G01 X91.5910Y43.0376
G01 X91.9740Y40.4555
G01 X92.5027Y38.3450
G00 Z20.0000
G00 X92.0154Y38.6460
G01 Z20.0000
G01 X91.5817Y40.3774
G01 X91.1929Y42.9984
G01 X91.0629Y45.6449
G01 X91.1929Y48.2913
G01 X91.5005Y50.3650
G00 Z20.0000
G00 X91.1130Y50.4750
G01 Z20.0000
G01 X90.7949Y48.3305
G01 X90.6629Y45.6449
G01 X90.7949Y42.9592
G01 X91.1894Y40.2994
G01 X91.5788Y38.7446
G00 Z20.0000
G00 X91.1724Y38.7228
G01 Z20.0000
G01 X90.7971Y40.2214
G01 X90.3968Y42.9200
G01 X90.2629Y45.6449
G01 X90.3968Y48.3697
G01 X90.7441Y50.7111
G00 Z20.0000
G00 X90.4054Y51.1488
G01 Z20.0000
G01 X89.9987Y48.4089
G01 X89.8629Y45.6449
G01 X89.9987Y42.8808
G01 X90.4048Y40.1433
G01 X90.7921Y38.5972
G00 Z20.0000
G00 X90.4385Y38.3642
G01 Z20.0000
G01 X90.0125Y40.0653
G01 X89.6006Y42.8416
G01 X89.4629Y45.6449
G01 X89.6006Y48.4482
G01 X90.0125Y51.2244
G01 X90.6944Y53.9470
G01 X91.6400Y56.5896
G01 X92.8400Y59.1268
G01 X94.2829Y61.5342
G01 X95.4590Y63.1200
G00 Z20.0000
G00 X95.1665Y63.3963
G01 Z20.0000
G01 X93.9503Y61.7564
G01 X92.4872Y59.3154
G01 X91.2704Y56.7427
G01 X90.3116Y54.0631
G01 X89.6201Y51.3025
G01 X89.2026Y48.4874
G01 X89.0629Y45.6449
G01 X89.2026Y42.8024
G01 X89.6201Y39.9872
G01 X90.0541Y38.2547
G00 Z20.0000
G00 X89.5522Y38.6141
G01 Z20.0000
G01 X89.2278Y39.9092
G01 X88.8045Y42.7632
G01 X88.6629Y45.6449
G01 X88.8045Y48.5266
G01 X89.2278Y51.3805
G01 X89.9289Y54.1792
G01 X90.9009Y56.8958
G01 X92.1344Y59.5039
G01 X93.6177Y61.9786
G01 X94.2850Y62.8783
G00 Z20.0000
G00 X93.7799Y62.8681
G01 Z20.0000
G01 X93.2851Y62.2009
G01 X91.7817Y59.6925
G01 X90.5313Y57.0488
G01 X89.5461Y54.2953
G01 X88.8355Y51.4586
G01 X88.4064Y48.5658
G01 X88.2629Y45.6449
G01 X88.4064Y42.7240
G01 X88.8355Y39.8312
G01 X89.1095Y38.7375
G00 Z20.0000
G00 X80.5436Y38.5521
G01 Z20.0000
G01 X80.0469Y41.9006
G01 X79.8629Y45.6449
G01 X80.0469Y49.3891
G01 X80.5969Y53.0973
G01 X81.5078Y56.7337
G01 X82.7707Y60.2634
G01 X84.3735Y63.6522
G01 X86.3008Y66.8676
G01 X88.5339Y69.8787
G01 X89.1668Y70.5769
G00 Z20.0000
G00 X88.8171Y70.7861
G01 Z20.0000
G01 X88.2247Y70.1324
G01 X85.9682Y67.0899
G01 X84.0208Y63.8408
G01 X82.4012Y60.4164
G01 X81.1250Y56.8499
G01 X80.2046Y53.1753
G01 X79.6488Y49.4283
G01 X79.4629Y45.6449
G01 X79.6488Y41.8614
G01 X80.1813Y38.2717
G00 Z20.0000
G00 X79.8713Y37.8008
G01 Z20.0000
G01 X79.8123Y38.0363
G01 X79.2507Y41.8222
G01 X79.0629Y45.6449
G01 X79.2507Y49.4675
G01 X79.8123Y53.2534
G01 X80.7422Y56.9660
G01 X82.0316Y60.5695
G01 X83.6680Y64.0293
G01 X85.6356Y67.3121
G01 X87.9155Y70.3862
G01 X88.5388Y71.0739
G00 Z20.0000
G00 X87.4803Y70.4701
G01 Z20.0000
G01 X85.3030Y67.5343
G01 X83.3152Y64.2179
G01 X81.6621Y60.7226
G01 X81.6230Y60.6134
G00 Z20.0000
G00 X81.5549Y61.4305
G01 Z20.0000
G01 X82.9624Y64.4065
G01 X84.9704Y67.7566
G01 X86.9846Y70.4723
G00 Z20.0000
G00 X86.5809Y70.5987
G01 Z20.0000
G01 X84.6378Y67.9788
G01 X82.6097Y64.5950
G01 X81.3161Y61.8599
G00 Z20.0000
G00 X81.0121Y62.1516
G01 Z20.0000
G01 X82.2569Y64.7836
G01 X84.3052Y68.2010
G01 X86.2429Y70.8137
G01 X85.8838Y71.0002
G01 X83.9727Y68.4232
G01 X81.9041Y64.9721
G01 X80.6611Y62.3440
G00 Z20.0000
G00 X80.2650Y62.4410
G01 Z20.0000
G01 X81.5514Y65.1607
G01 X83.6401Y68.6455
G01 X85.0002Y70.4794
G00 Z20.0000
G00 X84.4923Y70.4652
G01 Z20.0000
G01 X83.3075Y68.8677
G01 X81.1986Y65.3492
G01 X79.8147Y62.4232
G00 Z20.0000
G00 X79.2713Y62.2088
G01 Z20.0000
G01 X80.8458Y65.5378
G01 X82.9749Y69.0899
G01 X84.0801Y70.5801
G00 Z20.0000
G00 X85.0301Y63.8898
G01 Z20.0000
G01 X85.0305Y63.8604
G01 X85.0366Y63.7428
G01 X85.0394Y63.7184
G01 X85.0570Y63.6019
G01 X85.0622Y63.5780
G01 X85.0911Y63.4638
G01 X85.0986Y63.4404
G01 X85.1386Y63.3297
G01 X85.1483Y63.3072
G01 X85.1990Y63.2008
G01 X85.2109Y63.1794
G01 X85.2717Y63.0785
G01 X85.2857Y63.0584
G01 X85.3561Y62.9640
G01 X85.3720Y62.9453
G01 X85.4513Y62.8582
G01 X85.4689Y62.8412
G01 X85.5564Y62.7623
G01 X85.5756Y62.7471
G01 X85.6704Y62.6771
G01 X85.6910Y62.6639
G01 X85.7922Y62.6036
G01 X85.8140Y62.5924
G01 X85.9206Y62.5423
G01 X85.9434Y62.5333
G01 X86.0544Y62.4939
G01 X86.0780Y62.4872
G01 X86.1923Y62.4589
G01 X86.2165Y62.4545
G01 X86.3330Y62.4375
G01 X86.3575Y62.4355
G01 X86.4751Y62.4301
G01 X86.4996Y62.4305
G01 X86.6172Y62.4366
G01 X86.6416Y62.4394
G01 X86.7581Y62.4570
G01 X86.7820Y62.4622
G01 X86.8962Y62.4911
G01 X86.9196Y62.4986
G01 X87.0303Y62.5386
G01 X87.0528Y62.5483
G01 X87.1592Y62.5990
G01 X87.1806Y62.6109
G01 X87.2815Y62.6717
G01 X87.3016Y62.6857
G01 X87.3960Y62.7561
G01 X87.4147Y62.7720
G01 X87.5018Y62.8513
G01 X87.5188Y62.8689
G01 X87.5977Y62.9564
G01 X87.6129Y62.9756
G01 X87.6829Y63.0704
G01 X87.6961Y63.0910
G01 X87.7564Y63.1922
G01 X87.7676Y63.2140
G01 X87.8177Y63.3206
G01 X87.8267Y63.3434
G01 X87.8661Y63.4544
G01 X87.8728Y63.4780
G01 X87.9011Y63.5923
G01 X87.9055Y63.6165
G01 X87.9225Y63.7330
G01 X87.9245Y63.7575
G01 X87.9299Y63.8751
G01 X87.9295Y63.8996
G01 X87.9234Y64.0172
G01 X87.9206Y64.0416
G01 X87.9030Y64.1581
G01 X87.8978Y64.1820
G01 X87.8689Y64.2962
G01 X87.8614Y64.3196
G01 X87.8214Y64.4303
G01 X87.8117Y64.4528
G01 X87.7610Y64.5592
G01 X87.7491Y64.5806
G01 X87.6883Y64.6815
G01 X87.6743Y64.7016
G01 X87.6039Y64.7960
G01 X87.5880Y64.8147
G01 X87.5087Y64.9018
G01 X87.4911Y64.9188
G01 X87.4036Y64.9977
G01 X87.3844Y65.0129
G01 X87.2896Y65.0829
G01 X87.2690Y65.0961
G01 X87.1678Y65.1564
G01 X87.1460Y65.1676
G01 X87.0394Y65.2177
G01 X87.0166Y65.2267
G01 X86.9056Y65.2661
G01 X86.8820Y65.2728
G01 X86.7677Y65.3011
G01 X86.7435Y65.3055
G01 X86.6270Y65.3225
G01 X86.6025Y65.3245
G01 X86.4849Y65.3299
G01 X86.4604Y65.3295
G01 X86.3428Y65.3234
G01 X86.3184Y65.3206
G01 X86.2019Y65.3030
G01 X86.1780Y65.2978
G01 X86.0638Y65.2689
G01 X86.0404Y65.2614
G01 X85.9297Y65.2214
G01 X85.9072Y65.2117
G01 X85.8008Y65.1610
G01 X85.7794Y65.1491
G01 X85.6785Y65.0883
G01 X85.6584Y65.0743
G01 X85.5640Y65.0039
G01 X85.5453Y64.9880
G01 X85.4582Y64.9087
G01 X85.4412Y64.8911
G01 X85.3623Y64.8036
G01 X85.3471Y64.7844
G01 X85.2771Y64.6896
G01 X85.2639Y64.6690
G01 X85.2036Y64.5678
G01 X85.1924Y64.5460
G01 X85.1423Y64.4394
G01 X85.1333Y64.4166
G01 X85.0939Y64.3056
G01 X85.0872Y64.2820
G01 X85.0589Y64.1677
G01 X85.0545Y64.1435
G01 X85.0375Y64.0270
G01 X85.0355Y64.0025
G01 X85.0301Y63.8898
G00 Z20.0000
G00 X95.8182Y62.9337
G01 Z20.0000
G01 X94.6155Y61.3119
G01 X93.1927Y58.9383
G01 X92.0095Y56.4365
G01 X91.0772Y53.8309
G01 X90.8652Y52.9846
G00 Z20.0000
G00 X90.2501Y51.8098
G01 Z20.0000
G01 X90.2505Y51.7804
G01 X90.2566Y51.6628
G01 X90.2594Y51.6384
G01 X90.2770Y51.5219
G01 X90.2822Y51.4980
G01 X90.3111Y51.3838
G01 X90.3186Y51.3604
G01 X90.3586Y51.2497
G01 X90.3683Y51.2272
G01 X90.4190Y51.1208
G01 X90.4309Y51.0994
G01 X90.4917Y50.9985
G01 X90.5057Y50.9784
G01 X90.5761Y50.8840
G01 X90.5920Y50.8653
G01 X90.6713Y50.7782
G01 X90.6889Y50.7612
G01 X90.7764Y50.6823
G01 X90.7956Y50.6671
G01 X90.8904Y50.5971
G01 X90.9110Y50.5839
G01 X91.0122Y50.5236
G01 X91.0340Y50.5124
G01 X91.1406Y50.4623
G01 X91.1634Y50.4533
G01 X91.2744Y50.4139
G01 X91.2980Y50.4072
G01 X91.4123Y50.3789
G01 X91.4365Y50.3745
G01 X91.5530Y50.3575
G01 X91.5775Y50.3555
G01 X91.6951Y50.3501
G01 X91.7196Y50.3505
G01 X91.8372Y50.3566
G01 X91.8616Y50.3594
G01 X91.9781Y50.3770
G01 X92.0020Y50.3822
G01 X92.1162Y50.4111
G01 X92.1396Y50.4186
G01 X92.2503Y50.4586
G01 X92.2728Y50.4683
G01 X92.3792Y50.5190
G01 X92.4006Y50.5309
G01 X92.5015Y50.5917
G01 X92.5216Y50.6057
G01 X92.6160Y50.6761
G01 X92.6347Y50.6920
G01 X92.7218Y50.7713
G01 X92.7388Y50.7889
G01 X92.8177Y50.8764
G01 X92.8329Y50.8956
G01 X92.9029Y50.9904
G01 X92.9161Y51.0110
G01 X92.9764Y51.1122
G01 X92.9876Y51.1340
G01 X93.0377Y51.2406
G01 X93.0467Y51.2634
G01 X93.0861Y51.3744
G01 X93.0928Y51.3980
G01 X93.1211Y51.5123
G01 X93.1255Y51.5365
G01 X93.1425Y51.6530
G01 X93.1445Y51.6775
G01 X93.1499Y51.7951
G01 X93.1495Y51.8196
G01 X93.1434Y51.9372
G01 X93.1406Y51.9616
G01 X93.1230Y52.0781
G01 X93.1178Y52.1020
G01 X93.0889Y52.2162
G01 X93.0814Y52.2396
G01 X93.0414Y52.3503
G01 X93.0317Y52.3728
G01 X92.9810Y52.4792
G01 X92.9691Y52.5006
G01 X92.9083Y52.6015
G01 X92.8943Y52.6216
G01 X92.8239Y52.7160
G01 X92.8080Y52.7347
G01 X92.7287Y52.8218
G01 X92.7111Y52.8388
G01 X92.6236Y52.9177
G01 X92.6044Y52.9329
G01 X92.5096Y53.0029
G01 X92.4890Y53.0161
G01 X92.3878Y53.0764
G01 X92.3660Y53.0876
G01 X92.2594Y53.1377
G01 X92.2366Y53.1467
G01 X92.1256Y53.1861
G01 X92.1020Y53.1928
G01 X91.9877Y53.2211
G01 X91.9635Y53.2255
G01 X91.8470Y53.2425
G01 X91.8225Y53.2445
G01 X91.7049Y53.2499
G01 X91.6804Y53.2495
G01 X91.5628Y53.2434
G01 X91.5384Y53.2406
G01 X91.4219Y53.2230
G01 X91.3980Y53.2178
G01 X91.2838Y53.1889
G01 X91.2604Y53.1814
G01 X91.1497Y53.1414
G01 X91.1272Y53.1317
G01 X91.0208Y53.0810
G01 X90.9994Y53.0691
G01 X90.8985Y53.0083
G01 X90.8784Y52.9943
G01 X90.7840Y52.9239
G01 X90.7653Y52.9080
G01 X90.6782Y52.8287
G01 X90.6612Y52.8111
G01 X90.5823Y52.7236
G01 X90.5671Y52.7044
G01 X90.4971Y52.6096
G01 X90.4839Y52.5890
G01 X90.4236Y52.4878
G01 X90.4124Y52.4660
G01 X90.3623Y52.3594
G01 X90.3533Y52.3366
G01 X90.3139Y52.2256
G01 X90.3072Y52.2020
G01 X90.2789Y52.0877
G01 X90.2745Y52.0635
G01 X90.2575Y51.9470
G01 X90.2555Y51.9225
G01 X90.2501Y51.8098
G00 Z20.0000
G00 X92.5501Y49.1098
G01 Z20.0000
G01 X92.5505Y49.0804
G01 X92.5566Y48.9628
G01 X92.5594Y48.9384
G01 X92.5770Y48.8219
G01 X92.5822Y48.7980
G01 X92.6111Y48.6838
G01 X92.6186Y48.6604
G01 X92.6586Y48.5497
G01 X92.6683Y48.5272
G01 X92.7190Y48.4208
G01 X92.7309Y48.3994
G01 X92.7917Y48.2985
G01 X92.8057Y48.2784
G01 X92.8761Y48.1840
G01 X92.8920Y48.1653
G01 X92.9713Y48.0782
G01 X92.9889Y48.0612
G01 X93.0764Y47.9823
G01 X93.0956Y47.9671
G01 X93.1904Y47.8971
G01 X93.2110Y47.8839
G01 X93.3122Y47.8236
G01 X93.3340Y47.8124
G01 X93.4406Y47.7623
G01 X93.4634Y47.7533
G01 X93.5744Y47.7139
G01 X93.5980Y47.7072
G01 X93.7123Y47.6789
G01 X93.7365Y47.6745
G01 X93.8530Y47.6575
G01 X93.8775Y47.6555
G01 X93.9951Y47.6501
G01 X94.0196Y47.6505
G01 X94.1372Y47.6566
G01 X94.1616Y47.6594
G01 X94.2781Y47.6770
G01 X94.3020Y47.6822
G01 X94.4162Y47.7111
G01 X94.4396Y47.7186
G01 X94.5503Y47.7586
G01 X94.5728Y47.7683
G01 X94.6792Y47.8190
G01 X94.7006Y47.8309
G01 X94.8015Y47.8917
G01 X94.8216Y47.9057
G01 X94.9160Y47.9761
G01 X94.9347Y47.9920
G01 X95.0218Y48.0713
G01 X95.0388Y48.0889
G01 X95.1177Y48.1764
G01 X95.1329Y48.1956
G01 X95.2029Y48.2904
G01 X95.2161Y48.3110
G01 X95.2764Y48.4122
G01 X95.2876Y48.4340
G01 X95.3377Y48.5406
G01 X95.3467Y48.5634
G01 X95.3861Y48.6744
G01 X95.3928Y48.6980
G01 X95.4211Y48.8123
G01 X95.4255Y48.8365
G01 X95.4425Y48.9530
G01 X95.4445Y48.9775
G01 X95.4499Y49.0951
G01 X95.4495Y49.1196
G01 X95.4434Y49.2372
G01 X95.4406Y49.2616
G01 X95.4230Y49.3781
G01 X95.4178Y49.4020
G01 X95.3889Y49.5162
G01 X95.3814Y49.5396
G01 X95.3414Y49.6503
G01 X95.3317Y49.6728
G01 X95.2810Y49.7792
G01 X95.2691Y49.8006
G01 X95.2083Y49.9015
G01 X95.1943Y49.9216
G01 X95.1239Y50.0160
G01 X95.1080Y50.0347
G01 X95.0287Y50.1218
G01 X95.0111Y50.1388
G01 X94.9236Y50.2177
G01 X94.9044Y50.2329
G01 X94.8096Y50.3029
G01 X94.7890Y50.3161
G01 X94.6878Y50.3764
G01 X94.6660Y50.3876
G01 X94.5594Y50.4377
G01 X94.5366Y50.4467
G01 X94.4256Y50.4861
G01 X94.4020Y50.4928
G01 X94.2877Y50.5211
G01 X94.2635Y50.5255
G01 X94.1470Y50.5425
G01 X94.1225Y50.5445
G01 X94.0049Y50.5499
G01 X93.9804Y50.5495
G01 X93.8628Y50.5434
G01 X93.8384Y50.5406
G01 X93.7219Y50.5230
G01 X93.6980Y50.5178
G01 X93.5838Y50.4889
G01 X93.5604Y50.4814
G01 X93.4497Y50.4414
G01 X93.4272Y50.4317
G01 X93.3208Y50.3810
G01 X93.2994Y50.3691
G01 X93.1985Y50.3083
G01 X93.1784Y50.2943
G01 X93.0840Y50.2239
G01 X93.0653Y50.2080
G01 X92.9782Y50.1287
G01 X92.9612Y50.1111
G01 X92.8823Y50.0236
G01 X92.8671Y50.0044
G01 X92.7971Y49.9096
G01 X92.7839Y49.8890
G01 X92.7236Y49.7878
G01 X92.7124Y49.7660
G01 X92.6623Y49.6594
G01 X92.6533Y49.6366
G01 X92.6139Y49.5256
G01 X92.6072Y49.5020
G01 X92.5789Y49.3877
G01 X92.5745Y49.3635
G01 X92.5575Y49.2470
G01 X92.5555Y49.2225
G01 X92.5501Y49.1098
G00 Z20.0000
G00 X95.0896Y50.0551
G01 Z20.0000
G01 X95.1125Y50.2100
G01 X95.6705Y52.4375
G01 X96.4441Y54.5997
G01 X97.4260Y56.6755
G01 X98.6065Y58.6452
G01 X99.9745Y60.4897
G01 X101.5166Y62.1912
G01 X103.2181Y63.7333
G01 X105.0626Y65.1013
G01 X107.0322Y66.2818
G01 X109.1081Y67.2636
G01 X111.2703Y68.0373
G01 X113.4978Y68.5952
G01 X115.7693Y68.9322
G01 X118.0629Y69.0449
G01 X120.3565Y68.9322
G01 X122.6280Y68.5952
G01 X124.8556Y68.0373
G01 X127.0177Y67.2636
G01 X129.0936Y66.2818
G01 X131.0633Y65.1013
G01 X132.9077Y63.7333
G01 X134.6092Y62.1912
G01 X136.1514Y60.4897
G01 X137.1730Y59.1122
G01 X138.5438Y59.2672
G01 X138.5171Y59.3119
G01 X137.0790Y61.2509
G01 X135.4577Y63.0397
G01 X133.6690Y64.6609
G01 X131.7299Y66.0990
G01 X129.6593Y67.3401
G01 X127.4769Y68.3723
G01 X125.2039Y69.1856
G01 X122.8621Y69.7722
G01 X120.4741Y70.1264
G01 X118.0629Y70.2449
G01 X115.6517Y70.1264
G01 X113.2637Y69.7722
G01 X110.9219Y69.1856
G01 X108.6489Y68.3723
G01 X106.4666Y67.3401
G01 X104.3959Y66.0990
G01 X102.4568Y64.6609
G01 X102.2402Y64.4645
G00 Z20.0000
G00 X98.2907Y82.9190
G01 Z20.0000
G01 X98.7881Y83.1543
G00 Z20.0000
G00 X98.6846Y83.5473
G01 Z20.0000
G01 X98.5258Y83.4722
G00 Z20.0000
G00 X98.5400Y83.9209
G01 Z20.0000
G01 X98.6800Y83.9871
G01 X98.5398Y84.3627
G01 X98.6835Y84.4307
G01 X98.4637Y84.7687
G01 X98.8396Y84.9464
G01 X98.8429Y85.3900
G01 X98.2636Y85.1160
G00 Z20.0000
G00 X98.5758Y87.4734
G01 Z20.0000
G01 X98.6823Y87.5237
G01 X98.2763Y87.7737
G01 X100.2299Y88.6976
G01 X104.5356Y90.2383
G01 X108.9717Y91.3495
G01 X113.4953Y92.0205
G01 X118.0629Y92.2449
G01 X122.6305Y92.0205
G01 X127.1541Y91.3495
G01 X131.5902Y90.2383
G01 X135.8960Y88.6976
G01 X140.0300Y86.7424
G01 X143.9525Y84.3913
G01 X147.6256Y81.6672
G01 X148.2500Y81.1013
G01 X148.2500Y80.5621
G01 X147.3719Y81.3579
G01 X143.7303Y84.0588
G01 X139.8414Y86.3896
G01 X135.7429Y88.3281
G01 X131.4741Y89.8555
G01 X127.0761Y90.9571
G01 X122.5913Y91.6224
G01 X118.0629Y91.8449
G01 X113.5345Y91.6224
G01 X109.0497Y90.9571
G01 X104.6518Y89.8555
G01 X100.3829Y88.3281
G01 X99.8794Y88.0899
G00 Z20.0000
G00 X100.5194Y87.9507
G01 Z20.0000
G01 X100.5360Y87.9585
G01 X104.7679Y89.4727
G01 X109.1278Y90.5648
G01 X113.5737Y91.2243
G01 X118.0629Y91.4449
G01 X122.5521Y91.2243
G01 X126.9981Y90.5648
G01 X131.3580Y89.4727
G01 X135.5898Y87.9585
G01 X139.6529Y86.0369
G01 X143.5080Y83.7262
G01 X147.1181Y81.0487
G01 X148.2500Y80.0229
G01 X148.2500Y79.4837
G01 X146.8644Y80.7395
G01 X143.2858Y83.3936
G01 X139.4643Y85.6841
G01 X135.4367Y87.5890
G01 X131.2418Y89.0900
G01 X126.9200Y90.1725
G01 X122.5129Y90.8262
G01 X118.0629Y91.0449
G01 X113.6129Y90.8262
G01 X109.2058Y90.1725
G01 X104.8840Y89.0900
G01 X100.9325Y87.6761
G00 Z20.0000
G00 X102.9800Y87.9844
G01 Z20.0000
G01 X105.0001Y88.7072
G01 X109.2839Y89.7802
G01 X113.6521Y90.4282
G01 X118.0629Y90.6449
G01 X122.4737Y90.4282
G01 X126.8420Y89.7802
G01 X131.1257Y88.7072
G01 X135.2837Y87.2194
G01 X139.2758Y85.3313
G01 X143.0636Y83.0610
G01 X146.6106Y80.4303
G01 X148.2500Y78.9445
G01 X148.2500Y78.4053
G01 X146.3569Y80.1211
G01 X142.8413Y82.7284
G01 X139.0872Y84.9786
G01 X135.1306Y86.8499
G01 X131.0096Y88.3244
G01 X126.7639Y89.3879
G01 X122.4345Y90.0301
G01 X118.0629Y90.2449
G01 X113.6914Y90.0301
G01 X109.3619Y89.3879
G01 X105.1162Y88.3244
G01 X103.4249Y87.7192
G00 Z20.0000
G00 X105.4718Y88.0016
G01 Z20.0000
G01 X109.4399Y88.9956
G01 X113.7306Y89.6320
G01 X118.0629Y89.8449
G01 X122.3953Y89.6320
G01 X126.6859Y88.9956
G01 X130.8935Y87.9416
G01 X134.9775Y86.4803
G01 X138.8987Y84.6258
G01 X142.6191Y82.3958
G01 X146.1031Y79.8119
G01 X148.2500Y77.8661
G01 X148.2500Y77.3269
G01 X145.8493Y79.5027
G01 X142.3969Y82.0632
G01 X138.7101Y84.2730
G01 X134.8245Y86.1108
G01 X130.7774Y87.5589
G01 X126.6079Y88.6033
G01 X122.3561Y89.2340
G01 X118.0629Y89.4449
G01 X113.7698Y89.2340
G01 X109.5180Y88.6033
G01 X105.9701Y87.7146
G00 Z20.0000
G00 X106.2642Y87.3764
G01 Z20.0000
G01 X109.5960Y88.2109
G01 X113.8090Y88.8359
G01 X118.0629Y89.0449
G01 X122.3169Y88.8359
G01 X126.5298Y88.2109
G01 X130.6613Y87.1761
G01 X134.6714Y85.7412
G01 X138.5215Y83.9202
G01 X142.1747Y81.7306
G01 X145.5956Y79.1935
G01 X148.2500Y76.7877
G01 X148.2500Y76.2485
G01 X145.3418Y78.8843
G01 X141.9524Y81.3981
G01 X138.3330Y83.5675
G01 X134.5183Y85.3717
G01 X130.5452Y86.7933
G01 X126.4518Y87.8186
G01 X122.2777Y88.4378
G01 X118.0629Y88.6449
G01 X113.8482Y88.4378
G01 X109.6740Y87.8186
G01 X106.4373Y87.0079
G00 Z20.0000
G00 X106.5069Y86.6134
G01 Z20.0000
G01 X109.7521Y87.4263
G01 X113.8874Y88.0397
G01 X118.0629Y88.2449
G01 X122.2384Y88.0397
G01 X126.3738Y87.4263
G01 X130.4290Y86.4105
G01 X134.3652Y85.0021
G01 X138.1444Y83.2147
G01 X141.7302Y81.0655
G01 X145.0881Y78.5751
G01 X148.1857Y75.7676
G01 X148.2500Y75.6966
G01 X148.2500Y75.1017
G01 X147.9028Y75.4848
G01 X144.8343Y78.2659
G01 X141.5080Y80.7329
G01 X137.9559Y82.8619
G01 X134.2122Y84.6326
G01 X130.3129Y86.0277
G01 X126.2957Y87.0340
G01 X122.1992Y87.6417
G01 X118.0629Y87.8449
G01 X113.9266Y87.6417
G01 X109.8301Y87.0340
G01 X106.4693Y86.1922
G00 Z20.0000
G00 X106.2820Y85.7334
G01 Z20.0000
G01 X109.9081Y86.6417
G01 X113.9658Y87.2436
G01 X118.0629Y87.4449
G01 X122.1600Y87.2436
G01 X126.2177Y86.6417
G01 X130.1968Y85.6450
G01 X134.0591Y84.2630
G01 X137.7673Y82.5092
G01 X141.2858Y80.4003
G01 X144.5806Y77.9567
G01 X147.6200Y75.2019
G01 X148.2500Y74.5068
G01 X148.2500Y71.5322
G01 X146.2058Y73.7877
G01 X143.5346Y76.2087
G00 Z20.0000
G00 X143.5175Y75.6851
G01 Z20.0000
G01 X145.9229Y73.5049
G01 X148.2500Y70.9373
G01 X148.2500Y70.3327
G01 X148.2103Y70.3862
G01 X145.6401Y73.2220
G01 X143.3715Y75.2782
G00 Z20.0000
G00 X143.1385Y74.9501
G01 Z20.0000
G01 X145.3572Y72.9392
G01 X147.9011Y70.1324
G01 X148.2500Y69.6620
G01 X148.2500Y68.9914
G01 X147.5919Y69.8787
G01 X145.0744Y72.6563
G01 X142.8290Y74.6914
G00 Z20.0000
G00 X142.4323Y74.5118
G01 Z20.0000
G01 X144.7916Y72.3735
G01 X147.2827Y69.6249
G01 X148.2500Y68.3207
G01 X148.2500Y67.6500
G01 X146.9735Y69.3712
G01 X144.5087Y72.0907
G01 X141.9007Y74.4544
G00 Z20.0000
G00 X140.5936Y74.9448
G01 Z20.0000
G01 X141.5355Y74.2463
G01 X144.2259Y71.8078
G01 X146.6643Y69.1174
G01 X148.2500Y66.9793
G01 X148.2500Y66.3087
G01 X146.3551Y68.8637
G01 X143.9430Y71.5250
G01 X141.2817Y73.9370
G01 X140.2755Y74.6833
G00 Z20.0000
G00 X139.8502Y74.5013
G01 Z20.0000
G01 X141.0280Y73.6278
G01 X143.6602Y71.2421
G01 X146.0459Y68.6099
G01 X148.1621Y65.7565
G01 X148.2500Y65.6099
G00 Z20.0000
G00 X145.5276Y58.1248
G01 Z20.0000
G01 X145.9641Y57.2019
G01 X146.9625Y54.4115
G01 X147.6826Y51.5366
G01 X148.1175Y48.6050
G01 X148.2500Y45.9078
G01 X148.2500Y45.3820
G01 X148.1175Y42.6847
G01 X147.6826Y39.7531
G01 X146.9625Y36.8783
G01 X145.9641Y34.0878
G01 X144.6969Y31.4087
G01 X143.5524Y29.4992
G00 Z20.0000
G00 X144.0476Y29.5481
G01 Z20.0000
G01 X145.0497Y31.2201
G01 X146.3336Y33.9348
G01 X147.3453Y36.7622
G01 X148.0749Y39.6751
G01 X148.2500Y40.8552
G01 X148.2500Y38.7297
G01 X147.7281Y36.6460
G01 X146.7032Y33.7817
G01 X145.4025Y31.0316
G01 X144.4792Y29.4912
G00 Z20.0000
G00 X144.8644Y29.3567
G01 Z20.0000
G01 X145.7552Y30.8430
G01 X147.0727Y33.6286
G01 X148.1108Y36.5299
G01 X148.2500Y37.0855
G01 X148.2500Y35.7329
G01 X147.4423Y33.4755
G01 X146.1080Y30.6544
G01 X145.2084Y29.1536
G00 Z20.0000
G00 X145.5114Y28.8820
G01 Z20.0000
G01 X146.4608Y30.4659
G01 X147.8118Y33.3225
G01 X148.2500Y34.5470
G01 X148.2500Y33.3611
G01 X148.1814Y33.1694
G01 X146.8135Y30.2773
G01 X145.7683Y28.5334
G00 Z20.0000
G00 X145.9648Y28.0842
G01 Z20.0000
G01 X147.1663Y30.0888
G01 X148.2500Y32.3800
G01 X148.2500Y31.4456
G01 X147.5191Y29.9002
G01 X146.0478Y27.4455
G00 Z20.0000
G00 X144.4890Y38.5130
G01 Z20.0000
G01 X144.2831Y37.6911
G01 X143.3772Y35.1593
G01 X142.2276Y32.7286
G01 X140.8452Y30.4222
G01 X139.2434Y28.2625
G01 X137.4376Y26.2701
G01 X135.4453Y24.4644
G01 X133.2855Y22.8626
G01 X130.9792Y21.4802
G01 X128.5484Y20.3306
G01 X126.0167Y19.4247
G01 X123.4084Y18.7713
G01 X122.8118Y18.6829
G00 Z20.0000
G00 X123.3317Y18.3561
G01 Z20.0000
G01 X123.4864Y18.3790
G01 X126.1328Y19.0419
G01 X128.7015Y19.9610
G01 X131.1677Y21.1275
G01 X133.5078Y22.5300
G01 X135.6990Y24.1552
G01 X137.7205Y25.9873
G01 X139.5526Y28.0087
G01 X141.1778Y30.2000
G01 X142.5803Y32.5400
G01 X143.7468Y35.0063
G01 X144.6659Y37.5749
G01 X144.9630Y38.7614
G00 Z20.0000
G00 X133.1558Y33.4677
G01 Z20.0000
G01 X133.0593Y33.3376
G01 X131.7808Y31.9270
G01 X130.3701Y30.6485
G01 X128.8410Y29.5144
G01 X127.2080Y28.5356
G01 X125.4870Y27.7216
G01 X123.6944Y27.0802
G01 X122.3761Y26.7500
G00 Z20.0000
G00 X119.6390Y26.3223
G01 Z20.0000
G01 X118.4124Y26.2620
G00 Z20.0000
G00 X118.6289Y25.8727
G01 Z20.0000
G01 X119.3864Y25.9099
G00 Z20.0000
G00 X119.3032Y25.5058
G01 Z20.0000
G01 X118.6991Y25.4761
G00 Z20.0000
G00 X118.7000Y25.0762
G01 Z20.0000
G01 X119.3000Y25.1056
G01 X119.3000Y24.7056
G01 X118.7000Y24.6762
G01 X118.7000Y24.2762
G01 X119.3000Y24.3056
G01 X119.3000Y23.9056
G01 X118.7000Y23.8762
G01 X118.7000Y23.4762
G01 X119.3000Y23.5056
G01 X119.3000Y23.1056
G01 X118.7000Y23.0762
G01 X118.7000Y22.6762
G01 X119.3000Y22.7056
G00 Z20.0000
G00 X119.3243Y22.3068
G01 Z20.0000
G01 X118.6681Y22.2746
G00 Z20.0000
G00 X118.6990Y22.5215
G01 Z20.0000
G01 X118.7000Y22.5500
G01 X118.7000Y25.4500
G01 X118.6988Y25.4814
G01 X118.6866Y25.6339
G01 X118.6826Y25.6611
G01 X118.6787Y25.6803
G01 X118.6449Y25.8215
G01 X118.6387Y25.8442
G01 X118.6255Y25.8812
G01 X118.5715Y26.0117
G01 X118.5617Y26.0331
G01 X118.5450Y26.0642
G01 X118.4692Y26.1880
G01 X118.4470Y26.2204
G01 X118.4323Y26.2388
G01 X118.3406Y26.3462
G01 X118.3136Y26.3747
G01 X118.2962Y26.3906
G01 X118.1888Y26.4823
G01 X118.1577Y26.5062
G01 X118.1380Y26.5192
G01 X118.0176Y26.5930
G01 X117.9831Y26.6117
G01 X117.9617Y26.6215
G01 X117.8312Y26.6755
G01 X117.7942Y26.6887
G01 X117.7715Y26.6949
G01 X117.6342Y26.7279
G01 X117.5956Y26.7351
G01 X117.5722Y26.7377
G01 X117.4314Y26.7488
G01 X117.4000Y26.7500
G01 X115.6000Y26.7500
G01 X115.5686Y26.7488
G01 X115.4239Y26.7373
G01 X115.3889Y26.7326
G01 X115.3697Y26.7287
G01 X115.2285Y26.6949
G01 X115.2058Y26.6887
G01 X115.1725Y26.6770
G01 X115.0383Y26.6215
G01 X115.0169Y26.6117
G01 X114.9858Y26.5950
G01 X114.8620Y26.5192
G01 X114.8423Y26.5062
G01 X114.8112Y26.4823
G01 X114.7009Y26.3880
G01 X114.6753Y26.3636
G01 X114.6594Y26.3462
G01 X114.5677Y26.2388
G01 X114.5438Y26.2077
G01 X114.5308Y26.1880
G01 X114.4570Y26.0676
G01 X114.4383Y26.0331
G01 X114.4285Y26.0117
G01 X114.3745Y25.8812
G01 X114.3613Y25.8442
G01 X114.3551Y25.8215
G01 X114.3213Y25.6803
G01 X114.3149Y25.6456
G01 X114.3127Y25.6261
G01 X114.3012Y25.4814
G01 X114.3000Y25.4500
G01 X114.3000Y22.5500
G01 X114.3012Y22.5186
G01 X114.3127Y22.3739
G01 X114.3149Y22.3544
G01 X114.3213Y22.3197
G01 X114.3551Y22.1785
G01 X114.3613Y22.1558
G01 X114.3730Y22.1225
G01 X114.4285Y21.9883
G01 X114.4383Y21.9669
G01 X114.4550Y21.9358
G01 X114.5308Y21.8120
G01 X114.5438Y21.7923
G01 X114.5652Y21.7642
G01 X114.6594Y21.6538
G01 X114.6864Y21.6253
G01 X114.7038Y21.6094
G01 X114.8112Y21.5177
G01 X114.8423Y21.4938
G01 X114.8620Y21.4808
G01 X114.9824Y21.4070
G01 X115.0169Y21.3883
G01 X115.0383Y21.3785
G01 X115.1688Y21.3245
G01 X115.2058Y21.3113
G01 X115.2285Y21.3051
G01 X115.3697Y21.2713
G01 X115.3889Y21.2674
G01 X115.4161Y21.2634
G01 X115.5686Y21.2512
G01 X115.6000Y21.2500
G01 X117.4036Y21.2500
G01 X117.4285Y21.2510
G01 X117.5566Y21.2602
G01 X117.5779Y21.2623
G01 X117.6131Y21.2683
G01 X117.7386Y21.2956
G01 X117.7731Y21.3048
G01 X117.7933Y21.3117
G01 X117.9137Y21.3566
G01 X117.9335Y21.3646
G01 X117.9656Y21.3803
G01 X118.0783Y21.4418
G01 X118.0968Y21.4526
G01 X118.1263Y21.4727
G01 X118.2291Y21.5496
G01 X118.2566Y21.5723
G01 X118.2722Y21.5870
G01 X118.3630Y21.6778
G01 X118.3777Y21.6934
G01 X118.3960Y21.7153
G01 X118.4773Y21.8237
G01 X118.4974Y21.8532
G01 X118.5082Y21.8717
G01 X118.5697Y21.9844
G01 X118.5854Y22.0165
G01 X118.5934Y22.0363
G01 X118.6383Y22.1567
G01 X118.6452Y22.1769
G01 X118.6544Y22.2114
G01 X118.6817Y22.3369
G01 X118.6856Y22.3579
G01 X118.6892Y22.3863
G01 X118.6990Y22.5215
G00 Z20.0000
G00 X118.5053Y21.8666
G01 Z20.0000
G01 X119.4684Y21.9139
G00 Z20.0000
G00 X119.7968Y21.5300
G01 Z20.0000
G01 X118.0856Y21.4460
G01 X115.9228Y18.7500
G01 X115.4165Y18.7749
G01 X112.7955Y19.1637
G01 X110.2252Y19.8075
G01 X107.7305Y20.7001
G01 X105.3352Y21.8330
G01 X103.0625Y23.1952
G01 X100.9343Y24.7736
G01 X99.5734Y26.0071
G00 Z20.0000
G00 X105.1616Y29.5968
G01 Z20.0000
G01 X104.9944Y29.7208
G01 X103.4965Y31.0785
G01 X102.1389Y32.5764
G01 X100.9346Y34.2001
G01 X99.9178Y35.8967
G00 Z20.0000
G00 X100.2294Y36.1622
G01 Z20.0000
G01 X100.2481Y36.1226
G01 X101.2672Y34.4223
G01 X102.4481Y32.8301
G01 X103.7794Y31.3613
G01 X104.9609Y30.2904
G00 Z20.0000
G00 X104.9501Y30.5098
G01 Z20.0000
G01 X104.9505Y30.4804
G01 X104.9595Y30.3039
G01 X104.9623Y30.2796
G01 X104.9885Y30.1049
G01 X104.9937Y30.0809
G01 X105.0369Y29.9096
G01 X105.0444Y29.8863
G01 X105.1042Y29.7201
G01 X105.1140Y29.6976
G01 X105.1898Y29.5380
G01 X105.2017Y29.5166
G01 X105.2928Y29.3652
G01 X105.3068Y29.3450
G01 X105.4123Y29.2033
G01 X105.4282Y29.1846
G01 X105.5470Y29.0539
G01 X105.5647Y29.0369
G01 X105.6957Y28.9185
G01 X105.7150Y28.9032
G01 X105.8570Y28.7983
G01 X105.8777Y28.7850
G01 X106.0293Y28.6944
G01 X106.0512Y28.6832
G01 X106.2110Y28.6080
G01 X106.2338Y28.5990
G01 X106.4002Y28.5398
G01 X106.4238Y28.5330
G01 X106.5953Y28.4904
G01 X106.6194Y28.4860
G01 X106.7942Y28.4604
G01 X106.8186Y28.4584
G01 X106.9951Y28.4501
G01 X107.0196Y28.4505
G01 X107.1960Y28.4595
G01 X107.2204Y28.4623
G01 X107.3951Y28.4885
G01 X107.4191Y28.4937
G01 X107.5904Y28.5369
G01 X107.6137Y28.5444
G01 X107.7799Y28.6042
G01 X107.8025Y28.6140
G01 X107.9620Y28.6898
G01 X107.9834Y28.7017
G01 X108.1348Y28.7928
G01 X108.1550Y28.8068
G01 X108.2967Y28.9123
G01 X108.3154Y28.9282
G01 X108.4461Y29.0470
G01 X108.4631Y29.0647
G01 X108.5815Y29.1957
G01 X108.5968Y29.2150
G01 X108.7017Y29.3570
G01 X108.7150Y29.3777
G01 X108.8056Y29.5293
G01 X108.8168Y29.5512
G01 X108.8920Y29.7110
G01 X108.9010Y29.7338
G01 X108.9602Y29.9002
G01 X108.9670Y29.9238
G01 X109.0096Y30.0953
G01 X109.0140Y30.1194
G01 X109.0396Y30.2942
G01 X109.0416Y30.3186
G01 X109.0499Y30.4951
G01 X109.0495Y30.5196
G01 X109.0406Y30.6961
G01 X109.0377Y30.7204
G01 X109.0115Y30.8951
G01 X109.0063Y30.9191
G01 X108.9631Y31.0904
G01 X108.9556Y31.1137
G01 X108.8958Y31.2799
G01 X108.8860Y31.3024
G01 X108.8102Y31.4620
G01 X108.7983Y31.4834
G01 X108.7072Y31.6348
G01 X108.6932Y31.6550
G01 X108.5877Y31.7967
G01 X108.5718Y31.8154
G01 X108.4530Y31.9461
G01 X108.4354Y31.9631
G01 X108.3043Y32.0815
G01 X108.2850Y32.0968
G01 X108.1430Y32.2017
G01 X108.1223Y32.2150
G01 X107.9707Y32.3056
G01 X107.9488Y32.3168
G01 X107.7890Y32.3920
G01 X107.7662Y32.4010
G01 X107.5998Y32.4602
G01 X107.5762Y32.4670
G01 X107.4047Y32.5096
G01 X107.3806Y32.5140
G01 X107.2058Y32.5396
G01 X107.1814Y32.5416
G01 X107.0049Y32.5499
G01 X106.9804Y32.5495
G01 X106.8040Y32.5405
G01 X106.7796Y32.5377
G01 X106.6049Y32.5115
G01 X106.5809Y32.5063
G01 X106.4096Y32.4631
G01 X106.3863Y32.4556
G01 X106.2201Y32.3958
G01 X106.1976Y32.3860
G01 X106.0380Y32.3102
G01 X106.0166Y32.2983
G01 X105.8652Y32.2072
G01 X105.8450Y32.1932
G01 X105.7033Y32.0877
G01 X105.6846Y32.0718
G01 X105.5539Y31.9530
G01 X105.5369Y31.9353
G01 X105.4185Y31.8043
G01 X105.4033Y31.7850
G01 X105.2983Y31.6430
G01 X105.2850Y31.6223
G01 X105.1944Y31.4707
G01 X105.1832Y31.4488
G01 X105.1080Y31.2890
G01 X105.0990Y31.2662
G01 X105.0398Y31.0998
G01 X105.0330Y31.0762
G01 X104.9904Y30.9047
G01 X104.9860Y30.8806
G01 X104.9604Y30.7058
G01 X104.9584Y30.6814
G01 X104.9501Y30.5098
G00 Z20.0000
G00 X104.9764Y30.8156
G01 Z20.0000
G01 X104.0622Y31.6441
G01 X102.7573Y33.0839
G01 X101.5998Y34.6446
G01 X100.6009Y36.3112
G01 X100.4868Y36.5524
G00 Z20.0000
G00 X100.6297Y37.1847
G01 Z20.0000
G01 X100.9536Y36.4998
G01 X101.9324Y34.8668
G01 X103.0665Y33.3376
G01 X104.3450Y31.9270
G01 X105.0929Y31.2492
G00 Z20.0000
G00 X117.8839Y26.6537
G01 Z20.0000
G01 X118.0629Y26.6449
G01 X119.9252Y26.7364
G01 X121.7696Y27.0099
G01 X123.5783Y27.4630
G01 X125.3339Y28.0912
G01 X127.0195Y28.8884
G01 X128.6188Y29.8469
G01 X130.1164Y30.9577
G01 X131.4979Y32.2098
G01 X132.5421Y33.3619
G00 Z20.0000
G00 X124.5669Y18.2378
G01 Z20.0000
G01 X123.5802Y17.9907
G00 Z20.0000
G00 X123.6890Y17.6060
G01 Z20.0000
G01 X124.3427Y17.7698
G00 Z20.0000
G00 X124.3000Y17.3472
G01 Z20.0000
G01 X123.7205Y17.2021
G01 X123.7000Y17.1990
G01 X123.7000Y16.7952
G01 X123.7986Y16.8098
G01 X124.3000Y16.9354
G01 X124.3000Y16.5235
G01 X123.8766Y16.4175
G01 X123.7000Y16.3913
G01 X123.7000Y15.9874
G01 X123.9546Y16.0251
G01 X124.3000Y16.1117
G01 X124.3000Y15.6998
G01 X124.0327Y15.6328
G01 X123.7000Y15.5835
G01 X123.7000Y15.1796
G01 X124.1107Y15.2405
G01 X124.3000Y15.2879
G01 X124.3000Y14.8761
G01 X124.1888Y14.8482
G01 X123.7000Y14.7757
G00 Z20.0000
G00 X123.6988Y14.5186
G01 Z20.0000
G01 X123.7000Y14.5500
G01 X123.7000Y17.4500
G01 X123.6988Y17.4814
G01 X123.6866Y17.6339
G01 X123.6826Y17.6611
G01 X123.6787Y17.6803
G01 X123.6449Y17.8215
G01 X123.6387Y17.8442
G01 X123.6255Y17.8812
G01 X123.5715Y18.0117
G01 X123.5617Y18.0331
G01 X123.5450Y18.0642
G01 X123.4692Y18.1880
G01 X123.4470Y18.2204
G01 X123.4323Y18.2388
G01 X123.3406Y18.3462
G01 X123.3136Y18.3747
G01 X123.2962Y18.3906
G01 X123.1888Y18.4823
G01 X123.1577Y18.5062
G01 X123.1380Y18.5192
G01 X123.0176Y18.5930
G01 X122.9831Y18.6117
G01 X122.9617Y18.6215
G01 X122.8312Y18.6755
G01 X122.7942Y18.6887
G01 X122.7715Y18.6949
G01 X122.6342Y18.7279
G01 X122.5956Y18.7351
G01 X122.5722Y18.7377
G01 X122.4314Y18.7488
G01 X122.4000Y18.7500
G01 X120.6000Y18.7500
G01 X120.5686Y18.7488
G01 X120.4239Y18.7373
G01 X120.4044Y18.7351
G01 X120.3697Y18.7287
G01 X120.2285Y18.6949
G01 X120.2058Y18.6887
G01 X120.1725Y18.6770
G01 X120.0383Y18.6215
G01 X120.0169Y18.6117
G01 X119.9858Y18.5950
G01 X119.8620Y18.5192
G01 X119.8423Y18.5062
G01 X119.8112Y18.4823
G01 X119.7009Y18.3880
G01 X119.6753Y18.3636
G01 X119.6594Y18.3462
G01 X119.5677Y18.2388
G01 X119.5438Y18.2077
G01 X119.5308Y18.1880
G01 X119.4570Y18.0676
G01 X119.4383Y18.0331
G01 X119.4285Y18.0117
G01 X119.3745Y17.8812
G01 X119.3613Y17.8442
G01 X119.3551Y17.8215
G01 X119.3213Y17.6803
G01 X119.3174Y17.6611
G01 X119.3127Y17.6261
G01 X119.3012Y17.4814
G01 X119.3000Y17.4500
G01 X119.3000Y14.5500
G01 X119.3012Y14.5186
G01 X119.3127Y14.3739
G01 X119.3149Y14.3544
G01 X119.3213Y14.3197
G01 X119.3551Y14.1785
G01 X119.3614Y14.1558
G01 X119.3730Y14.1225
G01 X119.4285Y13.9883
G01 X119.4383Y13.9669
G01 X119.4550Y13.9358
G01 X119.5308Y13.8120
G01 X119.5438Y13.7923
G01 X119.5677Y13.7612
G01 X119.6620Y13.6509
G01 X119.6864Y13.6253
G01 X119.7038Y13.6094
G01 X119.8112Y13.5177
G01 X119.8423Y13.4938
G01 X119.8620Y13.4808
G01 X119.9824Y13.4070
G01 X120.0169Y13.3883
G01 X120.0383Y13.3785
G01 X120.1688Y13.3245
G01 X120.2058Y13.3113
G01 X120.2285Y13.3051
G01 X120.3697Y13.2713
G01 X120.3889Y13.2674
G01 X120.4161Y13.2634
G01 X120.5686Y13.2512
G01 X120.6000Y13.2500
G01 X122.4000Y13.2500
G01 X122.4314Y13.2512
G01 X122.5761Y13.2627
G01 X122.6111Y13.2674
G01 X122.6303Y13.2713
G01 X122.7753Y13.3061
G01 X122.8091Y13.3162
G01 X122.8312Y13.3245
G01 X122.9617Y13.3785
G01 X122.9971Y13.3954
G01 X123.0176Y13.4070
G01 X123.1380Y13.4808
G01 X123.1704Y13.5030
G01 X123.1888Y13.5177
G01 X123.2991Y13.6120
G01 X123.3247Y13.6364
G01 X123.3406Y13.6538
G01 X123.4348Y13.7642
G01 X123.4562Y13.7923
G01 X123.4692Y13.8120
G01 X123.5450Y13.9358
G01 X123.5617Y13.9669
G01 X123.5715Y13.9883
G01 X123.6255Y14.1188
G01 X123.6338Y14.1409
G01 X123.6439Y14.1747
G01 X123.6779Y14.3158
G01 X123.6826Y14.3389
G01 X123.6866Y14.3661
G01 X123.6988Y14.5186
G00 Z20.0000
G00 X123.6869Y14.3699
G01 Z20.0000
G01 X124.2668Y14.4559
G01 X124.3050Y14.4655
G00 Z20.0000
G00 X124.3920Y14.0754
G01 Z20.0000
G01 X124.3448Y14.0636
G01 X123.5507Y13.9458
G00 Z20.0000
G00 X123.1377Y13.4806
G01 Z20.0000
G01 X124.4229Y13.6713
G01 X124.6031Y13.7164
G00 Z20.0000
G00 X121.1198Y10.3950
G01 Z20.0000
G01 X121.5327Y10.4153
G01 X124.9691Y10.9251
G01 X128.3390Y11.7692
G01 X129.5474Y12.2016
G00 Z20.0000
G00 X129.0859Y11.6121
G01 Z20.0000
G01 X128.4551Y11.3864
G01 X125.0471Y10.5328
G01 X121.5719Y10.0173
G01 X121.1974Y9.9989
G00 Z20.0000
G00 X121.2000Y9.5990
G01 Z20.0000
G01 X121.6111Y9.6192
G01 X125.1252Y10.1404
G01 X128.5712Y11.0036
G01 X128.9587Y11.1423
G00 Z20.0000
G00 X128.9501Y10.9898
G01 Z20.0000
G01 X128.9505Y10.9604
G01 X128.9570Y10.8330
G01 X128.9599Y10.8086
G01 X128.9789Y10.6824
G01 X128.9841Y10.6585
G01 X129.0154Y10.5348
G01 X129.0229Y10.5114
G01 X129.0662Y10.3914
G01 X129.0759Y10.3689
G01 X129.1308Y10.2537
G01 X129.1427Y10.2323
G01 X129.2085Y10.1230
G01 X129.2225Y10.1028
G01 X129.2988Y10.0005
G01 X129.3147Y9.9818
G01 X129.4006Y9.8875
G01 X129.4182Y9.8704
G01 X129.5129Y9.7850
G01 X129.5322Y9.7698
G01 X129.6348Y9.6940
G01 X129.6555Y9.6807
G01 X129.7650Y9.6154
G01 X129.7869Y9.6042
G01 X129.9023Y9.5499
G01 X129.9252Y9.5409
G01 X130.0454Y9.4982
G01 X130.0690Y9.4915
G01 X130.1928Y9.4608
G01 X130.2170Y9.4564
G01 X130.3432Y9.4380
G01 X130.3677Y9.4360
G01 X130.4951Y9.4301
G01 X130.5196Y9.4305
G01 X130.6470Y9.4370
G01 X130.6714Y9.4399
G01 X130.7976Y9.4589
G01 X130.8215Y9.4641
G01 X130.9452Y9.4954
G01 X130.9686Y9.5029
G01 X131.0886Y9.5462
G01 X131.1111Y9.5559
G01 X131.2263Y9.6108
G01 X131.2477Y9.6227
G01 X131.3570Y9.6885
G01 X131.3772Y9.7025
G01 X131.4795Y9.7788
G01 X131.4982Y9.7947
G01 X131.5925Y9.8806
G01 X131.6096Y9.8982
G01 X131.6950Y9.9929
G01 X131.7102Y10.0122
G01 X131.7860Y10.1148
G01 X131.7993Y10.1355
G01 X131.8646Y10.2450
G01 X131.8758Y10.2669
G01 X131.9301Y10.3823
G01 X131.9391Y10.4052
G01 X131.9818Y10.5254
G01 X131.9885Y10.5490
G01 X132.0192Y10.6728
G01 X132.0236Y10.6970
G01 X132.0420Y10.8232
G01 X132.0440Y10.8477
G01 X132.0499Y10.9751
G01 X132.0495Y10.9996
G01 X132.0430Y11.1270
G01 X132.0401Y11.1514
G01 X132.0211Y11.2776
G01 X132.0159Y11.3015
G01 X131.9846Y11.4252
G01 X131.9771Y11.4486
G01 X131.9338Y11.5686
G01 X131.9241Y11.5911
G01 X131.8692Y11.7063
G01 X131.8573Y11.7277
G01 X131.7915Y11.8370
G01 X131.7775Y11.8572
G01 X131.7012Y11.9595
G01 X131.6853Y11.9782
G01 X131.5994Y12.0725
G01 X131.5818Y12.0896
G01 X131.4871Y12.1750
G01 X131.4678Y12.1902
G01 X131.3652Y12.2660
G01 X131.3445Y12.2793
G01 X131.2350Y12.3446
G01 X131.2131Y12.3558
G01 X131.0977Y12.4101
G01 X131.0748Y12.4191
G01 X130.9546Y12.4618
G01 X130.9310Y12.4685
G01 X130.8072Y12.4992
G01 X130.7830Y12.5036
G01 X130.6568Y12.5220
G01 X130.6323Y12.5240
G01 X130.5049Y12.5299
G01 X130.4804Y12.5295
G01 X130.3530Y12.5230
G01 X130.3286Y12.5201
G01 X130.2024Y12.5011
G01 X130.1785Y12.4959
G01 X130.0548Y12.4646
G01 X130.0314Y12.4571
G01 X129.9114Y12.4138
G01 X129.8889Y12.4041
G01 X129.7737Y12.3492
G01 X129.7523Y12.3373
G01 X129.6430Y12.2715
G01 X129.6228Y12.2575
G01 X129.5205Y12.1812
G01 X129.5018Y12.1653
G01 X129.4075Y12.0794
G01 X129.3904Y12.0618
G01 X129.3050Y11.9671
G01 X129.2898Y11.9478
G01 X129.2140Y11.8452
G01 X129.2007Y11.8245
G01 X129.1354Y11.7150
G01 X129.1242Y11.6931
G01 X129.0699Y11.5777
G01 X129.0609Y11.5548
G01 X129.0182Y11.4346
G01 X129.0115Y11.4110
G01 X128.9808Y11.2872
G01 X128.9764Y11.2630
G01 X128.9580Y11.1368
G01 X128.9560Y11.1123
G01 X128.9501Y10.9898
G00 Z20.0000
G00 X128.9726Y10.7229
G01 Z20.0000
G01 X128.6873Y10.6208
G01 X125.2032Y9.7481
G01 X121.6503Y9.2211
G01 X121.2000Y9.1990
G01 X121.2000Y8.7990
G01 X121.6896Y8.8230
G01 X125.2813Y9.3558
G01 X128.8034Y10.2381
G01 X129.0894Y10.3404
G00 Z20.0000
G00 X129.3048Y9.9931
G01 Z20.0000
G01 X128.9196Y9.8553
G01 X125.3593Y8.9635
G01 X121.7288Y8.4250
G01 X121.2000Y8.3990
G01 X121.2000Y7.9990
G01 X121.7680Y8.0269
G01 X125.4373Y8.5712
G01 X129.0357Y9.4725
G01 X129.6417Y9.6894
G00 Z20.0000
G00 X130.1904Y9.4613
G01 Z20.0000
G01 X129.1518Y9.0897
G01 X125.5154Y8.1789
G01 X121.8072Y7.6288
G01 X121.2000Y7.5990
G00 Z20.0000
G00 X116.8000Y7.5069
G01 Z20.0000
G01 X114.3187Y7.6288
G01 X110.6105Y8.1789
G01 X106.9740Y9.0897
G01 X103.4444Y10.3527
G01 X100.0556Y11.9555
G01 X97.8958Y13.2500
G00 Z20.0000
G00 X98.6354Y13.2724
G01 Z20.0000
G01 X100.2441Y12.3082
G01 X103.5975Y10.7222
G01 X107.0902Y9.4725
G01 X110.6885Y8.5712
G01 X114.3579Y8.0269
G01 X116.8000Y7.9069
G01 X116.8000Y8.3069
G01 X114.3971Y8.4250
G01 X110.7665Y8.9635
G01 X107.2063Y9.8553
G01 X103.7506Y11.0918
G01 X100.4327Y12.6610
G01 X99.1019Y13.4587
G00 Z20.0000
G00 X99.4126Y13.7382
G01 Z20.0000
G01 X100.6212Y13.0138
G01 X103.9036Y11.4613
G01 X107.3224Y10.2381
G01 X110.8446Y9.3558
G01 X114.4363Y8.8230
G01 X116.8000Y8.7069
G01 X116.8000Y7.1069
G01 X114.2795Y7.2307
G01 X110.5324Y7.7866
G01 X106.8579Y8.7070
G01 X103.2913Y9.9831
G01 X99.8670Y11.6027
G01 X97.1187Y13.2500
G00 Z20.0000
G00 X96.3011Y13.2877
G01 Z20.0000
G01 X96.3957Y13.2175
G01 X99.6784Y11.2499
G01 X103.1383Y9.6136
G01 X106.7418Y8.3242
G01 X110.4544Y7.3942
G01 X114.2402Y6.8327
G01 X116.8489Y6.7045
G00 Z20.0000
G00 X108.0213Y5.9444
G01 Z20.0000
G01 X110.0642Y5.4327
G01 X114.0442Y4.8423
G01 X118.0629Y4.6449
G01 X122.0816Y4.8423
G01 X126.0616Y5.4327
G01 X129.9646Y6.4103
G01 X133.7529Y7.7658
G01 X136.8910Y9.2500
G01 X135.9566Y9.2500
G01 X133.5999Y8.1354
G01 X129.8485Y6.7931
G01 X125.9836Y5.8250
G01 X122.0424Y5.2404
G01 X118.0629Y5.0449
G01 X114.0834Y5.2404
G01 X110.1422Y5.8250
G01 X106.2774Y6.7931
G01 X102.5260Y8.1354
G01 X98.9242Y9.8389
G01 X95.5068Y11.8872
G01 X93.6381Y13.2731
G00 Z20.0000
G00 X92.9986Y13.2500
G01 Z20.0000
G01 X95.2845Y11.5546
G01 X95.7927Y11.2500
G01 X95.0246Y11.2500
G01 X92.3279Y13.2500
G01 X91.6572Y13.2500
G01 X94.3539Y11.2500
G00 Z20.0000
G00 X93.7504Y11.2002
G01 Z20.0000
G01 X91.2915Y13.0238
G01 X89.6950Y14.4708
G01 X89.6988Y14.5186
G01 X89.6990Y14.5225
G01 X89.7000Y14.5500
G01 X89.7000Y17.4500
G01 X89.6988Y17.4814
G01 X89.6866Y17.6339
G01 X89.6826Y17.6611
G01 X89.6787Y17.6803
G01 X89.6449Y17.8215
G01 X89.6387Y17.8442
G01 X89.6255Y17.8812
G01 X89.5699Y18.0153
G01 X89.5546Y18.0471
G01 X89.5430Y18.0676
G01 X89.4692Y18.1880
G01 X89.4470Y18.2204
G01 X89.4323Y18.2388
G01 X89.3380Y18.3491
G01 X89.3136Y18.3747
G01 X89.2991Y18.3880
G01 X89.1858Y18.4848
G01 X89.1577Y18.5062
G01 X89.1380Y18.5192
G01 X89.0176Y18.5930
G01 X88.9831Y18.6117
G01 X88.9617Y18.6215
G01 X88.8312Y18.6755
G01 X88.7942Y18.6887
G01 X88.7715Y18.6949
G01 X88.6342Y18.7279
G01 X88.5956Y18.7351
G01 X88.5722Y18.7377
G01 X88.4314Y18.7488
G01 X88.4000Y18.7500
G01 X86.6000Y18.7500
G01 X86.5686Y18.7488
G01 X86.4239Y18.7373
G01 X86.3889Y18.7326
G01 X86.3697Y18.7287
G01 X86.2285Y18.6949
G01 X86.2058Y18.6887
G01 X86.1725Y18.6770
G01 X86.0383Y18.6215
G01 X86.0169Y18.6117
G01 X85.9858Y18.5950
G01 X85.8620Y18.5192
G01 X85.8423Y18.5062
G01 X85.8112Y18.4823
G01 X85.7009Y18.3880
G01 X85.6753Y18.3636
G01 X85.6594Y18.3462
G01 X85.5677Y18.2388
G01 X85.5438Y18.2077
G01 X85.5308Y18.1880
G01 X85.4570Y18.0676
G01 X85.4383Y18.0331
G01 X85.4285Y18.0117
G01 X85.3745Y17.8812
G01 X85.3613Y17.8442
G01 X85.3551Y17.8215
G01 X85.3213Y17.6803
G01 X85.3149Y17.6456
G01 X85.3127Y17.6261
G01 X85.3012Y17.4814
G01 X85.3000Y17.4500
G01 X85.3000Y14.5500
G01 X85.3012Y14.5186
G01 X85.3127Y14.3739
G01 X85.3149Y14.3544
G01 X85.3213Y14.3197
G01 X85.3551Y14.1785
G01 X85.3613Y14.1558
G01 X85.3730Y14.1225
G01 X85.4285Y13.9883
G01 X85.4383Y13.9669
G01 X85.4550Y13.9358
G01 X85.5308Y13.8120
G01 X85.5438Y13.7923
G01 X85.5677Y13.7612
G01 X85.6620Y13.6509
G01 X85.6864Y13.6253
G01 X85.7038Y13.6094
G01 X85.8112Y13.5177
G01 X85.8423Y13.4938
G01 X85.8620Y13.4808
G01 X85.9824Y13.4070
G01 X86.0169Y13.3883
G01 X86.0383Y13.3785
G01 X86.1688Y13.3245
G01 X86.2058Y13.3113
G01 X86.2285Y13.3051
G01 X86.3697Y13.2713
G01 X86.3889Y13.2674
G01 X86.4161Y13.2634
G01 X86.5686Y13.2512
G01 X86.6000Y13.2500
G01 X88.4000Y13.2500
G01 X88.4314Y13.2512
G01 X88.5761Y13.2627
G01 X88.5956Y13.2649
G01 X88.6303Y13.2713
G01 X88.7753Y13.3061
G01 X88.8091Y13.3162
G01 X88.8312Y13.3245
G01 X88.9617Y13.3785
G01 X88.9971Y13.3954
G01 X89.0176Y13.4070
G01 X89.1380Y13.4808
G01 X89.1704Y13.5030
G01 X89.1888Y13.5177
G01 X89.2991Y13.6120
G01 X89.3247Y13.6364
G01 X89.3406Y13.6538
G01 X89.4348Y13.7642
G01 X89.4562Y13.7923
G01 X89.4692Y13.8120
G01 X89.5430Y13.9324
G01 X89.5546Y13.9529
G01 X89.5668Y13.9775
G01 X89.6255Y14.1188
G01 X89.6338Y14.1409
G01 X89.6439Y14.1747
G01 X89.6779Y14.3158
G01 X89.6826Y14.3389
G01 X89.6873Y14.3739
G01 X89.6988Y14.5186
G00 Z20.0000
G00 X89.7000Y15.0055
G01 Z20.0000
G01 X90.3062Y14.4561
G00 Z20.0000
G00 X90.3000Y15.0009
G01 Z20.0000
G01 X89.7000Y15.5447
G01 X89.7000Y16.0839
G01 X90.3000Y15.5401
G01 X90.3000Y16.0793
G01 X89.7000Y16.6231
G01 X89.7000Y17.1623
G01 X90.3000Y16.6185
G01 X90.3000Y17.1577
G01 X89.9201Y17.5020
G01 X89.6501Y17.7999
G00 Z20.0000
G00 X89.5881Y14.0285
G01 Z20.0000
G01 X91.0378Y12.7146
G01 X93.3418Y11.0058
G00 Z20.0000
G00 X93.0541Y10.7218
G01 Z20.0000
G01 X90.7840Y12.4054
G01 X89.3694Y13.6876
G00 Z20.0000
G00 X89.0572Y13.4313
G01 Z20.0000
G01 X90.5302Y12.0962
G01 X92.8675Y10.3628
G00 Z20.0000
G00 X92.8000Y9.9154
G01 Z20.0000
G01 X90.2765Y11.7870
G01 X88.6371Y13.2728
G00 Z20.0000
G00 X88.0674Y13.2500
G01 Z20.0000
G01 X90.0227Y11.4778
G01 X92.8000Y9.4180
G01 X92.8000Y8.9206
G01 X89.7690Y11.1686
G01 X87.4725Y13.2500
G01 X86.8776Y13.2500
G01 X89.5152Y10.8594
G01 X92.8000Y8.4232
G01 X92.8000Y7.9258
G01 X89.2615Y10.5502
G01 X86.2193Y13.3075
G00 Z20.0000
G00 X85.3448Y14.2212
G01 Z20.0000
G01 X82.9682Y16.8434
G01 X80.3142Y20.4220
G01 X78.0237Y24.2435
G01 X76.1188Y28.2710
G01 X74.6178Y32.4659
G01 X74.0143Y34.8752
G00 Z20.0000
G00 X73.7737Y34.1916
G01 Z20.0000
G01 X74.2350Y32.3498
G01 X75.7492Y28.1180
G01 X77.6709Y24.0549
G01 X79.9816Y20.1997
G01 X82.6590Y16.5897
G01 X85.6774Y13.2594
G01 X89.0077Y10.2410
G01 X92.6178Y7.5636
G01 X92.8000Y7.4543
G00 Z20.0000
G00 X92.8038Y6.9863
G01 Z20.0000
G01 X92.3956Y7.2310
G01 X88.7539Y9.9318
G01 X85.3946Y12.9765
G01 X82.3498Y16.3359
G01 X81.7000Y17.2121
G01 X81.7000Y16.5414
G01 X82.0406Y16.0821
G01 X84.0730Y13.8397
G00 Z20.0000
G00 X83.4363Y13.9474
G01 Z20.0000
G01 X81.7314Y15.8284
G01 X81.7000Y15.8707
G01 X81.7000Y15.2681
G01 X82.9781Y13.8580
G00 Z20.0000
G00 X82.6107Y13.6685
G01 Z20.0000
G01 X81.7000Y14.6732
G00 Z20.0000
G00 X81.6988Y14.5186
G01 Z20.0000
G01 X81.7000Y14.5500
G01 X81.7000Y17.4500
G01 X81.6988Y17.4814
G01 X81.6866Y17.6339
G01 X81.6826Y17.6611
G01 X81.6787Y17.6803
G01 X81.6449Y17.8215
G01 X81.6387Y17.8442
G01 X81.6255Y17.8812
G01 X81.5715Y18.0117
G01 X81.5617Y18.0331
G01 X81.5430Y18.0676
G01 X81.4692Y18.1880
G01 X81.4562Y18.2077
G01 X81.4348Y18.2358
G01 X81.3406Y18.3462
G01 X81.3136Y18.3747
G01 X81.2962Y18.3906
G01 X81.1888Y18.4823
G01 X81.1577Y18.5062
G01 X81.1380Y18.5192
G01 X81.0176Y18.5930
G01 X80.9831Y18.6117
G01 X80.9617Y18.6215
G01 X80.8312Y18.6755
G01 X80.7942Y18.6887
G01 X80.7715Y18.6949
G01 X80.6342Y18.7279
G01 X80.5956Y18.7351
G01 X80.5722Y18.7377
G01 X80.4314Y18.7488
G01 X80.4000Y18.7500
G01 X78.6000Y18.7500
G01 X78.5686Y18.7488
G01 X78.4239Y18.7373
G01 X78.3889Y18.7326
G01 X78.3697Y18.7287
G01 X78.2285Y18.6949
G01 X78.2058Y18.6887
G01 X78.1725Y18.6770
G01 X78.0383Y18.6215
G01 X78.0169Y18.6117
G01 X77.9858Y18.5950
G01 X77.8620Y18.5192
G01 X77.8423Y18.5062
G01 X77.8112Y18.4823
G01 X77.7009Y18.3880
G01 X77.6753Y18.3636
G01 X77.6594Y18.3462
G01 X77.5677Y18.2388
G01 X77.5438Y18.2077
G01 X77.5308Y18.1880
G01 X77.4570Y18.0676
G01 X77.4383Y18.0331
G01 X77.4285Y18.0117
G01 X77.3745Y17.8812
G01 X77.3613Y17.8442
G01 X77.3551Y17.8215
G01 X77.3213Y17.6803
G01 X77.3149Y17.6456
G01 X77.3127Y17.6261
G01 X77.3012Y17.4814
G01 X77.3000Y17.4500
G01 X77.3000Y14.5500
G01 X77.3012Y14.5186
G01 X77.3127Y14.3739
G01 X77.3149Y14.3544
G01 X77.3213Y14.3197
G01 X77.3551Y14.1785
G01 X77.3613Y14.1558
G01 X77.3730Y14.1224
G01 X77.4285Y13.9883
G01 X77.4383Y13.9669
G01 X77.4550Y13.9358
G01 X77.5308Y13.8120
G01 X77.5438Y13.7923
G01 X77.5652Y13.7642
G01 X77.6594Y13.6538
G01 X77.6864Y13.6253
G01 X77.7038Y13.6094
G01 X77.8112Y13.5177
G01 X77.8423Y13.4938
G01 X77.8620Y13.4808
G01 X77.9824Y13.4070
G01 X78.0169Y13.3883
G01 X78.0383Y13.3785
G01 X78.1688Y13.3245
G01 X78.2058Y13.3113
G01 X78.2285Y13.3051
G01 X78.3697Y13.2713
G01 X78.3889Y13.2674
G01 X78.4161Y13.2634
G01 X78.5686Y13.2512
G01 X78.6000Y13.2500
G01 X80.4000Y13.2500
G01 X80.4314Y13.2512
G01 X80.5761Y13.2627
G01 X80.6111Y13.2674
G01 X80.6303Y13.2713
G01 X80.7753Y13.3061
G01 X80.8091Y13.3162
G01 X80.8312Y13.3245
G01 X80.9617Y13.3785
G01 X80.9971Y13.3954
G01 X81.0176Y13.4070
G01 X81.1380Y13.4808
G01 X81.1704Y13.5030
G01 X81.1888Y13.5177
G01 X81.2991Y13.6120
G01 X81.3247Y13.6364
G01 X81.3406Y13.6538
G01 X81.4348Y13.7642
G01 X81.4562Y13.7923
G01 X81.4692Y13.8120
G01 X81.5450Y13.9358
G01 X81.5617Y13.9669
G01 X81.5715Y13.9883
G01 X81.6270Y14.1224
G01 X81.6387Y14.1558
G01 X81.6449Y14.1785
G01 X81.6779Y14.3158
G01 X81.6826Y14.3389
G01 X81.6866Y14.3661
G01 X81.6988Y14.5186
G00 Z20.0000
G00 X81.6363Y14.1486
G01 Z20.0000
G01 X82.3156Y13.3992
G00 Z20.0000
G00 X82.0938Y13.0489
G01 Z20.0000
G01 X81.4399Y13.7704
G00 Z20.0000
G00 X81.1538Y13.4911
G01 Z20.0000
G01 X81.9637Y12.5975
G00 Z20.0000
G00 X81.9501Y12.4098
G01 Z20.0000
G01 X81.9505Y12.3804
G01 X81.9570Y12.2530
G01 X81.9599Y12.2286
G01 X81.9789Y12.1024
G01 X81.9841Y12.0785
G01 X82.0154Y11.9548
G01 X82.0229Y11.9314
G01 X82.0662Y11.8114
G01 X82.0759Y11.7889
G01 X82.1308Y11.6737
G01 X82.1427Y11.6523
G01 X82.2085Y11.5430
G01 X82.2225Y11.5228
G01 X82.2988Y11.4205
G01 X82.3147Y11.4018
G01 X82.4006Y11.3075
G01 X82.4182Y11.2904
G01 X82.5129Y11.2050
G01 X82.5322Y11.1898
G01 X82.6348Y11.1140
G01 X82.6555Y11.1007
G01 X82.7650Y11.0354
G01 X82.7869Y11.0242
G01 X82.9023Y10.9699
G01 X82.9252Y10.9609
G01 X83.0454Y10.9182
G01 X83.0690Y10.9115
G01 X83.1928Y10.8808
G01 X83.2170Y10.8764
G01 X83.3432Y10.8580
G01 X83.3677Y10.8560
G01 X83.4951Y10.8501
G01 X83.5196Y10.8505
G01 X83.6470Y10.8570
G01 X83.6714Y10.8599
G01 X83.7976Y10.8789
G01 X83.8215Y10.8841
G01 X83.9452Y10.9154
G01 X83.9686Y10.9229
G01 X84.0886Y10.9662
G01 X84.1111Y10.9759
G01 X84.2263Y11.0308
G01 X84.2477Y11.0427
G01 X84.3570Y11.1085
G01 X84.3772Y11.1225
G01 X84.4795Y11.1988
G01 X84.4982Y11.2147
G01 X84.5925Y11.3006
G01 X84.6096Y11.3182
G01 X84.6950Y11.4129
G01 X84.7102Y11.4322
G01 X84.7860Y11.5348
G01 X84.7993Y11.5555
G01 X84.8646Y11.6650
G01 X84.8758Y11.6869
G01 X84.9301Y11.8023
G01 X84.9391Y11.8252
G01 X84.9818Y11.9454
G01 X84.9885Y11.9690
G01 X85.0192Y12.0928
G01 X85.0236Y12.1170
G01 X85.0420Y12.2432
G01 X85.0440Y12.2677
G01 X85.0499Y12.3951
G01 X85.0495Y12.4196
G01 X85.0430Y12.5470
G01 X85.0401Y12.5714
G01 X85.0211Y12.6976
G01 X85.0159Y12.7215
G01 X84.9846Y12.8452
G01 X84.9771Y12.8686
G01 X84.9338Y12.9886
G01 X84.9241Y13.0111
G01 X84.8692Y13.1263
G01 X84.8573Y13.1477
G01 X84.7915Y13.2570
G01 X84.7775Y13.2772
G01 X84.7012Y13.3795
G01 X84.6853Y13.3982
G01 X84.5994Y13.4925
G01 X84.5818Y13.5096
G01 X84.4871Y13.5950
G01 X84.4678Y13.6102
G01 X84.3652Y13.6860
G01 X84.3445Y13.6993
G01 X84.2350Y13.7646
G01 X84.2131Y13.7758
G01 X84.0977Y13.8301
G01 X84.0748Y13.8391
G01 X83.9546Y13.8818
G01 X83.9310Y13.8885
G01 X83.8072Y13.9192
G01 X83.7830Y13.9236
G01 X83.6568Y13.9420
G01 X83.6323Y13.9440
G01 X83.5049Y13.9499
G01 X83.4804Y13.9495
G01 X83.3530Y13.9430
G01 X83.3286Y13.9401
G01 X83.2024Y13.9211
G01 X83.1785Y13.9159
G01 X83.0548Y13.8846
G01 X83.0314Y13.8771
G01 X82.9114Y13.8338
G01 X82.8889Y13.8241
G01 X82.7737Y13.7692
G01 X82.7523Y13.7573
G01 X82.6430Y13.6915
G01 X82.6228Y13.6775
G01 X82.5205Y13.6012
G01 X82.5018Y13.5853
G01 X82.4075Y13.4994
G01 X82.3904Y13.4818
G01 X82.3050Y13.3871
G01 X82.2898Y13.3678
G01 X82.2140Y13.2652
G01 X82.2007Y13.2445
G01 X82.1354Y13.1350
G01 X82.1242Y13.1131
G01 X82.0699Y12.9977
G01 X82.0609Y12.9748
G01 X82.0182Y12.8546
G01 X82.0115Y12.8310
G01 X81.9808Y12.7072
G01 X81.9764Y12.6830
G01 X81.9580Y12.5568
G01 X81.9560Y12.5323
G01 X81.9501Y12.4098
G00 Z20.0000
G00 X82.0197Y11.9408
G01 Z20.0000
G01 X80.7810Y13.3075
G00 Z20.0000
G00 X80.2940Y13.2500
G01 Z20.0000
G01 X82.8490Y10.4309
G01 X86.4701Y7.1489
G01 X90.3955Y4.2377
G01 X94.5874Y1.7252
G01 X99.0053Y-0.3643
G01 X103.4369Y-1.9500
G01 X102.2510Y-1.9500
G01 X98.8522Y-0.7339
G01 X94.3988Y1.3724
G01 X90.1733Y3.9051
G01 X86.2164Y6.8397
G01 X82.5662Y10.1481
G01 X79.7548Y13.2500
G01 X79.2156Y13.2500
G01 X82.2833Y9.8653
G01 X85.9626Y6.5305
G01 X89.9511Y3.5725
G01 X94.2102Y1.0196
G01 X98.6991Y-1.1034
G01 X101.0651Y-1.9500
G01 X99.8792Y-1.9500
G01 X98.5461Y-1.4730
G01 X94.0217Y0.6669
G01 X89.7288Y3.2399
G01 X85.7089Y6.2213
G01 X82.0005Y9.5824
G01 X78.6764Y13.2500
G00 Z20.0000
G00 X78.0940Y13.3555
G01 Z20.0000
G01 X78.3302Y13.0370
G01 X81.7176Y9.2996
G01 X85.4551Y5.9121
G01 X89.5066Y2.9073
G01 X93.8331Y0.3141
G01 X98.3930Y-1.8425
G01 X98.6933Y-1.9500
G01 X97.6858Y-1.9500
G01 X93.6446Y-0.0387
G01 X89.2844Y2.5747
G01 X85.2013Y5.6029
G01 X81.4348Y9.0167
G01 X78.0210Y12.7833
G01 X76.7000Y14.5644
G00 Z20.0000
G00 X76.6988Y14.5186
G01 Z20.0000
G01 X76.7000Y14.5500
G01 X76.7000Y17.4500
G01 X76.6988Y17.4814
G01 X76.6866Y17.6339
G01 X76.6826Y17.6611
G01 X76.6787Y17.6803
G01 X76.6449Y17.8215
G01 X76.6387Y17.8442
G01 X76.6255Y17.8812
G01 X76.5715Y18.0117
G01 X76.5617Y18.0331
G01 X76.5430Y18.0676
G01 X76.4692Y18.1880
G01 X76.4562Y18.2077
G01 X76.4348Y18.2358
G01 X76.3406Y18.3462
G01 X76.3136Y18.3747
G01 X76.2962Y18.3906
G01 X76.1888Y18.4823
G01 X76.1577Y18.5062
G01 X76.1380Y18.5192
G01 X76.0176Y18.5930
G01 X75.9831Y18.6117
G01 X75.9617Y18.6215
G01 X75.8312Y18.6755
G01 X75.7942Y18.6887
G01 X75.7715Y18.6949
G01 X75.6342Y18.7279
G01 X75.5956Y18.7351
G01 X75.5722Y18.7377
G01 X75.4314Y18.7488
G01 X75.4000Y18.7500
G01 X73.6000Y18.7500
G01 X73.5686Y18.7488
G01 X73.4239Y18.7373
G01 X73.3889Y18.7326
G01 X73.3697Y18.7287
G01 X73.2285Y18.6949
G01 X73.2058Y18.6887
G01 X73.1725Y18.6770
G01 X73.0383Y18.6215
G01 X73.0169Y18.6117
G01 X72.9858Y18.5950
G01 X72.8620Y18.5192
G01 X72.8423Y18.5062
G01 X72.8112Y18.4823
G01 X72.7009Y18.3880
G01 X72.6753Y18.3636
G01 X72.6594Y18.3462
G01 X72.5677Y18.2388
G01 X72.5438Y18.2077
G01 X72.5308Y18.1880
G01 X72.4570Y18.0676
G01 X72.4383Y18.0331
G01 X72.4285Y18.0117
G01 X72.3745Y17.8812
G01 X72.3613Y17.8442
G01 X72.3551Y17.8215
G01 X72.3213Y17.6803
G01 X72.3149Y17.6456
G01 X72.3127Y17.6261
G01 X72.3012Y17.4814
G01 X72.3000Y17.4500
G01 X72.3000Y14.5500
G01 X72.3012Y14.5186
G01 X72.3127Y14.3739
G01 X72.3149Y14.3544
G01 X72.3213Y14.3197
G01 X72.3551Y14.1785
G01 X72.3613Y14.1558
G01 X72.3730Y14.1224
G01 X72.4285Y13.9883
G01 X72.4383Y13.9669
G01 X72.4550Y13.9358
G01 X72.5308Y13.8120
G01 X72.5438Y13.7923
G01 X72.5652Y13.7642
G01 X72.6594Y13.6538
G01 X72.6864Y13.6253
G01 X72.7038Y13.6094
G01 X72.8112Y13.5177
G01 X72.8423Y13.4938
G01 X72.8620Y13.4808
G01 X72.9824Y13.4070
G01 X73.0169Y13.3883
G01 X73.0383Y13.3785
G01 X73.1688Y13.3245
G01 X73.2058Y13.3113
G01 X73.2285Y13.3051
G01 X73.3697Y13.2713
G01 X73.3889Y13.2674
G01 X73.4161Y13.2634
G01 X73.5686Y13.2512
G01 X73.6000Y13.2500
G01 X75.4000Y13.2500
G01 X75.4314Y13.2512
G01 X75.5761Y13.2627
G01 X75.6111Y13.2674
G01 X75.6303Y13.2713
G01 X75.7753Y13.3061
G01 X75.8091Y13.3162
G01 X75.8312Y13.3245
G01 X75.9617Y13.3785
G01 X75.9971Y13.3954
G01 X76.0176Y13.4070
G01 X76.1380Y13.4808
G01 X76.1704Y13.5030
G01 X76.1888Y13.5177
G01 X76.2991Y13.6120
G01 X76.3247Y13.6364
G01 X76.3406Y13.6538
G01 X76.4348Y13.7642
G01 X76.4562Y13.7923
G01 X76.4692Y13.8120
G01 X76.5450Y13.9358
G01 X76.5617Y13.9669
G01 X76.5715Y13.9883
G01 X76.6270Y14.1224
G01 X76.6387Y14.1558
G01 X76.6449Y14.1785
G01 X76.6779Y14.3158
G01 X76.6826Y14.3389
G01 X76.6866Y14.3661
G01 X76.6988Y14.5186
G00 Z20.0000
G00 X76.5924Y14.0389
G01 Z20.0000
G01 X77.7118Y12.5295
G01 X81.1519Y8.7339
G01 X83.8496Y6.2889
G00 Z20.0000
G00 X83.2354Y6.3063
G01 Z20.0000
G01 X80.8691Y8.4510
G01 X77.4026Y12.2758
G01 X76.3620Y13.6789
G00 Z20.0000
G00 X76.0510Y13.4275
G01 Z20.0000
G01 X77.0934Y12.0220
G01 X80.5863Y8.1682
G01 X82.7998Y6.1619
G00 Z20.0000
G00 X82.4618Y5.9291
G01 Z20.0000
G01 X80.3034Y7.8854
G01 X76.7842Y11.7683
G01 X75.6636Y13.2792
G00 Z20.0000
G00 X75.1878Y13.2500
G01 Z20.0000
G01 X76.4750Y11.5145
G01 X80.0206Y7.6025
G01 X82.2015Y5.6258
G00 Z20.0000
G00 X82.0229Y5.2485
G01 Z20.0000
G01 X79.7377Y7.3197
G01 X76.1657Y11.2607
G01 X74.6904Y13.2500
G01 X74.1930Y13.2500
G01 X75.8565Y11.0070
G01 X79.4549Y7.0368
G01 X81.9501Y4.7753
G00 Z20.0000
G00 X81.9501Y4.7898
G01 Z20.0000
G01 X81.9505Y4.7604
G01 X81.9570Y4.6330
G01 X81.9599Y4.6086
G01 X81.9789Y4.4824
G01 X81.9841Y4.4585
G01 X82.0154Y4.3348
G01 X82.0229Y4.3114
G01 X82.0662Y4.1914
G01 X82.0759Y4.1689
G01 X82.1308Y4.0537
G01 X82.1427Y4.0323
G01 X82.2085Y3.9230
G01 X82.2225Y3.9028
G01 X82.2988Y3.8005
G01 X82.3147Y3.7818
G01 X82.4006Y3.6875
G01 X82.4182Y3.6704
G01 X82.5129Y3.5850
G01 X82.5322Y3.5698
G01 X82.6348Y3.4940
G01 X82.6555Y3.4807
G01 X82.7650Y3.4154
G01 X82.7869Y3.4042
G01 X82.9023Y3.3499
G01 X82.9252Y3.3409
G01 X83.0454Y3.2982
G01 X83.0690Y3.2915
G01 X83.1928Y3.2608
G01 X83.2170Y3.2564
G01 X83.3432Y3.2380
G01 X83.3677Y3.2360
G01 X83.4951Y3.2301
G01 X83.5196Y3.2305
G01 X83.6470Y3.2370
G01 X83.6714Y3.2399
G01 X83.7976Y3.2589
G01 X83.8215Y3.2641
G01 X83.9452Y3.2954
G01 X83.9686Y3.3029
G01 X84.0886Y3.3462
G01 X84.1111Y3.3559
G01 X84.2263Y3.4108
G01 X84.2477Y3.4227
G01 X84.3570Y3.4885
G01 X84.3772Y3.5025
G01 X84.4795Y3.5788
G01 X84.4982Y3.5947
G01 X84.5925Y3.6806
G01 X84.6096Y3.6982
G01 X84.6950Y3.7929
G01 X84.7102Y3.8122
G01 X84.7860Y3.9148
G01 X84.7993Y3.9355
G01 X84.8646Y4.0450
G01 X84.8758Y4.0669
G01 X84.9301Y4.1823
G01 X84.9391Y4.2052
G01 X84.9818Y4.3254
G01 X84.9885Y4.3490
G01 X85.0192Y4.4728
G01 X85.0236Y4.4970
G01 X85.0420Y4.6232
G01 X85.0440Y4.6477
G01 X85.0499Y4.7751
G01 X85.0495Y4.7996
G01 X85.0430Y4.9270
G01 X85.0401Y4.9514
G01 X85.0211Y5.0776
G01 X85.0159Y5.1015
G01 X84.9846Y5.2252
G01 X84.9771Y5.2486
G01 X84.9338Y5.3686
G01 X84.9241Y5.3911
G01 X84.8692Y5.5063
G01 X84.8573Y5.5277
G01 X84.7915Y5.6370
G01 X84.7775Y5.6572
G01 X84.7012Y5.7595
G01 X84.6853Y5.7782
G01 X84.5994Y5.8725
G01 X84.5818Y5.8896
G01 X84.4871Y5.9750
G01 X84.4678Y5.9902
G01 X84.3652Y6.0660
G01 X84.3445Y6.0793
G01 X84.2350Y6.1446
G01 X84.2131Y6.1558
G01 X84.0977Y6.2101
G01 X84.0748Y6.2191
G01 X83.9546Y6.2618
G01 X83.9310Y6.2685
G01 X83.8072Y6.2992
G01 X83.7830Y6.3036
G01 X83.6568Y6.3220
G01 X83.6323Y6.3240
G01 X83.5049Y6.3299
G01 X83.4804Y6.3295
G01 X83.3530Y6.3230
G01 X83.3286Y6.3201
G01 X83.2024Y6.3011
G01 X83.1785Y6.2959
G01 X83.0548Y6.2646
G01 X83.0314Y6.2571
G01 X82.9114Y6.2138
G01 X82.8889Y6.2041
G01 X82.7737Y6.1492
G01 X82.7523Y6.1373
G01 X82.6430Y6.0715
G01 X82.6228Y6.0575
G01 X82.5205Y5.9812
G01 X82.5018Y5.9653
G01 X82.4075Y5.8794
G01 X82.3904Y5.8618
G01 X82.3050Y5.7671
G01 X82.2898Y5.7478
G01 X82.2140Y5.6452
G01 X82.2007Y5.6245
G01 X82.1354Y5.5150
G01 X82.1242Y5.4931
G01 X82.0699Y5.3777
G01 X82.0609Y5.3548
G01 X82.0182Y5.2346
G01 X82.0115Y5.2110
G01 X81.9808Y5.0872
G01 X81.9764Y5.0630
G01 X81.9580Y4.9368
G01 X81.9560Y4.9123
G01 X81.9501Y4.7898
G00 Z20.0000
G00 X82.1147Y4.0869
G01 Z20.0000
G01 X79.1720Y6.7540
G01 X75.5473Y10.7532
G01 X73.6956Y13.2500
G00 Z20.0000
G00 X73.1315Y13.3400
G01 Z20.0000
G01 X75.2381Y10.4995
G01 X78.8892Y6.4711
G01 X82.9175Y2.8201
G01 X87.2843Y-0.4186
G01 X89.8394Y-1.9500
G01 X89.0623Y-1.9500
G01 X87.0621Y-0.7511
G01 X82.6638Y2.5109
G01 X78.6064Y6.1883
G01 X74.9289Y10.2457
G01 X71.7000Y14.5994
G00 Z20.0000
G00 X71.6988Y14.5186
G01 Z20.0000
G01 X71.7000Y14.5500
G01 X71.7000Y17.4500
G01 X71.6988Y17.4814
G01 X71.6866Y17.6339
G01 X71.6826Y17.6611
G01 X71.6787Y17.6803
G01 X71.6449Y17.8215
G01 X71.6387Y17.8442
G01 X71.6255Y17.8812
G01 X71.5715Y18.0117
G01 X71.5617Y18.0331
G01 X71.5430Y18.0676
G01 X71.4692Y18.1880
G01 X71.4562Y18.2077
G01 X71.4348Y18.2358
G01 X71.3406Y18.3462
G01 X71.3136Y18.3747
G01 X71.2962Y18.3906
G01 X71.1888Y18.4823
G01 X71.1577Y18.5062
G01 X71.1380Y18.5192
G01 X71.0176Y18.5930
G01 X70.9831Y18.6117
G01 X70.9617Y18.6215
G01 X70.8312Y18.6755
G01 X70.7942Y18.6887
G01 X70.7715Y18.6949
G01 X70.6342Y18.7279
G01 X70.5956Y18.7351
G01 X70.5722Y18.7377
G01 X70.4314Y18.7488
G01 X70.4000Y18.7500
G01 X68.6000Y18.7500
G01 X68.5686Y18.7488
G01 X68.4239Y18.7373
G01 X68.3889Y18.7326
G01 X68.3697Y18.7287
G01 X68.2285Y18.6949
G01 X68.2058Y18.6887
G01 X68.1725Y18.6770
G01 X68.0383Y18.6215
G01 X68.0169Y18.6117
G01 X67.9858Y18.5950
G01 X67.8620Y18.5192
G01 X67.8423Y18.5062
G01 X67.8112Y18.4823
G01 X67.7009Y18.3880
G01 X67.6753Y18.3636
G01 X67.6594Y18.3462
G01 X67.5677Y18.2388
G01 X67.5438Y18.2077
G01 X67.5308Y18.1880
G01 X67.4570Y18.0676
G01 X67.4383Y18.0331
G01 X67.4285Y18.0117
G01 X67.3745Y17.8812
G01 X67.3613Y17.8442
G01 X67.3551Y17.8215
G01 X67.3213Y17.6803
G01 X67.3149Y17.6456
G01 X67.3127Y17.6261
G01 X67.3012Y17.4814
G01 X67.3000Y17.4500
G01 X67.3000Y14.5500
G01 X67.3012Y14.5186
G01 X67.3127Y14.3739
G01 X67.3149Y14.3544
G01 X67.3213Y14.3197
G01 X67.3551Y14.1785
G01 X67.3613Y14.1558
G01 X67.3730Y14.1224
G01 X67.4285Y13.9883
G01 X67.4383Y13.9669
G01 X67.4550Y13.9358
G01 X67.5308Y13.8120
G01 X67.5438Y13.7923
G01 X67.5652Y13.7642
G01 X67.6594Y13.6538
G01 X67.6864Y13.6253
G01 X67.7038Y13.6094
G01 X67.8112Y13.5177
G01 X67.8423Y13.4938
G01 X67.8620Y13.4808
G01 X67.9824Y13.4070
G01 X68.0169Y13.3883
G01 X68.0383Y13.3785
G01 X68.1688Y13.3245
G01 X68.2058Y13.3113
G01 X68.2285Y13.3051
G01 X68.3697Y13.2713
G01 X68.3889Y13.2674
G01 X68.4161Y13.2634
G01 X68.5686Y13.2512
G01 X68.6000Y13.2500
G01 X70.4000Y13.2500
G01 X70.4314Y13.2512
G01 X70.5761Y13.2627
G01 X70.6111Y13.2674
G01 X70.6303Y13.2713
G01 X70.7753Y13.3061
G01 X70.8091Y13.3162
G01 X70.8312Y13.3245
G01 X70.9617Y13.3785
G01 X70.9971Y13.3954
G01 X71.0176Y13.4070
G01 X71.1380Y13.4808
G01 X71.1704Y13.5030
G01 X71.1888Y13.5177
G01 X71.2991Y13.6120
G01 X71.3247Y13.6364
G01 X71.3406Y13.6538
G01 X71.4348Y13.7642
G01 X71.4562Y13.7923
G01 X71.4692Y13.8120
G01 X71.5450Y13.9358
G01 X71.5617Y13.9669
G01 X71.5715Y13.9883
G01 X71.6270Y14.1224
G01 X71.6387Y14.1558
G01 X71.6449Y14.1785
G01 X71.6779Y14.3158
G01 X71.6826Y14.3389
G01 X71.6866Y14.3661
G01 X71.6988Y14.5186
G00 Z20.0000
G00 X71.6017Y14.0613
G01 Z20.0000
G01 X74.6197Y9.9920
G01 X78.3235Y5.9055
G01 X82.4100Y2.2017
G01 X86.8399Y-1.0837
G01 X88.2852Y-1.9500
G01 X87.5080Y-1.9500
G01 X86.6176Y-1.4163
G01 X82.1563Y1.8925
G01 X78.0407Y5.6226
G01 X74.3105Y9.7382
G01 X74.2000Y9.8872
G01 X74.2000Y9.2652
G01 X77.7578Y5.3398
G01 X81.9025Y1.5833
G01 X86.3954Y-1.7489
G01 X86.7309Y-1.9500
G01 X85.9959Y-1.9500
G01 X81.6487Y1.2741
G01 X77.4750Y5.0569
G01 X74.2000Y8.6703
G01 X74.2000Y8.0754
G01 X77.1921Y4.7741
G01 X81.3950Y0.9649
G01 X85.3252Y-1.9500
G01 X84.6545Y-1.9500
G01 X81.1412Y0.6557
G01 X76.9093Y4.4912
G01 X74.2000Y7.4805
G00 Z20.0000
G00 X74.1990Y7.0215
G01 Z20.0000
G01 X74.2000Y7.0500
G01 X74.2000Y9.9500
G01 X74.1988Y9.9814
G01 X74.1866Y10.1339
G01 X74.1826Y10.1611
G01 X74.1787Y10.1803
G01 X74.1449Y10.3215
G01 X74.1387Y10.3442
G01 X74.1255Y10.3812
G01 X74.0715Y10.5117
G01 X74.0617Y10.5331
G01 X74.0430Y10.5676
G01 X73.9692Y10.6880
G01 X73.9562Y10.7077
G01 X73.9348Y10.7358
G01 X73.8406Y10.8462
G01 X73.8136Y10.8747
G01 X73.7962Y10.8906
G01 X73.6888Y10.9823
G01 X73.6577Y11.0062
G01 X73.6380Y11.0192
G01 X73.5176Y11.0930
G01 X73.4831Y11.1117
G01 X73.4617Y11.1215
G01 X73.3312Y11.1755
G01 X73.2942Y11.1887
G01 X73.2715Y11.1949
G01 X73.1342Y11.2279
G01 X73.0956Y11.2351
G01 X73.0722Y11.2377
G01 X72.9314Y11.2488
G01 X72.9000Y11.2500
G01 X71.1000Y11.2500
G01 X71.0686Y11.2488
G01 X70.9239Y11.2373
G01 X70.8889Y11.2326
G01 X70.8697Y11.2287
G01 X70.7285Y11.1949
G01 X70.7058Y11.1887
G01 X70.6725Y11.1770
G01 X70.5383Y11.1215
G01 X70.5169Y11.1117
G01 X70.4858Y11.0950
G01 X70.3620Y11.0192
G01 X70.3423Y11.0062
G01 X70.3142Y10.9848
G01 X70.2038Y10.8906
G01 X70.1753Y10.8636
G01 X70.1594Y10.8462
G01 X70.0677Y10.7388
G01 X70.0438Y10.7077
G01 X70.0308Y10.6880
G01 X69.9570Y10.5676
G01 X69.9383Y10.5331
G01 X69.9285Y10.5117
G01 X69.8745Y10.3812
G01 X69.8613Y10.3442
G01 X69.8551Y10.3215
G01 X69.8213Y10.1803
G01 X69.8149Y10.1456
G01 X69.8127Y10.1261
G01 X69.8012Y9.9814
G01 X69.8000Y9.9500
G01 X69.8000Y7.0500
G01 X69.8012Y7.0186
G01 X69.8127Y6.8739
G01 X69.8174Y6.8389
G01 X69.8213Y6.8197
G01 X69.8551Y6.6785
G01 X69.8613Y6.6558
G01 X69.8730Y6.6224
G01 X69.9285Y6.4883
G01 X69.9383Y6.4669
G01 X69.9550Y6.4358
G01 X70.0308Y6.3120
G01 X70.0438Y6.2923
G01 X70.0652Y6.2642
G01 X70.1594Y6.1538
G01 X70.1864Y6.1253
G01 X70.2038Y6.1094
G01 X70.3112Y6.0177
G01 X70.3423Y5.9938
G01 X70.3620Y5.9808
G01 X70.4824Y5.9070
G01 X70.5169Y5.8883
G01 X70.5383Y5.8785
G01 X70.6688Y5.8245
G01 X70.7058Y5.8113
G01 X70.7285Y5.8051
G01 X70.8697Y5.7713
G01 X70.8889Y5.7674
G01 X70.9161Y5.7634
G01 X71.0686Y5.7512
G01 X71.1000Y5.7500
G01 X72.9031Y5.7500
G01 X72.9285Y5.7510
G01 X73.0566Y5.7602
G01 X73.0779Y5.7623
G01 X73.1131Y5.7683
G01 X73.2386Y5.7956
G01 X73.2594Y5.8008
G01 X73.2933Y5.8117
G01 X73.4137Y5.8566
G01 X73.4335Y5.8646
G01 X73.4656Y5.8803
G01 X73.5783Y5.9418
G01 X73.5968Y5.9526
G01 X73.6263Y5.9727
G01 X73.7291Y6.0496
G01 X73.7566Y6.0723
G01 X73.7722Y6.0870
G01 X73.8630Y6.1778
G01 X73.8777Y6.1934
G01 X73.8960Y6.2153
G01 X73.9773Y6.3237
G01 X73.9974Y6.3532
G01 X74.0082Y6.3717
G01 X74.0697Y6.4844
G01 X74.0854Y6.5165
G01 X74.0934Y6.5363
G01 X74.1383Y6.6567
G01 X74.1452Y6.6769
G01 X74.1544Y6.7114
G01 X74.1817Y6.8369
G01 X74.1856Y6.8579
G01 X74.1892Y6.8863
G01 X74.1990Y7.0215
G00 Z20.0000
G00 X74.1900Y6.8966
G01 Z20.0000
G01 X76.6265Y4.2084
G01 X80.8875Y0.3465
G01 X83.9839Y-1.9500
G01 X83.3132Y-1.9500
G01 X80.6337Y0.0372
G01 X76.3436Y3.9256
G01 X74.0527Y6.4532
G00 Z20.0000
G00 X73.8106Y6.1254
G01 Z20.0000
G01 X76.0608Y3.6427
G01 X80.3800Y-0.2720
G01 X82.6425Y-1.9500
G01 X81.9719Y-1.9500
G01 X80.1262Y-0.5812
G01 X75.7779Y3.3599
G01 X73.4843Y5.8905
G00 Z20.0000
G00 X73.0627Y5.7607
G01 Z20.0000
G01 X75.4951Y3.0770
G01 X79.8724Y-0.8904
G01 X81.3012Y-1.9500
G01 X80.6305Y-1.9500
G01 X79.6187Y-1.1996
G01 X75.2122Y2.7942
G01 X72.5333Y5.7500
G01 X71.9941Y5.7500
G01 X74.9294Y2.5113
G01 X79.3649Y-1.5088
G01 X79.9598Y-1.9500
G01 X79.2892Y-1.9500
G01 X79.1112Y-1.8180
G01 X74.6466Y2.2285
G01 X71.4549Y5.7500
G00 Z20.0000
G00 X70.9018Y5.7654
G01 Z20.0000
G01 X74.3637Y1.9457
G01 X78.6619Y-1.9500
G01 X78.0670Y-1.9500
G01 X74.0809Y1.6628
G01 X69.9817Y6.1856
G01 X66.3455Y11.0884
G01 X65.0499Y13.2500
G00 Z20.0000
G00 X65.5112Y13.2575
G01 Z20.0000
G01 X66.6781Y11.3106
G01 X69.8000Y7.1012
G01 X69.8000Y7.7719
G01 X67.0107Y11.5329
G01 X65.9158Y13.3595
G00 Z20.0000
G00 X66.2536Y13.5731
G01 Z20.0000
G01 X67.3433Y11.7551
G01 X69.8000Y8.4426
G01 X69.8000Y9.1132
G01 X67.6759Y11.9773
G01 X66.5233Y13.9003
G00 Z20.0000
G00 X66.6894Y14.4002
G01 Z20.0000
G01 X68.0084Y12.1995
G01 X69.8000Y9.7839
G00 Z20.0000
G00 X69.8677Y10.3633
G01 Z20.0000
G01 X68.3410Y12.4218
G01 X66.7000Y15.1597
G01 X67.3000Y14.9357
G01 X66.7000Y15.9368
G01 X67.3000Y15.7129
G01 X66.7000Y16.7139
G01 X67.3000Y16.4900
G01 X66.6977Y17.4948
G00 Z20.0000
G00 X69.2059Y18.7500
G01 Z20.0000
G01 X68.8517Y19.3409
G01 X67.8288Y21.5036
G00 Z20.0000
G00 X68.3819Y21.2687
G01 Z20.0000
G01 X69.2045Y19.5295
G01 X69.6717Y18.7500
G01 X70.1375Y18.7500
G01 X69.5572Y19.7180
G01 X68.8327Y21.2500
G01 X69.2746Y21.2500
G01 X69.9100Y19.9066
G01 X70.6140Y18.7321
G00 Z20.0000
G00 X71.2722Y18.4110
G01 Z20.0000
G01 X70.2628Y20.0952
G01 X69.7166Y21.2500
G01 X70.1585Y21.2500
G01 X70.6156Y20.2837
G01 X72.3007Y17.4723
G00 Z20.0000
G00 X72.4347Y18.0257
G01 Z20.0000
G01 X70.9683Y20.4723
G01 X70.5936Y21.2646
G00 Z20.0000
G00 X70.9777Y21.3869
G01 Z20.0000
G01 X71.3211Y20.6608
G01 X72.6896Y18.3777
G00 Z20.0000
G00 X73.0155Y18.6110
G01 Z20.0000
G01 X71.6739Y20.8494
G01 X71.3081Y21.6228
G00 Z20.0000
G00 X71.5746Y21.9938
G01 Z20.0000
G01 X72.0266Y21.0380
G01 X73.4067Y18.7354
G00 Z20.0000
G00 X73.8638Y18.7500
G01 Z20.0000
G01 X72.3794Y21.2265
G01 X71.7000Y22.6630
G00 Z20.0000
G00 X71.6990Y22.5215
G01 Z20.0000
G01 X71.7000Y22.5500
G01 X71.7000Y25.4500
G01 X71.6990Y25.4775
G01 X71.6873Y25.6261
G01 X71.6826Y25.6611
G01 X71.6779Y25.6842
G01 X71.6449Y25.8215
G01 X71.6338Y25.8592
G01 X71.6255Y25.8812
G01 X71.5715Y26.0117
G01 X71.5546Y26.0471
G01 X71.5430Y26.0676
G01 X71.4692Y26.1880
G01 X71.4470Y26.2204
G01 X71.4323Y26.2388
G01 X71.3406Y26.3462
G01 X71.3136Y26.3747
G01 X71.2962Y26.3906
G01 X71.1858Y26.4848
G01 X71.1577Y26.5062
G01 X71.1380Y26.5192
G01 X71.0142Y26.5950
G01 X70.9831Y26.6117
G01 X70.9617Y26.6215
G01 X70.8312Y26.6755
G01 X70.8091Y26.6838
G01 X70.7753Y26.6939
G01 X70.6342Y26.7279
G01 X70.6111Y26.7326
G01 X70.5722Y26.7377
G01 X70.4314Y26.7488
G01 X70.4000Y26.7500
G01 X68.5804Y26.7495
G01 X68.4278Y26.7377
G01 X68.3889Y26.7326
G01 X68.3658Y26.7279
G01 X68.2285Y26.6949
G01 X68.1909Y26.6838
G01 X68.1688Y26.6755
G01 X68.0383Y26.6215
G01 X68.0029Y26.6046
G01 X67.9824Y26.5930
G01 X67.8620Y26.5192
G01 X67.8296Y26.4970
G01 X67.8112Y26.4823
G01 X67.7038Y26.3906
G01 X67.6753Y26.3636
G01 X67.6594Y26.3462
G01 X67.5677Y26.2388
G01 X67.5438Y26.2077
G01 X67.5308Y26.1880
G01 X67.4570Y26.0676
G01 X67.4383Y26.0331
G01 X67.4285Y26.0117
G01 X67.3730Y25.8776
G01 X67.3662Y25.8592
G01 X67.3580Y25.8329
G01 X67.3221Y25.6842
G01 X67.3149Y25.6456
G01 X67.3123Y25.6222
G01 X67.3012Y25.4814
G01 X67.3000Y25.4539
G01 X67.3000Y22.5500
G01 X67.3012Y22.5186
G01 X67.3123Y22.3778
G01 X67.3149Y22.3544
G01 X67.3196Y22.3273
G01 X67.3551Y22.1785
G01 X67.3662Y22.1408
G01 X67.3745Y22.1188
G01 X67.4301Y21.9847
G01 X67.4454Y21.9529
G01 X67.4570Y21.9324
G01 X67.5372Y21.8020
G01 X67.5530Y21.7796
G01 X67.5677Y21.7612
G01 X67.6620Y21.6509
G01 X67.6864Y21.6253
G01 X67.7038Y21.6094
G01 X67.8112Y21.5177
G01 X67.8296Y21.5030
G01 X67.8587Y21.4829
G01 X67.9824Y21.4070
G01 X68.0029Y21.3954
G01 X68.0383Y21.3785
G01 X68.1688Y21.3245
G01 X68.1909Y21.3162
G01 X68.2285Y21.3051
G01 X68.3658Y21.2721
G01 X68.3889Y21.2674
G01 X68.4278Y21.2623
G01 X68.5686Y21.2512
G01 X68.5961Y21.2500
G01 X70.4107Y21.2502
G01 X70.5566Y21.2602
G01 X70.5921Y21.2644
G01 X70.6131Y21.2683
G01 X70.7386Y21.2956
G01 X70.7594Y21.3008
G01 X70.7933Y21.3117
G01 X70.9137Y21.3566
G01 X70.9335Y21.3646
G01 X70.9656Y21.3803
G01 X71.0783Y21.4418
G01 X71.1088Y21.4603
G01 X71.1263Y21.4727
G01 X71.2291Y21.5496
G01 X71.2566Y21.5723
G01 X71.2722Y21.5870
G01 X71.3630Y21.6778
G01 X71.3871Y21.7042
G01 X71.4004Y21.7209
G01 X71.4815Y21.8295
G01 X71.4974Y21.8532
G01 X71.5082Y21.8717
G01 X71.5697Y21.9844
G01 X71.5854Y22.0165
G01 X71.5934Y22.0363
G01 X71.6383Y22.1567
G01 X71.6452Y22.1769
G01 X71.6544Y22.2114
G01 X71.6817Y22.3369
G01 X71.6856Y22.3579
G01 X71.6898Y22.3934
G01 X71.6990Y22.5215
G01 X72.3386Y22.2471
G01 X71.7000Y23.5974
G01 X72.3000Y23.2632
G01 X71.7000Y24.5318
G01 X72.3000Y24.1977
G01 X71.6996Y25.4671
G01 X72.3000Y25.1321
G01 X71.6842Y26.4342
G01 X70.0245Y31.0726
G01 X68.8275Y35.8513
G01 X68.1046Y40.7244
G01 X68.0963Y40.8950
G00 Z20.0000
G00 X68.4640Y41.5524
G01 Z20.0000
G01 X68.5027Y40.7636
G01 X69.2198Y35.9294
G01 X70.4073Y31.1887
G01 X72.0537Y26.5872
G01 X72.3806Y25.8960
G00 Z20.0000
G00 X72.6274Y26.3087
G01 Z20.0000
G01 X72.4233Y26.7403
G01 X70.7901Y31.3048
G01 X69.6121Y36.0074
G01 X68.9008Y40.8028
G01 X68.8708Y41.4139
G00 Z20.0000
G00 X69.2716Y41.3970
G01 Z20.0000
G01 X69.2989Y40.8420
G01 X70.0044Y36.0854
G01 X71.1728Y31.4209
G01 X72.7928Y26.8934
G01 X72.9456Y26.5704
G00 Z20.0000
G00 X73.3184Y26.7165
G01 Z20.0000
G01 X73.1624Y27.0464
G01 X71.5556Y31.5370
G01 X70.3968Y36.1635
G01 X69.6969Y40.8812
G01 X69.6669Y41.4934
G00 Z20.0000
G00 X70.0555Y41.7239
G01 Z20.0000
G01 X70.0950Y40.9204
G01 X70.7891Y36.2415
G01 X71.1243Y34.9033
G00 Z20.0000
G00 X71.1201Y35.0098
G01 Z20.0000
G01 X71.1205Y34.9804
G01 X71.1266Y34.8628
G01 X71.1294Y34.8384
G01 X71.1470Y34.7219
G01 X71.1522Y34.6980
G01 X71.1811Y34.5838
G01 X71.1886Y34.5604
G01 X71.2286Y34.4497
G01 X71.2383Y34.4272
G01 X71.2890Y34.3208
G01 X71.3009Y34.2994
G01 X71.3617Y34.1985
G01 X71.3757Y34.1784
G01 X71.4461Y34.0840
G01 X71.4620Y34.0653
G01 X71.5413Y33.9782
G01 X71.5589Y33.9612
G01 X71.6464Y33.8823
G01 X71.6656Y33.8671
G01 X71.7604Y33.7971
G01 X71.7810Y33.7839
G01 X71.8822Y33.7236
G01 X71.9040Y33.7124
G01 X72.0106Y33.6623
G01 X72.0334Y33.6533
G01 X72.1444Y33.6139
G01 X72.1680Y33.6072
G01 X72.2823Y33.5789
G01 X72.3065Y33.5745
G01 X72.4230Y33.5575
G01 X72.4475Y33.5555
G01 X72.5651Y33.5501
G01 X72.5896Y33.5505
G01 X72.7072Y33.5566
G01 X72.7316Y33.5594
G01 X72.8481Y33.5770
G01 X72.8720Y33.5822
G01 X72.9862Y33.6111
G01 X73.0096Y33.6186
G01 X73.1203Y33.6586
G01 X73.1428Y33.6683
G01 X73.2492Y33.7190
G01 X73.2706Y33.7309
G01 X73.3715Y33.7917
G01 X73.3916Y33.8057
G01 X73.4860Y33.8761
G01 X73.5047Y33.8920
G01 X73.5918Y33.9713
G01 X73.6088Y33.9889
G01 X73.6877Y34.0764
G01 X73.7029Y34.0956
G01 X73.7729Y34.1904
G01 X73.7861Y34.2110
G01 X73.8464Y34.3122
G01 X73.8576Y34.3340
G01 X73.9077Y34.4406
G01 X73.9167Y34.4634
G01 X73.9561Y34.5744
G01 X73.9628Y34.5980
G01 X73.9911Y34.7123
G01 X73.9955Y34.7365
G01 X74.0125Y34.8530
G01 X74.0145Y34.8775
G01 X74.0199Y34.9951
G01 X74.0195Y35.0196
G01 X74.0134Y35.1372
G01 X74.0106Y35.1616
G01 X73.9930Y35.2781
G01 X73.9878Y35.3020
G01 X73.9589Y35.4162
G01 X73.9514Y35.4396
G01 X73.9114Y35.5503
G01 X73.9017Y35.5728
G01 X73.8510Y35.6792
G01 X73.8391Y35.7006
G01 X73.7783Y35.8015
G01 X73.7643Y35.8216
G01 X73.6939Y35.9160
G01 X73.6780Y35.9347
G01 X73.5987Y36.0218
G01 X73.5811Y36.0388
G01 X73.4936Y36.1177
G01 X73.4744Y36.1329
G01 X73.3796Y36.2029
G01 X73.3590Y36.2161
G01 X73.2578Y36.2764
G01 X73.2360Y36.2876
G01 X73.1294Y36.3377
G01 X73.1066Y36.3467
G01 X72.9956Y36.3861
G01 X72.9720Y36.3928
G01 X72.8577Y36.4211
G01 X72.8335Y36.4255
G01 X72.7170Y36.4425
G01 X72.6925Y36.4445
G01 X72.5749Y36.4499
G01 X72.5504Y36.4495
G01 X72.4328Y36.4434
G01 X72.4084Y36.4406
G01 X72.2919Y36.4230
G01 X72.2680Y36.4178
G01 X72.1538Y36.3889
G01 X72.1304Y36.3814
G01 X72.0197Y36.3414
G01 X71.9972Y36.3317
G01 X71.8908Y36.2810
G01 X71.8694Y36.2691
G01 X71.7685Y36.2083
G01 X71.7484Y36.1943
G01 X71.6540Y36.1239
G01 X71.6353Y36.1080
G01 X71.5482Y36.0287
G01 X71.5312Y36.0111
G01 X71.4523Y35.9236
G01 X71.4371Y35.9044
G01 X71.3671Y35.8096
G01 X71.3539Y35.7890
G01 X71.2936Y35.6878
G01 X71.2824Y35.6660
G01 X71.2323Y35.5594
G01 X71.2233Y35.5366
G01 X71.1839Y35.4256
G01 X71.1772Y35.4020
G01 X71.1489Y35.2877
G01 X71.1445Y35.2635
G01 X71.1275Y35.1470
G01 X71.1255Y35.1225
G01 X71.1201Y35.0098
G00 Z20.0000
G00 X71.2494Y34.4038
G01 Z20.0000
G01 X71.9384Y31.6531
G01 X73.5319Y27.1995
G01 X73.7445Y26.7500
G01 X74.1865Y26.7500
G01 X73.9015Y27.3526
G01 X72.3212Y31.7693
G01 X71.8228Y33.7588
G00 Z20.0000
G00 X72.2796Y33.5795
G01 Z20.0000
G01 X72.7039Y31.8854
G01 X74.2710Y27.5057
G01 X74.6284Y26.7500
G01 X75.0704Y26.7500
G01 X74.6406Y27.6587
G01 X73.0867Y32.0015
G01 X72.6974Y33.5558
G00 Z20.0000
G00 X73.0866Y33.6462
G01 Z20.0000
G01 X73.4695Y32.1176
G01 X75.0101Y27.8118
G01 X75.5161Y26.7421
G00 Z20.0000
G00 X76.0330Y26.5835
G01 Z20.0000
G01 X75.3797Y27.9649
G01 X73.8523Y32.2337
G01 X73.4480Y33.8475
G01 X74.9501Y32.0098
G01 X74.9505Y31.9804
G01 X74.9566Y31.8628
G01 X74.9594Y31.8384
G01 X74.9745Y31.7365
G01 X74.9822Y31.6980
G01 X75.0085Y31.5933
G01 X75.0186Y31.5605
G01 X75.0533Y31.4634
G01 X75.0623Y31.4406
G01 X75.1124Y31.3340
G01 X75.1236Y31.3122
G01 X75.1917Y31.1985
G01 X75.2057Y31.1784
G01 X75.2700Y31.0917
G01 X75.2920Y31.0653
G01 X75.3612Y30.9889
G01 X75.3889Y30.9612
G01 X75.4653Y30.8920
G01 X75.4840Y30.8761
G01 X75.5904Y30.7972
G01 X75.6110Y30.7839
G01 X75.6994Y30.7309
G01 X75.7340Y30.7124
G01 X75.8272Y30.6683
G01 X75.8497Y30.6586
G01 X75.9605Y30.6186
G01 X75.9980Y30.6072
G01 X76.1123Y30.5789
G01 X76.1365Y30.5745
G01 X76.2384Y30.5594
G01 X76.2775Y30.5555
G01 X76.3804Y30.5505
G01 X76.4049Y30.5501
G01 X76.5226Y30.5555
G01 X76.5616Y30.5594
G01 X76.6635Y30.5745
G01 X76.6877Y30.5789
G01 X76.8020Y30.6072
G01 X76.8396Y30.6186
G01 X76.9503Y30.6586
G01 X76.9729Y30.6683
G01 X77.0660Y30.7124
G01 X77.1006Y30.7309
G01 X77.2015Y30.7917
G01 X77.2216Y30.8057
G01 X77.3044Y30.8671
G01 X77.3347Y30.8920
G01 X77.4218Y30.9713
G01 X77.4389Y30.9889
G01 X77.5081Y31.0653
G01 X77.5330Y31.0956
G01 X77.5943Y31.1784
G01 X77.6083Y31.1985
G01 X77.6691Y31.2994
G01 X77.6876Y31.3340
G01 X77.7377Y31.4406
G01 X77.7467Y31.4634
G01 X77.7814Y31.5605
G01 X77.7928Y31.5980
G01 X77.8211Y31.7123
G01 X77.8255Y31.7365
G01 X77.8406Y31.8384
G01 X77.8445Y31.8775
G01 X77.8495Y31.9804
G01 X77.8500Y32.0049
G01 X77.8445Y32.1226
G01 X77.8406Y32.1616
G01 X77.8255Y32.2635
G01 X77.8211Y32.2877
G01 X77.7889Y32.4162
G01 X77.7814Y32.4396
G01 X77.7415Y32.5503
G01 X77.7317Y32.5728
G01 X77.6811Y32.6792
G01 X77.6691Y32.7006
G01 X77.6083Y32.8015
G01 X77.5943Y32.8216
G01 X77.5239Y32.9161
G01 X77.5081Y32.9347
G01 X77.4287Y33.0218
G01 X77.4111Y33.0389
G01 X77.3236Y33.1177
G01 X77.3044Y33.1330
G01 X77.2216Y33.1943
G01 X77.1890Y33.2161
G01 X77.0878Y33.2764
G01 X77.0660Y33.2876
G01 X76.9729Y33.3317
G01 X76.9412Y33.3450
G01 X76.8396Y33.3814
G01 X76.8020Y33.3928
G01 X76.7020Y33.4178
G01 X76.6781Y33.4230
G01 X76.5616Y33.4406
G01 X76.5372Y33.4434
G01 X76.4196Y33.4495
G01 X76.3951Y33.4499
G01 X76.2628Y33.4434
G01 X76.2384Y33.4406
G01 X76.1220Y33.4230
G01 X76.0980Y33.4178
G01 X75.9838Y33.3889
G01 X75.9605Y33.3814
G01 X75.8497Y33.3415
G01 X75.8272Y33.3317
G01 X75.7340Y33.2876
G01 X75.6994Y33.2691
G01 X75.5985Y33.2083
G01 X75.5784Y33.1943
G01 X75.4956Y33.1330
G01 X75.4690Y33.1113
G01 X75.3889Y33.0389
G01 X75.3612Y33.0111
G01 X75.2920Y32.9347
G01 X75.2761Y32.9161
G01 X75.2057Y32.8216
G01 X75.1917Y32.8015
G01 X75.1309Y32.7006
G01 X75.1190Y32.6792
G01 X75.0683Y32.5728
G01 X75.0586Y32.5503
G01 X75.0186Y32.4396
G01 X75.0111Y32.4162
G01 X74.9789Y32.2877
G01 X74.9745Y32.2635
G01 X74.9575Y32.1470
G01 X74.9555Y32.1226
G01 X74.9501Y32.0098
G00 Z20.0000
G00 X75.6530Y30.7587
G01 Z20.0000
G01 X76.4883Y28.4241
G01 X78.3765Y24.4320
G01 X80.6468Y20.6442
G01 X83.2774Y17.0972
G01 X85.3000Y14.8656
G01 X85.3000Y15.4605
G01 X83.5866Y17.3509
G01 X80.9794Y20.8664
G01 X78.7292Y24.6206
G01 X76.8579Y28.5772
G01 X76.1436Y30.5735
G00 Z20.0000
G00 X76.5724Y30.5610
G01 Z20.0000
G01 X77.2274Y28.7303
G01 X79.0820Y24.8091
G01 X81.3120Y21.0887
G01 X83.8959Y17.6047
G01 X85.3000Y16.0554
G01 X85.3000Y16.6504
G01 X84.2051Y17.8584
G01 X81.6445Y21.3109
G01 X79.4348Y24.9977
G01 X77.5970Y28.8833
G01 X76.9603Y30.6627
G00 Z20.0000
G00 X77.3100Y30.8713
G01 Z20.0000
G01 X77.9665Y29.0364
G01 X79.7875Y25.1862
G01 X81.9771Y21.5331
G01 X84.5143Y18.1122
G01 X85.3000Y17.2453
G00 Z20.0000
G00 X85.3471Y17.7882
G01 Z20.0000
G01 X84.8235Y18.3660
G01 X82.3097Y21.7553
G01 X80.1403Y25.3748
G01 X78.3361Y29.1895
G01 X77.6140Y31.2076
G00 Z20.0000
G00 X76.7000Y25.1733
G01 Z20.0000
G01 X77.3182Y23.8663
G01 X79.6490Y19.9775
G01 X80.5683Y18.7380
G00 Z20.0000
G00 X80.0620Y18.7500
G01 Z20.0000
G01 X79.3164Y19.7553
G01 X76.9654Y23.6778
G01 X76.7000Y24.2389
G01 X76.7000Y23.3434
G01 X78.9838Y19.5331
G01 X79.5646Y18.7500
G01 X79.0672Y18.7500
G01 X78.6513Y19.3108
G01 X76.7000Y22.5663
G00 Z20.0000
G00 X76.6990Y22.5215
G01 Z20.0000
G01 X76.7000Y22.5500
G01 X76.7000Y25.4500
G01 X76.6988Y25.4814
G01 X76.6866Y25.6339
G01 X76.6826Y25.6611
G01 X76.6787Y25.6803
G01 X76.6449Y25.8215
G01 X76.6387Y25.8442
G01 X76.6255Y25.8812
G01 X76.5715Y26.0117
G01 X76.5617Y26.0331
G01 X76.5430Y26.0676
G01 X76.4692Y26.1880
G01 X76.4562Y26.2077
G01 X76.4348Y26.2358
G01 X76.3406Y26.3462
G01 X76.3136Y26.3747
G01 X76.2962Y26.3906
G01 X76.1888Y26.4823
G01 X76.1577Y26.5062
G01 X76.1380Y26.5192
G01 X76.0176Y26.5930
G01 X75.9831Y26.6117
G01 X75.9617Y26.6215
G01 X75.8312Y26.6755
G01 X75.7942Y26.6887
G01 X75.7715Y26.6949
G01 X75.6342Y26.7279
G01 X75.5956Y26.7351
G01 X75.5722Y26.7377
G01 X75.4314Y26.7488
G01 X75.4000Y26.7500
G01 X73.6000Y26.7500
G01 X73.5686Y26.7488
G01 X73.4239Y26.7373
G01 X73.3889Y26.7326
G01 X73.3697Y26.7287
G01 X73.2285Y26.6949
G01 X73.2058Y26.6887
G01 X73.1725Y26.6770
G01 X73.0383Y26.6215
G01 X73.0169Y26.6117
G01 X72.9858Y26.5950
G01 X72.8620Y26.5192
G01 X72.8423Y26.5062
G01 X72.8112Y26.4823
G01 X72.7009Y26.3880
G01 X72.6753Y26.3636
G01 X72.6594Y26.3462
G01 X72.5677Y26.2388
G01 X72.5438Y26.2077
G01 X72.5308Y26.1880
G01 X72.4570Y26.0676
G01 X72.4383Y26.0331
G01 X72.4285Y26.0117
G01 X72.3745Y25.8812
G01 X72.3613Y25.8442
G01 X72.3551Y25.8215
G01 X72.3213Y25.6803
G01 X72.3149Y25.6456
G01 X72.3127Y25.6261
G01 X72.3012Y25.4814
G01 X72.3000Y25.4500
G01 X72.3000Y22.5500
G01 X72.3012Y22.5186
G01 X72.3127Y22.3739
G01 X72.3149Y22.3544
G01 X72.3213Y22.3197
G01 X72.3551Y22.1785
G01 X72.3613Y22.1558
G01 X72.3730Y22.1224
G01 X72.4285Y21.9883
G01 X72.4383Y21.9669
G01 X72.4550Y21.9358
G01 X72.5308Y21.8120
G01 X72.5438Y21.7923
G01 X72.5652Y21.7642
G01 X72.6594Y21.6538
G01 X72.6864Y21.6253
G01 X72.7038Y21.6094
G01 X72.8112Y21.5177
G01 X72.8423Y21.4938
G01 X72.8620Y21.4808
G01 X72.9824Y21.4070
G01 X73.0169Y21.3883
G01 X73.0383Y21.3785
G01 X73.1688Y21.3245
G01 X73.2058Y21.3113
G01 X73.2285Y21.3051
G01 X73.3697Y21.2713
G01 X73.3889Y21.2674
G01 X73.4161Y21.2634
G01 X73.5686Y21.2512
G01 X73.6000Y21.2500
G01 X75.4036Y21.2500
G01 X75.4285Y21.2510
G01 X75.5566Y21.2602
G01 X75.5779Y21.2623
G01 X75.6131Y21.2683
G01 X75.7386Y21.2956
G01 X75.7594Y21.3008
G01 X75.7933Y21.3117
G01 X75.9137Y21.3566
G01 X75.9335Y21.3646
G01 X75.9656Y21.3803
G01 X76.0783Y21.4418
G01 X76.0968Y21.4526
G01 X76.1263Y21.4727
G01 X76.2291Y21.5496
G01 X76.2566Y21.5723
G01 X76.2722Y21.5870
G01 X76.3630Y21.6778
G01 X76.3777Y21.6934
G01 X76.3960Y21.7153
G01 X76.4773Y21.8237
G01 X76.4974Y21.8532
G01 X76.5082Y21.8717
G01 X76.5697Y21.9844
G01 X76.5854Y22.0165
G01 X76.5934Y22.0363
G01 X76.6383Y22.1567
G01 X76.6452Y22.1769
G01 X76.6544Y22.2114
G01 X76.6817Y22.3369
G01 X76.6856Y22.3579
G01 X76.6892Y22.3863
G01 X76.6990Y22.5215
G00 Z20.0000
G00 X76.5758Y21.9963
G01 Z20.0000
G01 X78.3187Y19.0886
G01 X78.5706Y18.7489
G00 Z20.0000
G00 X78.1373Y18.6625
G01 Z20.0000
G01 X77.9861Y18.8664
G01 X76.3242Y21.6390
G00 Z20.0000
G00 X76.0017Y21.4000
G01 Z20.0000
G01 X77.6535Y18.6441
G01 X77.7882Y18.4626
G00 Z20.0000
G00 X77.5143Y18.1611
G01 Z20.0000
G01 X77.3209Y18.4219
G01 X75.6146Y21.2686
G00 Z20.0000
G00 X75.1600Y21.2500
G01 Z20.0000
G01 X76.9883Y18.1997
G01 X77.3340Y17.7336
G00 Z20.0000
G00 X77.3000Y17.1088
G01 Z20.0000
G01 X76.6557Y17.9775
G01 X74.6942Y21.2500
G01 X74.2285Y21.2500
G01 X75.7580Y18.6981
G00 Z20.0000
G00 X75.2611Y18.7500
G01 Z20.0000
G01 X73.7627Y21.2500
G00 Z20.0000
G00 X73.2698Y21.2952
G01 Z20.0000
G01 X74.7953Y18.7500
G01 X74.3295Y18.7500
G01 X72.7322Y21.4151
G01 X72.5694Y21.7593
G00 Z20.0000
G00 X71.6578Y17.7677
G01 Z20.0000
G01 X72.3000Y16.6963
G01 X71.7000Y16.9202
G01 X72.3000Y15.9192
G01 X71.7000Y16.1431
G01 X72.3000Y15.1420
G01 X71.7000Y15.3660
G01 X71.9995Y14.8663
G01 X72.3064Y14.4524
G01 X71.3759Y13.6951
G01 X73.2212Y11.2070
G00 Z20.0000
G00 X72.6919Y11.2500
G01 Z20.0000
G01 X71.0688Y13.4384
G00 Z20.0000
G00 X70.6856Y13.2845
G01 Z20.0000
G01 X72.1945Y11.2500
G01 X71.6971Y11.2500
G01 X70.2138Y13.2500
G01 X69.7164Y13.2500
G01 X71.1997Y11.2500
G00 Z20.0000
G00 X70.7409Y11.1979
G01 Z20.0000
G01 X69.3388Y13.0884
G01 X69.2420Y13.2500
G01 X68.7762Y13.2500
G01 X69.0062Y12.8662
G01 X70.3717Y11.0251
G00 Z20.0000
G00 X70.0778Y10.7506
G01 Z20.0000
G01 X68.6736Y12.6440
G01 X68.2856Y13.2914
G00 Z20.0000
G00 X66.6988Y14.5186
G01 Z20.0000
G01 X66.7000Y14.5500
G01 X66.7000Y17.4500
G01 X66.6988Y17.4814
G01 X66.6866Y17.6339
G01 X66.6826Y17.6611
G01 X66.6787Y17.6803
G01 X66.6449Y17.8215
G01 X66.6387Y17.8442
G01 X66.6255Y17.8812
G01 X66.5715Y18.0117
G01 X66.5617Y18.0331
G01 X66.5430Y18.0676
G01 X66.4692Y18.1880
G01 X66.4562Y18.2077
G01 X66.4348Y18.2358
G01 X66.3406Y18.3462
G01 X66.3136Y18.3747
G01 X66.2962Y18.3906
G01 X66.1888Y18.4823
G01 X66.1577Y18.5062
G01 X66.1380Y18.5192
G01 X66.0176Y18.5930
G01 X65.9831Y18.6117
G01 X65.9617Y18.6215
G01 X65.8312Y18.6755
G01 X65.7942Y18.6887
G01 X65.7715Y18.6949
G01 X65.6342Y18.7279
G01 X65.5956Y18.7351
G01 X65.5722Y18.7377
G01 X65.4314Y18.7488
G01 X65.4000Y18.7500
G01 X63.6000Y18.7500
G01 X63.5686Y18.7488
G01 X63.4239Y18.7373
G01 X63.3889Y18.7326
G01 X63.3697Y18.7287
G01 X63.2285Y18.6949
G01 X63.2058Y18.6887
G01 X63.1725Y18.6770
G01 X63.0383Y18.6215
G01 X63.0169Y18.6117
G01 X62.9858Y18.5950
G01 X62.8620Y18.5192
G01 X62.8423Y18.5062
G01 X62.8112Y18.4823
G01 X62.7009Y18.3880
G01 X62.6753Y18.3636
G01 X62.6594Y18.3462
G01 X62.5677Y18.2388
G01 X62.5438Y18.2077
G01 X62.5308Y18.1880
G01 X62.4570Y18.0676
G01 X62.4383Y18.0331
G01 X62.4285Y18.0117
G01 X62.3745Y17.8812
G01 X62.3613Y17.8442
G01 X62.3551Y17.8215
G01 X62.3213Y17.6803
G01 X62.3149Y17.6456
G01 X62.3127Y17.6261
G01 X62.3012Y17.4814
G01 X62.3000Y17.4500
G01 X62.3000Y14.5500
G01 X62.3012Y14.5186
G01 X62.3127Y14.3739
G01 X62.3149Y14.3544
G01 X62.3213Y14.3197
G01 X62.3551Y14.1785
G01 X62.3613Y14.1558
G01 X62.3730Y14.1224
G01 X62.4285Y13.9883
G01 X62.4383Y13.9669
G01 X62.4550Y13.9358
G01 X62.5308Y13.8120
G01 X62.5438Y13.7923
G01 X62.5652Y13.7642
G01 X62.6594Y13.6538
G01 X62.6864Y13.6253
G01 X62.7038Y13.6094
G01 X62.8112Y13.5177
G01 X62.8423Y13.4938
G01 X62.8620Y13.4808
G01 X62.9824Y13.4070
G01 X63.0169Y13.3883
G01 X63.0383Y13.3785
G01 X63.1688Y13.3245
G01 X63.2058Y13.3113
G01 X63.2285Y13.3051
G01 X63.3697Y13.2713
G01 X63.3889Y13.2674
G01 X63.4161Y13.2634
G01 X63.5686Y13.2512
G01 X63.6000Y13.2500
G01 X65.4000Y13.2500
G01 X65.4314Y13.2512
G01 X65.5761Y13.2627
G01 X65.6111Y13.2674
G01 X65.6303Y13.2713
G01 X65.7753Y13.3061
G01 X65.8091Y13.3162
G01 X65.8312Y13.3245
G01 X65.9617Y13.3785
G01 X65.9971Y13.3954
G01 X66.0176Y13.4070
G01 X66.1380Y13.4808
G01 X66.1704Y13.5030
G01 X66.1888Y13.5177
G01 X66.2991Y13.6120
G01 X66.3247Y13.6364
G01 X66.3406Y13.6538
G01 X66.4348Y13.7642
G01 X66.4562Y13.7923
G01 X66.4692Y13.8120
G01 X66.5450Y13.9358
G01 X66.5617Y13.9669
G01 X66.5715Y13.9883
G01 X66.6270Y14.1224
G01 X66.6387Y14.1558
G01 X66.6449Y14.1785
G01 X66.6779Y14.3158
G01 X66.6826Y14.3389
G01 X66.6866Y14.3661
G01 X66.6988Y14.5186
G00 Z20.0000
G00 X64.5841Y13.2500
G01 Z20.0000
G01 X66.0129Y10.8662
G01 X69.6725Y5.9318
G01 X73.7980Y1.3800
G01 X77.4721Y-1.9500
G01 X76.8772Y-1.9500
G01 X73.5152Y1.0971
G01 X69.3633Y5.6781
G01 X65.6803Y10.6439
G01 X64.1183Y13.2500
G01 X63.6525Y13.2500
G01 X65.3477Y10.4217
G01 X69.0541Y5.4243
G01 X73.2323Y0.8143
G01 X76.2823Y-1.9500
G01 X75.6874Y-1.9500
G01 X72.9495Y0.5315
G01 X68.7448Y5.1706
G01 X65.0152Y10.1995
G01 X63.1333Y13.3392
G00 Z20.0000
G00 X76.7000Y15.2351
G01 Z20.0000
G01 X77.3095Y14.4132
G00 Z20.0000
G00 X77.3000Y15.0968
G01 Z20.0000
G01 X76.7000Y15.9058
G01 X77.3000Y15.7674
G01 X76.7000Y16.5764
G01 X77.3000Y16.4381
G01 X76.7000Y17.2471
G00 Z20.0000
G00 X82.8979Y10.9719
G01 Z20.0000
G01 X83.1318Y10.7138
G01 X86.7239Y7.4581
G01 X90.6177Y4.5703
G01 X94.7759Y2.0780
G01 X99.1584Y0.0052
G01 X103.7229Y-1.6280
G01 X105.0084Y-1.9500
G01 X106.6526Y-1.9500
G01 X103.8390Y-1.2452
G01 X99.3114Y0.3748
G01 X94.9645Y2.4307
G01 X90.8400Y4.9029
G01 X86.9776Y7.7674
G01 X83.5730Y10.8531
G00 Z20.0000
G00 X84.0563Y10.9543
G01 Z20.0000
G01 X87.2314Y8.0766
G01 X91.0622Y5.2354
G01 X95.1530Y2.7835
G01 X99.4645Y0.7443
G01 X103.9551Y-0.8624
G01 X108.2969Y-1.9500
G01 X110.8237Y-1.9500
G01 X108.6596Y-1.6290
G01 X104.0712Y-0.4797
G01 X99.6176Y1.1139
G01 X95.3416Y3.1363
G01 X91.2844Y5.5680
G01 X87.4852Y8.3858
G01 X84.4258Y11.1586
G00 Z20.0000
G00 X84.7137Y11.4368
G01 Z20.0000
G01 X87.7389Y8.6950
G01 X91.5067Y5.9006
G01 X95.5302Y3.4890
G01 X99.7706Y1.4834
G01 X104.1873Y-0.0969
G01 X108.7376Y-1.2367
G01 X113.3777Y-1.9250
G01 X113.8873Y-1.9500
G00 Z20.0000
G00 X122.2386Y-1.9500
G01 Z20.0000
G01 X122.7481Y-1.9250
G01 X127.3882Y-1.2367
G01 X131.9385Y-0.0969
G01 X136.3552Y1.4834
G01 X140.5957Y3.4890
G01 X144.6192Y5.9006
G01 X148.2500Y8.5934
G01 X148.2500Y8.0960
G01 X144.8414Y5.5680
G01 X140.7842Y3.1363
G01 X136.5083Y1.1139
G01 X132.0546Y-0.4797
G01 X127.4663Y-1.6290
G01 X125.3022Y-1.9500
G01 X127.8290Y-1.9500
G01 X132.1708Y-0.8624
G01 X136.6613Y0.7443
G01 X140.9728Y2.7835
G01 X145.0636Y5.2354
G01 X148.2500Y7.5986
G01 X148.2500Y7.1012
G01 X145.2859Y4.9029
G01 X141.1614Y2.4307
G01 X136.8144Y0.3748
G01 X132.2869Y-1.2452
G01 X129.4732Y-1.9500
G01 X131.1174Y-1.9500
G01 X132.4030Y-1.6280
G01 X136.9675Y0.0052
G01 X141.3499Y2.0780
G01 X145.5081Y4.5703
G01 X148.2500Y6.6038
G01 X148.2500Y6.1064
G01 X145.7303Y4.2377
G01 X141.5385Y1.7252
G01 X137.1206Y-0.3643
G01 X132.6889Y-1.9500
G01 X133.8748Y-1.9500
G01 X137.2736Y-0.7339
G01 X141.7270Y1.3724
G01 X145.9525Y3.9051
G01 X148.2500Y5.6090
G01 X148.2500Y5.1116
G01 X146.1748Y3.5725
G01 X141.9156Y1.0196
G01 X137.4267Y-1.1034
G01 X135.0607Y-1.9500
G01 X136.2466Y-1.9500
G01 X137.5798Y-1.4730
G01 X142.1041Y0.6669
G01 X146.3970Y3.2399
G01 X148.2500Y4.6142
G01 X148.2500Y4.1168
G01 X146.6192Y2.9073
G01 X142.2927Y0.3141
G01 X137.7328Y-1.8425
G01 X137.4325Y-1.9500
G01 X138.4401Y-1.9500
G01 X142.4813Y-0.0387
G01 X146.8415Y2.5747
G01 X148.2500Y3.6194
G01 X148.2500Y3.1220
G01 X147.0637Y2.2421
G01 X142.6698Y-0.3914
G01 X139.3745Y-1.9500
G01 X140.3089Y-1.9500
G01 X142.8584Y-0.7442
G01 X147.2859Y1.9096
G01 X148.2500Y2.6246
G01 X148.2500Y2.1272
G01 X147.5081Y1.5770
G01 X143.0469Y-1.0970
G01 X141.2433Y-1.9500
G01 X142.1778Y-1.9500
G01 X143.2355Y-1.4497
G01 X147.7304Y1.2444
G01 X148.2500Y1.6298
G01 X148.2500Y1.1324
G01 X147.9526Y0.9118
G01 X143.4241Y-1.8025
G01 X143.1122Y-1.9500
G01 X143.9551Y-1.9500
G01 X148.1748Y0.5792
G01 X148.2500Y0.6350
G01 X148.2500Y0.1585
G01 X144.7322Y-1.9500
G01 X145.5093Y-1.9500
G01 X148.2500Y-0.3073
G01 X148.2500Y-0.7731
G01 X146.2864Y-1.9500
G01 X147.0636Y-1.9500
G01 X148.2500Y-1.2389
G01 X148.2500Y-1.7047
G01 X147.8407Y-1.9500
G00 Z20.0000
G00 X148.2500Y9.1101
G01 Z20.0000
G01 X148.1332Y9.0042
G01 X144.3969Y6.2332
G01 X140.4071Y3.8418
G01 X136.2021Y1.8530
G01 X131.8224Y0.2859
G01 X127.3102Y-0.8444
G01 X122.7089Y-1.5269
G01 X118.0629Y-1.7551
G01 X113.4169Y-1.5269
G01 X108.8156Y-0.8444
G01 X104.3034Y0.2859
G01 X99.9237Y1.8530
G01 X95.7187Y3.8418
G01 X91.7289Y6.2332
G01 X87.9927Y9.0042
G01 X84.9229Y11.7864
G00 Z20.0000
G00 X85.0389Y12.2205
G01 Z20.0000
G01 X88.2464Y9.3134
G01 X91.9511Y6.5658
G01 X95.9073Y4.1946
G01 X100.0768Y2.2225
G01 X104.4195Y0.6687
G01 X108.8937Y-0.4520
G01 X113.4561Y-1.1288
G01 X118.0629Y-1.3551
G01 X122.6697Y-1.1288
G01 X127.2322Y-0.4520
G01 X131.7063Y0.6687
G01 X136.0490Y2.2225
G01 X140.2186Y4.1946
G01 X144.1747Y6.5658
G01 X147.8794Y9.3134
G01 X148.2500Y9.6493
G01 X148.2500Y10.1885
G01 X147.6256Y9.6226
G01 X143.9525Y6.8984
G01 X140.0300Y4.5473
G01 X135.8960Y2.5921
G01 X131.5902Y1.0514
G01 X127.1541Y-0.0597
G01 X122.6305Y-0.7307
G01 X118.0629Y-0.9551
G01 X113.4953Y-0.7307
G01 X108.9717Y-0.0597
G01 X104.5356Y1.0514
G01 X100.2299Y2.5921
G01 X96.0958Y4.5473
G01 X94.0890Y5.7502
G00 Z20.0000
G00 X94.8664Y5.7500
G01 Z20.0000
G01 X96.2844Y4.9001
G01 X100.3829Y2.9616
G01 X104.6518Y1.4342
G01 X109.0497Y0.3326
G01 X113.5345Y-0.3327
G01 X118.0629Y-0.5551
G01 X122.5913Y-0.3327
G01 X127.0761Y0.3326
G01 X131.4741Y1.4342
G01 X135.7429Y2.9616
G01 X139.8414Y4.9001
G01 X143.7303Y7.2310
G01 X147.3719Y9.9318
G01 X148.2500Y10.7277
G01 X148.2500Y11.2669
G01 X147.1181Y10.2410
G01 X143.5080Y7.5636
G01 X139.6529Y5.2529
G01 X135.5898Y3.3312
G01 X131.3580Y1.8170
G01 X126.9981Y0.7249
G01 X122.5521Y0.0654
G01 X118.0629Y-0.1551
G01 X113.5737Y0.0654
G01 X109.1278Y0.7249
G01 X104.7679Y1.8170
G01 X100.5360Y3.3312
G01 X96.4729Y5.2529
G01 X95.6435Y5.7500
G00 Z20.0000
G00 X96.3084Y5.8173
G01 Z20.0000
G01 X96.6615Y5.6056
G01 X100.6891Y3.7007
G01 X104.8840Y2.1998
G01 X109.2058Y1.1172
G01 X113.6129Y0.4635
G01 X118.0629Y0.2449
G01 X122.5129Y0.4635
G01 X126.9200Y1.1172
G01 X131.2418Y2.1998
G01 X135.4367Y3.7007
G01 X139.4643Y5.6056
G01 X143.2858Y7.8961
G01 X146.8644Y10.5502
G01 X148.2500Y11.8061
G00 Z20.0000
G00 X140.7887Y14.5000
G01 Z20.0000
G01 X139.5079Y13.5501
G01 X138.6386Y13.0291
G00 Z20.0000
G00 X138.0632Y13.1500
G01 Z20.0000
G01 X139.2857Y13.8827
G01 X140.1180Y14.5000
G01 X139.4473Y14.5000
G01 X139.0635Y14.2153
G01 X137.2861Y13.1500
G01 X136.5090Y13.1500
G01 X138.8251Y14.5382
G00 Z20.0000
G00 X106.5915Y13.8941
G01 Z20.0000
G01 X105.1282Y14.4177
G01 X104.7000Y14.6203
G00 Z20.0000
G00 X104.6988Y14.5186
G01 Z20.0000
G01 X104.7000Y14.5500
G01 X104.7000Y17.4500
G01 X104.6990Y17.4785
G01 X104.6898Y17.6066
G01 X104.6877Y17.6279
G01 X104.6817Y17.6631
G01 X104.6544Y17.7886
G01 X104.6452Y17.8231
G01 X104.6383Y17.8433
G01 X104.5934Y17.9637
G01 X104.5794Y17.9965
G01 X104.5697Y18.0156
G01 X104.5082Y18.1283
G01 X104.4974Y18.1468
G01 X104.4773Y18.1763
G01 X104.4004Y18.2791
G01 X104.3871Y18.2958
G01 X104.3680Y18.3171
G01 X104.2671Y18.4180
G01 X104.2458Y18.4371
G01 X104.2291Y18.4504
G01 X104.1263Y18.5273
G01 X104.1088Y18.5397
G01 X104.0783Y18.5582
G01 X103.9656Y18.6197
G01 X103.9465Y18.6294
G01 X103.9137Y18.6434
G01 X103.7933Y18.6883
G01 X103.7731Y18.6952
G01 X103.7386Y18.7044
G01 X103.6131Y18.7317
G01 X103.5779Y18.7377
G01 X103.5566Y18.7398
G01 X103.4285Y18.7490
G01 X103.4000Y18.7500
G01 X101.5961Y18.7500
G01 X101.5686Y18.7488
G01 X101.4239Y18.7373
G01 X101.3889Y18.7326
G01 X101.3658Y18.7279
G01 X101.2285Y18.6949
G01 X101.2058Y18.6887
G01 X101.1725Y18.6770
G01 X101.0383Y18.6215
G01 X101.0169Y18.6117
G01 X100.9858Y18.5950
G01 X100.8620Y18.5192
G01 X100.8423Y18.5062
G01 X100.8112Y18.4823
G01 X100.7009Y18.3880
G01 X100.6753Y18.3636
G01 X100.6594Y18.3462
G01 X100.5677Y18.2388
G01 X100.5438Y18.2077
G01 X100.5308Y18.1880
G01 X100.4570Y18.0676
G01 X100.4383Y18.0331
G01 X100.4285Y18.0117
G01 X100.3745Y17.8812
G01 X100.3613Y17.8442
G01 X100.3551Y17.8215
G01 X100.3213Y17.6803
G01 X100.3149Y17.6456
G01 X100.3127Y17.6261
G01 X100.3012Y17.4814
G01 X100.3000Y17.4500
G01 X100.3000Y14.5500
G01 X100.3012Y14.5186
G01 X100.3127Y14.3739
G01 X100.3149Y14.3544
G01 X100.3213Y14.3197
G01 X100.3551Y14.1785
G01 X100.3613Y14.1558
G01 X100.3730Y14.1225
G01 X100.4285Y13.9883
G01 X100.4383Y13.9669
G01 X100.4550Y13.9358
G01 X100.5308Y13.8120
G01 X100.5438Y13.7923
G01 X100.5677Y13.7612
G01 X100.6620Y13.6509
G01 X100.6864Y13.6253
G01 X100.7038Y13.6094
G01 X100.8112Y13.5177
G01 X100.8423Y13.4938
G01 X100.8620Y13.4808
G01 X100.9824Y13.4070
G01 X101.0169Y13.3883
G01 X101.0383Y13.3785
G01 X101.1688Y13.3245
G01 X101.2058Y13.3113
G01 X101.2285Y13.3051
G01 X101.3697Y13.2713
G01 X101.3889Y13.2674
G01 X101.4161Y13.2634
G01 X101.5686Y13.2512
G01 X101.6000Y13.2500
G01 X103.4000Y13.2500
G01 X103.4314Y13.2512
G01 X103.5761Y13.2627
G01 X103.5956Y13.2649
G01 X103.6303Y13.2713
G01 X103.7753Y13.3061
G01 X103.8091Y13.3162
G01 X103.8312Y13.3245
G01 X103.9617Y13.3785
G01 X103.9971Y13.3954
G01 X104.0176Y13.4070
G01 X104.1380Y13.4808
G01 X104.1704Y13.5030
G01 X104.1888Y13.5177
G01 X104.2991Y13.6120
G01 X104.3247Y13.6364
G01 X104.3406Y13.6538
G01 X104.4348Y13.7642
G01 X104.4562Y13.7923
G01 X104.4692Y13.8120
G01 X104.5450Y13.9358
G01 X104.5617Y13.9669
G01 X104.5715Y13.9883
G01 X104.6298Y14.1298
G01 X104.6387Y14.1558
G01 X104.6449Y14.1785
G01 X104.6787Y14.3197
G01 X104.6851Y14.3544
G01 X104.6877Y14.3778
G01 X104.6988Y14.5186
G00 Z20.0000
G00 X104.6505Y14.2017
G01 Z20.0000
G01 X104.9751Y14.0482
G01 X106.0865Y13.6505
G00 Z20.0000
G00 X105.7690Y13.3398
G01 Z20.0000
G01 X104.8221Y13.6786
G01 X104.4851Y13.8380
G00 Z20.0000
G00 X104.2027Y13.5296
G01 Z20.0000
G01 X104.6690Y13.3091
G01 X105.5660Y12.9881
G00 Z20.0000
G00 X105.4641Y12.6002
G01 Z20.0000
G01 X104.5159Y12.9395
G01 X103.7526Y13.3006
G00 Z20.0000
G00 X102.9251Y13.2500
G01 Z20.0000
G01 X104.3628Y12.5700
G01 X105.4679Y12.1746
G00 Z20.0000
G00 X105.4501Y12.4098
G01 Z20.0000
G01 X105.4505Y12.3804
G01 X105.4570Y12.2530
G01 X105.4599Y12.2286
G01 X105.4789Y12.1024
G01 X105.4841Y12.0785
G01 X105.5154Y11.9548
G01 X105.5229Y11.9314
G01 X105.5662Y11.8114
G01 X105.5759Y11.7889
G01 X105.6308Y11.6737
G01 X105.6427Y11.6523
G01 X105.7085Y11.5430
G01 X105.7225Y11.5228
G01 X105.7988Y11.4205
G01 X105.8147Y11.4018
G01 X105.9006Y11.3075
G01 X105.9182Y11.2904
G01 X106.0129Y11.2050
G01 X106.0322Y11.1898
G01 X106.1348Y11.1140
G01 X106.1555Y11.1007
G01 X106.2650Y11.0354
G01 X106.2869Y11.0242
G01 X106.4023Y10.9699
G01 X106.4252Y10.9609
G01 X106.5454Y10.9182
G01 X106.5690Y10.9115
G01 X106.6928Y10.8808
G01 X106.7170Y10.8764
G01 X106.8432Y10.8580
G01 X106.8677Y10.8560
G01 X106.9951Y10.8501
G01 X107.0196Y10.8505
G01 X107.1470Y10.8570
G01 X107.1714Y10.8599
G01 X107.2976Y10.8789
G01 X107.3215Y10.8841
G01 X107.4452Y10.9154
G01 X107.4686Y10.9229
G01 X107.5886Y10.9662
G01 X107.6111Y10.9759
G01 X107.7263Y11.0308
G01 X107.7477Y11.0427
G01 X107.8570Y11.1085
G01 X107.8772Y11.1225
G01 X107.9795Y11.1988
G01 X107.9982Y11.2147
G01 X108.0925Y11.3006
G01 X108.1096Y11.3182
G01 X108.1950Y11.4129
G01 X108.2102Y11.4322
G01 X108.2860Y11.5348
G01 X108.2993Y11.5555
G01 X108.3646Y11.6650
G01 X108.3758Y11.6869
G01 X108.4301Y11.8023
G01 X108.4391Y11.8252
G01 X108.4818Y11.9454
G01 X108.4885Y11.9690
G01 X108.5192Y12.0928
G01 X108.5236Y12.1170
G01 X108.5420Y12.2432
G01 X108.5440Y12.2677
G01 X108.5499Y12.3951
G01 X108.5495Y12.4196
G01 X108.5430Y12.5470
G01 X108.5401Y12.5714
G01 X108.5211Y12.6976
G01 X108.5159Y12.7215
G01 X108.4846Y12.8452
G01 X108.4771Y12.8686
G01 X108.4338Y12.9886
G01 X108.4241Y13.0111
G01 X108.3692Y13.1263
G01 X108.3573Y13.1477
G01 X108.2915Y13.2570
G01 X108.2775Y13.2772
G01 X108.2012Y13.3795
G01 X108.1853Y13.3982
G01 X108.0994Y13.4925
G01 X108.0818Y13.5096
G01 X107.9871Y13.5950
G01 X107.9678Y13.6102
G01 X107.8652Y13.6860
G01 X107.8445Y13.6993
G01 X107.7350Y13.7646
G01 X107.7131Y13.7758
G01 X107.5977Y13.8301
G01 X107.5748Y13.8391
G01 X107.4546Y13.8818
G01 X107.4310Y13.8885
G01 X107.3072Y13.9192
G01 X107.2830Y13.9236
G01 X107.1568Y13.9420
G01 X107.1323Y13.9440
G01 X107.0049Y13.9499
G01 X106.9804Y13.9495
G01 X106.8530Y13.9430
G01 X106.8286Y13.9401
G01 X106.7024Y13.9211
G01 X106.6785Y13.9159
G01 X106.5548Y13.8846
G01 X106.5314Y13.8771
G01 X106.4114Y13.8338
G01 X106.3889Y13.8241
G01 X106.2737Y13.7692
G01 X106.2523Y13.7573
G01 X106.1430Y13.6915
G01 X106.1228Y13.6775
G01 X106.0205Y13.6012
G01 X106.0018Y13.5853
G01 X105.9075Y13.4994
G01 X105.8904Y13.4818
G01 X105.8050Y13.3871
G01 X105.7898Y13.3678
G01 X105.7140Y13.2652
G01 X105.7007Y13.2445
G01 X105.6354Y13.1350
G01 X105.6242Y13.1131
G01 X105.5699Y12.9977
G01 X105.5609Y12.9748
G01 X105.5182Y12.8546
G01 X105.5115Y12.8310
G01 X105.4808Y12.7072
G01 X105.4764Y12.6830
G01 X105.4580Y12.5568
G01 X105.4560Y12.5323
G01 X105.4501Y12.4098
G00 Z20.0000
G00 X105.6199Y11.6959
G01 Z20.0000
G01 X104.2098Y12.2004
G01 X101.9906Y13.2500
G00 Z20.0000
G00 X97.0869Y10.4743
G01 Z20.0000
G01 X98.7356Y9.4861
G01 X102.3729Y7.7658
G01 X106.1612Y6.4103
G01 X106.6482Y6.2883
G00 Z20.0000
G00 X106.0730Y6.0205
G01 Z20.0000
G01 X106.0451Y6.0275
G01 X102.2198Y7.3963
G01 X98.5471Y9.1333
G01 X97.2000Y9.9407
G01 X97.2000Y9.4750
G01 X98.3585Y8.7806
G01 X102.0667Y7.0267
G01 X105.7585Y5.7058
G00 Z20.0000
G00 X105.5601Y5.3524
G01 Z20.0000
G01 X101.9137Y6.6571
G01 X98.1700Y8.4278
G01 X97.2000Y9.0092
G01 X97.2000Y8.5434
G01 X97.9814Y8.0750
G01 X101.7606Y6.2876
G01 X105.4616Y4.9633
G00 Z20.0000
G00 X105.4501Y4.7898
G01 Z20.0000
G01 X105.4505Y4.7604
G01 X105.4570Y4.6330
G01 X105.4599Y4.6086
G01 X105.4789Y4.4824
G01 X105.4841Y4.4585
G01 X105.5154Y4.3348
G01 X105.5229Y4.3114
G01 X105.5662Y4.1914
G01 X105.5759Y4.1689
G01 X105.6308Y4.0537
G01 X105.6427Y4.0323
G01 X105.7085Y3.9230
G01 X105.7225Y3.9028
G01 X105.7988Y3.8005
G01 X105.8147Y3.7818
G01 X105.9006Y3.6875
G01 X105.9182Y3.6704
G01 X106.0129Y3.5850
G01 X106.0322Y3.5698
G01 X106.1348Y3.4940
G01 X106.1555Y3.4807
G01 X106.2650Y3.4154
G01 X106.2869Y3.4042
G01 X106.4023Y3.3499
G01 X106.4252Y3.3409
G01 X106.5454Y3.2982
G01 X106.5690Y3.2915
G01 X106.6928Y3.2608
G01 X106.7170Y3.2564
G01 X106.8432Y3.2380
G01 X106.8677Y3.2360
G01 X106.9951Y3.2301
G01 X107.0196Y3.2305
G01 X107.1470Y3.2370
G01 X107.1714Y3.2399
G01 X107.2976Y3.2589
G01 X107.3215Y3.2641
G01 X107.4452Y3.2954
G01 X107.4686Y3.3029
G01 X107.5886Y3.3462
G01 X107.6111Y3.3559
G01 X107.7263Y3.4108
G01 X107.7477Y3.4227
G01 X107.8570Y3.4885
G01 X107.8772Y3.5025
G01 X107.9795Y3.5788
G01 X107.9982Y3.5947
G01 X108.0925Y3.6806
G01 X108.1096Y3.6982
G01 X108.1950Y3.7929
G01 X108.2102Y3.8122
G01 X108.2860Y3.9148
G01 X108.2993Y3.9355
G01 X108.3646Y4.0450
G01 X108.3758Y4.0669
G01 X108.4301Y4.1823
G01 X108.4391Y4.2052
G01 X108.4818Y4.3254
G01 X108.4885Y4.3490
G01 X108.5192Y4.4728
G01 X108.5236Y4.4970
G01 X108.5420Y4.6232
G01 X108.5440Y4.6477
G01 X108.5499Y4.7751
G01 X108.5495Y4.7996
G01 X108.5430Y4.9270
G01 X108.5401Y4.9514
G01 X108.5211Y5.0776
G01 X108.5159Y5.1015
G01 X108.4846Y5.2252
G01 X108.4771Y5.2486
G01 X108.4338Y5.3686
G01 X108.4241Y5.3911
G01 X108.3692Y5.5063
G01 X108.3573Y5.5277
G01 X108.2915Y5.6370
G01 X108.2775Y5.6572
G01 X108.2012Y5.7595
G01 X108.1853Y5.7782
G01 X108.0994Y5.8725
G01 X108.0818Y5.8896
G01 X107.9871Y5.9750
G01 X107.9678Y5.9902
G01 X107.8652Y6.0660
G01 X107.8445Y6.0793
G01 X107.7350Y6.1446
G01 X107.7131Y6.1558
G01 X107.5977Y6.2101
G01 X107.5748Y6.2191
G01 X107.4546Y6.2618
G01 X107.4310Y6.2685
G01 X107.3072Y6.2992
G01 X107.2830Y6.3036
G01 X107.1568Y6.3220
G01 X107.1323Y6.3240
G01 X107.0049Y6.3299
G01 X106.9804Y6.3295
G01 X106.8530Y6.3230
G01 X106.8286Y6.3201
G01 X106.7024Y6.3011
G01 X106.6785Y6.2959
G01 X106.5548Y6.2646
G01 X106.5314Y6.2571
G01 X106.4114Y6.2138
G01 X106.3889Y6.2041
G01 X106.2737Y6.1492
G01 X106.2523Y6.1373
G01 X106.1430Y6.0715
G01 X106.1228Y6.0575
G01 X106.0205Y5.9812
G01 X106.0018Y5.9653
G01 X105.9075Y5.8794
G01 X105.8904Y5.8618
G01 X105.8050Y5.7671
G01 X105.7898Y5.7478
G01 X105.7140Y5.6452
G01 X105.7007Y5.6245
G01 X105.6354Y5.5150
G01 X105.6242Y5.4931
G01 X105.5699Y5.3777
G01 X105.5609Y5.3548
G01 X105.5182Y5.2346
G01 X105.5115Y5.2110
G01 X105.4808Y5.0872
G01 X105.4764Y5.0630
G01 X105.4580Y4.9368
G01 X105.4560Y4.9123
G01 X105.4501Y4.7898
G00 Z20.0000
G00 X105.4707Y4.5358
G01 Z20.0000
G01 X101.6075Y5.9180
G01 X97.7929Y7.7222
G01 X97.2000Y8.0776
G01 X97.2000Y7.6118
G01 X97.6043Y7.3695
G01 X101.4545Y5.5485
G01 X105.4646Y4.1137
G01 X105.6206Y4.0746
G00 Z20.0000
G00 X96.7513Y-1.9500
G01 Z20.0000
G01 X93.4560Y-0.3914
G01 X89.0621Y2.2421
G01 X84.9658Y5.2802
G00 Z20.0000
G00 X85.0476Y4.7221
G01 Z20.0000
G01 X88.8399Y1.9096
G01 X93.2674Y-0.7442
G01 X95.8169Y-1.9500
G01 X94.8825Y-1.9500
G01 X93.0789Y-1.0970
G01 X88.6177Y1.5770
G01 X84.9674Y4.2842
G00 Z20.0000
G00 X84.7889Y3.9192
G01 Z20.0000
G01 X88.3955Y1.2444
G01 X92.8903Y-1.4497
G01 X93.9481Y-1.9500
G01 X93.0136Y-1.9500
G01 X92.7018Y-1.8025
G01 X88.1732Y0.9118
G01 X84.5241Y3.6182
G00 Z20.0000
G00 X84.1697Y3.3836
G01 Z20.0000
G01 X87.9510Y0.5792
G01 X92.1707Y-1.9500
G01 X91.3936Y-1.9500
G01 X87.7288Y0.2466
G01 X83.6893Y3.2425
G00 Z20.0000
G00 X82.9460Y3.3335
G01 Z20.0000
G01 X83.1713Y3.1293
G01 X87.5066Y-0.0860
G01 X90.6165Y-1.9500
G00 Z20.0000
G00 X92.9607Y6.4265
G01 Z20.0000
G01 X92.1733Y6.8984
G01 X88.5002Y9.6226
G01 X85.1117Y12.6937
G01 X84.9890Y12.8292
G00 Z20.0000
G00 X79.7501Y37.2098
G01 Z20.0000
G01 X79.7505Y37.1804
G01 X79.7570Y37.0530
G01 X79.7599Y37.0286
G01 X79.7789Y36.9024
G01 X79.7841Y36.8785
G01 X79.8154Y36.7548
G01 X79.8229Y36.7314
G01 X79.8662Y36.6114
G01 X79.8759Y36.5889
G01 X79.9308Y36.4737
G01 X79.9427Y36.4523
G01 X80.0085Y36.3430
G01 X80.0225Y36.3228
G01 X80.0988Y36.2205
G01 X80.1147Y36.2018
G01 X80.2006Y36.1075
G01 X80.2182Y36.0904
G01 X80.3129Y36.0050
G01 X80.3322Y35.9898
G01 X80.4348Y35.9140
G01 X80.4555Y35.9007
G01 X80.5650Y35.8354
G01 X80.5869Y35.8242
G01 X80.7023Y35.7699
G01 X80.7252Y35.7609
G01 X80.8454Y35.7182
G01 X80.8690Y35.7115
G01 X80.9928Y35.6808
G01 X81.0170Y35.6764
G01 X81.1432Y35.6580
G01 X81.1677Y35.6560
G01 X81.2951Y35.6501
G01 X81.3196Y35.6505
G01 X81.4323Y35.6560
G01 X81.4568Y35.6580
G01 X81.5830Y35.6764
G01 X81.6215Y35.6841
G01 X81.7310Y35.7115
G01 X81.7546Y35.7182
G01 X81.8748Y35.7609
G01 X81.9111Y35.7759
G01 X82.0263Y35.8308
G01 X82.0477Y35.8427
G01 X82.1445Y35.9007
G01 X82.1652Y35.9140
G01 X82.2678Y35.9898
G01 X82.2982Y36.0147
G01 X82.3854Y36.0938
G01 X82.4096Y36.1182
G01 X82.4950Y36.2129
G01 X82.5102Y36.2322
G01 X82.5700Y36.3127
G01 X82.6298Y36.2322
G01 X82.6450Y36.2129
G01 X82.7304Y36.1182
G01 X82.7546Y36.0938
G01 X82.8418Y36.0147
G01 X82.8722Y35.9898
G01 X82.9748Y35.9140
G01 X82.9955Y35.9007
G01 X83.0923Y35.8427
G01 X83.1137Y35.8308
G01 X83.2289Y35.7759
G01 X83.2514Y35.7662
G01 X83.3714Y35.7229
G01 X83.4090Y35.7115
G01 X83.5185Y35.6841
G01 X83.5424Y35.6789
G01 X83.6686Y35.6599
G01 X83.7028Y35.6563
G01 X83.8204Y35.6505
G01 X83.8596Y35.6505
G01 X83.9870Y35.6570
G01 X84.0114Y35.6599
G01 X84.1230Y35.6764
G01 X84.1615Y35.6841
G01 X84.2710Y35.7115
G01 X84.2946Y35.7182
G01 X84.4148Y35.7609
G01 X84.4511Y35.7759
G01 X84.5663Y35.8308
G01 X84.5877Y35.8427
G01 X84.6845Y35.9007
G01 X84.7052Y35.9140
G01 X84.8078Y35.9898
G01 X84.8382Y36.0147
G01 X84.9254Y36.0938
G01 X84.9496Y36.1182
G01 X85.0350Y36.2129
G01 X85.0502Y36.2322
G01 X85.1100Y36.3127
G01 X85.1698Y36.2322
G01 X85.1850Y36.2129
G01 X85.2704Y36.1182
G01 X85.2946Y36.0938
G01 X85.3818Y36.0147
G01 X85.4122Y35.9898
G01 X85.5148Y35.9140
G01 X85.5355Y35.9007
G01 X85.6323Y35.8427
G01 X85.6537Y35.8308
G01 X85.7689Y35.7759
G01 X85.7914Y35.7662
G01 X85.9114Y35.7229
G01 X85.9490Y35.7115
G01 X86.0728Y35.6808
G01 X86.0970Y35.6764
G01 X86.2086Y35.6599
G01 X86.2428Y35.6563
G01 X86.3604Y35.6505
G01 X86.3996Y35.6505
G01 X86.5270Y35.6570
G01 X86.5514Y35.6599
G01 X86.6630Y35.6764
G01 X86.7015Y35.6841
G01 X86.8110Y35.7115
G01 X86.8346Y35.7182
G01 X86.9548Y35.7609
G01 X86.9911Y35.7759
G01 X87.1063Y35.8308
G01 X87.1277Y35.8427
G01 X87.2245Y35.9007
G01 X87.2452Y35.9140
G01 X87.3478Y35.9898
G01 X87.3782Y36.0147
G01 X87.4654Y36.0938
G01 X87.4896Y36.1182
G01 X87.5750Y36.2129
G01 X87.5902Y36.2322
G01 X87.6500Y36.3127
G01 X87.7098Y36.2322
G01 X87.7250Y36.2129
G01 X87.8104Y36.1182
G01 X87.8346Y36.0938
G01 X87.9218Y36.0147
G01 X87.9522Y35.9898
G01 X88.0548Y35.9140
G01 X88.0755Y35.9007
G01 X88.1765Y35.8402
G01 X88.2069Y35.8242
G01 X88.3223Y35.7699
G01 X88.3452Y35.7609
G01 X88.4514Y35.7229
G01 X88.4748Y35.7154
G01 X88.5985Y35.6841
G01 X88.6224Y35.6789
G01 X88.7486Y35.6599
G01 X88.7877Y35.6560
G01 X88.9004Y35.6505
G01 X88.9249Y35.6501
G01 X89.0523Y35.6560
G01 X89.0914Y35.6599
G01 X89.2079Y35.6772
G01 X89.2415Y35.6841
G01 X89.3510Y35.7115
G01 X89.3746Y35.7182
G01 X89.4948Y35.7609
G01 X89.5311Y35.7759
G01 X89.6463Y35.8308
G01 X89.6677Y35.8427
G01 X89.7645Y35.9007
G01 X89.7972Y35.9225
G01 X89.8995Y35.9988
G01 X89.9182Y36.0147
G01 X90.0018Y36.0904
G01 X90.0296Y36.1182
G01 X90.1150Y36.2129
G01 X90.1302Y36.2322
G01 X90.1900Y36.3127
G01 X90.2498Y36.2322
G01 X90.2650Y36.2129
G01 X90.3504Y36.1182
G01 X90.3746Y36.0938
G01 X90.4618Y36.0147
G01 X90.4922Y35.9898
G01 X90.5948Y35.9140
G01 X90.6155Y35.9007
G01 X90.7165Y35.8402
G01 X90.7469Y35.8242
G01 X90.8623Y35.7699
G01 X90.8852Y35.7609
G01 X91.0054Y35.7182
G01 X91.0290Y35.7115
G01 X91.1385Y35.6841
G01 X91.1624Y35.6789
G01 X91.2886Y35.6599
G01 X91.3228Y35.6563
G01 X91.4404Y35.6505
G01 X91.4796Y35.6505
G01 X91.6070Y35.6570
G01 X91.6314Y35.6599
G01 X91.7430Y35.6764
G01 X91.7815Y35.6841
G01 X91.8910Y35.7115
G01 X91.9146Y35.7182
G01 X92.0348Y35.7609
G01 X92.0711Y35.7759
G01 X92.1731Y35.8242
G01 X92.1950Y35.8354
G01 X92.3045Y35.9007
G01 X92.3372Y35.9225
G01 X92.4395Y35.9988
G01 X92.4582Y36.0147
G01 X92.5418Y36.0904
G01 X92.5696Y36.1182
G01 X92.6550Y36.2129
G01 X92.6702Y36.2322
G01 X92.7300Y36.3127
G01 X92.7898Y36.2322
G01 X92.8050Y36.2129
G01 X92.8904Y36.1182
G01 X92.9146Y36.0938
G01 X93.0018Y36.0147
G01 X93.0322Y35.9898
G01 X93.1348Y35.9140
G01 X93.1555Y35.9007
G01 X93.2523Y35.8427
G01 X93.2869Y35.8242
G01 X93.4023Y35.7699
G01 X93.4252Y35.7609
G01 X93.5454Y35.7182
G01 X93.5690Y35.7115
G01 X93.6928Y35.6808
G01 X93.7170Y35.6764
G01 X93.8432Y35.6580
G01 X93.8677Y35.6560
G01 X93.9804Y35.6505
G01 X94.0196Y35.6505
G01 X94.1470Y35.6570
G01 X94.1714Y35.6599
G01 X94.2830Y35.6764
G01 X94.3215Y35.6841
G01 X94.4310Y35.7115
G01 X94.4546Y35.7182
G01 X94.5748Y35.7609
G01 X94.6111Y35.7759
G01 X94.7131Y35.8242
G01 X94.7350Y35.8354
G01 X94.8445Y35.9007
G01 X94.8772Y35.9225
G01 X94.9795Y35.9988
G01 X94.9982Y36.0147
G01 X95.0818Y36.0904
G01 X95.1096Y36.1182
G01 X95.1950Y36.2129
G01 X95.2102Y36.2322
G01 X95.2700Y36.3127
G01 X95.3298Y36.2322
G01 X95.3450Y36.2129
G01 X95.4304Y36.1182
G01 X95.4582Y36.0904
G01 X95.5418Y36.0147
G01 X95.5605Y35.9988
G01 X95.6748Y35.9140
G01 X95.6955Y35.9007
G01 X95.7923Y35.8427
G01 X95.8269Y35.8242
G01 X95.9289Y35.7759
G01 X95.9514Y35.7662
G01 X96.0714Y35.7229
G01 X96.1090Y35.7115
G01 X96.2185Y35.6841
G01 X96.2424Y35.6789
G01 X96.3832Y35.6580
G01 X96.4077Y35.6560
G01 X96.5204Y35.6505
G01 X96.5596Y35.6505
G01 X96.6723Y35.6560
G01 X96.6968Y35.6580
G01 X96.8279Y35.6772
G01 X96.8615Y35.6841
G01 X96.9852Y35.7154
G01 X97.0086Y35.7229
G01 X97.1286Y35.7662
G01 X97.1511Y35.7759
G01 X97.2663Y35.8308
G01 X97.2877Y35.8427
G01 X97.3970Y35.9085
G01 X97.4172Y35.9225
G01 X97.5195Y35.9988
G01 X97.5382Y36.0147
G01 X97.6325Y36.1006
G01 X97.6496Y36.1182
G01 X97.7350Y36.2129
G01 X97.7502Y36.2322
G01 X97.8100Y36.3127
G01 X97.8698Y36.2322
G01 X97.8850Y36.2129
G01 X97.9704Y36.1182
G01 X97.9982Y36.0904
G01 X98.0818Y36.0147
G01 X98.1005Y35.9988
G01 X98.2028Y35.9225
G01 X98.2355Y35.9007
G01 X98.3323Y35.8427
G01 X98.3537Y35.8308
G01 X98.4689Y35.7759
G01 X98.5052Y35.7609
G01 X98.6254Y35.7182
G01 X98.6490Y35.7115
G01 X98.7585Y35.6841
G01 X98.7970Y35.6764
G01 X98.9086Y35.6599
G01 X98.9330Y35.6570
G01 X99.0604Y35.6505
G01 X99.0996Y35.6505
G01 X99.2270Y35.6570
G01 X99.2514Y35.6599
G01 X99.3776Y35.6789
G01 X99.4015Y35.6841
G01 X99.5252Y35.7154
G01 X99.5486Y35.7229
G01 X99.6686Y35.7662
G01 X99.6911Y35.7759
G01 X99.7931Y35.8242
G01 X99.8235Y35.8402
G01 X99.9245Y35.9007
G01 X99.9572Y35.9225
G01 X100.0478Y35.9898
G01 X100.0671Y36.0050
G01 X100.1618Y36.0904
G01 X100.1896Y36.1182
G01 X100.2653Y36.2018
G01 X100.2812Y36.2205
G01 X100.3575Y36.3228
G01 X100.3715Y36.3430
G01 X100.4373Y36.4523
G01 X100.4492Y36.4737
G01 X100.5041Y36.5889
G01 X100.5138Y36.6114
G01 X100.5618Y36.7454
G01 X100.5685Y36.7690
G01 X100.5992Y36.8928
G01 X100.6036Y36.9170
G01 X100.6220Y37.0432
G01 X100.6240Y37.0677
G01 X100.6299Y37.1951
G01 X100.6295Y37.2196
G01 X100.6230Y37.3470
G01 X100.6201Y37.3714
G01 X100.6011Y37.4976
G01 X100.5959Y37.5215
G01 X100.5646Y37.6452
G01 X100.5571Y37.6686
G01 X100.5138Y37.7886
G01 X100.5041Y37.8111
G01 X100.4492Y37.9263
G01 X100.4373Y37.9477
G01 X100.3715Y38.0570
G01 X100.3575Y38.0772
G01 X100.2812Y38.1795
G01 X100.2653Y38.1982
G01 X100.1794Y38.2925
G01 X100.1618Y38.3096
G01 X100.0671Y38.3950
G01 X100.0478Y38.4102
G01 X99.9452Y38.4860
G01 X99.9245Y38.4993
G01 X99.8150Y38.5646
G01 X99.7931Y38.5758
G01 X99.6777Y38.6301
G01 X99.6548Y38.6391
G01 X99.5346Y38.6818
G01 X99.5110Y38.6885
G01 X99.3872Y38.7192
G01 X99.3630Y38.7236
G01 X99.2368Y38.7420
G01 X99.2123Y38.7440
G01 X99.0849Y38.7499
G01 X99.0604Y38.7495
G01 X98.9477Y38.7440
G01 X98.9232Y38.7420
G01 X98.7970Y38.7236
G01 X98.7585Y38.7159
G01 X98.6490Y38.6885
G01 X98.6254Y38.6818
G01 X98.5052Y38.6391
G01 X98.4689Y38.6241
G01 X98.3537Y38.5692
G01 X98.3323Y38.5573
G01 X98.2355Y38.4993
G01 X98.2148Y38.4860
G01 X98.1122Y38.4102
G01 X98.0818Y38.3853
G01 X97.9946Y38.3062
G01 X97.9704Y38.2818
G01 X97.8850Y38.1871
G01 X97.8698Y38.1678
G01 X97.8100Y38.0873
G01 X97.7502Y38.1678
G01 X97.7350Y38.1871
G01 X97.6496Y38.2818
G01 X97.6254Y38.3062
G01 X97.5382Y38.3853
G01 X97.5078Y38.4102
G01 X97.4052Y38.4860
G01 X97.3845Y38.4993
G01 X97.2877Y38.5573
G01 X97.2663Y38.5692
G01 X97.1511Y38.6241
G01 X97.1286Y38.6338
G01 X97.0086Y38.6771
G01 X96.9710Y38.6885
G01 X96.8568Y38.7170
G01 X96.8230Y38.7236
G01 X96.7114Y38.7401
G01 X96.6870Y38.7430
G01 X96.5596Y38.7495
G01 X96.5204Y38.7495
G01 X96.3930Y38.7430
G01 X96.3686Y38.7401
G01 X96.2570Y38.7236
G01 X96.2185Y38.7159
G01 X96.1090Y38.6885
G01 X96.0854Y38.6818
G01 X95.9652Y38.6391
G01 X95.9289Y38.6241
G01 X95.8137Y38.5692
G01 X95.7923Y38.5573
G01 X95.6955Y38.4993
G01 X95.6748Y38.4860
G01 X95.5722Y38.4102
G01 X95.5418Y38.3853
G01 X95.4546Y38.3062
G01 X95.4304Y38.2818
G01 X95.3450Y38.1871
G01 X95.3298Y38.1678
G01 X95.2700Y38.0873
G01 X95.2102Y38.1678
G01 X95.1950Y38.1871
G01 X95.1096Y38.2818
G01 X95.0854Y38.3062
G01 X94.9982Y38.3853
G01 X94.9678Y38.4102
G01 X94.8652Y38.4860
G01 X94.8445Y38.4993
G01 X94.7477Y38.5573
G01 X94.7263Y38.5692
G01 X94.6111Y38.6241
G01 X94.5886Y38.6338
G01 X94.4686Y38.6771
G01 X94.4310Y38.6885
G01 X94.3168Y38.7170
G01 X94.2830Y38.7236
G01 X94.1714Y38.7401
G01 X94.1470Y38.7430
G01 X94.0196Y38.7495
G01 X93.9804Y38.7495
G01 X93.8530Y38.7430
G01 X93.8286Y38.7401
G01 X93.7170Y38.7236
G01 X93.6785Y38.7159
G01 X93.5690Y38.6885
G01 X93.5454Y38.6818
G01 X93.4252Y38.6391
G01 X93.3889Y38.6241
G01 X93.2737Y38.5692
G01 X93.2523Y38.5573
G01 X93.1555Y38.4993
G01 X93.1348Y38.4860
G01 X93.0322Y38.4102
G01 X93.0018Y38.3853
G01 X92.9146Y38.3062
G01 X92.8904Y38.2818
G01 X92.8050Y38.1871
G01 X92.7898Y38.1678
G01 X92.7300Y38.0873
G01 X92.6702Y38.1678
G01 X92.6550Y38.1871
G01 X92.5696Y38.2818
G01 X92.5454Y38.3062
G01 X92.4582Y38.3853
G01 X92.4278Y38.4102
G01 X92.3252Y38.4860
G01 X92.3045Y38.4993
G01 X92.2035Y38.5598
G01 X92.1731Y38.5758
G01 X92.0577Y38.6301
G01 X92.0348Y38.6391
G01 X91.9286Y38.6771
G01 X91.9052Y38.6846
G01 X91.7815Y38.7159
G01 X91.7576Y38.7211
G01 X91.6314Y38.7401
G01 X91.5923Y38.7440
G01 X91.4796Y38.7495
G01 X91.4551Y38.7499
G01 X91.3277Y38.7440
G01 X91.2886Y38.7401
G01 X91.1721Y38.7228
G01 X91.1385Y38.7159
G01 X91.0290Y38.6885
G01 X91.0054Y38.6818
G01 X90.8852Y38.6391
G01 X90.8489Y38.6241
G01 X90.7337Y38.5692
G01 X90.7123Y38.5573
G01 X90.6155Y38.4993
G01 X90.5828Y38.4775
G01 X90.4805Y38.4012
G01 X90.4618Y38.3853
G01 X90.3782Y38.3096
G01 X90.3504Y38.2818
G01 X90.2650Y38.1871
G01 X90.2498Y38.1678
G01 X90.1900Y38.0873
G01 X90.1302Y38.1678
G01 X90.1150Y38.1871
G01 X90.0296Y38.2818
G01 X90.0054Y38.3062
G01 X89.9182Y38.3853
G01 X89.8878Y38.4102
G01 X89.7852Y38.4860
G01 X89.7645Y38.4993
G01 X89.6635Y38.5598
G01 X89.6331Y38.5758
G01 X89.5177Y38.6301
G01 X89.4948Y38.6391
G01 X89.3746Y38.6818
G01 X89.3510Y38.6885
G01 X89.2415Y38.7159
G01 X89.2176Y38.7211
G01 X89.0914Y38.7401
G01 X89.0572Y38.7437
G01 X88.9396Y38.7495
G01 X88.9004Y38.7495
G01 X88.7730Y38.7430
G01 X88.7486Y38.7401
G01 X88.6370Y38.7236
G01 X88.5985Y38.7159
G01 X88.4890Y38.6885
G01 X88.4654Y38.6818
G01 X88.3452Y38.6391
G01 X88.3089Y38.6241
G01 X88.1937Y38.5692
G01 X88.1723Y38.5573
G01 X88.0755Y38.4993
G01 X88.0428Y38.4775
G01 X87.9405Y38.4012
G01 X87.9218Y38.3853
G01 X87.8382Y38.3096
G01 X87.8104Y38.2818
G01 X87.7250Y38.1871
G01 X87.7098Y38.1678
G01 X87.6500Y38.0873
G01 X87.5902Y38.1678
G01 X87.5750Y38.1871
G01 X87.4896Y38.2818
G01 X87.4654Y38.3062
G01 X87.3782Y38.3853
G01 X87.3478Y38.4102
G01 X87.2452Y38.4860
G01 X87.2245Y38.4993
G01 X87.1277Y38.5573
G01 X87.0931Y38.5758
G01 X86.9777Y38.6301
G01 X86.9548Y38.6391
G01 X86.8346Y38.6818
G01 X86.8110Y38.6885
G01 X86.6872Y38.7192
G01 X86.6630Y38.7236
G01 X86.5368Y38.7420
G01 X86.5123Y38.7440
G01 X86.3996Y38.7495
G01 X86.3604Y38.7495
G01 X86.2330Y38.7430
G01 X86.2086Y38.7401
G01 X86.0970Y38.7236
G01 X86.0585Y38.7159
G01 X85.9490Y38.6885
G01 X85.9254Y38.6818
G01 X85.8052Y38.6391
G01 X85.7689Y38.6241
G01 X85.6669Y38.5758
G01 X85.6450Y38.5646
G01 X85.5355Y38.4993
G01 X85.5028Y38.4775
G01 X85.4005Y38.4012
G01 X85.3818Y38.3853
G01 X85.2982Y38.3096
G01 X85.2704Y38.2818
G01 X85.1850Y38.1871
G01 X85.1698Y38.1678
G01 X85.1100Y38.0873
G01 X85.0502Y38.1678
G01 X85.0350Y38.1871
G01 X84.9496Y38.2818
G01 X84.9218Y38.3096
G01 X84.8382Y38.3853
G01 X84.8195Y38.4012
G01 X84.7052Y38.4860
G01 X84.6845Y38.4993
G01 X84.5877Y38.5573
G01 X84.5531Y38.5758
G01 X84.4511Y38.6241
G01 X84.4286Y38.6338
G01 X84.3086Y38.6771
G01 X84.2710Y38.6885
G01 X84.1615Y38.7159
G01 X84.1376Y38.7211
G01 X83.9968Y38.7420
G01 X83.9723Y38.7440
G01 X83.8596Y38.7495
G01 X83.8204Y38.7495
G01 X83.7077Y38.7440
G01 X83.6832Y38.7420
G01 X83.5521Y38.7228
G01 X83.5185Y38.7159
G01 X83.3948Y38.6846
G01 X83.3714Y38.6771
G01 X83.2514Y38.6338
G01 X83.2289Y38.6241
G01 X83.1137Y38.5692
G01 X83.0923Y38.5573
G01 X82.9830Y38.4915
G01 X82.9628Y38.4775
G01 X82.8605Y38.4012
G01 X82.8418Y38.3853
G01 X82.7475Y38.2994
G01 X82.7304Y38.2818
G01 X82.6450Y38.1871
G01 X82.6298Y38.1678
G01 X82.5700Y38.0873
G01 X82.5102Y38.1678
G01 X82.4950Y38.1871
G01 X82.4096Y38.2818
G01 X82.3818Y38.3096
G01 X82.2982Y38.3853
G01 X82.2795Y38.4012
G01 X82.1772Y38.4775
G01 X82.1445Y38.4993
G01 X82.0350Y38.5646
G01 X82.0131Y38.5758
G01 X81.9111Y38.6241
G01 X81.8748Y38.6391
G01 X81.7546Y38.6818
G01 X81.7310Y38.6885
G01 X81.6215Y38.7159
G01 X81.5830Y38.7236
G01 X81.4714Y38.7401
G01 X81.4470Y38.7430
G01 X81.3196Y38.7495
G01 X81.2804Y38.7495
G01 X81.1530Y38.7430
G01 X81.1286Y38.7401
G01 X81.0024Y38.7211
G01 X80.9785Y38.7159
G01 X80.8548Y38.6846
G01 X80.8314Y38.6771
G01 X80.7114Y38.6338
G01 X80.6889Y38.6241
G01 X80.5869Y38.5758
G01 X80.5523Y38.5573
G01 X80.4513Y38.4967
G01 X80.4228Y38.4775
G01 X80.3322Y38.4102
G01 X80.3129Y38.3950
G01 X80.2182Y38.3096
G01 X80.1904Y38.2818
G01 X80.1147Y38.1982
G01 X80.0988Y38.1795
G01 X80.0225Y38.0772
G01 X80.0085Y38.0570
G01 X79.9427Y37.9477
G01 X79.9308Y37.9263
G01 X79.8759Y37.8111
G01 X79.8662Y37.7886
G01 X79.8229Y37.6686
G01 X79.8154Y37.6452
G01 X79.7808Y37.5072
G01 X79.7764Y37.4830
G01 X79.7580Y37.3568
G01 X79.7560Y37.3323
G01 X79.7501Y37.2098
G00 Z20.0000
G00 X71.3259Y35.7424
G01 Z20.0000
G01 X71.1814Y36.3195
G01 X70.4931Y40.9596
G01 X70.4319Y42.2043
G00 Z20.0000
G00 X71.1501Y61.0098
G01 Z20.0000
G01 X71.1505Y60.9804
G01 X71.1566Y60.8628
G01 X71.1594Y60.8384
G01 X71.1770Y60.7219
G01 X71.1822Y60.6980
G01 X71.2111Y60.5838
G01 X71.2186Y60.5604
G01 X71.2586Y60.4497
G01 X71.2683Y60.4272
G01 X71.3190Y60.3208
G01 X71.3309Y60.2994
G01 X71.3917Y60.1985
G01 X71.4057Y60.1784
G01 X71.4761Y60.0840
G01 X71.4920Y60.0653
G01 X71.5713Y59.9782
G01 X71.5889Y59.9612
G01 X71.6764Y59.8823
G01 X71.6956Y59.8671
G01 X71.7904Y59.7971
G01 X71.8110Y59.7839
G01 X71.9122Y59.7236
G01 X71.9340Y59.7124
G01 X72.0406Y59.6623
G01 X72.0634Y59.6533
G01 X72.1744Y59.6139
G01 X72.1980Y59.6072
G01 X72.3123Y59.5789
G01 X72.3365Y59.5745
G01 X72.4530Y59.5575
G01 X72.4775Y59.5555
G01 X72.5951Y59.5501
G01 X72.6196Y59.5505
G01 X72.7372Y59.5566
G01 X72.7616Y59.5594
G01 X72.8781Y59.5770
G01 X72.9020Y59.5822
G01 X73.0162Y59.6111
G01 X73.0396Y59.6186
G01 X73.1503Y59.6586
G01 X73.1728Y59.6683
G01 X73.2792Y59.7190
G01 X73.3006Y59.7309
G01 X73.4015Y59.7917
G01 X73.4216Y59.8057
G01 X73.5160Y59.8761
G01 X73.5347Y59.8920
G01 X73.6218Y59.9713
G01 X73.6388Y59.9889
G01 X73.7177Y60.0764
G01 X73.7329Y60.0956
G01 X73.8029Y60.1904
G01 X73.8161Y60.2110
G01 X73.8764Y60.3122
G01 X73.8876Y60.3340
G01 X73.9377Y60.4406
G01 X73.9467Y60.4634
G01 X73.9861Y60.5744
G01 X73.9928Y60.5980
G01 X74.0211Y60.7123
G01 X74.0255Y60.7365
G01 X74.0425Y60.8530
G01 X74.0445Y60.8775
G01 X74.0499Y60.9951
G01 X74.0495Y61.0196
G01 X74.0434Y61.1372
G01 X74.0406Y61.1616
G01 X74.0230Y61.2781
G01 X74.0178Y61.3020
G01 X73.9889Y61.4162
G01 X73.9814Y61.4396
G01 X73.9414Y61.5503
G01 X73.9317Y61.5728
G01 X73.8810Y61.6792
G01 X73.8691Y61.7006
G01 X73.8083Y61.8015
G01 X73.7943Y61.8216
G01 X73.7239Y61.9160
G01 X73.7080Y61.9347
G01 X73.6287Y62.0218
G01 X73.6111Y62.0388
G01 X73.5236Y62.1177
G01 X73.5044Y62.1329
G01 X73.4096Y62.2029
G01 X73.3890Y62.2161
G01 X73.2878Y62.2764
G01 X73.2660Y62.2876
G01 X73.1594Y62.3377
G01 X73.1366Y62.3467
G01 X73.0256Y62.3861
G01 X73.0020Y62.3928
G01 X72.8877Y62.4211
G01 X72.8635Y62.4255
G01 X72.7470Y62.4425
G01 X72.7225Y62.4445
G01 X72.6049Y62.4499
G01 X72.5804Y62.4495
G01 X72.4628Y62.4434
G01 X72.4384Y62.4406
G01 X72.3219Y62.4230
G01 X72.2980Y62.4178
G01 X72.1838Y62.3889
G01 X72.1604Y62.3814
G01 X72.0497Y62.3414
G01 X72.0272Y62.3317
G01 X71.9208Y62.2810
G01 X71.8994Y62.2691
G01 X71.7985Y62.2083
G01 X71.7784Y62.1943
G01 X71.6840Y62.1239
G01 X71.6653Y62.1080
G01 X71.5782Y62.0287
G01 X71.5612Y62.0111
G01 X71.4823Y61.9236
G01 X71.4671Y61.9044
G01 X71.3971Y61.8096
G01 X71.3839Y61.7890
G01 X71.3236Y61.6878
G01 X71.3124Y61.6660
G01 X71.2623Y61.5594
G01 X71.2533Y61.5366
G01 X71.2139Y61.4256
G01 X71.2072Y61.4020
G01 X71.1789Y61.2877
G01 X71.1745Y61.2635
G01 X71.1575Y61.1470
G01 X71.1555Y61.1225
G01 X71.1501Y61.0098
G00 Z20.0000
G00 X58.9598Y68.4281
G01 Z20.0000
G01 X59.4890Y69.9070
G01 X62.1491Y75.5314
G01 X65.3477Y80.8680
G01 X66.5516Y82.4912
G00 Z20.0000
G00 X66.1803Y82.6613
G01 Z20.0000
G01 X65.0152Y81.0902
G01 X61.7963Y75.7200
G01 X59.1194Y70.0601
G01 X58.7186Y68.9399
G00 Z20.0000
G00 X53.9001Y68.1098
G01 Z20.0000
G01 X53.9005Y68.0804
G01 X53.9063Y67.9677
G01 X53.9091Y67.9433
G01 X53.9260Y67.8317
G01 X53.9312Y67.8077
G01 X53.9589Y67.6983
G01 X53.9664Y67.6750
G01 X54.0047Y67.5688
G01 X54.0145Y67.5463
G01 X54.0631Y67.4444
G01 X54.0750Y67.4230
G01 X54.1333Y67.3263
G01 X54.1472Y67.3062
G01 X54.2147Y67.2157
G01 X54.2306Y67.1970
G01 X54.3066Y67.1136
G01 X54.3243Y67.0965
G01 X54.4081Y67.0209
G01 X54.4273Y67.0057
G01 X54.5181Y66.9387
G01 X54.5388Y66.9254
G01 X54.6357Y66.8677
G01 X54.6576Y66.8565
G01 X54.7597Y66.8085
G01 X54.7826Y66.7995
G01 X54.8889Y66.7618
G01 X54.9125Y66.7550
G01 X55.0221Y66.7279
G01 X55.0462Y66.7235
G01 X55.1579Y66.7073
G01 X55.1824Y66.7053
G01 X55.2951Y66.7001
G01 X55.3196Y66.7005
G01 X55.4176Y66.7053
G01 X55.4421Y66.7073
G01 X55.5538Y66.7235
G01 X55.5923Y66.7312
G01 X55.7017Y66.7589
G01 X55.7250Y66.7664
G01 X55.8174Y66.7995
G01 X55.8537Y66.8145
G01 X55.9556Y66.8630
G01 X55.9770Y66.8750
G01 X56.0612Y66.9254
G01 X56.0819Y66.9387
G01 X56.1727Y67.0057
G01 X56.2030Y67.0306
G01 X56.2793Y67.0999
G01 X56.3035Y67.1243
G01 X56.3791Y67.2081
G01 X56.3943Y67.2273
G01 X56.4500Y67.3024
G01 X56.5057Y67.2273
G01 X56.5209Y67.2081
G01 X56.5965Y67.1243
G01 X56.6136Y67.1066
G01 X56.7081Y67.0209
G01 X56.7273Y67.0057
G01 X56.8062Y66.9472
G01 X56.8388Y66.9254
G01 X56.9272Y66.8725
G01 X56.9576Y66.8565
G01 X57.0463Y66.8145
G01 X57.0688Y66.8047
G01 X57.1750Y66.7664
G01 X57.1983Y66.7589
G01 X57.3221Y66.7279
G01 X57.3462Y66.7235
G01 X57.4433Y66.7091
G01 X57.4824Y66.7053
G01 X57.5853Y66.7003
G01 X57.6196Y66.7005
G01 X57.7176Y66.7053
G01 X57.7421Y66.7073
G01 X57.8538Y66.7235
G01 X57.8779Y66.7279
G01 X58.0017Y66.7589
G01 X58.0250Y66.7664
G01 X58.1220Y66.8012
G01 X58.1537Y66.8145
G01 X58.2424Y66.8565
G01 X58.2770Y66.8750
G01 X58.3612Y66.9254
G01 X58.3819Y66.9387
G01 X58.4843Y67.0147
G01 X58.5030Y67.0306
G01 X58.5757Y67.0965
G01 X58.6035Y67.1243
G01 X58.6694Y67.1970
G01 X58.6853Y67.2157
G01 X58.7613Y67.3181
G01 X58.7746Y67.3388
G01 X58.8250Y67.4230
G01 X58.8435Y67.4576
G01 X58.8855Y67.5463
G01 X58.8953Y67.5688
G01 X58.9382Y67.6889
G01 X58.9450Y67.7125
G01 X58.9688Y67.8077
G01 X58.9765Y67.8462
G01 X58.9909Y67.9433
G01 X58.9937Y67.9677
G01 X58.9999Y68.0951
G01 X58.9995Y68.1196
G01 X58.9937Y68.2323
G01 X58.9909Y68.2567
G01 X58.9740Y68.3683
G01 X58.9688Y68.3923
G01 X58.9411Y68.5017
G01 X58.9336Y68.5250
G01 X58.8953Y68.6312
G01 X58.8855Y68.6537
G01 X58.8370Y68.7556
G01 X58.8250Y68.7770
G01 X58.7667Y68.8737
G01 X58.7528Y68.8938
G01 X58.6853Y68.9843
G01 X58.6694Y69.0030
G01 X58.5934Y69.0864
G01 X58.5757Y69.1035
G01 X58.4919Y69.1791
G01 X58.4727Y69.1943
G01 X58.3819Y69.2613
G01 X58.3612Y69.2746
G01 X58.2643Y69.3323
G01 X58.2424Y69.3435
G01 X58.1403Y69.3915
G01 X58.1174Y69.4005
G01 X58.0111Y69.4382
G01 X57.9875Y69.4450
G01 X57.8779Y69.4721
G01 X57.8538Y69.4765
G01 X57.7421Y69.4927
G01 X57.7176Y69.4947
G01 X57.6049Y69.4999
G01 X57.5804Y69.4995
G01 X57.4824Y69.4947
G01 X57.4579Y69.4927
G01 X57.3462Y69.4765
G01 X57.3077Y69.4688
G01 X57.1983Y69.4411
G01 X57.1750Y69.4336
G01 X57.0826Y69.4005
G01 X57.0463Y69.3855
G01 X56.9444Y69.3370
G01 X56.9230Y69.3250
G01 X56.8388Y69.2746
G01 X56.8181Y69.2613
G01 X56.7273Y69.1943
G01 X56.6970Y69.1694
G01 X56.6207Y69.1001
G01 X56.5965Y69.0757
G01 X56.5209Y68.9919
G01 X56.5057Y68.9727
G01 X56.4500Y68.8976
G01 X56.3943Y68.9727
G01 X56.3791Y68.9919
G01 X56.3035Y69.0757
G01 X56.2864Y69.0934
G01 X56.1919Y69.1791
G01 X56.1727Y69.1943
G01 X56.0939Y69.2528
G01 X56.0612Y69.2746
G01 X55.9728Y69.3275
G01 X55.9424Y69.3435
G01 X55.8537Y69.3855
G01 X55.8312Y69.3953
G01 X55.7250Y69.4336
G01 X55.7017Y69.4411
G01 X55.5779Y69.4721
G01 X55.5538Y69.4765
G01 X55.4567Y69.4909
G01 X55.4176Y69.4947
G01 X55.3147Y69.4997
G01 X55.2804Y69.4995
G01 X55.1824Y69.4947
G01 X55.1579Y69.4927
G01 X55.0462Y69.4765
G01 X55.0221Y69.4721
G01 X54.8983Y69.4411
G01 X54.8750Y69.4336
G01 X54.7780Y69.3988
G01 X54.7463Y69.3855
G01 X54.6576Y69.3435
G01 X54.6230Y69.3250
G01 X54.5388Y69.2746
G01 X54.5181Y69.2613
G01 X54.4157Y69.1853
G01 X54.3970Y69.1694
G01 X54.3243Y69.1035
G01 X54.2965Y69.0757
G01 X54.2306Y69.0030
G01 X54.2147Y68.9843
G01 X54.1387Y68.8819
G01 X54.1254Y68.8612
G01 X54.0750Y68.7770
G01 X54.0565Y68.7424
G01 X54.0145Y68.6537
G01 X54.0047Y68.6312
G01 X53.9618Y68.5111
G01 X53.9550Y68.4875
G01 X53.9312Y68.3923
G01 X53.9235Y68.3538
G01 X53.9091Y68.2567
G01 X53.9063Y68.2323
G01 X53.9001Y68.1098
G00 Z20.0000
G00 X51.6036Y62.3117
G01 Z20.0000
G01 X52.4168Y65.5584
G01 X54.6848Y71.8969
G01 X56.0135Y74.7063
G00 Z20.0000
G00 X55.4647Y74.4803
G01 Z20.0000
G01 X54.3152Y72.0500
G01 X52.0340Y65.6745
G01 X51.2103Y62.3860
G00 Z20.0000
G00 X50.7904Y62.3539
G01 Z20.0000
G01 X51.6513Y65.7906
G01 X53.9457Y72.2031
G01 X55.0118Y74.4572
G00 Z20.0000
G00 X54.6140Y74.5506
G01 Z20.0000
G01 X53.5761Y72.3562
G01 X51.2685Y65.9067
G01 X50.3335Y62.1741
G00 Z20.0000
G00 X49.8199Y61.7679
G01 Z20.0000
G01 X50.8857Y66.0228
G01 X53.2066Y72.5092
G01 X54.2610Y74.7387
G00 Z20.0000
G00 X53.9548Y75.0256
G01 Z20.0000
G01 X52.8370Y72.6623
G01 X50.5029Y66.1390
G01 X49.4896Y62.0934
G00 Z20.0000
G00 X49.1267Y62.2891
G01 Z20.0000
G01 X50.1202Y66.2551
G01 X52.4675Y72.8154
G01 X53.7127Y75.4482
G00 Z20.0000
G00 X53.6101Y76.0098
G01 Z20.0000
G01 X53.6105Y75.9804
G01 X53.6170Y75.8530
G01 X53.6199Y75.8286
G01 X53.6389Y75.7024
G01 X53.6441Y75.6785
G01 X53.6754Y75.5548
G01 X53.6829Y75.5314
G01 X53.7262Y75.4114
G01 X53.7359Y75.3889
G01 X53.7908Y75.2737
G01 X53.8027Y75.2523
G01 X53.8686Y75.1430
G01 X53.8825Y75.1228
G01 X53.9588Y75.0205
G01 X53.9747Y75.0018
G01 X54.0606Y74.9075
G01 X54.0782Y74.8904
G01 X54.1729Y74.8050
G01 X54.1922Y74.7898
G01 X54.2948Y74.7140
G01 X54.3155Y74.7007
G01 X54.4250Y74.6354
G01 X54.4469Y74.6242
G01 X54.5623Y74.5699
G01 X54.5852Y74.5609
G01 X54.7054Y74.5182
G01 X54.7290Y74.5115
G01 X54.8528Y74.4808
G01 X54.8770Y74.4764
G01 X55.0032Y74.4580
G01 X55.0277Y74.4560
G01 X55.1551Y74.4501
G01 X55.1796Y74.4505
G01 X55.2923Y74.4560
G01 X55.3168Y74.4580
G01 X55.4430Y74.4764
G01 X55.4815Y74.4841
G01 X55.6052Y74.5154
G01 X55.6286Y74.5229
G01 X55.7348Y74.5609
G01 X55.7711Y74.5759
G01 X55.8863Y74.6308
G01 X55.9077Y74.6427
G01 X56.0045Y74.7007
G01 X56.0252Y74.7140
G01 X56.1278Y74.7898
G01 X56.1582Y74.8147
G01 X56.2454Y74.8938
G01 X56.2696Y74.9182
G01 X56.3550Y75.0129
G01 X56.3702Y75.0322
G01 X56.4300Y75.1127
G01 X56.4898Y75.0322
G01 X56.5050Y75.0129
G01 X56.5904Y74.9182
G01 X56.6075Y74.9006
G01 X56.7129Y74.8050
G01 X56.7322Y74.7898
G01 X56.8228Y74.7225
G01 X56.8513Y74.7033
G01 X56.9523Y74.6427
G01 X56.9869Y74.6242
G01 X57.0889Y74.5759
G01 X57.1114Y74.5662
G01 X57.2314Y74.5229
G01 X57.2548Y74.5154
G01 X57.3928Y74.4808
G01 X57.4170Y74.4764
G01 X57.5286Y74.4599
G01 X57.5677Y74.4560
G01 X57.6853Y74.4503
G01 X57.7196Y74.4505
G01 X57.8323Y74.4560
G01 X57.8568Y74.4580
G01 X57.9830Y74.4764
G01 X58.0072Y74.4808
G01 X58.1452Y74.5154
G01 X58.1686Y74.5229
G01 X58.2794Y74.5626
G01 X58.3111Y74.5759
G01 X58.4131Y74.6242
G01 X58.4477Y74.6427
G01 X58.5445Y74.7007
G01 X58.5652Y74.7140
G01 X58.6795Y74.7988
G01 X58.6982Y74.8147
G01 X58.7818Y74.8904
G01 X58.8096Y74.9182
G01 X58.8853Y75.0018
G01 X58.9012Y75.0205
G01 X58.9860Y75.1348
G01 X58.9993Y75.1555
G01 X59.0573Y75.2523
G01 X59.0758Y75.2869
G01 X59.1241Y75.3889
G01 X59.1338Y75.4114
G01 X59.1818Y75.5454
G01 X59.1885Y75.5690
G01 X59.2159Y75.6785
G01 X59.2236Y75.7170
G01 X59.2401Y75.8286
G01 X59.2430Y75.8530
G01 X59.2499Y75.9951
G01 X59.2495Y76.0196
G01 X59.2430Y76.1470
G01 X59.2401Y76.1714
G01 X59.2211Y76.2976
G01 X59.2159Y76.3215
G01 X59.1846Y76.4452
G01 X59.1771Y76.4686
G01 X59.1338Y76.5886
G01 X59.1241Y76.6111
G01 X59.0692Y76.7263
G01 X59.0573Y76.7477
G01 X58.9915Y76.8570
G01 X58.9775Y76.8772
G01 X58.9012Y76.9795
G01 X58.8853Y76.9982
G01 X58.7994Y77.0925
G01 X58.7818Y77.1096
G01 X58.6871Y77.1950
G01 X58.6678Y77.2102
G01 X58.5652Y77.2860
G01 X58.5445Y77.2993
G01 X58.4350Y77.3646
G01 X58.4131Y77.3758
G01 X58.2977Y77.4301
G01 X58.2748Y77.4391
G01 X58.1546Y77.4818
G01 X58.1310Y77.4885
G01 X58.0072Y77.5192
G01 X57.9830Y77.5236
G01 X57.8568Y77.5420
G01 X57.8323Y77.5440
G01 X57.7049Y77.5499
G01 X57.6804Y77.5495
G01 X57.5677Y77.5440
G01 X57.5432Y77.5420
G01 X57.4170Y77.5236
G01 X57.3785Y77.5159
G01 X57.2548Y77.4846
G01 X57.2314Y77.4771
G01 X57.1252Y77.4391
G01 X57.0889Y77.4241
G01 X56.9737Y77.3692
G01 X56.9523Y77.3573
G01 X56.8555Y77.2993
G01 X56.8348Y77.2860
G01 X56.7322Y77.2102
G01 X56.7018Y77.1853
G01 X56.6146Y77.1062
G01 X56.5904Y77.0818
G01 X56.5050Y76.9871
G01 X56.4898Y76.9678
G01 X56.4300Y76.8873
G01 X56.3702Y76.9678
G01 X56.3550Y76.9871
G01 X56.2696Y77.0818
G01 X56.2525Y77.0994
G01 X56.1471Y77.1950
G01 X56.1278Y77.2102
G01 X56.0372Y77.2775
G01 X56.0087Y77.2967
G01 X55.9077Y77.3573
G01 X55.8731Y77.3758
G01 X55.7711Y77.4241
G01 X55.7486Y77.4338
G01 X55.6286Y77.4771
G01 X55.6052Y77.4846
G01 X55.4672Y77.5192
G01 X55.4430Y77.5236
G01 X55.3314Y77.5401
G01 X55.2923Y77.5440
G01 X55.1747Y77.5497
G01 X55.1404Y77.5495
G01 X55.0277Y77.5440
G01 X55.0032Y77.5420
G01 X54.8770Y77.5236
G01 X54.8528Y77.5192
G01 X54.7148Y77.4846
G01 X54.6914Y77.4771
G01 X54.5806Y77.4374
G01 X54.5489Y77.4241
G01 X54.4469Y77.3758
G01 X54.4123Y77.3573
G01 X54.3155Y77.2993
G01 X54.2948Y77.2860
G01 X54.1805Y77.2012
G01 X54.1618Y77.1853
G01 X54.0782Y77.1096
G01 X54.0504Y77.0818
G01 X53.9747Y76.9982
G01 X53.9588Y76.9795
G01 X53.8740Y76.8652
G01 X53.8607Y76.8445
G01 X53.8027Y76.7477
G01 X53.7842Y76.7131
G01 X53.7359Y76.6111
G01 X53.7262Y76.5886
G01 X53.6782Y76.4546
G01 X53.6715Y76.4310
G01 X53.6441Y76.3215
G01 X53.6364Y76.2830
G01 X53.6199Y76.1714
G01 X53.6170Y76.1470
G01 X53.6101Y76.0098
G00 Z20.0000
G00 X53.6231Y76.1932
G01 Z20.0000
G01 X52.0979Y72.9685
G01 X49.7374Y66.3712
G01 X48.7381Y62.3818
G00 Z20.0000
G00 X48.3226Y62.3674
G01 Z20.0000
G01 X49.3546Y66.4873
G01 X51.7284Y73.1215
G01 X54.7410Y79.4911
G01 X56.5210Y82.4610
G00 Z20.0000
G00 X56.1170Y82.5640
G01 Z20.0000
G01 X54.3882Y79.6797
G01 X51.3588Y73.2746
G01 X48.9718Y66.6034
G01 X47.8736Y62.2190
G00 Z20.0000
G00 X47.3531Y61.7854
G01 Z20.0000
G01 X48.5890Y66.7195
G01 X50.9893Y73.4277
G01 X54.0354Y79.8683
G01 X55.7698Y82.7619
G00 Z20.0000
G00 X55.4766Y83.0499
G01 Z20.0000
G01 X53.6827Y80.0568
G01 X50.6197Y73.5808
G01 X48.2063Y66.8356
G01 X47.0076Y62.0504
G00 Z20.0000
G00 X46.6495Y62.2648
G01 Z20.0000
G01 X47.8235Y66.9518
G01 X50.2502Y73.7338
G01 X53.3299Y80.2454
G01 X55.2515Y83.4514
G00 Z20.0000
G00 X55.1501Y84.0098
G01 Z20.0000
G01 X55.1505Y83.9804
G01 X55.1570Y83.8530
G01 X55.1599Y83.8286
G01 X55.1764Y83.7170
G01 X55.1841Y83.6785
G01 X55.2128Y83.5642
G01 X55.2229Y83.5314
G01 X55.2609Y83.4252
G01 X55.2699Y83.4023
G01 X55.3242Y83.2869
G01 X55.3354Y83.2650
G01 X55.4007Y83.1555
G01 X55.4140Y83.1348
G01 X55.4898Y83.0322
G01 X55.5050Y83.0129
G01 X55.5904Y82.9182
G01 X55.6075Y82.9006
G01 X55.7129Y82.8050
G01 X55.7322Y82.7898
G01 X55.8348Y82.7140
G01 X55.8555Y82.7007
G01 X55.9523Y82.6427
G01 X55.9825Y82.6263
G01 X56.0889Y82.5759
G01 X56.1252Y82.5609
G01 X56.2314Y82.5229
G01 X56.2548Y82.5154
G01 X56.3785Y82.4841
G01 X56.4121Y82.4772
G01 X56.5432Y82.4580
G01 X56.5677Y82.4560
G01 X56.6804Y82.4505
G01 X56.7196Y82.4505
G01 X56.8323Y82.4560
G01 X56.8568Y82.4580
G01 X56.9976Y82.4789
G01 X57.0215Y82.4841
G01 X57.1310Y82.5115
G01 X57.1686Y82.5229
G01 X57.2886Y82.5662
G01 X57.3111Y82.5759
G01 X57.4131Y82.6242
G01 X57.4477Y82.6427
G01 X57.5445Y82.7007
G01 X57.5652Y82.7140
G01 X57.6795Y82.7988
G01 X57.6982Y82.8147
G01 X57.7818Y82.8904
G01 X57.8096Y82.9182
G01 X57.8950Y83.0129
G01 X57.9102Y83.0322
G01 X57.9700Y83.1127
G01 X58.0298Y83.0322
G01 X58.0450Y83.0129
G01 X58.1304Y82.9182
G01 X58.1582Y82.8904
G01 X58.2418Y82.8147
G01 X58.2605Y82.7988
G01 X58.3748Y82.7140
G01 X58.3955Y82.7007
G01 X58.4923Y82.6427
G01 X58.5269Y82.6242
G01 X58.6289Y82.5759
G01 X58.6514Y82.5662
G01 X58.7714Y82.5229
G01 X58.8090Y82.5115
G01 X58.9185Y82.4841
G01 X58.9424Y82.4789
G01 X59.0832Y82.4580
G01 X59.1077Y82.4560
G01 X59.2204Y82.4505
G01 X59.2596Y82.4505
G01 X59.3870Y82.4570
G01 X59.4114Y82.4599
G01 X59.5230Y82.4764
G01 X59.5615Y82.4841
G01 X59.6852Y82.5154
G01 X59.7086Y82.5229
G01 X59.8286Y82.5662
G01 X59.8511Y82.5759
G01 X59.9663Y82.6308
G01 X59.9877Y82.6427
G01 X60.0970Y82.7085
G01 X60.1172Y82.7225
G01 X60.2195Y82.7988
G01 X60.2382Y82.8147
G01 X60.3325Y82.9006
G01 X60.3496Y82.9182
G01 X60.4350Y83.0129
G01 X60.4502Y83.0322
G01 X60.5100Y83.1127
G01 X60.5698Y83.0322
G01 X60.5850Y83.0129
G01 X60.6704Y82.9182
G01 X60.6982Y82.8904
G01 X60.7818Y82.8147
G01 X60.8005Y82.7988
G01 X60.9028Y82.7225
G01 X60.9355Y82.7007
G01 X61.0323Y82.6427
G01 X61.0537Y82.6308
G01 X61.1734Y82.5739
G01 X61.2052Y82.5609
G01 X61.3114Y82.5229
G01 X61.3490Y82.5115
G01 X61.4585Y82.4841
G01 X61.4824Y82.4789
G01 X61.6086Y82.4599
G01 X61.6477Y82.4560
G01 X61.7751Y82.4501
G01 X61.7996Y82.4505
G01 X61.9123Y82.4560
G01 X61.9466Y82.4592
G01 X62.0630Y82.4764
G01 X62.1015Y82.4841
G01 X62.2252Y82.5154
G01 X62.2486Y82.5229
G01 X62.3548Y82.5609
G01 X62.3911Y82.5759
G01 X62.5063Y82.6308
G01 X62.5277Y82.6427
G01 X62.6245Y82.7007
G01 X62.6452Y82.7140
G01 X62.7478Y82.7898
G01 X62.7782Y82.8147
G01 X62.8618Y82.8904
G01 X62.8794Y82.9075
G01 X62.9686Y83.0055
G01 X62.9902Y83.0322
G01 X63.0575Y83.1228
G01 X63.0715Y83.1430
G01 X63.1398Y83.2565
G01 X63.1537Y83.2825
G01 X63.1684Y83.3134
G01 X63.1778Y83.2830
G01 X63.2095Y83.1953
G01 X63.2193Y83.1728
G01 X63.2594Y83.0887
G01 X63.2714Y83.0672
G01 X63.3196Y82.9874
G01 X63.3335Y82.9673
G01 X63.3803Y82.9042
G01 X63.4052Y82.8739
G01 X63.4613Y82.8121
G01 X63.4857Y82.7879
G01 X63.5439Y82.7352
G01 X63.5626Y82.7193
G01 X63.6373Y82.6635
G01 X63.6657Y82.6443
G01 X63.7372Y82.6014
G01 X63.7587Y82.5894
G01 X63.8428Y82.5493
G01 X63.8653Y82.5395
G01 X63.9530Y82.5078
G01 X63.9764Y82.5003
G01 X64.0811Y82.4741
G01 X64.1052Y82.4697
G01 X64.1975Y82.4563
G01 X64.2220Y82.4543
G01 X64.3151Y82.4501
G01 X64.3396Y82.4505
G01 X64.4327Y82.4554
G01 X64.4571Y82.4582
G01 X64.5348Y82.4697
G01 X64.5733Y82.4774
G01 X64.6636Y82.5003
G01 X64.6870Y82.5078
G01 X64.7609Y82.5343
G01 X64.7972Y82.5493
G01 X64.8681Y82.5829
G01 X64.8900Y82.5941
G01 X64.9743Y82.6443
G01 X64.9988Y82.6607
G01 X65.0658Y82.7103
G01 X65.0925Y82.7320
G01 X65.1650Y82.7980
G01 X65.1821Y82.8157
G01 X65.2348Y82.8739
G01 X65.2597Y82.9042
G01 X65.3065Y82.9673
G01 X65.3204Y82.9874
G01 X65.3686Y83.0672
G01 X65.3871Y83.1019
G01 X65.4207Y83.1728
G01 X65.4305Y83.1953
G01 X65.4638Y83.2877
G01 X65.4723Y83.3158
G01 X65.4926Y83.3967
G01 X65.5003Y83.4352
G01 X65.5118Y83.5129
G01 X65.5146Y83.5373
G01 X65.5198Y83.6377
G01 X65.5199Y84.3574
G01 X65.5146Y84.4627
G01 X65.5118Y84.4871
G01 X65.4995Y84.5696
G01 X65.4938Y84.5985
G01 X65.4736Y84.6794
G01 X65.4622Y84.7170
G01 X65.4357Y84.7909
G01 X65.4267Y84.8137
G01 X65.3871Y84.8981
G01 X65.3759Y84.9200
G01 X65.3204Y85.0126
G01 X65.3065Y85.0327
G01 X65.2567Y85.0997
G01 X65.2348Y85.1261
G01 X65.1787Y85.1879
G01 X65.1650Y85.2020
G01 X65.1394Y85.2256
G01 X65.1687Y85.2433
G01 X65.1932Y85.2597
G01 X65.2995Y85.3388
G01 X65.3182Y85.3547
G01 X65.4054Y85.4338
G01 X65.4296Y85.4582
G01 X65.5150Y85.5529
G01 X65.5302Y85.5722
G01 X65.5900Y85.6527
G01 X65.6498Y85.5722
G01 X65.6650Y85.5529
G01 X65.7504Y85.4582
G01 X65.7746Y85.4338
G01 X65.8618Y85.3547
G01 X65.8805Y85.3388
G01 X65.9868Y85.2597
G01 X66.0113Y85.2433
G01 X66.0406Y85.2256
G01 X66.0150Y85.2020
G01 X66.0013Y85.1879
G01 X65.9452Y85.1261
G01 X65.9233Y85.0997
G01 X65.8735Y85.0327
G01 X65.8596Y85.0126
G01 X65.8041Y84.9200
G01 X65.7929Y84.8981
G01 X65.7533Y84.8137
G01 X65.7443Y84.7909
G01 X65.7178Y84.7170
G01 X65.7064Y84.6794
G01 X65.6862Y84.5985
G01 X65.6805Y84.5696
G01 X65.6682Y84.4871
G01 X65.6654Y84.4627
G01 X65.6601Y84.3574
G01 X65.6602Y83.6377
G01 X65.6654Y83.5373
G01 X65.6682Y83.5129
G01 X65.6797Y83.4352
G01 X65.6874Y83.3967
G01 X65.7064Y83.3206
G01 X65.7132Y83.2970
G01 X65.7443Y83.2091
G01 X65.7593Y83.1728
G01 X65.7929Y83.1019
G01 X65.8041Y83.0800
G01 X65.8517Y82.9999
G01 X65.8735Y82.9673
G01 X65.9203Y82.9042
G01 X65.9355Y82.8850
G01 X65.9979Y82.8157
G01 X66.0257Y82.7879
G01 X66.0950Y82.7255
G01 X66.1142Y82.7103
G01 X66.1773Y82.6635
G01 X66.2099Y82.6417
G01 X66.2772Y82.6014
G01 X66.2987Y82.5894
G01 X66.3873Y82.5473
G01 X66.4191Y82.5343
G01 X66.4930Y82.5078
G01 X66.5164Y82.5003
G01 X66.6115Y82.4762
G01 X66.6452Y82.4697
G01 X66.7375Y82.4563
G01 X66.7620Y82.4543
G01 X66.8551Y82.4501
G01 X66.8796Y82.4505
G01 X66.9727Y82.4554
G01 X66.9971Y82.4582
G01 X67.0748Y82.4697
G01 X67.1133Y82.4774
G01 X67.1942Y82.4977
G01 X67.2270Y82.5078
G01 X67.3009Y82.5343
G01 X67.3237Y82.5433
G01 X67.4081Y82.5829
G01 X67.4428Y82.6014
G01 X67.5101Y82.6417
G01 X67.5307Y82.6550
G01 X67.6058Y82.7103
G01 X67.6250Y82.7255
G01 X67.6943Y82.7879
G01 X67.7120Y82.8050
G01 X67.7748Y82.8739
G01 X67.7907Y82.8926
G01 X67.8465Y82.9673
G01 X67.8604Y82.9874
G01 X67.9086Y83.0672
G01 X67.9206Y83.0887
G01 X67.9607Y83.1728
G01 X67.9705Y83.1953
G01 X68.0022Y83.2830
G01 X68.0116Y83.3134
G01 X68.0263Y83.2825
G01 X68.0402Y83.2565
G01 X68.1086Y83.1430
G01 X68.1225Y83.1228
G01 X68.1898Y83.0322
G01 X68.2114Y83.0055
G01 X68.3006Y82.9075
G01 X68.3182Y82.8904
G01 X68.4018Y82.8147
G01 X68.4322Y82.7898
G01 X68.5348Y82.7140
G01 X68.5555Y82.7007
G01 X68.6523Y82.6427
G01 X68.6737Y82.6308
G01 X68.7889Y82.5759
G01 X68.8252Y82.5609
G01 X68.9314Y82.5229
G01 X68.9548Y82.5154
G01 X69.0785Y82.4841
G01 X69.1170Y82.4764
G01 X69.2286Y82.4599
G01 X69.2530Y82.4570
G01 X69.3804Y82.4505
G01 X69.4196Y82.4505
G01 X69.5470Y82.4570
G01 X69.5714Y82.4599
G01 X69.6830Y82.4764
G01 X69.7215Y82.4841
G01 X69.8452Y82.5154
G01 X69.8686Y82.5229
G01 X69.9748Y82.5609
G01 X70.0111Y82.5759
G01 X70.1131Y82.6242
G01 X70.1350Y82.6354
G01 X70.2445Y82.7007
G01 X70.2772Y82.7225
G01 X70.3795Y82.7988
G01 X70.3982Y82.8147
G01 X70.4818Y82.8904
G01 X70.5096Y82.9182
G01 X70.5950Y83.0129
G01 X70.6102Y83.0322
G01 X70.6700Y83.1127
G01 X70.7298Y83.0322
G01 X70.7450Y83.0129
G01 X70.8304Y82.9182
G01 X70.8475Y82.9006
G01 X70.9418Y82.8147
G01 X70.9605Y82.7988
G01 X71.0628Y82.7225
G01 X71.0830Y82.7085
G01 X71.1923Y82.6427
G01 X71.2137Y82.6308
G01 X71.3289Y82.5759
G01 X71.3514Y82.5662
G01 X71.4714Y82.5229
G01 X71.4948Y82.5154
G01 X71.6185Y82.4841
G01 X71.6521Y82.4772
G01 X71.7832Y82.4580
G01 X71.8077Y82.4560
G01 X71.9204Y82.4505
G01 X71.9596Y82.4505
G01 X72.0723Y82.4560
G01 X72.0968Y82.4580
G01 X72.2376Y82.4789
G01 X72.2615Y82.4841
G01 X72.3710Y82.5115
G01 X72.4086Y82.5229
G01 X72.5286Y82.5662
G01 X72.5511Y82.5759
G01 X72.6531Y82.6242
G01 X72.6877Y82.6427
G01 X72.7845Y82.7007
G01 X72.8052Y82.7140
G01 X72.9195Y82.7988
G01 X72.9382Y82.8147
G01 X73.0218Y82.8904
G01 X73.0496Y82.9182
G01 X73.1350Y83.0129
G01 X73.1502Y83.0322
G01 X73.2100Y83.1127
G01 X73.2698Y83.0322
G01 X73.2850Y83.0129
G01 X73.3704Y82.9182
G01 X73.3982Y82.8904
G01 X73.4818Y82.8147
G01 X73.5005Y82.7988
G01 X73.6028Y82.7225
G01 X73.6355Y82.7007
G01 X73.7450Y82.6354
G01 X73.7669Y82.6242
G01 X73.8689Y82.5759
G01 X73.9052Y82.5609
G01 X74.0114Y82.5229
G01 X74.0348Y82.5154
G01 X74.1585Y82.4841
G01 X74.1970Y82.4764
G01 X74.3086Y82.4599
G01 X74.3330Y82.4570
G01 X74.4604Y82.4505
G01 X74.4996Y82.4505
G01 X74.6123Y82.4560
G01 X74.6368Y82.4580
G01 X74.7630Y82.4764
G01 X74.7872Y82.4808
G01 X74.9110Y82.5115
G01 X74.9346Y82.5182
G01 X75.0548Y82.5609
G01 X75.0777Y82.5699
G01 X75.1931Y82.6242
G01 X75.2277Y82.6427
G01 X75.3245Y82.7007
G01 X75.3452Y82.7140
G01 X75.4478Y82.7898
G01 X75.4782Y82.8147
G01 X75.5654Y82.8938
G01 X75.5896Y82.9182
G01 X75.6750Y83.0129
G01 X75.6902Y83.0322
G01 X75.7500Y83.1127
G01 X75.8098Y83.0322
G01 X75.8250Y83.0129
G01 X75.9104Y82.9182
G01 X75.9382Y82.8904
G01 X76.0218Y82.8147
G01 X76.0405Y82.7988
G01 X76.1428Y82.7225
G01 X76.1755Y82.7007
G01 X76.2850Y82.6354
G01 X76.3069Y82.6242
G01 X76.4089Y82.5759
G01 X76.4452Y82.5609
G01 X76.5514Y82.5229
G01 X76.5748Y82.5154
G01 X76.6985Y82.4841
G01 X76.7370Y82.4764
G01 X76.8486Y82.4599
G01 X76.8730Y82.4570
G01 X77.0004Y82.4505
G01 X77.0396Y82.4505
G01 X77.1572Y82.4563
G01 X77.1914Y82.4599
G01 X77.3030Y82.4764
G01 X77.3272Y82.4808
G01 X77.4510Y82.5115
G01 X77.4886Y82.5229
G01 X77.6086Y82.5662
G01 X77.6311Y82.5759
G01 X77.7331Y82.6242
G01 X77.7677Y82.6427
G01 X77.8645Y82.7007
G01 X77.8852Y82.7140
G01 X77.9878Y82.7898
G01 X78.0182Y82.8147
G01 X78.1018Y82.8904
G01 X78.1194Y82.9075
G01 X78.2086Y83.0055
G01 X78.2302Y83.0322
G01 X78.2975Y83.1228
G01 X78.3115Y83.1430
G01 X78.3798Y83.2565
G01 X78.3937Y83.2825
G01 X78.4084Y83.3134
G01 X78.4178Y83.2830
G01 X78.4495Y83.1953
G01 X78.4593Y83.1728
G01 X78.4929Y83.1019
G01 X78.5089Y83.0715
G01 X78.5517Y82.9999
G01 X78.5735Y82.9673
G01 X78.6203Y82.9042
G01 X78.6355Y82.8850
G01 X78.6979Y82.8157
G01 X78.7150Y82.7980
G01 X78.7950Y82.7255
G01 X78.8142Y82.7103
G01 X78.8893Y82.6550
G01 X78.9099Y82.6417
G01 X78.9900Y82.5941
G01 X79.0119Y82.5829
G01 X79.0828Y82.5493
G01 X79.1191Y82.5343
G01 X79.1977Y82.5062
G01 X79.2306Y82.4964
G01 X79.3067Y82.4774
G01 X79.3307Y82.4722
G01 X79.4229Y82.4582
G01 X79.4473Y82.4554
G01 X79.5551Y82.4501
G01 X79.5796Y82.4505
G01 X79.6629Y82.4546
G01 X79.6922Y82.4575
G01 X79.7748Y82.4697
G01 X79.8133Y82.4774
G01 X79.8894Y82.4964
G01 X79.9130Y82.5032
G01 X80.0147Y82.5395
G01 X80.0372Y82.5493
G01 X80.1081Y82.5829
G01 X80.1428Y82.6014
G01 X80.2226Y82.6496
G01 X80.2427Y82.6635
G01 X80.3058Y82.7103
G01 X80.3361Y82.7352
G01 X80.3943Y82.7879
G01 X80.4120Y82.8050
G01 X80.4748Y82.8739
G01 X80.4997Y82.9042
G01 X80.5465Y82.9673
G01 X80.5604Y82.9874
G01 X80.6111Y83.0715
G01 X80.6250Y83.0974
G01 X80.6607Y83.1728
G01 X80.6757Y83.2091
G01 X80.7022Y83.2830
G01 X80.7097Y83.3064
G01 X80.7338Y83.4015
G01 X80.7395Y83.4304
G01 X80.7518Y83.5129
G01 X80.7557Y83.5520
G01 X80.7600Y83.6500
G01 X80.7600Y84.3500
G01 X80.7557Y84.4480
G01 X80.7518Y84.4871
G01 X80.7403Y84.5648
G01 X80.7359Y84.5889
G01 X80.7136Y84.6794
G01 X80.7068Y84.7030
G01 X80.6705Y84.8047
G01 X80.6607Y84.8272
G01 X80.6206Y84.9113
G01 X80.6086Y84.9328
G01 X80.5604Y85.0126
G01 X80.5465Y85.0327
G01 X80.4967Y85.0997
G01 X80.4748Y85.1261
G01 X80.4187Y85.1879
G01 X80.4050Y85.2020
G01 X80.3794Y85.2256
G01 X80.4087Y85.2433
G01 X80.4332Y85.2597
G01 X80.5395Y85.3388
G01 X80.5582Y85.3547
G01 X80.6454Y85.4338
G01 X80.6696Y85.4582
G01 X80.7550Y85.5529
G01 X80.7702Y85.5722
G01 X80.8300Y85.6527
G01 X80.8898Y85.5722
G01 X80.9050Y85.5529
G01 X80.9904Y85.4582
G01 X81.0146Y85.4338
G01 X81.1018Y85.3547
G01 X81.1205Y85.3388
G01 X81.2268Y85.2597
G01 X81.2513Y85.2433
G01 X81.2806Y85.2256
G01 X81.2550Y85.2020
G01 X81.2413Y85.1879
G01 X81.1852Y85.1261
G01 X81.1633Y85.0997
G01 X81.1135Y85.0327
G01 X81.0996Y85.0126
G01 X81.0514Y84.9328
G01 X81.0394Y84.9113
G01 X80.9993Y84.8272
G01 X80.9895Y84.8047
G01 X80.9532Y84.7030
G01 X80.9464Y84.6794
G01 X80.9241Y84.5889
G01 X80.9197Y84.5648
G01 X80.9082Y84.4871
G01 X80.9043Y84.4480
G01 X80.9000Y84.3500
G01 X80.9000Y83.6500
G01 X80.9046Y83.5471
G01 X80.9075Y83.5178
G01 X80.9197Y83.4352
G01 X80.9274Y83.3967
G01 X80.9464Y83.3206
G01 X80.9532Y83.2970
G01 X80.9843Y83.2091
G01 X80.9933Y83.1863
G01 X81.0394Y83.0887
G01 X81.0514Y83.0672
G01 X81.0917Y82.9999
G01 X81.1135Y82.9673
G01 X81.1603Y82.9042
G01 X81.1755Y82.8850
G01 X81.2480Y82.8050
G01 X81.2657Y82.7879
G01 X81.3239Y82.7352
G01 X81.3542Y82.7103
G01 X81.4212Y82.6607
G01 X81.4499Y82.6417
G01 X81.5172Y82.6014
G01 X81.5387Y82.5894
G01 X81.6228Y82.5493
G01 X81.6453Y82.5395
G01 X81.7470Y82.5032
G01 X81.7706Y82.4964
G01 X81.8467Y82.4774
G01 X81.8852Y82.4697
G01 X81.9678Y82.4575
G01 X81.9971Y82.4546
G01 X82.0951Y82.4501
G01 X82.1196Y82.4505
G01 X82.1980Y82.4543
G01 X82.2322Y82.4575
G01 X82.3148Y82.4697
G01 X82.3533Y82.4774
G01 X82.4294Y82.4964
G01 X82.4530Y82.5032
G01 X82.5547Y82.5395
G01 X82.5772Y82.5493
G01 X82.6481Y82.5829
G01 X82.6828Y82.6014
G01 X82.7626Y82.6496
G01 X82.7827Y82.6635
G01 X82.8458Y82.7103
G01 X82.8761Y82.7352
G01 X82.9343Y82.7879
G01 X82.9520Y82.8050
G01 X83.0148Y82.8739
G01 X83.0397Y82.9042
G01 X83.0865Y82.9673
G01 X83.1004Y82.9874
G01 X83.1511Y83.0715
G01 X83.1650Y83.0974
G01 X83.2007Y83.1728
G01 X83.2157Y83.2091
G01 X83.2422Y83.2830
G01 X83.2497Y83.3064
G01 X83.2738Y83.4015
G01 X83.2795Y83.4304
G01 X83.2918Y83.5129
G01 X83.2957Y83.5520
G01 X83.3000Y83.6500
G01 X83.3000Y84.3500
G01 X83.2957Y84.4480
G01 X83.2918Y84.4871
G01 X83.2803Y84.5648
G01 X83.2759Y84.5889
G01 X83.2536Y84.6794
G01 X83.2468Y84.7030
G01 X83.2105Y84.8047
G01 X83.2007Y84.8272
G01 X83.1606Y84.9113
G01 X83.1486Y84.9328
G01 X83.1004Y85.0126
G01 X83.0865Y85.0327
G01 X83.0367Y85.0997
G01 X83.0148Y85.1261
G01 X82.9587Y85.1879
G01 X82.9450Y85.2020
G01 X82.9194Y85.2256
G01 X82.9487Y85.2433
G01 X82.9732Y85.2597
G01 X83.0795Y85.3388
G01 X83.0982Y85.3547
G01 X83.1854Y85.4338
G01 X83.2096Y85.4582
G01 X83.2950Y85.5529
G01 X83.3102Y85.5722
G01 X83.3700Y85.6527
G01 X83.4298Y85.5722
G01 X83.4450Y85.5529
G01 X83.5304Y85.4582
G01 X83.5546Y85.4338
G01 X83.6418Y85.3547
G01 X83.6605Y85.3388
G01 X83.7668Y85.2597
G01 X83.7913Y85.2433
G01 X83.8206Y85.2256
G01 X83.7950Y85.2020
G01 X83.7813Y85.1879
G01 X83.7252Y85.1261
G01 X83.7033Y85.0997
G01 X83.6535Y85.0327
G01 X83.6396Y85.0126
G01 X83.5914Y84.9328
G01 X83.5794Y84.9113
G01 X83.5393Y84.8272
G01 X83.5295Y84.8047
G01 X83.4932Y84.7030
G01 X83.4864Y84.6794
G01 X83.4641Y84.5889
G01 X83.4597Y84.5648
G01 X83.4482Y84.4871
G01 X83.4443Y84.4480
G01 X83.4400Y84.3500
G01 X83.4400Y83.6500
G01 X83.4446Y83.5471
G01 X83.4475Y83.5178
G01 X83.4597Y83.4352
G01 X83.4674Y83.3967
G01 X83.4864Y83.3206
G01 X83.4932Y83.2970
G01 X83.5243Y83.2091
G01 X83.5333Y83.1863
G01 X83.5794Y83.0887
G01 X83.5914Y83.0672
G01 X83.6317Y82.9999
G01 X83.6535Y82.9673
G01 X83.7003Y82.9042
G01 X83.7155Y82.8850
G01 X83.7880Y82.8050
G01 X83.8057Y82.7879
G01 X83.8639Y82.7352
G01 X83.8942Y82.7103
G01 X83.9612Y82.6607
G01 X83.9899Y82.6417
G01 X84.0572Y82.6014
G01 X84.0787Y82.5894
G01 X84.1628Y82.5493
G01 X84.1853Y82.5395
G01 X84.2870Y82.5032
G01 X84.3106Y82.4964
G01 X84.3867Y82.4774
G01 X84.4252Y82.4697
G01 X84.5078Y82.4575
G01 X84.5371Y82.4546
G01 X84.6351Y82.4501
G01 X84.6596Y82.4505
G01 X84.7380Y82.4543
G01 X84.7771Y82.4582
G01 X84.8596Y82.4705
G01 X84.8885Y82.4762
G01 X84.9836Y82.5003
G01 X85.0070Y82.5078
G01 X85.0809Y82.5343
G01 X85.1172Y82.5493
G01 X85.1881Y82.5829
G01 X85.2100Y82.5941
G01 X85.2901Y82.6417
G01 X85.3227Y82.6635
G01 X85.3974Y82.7193
G01 X85.4161Y82.7352
G01 X85.4743Y82.7879
G01 X85.5021Y82.8157
G01 X85.5548Y82.8739
G01 X85.5707Y82.8926
G01 X85.6350Y82.9793
G01 X85.6483Y82.9999
G01 X85.6886Y83.0672
G01 X85.7050Y83.0975
G01 X85.7407Y83.1728
G01 X85.7557Y83.2091
G01 X85.7822Y83.2830
G01 X85.7897Y83.3064
G01 X85.8138Y83.4015
G01 X85.8195Y83.4304
G01 X85.8318Y83.5129
G01 X85.8357Y83.5520
G01 X85.8400Y83.6500
G01 X85.8400Y84.3500
G01 X85.8357Y84.4480
G01 X85.8318Y84.4871
G01 X85.8203Y84.5648
G01 X85.8159Y84.5889
G01 X85.7936Y84.6794
G01 X85.7868Y84.7030
G01 X85.7557Y84.7909
G01 X85.7467Y84.8137
G01 X85.7006Y84.9113
G01 X85.6886Y84.9328
G01 X85.6404Y85.0126
G01 X85.6265Y85.0327
G01 X85.5767Y85.0997
G01 X85.5548Y85.1261
G01 X85.4987Y85.1879
G01 X85.4850Y85.2020
G01 X85.4594Y85.2256
G01 X85.4887Y85.2433
G01 X85.5132Y85.2597
G01 X85.6195Y85.3388
G01 X85.6382Y85.3547
G01 X85.7254Y85.4338
G01 X85.7496Y85.4582
G01 X85.8350Y85.5529
G01 X85.8502Y85.5722
G01 X85.9100Y85.6527
G01 X85.9698Y85.5722
G01 X85.9850Y85.5529
G01 X86.0704Y85.4582
G01 X86.0946Y85.4338
G01 X86.1818Y85.3547
G01 X86.2005Y85.3388
G01 X86.3068Y85.2597
G01 X86.3313Y85.2433
G01 X86.3606Y85.2256
G01 X86.3350Y85.2020
G01 X86.3213Y85.1879
G01 X86.2652Y85.1261
G01 X86.2433Y85.0997
G01 X86.1935Y85.0327
G01 X86.1796Y85.0126
G01 X86.1241Y84.9200
G01 X86.1129Y84.8981
G01 X86.0733Y84.8137
G01 X86.0643Y84.7909
G01 X86.0378Y84.7170
G01 X86.0264Y84.6794
G01 X86.0074Y84.6033
G01 X86.0022Y84.5793
G01 X85.9863Y84.4725
G01 X85.9843Y84.4480
G01 X85.9801Y84.3574
G01 X85.9801Y83.6426
G01 X85.9846Y83.5471
G01 X85.9882Y83.5129
G01 X85.9997Y83.4352
G01 X86.0041Y83.4111
G01 X86.0277Y83.3158
G01 X86.0378Y83.2830
G01 X86.0643Y83.2091
G01 X86.0733Y83.1863
G01 X86.1129Y83.1019
G01 X86.1289Y83.0715
G01 X86.1743Y82.9957
G01 X86.1935Y82.9673
G01 X86.2403Y82.9042
G01 X86.2555Y82.8850
G01 X86.3179Y82.8157
G01 X86.3457Y82.7879
G01 X86.4150Y82.7256
G01 X86.4342Y82.7103
G01 X86.5093Y82.6550
G01 X86.5299Y82.6417
G01 X86.5972Y82.6014
G01 X86.6187Y82.5894
G01 X86.7073Y82.5473
G01 X86.7391Y82.5343
G01 X86.8130Y82.5078
G01 X86.8364Y82.5003
G01 X86.9267Y82.4774
G01 X86.9652Y82.4697
G01 X87.0575Y82.4563
G01 X87.0820Y82.4543
G01 X87.1604Y82.4505
G01 X87.1947Y82.4503
G01 X87.2780Y82.4543
G01 X87.3171Y82.4582
G01 X87.4093Y82.4722
G01 X87.4333Y82.4774
G01 X87.5236Y82.5003
G01 X87.5470Y82.5078
G01 X87.6347Y82.5395
G01 X87.6572Y82.5493
G01 X87.7326Y82.5850
G01 X87.7628Y82.6014
G01 X87.8426Y82.6496
G01 X87.8627Y82.6635
G01 X87.9374Y82.7193
G01 X87.9561Y82.7352
G01 X88.0250Y82.7980
G01 X88.0421Y82.8157
G01 X88.1045Y82.8850
G01 X88.1197Y82.9042
G01 X88.1750Y82.9793
G01 X88.1883Y82.9999
G01 X88.2286Y83.0672
G01 X88.2406Y83.0887
G01 X88.2807Y83.1728
G01 X88.2905Y83.1953
G01 X88.3222Y83.2830
G01 X88.3316Y83.3134
G01 X88.3463Y83.2825
G01 X88.3602Y83.2565
G01 X88.4285Y83.1430
G01 X88.4425Y83.1228
G01 X88.5188Y83.0205
G01 X88.5347Y83.0018
G01 X88.6104Y82.9182
G01 X88.6275Y82.9006
G01 X88.7218Y82.8147
G01 X88.7483Y82.7927
G01 X88.8428Y82.7225
G01 X88.8755Y82.7007
G01 X88.9850Y82.6354
G01 X89.0069Y82.6242
G01 X89.1089Y82.5759
G01 X89.1452Y82.5609
G01 X89.2654Y82.5182
G01 X89.2890Y82.5115
G01 X89.4128Y82.4808
G01 X89.4370Y82.4764
G01 X89.5486Y82.4599
G01 X89.5877Y82.4560
G01 X89.7004Y82.4505
G01 X89.7249Y82.4501
G01 X89.8670Y82.4570
G01 X89.8914Y82.4599
G01 X90.0030Y82.4764
G01 X90.0415Y82.4841
G01 X90.1510Y82.5115
G01 X90.1746Y82.5182
G01 X90.3086Y82.5662
G01 X90.3311Y82.5759
G01 X90.4331Y82.6242
G01 X90.4677Y82.6427
G01 X90.5645Y82.7007
G01 X90.5852Y82.7140
G01 X90.6995Y82.7988
G01 X90.7182Y82.8147
G01 X90.8018Y82.8904
G01 X90.8296Y82.9182
G01 X90.9150Y83.0129
G01 X90.9302Y83.0322
G01 X90.9900Y83.1127
G01 X91.0498Y83.0322
G01 X91.0650Y83.0129
G01 X91.1504Y82.9182
G01 X91.1782Y82.8904
G01 X91.2618Y82.8147
G01 X91.2805Y82.7988
G01 X91.3828Y82.7225
G01 X91.4155Y82.7007
G01 X91.5250Y82.6354
G01 X91.5469Y82.6242
G01 X91.6489Y82.5759
G01 X91.6852Y82.5609
G01 X91.7914Y82.5229
G01 X91.8148Y82.5154
G01 X91.9385Y82.4841
G01 X91.9770Y82.4764
G01 X92.1032Y82.4580
G01 X92.1277Y82.4560
G01 X92.2404Y82.4505
G01 X92.2796Y82.4505
G01 X92.3923Y82.4560
G01 X92.4168Y82.4580
G01 X92.5430Y82.4764
G01 X92.5815Y82.4841
G01 X92.7052Y82.5154
G01 X92.7286Y82.5229
G01 X92.8348Y82.5609
G01 X92.8711Y82.5759
G01 X92.9863Y82.6308
G01 X93.0077Y82.6427
G01 X93.1045Y82.7007
G01 X93.1252Y82.7140
G01 X93.2278Y82.7898
G01 X93.2582Y82.8147
G01 X93.3418Y82.8904
G01 X93.3594Y82.9075
G01 X93.4486Y83.0055
G01 X93.4702Y83.0322
G01 X93.5375Y83.1228
G01 X93.5515Y83.1430
G01 X93.6198Y83.2565
G01 X93.6337Y83.2825
G01 X93.6484Y83.3134
G01 X93.6578Y83.2830
G01 X93.6895Y83.1953
G01 X93.6993Y83.1728
G01 X93.7329Y83.1019
G01 X93.7514Y83.0672
G01 X93.7943Y82.9957
G01 X93.8107Y82.9712
G01 X93.8603Y82.9042
G01 X93.8755Y82.8850
G01 X93.9480Y82.8050
G01 X93.9657Y82.7879
G01 X94.0350Y82.7256
G01 X94.0542Y82.7103
G01 X94.1173Y82.6635
G01 X94.1457Y82.6443
G01 X94.2172Y82.6014
G01 X94.2519Y82.5829
G01 X94.3228Y82.5493
G01 X94.3453Y82.5395
G01 X94.4330Y82.5078
G01 X94.4564Y82.5003
G01 X94.5611Y82.4741
G01 X94.5852Y82.4697
G01 X94.6629Y82.4582
G01 X94.7020Y82.4543
G01 X94.7853Y82.4503
G01 X94.8196Y82.4505
G01 X94.8980Y82.4543
G01 X94.9225Y82.4563
G01 X95.0148Y82.4697
G01 X95.0533Y82.4774
G01 X95.1294Y82.4964
G01 X95.1530Y82.5032
G01 X95.2547Y82.5395
G01 X95.2772Y82.5493
G01 X95.3481Y82.5829
G01 X95.3828Y82.6014
G01 X95.4501Y82.6417
G01 X95.4707Y82.6550
G01 X95.5574Y82.7193
G01 X95.5761Y82.7352
G01 X95.6343Y82.7879
G01 X95.6621Y82.8157
G01 X95.7148Y82.8739
G01 X95.7307Y82.8926
G01 X95.7950Y82.9793
G01 X95.8083Y82.9999
G01 X95.8486Y83.0672
G01 X95.8671Y83.1019
G01 X95.9007Y83.1728
G01 X95.9105Y83.1953
G01 X95.9468Y83.2970
G01 X95.9536Y83.3206
G01 X95.9726Y83.3967
G01 X95.9803Y83.4352
G01 X95.9925Y83.5178
G01 X95.9954Y83.5471
G01 X96.0000Y83.6500
G01 X96.0000Y84.3500
G01 X95.9957Y84.4480
G01 X95.9918Y84.4871
G01 X95.9803Y84.5648
G01 X95.9759Y84.5889
G01 X95.9536Y84.6794
G01 X95.9468Y84.7030
G01 X95.9105Y84.8047
G01 X95.9007Y84.8272
G01 X95.8606Y84.9113
G01 X95.8486Y84.9328
G01 X95.8004Y85.0126
G01 X95.7865Y85.0327
G01 X95.7367Y85.0997
G01 X95.7148Y85.1261
G01 X95.6587Y85.1879
G01 X95.6450Y85.2020
G01 X95.6194Y85.2256
G01 X95.6487Y85.2433
G01 X95.6732Y85.2597
G01 X95.7795Y85.3388
G01 X95.7982Y85.3547
G01 X95.8854Y85.4338
G01 X95.9096Y85.4582
G01 X95.9950Y85.5529
G01 X96.0102Y85.5722
G01 X96.0700Y85.6527
G01 X96.1298Y85.5722
G01 X96.1450Y85.5529
G01 X96.2304Y85.4582
G01 X96.2546Y85.4338
G01 X96.3418Y85.3547
G01 X96.3605Y85.3388
G01 X96.4668Y85.2597
G01 X96.4913Y85.2433
G01 X96.5206Y85.2256
G01 X96.4950Y85.2020
G01 X96.4813Y85.1879
G01 X96.4252Y85.1261
G01 X96.4033Y85.0997
G01 X96.3535Y85.0327
G01 X96.3396Y85.0126
G01 X96.2914Y84.9328
G01 X96.2794Y84.9113
G01 X96.2393Y84.8272
G01 X96.2295Y84.8047
G01 X96.1932Y84.7030
G01 X96.1864Y84.6794
G01 X96.1641Y84.5889
G01 X96.1597Y84.5648
G01 X96.1482Y84.4871
G01 X96.1443Y84.4480
G01 X96.1400Y84.3500
G01 X96.1400Y83.6500
G01 X96.1446Y83.5471
G01 X96.1475Y83.5178
G01 X96.1597Y83.4352
G01 X96.1674Y83.3967
G01 X96.1864Y83.3206
G01 X96.1932Y83.2970
G01 X96.2295Y83.1953
G01 X96.2393Y83.1728
G01 X96.2794Y83.0887
G01 X96.2914Y83.0672
G01 X96.3317Y82.9999
G01 X96.3535Y82.9673
G01 X96.4003Y82.9042
G01 X96.4155Y82.8850
G01 X96.4880Y82.8050
G01 X96.5057Y82.7879
G01 X96.5639Y82.7352
G01 X96.5942Y82.7103
G01 X96.6573Y82.6635
G01 X96.6774Y82.6496
G01 X96.7700Y82.5941
G01 X96.7919Y82.5829
G01 X96.8628Y82.5493
G01 X96.8991Y82.5343
G01 X96.9730Y82.5078
G01 X96.9964Y82.5003
G01 X97.1011Y82.4741
G01 X97.1252Y82.4697
G01 X97.2029Y82.4582
G01 X97.2420Y82.4543
G01 X97.3253Y82.4503
G01 X97.3596Y82.4505
G01 X97.4380Y82.4543
G01 X97.4625Y82.4563
G01 X97.5548Y82.4697
G01 X97.5933Y82.4774
G01 X97.6694Y82.4964
G01 X97.6930Y82.5032
G01 X97.7947Y82.5395
G01 X97.8172Y82.5493
G01 X97.8881Y82.5829
G01 X97.9228Y82.6014
G01 X97.9901Y82.6417
G01 X98.0107Y82.6550
G01 X98.0974Y82.7193
G01 X98.1161Y82.7352
G01 X98.1743Y82.7879
G01 X98.2021Y82.8157
G01 X98.2548Y82.8739
G01 X98.2707Y82.8926
G01 X98.3350Y82.9793
G01 X98.3483Y82.9999
G01 X98.3886Y83.0672
G01 X98.4071Y83.1019
G01 X98.4407Y83.1728
G01 X98.4505Y83.1953
G01 X98.4868Y83.2970
G01 X98.4936Y83.3206
G01 X98.5126Y83.3967
G01 X98.5203Y83.4352
G01 X98.5325Y83.5178
G01 X98.5354Y83.5471
G01 X98.5400Y83.6500
G01 X98.5400Y84.3500
G01 X98.5357Y84.4480
G01 X98.5318Y84.4871
G01 X98.5203Y84.5648
G01 X98.5159Y84.5889
G01 X98.4936Y84.6794
G01 X98.4868Y84.7030
G01 X98.4505Y84.8047
G01 X98.4407Y84.8272
G01 X98.4006Y84.9113
G01 X98.3886Y84.9328
G01 X98.3404Y85.0126
G01 X98.3265Y85.0327
G01 X98.2767Y85.0997
G01 X98.2548Y85.1261
G01 X98.1987Y85.1879
G01 X98.1850Y85.2020
G01 X98.1594Y85.2256
G01 X98.1887Y85.2433
G01 X98.2132Y85.2597
G01 X98.3195Y85.3388
G01 X98.3382Y85.3547
G01 X98.4254Y85.4338
G01 X98.4496Y85.4582
G01 X98.5350Y85.5529
G01 X98.5502Y85.5722
G01 X98.6100Y85.6527
G01 X98.6698Y85.5722
G01 X98.6850Y85.5529
G01 X98.7704Y85.4582
G01 X98.7946Y85.4338
G01 X98.8818Y85.3547
G01 X98.9005Y85.3388
G01 X99.0068Y85.2597
G01 X99.0313Y85.2433
G01 X99.0606Y85.2256
G01 X99.0350Y85.2020
G01 X99.0213Y85.1879
G01 X98.9652Y85.1261
G01 X98.9433Y85.0997
G01 X98.8935Y85.0327
G01 X98.8796Y85.0126
G01 X98.8314Y84.9328
G01 X98.8194Y84.9113
G01 X98.7793Y84.8272
G01 X98.7695Y84.8047
G01 X98.7332Y84.7030
G01 X98.7264Y84.6794
G01 X98.7041Y84.5889
G01 X98.6997Y84.5648
G01 X98.6882Y84.4871
G01 X98.6843Y84.4480
G01 X98.6800Y84.3500
G01 X98.6800Y83.6500
G01 X98.6846Y83.5471
G01 X98.6875Y83.5178
G01 X98.6997Y83.4352
G01 X98.7074Y83.3967
G01 X98.7264Y83.3206
G01 X98.7332Y83.2970
G01 X98.7695Y83.1953
G01 X98.7793Y83.1728
G01 X98.8194Y83.0887
G01 X98.8314Y83.0672
G01 X98.8717Y82.9999
G01 X98.8935Y82.9673
G01 X98.9403Y82.9042
G01 X98.9555Y82.8850
G01 X99.0280Y82.8050
G01 X99.0457Y82.7879
G01 X99.1039Y82.7352
G01 X99.1342Y82.7103
G01 X99.1973Y82.6635
G01 X99.2174Y82.6496
G01 X99.3100Y82.5941
G01 X99.3319Y82.5829
G01 X99.4028Y82.5493
G01 X99.4391Y82.5343
G01 X99.5130Y82.5078
G01 X99.5364Y82.5003
G01 X99.6411Y82.4741
G01 X99.6652Y82.4697
G01 X99.7429Y82.4582
G01 X99.7820Y82.4543
G01 X99.8653Y82.4503
G01 X99.8947Y82.4503
G01 X99.9927Y82.4554
G01 X100.0171Y82.4582
G01 X100.0948Y82.4697
G01 X100.1333Y82.4774
G01 X100.2094Y82.4964
G01 X100.2330Y82.5032
G01 X100.3347Y82.5395
G01 X100.3572Y82.5493
G01 X100.4281Y82.5829
G01 X100.4628Y82.6014
G01 X100.5301Y82.6417
G01 X100.5507Y82.6550
G01 X100.6374Y82.7193
G01 X100.6561Y82.7352
G01 X100.7143Y82.7879
G01 X100.7421Y82.8157
G01 X100.7948Y82.8739
G01 X100.8107Y82.8926
G01 X100.8750Y82.9793
G01 X100.8883Y82.9999
G01 X100.9286Y83.0672
G01 X100.9471Y83.1019
G01 X100.9807Y83.1728
G01 X100.9905Y83.1953
G01 X101.0268Y83.2970
G01 X101.0336Y83.3206
G01 X101.0526Y83.3967
G01 X101.0603Y83.4352
G01 X101.0725Y83.5178
G01 X101.0754Y83.5471
G01 X101.0800Y83.6500
G01 X101.0800Y84.3500
G01 X101.0757Y84.4480
G01 X101.0718Y84.4871
G01 X101.0603Y84.5648
G01 X101.0559Y84.5889
G01 X101.0336Y84.6794
G01 X101.0268Y84.7030
G01 X100.9957Y84.7909
G01 X100.9867Y84.8137
G01 X100.9406Y84.9113
G01 X100.9286Y84.9328
G01 X100.8804Y85.0126
G01 X100.8665Y85.0327
G01 X100.8167Y85.0997
G01 X100.7948Y85.1261
G01 X100.7387Y85.1879
G01 X100.7250Y85.2020
G01 X100.6994Y85.2256
G01 X100.7287Y85.2433
G01 X100.7532Y85.2597
G01 X100.8595Y85.3388
G01 X100.8782Y85.3547
G01 X100.9654Y85.4338
G01 X100.9896Y85.4582
G01 X101.0750Y85.5529
G01 X101.0902Y85.5722
G01 X101.1500Y85.6527
G01 X101.2098Y85.5722
G01 X101.2250Y85.5529
G01 X101.3104Y85.4582
G01 X101.3346Y85.4338
G01 X101.4218Y85.3547
G01 X101.4405Y85.3388
G01 X101.5468Y85.2597
G01 X101.5713Y85.2433
G01 X101.6006Y85.2256
G01 X101.5750Y85.2020
G01 X101.5613Y85.1879
G01 X101.5052Y85.1261
G01 X101.4833Y85.0997
G01 X101.4335Y85.0327
G01 X101.4196Y85.0126
G01 X101.3689Y84.9285
G01 X101.3550Y84.9025
G01 X101.3193Y84.8272
G01 X101.3060Y84.7955
G01 X101.2732Y84.7030
G01 X101.2664Y84.6794
G01 X101.2474Y84.6033
G01 X101.2397Y84.5648
G01 X101.2263Y84.4725
G01 X101.2243Y84.4480
G01 X101.2202Y84.3623
G01 X101.2202Y83.6377
G01 X101.2243Y83.5520
G01 X101.2263Y83.5275
G01 X101.2397Y83.4352
G01 X101.2474Y83.3967
G01 X101.2677Y83.3158
G01 X101.2778Y83.2830
G01 X101.3043Y83.2091
G01 X101.3133Y83.1863
G01 X101.3529Y83.1019
G01 X101.3714Y83.0672
G01 X101.4196Y82.9874
G01 X101.4335Y82.9673
G01 X101.4893Y82.8926
G01 X101.5052Y82.8739
G01 X101.5680Y82.8050
G01 X101.5857Y82.7879
G01 X101.6439Y82.7352
G01 X101.6626Y82.7193
G01 X101.7373Y82.6635
G01 X101.7699Y82.6417
G01 X101.8500Y82.5941
G01 X101.8719Y82.5829
G01 X101.9428Y82.5493
G01 X101.9791Y82.5343
G01 X102.0670Y82.5032
G01 X102.0906Y82.4964
G01 X102.1667Y82.4774
G01 X102.1907Y82.4722
G01 X102.2829Y82.4582
G01 X102.3220Y82.4543
G01 X102.4004Y82.4505
G01 X102.4249Y82.4501
G01 X102.5180Y82.4543
G01 X102.5571Y82.4582
G01 X102.6493Y82.4722
G01 X102.6733Y82.4774
G01 X102.7494Y82.4964
G01 X102.7730Y82.5032
G01 X102.8609Y82.5343
G01 X102.8972Y82.5493
G01 X102.9681Y82.5829
G01 X102.9900Y82.5941
G01 X103.0701Y82.6417
G01 X103.1027Y82.6635
G01 X103.1774Y82.7193
G01 X103.1961Y82.7352
G01 X103.2543Y82.7879
G01 X103.2720Y82.8050
G01 X103.3348Y82.8739
G01 X103.3597Y82.9042
G01 X103.4150Y82.9793
G01 X103.4283Y82.9999
G01 X103.4686Y83.0672
G01 X103.4850Y83.0975
G01 X103.5267Y83.1863
G01 X103.5357Y83.2091
G01 X103.5622Y83.2830
G01 X103.5716Y83.3134
G01 X103.5863Y83.2825
G01 X103.6002Y83.2565
G01 X103.6607Y83.1555
G01 X103.6797Y83.1268
G01 X103.7498Y83.0322
G01 X103.7650Y83.0129
G01 X103.8606Y82.9075
G01 X103.8782Y82.8904
G01 X103.9618Y82.8147
G01 X103.9922Y82.7898
G01 X104.0828Y82.7225
G01 X104.1030Y82.7085
G01 X104.2250Y82.6354
G01 X104.2469Y82.6242
G01 X104.3489Y82.5759
G01 X104.3852Y82.5609
G01 X104.4914Y82.5229
G01 X104.5148Y82.5154
G01 X104.6528Y82.4808
G01 X104.6770Y82.4764
G01 X104.7886Y82.4599
G01 X104.8277Y82.4560
G01 X104.9404Y82.4505
G01 X104.9649Y82.4501
G01 X105.0923Y82.4560
G01 X105.1265Y82.4592
G01 X105.2430Y82.4764
G01 X105.2815Y82.4841
G01 X105.3910Y82.5115
G01 X105.4146Y82.5182
G01 X105.5486Y82.5662
G01 X105.5711Y82.5759
G01 X105.6731Y82.6242
G01 X105.7077Y82.6427
G01 X105.8045Y82.7007
G01 X105.8252Y82.7140
G01 X105.9395Y82.7988
G01 X105.9582Y82.8147
G01 X106.0418Y82.8904
G01 X106.0696Y82.9182
G01 X106.1453Y83.0018
G01 X106.1612Y83.0205
G01 X106.2460Y83.1348
G01 X106.2593Y83.1555
G01 X106.3173Y83.2523
G01 X106.3358Y83.2869
G01 X106.3841Y83.3889
G01 X106.3938Y83.4114
G01 X106.4387Y83.5361
G01 X106.4485Y83.5690
G01 X106.4759Y83.6785
G01 X106.4836Y83.7170
G01 X106.5001Y83.8286
G01 X106.5030Y83.8530
G01 X106.5095Y83.9804
G01 X106.5099Y84.0049
G01 X106.5030Y84.1470
G01 X106.5001Y84.1714
G01 X106.4836Y84.2830
G01 X106.4759Y84.3215
G01 X106.4485Y84.4310
G01 X106.4387Y84.4639
G01 X106.3938Y84.5886
G01 X106.3841Y84.6111
G01 X106.3358Y84.7131
G01 X106.3198Y84.7435
G01 X106.2593Y84.8445
G01 X106.2375Y84.8772
G01 X106.1702Y84.9678
G01 X106.1550Y84.9871
G01 X106.0594Y85.0925
G01 X106.0418Y85.1096
G01 X105.9471Y85.1950
G01 X105.9278Y85.2102
G01 X105.8473Y85.2700
G01 X105.9278Y85.3298
G01 X105.9471Y85.3450
G01 X106.0418Y85.4304
G01 X106.0696Y85.4582
G01 X106.1453Y85.5418
G01 X106.1612Y85.5605
G01 X106.2375Y85.6628
G01 X106.2593Y85.6955
G01 X106.3246Y85.8050
G01 X106.3358Y85.8269
G01 X106.3841Y85.9289
G01 X106.3991Y85.9652
G01 X106.4418Y86.0854
G01 X106.4485Y86.1090
G01 X106.4759Y86.2185
G01 X106.4828Y86.2521
G01 X106.5001Y86.3686
G01 X106.5040Y86.4077
G01 X106.5095Y86.5204
G01 X106.5099Y86.5449
G01 X106.5040Y86.6723
G01 X106.5001Y86.7114
G01 X106.4811Y86.8376
G01 X106.4759Y86.8615
G01 X106.4446Y86.9852
G01 X106.4371Y87.0086
G01 X106.3938Y87.1286
G01 X106.3841Y87.1511
G01 X106.3358Y87.2531
G01 X106.3173Y87.2877
G01 X106.2515Y87.3970
G01 X106.2375Y87.4172
G01 X106.1702Y87.5078
G01 X106.1453Y87.5382
G01 X106.0662Y87.6254
G01 X106.0418Y87.6496
G01 X105.9582Y87.7253
G01 X105.9395Y87.7412
G01 X105.8372Y87.8175
G01 X105.8170Y87.8315
G01 X105.7077Y87.8973
G01 X105.6863Y87.9092
G01 X105.5711Y87.9641
G01 X105.5486Y87.9738
G01 X105.4286Y88.0171
G01 X105.4052Y88.0246
G01 X105.2672Y88.0592
G01 X105.2430Y88.0636
G01 X105.1168Y88.0820
G01 X105.0923Y88.0840
G01 X104.9747Y88.0897
G01 X104.9404Y88.0895
G01 X104.8277Y88.0840
G01 X104.8032Y88.0820
G01 X104.6770Y88.0636
G01 X104.6385Y88.0559
G01 X104.5148Y88.0246
G01 X104.4914Y88.0171
G01 X104.3852Y87.9791
G01 X104.3489Y87.9641
G01 X104.2337Y87.9092
G01 X104.2123Y87.8973
G01 X104.1155Y87.8393
G01 X104.0948Y87.8260
G01 X103.9922Y87.7502
G01 X103.9618Y87.7253
G01 X103.8746Y87.6462
G01 X103.8504Y87.6218
G01 X103.7650Y87.5271
G01 X103.7498Y87.5078
G01 X103.6900Y87.4273
G01 X103.6302Y87.5078
G01 X103.6150Y87.5271
G01 X103.5296Y87.6218
G01 X103.5054Y87.6462
G01 X103.4182Y87.7253
G01 X103.3878Y87.7502
G01 X103.2852Y87.8260
G01 X103.2645Y87.8393
G01 X103.1677Y87.8973
G01 X103.1463Y87.9092
G01 X103.0311Y87.9641
G01 X102.9948Y87.9791
G01 X102.8886Y88.0171
G01 X102.8652Y88.0246
G01 X102.7415Y88.0559
G01 X102.7030Y88.0636
G01 X102.5768Y88.0820
G01 X102.5523Y88.0840
G01 X102.4249Y88.0899
G01 X102.4004Y88.0895
G01 X102.2877Y88.0840
G01 X102.2632Y88.0820
G01 X102.1370Y88.0636
G01 X102.0985Y88.0559
G01 X101.9748Y88.0246
G01 X101.9514Y88.0171
G01 X101.8452Y87.9791
G01 X101.8089Y87.9641
G01 X101.6937Y87.9092
G01 X101.6723Y87.8973
G01 X101.5755Y87.8393
G01 X101.5548Y87.8260
G01 X101.4522Y87.7502
G01 X101.4218Y87.7253
G01 X101.3346Y87.6462
G01 X101.3104Y87.6218
G01 X101.2250Y87.5271
G01 X101.2098Y87.5078
G01 X101.1500Y87.4273
G01 X101.0902Y87.5078
G01 X101.0750Y87.5271
G01 X100.9896Y87.6218
G01 X100.9654Y87.6462
G01 X100.8782Y87.7253
G01 X100.8478Y87.7502
G01 X100.7452Y87.8260
G01 X100.7245Y87.8393
G01 X100.6277Y87.8973
G01 X100.6063Y87.9092
G01 X100.4911Y87.9641
G01 X100.4548Y87.9791
G01 X100.3486Y88.0171
G01 X100.3252Y88.0246
G01 X100.2015Y88.0559
G01 X100.1630Y88.0636
G01 X100.0368Y88.0820
G01 X100.0123Y88.0840
G01 X99.8849Y88.0899
G01 X99.8604Y88.0895
G01 X99.7477Y88.0840
G01 X99.7232Y88.0820
G01 X99.5970Y88.0636
G01 X99.5585Y88.0559
G01 X99.4348Y88.0246
G01 X99.4114Y88.0171
G01 X99.3052Y87.9791
G01 X99.2689Y87.9641
G01 X99.1537Y87.9092
G01 X99.1323Y87.8973
G01 X99.0355Y87.8393
G01 X99.0148Y87.8260
G01 X98.9122Y87.7502
G01 X98.8818Y87.7253
G01 X98.7946Y87.6462
G01 X98.7704Y87.6218
G01 X98.6850Y87.5271
G01 X98.6698Y87.5078
G01 X98.6100Y87.4273
G01 X98.5502Y87.5078
G01 X98.5350Y87.5271
G01 X98.4496Y87.6218
G01 X98.4254Y87.6462
G01 X98.3382Y87.7253
G01 X98.3078Y87.7502
G01 X98.2052Y87.8260
G01 X98.1845Y87.8393
G01 X98.0877Y87.8973
G01 X98.0663Y87.9092
G01 X97.9511Y87.9641
G01 X97.9148Y87.9791
G01 X97.8086Y88.0171
G01 X97.7852Y88.0246
G01 X97.6615Y88.0559
G01 X97.6230Y88.0636
G01 X97.4968Y88.0820
G01 X97.4723Y88.0840
G01 X97.3449Y88.0899
G01 X97.3204Y88.0895
G01 X97.2077Y88.0840
G01 X97.1832Y88.0820
G01 X97.0570Y88.0636
G01 X97.0185Y88.0559
G01 X96.8948Y88.0246
G01 X96.8714Y88.0171
G01 X96.7652Y87.9791
G01 X96.7289Y87.9641
G01 X96.6137Y87.9092
G01 X96.5923Y87.8973
G01 X96.4955Y87.8393
G01 X96.4748Y87.8260
G01 X96.3722Y87.7502
G01 X96.3418Y87.7253
G01 X96.2546Y87.6462
G01 X96.2304Y87.6218
G01 X96.1450Y87.5271
G01 X96.1298Y87.5078
G01 X96.0700Y87.4273
G01 X96.0102Y87.5078
G01 X95.9950Y87.5271
G01 X95.9096Y87.6218
G01 X95.8854Y87.6462
G01 X95.7982Y87.7253
G01 X95.7678Y87.7502
G01 X95.6652Y87.8260
G01 X95.6445Y87.8393
G01 X95.5477Y87.8973
G01 X95.5263Y87.9092
G01 X95.4111Y87.9641
G01 X95.3748Y87.9791
G01 X95.2686Y88.0171
G01 X95.2452Y88.0246
G01 X95.1215Y88.0559
G01 X95.0830Y88.0636
G01 X94.9568Y88.0820
G01 X94.9323Y88.0840
G01 X94.8049Y88.0899
G01 X94.7804Y88.0895
G01 X94.6677Y88.0840
G01 X94.6432Y88.0820
G01 X94.5170Y88.0636
G01 X94.4785Y88.0559
G01 X94.3548Y88.0246
G01 X94.3314Y88.0171
G01 X94.2252Y87.9791
G01 X94.1889Y87.9641
G01 X94.0737Y87.9092
G01 X94.0523Y87.8973
G01 X93.9555Y87.8393
G01 X93.9348Y87.8260
G01 X93.8322Y87.7502
G01 X93.8018Y87.7253
G01 X93.7146Y87.6462
G01 X93.6904Y87.6218
G01 X93.6050Y87.5271
G01 X93.5898Y87.5078
G01 X93.5300Y87.4273
G01 X93.4702Y87.5078
G01 X93.4550Y87.5271
G01 X93.3696Y87.6218
G01 X93.3454Y87.6462
G01 X93.2582Y87.7253
G01 X93.2278Y87.7502
G01 X93.1252Y87.8260
G01 X93.1045Y87.8393
G01 X93.0077Y87.8973
G01 X92.9863Y87.9092
G01 X92.8711Y87.9641
G01 X92.8348Y87.9791
G01 X92.7286Y88.0171
G01 X92.7052Y88.0246
G01 X92.5815Y88.0559
G01 X92.5430Y88.0636
G01 X92.4168Y88.0820
G01 X92.3923Y88.0840
G01 X92.2649Y88.0899
G01 X92.2404Y88.0895
G01 X92.1277Y88.0840
G01 X92.1032Y88.0820
G01 X91.9770Y88.0636
G01 X91.9385Y88.0559
G01 X91.8148Y88.0246
G01 X91.7914Y88.0171
G01 X91.6852Y87.9791
G01 X91.6489Y87.9641
G01 X91.5337Y87.9092
G01 X91.5123Y87.8973
G01 X91.4155Y87.8393
G01 X91.3948Y87.8260
G01 X91.2922Y87.7502
G01 X91.2618Y87.7253
G01 X91.1746Y87.6462
G01 X91.1504Y87.6218
G01 X91.0650Y87.5271
G01 X91.0498Y87.5078
G01 X90.9900Y87.4273
G01 X90.9302Y87.5078
G01 X90.9150Y87.5271
G01 X90.8296Y87.6218
G01 X90.8054Y87.6462
G01 X90.7182Y87.7253
G01 X90.6878Y87.7502
G01 X90.5852Y87.8260
G01 X90.5645Y87.8393
G01 X90.4677Y87.8973
G01 X90.4463Y87.9092
G01 X90.3311Y87.9641
G01 X90.2948Y87.9791
G01 X90.1886Y88.0171
G01 X90.1652Y88.0246
G01 X90.0415Y88.0559
G01 X90.0030Y88.0636
G01 X89.8768Y88.0820
G01 X89.8523Y88.0840
G01 X89.7249Y88.0899
G01 X89.7004Y88.0895
G01 X89.5877Y88.0840
G01 X89.5632Y88.0820
G01 X89.4370Y88.0636
G01 X89.3985Y88.0559
G01 X89.2748Y88.0246
G01 X89.2514Y88.0171
G01 X89.1452Y87.9791
G01 X89.1089Y87.9641
G01 X88.9937Y87.9092
G01 X88.9723Y87.8973
G01 X88.8755Y87.8393
G01 X88.8548Y87.8260
G01 X88.7522Y87.7502
G01 X88.7218Y87.7253
G01 X88.6346Y87.6462
G01 X88.6104Y87.6218
G01 X88.5250Y87.5271
G01 X88.5098Y87.5078
G01 X88.4500Y87.4273
G01 X88.3902Y87.5078
G01 X88.3750Y87.5271
G01 X88.2896Y87.6218
G01 X88.2654Y87.6462
G01 X88.1782Y87.7253
G01 X88.1478Y87.7502
G01 X88.0452Y87.8260
G01 X88.0245Y87.8393
G01 X87.9277Y87.8973
G01 X87.9063Y87.9092
G01 X87.7911Y87.9641
G01 X87.7548Y87.9791
G01 X87.6486Y88.0171
G01 X87.6252Y88.0246
G01 X87.5015Y88.0559
G01 X87.4630Y88.0636
G01 X87.3368Y88.0820
G01 X87.3123Y88.0840
G01 X87.1849Y88.0899
G01 X87.1604Y88.0895
G01 X87.0477Y88.0840
G01 X87.0232Y88.0820
G01 X86.8970Y88.0636
G01 X86.8585Y88.0559
G01 X86.7348Y88.0246
G01 X86.7114Y88.0171
G01 X86.6052Y87.9791
G01 X86.5689Y87.9641
G01 X86.4537Y87.9092
G01 X86.4323Y87.8973
G01 X86.3355Y87.8393
G01 X86.3148Y87.8260
G01 X86.2122Y87.7502
G01 X86.1818Y87.7253
G01 X86.0946Y87.6462
G01 X86.0704Y87.6218
G01 X85.9850Y87.5271
G01 X85.9698Y87.5078
G01 X85.9100Y87.4273
G01 X85.8502Y87.5078
G01 X85.8350Y87.5271
G01 X85.7496Y87.6218
G01 X85.7254Y87.6462
G01 X85.6382Y87.7253
G01 X85.6078Y87.7502
G01 X85.5052Y87.8260
G01 X85.4845Y87.8393
G01 X85.3877Y87.8973
G01 X85.3663Y87.9092
G01 X85.2511Y87.9641
G01 X85.2148Y87.9791
G01 X85.1086Y88.0171
G01 X85.0852Y88.0246
G01 X84.9615Y88.0559
G01 X84.9230Y88.0636
G01 X84.7968Y88.0820
G01 X84.7723Y88.0840
G01 X84.6449Y88.0899
G01 X84.6204Y88.0895
G01 X84.5077Y88.0840
G01 X84.4832Y88.0820
G01 X84.3570Y88.0636
G01 X84.3185Y88.0559
G01 X84.1948Y88.0246
G01 X84.1714Y88.0171
G01 X84.0652Y87.9791
G01 X84.0289Y87.9641
G01 X83.9137Y87.9092
G01 X83.8923Y87.8973
G01 X83.7955Y87.8393
G01 X83.7748Y87.8260
G01 X83.6722Y87.7502
G01 X83.6418Y87.7253
G01 X83.5546Y87.6462
G01 X83.5304Y87.6218
G01 X83.4450Y87.5271
G01 X83.4298Y87.5078
G01 X83.3700Y87.4273
G01 X83.3102Y87.5078
G01 X83.2950Y87.5271
G01 X83.2096Y87.6218
G01 X83.1854Y87.6462
G01 X83.0982Y87.7253
G01 X83.0678Y87.7502
G01 X82.9652Y87.8260
G01 X82.9445Y87.8393
G01 X82.8477Y87.8973
G01 X82.8263Y87.9092
G01 X82.7111Y87.9641
G01 X82.6748Y87.9791
G01 X82.5686Y88.0171
G01 X82.5452Y88.0246
G01 X82.4215Y88.0559
G01 X82.3830Y88.0636
G01 X82.2568Y88.0820
G01 X82.2323Y88.0840
G01 X82.1049Y88.0899
G01 X82.0804Y88.0895
G01 X81.9677Y88.0840
G01 X81.9432Y88.0820
G01 X81.8170Y88.0636
G01 X81.7785Y88.0559
G01 X81.6548Y88.0246
G01 X81.6314Y88.0171
G01 X81.5252Y87.9791
G01 X81.4889Y87.9641
G01 X81.3737Y87.9092
G01 X81.3523Y87.8973
G01 X81.2555Y87.8393
G01 X81.2348Y87.8260
G01 X81.1322Y87.7502
G01 X81.1018Y87.7253
G01 X81.0146Y87.6462
G01 X80.9904Y87.6218
G01 X80.9050Y87.5271
G01 X80.8898Y87.5078
G01 X80.8300Y87.4273
G01 X80.7702Y87.5078
G01 X80.7550Y87.5271
G01 X80.6696Y87.6218
G01 X80.6454Y87.6462
G01 X80.5582Y87.7253
G01 X80.5278Y87.7502
G01 X80.4252Y87.8260
G01 X80.4045Y87.8393
G01 X80.3077Y87.8973
G01 X80.2863Y87.9092
G01 X80.1711Y87.9641
G01 X80.1486Y87.9738
G01 X80.0286Y88.0171
G01 X79.9910Y88.0285
G01 X79.8815Y88.0559
G01 X79.8576Y88.0611
G01 X79.7314Y88.0801
G01 X79.6923Y88.0840
G01 X79.5747Y88.0897
G01 X79.5404Y88.0895
G01 X79.4277Y88.0840
G01 X79.4032Y88.0820
G01 X79.2770Y88.0636
G01 X79.2385Y88.0559
G01 X79.1148Y88.0246
G01 X79.0914Y88.0171
G01 X78.9852Y87.9791
G01 X78.9489Y87.9641
G01 X78.8337Y87.9092
G01 X78.8123Y87.8973
G01 X78.7155Y87.8393
G01 X78.6948Y87.8260
G01 X78.5922Y87.7502
G01 X78.5618Y87.7253
G01 X78.4746Y87.6462
G01 X78.4504Y87.6218
G01 X78.3650Y87.5271
G01 X78.3498Y87.5078
G01 X78.2900Y87.4273
G01 X78.2302Y87.5078
G01 X78.2150Y87.5271
G01 X78.1296Y87.6218
G01 X78.1054Y87.6462
G01 X78.0182Y87.7253
G01 X77.9878Y87.7502
G01 X77.8852Y87.8260
G01 X77.8645Y87.8393
G01 X77.7677Y87.8973
G01 X77.7463Y87.9092
G01 X77.6311Y87.9641
G01 X77.6086Y87.9738
G01 X77.4886Y88.0171
G01 X77.4510Y88.0285
G01 X77.3415Y88.0559
G01 X77.3176Y88.0611
G01 X77.1914Y88.0801
G01 X77.1523Y88.0840
G01 X77.0347Y88.0897
G01 X77.0004Y88.0895
G01 X76.8877Y88.0840
G01 X76.8632Y88.0820
G01 X76.7370Y88.0636
G01 X76.6985Y88.0559
G01 X76.5748Y88.0246
G01 X76.5514Y88.0171
G01 X76.4452Y87.9791
G01 X76.4089Y87.9641
G01 X76.2937Y87.9092
G01 X76.2723Y87.8973
G01 X76.1755Y87.8393
G01 X76.1548Y87.8260
G01 X76.0522Y87.7502
G01 X76.0218Y87.7253
G01 X75.9346Y87.6462
G01 X75.9104Y87.6218
G01 X75.8250Y87.5271
G01 X75.8098Y87.5078
G01 X75.7500Y87.4273
G01 X75.6902Y87.5078
G01 X75.6750Y87.5271
G01 X75.5896Y87.6218
G01 X75.5654Y87.6462
G01 X75.4782Y87.7253
G01 X75.4478Y87.7502
G01 X75.3452Y87.8260
G01 X75.3245Y87.8393
G01 X75.2277Y87.8973
G01 X75.2063Y87.9092
G01 X75.0911Y87.9641
G01 X75.0686Y87.9738
G01 X74.9486Y88.0171
G01 X74.9110Y88.0285
G01 X74.8015Y88.0559
G01 X74.7776Y88.0611
G01 X74.6514Y88.0801
G01 X74.6123Y88.0840
G01 X74.4947Y88.0897
G01 X74.4604Y88.0895
G01 X74.3477Y88.0840
G01 X74.3232Y88.0820
G01 X74.1970Y88.0636
G01 X74.1585Y88.0559
G01 X74.0348Y88.0246
G01 X74.0114Y88.0171
G01 X73.9052Y87.9791
G01 X73.8689Y87.9641
G01 X73.7537Y87.9092
G01 X73.7323Y87.8973
G01 X73.6355Y87.8393
G01 X73.6148Y87.8260
G01 X73.5122Y87.7502
G01 X73.4818Y87.7253
G01 X73.3946Y87.6462
G01 X73.3704Y87.6218
G01 X73.2850Y87.5271
G01 X73.2698Y87.5078
G01 X73.2100Y87.4273
G01 X73.1502Y87.5078
G01 X73.1350Y87.5271
G01 X73.0496Y87.6218
G01 X73.0254Y87.6462
G01 X72.9382Y87.7253
G01 X72.9078Y87.7502
G01 X72.8052Y87.8260
G01 X72.7845Y87.8393
G01 X72.6877Y87.8973
G01 X72.6663Y87.9092
G01 X72.5511Y87.9641
G01 X72.5286Y87.9738
G01 X72.4086Y88.0171
G01 X72.3710Y88.0285
G01 X72.2568Y88.0570
G01 X72.2230Y88.0636
G01 X72.1114Y88.0801
G01 X72.0870Y88.0830
G01 X71.9596Y88.0895
G01 X71.9204Y88.0895
G01 X71.7930Y88.0830
G01 X71.7686Y88.0801
G01 X71.6570Y88.0636
G01 X71.6185Y88.0559
G01 X71.4948Y88.0246
G01 X71.4714Y88.0171
G01 X71.3652Y87.9791
G01 X71.3289Y87.9641
G01 X71.2137Y87.9092
G01 X71.1923Y87.8973
G01 X71.0955Y87.8393
G01 X71.0748Y87.8260
G01 X70.9722Y87.7502
G01 X70.9418Y87.7253
G01 X70.8546Y87.6462
G01 X70.8304Y87.6218
G01 X70.7450Y87.5271
G01 X70.7298Y87.5078
G01 X70.6700Y87.4273
G01 X70.6102Y87.5078
G01 X70.5950Y87.5271
G01 X70.5096Y87.6218
G01 X70.4854Y87.6462
G01 X70.3982Y87.7253
G01 X70.3678Y87.7502
G01 X70.2652Y87.8260
G01 X70.2445Y87.8393
G01 X70.1477Y87.8973
G01 X70.1263Y87.9092
G01 X70.0111Y87.9641
G01 X69.9886Y87.9738
G01 X69.8686Y88.0171
G01 X69.8310Y88.0285
G01 X69.7168Y88.0570
G01 X69.6830Y88.0636
G01 X69.5714Y88.0801
G01 X69.5470Y88.0830
G01 X69.4196Y88.0895
G01 X69.3804Y88.0895
G01 X69.2530Y88.0830
G01 X69.2286Y88.0801
G01 X69.1170Y88.0636
G01 X69.0785Y88.0559
G01 X68.9548Y88.0246
G01 X68.9314Y88.0171
G01 X68.8252Y87.9791
G01 X68.7889Y87.9641
G01 X68.6737Y87.9092
G01 X68.6523Y87.8973
G01 X68.5555Y87.8393
G01 X68.5348Y87.8260
G01 X68.4322Y87.7502
G01 X68.4018Y87.7253
G01 X68.3146Y87.6462
G01 X68.2904Y87.6218
G01 X68.2050Y87.5271
G01 X68.1898Y87.5078
G01 X68.1300Y87.4273
G01 X68.0702Y87.5078
G01 X68.0550Y87.5271
G01 X67.9696Y87.6218
G01 X67.9454Y87.6462
G01 X67.8582Y87.7253
G01 X67.8278Y87.7502
G01 X67.7252Y87.8260
G01 X67.7045Y87.8393
G01 X67.6035Y87.8998
G01 X67.5731Y87.9158
G01 X67.4577Y87.9701
G01 X67.4348Y87.9791
G01 X67.3286Y88.0171
G01 X67.3052Y88.0246
G01 X67.1815Y88.0559
G01 X67.1576Y88.0611
G01 X67.0314Y88.0801
G01 X66.9923Y88.0840
G01 X66.8796Y88.0895
G01 X66.8551Y88.0899
G01 X66.7277Y88.0840
G01 X66.6886Y88.0801
G01 X66.5721Y88.0628
G01 X66.5385Y88.0559
G01 X66.4290Y88.0285
G01 X66.4054Y88.0218
G01 X66.2852Y87.9791
G01 X66.2489Y87.9641
G01 X66.1469Y87.9158
G01 X66.1250Y87.9046
G01 X66.0155Y87.8393
G01 X65.9828Y87.8175
G01 X65.8805Y87.7412
G01 X65.8618Y87.7253
G01 X65.7782Y87.6496
G01 X65.7504Y87.6218
G01 X65.6650Y87.5271
G01 X65.6498Y87.5078
G01 X65.5900Y87.4273
G01 X65.5302Y87.5078
G01 X65.5150Y87.5271
G01 X65.4296Y87.6218
G01 X65.4018Y87.6496
G01 X65.3182Y87.7253
G01 X65.2995Y87.7412
G01 X65.1852Y87.8260
G01 X65.1645Y87.8393
G01 X65.0677Y87.8973
G01 X65.0331Y87.9158
G01 X64.9311Y87.9641
G01 X64.9086Y87.9738
G01 X64.7886Y88.0171
G01 X64.7510Y88.0285
G01 X64.6415Y88.0559
G01 X64.6176Y88.0611
G01 X64.4768Y88.0820
G01 X64.4523Y88.0840
G01 X64.3396Y88.0895
G01 X64.3004Y88.0895
G01 X64.1877Y88.0840
G01 X64.1632Y88.0820
G01 X64.0321Y88.0628
G01 X63.9985Y88.0559
G01 X63.8748Y88.0246
G01 X63.8514Y88.0171
G01 X63.7314Y87.9738
G01 X63.7089Y87.9641
G01 X63.5937Y87.9092
G01 X63.5723Y87.8973
G01 X63.4630Y87.8315
G01 X63.4428Y87.8175
G01 X63.3405Y87.7412
G01 X63.3218Y87.7253
G01 X63.2275Y87.6394
G01 X63.2104Y87.6218
G01 X63.1250Y87.5271
G01 X63.1098Y87.5078
G01 X63.0500Y87.4273
G01 X62.9902Y87.5078
G01 X62.9750Y87.5271
G01 X62.8896Y87.6218
G01 X62.8654Y87.6462
G01 X62.7782Y87.7253
G01 X62.7478Y87.7502
G01 X62.6452Y87.8260
G01 X62.6245Y87.8393
G01 X62.5277Y87.8973
G01 X62.4931Y87.9158
G01 X62.3777Y87.9701
G01 X62.3548Y87.9791
G01 X62.2346Y88.0218
G01 X62.2110Y88.0285
G01 X62.0872Y88.0592
G01 X62.0630Y88.0636
G01 X61.9368Y88.0820
G01 X61.9123Y88.0840
G01 X61.7996Y88.0895
G01 X61.7604Y88.0895
G01 X61.6330Y88.0830
G01 X61.6086Y88.0801
G01 X61.4970Y88.0636
G01 X61.4585Y88.0559
G01 X61.3348Y88.0246
G01 X61.3114Y88.0171
G01 X61.2052Y87.9791
G01 X61.1689Y87.9641
G01 X61.0669Y87.9158
G01 X61.0450Y87.9046
G01 X60.9355Y87.8393
G01 X60.9028Y87.8175
G01 X60.8005Y87.7412
G01 X60.7818Y87.7253
G01 X60.6982Y87.6496
G01 X60.6704Y87.6218
G01 X60.5850Y87.5271
G01 X60.5698Y87.5078
G01 X60.5100Y87.4273
G01 X60.4502Y87.5078
G01 X60.4350Y87.5271
G01 X60.3496Y87.6218
G01 X60.3218Y87.6496
G01 X60.2382Y87.7253
G01 X60.2195Y87.7412
G01 X60.1052Y87.8260
G01 X60.0845Y87.8393
G01 X59.9877Y87.8973
G01 X59.9531Y87.9158
G01 X59.8511Y87.9641
G01 X59.8286Y87.9738
G01 X59.7086Y88.0171
G01 X59.6710Y88.0285
G01 X59.5615Y88.0559
G01 X59.5376Y88.0611
G01 X59.3968Y88.0820
G01 X59.3723Y88.0840
G01 X59.2596Y88.0895
G01 X59.2204Y88.0895
G01 X59.1077Y88.0840
G01 X59.0832Y88.0820
G01 X58.9521Y88.0628
G01 X58.9185Y88.0559
G01 X58.7948Y88.0246
G01 X58.7714Y88.0171
G01 X58.6514Y87.9738
G01 X58.6289Y87.9641
G01 X58.5137Y87.9092
G01 X58.4923Y87.8973
G01 X58.3830Y87.8315
G01 X58.3628Y87.8175
G01 X58.2605Y87.7412
G01 X58.2418Y87.7253
G01 X58.1475Y87.6394
G01 X58.1304Y87.6218
G01 X58.0450Y87.5271
G01 X58.0298Y87.5078
G01 X57.9700Y87.4273
G01 X57.9102Y87.5078
G01 X57.8950Y87.5271
G01 X57.8096Y87.6218
G01 X57.7818Y87.6496
G01 X57.6982Y87.7253
G01 X57.6795Y87.7412
G01 X57.5772Y87.8175
G01 X57.5445Y87.8393
G01 X57.4350Y87.9046
G01 X57.4131Y87.9158
G01 X57.3111Y87.9641
G01 X57.2748Y87.9791
G01 X57.1546Y88.0218
G01 X57.1310Y88.0285
G01 X57.0215Y88.0559
G01 X56.9879Y88.0628
G01 X56.8714Y88.0801
G01 X56.8323Y88.0840
G01 X56.7196Y88.0895
G01 X56.6951Y88.0899
G01 X56.5677Y88.0840
G01 X56.5335Y88.0808
G01 X56.4170Y88.0636
G01 X56.3785Y88.0559
G01 X56.2690Y88.0285
G01 X56.2454Y88.0218
G01 X56.1114Y87.9738
G01 X56.0889Y87.9641
G01 X55.9869Y87.9158
G01 X55.9523Y87.8973
G01 X55.8555Y87.8393
G01 X55.8348Y87.8260
G01 X55.7205Y87.7412
G01 X55.7018Y87.7253
G01 X55.6182Y87.6496
G01 X55.5904Y87.6218
G01 X55.5147Y87.5382
G01 X55.4988Y87.5195
G01 X55.4140Y87.4052
G01 X55.4007Y87.3845
G01 X55.3427Y87.2877
G01 X55.3242Y87.2531
G01 X55.2759Y87.1511
G01 X55.2662Y87.1286
G01 X55.2229Y87.0086
G01 X55.2128Y86.9758
G01 X55.1841Y86.8615
G01 X55.1764Y86.8230
G01 X55.1599Y86.7114
G01 X55.1570Y86.6870
G01 X55.1501Y86.5449
G01 X55.1505Y86.5204
G01 X55.1570Y86.3930
G01 X55.1599Y86.3686
G01 X55.1764Y86.2570
G01 X55.1841Y86.2185
G01 X55.2115Y86.1090
G01 X55.2213Y86.0761
G01 X55.2662Y85.9514
G01 X55.2759Y85.9289
G01 X55.3242Y85.8269
G01 X55.3402Y85.7965
G01 X55.4007Y85.6955
G01 X55.4225Y85.6628
G01 X55.4898Y85.5722
G01 X55.5050Y85.5529
G01 X55.6006Y85.4475
G01 X55.6182Y85.4304
G01 X55.7129Y85.3450
G01 X55.7322Y85.3298
G01 X55.8127Y85.2700
G01 X55.7322Y85.2102
G01 X55.7129Y85.1950
G01 X55.6182Y85.1096
G01 X55.5938Y85.0854
G01 X55.5147Y84.9982
G01 X55.4898Y84.9678
G01 X55.4140Y84.8652
G01 X55.4007Y84.8445
G01 X55.3427Y84.7477
G01 X55.3308Y84.7263
G01 X55.2759Y84.6111
G01 X55.2662Y84.5886
G01 X55.2229Y84.4686
G01 X55.2115Y84.4310
G01 X55.1841Y84.3215
G01 X55.1789Y84.2976
G01 X55.1599Y84.1714
G01 X55.1560Y84.1323
G01 X55.1501Y84.0098
G00 Z20.0000
G00 X55.1526Y84.0636
G01 Z20.0000
G01 X52.9771Y80.4339
G01 X49.8806Y73.8869
G01 X47.4407Y67.0679
G01 X46.2645Y62.3723
G00 Z20.0000
G00 X45.8541Y62.3780
G01 Z20.0000
G01 X47.0579Y67.1840
G01 X49.5111Y74.0400
G01 X52.6244Y80.6225
G01 X55.5497Y85.5032
G00 Z20.0000
G00 X55.3038Y85.8700
G01 Z20.0000
G01 X52.2716Y80.8111
G01 X49.1415Y74.1930
G01 X46.6752Y67.3001
G01 X45.4117Y62.2559
G00 Z20.0000
G00 X44.9106Y61.8999
G01 Z20.0000
G01 X46.2924Y67.4162
G01 X48.7720Y74.3461
G01 X51.9188Y80.9996
G01 X55.1564Y86.4012
G00 Z20.0000
G00 X57.5873Y85.2700
G01 Z20.0000
G01 X57.6678Y85.3298
G01 X57.6871Y85.3450
G01 X57.7818Y85.4304
G01 X57.7994Y85.4475
G01 X57.8950Y85.5529
G01 X57.9102Y85.5722
G01 X57.9700Y85.6527
G01 X58.0298Y85.5722
G01 X58.0450Y85.5529
G01 X58.1304Y85.4582
G01 X58.1475Y85.4406
G01 X58.2529Y85.3450
G01 X58.2722Y85.3298
G01 X58.3527Y85.2700
G01 X58.2722Y85.2102
G01 X58.2529Y85.1950
G01 X58.1582Y85.1096
G01 X58.1406Y85.0925
G01 X58.0450Y84.9871
G01 X58.0298Y84.9678
G01 X57.9700Y84.8873
G01 X57.9102Y84.9678
G01 X57.8950Y84.9871
G01 X57.8096Y85.0818
G01 X57.7925Y85.0994
G01 X57.6871Y85.1950
G01 X57.6678Y85.2102
G01 X57.5873Y85.2700
G00 Z20.0000
G00 X57.6916Y85.1911
G01 Z20.0000
G01 X57.9611Y85.6408
G00 Z20.0000
G00 X58.2508Y85.3469
G01 Z20.0000
G01 X57.9975Y84.9243
G00 Z20.0000
G00 X58.1696Y82.8801
G01 Z20.0000
G01 X57.5376Y81.8257
G00 Z20.0000
G00 X58.0082Y81.8337
G01 Z20.0000
G01 X58.4929Y82.6423
G00 Z20.0000
G00 X58.8709Y82.4960
G01 Z20.0000
G01 X58.4040Y81.7169
G00 Z20.0000
G00 X58.7411Y81.5023
G01 Z20.0000
G01 X59.3110Y82.4530
G00 Z20.0000
G00 X59.8502Y82.5755
G01 Z20.0000
G01 X59.0176Y81.1865
G00 Z20.0000
G00 X59.2105Y80.7312
G01 Z20.0000
G01 X60.5810Y83.0178
G00 Z20.0000
G00 X60.8800Y82.7394
G01 Z20.0000
G01 X59.1213Y79.8052
G00 Z20.0000
G00 X58.9474Y79.5151
G01 Z20.0000
G01 X57.9159Y77.7941
G01 X57.7984Y77.5456
G00 Z20.0000
G00 X58.2022Y77.4651
G01 Z20.0000
G01 X58.2687Y77.6056
G01 X61.2328Y82.5510
G00 Z20.0000
G00 X61.6419Y82.4564
G01 Z20.0000
G01 X58.6214Y77.4170
G01 X58.5608Y77.2889
G00 Z20.0000
G00 X58.8722Y77.0127
G01 Z20.0000
G01 X58.9742Y77.2284
G01 X62.1283Y82.4908
G00 Z20.0000
G00 X63.1684Y84.6866
G01 Z20.0000
G01 X63.1537Y84.7175
G01 X63.1398Y84.7435
G01 X63.0715Y84.8570
G01 X63.0575Y84.8772
G01 X62.9902Y84.9678
G01 X62.9750Y84.9871
G01 X62.8896Y85.0818
G01 X62.8618Y85.1096
G01 X62.7671Y85.1950
G01 X62.7478Y85.2102
G01 X62.6673Y85.2700
G01 X62.7478Y85.3298
G01 X62.7671Y85.3450
G01 X62.8618Y85.4304
G01 X62.8794Y85.4475
G01 X62.9750Y85.5529
G01 X62.9902Y85.5722
G01 X63.0500Y85.6527
G01 X63.1098Y85.5722
G01 X63.1250Y85.5529
G01 X63.2104Y85.4582
G01 X63.2346Y85.4338
G01 X63.3218Y85.3547
G01 X63.3405Y85.3388
G01 X63.4468Y85.2597
G01 X63.4713Y85.2433
G01 X63.5006Y85.2256
G01 X63.4750Y85.2020
G01 X63.4613Y85.1879
G01 X63.3955Y85.1150
G01 X63.3803Y85.0958
G01 X63.3335Y85.0327
G01 X63.3143Y85.0043
G01 X63.2641Y84.9200
G01 X63.2529Y84.8981
G01 X63.2193Y84.8272
G01 X63.2043Y84.7909
G01 X63.1778Y84.7170
G01 X63.1684Y84.6866
G00 Z20.0000
G00 X62.9511Y85.0139
G01 Z20.0000
G01 X63.2513Y85.4186
G00 Z20.0000
G00 X60.7429Y85.3899
G01 Z20.0000
G01 X60.4398Y84.9812
G00 Z20.0000
G00 X60.1462Y85.2560
G01 Z20.0000
G01 X60.1925Y85.3184
G00 Z20.0000
G00 X60.1273Y85.2700
G01 Z20.0000
G01 X60.2078Y85.3298
G01 X60.2271Y85.3450
G01 X60.3218Y85.4304
G01 X60.3394Y85.4475
G01 X60.4350Y85.5529
G01 X60.4502Y85.5722
G01 X60.5100Y85.6527
G01 X60.5698Y85.5722
G01 X60.5850Y85.5529
G01 X60.6704Y85.4582
G01 X60.6875Y85.4406
G01 X60.7929Y85.3450
G01 X60.8122Y85.3298
G01 X60.8927Y85.2700
G01 X60.8122Y85.2102
G01 X60.7929Y85.1950
G01 X60.6982Y85.1096
G01 X60.6806Y85.0925
G01 X60.5850Y84.9871
G01 X60.5698Y84.9678
G01 X60.5100Y84.8873
G01 X60.4502Y84.9678
G01 X60.4350Y84.9871
G01 X60.3496Y85.0818
G01 X60.3325Y85.0994
G01 X60.2271Y85.1950
G01 X60.2078Y85.2102
G01 X60.1273Y85.2700
G00 Z20.0000
G00 X57.6351Y82.7655
G01 Z20.0000
G01 X56.8969Y81.5339
G01 X56.9975Y82.4789
G01 X55.0937Y79.3026
G01 X54.0357Y77.0655
G00 Z20.0000
G00 X54.6684Y77.4689
G01 Z20.0000
G01 X55.4465Y79.1140
G01 X56.3743Y80.6619
G00 Z20.0000
G00 X56.3501Y80.4098
G01 Z20.0000
G01 X56.3505Y80.3804
G01 X56.3566Y80.2628
G01 X56.3594Y80.2384
G01 X56.3770Y80.1219
G01 X56.3822Y80.0980
G01 X56.4111Y79.9838
G01 X56.4186Y79.9604
G01 X56.4586Y79.8497
G01 X56.4683Y79.8272
G01 X56.5190Y79.7208
G01 X56.5309Y79.6994
G01 X56.5917Y79.5985
G01 X56.6057Y79.5784
G01 X56.6761Y79.4840
G01 X56.6920Y79.4653
G01 X56.7713Y79.3782
G01 X56.7889Y79.3612
G01 X56.8764Y79.2823
G01 X56.8956Y79.2671
G01 X56.9904Y79.1972
G01 X57.0110Y79.1839
G01 X57.1122Y79.1236
G01 X57.1340Y79.1124
G01 X57.2406Y79.0623
G01 X57.2634Y79.0533
G01 X57.3744Y79.0139
G01 X57.3980Y79.0072
G01 X57.5123Y78.9789
G01 X57.5365Y78.9745
G01 X57.6530Y78.9575
G01 X57.6775Y78.9555
G01 X57.7951Y78.9501
G01 X57.8196Y78.9505
G01 X57.9372Y78.9566
G01 X57.9616Y78.9594
G01 X58.0781Y78.9770
G01 X58.1020Y78.9822
G01 X58.2162Y79.0111
G01 X58.2396Y79.0186
G01 X58.3503Y79.0586
G01 X58.3728Y79.0683
G01 X58.4792Y79.1190
G01 X58.5006Y79.1309
G01 X58.6015Y79.1917
G01 X58.6216Y79.2057
G01 X58.7160Y79.2761
G01 X58.7347Y79.2920
G01 X58.8218Y79.3713
G01 X58.8388Y79.3889
G01 X58.9177Y79.4764
G01 X58.9329Y79.4956
G01 X59.0029Y79.5904
G01 X59.0161Y79.6110
G01 X59.0764Y79.7122
G01 X59.0876Y79.7340
G01 X59.1377Y79.8406
G01 X59.1467Y79.8634
G01 X59.1861Y79.9744
G01 X59.1928Y79.9980
G01 X59.2211Y80.1123
G01 X59.2255Y80.1365
G01 X59.2425Y80.2530
G01 X59.2445Y80.2775
G01 X59.2499Y80.3951
G01 X59.2495Y80.4196
G01 X59.2434Y80.5372
G01 X59.2406Y80.5616
G01 X59.2230Y80.6781
G01 X59.2178Y80.7020
G01 X59.1889Y80.8162
G01 X59.1814Y80.8396
G01 X59.1414Y80.9503
G01 X59.1317Y80.9728
G01 X59.0810Y81.0792
G01 X59.0691Y81.1006
G01 X59.0083Y81.2015
G01 X58.9943Y81.2216
G01 X58.9239Y81.3160
G01 X58.9080Y81.3347
G01 X58.8287Y81.4218
G01 X58.8111Y81.4388
G01 X58.7236Y81.5177
G01 X58.7044Y81.5329
G01 X58.6096Y81.6028
G01 X58.5890Y81.6161
G01 X58.4878Y81.6764
G01 X58.4660Y81.6876
G01 X58.3594Y81.7377
G01 X58.3366Y81.7467
G01 X58.2256Y81.7861
G01 X58.2020Y81.7928
G01 X58.0877Y81.8211
G01 X58.0635Y81.8255
G01 X57.9470Y81.8425
G01 X57.9225Y81.8445
G01 X57.8049Y81.8499
G01 X57.7804Y81.8495
G01 X57.6628Y81.8434
G01 X57.6384Y81.8406
G01 X57.5219Y81.8230
G01 X57.4980Y81.8178
G01 X57.3838Y81.7889
G01 X57.3604Y81.7814
G01 X57.2497Y81.7414
G01 X57.2272Y81.7317
G01 X57.1208Y81.6810
G01 X57.0994Y81.6691
G01 X56.9985Y81.6083
G01 X56.9784Y81.5943
G01 X56.8840Y81.5239
G01 X56.8653Y81.5080
G01 X56.7782Y81.4287
G01 X56.7612Y81.4111
G01 X56.6823Y81.3236
G01 X56.6671Y81.3044
G01 X56.5972Y81.2096
G01 X56.5839Y81.1890
G01 X56.5236Y81.0878
G01 X56.5124Y81.0660
G01 X56.4623Y80.9594
G01 X56.4533Y80.9366
G01 X56.4139Y80.8256
G01 X56.4072Y80.8020
G01 X56.3789Y80.6877
G01 X56.3745Y80.6635
G01 X56.3575Y80.5470
G01 X56.3555Y80.5225
G01 X56.3501Y80.4098
G00 Z20.0000
G00 X56.4190Y79.9594
G01 Z20.0000
G01 X55.7993Y78.9255
G01 X55.1486Y77.5498
G00 Z20.0000
G00 X55.5647Y77.4951
G01 Z20.0000
G01 X56.1520Y78.7369
G01 X56.6337Y79.5406
G00 Z20.0000
G00 X56.9233Y79.2465
G01 Z20.0000
G01 X56.5048Y78.5484
G01 X55.9340Y77.3415
G00 Z20.0000
G00 X56.2586Y77.0934
G01 Z20.0000
G01 X56.8576Y78.3598
G01 X57.2715Y79.0504
G00 Z20.0000
G00 X57.6804Y78.9554
G01 Z20.0000
G01 X57.2103Y78.1712
G01 X56.7686Y77.2373
G00 Z20.0000
G00 X57.3375Y77.5057
G01 Z20.0000
G01 X57.5631Y77.9827
G01 X58.1728Y78.9999
G00 Z20.0000
G00 X45.9570Y86.5953
G01 Z20.0000
G01 X49.0509Y91.7572
G01 X50.1581Y93.2500
G01 X49.6607Y93.2500
G01 X48.7184Y91.9794
G01 X46.0108Y87.4621
G00 Z20.0000
G00 X45.8227Y87.9255
G01 Z20.0000
G01 X48.3858Y92.2016
G01 X49.1633Y93.2500
G01 X48.6659Y93.2500
G01 X48.0532Y92.4239
G01 X45.5542Y88.2546
G00 Z20.0000
G00 X45.2284Y88.4881
G01 Z20.0000
G01 X47.7206Y92.6461
G01 X48.1685Y93.2500
G01 X47.6711Y93.2500
G01 X47.3880Y92.8683
G01 X44.8473Y88.6295
G00 Z20.0000
G00 X44.4033Y88.6657
G01 Z20.0000
G01 X47.0554Y93.0906
G01 X47.1737Y93.2500
G01 X46.6852Y93.2500
G01 X43.8549Y88.5280
G00 Z20.0000
G00 X43.8905Y93.2500
G01 Z20.0000
G01 X40.2775Y87.2221
G01 X36.6015Y79.4499
G00 Z20.0000
G00 X37.0162Y79.3922
G01 Z20.0000
G01 X40.6302Y87.0335
G01 X44.3563Y93.2500
G01 X44.8220Y93.2500
G01 X40.9830Y86.8449
G01 X37.3840Y79.2356
G00 Z20.0000
G00 X37.7072Y78.9844
G01 Z20.0000
G01 X41.3358Y86.6564
G01 X45.2878Y93.2500
G01 X45.7536Y93.2500
G01 X41.6885Y86.4678
G01 X38.0549Y78.7852
G01 X37.9858Y78.5920
G00 Z20.0000
G00 X38.1486Y77.8610
G01 Z20.0000
G01 X38.4245Y78.6322
G01 X42.0413Y86.2793
G01 X46.2194Y93.2500
G01 X43.4247Y93.2500
G01 X39.9247Y87.4106
G01 X36.2072Y79.5506
G01 X36.1469Y79.3823
G00 Z20.0000
G00 X35.6227Y79.1029
G01 Z20.0000
G01 X35.8376Y79.7037
G01 X39.5719Y87.5992
G01 X42.9589Y93.2500
G01 X42.4931Y93.2500
G01 X39.2192Y87.7877
G01 X36.5063Y82.0519
G00 Z20.0000
G00 X36.2613Y81.5338
G01 Z20.0000
G01 X35.4681Y79.8568
G01 X35.1590Y78.9929
G00 Z20.0000
G00 X34.8255Y79.2467
G01 Z20.0000
G01 X35.0985Y80.0098
G01 X35.5830Y81.0341
G00 Z20.0000
G00 X35.1013Y80.9501
G01 Z20.0000
G01 X34.7290Y80.1629
G01 X34.4551Y79.3975
G00 Z20.0000
G00 X34.0495Y79.4498
G01 Z20.0000
G01 X34.3594Y80.3160
G01 X34.6877Y81.0100
G00 Z20.0000
G00 X34.3242Y81.1760
G01 Z20.0000
G01 X33.9899Y80.4691
G01 X33.6002Y79.3801
G00 Z20.0000
G00 X33.0743Y79.0961
G01 Z20.0000
G01 X33.6203Y80.6221
G01 X34.0098Y81.4456
G00 Z20.0000
G00 X33.7587Y81.8492
G01 Z20.0000
G01 X33.2508Y80.7752
G01 X32.6146Y78.9973
G00 Z20.0000
G00 X32.2806Y79.2496
G01 Z20.0000
G01 X32.8812Y80.9283
G01 X33.6620Y82.5790
G00 Z20.0000
G00 X33.6501Y82.4098
G01 Z20.0000
G01 X33.6505Y82.3804
G01 X33.6566Y82.2628
G01 X33.6594Y82.2384
G01 X33.6770Y82.1219
G01 X33.6822Y82.0980
G01 X33.7111Y81.9838
G01 X33.7186Y81.9604
G01 X33.7586Y81.8497
G01 X33.7683Y81.8272
G01 X33.8190Y81.7208
G01 X33.8309Y81.6994
G01 X33.8917Y81.5985
G01 X33.9057Y81.5784
G01 X33.9761Y81.4840
G01 X33.9920Y81.4653
G01 X34.0713Y81.3782
G01 X34.0889Y81.3612
G01 X34.1764Y81.2823
G01 X34.1956Y81.2671
G01 X34.2904Y81.1972
G01 X34.3110Y81.1839
G01 X34.4122Y81.1236
G01 X34.4340Y81.1124
G01 X34.5406Y81.0623
G01 X34.5634Y81.0533
G01 X34.6744Y81.0139
G01 X34.6980Y81.0072
G01 X34.8123Y80.9789
G01 X34.8365Y80.9745
G01 X34.9530Y80.9575
G01 X34.9775Y80.9555
G01 X35.0951Y80.9501
G01 X35.1196Y80.9505
G01 X35.2372Y80.9566
G01 X35.2616Y80.9594
G01 X35.3781Y80.9770
G01 X35.4020Y80.9822
G01 X35.5162Y81.0111
G01 X35.5396Y81.0186
G01 X35.6503Y81.0586
G01 X35.6728Y81.0683
G01 X35.7792Y81.1190
G01 X35.8006Y81.1309
G01 X35.9015Y81.1917
G01 X35.9216Y81.2057
G01 X36.0160Y81.2761
G01 X36.0347Y81.2920
G01 X36.1218Y81.3713
G01 X36.1388Y81.3889
G01 X36.2177Y81.4764
G01 X36.2329Y81.4956
G01 X36.3029Y81.5904
G01 X36.3161Y81.6110
G01 X36.3764Y81.7122
G01 X36.3876Y81.7340
G01 X36.4377Y81.8406
G01 X36.4467Y81.8634
G01 X36.4861Y81.9744
G01 X36.4928Y81.9980
G01 X36.5211Y82.1123
G01 X36.5255Y82.1365
G01 X36.5425Y82.2530
G01 X36.5445Y82.2775
G01 X36.5499Y82.3951
G01 X36.5495Y82.4196
G01 X36.5434Y82.5372
G01 X36.5406Y82.5616
G01 X36.5230Y82.6781
G01 X36.5178Y82.7020
G01 X36.4889Y82.8162
G01 X36.4814Y82.8396
G01 X36.4414Y82.9503
G01 X36.4317Y82.9728
G01 X36.3810Y83.0792
G01 X36.3691Y83.1006
G01 X36.3083Y83.2015
G01 X36.2943Y83.2216
G01 X36.2239Y83.3160
G01 X36.2080Y83.3347
G01 X36.1287Y83.4218
G01 X36.1111Y83.4388
G01 X36.0236Y83.5177
G01 X36.0044Y83.5329
G01 X35.9096Y83.6028
G01 X35.8890Y83.6161
G01 X35.7878Y83.6764
G01 X35.7660Y83.6876
G01 X35.6594Y83.7377
G01 X35.6366Y83.7467
G01 X35.5256Y83.7861
G01 X35.5020Y83.7928
G01 X35.3877Y83.8211
G01 X35.3635Y83.8255
G01 X35.2470Y83.8425
G01 X35.2225Y83.8445
G01 X35.1049Y83.8499
G01 X35.0804Y83.8495
G01 X34.9628Y83.8434
G01 X34.9384Y83.8406
G01 X34.8219Y83.8230
G01 X34.7980Y83.8178
G01 X34.6838Y83.7889
G01 X34.6604Y83.7814
G01 X34.5497Y83.7414
G01 X34.5272Y83.7317
G01 X34.4208Y83.6810
G01 X34.3994Y83.6691
G01 X34.2985Y83.6083
G01 X34.2784Y83.5943
G01 X34.1840Y83.5239
G01 X34.1653Y83.5080
G01 X34.0782Y83.4287
G01 X34.0612Y83.4111
G01 X33.9823Y83.3236
G01 X33.9671Y83.3044
G01 X33.8972Y83.2096
G01 X33.8839Y83.1890
G01 X33.8236Y83.0878
G01 X33.8124Y83.0660
G01 X33.7623Y82.9594
G01 X33.7533Y82.9366
G01 X33.7139Y82.8256
G01 X33.7072Y82.8020
G01 X33.6789Y82.6877
G01 X33.6745Y82.6635
G01 X33.6575Y82.5470
G01 X33.6555Y82.5225
G01 X33.6501Y82.4098
G00 Z20.0000
G00 X34.0493Y83.3980
G01 Z20.0000
G01 X36.7498Y89.1076
G01 X39.2326Y93.2500
G01 X39.6984Y93.2500
G01 X37.1025Y88.9191
G01 X34.6749Y83.7862
G00 Z20.0000
G00 X35.1462Y83.8482
G01 Z20.0000
G01 X37.4553Y88.7305
G01 X40.1642Y93.2500
G01 X40.6300Y93.2500
G01 X37.8081Y88.5420
G01 X35.5541Y83.7762
G00 Z20.0000
G00 X35.9129Y83.6005
G01 Z20.0000
G01 X38.1608Y88.3534
G01 X41.0958Y93.2500
G01 X41.5615Y93.2500
G01 X38.5136Y88.1648
G01 X36.2216Y83.3188
G00 Z20.0000
G00 X36.4622Y82.8931
G01 Z20.0000
G01 X38.8664Y87.9763
G01 X42.0273Y93.2500
G01 X38.7668Y93.2500
G01 X36.3970Y89.2962
G01 X32.5117Y81.0813
G01 X31.9097Y79.3989
G00 Z20.0000
G00 X31.5035Y79.4496
G01 Z20.0000
G01 X32.1421Y81.2344
G01 X36.0442Y89.4848
G01 X38.3010Y93.2500
G01 X37.8353Y93.2500
G01 X35.6915Y89.6733
G01 X31.7726Y81.3875
G01 X31.0535Y79.3778
G00 Z20.0000
G00 X30.5258Y79.0888
G01 Z20.0000
G01 X31.4030Y81.5406
G01 X35.3387Y89.8619
G01 X37.3695Y93.2500
G01 X36.9037Y93.2500
G01 X34.9859Y90.0504
G01 X31.0335Y81.6936
G01 X30.0702Y79.0016
G00 Z20.0000
G00 X29.7357Y79.2525
G01 Z20.0000
G01 X30.6639Y81.8467
G01 X34.6332Y90.2390
G01 X36.4379Y93.2500
G01 X35.9721Y93.2500
G01 X34.2804Y90.4276
G01 X30.2944Y81.9998
G01 X29.3642Y79.4002
G00 Z20.0000
G00 X28.9575Y79.4494
G01 Z20.0000
G01 X29.9248Y82.1529
G01 X33.9276Y90.6161
G01 X35.5063Y93.2500
G01 X35.0405Y93.2500
G01 X33.5749Y90.8047
G01 X29.5553Y82.3059
G01 X28.5067Y79.3754
G00 Z20.0000
G00 X27.9770Y79.0810
G01 Z20.0000
G01 X29.1857Y82.4590
G01 X33.2221Y90.9932
G01 X34.5747Y93.2500
G01 X34.1090Y93.2500
G01 X32.8693Y91.1818
G01 X28.8162Y82.6121
G01 X27.5258Y79.0058
G00 Z20.0000
G00 X27.1908Y79.2555
G01 Z20.0000
G01 X28.4466Y82.7652
G01 X32.5166Y91.3703
G01 X33.6432Y93.2500
G01 X33.1774Y93.2500
G01 X32.1638Y91.5589
G01 X28.0770Y82.9182
G01 X26.8188Y79.4016
G00 Z20.0000
G00 X26.4114Y79.4491
G01 Z20.0000
G01 X27.7075Y83.0713
G01 X31.8110Y91.7475
G01 X32.7116Y93.2500
G01 X32.2458Y93.2500
G01 X31.4582Y91.9360
G01 X27.3379Y83.2244
G01 X25.9599Y79.3730
G00 Z20.0000
G00 X25.4283Y79.0730
G01 Z20.0000
G01 X26.9684Y83.3774
G01 X31.1055Y92.1246
G01 X31.7800Y93.2500
G01 X31.3142Y93.2500
G01 X30.7527Y92.3131
G01 X26.5988Y83.5305
G01 X24.9814Y79.0100
G00 Z20.0000
G00 X24.6459Y79.2584
G01 Z20.0000
G01 X26.2293Y83.6836
G01 X30.3999Y92.5017
G01 X30.8485Y93.2500
G01 X30.3827Y93.2500
G01 X30.0472Y92.6903
G01 X25.8597Y83.8367
G01 X25.3381Y82.3787
G00 Z20.0000
G00 X25.1261Y82.9723
G01 Z20.0000
G01 X25.4902Y83.9897
G01 X29.6944Y92.8788
G01 X29.9169Y93.2500
G01 X29.4511Y93.2500
G01 X29.3416Y93.0674
G01 X25.1206Y84.1428
G01 X24.8250Y83.3165
G00 Z20.0000
G00 X24.4769Y83.5297
G01 Z20.0000
G01 X24.7511Y84.2959
G01 X28.9861Y93.2500
G01 X28.5441Y93.2500
G01 X24.3815Y84.4490
G01 X24.0908Y83.6363
G00 Z20.0000
G00 X23.6640Y83.6296
G01 Z20.0000
G01 X24.0120Y84.6020
G01 X28.1022Y93.2500
G01 X27.6602Y93.2500
G01 X23.6424Y84.7551
G01 X23.1776Y83.4561
G01 X22.1672Y83.0038
G01 X22.9033Y85.0613
G01 X26.7763Y93.2500
G01 X27.2183Y93.2500
G01 X23.2729Y84.9082
G01 X22.3492Y82.3266
G01 X22.4501Y82.2098
G01 X22.4505Y82.1804
G01 X22.4566Y82.0628
G01 X22.4594Y82.0384
G01 X22.4770Y81.9219
G01 X22.4822Y81.8980
G01 X22.5111Y81.7838
G01 X22.5186Y81.7604
G01 X22.5586Y81.6497
G01 X22.5683Y81.6272
G01 X22.6124Y81.5340
G01 X22.6309Y81.4994
G01 X22.6917Y81.3985
G01 X22.7057Y81.3784
G01 X22.7671Y81.2956
G01 X22.7920Y81.2653
G01 X22.8645Y81.1853
G01 X22.8889Y81.1612
G01 X22.9653Y81.0920
G01 X22.9840Y81.0761
G01 X23.0904Y80.9972
G01 X23.1110Y80.9839
G01 X23.1994Y80.9309
G01 X23.2340Y80.9124
G01 X23.3272Y80.8683
G01 X23.3497Y80.8586
G01 X23.4604Y80.8186
G01 X23.4838Y80.8111
G01 X23.6123Y80.7789
G01 X23.6365Y80.7745
G01 X23.7530Y80.7575
G01 X23.7775Y80.7555
G01 X23.8951Y80.7501
G01 X23.9196Y80.7505
G01 X24.0225Y80.7555
G01 X24.0567Y80.7587
G01 X24.1635Y80.7745
G01 X24.2020Y80.7822
G01 X24.3020Y80.8072
G01 X24.3256Y80.8139
G01 X24.4366Y80.8533
G01 X24.4594Y80.8623
G01 X24.5660Y80.9124
G01 X24.5878Y80.9236
G01 X24.7015Y80.9917
G01 X24.7216Y81.0057
G01 X24.8160Y81.0761
G01 X24.8347Y81.0920
G01 X24.9111Y81.1612
G01 X24.9355Y81.1853
G01 X25.0080Y81.2653
G01 X25.0329Y81.2956
G01 X25.0943Y81.3784
G01 X25.1083Y81.3985
G01 X25.1691Y81.4994
G01 X25.1810Y81.5208
G01 X25.2317Y81.6272
G01 X25.2414Y81.6497
G01 X25.2814Y81.7604
G01 X25.2928Y81.7980
G01 X25.3190Y81.9027
G01 X25.3255Y81.9365
G01 X25.3406Y82.0384
G01 X25.3434Y82.0628
G01 X25.3495Y82.1804
G01 X25.3495Y82.2196
G01 X25.3434Y82.3372
G01 X25.3406Y82.3616
G01 X25.3230Y82.4781
G01 X25.3178Y82.5020
G01 X25.2889Y82.6162
G01 X25.2814Y82.6396
G01 X25.2467Y82.7366
G01 X25.2377Y82.7594
G01 X25.1876Y82.8660
G01 X25.1764Y82.8878
G01 X25.1161Y82.9890
G01 X25.0943Y83.0216
G01 X25.0300Y83.1083
G01 X25.0080Y83.1347
G01 X24.9388Y83.2111
G01 X24.9218Y83.2287
G01 X24.8347Y83.3080
G01 X24.8044Y83.3329
G01 X24.7096Y83.4028
G01 X24.6890Y83.4161
G01 X24.5878Y83.4764
G01 X24.5660Y83.4876
G01 X24.4728Y83.5317
G01 X24.4503Y83.5414
G01 X24.3396Y83.5814
G01 X24.3020Y83.5928
G01 X24.1973Y83.6190
G01 X24.1635Y83.6255
G01 X24.0616Y83.6406
G01 X24.0372Y83.6434
G01 X23.9196Y83.6495
G01 X23.8804Y83.6495
G01 X23.7628Y83.6434
G01 X23.7384Y83.6406
G01 X23.6219Y83.6230
G01 X23.5980Y83.6178
G01 X23.4980Y83.5928
G01 X23.4744Y83.5861
G01 X23.3634Y83.5467
G01 X23.3272Y83.5317
G01 X23.2296Y83.4855
G01 X23.1994Y83.4691
G01 X23.0985Y83.4083
G01 X23.0784Y83.3943
G01 X22.9956Y83.3329
G01 X22.9653Y83.3080
G01 X22.8782Y83.2287
G01 X22.8612Y83.2111
G01 X22.7823Y83.1236
G01 X22.7671Y83.1044
G01 X22.7057Y83.0216
G01 X22.6917Y83.0015
G01 X22.6309Y82.9006
G01 X22.6124Y82.8660
G01 X22.5663Y82.7684
G01 X22.5533Y82.7366
G01 X22.5186Y82.6396
G01 X22.5111Y82.6162
G01 X22.4822Y82.5020
G01 X22.4745Y82.4635
G01 X22.4575Y82.3470
G01 X22.4555Y82.3225
G01 X22.4501Y82.2098
G00 Z20.0000
G00 X21.8746Y83.3720
G01 Z20.0000
G01 X22.5338Y85.2143
G01 X26.3344Y93.2500
G01 X25.8924Y93.2500
G01 X22.1642Y85.3674
G01 X21.5330Y83.6032
G00 Z20.0000
G00 X21.1530Y83.7271
G01 Z20.0000
G01 X21.7947Y85.5205
G01 X25.4505Y93.2500
G01 X25.0085Y93.2500
G01 X21.4251Y85.6736
G01 X20.7332Y83.7398
G00 Z20.0000
G00 X20.2586Y83.5992
G01 Z20.0000
G01 X21.0556Y85.8266
G01 X24.5666Y93.2500
G00 Z20.0000
G00 X19.4501Y82.3098
G01 Z20.0000
G01 X19.4505Y82.2804
G01 X19.4566Y82.1628
G01 X19.4594Y82.1384
G01 X19.4770Y82.0219
G01 X19.4822Y81.9980
G01 X19.5111Y81.8838
G01 X19.5186Y81.8604
G01 X19.5585Y81.7497
G01 X19.5683Y81.7272
G01 X19.6190Y81.6208
G01 X19.6309Y81.5994
G01 X19.6917Y81.4985
G01 X19.7057Y81.4784
G01 X19.7761Y81.3840
G01 X19.7920Y81.3653
G01 X19.8713Y81.2782
G01 X19.8889Y81.2612
G01 X19.9764Y81.1823
G01 X19.9956Y81.1671
G01 X20.0904Y81.0972
G01 X20.1110Y81.0839
G01 X20.2122Y81.0236
G01 X20.2340Y81.0124
G01 X20.3406Y80.9623
G01 X20.3634Y80.9533
G01 X20.4744Y80.9139
G01 X20.4980Y80.9072
G01 X20.6123Y80.8789
G01 X20.6365Y80.8745
G01 X20.7530Y80.8575
G01 X20.7775Y80.8555
G01 X20.8951Y80.8501
G01 X20.9196Y80.8505
G01 X21.0372Y80.8566
G01 X21.0616Y80.8594
G01 X21.1781Y80.8770
G01 X21.2020Y80.8822
G01 X21.3162Y80.9111
G01 X21.3396Y80.9186
G01 X21.4503Y80.9586
G01 X21.4728Y80.9683
G01 X21.5792Y81.0190
G01 X21.6006Y81.0309
G01 X21.7015Y81.0917
G01 X21.7216Y81.1057
G01 X21.8160Y81.1761
G01 X21.8347Y81.1920
G01 X21.9218Y81.2713
G01 X21.9388Y81.2889
G01 X22.0177Y81.3764
G01 X22.0329Y81.3956
G01 X22.1029Y81.4904
G01 X22.1161Y81.5110
G01 X22.1764Y81.6122
G01 X22.1876Y81.6340
G01 X22.2377Y81.7406
G01 X22.2467Y81.7634
G01 X22.2861Y81.8744
G01 X22.2928Y81.8980
G01 X22.3211Y82.0123
G01 X22.3255Y82.0365
G01 X22.3425Y82.1530
G01 X22.3445Y82.1775
G01 X22.3499Y82.2951
G01 X22.3495Y82.3196
G01 X22.3434Y82.4372
G01 X22.3406Y82.4616
G01 X22.3230Y82.5781
G01 X22.3178Y82.6020
G01 X22.2889Y82.7162
G01 X22.2814Y82.7396
G01 X22.2414Y82.8503
G01 X22.2317Y82.8728
G01 X22.1810Y82.9792
G01 X22.1691Y83.0006
G01 X22.1083Y83.1015
G01 X22.0943Y83.1216
G01 X22.0239Y83.2160
G01 X22.0080Y83.2347
G01 X21.9287Y83.3218
G01 X21.9111Y83.3388
G01 X21.8236Y83.4177
G01 X21.8044Y83.4329
G01 X21.7096Y83.5028
G01 X21.6890Y83.5161
G01 X21.5878Y83.5764
G01 X21.5660Y83.5876
G01 X21.4594Y83.6377
G01 X21.4366Y83.6467
G01 X21.3256Y83.6861
G01 X21.3020Y83.6928
G01 X21.1877Y83.7211
G01 X21.1635Y83.7255
G01 X21.0470Y83.7425
G01 X21.0225Y83.7445
G01 X20.9049Y83.7499
G01 X20.8804Y83.7495
G01 X20.7628Y83.7434
G01 X20.7384Y83.7406
G01 X20.6219Y83.7230
G01 X20.5980Y83.7178
G01 X20.4838Y83.6889
G01 X20.4604Y83.6814
G01 X20.3497Y83.6414
G01 X20.3272Y83.6317
G01 X20.2208Y83.5810
G01 X20.1994Y83.5691
G01 X20.0985Y83.5083
G01 X20.0784Y83.4943
G01 X19.9840Y83.4239
G01 X19.9653Y83.4080
G01 X19.8782Y83.3287
G01 X19.8612Y83.3111
G01 X19.7823Y83.2236
G01 X19.7671Y83.2044
G01 X19.6972Y83.1096
G01 X19.6839Y83.0890
G01 X19.6236Y82.9878
G01 X19.6124Y82.9660
G01 X19.5623Y82.8594
G01 X19.5533Y82.8366
G01 X19.5139Y82.7256
G01 X19.5072Y82.7020
G01 X19.4789Y82.5877
G01 X19.4745Y82.5635
G01 X19.4575Y82.4470
G01 X19.4555Y82.4225
G01 X19.4501Y82.3098
G00 Z20.0000
G00 X23.5024Y80.8061
G01 Z20.0000
G01 X22.8795Y79.0651
G00 Z20.0000
G00 X23.4131Y79.3705
G01 Z20.0000
G01 X23.9067Y80.7501
G00 Z20.0000
G00 X24.3579Y80.8252
G01 Z20.0000
G01 X23.8654Y79.4488
G00 Z20.0000
G00 X24.2733Y79.4029
G01 Z20.0000
G01 X24.8983Y81.1495
G00 Z20.0000
G00 X17.6737Y76.3750
G01 Z20.0000
G01 X17.5842Y76.1248
G01 X16.5902Y72.1567
G00 Z20.0000
G00 X16.1666Y70.4653
G01 Z20.0000
G01 X15.0805Y66.1293
G01 X14.4574Y61.9292
G01 X14.0619Y61.9857
G01 X14.6881Y66.2074
G01 X17.2014Y76.2409
G01 X17.2433Y76.3580
G00 Z20.0000
G00 X16.8523Y76.4512
G01 Z20.0000
G01 X16.8186Y76.3570
G01 X14.2958Y66.2854
G01 X13.6948Y62.2339
G00 Z20.0000
G00 X13.3100Y62.3624
G01 Z20.0000
G01 X13.9035Y66.3635
G01 X16.4359Y76.4731
G01 X16.4963Y76.6422
G00 Z20.0000
G00 X16.1803Y76.9449
G01 Z20.0000
G01 X16.0531Y76.5892
G01 X13.5112Y66.4415
G01 X12.9095Y62.3851
G00 Z20.0000
G00 X12.4924Y62.2960
G01 Z20.0000
G01 X13.1189Y66.5195
G01 X15.6334Y76.5581
G00 Z20.0000
G00 X15.1777Y76.3832
G01 Z20.0000
G01 X12.7266Y66.5976
G01 X12.0520Y62.0501
G01 X11.6235Y61.8843
G01 X12.3343Y66.6756
G01 X14.7587Y76.3545
G00 Z20.0000
G00 X14.3662Y76.4319
G01 Z20.0000
G01 X11.9419Y66.7536
G01 X11.2630Y62.1762
G00 Z20.0000
G00 X10.8827Y62.3356
G01 Z20.0000
G01 X11.5496Y66.8317
G01 X13.9992Y76.6110
G00 Z20.0000
G00 X13.6635Y76.9148
G01 Z20.0000
G01 X11.5134Y68.3314
G00 Z20.0000
G00 X11.2482Y68.9167
G01 Z20.0000
G01 X13.1745Y76.6069
G00 Z20.0000
G00 X12.7112Y76.4015
G01 Z20.0000
G01 X11.4762Y71.4712
G00 Z20.0000
G00 X11.1939Y71.9884
G01 Z20.0000
G01 X12.2867Y76.3512
G00 Z20.0000
G00 X11.8899Y76.4113
G01 Z20.0000
G01 X10.8578Y72.2909
G00 Z20.0000
G00 X10.4906Y72.4692
G01 Z20.0000
G01 X11.5190Y76.5746
G00 Z20.0000
G00 X11.1773Y76.8548
G01 Z20.0000
G01 X10.0979Y72.5457
G00 Z20.0000
G00 X9.6786Y72.5159
G01 Z20.0000
G01 X10.7186Y76.6681
G00 Z20.0000
G00 X10.2451Y76.4217
G01 Z20.0000
G01 X9.2225Y72.3395
G00 Z20.0000
G00 X8.6766Y71.8043
G01 Z20.0000
G01 X9.8156Y76.3513
G00 Z20.0000
G00 X9.4147Y76.3951
G01 Z20.0000
G01 X7.2342Y67.6901
G01 X6.3944Y62.0287
G01 X6.7730Y61.8584
G01 X7.6265Y67.6120
G01 X8.4537Y70.9145
G00 Z20.0000
G00 X8.6829Y70.1852
G01 Z20.0000
G01 X8.0188Y67.5340
G01 X7.2302Y62.2174
G00 Z20.0000
G00 X7.6557Y62.3634
G01 Z20.0000
G01 X8.4111Y67.4560
G01 X8.4765Y67.7168
G00 Z20.0000
G00 X8.7584Y67.0744
G01 Z20.0000
G01 X8.0627Y62.3845
G00 Z20.0000
G00 X8.4542Y62.3008
G01 Z20.0000
G01 X9.1114Y66.7310
G00 Z20.0000
G00 X9.4868Y66.5389
G01 Z20.0000
G01 X8.8295Y62.1083
G00 Z20.0000
G00 X9.1824Y61.7644
G01 Z20.0000
G01 X9.8783Y66.4555
G00 Z20.0000
G00 X10.2853Y66.4768
G01 Z20.0000
G01 X9.6425Y62.1435
G00 Z20.0000
G00 X10.0748Y62.3350
G01 Z20.0000
G01 X10.7109Y66.6232
G00 Z20.0000
G00 X11.1785Y66.9943
G01 Z20.0000
G01 X11.1573Y66.9097
G01 X10.4869Y62.3899
G00 Z20.0000
G00 X9.1103Y58.5552
G01 Z20.0000
G01 X8.7916Y56.4071
G01 X8.4642Y49.7429
G00 Z20.0000
G00 X8.0690Y49.8405
G01 Z20.0000
G01 X8.3936Y56.4464
G01 X8.6528Y58.1940
G00 Z20.0000
G00 X8.2271Y58.0471
G01 Z20.0000
G01 X7.9955Y56.4856
G01 X7.6686Y49.8312
G00 Z20.0000
G00 X7.2627Y49.7117
G01 Z20.0000
G01 X7.5974Y56.5248
G01 X7.8200Y58.0254
G00 Z20.0000
G00 X7.4284Y58.1083
G01 Z20.0000
G01 X7.1993Y56.5640
G01 X6.8492Y49.4377
G00 Z20.0000
G00 X6.4152Y48.7446
G01 Z20.0000
G01 X6.8013Y56.6032
G01 X7.0529Y58.2999
G00 Z20.0000
G00 X6.6999Y58.6425
G01 Z20.0000
G01 X6.4032Y56.6424
G01 X5.8708Y45.8063
G00 Z20.0000
G00 X5.4743Y45.8768
G01 Z20.0000
G01 X6.0051Y56.6816
G01 X6.2405Y58.2683
G00 Z20.0000
G00 X5.8080Y58.0757
G01 Z20.0000
G01 X5.6070Y56.7208
G01 X5.0727Y45.8445
G00 Z20.0000
G00 X4.6654Y45.6948
G01 Z20.0000
G01 X5.2090Y56.7600
G01 X5.3959Y58.0201
G00 Z20.0000
G00 X5.3804Y58.0205
G01 Z20.0000
G01 X5.4196Y58.0205
G01 X5.5470Y58.0270
G01 X5.5714Y58.0299
G01 X5.6830Y58.0464
G01 X5.7215Y58.0541
G01 X5.8452Y58.0854
G01 X5.8686Y58.0929
G01 X5.9748Y58.1309
G01 X6.0111Y58.1459
G01 X6.1263Y58.2008
G01 X6.1477Y58.2127
G01 X6.2445Y58.2707
G01 X6.2652Y58.2840
G01 X6.3678Y58.3598
G01 X6.3982Y58.3847
G01 X6.4854Y58.4638
G01 X6.5096Y58.4882
G01 X6.5950Y58.5829
G01 X6.6102Y58.6022
G01 X6.6700Y58.6827
G01 X6.7298Y58.6022
G01 X6.7450Y58.5829
G01 X6.8304Y58.4882
G01 X6.8582Y58.4604
G01 X6.9418Y58.3847
G01 X6.9605Y58.3688
G01 X7.0748Y58.2840
G01 X7.0955Y58.2707
G01 X7.1923Y58.2127
G01 X7.2269Y58.1942
G01 X7.3289Y58.1459
G01 X7.3514Y58.1362
G01 X7.4714Y58.0929
G01 X7.5090Y58.0815
G01 X7.6185Y58.0541
G01 X7.6424Y58.0489
G01 X7.7832Y58.0280
G01 X7.8077Y58.0260
G01 X7.9204Y58.0205
G01 X7.9596Y58.0205
G01 X8.0723Y58.0260
G01 X8.0968Y58.0280
G01 X8.2279Y58.0472
G01 X8.2615Y58.0541
G01 X8.3852Y58.0854
G01 X8.4086Y58.0929
G01 X8.5286Y58.1362
G01 X8.5511Y58.1459
G01 X8.6663Y58.2008
G01 X8.6877Y58.2127
G01 X8.7970Y58.2785
G01 X8.8172Y58.2925
G01 X8.9195Y58.3688
G01 X8.9382Y58.3847
G01 X9.0325Y58.4706
G01 X9.0496Y58.4882
G01 X9.1350Y58.5829
G01 X9.1502Y58.6022
G01 X9.2100Y58.6827
G01 X9.2698Y58.6022
G01 X9.2850Y58.5829
G01 X9.3704Y58.4882
G01 X9.3946Y58.4638
G01 X9.4818Y58.3847
G01 X9.5122Y58.3598
G01 X9.6148Y58.2840
G01 X9.6355Y58.2707
G01 X9.7365Y58.2102
G01 X9.7669Y58.1942
G01 X9.8823Y58.1399
G01 X9.9052Y58.1309
G01 X10.0114Y58.0929
G01 X10.0348Y58.0854
G01 X10.1585Y58.0541
G01 X10.1824Y58.0489
G01 X10.3086Y58.0299
G01 X10.3477Y58.0260
G01 X10.4604Y58.0205
G01 X10.4849Y58.0201
G01 X10.6123Y58.0260
G01 X10.6514Y58.0299
G01 X10.7679Y58.0472
G01 X10.8015Y58.0541
G01 X10.9110Y58.0815
G01 X10.9346Y58.0882
G01 X11.0548Y58.1309
G01 X11.0911Y58.1459
G01 X11.2063Y58.2008
G01 X11.2277Y58.2127
G01 X11.3245Y58.2707
G01 X11.3572Y58.2925
G01 X11.4595Y58.3688
G01 X11.4782Y58.3847
G01 X11.5618Y58.4604
G01 X11.5896Y58.4882
G01 X11.6750Y58.5829
G01 X11.6902Y58.6022
G01 X11.7500Y58.6827
G01 X11.8098Y58.6022
G01 X11.8250Y58.5829
G01 X11.9104Y58.4882
G01 X11.9346Y58.4638
G01 X12.0218Y58.3847
G01 X12.0522Y58.3598
G01 X12.1548Y58.2840
G01 X12.1755Y58.2707
G01 X12.2723Y58.2127
G01 X12.3069Y58.1942
G01 X12.4223Y58.1399
G01 X12.4452Y58.1309
G01 X12.5654Y58.0882
G01 X12.5890Y58.0815
G01 X12.7128Y58.0508
G01 X12.7370Y58.0464
G01 X12.8632Y58.0280
G01 X12.8877Y58.0260
G01 X13.0004Y58.0205
G01 X13.0396Y58.0205
G01 X13.1670Y58.0270
G01 X13.1914Y58.0299
G01 X13.3030Y58.0464
G01 X13.3415Y58.0541
G01 X13.4652Y58.0854
G01 X13.4886Y58.0929
G01 X13.5948Y58.1309
G01 X13.6311Y58.1459
G01 X13.7463Y58.2008
G01 X13.7677Y58.2127
G01 X13.8645Y58.2707
G01 X13.8972Y58.2925
G01 X13.9995Y58.3688
G01 X14.0182Y58.3847
G01 X14.1018Y58.4604
G01 X14.1296Y58.4882
G01 X14.2150Y58.5829
G01 X14.2302Y58.6022
G01 X14.2900Y58.6827
G01 X14.3498Y58.6022
G01 X14.3650Y58.5829
G01 X14.4504Y58.4882
G01 X14.4782Y58.4604
G01 X14.5618Y58.3847
G01 X14.5805Y58.3688
G01 X14.6948Y58.2840
G01 X14.7155Y58.2707
G01 X14.8123Y58.2127
G01 X14.8469Y58.1942
G01 X14.9489Y58.1459
G01 X14.9714Y58.1362
G01 X15.0914Y58.0929
G01 X15.1290Y58.0815
G01 X15.2385Y58.0541
G01 X15.2624Y58.0489
G01 X15.4032Y58.0280
G01 X15.4277Y58.0260
G01 X15.5404Y58.0205
G01 X15.5796Y58.0205
G01 X15.6923Y58.0260
G01 X15.7168Y58.0280
G01 X15.8479Y58.0472
G01 X15.8815Y58.0541
G01 X16.0052Y58.0854
G01 X16.0286Y58.0929
G01 X16.1486Y58.1362
G01 X16.1711Y58.1459
G01 X16.2863Y58.2008
G01 X16.3077Y58.2127
G01 X16.4170Y58.2785
G01 X16.4372Y58.2925
G01 X16.5395Y58.3688
G01 X16.5582Y58.3847
G01 X16.6525Y58.4706
G01 X16.6696Y58.4882
G01 X16.7550Y58.5829
G01 X16.7702Y58.6022
G01 X16.8300Y58.6827
G01 X16.8898Y58.6022
G01 X16.9050Y58.5829
G01 X16.9904Y58.4882
G01 X17.0182Y58.4604
G01 X17.1018Y58.3847
G01 X17.1205Y58.3688
G01 X17.2228Y58.2925
G01 X17.2555Y58.2707
G01 X17.3523Y58.2127
G01 X17.3737Y58.2008
G01 X17.4889Y58.1459
G01 X17.5252Y58.1309
G01 X17.6314Y58.0929
G01 X17.6548Y58.0854
G01 X17.7785Y58.0541
G01 X17.8170Y58.0464
G01 X17.9286Y58.0299
G01 X17.9530Y58.0270
G01 X18.0804Y58.0205
G01 X18.1196Y58.0205
G01 X18.2372Y58.0263
G01 X18.2714Y58.0299
G01 X18.3976Y58.0489
G01 X18.4215Y58.0541
G01 X18.5452Y58.0854
G01 X18.5686Y58.0929
G01 X18.6748Y58.1309
G01 X18.6977Y58.1399
G01 X18.8131Y58.1942
G01 X18.8435Y58.2102
G01 X18.9445Y58.2707
G01 X18.9652Y58.2840
G01 X19.0678Y58.3598
G01 X19.0982Y58.3847
G01 X19.1854Y58.4638
G01 X19.2096Y58.4882
G01 X19.2950Y58.5829
G01 X19.3102Y58.6022
G01 X19.3700Y58.6827
G01 X19.4298Y58.6022
G01 X19.4450Y58.5829
G01 X19.5304Y58.4882
G01 X19.5546Y58.4638
G01 X19.6418Y58.3847
G01 X19.6722Y58.3598
G01 X19.7748Y58.2840
G01 X19.7955Y58.2707
G01 X19.8923Y58.2127
G01 X19.9137Y58.2008
G01 X20.0289Y58.1459
G01 X20.0652Y58.1309
G01 X20.1854Y58.0882
G01 X20.2090Y58.0815
G01 X20.3185Y58.0541
G01 X20.3570Y58.0464
G01 X20.4686Y58.0299
G01 X20.4930Y58.0270
G01 X20.6204Y58.0205
G01 X20.6596Y58.0205
G01 X20.7870Y58.0270
G01 X20.8114Y58.0299
G01 X20.9230Y58.0464
G01 X20.9568Y58.0530
G01 X21.0710Y58.0815
G01 X21.1086Y58.0929
G01 X21.2286Y58.1362
G01 X21.2511Y58.1459
G01 X21.3663Y58.2008
G01 X21.3877Y58.2127
G01 X21.4845Y58.2707
G01 X21.5052Y58.2840
G01 X21.6078Y58.3598
G01 X21.6382Y58.3847
G01 X21.7254Y58.4638
G01 X21.7496Y58.4882
G01 X21.8350Y58.5829
G01 X21.8502Y58.6022
G01 X21.9100Y58.6827
G01 X21.9698Y58.6022
G01 X21.9850Y58.5829
G01 X22.0704Y58.4882
G01 X22.0946Y58.4638
G01 X22.1818Y58.3847
G01 X22.2122Y58.3598
G01 X22.3148Y58.2840
G01 X22.3355Y58.2707
G01 X22.4323Y58.2127
G01 X22.4537Y58.2008
G01 X22.5689Y58.1459
G01 X22.6052Y58.1309
G01 X22.7254Y58.0882
G01 X22.7490Y58.0815
G01 X22.8585Y58.0541
G01 X22.8970Y58.0464
G01 X23.0232Y58.0280
G01 X23.0477Y58.0260
G01 X23.1604Y58.0205
G01 X23.1947Y58.0203
G01 X23.3123Y58.0260
G01 X23.3514Y58.0299
G01 X23.4776Y58.0489
G01 X23.5015Y58.0541
G01 X23.6110Y58.0815
G01 X23.6486Y58.0929
G01 X23.7686Y58.1362
G01 X23.7911Y58.1459
G01 X23.9063Y58.2008
G01 X23.9277Y58.2127
G01 X24.0245Y58.2707
G01 X24.0452Y58.2840
G01 X24.1478Y58.3598
G01 X24.1782Y58.3847
G01 X24.2654Y58.4638
G01 X24.2896Y58.4882
G01 X24.3750Y58.5829
G01 X24.3902Y58.6022
G01 X24.4500Y58.6827
G01 X24.5098Y58.6022
G01 X24.5250Y58.5829
G01 X24.6104Y58.4882
G01 X24.6346Y58.4638
G01 X24.7218Y58.3847
G01 X24.7522Y58.3598
G01 X24.8548Y58.2840
G01 X24.8755Y58.2707
G01 X24.9723Y58.2127
G01 X24.9937Y58.2008
G01 X25.1089Y58.1459
G01 X25.1452Y58.1309
G01 X25.2654Y58.0882
G01 X25.2890Y58.0815
G01 X25.3985Y58.0541
G01 X25.4370Y58.0464
G01 X25.5632Y58.0280
G01 X25.5877Y58.0260
G01 X25.7004Y58.0205
G01 X25.7347Y58.0203
G01 X25.8523Y58.0260
G01 X25.8914Y58.0299
G01 X26.0176Y58.0489
G01 X26.0415Y58.0541
G01 X26.1510Y58.0815
G01 X26.1886Y58.0929
G01 X26.3086Y58.1362
G01 X26.3311Y58.1459
G01 X26.4463Y58.2008
G01 X26.4677Y58.2127
G01 X26.5645Y58.2707
G01 X26.5852Y58.2840
G01 X26.6878Y58.3598
G01 X26.7182Y58.3847
G01 X26.8054Y58.4638
G01 X26.8296Y58.4882
G01 X26.9150Y58.5829
G01 X26.9302Y58.6022
G01 X26.9900Y58.6827
G01 X27.0498Y58.6022
G01 X27.0650Y58.5829
G01 X27.1504Y58.4882
G01 X27.1782Y58.4604
G01 X27.2655Y58.3814
G01 X27.2922Y58.3598
G01 X27.3828Y58.2925
G01 X27.4030Y58.2785
G01 X27.5165Y58.2102
G01 X27.5337Y58.2008
G01 X27.5660Y58.1851
G01 X27.4956Y58.1329
G01 X27.4764Y58.1177
G01 X27.3889Y58.0388
G01 X27.3713Y58.0218
G01 X27.2823Y57.9236
G01 X27.2671Y57.9044
G01 X27.2028Y57.8177
G01 X27.1839Y57.7890
G01 X27.1309Y57.7006
G01 X27.1124Y57.6660
G01 X27.0683Y57.5728
G01 X27.0586Y57.5503
G01 X27.0186Y57.4396
G01 X27.0111Y57.4162
G01 X26.9789Y57.2877
G01 X26.9745Y57.2635
G01 X26.9575Y57.1470
G01 X26.9555Y57.1225
G01 X26.9501Y57.0049
G01 X26.9504Y56.9828
G01 X26.9555Y56.8775
G01 X26.9594Y56.8384
G01 X26.9753Y56.7316
G01 X26.9822Y56.6980
G01 X27.0072Y56.5980
G01 X27.0139Y56.5744
G01 X27.0533Y56.4634
G01 X27.0663Y56.4316
G01 X27.1190Y56.3208
G01 X27.1309Y56.2994
G01 X27.1839Y56.2110
G01 X27.2057Y56.1784
G01 X27.2671Y56.0956
G01 X27.2823Y56.0764
G01 X27.3713Y55.9782
G01 X27.3889Y55.9612
G01 X27.4653Y55.8920
G01 X27.4956Y55.8671
G01 X27.5784Y55.8057
G01 X27.5985Y55.7917
G01 X27.7122Y55.7236
G01 X27.7340Y55.7124
G01 X27.8272Y55.6683
G01 X27.8634Y55.6533
G01 X27.9604Y55.6186
G01 X27.9838Y55.6111
G01 X28.1123Y55.5789
G01 X28.1365Y55.5745
G01 X28.2384Y55.5594
G01 X28.2775Y55.5555
G01 X28.3853Y55.5503
G01 X28.4196Y55.5505
G01 X28.5372Y55.5566
G01 X28.5616Y55.5594
G01 X28.6635Y55.5745
G01 X28.7020Y55.5822
G01 X28.8020Y55.6072
G01 X28.8256Y55.6139
G01 X28.9503Y55.6586
G01 X28.9728Y55.6683
G01 X29.0660Y55.7124
G01 X29.1006Y55.7309
G01 X29.1932Y55.7864
G01 X29.2216Y55.8057
G01 X29.3044Y55.8671
G01 X29.3236Y55.8823
G01 X29.4147Y55.9645
G01 X29.4388Y55.9889
G01 X29.5080Y56.0653
G01 X29.5329Y56.0956
G01 X29.5943Y56.1784
G01 X29.6083Y56.1985
G01 X29.6764Y56.3122
G01 X29.6876Y56.3340
G01 X29.7377Y56.4406
G01 X29.7467Y56.4634
G01 X29.7814Y56.5604
G01 X29.7915Y56.5933
G01 X29.8178Y56.6980
G01 X29.8255Y56.7365
G01 X29.8406Y56.8384
G01 X29.8434Y56.8628
G01 X29.8495Y56.9804
G01 X29.8495Y57.0196
G01 X29.8445Y57.1225
G01 X29.8425Y57.1470
G01 X29.8255Y57.2635
G01 X29.8211Y57.2877
G01 X29.7889Y57.4162
G01 X29.7814Y57.4396
G01 X29.7414Y57.5503
G01 X29.7317Y57.5728
G01 X29.6810Y57.6792
G01 X29.6691Y57.7006
G01 X29.6161Y57.7890
G01 X29.5972Y57.8177
G01 X29.5329Y57.9044
G01 X29.5080Y57.9347
G01 X29.4388Y58.0111
G01 X29.4218Y58.0287
G01 X29.3236Y58.1177
G01 X29.3044Y58.1329
G01 X29.2096Y58.2029
G01 X29.1890Y58.2161
G01 X29.1012Y58.2687
G01 X29.1170Y58.2785
G01 X29.1372Y58.2925
G01 X29.2395Y58.3688
G01 X29.2582Y58.3847
G01 X29.3525Y58.4706
G01 X29.3696Y58.4882
G01 X29.4550Y58.5829
G01 X29.4702Y58.6022
G01 X29.5300Y58.6827
G01 X29.5898Y58.6022
G01 X29.6050Y58.5829
G01 X29.6904Y58.4882
G01 X29.7146Y58.4638
G01 X29.8018Y58.3847
G01 X29.8322Y58.3598
G01 X29.9348Y58.2840
G01 X29.9555Y58.2707
G01 X30.0523Y58.2127
G01 X30.0737Y58.2008
G01 X30.1889Y58.1459
G01 X30.2252Y58.1309
G01 X30.3454Y58.0882
G01 X30.3690Y58.0815
G01 X30.4785Y58.0541
G01 X30.5170Y58.0464
G01 X30.6432Y58.0280
G01 X30.6677Y58.0260
G01 X30.7951Y58.0201
G01 X30.8196Y58.0205
G01 X30.9323Y58.0260
G01 X30.9568Y58.0280
G01 X31.0830Y58.0464
G01 X31.1215Y58.0541
G01 X31.2310Y58.0815
G01 X31.2546Y58.0882
G01 X31.3748Y58.1309
G01 X31.4111Y58.1459
G01 X31.5263Y58.2008
G01 X31.5477Y58.2127
G01 X31.6445Y58.2707
G01 X31.6652Y58.2840
G01 X31.7678Y58.3598
G01 X31.7982Y58.3847
G01 X31.8854Y58.4638
G01 X31.9096Y58.4882
G01 X31.9950Y58.5829
G01 X32.0102Y58.6022
G01 X32.0700Y58.6827
G01 X32.1298Y58.6022
G01 X32.1450Y58.5829
G01 X32.2304Y58.4882
G01 X32.2546Y58.4638
G01 X32.3418Y58.3847
G01 X32.3722Y58.3598
G01 X32.4748Y58.2840
G01 X32.4955Y58.2707
G01 X32.5923Y58.2127
G01 X32.6137Y58.2008
G01 X32.7289Y58.1459
G01 X32.7652Y58.1309
G01 X32.8854Y58.0882
G01 X32.9090Y58.0815
G01 X33.0185Y58.0541
G01 X33.0570Y58.0464
G01 X33.1832Y58.0280
G01 X33.2077Y58.0260
G01 X33.3351Y58.0201
G01 X33.3596Y58.0205
G01 X33.4723Y58.0260
G01 X33.4968Y58.0280
G01 X33.6230Y58.0464
G01 X33.6615Y58.0541
G01 X33.7710Y58.0815
G01 X33.7946Y58.0882
G01 X33.9148Y58.1309
G01 X33.9511Y58.1459
G01 X34.0663Y58.2008
G01 X34.0877Y58.2127
G01 X34.1845Y58.2707
G01 X34.2052Y58.2840
G01 X34.3078Y58.3598
G01 X34.3382Y58.3847
G01 X34.4254Y58.4638
G01 X34.4496Y58.4882
G01 X34.5350Y58.5829
G01 X34.5502Y58.6022
G01 X34.6100Y58.6827
G01 X34.6698Y58.6022
G01 X34.6850Y58.5829
G01 X34.7704Y58.4882
G01 X34.7946Y58.4638
G01 X34.8818Y58.3847
G01 X34.9122Y58.3598
G01 X35.0148Y58.2840
G01 X35.0355Y58.2707
G01 X35.1323Y58.2127
G01 X35.1537Y58.2008
G01 X35.2689Y58.1459
G01 X35.3052Y58.1309
G01 X35.4254Y58.0882
G01 X35.4490Y58.0815
G01 X35.5585Y58.0541
G01 X35.5970Y58.0464
G01 X35.7232Y58.0280
G01 X35.7477Y58.0260
G01 X35.8751Y58.0201
G01 X35.8996Y58.0205
G01 X36.0123Y58.0260
G01 X36.0368Y58.0280
G01 X36.1630Y58.0464
G01 X36.2015Y58.0541
G01 X36.3110Y58.0815
G01 X36.3346Y58.0882
G01 X36.4548Y58.1309
G01 X36.4911Y58.1459
G01 X36.6063Y58.2008
G01 X36.6277Y58.2127
G01 X36.7245Y58.2707
G01 X36.7452Y58.2840
G01 X36.8478Y58.3598
G01 X36.8782Y58.3847
G01 X36.9654Y58.4638
G01 X36.9896Y58.4882
G01 X37.0750Y58.5829
G01 X37.0902Y58.6022
G01 X37.1500Y58.6827
G01 X37.2098Y58.6022
G01 X37.2250Y58.5829
G01 X37.3104Y58.4882
G01 X37.3346Y58.4638
G01 X37.4218Y58.3847
G01 X37.4522Y58.3598
G01 X37.5548Y58.2840
G01 X37.5755Y58.2707
G01 X37.6723Y58.2127
G01 X37.6937Y58.2008
G01 X37.8089Y58.1459
G01 X37.8452Y58.1309
G01 X37.9654Y58.0882
G01 X37.9890Y58.0815
G01 X38.0985Y58.0541
G01 X38.1370Y58.0464
G01 X38.2632Y58.0280
G01 X38.2877Y58.0260
G01 X38.4151Y58.0201
G01 X38.4396Y58.0205
G01 X38.5523Y58.0260
G01 X38.5768Y58.0280
G01 X38.7030Y58.0464
G01 X38.7415Y58.0541
G01 X38.8510Y58.0815
G01 X38.8746Y58.0882
G01 X38.9948Y58.1309
G01 X39.0311Y58.1459
G01 X39.1463Y58.2008
G01 X39.1677Y58.2127
G01 X39.2645Y58.2707
G01 X39.2852Y58.2840
G01 X39.3878Y58.3598
G01 X39.4182Y58.3847
G01 X39.5054Y58.4638
G01 X39.5296Y58.4882
G01 X39.6150Y58.5829
G01 X39.6302Y58.6022
G01 X39.6900Y58.6827
G01 X39.7498Y58.6022
G01 X39.7650Y58.5829
G01 X39.8504Y58.4882
G01 X39.8746Y58.4638
G01 X39.9618Y58.3847
G01 X39.9922Y58.3598
G01 X40.0948Y58.2840
G01 X40.1155Y58.2707
G01 X40.2123Y58.2127
G01 X40.2337Y58.2008
G01 X40.3489Y58.1459
G01 X40.3714Y58.1362
G01 X40.4914Y58.0929
G01 X40.5290Y58.0815
G01 X40.6385Y58.0541
G01 X40.6624Y58.0489
G01 X40.7886Y58.0299
G01 X40.8277Y58.0260
G01 X40.9453Y58.0203
G01 X40.9796Y58.0205
G01 X41.0923Y58.0260
G01 X41.1168Y58.0280
G01 X41.2430Y58.0464
G01 X41.2815Y58.0541
G01 X41.3910Y58.0815
G01 X41.4146Y58.0882
G01 X41.5348Y58.1309
G01 X41.5711Y58.1459
G01 X41.6863Y58.2008
G01 X41.7077Y58.2127
G01 X41.8045Y58.2707
G01 X41.8252Y58.2840
G01 X41.9278Y58.3598
G01 X41.9582Y58.3847
G01 X42.0454Y58.4638
G01 X42.0696Y58.4882
G01 X42.1550Y58.5829
G01 X42.1702Y58.6022
G01 X42.2300Y58.6827
G01 X42.2898Y58.6022
G01 X42.3050Y58.5829
G01 X42.3904Y58.4882
G01 X42.4146Y58.4638
G01 X42.5018Y58.3847
G01 X42.5322Y58.3598
G01 X42.6348Y58.2840
G01 X42.6555Y58.2707
G01 X42.7523Y58.2127
G01 X42.7737Y58.2008
G01 X42.8889Y58.1459
G01 X42.9114Y58.1362
G01 X43.0314Y58.0929
G01 X43.0690Y58.0815
G01 X43.1785Y58.0541
G01 X43.2024Y58.0489
G01 X43.3286Y58.0299
G01 X43.3677Y58.0260
G01 X43.4853Y58.0203
G01 X43.5196Y58.0205
G01 X43.6323Y58.0260
G01 X43.6568Y58.0280
G01 X43.7830Y58.0464
G01 X43.8215Y58.0541
G01 X43.9310Y58.0815
G01 X43.9546Y58.0882
G01 X44.0748Y58.1309
G01 X44.1111Y58.1459
G01 X44.2263Y58.2008
G01 X44.2477Y58.2127
G01 X44.3445Y58.2707
G01 X44.3652Y58.2840
G01 X44.4678Y58.3598
G01 X44.4982Y58.3847
G01 X44.5854Y58.4638
G01 X44.6096Y58.4882
G01 X44.6950Y58.5829
G01 X44.7102Y58.6022
G01 X44.7700Y58.6827
G01 X44.8298Y58.6022
G01 X44.8450Y58.5829
G01 X44.9304Y58.4882
G01 X44.9546Y58.4638
G01 X45.0418Y58.3847
G01 X45.0722Y58.3598
G01 X45.1748Y58.2840
G01 X45.1955Y58.2707
G01 X45.2923Y58.2127
G01 X45.3137Y58.2008
G01 X45.4289Y58.1459
G01 X45.4514Y58.1362
G01 X45.5714Y58.0929
G01 X45.6090Y58.0815
G01 X45.7185Y58.0541
G01 X45.7424Y58.0489
G01 X45.8686Y58.0299
G01 X45.9077Y58.0260
G01 X46.0253Y58.0203
G01 X46.0596Y58.0205
G01 X46.1723Y58.0260
G01 X46.1968Y58.0280
G01 X46.3230Y58.0464
G01 X46.3615Y58.0541
G01 X46.4710Y58.0815
G01 X46.4946Y58.0882
G01 X46.6148Y58.1309
G01 X46.6511Y58.1459
G01 X46.7663Y58.2008
G01 X46.7877Y58.2127
G01 X46.8845Y58.2707
G01 X46.9052Y58.2840
G01 X47.0078Y58.3598
G01 X47.0382Y58.3847
G01 X47.1254Y58.4638
G01 X47.1496Y58.4882
G01 X47.2350Y58.5829
G01 X47.2502Y58.6022
G01 X47.3100Y58.6827
G01 X47.3698Y58.6022
G01 X47.3850Y58.5829
G01 X47.4704Y58.4882
G01 X47.4946Y58.4638
G01 X47.5818Y58.3847
G01 X47.6122Y58.3598
G01 X47.7148Y58.2840
G01 X47.7355Y58.2707
G01 X47.8323Y58.2127
G01 X47.8537Y58.2008
G01 X47.9689Y58.1459
G01 X47.9914Y58.1362
G01 X48.1114Y58.0929
G01 X48.1490Y58.0815
G01 X48.2585Y58.0541
G01 X48.2824Y58.0489
G01 X48.4086Y58.0299
G01 X48.4428Y58.0263
G01 X48.5604Y58.0205
G01 X48.5996Y58.0205
G01 X48.7270Y58.0270
G01 X48.7514Y58.0299
G01 X48.8630Y58.0464
G01 X48.9015Y58.0541
G01 X49.0110Y58.0815
G01 X49.0346Y58.0882
G01 X49.1548Y58.1309
G01 X49.1911Y58.1459
G01 X49.3063Y58.2008
G01 X49.3277Y58.2127
G01 X49.4245Y58.2707
G01 X49.4452Y58.2840
G01 X49.5478Y58.3598
G01 X49.5782Y58.3847
G01 X49.6654Y58.4638
G01 X49.6896Y58.4882
G01 X49.7750Y58.5829
G01 X49.7902Y58.6022
G01 X49.8500Y58.6827
G01 X49.9098Y58.6022
G01 X49.9250Y58.5829
G01 X50.0104Y58.4882
G01 X50.0346Y58.4638
G01 X50.1218Y58.3847
G01 X50.1522Y58.3598
G01 X50.2548Y58.2840
G01 X50.2755Y58.2707
G01 X50.3723Y58.2127
G01 X50.3937Y58.2008
G01 X50.5089Y58.1459
G01 X50.5314Y58.1362
G01 X50.6514Y58.0929
G01 X50.6890Y58.0815
G01 X50.7985Y58.0541
G01 X50.8224Y58.0489
G01 X50.9486Y58.0299
G01 X50.9828Y58.0263
G01 X51.1004Y58.0205
G01 X51.1396Y58.0205
G01 X51.2670Y58.0270
G01 X51.2914Y58.0299
G01 X51.4030Y58.0464
G01 X51.4415Y58.0541
G01 X51.5510Y58.0815
G01 X51.5746Y58.0882
G01 X51.6948Y58.1309
G01 X51.7311Y58.1459
G01 X51.8463Y58.2008
G01 X51.8677Y58.2127
G01 X51.9645Y58.2707
G01 X51.9852Y58.2840
G01 X52.0878Y58.3598
G01 X52.1182Y58.3847
G01 X52.2054Y58.4638
G01 X52.2296Y58.4882
G01 X52.3150Y58.5829
G01 X52.3302Y58.6022
G01 X52.3900Y58.6827
G01 X52.4498Y58.6022
G01 X52.4650Y58.5829
G01 X52.5504Y58.4882
G01 X52.5746Y58.4638
G01 X52.6618Y58.3847
G01 X52.6922Y58.3598
G01 X52.7948Y58.2840
G01 X52.8155Y58.2707
G01 X52.9165Y58.2102
G01 X52.9469Y58.1942
G01 X53.0623Y58.1399
G01 X53.0852Y58.1309
G01 X53.1914Y58.0929
G01 X53.2148Y58.0854
G01 X53.3385Y58.0541
G01 X53.3624Y58.0489
G01 X53.4886Y58.0299
G01 X53.5277Y58.0260
G01 X53.6404Y58.0205
G01 X53.6649Y58.0201
G01 X53.7923Y58.0260
G01 X53.8314Y58.0299
G01 X53.9479Y58.0472
G01 X53.9815Y58.0541
G01 X54.0910Y58.0815
G01 X54.1146Y58.0882
G01 X54.2348Y58.1309
G01 X54.2711Y58.1459
G01 X54.3731Y58.1942
G01 X54.3950Y58.2054
G01 X54.5045Y58.2707
G01 X54.5372Y58.2925
G01 X54.6395Y58.3688
G01 X54.6582Y58.3847
G01 X54.7418Y58.4604
G01 X54.7696Y58.4882
G01 X54.8550Y58.5829
G01 X54.8702Y58.6022
G01 X54.9300Y58.6827
G01 X54.9898Y58.6022
G01 X55.0050Y58.5829
G01 X55.0904Y58.4882
G01 X55.1182Y58.4604
G01 X55.2018Y58.3847
G01 X55.2205Y58.3688
G01 X55.3348Y58.2840
G01 X55.3555Y58.2707
G01 X55.4523Y58.2127
G01 X55.4869Y58.1942
G01 X55.5889Y58.1459
G01 X55.6114Y58.1362
G01 X55.7314Y58.0929
G01 X55.7690Y58.0815
G01 X55.8785Y58.0541
G01 X55.9024Y58.0489
G01 X56.0432Y58.0280
G01 X56.0677Y58.0260
G01 X56.1804Y58.0205
G01 X56.2196Y58.0205
G01 X56.3323Y58.0260
G01 X56.3568Y58.0280
G01 X56.4879Y58.0472
G01 X56.5215Y58.0541
G01 X56.6452Y58.0854
G01 X56.6686Y58.0929
G01 X56.7886Y58.1362
G01 X56.8111Y58.1459
G01 X56.9263Y58.2008
G01 X56.9477Y58.2127
G01 X57.0570Y58.2785
G01 X57.0772Y58.2925
G01 X57.1795Y58.3688
G01 X57.1982Y58.3847
G01 X57.2925Y58.4706
G01 X57.3096Y58.4882
G01 X57.3950Y58.5829
G01 X57.4102Y58.6022
G01 X57.4700Y58.6827
G01 X57.5298Y58.6022
G01 X57.5450Y58.5829
G01 X57.6304Y58.4882
G01 X57.6546Y58.4638
G01 X57.7418Y58.3847
G01 X57.7722Y58.3598
G01 X57.8748Y58.2840
G01 X57.8955Y58.2707
G01 X57.9923Y58.2127
G01 X58.0269Y58.1942
G01 X58.1423Y58.1399
G01 X58.1652Y58.1309
G01 X58.2854Y58.0882
G01 X58.3090Y58.0815
G01 X58.4328Y58.0508
G01 X58.4570Y58.0464
G01 X58.5832Y58.0280
G01 X58.6077Y58.0260
G01 X58.7204Y58.0205
G01 X58.7596Y58.0205
G01 X58.8870Y58.0270
G01 X58.9114Y58.0299
G01 X59.0230Y58.0464
G01 X59.0615Y58.0541
G01 X59.1710Y58.0815
G01 X59.1946Y58.0882
G01 X59.3148Y58.1309
G01 X59.3511Y58.1459
G01 X59.4531Y58.1942
G01 X59.4750Y58.2054
G01 X59.5845Y58.2707
G01 X59.6172Y58.2925
G01 X59.7195Y58.3688
G01 X59.7382Y58.3847
G01 X59.8218Y58.4604
G01 X59.8496Y58.4882
G01 X59.9350Y58.5829
G01 X59.9502Y58.6022
G01 X60.0100Y58.6827
G01 X60.0698Y58.6022
G01 X60.0850Y58.5829
G01 X60.1704Y58.4882
G01 X60.1982Y58.4604
G01 X60.2818Y58.3847
G01 X60.3005Y58.3688
G01 X60.4148Y58.2840
G01 X60.4355Y58.2707
G01 X60.5323Y58.2127
G01 X60.5669Y58.1942
G01 X60.6689Y58.1459
G01 X60.6914Y58.1362
G01 X60.8114Y58.0929
G01 X60.8490Y58.0815
G01 X60.9585Y58.0541
G01 X60.9824Y58.0489
G01 X61.1232Y58.0280
G01 X61.1477Y58.0260
G01 X61.2604Y58.0205
G01 X61.2996Y58.0205
G01 X61.4123Y58.0260
G01 X61.4368Y58.0280
G01 X61.5679Y58.0472
G01 X61.6015Y58.0541
G01 X61.7252Y58.0854
G01 X61.7486Y58.0929
G01 X61.8686Y58.1362
G01 X61.8911Y58.1459
G01 X62.0063Y58.2008
G01 X62.0277Y58.2127
G01 X62.1370Y58.2785
G01 X62.1572Y58.2925
G01 X62.2595Y58.3688
G01 X62.2782Y58.3847
G01 X62.3725Y58.4706
G01 X62.3896Y58.4882
G01 X62.4750Y58.5829
G01 X62.4902Y58.6022
G01 X62.5500Y58.6827
G01 X62.6098Y58.6022
G01 X62.6250Y58.5829
G01 X62.7104Y58.4882
G01 X62.7382Y58.4604
G01 X62.8218Y58.3847
G01 X62.8405Y58.3688
G01 X62.9428Y58.2925
G01 X62.9755Y58.2707
G01 X63.0850Y58.2054
G01 X63.1069Y58.1942
G01 X63.2089Y58.1459
G01 X63.2452Y58.1309
G01 X63.3654Y58.0882
G01 X63.3890Y58.0815
G01 X63.4985Y58.0541
G01 X63.5321Y58.0472
G01 X63.6486Y58.0299
G01 X63.6877Y58.0260
G01 X63.8004Y58.0205
G01 X63.8249Y58.0201
G01 X63.9523Y58.0260
G01 X63.9914Y58.0299
G01 X64.1176Y58.0489
G01 X64.1415Y58.0541
G01 X64.2510Y58.0815
G01 X64.2886Y58.0929
G01 X64.3948Y58.1309
G01 X64.4177Y58.1399
G01 X64.5331Y58.1942
G01 X64.5677Y58.2127
G01 X64.6770Y58.2785
G01 X64.6972Y58.2925
G01 X64.7878Y58.3598
G01 X64.8182Y58.3847
G01 X64.9125Y58.4706
G01 X64.9296Y58.4882
G01 X65.0053Y58.5718
G01 X65.0302Y58.6022
G01 X65.1060Y58.7048
G01 X65.1193Y58.7255
G01 X65.1773Y58.8223
G01 X65.1937Y58.8525
G01 X65.2441Y58.9589
G01 X65.2538Y58.9814
G01 X65.2971Y59.1014
G01 X65.3046Y59.1248
G01 X65.3359Y59.2485
G01 X65.3411Y59.2724
G01 X65.3601Y59.3986
G01 X65.3630Y59.4230
G01 X65.3700Y59.5700
G01 X65.3695Y60.8596
G01 X65.3640Y60.9723
G01 X65.3620Y60.9968
G01 X65.3436Y61.1230
G01 X65.3392Y61.1472
G01 X65.3085Y61.2710
G01 X65.3018Y61.2946
G01 X65.2591Y61.4148
G01 X65.2501Y61.4377
G01 X65.1958Y61.5531
G01 X65.1846Y61.5750
G01 X65.1193Y61.6845
G01 X65.1060Y61.7052
G01 X65.0302Y61.8078
G01 X65.0150Y61.8271
G01 X64.9296Y61.9218
G01 X64.9125Y61.9394
G01 X64.8182Y62.0253
G01 X64.7995Y62.0412
G01 X64.6972Y62.1175
G01 X64.6770Y62.1315
G01 X64.5550Y62.2046
G01 X64.5331Y62.2158
G01 X64.4177Y62.2701
G01 X64.3948Y62.2791
G01 X64.2746Y62.3218
G01 X64.2510Y62.3285
G01 X64.1272Y62.3592
G01 X64.1030Y62.3636
G01 X63.9768Y62.3820
G01 X63.9523Y62.3840
G01 X63.8347Y62.3897
G01 X63.8004Y62.3895
G01 X63.6877Y62.3840
G01 X63.6632Y62.3820
G01 X63.5370Y62.3636
G01 X63.4985Y62.3559
G01 X63.3890Y62.3285
G01 X63.3654Y62.3218
G01 X63.2452Y62.2791
G01 X63.2089Y62.2641
G01 X63.0937Y62.2092
G01 X63.0723Y62.1973
G01 X62.9755Y62.1393
G01 X62.9548Y62.1260
G01 X62.8522Y62.0502
G01 X62.8218Y62.0253
G01 X62.7346Y61.9462
G01 X62.7104Y61.9218
G01 X62.6250Y61.8271
G01 X62.6098Y61.8078
G01 X62.5500Y61.7273
G01 X62.4902Y61.8078
G01 X62.4750Y61.8271
G01 X62.3896Y61.9218
G01 X62.3654Y61.9462
G01 X62.2782Y62.0253
G01 X62.2478Y62.0502
G01 X62.1452Y62.1260
G01 X62.1245Y62.1393
G01 X62.0277Y62.1973
G01 X62.0063Y62.2092
G01 X61.8911Y62.2641
G01 X61.8548Y62.2791
G01 X61.7346Y62.3218
G01 X61.7110Y62.3285
G01 X61.6015Y62.3559
G01 X61.5630Y62.3636
G01 X61.4368Y62.3820
G01 X61.4123Y62.3840
G01 X61.2849Y62.3899
G01 X61.2604Y62.3895
G01 X61.1477Y62.3840
G01 X61.1232Y62.3820
G01 X60.9970Y62.3636
G01 X60.9585Y62.3559
G01 X60.8490Y62.3285
G01 X60.8254Y62.3218
G01 X60.7052Y62.2791
G01 X60.6689Y62.2641
G01 X60.5537Y62.2092
G01 X60.5323Y62.1973
G01 X60.4355Y62.1393
G01 X60.4148Y62.1260
G01 X60.3122Y62.0502
G01 X60.2818Y62.0253
G01 X60.1946Y61.9462
G01 X60.1704Y61.9218
G01 X60.0850Y61.8271
G01 X60.0698Y61.8078
G01 X60.0100Y61.7273
G01 X59.9502Y61.8078
G01 X59.9350Y61.8271
G01 X59.8496Y61.9218
G01 X59.8254Y61.9462
G01 X59.7382Y62.0253
G01 X59.7078Y62.0502
G01 X59.6052Y62.1260
G01 X59.5845Y62.1393
G01 X59.4877Y62.1973
G01 X59.4663Y62.2092
G01 X59.3511Y62.2641
G01 X59.3148Y62.2791
G01 X59.1946Y62.3218
G01 X59.1710Y62.3285
G01 X59.0615Y62.3559
G01 X59.0230Y62.3636
G01 X58.8968Y62.3820
G01 X58.8723Y62.3840
G01 X58.7449Y62.3899
G01 X58.7204Y62.3895
G01 X58.6077Y62.3840
G01 X58.5832Y62.3820
G01 X58.4570Y62.3636
G01 X58.4185Y62.3559
G01 X58.3090Y62.3285
G01 X58.2854Y62.3218
G01 X58.1652Y62.2791
G01 X58.1289Y62.2641
G01 X58.0137Y62.2092
G01 X57.9923Y62.1973
G01 X57.8955Y62.1393
G01 X57.8748Y62.1260
G01 X57.7722Y62.0502
G01 X57.7418Y62.0253
G01 X57.6546Y61.9462
G01 X57.6304Y61.9218
G01 X57.5450Y61.8271
G01 X57.5298Y61.8078
G01 X57.4700Y61.7273
G01 X57.4102Y61.8078
G01 X57.3950Y61.8271
G01 X57.3096Y61.9218
G01 X57.2854Y61.9462
G01 X57.1982Y62.0253
G01 X57.1678Y62.0502
G01 X57.0652Y62.1260
G01 X57.0445Y62.1393
G01 X56.9477Y62.1973
G01 X56.9263Y62.2092
G01 X56.8111Y62.2641
G01 X56.7748Y62.2791
G01 X56.6546Y62.3218
G01 X56.6310Y62.3285
G01 X56.5215Y62.3559
G01 X56.4830Y62.3636
G01 X56.3568Y62.3820
G01 X56.3323Y62.3840
G01 X56.2049Y62.3899
G01 X56.1804Y62.3895
G01 X56.0677Y62.3840
G01 X56.0432Y62.3820
G01 X55.9170Y62.3636
G01 X55.8785Y62.3559
G01 X55.7690Y62.3285
G01 X55.7454Y62.3218
G01 X55.6252Y62.2791
G01 X55.5889Y62.2641
G01 X55.4737Y62.2092
G01 X55.4523Y62.1973
G01 X55.3555Y62.1393
G01 X55.3348Y62.1260
G01 X55.2322Y62.0502
G01 X55.2018Y62.0253
G01 X55.1146Y61.9462
G01 X55.0904Y61.9218
G01 X55.0050Y61.8271
G01 X54.9898Y61.8078
G01 X54.9300Y61.7273
G01 X54.8702Y61.8078
G01 X54.8550Y61.8271
G01 X54.7696Y61.9218
G01 X54.7454Y61.9462
G01 X54.6582Y62.0253
G01 X54.6278Y62.0502
G01 X54.5252Y62.1260
G01 X54.5045Y62.1393
G01 X54.4077Y62.1973
G01 X54.3863Y62.2092
G01 X54.2711Y62.2641
G01 X54.2348Y62.2791
G01 X54.1146Y62.3218
G01 X54.0910Y62.3285
G01 X53.9815Y62.3559
G01 X53.9430Y62.3636
G01 X53.8168Y62.3820
G01 X53.7923Y62.3840
G01 X53.6649Y62.3899
G01 X53.6404Y62.3895
G01 X53.5277Y62.3840
G01 X53.5032Y62.3820
G01 X53.3770Y62.3636
G01 X53.3385Y62.3559
G01 X53.2290Y62.3285
G01 X53.2054Y62.3218
G01 X53.0852Y62.2791
G01 X53.0489Y62.2641
G01 X52.9337Y62.2092
G01 X52.9123Y62.1973
G01 X52.8155Y62.1393
G01 X52.7948Y62.1260
G01 X52.6922Y62.0502
G01 X52.6618Y62.0253
G01 X52.5746Y61.9462
G01 X52.5504Y61.9218
G01 X52.4650Y61.8271
G01 X52.4498Y61.8078
G01 X52.3900Y61.7273
G01 X52.3302Y61.8078
G01 X52.3150Y61.8271
G01 X52.2296Y61.9218
G01 X52.2054Y61.9462
G01 X52.1182Y62.0253
G01 X52.0878Y62.0502
G01 X51.9852Y62.1260
G01 X51.9645Y62.1393
G01 X51.8677Y62.1973
G01 X51.8463Y62.2092
G01 X51.7311Y62.2641
G01 X51.6948Y62.2791
G01 X51.5746Y62.3218
G01 X51.5510Y62.3285
G01 X51.4415Y62.3559
G01 X51.4030Y62.3636
G01 X51.2768Y62.3820
G01 X51.2523Y62.3840
G01 X51.1249Y62.3899
G01 X51.1004Y62.3895
G01 X50.9877Y62.3840
G01 X50.9632Y62.3820
G01 X50.8370Y62.3636
G01 X50.7985Y62.3559
G01 X50.6890Y62.3285
G01 X50.6654Y62.3218
G01 X50.5452Y62.2791
G01 X50.5089Y62.2641
G01 X50.3937Y62.2092
G01 X50.3723Y62.1973
G01 X50.2755Y62.1393
G01 X50.2548Y62.1260
G01 X50.1522Y62.0502
G01 X50.1218Y62.0253
G01 X50.0346Y61.9462
G01 X50.0104Y61.9218
G01 X49.9250Y61.8271
G01 X49.9098Y61.8078
G01 X49.8500Y61.7273
G01 X49.7902Y61.8078
G01 X49.7750Y61.8271
G01 X49.6896Y61.9218
G01 X49.6654Y61.9462
G01 X49.5782Y62.0253
G01 X49.5478Y62.0502
G01 X49.4452Y62.1260
G01 X49.4245Y62.1393
G01 X49.3277Y62.1973
G01 X49.3063Y62.2092
G01 X49.1911Y62.2641
G01 X49.1548Y62.2791
G01 X49.0346Y62.3218
G01 X49.0110Y62.3285
G01 X48.9015Y62.3559
G01 X48.8630Y62.3636
G01 X48.7368Y62.3820
G01 X48.7123Y62.3840
G01 X48.5849Y62.3899
G01 X48.5604Y62.3895
G01 X48.4477Y62.3840
G01 X48.4232Y62.3820
G01 X48.2970Y62.3636
G01 X48.2585Y62.3559
G01 X48.1490Y62.3285
G01 X48.1254Y62.3218
G01 X48.0052Y62.2791
G01 X47.9689Y62.2641
G01 X47.8537Y62.2092
G01 X47.8323Y62.1973
G01 X47.7355Y62.1393
G01 X47.7148Y62.1260
G01 X47.6122Y62.0502
G01 X47.5818Y62.0253
G01 X47.4946Y61.9462
G01 X47.4704Y61.9218
G01 X47.3850Y61.8271
G01 X47.3698Y61.8078
G01 X47.3100Y61.7273
G01 X47.2502Y61.8078
G01 X47.2350Y61.8271
G01 X47.1496Y61.9218
G01 X47.1254Y61.9462
G01 X47.0382Y62.0253
G01 X47.0078Y62.0502
G01 X46.9052Y62.1260
G01 X46.8845Y62.1393
G01 X46.7877Y62.1973
G01 X46.7663Y62.2092
G01 X46.6511Y62.2641
G01 X46.6148Y62.2791
G01 X46.4946Y62.3218
G01 X46.4710Y62.3285
G01 X46.3615Y62.3559
G01 X46.3230Y62.3636
G01 X46.1968Y62.3820
G01 X46.1723Y62.3840
G01 X46.0449Y62.3899
G01 X46.0204Y62.3895
G01 X45.9077Y62.3840
G01 X45.8832Y62.3820
G01 X45.7570Y62.3636
G01 X45.7185Y62.3559
G01 X45.6090Y62.3285
G01 X45.5854Y62.3218
G01 X45.4652Y62.2791
G01 X45.4289Y62.2641
G01 X45.3137Y62.2092
G01 X45.2923Y62.1973
G01 X45.1955Y62.1393
G01 X45.1748Y62.1260
G01 X45.0722Y62.0502
G01 X45.0418Y62.0253
G01 X44.9546Y61.9462
G01 X44.9304Y61.9218
G01 X44.8450Y61.8271
G01 X44.8298Y61.8078
G01 X44.7700Y61.7273
G01 X44.7102Y61.8078
G01 X44.6950Y61.8271
G01 X44.6096Y61.9218
G01 X44.5854Y61.9462
G01 X44.4982Y62.0253
G01 X44.4678Y62.0502
G01 X44.3652Y62.1260
G01 X44.3445Y62.1393
G01 X44.2477Y62.1973
G01 X44.2263Y62.2092
G01 X44.1111Y62.2641
G01 X44.0748Y62.2791
G01 X43.9546Y62.3218
G01 X43.9310Y62.3285
G01 X43.8215Y62.3559
G01 X43.7830Y62.3636
G01 X43.6568Y62.3820
G01 X43.6323Y62.3840
G01 X43.5049Y62.3899
G01 X43.4804Y62.3895
G01 X43.3677Y62.3840
G01 X43.3432Y62.3820
G01 X43.2170Y62.3636
G01 X43.1785Y62.3559
G01 X43.0690Y62.3285
G01 X43.0454Y62.3218
G01 X42.9252Y62.2791
G01 X42.8889Y62.2641
G01 X42.7737Y62.2092
G01 X42.7523Y62.1973
G01 X42.6555Y62.1393
G01 X42.6348Y62.1260
G01 X42.5322Y62.0502
G01 X42.5018Y62.0253
G01 X42.4146Y61.9462
G01 X42.3904Y61.9218
G01 X42.3050Y61.8271
G01 X42.2898Y61.8078
G01 X42.2300Y61.7273
G01 X42.1702Y61.8078
G01 X42.1550Y61.8271
G01 X42.0696Y61.9218
G01 X42.0454Y61.9462
G01 X41.9582Y62.0253
G01 X41.9278Y62.0502
G01 X41.8252Y62.1260
G01 X41.8045Y62.1393
G01 X41.7077Y62.1973
G01 X41.6863Y62.2092
G01 X41.5711Y62.2641
G01 X41.5348Y62.2791
G01 X41.4146Y62.3218
G01 X41.3910Y62.3285
G01 X41.2815Y62.3559
G01 X41.2430Y62.3636
G01 X41.1168Y62.3820
G01 X41.0923Y62.3840
G01 X40.9649Y62.3899
G01 X40.9404Y62.3895
G01 X40.8277Y62.3840
G01 X40.8032Y62.3820
G01 X40.6770Y62.3636
G01 X40.6385Y62.3559
G01 X40.5290Y62.3285
G01 X40.5054Y62.3218
G01 X40.3852Y62.2791
G01 X40.3489Y62.2641
G01 X40.2337Y62.2092
G01 X40.2123Y62.1973
G01 X40.1155Y62.1393
G01 X40.0948Y62.1260
G01 X39.9922Y62.0502
G01 X39.9618Y62.0253
G01 X39.8746Y61.9462
G01 X39.8504Y61.9218
G01 X39.7650Y61.8271
G01 X39.7498Y61.8078
G01 X39.6900Y61.7273
G01 X39.6302Y61.8078
G01 X39.6150Y61.8271
G01 X39.5296Y61.9218
G01 X39.5054Y61.9462
G01 X39.4182Y62.0253
G01 X39.3878Y62.0502
G01 X39.2852Y62.1260
G01 X39.2645Y62.1393
G01 X39.1677Y62.1973
G01 X39.1463Y62.2092
G01 X39.0311Y62.2641
G01 X38.9948Y62.2791
G01 X38.8746Y62.3218
G01 X38.8510Y62.3285
G01 X38.7415Y62.3559
G01 X38.7030Y62.3636
G01 X38.5768Y62.3820
G01 X38.5523Y62.3840
G01 X38.4249Y62.3899
G01 X38.4004Y62.3895
G01 X38.2877Y62.3840
G01 X38.2632Y62.3820
G01 X38.1370Y62.3636
G01 X38.0985Y62.3559
G01 X37.9890Y62.3285
G01 X37.9654Y62.3218
G01 X37.8452Y62.2791
G01 X37.8089Y62.2641
G01 X37.6937Y62.2092
G01 X37.6723Y62.1973
G01 X37.5755Y62.1393
G01 X37.5548Y62.1260
G01 X37.4522Y62.0502
G01 X37.4218Y62.0253
G01 X37.3346Y61.9462
G01 X37.3104Y61.9218
G01 X37.2250Y61.8271
G01 X37.2098Y61.8078
G01 X37.1500Y61.7273
G01 X37.0902Y61.8078
G01 X37.0750Y61.8271
G01 X36.9896Y61.9218
G01 X36.9654Y61.9462
G01 X36.8782Y62.0253
G01 X36.8478Y62.0502
G01 X36.7452Y62.1260
G01 X36.7245Y62.1393
G01 X36.6277Y62.1973
G01 X36.6063Y62.2092
G01 X36.4911Y62.2641
G01 X36.4548Y62.2791
G01 X36.3346Y62.3218
G01 X36.3110Y62.3285
G01 X36.2015Y62.3559
G01 X36.1630Y62.3636
G01 X36.0368Y62.3820
G01 X36.0123Y62.3840
G01 X35.8849Y62.3899
G01 X35.8604Y62.3895
G01 X35.7477Y62.3840
G01 X35.7232Y62.3820
G01 X35.5970Y62.3636
G01 X35.5585Y62.3559
G01 X35.4490Y62.3285
G01 X35.4254Y62.3218
G01 X35.3052Y62.2791
G01 X35.2689Y62.2641
G01 X35.1537Y62.2092
G01 X35.1323Y62.1973
G01 X35.0355Y62.1393
G01 X35.0148Y62.1260
G01 X34.9122Y62.0502
G01 X34.8818Y62.0253
G01 X34.7946Y61.9462
G01 X34.7704Y61.9218
G01 X34.6850Y61.8271
G01 X34.6698Y61.8078
G01 X34.6100Y61.7273
G01 X34.5502Y61.8078
G01 X34.5350Y61.8271
G01 X34.4496Y61.9218
G01 X34.4254Y61.9462
G01 X34.3382Y62.0253
G01 X34.3078Y62.0502
G01 X34.2052Y62.1260
G01 X34.1845Y62.1393
G01 X34.0877Y62.1973
G01 X34.0663Y62.2092
G01 X33.9511Y62.2641
G01 X33.9148Y62.2791
G01 X33.7946Y62.3218
G01 X33.7710Y62.3285
G01 X33.6615Y62.3559
G01 X33.6230Y62.3636
G01 X33.4968Y62.3820
G01 X33.4723Y62.3840
G01 X33.3449Y62.3899
G01 X33.3204Y62.3895
G01 X33.2077Y62.3840
G01 X33.1832Y62.3820
G01 X33.0570Y62.3636
G01 X33.0185Y62.3559
G01 X32.9090Y62.3285
G01 X32.8854Y62.3218
G01 X32.7652Y62.2791
G01 X32.7289Y62.2641
G01 X32.6137Y62.2092
G01 X32.5923Y62.1973
G01 X32.4955Y62.1393
G01 X32.4748Y62.1260
G01 X32.3722Y62.0502
G01 X32.3418Y62.0253
G01 X32.2546Y61.9462
G01 X32.2304Y61.9218
G01 X32.1450Y61.8271
G01 X32.1298Y61.8078
G01 X32.0700Y61.7273
G01 X32.0102Y61.8078
G01 X31.9950Y61.8271
G01 X31.9096Y61.9218
G01 X31.8854Y61.9462
G01 X31.7982Y62.0253
G01 X31.7678Y62.0502
G01 X31.6652Y62.1260
G01 X31.6445Y62.1393
G01 X31.5477Y62.1973
G01 X31.5263Y62.2092
G01 X31.4111Y62.2641
G01 X31.3886Y62.2738
G01 X31.2686Y62.3171
G01 X31.2310Y62.3285
G01 X31.1215Y62.3559
G01 X31.0976Y62.3611
G01 X30.9714Y62.3801
G01 X30.9323Y62.3840
G01 X30.8147Y62.3897
G01 X30.7804Y62.3895
G01 X30.6677Y62.3840
G01 X30.6432Y62.3820
G01 X30.5170Y62.3636
G01 X30.4785Y62.3559
G01 X30.3690Y62.3285
G01 X30.3454Y62.3218
G01 X30.2252Y62.2791
G01 X30.1889Y62.2641
G01 X30.0737Y62.2092
G01 X30.0523Y62.1973
G01 X29.9555Y62.1393
G01 X29.9348Y62.1260
G01 X29.8322Y62.0502
G01 X29.8018Y62.0253
G01 X29.7146Y61.9462
G01 X29.6904Y61.9218
G01 X29.6050Y61.8271
G01 X29.5898Y61.8078
G01 X29.5300Y61.7273
G01 X29.4702Y61.8078
G01 X29.4550Y61.8271
G01 X29.3696Y61.9218
G01 X29.3454Y61.9462
G01 X29.2582Y62.0253
G01 X29.2278Y62.0502
G01 X29.1252Y62.1260
G01 X29.1045Y62.1393
G01 X29.0077Y62.1973
G01 X28.9863Y62.2092
G01 X28.8711Y62.2641
G01 X28.8486Y62.2738
G01 X28.7286Y62.3171
G01 X28.6910Y62.3285
G01 X28.5815Y62.3559
G01 X28.5576Y62.3611
G01 X28.4314Y62.3801
G01 X28.3923Y62.3840
G01 X28.2747Y62.3897
G01 X28.2404Y62.3895
G01 X28.1277Y62.3840
G01 X28.1032Y62.3820
G01 X27.9770Y62.3636
G01 X27.9385Y62.3559
G01 X27.8290Y62.3285
G01 X27.8054Y62.3218
G01 X27.6852Y62.2791
G01 X27.6489Y62.2641
G01 X27.5337Y62.2092
G01 X27.5123Y62.1973
G01 X27.4155Y62.1393
G01 X27.3948Y62.1260
G01 X27.2922Y62.0502
G01 X27.2618Y62.0253
G01 X27.1746Y61.9462
G01 X27.1504Y61.9218
G01 X27.0650Y61.8271
G01 X27.0498Y61.8078
G01 X26.9900Y61.7273
G01 X26.9302Y61.8078
G01 X26.9150Y61.8271
G01 X26.8296Y61.9218
G01 X26.8054Y61.9462
G01 X26.7182Y62.0253
G01 X26.6878Y62.0502
G01 X26.5852Y62.1260
G01 X26.5645Y62.1393
G01 X26.4677Y62.1973
G01 X26.4463Y62.2092
G01 X26.3311Y62.2641
G01 X26.3086Y62.2738
G01 X26.1886Y62.3171
G01 X26.1510Y62.3285
G01 X26.0415Y62.3559
G01 X26.0176Y62.3611
G01 X25.8914Y62.3801
G01 X25.8523Y62.3840
G01 X25.7347Y62.3897
G01 X25.7004Y62.3895
G01 X25.5877Y62.3840
G01 X25.5632Y62.3820
G01 X25.4370Y62.3636
G01 X25.3985Y62.3559
G01 X25.2890Y62.3285
G01 X25.2654Y62.3218
G01 X25.1452Y62.2791
G01 X25.1089Y62.2641
G01 X24.9937Y62.2092
G01 X24.9723Y62.1973
G01 X24.8755Y62.1393
G01 X24.8548Y62.1260
G01 X24.7522Y62.0502
G01 X24.7218Y62.0253
G01 X24.6346Y61.9462
G01 X24.6104Y61.9218
G01 X24.5250Y61.8271
G01 X24.5098Y61.8078
G01 X24.4500Y61.7273
G01 X24.3902Y61.8078
G01 X24.3750Y61.8271
G01 X24.2896Y61.9218
G01 X24.2654Y61.9462
G01 X24.1782Y62.0253
G01 X24.1478Y62.0502
G01 X24.0452Y62.1260
G01 X24.0245Y62.1393
G01 X23.9277Y62.1973
G01 X23.9063Y62.2092
G01 X23.7911Y62.2641
G01 X23.7686Y62.2738
G01 X23.6486Y62.3171
G01 X23.6110Y62.3285
G01 X23.5015Y62.3559
G01 X23.4776Y62.3611
G01 X23.3514Y62.3801
G01 X23.3123Y62.3840
G01 X23.1947Y62.3897
G01 X23.1604Y62.3895
G01 X23.0477Y62.3840
G01 X23.0232Y62.3820
G01 X22.8970Y62.3636
G01 X22.8585Y62.3559
G01 X22.7490Y62.3285
G01 X22.7254Y62.3218
G01 X22.6052Y62.2791
G01 X22.5689Y62.2641
G01 X22.4537Y62.2092
G01 X22.4323Y62.1973
G01 X22.3355Y62.1393
G01 X22.3148Y62.1260
G01 X22.2122Y62.0502
G01 X22.1818Y62.0253
G01 X22.0946Y61.9462
G01 X22.0704Y61.9218
G01 X21.9850Y61.8271
G01 X21.9698Y61.8078
G01 X21.9100Y61.7273
G01 X21.8502Y61.8078
G01 X21.8350Y61.8271
G01 X21.7496Y61.9218
G01 X21.7254Y61.9462
G01 X21.6382Y62.0253
G01 X21.6078Y62.0502
G01 X21.5052Y62.1260
G01 X21.4845Y62.1393
G01 X21.3877Y62.1973
G01 X21.3663Y62.2092
G01 X21.2511Y62.2641
G01 X21.2286Y62.2738
G01 X21.1086Y62.3171
G01 X21.0710Y62.3285
G01 X20.9615Y62.3559
G01 X20.9376Y62.3611
G01 X20.8114Y62.3801
G01 X20.7772Y62.3837
G01 X20.6596Y62.3895
G01 X20.6204Y62.3895
G01 X20.4930Y62.3830
G01 X20.4686Y62.3801
G01 X20.3570Y62.3636
G01 X20.3185Y62.3559
G01 X20.2090Y62.3285
G01 X20.1854Y62.3218
G01 X20.0652Y62.2791
G01 X20.0289Y62.2641
G01 X19.9137Y62.2092
G01 X19.8923Y62.1973
G01 X19.7955Y62.1393
G01 X19.7748Y62.1260
G01 X19.6722Y62.0502
G01 X19.6418Y62.0253
G01 X19.5546Y61.9462
G01 X19.5304Y61.9218
G01 X19.4450Y61.8271
G01 X19.4298Y61.8078
G01 X19.3700Y61.7273
G01 X19.3102Y61.8078
G01 X19.2950Y61.8271
G01 X19.2096Y61.9218
G01 X19.1854Y61.9462
G01 X19.0982Y62.0253
G01 X19.0678Y62.0502
G01 X18.9652Y62.1260
G01 X18.9445Y62.1393
G01 X18.8435Y62.1998
G01 X18.8131Y62.2158
G01 X18.6977Y62.2701
G01 X18.6748Y62.2791
G01 X18.5686Y62.3171
G01 X18.5452Y62.3246
G01 X18.4215Y62.3559
G01 X18.3976Y62.3611
G01 X18.2714Y62.3801
G01 X18.2372Y62.3837
G01 X18.1196Y62.3895
G01 X18.0804Y62.3895
G01 X17.9530Y62.3830
G01 X17.9286Y62.3801
G01 X17.8170Y62.3636
G01 X17.7785Y62.3559
G01 X17.6548Y62.3246
G01 X17.6314Y62.3171
G01 X17.5252Y62.2791
G01 X17.4889Y62.2641
G01 X17.3737Y62.2092
G01 X17.3523Y62.1973
G01 X17.2555Y62.1393
G01 X17.2228Y62.1175
G01 X17.1205Y62.0412
G01 X17.1018Y62.0253
G01 X17.0182Y61.9496
G01 X16.9904Y61.9218
G01 X16.9050Y61.8271
G01 X16.8898Y61.8078
G01 X16.8300Y61.7273
G01 X16.7702Y61.8078
G01 X16.7550Y61.8271
G01 X16.6696Y61.9218
G01 X16.6525Y61.9394
G01 X16.5582Y62.0253
G01 X16.5395Y62.0412
G01 X16.4372Y62.1175
G01 X16.4170Y62.1315
G01 X16.3077Y62.1973
G01 X16.2863Y62.2092
G01 X16.1711Y62.2641
G01 X16.1486Y62.2738
G01 X16.0286Y62.3171
G01 X16.0052Y62.3246
G01 X15.8815Y62.3559
G01 X15.8479Y62.3628
G01 X15.7168Y62.3820
G01 X15.6923Y62.3840
G01 X15.5796Y62.3895
G01 X15.5404Y62.3895
G01 X15.4277Y62.3840
G01 X15.4032Y62.3820
G01 X15.2624Y62.3611
G01 X15.2385Y62.3559
G01 X15.1290Y62.3285
G01 X15.0914Y62.3171
G01 X14.9714Y62.2738
G01 X14.9489Y62.2641
G01 X14.8469Y62.2158
G01 X14.8123Y62.1973
G01 X14.7155Y62.1393
G01 X14.6948Y62.1260
G01 X14.5805Y62.0412
G01 X14.5618Y62.0253
G01 X14.4782Y61.9496
G01 X14.4504Y61.9218
G01 X14.3650Y61.8271
G01 X14.3498Y61.8078
G01 X14.2900Y61.7273
G01 X14.2302Y61.8078
G01 X14.2150Y61.8271
G01 X14.1296Y61.9218
G01 X14.1018Y61.9496
G01 X14.0182Y62.0253
G01 X13.9995Y62.0412
G01 X13.8972Y62.1175
G01 X13.8645Y62.1393
G01 X13.7677Y62.1973
G01 X13.7463Y62.2092
G01 X13.6311Y62.2641
G01 X13.5948Y62.2791
G01 X13.4886Y62.3171
G01 X13.4652Y62.3246
G01 X13.3415Y62.3559
G01 X13.3030Y62.3636
G01 X13.1914Y62.3801
G01 X13.1670Y62.3830
G01 X13.0396Y62.3895
G01 X13.0004Y62.3895
G01 X12.8877Y62.3840
G01 X12.8632Y62.3820
G01 X12.7370Y62.3636
G01 X12.7128Y62.3592
G01 X12.5890Y62.3285
G01 X12.5654Y62.3218
G01 X12.4452Y62.2791
G01 X12.4223Y62.2701
G01 X12.3069Y62.2158
G01 X12.2723Y62.1973
G01 X12.1755Y62.1393
G01 X12.1548Y62.1260
G01 X12.0522Y62.0502
G01 X12.0218Y62.0253
G01 X11.9346Y61.9462
G01 X11.9104Y61.9218
G01 X11.8250Y61.8271
G01 X11.8098Y61.8078
G01 X11.7500Y61.7273
G01 X11.6902Y61.8078
G01 X11.6750Y61.8271
G01 X11.5896Y61.9218
G01 X11.5618Y61.9496
G01 X11.4782Y62.0253
G01 X11.4595Y62.0412
G01 X11.3572Y62.1175
G01 X11.3245Y62.1393
G01 X11.2277Y62.1973
G01 X11.2063Y62.2092
G01 X11.0911Y62.2641
G01 X11.0548Y62.2791
G01 X10.9346Y62.3218
G01 X10.9110Y62.3285
G01 X10.8015Y62.3559
G01 X10.7679Y62.3628
G01 X10.6514Y62.3801
G01 X10.6123Y62.3840
G01 X10.4996Y62.3895
G01 X10.4751Y62.3899
G01 X10.3477Y62.3840
G01 X10.3086Y62.3801
G01 X10.1824Y62.3611
G01 X10.1585Y62.3559
G01 X10.0348Y62.3246
G01 X10.0114Y62.3171
G01 X9.9052Y62.2791
G01 X9.8823Y62.2701
G01 X9.7669Y62.2158
G01 X9.7365Y62.1998
G01 X9.6355Y62.1393
G01 X9.6148Y62.1260
G01 X9.5122Y62.0502
G01 X9.4818Y62.0253
G01 X9.3946Y61.9462
G01 X9.3704Y61.9218
G01 X9.2850Y61.8271
G01 X9.2698Y61.8078
G01 X9.2100Y61.7273
G01 X9.1502Y61.8078
G01 X9.1350Y61.8271
G01 X9.0496Y61.9218
G01 X9.0325Y61.9394
G01 X8.9382Y62.0253
G01 X8.9195Y62.0412
G01 X8.8172Y62.1175
G01 X8.7970Y62.1315
G01 X8.6877Y62.1973
G01 X8.6663Y62.2092
G01 X8.5511Y62.2641
G01 X8.5286Y62.2738
G01 X8.4086Y62.3171
G01 X8.3852Y62.3246
G01 X8.2615Y62.3559
G01 X8.2279Y62.3628
G01 X8.0968Y62.3820
G01 X8.0723Y62.3840
G01 X7.9596Y62.3895
G01 X7.9204Y62.3895
G01 X7.8077Y62.3840
G01 X7.7832Y62.3820
G01 X7.6424Y62.3611
G01 X7.6185Y62.3559
G01 X7.5090Y62.3285
G01 X7.4714Y62.3171
G01 X7.3514Y62.2738
G01 X7.3289Y62.2641
G01 X7.2269Y62.2158
G01 X7.1923Y62.1973
G01 X7.0955Y62.1393
G01 X7.0748Y62.1260
G01 X6.9605Y62.0412
G01 X6.9418Y62.0253
G01 X6.8582Y61.9496
G01 X6.8304Y61.9218
G01 X6.7450Y61.8271
G01 X6.7298Y61.8078
G01 X6.6700Y61.7273
G01 X6.6102Y61.8078
G01 X6.5950Y61.8271
G01 X6.5096Y61.9218
G01 X6.4854Y61.9462
G01 X6.3982Y62.0253
G01 X6.3678Y62.0502
G01 X6.2652Y62.1260
G01 X6.2445Y62.1393
G01 X6.1477Y62.1973
G01 X6.1263Y62.2092
G01 X6.0111Y62.2641
G01 X5.9748Y62.2791
G01 X5.8686Y62.3171
G01 X5.8452Y62.3246
G01 X5.7215Y62.3559
G01 X5.6830Y62.3636
G01 X5.5714Y62.3801
G01 X5.5470Y62.3830
G01 X5.4196Y62.3895
G01 X5.3804Y62.3895
G01 X5.2677Y62.3840
G01 X5.2432Y62.3820
G01 X5.1170Y62.3636
G01 X5.0928Y62.3592
G01 X4.9690Y62.3285
G01 X4.9454Y62.3218
G01 X4.8252Y62.2791
G01 X4.8023Y62.2701
G01 X4.6869Y62.2158
G01 X4.6650Y62.2046
G01 X4.5555Y62.1393
G01 X4.5348Y62.1260
G01 X4.4322Y62.0502
G01 X4.4129Y62.0350
G01 X4.3182Y61.9496
G01 X4.3006Y61.9325
G01 X4.2147Y61.8382
G01 X4.1988Y61.8195
G01 X4.1225Y61.7172
G01 X4.1085Y61.6970
G01 X4.0427Y61.5877
G01 X4.0308Y61.5663
G01 X3.9759Y61.4511
G01 X3.9662Y61.4286
G01 X3.9229Y61.3086
G01 X3.9154Y61.2852
G01 X3.8841Y61.1615
G01 X3.8789Y61.1376
G01 X3.8599Y61.0114
G01 X3.8570Y60.9870
G01 X3.8500Y60.8400
G01 X3.8500Y59.5700
G01 X3.8570Y59.4230
G01 X3.8599Y59.3986
G01 X3.8789Y59.2724
G01 X3.8841Y59.2485
G01 X3.9115Y59.1390
G01 X3.9182Y59.1154
G01 X3.9609Y58.9952
G01 X3.9699Y58.9723
G01 X4.0242Y58.8569
G01 X4.0354Y58.8350
G01 X4.1007Y58.7255
G01 X4.1225Y58.6928
G01 X4.1988Y58.5905
G01 X4.2147Y58.5718
G01 X4.2904Y58.4882
G01 X4.3182Y58.4604
G01 X4.4129Y58.3750
G01 X4.4322Y58.3598
G01 X4.5228Y58.2925
G01 X4.5555Y58.2707
G01 X4.6523Y58.2127
G01 X4.6737Y58.2008
G01 X4.7889Y58.1459
G01 X4.8252Y58.1309
G01 X4.9314Y58.0929
G01 X4.9548Y58.0854
G01 X5.0785Y58.0541
G01 X5.1170Y58.0464
G01 X5.2286Y58.0299
G01 X5.2530Y58.0270
G01 X5.3804Y58.0205
G00 Z20.0000
G00 X5.0000Y58.0737
G01 Z20.0000
G01 X4.8109Y56.7992
G01 X4.2629Y45.6449
G01 X4.2752Y45.3950
G00 Z20.0000
G00 X3.9072Y44.7438
G01 Z20.0000
G01 X3.8629Y45.6449
G01 X4.4128Y56.8384
G01 X4.6196Y58.2323
G00 Z20.0000
G00 X4.2588Y58.5231
G01 Z20.0000
G01 X4.0147Y56.8776
G01 X3.4629Y45.6449
G01 X4.0147Y34.4121
G01 X4.7576Y29.4041
G00 Z20.0000
G00 X4.3365Y29.5205
G01 Z20.0000
G01 X3.6167Y34.3729
G01 X3.0629Y45.6449
G01 X3.6167Y56.9168
G01 X3.9355Y59.0662
G00 Z20.0000
G00 X4.3702Y61.9967
G01 Z20.0000
G01 X5.2726Y68.0803
G01 X7.3452Y76.3547
G00 Z20.0000
G00 X6.9396Y76.3795
G01 Z20.0000
G01 X4.8803Y68.1583
G01 X3.2186Y56.9560
G01 X2.6629Y45.6449
G01 X3.2186Y34.3337
G01 X3.9286Y29.5470
G00 Z20.0000
G00 X3.5326Y29.4942
G01 Z20.0000
G01 X2.8205Y34.2945
G01 X2.2629Y45.6449
G01 X2.8205Y56.9952
G01 X4.4880Y68.2363
G01 X6.5601Y76.5085
G00 Z20.0000
G00 X6.2076Y76.7457
G01 Z20.0000
G01 X4.0957Y68.3144
G01 X2.4225Y57.0345
G01 X1.8629Y45.6449
G01 X2.4225Y34.2553
G01 X3.1482Y29.3627
G00 Z20.0000
G00 X2.7769Y29.1427
G01 Z20.0000
G01 X2.0244Y34.2161
G01 X1.4629Y45.6449
G01 X2.0244Y57.0737
G01 X3.7034Y68.3924
G01 X5.8932Y77.1347
G00 Z20.0000
G00 X7.7807Y76.4487
G01 Z20.0000
G01 X5.6649Y68.0022
G01 X4.8154Y62.2754
G00 Z20.0000
G00 X5.2350Y62.3810
G01 Z20.0000
G01 X6.0572Y67.9242
G01 X8.2653Y76.7392
G01 X8.6915Y76.7967
G01 X6.4496Y67.8461
G01 X5.6373Y62.3704
G00 Z20.0000
G00 X6.0245Y62.2577
G01 Z20.0000
G01 X6.8419Y67.7681
G01 X9.0388Y76.5389
G01 X7.8148Y76.4609
G01 X7.8466Y76.4739
G01 X7.9531Y76.5242
G01 X7.9877Y76.5427
G01 X8.0845Y76.6007
G01 X8.1052Y76.6140
G01 X8.2195Y76.6988
G01 X8.2382Y76.7147
G01 X8.3218Y76.7904
G01 X8.3496Y76.8182
G01 X8.4350Y76.9129
G01 X8.4502Y76.9322
G01 X8.5100Y77.0127
G01 X8.5698Y76.9322
G01 X8.5850Y76.9129
G01 X8.6704Y76.8182
G01 X8.6982Y76.7904
G01 X8.7818Y76.7147
G01 X8.8005Y76.6988
G01 X8.9148Y76.6140
G01 X8.9355Y76.6007
G01 X9.0323Y76.5427
G01 X9.0669Y76.5242
G01 X9.1689Y76.4759
G01 X9.1914Y76.4662
G01 X9.3114Y76.4229
G01 X9.3490Y76.4115
G01 X9.4585Y76.3841
G01 X9.4824Y76.3789
G01 X9.6232Y76.3580
G01 X9.6477Y76.3560
G01 X9.7604Y76.3505
G01 X9.7996Y76.3505
G01 X9.9123Y76.3560
G01 X9.9368Y76.3580
G01 X10.0679Y76.3772
G01 X10.1015Y76.3841
G01 X10.2252Y76.4154
G01 X10.2486Y76.4229
G01 X10.3686Y76.4662
G01 X10.3911Y76.4759
G01 X10.5063Y76.5308
G01 X10.5277Y76.5427
G01 X10.6370Y76.6085
G01 X10.6572Y76.6225
G01 X10.7595Y76.6988
G01 X10.7782Y76.7147
G01 X10.8725Y76.8006
G01 X10.8896Y76.8182
G01 X10.9750Y76.9129
G01 X10.9902Y76.9322
G01 X11.0500Y77.0127
G01 X11.1098Y76.9322
G01 X11.1250Y76.9129
G01 X11.2104Y76.8182
G01 X11.2382Y76.7904
G01 X11.3218Y76.7147
G01 X11.3405Y76.6988
G01 X11.4428Y76.6225
G01 X11.4755Y76.6007
G01 X11.5723Y76.5427
G01 X11.5937Y76.5308
G01 X11.7089Y76.4759
G01 X11.7452Y76.4609
G01 X11.8654Y76.4182
G01 X11.8890Y76.4115
G01 X11.9985Y76.3841
G01 X12.0370Y76.3764
G01 X12.1486Y76.3599
G01 X12.1730Y76.3570
G01 X12.3004Y76.3505
G01 X12.3396Y76.3505
G01 X12.4670Y76.3570
G01 X12.4914Y76.3599
G01 X12.6030Y76.3764
G01 X12.6272Y76.3808
G01 X12.7510Y76.4115
G01 X12.7746Y76.4182
G01 X12.8948Y76.4609
G01 X12.9177Y76.4699
G01 X13.0331Y76.5242
G01 X13.0677Y76.5427
G01 X13.1645Y76.6007
G01 X13.1852Y76.6140
G01 X13.2878Y76.6898
G01 X13.3182Y76.7147
G01 X13.4054Y76.7938
G01 X13.4296Y76.8182
G01 X13.5150Y76.9129
G01 X13.5302Y76.9322
G01 X13.5900Y77.0127
G01 X13.6498Y76.9322
G01 X13.6650Y76.9129
G01 X13.7504Y76.8182
G01 X13.7782Y76.7904
G01 X13.8618Y76.7147
G01 X13.8805Y76.6988
G01 X13.9828Y76.6225
G01 X14.0155Y76.6007
G01 X14.1123Y76.5427
G01 X14.1337Y76.5308
G01 X14.2489Y76.4759
G01 X14.2852Y76.4609
G01 X14.4054Y76.4182
G01 X14.4290Y76.4115
G01 X14.5385Y76.3841
G01 X14.5770Y76.3764
G01 X14.6886Y76.3599
G01 X14.7130Y76.3570
G01 X14.8404Y76.3505
G01 X14.8796Y76.3505
G01 X14.9972Y76.3563
G01 X15.0314Y76.3599
G01 X15.1576Y76.3789
G01 X15.1815Y76.3841
G01 X15.3052Y76.4154
G01 X15.3286Y76.4229
G01 X15.4348Y76.4609
G01 X15.4577Y76.4699
G01 X15.5731Y76.5242
G01 X15.6035Y76.5402
G01 X15.7045Y76.6007
G01 X15.7252Y76.6140
G01 X15.8278Y76.6898
G01 X15.8582Y76.7147
G01 X15.9454Y76.7938
G01 X15.9696Y76.8182
G01 X16.0550Y76.9129
G01 X16.0702Y76.9322
G01 X16.1300Y77.0127
G01 X16.1898Y76.9322
G01 X16.2050Y76.9129
G01 X16.2904Y76.8182
G01 X16.3182Y76.7904
G01 X16.4018Y76.7147
G01 X16.4205Y76.6988
G01 X16.5348Y76.6140
G01 X16.5555Y76.6007
G01 X16.6523Y76.5427
G01 X16.6869Y76.5242
G01 X16.7889Y76.4759
G01 X16.8114Y76.4662
G01 X16.9314Y76.4229
G01 X16.9690Y76.4115
G01 X17.0785Y76.3841
G01 X17.1024Y76.3789
G01 X17.2432Y76.3580
G01 X17.2677Y76.3560
G01 X17.3804Y76.3505
G01 X17.4196Y76.3505
G01 X17.5470Y76.3570
G01 X17.5714Y76.3599
G01 X17.6830Y76.3764
G01 X17.7215Y76.3841
G01 X17.8452Y76.4154
G01 X17.8686Y76.4229
G01 X17.9886Y76.4662
G01 X18.0111Y76.4759
G01 X18.1263Y76.5308
G01 X18.1477Y76.5427
G01 X18.2570Y76.6085
G01 X18.2772Y76.6225
G01 X18.3795Y76.6988
G01 X18.3982Y76.7147
G01 X18.4925Y76.8006
G01 X18.5096Y76.8182
G01 X18.5950Y76.9129
G01 X18.6102Y76.9322
G01 X18.6860Y77.0348
G01 X18.6993Y77.0555
G01 X18.7646Y77.1650
G01 X18.7758Y77.1869
G01 X18.8301Y77.3023
G01 X18.8391Y77.3252
G01 X18.8818Y77.4454
G01 X18.8885Y77.4690
G01 X18.9192Y77.5928
G01 X18.9236Y77.6170
G01 X18.9420Y77.7432
G01 X18.9440Y77.7677
G01 X18.9499Y77.8951
G01 X18.9495Y77.9196
G01 X18.9430Y78.0470
G01 X18.9401Y78.0714
G01 X18.9236Y78.1830
G01 X18.9171Y78.2168
G01 X18.8885Y78.3310
G01 X18.8771Y78.3686
G01 X18.8391Y78.4748
G01 X18.8301Y78.4977
G01 X18.7692Y78.6263
G01 X18.7573Y78.6477
G01 X18.6915Y78.7570
G01 X18.6775Y78.7772
G01 X18.6102Y78.8678
G01 X18.5853Y78.8982
G01 X18.5062Y78.9854
G01 X18.4818Y79.0096
G01 X18.3982Y79.0853
G01 X18.3795Y79.1012
G01 X18.2652Y79.1860
G01 X18.2445Y79.1993
G01 X18.1350Y79.2646
G01 X18.1131Y79.2758
G01 X18.0111Y79.3241
G01 X17.9794Y79.3374
G01 X17.8686Y79.3771
G01 X17.8310Y79.3885
G01 X17.7215Y79.4159
G01 X17.6976Y79.4211
G01 X17.5714Y79.4401
G01 X17.5470Y79.4430
G01 X17.4196Y79.4495
G01 X17.3804Y79.4495
G01 X17.2530Y79.4430
G01 X17.2286Y79.4401
G01 X17.1170Y79.4236
G01 X17.0785Y79.4159
G01 X16.9548Y79.3846
G01 X16.9314Y79.3771
G01 X16.8252Y79.3391
G01 X16.7889Y79.3241
G01 X16.6737Y79.2692
G01 X16.6523Y79.2573
G01 X16.5555Y79.1993
G01 X16.5228Y79.1775
G01 X16.4205Y79.1012
G01 X16.4018Y79.0853
G01 X16.3182Y79.0096
G01 X16.2904Y78.9818
G01 X16.2050Y78.8871
G01 X16.1898Y78.8678
G01 X16.1300Y78.7873
G01 X16.0702Y78.8678
G01 X16.0550Y78.8871
G01 X15.9696Y78.9818
G01 X15.9454Y79.0062
G01 X15.8582Y79.0853
G01 X15.8278Y79.1102
G01 X15.7252Y79.1860
G01 X15.7045Y79.1993
G01 X15.6035Y79.2598
G01 X15.5731Y79.2758
G01 X15.4577Y79.3301
G01 X15.4348Y79.3391
G01 X15.3286Y79.3771
G01 X15.3052Y79.3846
G01 X15.1815Y79.4159
G01 X15.1576Y79.4211
G01 X15.0314Y79.4401
G01 X14.9923Y79.4440
G01 X14.8796Y79.4495
G01 X14.8551Y79.4499
G01 X14.7277Y79.4440
G01 X14.6886Y79.4401
G01 X14.5721Y79.4228
G01 X14.5385Y79.4159
G01 X14.4290Y79.3885
G01 X14.4054Y79.3818
G01 X14.2852Y79.3391
G01 X14.2489Y79.3241
G01 X14.1337Y79.2692
G01 X14.1123Y79.2573
G01 X14.0155Y79.1993
G01 X13.9828Y79.1775
G01 X13.8805Y79.1012
G01 X13.8618Y79.0853
G01 X13.7782Y79.0096
G01 X13.7504Y78.9818
G01 X13.6650Y78.8871
G01 X13.6498Y78.8678
G01 X13.5900Y78.7873
G01 X13.5302Y78.8678
G01 X13.5150Y78.8871
G01 X13.4296Y78.9818
G01 X13.4054Y79.0062
G01 X13.3182Y79.0853
G01 X13.2878Y79.1102
G01 X13.1852Y79.1860
G01 X13.1645Y79.1993
G01 X13.0677Y79.2573
G01 X13.0331Y79.2758
G01 X12.9177Y79.3301
G01 X12.8948Y79.3391
G01 X12.7746Y79.3818
G01 X12.7510Y79.3885
G01 X12.6415Y79.4159
G01 X12.6176Y79.4211
G01 X12.4914Y79.4401
G01 X12.4670Y79.4430
G01 X12.3396Y79.4495
G01 X12.3004Y79.4495
G01 X12.1730Y79.4430
G01 X12.1486Y79.4401
G01 X12.0370Y79.4236
G01 X11.9985Y79.4159
G01 X11.8748Y79.3846
G01 X11.8514Y79.3771
G01 X11.7452Y79.3391
G01 X11.7089Y79.3241
G01 X11.5937Y79.2692
G01 X11.5723Y79.2573
G01 X11.4755Y79.1993
G01 X11.4428Y79.1775
G01 X11.3405Y79.1012
G01 X11.3218Y79.0853
G01 X11.2382Y79.0096
G01 X11.2104Y78.9818
G01 X11.1250Y78.8871
G01 X11.1098Y78.8678
G01 X11.0500Y78.7873
G01 X10.9902Y78.8678
G01 X10.9750Y78.8871
G01 X10.8896Y78.9818
G01 X10.8654Y79.0062
G01 X10.7782Y79.0853
G01 X10.7478Y79.1102
G01 X10.6452Y79.1860
G01 X10.6245Y79.1993
G01 X10.5277Y79.2573
G01 X10.4931Y79.2758
G01 X10.3777Y79.3301
G01 X10.3548Y79.3391
G01 X10.2346Y79.3818
G01 X10.2110Y79.3885
G01 X10.0872Y79.4192
G01 X10.0630Y79.4236
G01 X9.9466Y79.4408
G01 X9.9123Y79.4440
G01 X9.7996Y79.4495
G01 X9.7751Y79.4499
G01 X9.6477Y79.4440
G01 X9.6086Y79.4401
G01 X9.4824Y79.4211
G01 X9.4585Y79.4159
G01 X9.3490Y79.3885
G01 X9.3114Y79.3771
G01 X9.2052Y79.3391
G01 X9.1734Y79.3261
G01 X9.0537Y79.2692
G01 X9.0323Y79.2573
G01 X8.9355Y79.1993
G01 X8.9028Y79.1775
G01 X8.8005Y79.1012
G01 X8.7818Y79.0853
G01 X8.6982Y79.0096
G01 X8.6704Y78.9818
G01 X8.5850Y78.8871
G01 X8.5698Y78.8678
G01 X8.5100Y78.7873
G01 X8.4502Y78.8678
G01 X8.4350Y78.8871
G01 X8.3496Y78.9818
G01 X8.3325Y78.9994
G01 X8.2271Y79.0950
G01 X8.2078Y79.1102
G01 X8.1172Y79.1775
G01 X8.0845Y79.1993
G01 X7.9835Y79.2598
G01 X7.9531Y79.2758
G01 X7.8511Y79.3241
G01 X7.8286Y79.3338
G01 X7.7086Y79.3771
G01 X7.6852Y79.3846
G01 X7.5615Y79.4159
G01 X7.5376Y79.4211
G01 X7.3968Y79.4420
G01 X7.3723Y79.4440
G01 X7.2449Y79.4499
G01 X7.2204Y79.4495
G01 X7.1077Y79.4440
G01 X7.0735Y79.4408
G01 X6.9570Y79.4236
G01 X6.9185Y79.4159
G01 X6.8090Y79.3885
G01 X6.7854Y79.3818
G01 X6.6514Y79.3338
G01 X6.6289Y79.3241
G01 X6.5137Y79.2692
G01 X6.4923Y79.2573
G01 X6.3830Y79.1915
G01 X6.3628Y79.1775
G01 X6.2605Y79.1012
G01 X6.2418Y79.0853
G01 X6.1475Y78.9994
G01 X6.1304Y78.9818
G01 X6.0450Y78.8871
G01 X6.0298Y78.8678
G01 X5.9540Y78.7652
G01 X5.9407Y78.7445
G01 X5.8754Y78.6350
G01 X5.8642Y78.6131
G01 X5.8099Y78.4977
G01 X5.8009Y78.4748
G01 X5.7582Y78.3546
G01 X5.7515Y78.3310
G01 X5.7208Y78.2072
G01 X5.7164Y78.1830
G01 X5.6980Y78.0568
G01 X5.6960Y78.0323
G01 X5.6901Y77.9049
G01 X5.6905Y77.8804
G01 X5.6970Y77.7530
G01 X5.6999Y77.7286
G01 X5.7189Y77.6024
G01 X5.7241Y77.5785
G01 X5.7554Y77.4548
G01 X5.7629Y77.4314
G01 X5.8062Y77.3114
G01 X5.8159Y77.2889
G01 X5.8708Y77.1737
G01 X5.8827Y77.1523
G01 X5.9485Y77.0430
G01 X5.9625Y77.0228
G01 X6.0388Y76.9205
G01 X6.0547Y76.9018
G01 X6.1406Y76.8075
G01 X6.1582Y76.7904
G01 X6.2529Y76.7050
G01 X6.2722Y76.6898
G01 X6.3748Y76.6140
G01 X6.3955Y76.6007
G01 X6.5050Y76.5354
G01 X6.5269Y76.5242
G01 X6.6423Y76.4699
G01 X6.6652Y76.4609
G01 X6.7854Y76.4182
G01 X6.8090Y76.4115
G01 X6.9328Y76.3808
G01 X6.9570Y76.3764
G01 X7.0832Y76.3580
G01 X7.1077Y76.3560
G01 X7.2351Y76.3501
G01 X7.2596Y76.3505
G01 X7.3870Y76.3570
G01 X7.4114Y76.3599
G01 X7.5376Y76.3789
G01 X7.5615Y76.3841
G01 X7.6852Y76.4154
G01 X7.7086Y76.4229
G01 X7.8148Y76.4609
G00 Z20.0000
G00 X9.8619Y79.4465
G01 Z20.0000
G01 X10.8536Y82.2178
G00 Z20.0000
G00 X11.0470Y81.5725
G01 Z20.0000
G01 X10.2600Y79.3730
G00 Z20.0000
G00 X10.6226Y79.2005
G01 Z20.0000
G01 X11.3425Y81.2126
G00 Z20.0000
G00 X11.6863Y80.9876
G01 Z20.0000
G01 X10.9463Y78.9192
G01 X11.4694Y79.1956
G01 X12.0685Y80.8698
G00 Z20.0000
G00 X12.4906Y80.8637
G01 Z20.0000
G01 X11.9701Y79.4088
G01 X12.8366Y80.9533
G01 X12.8728Y80.9683
G01 X12.9792Y81.0190
G01 X13.0006Y81.0309
G01 X13.0890Y81.0839
G01 X13.1216Y81.1057
G01 X13.2083Y81.1700
G01 X13.2347Y81.1920
G01 X13.3111Y81.2612
G01 X13.3287Y81.2782
G01 X13.4080Y81.3653
G01 X13.4239Y81.3840
G01 X13.5029Y81.4904
G01 X13.5161Y81.5110
G01 X13.5764Y81.6122
G01 X13.5876Y81.6340
G01 X13.6377Y81.7406
G01 X13.6467Y81.7634
G01 X13.6814Y81.8604
G01 X13.6928Y81.8980
G01 X13.7190Y82.0027
G01 X13.7255Y82.0365
G01 X13.7406Y82.1384
G01 X13.7434Y82.1628
G01 X13.7495Y82.2804
G01 X13.7499Y82.3049
G01 X13.7445Y82.4225
G01 X13.7425Y82.4470
G01 X13.7255Y82.5635
G01 X13.7211Y82.5877
G01 X13.6928Y82.7020
G01 X13.6861Y82.7256
G01 X13.6467Y82.8366
G01 X13.6377Y82.8594
G01 X13.5876Y82.9660
G01 X13.5764Y82.9878
G01 X13.5161Y83.0890
G01 X13.5029Y83.1096
G01 X13.4329Y83.2044
G01 X13.4177Y83.2236
G01 X13.3388Y83.3111
G01 X13.3218Y83.3287
G01 X13.2347Y83.4080
G01 X13.2160Y83.4239
G01 X13.1216Y83.4943
G01 X13.0890Y83.5161
G01 X13.0006Y83.5691
G01 X12.9792Y83.5810
G01 X12.8728Y83.6317
G01 X12.8503Y83.6414
G01 X12.7396Y83.6814
G01 X12.7162Y83.6889
G01 X12.6020Y83.7178
G01 X12.5635Y83.7255
G01 X12.4567Y83.7413
G01 X12.4225Y83.7445
G01 X12.3196Y83.7495
G01 X12.2951Y83.7499
G01 X12.1775Y83.7445
G01 X12.1384Y83.7406
G01 X12.0219Y83.7230
G01 X11.9980Y83.7178
G01 X11.8980Y83.6928
G01 X11.8604Y83.6814
G01 X11.7497Y83.6414
G01 X11.7272Y83.6317
G01 X11.6208Y83.5810
G01 X11.5994Y83.5691
G01 X11.4985Y83.5083
G01 X11.4784Y83.4943
G01 X11.3840Y83.4239
G01 X11.3653Y83.4080
G01 X11.2782Y83.3287
G01 X11.2612Y83.3111
G01 X11.1823Y83.2236
G01 X11.1671Y83.2044
G01 X11.0971Y83.1096
G01 X11.0839Y83.0890
G01 X11.0236Y82.9878
G01 X11.0124Y82.9660
G01 X10.9623Y82.8594
G01 X10.9533Y82.8366
G01 X10.9139Y82.7256
G01 X10.9072Y82.7020
G01 X10.8822Y82.6020
G01 X10.8770Y82.5781
G01 X10.8594Y82.4616
G01 X10.8566Y82.4372
G01 X10.8505Y82.3196
G01 X10.8501Y82.2951
G01 X10.8555Y82.1775
G01 X10.8575Y82.1530
G01 X10.8745Y82.0365
G01 X10.8789Y82.0123
G01 X10.9072Y81.8980
G01 X10.9170Y81.8651
G01 X10.9533Y81.7634
G01 X10.9623Y81.7406
G01 X11.0124Y81.6340
G01 X11.0236Y81.6122
G01 X11.0839Y81.5110
G01 X11.0971Y81.4904
G01 X11.1671Y81.3956
G01 X11.1823Y81.3764
G01 X11.2612Y81.2889
G01 X11.2782Y81.2713
G01 X11.3653Y81.1920
G01 X11.3840Y81.1761
G01 X11.4784Y81.1057
G01 X11.4985Y81.0917
G01 X11.5994Y81.0309
G01 X11.6340Y81.0124
G01 X11.7272Y80.9683
G01 X11.7497Y80.9586
G01 X11.8604Y80.9186
G01 X11.8838Y80.9111
G01 X11.9980Y80.8822
G01 X12.0219Y80.8770
G01 X12.1384Y80.8594
G01 X12.1775Y80.8555
G01 X12.2804Y80.8505
G01 X12.3049Y80.8501
G01 X12.4225Y80.8555
G01 X12.4567Y80.8587
G01 X12.5635Y80.8745
G01 X12.6020Y80.8822
G01 X12.7162Y80.9111
G01 X12.7396Y80.9186
G01 X12.8366Y80.9533
G00 Z20.0000
G00 X5.6165Y87.7416
G01 Z20.0000
G01 X3.0387Y80.5371
G01 X0.1725Y69.0947
G01 X-0.2500Y66.2463
G01 X-0.2500Y63.5235
G01 X0.5648Y69.0167
G01 X3.4215Y80.4210
G01 X7.3821Y91.4903
G01 X8.2144Y93.2500
G01 X7.7725Y93.2500
G01 X7.0126Y91.6434
G01 X6.0479Y88.9472
G00 Z20.0000
G00 X5.9088Y89.7444
G01 Z20.0000
G01 X6.6430Y91.7965
G01 X7.3305Y93.2500
G01 X6.8886Y93.2500
G01 X6.2735Y91.9496
G01 X5.6515Y90.2112
G00 Z20.0000
G00 X5.3462Y90.5439
G01 Z20.0000
G01 X5.9039Y92.1026
G01 X6.4466Y93.2500
G01 X6.0047Y93.2500
G01 X5.5344Y92.2557
G01 X5.0077Y90.7837
G00 Z20.0000
G00 X4.6413Y90.9457
G01 Z20.0000
G01 X5.1648Y92.4088
G01 X5.5627Y93.2500
G01 X5.1208Y93.2500
G01 X4.7953Y92.5619
G01 X4.2485Y91.0336
G00 Z20.0000
G00 X3.8271Y91.0420
G01 Z20.0000
G01 X4.4257Y92.7149
G01 X4.6788Y93.2500
G01 X4.2369Y93.2500
G01 X4.0562Y92.8680
G01 X3.3698Y90.9497
G00 Z20.0000
G00 X2.8567Y90.7015
G01 Z20.0000
G01 X3.6866Y93.0211
G01 X3.7949Y93.2500
G01 X3.3530Y93.2500
G01 X3.3171Y93.1741
G01 X-0.2500Y83.2048
G01 X-0.2500Y84.3907
G01 X2.9199Y93.2500
G01 X2.4956Y93.2500
G01 X-0.2500Y85.5766
G01 X-0.2500Y86.7625
G01 X2.0713Y93.2500
G01 X1.6469Y93.2500
G01 X-0.2500Y87.9484
G01 X-0.2500Y89.1343
G01 X1.2226Y93.2500
G01 X0.7983Y93.2500
G01 X-0.2500Y90.3202
G01 X-0.2500Y91.5061
G01 X0.3740Y93.2500
G01 X-0.0504Y93.2500
G01 X-0.2500Y92.6920
G00 Z20.0000
G00 X2.0368Y88.4101
G01 Z20.0000
G01 X-0.2500Y82.0189
G01 X-0.2500Y80.5618
G01 X-0.0235Y81.4660
G01 X2.2760Y87.8927
G00 Z20.0000
G00 X2.5710Y87.5312
G01 Z20.0000
G01 X0.3593Y81.3499
G01 X-0.2500Y78.9176
G01 X-0.2500Y77.2734
G01 X0.7420Y81.2338
G01 X2.9020Y87.2704
G00 Z20.0000
G00 X3.2614Y87.0891
G01 Z20.0000
G01 X1.1248Y81.1177
G01 X-0.2500Y75.6291
G01 X-0.2500Y73.9849
G01 X1.5076Y81.0015
G01 X3.6474Y86.9819
G00 Z20.0000
G00 X4.0612Y86.9525
G01 Z20.0000
G01 X1.8904Y80.8854
G01 X-0.2500Y72.3406
G00 Z20.0000
G00 X-0.2500Y70.6964
G01 Z20.0000
G01 X2.2731Y80.7693
G01 X4.5082Y87.0160
G00 Z20.0000
G00 X4.7662Y87.0990
G01 Z20.0000
G01 X4.8025Y87.1140
G01 X4.9620Y87.1898
G01 X4.9834Y87.2017
G01 X5.1348Y87.2928
G01 X5.1550Y87.3068
G01 X5.2967Y87.4123
G01 X5.3154Y87.4282
G01 X5.4461Y87.5470
G01 X5.4631Y87.5647
G01 X5.5815Y87.6957
G01 X5.5968Y87.7150
G01 X5.7017Y87.8570
G01 X5.7150Y87.8777
G01 X5.8056Y88.0293
G01 X5.8168Y88.0512
G01 X5.8920Y88.2110
G01 X5.9010Y88.2338
G01 X5.9602Y88.4002
G01 X5.9670Y88.4238
G01 X6.0096Y88.5953
G01 X6.0140Y88.6194
G01 X6.0396Y88.7942
G01 X6.0416Y88.8186
G01 X6.0499Y88.9951
G01 X6.0495Y89.0196
G01 X6.0406Y89.1960
G01 X6.0377Y89.2204
G01 X6.0115Y89.3951
G01 X6.0063Y89.4191
G01 X5.9631Y89.5904
G01 X5.9556Y89.6137
G01 X5.8958Y89.7799
G01 X5.8860Y89.8024
G01 X5.8102Y89.9620
G01 X5.7983Y89.9834
G01 X5.7072Y90.1348
G01 X5.6932Y90.1550
G01 X5.5877Y90.2967
G01 X5.5718Y90.3154
G01 X5.4530Y90.4461
G01 X5.4354Y90.4631
G01 X5.3043Y90.5815
G01 X5.2850Y90.5968
G01 X5.1430Y90.7017
G01 X5.1223Y90.7150
G01 X4.9707Y90.8056
G01 X4.9488Y90.8168
G01 X4.7890Y90.8920
G01 X4.7662Y90.9010
G01 X4.5998Y90.9602
G01 X4.5762Y90.9670
G01 X4.4047Y91.0096
G01 X4.3806Y91.0140
G01 X4.2058Y91.0396
G01 X4.1814Y91.0416
G01 X4.0049Y91.0499
G01 X3.9804Y91.0495
G01 X3.8040Y91.0405
G01 X3.7796Y91.0377
G01 X3.6049Y91.0115
G01 X3.5809Y91.0063
G01 X3.4096Y90.9631
G01 X3.3863Y90.9556
G01 X3.2201Y90.8958
G01 X3.1976Y90.8860
G01 X3.0380Y90.8102
G01 X3.0166Y90.7983
G01 X2.8652Y90.7072
G01 X2.8450Y90.6932
G01 X2.7033Y90.5877
G01 X2.6846Y90.5718
G01 X2.5539Y90.4530
G01 X2.5369Y90.4353
G01 X2.4185Y90.3043
G01 X2.4033Y90.2850
G01 X2.2983Y90.1430
G01 X2.2850Y90.1223
G01 X2.1944Y89.9707
G01 X2.1832Y89.9488
G01 X2.1080Y89.7890
G01 X2.0990Y89.7662
G01 X2.0398Y89.5998
G01 X2.0330Y89.5762
G01 X1.9904Y89.4047
G01 X1.9860Y89.3806
G01 X1.9604Y89.2058
G01 X1.9584Y89.1814
G01 X1.9501Y89.0049
G01 X1.9505Y88.9804
G01 X1.9595Y88.8040
G01 X1.9623Y88.7796
G01 X1.9885Y88.6049
G01 X1.9937Y88.5809
G01 X2.0369Y88.4096
G01 X2.0444Y88.3863
G01 X2.1042Y88.2201
G01 X2.1140Y88.1976
G01 X2.1898Y88.0380
G01 X2.2017Y88.0166
G01 X2.2928Y87.8652
G01 X2.3068Y87.8450
G01 X2.4123Y87.7033
G01 X2.4282Y87.6846
G01 X2.5470Y87.5539
G01 X2.5647Y87.5369
G01 X2.6957Y87.4185
G01 X2.7150Y87.4032
G01 X2.8570Y87.2983
G01 X2.8777Y87.2850
G01 X3.0293Y87.1944
G01 X3.0512Y87.1832
G01 X3.2110Y87.1080
G01 X3.2338Y87.0990
G01 X3.4002Y87.0398
G01 X3.4238Y87.0330
G01 X3.5953Y86.9904
G01 X3.6194Y86.9860
G01 X3.7942Y86.9604
G01 X3.8186Y86.9584
G01 X3.9951Y86.9501
G01 X4.0196Y86.9505
G01 X4.1961Y86.9595
G01 X4.2204Y86.9623
G01 X4.3951Y86.9885
G01 X4.4191Y86.9937
G01 X4.5904Y87.0369
G01 X4.6137Y87.0444
G01 X4.7662Y87.0990
G00 Z20.0000
G00 X5.0033Y87.2136
G01 Z20.0000
G01 X2.6559Y80.6532
G01 X-0.2198Y69.1728
G01 X-0.2500Y68.9691
G00 Z20.0000
G00 X-0.2500Y60.8007
G01 Z20.0000
G01 X0.9572Y68.9386
G01 X3.8042Y80.3049
G01 X7.7517Y91.3373
G01 X8.6564Y93.2500
G01 X9.0983Y93.2500
G01 X8.1213Y91.1842
G01 X4.1870Y80.1887
G01 X1.3495Y68.8606
G01 X-0.2500Y58.0779
G00 Z20.0000
G00 X-0.2500Y51.4886
G01 Z20.0000
G01 X0.0340Y57.2697
G01 X1.7418Y68.7826
G01 X4.5698Y80.0726
G01 X8.4908Y91.0311
G01 X9.5403Y93.2500
G01 X9.9822Y93.2500
G01 X8.8604Y90.8780
G01 X4.9526Y79.9565
G01 X2.1341Y68.7045
G01 X0.4321Y57.2305
G01 X-0.1371Y45.6449
G01 X0.4321Y34.0592
G01 X2.1341Y22.5852
G01 X4.1218Y14.6500
G01 X3.7099Y14.6500
G01 X1.7418Y22.5072
G01 X0.0340Y34.0200
G01 X-0.2500Y39.8011
G00 Z20.0000
G00 X4.0250Y42.3452
G01 Z20.0000
G01 X4.4128Y34.4513
G01 X5.1975Y29.1617
G00 Z20.0000
G00 X5.6723Y28.6831
G01 Z20.0000
G01 X4.8109Y34.4905
G01 X4.4500Y41.8365
G00 Z20.0000
G00 X6.6831Y45.2349
G01 Z20.0000
G01 X6.6629Y45.6449
G01 X6.7428Y47.2708
G00 Z20.0000
G00 X7.1274Y46.9576
G01 Z20.0000
G01 X7.0629Y45.6449
G01 X7.0647Y45.6088
G00 Z20.0000
G00 X7.4709Y45.8069
G01 Z20.0000
G01 X7.5196Y46.7988
G00 Z20.0000
G00 X7.9172Y46.7504
G01 Z20.0000
G01 X7.8743Y45.8773
G00 Z20.0000
G00 X8.2727Y45.8431
G01 Z20.0000
G01 X8.3201Y46.8088
G00 Z20.0000
G00 X8.7291Y46.9914
G01 Z20.0000
G01 X8.6656Y45.6996
G00 Z20.0000
G00 X9.0758Y45.3829
G01 Z20.0000
G01 X9.0629Y45.6449
G01 X9.1483Y47.3835
G00 Z20.0000
G00 X9.2322Y49.0897
G01 Z20.0000
G01 X9.5878Y56.3287
G01 X9.8581Y58.1510
G00 Z20.0000
G00 X10.2454Y58.0392
G01 Z20.0000
G01 X9.9859Y56.2895
G01 X9.4629Y45.6449
G01 X9.4698Y45.5045
G00 Z20.0000
G00 X9.8683Y45.7538
G01 Z20.0000
G01 X10.3839Y56.2503
G01 X10.6478Y58.0294
G00 Z20.0000
G00 X11.0675Y58.1357
G01 Z20.0000
G01 X10.7820Y56.2111
G01 X10.2737Y45.8650
G00 Z20.0000
G00 X10.6738Y45.8668
G01 Z20.0000
G01 X11.1801Y56.1719
G01 X11.5130Y58.4162
G01 X11.9253Y58.4728
G01 X11.5782Y56.1327
G01 X11.0688Y45.7638
G00 Z20.0000
G00 X11.4689Y45.5234
G01 Z20.0000
G01 X11.4629Y45.6449
G01 X11.9762Y56.0935
G01 X12.2892Y58.2032
G00 Z20.0000
G00 X12.6719Y58.0607
G01 Z20.0000
G01 X12.3743Y56.0543
G01 X11.8629Y45.6449
G01 X11.8762Y45.3740
G00 Z20.0000
G00 X12.2648Y45.6828
G01 Z20.0000
G01 X12.7724Y56.0151
G01 X13.0701Y58.0220
G00 Z20.0000
G00 X13.4843Y58.0914
G01 Z20.0000
G01 X13.1704Y55.9759
G01 X12.6725Y45.8394
G00 Z20.0000
G00 X13.0744Y45.8778
G01 Z20.0000
G01 X13.5685Y55.9367
G01 X13.9205Y58.3099
G01 X14.3650Y58.5830
G01 X13.9666Y55.8975
G01 X13.4712Y45.8128
G00 Z20.0000
G00 X13.8637Y45.6298
G01 Z20.0000
G01 X13.8629Y45.6449
G01 X13.9837Y48.1029
G00 Z20.0000
G00 X13.9701Y48.3098
G01 Z20.0000
G01 X13.9705Y48.2804
G01 X13.9770Y48.1530
G01 X13.9799Y48.1286
G01 X13.9989Y48.0024
G01 X14.0041Y47.9785
G01 X14.0354Y47.8548
G01 X14.0429Y47.8314
G01 X14.0862Y47.7114
G01 X14.0959Y47.6889
G01 X14.1508Y47.5737
G01 X14.1627Y47.5523
G01 X14.2285Y47.4430
G01 X14.2425Y47.4228
G01 X14.3188Y47.3205
G01 X14.3347Y47.3018
G01 X14.4206Y47.2075
G01 X14.4382Y47.1904
G01 X14.5329Y47.1050
G01 X14.5522Y47.0898
G01 X14.6548Y47.0140
G01 X14.6755Y47.0007
G01 X14.7850Y46.9354
G01 X14.8069Y46.9242
G01 X14.9223Y46.8699
G01 X14.9452Y46.8609
G01 X15.0654Y46.8182
G01 X15.0890Y46.8115
G01 X15.2128Y46.7808
G01 X15.2370Y46.7764
G01 X15.3632Y46.7580
G01 X15.3877Y46.7560
G01 X15.5151Y46.7501
G01 X15.5396Y46.7505
G01 X15.6670Y46.7570
G01 X15.6914Y46.7599
G01 X15.8176Y46.7789
G01 X15.8415Y46.7841
G01 X15.9652Y46.8154
G01 X15.9886Y46.8229
G01 X16.1086Y46.8662
G01 X16.1311Y46.8759
G01 X16.2463Y46.9308
G01 X16.2677Y46.9427
G01 X16.3770Y47.0085
G01 X16.3972Y47.0225
G01 X16.4995Y47.0988
G01 X16.5182Y47.1147
G01 X16.6125Y47.2006
G01 X16.6296Y47.2182
G01 X16.7150Y47.3129
G01 X16.7302Y47.3322
G01 X16.8060Y47.4348
G01 X16.8193Y47.4555
G01 X16.8846Y47.5650
G01 X16.8958Y47.5869
G01 X16.9501Y47.7023
G01 X16.9591Y47.7252
G01 X17.0018Y47.8454
G01 X17.0085Y47.8690
G01 X17.0392Y47.9928
G01 X17.0436Y48.0170
G01 X17.0620Y48.1432
G01 X17.0640Y48.1677
G01 X17.0699Y48.2951
G01 X17.0695Y48.3196
G01 X17.0630Y48.4470
G01 X17.0601Y48.4714
G01 X17.0411Y48.5976
G01 X17.0359Y48.6215
G01 X17.0046Y48.7452
G01 X16.9971Y48.7686
G01 X16.9538Y48.8886
G01 X16.9441Y48.9111
G01 X16.8892Y49.0263
G01 X16.8773Y49.0477
G01 X16.8115Y49.1570
G01 X16.7975Y49.1772
G01 X16.7212Y49.2795
G01 X16.7053Y49.2982
G01 X16.6194Y49.3925
G01 X16.6018Y49.4096
G01 X16.5071Y49.4950
G01 X16.4878Y49.5102
G01 X16.3852Y49.5860
G01 X16.3645Y49.5993
G01 X16.2550Y49.6646
G01 X16.2331Y49.6758
G01 X16.1177Y49.7301
G01 X16.0948Y49.7391
G01 X15.9746Y49.7818
G01 X15.9510Y49.7885
G01 X15.8272Y49.8192
G01 X15.8030Y49.8236
G01 X15.6768Y49.8420
G01 X15.6523Y49.8440
G01 X15.5249Y49.8499
G01 X15.5004Y49.8495
G01 X15.3730Y49.8430
G01 X15.3486Y49.8401
G01 X15.2224Y49.8211
G01 X15.1985Y49.8159
G01 X15.0748Y49.7846
G01 X15.0514Y49.7771
G01 X14.9314Y49.7338
G01 X14.9089Y49.7241
G01 X14.7937Y49.6692
G01 X14.7723Y49.6573
G01 X14.6630Y49.5915
G01 X14.6428Y49.5775
G01 X14.5405Y49.5012
G01 X14.5218Y49.4853
G01 X14.4275Y49.3994
G01 X14.4104Y49.3818
G01 X14.3250Y49.2871
G01 X14.3098Y49.2678
G01 X14.2340Y49.1652
G01 X14.2207Y49.1445
G01 X14.1554Y49.0350
G01 X14.1442Y49.0131
G01 X14.0899Y48.8977
G01 X14.0809Y48.8748
G01 X14.0382Y48.7546
G01 X14.0315Y48.7310
G01 X14.0008Y48.6072
G01 X13.9964Y48.5830
G01 X13.9780Y48.4568
G01 X13.9760Y48.4323
G01 X13.9701Y48.3098
G00 Z20.0000
G00 X14.0104Y48.6467
G01 Z20.0000
G01 X14.3647Y55.8582
G01 X14.7219Y58.2668
G00 Z20.0000
G00 X15.0996Y58.0901
G01 Z20.0000
G01 X14.7627Y55.8190
G01 X14.4483Y49.4187
G00 Z20.0000
G00 X14.8622Y49.7020
G01 Z20.0000
G01 X15.1608Y55.7798
G01 X15.4935Y58.0228
G00 Z20.0000
G00 X15.9028Y58.0594
G01 Z20.0000
G01 X15.5589Y55.7406
G01 X15.2684Y49.8282
G00 Z20.0000
G00 X15.6691Y49.8427
G01 Z20.0000
G01 X15.9570Y55.7014
G01 X16.3316Y58.2270
G00 Z20.0000
G00 X16.7964Y58.6374
G01 Z20.0000
G01 X16.3550Y55.6622
G01 X16.0646Y49.7499
G00 Z20.0000
G00 X16.4540Y49.5353
G01 Z20.0000
G01 X16.7531Y55.6230
G01 X17.1564Y58.3418
G00 Z20.0000
G00 X17.5288Y58.1296
G01 Z20.0000
G01 X17.1512Y55.5838
G01 X16.8337Y49.1206
G00 Z20.0000
G00 X16.7469Y47.3546
G01 Z20.0000
G01 X16.6629Y45.6449
G01 X16.6746Y45.4062
G01 X17.0707Y45.4871
G01 X17.0629Y45.6449
G01 X17.5493Y55.5446
G01 X17.9181Y58.0314
G00 Z20.0000
G00 X18.3229Y58.0375
G01 Z20.0000
G01 X17.9473Y55.5054
G01 X17.4678Y45.7441
G00 Z20.0000
G00 X17.8736Y45.8620
G01 Z20.0000
G01 X18.3454Y55.4662
G01 X18.7453Y58.1621
G00 Z20.0000
G00 X19.1954Y58.4734
G01 Z20.0000
G01 X18.7435Y55.4270
G01 X18.2740Y45.8698
G00 Z20.0000
G00 X18.6691Y45.7711
G01 Z20.0000
G01 X19.1416Y55.3878
G01 X19.5927Y58.4292
G00 Z20.0000
G00 X19.9595Y58.1788
G01 Z20.0000
G01 X19.5396Y55.3486
G01 X19.0629Y45.6449
G01 X19.0681Y45.5401
G01 X19.4772Y45.3531
G01 X19.4629Y45.6449
G01 X19.9377Y55.3094
G01 X20.3440Y58.0486
G00 Z20.0000
G00 X20.7444Y58.0246
G01 Z20.0000
G01 X20.3358Y55.2701
G01 X19.8642Y45.6705
G00 Z20.0000
G00 X20.2722Y45.8343
G01 Z20.0000
G01 X20.7338Y55.2309
G01 X21.1612Y58.1117
G00 Z20.0000
G00 X21.6011Y58.3548
G01 Z20.0000
G01 X21.1319Y55.1917
G01 X20.6744Y45.8788
G00 Z20.0000
G00 X21.0714Y45.8184
G01 Z20.0000
G01 X21.5300Y55.1525
G01 X22.0312Y58.5315
G00 Z20.0000
G00 X22.3914Y58.2372
G01 Z20.0000
G01 X21.9281Y55.1133
G01 X21.4630Y45.6422
G00 Z20.0000
G00 X21.8821Y45.2549
G01 Z20.0000
G01 X21.8629Y45.6449
G01 X22.3261Y55.0741
G01 X22.7714Y58.0759
G00 Z20.0000
G00 X23.1671Y58.0203
G01 Z20.0000
G01 X22.7242Y55.0349
G01 X22.2629Y45.6449
G01 X22.2661Y45.5802
G00 Z20.0000
G00 X22.6702Y45.7923
G01 Z20.0000
G01 X23.1223Y54.9957
G01 X23.5788Y58.0734
G00 Z20.0000
G00 X24.0108Y58.2625
G01 Z20.0000
G01 X23.5204Y54.9565
G01 X23.0742Y45.8753
G00 Z20.0000
G00 X23.4731Y45.8519
G01 Z20.0000
G01 X23.9184Y54.9173
G01 X24.4725Y58.6524
G00 Z20.0000
G00 X24.8250Y58.3058
G01 Z20.0000
G01 X24.3165Y54.8781
G01 X23.8665Y45.7184
G00 Z20.0000
G00 X27.0783Y45.3322
G01 Z20.0000
G01 X27.0629Y45.6449
G01 X27.1841Y48.1107
G00 Z20.0000
G00 X27.5647Y47.7158
G01 Z20.0000
G01 X27.4636Y45.6581
G00 Z20.0000
G00 X27.8720Y45.8293
G01 Z20.0000
G01 X27.9551Y47.5205
G00 Z20.0000
G00 X28.3517Y47.4519
G01 Z20.0000
G01 X28.2745Y45.8797
G00 Z20.0000
G00 X28.6717Y45.8233
G01 Z20.0000
G01 X28.7538Y47.4951
G00 Z20.0000
G00 X29.1623Y47.6679
G01 Z20.0000
G01 X29.0634Y45.6540
G00 Z20.0000
G00 X26.9501Y48.9098
G01 Z20.0000
G01 X26.9505Y48.8804
G01 X26.9566Y48.7628
G01 X26.9594Y48.7384
G01 X26.9770Y48.6219
G01 X26.9822Y48.5980
G01 X27.0111Y48.4838
G01 X27.0186Y48.4604
G01 X27.0586Y48.3497
G01 X27.0683Y48.3272
G01 X27.1190Y48.2208
G01 X27.1309Y48.1994
G01 X27.1917Y48.0985
G01 X27.2057Y48.0784
G01 X27.2761Y47.9840
G01 X27.2920Y47.9653
G01 X27.3713Y47.8782
G01 X27.3889Y47.8612
G01 X27.4764Y47.7823
G01 X27.4956Y47.7671
G01 X27.5904Y47.6971
G01 X27.6110Y47.6839
G01 X27.7122Y47.6236
G01 X27.7340Y47.6124
G01 X27.8406Y47.5623
G01 X27.8634Y47.5533
G01 X27.9744Y47.5139
G01 X27.9980Y47.5072
G01 X28.1123Y47.4789
G01 X28.1365Y47.4745
G01 X28.2530Y47.4575
G01 X28.2775Y47.4555
G01 X28.3951Y47.4501
G01 X28.4196Y47.4505
G01 X28.5372Y47.4566
G01 X28.5616Y47.4594
G01 X28.6781Y47.4770
G01 X28.7020Y47.4822
G01 X28.8162Y47.5111
G01 X28.8396Y47.5186
G01 X28.9503Y47.5586
G01 X28.9728Y47.5683
G01 X29.0792Y47.6190
G01 X29.1006Y47.6309
G01 X29.2015Y47.6917
G01 X29.2216Y47.7057
G01 X29.3160Y47.7761
G01 X29.3347Y47.7920
G01 X29.4218Y47.8713
G01 X29.4388Y47.8889
G01 X29.5177Y47.9764
G01 X29.5329Y47.9956
G01 X29.6029Y48.0904
G01 X29.6161Y48.1110
G01 X29.6764Y48.2122
G01 X29.6876Y48.2340
G01 X29.7377Y48.3406
G01 X29.7467Y48.3634
G01 X29.7861Y48.4744
G01 X29.7928Y48.4980
G01 X29.8211Y48.6123
G01 X29.8255Y48.6365
G01 X29.8425Y48.7530
G01 X29.8445Y48.7775
G01 X29.8499Y48.8951
G01 X29.8495Y48.9196
G01 X29.8434Y49.0372
G01 X29.8406Y49.0616
G01 X29.8230Y49.1781
G01 X29.8178Y49.2020
G01 X29.7889Y49.3162
G01 X29.7814Y49.3396
G01 X29.7414Y49.4503
G01 X29.7317Y49.4728
G01 X29.6810Y49.5792
G01 X29.6691Y49.6006
G01 X29.6083Y49.7015
G01 X29.5943Y49.7216
G01 X29.5239Y49.8160
G01 X29.5080Y49.8347
G01 X29.4287Y49.9218
G01 X29.4111Y49.9388
G01 X29.3236Y50.0177
G01 X29.3044Y50.0329
G01 X29.2096Y50.1029
G01 X29.1890Y50.1161
G01 X29.0878Y50.1764
G01 X29.0660Y50.1876
G01 X28.9594Y50.2377
G01 X28.9366Y50.2467
G01 X28.8256Y50.2861
G01 X28.8020Y50.2928
G01 X28.6877Y50.3211
G01 X28.6635Y50.3255
G01 X28.5470Y50.3425
G01 X28.5225Y50.3445
G01 X28.4049Y50.3499
G01 X28.3804Y50.3495
G01 X28.2628Y50.3434
G01 X28.2384Y50.3406
G01 X28.1219Y50.3230
G01 X28.0980Y50.3178
G01 X27.9838Y50.2889
G01 X27.9604Y50.2814
G01 X27.8497Y50.2414
G01 X27.8272Y50.2317
G01 X27.7208Y50.1810
G01 X27.6994Y50.1691
G01 X27.5985Y50.1083
G01 X27.5784Y50.0943
G01 X27.4840Y50.0239
G01 X27.4653Y50.0080
G01 X27.3782Y49.9287
G01 X27.3612Y49.9111
G01 X27.2823Y49.8236
G01 X27.2671Y49.8044
G01 X27.1971Y49.7096
G01 X27.1839Y49.6890
G01 X27.1236Y49.5878
G01 X27.1124Y49.5660
G01 X27.0623Y49.4594
G01 X27.0533Y49.4366
G01 X27.0139Y49.3256
G01 X27.0072Y49.3020
G01 X26.9789Y49.1877
G01 X26.9745Y49.1635
G01 X26.9575Y49.0470
G01 X26.9555Y49.0225
G01 X26.9501Y48.9098
G00 Z20.0000
G00 X32.0358Y42.1266
G01 Z20.0000
G01 X32.0716Y41.3963
G00 Z20.0000
G00 X29.2501Y35.0098
G01 Z20.0000
G01 X29.2505Y34.9804
G01 X29.2570Y34.8530
G01 X29.2599Y34.8286
G01 X29.2789Y34.7024
G01 X29.2841Y34.6785
G01 X29.3154Y34.5548
G01 X29.3229Y34.5314
G01 X29.3662Y34.4114
G01 X29.3759Y34.3889
G01 X29.4308Y34.2737
G01 X29.4427Y34.2523
G01 X29.5085Y34.1430
G01 X29.5225Y34.1228
G01 X29.5988Y34.0205
G01 X29.6147Y34.0018
G01 X29.7006Y33.9075
G01 X29.7182Y33.8904
G01 X29.8129Y33.8050
G01 X29.8322Y33.7898
G01 X29.9348Y33.7140
G01 X29.9555Y33.7007
G01 X30.0650Y33.6354
G01 X30.0869Y33.6242
G01 X30.2023Y33.5699
G01 X30.2252Y33.5609
G01 X30.3454Y33.5182
G01 X30.3690Y33.5115
G01 X30.4928Y33.4808
G01 X30.5170Y33.4764
G01 X30.6432Y33.4580
G01 X30.6677Y33.4560
G01 X30.7951Y33.4501
G01 X30.8196Y33.4505
G01 X30.9323Y33.4560
G01 X30.9568Y33.4580
G01 X31.0830Y33.4764
G01 X31.1215Y33.4841
G01 X31.2310Y33.5115
G01 X31.2546Y33.5182
G01 X31.3748Y33.5609
G01 X31.4111Y33.5759
G01 X31.5263Y33.6308
G01 X31.5477Y33.6427
G01 X31.6445Y33.7007
G01 X31.6652Y33.7140
G01 X31.7678Y33.7898
G01 X31.7982Y33.8147
G01 X31.8854Y33.8938
G01 X31.9096Y33.9182
G01 X31.9950Y34.0129
G01 X32.0102Y34.0322
G01 X32.0700Y34.1127
G01 X32.1298Y34.0322
G01 X32.1450Y34.0129
G01 X32.2304Y33.9182
G01 X32.2546Y33.8938
G01 X32.3418Y33.8147
G01 X32.3722Y33.7898
G01 X32.4748Y33.7140
G01 X32.4955Y33.7007
G01 X32.5923Y33.6427
G01 X32.6137Y33.6308
G01 X32.7289Y33.5759
G01 X32.7514Y33.5662
G01 X32.8714Y33.5229
G01 X32.9090Y33.5115
G01 X33.0185Y33.4841
G01 X33.0424Y33.4789
G01 X33.1686Y33.4599
G01 X33.2028Y33.4563
G01 X33.3204Y33.4505
G01 X33.3596Y33.4505
G01 X33.4870Y33.4570
G01 X33.5114Y33.4599
G01 X33.6230Y33.4764
G01 X33.6615Y33.4841
G01 X33.7710Y33.5115
G01 X33.7946Y33.5182
G01 X33.9148Y33.5609
G01 X33.9511Y33.5759
G01 X34.0663Y33.6308
G01 X34.0877Y33.6427
G01 X34.1845Y33.7007
G01 X34.2052Y33.7140
G01 X34.3078Y33.7898
G01 X34.3382Y33.8147
G01 X34.4254Y33.8938
G01 X34.4496Y33.9182
G01 X34.5350Y34.0129
G01 X34.5502Y34.0322
G01 X34.6100Y34.1127
G01 X34.6698Y34.0322
G01 X34.6850Y34.0129
G01 X34.7704Y33.9182
G01 X34.7946Y33.8938
G01 X34.8818Y33.8147
G01 X34.9122Y33.7898
G01 X35.0148Y33.7140
G01 X35.0355Y33.7007
G01 X35.1323Y33.6427
G01 X35.1537Y33.6308
G01 X35.2689Y33.5759
G01 X35.2914Y33.5662
G01 X35.4114Y33.5229
G01 X35.4490Y33.5115
G01 X35.5585Y33.4841
G01 X35.5824Y33.4789
G01 X35.7086Y33.4599
G01 X35.7428Y33.4563
G01 X35.8604Y33.4505
G01 X35.8996Y33.4505
G01 X36.0270Y33.4570
G01 X36.0514Y33.4599
G01 X36.1630Y33.4764
G01 X36.2015Y33.4841
G01 X36.3110Y33.5115
G01 X36.3346Y33.5182
G01 X36.4548Y33.5609
G01 X36.4911Y33.5759
G01 X36.6063Y33.6308
G01 X36.6277Y33.6427
G01 X36.7245Y33.7007
G01 X36.7452Y33.7140
G01 X36.8478Y33.7898
G01 X36.8782Y33.8147
G01 X36.9654Y33.8938
G01 X36.9896Y33.9182
G01 X37.0750Y34.0129
G01 X37.0902Y34.0322
G01 X37.1500Y34.1127
G01 X37.2098Y34.0322
G01 X37.2250Y34.0129
G01 X37.3104Y33.9182
G01 X37.3346Y33.8938
G01 X37.4218Y33.8147
G01 X37.4522Y33.7898
G01 X37.5548Y33.7140
G01 X37.5755Y33.7007
G01 X37.6765Y33.6402
G01 X37.7069Y33.6242
G01 X37.8223Y33.5699
G01 X37.8452Y33.5609
G01 X37.9514Y33.5229
G01 X37.9748Y33.5154
G01 X38.0985Y33.4841
G01 X38.1224Y33.4789
G01 X38.2486Y33.4599
G01 X38.2877Y33.4560
G01 X38.4004Y33.4505
G01 X38.4249Y33.4501
G01 X38.5523Y33.4560
G01 X38.5914Y33.4599
G01 X38.7079Y33.4772
G01 X38.7415Y33.4841
G01 X38.8510Y33.5115
G01 X38.8746Y33.5182
G01 X38.9948Y33.5609
G01 X39.0311Y33.5759
G01 X39.1331Y33.6242
G01 X39.1550Y33.6354
G01 X39.2645Y33.7007
G01 X39.2972Y33.7225
G01 X39.3995Y33.7988
G01 X39.4182Y33.8147
G01 X39.5018Y33.8904
G01 X39.5296Y33.9182
G01 X39.6150Y34.0129
G01 X39.6302Y34.0322
G01 X39.6900Y34.1127
G01 X39.7498Y34.0322
G01 X39.7650Y34.0129
G01 X39.8504Y33.9182
G01 X39.8746Y33.8938
G01 X39.9618Y33.8147
G01 X39.9922Y33.7898
G01 X40.0948Y33.7140
G01 X40.1155Y33.7007
G01 X40.2165Y33.6402
G01 X40.2469Y33.6242
G01 X40.3623Y33.5699
G01 X40.3852Y33.5609
G01 X40.4914Y33.5229
G01 X40.5148Y33.5154
G01 X40.6385Y33.4841
G01 X40.6624Y33.4789
G01 X40.7886Y33.4599
G01 X40.8228Y33.4563
G01 X40.9404Y33.4505
G01 X40.9796Y33.4505
G01 X41.1070Y33.4570
G01 X41.1314Y33.4599
G01 X41.2430Y33.4764
G01 X41.2815Y33.4841
G01 X41.3910Y33.5115
G01 X41.4146Y33.5182
G01 X41.5348Y33.5609
G01 X41.5711Y33.5759
G01 X41.6731Y33.6242
G01 X41.6950Y33.6354
G01 X41.8045Y33.7007
G01 X41.8372Y33.7225
G01 X41.9395Y33.7988
G01 X41.9582Y33.8147
G01 X42.0418Y33.8904
G01 X42.0696Y33.9182
G01 X42.1550Y34.0129
G01 X42.1702Y34.0322
G01 X42.2300Y34.1127
G01 X42.2898Y34.0322
G01 X42.3050Y34.0129
G01 X42.3904Y33.9182
G01 X42.4146Y33.8938
G01 X42.5018Y33.8147
G01 X42.5322Y33.7898
G01 X42.6348Y33.7140
G01 X42.6555Y33.7007
G01 X42.7523Y33.6427
G01 X42.7869Y33.6242
G01 X42.9023Y33.5699
G01 X42.9252Y33.5609
G01 X43.0454Y33.5182
G01 X43.0690Y33.5115
G01 X43.1928Y33.4808
G01 X43.2170Y33.4764
G01 X43.3432Y33.4580
G01 X43.3677Y33.4560
G01 X43.4804Y33.4505
G01 X43.5196Y33.4505
G01 X43.6470Y33.4570
G01 X43.6714Y33.4599
G01 X43.7830Y33.4764
G01 X43.8215Y33.4841
G01 X43.9310Y33.5115
G01 X43.9546Y33.5182
G01 X44.0748Y33.5609
G01 X44.1111Y33.5759
G01 X44.2131Y33.6242
G01 X44.2350Y33.6354
G01 X44.3445Y33.7007
G01 X44.3772Y33.7225
G01 X44.4795Y33.7988
G01 X44.4982Y33.8147
G01 X44.5818Y33.8904
G01 X44.6096Y33.9182
G01 X44.6950Y34.0129
G01 X44.7102Y34.0322
G01 X44.7700Y34.1127
G01 X44.8298Y34.0322
G01 X44.8450Y34.0129
G01 X44.9304Y33.9182
G01 X44.9582Y33.8904
G01 X45.0418Y33.8147
G01 X45.0605Y33.7988
G01 X45.1748Y33.7140
G01 X45.1955Y33.7007
G01 X45.2923Y33.6427
G01 X45.3269Y33.6242
G01 X45.4289Y33.5759
G01 X45.4514Y33.5662
G01 X45.5714Y33.5229
G01 X45.6090Y33.5115
G01 X45.7185Y33.4841
G01 X45.7424Y33.4789
G01 X45.8832Y33.4580
G01 X45.9077Y33.4560
G01 X46.0204Y33.4505
G01 X46.0596Y33.4505
G01 X46.1723Y33.4560
G01 X46.1968Y33.4580
G01 X46.3279Y33.4772
G01 X46.3615Y33.4841
G01 X46.4852Y33.5154
G01 X46.5086Y33.5229
G01 X46.6286Y33.5662
G01 X46.6511Y33.5759
G01 X46.7663Y33.6308
G01 X46.7877Y33.6427
G01 X46.8970Y33.7085
G01 X46.9172Y33.7225
G01 X47.0195Y33.7988
G01 X47.0382Y33.8147
G01 X47.1325Y33.9006
G01 X47.1496Y33.9182
G01 X47.2350Y34.0129
G01 X47.2502Y34.0322
G01 X47.3100Y34.1127
G01 X47.3698Y34.0322
G01 X47.3850Y34.0129
G01 X47.4704Y33.9182
G01 X47.4982Y33.8904
G01 X47.5818Y33.8147
G01 X47.6005Y33.7988
G01 X47.7028Y33.7225
G01 X47.7355Y33.7007
G01 X47.8450Y33.6354
G01 X47.8669Y33.6242
G01 X47.9689Y33.5759
G01 X48.0052Y33.5609
G01 X48.1254Y33.5182
G01 X48.1490Y33.5115
G01 X48.2585Y33.4841
G01 X48.2970Y33.4764
G01 X48.4086Y33.4599
G01 X48.4330Y33.4570
G01 X48.5604Y33.4505
G01 X48.5996Y33.4505
G01 X48.7270Y33.4570
G01 X48.7514Y33.4599
G01 X48.8776Y33.4789
G01 X48.9015Y33.4841
G01 X49.0252Y33.5154
G01 X49.0486Y33.5229
G01 X49.1686Y33.5662
G01 X49.1911Y33.5759
G01 X49.2931Y33.6242
G01 X49.3235Y33.6402
G01 X49.4245Y33.7007
G01 X49.4572Y33.7225
G01 X49.5478Y33.7898
G01 X49.5671Y33.8050
G01 X49.6618Y33.8904
G01 X49.6896Y33.9182
G01 X49.7653Y34.0018
G01 X49.7812Y34.0205
G01 X49.8575Y34.1228
G01 X49.8715Y34.1430
G01 X49.9373Y34.2523
G01 X49.9492Y34.2737
G01 X50.0041Y34.3889
G01 X50.0138Y34.4114
G01 X50.0571Y34.5314
G01 X50.0646Y34.5548
G01 X50.0992Y34.6928
G01 X50.1036Y34.7170
G01 X50.1220Y34.8432
G01 X50.1240Y34.8677
G01 X50.1299Y34.9951
G01 X50.1295Y35.0196
G01 X50.1230Y35.1470
G01 X50.1201Y35.1714
G01 X50.1011Y35.2976
G01 X50.0959Y35.3215
G01 X50.0646Y35.4452
G01 X50.0571Y35.4686
G01 X50.0138Y35.5886
G01 X50.0041Y35.6111
G01 X49.9492Y35.7263
G01 X49.9373Y35.7477
G01 X49.8715Y35.8570
G01 X49.8575Y35.8772
G01 X49.7812Y35.9795
G01 X49.7653Y35.9982
G01 X49.6794Y36.0925
G01 X49.6618Y36.1096
G01 X49.5671Y36.1950
G01 X49.5478Y36.2102
G01 X49.4452Y36.2860
G01 X49.4245Y36.2993
G01 X49.3150Y36.3646
G01 X49.2931Y36.3758
G01 X49.1777Y36.4301
G01 X49.1548Y36.4391
G01 X49.0346Y36.4818
G01 X49.0110Y36.4885
G01 X48.8872Y36.5192
G01 X48.8630Y36.5236
G01 X48.7368Y36.5420
G01 X48.7123Y36.5440
G01 X48.5849Y36.5499
G01 X48.5604Y36.5495
G01 X48.4477Y36.5440
G01 X48.4232Y36.5420
G01 X48.2970Y36.5236
G01 X48.2585Y36.5159
G01 X48.1490Y36.4885
G01 X48.1254Y36.4818
G01 X48.0052Y36.4391
G01 X47.9689Y36.4241
G01 X47.8537Y36.3692
G01 X47.8323Y36.3573
G01 X47.7355Y36.2993
G01 X47.7148Y36.2860
G01 X47.6122Y36.2102
G01 X47.5818Y36.1853
G01 X47.4946Y36.1062
G01 X47.4704Y36.0818
G01 X47.3850Y35.9871
G01 X47.3698Y35.9678
G01 X47.3100Y35.8873
G01 X47.2502Y35.9678
G01 X47.2350Y35.9871
G01 X47.1496Y36.0818
G01 X47.1254Y36.1062
G01 X47.0382Y36.1853
G01 X47.0078Y36.2102
G01 X46.9052Y36.2860
G01 X46.8845Y36.2993
G01 X46.7877Y36.3573
G01 X46.7663Y36.3692
G01 X46.6511Y36.4241
G01 X46.6286Y36.4338
G01 X46.5086Y36.4771
G01 X46.4710Y36.4885
G01 X46.3615Y36.5159
G01 X46.3376Y36.5211
G01 X46.2114Y36.5401
G01 X46.1772Y36.5437
G01 X46.0596Y36.5495
G01 X46.0204Y36.5495
G01 X45.8930Y36.5430
G01 X45.8686Y36.5401
G01 X45.7570Y36.5236
G01 X45.7185Y36.5159
G01 X45.6090Y36.4885
G01 X45.5854Y36.4818
G01 X45.4652Y36.4391
G01 X45.4289Y36.4241
G01 X45.3137Y36.3692
G01 X45.2923Y36.3573
G01 X45.1955Y36.2993
G01 X45.1748Y36.2860
G01 X45.0722Y36.2102
G01 X45.0418Y36.1853
G01 X44.9546Y36.1062
G01 X44.9304Y36.0818
G01 X44.8450Y35.9871
G01 X44.8298Y35.9678
G01 X44.7700Y35.8873
G01 X44.7102Y35.9678
G01 X44.6950Y35.9871
G01 X44.6096Y36.0818
G01 X44.5854Y36.1062
G01 X44.4982Y36.1853
G01 X44.4678Y36.2102
G01 X44.3652Y36.2860
G01 X44.3445Y36.2993
G01 X44.2477Y36.3573
G01 X44.2263Y36.3692
G01 X44.1111Y36.4241
G01 X44.0886Y36.4338
G01 X43.9686Y36.4771
G01 X43.9310Y36.4885
G01 X43.8215Y36.5159
G01 X43.7976Y36.5211
G01 X43.6714Y36.5401
G01 X43.6372Y36.5437
G01 X43.5196Y36.5495
G01 X43.4804Y36.5495
G01 X43.3530Y36.5430
G01 X43.3286Y36.5401
G01 X43.2170Y36.5236
G01 X43.1785Y36.5159
G01 X43.0690Y36.4885
G01 X43.0454Y36.4818
G01 X42.9252Y36.4391
G01 X42.8889Y36.4241
G01 X42.7737Y36.3692
G01 X42.7523Y36.3573
G01 X42.6555Y36.2993
G01 X42.6348Y36.2860
G01 X42.5322Y36.2102
G01 X42.5018Y36.1853
G01 X42.4146Y36.1062
G01 X42.3904Y36.0818
G01 X42.3050Y35.9871
G01 X42.2898Y35.9678
G01 X42.2300Y35.8873
G01 X42.1702Y35.9678
G01 X42.1550Y35.9871
G01 X42.0696Y36.0818
G01 X42.0454Y36.1062
G01 X41.9582Y36.1853
G01 X41.9278Y36.2102
G01 X41.8252Y36.2860
G01 X41.8045Y36.2993
G01 X41.7035Y36.3598
G01 X41.6731Y36.3758
G01 X41.5577Y36.4301
G01 X41.5348Y36.4391
G01 X41.4286Y36.4771
G01 X41.4052Y36.4846
G01 X41.2815Y36.5159
G01 X41.2576Y36.5211
G01 X41.1314Y36.5401
G01 X41.0923Y36.5440
G01 X40.9796Y36.5495
G01 X40.9551Y36.5499
G01 X40.8277Y36.5440
G01 X40.7886Y36.5401
G01 X40.6721Y36.5228
G01 X40.6385Y36.5159
G01 X40.5290Y36.4885
G01 X40.5054Y36.4818
G01 X40.3852Y36.4391
G01 X40.3489Y36.4241
G01 X40.2469Y36.3758
G01 X40.2250Y36.3646
G01 X40.1155Y36.2993
G01 X40.0828Y36.2775
G01 X39.9805Y36.2012
G01 X39.9618Y36.1853
G01 X39.8782Y36.1096
G01 X39.8504Y36.0818
G01 X39.7650Y35.9871
G01 X39.7498Y35.9678
G01 X39.6900Y35.8873
G01 X39.6302Y35.9678
G01 X39.6150Y35.9871
G01 X39.5296Y36.0818
G01 X39.5054Y36.1062
G01 X39.4182Y36.1853
G01 X39.3878Y36.2102
G01 X39.2852Y36.2860
G01 X39.2645Y36.2993
G01 X39.1635Y36.3598
G01 X39.1331Y36.3758
G01 X39.0177Y36.4301
G01 X38.9948Y36.4391
G01 X38.8886Y36.4771
G01 X38.8652Y36.4846
G01 X38.7415Y36.5159
G01 X38.7176Y36.5211
G01 X38.5914Y36.5401
G01 X38.5572Y36.5437
G01 X38.4396Y36.5495
G01 X38.4004Y36.5495
G01 X38.2730Y36.5430
G01 X38.2486Y36.5401
G01 X38.1370Y36.5236
G01 X38.0985Y36.5159
G01 X37.9890Y36.4885
G01 X37.9654Y36.4818
G01 X37.8452Y36.4391
G01 X37.8089Y36.4241
G01 X37.7069Y36.3758
G01 X37.6850Y36.3646
G01 X37.5755Y36.2993
G01 X37.5428Y36.2775
G01 X37.4405Y36.2012
G01 X37.4218Y36.1853
G01 X37.3382Y36.1096
G01 X37.3104Y36.0818
G01 X37.2250Y35.9871
G01 X37.2098Y35.9678
G01 X37.1500Y35.8873
G01 X37.0902Y35.9678
G01 X37.0750Y35.9871
G01 X36.9896Y36.0818
G01 X36.9654Y36.1062
G01 X36.8782Y36.1853
G01 X36.8478Y36.2102
G01 X36.7452Y36.2860
G01 X36.7245Y36.2993
G01 X36.6277Y36.3573
G01 X36.5931Y36.3758
G01 X36.4777Y36.4301
G01 X36.4548Y36.4391
G01 X36.3346Y36.4818
G01 X36.3110Y36.4885
G01 X36.1872Y36.5192
G01 X36.1630Y36.5236
G01 X36.0368Y36.5420
G01 X36.0123Y36.5440
G01 X35.8996Y36.5495
G01 X35.8604Y36.5495
G01 X35.7330Y36.5430
G01 X35.7086Y36.5401
G01 X35.5970Y36.5236
G01 X35.5585Y36.5159
G01 X35.4490Y36.4885
G01 X35.4254Y36.4818
G01 X35.3052Y36.4391
G01 X35.2689Y36.4241
G01 X35.1669Y36.3758
G01 X35.1450Y36.3646
G01 X35.0355Y36.2993
G01 X35.0028Y36.2775
G01 X34.9005Y36.2012
G01 X34.8818Y36.1853
G01 X34.7982Y36.1096
G01 X34.7704Y36.0818
G01 X34.6850Y35.9871
G01 X34.6698Y35.9678
G01 X34.6100Y35.8873
G01 X34.5502Y35.9678
G01 X34.5350Y35.9871
G01 X34.4496Y36.0818
G01 X34.4218Y36.1096
G01 X34.3382Y36.1853
G01 X34.3195Y36.2012
G01 X34.2052Y36.2860
G01 X34.1845Y36.2993
G01 X34.0877Y36.3573
G01 X34.0531Y36.3758
G01 X33.9511Y36.4241
G01 X33.9286Y36.4338
G01 X33.8086Y36.4771
G01 X33.7710Y36.4885
G01 X33.6615Y36.5159
G01 X33.6376Y36.5211
G01 X33.4968Y36.5420
G01 X33.4723Y36.5440
G01 X33.3596Y36.5495
G01 X33.3204Y36.5495
G01 X33.2077Y36.5440
G01 X33.1832Y36.5420
G01 X33.0521Y36.5228
G01 X33.0185Y36.5159
G01 X32.8948Y36.4846
G01 X32.8714Y36.4771
G01 X32.7514Y36.4338
G01 X32.7289Y36.4241
G01 X32.6137Y36.3692
G01 X32.5923Y36.3573
G01 X32.4830Y36.2915
G01 X32.4628Y36.2775
G01 X32.3605Y36.2012
G01 X32.3418Y36.1853
G01 X32.2475Y36.0994
G01 X32.2304Y36.0818
G01 X32.1450Y35.9871
G01 X32.1298Y35.9678
G01 X32.0700Y35.8873
G01 X32.0102Y35.9678
G01 X31.9950Y35.9871
G01 X31.9096Y36.0818
G01 X31.8818Y36.1096
G01 X31.7982Y36.1853
G01 X31.7795Y36.2012
G01 X31.6772Y36.2775
G01 X31.6445Y36.2993
G01 X31.5350Y36.3646
G01 X31.5131Y36.3758
G01 X31.4111Y36.4241
G01 X31.3748Y36.4391
G01 X31.2546Y36.4818
G01 X31.2310Y36.4885
G01 X31.1215Y36.5159
G01 X31.0830Y36.5236
G01 X30.9714Y36.5401
G01 X30.9470Y36.5430
G01 X30.8196Y36.5495
G01 X30.7804Y36.5495
G01 X30.6530Y36.5430
G01 X30.6286Y36.5401
G01 X30.5024Y36.5211
G01 X30.4785Y36.5159
G01 X30.3548Y36.4846
G01 X30.3314Y36.4771
G01 X30.2114Y36.4338
G01 X30.1889Y36.4241
G01 X30.0869Y36.3758
G01 X30.0523Y36.3573
G01 X29.9513Y36.2967
G01 X29.9228Y36.2775
G01 X29.8322Y36.2102
G01 X29.8129Y36.1950
G01 X29.7182Y36.1096
G01 X29.6904Y36.0818
G01 X29.6147Y35.9982
G01 X29.5988Y35.9795
G01 X29.5225Y35.8772
G01 X29.5085Y35.8570
G01 X29.4427Y35.7477
G01 X29.4308Y35.7263
G01 X29.3759Y35.6111
G01 X29.3662Y35.5886
G01 X29.3229Y35.4686
G01 X29.3154Y35.4452
G01 X29.2808Y35.3072
G01 X29.2764Y35.2830
G01 X29.2580Y35.1568
G01 X29.2560Y35.1323
G01 X29.2501Y35.0098
G00 Z20.0000
G00 X24.1501Y36.2098
G01 Z20.0000
G01 X24.1505Y36.1804
G01 X24.1570Y36.0530
G01 X24.1599Y36.0286
G01 X24.1789Y35.9024
G01 X24.1841Y35.8785
G01 X24.2154Y35.7548
G01 X24.2229Y35.7314
G01 X24.2662Y35.6114
G01 X24.2759Y35.5889
G01 X24.3308Y35.4737
G01 X24.3427Y35.4523
G01 X24.4085Y35.3430
G01 X24.4225Y35.3228
G01 X24.4988Y35.2205
G01 X24.5147Y35.2018
G01 X24.6006Y35.1075
G01 X24.6182Y35.0904
G01 X24.7129Y35.0050
G01 X24.7322Y34.9898
G01 X24.8348Y34.9140
G01 X24.8555Y34.9007
G01 X24.9650Y34.8354
G01 X24.9869Y34.8242
G01 X25.1023Y34.7699
G01 X25.1252Y34.7609
G01 X25.2454Y34.7182
G01 X25.2690Y34.7115
G01 X25.3928Y34.6808
G01 X25.4170Y34.6764
G01 X25.5432Y34.6580
G01 X25.5677Y34.6560
G01 X25.6951Y34.6501
G01 X25.7196Y34.6505
G01 X25.8470Y34.6570
G01 X25.8714Y34.6599
G01 X25.9976Y34.6789
G01 X26.0215Y34.6841
G01 X26.1452Y34.7154
G01 X26.1686Y34.7229
G01 X26.2886Y34.7662
G01 X26.3111Y34.7759
G01 X26.4263Y34.8308
G01 X26.4477Y34.8427
G01 X26.5570Y34.9085
G01 X26.5772Y34.9225
G01 X26.6795Y34.9988
G01 X26.6982Y35.0147
G01 X26.7925Y35.1006
G01 X26.8096Y35.1182
G01 X26.8950Y35.2129
G01 X26.9102Y35.2322
G01 X26.9860Y35.3348
G01 X26.9993Y35.3555
G01 X27.0646Y35.4650
G01 X27.0758Y35.4869
G01 X27.1301Y35.6023
G01 X27.1391Y35.6252
G01 X27.1818Y35.7454
G01 X27.1885Y35.7690
G01 X27.2192Y35.8928
G01 X27.2236Y35.9170
G01 X27.2420Y36.0432
G01 X27.2440Y36.0677
G01 X27.2499Y36.1951
G01 X27.2495Y36.2196
G01 X27.2430Y36.3470
G01 X27.2401Y36.3714
G01 X27.2211Y36.4976
G01 X27.2159Y36.5215
G01 X27.1846Y36.6452
G01 X27.1771Y36.6686
G01 X27.1338Y36.7886
G01 X27.1241Y36.8111
G01 X27.0692Y36.9263
G01 X27.0573Y36.9477
G01 X26.9915Y37.0570
G01 X26.9775Y37.0772
G01 X26.9012Y37.1795
G01 X26.8853Y37.1982
G01 X26.7994Y37.2925
G01 X26.7818Y37.3096
G01 X26.6871Y37.3950
G01 X26.6678Y37.4102
G01 X26.5652Y37.4860
G01 X26.5445Y37.4993
G01 X26.4350Y37.5646
G01 X26.4131Y37.5758
G01 X26.2977Y37.6301
G01 X26.2748Y37.6391
G01 X26.1546Y37.6818
G01 X26.1310Y37.6885
G01 X26.0072Y37.7192
G01 X25.9830Y37.7236
G01 X25.8568Y37.7420
G01 X25.8323Y37.7440
G01 X25.7049Y37.7499
G01 X25.6804Y37.7495
G01 X25.5530Y37.7430
G01 X25.5286Y37.7401
G01 X25.4024Y37.7211
G01 X25.3785Y37.7159
G01 X25.2548Y37.6846
G01 X25.2314Y37.6771
G01 X25.1114Y37.6338
G01 X25.0889Y37.6241
G01 X24.9737Y37.5692
G01 X24.9523Y37.5573
G01 X24.8430Y37.4915
G01 X24.8228Y37.4775
G01 X24.7205Y37.4012
G01 X24.7018Y37.3853
G01 X24.6075Y37.2994
G01 X24.5904Y37.2818
G01 X24.5050Y37.1871
G01 X24.4898Y37.1678
G01 X24.4140Y37.0652
G01 X24.4007Y37.0445
G01 X24.3354Y36.9350
G01 X24.3242Y36.9131
G01 X24.2699Y36.7977
G01 X24.2609Y36.7748
G01 X24.2182Y36.6546
G01 X24.2115Y36.6310
G01 X24.1808Y36.5072
G01 X24.1764Y36.4830
G01 X24.1580Y36.3568
G01 X24.1560Y36.3323
G01 X24.1501Y36.2098
G00 Z20.0000
G00 X16.2661Y45.7091
G01 Z20.0000
G01 X16.3285Y46.9791
G00 Z20.0000
G00 X15.9198Y46.8037
G01 Z20.0000
G01 X15.8729Y45.8479
G00 Z20.0000
G00 X15.4743Y45.8763
G01 Z20.0000
G01 X15.5172Y46.7501
G00 Z20.0000
G00 X15.1198Y46.8038
G01 Z20.0000
G01 X15.0705Y45.7996
G00 Z20.0000
G00 X14.6654Y45.5945
G01 Z20.0000
G01 X14.6629Y45.6449
G01 X14.7280Y46.9692
G00 Z20.0000
G00 X14.3438Y47.2917
G01 Z20.0000
G01 X14.2629Y45.6449
G01 X14.2835Y45.2260
G00 Z20.0000
G00 X8.8533Y49.5210
G01 Z20.0000
G01 X9.1897Y56.3679
G01 X9.4881Y58.3792
G00 Z20.0000
G00 X14.9081Y62.2448
G01 Z20.0000
G01 X15.4728Y66.0513
G01 X16.4563Y69.9779
G00 Z20.0000
G00 X16.7957Y69.6886
G01 Z20.0000
G01 X16.6813Y69.2319
G00 Z20.0000
G00 X17.1549Y69.4783
G01 Z20.0000
G01 X17.1650Y69.5184
G00 Z20.0000
G00 X17.2349Y69.5000
G01 Z20.0000
G01 X17.1890Y69.4885
G01 X17.1654Y69.4818
G01 X17.0406Y69.4374
G01 X17.0089Y69.4241
G01 X16.9025Y69.3737
G01 X16.8723Y69.3573
G01 X16.7630Y69.2915
G01 X16.7428Y69.2775
G01 X16.6483Y69.2073
G01 X16.6218Y69.1853
G01 X16.5275Y69.0994
G01 X16.5104Y69.0818
G01 X16.4250Y68.9871
G01 X16.4098Y68.9678
G01 X16.3340Y68.8652
G01 X16.3207Y68.8445
G01 X16.2602Y68.7435
G01 X16.2442Y68.7131
G01 X16.1899Y68.5977
G01 X16.1809Y68.5748
G01 X16.1382Y68.4546
G01 X16.1315Y68.4310
G01 X16.1008Y68.3072
G01 X16.0964Y68.2830
G01 X16.0780Y68.1568
G01 X16.0760Y68.1323
G01 X16.0701Y68.0049
G01 X16.0705Y67.9804
G01 X16.0770Y67.8530
G01 X16.0799Y67.8286
G01 X16.0989Y67.7024
G01 X16.1041Y67.6785
G01 X16.1328Y67.5642
G01 X16.1429Y67.5314
G01 X16.1862Y67.4114
G01 X16.1959Y67.3889
G01 X16.2508Y67.2737
G01 X16.2627Y67.2523
G01 X16.3285Y67.1430
G01 X16.3425Y67.1228
G01 X16.4188Y67.0205
G01 X16.4347Y67.0018
G01 X16.5206Y66.9075
G01 X16.5382Y66.8904
G01 X16.6329Y66.8050
G01 X16.6522Y66.7898
G01 X16.7548Y66.7140
G01 X16.7755Y66.7007
G01 X16.8850Y66.6354
G01 X16.9069Y66.6242
G01 X17.0223Y66.5699
G01 X17.0452Y66.5609
G01 X17.1654Y66.5182
G01 X17.1890Y66.5115
G01 X17.3128Y66.4808
G01 X17.3370Y66.4764
G01 X17.4632Y66.4580
G01 X17.4877Y66.4560
G01 X17.6151Y66.4501
G01 X17.6396Y66.4505
G01 X17.7670Y66.4570
G01 X17.7914Y66.4599
G01 X17.9176Y66.4789
G01 X17.9415Y66.4841
G01 X18.0558Y66.5128
G01 X18.0886Y66.5229
G01 X18.1948Y66.5609
G01 X18.2311Y66.5759
G01 X18.3331Y66.6242
G01 X18.3550Y66.6354
G01 X18.4645Y66.7007
G01 X18.4852Y66.7140
G01 X18.5995Y66.7988
G01 X18.6182Y66.8147
G01 X18.7018Y66.8904
G01 X18.7262Y66.9146
G01 X18.8053Y67.0018
G01 X18.8302Y67.0322
G01 X18.8975Y67.1228
G01 X18.9115Y67.1430
G01 X18.9773Y67.2523
G01 X18.9892Y67.2737
G01 X19.0501Y67.4023
G01 X19.0591Y67.4252
G01 X19.0971Y67.5314
G01 X19.1085Y67.5690
G01 X19.1371Y67.6832
G01 X19.1436Y67.7170
G01 X19.1601Y67.8286
G01 X19.1630Y67.8530
G01 X19.1695Y67.9804
G01 X19.1699Y68.0049
G01 X19.1630Y68.1470
G01 X19.1601Y68.1714
G01 X19.1436Y68.2830
G01 X19.1371Y68.3168
G01 X19.1085Y68.4310
G01 X19.0971Y68.4686
G01 X19.0591Y68.5748
G01 X19.0501Y68.5977
G01 X18.9958Y68.7131
G01 X18.9846Y68.7350
G01 X18.9115Y68.8570
G01 X18.8975Y68.8772
G01 X18.8273Y68.9717
G01 X18.8053Y68.9982
G01 X18.7296Y69.0818
G01 X18.7018Y69.1096
G01 X18.6182Y69.1853
G01 X18.5995Y69.2012
G01 X18.4972Y69.2775
G01 X18.4770Y69.2915
G01 X18.3550Y69.3646
G01 X18.3331Y69.3758
G01 X18.2177Y69.4301
G01 X18.1948Y69.4391
G01 X18.0746Y69.4818
G01 X18.0510Y69.4885
G01 X18.0051Y69.5000
G01 X18.0510Y69.5115
G01 X18.0746Y69.5182
G01 X18.1948Y69.5609
G01 X18.2177Y69.5699
G01 X18.3331Y69.6242
G01 X18.3550Y69.6354
G01 X18.4770Y69.7085
G01 X18.4972Y69.7225
G01 X18.5995Y69.7988
G01 X18.6182Y69.8147
G01 X18.7018Y69.8904
G01 X18.7296Y69.9182
G01 X18.8053Y70.0018
G01 X18.8273Y70.0283
G01 X18.8975Y70.1228
G01 X18.9115Y70.1430
G01 X18.9846Y70.2650
G01 X18.9958Y70.2869
G01 X19.0501Y70.4023
G01 X19.0591Y70.4252
G01 X19.0971Y70.5314
G01 X19.1085Y70.5690
G01 X19.1371Y70.6832
G01 X19.1436Y70.7170
G01 X19.1601Y70.8286
G01 X19.1630Y70.8530
G01 X19.1695Y70.9804
G01 X19.1699Y71.0049
G01 X19.1630Y71.1470
G01 X19.1601Y71.1714
G01 X19.1436Y71.2830
G01 X19.1371Y71.3168
G01 X19.1085Y71.4310
G01 X19.0971Y71.4686
G01 X19.0591Y71.5748
G01 X19.0501Y71.5977
G01 X18.9892Y71.7263
G01 X18.9773Y71.7477
G01 X18.9115Y71.8570
G01 X18.8975Y71.8772
G01 X18.8302Y71.9678
G01 X18.8053Y71.9982
G01 X18.7262Y72.0854
G01 X18.7018Y72.1096
G01 X18.6182Y72.1853
G01 X18.5995Y72.2012
G01 X18.4852Y72.2860
G01 X18.4645Y72.2993
G01 X18.3550Y72.3646
G01 X18.3331Y72.3758
G01 X18.2311Y72.4241
G01 X18.1948Y72.4391
G01 X18.0886Y72.4771
G01 X18.0558Y72.4872
G01 X17.9415Y72.5159
G01 X17.9176Y72.5211
G01 X17.7914Y72.5401
G01 X17.7670Y72.5430
G01 X17.6396Y72.5495
G01 X17.6151Y72.5499
G01 X17.4877Y72.5440
G01 X17.4632Y72.5420
G01 X17.3370Y72.5236
G01 X17.3128Y72.5192
G01 X17.1890Y72.4885
G01 X17.1654Y72.4818
G01 X17.0452Y72.4391
G01 X17.0223Y72.4301
G01 X16.9069Y72.3758
G01 X16.8850Y72.3646
G01 X16.7755Y72.2993
G01 X16.7548Y72.2860
G01 X16.6522Y72.2102
G01 X16.6329Y72.1950
G01 X16.5382Y72.1096
G01 X16.5206Y72.0925
G01 X16.4347Y71.9982
G01 X16.4188Y71.9795
G01 X16.3425Y71.8772
G01 X16.3285Y71.8570
G01 X16.2627Y71.7477
G01 X16.2508Y71.7263
G01 X16.1959Y71.6111
G01 X16.1862Y71.5886
G01 X16.1429Y71.4686
G01 X16.1328Y71.4358
G01 X16.1041Y71.3215
G01 X16.0989Y71.2976
G01 X16.0799Y71.1714
G01 X16.0770Y71.1470
G01 X16.0705Y71.0196
G01 X16.0701Y70.9951
G01 X16.0760Y70.8677
G01 X16.0780Y70.8432
G01 X16.0964Y70.7170
G01 X16.1008Y70.6928
G01 X16.1315Y70.5690
G01 X16.1382Y70.5454
G01 X16.1809Y70.4252
G01 X16.1899Y70.4023
G01 X16.2442Y70.2869
G01 X16.2602Y70.2565
G01 X16.3207Y70.1555
G01 X16.3340Y70.1348
G01 X16.4098Y70.0322
G01 X16.4250Y70.0129
G01 X16.5104Y69.9182
G01 X16.5275Y69.9006
G01 X16.6218Y69.8147
G01 X16.6483Y69.7927
G01 X16.7428Y69.7225
G01 X16.7630Y69.7085
G01 X16.8723Y69.6427
G01 X16.9025Y69.6263
G01 X17.0089Y69.5759
G01 X17.0406Y69.5626
G01 X17.1654Y69.5182
G01 X17.1890Y69.5115
G01 X17.2349Y69.5000
G00 Z20.0000
G00 X16.2115Y67.3561
G01 Z20.0000
G01 X15.8651Y65.9733
G01 X15.3308Y62.3716
G00 Z20.0000
G00 X15.7359Y62.3795
G01 Z20.0000
G01 X16.2574Y65.8952
G01 X16.5130Y66.9155
G00 Z20.0000
G00 X16.8586Y66.6509
G01 Z20.0000
G01 X16.6497Y65.8172
G01 X16.1254Y62.2825
G00 Z20.0000
G00 X16.4981Y62.0723
G01 Z20.0000
G01 X17.0420Y65.7392
G01 X17.2327Y66.5005
G00 Z20.0000
G00 X17.6320Y66.4502
G01 Z20.0000
G01 X17.4343Y65.6611
G01 X16.8560Y61.7623
G00 Z20.0000
G00 X17.3217Y62.1790
G01 Z20.0000
G01 X17.8267Y65.5831
G01 X18.0598Y66.5139
G00 Z20.0000
G00 X18.5300Y66.7469
G01 Z20.0000
G01 X18.2190Y65.5051
G01 X17.7508Y62.3490
G00 Z20.0000
G00 X10.9189Y69.2465
G01 Z20.0000
G01 X11.0798Y69.8886
G00 Z20.0000
G00 X10.5870Y69.5655
G01 Z20.0000
G01 X10.5569Y69.4455
G00 Z20.0000
G00 X9.6149Y69.5000
G01 Z20.0000
G01 X9.5690Y69.4885
G01 X9.5454Y69.4818
G01 X9.4206Y69.4374
G01 X9.3889Y69.4241
G01 X9.2825Y69.3737
G01 X9.2523Y69.3573
G01 X9.1430Y69.2915
G01 X9.1228Y69.2775
G01 X9.0283Y69.2073
G01 X9.0018Y69.1853
G01 X8.9075Y69.0994
G01 X8.8904Y69.0818
G01 X8.8050Y68.9871
G01 X8.7898Y68.9678
G01 X8.7140Y68.8652
G01 X8.7007Y68.8445
G01 X8.6402Y68.7435
G01 X8.6242Y68.7131
G01 X8.5699Y68.5977
G01 X8.5609Y68.5748
G01 X8.5182Y68.4546
G01 X8.5115Y68.4310
G01 X8.4808Y68.3072
G01 X8.4764Y68.2830
G01 X8.4580Y68.1568
G01 X8.4560Y68.1323
G01 X8.4501Y68.0049
G01 X8.4505Y67.9804
G01 X8.4570Y67.8530
G01 X8.4599Y67.8286
G01 X8.4789Y67.7024
G01 X8.4841Y67.6785
G01 X8.5128Y67.5642
G01 X8.5229Y67.5314
G01 X8.5662Y67.4114
G01 X8.5759Y67.3889
G01 X8.6308Y67.2737
G01 X8.6427Y67.2523
G01 X8.7085Y67.1430
G01 X8.7225Y67.1228
G01 X8.7988Y67.0205
G01 X8.8147Y67.0018
G01 X8.9006Y66.9075
G01 X8.9182Y66.8904
G01 X9.0129Y66.8050
G01 X9.0322Y66.7898
G01 X9.1348Y66.7140
G01 X9.1555Y66.7007
G01 X9.2650Y66.6354
G01 X9.2869Y66.6242
G01 X9.4023Y66.5699
G01 X9.4252Y66.5609
G01 X9.5454Y66.5182
G01 X9.5690Y66.5115
G01 X9.6928Y66.4808
G01 X9.7170Y66.4764
G01 X9.8432Y66.4580
G01 X9.8677Y66.4560
G01 X9.9951Y66.4501
G01 X10.0196Y66.4505
G01 X10.1470Y66.4570
G01 X10.1714Y66.4599
G01 X10.2976Y66.4789
G01 X10.3215Y66.4841
G01 X10.4358Y66.5128
G01 X10.4686Y66.5229
G01 X10.5748Y66.5609
G01 X10.6111Y66.5759
G01 X10.7131Y66.6242
G01 X10.7350Y66.6354
G01 X10.8445Y66.7007
G01 X10.8652Y66.7140
G01 X10.9795Y66.7988
G01 X10.9982Y66.8147
G01 X11.0818Y66.8904
G01 X11.1062Y66.9146
G01 X11.1853Y67.0018
G01 X11.2102Y67.0322
G01 X11.2775Y67.1228
G01 X11.2915Y67.1430
G01 X11.3573Y67.2523
G01 X11.3692Y67.2737
G01 X11.4301Y67.4023
G01 X11.4391Y67.4252
G01 X11.4771Y67.5314
G01 X11.4885Y67.5690
G01 X11.5171Y67.6832
G01 X11.5236Y67.7170
G01 X11.5401Y67.8286
G01 X11.5430Y67.8530
G01 X11.5495Y67.9804
G01 X11.5499Y68.0049
G01 X11.5430Y68.1470
G01 X11.5401Y68.1714
G01 X11.5236Y68.2830
G01 X11.5171Y68.3168
G01 X11.4885Y68.4310
G01 X11.4771Y68.4686
G01 X11.4391Y68.5748
G01 X11.4301Y68.5977
G01 X11.3758Y68.7131
G01 X11.3646Y68.7350
G01 X11.2915Y68.8570
G01 X11.2775Y68.8772
G01 X11.2073Y68.9717
G01 X11.1853Y68.9982
G01 X11.1096Y69.0818
G01 X11.0818Y69.1096
G01 X10.9982Y69.1853
G01 X10.9795Y69.2012
G01 X10.8772Y69.2775
G01 X10.8570Y69.2915
G01 X10.7350Y69.3646
G01 X10.7131Y69.3758
G01 X10.5977Y69.4301
G01 X10.5748Y69.4391
G01 X10.4546Y69.4818
G01 X10.4310Y69.4885
G01 X10.3851Y69.5000
G01 X10.4310Y69.5115
G01 X10.4546Y69.5182
G01 X10.5748Y69.5609
G01 X10.5977Y69.5699
G01 X10.7131Y69.6242
G01 X10.7350Y69.6354
G01 X10.8570Y69.7085
G01 X10.8772Y69.7225
G01 X10.9795Y69.7988
G01 X10.9982Y69.8147
G01 X11.0818Y69.8904
G01 X11.1096Y69.9182
G01 X11.1853Y70.0018
G01 X11.2073Y70.0283
G01 X11.2775Y70.1228
G01 X11.2915Y70.1430
G01 X11.3646Y70.2650
G01 X11.3758Y70.2869
G01 X11.4301Y70.4023
G01 X11.4391Y70.4252
G01 X11.4771Y70.5314
G01 X11.4885Y70.5690
G01 X11.5171Y70.6832
G01 X11.5236Y70.7170
G01 X11.5401Y70.8286
G01 X11.5430Y70.8530
G01 X11.5495Y70.9804
G01 X11.5499Y71.0049
G01 X11.5430Y71.1470
G01 X11.5401Y71.1714
G01 X11.5236Y71.2830
G01 X11.5171Y71.3168
G01 X11.4885Y71.4310
G01 X11.4771Y71.4686
G01 X11.4391Y71.5748
G01 X11.4301Y71.5977
G01 X11.3692Y71.7263
G01 X11.3573Y71.7477
G01 X11.2915Y71.8570
G01 X11.2775Y71.8772
G01 X11.2102Y71.9678
G01 X11.1853Y71.9982
G01 X11.1062Y72.0854
G01 X11.0818Y72.1096
G01 X10.9982Y72.1853
G01 X10.9795Y72.2012
G01 X10.8652Y72.2860
G01 X10.8445Y72.2993
G01 X10.7350Y72.3646
G01 X10.7131Y72.3758
G01 X10.6111Y72.4241
G01 X10.5748Y72.4391
G01 X10.4686Y72.4771
G01 X10.4358Y72.4872
G01 X10.3215Y72.5159
G01 X10.2976Y72.5211
G01 X10.1714Y72.5401
G01 X10.1470Y72.5430
G01 X10.0196Y72.5495
G01 X9.9951Y72.5499
G01 X9.8677Y72.5440
G01 X9.8432Y72.5420
G01 X9.7170Y72.5236
G01 X9.6928Y72.5192
G01 X9.5690Y72.4885
G01 X9.5454Y72.4818
G01 X9.4252Y72.4391
G01 X9.4023Y72.4301
G01 X9.2869Y72.3758
G01 X9.2650Y72.3646
G01 X9.1555Y72.2993
G01 X9.1348Y72.2860
G01 X9.0322Y72.2102
G01 X9.0129Y72.1950
G01 X8.9182Y72.1096
G01 X8.9006Y72.0925
G01 X8.8147Y71.9982
G01 X8.7988Y71.9795
G01 X8.7225Y71.8772
G01 X8.7085Y71.8570
G01 X8.6427Y71.7477
G01 X8.6308Y71.7263
G01 X8.5759Y71.6111
G01 X8.5662Y71.5886
G01 X8.5229Y71.4686
G01 X8.5128Y71.4358
G01 X8.4841Y71.3215
G01 X8.4789Y71.2976
G01 X8.4599Y71.1714
G01 X8.4570Y71.1470
G01 X8.4505Y71.0196
G01 X8.4501Y70.9951
G01 X8.4560Y70.8677
G01 X8.4580Y70.8432
G01 X8.4764Y70.7170
G01 X8.4808Y70.6928
G01 X8.5115Y70.5690
G01 X8.5182Y70.5454
G01 X8.5609Y70.4252
G01 X8.5699Y70.4023
G01 X8.6242Y70.2869
G01 X8.6402Y70.2565
G01 X8.7007Y70.1555
G01 X8.7140Y70.1348
G01 X8.7898Y70.0322
G01 X8.8050Y70.0129
G01 X8.8904Y69.9182
G01 X8.9075Y69.9006
G01 X9.0018Y69.8147
G01 X9.0283Y69.7927
G01 X9.1228Y69.7225
G01 X9.1430Y69.7085
G01 X9.2523Y69.6427
G01 X9.2825Y69.6263
G01 X9.3889Y69.5759
G01 X9.4206Y69.5626
G01 X9.5454Y69.5182
G01 X9.5690Y69.5115
G01 X9.6149Y69.5000
G00 Z20.0000
G00 X9.3577Y69.5907
G01 Z20.0000
G01 X9.3062Y69.3849
G01 X9.0019Y69.8146
G01 X8.7899Y68.9680
G00 Z20.0000
G00 X6.3501Y48.3098
G01 Z20.0000
G01 X6.3505Y48.2804
G01 X6.3570Y48.1530
G01 X6.3599Y48.1286
G01 X6.3789Y48.0024
G01 X6.3841Y47.9785
G01 X6.4154Y47.8548
G01 X6.4229Y47.8314
G01 X6.4662Y47.7114
G01 X6.4759Y47.6889
G01 X6.5308Y47.5737
G01 X6.5427Y47.5523
G01 X6.6085Y47.4430
G01 X6.6225Y47.4228
G01 X6.6988Y47.3205
G01 X6.7147Y47.3018
G01 X6.8006Y47.2075
G01 X6.8182Y47.1904
G01 X6.9129Y47.1050
G01 X6.9322Y47.0898
G01 X7.0348Y47.0140
G01 X7.0555Y47.0007
G01 X7.1650Y46.9354
G01 X7.1869Y46.9242
G01 X7.3023Y46.8699
G01 X7.3252Y46.8609
G01 X7.4454Y46.8182
G01 X7.4690Y46.8115
G01 X7.5928Y46.7808
G01 X7.6170Y46.7764
G01 X7.7432Y46.7580
G01 X7.7677Y46.7560
G01 X7.8951Y46.7501
G01 X7.9196Y46.7505
G01 X8.0470Y46.7570
G01 X8.0714Y46.7599
G01 X8.1976Y46.7789
G01 X8.2215Y46.7841
G01 X8.3452Y46.8154
G01 X8.3686Y46.8229
G01 X8.4886Y46.8662
G01 X8.5111Y46.8759
G01 X8.6263Y46.9308
G01 X8.6477Y46.9427
G01 X8.7570Y47.0085
G01 X8.7772Y47.0225
G01 X8.8795Y47.0988
G01 X8.8982Y47.1147
G01 X8.9925Y47.2006
G01 X9.0096Y47.2182
G01 X9.0950Y47.3129
G01 X9.1102Y47.3322
G01 X9.1860Y47.4348
G01 X9.1993Y47.4555
G01 X9.2646Y47.5650
G01 X9.2758Y47.5869
G01 X9.3301Y47.7023
G01 X9.3391Y47.7252
G01 X9.3818Y47.8454
G01 X9.3885Y47.8690
G01 X9.4192Y47.9928
G01 X9.4236Y48.0170
G01 X9.4420Y48.1432
G01 X9.4440Y48.1677
G01 X9.4499Y48.2951
G01 X9.4495Y48.3196
G01 X9.4430Y48.4470
G01 X9.4401Y48.4714
G01 X9.4211Y48.5976
G01 X9.4159Y48.6215
G01 X9.3846Y48.7452
G01 X9.3771Y48.7686
G01 X9.3338Y48.8886
G01 X9.3241Y48.9111
G01 X9.2692Y49.0263
G01 X9.2573Y49.0477
G01 X9.1915Y49.1570
G01 X9.1775Y49.1772
G01 X9.1012Y49.2795
G01 X9.0853Y49.2982
G01 X8.9994Y49.3925
G01 X8.9818Y49.4096
G01 X8.8871Y49.4950
G01 X8.8678Y49.5102
G01 X8.7652Y49.5860
G01 X8.7445Y49.5993
G01 X8.6350Y49.6646
G01 X8.6131Y49.6758
G01 X8.4977Y49.7301
G01 X8.4748Y49.7391
G01 X8.3546Y49.7818
G01 X8.3310Y49.7885
G01 X8.2072Y49.8192
G01 X8.1830Y49.8236
G01 X8.0568Y49.8420
G01 X8.0323Y49.8440
G01 X7.9049Y49.8499
G01 X7.8804Y49.8495
G01 X7.7530Y49.8430
G01 X7.7286Y49.8401
G01 X7.6024Y49.8211
G01 X7.5785Y49.8159
G01 X7.4548Y49.7846
G01 X7.4314Y49.7771
G01 X7.3114Y49.7338
G01 X7.2889Y49.7241
G01 X7.1737Y49.6692
G01 X7.1523Y49.6573
G01 X7.0430Y49.5915
G01 X7.0228Y49.5775
G01 X6.9205Y49.5012
G01 X6.9018Y49.4853
G01 X6.8075Y49.3994
G01 X6.7904Y49.3818
G01 X6.7050Y49.2871
G01 X6.6898Y49.2678
G01 X6.6140Y49.1652
G01 X6.6007Y49.1445
G01 X6.5354Y49.0350
G01 X6.5242Y49.0131
G01 X6.4699Y48.8977
G01 X6.4609Y48.8748
G01 X6.4182Y48.7546
G01 X6.4115Y48.7310
G01 X6.3808Y48.6072
G01 X6.3764Y48.5830
G01 X6.3580Y48.4568
G01 X6.3560Y48.4323
G01 X6.3501Y48.3098
G00 Z20.0000
G00 X6.3788Y48.0031
G01 Z20.0000
G01 X6.2629Y45.6449
G01 X6.2643Y45.6166
G00 Z20.0000
G00 X-0.2500Y33.2118
G01 Z20.0000
G01 X1.3495Y22.4291
G01 X3.2980Y14.6500
G00 Z20.0000
G00 X2.9040Y14.5787
G01 Z20.0000
G01 X0.9572Y22.3511
G01 X-0.2500Y30.4890
G01 X-0.2500Y27.7662
G01 X0.5648Y22.2730
G01 X2.5497Y14.3490
G00 Z20.0000
G00 X2.2700Y13.8214
G01 Z20.0000
G01 X0.1725Y22.1950
G01 X-0.2500Y25.0434
G01 X-0.2500Y22.3206
G01 X-0.2198Y22.1170
G01 X2.2784Y12.1435
G00 Z20.0000
G00 X2.2980Y12.0655
G01 Z20.0000
G01 X2.6559Y10.6365
G01 X3.4565Y8.3991
G00 Z20.0000
G00 X3.1043Y8.1976
G01 Z20.0000
G01 X2.2731Y10.5204
G01 X-0.2500Y20.5933
G01 X-0.2500Y18.9491
G01 X1.8904Y10.4043
G01 X2.8226Y7.7990
G00 Z20.0000
G00 X2.7500Y6.8159
G01 Z20.0000
G01 X1.5076Y10.2882
G01 X-0.2500Y17.3049
G01 X-0.2500Y15.6606
G01 X1.1248Y10.1721
G01 X2.7500Y5.6300
G00 Z20.0000
G00 X3.8626Y8.4500
G01 Z20.0000
G01 X3.0387Y10.7526
G01 X2.8674Y11.4365
G00 Z20.0000
G00 X3.3009Y11.3500
G01 Z20.0000
G01 X3.4215Y10.8688
G01 X4.2869Y8.4500
G01 X4.7112Y8.4500
G01 X3.8042Y10.9849
G01 X3.7128Y11.3500
G01 X4.1246Y11.3500
G01 X4.1870Y11.1010
G01 X5.1383Y8.4423
G00 Z20.0000
G00 X5.6309Y8.2516
G01 Z20.0000
G01 X4.5698Y11.2171
G01 X4.5365Y11.3500
G01 X4.9484Y11.3500
G01 X4.9526Y11.3332
G01 X7.7374Y3.5500
G00 Z20.0000
G00 X7.3249Y3.5171
G01 Z20.0000
G01 X6.0500Y7.0802
G01 X6.0500Y5.8943
G01 X6.9618Y3.3460
G00 Z20.0000
G00 X6.6636Y2.9936
G01 Z20.0000
G01 X6.0500Y4.7084
G00 Z20.0000
G00 X5.8770Y4.0059
G01 Z20.0000
G01 X6.5500Y2.1251
G00 Z20.0000
G00 X8.1618Y3.5500
G01 Z20.0000
G01 X5.3709Y11.3500
G01 X5.7952Y11.3500
G01 X8.5861Y3.5500
G01 X9.0104Y3.5500
G01 X6.2174Y11.3560
G00 Z20.0000
G00 X6.6017Y11.4678
G01 Z20.0000
G01 X9.4347Y3.5500
G01 X9.8591Y3.5500
G01 X6.9285Y11.7404
G00 Z20.0000
G00 X7.1500Y12.4260
G01 Z20.0000
G01 X7.2492Y12.0299
G01 X10.2834Y3.5500
G00 Z20.0000
G00 X10.7237Y3.5052
G01 Z20.0000
G01 X9.6749Y6.4365
G00 Z20.0000
G00 X12.6000Y10.4552
G01 Z20.0000
G01 X12.5654Y10.5113
G01 X12.5423Y10.5431
G01 X12.4685Y10.6297
G01 X12.4441Y10.6552
G01 X12.4267Y10.6711
G01 X12.3521Y10.7348
G01 X12.3338Y10.7495
G01 X12.3047Y10.7696
G01 X12.2076Y10.8289
G01 X12.1726Y10.8467
G01 X12.0712Y10.8890
G01 X12.0492Y10.8973
G01 X12.0153Y10.9074
G01 X11.9123Y10.9321
G01 X11.8776Y10.9385
G01 X11.8542Y10.9411
G01 X11.7564Y10.9488
G01 X11.7289Y10.9500
G01 X10.4711Y10.9500
G01 X10.4436Y10.9488
G01 X10.3419Y10.9407
G01 X10.3224Y10.9385
G01 X10.2953Y10.9338
G01 X10.1771Y10.9054
G01 X10.1508Y10.8973
G01 X10.1288Y10.8890
G01 X10.0346Y10.8499
G01 X10.0027Y10.8346
G01 X9.9823Y10.8229
G01 X9.8953Y10.7696
G01 X9.8790Y10.7587
G01 X9.8569Y10.7423
G01 X9.7733Y10.6711
G01 X9.7559Y10.6552
G01 X9.7315Y10.6297
G01 X9.6652Y10.5521
G01 X9.6505Y10.5337
G01 X9.6346Y10.5113
G01 X9.5750Y10.4144
G01 X9.5583Y10.3833
G01 X9.5486Y10.3618
G01 X9.5110Y10.2712
G01 X9.5027Y10.2492
G01 X9.4916Y10.2115
G01 X9.4687Y10.1161
G01 X9.4640Y10.0931
G01 X9.4593Y10.0581
G01 X9.4505Y9.9446
G01 X9.4500Y7.0750
G01 X9.4510Y7.0475
G01 X9.4589Y6.9458
G01 X9.4615Y6.9224
G01 X9.4679Y6.8877
G01 X9.4926Y6.7847
G01 X9.4979Y6.7658
G01 X9.5096Y6.7324
G01 X9.5501Y6.6346
G01 X9.5654Y6.6027
G01 X9.5771Y6.5823
G01 X9.6283Y6.4986
G01 X9.6413Y6.4790
G01 X9.6627Y6.4509
G01 X9.7315Y6.3703
G01 X9.7559Y6.3448
G01 X9.7733Y6.3289
G01 X9.8569Y6.2577
G01 X9.8887Y6.2346
G01 X9.9856Y6.1750
G01 X10.0167Y6.1583
G01 X10.0382Y6.1486
G01 X10.1288Y6.1110
G01 X10.1658Y6.0979
G01 X10.1885Y6.0916
G01 X10.2839Y6.0687
G01 X10.3069Y6.0640
G01 X10.3458Y6.0589
G01 X10.4632Y6.0502
G01 X11.7250Y6.0500
G01 X11.7525Y6.0510
G01 X11.8542Y6.0589
G01 X11.8776Y6.0615
G01 X11.9123Y6.0679
G01 X12.0115Y6.0916
G01 X12.0342Y6.0979
G01 X12.0602Y6.1067
G01 X12.1726Y6.1533
G01 X12.1973Y6.1654
G01 X12.2144Y6.1750
G01 X12.3014Y6.2283
G01 X12.3210Y6.2413
G01 X12.3491Y6.2627
G01 X12.4267Y6.3289
G01 X12.4441Y6.3448
G01 X12.4633Y6.3645
G01 X12.5423Y6.4569
G01 X12.5587Y6.4790
G01 X12.5717Y6.4986
G01 X12.6229Y6.5823
G01 X12.6346Y6.6027
G01 X12.6499Y6.6346
G01 X12.6890Y6.7288
G01 X12.6973Y6.7508
G01 X12.7054Y6.7771
G01 X12.7338Y6.8953
G01 X12.7400Y6.9341
G01 X12.7488Y7.0436
G01 X12.7500Y7.0750
G01 X12.7500Y7.5629
G01 X12.7894Y7.4990
G01 X12.8125Y7.4672
G01 X12.8888Y7.3776
G01 X12.9132Y7.3521
G01 X12.9306Y7.3362
G01 X13.0082Y7.2700
G01 X13.0265Y7.2553
G01 X13.0556Y7.2352
G01 X13.1560Y7.1738
G01 X13.1910Y7.1560
G01 X13.2961Y7.1123
G01 X13.3181Y7.1040
G01 X13.3520Y7.0938
G01 X13.4588Y7.0682
G01 X13.4935Y7.0619
G01 X13.5169Y7.0592
G01 X13.6382Y7.0502
G01 X14.9539Y7.0500
G01 X14.9814Y7.0512
G01 X15.0870Y7.0596
G01 X15.1065Y7.0619
G01 X15.1336Y7.0665
G01 X15.2556Y7.0958
G01 X15.2819Y7.1040
G01 X15.3039Y7.1123
G01 X15.4018Y7.1528
G01 X15.4336Y7.1682
G01 X15.4541Y7.1798
G01 X15.5444Y7.2352
G01 X15.5607Y7.2460
G01 X15.5888Y7.2675
G01 X15.6694Y7.3362
G01 X15.6868Y7.3521
G01 X15.7112Y7.3776
G01 X15.7800Y7.4582
G01 X15.7947Y7.4766
G01 X15.8106Y7.4990
G01 X15.8722Y7.5993
G01 X15.8890Y7.6304
G01 X15.8987Y7.6518
G01 X15.9377Y7.7461
G01 X15.9509Y7.7830
G01 X15.9571Y7.8058
G01 X15.9809Y7.9049
G01 X15.9857Y7.9280
G01 X15.9904Y7.9630
G01 X15.9995Y8.0804
G01 X15.9998Y10.9118
G01 X15.9897Y11.0448
G01 X15.9857Y11.0720
G01 X15.9809Y11.0951
G01 X15.9562Y11.1980
G01 X15.9460Y11.2319
G01 X15.9377Y11.2539
G01 X15.8972Y11.3518
G01 X15.8819Y11.3836
G01 X15.8722Y11.4007
G01 X15.8169Y11.4911
G01 X15.8040Y11.5107
G01 X15.7825Y11.5388
G01 X15.7138Y11.6194
G01 X15.6979Y11.6368
G01 X15.6782Y11.6560
G01 X15.5888Y11.7325
G01 X15.5607Y11.7540
G01 X15.5411Y11.7669
G01 X15.4541Y11.8202
G01 X15.4196Y11.8390
G01 X15.3982Y11.8487
G01 X15.3039Y11.8877
G01 X15.2669Y11.9009
G01 X15.2442Y11.9071
G01 X15.1412Y11.9318
G01 X15.1220Y11.9357
G01 X15.0948Y11.9396
G01 X14.9814Y11.9488
G01 X14.9500Y11.9500
G01 X13.6382Y11.9498
G01 X13.5169Y11.9408
G01 X13.4780Y11.9357
G01 X13.4549Y11.9309
G01 X13.3520Y11.9062
G01 X13.3331Y11.9009
G01 X13.3070Y11.8921
G01 X13.1910Y11.8440
G01 X13.1664Y11.8319
G01 X13.1459Y11.8202
G01 X13.0556Y11.7648
G01 X13.0266Y11.7447
G01 X13.0082Y11.7300
G01 X12.9276Y11.6612
G01 X12.9021Y11.6368
G01 X12.8888Y11.6224
G01 X12.8200Y11.5418
G01 X12.8053Y11.5234
G01 X12.7852Y11.4944
G01 X12.7298Y11.4041
G01 X12.7110Y11.3696
G01 X12.7013Y11.3482
G01 X12.6623Y11.2539
G01 X12.6491Y11.2170
G01 X12.6429Y11.1942
G01 X12.6182Y11.0912
G01 X12.6143Y11.0720
G01 X12.6104Y11.0448
G01 X12.6012Y10.9314
G01 X12.6000Y10.9039
G01 X12.6000Y10.4552
G00 Z20.0000
G00 X1.9501Y27.5098
G01 Z20.0000
G01 X1.9505Y27.4804
G01 X1.9595Y27.3039
G01 X1.9623Y27.2796
G01 X1.9885Y27.1049
G01 X1.9937Y27.0809
G01 X2.0369Y26.9096
G01 X2.0444Y26.8863
G01 X2.1042Y26.7201
G01 X2.1140Y26.6976
G01 X2.1898Y26.5380
G01 X2.2017Y26.5166
G01 X2.2928Y26.3652
G01 X2.3068Y26.3450
G01 X2.4123Y26.2033
G01 X2.4282Y26.1846
G01 X2.5470Y26.0539
G01 X2.5647Y26.0369
G01 X2.6957Y25.9185
G01 X2.7150Y25.9032
G01 X2.8570Y25.7983
G01 X2.8777Y25.7850
G01 X3.0293Y25.6944
G01 X3.0512Y25.6832
G01 X3.2110Y25.6080
G01 X3.2338Y25.5990
G01 X3.4002Y25.5398
G01 X3.4238Y25.5330
G01 X3.5953Y25.4904
G01 X3.6194Y25.4860
G01 X3.7942Y25.4604
G01 X3.8186Y25.4584
G01 X3.9951Y25.4501
G01 X4.0196Y25.4505
G01 X4.1960Y25.4595
G01 X4.2204Y25.4623
G01 X4.3951Y25.4885
G01 X4.4191Y25.4937
G01 X4.5904Y25.5369
G01 X4.6137Y25.5444
G01 X4.7799Y25.6042
G01 X4.8025Y25.6140
G01 X4.9620Y25.6898
G01 X4.9834Y25.7017
G01 X5.1348Y25.7928
G01 X5.1550Y25.8068
G01 X5.2967Y25.9123
G01 X5.3154Y25.9282
G01 X5.4461Y26.0470
G01 X5.4631Y26.0647
G01 X5.5815Y26.1957
G01 X5.5968Y26.2150
G01 X5.7017Y26.3570
G01 X5.7150Y26.3777
G01 X5.8056Y26.5293
G01 X5.8168Y26.5512
G01 X5.8920Y26.7110
G01 X5.9010Y26.7338
G01 X5.9602Y26.9002
G01 X5.9670Y26.9238
G01 X6.0096Y27.0953
G01 X6.0140Y27.1194
G01 X6.0396Y27.2942
G01 X6.0416Y27.3186
G01 X6.0499Y27.4951
G01 X6.0495Y27.5196
G01 X6.0406Y27.6961
G01 X6.0377Y27.7204
G01 X6.0115Y27.8951
G01 X6.0063Y27.9191
G01 X5.9631Y28.0904
G01 X5.9556Y28.1137
G01 X5.8958Y28.2799
G01 X5.8860Y28.3024
G01 X5.8102Y28.4620
G01 X5.7983Y28.4834
G01 X5.7072Y28.6348
G01 X5.6932Y28.6550
G01 X5.5877Y28.7967
G01 X5.5718Y28.8154
G01 X5.4530Y28.9461
G01 X5.4354Y28.9631
G01 X5.3043Y29.0815
G01 X5.2850Y29.0968
G01 X5.1430Y29.2017
G01 X5.1223Y29.2150
G01 X4.9707Y29.3056
G01 X4.9488Y29.3168
G01 X4.7890Y29.3920
G01 X4.7662Y29.4010
G01 X4.5998Y29.4602
G01 X4.5762Y29.4670
G01 X4.4047Y29.5096
G01 X4.3806Y29.5140
G01 X4.2058Y29.5396
G01 X4.1814Y29.5416
G01 X4.0049Y29.5499
G01 X3.9804Y29.5495
G01 X3.8040Y29.5405
G01 X3.7796Y29.5377
G01 X3.6049Y29.5115
G01 X3.5809Y29.5063
G01 X3.4096Y29.4631
G01 X3.3863Y29.4556
G01 X3.2201Y29.3958
G01 X3.1976Y29.3860
G01 X3.0380Y29.3102
G01 X3.0166Y29.2983
G01 X2.8652Y29.2072
G01 X2.8450Y29.1932
G01 X2.7033Y29.0877
G01 X2.6846Y29.0718
G01 X2.5539Y28.9530
G01 X2.5369Y28.9353
G01 X2.4185Y28.8043
G01 X2.4033Y28.7850
G01 X2.2983Y28.6430
G01 X2.2850Y28.6223
G01 X2.1944Y28.4707
G01 X2.1832Y28.4488
G01 X2.1080Y28.2890
G01 X2.0990Y28.2662
G01 X2.0398Y28.0998
G01 X2.0330Y28.0762
G01 X1.9904Y27.9047
G01 X1.9860Y27.8806
G01 X1.9604Y27.7058
G01 X1.9584Y27.6814
G01 X1.9501Y27.5098
G00 Z20.0000
G00 X39.6768Y41.2908
G01 Z20.0000
G01 X39.6370Y42.1013
G01 X40.0515Y41.8057
G01 X40.0520Y41.7960
G00 Z20.0000
G00 X29.5989Y57.8153
G01 Z20.0000
G01 X29.6976Y58.4806
G01 X29.2828Y58.4069
G01 X29.2483Y58.1746
G00 Z20.0000
G00 X35.0948Y62.1749
G01 Z20.0000
G01 X37.1058Y70.2029
G01 X39.9027Y78.0199
G01 X40.6323Y79.5626
G00 Z20.0000
G00 X40.6301Y79.6298
G01 Z20.0000
G01 X40.6304Y79.6028
G01 X40.6355Y79.4975
G01 X40.6394Y79.4584
G01 X40.6545Y79.3565
G01 X40.6589Y79.3323
G01 X40.6911Y79.2038
G01 X40.6986Y79.1804
G01 X40.7333Y79.0834
G01 X40.7483Y79.0472
G01 X40.7924Y78.9540
G01 X40.8036Y78.9322
G01 X40.8717Y78.8185
G01 X40.8857Y78.7984
G01 X40.9471Y78.7156
G01 X40.9720Y78.6853
G01 X41.0412Y78.6089
G01 X41.0582Y78.5913
G01 X41.1564Y78.5023
G01 X41.1756Y78.4871
G01 X41.2584Y78.4257
G01 X41.2910Y78.4039
G01 X41.3794Y78.3509
G01 X41.4008Y78.3390
G01 X41.5206Y78.2823
G01 X41.5434Y78.2733
G01 X41.6404Y78.2386
G01 X41.6780Y78.2272
G01 X41.7780Y78.2022
G01 X41.8019Y78.1970
G01 X41.9184Y78.1794
G01 X41.9428Y78.1766
G01 X42.0751Y78.1701
G01 X42.0996Y78.1705
G01 X42.2025Y78.1755
G01 X42.2367Y78.1787
G01 X42.3435Y78.1945
G01 X42.3820Y78.2022
G01 X42.4820Y78.2272
G01 X42.5056Y78.2339
G01 X42.6212Y78.2750
G01 X42.6528Y78.2883
G01 X42.7460Y78.3324
G01 X42.7806Y78.3509
G01 X42.8690Y78.4039
G01 X42.8896Y78.4172
G01 X42.9960Y78.4961
G01 X43.0147Y78.5120
G01 X43.1018Y78.5913
G01 X43.1188Y78.6089
G01 X43.1849Y78.6818
G01 X43.2033Y78.6513
G01 X43.2197Y78.6268
G01 X43.2988Y78.5205
G01 X43.3147Y78.5018
G01 X43.3904Y78.4182
G01 X43.4146Y78.3938
G01 X43.5129Y78.3050
G01 X43.5322Y78.2898
G01 X43.6228Y78.2225
G01 X43.6555Y78.2007
G01 X43.7650Y78.1354
G01 X43.7869Y78.1242
G01 X43.8889Y78.0759
G01 X43.9114Y78.0662
G01 X44.0314Y78.0229
G01 X44.0690Y78.0115
G01 X44.1785Y77.9841
G01 X44.2024Y77.9789
G01 X44.3286Y77.9599
G01 X44.3677Y77.9560
G01 X44.4853Y77.9503
G01 X44.5196Y77.9505
G01 X44.6470Y77.9570
G01 X44.6714Y77.9599
G01 X44.7976Y77.9789
G01 X44.8215Y77.9841
G01 X44.9452Y78.0154
G01 X44.9686Y78.0229
G01 X45.0886Y78.0662
G01 X45.1111Y78.0759
G01 X45.2263Y78.1308
G01 X45.2477Y78.1427
G01 X45.3570Y78.2085
G01 X45.3772Y78.2225
G01 X45.4795Y78.2988
G01 X45.4982Y78.3147
G01 X45.5925Y78.4006
G01 X45.6096Y78.4182
G01 X45.6950Y78.5129
G01 X45.7102Y78.5322
G01 X45.7860Y78.6348
G01 X45.7993Y78.6555
G01 X45.8646Y78.7650
G01 X45.8758Y78.7869
G01 X45.9301Y78.9023
G01 X45.9391Y78.9252
G01 X45.9818Y79.0454
G01 X45.9885Y79.0690
G01 X46.0192Y79.1928
G01 X46.0236Y79.2170
G01 X46.0420Y79.3432
G01 X46.0440Y79.3677
G01 X46.0497Y79.4853
G01 X46.0495Y79.5196
G01 X46.0430Y79.6470
G01 X46.0401Y79.6714
G01 X46.0211Y79.7976
G01 X46.0159Y79.8215
G01 X45.9846Y79.9452
G01 X45.9771Y79.9686
G01 X45.9338Y80.0886
G01 X45.9241Y80.1111
G01 X45.8692Y80.2263
G01 X45.8573Y80.2477
G01 X45.7915Y80.3570
G01 X45.7775Y80.3772
G01 X45.7012Y80.4795
G01 X45.6853Y80.4982
G01 X45.5994Y80.5925
G01 X45.5818Y80.6096
G01 X45.4871Y80.6950
G01 X45.4678Y80.7102
G01 X45.3652Y80.7860
G01 X45.3445Y80.7993
G01 X45.2350Y80.8646
G01 X45.2131Y80.8758
G01 X45.0977Y80.9301
G01 X45.0748Y80.9391
G01 X44.9546Y80.9818
G01 X44.9310Y80.9885
G01 X44.8072Y81.0192
G01 X44.7830Y81.0236
G01 X44.6568Y81.0420
G01 X44.6323Y81.0440
G01 X44.5147Y81.0497
G01 X44.4804Y81.0495
G01 X44.3677Y81.0440
G01 X44.3432Y81.0420
G01 X44.2170Y81.0236
G01 X44.1785Y81.0159
G01 X44.0548Y80.9846
G01 X44.0314Y80.9771
G01 X43.9252Y80.9391
G01 X43.8934Y80.9261
G01 X43.7869Y80.8758
G01 X43.7523Y80.8573
G01 X43.6430Y80.7915
G01 X43.6228Y80.7775
G01 X43.5322Y80.7102
G01 X43.5129Y80.6950
G01 X43.4182Y80.6096
G01 X43.4006Y80.5925
G01 X43.3114Y80.4945
G01 X43.2927Y80.4717
G01 X43.2723Y80.4443
G01 X43.2129Y80.5244
G01 X43.1977Y80.5436
G01 X43.1188Y80.6311
G01 X43.1018Y80.6487
G01 X43.0036Y80.7377
G01 X42.9844Y80.7529
G01 X42.9016Y80.8143
G01 X42.8690Y80.8361
G01 X42.7764Y80.8916
G01 X42.7460Y80.9076
G01 X42.6528Y80.9517
G01 X42.6303Y80.9614
G01 X42.5196Y81.0014
G01 X42.4962Y81.0089
G01 X42.3677Y81.0411
G01 X42.3435Y81.0455
G01 X42.2416Y81.0606
G01 X42.2025Y81.0645
G01 X42.0947Y81.0697
G01 X42.0604Y81.0695
G01 X41.9575Y81.0645
G01 X41.9330Y81.0625
G01 X41.8019Y81.0430
G01 X41.7780Y81.0378
G01 X41.6638Y81.0089
G01 X41.6404Y81.0014
G01 X41.5434Y80.9667
G01 X41.5072Y80.9517
G01 X41.4096Y80.9055
G01 X41.3794Y80.8891
G01 X41.2910Y80.8361
G01 X41.2704Y80.8228
G01 X41.1640Y80.7439
G01 X41.1453Y80.7280
G01 X41.0689Y80.6588
G01 X41.0412Y80.6311
G01 X40.9720Y80.5547
G01 X40.9561Y80.5360
G01 X40.8772Y80.4296
G01 X40.8639Y80.4090
G01 X40.8109Y80.3206
G01 X40.7924Y80.2860
G01 X40.7483Y80.1928
G01 X40.7386Y80.1703
G01 X40.6939Y80.0456
G01 X40.6872Y80.0220
G01 X40.6622Y79.9220
G01 X40.6545Y79.8835
G01 X40.6394Y79.7816
G01 X40.6366Y79.7572
G01 X40.6301Y79.6298
G00 Z20.0000
G00 X40.7894Y78.9603
G01 Z20.0000
G01 X40.2723Y77.8668
G01 X37.4885Y70.0868
G01 X35.5516Y62.3542
G00 Z20.0000
G00 X35.9714Y62.3860
G01 Z20.0000
G01 X37.8713Y69.9707
G01 X40.6418Y77.7137
G01 X41.0573Y78.5922
G00 Z20.0000
G00 X41.3839Y78.3483
G01 Z20.0000
G01 X41.0114Y77.5607
G01 X38.2541Y69.8546
G01 X36.3646Y62.3114
G00 Z20.0000
G00 X36.7322Y62.1345
G01 Z20.0000
G01 X38.6369Y69.7385
G01 X41.3809Y77.4076
G01 X41.7590Y78.2069
G00 Z20.0000
G00 X42.1857Y78.1747
G01 Z20.0000
G01 X41.7505Y77.2545
G01 X39.0196Y69.6224
G01 X37.0688Y61.8342
G00 Z20.0000
G00 X97.8359Y88.0073
G01 Z20.0000
G01 X100.0768Y89.0672
G01 X104.4195Y90.6211
G01 X108.8937Y91.7418
G01 X113.4561Y92.4185
G01 X118.0629Y92.6449
G01 X122.6697Y92.4185
G01 X127.2322Y91.7418
G01 X131.7063Y90.6211
G01 X136.0490Y89.0672
G01 X140.2186Y87.0952
G01 X144.1747Y84.7239
G01 X147.8794Y81.9764
G01 X148.2500Y81.6405
G00 Z20.0000
G00 X136.3826Y82.7221
G01 Z20.0000
G01 X133.9060Y83.8935
G01 X130.0807Y85.2622
G01 X126.1397Y86.2494
G01 X122.1208Y86.8455
G01 X118.0629Y87.0449
G01 X114.0050Y86.8455
G01 X109.9862Y86.2494
G01 X106.0451Y85.2622
G01 X105.9188Y85.2170
G00 Z20.0000
G00 X103.9533Y85.3624
G01 Z20.0000
G01 X103.3246Y85.1374
G00 Z20.0000
G00 X103.5364Y84.7889
G01 Z20.0000
G01 X103.6522Y84.8303
G00 Z20.0000
G00 X103.5716Y84.6866
G01 Z20.0000
G01 X103.5622Y84.7170
G01 X103.5357Y84.7909
G01 X103.5207Y84.8272
G01 X103.4871Y84.8981
G01 X103.4759Y84.9200
G01 X103.4257Y85.0043
G01 X103.4065Y85.0327
G01 X103.3597Y85.0958
G01 X103.3445Y85.1150
G01 X103.2787Y85.1879
G01 X103.2650Y85.2020
G01 X103.2394Y85.2256
G01 X103.2687Y85.2433
G01 X103.2932Y85.2597
G01 X103.3995Y85.3388
G01 X103.4182Y85.3547
G01 X103.5054Y85.4338
G01 X103.5296Y85.4582
G01 X103.6150Y85.5529
G01 X103.6302Y85.5722
G01 X103.6900Y85.6527
G01 X103.7498Y85.5722
G01 X103.7650Y85.5529
G01 X103.8606Y85.4475
G01 X103.8782Y85.4304
G01 X103.9729Y85.3450
G01 X103.9922Y85.3298
G01 X104.0727Y85.2700
G01 X103.9922Y85.2102
G01 X103.9729Y85.1950
G01 X103.8782Y85.1096
G01 X103.8504Y85.0818
G01 X103.7650Y84.9871
G01 X103.7498Y84.9678
G01 X103.6825Y84.8772
G01 X103.6685Y84.8570
G01 X103.6002Y84.7435
G01 X103.5863Y84.7175
G01 X103.5716Y84.6866
G00 Z20.0000
G00 X101.4781Y85.3105
G01 Z20.0000
G01 X100.8726Y85.0241
G00 Z20.0000
G00 X101.0383Y84.6605
G01 Z20.0000
G01 X101.3023Y84.7854
G00 Z20.0000
G00 X101.2200Y84.3045
G01 Z20.0000
G01 X101.0800Y84.2383
G01 X101.2200Y83.8625
G01 X101.0800Y83.7963
G01 X101.2405Y83.4303
G01 X101.0369Y83.3340
G00 Z20.0000
G00 X101.0864Y85.5672
G01 Z20.0000
G01 X101.1805Y85.6117
G00 Z20.0000
G00 X124.9101Y76.0098
G01 Z20.0000
G01 X124.9105Y75.9804
G01 X124.9170Y75.8530
G01 X124.9199Y75.8286
G01 X124.9389Y75.7024
G01 X124.9441Y75.6785
G01 X124.9754Y75.5548
G01 X124.9829Y75.5314
G01 X125.0262Y75.4114
G01 X125.0359Y75.3889
G01 X125.0908Y75.2737
G01 X125.1027Y75.2523
G01 X125.1685Y75.1430
G01 X125.1825Y75.1228
G01 X125.2588Y75.0205
G01 X125.2747Y75.0018
G01 X125.3606Y74.9075
G01 X125.3782Y74.8904
G01 X125.4729Y74.8050
G01 X125.4922Y74.7898
G01 X125.5948Y74.7140
G01 X125.6155Y74.7007
G01 X125.7250Y74.6354
G01 X125.7469Y74.6242
G01 X125.8623Y74.5699
G01 X125.8852Y74.5609
G01 X126.0054Y74.5182
G01 X126.0290Y74.5115
G01 X126.1528Y74.4808
G01 X126.1770Y74.4764
G01 X126.3032Y74.4580
G01 X126.3277Y74.4560
G01 X126.4551Y74.4501
G01 X126.4796Y74.4505
G01 X126.5923Y74.4560
G01 X126.6168Y74.4580
G01 X126.7430Y74.4764
G01 X126.7815Y74.4841
G01 X126.8910Y74.5115
G01 X126.9146Y74.5182
G01 X127.0348Y74.5609
G01 X127.0711Y74.5759
G01 X127.1863Y74.6308
G01 X127.2077Y74.6427
G01 X127.3045Y74.7007
G01 X127.3252Y74.7140
G01 X127.4278Y74.7898
G01 X127.4582Y74.8147
G01 X127.5454Y74.8938
G01 X127.5696Y74.9182
G01 X127.6550Y75.0129
G01 X127.6702Y75.0322
G01 X127.7300Y75.1127
G01 X127.7898Y75.0322
G01 X127.8050Y75.0129
G01 X127.8904Y74.9182
G01 X127.9075Y74.9006
G01 X128.0129Y74.8050
G01 X128.0322Y74.7898
G01 X128.1228Y74.7225
G01 X128.1513Y74.7033
G01 X128.2523Y74.6427
G01 X128.2869Y74.6242
G01 X128.3889Y74.5759
G01 X128.4114Y74.5662
G01 X128.5314Y74.5229
G01 X128.5548Y74.5154
G01 X128.6928Y74.4808
G01 X128.7170Y74.4764
G01 X128.8286Y74.4599
G01 X128.8677Y74.4560
G01 X128.9853Y74.4503
G01 X129.0196Y74.4505
G01 X129.1323Y74.4560
G01 X129.1568Y74.4580
G01 X129.2830Y74.4764
G01 X129.3072Y74.4808
G01 X129.4452Y74.5154
G01 X129.4686Y74.5229
G01 X129.5794Y74.5626
G01 X129.6111Y74.5759
G01 X129.7131Y74.6242
G01 X129.7477Y74.6427
G01 X129.8445Y74.7007
G01 X129.8652Y74.7140
G01 X129.9795Y74.7988
G01 X129.9982Y74.8147
G01 X130.0818Y74.8904
G01 X130.1096Y74.9182
G01 X130.1853Y75.0018
G01 X130.2012Y75.0205
G01 X130.2860Y75.1348
G01 X130.2993Y75.1555
G01 X130.3573Y75.2523
G01 X130.3758Y75.2869
G01 X130.4241Y75.3889
G01 X130.4338Y75.4114
G01 X130.4818Y75.5454
G01 X130.4885Y75.5690
G01 X130.5159Y75.6785
G01 X130.5236Y75.7170
G01 X130.5401Y75.8286
G01 X130.5430Y75.8530
G01 X130.5499Y75.9951
G01 X130.5495Y76.0196
G01 X130.5430Y76.1470
G01 X130.5401Y76.1714
G01 X130.5211Y76.2976
G01 X130.5159Y76.3215
G01 X130.4846Y76.4452
G01 X130.4771Y76.4686
G01 X130.4338Y76.5886
G01 X130.4241Y76.6111
G01 X130.3692Y76.7263
G01 X130.3573Y76.7477
G01 X130.2915Y76.8570
G01 X130.2775Y76.8772
G01 X130.2012Y76.9795
G01 X130.1853Y76.9982
G01 X130.0994Y77.0925
G01 X130.0818Y77.1096
G01 X129.9871Y77.1950
G01 X129.9678Y77.2102
G01 X129.8652Y77.2860
G01 X129.8445Y77.2993
G01 X129.7350Y77.3646
G01 X129.7131Y77.3758
G01 X129.5977Y77.4301
G01 X129.5748Y77.4391
G01 X129.4546Y77.4818
G01 X129.4310Y77.4885
G01 X129.3072Y77.5192
G01 X129.2830Y77.5236
G01 X129.1568Y77.5420
G01 X129.1323Y77.5440
G01 X129.0049Y77.5499
G01 X128.9804Y77.5495
G01 X128.8677Y77.5440
G01 X128.8432Y77.5420
G01 X128.7170Y77.5236
G01 X128.6785Y77.5159
G01 X128.5690Y77.4885
G01 X128.5454Y77.4818
G01 X128.4252Y77.4391
G01 X128.3889Y77.4241
G01 X128.2737Y77.3692
G01 X128.2523Y77.3573
G01 X128.1555Y77.2993
G01 X128.1348Y77.2860
G01 X128.0322Y77.2102
G01 X128.0018Y77.1853
G01 X127.9146Y77.1062
G01 X127.8904Y77.0818
G01 X127.8050Y76.9871
G01 X127.7898Y76.9678
G01 X127.7300Y76.8873
G01 X127.6702Y76.9678
G01 X127.6550Y76.9871
G01 X127.5696Y77.0818
G01 X127.5525Y77.0994
G01 X127.4471Y77.1950
G01 X127.4278Y77.2102
G01 X127.3372Y77.2775
G01 X127.3045Y77.2993
G01 X127.2035Y77.3598
G01 X127.1731Y77.3758
G01 X127.0711Y77.4241
G01 X127.0486Y77.4338
G01 X126.9286Y77.4771
G01 X126.9052Y77.4846
G01 X126.7672Y77.5192
G01 X126.7430Y77.5236
G01 X126.6314Y77.5401
G01 X126.5923Y77.5440
G01 X126.4747Y77.5497
G01 X126.4404Y77.5495
G01 X126.3277Y77.5440
G01 X126.3032Y77.5420
G01 X126.1770Y77.5236
G01 X126.1528Y77.5192
G01 X126.0148Y77.4846
G01 X125.9914Y77.4771
G01 X125.8806Y77.4374
G01 X125.8489Y77.4241
G01 X125.7469Y77.3758
G01 X125.7123Y77.3573
G01 X125.6155Y77.2993
G01 X125.5948Y77.2860
G01 X125.4805Y77.2012
G01 X125.4618Y77.1853
G01 X125.3782Y77.1096
G01 X125.3504Y77.0818
G01 X125.2747Y76.9982
G01 X125.2588Y76.9795
G01 X125.1740Y76.8652
G01 X125.1607Y76.8445
G01 X125.1027Y76.7477
G01 X125.0842Y76.7131
G01 X125.0359Y76.6111
G01 X125.0262Y76.5886
G01 X124.9782Y76.4546
G01 X124.9715Y76.4310
G01 X124.9441Y76.3215
G01 X124.9364Y76.2830
G01 X124.9199Y76.1714
G01 X124.9170Y76.1470
G01 X124.9101Y76.0098
G00 Z20.0000
G00 Z20.0000
G00 X0Y0
M05
G0 Z20
G0 X0 Y100