G0 Z20
G21
G90
G94
F60.00
G00 Z3.0000
M03 S45
G4 P1
G00 X0.1000Y4.0000
G01 Z-0.2000
G01 X0.1000Y0.1000
G01 X4.1000Y0.1000
G00 Z3.0000
G00 X3.6299Y5.0844
G01 Z-0.2000
G01 X3.6247Y5.1870
G01 X3.6086Y5.2946
G01 X3.5831Y5.3961
G01 X3.5461Y5.4992
G01 X3.5024Y5.5916
G01 X3.4464Y5.6855
G01 X3.3813Y5.7730
G01 X3.3107Y5.8507
G01 X3.2330Y5.9213
G01 X3.1455Y5.9864
G01 X3.0516Y6.0424
G01 X2.9592Y6.0861
G01 X2.8561Y6.1231
G01 X2.7546Y6.1486
G01 X2.6470Y6.1647
G01 X2.5400Y6.1700
G01 X2.4330Y6.1647
G01 X2.3254Y6.1486
G01 X2.2239Y6.1231
G01 X2.1208Y6.0861
G01 X2.0284Y6.0424
G01 X1.9345Y5.9864
G01 X1.8470Y5.9213
G01 X1.7693Y5.8507
G01 X1.6987Y5.7730
G01 X1.6336Y5.6855
G01 X1.5776Y5.5916
G01 X1.5339Y5.4992
G01 X1.4969Y5.3961
G01 X1.4714Y5.2946
G01 X1.4553Y5.1870
G01 X1.4500Y5.0800
G01 X1.4553Y4.9730
G01 X1.4714Y4.8654
G01 X1.4969Y4.7639
G01 X1.5339Y4.6608
G01 X1.5776Y4.5684
G01 X1.6336Y4.4745
G01 X1.6987Y4.3870
G01 X1.7693Y4.3093
G01 X1.8470Y4.2387
G01 X1.9345Y4.1736
G01 X2.0284Y4.1176
G01 X2.1208Y4.0739
G01 X2.2239Y4.0369
G01 X2.3254Y4.0114
G01 X2.4330Y3.9953
G01 X2.5400Y3.9900
G01 X2.6470Y3.9953
G01 X2.7546Y4.0114
G01 X2.8561Y4.0369
G01 X2.9592Y4.0739
G01 X3.0516Y4.1176
G01 X3.1455Y4.1736
G01 X3.2330Y4.2387
G01 X3.3107Y4.3093
G01 X3.3813Y4.3870
G01 X3.4464Y4.4745
G01 X3.5024Y4.5684
G01 X3.5461Y4.6608
G01 X3.5831Y4.7639
G01 X3.6086Y4.8654
G01 X3.6247Y4.9730
G01 X3.6299Y5.0844
G00 Z3.0000
G00 X3.7000Y5.1942
G01 Z-0.2000
G01 X3.6554Y5.4184
G01 X3.5680Y5.6295
G01 X3.4410Y5.8195
G01 X3.2795Y5.9810
G01 X3.0895Y6.1080
G01 X2.8784Y6.1954
G01 X2.6542Y6.2400
G01 X2.4258Y6.2400
G01 X2.2016Y6.1954
G01 X1.9905Y6.1080
G01 X1.8005Y5.9810
G01 X1.6390Y5.8195
G01 X1.5120Y5.6295
G01 X1.4246Y5.4184
G01 X1.3800Y5.1942
G01 X1.3800Y4.9658
G01 X1.4246Y4.7416
G01 X1.5120Y4.5305
G01 X1.6390Y4.3405
G01 X1.8005Y4.1790
G01 X1.9905Y4.0520
G01 X2.2016Y3.9646
G01 X2.4258Y3.9200
G01 X2.6542Y3.9200
G01 X2.8784Y3.9646
G01 X3.0895Y4.0520
G01 X3.2795Y4.1790
G01 X3.4410Y4.3405
G01 X3.5680Y4.5305
G01 X3.6554Y4.7416
G01 X3.7000Y4.9658
G01 X3.7000Y5.1942
G00 Z3.0000
G00 X5.3906Y11.9599
G01 Z-0.2000
G01 X5.3997Y11.9217
G01 X5.4041Y11.9083
G01 X5.4195Y11.8710
G01 X5.4241Y11.8618
G01 X5.4460Y11.8260
G01 X5.4543Y11.8146
G01 X5.4846Y11.7796
G01 X5.5257Y11.7445
G01 X5.5645Y11.7205
G01 X5.5761Y11.7145
G01 X5.6133Y11.6991
G01 X5.6267Y11.6947
G01 X5.6649Y11.6856
G01 X5.6788Y11.6834
G01 X5.7179Y11.6803
G01 X5.7600Y11.6800
G01 X5.7601Y11.4256
G01 X5.7629Y11.3720
G01 X5.7718Y11.3129
G01 X5.7868Y11.2545
G01 X5.8058Y11.2021
G01 X5.8277Y11.1558
G01 X5.8594Y11.1023
G01 X5.8952Y11.0542
G01 X5.9328Y11.0128
G01 X8.3000Y8.6456
G01 X8.3000Y7.3700
G01 X8.2579Y7.3697
G01 X8.2188Y7.3666
G01 X8.2049Y7.3644
G01 X8.1597Y7.3533
G01 X8.1160Y7.3355
G01 X8.1068Y7.3309
G01 X8.0710Y7.3090
G01 X8.0596Y7.3007
G01 X8.0246Y7.2704
G01 X7.9943Y7.2354
G01 X7.9860Y7.2240
G01 X7.9641Y7.1882
G01 X7.9595Y7.1789
G01 X7.9416Y7.1351
G01 X7.9306Y7.0901
G01 X7.9284Y7.0762
G01 X7.9250Y7.0300
G01 X7.9253Y6.0979
G01 X7.9293Y6.0509
G01 X7.9417Y5.9997
G01 X7.9595Y5.9561
G01 X7.9641Y5.9468
G01 X7.9899Y5.9052
G01 X8.0198Y5.8698
G01 X8.0298Y5.8598
G01 X8.0657Y5.8295
G01 X8.1068Y5.8041
G01 X8.1160Y5.7995
G01 X8.1533Y5.7841
G01 X8.1667Y5.7797
G01 X8.2118Y5.7692
G01 X8.2579Y5.7653
G01 X9.5221Y5.7653
G01 X9.5691Y5.7693
G01 X9.6203Y5.7817
G01 X9.6640Y5.7995
G01 X9.6732Y5.8041
G01 X9.7148Y5.8299
G01 X9.7502Y5.8598
G01 X9.7602Y5.8698
G01 X9.7905Y5.9057
G01 X9.8145Y5.9445
G01 X9.8205Y5.9561
G01 X9.8384Y5.9999
G01 X9.8494Y6.0449
G01 X9.8516Y6.0588
G01 X9.8550Y6.1050
G01 X9.8550Y7.0300
G01 X9.8516Y7.0762
G01 X9.8494Y7.0901
G01 X9.8383Y7.1353
G01 X9.8205Y7.1789
G01 X9.8159Y7.1882
G01 X9.7940Y7.2240
G01 X9.7857Y7.2354
G01 X9.7554Y7.2704
G01 X9.7204Y7.3007
G01 X9.7090Y7.3090
G01 X9.6732Y7.3309
G01 X9.6640Y7.3355
G01 X9.6201Y7.3534
G01 X9.5682Y7.3658
G01 X9.5221Y7.3697
G01 X9.4800Y7.3700
G01 X9.4800Y8.8900
G01 X9.4771Y8.9480
G01 X9.4694Y9.0008
G01 X9.4532Y9.0655
G01 X9.4333Y9.1198
G01 X9.4115Y9.1659
G01 X9.3829Y9.2141
G01 X9.3448Y9.2658
G01 X9.3072Y9.3072
G01 X6.9400Y11.6744
G01 X6.9400Y11.6800
G01 X6.9821Y11.6803
G01 X7.0212Y11.6834
G01 X7.0351Y11.6856
G01 X7.0803Y11.6967
G01 X7.1239Y11.7145
G01 X7.1332Y11.7191
G01 X7.1748Y11.7449
G01 X7.2154Y11.7796
G01 X7.2457Y11.8146
G01 X7.2540Y11.8260
G01 X7.2759Y11.8618
G01 X7.2805Y11.8710
G01 X7.2959Y11.9083
G01 X7.3003Y11.9217
G01 X7.3094Y11.9599
G01 X7.3116Y11.9738
G01 X7.3150Y12.0200
G01 X7.3147Y12.9521
G01 X7.3107Y12.9991
G01 X7.2983Y13.0503
G01 X7.2805Y13.0940
G01 X7.2759Y13.1032
G01 X7.2501Y13.1448
G01 X7.2202Y13.1802
G01 X7.2102Y13.1902
G01 X7.1743Y13.2205
G01 X7.1332Y13.2459
G01 X7.1239Y13.2505
G01 X7.0867Y13.2659
G01 X7.0733Y13.2703
G01 X7.0282Y13.2808
G01 X6.9821Y13.2847
G01 X5.7179Y13.2847
G01 X5.6709Y13.2807
G01 X5.6197Y13.2683
G01 X5.5761Y13.2505
G01 X5.5668Y13.2459
G01 X5.5310Y13.2240
G01 X5.5196Y13.2157
G01 X5.4846Y13.1854
G01 X5.4543Y13.1504
G01 X5.4460Y13.1390
G01 X5.4241Y13.1032
G01 X5.4195Y13.0940
G01 X5.4041Y13.0567
G01 X5.3997Y13.0433
G01 X5.3906Y13.0051
G01 X5.3884Y12.9912
G01 X5.3850Y12.9450
G01 X5.3850Y12.0200
G01 X5.3884Y11.9738
G01 X5.3906Y11.9599
G00 Z3.0000
G00 X5.3132Y12.9342
G01 Z-0.2000
G01 X5.3132Y12.0308
G01 X5.3221Y11.9399
G01 X5.3455Y11.8628
G01 X5.3835Y11.7918
G01 X5.4345Y11.7295
G01 X5.4968Y11.6785
G01 X5.5748Y11.6367
G01 X5.5894Y11.6278
G01 X5.6082Y11.6136
G01 X5.6228Y11.6004
G01 X5.6360Y11.5859
G01 X5.6502Y11.5670
G01 X5.6624Y11.5463
G01 X5.6696Y11.5311
G01 X5.6763Y11.5129
G01 X5.6837Y11.4834
G01 X5.6865Y11.4620
G01 X5.6872Y11.4448
G01 X5.6867Y11.4315
G01 X5.6996Y11.3006
G01 X5.7373Y11.1762
G01 X5.7986Y11.0616
G01 X5.8811Y10.9611
G01 X5.8979Y10.9472
G01 X5.9139Y10.9327
G01 X8.1656Y8.6811
G01 X8.1788Y8.6665
G01 X8.1930Y8.6476
G01 X8.2051Y8.6270
G01 X8.2148Y8.6056
G01 X8.2206Y8.5891
G01 X8.2254Y8.5704
G01 X8.2289Y8.5472
G01 X8.2300Y8.5255
G01 X8.2300Y7.6067
G01 X8.2289Y7.5850
G01 X8.2254Y7.5618
G01 X8.2191Y7.5386
G01 X8.2123Y7.5204
G01 X8.2051Y7.5052
G01 X8.1904Y7.4808
G01 X8.1788Y7.4656
G01 X8.1656Y7.4511
G01 X8.1510Y7.4379
G01 X8.1285Y7.4214
G01 X8.1137Y7.4127
G01 X8.0368Y7.3715
G01 X7.9745Y7.3205
G01 X7.9235Y7.2582
G01 X7.8855Y7.1872
G01 X7.8621Y7.1101
G01 X7.8532Y7.0192
G01 X7.8532Y6.1158
G01 X7.8621Y6.0249
G01 X7.8855Y5.9478
G01 X7.9235Y5.8768
G01 X7.9745Y5.8145
G01 X8.0368Y5.7635
G01 X8.1078Y5.7255
G01 X8.1849Y5.7021
G01 X8.2758Y5.6932
G01 X9.5042Y5.6932
G01 X9.5951Y5.7021
G01 X9.6722Y5.7255
G01 X9.7432Y5.7635
G01 X9.8055Y5.8145
G01 X9.8565Y5.8768
G01 X9.8945Y5.9478
G01 X9.9179Y6.0249
G01 X9.9268Y6.1158
G01 X9.9268Y7.0192
G01 X9.9179Y7.1101
G01 X9.8945Y7.1872
G01 X9.8565Y7.2582
G01 X9.8055Y7.3205
G01 X9.7432Y7.3715
G01 X9.6663Y7.4127
G01 X9.6515Y7.4214
G01 X9.6290Y7.4379
G01 X9.6144Y7.4511
G01 X9.6012Y7.4656
G01 X9.5896Y7.4808
G01 X9.5749Y7.5052
G01 X9.5677Y7.5204
G01 X9.5609Y7.5386
G01 X9.5546Y7.5618
G01 X9.5511Y7.5850
G01 X9.5500Y7.6067
G01 X9.5500Y8.8468
G01 X9.5511Y8.8683
G01 X9.5532Y8.8900
G01 X9.5404Y9.0194
G01 X9.5027Y9.1438
G01 X9.4414Y9.2584
G01 X9.3589Y9.3589
G01 X9.3421Y9.3728
G01 X9.3261Y9.3873
G01 X7.2795Y11.4339
G01 X7.2663Y11.4484
G01 X7.2547Y11.4636
G01 X7.2399Y11.4879
G01 X7.2327Y11.5031
G01 X7.2245Y11.5258
G01 X7.2197Y11.5445
G01 X7.2161Y11.5677
G01 X7.2151Y11.5894
G01 X7.2161Y11.6111
G01 X7.2197Y11.6343
G01 X7.2234Y11.6490
G01 X7.2327Y11.6757
G01 X7.2399Y11.6910
G01 X7.2498Y11.7079
G01 X7.2650Y11.7290
G01 X7.3165Y11.7918
G01 X7.3545Y11.8628
G01 X7.3779Y11.9399
G01 X7.3868Y12.0308
G01 X7.3868Y12.9342
G01 X7.3779Y13.0251
G01 X7.3545Y13.1022
G01 X7.3165Y13.1732
G01 X7.2655Y13.2355
G01 X7.2032Y13.2865
G01 X7.1322Y13.3245
G01 X7.0551Y13.3479
G01 X6.9642Y13.3568
G01 X5.7358Y13.3568
G01 X5.6449Y13.3479
G01 X5.5678Y13.3245
G01 X5.4968Y13.2865
G01 X5.4345Y13.2355
G01 X5.3835Y13.1732
G01 X5.3455Y13.1022
G01 X5.3221Y13.0251
G01 X5.3132Y12.9342
G00 Z3.0000
G00 X5.3906Y14.9349
G01 Z-0.2000
G01 X5.4017Y14.8897
G01 X5.4195Y14.8460
G01 X5.4255Y14.8345
G01 X5.4460Y14.8010
G01 X5.4543Y14.7896
G01 X5.4846Y14.7546
G01 X5.5196Y14.7243
G01 X5.5310Y14.7160
G01 X5.5668Y14.6941
G01 X5.5761Y14.6895
G01 X5.6199Y14.6716
G01 X5.6718Y14.6592
G01 X5.7250Y14.6550
G01 X6.9750Y14.6550
G01 X7.0291Y14.6593
G01 X7.0803Y14.6717
G01 X7.1239Y14.6895
G01 X7.1332Y14.6941
G01 X7.1748Y14.7199
G01 X7.2102Y14.7498
G01 X7.2202Y14.7598
G01 X7.2457Y14.7896
G01 X7.2540Y14.8010
G01 X7.2759Y14.8368
G01 X7.2805Y14.8460
G01 X7.2984Y14.8899
G01 X7.3108Y14.9418
G01 X7.3150Y14.9950
G01 X7.3150Y15.9200
G01 X7.3107Y15.9741
G01 X7.3003Y16.0183
G01 X7.2959Y16.0317
G01 X7.2805Y16.0690
G01 X7.2759Y16.0781
G01 X7.2540Y16.1140
G01 X7.2457Y16.1254
G01 X7.2154Y16.1604
G01 X7.1743Y16.1955
G01 X7.1355Y16.2195
G01 X7.1240Y16.2255
G01 X7.0867Y16.2409
G01 X7.0733Y16.2453
G01 X7.0351Y16.2544
G01 X7.0212Y16.2566
G01 X6.9821Y16.2597
G01 X6.9400Y16.2600
G01 X6.9400Y16.9006
G01 X8.0402Y18.0010
G01 X8.0748Y18.0392
G01 X8.1106Y18.0873
G01 X8.1415Y18.1391
G01 X8.1642Y18.1871
G01 X8.1847Y18.2440
G01 X8.1982Y18.2979
G01 X8.2071Y18.3570
G01 X8.2100Y18.4150
G01 X8.2100Y20.5578
G01 X8.2811Y20.6005
G01 X8.3714Y20.6674
G01 X8.4583Y20.7455
G01 X8.5386Y20.8336
G01 X8.6095Y20.9289
G01 X8.6706Y21.0312
G01 X8.7210Y21.1387
G01 X8.7588Y21.2448
G01 X8.7862Y21.3535
G01 X8.8043Y21.4732
G01 X8.8100Y21.5900
G01 X8.8046Y21.7022
G01 X8.7862Y21.8265
G01 X8.7588Y21.9352
G01 X8.7185Y22.0475
G01 X8.6706Y22.1488
G01 X8.6095Y22.2511
G01 X8.5386Y22.3464
G01 X8.4645Y22.4283
G01 X8.3714Y22.5126
G01 X8.2811Y22.5795
G01 X8.1788Y22.6406
G01 X8.0775Y22.6885
G01 X7.9696Y22.7274
G01 X7.8541Y22.7567
G01 X7.7368Y22.7743
G01 X7.6200Y22.7800
G01 X7.5032Y22.7743
G01 X7.3859Y22.7567
G01 X7.2748Y22.7288
G01 X7.1625Y22.6885
G01 X7.0612Y22.6406
G01 X6.9589Y22.5795
G01 X6.8636Y22.5086
G01 X6.7785Y22.4315
G01 X6.7014Y22.3464
G01 X6.6305Y22.2510
G01 X6.5694Y22.1488
G01 X6.5215Y22.0475
G01 X6.4826Y21.9396
G01 X6.4533Y21.8241
G01 X6.4363Y21.7110
G01 X6.4301Y21.5856
G01 X6.4357Y21.4732
G01 X6.4533Y21.3559
G01 X6.4812Y21.2448
G01 X6.5190Y21.1387
G01 X6.5727Y21.0252
G01 X6.6305Y20.9289
G01 X6.7014Y20.8336
G01 X6.7785Y20.7485
G01 X6.8636Y20.6714
G01 X6.9589Y20.6005
G01 X7.0300Y20.5578
G01 X7.0300Y18.6594
G01 X5.9298Y17.5590
G01 X5.8952Y17.5208
G01 X5.8594Y17.4727
G01 X5.8285Y17.4209
G01 X5.8058Y17.3729
G01 X5.7853Y17.3160
G01 X5.7718Y17.2621
G01 X5.7629Y17.2030
G01 X5.7601Y17.1494
G01 X5.7600Y16.2600
G01 X5.7179Y16.2597
G01 X5.6788Y16.2566
G01 X5.6649Y16.2544
G01 X5.6267Y16.2453
G01 X5.6133Y16.2409
G01 X5.5760Y16.2255
G01 X5.5645Y16.2195
G01 X5.5252Y16.1951
G01 X5.4846Y16.1604
G01 X5.4543Y16.1254
G01 X5.4460Y16.1140
G01 X5.4241Y16.0781
G01 X5.4195Y16.0690
G01 X5.4041Y16.0317
G01 X5.3997Y16.0183
G01 X5.3892Y15.9732
G01 X5.3850Y15.9200
G01 X5.3850Y14.9950
G01 X5.3884Y14.9488
G01 X5.3906Y14.9349
G00 Z3.0000
G00 X7.1265Y11.6181
G01 Z-0.2000
G01 X7.1244Y11.6173
G01 X7.1262Y11.6154
G01 X7.1265Y11.6181
G00 Z3.0000
G00 X9.2006Y11.9599
G01 Z-0.2000
G01 X9.2097Y11.9217
G01 X9.2141Y11.9083
G01 X9.2295Y11.8710
G01 X9.2341Y11.8618
G01 X9.2560Y11.8260
G01 X9.2643Y11.8146
G01 X9.2946Y11.7796
G01 X9.3357Y11.7445
G01 X9.3745Y11.7205
G01 X9.3860Y11.7145
G01 X9.4233Y11.6991
G01 X9.4367Y11.6947
G01 X9.4749Y11.6856
G01 X9.4888Y11.6834
G01 X9.5279Y11.6803
G01 X9.5700Y11.6800
G01 X9.5700Y11.3030
G01 X9.5729Y11.2450
G01 X9.5806Y11.1922
G01 X9.5953Y11.1320
G01 X9.6167Y11.0732
G01 X9.6385Y11.0271
G01 X9.6671Y10.9789
G01 X9.7012Y10.9322
G01 X9.7428Y10.8858
G01 X10.8400Y9.7886
G01 X10.8400Y7.3700
G01 X10.7979Y7.3697
G01 X10.7588Y7.3666
G01 X10.7449Y7.3644
G01 X10.7067Y7.3553
G01 X10.6933Y7.3509
G01 X10.6560Y7.3355
G01 X10.6445Y7.3295
G01 X10.6052Y7.3051
G01 X10.5646Y7.2704
G01 X10.5295Y7.2293
G01 X10.5055Y7.1905
G01 X10.4995Y7.1789
G01 X10.4841Y7.1417
G01 X10.4797Y7.1283
G01 X10.4692Y7.0832
G01 X10.4650Y7.0300
G01 X10.4650Y6.1050
G01 X10.4684Y6.0588
G01 X10.4706Y6.0449
G01 X10.4817Y5.9997
G01 X10.4995Y5.9561
G01 X10.5041Y5.9468
G01 X10.5260Y5.9110
G01 X10.5343Y5.8996
G01 X10.5646Y5.8646
G01 X10.6057Y5.8295
G01 X10.6468Y5.8041
G01 X10.6560Y5.7995
G01 X10.6933Y5.7841
G01 X10.7067Y5.7797
G01 X10.7449Y5.7706
G01 X10.7588Y5.7684
G01 X10.8050Y5.7650
G01 X12.0550Y5.7650
G01 X12.1012Y5.7684
G01 X12.1151Y5.7706
G01 X12.1603Y5.7817
G01 X12.2040Y5.7995
G01 X12.2132Y5.8041
G01 X12.2490Y5.8260
G01 X12.2604Y5.8343
G01 X12.2954Y5.8646
G01 X12.3305Y5.9057
G01 X12.3559Y5.9468
G01 X12.3605Y5.9561
G01 X12.3759Y5.9933
G01 X12.3803Y6.0067
G01 X12.3908Y6.0518
G01 X12.3950Y6.1050
G01 X12.3947Y7.0371
G01 X12.3907Y7.0841
G01 X12.3803Y7.1283
G01 X12.3759Y7.1417
G01 X12.3605Y7.1789
G01 X12.3545Y7.1905
G01 X12.3301Y7.2298
G01 X12.3002Y7.2652
G01 X12.2902Y7.2752
G01 X12.2543Y7.3055
G01 X12.2155Y7.3295
G01 X12.2040Y7.3355
G01 X12.1601Y7.3534
G01 X12.1082Y7.3658
G01 X12.0621Y7.3697
G01 X12.0200Y7.3700
G01 X12.0200Y10.0330
G01 X12.0166Y10.0952
G01 X12.0082Y10.1501
G01 X11.9958Y10.2000
G01 X11.9742Y10.2609
G01 X11.9482Y10.3150
G01 X11.9206Y10.3607
G01 X11.8888Y10.4038
G01 X11.8502Y10.4470
G01 X10.7500Y11.5474
G01 X10.7500Y11.6800
G01 X10.7921Y11.6803
G01 X10.8312Y11.6834
G01 X10.8451Y11.6856
G01 X10.8833Y11.6947
G01 X10.8967Y11.6991
G01 X10.9340Y11.7145
G01 X10.9455Y11.7205
G01 X10.9848Y11.7449
G01 X11.0254Y11.7796
G01 X11.0557Y11.8146
G01 X11.0640Y11.8260
G01 X11.0859Y11.8618
G01 X11.0905Y11.8710
G01 X11.1059Y11.9083
G01 X11.1103Y11.9217
G01 X11.1208Y11.9668
G01 X11.1250Y12.0200
G01 X11.1247Y12.9521
G01 X11.1207Y12.9991
G01 X11.1083Y13.0503
G01 X11.0905Y13.0940
G01 X11.0859Y13.1032
G01 X11.0640Y13.1390
G01 X11.0557Y13.1504
G01 X11.0302Y13.1802
G01 X11.0202Y13.1902
G01 X10.9843Y13.2205
G01 X10.9432Y13.2459
G01 X10.9340Y13.2505
G01 X10.8967Y13.2659
G01 X10.8833Y13.2703
G01 X10.8382Y13.2808
G01 X10.7921Y13.2847
G01 X9.5279Y13.2847
G01 X9.4809Y13.2807
G01 X9.4297Y13.2683
G01 X9.3860Y13.2505
G01 X9.3768Y13.2459
G01 X9.3410Y13.2240
G01 X9.3296Y13.2157
G01 X9.2946Y13.1854
G01 X9.2643Y13.1504
G01 X9.2560Y13.1390
G01 X9.2341Y13.1032
G01 X9.2295Y13.0940
G01 X9.2141Y13.0567
G01 X9.2097Y13.0433
G01 X9.2006Y13.0051
G01 X9.1984Y12.9912
G01 X9.1950Y12.9450
G01 X9.1950Y12.0200
G01 X9.1984Y11.9738
G01 X9.2006Y11.9599
G00 Z3.0000
G00 X9.1232Y12.9342
G01 Z-0.2000
G01 X9.1232Y12.0308
G01 X9.1321Y11.9399
G01 X9.1555Y11.8628
G01 X9.1935Y11.7918
G01 X9.2445Y11.7295
G01 X9.3068Y11.6785
G01 X9.3876Y11.6352
G01 X9.4021Y11.6263
G01 X9.4210Y11.6121
G01 X9.4356Y11.5989
G01 X9.4528Y11.5794
G01 X9.4653Y11.5618
G01 X9.4751Y11.5448
G01 X9.4815Y11.5315
G01 X9.4917Y11.5029
G01 X9.4954Y11.4882
G01 X9.4989Y11.4650
G01 X9.5000Y11.4433
G01 X9.5000Y11.3462
G01 X9.4989Y11.3247
G01 X9.4968Y11.3030
G01 X9.5096Y11.1736
G01 X9.5473Y11.0492
G01 X9.6086Y10.9346
G01 X9.6911Y10.8341
G01 X9.7079Y10.8202
G01 X9.7239Y10.8057
G01 X10.7056Y9.8241
G01 X10.7188Y9.8095
G01 X10.7304Y9.7943
G01 X10.7451Y9.7700
G01 X10.7523Y9.7548
G01 X10.7591Y9.7365
G01 X10.7654Y9.7134
G01 X10.7689Y9.6902
G01 X10.7700Y9.6685
G01 X10.7700Y7.6067
G01 X10.7689Y7.5850
G01 X10.7654Y7.5618
G01 X10.7617Y7.5471
G01 X10.7515Y7.5185
G01 X10.7451Y7.5052
G01 X10.7330Y7.4845
G01 X10.7188Y7.4656
G01 X10.7086Y7.4543
G01 X10.6910Y7.4379
G01 X10.6685Y7.4214
G01 X10.6537Y7.4127
G01 X10.5768Y7.3715
G01 X10.5145Y7.3205
G01 X10.4635Y7.2582
G01 X10.4255Y7.1872
G01 X10.4021Y7.1101
G01 X10.3932Y7.0192
G01 X10.3932Y6.1158
G01 X10.4021Y6.0249
G01 X10.4255Y5.9478
G01 X10.4635Y5.8768
G01 X10.5145Y5.8145
G01 X10.5768Y5.7635
G01 X10.6478Y5.7255
G01 X10.7249Y5.7021
G01 X10.8158Y5.6932
G01 X12.0442Y5.6932
G01 X12.1351Y5.7021
G01 X12.2122Y5.7255
G01 X12.2832Y5.7635
G01 X12.3455Y5.8145
G01 X12.3965Y5.8768
G01 X12.4345Y5.9478
G01 X12.4579Y6.0249
G01 X12.4668Y6.1158
G01 X12.4668Y7.0192
G01 X12.4579Y7.1101
G01 X12.4345Y7.1872
G01 X12.3965Y7.2582
G01 X12.3455Y7.3205
G01 X12.2832Y7.3715
G01 X12.2063Y7.4127
G01 X12.1915Y7.4214
G01 X12.1690Y7.4379
G01 X12.1514Y7.4543
G01 X12.1412Y7.4656
G01 X12.1270Y7.4845
G01 X12.1149Y7.5052
G01 X12.1085Y7.5185
G01 X12.0983Y7.5471
G01 X12.0946Y7.5618
G01 X12.0911Y7.5850
G01 X12.0900Y7.6067
G01 X12.0900Y9.9898
G01 X12.0911Y10.0113
G01 X12.0932Y10.0330
G01 X12.0804Y10.1624
G01 X12.0427Y10.2868
G01 X11.9814Y10.4014
G01 X11.8989Y10.5019
G01 X11.8821Y10.5158
G01 X11.8661Y10.5303
G01 X11.0227Y11.3737
G01 X11.0054Y11.3932
G01 X10.9953Y11.4071
G01 X10.9864Y11.4217
G01 X10.9759Y11.4430
G01 X10.9676Y11.4657
G01 X10.9629Y11.4844
G01 X10.9593Y11.5076
G01 X10.9582Y11.5293
G01 X10.9590Y11.5464
G01 X10.9634Y11.5765
G01 X10.9676Y11.5929
G01 X10.9768Y11.6175
G01 X10.9831Y11.6308
G01 X10.9929Y11.6478
G01 X11.0094Y11.6703
G01 X11.0227Y11.6848
G01 X11.0353Y11.6965
G01 X11.0755Y11.7295
G01 X11.1265Y11.7918
G01 X11.1645Y11.8628
G01 X11.1879Y11.9399
G01 X11.1968Y12.0308
G01 X11.1968Y12.9342
G01 X11.1879Y13.0251
G01 X11.1645Y13.1022
G01 X11.1265Y13.1732
G01 X11.0755Y13.2355
G01 X11.0132Y13.2865
G01 X10.9422Y13.3245
G01 X10.8651Y13.3479
G01 X10.7742Y13.3568
G01 X9.5458Y13.3568
G01 X9.4549Y13.3479
G01 X9.3778Y13.3245
G01 X9.3068Y13.2865
G01 X9.2445Y13.2355
G01 X9.1935Y13.1732
G01 X9.1555Y13.1022
G01 X9.1321Y13.0251
G01 X9.1232Y12.9342
G00 Z3.0000
G00 X9.2006Y14.9349
G01 Z-0.2000
G01 X9.2117Y14.8897
G01 X9.2295Y14.8460
G01 X9.2341Y14.8368
G01 X9.2599Y14.7952
G01 X9.2898Y14.7598
G01 X9.2998Y14.7498
G01 X9.3296Y14.7243
G01 X9.3410Y14.7160
G01 X9.3768Y14.6941
G01 X9.3860Y14.6895
G01 X9.4299Y14.6716
G01 X9.4818Y14.6592
G01 X9.5350Y14.6550
G01 X10.0869Y14.6550
G01 X10.1066Y14.6525
G01 X10.1600Y14.6500
G01 X10.2134Y14.6525
G01 X10.2331Y14.6550
G01 X10.7850Y14.6550
G01 X10.8391Y14.6593
G01 X10.8903Y14.6717
G01 X10.9340Y14.6895
G01 X10.9432Y14.6941
G01 X10.9848Y14.7199
G01 X11.0254Y14.7546
G01 X11.0557Y14.7896
G01 X11.0640Y14.8010
G01 X11.0859Y14.8368
G01 X11.0905Y14.8460
G01 X11.1084Y14.8899
G01 X11.1208Y14.9418
G01 X11.1250Y14.9950
G01 X11.1250Y15.9200
G01 X11.1207Y15.9741
G01 X11.1103Y16.0183
G01 X11.1059Y16.0317
G01 X11.0905Y16.0690
G01 X11.0845Y16.0805
G01 X11.0601Y16.1198
G01 X11.0254Y16.1604
G01 X10.9843Y16.1955
G01 X10.9455Y16.2195
G01 X10.9339Y16.2255
G01 X10.8967Y16.2409
G01 X10.8833Y16.2453
G01 X10.8451Y16.2544
G01 X10.8312Y16.2566
G01 X10.7921Y16.2597
G01 X10.7500Y16.2600
G01 X10.7500Y20.5578
G01 X10.8211Y20.6005
G01 X10.9114Y20.6674
G01 X11.0015Y20.7485
G01 X11.0786Y20.8336
G01 X11.1469Y20.9253
G01 X11.2106Y21.0312
G01 X11.2585Y21.1325
G01 X11.2974Y21.2404
G01 X11.3267Y21.3559
G01 X11.3446Y21.4778
G01 X11.3500Y21.5900
G01 X11.3443Y21.7068
G01 X11.3267Y21.8241
G01 X11.2988Y21.9352
G01 X11.2585Y22.0475
G01 X11.2115Y22.1470
G01 X11.1469Y22.2547
G01 X11.0786Y22.3464
G01 X11.0015Y22.4315
G01 X10.9164Y22.5086
G01 X10.8247Y22.5769
G01 X10.7170Y22.6415
G01 X10.6175Y22.6885
G01 X10.5052Y22.7288
G01 X10.3941Y22.7567
G01 X10.2810Y22.7737
G01 X10.1600Y22.7800
G01 X10.0432Y22.7743
G01 X9.9259Y22.7567
G01 X9.8148Y22.7288
G01 X9.7025Y22.6885
G01 X9.6012Y22.6406
G01 X9.4989Y22.5795
G01 X9.4036Y22.5086
G01 X9.3185Y22.4315
G01 X9.2414Y22.3464
G01 X9.1705Y22.2511
G01 X9.1094Y22.1488
G01 X9.0615Y22.0475
G01 X9.0212Y21.9352
G01 X8.9933Y21.8241
G01 X8.9763Y21.7110
G01 X8.9701Y21.5856
G01 X8.9757Y21.4732
G01 X8.9933Y21.3559
G01 X9.0226Y21.2404
G01 X9.0615Y21.1325
G01 X9.1094Y21.0312
G01 X9.1731Y20.9253
G01 X9.2414Y20.8336
G01 X9.3185Y20.7485
G01 X9.4086Y20.6674
G01 X9.4989Y20.6005
G01 X9.5700Y20.5578
G01 X9.5700Y16.2600
G01 X9.5279Y16.2597
G01 X9.4888Y16.2566
G01 X9.4749Y16.2544
G01 X9.4367Y16.2453
G01 X9.4233Y16.2409
G01 X9.3861Y16.2255
G01 X9.3745Y16.2195
G01 X9.3352Y16.1951
G01 X9.2946Y16.1604
G01 X9.2595Y16.1193
G01 X9.2355Y16.0805
G01 X9.2295Y16.0690
G01 X9.2141Y16.0317
G01 X9.2097Y16.0183
G01 X9.1992Y15.9732
G01 X9.1950Y15.9200
G01 X9.1950Y14.9950
G01 X9.1984Y14.9488
G01 X9.2006Y14.9349
G00 Z3.0000
G00 X10.8767Y11.6006
G01 Z-0.2000
G01 X10.8542Y11.5956
G01 X10.8400Y11.5939
G01 X10.8400Y11.5847
G01 X10.8694Y11.5553
G01 X10.8727Y11.5811
G01 X10.8767Y11.6006
G00 Z3.0000
G00 X12.9332Y12.9342
G01 Z-0.2000
G01 X12.9332Y12.0308
G01 X12.9421Y11.9399
G01 X12.9655Y11.8628
G01 X13.0035Y11.7918
G01 X13.0545Y11.7295
G01 X13.1168Y11.6785
G01 X13.1976Y11.6352
G01 X13.2121Y11.6263
G01 X13.2261Y11.6161
G01 X13.2486Y11.5957
G01 X13.2588Y11.5844
G01 X13.2704Y11.5692
G01 X13.2860Y11.5431
G01 X13.2923Y11.5296
G01 X13.3006Y11.5069
G01 X13.3054Y11.4882
G01 X13.3084Y11.4693
G01 X13.3100Y11.4433
G01 X13.3100Y7.6067
G01 X13.3093Y7.5895
G01 X13.3048Y7.5595
G01 X13.3006Y7.5431
G01 X13.2923Y7.5204
G01 X13.2851Y7.5052
G01 X13.2730Y7.4845
G01 X13.2588Y7.4656
G01 X13.2486Y7.4543
G01 X13.2310Y7.4379
G01 X13.2085Y7.4214
G01 X13.1937Y7.4127
G01 X13.1168Y7.3715
G01 X13.0545Y7.3205
G01 X13.0035Y7.2582
G01 X12.9655Y7.1872
G01 X12.9421Y7.1101
G01 X12.9332Y7.0192
G01 X12.9332Y6.1158
G01 X12.9421Y6.0249
G01 X12.9655Y5.9478
G01 X13.0035Y5.8768
G01 X13.0545Y5.8145
G01 X13.1168Y5.7635
G01 X13.1878Y5.7255
G01 X13.2649Y5.7021
G01 X13.3558Y5.6932
G01 X14.5842Y5.6932
G01 X14.6751Y5.7021
G01 X14.7522Y5.7255
G01 X14.8232Y5.7635
G01 X14.8855Y5.8145
G01 X14.9365Y5.8768
G01 X14.9745Y5.9478
G01 X14.9979Y6.0249
G01 X15.0068Y6.1158
G01 X15.0068Y7.0192
G01 X14.9979Y7.1101
G01 X14.9745Y7.1872
G01 X14.9365Y7.2582
G01 X14.8855Y7.3205
G01 X14.8232Y7.3715
G01 X14.7424Y7.4148
G01 X14.7279Y7.4237
G01 X14.7139Y7.4339
G01 X14.6914Y7.4543
G01 X14.6812Y7.4656
G01 X14.6696Y7.4808
G01 X14.6540Y7.5069
G01 X14.6477Y7.5204
G01 X14.6394Y7.5431
G01 X14.6346Y7.5618
G01 X14.6316Y7.5807
G01 X14.6300Y7.6067
G01 X14.6300Y11.4433
G01 X14.6307Y11.4605
G01 X14.6352Y11.4905
G01 X14.6394Y11.5069
G01 X14.6477Y11.5296
G01 X14.6549Y11.5448
G01 X14.6670Y11.5655
G01 X14.6812Y11.5844
G01 X14.6914Y11.5957
G01 X14.7090Y11.6121
G01 X14.7315Y11.6286
G01 X14.7463Y11.6373
G01 X14.8232Y11.6785
G01 X14.8855Y11.7295
G01 X14.9365Y11.7918
G01 X14.9745Y11.8628
G01 X14.9979Y11.9399
G01 X15.0068Y12.0308
G01 X15.0068Y12.9342
G01 X14.9979Y13.0251
G01 X14.9745Y13.1022
G01 X14.9365Y13.1732
G01 X14.8855Y13.2355
G01 X14.8232Y13.2865
G01 X14.7522Y13.3245
G01 X14.6751Y13.3479
G01 X14.5842Y13.3568
G01 X13.3558Y13.3568
G01 X13.2649Y13.3479
G01 X13.1878Y13.3245
G01 X13.1168Y13.2865
G01 X13.0545Y13.2355
G01 X13.0035Y13.1732
G01 X12.9655Y13.1022
G01 X12.9421Y13.0251
G01 X12.9332Y12.9342
G00 Z3.0000
G00 X17.0706Y11.5553
G01 Z-0.2000
G01 X17.1000Y11.5847
G01 X17.1000Y11.5938
G01 X17.0877Y11.5953
G01 X17.0633Y11.6006
G01 X17.0673Y11.5811
G01 X17.0706Y11.5553
G00 Z3.0000
G00 X20.8138Y11.6154
G01 Z-0.2000
G01 X20.8156Y11.6173
G01 X20.8135Y11.6181
G01 X20.8138Y11.6154
G00 Z3.0000
G00 X24.6906Y11.5553
G01 Z-0.2000
G01 X24.7200Y11.5847
G01 X24.7200Y11.5938
G01 X24.7077Y11.5953
G01 X24.6833Y11.6006
G01 X24.6873Y11.5811
G01 X24.6906Y11.5553
G00 Z3.0000
G00 X20.5532Y7.0192
G01 Z-0.2000
G01 X20.5532Y6.1158
G01 X20.5621Y6.0249
G01 X20.5855Y5.9478
G01 X20.6235Y5.8768
G01 X20.6745Y5.8145
G01 X20.7368Y5.7635
G01 X20.8078Y5.7255
G01 X20.8849Y5.7021
G01 X20.9758Y5.6932
G01 X22.2042Y5.6932
G01 X22.2951Y5.7021
G01 X22.3722Y5.7255
G01 X22.4432Y5.7635
G01 X22.5055Y5.8145
G01 X22.5565Y5.8768
G01 X22.5945Y5.9478
G01 X22.6179Y6.0249
G01 X22.6268Y6.1158
G01 X22.6268Y7.0192
G01 X22.6179Y7.1101
G01 X22.5945Y7.1872
G01 X22.5555Y7.2602
G01 X22.5470Y7.2723
G01 X22.5372Y7.2893
G01 X22.5300Y7.3045
G01 X22.5232Y7.3228
G01 X22.5170Y7.3459
G01 X22.5134Y7.3691
G01 X22.5124Y7.3864
G01 X22.5139Y7.4168
G01 X22.5170Y7.4357
G01 X22.5217Y7.4544
G01 X22.5300Y7.4771
G01 X22.5372Y7.4923
G01 X22.5519Y7.5167
G01 X22.5635Y7.5319
G01 X22.5768Y7.5464
G01 X25.8361Y10.8057
G01 X25.8521Y10.8202
G01 X25.8689Y10.8341
G01 X25.9514Y10.9346
G01 X26.0127Y11.0492
G01 X26.0504Y11.1736
G01 X26.0632Y11.3030
G01 X26.0611Y11.3247
G01 X26.0600Y11.3462
G01 X26.0600Y11.4433
G01 X26.0611Y11.4650
G01 X26.0646Y11.4882
G01 X26.0694Y11.5069
G01 X26.0777Y11.5296
G01 X26.0840Y11.5431
G01 X26.0970Y11.5655
G01 X26.1072Y11.5794
G01 X26.1244Y11.5989
G01 X26.1390Y11.6121
G01 X26.1579Y11.6263
G01 X26.1724Y11.6352
G01 X26.2532Y11.6785
G01 X26.3155Y11.7295
G01 X26.3665Y11.7918
G01 X26.4045Y11.8628
G01 X26.4279Y11.9399
G01 X26.4368Y12.0308
G01 X26.4368Y12.9342
G01 X26.4279Y13.0251
G01 X26.4045Y13.1022
G01 X26.3665Y13.1732
G01 X26.3155Y13.2355
G01 X26.2532Y13.2865
G01 X26.1822Y13.3245
G01 X26.1051Y13.3479
G01 X26.0142Y13.3568
G01 X24.7858Y13.3568
G01 X24.6949Y13.3479
G01 X24.6178Y13.3245
G01 X24.5468Y13.2865
G01 X24.4845Y13.2355
G01 X24.4335Y13.1732
G01 X24.3955Y13.1022
G01 X24.3721Y13.0251
G01 X24.3632Y12.9342
G01 X24.3632Y12.0308
G01 X24.3721Y11.9399
G01 X24.3955Y11.8628
G01 X24.4335Y11.7918
G01 X24.4845Y11.7295
G01 X24.5247Y11.6965
G01 X24.5373Y11.6848
G01 X24.5506Y11.6703
G01 X24.5647Y11.6514
G01 X24.5736Y11.6368
G01 X24.5841Y11.6156
G01 X24.5909Y11.5973
G01 X24.5971Y11.5742
G01 X24.6007Y11.5510
G01 X24.6018Y11.5293
G01 X24.6002Y11.5033
G01 X24.5971Y11.4844
G01 X24.5935Y11.4697
G01 X24.5866Y11.4492
G01 X24.5769Y11.4277
G01 X24.5671Y11.4108
G01 X24.5506Y11.3882
G01 X24.5373Y11.3737
G01 X21.1539Y7.9903
G01 X21.1379Y7.9758
G01 X21.1211Y7.9619
G01 X21.0386Y7.8614
G01 X20.9773Y7.7468
G01 X20.9396Y7.6224
G01 X20.9339Y7.5720
G01 X20.9279Y7.5470
G01 X20.9197Y7.5243
G01 X20.9133Y7.5108
G01 X20.8977Y7.4848
G01 X20.8862Y7.4696
G01 X20.8729Y7.4550
G01 X20.8584Y7.4418
G01 X20.8432Y7.4302
G01 X20.8210Y7.4166
G01 X20.7368Y7.3715
G01 X20.6745Y7.3205
G01 X20.6235Y7.2582
G01 X20.5855Y7.1872
G01 X20.5621Y7.1101
G01 X20.5532Y7.0192
G00 Z3.0000
G00 X20.6306Y6.0449
G01 Z-0.2000
G01 X20.6417Y5.9997
G01 X20.6595Y5.9561
G01 X20.6641Y5.9469
G01 X20.6899Y5.9052
G01 X20.7198Y5.8698
G01 X20.7298Y5.8598
G01 X20.7596Y5.8343
G01 X20.7710Y5.8260
G01 X20.8068Y5.8041
G01 X20.8161Y5.7995
G01 X20.8533Y5.7841
G01 X20.8667Y5.7797
G01 X20.9118Y5.7692
G01 X20.9579Y5.7653
G01 X22.2150Y5.7650
G01 X22.2612Y5.7684
G01 X22.2751Y5.7706
G01 X22.3203Y5.7817
G01 X22.3639Y5.7995
G01 X22.3755Y5.8055
G01 X22.4148Y5.8299
G01 X22.4502Y5.8598
G01 X22.4602Y5.8698
G01 X22.4905Y5.9057
G01 X22.5159Y5.9469
G01 X22.5205Y5.9561
G01 X22.5384Y5.9999
G01 X22.5508Y6.0518
G01 X22.5547Y6.0979
G01 X22.5550Y7.0300
G01 X22.5507Y7.0841
G01 X22.5383Y7.1353
G01 X22.5205Y7.1789
G01 X22.5159Y7.1881
G01 X22.4901Y7.2298
G01 X22.4554Y7.2704
G01 X22.4143Y7.3055
G01 X22.3732Y7.3309
G01 X22.3639Y7.3355
G01 X22.3201Y7.3534
G01 X22.2918Y7.3604
G01 X25.8172Y10.8858
G01 X25.8548Y10.9272
G01 X25.8906Y10.9753
G01 X25.9215Y11.0271
G01 X25.9467Y11.0813
G01 X25.9658Y11.1360
G01 X25.9782Y11.1859
G01 X25.9866Y11.2408
G01 X25.9900Y11.3030
G01 X25.9900Y11.6800
G01 X26.0321Y11.6803
G01 X26.0712Y11.6834
G01 X26.0851Y11.6856
G01 X26.1233Y11.6947
G01 X26.1367Y11.6991
G01 X26.1740Y11.7145
G01 X26.1855Y11.7205
G01 X26.2248Y11.7449
G01 X26.2654Y11.7796
G01 X26.2957Y11.8146
G01 X26.3040Y11.8260
G01 X26.3259Y11.8618
G01 X26.3305Y11.8711
G01 X26.3459Y11.9083
G01 X26.3503Y11.9217
G01 X26.3608Y11.9668
G01 X26.3650Y12.0200
G01 X26.3650Y12.9450
G01 X26.3616Y12.9912
G01 X26.3594Y13.0051
G01 X26.3483Y13.0503
G01 X26.3305Y13.0939
G01 X26.3245Y13.1055
G01 X26.3001Y13.1448
G01 X26.2702Y13.1802
G01 X26.2602Y13.1902
G01 X26.2243Y13.2205
G01 X26.1831Y13.2459
G01 X26.1740Y13.2505
G01 X26.1301Y13.2684
G01 X26.0782Y13.2808
G01 X26.0321Y13.2847
G01 X24.7679Y13.2847
G01 X24.7209Y13.2807
G01 X24.6767Y13.2703
G01 X24.6633Y13.2659
G01 X24.6260Y13.2505
G01 X24.6169Y13.2459
G01 X24.5752Y13.2201
G01 X24.5398Y13.1902
G01 X24.5298Y13.1802
G01 X24.4995Y13.1443
G01 X24.4741Y13.1032
G01 X24.4695Y13.0940
G01 X24.4516Y13.0501
G01 X24.4392Y12.9982
G01 X24.4353Y12.9521
G01 X24.4350Y12.0200
G01 X24.4393Y11.9659
G01 X24.4497Y11.9217
G01 X24.4541Y11.9083
G01 X24.4695Y11.8710
G01 X24.4741Y11.8618
G01 X24.4960Y11.8260
G01 X24.5043Y11.8146
G01 X24.5346Y11.7796
G01 X24.5757Y11.7445
G01 X24.6145Y11.7205
G01 X24.6260Y11.7145
G01 X24.6633Y11.6991
G01 X24.6767Y11.6947
G01 X24.7149Y11.6856
G01 X24.7288Y11.6834
G01 X24.7679Y11.6803
G01 X24.8100Y11.6800
G01 X24.8100Y11.5474
G01 X21.1728Y7.9102
G01 X21.1312Y7.8638
G01 X21.0994Y7.8207
G01 X21.0685Y7.7689
G01 X21.0458Y7.7209
G01 X21.0242Y7.6600
G01 X21.0118Y7.6101
G01 X21.0029Y7.5510
G01 X21.0000Y7.4930
G01 X21.0000Y7.3700
G01 X20.9579Y7.3697
G01 X20.9188Y7.3666
G01 X20.9049Y7.3644
G01 X20.8667Y7.3553
G01 X20.8533Y7.3509
G01 X20.8161Y7.3355
G01 X20.8045Y7.3295
G01 X20.7652Y7.3051
G01 X20.7246Y7.2704
G01 X20.6895Y7.2293
G01 X20.6655Y7.1905
G01 X20.6595Y7.1789
G01 X20.6441Y7.1417
G01 X20.6397Y7.1283
G01 X20.6292Y7.0832
G01 X20.6250Y7.0300
G01 X20.6250Y6.1050
G01 X20.6284Y6.0588
G01 X20.6306Y6.0449
G00 Z3.0000
G00 X18.0906Y6.0449
G01 Z-0.2000
G01 X18.1017Y5.9997
G01 X18.1195Y5.9560
G01 X18.1241Y5.9469
G01 X18.1499Y5.9052
G01 X18.1798Y5.8698
G01 X18.1898Y5.8598
G01 X18.2196Y5.8343
G01 X18.2310Y5.8260
G01 X18.2668Y5.8041
G01 X18.2761Y5.7995
G01 X18.3133Y5.7841
G01 X18.3267Y5.7797
G01 X18.3718Y5.7692
G01 X18.4179Y5.7653
G01 X19.6750Y5.7650
G01 X19.7212Y5.7684
G01 X19.7351Y5.7706
G01 X19.7733Y5.7797
G01 X19.7867Y5.7841
G01 X19.8240Y5.7995
G01 X19.8331Y5.8041
G01 X19.8748Y5.8299
G01 X19.9102Y5.8598
G01 X19.9202Y5.8698
G01 X19.9505Y5.9057
G01 X19.9745Y5.9445
G01 X19.9805Y5.9561
G01 X19.9959Y5.9933
G01 X20.0003Y6.0067
G01 X20.0108Y6.0518
G01 X20.0150Y6.1050
G01 X20.0150Y7.0300
G01 X20.0107Y7.0841
G01 X19.9983Y7.1353
G01 X19.9809Y7.1779
G01 X19.9745Y7.1905
G01 X19.9501Y7.2298
G01 X19.9202Y7.2652
G01 X19.9102Y7.2752
G01 X19.8743Y7.3055
G01 X19.8331Y7.3309
G01 X19.8240Y7.3355
G01 X19.7801Y7.3534
G01 X19.7282Y7.3658
G01 X19.6750Y7.3700
G01 X19.5130Y7.3700
G01 X19.5130Y8.5186
G01 X22.0072Y11.0128
G01 X22.0448Y11.0542
G01 X22.0829Y11.1059
G01 X22.1115Y11.1541
G01 X22.1342Y11.2021
G01 X22.1547Y11.2590
G01 X22.1694Y11.3192
G01 X22.1771Y11.3720
G01 X22.1799Y11.4256
G01 X22.1800Y11.6800
G01 X22.2221Y11.6803
G01 X22.2612Y11.6834
G01 X22.2751Y11.6856
G01 X22.3133Y11.6947
G01 X22.3267Y11.6991
G01 X22.3640Y11.7145
G01 X22.3755Y11.7205
G01 X22.4148Y11.7449
G01 X22.4554Y11.7796
G01 X22.4857Y11.8146
G01 X22.4940Y11.8260
G01 X22.5159Y11.8618
G01 X22.5205Y11.8710
G01 X22.5359Y11.9083
G01 X22.5403Y11.9217
G01 X22.5508Y11.9668
G01 X22.5550Y12.0200
G01 X22.5550Y12.9450
G01 X22.5507Y12.9991
G01 X22.5383Y13.0503
G01 X22.5209Y13.0929
G01 X22.5145Y13.1055
G01 X22.4901Y13.1448
G01 X22.4602Y13.1802
G01 X22.4502Y13.1902
G01 X22.4143Y13.2205
G01 X22.3755Y13.2445
G01 X22.3640Y13.2505
G01 X22.3267Y13.2659
G01 X22.3133Y13.2703
G01 X22.2682Y13.2808
G01 X22.2150Y13.2850
G01 X20.9650Y13.2850
G01 X20.9188Y13.2816
G01 X20.9049Y13.2794
G01 X20.8667Y13.2703
G01 X20.8533Y13.2659
G01 X20.8160Y13.2505
G01 X20.8068Y13.2459
G01 X20.7652Y13.2201
G01 X20.7298Y13.1902
G01 X20.7198Y13.1802
G01 X20.6895Y13.1443
G01 X20.6655Y13.1055
G01 X20.6595Y13.0940
G01 X20.6441Y13.0567
G01 X20.6397Y13.0433
G01 X20.6292Y12.9982
G01 X20.6250Y12.9450
G01 X20.6250Y12.0200
G01 X20.6284Y11.9738
G01 X20.6306Y11.9599
G01 X20.6397Y11.9217
G01 X20.6441Y11.9083
G01 X20.6595Y11.8710
G01 X20.6641Y11.8618
G01 X20.6860Y11.8260
G01 X20.6943Y11.8146
G01 X20.7246Y11.7796
G01 X20.7657Y11.7445
G01 X20.8068Y11.7191
G01 X20.8160Y11.7145
G01 X20.8599Y11.6966
G01 X20.9118Y11.6842
G01 X20.9579Y11.6803
G01 X21.0000Y11.6800
G01 X21.0000Y11.6744
G01 X18.5058Y9.1802
G01 X18.4682Y9.1388
G01 X18.4350Y9.0944
G01 X18.4015Y9.0389
G01 X18.3788Y8.9909
G01 X18.3572Y8.9300
G01 X18.3436Y8.8738
G01 X18.3359Y8.8210
G01 X18.3331Y8.7674
G01 X18.3330Y7.3568
G01 X18.3133Y7.3509
G01 X18.2761Y7.3355
G01 X18.2645Y7.3295
G01 X18.2252Y7.3051
G01 X18.1898Y7.2752
G01 X18.1798Y7.2652
G01 X18.1495Y7.2293
G01 X18.1255Y7.1905
G01 X18.1195Y7.1790
G01 X18.1016Y7.1351
G01 X18.0906Y7.0901
G01 X18.0884Y7.0762
G01 X18.0850Y7.0300
G01 X18.0850Y6.1050
G01 X18.0884Y6.0588
G01 X18.0906Y6.0449
G00 Z3.0000
G00 X18.0132Y7.0192
G01 Z-0.2000
G01 X18.0132Y6.1158
G01 X18.0221Y6.0249
G01 X18.0455Y5.9478
G01 X18.0835Y5.8768
G01 X18.1345Y5.8145
G01 X18.1968Y5.7635
G01 X18.2678Y5.7255
G01 X18.3449Y5.7021
G01 X18.4358Y5.6932
G01 X19.6642Y5.6932
G01 X19.7551Y5.7021
G01 X19.8322Y5.7255
G01 X19.9032Y5.7635
G01 X19.9655Y5.8145
G01 X20.0165Y5.8768
G01 X20.0545Y5.9478
G01 X20.0779Y6.0249
G01 X20.0868Y6.1158
G01 X20.0868Y7.0192
G01 X20.0779Y7.1101
G01 X20.0545Y7.1872
G01 X20.0165Y7.2582
G01 X19.9655Y7.3205
G01 X19.9032Y7.3715
G01 X19.8322Y7.4095
G01 X19.7391Y7.4377
G01 X19.7229Y7.4434
G01 X19.7015Y7.4531
G01 X19.6809Y7.4653
G01 X19.6601Y7.4811
G01 X19.6474Y7.4927
G01 X19.6342Y7.5072
G01 X19.6200Y7.5261
G01 X19.6112Y7.5407
G01 X19.5982Y7.5682
G01 X19.5924Y7.5847
G01 X19.5876Y7.6034
G01 X19.5841Y7.6266
G01 X19.5830Y7.6483
G01 X19.5830Y8.3985
G01 X19.5846Y8.4244
G01 X19.5876Y8.4434
G01 X19.5924Y8.4621
G01 X19.6007Y8.4848
G01 X19.6112Y8.5060
G01 X19.6200Y8.5206
G01 X19.6302Y8.5346
G01 X19.6474Y8.5541
G01 X22.0261Y10.9327
G01 X22.0421Y10.9472
G01 X22.0589Y10.9611
G01 X22.1414Y11.0616
G01 X22.2027Y11.1762
G01 X22.2404Y11.3006
G01 X22.2533Y11.4315
G01 X22.2528Y11.4448
G01 X22.2535Y11.4620
G01 X22.2563Y11.4834
G01 X22.2637Y11.5129
G01 X22.2705Y11.5311
G01 X22.2776Y11.5463
G01 X22.2898Y11.5670
G01 X22.3040Y11.5859
G01 X22.3172Y11.6004
G01 X22.3318Y11.6136
G01 X22.3507Y11.6278
G01 X22.3652Y11.6367
G01 X22.4432Y11.6785
G01 X22.5055Y11.7295
G01 X22.5565Y11.7918
G01 X22.5945Y11.8628
G01 X22.6179Y11.9399
G01 X22.6268Y12.0308
G01 X22.6268Y12.9342
G01 X22.6179Y13.0251
G01 X22.5945Y13.1022
G01 X22.5565Y13.1732
G01 X22.5055Y13.2355
G01 X22.4432Y13.2865
G01 X22.3722Y13.3245
G01 X22.2951Y13.3479
G01 X22.2042Y13.3568
G01 X20.9758Y13.3568
G01 X20.8849Y13.3479
G01 X20.8078Y13.3245
G01 X20.7368Y13.2865
G01 X20.6745Y13.2355
G01 X20.6235Y13.1732
G01 X20.5855Y13.1022
G01 X20.5621Y13.0251
G01 X20.5532Y12.9342
G01 X20.5532Y12.0308
G01 X20.5621Y11.9399
G01 X20.5855Y11.8628
G01 X20.6235Y11.7918
G01 X20.6750Y11.7290
G01 X20.6902Y11.7079
G01 X20.7001Y11.6910
G01 X20.7064Y11.6777
G01 X20.7155Y11.6530
G01 X20.7203Y11.6343
G01 X20.7238Y11.6111
G01 X20.7249Y11.5894
G01 X20.7242Y11.5723
G01 X20.7197Y11.5422
G01 X20.7155Y11.5258
G01 X20.7073Y11.5031
G01 X20.7001Y11.4879
G01 X20.6879Y11.4673
G01 X20.6737Y11.4484
G01 X20.6605Y11.4339
G01 X18.4869Y9.2603
G01 X18.4709Y9.2458
G01 X18.4541Y9.2319
G01 X18.3716Y9.1314
G01 X18.3103Y9.0168
G01 X18.2726Y8.8924
G01 X18.2598Y8.7630
G01 X18.2619Y8.7413
G01 X18.2630Y8.7198
G01 X18.2630Y7.5299
G01 X18.2619Y7.5082
G01 X18.2595Y7.4914
G01 X18.2536Y7.4663
G01 X18.2453Y7.4436
G01 X18.2348Y7.4224
G01 X18.2234Y7.4041
G01 X18.2118Y7.3889
G01 X18.1954Y7.3713
G01 X18.1826Y7.3599
G01 X18.1345Y7.3205
G01 X18.0835Y7.2582
G01 X18.0455Y7.1872
G01 X18.0221Y7.1101
G01 X18.0132Y7.0192
G00 Z3.0000
G00 X15.5484Y7.0762
G01 Z-0.2000
G01 X15.5450Y7.0300
G01 X15.5450Y6.1050
G01 X15.5493Y6.0509
G01 X15.5617Y5.9997
G01 X15.5791Y5.9571
G01 X15.5855Y5.9445
G01 X15.6099Y5.9052
G01 X15.6398Y5.8698
G01 X15.6498Y5.8598
G01 X15.6857Y5.8295
G01 X15.7245Y5.8055
G01 X15.7360Y5.7995
G01 X15.7733Y5.7841
G01 X15.7867Y5.7797
G01 X15.8318Y5.7692
G01 X15.8850Y5.7650
G01 X17.1350Y5.7650
G01 X17.1812Y5.7684
G01 X17.1951Y5.7706
G01 X17.2333Y5.7797
G01 X17.2467Y5.7841
G01 X17.2840Y5.7995
G01 X17.2931Y5.8041
G01 X17.3348Y5.8299
G01 X17.3702Y5.8598
G01 X17.3802Y5.8698
G01 X17.4105Y5.9057
G01 X17.4345Y5.9445
G01 X17.4405Y5.9561
G01 X17.4559Y5.9933
G01 X17.4603Y6.0067
G01 X17.4708Y6.0518
G01 X17.4750Y6.1050
G01 X17.4750Y7.0300
G01 X17.4716Y7.0762
G01 X17.4694Y7.0901
G01 X17.4603Y7.1283
G01 X17.4559Y7.1417
G01 X17.4405Y7.1789
G01 X17.4359Y7.1882
G01 X17.4140Y7.2240
G01 X17.4057Y7.2354
G01 X17.3754Y7.2704
G01 X17.3343Y7.3055
G01 X17.2955Y7.3295
G01 X17.2840Y7.3355
G01 X17.2467Y7.3509
G01 X17.2333Y7.3553
G01 X17.1951Y7.3644
G01 X17.1812Y7.3666
G01 X17.1421Y7.3697
G01 X17.1000Y7.3700
G01 X17.1000Y9.7886
G01 X18.1972Y10.8858
G01 X18.2388Y10.9322
G01 X18.2729Y10.9789
G01 X18.3015Y11.0271
G01 X18.3233Y11.0732
G01 X18.3447Y11.1320
G01 X18.3594Y11.1922
G01 X18.3671Y11.2450
G01 X18.3700Y11.3030
G01 X18.3700Y11.6800
G01 X18.4121Y11.6803
G01 X18.4591Y11.6843
G01 X18.5103Y11.6967
G01 X18.5540Y11.7145
G01 X18.5631Y11.7191
G01 X18.6048Y11.7449
G01 X18.6454Y11.7796
G01 X18.6805Y11.8207
G01 X18.7045Y11.8595
G01 X18.7109Y11.8721
G01 X18.7284Y11.9149
G01 X18.7394Y11.9599
G01 X18.7416Y11.9738
G01 X18.7450Y12.0200
G01 X18.7450Y12.9450
G01 X18.7416Y12.9912
G01 X18.7394Y13.0051
G01 X18.7303Y13.0433
G01 X18.7259Y13.0567
G01 X18.7105Y13.0940
G01 X18.7059Y13.1032
G01 X18.6801Y13.1448
G01 X18.6454Y13.1854
G01 X18.6104Y13.2157
G01 X18.5990Y13.2240
G01 X18.5631Y13.2459
G01 X18.5540Y13.2505
G01 X18.5101Y13.2684
G01 X18.4651Y13.2794
G01 X18.4512Y13.2816
G01 X18.4050Y13.2850
G01 X17.1550Y13.2850
G01 X17.1088Y13.2816
G01 X17.0949Y13.2794
G01 X17.0567Y13.2703
G01 X17.0433Y13.2659
G01 X17.0060Y13.2505
G01 X16.9968Y13.2459
G01 X16.9552Y13.2201
G01 X16.9146Y13.1854
G01 X16.8843Y13.1504
G01 X16.8760Y13.1390
G01 X16.8541Y13.1032
G01 X16.8495Y13.0939
G01 X16.8316Y13.0501
G01 X16.8206Y13.0051
G01 X16.8184Y12.9912
G01 X16.8150Y12.9450
G01 X16.8150Y12.0200
G01 X16.8184Y11.9738
G01 X16.8206Y11.9599
G01 X16.8297Y11.9217
G01 X16.8341Y11.9083
G01 X16.8495Y11.8711
G01 X16.8541Y11.8618
G01 X16.8760Y11.8260
G01 X16.8843Y11.8146
G01 X16.9146Y11.7796
G01 X16.9557Y11.7445
G01 X16.9945Y11.7205
G01 X17.0060Y11.7145
G01 X17.0433Y11.6991
G01 X17.0567Y11.6947
G01 X17.0949Y11.6856
G01 X17.1088Y11.6834
G01 X17.1479Y11.6803
G01 X17.1900Y11.6800
G01 X17.1900Y11.5474
G01 X16.0898Y10.4470
G01 X16.0552Y10.4088
G01 X16.0194Y10.3607
G01 X15.9885Y10.3089
G01 X15.9633Y10.2547
G01 X15.9453Y10.2040
G01 X15.9318Y10.1501
G01 X15.9229Y10.0910
G01 X15.9200Y10.0330
G01 X15.9200Y7.3700
G01 X15.8779Y7.3697
G01 X15.8388Y7.3666
G01 X15.8249Y7.3644
G01 X15.7797Y7.3533
G01 X15.7360Y7.3355
G01 X15.7268Y7.3309
G01 X15.6910Y7.3090
G01 X15.6796Y7.3007
G01 X15.6446Y7.2704
G01 X15.6143Y7.2354
G01 X15.6060Y7.2240
G01 X15.5841Y7.1882
G01 X15.5795Y7.1789
G01 X15.5616Y7.1351
G01 X15.5506Y7.0901
G01 X15.5484Y7.0762
G00 Z3.0000
G00 X15.4732Y7.0192
G01 Z-0.2000
G01 X15.4732Y6.1158
G01 X15.4821Y6.0249
G01 X15.5055Y5.9478
G01 X15.5435Y5.8768
G01 X15.5945Y5.8145
G01 X15.6568Y5.7635
G01 X15.7278Y5.7255
G01 X15.8049Y5.7021
G01 X15.8958Y5.6932
G01 X17.1242Y5.6932
G01 X17.2151Y5.7021
G01 X17.2922Y5.7255
G01 X17.3632Y5.7635
G01 X17.4255Y5.8145
G01 X17.4765Y5.8768
G01 X17.5145Y5.9478
G01 X17.5379Y6.0249
G01 X17.5468Y6.1158
G01 X17.5468Y7.0192
G01 X17.5379Y7.1101
G01 X17.5145Y7.1872
G01 X17.4765Y7.2582
G01 X17.4255Y7.3205
G01 X17.3632Y7.3715
G01 X17.2863Y7.4127
G01 X17.2715Y7.4214
G01 X17.2490Y7.4379
G01 X17.2314Y7.4543
G01 X17.2212Y7.4656
G01 X17.2070Y7.4845
G01 X17.1949Y7.5052
G01 X17.1885Y7.5185
G01 X17.1783Y7.5471
G01 X17.1746Y7.5618
G01 X17.1711Y7.5850
G01 X17.1700Y7.6067
G01 X17.1700Y9.6685
G01 X17.1716Y9.6944
G01 X17.1746Y9.7134
G01 X17.1794Y9.7321
G01 X17.1877Y9.7548
G01 X17.1940Y9.7683
G01 X17.2096Y9.7943
G01 X17.2212Y9.8095
G01 X17.2314Y9.8209
G01 X18.2161Y10.8057
G01 X18.2321Y10.8202
G01 X18.2489Y10.8341
G01 X18.3314Y10.9346
G01 X18.3927Y11.0492
G01 X18.4304Y11.1736
G01 X18.4432Y11.3030
G01 X18.4411Y11.3247
G01 X18.4400Y11.3462
G01 X18.4400Y11.4433
G01 X18.4411Y11.4650
G01 X18.4446Y11.4882
G01 X18.4494Y11.5069
G01 X18.4577Y11.5296
G01 X18.4649Y11.5448
G01 X18.4770Y11.5655
G01 X18.4912Y11.5844
G01 X18.5044Y11.5989
G01 X18.5190Y11.6121
G01 X18.5379Y11.6263
G01 X18.5524Y11.6352
G01 X18.6332Y11.6785
G01 X18.6955Y11.7295
G01 X18.7465Y11.7918
G01 X18.7845Y11.8628
G01 X18.8079Y11.9399
G01 X18.8168Y12.0308
G01 X18.8168Y12.9342
G01 X18.8079Y13.0251
G01 X18.7845Y13.1022
G01 X18.7465Y13.1732
G01 X18.6955Y13.2355
G01 X18.6332Y13.2865
G01 X18.5622Y13.3245
G01 X18.4851Y13.3479
G01 X18.3942Y13.3568
G01 X17.1658Y13.3568
G01 X17.0749Y13.3479
G01 X16.9978Y13.3245
G01 X16.9268Y13.2865
G01 X16.8645Y13.2355
G01 X16.8135Y13.1732
G01 X16.7755Y13.1022
G01 X16.7521Y13.0251
G01 X16.7432Y12.9342
G01 X16.7432Y12.0308
G01 X16.7521Y11.9399
G01 X16.7755Y11.8628
G01 X16.8135Y11.7918
G01 X16.8645Y11.7295
G01 X16.9047Y11.6965
G01 X16.9173Y11.6848
G01 X16.9289Y11.6722
G01 X16.9447Y11.6514
G01 X16.9569Y11.6308
G01 X16.9641Y11.6156
G01 X16.9724Y11.5929
G01 X16.9771Y11.5742
G01 X16.9802Y11.5552
G01 X16.9817Y11.5249
G01 X16.9807Y11.5076
G01 X16.9771Y11.4844
G01 X16.9709Y11.4612
G01 X16.9641Y11.4430
G01 X16.9569Y11.4277
G01 X16.9421Y11.4034
G01 X16.9306Y11.3882
G01 X16.9173Y11.3737
G01 X16.0739Y10.5303
G01 X16.0579Y10.5158
G01 X16.0411Y10.5019
G01 X15.9586Y10.4014
G01 X15.8973Y10.2868
G01 X15.8596Y10.1624
G01 X15.8468Y10.0330
G01 X15.8489Y10.0113
G01 X15.8500Y9.9898
G01 X15.8500Y7.6067
G01 X15.8484Y7.5807
G01 X15.8454Y7.5618
G01 X15.8406Y7.5431
G01 X15.8323Y7.5204
G01 X15.8260Y7.5069
G01 X15.8104Y7.4808
G01 X15.7988Y7.4656
G01 X15.7886Y7.4543
G01 X15.7710Y7.4379
G01 X15.7485Y7.4214
G01 X15.7337Y7.4127
G01 X15.6568Y7.3715
G01 X15.5945Y7.3205
G01 X15.5435Y7.2582
G01 X15.5055Y7.1872
G01 X15.4821Y7.1101
G01 X15.4732Y7.0192
G00 Z3.0000
G00 X13.0084Y7.0762
G01 Z-0.2000
G01 X13.0050Y7.0300
G01 X13.0050Y6.1050
G01 X13.0093Y6.0509
G01 X13.0217Y5.9997
G01 X13.0391Y5.9571
G01 X13.0455Y5.9445
G01 X13.0699Y5.9052
G01 X13.0998Y5.8698
G01 X13.1098Y5.8598
G01 X13.1457Y5.8295
G01 X13.1845Y5.8055
G01 X13.1960Y5.7995
G01 X13.2333Y5.7841
G01 X13.2467Y5.7797
G01 X13.2918Y5.7692
G01 X13.3450Y5.7650
G01 X14.5950Y5.7650
G01 X14.6412Y5.7684
G01 X14.6551Y5.7706
G01 X14.6933Y5.7797
G01 X14.7067Y5.7841
G01 X14.7440Y5.7995
G01 X14.7532Y5.8041
G01 X14.7948Y5.8299
G01 X14.8302Y5.8598
G01 X14.8402Y5.8698
G01 X14.8705Y5.9057
G01 X14.8945Y5.9445
G01 X14.9005Y5.9560
G01 X14.9159Y5.9933
G01 X14.9203Y6.0067
G01 X14.9308Y6.0518
G01 X14.9350Y6.1050
G01 X14.9350Y7.0300
G01 X14.9316Y7.0762
G01 X14.9294Y7.0901
G01 X14.9203Y7.1283
G01 X14.9159Y7.1417
G01 X14.9005Y7.1790
G01 X14.8959Y7.1882
G01 X14.8740Y7.2240
G01 X14.8657Y7.2354
G01 X14.8354Y7.2704
G01 X14.7943Y7.3055
G01 X14.7555Y7.3295
G01 X14.7440Y7.3355
G01 X14.7067Y7.3509
G01 X14.6933Y7.3553
G01 X14.6551Y7.3644
G01 X14.6412Y7.3666
G01 X14.6021Y7.3697
G01 X14.5600Y7.3700
G01 X14.5600Y11.6800
G01 X14.6021Y11.6803
G01 X14.6412Y11.6834
G01 X14.6551Y11.6856
G01 X14.7003Y11.6967
G01 X14.7440Y11.7145
G01 X14.7555Y11.7205
G01 X14.7948Y11.7449
G01 X14.8302Y11.7748
G01 X14.8402Y11.7848
G01 X14.8705Y11.8207
G01 X14.8945Y11.8595
G01 X14.9005Y11.8711
G01 X14.9184Y11.9149
G01 X14.9294Y11.9599
G01 X14.9316Y11.9738
G01 X14.9350Y12.0200
G01 X14.9350Y12.9450
G01 X14.9307Y12.9991
G01 X14.9183Y13.0503
G01 X14.9005Y13.0939
G01 X14.8959Y13.1032
G01 X14.8701Y13.1448
G01 X14.8402Y13.1802
G01 X14.8302Y13.1902
G01 X14.8004Y13.2157
G01 X14.7890Y13.2240
G01 X14.7532Y13.2459
G01 X14.7440Y13.2505
G01 X14.7067Y13.2659
G01 X14.6933Y13.2703
G01 X14.6482Y13.2808
G01 X14.5950Y13.2850
G01 X13.3450Y13.2850
G01 X13.2909Y13.2807
G01 X13.2397Y13.2683
G01 X13.1960Y13.2505
G01 X13.1868Y13.2459
G01 X13.1452Y13.2201
G01 X13.1098Y13.1902
G01 X13.0998Y13.1802
G01 X13.0743Y13.1504
G01 X13.0660Y13.1390
G01 X13.0441Y13.1032
G01 X13.0395Y13.0940
G01 X13.0241Y13.0567
G01 X13.0197Y13.0433
G01 X13.0092Y12.9982
G01 X13.0050Y12.9450
G01 X13.0050Y12.0200
G01 X13.0093Y11.9659
G01 X13.0197Y11.9217
G01 X13.0241Y11.9083
G01 X13.0395Y11.8710
G01 X13.0455Y11.8595
G01 X13.0699Y11.8202
G01 X13.1046Y11.7796
G01 X13.1457Y11.7445
G01 X13.1845Y11.7205
G01 X13.1960Y11.7145
G01 X13.2333Y11.6991
G01 X13.2467Y11.6947
G01 X13.2849Y11.6856
G01 X13.2988Y11.6834
G01 X13.3379Y11.6803
G01 X13.3800Y11.6800
G01 X13.3800Y7.3700
G01 X13.3379Y7.3697
G01 X13.2988Y7.3666
G01 X13.2849Y7.3644
G01 X13.2397Y7.3533
G01 X13.1960Y7.3355
G01 X13.1868Y7.3309
G01 X13.1510Y7.3090
G01 X13.1396Y7.3007
G01 X13.1046Y7.2704
G01 X13.0743Y7.2354
G01 X13.0660Y7.2240
G01 X13.0441Y7.1882
G01 X13.0395Y7.1789
G01 X13.0216Y7.1351
G01 X13.0106Y7.0901
G01 X13.0084Y7.0762
G00 Z3.0000
G00 X24.2400Y5.1942
G01 Z-0.2000
G01 X24.2400Y4.9658
G01 X24.2846Y4.7416
G01 X24.3720Y4.5305
G01 X24.4990Y4.3405
G01 X24.6605Y4.1790
G01 X24.8505Y4.0520
G01 X25.0616Y3.9646
G01 X25.2858Y3.9200
G01 X25.5142Y3.9200
G01 X25.7384Y3.9646
G01 X25.9495Y4.0520
G01 X26.1395Y4.1790
G01 X26.3010Y4.3405
G01 X26.4280Y4.5305
G01 X26.5154Y4.7416
G01 X26.5600Y4.9658
G01 X26.5600Y5.1942
G01 X26.5154Y5.4184
G01 X26.4280Y5.6295
G01 X26.3010Y5.8195
G01 X26.1395Y5.9810
G01 X25.9495Y6.1080
G01 X25.7384Y6.1954
G01 X25.5142Y6.2400
G01 X25.2858Y6.2400
G01 X25.0616Y6.1954
G01 X24.8505Y6.1080
G01 X24.6605Y5.9810
G01 X24.4990Y5.8195
G01 X24.3720Y5.6295
G01 X24.2846Y5.4184
G01 X24.2400Y5.1942
G00 Z3.0000
G00 X26.4899Y5.0844
G01 Z-0.2000
G01 X26.4847Y5.1870
G01 X26.4686Y5.2946
G01 X26.4431Y5.3961
G01 X26.4061Y5.4992
G01 X26.3624Y5.5916
G01 X26.3064Y5.6855
G01 X26.2413Y5.7730
G01 X26.1707Y5.8507
G01 X26.0930Y5.9213
G01 X26.0055Y5.9864
G01 X25.9116Y6.0424
G01 X25.8192Y6.0861
G01 X25.7161Y6.1231
G01 X25.6146Y6.1486
G01 X25.5070Y6.1647
G01 X25.4000Y6.1700
G01 X25.2930Y6.1647
G01 X25.1854Y6.1486
G01 X25.0839Y6.1231
G01 X24.9808Y6.0861
G01 X24.8884Y6.0424
G01 X24.7945Y5.9864
G01 X24.7070Y5.9213
G01 X24.6293Y5.8507
G01 X24.5587Y5.7730
G01 X24.4936Y5.6855
G01 X24.4376Y5.5916
G01 X24.3939Y5.4992
G01 X24.3569Y5.3961
G01 X24.3314Y5.2946
G01 X24.3153Y5.1870
G01 X24.3100Y5.0800
G01 X24.3153Y4.9730
G01 X24.3314Y4.8654
G01 X24.3569Y4.7639
G01 X24.3939Y4.6608
G01 X24.4376Y4.5684
G01 X24.4936Y4.4745
G01 X24.5587Y4.3870
G01 X24.6293Y4.3093
G01 X24.7070Y4.2387
G01 X24.7945Y4.1736
G01 X24.8884Y4.1176
G01 X24.9808Y4.0739
G01 X25.0839Y4.0369
G01 X25.1854Y4.0114
G01 X25.2930Y3.9953
G01 X25.4000Y3.9900
G01 X25.5070Y3.9953
G01 X25.6146Y4.0114
G01 X25.7161Y4.0369
G01 X25.8192Y4.0739
G01 X25.9116Y4.1176
G01 X26.0055Y4.1736
G01 X26.0930Y4.2387
G01 X26.1707Y4.3093
G01 X26.2413Y4.3870
G01 X26.3064Y4.4745
G01 X26.3624Y4.5684
G01 X26.4061Y4.6608
G01 X26.4431Y4.7639
G01 X26.4686Y4.8654
G01 X26.4847Y4.9730
G01 X26.4899Y5.0844
G00 Z3.0000
G00 X27.9000Y3.0000
G01 Z-0.2000
G01 X27.9000Y0.1000
G01 X25.0000Y0.1000
G00 Z3.0000
G00 X20.8806Y16.3847
G01 Z-0.2000
G01 X20.8773Y16.3589
G01 X20.8733Y16.3394
G01 X20.8958Y16.3444
G01 X20.9100Y16.3461
G01 X20.9100Y16.3553
G01 X20.8806Y16.3847
G00 Z3.0000
G00 X20.5293Y20.4194
G01 Z-0.2000
G01 X24.6982Y16.2504
G01 X24.6697Y16.2433
G01 X24.6260Y16.2255
G01 X24.6169Y16.2209
G01 X24.5752Y16.1951
G01 X24.5398Y16.1652
G01 X24.5298Y16.1552
G01 X24.4995Y16.1193
G01 X24.4755Y16.0805
G01 X24.4695Y16.0690
G01 X24.4516Y16.0251
G01 X24.4406Y15.9801
G01 X24.4384Y15.9662
G01 X24.4350Y15.9200
G01 X24.4350Y14.9950
G01 X24.4384Y14.9488
G01 X24.4406Y14.9349
G01 X24.4517Y14.8897
G01 X24.4695Y14.8460
G01 X24.4755Y14.8345
G01 X24.4999Y14.7952
G01 X24.5346Y14.7546
G01 X24.5696Y14.7243
G01 X24.5810Y14.7160
G01 X24.6169Y14.6941
G01 X24.6260Y14.6895
G01 X24.6633Y14.6741
G01 X24.6767Y14.6697
G01 X24.7218Y14.6592
G01 X24.7750Y14.6550
G01 X26.0321Y14.6553
G01 X26.0791Y14.6593
G01 X26.1233Y14.6697
G01 X26.1367Y14.6741
G01 X26.1740Y14.6895
G01 X26.1855Y14.6955
G01 X26.2248Y14.7199
G01 X26.2654Y14.7546
G01 X26.3005Y14.7957
G01 X26.3245Y14.8345
G01 X26.3305Y14.8461
G01 X26.3459Y14.8833
G01 X26.3503Y14.8967
G01 X26.3608Y14.9418
G01 X26.3647Y14.9879
G01 X26.3650Y15.9200
G01 X26.3607Y15.9741
G01 X26.3503Y16.0183
G01 X26.3459Y16.0317
G01 X26.3305Y16.0690
G01 X26.3259Y16.0781
G01 X26.3040Y16.1140
G01 X26.2957Y16.1254
G01 X26.2654Y16.1604
G01 X26.2243Y16.1955
G01 X26.1855Y16.2195
G01 X26.1740Y16.2255
G01 X26.1367Y16.2409
G01 X26.1233Y16.2453
G01 X26.0851Y16.2544
G01 X26.0712Y16.2566
G01 X26.0321Y16.2597
G01 X25.9900Y16.2600
G01 X25.9900Y16.3830
G01 X25.9871Y16.4410
G01 X25.9782Y16.5001
G01 X25.9658Y16.5500
G01 X25.9442Y16.6109
G01 X25.9215Y16.6589
G01 X25.8906Y16.7107
G01 X25.8588Y16.7538
G01 X25.8172Y16.8002
G01 X21.4362Y21.1812
G01 X21.4588Y21.2448
G01 X21.4867Y21.3559
G01 X21.5043Y21.4732
G01 X21.5100Y21.5900
G01 X21.5046Y21.7022
G01 X21.4867Y21.8241
G01 X21.4574Y21.9396
G01 X21.4185Y22.0475
G01 X21.3706Y22.1488
G01 X21.3069Y22.2547
G01 X21.2386Y22.3464
G01 X21.1615Y22.4315
G01 X21.0714Y22.5126
G01 X20.9811Y22.5795
G01 X20.8848Y22.6373
G01 X20.7775Y22.6885
G01 X20.6652Y22.7288
G01 X20.5478Y22.7579
G01 X20.4368Y22.7743
G01 X20.3244Y22.7799
G01 X20.2032Y22.7743
G01 X20.0859Y22.7567
G01 X19.9748Y22.7288
G01 X19.8625Y22.6885
G01 X19.7612Y22.6406
G01 X19.6589Y22.5795
G01 X19.5636Y22.5086
G01 X19.4785Y22.4315
G01 X19.4014Y22.3464
G01 X19.3305Y22.2511
G01 X19.2694Y22.1488
G01 X19.2215Y22.0475
G01 X19.1812Y21.9352
G01 X19.1533Y21.8241
G01 X19.1357Y21.7068
G01 X19.1300Y21.5900
G01 X19.1357Y21.4732
G01 X19.1533Y21.3559
G01 X19.1812Y21.2448
G01 X19.2215Y21.1325
G01 X19.2694Y21.0312
G01 X19.3305Y20.9289
G01 X19.4014Y20.8336
G01 X19.4785Y20.7485
G01 X19.5636Y20.6714
G01 X19.6589Y20.6005
G01 X19.7612Y20.5394
G01 X19.8625Y20.4915
G01 X19.9748Y20.4512
G01 X20.0859Y20.4233
G01 X20.2032Y20.4057
G01 X20.3200Y20.4000
G01 X20.4368Y20.4057
G01 X20.5293Y20.4194
G00 Z3.0000
G00 X18.9723Y21.1267
G01 Z-0.2000
G01 X18.9856Y21.1300
G01 X19.0108Y21.1342
G01 X19.0284Y21.1359
G01 X19.0500Y21.1368
G01 X19.0716Y21.1359
G01 X19.0892Y21.1342
G01 X19.1144Y21.1300
G01 X19.1277Y21.1267
G01 X19.0950Y21.2190
G01 X19.0665Y21.3317
G01 X19.0631Y21.3490
G01 X19.0500Y21.4372
G01 X19.0369Y21.3490
G01 X19.0335Y21.3317
G01 X19.0050Y21.2190
G01 X18.9723Y21.1267
G00 Z3.0000
G00 X19.1277Y22.0533
G01 Z-0.2000
G01 X19.1144Y22.0500
G01 X19.0892Y22.0458
G01 X19.0716Y22.0441
G01 X19.0500Y22.0432
G01 X19.0284Y22.0441
G01 X19.0108Y22.0458
G01 X18.9856Y22.0500
G01 X18.9723Y22.0533
G01 X19.0050Y21.9610
G01 X19.0335Y21.8483
G01 X19.0369Y21.8310
G01 X19.0500Y21.7428
G01 X19.0631Y21.8310
G01 X19.0665Y21.8483
G01 X19.0950Y21.9610
G01 X19.1277Y22.0533
G00 Z3.0000
G00 X17.1900Y20.5578
G01 Z-0.2000
G01 X17.1900Y20.4470
G01 X17.1929Y20.3890
G01 X17.2018Y20.3299
G01 X17.2153Y20.2760
G01 X17.2358Y20.2191
G01 X17.2618Y20.1650
G01 X17.2894Y20.1193
G01 X17.3212Y20.0762
G01 X17.3598Y20.0330
G01 X21.0000Y16.3926
G01 X21.0000Y16.2600
G01 X20.9579Y16.2597
G01 X20.9188Y16.2566
G01 X20.9049Y16.2544
G01 X20.8667Y16.2453
G01 X20.8533Y16.2409
G01 X20.8160Y16.2255
G01 X20.8045Y16.2195
G01 X20.7652Y16.1951
G01 X20.7246Y16.1604
G01 X20.6943Y16.1254
G01 X20.6860Y16.1140
G01 X20.6641Y16.0781
G01 X20.6595Y16.0690
G01 X20.6441Y16.0317
G01 X20.6397Y16.0183
G01 X20.6292Y15.9732
G01 X20.6250Y15.9200
G01 X20.6253Y14.9879
G01 X20.6293Y14.9409
G01 X20.6397Y14.8967
G01 X20.6441Y14.8833
G01 X20.6595Y14.8460
G01 X20.6641Y14.8368
G01 X20.6860Y14.8010
G01 X20.6943Y14.7896
G01 X20.7198Y14.7598
G01 X20.7298Y14.7498
G01 X20.7657Y14.7195
G01 X20.8045Y14.6955
G01 X20.8160Y14.6895
G01 X20.8599Y14.6716
G01 X20.9049Y14.6606
G01 X20.9188Y14.6584
G01 X20.9650Y14.6550
G01 X22.2221Y14.6553
G01 X22.2691Y14.6593
G01 X22.3133Y14.6697
G01 X22.3267Y14.6741
G01 X22.3640Y14.6895
G01 X22.3732Y14.6941
G01 X22.4090Y14.7160
G01 X22.4204Y14.7243
G01 X22.4502Y14.7498
G01 X22.4602Y14.7598
G01 X22.4905Y14.7957
G01 X22.5159Y14.8368
G01 X22.5205Y14.8460
G01 X22.5384Y14.8899
G01 X22.5494Y14.9349
G01 X22.5516Y14.9488
G01 X22.5550Y14.9950
G01 X22.5550Y15.9200
G01 X22.5507Y15.9741
G01 X22.5403Y16.0183
G01 X22.5359Y16.0317
G01 X22.5205Y16.0690
G01 X22.5159Y16.0781
G01 X22.4940Y16.1140
G01 X22.4857Y16.1254
G01 X22.4554Y16.1604
G01 X22.4143Y16.1955
G01 X22.3755Y16.2195
G01 X22.3640Y16.2255
G01 X22.3267Y16.2409
G01 X22.3133Y16.2453
G01 X22.2751Y16.2544
G01 X22.2612Y16.2566
G01 X22.2221Y16.2597
G01 X22.1800Y16.2600
G01 X22.1800Y16.6370
G01 X22.1766Y16.6992
G01 X22.1682Y16.7541
G01 X22.1558Y16.8040
G01 X22.1367Y16.8587
G01 X22.1115Y16.9129
G01 X22.0806Y16.9647
G01 X22.0448Y17.0128
G01 X22.0072Y17.0542
G01 X18.4525Y20.6089
G01 X18.5364Y20.6714
G01 X18.6183Y20.7455
G01 X18.6986Y20.8336
G01 X18.7718Y20.9326
G01 X18.8306Y21.0312
G01 X18.8776Y21.1306
G01 X18.9188Y21.2448
G01 X18.9479Y21.3622
G01 X18.9643Y21.4732
G01 X18.9699Y21.5856
G01 X18.9646Y21.7022
G01 X18.9467Y21.8241
G01 X18.9174Y21.9396
G01 X18.8785Y22.0475
G01 X18.8315Y22.1470
G01 X18.7695Y22.2511
G01 X18.6986Y22.3464
G01 X18.6183Y22.4345
G01 X18.5314Y22.5126
G01 X18.4411Y22.5795
G01 X18.3448Y22.6373
G01 X18.2375Y22.6885
G01 X18.1252Y22.7288
G01 X18.0141Y22.7567
G01 X17.8968Y22.7743
G01 X17.7800Y22.7800
G01 X17.6632Y22.7743
G01 X17.5459Y22.7567
G01 X17.4348Y22.7288
G01 X17.3225Y22.6885
G01 X17.2212Y22.6406
G01 X17.1189Y22.5795
G01 X17.0236Y22.5086
G01 X16.9385Y22.4315
G01 X16.8614Y22.3464
G01 X16.7905Y22.2511
G01 X16.7327Y22.1548
G01 X16.6815Y22.0475
G01 X16.6412Y21.9352
G01 X16.6133Y21.8241
G01 X16.5957Y21.7068
G01 X16.5900Y21.5900
G01 X16.5957Y21.4732
G01 X16.6133Y21.3559
G01 X16.6412Y21.2448
G01 X16.6815Y21.1325
G01 X16.7294Y21.0312
G01 X16.7905Y20.9289
G01 X16.8614Y20.8336
G01 X16.9385Y20.7485
G01 X17.0236Y20.6714
G01 X17.1189Y20.6005
G01 X17.1900Y20.5578
G00 Z3.0000
G00 X16.4323Y21.1267
G01 Z-0.2000
G01 X16.4456Y21.1300
G01 X16.4708Y21.1342
G01 X16.4884Y21.1359
G01 X16.5100Y21.1368
G01 X16.5316Y21.1359
G01 X16.5492Y21.1342
G01 X16.5744Y21.1300
G01 X16.5877Y21.1267
G01 X16.5550Y21.2190
G01 X16.5265Y21.3317
G01 X16.5231Y21.3490
G01 X16.5100Y21.4372
G01 X16.4969Y21.3490
G01 X16.4935Y21.3317
G01 X16.4650Y21.2190
G01 X16.4323Y21.1267
G00 Z3.0000
G00 X16.5877Y22.0533
G01 Z-0.2000
G01 X16.5744Y22.0500
G01 X16.5492Y22.0458
G01 X16.5316Y22.0441
G01 X16.5100Y22.0432
G01 X16.4884Y22.0441
G01 X16.4708Y22.0458
G01 X16.4456Y22.0500
G01 X16.4323Y22.0533
G01 X16.4650Y21.9610
G01 X16.4935Y21.8483
G01 X16.4969Y21.8310
G01 X16.5100Y21.7428
G01 X16.5231Y21.8310
G01 X16.5265Y21.8483
G01 X16.5550Y21.9610
G01 X16.5877Y22.0533
G00 Z3.0000
G00 X14.7770Y20.4941
G01 Z-0.2000
G01 X14.7770Y19.4310
G01 X14.7795Y19.3776
G01 X14.7888Y19.3139
G01 X14.8038Y19.2555
G01 X14.8228Y19.2031
G01 X14.8447Y19.1568
G01 X14.8764Y19.1033
G01 X14.9122Y19.0552
G01 X14.9498Y19.0138
G01 X17.1900Y16.7736
G01 X17.1900Y16.2600
G01 X17.1479Y16.2597
G01 X17.1088Y16.2566
G01 X17.0949Y16.2544
G01 X17.0567Y16.2453
G01 X17.0433Y16.2409
G01 X17.0060Y16.2255
G01 X16.9945Y16.2195
G01 X16.9552Y16.1951
G01 X16.9146Y16.1604
G01 X16.8843Y16.1254
G01 X16.8760Y16.1140
G01 X16.8541Y16.0781
G01 X16.8495Y16.0690
G01 X16.8341Y16.0317
G01 X16.8297Y16.0183
G01 X16.8192Y15.9732
G01 X16.8150Y15.9200
G01 X16.8153Y14.9879
G01 X16.8193Y14.9409
G01 X16.8317Y14.8897
G01 X16.8495Y14.8461
G01 X16.8541Y14.8368
G01 X16.8760Y14.8010
G01 X16.8843Y14.7896
G01 X16.9098Y14.7598
G01 X16.9198Y14.7498
G01 X16.9557Y14.7195
G01 X16.9968Y14.6941
G01 X17.0060Y14.6895
G01 X17.0433Y14.6741
G01 X17.0567Y14.6697
G01 X17.1018Y14.6592
G01 X17.1479Y14.6553
G01 X18.4121Y14.6553
G01 X18.4591Y14.6593
G01 X18.5103Y14.6717
G01 X18.5540Y14.6895
G01 X18.5631Y14.6941
G01 X18.5990Y14.7160
G01 X18.6104Y14.7243
G01 X18.6454Y14.7546
G01 X18.6757Y14.7896
G01 X18.6840Y14.8010
G01 X18.7059Y14.8368
G01 X18.7105Y14.8460
G01 X18.7259Y14.8833
G01 X18.7303Y14.8967
G01 X18.7394Y14.9349
G01 X18.7416Y14.9488
G01 X18.7450Y14.9950
G01 X18.7450Y15.9200
G01 X18.7416Y15.9662
G01 X18.7394Y15.9801
G01 X18.7283Y16.0253
G01 X18.7105Y16.0690
G01 X18.7059Y16.0781
G01 X18.6840Y16.1140
G01 X18.6757Y16.1254
G01 X18.6454Y16.1604
G01 X18.6104Y16.1907
G01 X18.5990Y16.1990
G01 X18.5631Y16.2209
G01 X18.5540Y16.2255
G01 X18.5101Y16.2434
G01 X18.4582Y16.2558
G01 X18.4121Y16.2597
G01 X18.3700Y16.2600
G01 X18.3700Y17.0180
G01 X18.3675Y17.0714
G01 X18.3582Y17.1351
G01 X18.3447Y17.1890
G01 X18.3242Y17.2459
G01 X18.3015Y17.2939
G01 X18.2680Y17.3494
G01 X18.2348Y17.3938
G01 X18.1972Y17.4352
G01 X15.9570Y19.6754
G01 X15.9570Y20.6419
G01 X15.9964Y20.6714
G01 X16.0815Y20.7485
G01 X16.1626Y20.8386
G01 X16.2295Y20.9289
G01 X16.2873Y21.0252
G01 X16.3385Y21.1325
G01 X16.3788Y21.2448
G01 X16.4079Y21.3622
G01 X16.4243Y21.4732
G01 X16.4299Y21.5856
G01 X16.4243Y21.7068
G01 X16.4062Y21.8265
G01 X16.3788Y21.9352
G01 X16.3410Y22.0413
G01 X16.2906Y22.1488
G01 X16.2269Y22.2547
G01 X16.1586Y22.3464
G01 X16.0845Y22.4283
G01 X15.9964Y22.5086
G01 X15.8974Y22.5818
G01 X15.7988Y22.6406
G01 X15.6975Y22.6885
G01 X15.5852Y22.7288
G01 X15.4741Y22.7567
G01 X15.3568Y22.7743
G01 X15.2400Y22.7800
G01 X15.1232Y22.7743
G01 X15.0059Y22.7567
G01 X14.8948Y22.7288
G01 X14.7825Y22.6885
G01 X14.6812Y22.6406
G01 X14.5789Y22.5795
G01 X14.4836Y22.5086
G01 X14.3985Y22.4315
G01 X14.3214Y22.3464
G01 X14.2505Y22.2511
G01 X14.1894Y22.1488
G01 X14.1415Y22.0475
G01 X14.1012Y21.9352
G01 X14.0733Y21.8241
G01 X14.0557Y21.7068
G01 X14.0500Y21.5900
G01 X14.0557Y21.4732
G01 X14.0733Y21.3559
G01 X14.1012Y21.2448
G01 X14.1415Y21.1325
G01 X14.1894Y21.0312
G01 X14.2505Y20.9289
G01 X14.3214Y20.8336
G01 X14.3985Y20.7485
G01 X14.4836Y20.6714
G01 X14.5789Y20.6005
G01 X14.6812Y20.5394
G01 X14.7770Y20.4941
G00 Z3.0000
G00 X13.8923Y21.1267
G01 Z-0.2000
G01 X13.9056Y21.1300
G01 X13.9308Y21.1342
G01 X13.9484Y21.1359
G01 X13.9700Y21.1368
G01 X13.9916Y21.1359
G01 X14.0092Y21.1342
G01 X14.0344Y21.1300
G01 X14.0477Y21.1267
G01 X14.0150Y21.2190
G01 X13.9865Y21.3317
G01 X13.9831Y21.3490
G01 X13.9700Y21.4372
G01 X13.9569Y21.3490
G01 X13.9535Y21.3317
G01 X13.9250Y21.2190
G01 X13.8923Y21.1267
G00 Z3.0000
G00 X14.0477Y22.0533
G01 Z-0.2000
G01 X14.0344Y22.0500
G01 X14.0092Y22.0458
G01 X13.9916Y22.0441
G01 X13.9700Y22.0432
G01 X13.9484Y22.0441
G01 X13.9308Y22.0458
G01 X13.9056Y22.0500
G01 X13.8923Y22.0533
G01 X13.9250Y21.9610
G01 X13.9535Y21.8483
G01 X13.9569Y21.8310
G01 X13.9700Y21.7428
G01 X13.9831Y21.8310
G01 X13.9865Y21.8483
G01 X14.0150Y21.9610
G01 X14.0477Y22.0533
G00 Z3.0000
G00 X12.1100Y20.5578
G01 Z-0.2000
G01 X12.1100Y18.4150
G01 X12.1129Y18.3570
G01 X12.1206Y18.3042
G01 X12.1368Y18.2395
G01 X12.1567Y18.1852
G01 X12.1785Y18.1391
G01 X12.2071Y18.0909
G01 X12.2452Y18.0392
G01 X12.2798Y18.0010
G01 X13.3800Y16.9006
G01 X13.3800Y16.2600
G01 X13.3379Y16.2597
G01 X13.2988Y16.2566
G01 X13.2849Y16.2544
G01 X13.2467Y16.2453
G01 X13.2333Y16.2409
G01 X13.1961Y16.2255
G01 X13.1845Y16.2195
G01 X13.1452Y16.1951
G01 X13.1046Y16.1604
G01 X13.0743Y16.1254
G01 X13.0660Y16.1140
G01 X13.0441Y16.0781
G01 X13.0395Y16.0690
G01 X13.0241Y16.0317
G01 X13.0197Y16.0183
G01 X13.0092Y15.9732
G01 X13.0050Y15.9200
G01 X13.0050Y14.9950
G01 X13.0084Y14.9488
G01 X13.0106Y14.9349
G01 X13.0217Y14.8897
G01 X13.0395Y14.8460
G01 X13.0441Y14.8368
G01 X13.0660Y14.8010
G01 X13.0743Y14.7896
G01 X13.1046Y14.7546
G01 X13.1457Y14.7195
G01 X13.1868Y14.6941
G01 X13.1960Y14.6895
G01 X13.2333Y14.6741
G01 X13.2467Y14.6697
G01 X13.2849Y14.6606
G01 X13.2988Y14.6584
G01 X13.3450Y14.6550
G01 X14.5950Y14.6550
G01 X14.6412Y14.6584
G01 X14.6551Y14.6606
G01 X14.7003Y14.6717
G01 X14.7440Y14.6895
G01 X14.7532Y14.6941
G01 X14.7890Y14.7160
G01 X14.8004Y14.7243
G01 X14.8354Y14.7546
G01 X14.8705Y14.7957
G01 X14.8959Y14.8368
G01 X14.9005Y14.8461
G01 X14.9159Y14.8833
G01 X14.9203Y14.8967
G01 X14.9308Y14.9418
G01 X14.9350Y14.9950
G01 X14.9350Y15.9200
G01 X14.9316Y15.9662
G01 X14.9294Y15.9801
G01 X14.9183Y16.0253
G01 X14.9005Y16.0689
G01 X14.8959Y16.0782
G01 X14.8740Y16.1140
G01 X14.8657Y16.1254
G01 X14.8354Y16.1604
G01 X14.8004Y16.1907
G01 X14.7890Y16.1990
G01 X14.7532Y16.2209
G01 X14.7439Y16.2255
G01 X14.7001Y16.2434
G01 X14.6482Y16.2558
G01 X14.6021Y16.2597
G01 X14.5600Y16.2600
G01 X14.5599Y17.1494
G01 X14.5571Y17.2030
G01 X14.5482Y17.2621
G01 X14.5347Y17.3160
G01 X14.5167Y17.3667
G01 X14.4915Y17.4209
G01 X14.4606Y17.4727
G01 X14.4248Y17.5208
G01 X14.3902Y17.5590
G01 X13.2900Y18.6594
G01 X13.2900Y20.5578
G01 X13.3611Y20.6005
G01 X13.4514Y20.6674
G01 X13.5415Y20.7485
G01 X13.6226Y20.8386
G01 X13.6895Y20.9289
G01 X13.7473Y21.0252
G01 X13.7985Y21.1325
G01 X13.8399Y21.2488
G01 X13.8667Y21.3559
G01 X13.8837Y21.4690
G01 X13.8900Y21.5900
G01 X13.8837Y21.7110
G01 X13.8667Y21.8241
G01 X13.8399Y21.9312
G01 X13.7985Y22.0475
G01 X13.7473Y22.1548
G01 X13.6895Y22.2511
G01 X13.6226Y22.3414
G01 X13.5415Y22.4315
G01 X13.4514Y22.5126
G01 X13.3611Y22.5795
G01 X13.2648Y22.6373
G01 X13.1575Y22.6885
G01 X13.0452Y22.7288
G01 X12.9341Y22.7567
G01 X12.8168Y22.7743
G01 X12.7000Y22.7800
G01 X12.5832Y22.7743
G01 X12.4659Y22.7567
G01 X12.3548Y22.7288
G01 X12.2425Y22.6885
G01 X12.1412Y22.6406
G01 X12.0389Y22.5795
G01 X11.9436Y22.5086
G01 X11.8585Y22.4315
G01 X11.7814Y22.3464
G01 X11.7105Y22.2511
G01 X11.6527Y22.1548
G01 X11.6015Y22.0475
G01 X11.5612Y21.9352
G01 X11.5333Y21.8241
G01 X11.5157Y21.7068
G01 X11.5100Y21.5900
G01 X11.5157Y21.4732
G01 X11.5333Y21.3559
G01 X11.5612Y21.2448
G01 X11.6015Y21.1325
G01 X11.6494Y21.0312
G01 X11.7105Y20.9289
G01 X11.7814Y20.8336
G01 X11.8585Y20.7485
G01 X11.9436Y20.6714
G01 X12.0389Y20.6005
G01 X12.1100Y20.5578
G00 Z3.0000
G00 X11.3523Y21.1267
G01 Z-0.2000
G01 X11.3656Y21.1300
G01 X11.3908Y21.1342
G01 X11.4084Y21.1359
G01 X11.4300Y21.1368
G01 X11.4516Y21.1359
G01 X11.4692Y21.1342
G01 X11.4944Y21.1300
G01 X11.5077Y21.1267
G01 X11.4750Y21.2190
G01 X11.4465Y21.3317
G01 X11.4431Y21.3490
G01 X11.4300Y21.4372
G01 X11.4169Y21.3490
G01 X11.4135Y21.3317
G01 X11.3850Y21.2190
G01 X11.3523Y21.1267
G00 Z3.0000
G00 X11.5077Y22.0533
G01 Z-0.2000
G01 X11.4944Y22.0500
G01 X11.4692Y22.0458
G01 X11.4516Y22.0441
G01 X11.4300Y22.0432
G01 X11.4084Y22.0441
G01 X11.3908Y22.0458
G01 X11.3656Y22.0500
G01 X11.3523Y22.0533
G01 X11.3850Y21.9610
G01 X11.4135Y21.8483
G01 X11.4169Y21.8310
G01 X11.4300Y21.7428
G01 X11.4431Y21.8310
G01 X11.4465Y21.8483
G01 X11.4750Y21.9610
G01 X11.5077Y22.0533
G00 Z3.0000
G00 X8.9677Y22.0533
G01 Z-0.2000
G01 X8.9544Y22.0500
G01 X8.9292Y22.0458
G01 X8.9116Y22.0441
G01 X8.8900Y22.0432
G01 X8.8684Y22.0441
G01 X8.8508Y22.0458
G01 X8.8256Y22.0500
G01 X8.8123Y22.0533
G01 X8.8450Y21.9610
G01 X8.8735Y21.8483
G01 X8.8769Y21.8310
G01 X8.8900Y21.7428
G01 X8.9031Y21.8310
G01 X8.9065Y21.8483
G01 X8.9350Y21.9610
G01 X8.9677Y22.0533
G00 Z3.0000
G00 X8.8123Y21.1267
G01 Z-0.2000
G01 X8.8256Y21.1300
G01 X8.8508Y21.1342
G01 X8.8684Y21.1359
G01 X8.8900Y21.1368
G01 X8.9116Y21.1359
G01 X8.9292Y21.1342
G01 X8.9544Y21.1300
G01 X8.9677Y21.1267
G01 X8.9350Y21.2190
G01 X8.9065Y21.3317
G01 X8.9031Y21.3490
G01 X8.8900Y21.4372
G01 X8.8769Y21.3490
G01 X8.8735Y21.3317
G01 X8.8450Y21.2190
G01 X8.8123Y21.1267
G00 Z3.0000
G00 X6.3500Y21.4372
G01 Z-0.2000
G01 X6.3369Y21.3490
G01 X6.3335Y21.3317
G01 X6.3050Y21.2190
G01 X6.2723Y21.1267
G01 X6.2856Y21.1300
G01 X6.3108Y21.1342
G01 X6.3284Y21.1359
G01 X6.3500Y21.1368
G01 X6.3716Y21.1359
G01 X6.3892Y21.1342
G01 X6.4144Y21.1300
G01 X6.4277Y21.1267
G01 X6.3950Y21.2190
G01 X6.3665Y21.3317
G01 X6.3631Y21.3490
G01 X6.3500Y21.4372
G00 Z3.0000
G00 X6.2723Y22.0533
G01 Z-0.2000
G01 X6.3050Y21.9610
G01 X6.3335Y21.8483
G01 X6.3369Y21.8310
G01 X6.3500Y21.7428
G01 X6.3631Y21.8310
G01 X6.3665Y21.8483
G01 X6.3950Y21.9610
G01 X6.4277Y22.0533
G01 X6.4144Y22.0500
G01 X6.3892Y22.0458
G01 X6.3716Y22.0441
G01 X6.3500Y22.0432
G01 X6.3284Y22.0441
G01 X6.3108Y22.0458
G01 X6.2856Y22.0500
G01 X6.2723Y22.0533
G00 Z3.0000
G00 X3.6299Y25.4044
G01 Z-0.2000
G01 X3.6247Y25.5070
G01 X3.6086Y25.6146
G01 X3.5831Y25.7161
G01 X3.5461Y25.8192
G01 X3.5024Y25.9116
G01 X3.4464Y26.0055
G01 X3.3813Y26.0930
G01 X3.3107Y26.1707
G01 X3.2330Y26.2413
G01 X3.1455Y26.3064
G01 X3.0516Y26.3624
G01 X2.9592Y26.4061
G01 X2.8561Y26.4431
G01 X2.7546Y26.4686
G01 X2.6470Y26.4847
G01 X2.5400Y26.4900
G01 X2.4330Y26.4847
G01 X2.3254Y26.4686
G01 X2.2239Y26.4431
G01 X2.1208Y26.4061
G01 X2.0284Y26.3624
G01 X1.9345Y26.3064
G01 X1.8470Y26.2413
G01 X1.7693Y26.1707
G01 X1.6987Y26.0930
G01 X1.6336Y26.0055
G01 X1.5776Y25.9116
G01 X1.5339Y25.8192
G01 X1.4969Y25.7161
G01 X1.4714Y25.6146
G01 X1.4553Y25.5070
G01 X1.4500Y25.4000
G01 X1.4553Y25.2930
G01 X1.4714Y25.1854
G01 X1.4969Y25.0839
G01 X1.5339Y24.9808
G01 X1.5776Y24.8884
G01 X1.6336Y24.7945
G01 X1.6987Y24.7070
G01 X1.7693Y24.6293
G01 X1.8470Y24.5587
G01 X1.9345Y24.4936
G01 X2.0284Y24.4376
G01 X2.1208Y24.3939
G01 X2.2239Y24.3569
G01 X2.3254Y24.3314
G01 X2.4330Y24.3153
G01 X2.5400Y24.3100
G01 X2.6470Y24.3153
G01 X2.7546Y24.3314
G01 X2.8561Y24.3569
G01 X2.9592Y24.3939
G01 X3.0516Y24.4376
G01 X3.1455Y24.4936
G01 X3.2330Y24.5587
G01 X3.3107Y24.6293
G01 X3.3813Y24.7070
G01 X3.4464Y24.7945
G01 X3.5024Y24.8884
G01 X3.5461Y24.9808
G01 X3.5831Y25.0839
G01 X3.6086Y25.1854
G01 X3.6247Y25.2930
G01 X3.6299Y25.4044
G00 Z3.0000
G00 X3.7000Y25.5142
G01 Z-0.2000
G01 X3.6554Y25.7384
G01 X3.5680Y25.9495
G01 X3.4410Y26.1395
G01 X3.2795Y26.3010
G01 X3.0895Y26.4280
G01 X2.8784Y26.5154
G01 X2.6542Y26.5600
G01 X2.4258Y26.5600
G01 X2.2016Y26.5154
G01 X1.9905Y26.4280
G01 X1.8005Y26.3010
G01 X1.6390Y26.1395
G01 X1.5120Y25.9495
G01 X1.4246Y25.7384
G01 X1.3800Y25.5142
G01 X1.3800Y25.2858
G01 X1.4246Y25.0616
G01 X1.5120Y24.8505
G01 X1.6390Y24.6605
G01 X1.8005Y24.4990
G01 X1.9905Y24.3720
G01 X2.2016Y24.2846
G01 X2.4258Y24.2400
G01 X2.6542Y24.2400
G01 X2.8784Y24.2846
G01 X3.0895Y24.3720
G01 X3.2795Y24.4990
G01 X3.4410Y24.6605
G01 X3.5680Y24.8505
G01 X3.6554Y25.0616
G01 X3.7000Y25.2858
G01 X3.7000Y25.5142
G00 Z3.0000
G00 X4.0000Y27.9000
G01 Z-0.2000
G01 X0.1000Y27.9000
G01 X0.1000Y24.0000
G00 Z3.0000
G00 X1.5032Y15.9092
G01 Z-0.2000
G01 X1.5032Y15.0058
G01 X1.5121Y14.9149
G01 X1.5355Y14.8378
G01 X1.5735Y14.7668
G01 X1.6245Y14.7045
G01 X1.6868Y14.6535
G01 X1.7578Y14.6155
G01 X1.8349Y14.5921
G01 X1.9258Y14.5832
G01 X3.1542Y14.5832
G01 X3.2451Y14.5921
G01 X3.3222Y14.6155
G01 X3.3932Y14.6535
G01 X3.4555Y14.7045
G01 X3.5065Y14.7668
G01 X3.5445Y14.8378
G01 X3.5679Y14.9149
G01 X3.5768Y15.0058
G01 X3.5768Y15.9092
G01 X3.5679Y16.0001
G01 X3.5445Y16.0772
G01 X3.5065Y16.1482
G01 X3.4555Y16.2105
G01 X3.3932Y16.2615
G01 X3.3124Y16.3048
G01 X3.2979Y16.3137
G01 X3.2790Y16.3279
G01 X3.2644Y16.3411
G01 X3.2472Y16.3606
G01 X3.2370Y16.3745
G01 X3.2282Y16.3891
G01 X3.2177Y16.4104
G01 X3.2094Y16.4331
G01 X3.2046Y16.4518
G01 X3.2011Y16.4750
G01 X3.2001Y16.4923
G01 X3.2000Y16.7805
G01 X3.2011Y16.8022
G01 X3.2046Y16.8254
G01 X3.2094Y16.8441
G01 X3.2185Y16.8687
G01 X3.2249Y16.8820
G01 X3.2370Y16.9026
G01 X3.2512Y16.9215
G01 X3.2644Y16.9361
G01 X5.6431Y19.3147
G01 X5.6591Y19.3292
G01 X5.6759Y19.3431
G01 X5.7584Y19.4436
G01 X5.8197Y19.5582
G01 X5.8574Y19.6826
G01 X5.8702Y19.8120
G01 X5.8681Y19.8337
G01 X5.8670Y19.8552
G01 X5.8671Y20.5084
G01 X5.8681Y20.5257
G01 X5.8716Y20.5488
G01 X5.8764Y20.5676
G01 X5.8822Y20.5840
G01 X5.8952Y20.6115
G01 X5.9040Y20.6261
G01 X5.9182Y20.6450
G01 X5.9314Y20.6595
G01 X6.0587Y20.7868
G01 X6.1696Y20.9526
G01 X6.1828Y20.9697
G01 X6.1944Y20.9823
G01 X6.2071Y20.9939
G01 X6.2279Y21.0097
G01 X6.2485Y21.0219
G01 X6.2699Y21.0316
G01 X6.2904Y21.0385
G01 X6.3114Y21.0433
G01 X6.3283Y21.0457
G01 X6.3456Y21.0467
G01 X6.3717Y21.0457
G01 X6.3949Y21.0421
G01 X6.4136Y21.0374
G01 X6.4301Y21.0316
G01 X6.4576Y21.0186
G01 X6.4721Y21.0097
G01 X6.4861Y20.9995
G01 X6.5086Y20.9791
G01 X6.5188Y20.9678
G01 X6.5329Y20.9490
G01 X6.6413Y20.7868
G01 X6.8168Y20.6113
G01 X6.8622Y20.5809
G01 X6.8761Y20.5708
G01 X6.8956Y20.5536
G01 X6.9088Y20.5391
G01 X6.9230Y20.5202
G01 X6.9351Y20.4995
G01 X6.9448Y20.4781
G01 X6.9506Y20.4616
G01 X6.9548Y20.4452
G01 X6.9589Y20.4197
G01 X6.9600Y20.3980
G01 X6.9600Y18.7795
G01 X6.9589Y18.7578
G01 X6.9565Y18.7409
G01 X6.9491Y18.7115
G01 X6.9423Y18.6932
G01 X6.9351Y18.6780
G01 X6.9204Y18.6537
G01 X6.9088Y18.6385
G01 X6.8956Y18.6239
G01 X5.9139Y17.6423
G01 X5.8979Y17.6278
G01 X5.8811Y17.6139
G01 X5.7986Y17.5134
G01 X5.7373Y17.3988
G01 X5.6996Y17.2744
G01 X5.6868Y17.1450
G01 X5.6889Y17.1233
G01 X5.6900Y17.1018
G01 X5.6900Y16.4967
G01 X5.6884Y16.4707
G01 X5.6854Y16.4518
G01 X5.6806Y16.4331
G01 X5.6715Y16.4085
G01 X5.6651Y16.3952
G01 X5.6530Y16.3745
G01 X5.6372Y16.3538
G01 X5.6256Y16.3411
G01 X5.6129Y16.3295
G01 X5.5921Y16.3137
G01 X5.5776Y16.3048
G01 X5.4968Y16.2615
G01 X5.4345Y16.2105
G01 X5.3835Y16.1482
G01 X5.3455Y16.0772
G01 X5.3221Y16.0001
G01 X5.3132Y15.9092
G01 X5.3132Y15.0058
G01 X5.3221Y14.9149
G01 X5.3455Y14.8378
G01 X5.3835Y14.7668
G01 X5.4345Y14.7045
G01 X5.4968Y14.6535
G01 X5.5678Y14.6155
G01 X5.6449Y14.5921
G01 X5.7358Y14.5832
G01 X6.9642Y14.5832
G01 X7.0551Y14.5921
G01 X7.1322Y14.6155
G01 X7.2032Y14.6535
G01 X7.2655Y14.7045
G01 X7.3165Y14.7668
G01 X7.3545Y14.8378
G01 X7.3779Y14.9149
G01 X7.3868Y15.0058
G01 X7.3868Y15.9092
G01 X7.3779Y16.0001
G01 X7.3545Y16.0772
G01 X7.3165Y16.1482
G01 X7.2655Y16.2105
G01 X7.2032Y16.2615
G01 X7.1263Y16.3027
G01 X7.1115Y16.3114
G01 X7.0939Y16.3239
G01 X7.0776Y16.3381
G01 X7.0612Y16.3556
G01 X7.0470Y16.3745
G01 X7.0349Y16.3952
G01 X7.0252Y16.4166
G01 X7.0194Y16.4331
G01 X7.0146Y16.4518
G01 X7.0111Y16.4750
G01 X7.0100Y16.4967
G01 X7.0100Y16.7805
G01 X7.0116Y16.8064
G01 X7.0146Y16.8254
G01 X7.0183Y16.8401
G01 X7.0277Y16.8668
G01 X7.0382Y16.8880
G01 X7.0470Y16.9026
G01 X7.0572Y16.9166
G01 X7.0744Y16.9361
G01 X8.0561Y17.9177
G01 X8.0721Y17.9322
G01 X8.0889Y17.9461
G01 X8.1714Y18.0466
G01 X8.2327Y18.1612
G01 X8.2704Y18.2856
G01 X8.2832Y18.4150
G01 X8.2811Y18.4367
G01 X8.2800Y18.4582
G01 X8.2800Y20.3980
G01 X8.2811Y20.4197
G01 X8.2852Y20.4452
G01 X8.2894Y20.4616
G01 X8.2952Y20.4781
G01 X8.3049Y20.4995
G01 X8.3170Y20.5202
G01 X8.3312Y20.5391
G01 X8.3444Y20.5536
G01 X8.3639Y20.5708
G01 X8.3778Y20.5809
G01 X8.4232Y20.6113
G01 X8.5987Y20.7868
G01 X8.7071Y20.9490
G01 X8.7212Y20.9678
G01 X8.7376Y20.9854
G01 X8.7539Y20.9995
G01 X8.7679Y21.0097
G01 X8.7824Y21.0186
G01 X8.8037Y21.0291
G01 X8.8219Y21.0359
G01 X8.8451Y21.0421
G01 X8.8683Y21.0457
G01 X8.8900Y21.0468
G01 X8.9159Y21.0452
G01 X8.9349Y21.0421
G01 X8.9496Y21.0385
G01 X8.9782Y21.0282
G01 X8.9915Y21.0219
G01 X9.0121Y21.0097
G01 X9.0310Y20.9956
G01 X9.0424Y20.9854
G01 X9.0588Y20.9678
G01 X9.0729Y20.9490
G01 X9.1813Y20.7868
G01 X9.3568Y20.6113
G01 X9.4022Y20.5809
G01 X9.4161Y20.5708
G01 X9.4386Y20.5504
G01 X9.4488Y20.5391
G01 X9.4630Y20.5202
G01 X9.4751Y20.4995
G01 X9.4823Y20.4843
G01 X9.4906Y20.4616
G01 X9.4954Y20.4429
G01 X9.4989Y20.4197
G01 X9.4999Y20.4024
G01 X9.5000Y16.4967
G01 X9.4993Y16.4795
G01 X9.4948Y16.4495
G01 X9.4906Y16.4331
G01 X9.4823Y16.4104
G01 X9.4751Y16.3952
G01 X9.4630Y16.3745
G01 X9.4488Y16.3556
G01 X9.4386Y16.3443
G01 X9.4210Y16.3279
G01 X9.3985Y16.3114
G01 X9.3837Y16.3027
G01 X9.3068Y16.2615
G01 X9.2445Y16.2105
G01 X9.1935Y16.1482
G01 X9.1555Y16.0772
G01 X9.1321Y16.0001
G01 X9.1232Y15.9092
G01 X9.1232Y15.0058
G01 X9.1321Y14.9149
G01 X9.1555Y14.8378
G01 X9.1935Y14.7668
G01 X9.2445Y14.7045
G01 X9.3068Y14.6535
G01 X9.3778Y14.6155
G01 X9.4549Y14.5921
G01 X9.5458Y14.5832
G01 X10.0847Y14.5832
G01 X10.1062Y14.5821
G01 X10.1600Y14.5768
G01 X10.2138Y14.5821
G01 X10.2353Y14.5832
G01 X10.7742Y14.5832
G01 X10.8651Y14.5921
G01 X10.9422Y14.6155
G01 X11.0132Y14.6535
G01 X11.0755Y14.7045
G01 X11.1265Y14.7668
G01 X11.1645Y14.8378
G01 X11.1879Y14.9149
G01 X11.1968Y15.0058
G01 X11.1968Y15.9092
G01 X11.1879Y16.0001
G01 X11.1645Y16.0772
G01 X11.1265Y16.1482
G01 X11.0755Y16.2105
G01 X11.0132Y16.2615
G01 X10.9363Y16.3027
G01 X10.9215Y16.3114
G01 X10.8990Y16.3279
G01 X10.8814Y16.3443
G01 X10.8712Y16.3556
G01 X10.8570Y16.3745
G01 X10.8449Y16.3952
G01 X10.8385Y16.4085
G01 X10.8283Y16.4371
G01 X10.8246Y16.4518
G01 X10.8211Y16.4750
G01 X10.8200Y16.4967
G01 X10.8200Y20.3980
G01 X10.8211Y20.4197
G01 X10.8246Y20.4429
G01 X10.8283Y20.4576
G01 X10.8377Y20.4843
G01 X10.8449Y20.4995
G01 X10.8547Y20.5165
G01 X10.8712Y20.5391
G01 X10.8844Y20.5536
G01 X10.9039Y20.5708
G01 X10.9178Y20.5809
G01 X10.9632Y20.6113
G01 X11.1387Y20.7868
G01 X11.2471Y20.9490
G01 X11.2612Y20.9678
G01 X11.2744Y20.9823
G01 X11.2890Y20.9956
G01 X11.3115Y21.0120
G01 X11.3302Y21.0228
G01 X11.3437Y21.0291
G01 X11.3619Y21.0359
G01 X11.3851Y21.0421
G01 X11.4083Y21.0457
G01 X11.4300Y21.0468
G01 X11.4517Y21.0457
G01 X11.4749Y21.0421
G01 X11.4936Y21.0374
G01 X11.5163Y21.0291
G01 X11.5298Y21.0228
G01 X11.5558Y21.0071
G01 X11.5710Y20.9956
G01 X11.5856Y20.9823
G01 X11.5988Y20.9678
G01 X11.6129Y20.9490
G01 X11.7213Y20.7868
G01 X11.8968Y20.6113
G01 X11.9422Y20.5809
G01 X11.9561Y20.5708
G01 X11.9756Y20.5536
G01 X11.9888Y20.5391
G01 X12.0030Y20.5202
G01 X12.0160Y20.4978
G01 X12.0223Y20.4843
G01 X12.0291Y20.4661
G01 X12.0354Y20.4429
G01 X12.0389Y20.4197
G01 X12.0400Y20.3980
G01 X12.0400Y18.4582
G01 X12.0389Y18.4367
G01 X12.0368Y18.4150
G01 X12.0496Y18.2856
G01 X12.0873Y18.1612
G01 X12.1486Y18.0466
G01 X12.2311Y17.9461
G01 X12.2479Y17.9322
G01 X12.2639Y17.9177
G01 X13.2456Y16.9361
G01 X13.2588Y16.9215
G01 X13.2704Y16.9063
G01 X13.2851Y16.8820
G01 X13.2948Y16.8606
G01 X13.3006Y16.8441
G01 X13.3048Y16.8277
G01 X13.3089Y16.8022
G01 X13.3100Y16.7805
G01 X13.3099Y16.4923
G01 X13.3089Y16.4750
G01 X13.3054Y16.4518
G01 X13.3006Y16.4331
G01 X13.2923Y16.4104
G01 X13.2818Y16.3891
G01 X13.2730Y16.3745
G01 X13.2628Y16.3606
G01 X13.2456Y16.3411
G01 X13.2310Y16.3279
G01 X13.2121Y16.3137
G01 X13.1976Y16.3048
G01 X13.1168Y16.2615
G01 X13.0545Y16.2105
G01 X13.0035Y16.1482
G01 X12.9655Y16.0772
G01 X12.9421Y16.0001
G01 X12.9332Y15.9092
G01 X12.9332Y15.0058
G01 X12.9421Y14.9149
G01 X12.9655Y14.8378
G01 X13.0035Y14.7668
G01 X13.0545Y14.7045
G01 X13.1168Y14.6535
G01 X13.1878Y14.6155
G01 X13.2649Y14.5921
G01 X13.3558Y14.5832
G01 X14.5842Y14.5832
G01 X14.6751Y14.5921
G01 X14.7522Y14.6155
G01 X14.8232Y14.6535
G01 X14.8855Y14.7045
G01 X14.9365Y14.7668
G01 X14.9745Y14.8378
G01 X14.9979Y14.9149
G01 X15.0068Y15.0058
G01 X15.0068Y15.9092
G01 X14.9979Y16.0001
G01 X14.9745Y16.0772
G01 X14.9365Y16.1482
G01 X14.8855Y16.2105
G01 X14.8232Y16.2615
G01 X14.7463Y16.3027
G01 X14.7315Y16.3114
G01 X14.7090Y16.3279
G01 X14.6944Y16.3411
G01 X14.6772Y16.3606
G01 X14.6670Y16.3745
G01 X14.6582Y16.3891
G01 X14.6477Y16.4104
G01 X14.6394Y16.4331
G01 X14.6346Y16.4518
G01 X14.6316Y16.4707
G01 X14.6300Y16.4967
G01 X14.6300Y17.1018
G01 X14.6311Y17.1233
G01 X14.6332Y17.1450
G01 X14.6204Y17.2744
G01 X14.5827Y17.3988
G01 X14.5214Y17.5134
G01 X14.4389Y17.6139
G01 X14.4221Y17.6278
G01 X14.4061Y17.6423
G01 X13.4244Y18.6239
G01 X13.4128Y18.6366
G01 X13.3947Y18.6610
G01 X13.3849Y18.6780
G01 X13.3777Y18.6932
G01 X13.3683Y18.7199
G01 X13.3646Y18.7346
G01 X13.3611Y18.7578
G01 X13.3600Y18.7795
G01 X13.3600Y20.3980
G01 X13.3616Y20.4240
G01 X13.3646Y20.4429
G01 X13.3694Y20.4616
G01 X13.3777Y20.4843
G01 X13.3882Y20.5056
G01 X13.3996Y20.5239
G01 X13.4112Y20.5391
G01 X13.4214Y20.5504
G01 X13.4439Y20.5708
G01 X13.4578Y20.5809
G01 X13.5032Y20.6113
G01 X13.6787Y20.7868
G01 X13.7871Y20.9490
G01 X13.8012Y20.9678
G01 X13.8176Y20.9854
G01 X13.8339Y20.9995
G01 X13.8479Y21.0097
G01 X13.8624Y21.0186
G01 X13.8837Y21.0291
G01 X13.9019Y21.0359
G01 X13.9251Y21.0421
G01 X13.9483Y21.0457
G01 X13.9700Y21.0468
G01 X13.9917Y21.0457
G01 X14.0149Y21.0421
G01 X14.0296Y21.0385
G01 X14.0582Y21.0282
G01 X14.0715Y21.0219
G01 X14.0921Y21.0097
G01 X14.1110Y20.9956
G01 X14.1224Y20.9854
G01 X14.1388Y20.9678
G01 X14.1529Y20.9490
G01 X14.2613Y20.7868
G01 X14.4368Y20.6113
G01 X14.6092Y20.4961
G01 X14.6299Y20.4803
G01 X14.6426Y20.4687
G01 X14.6542Y20.4561
G01 X14.6674Y20.4390
G01 X14.6788Y20.4207
G01 X14.6893Y20.3995
G01 X14.6976Y20.3768
G01 X14.7024Y20.3580
G01 X14.7059Y20.3349
G01 X14.7070Y20.3132
G01 X14.7070Y19.4742
G01 X14.7059Y19.4527
G01 X14.7038Y19.4310
G01 X14.7166Y19.3016
G01 X14.7320Y19.2506
G01 X14.7543Y19.1772
G01 X14.8156Y19.0626
G01 X14.8981Y18.9621
G01 X14.9149Y18.9482
G01 X14.9309Y18.9337
G01 X17.0556Y16.8091
G01 X17.0688Y16.7945
G01 X17.0830Y16.7756
G01 X17.0951Y16.7550
G01 X17.1023Y16.7398
G01 X17.1106Y16.7171
G01 X17.1148Y16.7007
G01 X17.1193Y16.6706
G01 X17.1200Y16.6535
G01 X17.1200Y16.4967
G01 X17.1189Y16.4750
G01 X17.1148Y16.4495
G01 X17.1106Y16.4331
G01 X17.1048Y16.4166
G01 X17.0960Y16.3969
G01 X17.0830Y16.3745
G01 X17.0728Y16.3606
G01 X17.0556Y16.3411
G01 X17.0410Y16.3279
G01 X17.0221Y16.3137
G01 X17.0076Y16.3048
G01 X16.9268Y16.2615
G01 X16.8645Y16.2105
G01 X16.8135Y16.1482
G01 X16.7755Y16.0772
G01 X16.7521Y16.0001
G01 X16.7432Y15.9092
G01 X16.7432Y15.0058
G01 X16.7521Y14.9149
G01 X16.7755Y14.8378
G01 X16.8135Y14.7668
G01 X16.8645Y14.7045
G01 X16.9268Y14.6535
G01 X16.9978Y14.6155
G01 X17.0749Y14.5921
G01 X17.1658Y14.5832
G01 X18.3942Y14.5832
G01 X18.4851Y14.5921
G01 X18.5622Y14.6155
G01 X18.6332Y14.6535
G01 X18.6955Y14.7045
G01 X18.7465Y14.7668
G01 X18.7845Y14.8378
G01 X18.8079Y14.9149
G01 X18.8168Y15.0058
G01 X18.8168Y15.9092
G01 X18.8079Y16.0001
G01 X18.7845Y16.0772
G01 X18.7465Y16.1482
G01 X18.6955Y16.2105
G01 X18.6332Y16.2615
G01 X18.5563Y16.3027
G01 X18.5415Y16.3114
G01 X18.5190Y16.3279
G01 X18.5044Y16.3411
G01 X18.4872Y16.3606
G01 X18.4770Y16.3745
G01 X18.4682Y16.3891
G01 X18.4577Y16.4104
G01 X18.4494Y16.4331
G01 X18.4446Y16.4518
G01 X18.4416Y16.4707
G01 X18.4400Y16.4967
G01 X18.4400Y16.9748
G01 X18.4411Y16.9963
G01 X18.4432Y17.0180
G01 X18.4304Y17.1474
G01 X18.3927Y17.2718
G01 X18.3314Y17.3865
G01 X18.2489Y17.4869
G01 X18.2321Y17.5008
G01 X18.2161Y17.5153
G01 X16.0914Y19.6399
G01 X16.0742Y19.6594
G01 X16.0640Y19.6734
G01 X16.0552Y19.6880
G01 X16.0447Y19.7092
G01 X16.0364Y19.7319
G01 X16.0316Y19.7506
G01 X16.0286Y19.7696
G01 X16.0270Y19.7955
G01 X16.0270Y20.5040
G01 X16.0281Y20.5257
G01 X16.0316Y20.5488
G01 X16.0364Y20.5676
G01 X16.0422Y20.5840
G01 X16.0552Y20.6115
G01 X16.0640Y20.6261
G01 X16.0782Y20.6450
G01 X16.0914Y20.6595
G01 X16.2187Y20.7868
G01 X16.3271Y20.9490
G01 X16.3412Y20.9678
G01 X16.3544Y20.9823
G01 X16.3690Y20.9956
G01 X16.3879Y21.0097
G01 X16.4085Y21.0219
G01 X16.4299Y21.0316
G01 X16.4464Y21.0374
G01 X16.4714Y21.0433
G01 X16.4883Y21.0457
G01 X16.5056Y21.0467
G01 X16.5272Y21.0460
G01 X16.5572Y21.0416
G01 X16.5736Y21.0374
G01 X16.5963Y21.0291
G01 X16.6115Y21.0219
G01 X16.6321Y21.0097
G01 X16.6510Y20.9956
G01 X16.6624Y20.9854
G01 X16.6788Y20.9678
G01 X16.6929Y20.9490
G01 X16.8013Y20.7868
G01 X16.9768Y20.6113
G01 X17.0228Y20.5805
G01 X17.0417Y20.5664
G01 X17.0592Y20.5500
G01 X17.0694Y20.5387
G01 X17.0810Y20.5234
G01 X17.0966Y20.4974
G01 X17.1055Y20.4777
G01 X17.1123Y20.4572
G01 X17.1160Y20.4425
G01 X17.1190Y20.4236
G01 X17.1296Y20.3176
G01 X17.1673Y20.1932
G01 X17.2286Y20.0786
G01 X17.3111Y19.9781
G01 X17.3279Y19.9642
G01 X17.3439Y19.9497
G01 X20.7273Y16.5663
G01 X20.7406Y16.5518
G01 X20.7547Y16.5329
G01 X20.7669Y16.5123
G01 X20.7741Y16.4970
G01 X20.7824Y16.4743
G01 X20.7883Y16.4493
G01 X20.7910Y16.4279
G01 X20.7918Y16.4107
G01 X20.7910Y16.3936
G01 X20.7871Y16.3658
G01 X20.7824Y16.3471
G01 X20.7741Y16.3244
G01 X20.7678Y16.3110
G01 X20.7521Y16.2849
G01 X20.7406Y16.2697
G01 X20.7273Y16.2552
G01 X20.7113Y16.2407
G01 X20.6745Y16.2105
G01 X20.6235Y16.1482
G01 X20.5855Y16.0772
G01 X20.5621Y16.0001
G01 X20.5532Y15.9092
G01 X20.5532Y15.0058
G01 X20.5621Y14.9149
G01 X20.5855Y14.8378
G01 X20.6235Y14.7668
G01 X20.6745Y14.7045
G01 X20.7368Y14.6535
G01 X20.8078Y14.6155
G01 X20.8849Y14.5921
G01 X20.9758Y14.5832
G01 X22.2042Y14.5832
G01 X22.2951Y14.5921
G01 X22.3722Y14.6155
G01 X22.4432Y14.6535
G01 X22.5055Y14.7045
G01 X22.5565Y14.7668
G01 X22.5945Y14.8378
G01 X22.6179Y14.9149
G01 X22.6268Y15.0058
G01 X22.6268Y15.9092
G01 X22.6179Y16.0001
G01 X22.5945Y16.0772
G01 X22.5565Y16.1482
G01 X22.5055Y16.2105
G01 X22.4432Y16.2615
G01 X22.3663Y16.3027
G01 X22.3515Y16.3114
G01 X22.3339Y16.3239
G01 X22.3176Y16.3381
G01 X22.3012Y16.3556
G01 X22.2870Y16.3745
G01 X22.2749Y16.3952
G01 X22.2677Y16.4104
G01 X22.2583Y16.4371
G01 X22.2546Y16.4518
G01 X22.2511Y16.4750
G01 X22.2500Y16.4967
G01 X22.2500Y16.5938
G01 X22.2511Y16.6153
G01 X22.2532Y16.6370
G01 X22.2404Y16.7664
G01 X22.2027Y16.8908
G01 X22.1414Y17.0054
G01 X22.0589Y17.1059
G01 X22.0421Y17.1198
G01 X22.0261Y17.1343
G01 X18.7217Y20.4387
G01 X18.7045Y20.4582
G01 X18.6943Y20.4721
G01 X18.6854Y20.4867
G01 X18.6749Y20.5079
G01 X18.6656Y20.5346
G01 X18.6619Y20.5493
G01 X18.6583Y20.5725
G01 X18.6573Y20.5942
G01 X18.6580Y20.6114
G01 X18.6619Y20.6391
G01 X18.6667Y20.6578
G01 X18.6724Y20.6743
G01 X18.6854Y20.7018
G01 X18.6943Y20.7164
G01 X18.7084Y20.7353
G01 X18.7217Y20.7498
G01 X18.7587Y20.7868
G01 X18.8671Y20.9490
G01 X18.8812Y20.9678
G01 X18.8976Y20.9854
G01 X18.9090Y20.9956
G01 X18.9279Y21.0097
G01 X18.9485Y21.0219
G01 X18.9699Y21.0316
G01 X18.9864Y21.0374
G01 X19.0114Y21.0433
G01 X19.0283Y21.0457
G01 X19.0544Y21.0467
G01 X19.0717Y21.0457
G01 X19.0949Y21.0421
G01 X19.1136Y21.0374
G01 X19.1301Y21.0316
G01 X19.1576Y21.0186
G01 X19.1721Y21.0097
G01 X19.1910Y20.9956
G01 X19.2086Y20.9791
G01 X19.2188Y20.9678
G01 X19.2304Y20.9526
G01 X19.3413Y20.7868
G01 X19.5168Y20.6113
G01 X19.7232Y20.4734
G01 X19.9525Y20.3784
G01 X20.1959Y20.3300
G01 X20.4285Y20.3300
G01 X20.4502Y20.3289
G01 X20.4671Y20.3265
G01 X20.4921Y20.3206
G01 X20.5167Y20.3115
G01 X20.5300Y20.3051
G01 X20.5470Y20.2953
G01 X20.5695Y20.2788
G01 X20.5841Y20.2656
G01 X24.4132Y16.4364
G01 X24.4265Y16.4219
G01 X24.4407Y16.4030
G01 X24.4495Y16.3884
G01 X24.4600Y16.3671
G01 X24.4668Y16.3489
G01 X24.4742Y16.3194
G01 X24.4766Y16.3025
G01 X24.4776Y16.2764
G01 X24.4766Y16.2591
G01 X24.4730Y16.2359
G01 X24.4683Y16.2172
G01 X24.4600Y16.1945
G01 X24.4495Y16.1733
G01 X24.4406Y16.1587
G01 X24.4345Y16.1502
G01 X24.3955Y16.0772
G01 X24.3721Y16.0001
G01 X24.3632Y15.9092
G01 X24.3632Y15.0058
G01 X24.3721Y14.9149
G01 X24.3955Y14.8378
G01 X24.4335Y14.7668
G01 X24.4845Y14.7045
G01 X24.5468Y14.6535
G01 X24.6178Y14.6155
G01 X24.6949Y14.5921
G01 X24.7858Y14.5832
G01 X26.0142Y14.5832
G01 X26.1051Y14.5921
G01 X26.1822Y14.6155
G01 X26.2532Y14.6535
G01 X26.3155Y14.7045
G01 X26.3665Y14.7668
G01 X26.4045Y14.8378
G01 X26.4279Y14.9149
G01 X26.4368Y15.0058
G01 X26.4368Y15.9092
G01 X26.4279Y16.0001
G01 X26.4045Y16.0772
G01 X26.3665Y16.1482
G01 X26.3155Y16.2105
G01 X26.2532Y16.2615
G01 X26.1651Y16.3088
G01 X26.1505Y16.3176
G01 X26.1366Y16.3278
G01 X26.1141Y16.3482
G01 X26.1038Y16.3596
G01 X26.0897Y16.3785
G01 X26.0775Y16.3991
G01 X26.0712Y16.4124
G01 X26.0621Y16.4370
G01 X26.0561Y16.4620
G01 X26.0504Y16.5124
G01 X26.0127Y16.6368
G01 X25.9514Y16.7514
G01 X25.8689Y16.8519
G01 X25.8521Y16.8658
G01 X25.8361Y16.8803
G01 X21.6085Y21.1079
G01 X21.5952Y21.1224
G01 X21.5788Y21.1450
G01 X21.5689Y21.1619
G01 X21.5617Y21.1772
G01 X21.5523Y21.2039
G01 X21.5487Y21.2186
G01 X21.5451Y21.2418
G01 X21.5442Y21.2679
G01 X21.5451Y21.2852
G01 X21.5475Y21.3020
G01 X21.5800Y21.4659
G01 X21.5800Y21.7141
G01 X21.5316Y21.9575
G01 X21.4366Y22.1868
G01 X21.2987Y22.3932
G01 X21.1232Y22.5687
G01 X20.9168Y22.7066
G01 X20.6875Y22.8016
G01 X20.4441Y22.8500
G01 X20.1959Y22.8500
G01 X19.9525Y22.8016
G01 X19.7232Y22.7066
G01 X19.5168Y22.5687
G01 X19.3413Y22.3932
G01 X19.2304Y22.2274
G01 X19.2188Y22.2122
G01 X19.2086Y22.2009
G01 X19.1910Y22.1844
G01 X19.1721Y22.1703
G01 X19.1576Y22.1614
G01 X19.1301Y22.1484
G01 X19.1136Y22.1426
G01 X19.0949Y22.1379
G01 X19.0717Y22.1343
G01 X19.0500Y22.1332
G01 X19.0283Y22.1343
G01 X19.0051Y22.1379
G01 X18.9864Y22.1426
G01 X18.9699Y22.1484
G01 X18.9424Y22.1614
G01 X18.9279Y22.1703
G01 X18.9090Y22.1844
G01 X18.8914Y22.2009
G01 X18.8812Y22.2122
G01 X18.8696Y22.2274
G01 X18.7587Y22.3932
G01 X18.5832Y22.5687
G01 X18.3768Y22.7066
G01 X18.1475Y22.8016
G01 X17.9041Y22.8500
G01 X17.6559Y22.8500
G01 X17.4125Y22.8016
G01 X17.1832Y22.7066
G01 X16.9768Y22.5687
G01 X16.8013Y22.3932
G01 X16.6904Y22.2274
G01 X16.6788Y22.2122
G01 X16.6686Y22.2009
G01 X16.6510Y22.1844
G01 X16.6321Y22.1703
G01 X16.6176Y22.1614
G01 X16.5901Y22.1484
G01 X16.5736Y22.1426
G01 X16.5549Y22.1379
G01 X16.5317Y22.1343
G01 X16.5100Y22.1332
G01 X16.4883Y22.1343
G01 X16.4651Y22.1379
G01 X16.4464Y22.1426
G01 X16.4299Y22.1484
G01 X16.4024Y22.1614
G01 X16.3879Y22.1703
G01 X16.3690Y22.1844
G01 X16.3514Y22.2009
G01 X16.3412Y22.2122
G01 X16.3296Y22.2274
G01 X16.2187Y22.3932
G01 X16.0432Y22.5687
G01 X15.8368Y22.7066
G01 X15.6075Y22.8016
G01 X15.3641Y22.8500
G01 X15.1159Y22.8500
G01 X14.8725Y22.8016
G01 X14.6432Y22.7066
G01 X14.4368Y22.5687
G01 X14.2613Y22.3932
G01 X14.1504Y22.2274
G01 X14.1388Y22.2122
G01 X14.1286Y22.2009
G01 X14.1110Y22.1844
G01 X14.0921Y22.1703
G01 X14.0776Y22.1614
G01 X14.0501Y22.1484
G01 X14.0336Y22.1426
G01 X14.0149Y22.1379
G01 X13.9917Y22.1343
G01 X13.9700Y22.1332
G01 X13.9483Y22.1343
G01 X13.9251Y22.1379
G01 X13.9064Y22.1426
G01 X13.8899Y22.1484
G01 X13.8624Y22.1614
G01 X13.8479Y22.1703
G01 X13.8290Y22.1844
G01 X13.8114Y22.2009
G01 X13.8012Y22.2122
G01 X13.7896Y22.2274
G01 X13.6787Y22.3932
G01 X13.5032Y22.5687
G01 X13.2968Y22.7066
G01 X13.0675Y22.8016
G01 X12.8241Y22.8500
G01 X12.5759Y22.8500
G01 X12.3325Y22.8016
G01 X12.1032Y22.7066
G01 X11.8968Y22.5687
G01 X11.7213Y22.3932
G01 X11.6104Y22.2274
G01 X11.5988Y22.2122
G01 X11.5886Y22.2009
G01 X11.5710Y22.1844
G01 X11.5521Y22.1703
G01 X11.5376Y22.1614
G01 X11.5101Y22.1484
G01 X11.4936Y22.1426
G01 X11.4749Y22.1379
G01 X11.4517Y22.1343
G01 X11.4300Y22.1332
G01 X11.4083Y22.1343
G01 X11.3851Y22.1379
G01 X11.3664Y22.1426
G01 X11.3499Y22.1484
G01 X11.3224Y22.1614
G01 X11.3079Y22.1703
G01 X11.2890Y22.1844
G01 X11.2714Y22.2009
G01 X11.2612Y22.2122
G01 X11.2496Y22.2274
G01 X11.1387Y22.3932
G01 X10.9632Y22.5687
G01 X10.7568Y22.7066
G01 X10.5275Y22.8016
G01 X10.2841Y22.8500
G01 X10.0359Y22.8500
G01 X9.7925Y22.8016
G01 X9.5632Y22.7066
G01 X9.3568Y22.5687
G01 X9.1813Y22.3932
G01 X9.0704Y22.2274
G01 X9.0588Y22.2122
G01 X9.0486Y22.2009
G01 X9.0310Y22.1844
G01 X9.0121Y22.1703
G01 X8.9976Y22.1614
G01 X8.9701Y22.1484
G01 X8.9536Y22.1426
G01 X8.9349Y22.1379
G01 X8.9117Y22.1343
G01 X8.8900Y22.1332
G01 X8.8683Y22.1343
G01 X8.8451Y22.1379
G01 X8.8264Y22.1426
G01 X8.8099Y22.1484
G01 X8.7824Y22.1614
G01 X8.7679Y22.1703
G01 X8.7490Y22.1844
G01 X8.7314Y22.2009
G01 X8.7212Y22.2122
G01 X8.7096Y22.2274
G01 X8.5987Y22.3932
G01 X8.4232Y22.5687
G01 X8.2168Y22.7066
G01 X7.9875Y22.8016
G01 X7.7441Y22.8500
G01 X7.4959Y22.8500
G01 X7.2525Y22.8016
G01 X7.0232Y22.7066
G01 X6.8168Y22.5687
G01 X6.6413Y22.3932
G01 X6.5304Y22.2274
G01 X6.5188Y22.2122
G01 X6.5086Y22.2009
G01 X6.4910Y22.1844
G01 X6.4721Y22.1703
G01 X6.4576Y22.1614
G01 X6.4301Y22.1484
G01 X6.4136Y22.1426
G01 X6.3949Y22.1379
G01 X6.3717Y22.1343
G01 X6.3500Y22.1332
G01 X6.3283Y22.1343
G01 X6.3051Y22.1379
G01 X6.2864Y22.1426
G01 X6.2637Y22.1509
G01 X6.2485Y22.1581
G01 X6.2279Y22.1703
G01 X6.2090Y22.1844
G01 X6.1976Y22.1946
G01 X6.1812Y22.2122
G01 X6.1671Y22.2310
G01 X6.0587Y22.3932
G01 X5.8832Y22.5687
G01 X5.6768Y22.7066
G01 X5.4475Y22.8016
G01 X5.2041Y22.8500
G01 X4.9559Y22.8500
G01 X4.7125Y22.8016
G01 X4.4832Y22.7066
G01 X4.2768Y22.5687
G01 X4.1013Y22.3932
G01 X3.9634Y22.1868
G01 X3.8684Y21.9575
G01 X3.8200Y21.7141
G01 X3.8200Y21.4659
G01 X3.8684Y21.2225
G01 X3.9634Y20.9932
G01 X4.1013Y20.7868
G01 X4.2768Y20.6113
G01 X4.4492Y20.4961
G01 X4.4631Y20.4859
G01 X4.4826Y20.4687
G01 X4.4942Y20.4561
G01 X4.5123Y20.4317
G01 X4.5221Y20.4147
G01 X4.5285Y20.4014
G01 X4.5376Y20.3768
G01 X4.5435Y20.3517
G01 X4.5459Y20.3349
G01 X4.5469Y20.3176
G01 X4.5470Y20.1765
G01 X4.5459Y20.1548
G01 X4.5424Y20.1316
G01 X4.5387Y20.1169
G01 X4.5285Y20.0883
G01 X4.5221Y20.0750
G01 X4.5100Y20.0544
G01 X4.4958Y20.0355
G01 X4.4826Y20.0209
G01 X2.1039Y17.6423
G01 X2.0879Y17.6278
G01 X2.0711Y17.6139
G01 X1.9886Y17.5135
G01 X1.9273Y17.3988
G01 X1.8896Y17.2744
G01 X1.8768Y17.1450
G01 X1.8789Y17.1233
G01 X1.8800Y17.1018
G01 X1.8800Y16.4967
G01 X1.8784Y16.4707
G01 X1.8754Y16.4518
G01 X1.8706Y16.4331
G01 X1.8623Y16.4104
G01 X1.8518Y16.3891
G01 X1.8430Y16.3745
G01 X1.8328Y16.3606
G01 X1.8156Y16.3411
G01 X1.8010Y16.3279
G01 X1.7785Y16.3114
G01 X1.7637Y16.3027
G01 X1.6868Y16.2615
G01 X1.6245Y16.2105
G01 X1.5735Y16.1482
G01 X1.5355Y16.0772
G01 X1.5121Y16.0001
G01 X1.5032Y15.9092
G00 Z3.0000
G00 X1.5806Y14.9349
G01 Z-0.2000
G01 X1.5917Y14.8897
G01 X1.6095Y14.8460
G01 X1.6141Y14.8368
G01 X1.6399Y14.7952
G01 X1.6698Y14.7598
G01 X1.6798Y14.7498
G01 X1.7096Y14.7243
G01 X1.7210Y14.7160
G01 X1.7568Y14.6941
G01 X1.7661Y14.6895
G01 X1.8033Y14.6741
G01 X1.8167Y14.6697
G01 X1.8618Y14.6592
G01 X1.9079Y14.6553
G01 X3.1650Y14.6550
G01 X3.2112Y14.6584
G01 X3.2251Y14.6606
G01 X3.2633Y14.6697
G01 X3.2767Y14.6741
G01 X3.3140Y14.6895
G01 X3.3232Y14.6941
G01 X3.3648Y14.7199
G01 X3.4002Y14.7498
G01 X3.4102Y14.7598
G01 X3.4405Y14.7957
G01 X3.4659Y14.8368
G01 X3.4705Y14.8460
G01 X3.4859Y14.8833
G01 X3.4903Y14.8967
G01 X3.5008Y14.9418
G01 X3.5050Y14.9950
G01 X3.5050Y15.9200
G01 X3.5007Y15.9741
G01 X3.4903Y16.0183
G01 X3.4859Y16.0317
G01 X3.4705Y16.0690
G01 X3.4659Y16.0781
G01 X3.4440Y16.1140
G01 X3.4357Y16.1254
G01 X3.4054Y16.1604
G01 X3.3643Y16.1955
G01 X3.3255Y16.2195
G01 X3.3140Y16.2255
G01 X3.2767Y16.2409
G01 X3.2633Y16.2453
G01 X3.2251Y16.2544
G01 X3.2112Y16.2566
G01 X3.1721Y16.2597
G01 X3.1300Y16.2600
G01 X3.1300Y16.9006
G01 X5.6242Y19.3948
G01 X5.6618Y19.4362
G01 X5.6950Y19.4806
G01 X5.7285Y19.5361
G01 X5.7537Y19.5903
G01 X5.7717Y19.6410
G01 X5.7847Y19.6926
G01 X5.7941Y19.7540
G01 X5.7970Y19.8120
G01 X5.7970Y20.6419
G01 X5.8364Y20.6714
G01 X5.9245Y20.7517
G01 X5.9986Y20.8336
G01 X6.0695Y20.9289
G01 X6.1306Y21.0312
G01 X6.1776Y21.1306
G01 X6.2188Y21.2448
G01 X6.2467Y21.3559
G01 X6.2643Y21.4732
G01 X6.2700Y21.5900
G01 X6.2646Y21.7022
G01 X6.2462Y21.8265
G01 X6.2188Y21.9352
G01 X6.1785Y22.0475
G01 X6.1306Y22.1488
G01 X6.0695Y22.2510
G01 X5.9986Y22.3464
G01 X5.9245Y22.4283
G01 X5.8314Y22.5126
G01 X5.7411Y22.5795
G01 X5.6388Y22.6406
G01 X5.5375Y22.6885
G01 X5.4252Y22.7288
G01 X5.3141Y22.7567
G01 X5.1968Y22.7743
G01 X5.0800Y22.7800
G01 X4.9632Y22.7743
G01 X4.8459Y22.7567
G01 X4.7348Y22.7288
G01 X4.6225Y22.6885
G01 X4.5212Y22.6406
G01 X4.4189Y22.5795
G01 X4.3236Y22.5086
G01 X4.2385Y22.4315
G01 X4.1614Y22.3464
G01 X4.0905Y22.2510
G01 X4.0294Y22.1488
G01 X3.9815Y22.0475
G01 X3.9412Y21.9352
G01 X3.9133Y21.8241
G01 X3.8957Y21.7068
G01 X3.8900Y21.5900
G01 X3.8957Y21.4732
G01 X3.9133Y21.3559
G01 X3.9412Y21.2448
G01 X3.9815Y21.1325
G01 X4.0294Y21.0312
G01 X4.0905Y20.9289
G01 X4.1630Y20.8317
G01 X4.2385Y20.7485
G01 X4.3286Y20.6674
G01 X4.4226Y20.5982
G01 X4.5212Y20.5394
G01 X4.6170Y20.4941
G01 X4.6170Y20.0564
G01 X2.1228Y17.5622
G01 X2.0812Y17.5158
G01 X2.0494Y17.4727
G01 X2.0218Y17.4270
G01 X1.9958Y17.3729
G01 X1.9753Y17.3160
G01 X1.9618Y17.2621
G01 X1.9525Y17.1984
G01 X1.9500Y17.1450
G01 X1.9500Y16.2600
G01 X1.9079Y16.2597
G01 X1.8688Y16.2566
G01 X1.8549Y16.2544
G01 X1.8167Y16.2453
G01 X1.8033Y16.2409
G01 X1.7660Y16.2255
G01 X1.7545Y16.2195
G01 X1.7152Y16.1951
G01 X1.6746Y16.1604
G01 X1.6443Y16.1254
G01 X1.6360Y16.1140
G01 X1.6141Y16.0781
G01 X1.6095Y16.0690
G01 X1.5941Y16.0317
G01 X1.5897Y16.0183
G01 X1.5792Y15.9732
G01 X1.5750Y15.9200
G01 X1.5750Y14.9950
G01 X1.5784Y14.9488
G01 X1.5806Y14.9349
G00 Z3.0000
G00 X1.5032Y12.9342
G01 Z-0.2000
G01 X1.5032Y12.0308
G01 X1.5121Y11.9399
G01 X1.5355Y11.8628
G01 X1.5735Y11.7918
G01 X1.6245Y11.7295
G01 X1.6868Y11.6785
G01 X1.7676Y11.6352
G01 X1.7821Y11.6263
G01 X1.8010Y11.6121
G01 X1.8186Y11.5957
G01 X1.8288Y11.5844
G01 X1.8404Y11.5692
G01 X1.8551Y11.5448
G01 X1.8648Y11.5234
G01 X1.8706Y11.5069
G01 X1.8754Y11.4882
G01 X1.8789Y11.4650
G01 X1.8799Y11.4477
G01 X1.8800Y11.0922
G01 X1.8789Y11.0707
G01 X1.8768Y11.0490
G01 X1.8896Y10.9196
G01 X1.9273Y10.7952
G01 X1.9886Y10.6806
G01 X2.0711Y10.5801
G01 X2.0879Y10.5662
G01 X2.1039Y10.5517
G01 X5.2809Y7.3748
G01 X5.2941Y7.3602
G01 X5.3057Y7.3450
G01 X5.3213Y7.3190
G01 X5.3276Y7.3055
G01 X5.3359Y7.2828
G01 X5.3407Y7.2641
G01 X5.3437Y7.2451
G01 X5.3453Y7.2192
G01 X5.3442Y7.1975
G01 X5.3407Y7.1743
G01 X5.3358Y7.1553
G01 X5.3221Y7.1101
G01 X5.3132Y7.0192
G01 X5.3132Y6.1158
G01 X5.3221Y6.0249
G01 X5.3455Y5.9478
G01 X5.3835Y5.8768
G01 X5.4345Y5.8145
G01 X5.4968Y5.7635
G01 X5.5678Y5.7255
G01 X5.6449Y5.7021
G01 X5.7358Y5.6932
G01 X6.9642Y5.6932
G01 X7.0551Y5.7021
G01 X7.1322Y5.7255
G01 X7.2032Y5.7635
G01 X7.2655Y5.8145
G01 X7.3165Y5.8768
G01 X7.3545Y5.9478
G01 X7.3779Y6.0249
G01 X7.3868Y6.1158
G01 X7.3868Y7.0192
G01 X7.3779Y7.1101
G01 X7.3545Y7.1872
G01 X7.3165Y7.2582
G01 X7.2655Y7.3205
G01 X7.2032Y7.3715
G01 X7.1322Y7.4095
G01 X7.0551Y7.4329
G01 X7.0293Y7.4355
G01 X7.0104Y7.4386
G01 X6.9917Y7.4433
G01 X6.9690Y7.4516
G01 X6.9537Y7.4588
G01 X6.9331Y7.4710
G01 X6.9142Y7.4851
G01 X6.8997Y7.4984
G01 X6.8864Y7.5129
G01 X6.8749Y7.5281
G01 X6.8601Y7.5524
G01 X6.8504Y7.5739
G01 X6.8357Y7.6198
G01 X6.7744Y7.7344
G01 X6.6919Y7.8349
G01 X6.6751Y7.8488
G01 X6.6591Y7.8633
G01 X3.2644Y11.2579
G01 X3.2512Y11.2725
G01 X3.2396Y11.2877
G01 X3.2249Y11.3120
G01 X3.2152Y11.3334
G01 X3.2094Y11.3499
G01 X3.2052Y11.3663
G01 X3.2011Y11.3918
G01 X3.2000Y11.4135
G01 X3.2007Y11.4605
G01 X3.2046Y11.4882
G01 X3.2109Y11.5114
G01 X3.2177Y11.5296
G01 X3.2249Y11.5448
G01 X3.2370Y11.5655
G01 X3.2512Y11.5844
G01 X3.2644Y11.5989
G01 X3.2790Y11.6121
G01 X3.2979Y11.6263
G01 X3.3124Y11.6352
G01 X3.3932Y11.6785
G01 X3.4555Y11.7295
G01 X3.5065Y11.7918
G01 X3.5445Y11.8628
G01 X3.5679Y11.9399
G01 X3.5768Y12.0308
G01 X3.5768Y12.9342
G01 X3.5679Y13.0251
G01 X3.5445Y13.1022
G01 X3.5065Y13.1732
G01 X3.4555Y13.2355
G01 X3.3932Y13.2865
G01 X3.3222Y13.3245
G01 X3.2451Y13.3479
G01 X3.1542Y13.3568
G01 X1.9258Y13.3568
G01 X1.8349Y13.3479
G01 X1.7578Y13.3245
G01 X1.6868Y13.2865
G01 X1.6245Y13.2355
G01 X1.5735Y13.1732
G01 X1.5355Y13.1022
G01 X1.5121Y13.0251
G01 X1.5032Y12.9342
G00 Z3.0000
G00 X1.5806Y11.9599
G01 Z-0.2000
G01 X1.5897Y11.9217
G01 X1.5941Y11.9083
G01 X1.6095Y11.8710
G01 X1.6141Y11.8618
G01 X1.6360Y11.8260
G01 X1.6443Y11.8146
G01 X1.6746Y11.7796
G01 X1.7157Y11.7445
G01 X1.7545Y11.7205
G01 X1.7661Y11.7145
G01 X1.8033Y11.6991
G01 X1.8167Y11.6947
G01 X1.8549Y11.6856
G01 X1.8688Y11.6834
G01 X1.9079Y11.6803
G01 X1.9500Y11.6800
G01 X1.9500Y11.0490
G01 X1.9534Y10.9868
G01 X1.9618Y10.9319
G01 X1.9742Y10.8820
G01 X1.9958Y10.8211
G01 X2.0185Y10.7731
G01 X2.0471Y10.7249
G01 X2.0852Y10.6732
G01 X2.1228Y10.6318
G01 X5.4844Y7.2702
G01 X5.4543Y7.2354
G01 X5.4460Y7.2240
G01 X5.4241Y7.1882
G01 X5.4195Y7.1790
G01 X5.4041Y7.1417
G01 X5.3997Y7.1283
G01 X5.3892Y7.0832
G01 X5.3850Y7.0300
G01 X5.3850Y6.1050
G01 X5.3884Y6.0588
G01 X5.3906Y6.0449
G01 X5.4017Y5.9997
G01 X5.4195Y5.9560
G01 X5.4255Y5.9445
G01 X5.4499Y5.9052
G01 X5.4798Y5.8698
G01 X5.4898Y5.8598
G01 X5.5257Y5.8295
G01 X5.5645Y5.8055
G01 X5.5760Y5.7995
G01 X5.6199Y5.7816
G01 X5.6649Y5.7706
G01 X5.6788Y5.7684
G01 X5.7250Y5.7650
G01 X6.9821Y5.7653
G01 X7.0291Y5.7693
G01 X7.0733Y5.7797
G01 X7.0867Y5.7841
G01 X7.1240Y5.7995
G01 X7.1332Y5.8041
G01 X7.1690Y5.8260
G01 X7.1804Y5.8343
G01 X7.2102Y5.8598
G01 X7.2202Y5.8698
G01 X7.2505Y5.9057
G01 X7.2745Y5.9445
G01 X7.2805Y5.9560
G01 X7.2984Y5.9999
G01 X7.3094Y6.0449
G01 X7.3116Y6.0588
G01 X7.3150Y6.1050
G01 X7.3147Y7.0371
G01 X7.3107Y7.0841
G01 X7.2983Y7.1353
G01 X7.2805Y7.1790
G01 X7.2759Y7.1882
G01 X7.2501Y7.2298
G01 X7.2154Y7.2704
G01 X7.1743Y7.3055
G01 X7.1332Y7.3309
G01 X7.1240Y7.3355
G01 X7.0801Y7.3534
G01 X7.0282Y7.3658
G01 X6.9821Y7.3697
G01 X6.8129Y7.3700
G01 X6.8101Y7.4240
G01 X6.8012Y7.4831
G01 X6.7877Y7.5370
G01 X6.7672Y7.5939
G01 X6.7445Y7.6419
G01 X6.7136Y7.6937
G01 X6.6778Y7.7418
G01 X6.6432Y7.7800
G01 X3.1300Y11.2934
G01 X3.1300Y11.6800
G01 X3.1721Y11.6803
G01 X3.2112Y11.6834
G01 X3.2251Y11.6856
G01 X3.2633Y11.6947
G01 X3.2767Y11.6991
G01 X3.3140Y11.7145
G01 X3.3255Y11.7205
G01 X3.3648Y11.7449
G01 X3.4054Y11.7796
G01 X3.4357Y11.8146
G01 X3.4440Y11.8260
G01 X3.4659Y11.8618
G01 X3.4705Y11.8710
G01 X3.4859Y11.9083
G01 X3.4903Y11.9217
G01 X3.5008Y11.9668
G01 X3.5050Y12.0200
G01 X3.5047Y12.9521
G01 X3.5007Y12.9991
G01 X3.4903Y13.0433
G01 X3.4859Y13.0567
G01 X3.4705Y13.0940
G01 X3.4659Y13.1032
G01 X3.4440Y13.1390
G01 X3.4357Y13.1504
G01 X3.4102Y13.1802
G01 X3.4002Y13.1902
G01 X3.3643Y13.2205
G01 X3.3255Y13.2445
G01 X3.3140Y13.2505
G01 X3.2701Y13.2684
G01 X3.2251Y13.2794
G01 X3.2112Y13.2816
G01 X3.1650Y13.2850
G01 X1.9079Y13.2847
G01 X1.8609Y13.2807
G01 X1.8097Y13.2683
G01 X1.7661Y13.2505
G01 X1.7568Y13.2459
G01 X1.7210Y13.2240
G01 X1.7096Y13.2157
G01 X1.6746Y13.1854
G01 X1.6443Y13.1504
G01 X1.6360Y13.1390
G01 X1.6141Y13.1032
G01 X1.6095Y13.0940
G01 X1.5941Y13.0567
G01 X1.5897Y13.0433
G01 X1.5806Y13.0051
G01 X1.5784Y12.9912
G01 X1.5750Y12.9450
G01 X1.5750Y12.0200
G01 X1.5784Y11.9738
G01 X1.5806Y11.9599
G00 Z3.0000
G00 X24.2400Y25.5142
G01 Z-0.2000
G01 X24.2400Y25.2858
G01 X24.2846Y25.0616
G01 X24.3720Y24.8505
G01 X24.4990Y24.6605
G01 X24.6605Y24.4990
G01 X24.8505Y24.3720
G01 X25.0616Y24.2846
G01 X25.2858Y24.2400
G01 X25.5142Y24.2400
G01 X25.7384Y24.2846
G01 X25.9495Y24.3720
G01 X26.1395Y24.4990
G01 X26.3010Y24.6605
G01 X26.4280Y24.8505
G01 X26.5154Y25.0616
G01 X26.5600Y25.2858
G01 X26.5600Y25.5142
G01 X26.5154Y25.7384
G01 X26.4280Y25.9495
G01 X26.3010Y26.1395
G01 X26.1395Y26.3010
G01 X25.9495Y26.4280
G01 X25.7384Y26.5154
G01 X25.5142Y26.5600
G01 X25.2858Y26.5600
G01 X25.0616Y26.5154
G01 X24.8505Y26.4280
G01 X24.6605Y26.3010
G01 X24.4990Y26.1395
G01 X24.3720Y25.9495
G01 X24.2846Y25.7384
G01 X24.2400Y25.5142
G00 Z3.0000
G00 X26.4899Y25.4044
G01 Z-0.2000
G01 X26.4847Y25.5070
G01 X26.4686Y25.6146
G01 X26.4431Y25.7161
G01 X26.4061Y25.8192
G01 X26.3624Y25.9116
G01 X26.3064Y26.0055
G01 X26.2413Y26.0930
G01 X26.1707Y26.1707
G01 X26.0930Y26.2413
G01 X26.0055Y26.3064
G01 X25.9116Y26.3624
G01 X25.8192Y26.4061
G01 X25.7161Y26.4431
G01 X25.6146Y26.4686
G01 X25.5070Y26.4847
G01 X25.4000Y26.4900
G01 X25.2930Y26.4847
G01 X25.1854Y26.4686
G01 X25.0839Y26.4431
G01 X24.9808Y26.4061
G01 X24.8884Y26.3624
G01 X24.7945Y26.3064
G01 X24.7070Y26.2413
G01 X24.6293Y26.1707
G01 X24.5587Y26.0930
G01 X24.4936Y26.0055
G01 X24.4376Y25.9116
G01 X24.3939Y25.8192
G01 X24.3569Y25.7161
G01 X24.3314Y25.6146
G01 X24.3153Y25.5070
G01 X24.3100Y25.4000
G01 X24.3153Y25.2930
G01 X24.3314Y25.1854
G01 X24.3569Y25.0839
G01 X24.3939Y24.9808
G01 X24.4376Y24.8884
G01 X24.4936Y24.7945
G01 X24.5587Y24.7070
G01 X24.6293Y24.6293
G01 X24.7070Y24.5587
G01 X24.7945Y24.4936
G01 X24.8884Y24.4376
G01 X24.9808Y24.3939
G01 X25.0839Y24.3569
G01 X25.1854Y24.3314
G01 X25.2930Y24.3153
G01 X25.4000Y24.3100
G01 X25.5070Y24.3153
G01 X25.6146Y24.3314
G01 X25.7161Y24.3569
G01 X25.8192Y24.3939
G01 X25.9116Y24.4376
G01 X26.0055Y24.4936
G01 X26.0930Y24.5587
G01 X26.1707Y24.6293
G01 X26.2413Y24.7070
G01 X26.3064Y24.7945
G01 X26.3624Y24.8884
G01 X26.4061Y24.9808
G01 X26.4431Y25.0839
G01 X26.4686Y25.1854
G01 X26.4847Y25.2930
G01 X26.4899Y25.4044
G00 Z3.0000
G00 X27.9000Y24.7000
G01 Z-0.2000
G01 X27.9000Y27.9000
G01 X24.0000Y27.9000
G00 Z3.0000
G00 Z3.0000
G00 X0Y0
M05
G0 Z20
G0 X0 Y25