G0 Z20
G21
G90
G94
F200.00
G00 Z20.0000
M04 S30
G4 P1
G00 X-1.1100Y0.2300
G01 Z20.0000
G01 X-1.1100Y29.0500
G01 X29.0500Y29.0500
G01 X29.0500Y0.2300
G01 X-1.1100Y0.2300
G01 X-1.1100Y0.4980
G01 X0.0947Y0.4388
G01 X1.4866Y0.5072
G01 X2.8650Y0.7117
G01 X4.2168Y1.0503
G01 X5.5289Y1.5197
G01 X6.7886Y2.1156
G01 X7.7184Y2.6729
G00 Z20.0000
G00 X8.1097Y2.4416
G01 Z20.0000
G01 X6.9771Y1.7628
G01 X5.6819Y1.1502
G01 X4.3329Y0.6675
G01 X2.9431Y0.3194
G01 X2.3406Y0.2300
G01 X4.2305Y0.2300
G01 X4.4490Y0.2847
G01 X5.8350Y0.7806
G01 X7.1657Y1.4100
G01 X8.4283Y2.1668
G01 X8.7832Y2.4300
G01 X9.4539Y2.4300
G01 X8.6505Y1.8342
G01 X7.3543Y1.0573
G01 X5.9881Y0.4111
G01 X5.4820Y0.2300
G01 X6.5396Y0.2300
G01 X7.5428Y0.7045
G01 X8.8728Y1.5016
G01 X10.1182Y2.4253
G01 X10.3195Y2.6078
G00 Z20.0000
G00 X10.7214Y2.4328
G01 Z20.0000
G01 X10.3719Y2.1161
G01 X9.0950Y1.1690
G01 X7.7314Y0.3517
G01 X7.4740Y0.2300
G01 X8.3054Y0.2300
G01 X9.3172Y0.8364
G01 X10.6257Y1.8069
G01 X11.3132Y2.4300
G01 X11.9081Y2.4300
G01 X10.8794Y1.4977
G01 X9.5394Y0.5039
G01 X9.0825Y0.2300
G00 Z20.0000
G00 X9.8409Y0.2300
G01 Z20.0000
G01 X11.1332Y1.1885
G01 X12.3984Y2.3352
G01 X12.7560Y2.7297
G00 Z20.0000
G00 X13.0668Y2.4777
G01 Z20.0000
G01 X12.6813Y2.0523
G01 X11.3869Y0.8793
G01 X10.5115Y0.2300
G01 X11.1822Y0.2300
G01 X11.6407Y0.5700
G01 X12.9641Y1.7695
G01 X13.5627Y2.4300
G01 X14.1019Y2.4300
G01 X13.2469Y1.4867
G01 X11.8945Y0.2608
G01 X11.8529Y0.2300
G01 X12.4553Y0.2300
G01 X13.5298Y1.2038
G01 X14.6414Y2.4303
G00 Z20.0000
G00 X15.3416Y2.6692
G01 Z20.0000
G01 X15.0912Y2.3316
G01 X13.8126Y0.9210
G01 X13.0503Y0.2300
G01 X13.6452Y0.2300
G01 X14.0955Y0.6381
G01 X15.4004Y2.0779
G01 X15.6790Y2.4535
G00 Z20.0000
G00 X16.1589Y2.4300
G01 Z20.0000
G01 X15.7096Y1.8241
G01 X14.3783Y0.3553
G01 X14.2401Y0.2300
G01 X14.8040Y0.2300
G01 X16.0188Y1.5703
G01 X16.6563Y2.4300
G01 X17.1537Y2.4300
G01 X16.3280Y1.3166
G01 X15.3432Y0.2300
G01 X15.8823Y0.2300
G01 X16.6372Y1.0628
G01 X17.8539Y2.7034
G00 Z20.0000
G00 X18.1756Y2.4664
G01 Z20.0000
G01 X16.9464Y0.8091
G01 X16.4215Y0.2300
G01 X16.9607Y0.2300
G01 X17.2556Y0.5553
G01 X18.5534Y2.3052
G01 X18.6282Y2.4300
G01 X19.0940Y2.4300
G01 X18.8860Y2.0830
G01 X17.5648Y0.3015
G01 X17.4999Y0.2300
G01 X18.0091Y0.2300
G01 X19.2186Y1.8607
G01 X19.5598Y2.4300
G00 Z20.0000
G00 X20.1038Y2.5606
G01 Z20.0000
G01 X19.5511Y1.6385
G01 X18.5065Y0.2300
G01 X19.0039Y0.2300
G01 X19.8837Y1.4163
G01 X20.5598Y2.5442
G00 Z20.0000
G00 X20.9571Y2.4300
G01 Z20.0000
G01 X20.2163Y1.1940
G01 X19.5013Y0.2300
G01 X19.9987Y0.2300
G01 X20.5489Y0.9718
G01 X21.4229Y2.4300
G01 X21.8887Y2.4300
G01 X20.8815Y0.7496
G01 X20.4961Y0.2300
G01 X20.9935Y0.2300
G01 X21.2141Y0.5274
G01 X22.3603Y2.4397
G00 Z20.0000
G00 X22.9150Y3.5522
G01 Z20.0000
G01 X23.5613Y4.9187
G01 X24.4010Y7.2656
G01 X25.0067Y9.6835
G01 X25.2494Y11.3200
G01 X24.8456Y11.3200
G01 X24.6144Y9.7616
G01 X24.0183Y7.3817
G01 X23.1917Y5.0718
G01 X22.8557Y4.3613
G00 Z20.0000
G00 X22.5625Y4.6758
G01 Z20.0000
G01 X22.8222Y5.2248
G01 X23.6355Y7.4978
G01 X24.2221Y9.8396
G01 X24.4516Y11.3869
G00 Z20.0000
G00 X24.1067Y11.7847
G01 Z20.0000
G01 X23.8298Y9.9177
G01 X23.2527Y7.6139
G01 X22.9150Y6.6701
G00 Z20.0000
G00 X22.7766Y7.4691
G01 Z20.0000
G01 X22.8699Y7.7301
G01 X23.4374Y9.9957
G01 X23.7801Y12.3060
G01 X23.8947Y14.6388
G01 X23.7801Y16.9716
G01 X23.4374Y19.2820
G01 X23.2356Y20.0876
G00 Z20.0000
G00 X23.6107Y20.2345
G01 Z20.0000
G01 X23.8298Y19.3600
G01 X24.1782Y17.0109
G01 X24.2104Y16.3552
G00 Z20.0000
G00 X24.5982Y16.6035
G01 Z20.0000
G01 X24.5763Y17.0501
G01 X24.2221Y19.4381
G01 X23.9572Y20.4953
G00 Z20.0000
G00 X24.2605Y20.9290
G01 Z20.0000
G01 X24.6144Y19.5161
G01 X24.9744Y17.0893
G01 X24.9974Y16.6200
G01 X25.3974Y16.6200
G01 X25.3724Y17.1285
G01 X25.0067Y19.5941
G01 X24.4010Y22.0121
G01 X23.5613Y24.3590
G01 X22.4955Y26.6123
G01 X21.2141Y28.7503
G01 X20.9918Y29.0500
G01 X20.4944Y29.0500
G01 X20.8815Y28.5281
G01 X22.1428Y26.4238
G01 X23.1917Y24.2059
G01 X23.6515Y22.9211
G00 Z20.0000
G00 X23.1593Y23.1108
G01 Z20.0000
G01 X22.8222Y24.0529
G01 X21.7900Y26.2352
G01 X20.5489Y28.3059
G01 X19.9970Y29.0500
G01 X19.4996Y29.0500
G01 X20.2163Y28.0836
G01 X21.4372Y26.0466
G01 X22.4526Y23.8998
G01 X22.7267Y23.1339
G00 Z20.0000
G00 X22.3336Y23.0464
G01 Z20.0000
G01 X22.0831Y23.7467
G01 X21.0845Y25.8581
G01 X19.8837Y27.8614
G01 X19.0022Y29.0500
G01 X18.5048Y29.0500
G01 X19.5511Y27.6392
G01 X20.7317Y25.6695
G01 X21.7135Y23.5936
G01 X21.9753Y22.8619
G00 Z20.0000
G00 X21.6566Y22.5667
G01 Z20.0000
G01 X21.3440Y23.4406
G01 X20.3789Y25.4810
G01 X19.2186Y27.4170
G01 X18.0074Y29.0500
G01 X17.4978Y29.0500
G01 X17.5648Y28.9761
G01 X18.8860Y27.1947
G01 X20.0262Y25.2924
G01 X20.9744Y23.2875
G01 X21.1039Y22.9256
G00 Z20.0000
G00 X20.6129Y23.1119
G01 Z20.0000
G01 X20.6049Y23.1344
G01 X19.6734Y25.1038
G01 X18.5534Y26.9725
G01 X17.2556Y28.7224
G01 X16.9586Y29.0500
G01 X16.4194Y29.0500
G01 X16.9464Y28.4686
G01 X18.2208Y26.7503
G01 X19.3206Y24.9153
G01 X20.1640Y23.1321
G00 Z20.0000
G00 X19.7671Y23.0369
G01 Z20.0000
G01 X18.9679Y24.7267
G01 X17.8882Y26.5280
G01 X16.6372Y28.2149
G01 X15.8802Y29.0500
G01 X15.3410Y29.0500
G01 X16.3280Y27.9611
G01 X17.5556Y26.3058
G01 X18.6151Y24.5382
G01 X19.4150Y22.8469
G00 Z20.0000
G00 X19.1098Y22.5578
G01 Z20.0000
G01 X18.2623Y24.3496
G01 X17.2230Y26.0836
G01 X16.0188Y27.7073
G01 X14.8018Y29.0500
G01 X14.2375Y29.0500
G01 X14.3783Y28.9224
G01 X15.7096Y27.4536
G01 X16.8904Y25.8614
G01 X17.9096Y24.1611
G01 X18.4696Y22.9769
G00 Z20.0000
G00 X17.9555Y23.1295
G01 Z20.0000
G01 X17.5568Y23.9725
G01 X16.5578Y25.6391
G01 X15.4004Y27.1998
G01 X14.0955Y28.6396
G01 X13.6426Y29.0500
G01 X13.0477Y29.0500
G01 X13.8126Y28.3567
G01 X15.0912Y26.9461
G01 X16.2253Y25.4169
G01 X17.2040Y23.7839
G01 X17.5195Y23.1169
G00 Z20.0000
G00 X17.1340Y22.9976
G01 Z20.0000
G01 X16.8513Y23.5954
G01 X15.8927Y25.1947
G01 X14.7819Y26.6923
G01 X13.5298Y28.0739
G01 X12.4528Y29.0500
G01 X11.8497Y29.0500
G01 X11.8945Y29.0168
G01 X13.2469Y27.7910
G01 X14.4727Y26.4386
G01 X15.5601Y24.9724
G01 X16.4985Y23.4068
G01 X16.7927Y22.7848
G01 X16.4719Y22.5287
G01 X16.1457Y23.2183
G01 X15.2275Y24.7502
G01 X14.1635Y26.1848
G01 X12.9641Y27.5082
G01 X11.6407Y28.7076
G01 X11.1791Y29.0500
G01 X10.5084Y29.0500
G01 X11.3869Y28.3984
G01 X12.6813Y27.2253
G01 X13.8543Y25.9310
G01 X14.8949Y24.5280
G01 X15.7874Y23.0389
G00 Z20.0000
G00 X15.2614Y23.1394
G01 Z20.0000
G01 X14.5623Y24.3058
G01 X13.5451Y25.6773
G01 X12.3984Y26.9425
G01 X11.1332Y28.0892
G01 X9.8377Y29.0500
G01 X9.0787Y29.0500
G01 X9.5394Y28.7738
G01 X10.8794Y27.7800
G01 X12.1156Y26.6597
G01 X13.2359Y25.4235
G01 X14.2297Y24.0835
G01 X14.8291Y23.0835
G00 Z20.0000
G00 X14.4575Y22.9265
G01 Z20.0000
G01 X13.8971Y23.8613
G01 X12.9267Y25.1698
G01 X11.8327Y26.3768
G01 X10.6257Y27.4708
G01 X9.3172Y28.4412
G01 X8.3015Y29.0500
G01 X7.4691Y29.0500
G01 X7.7314Y28.9260
G01 X9.0950Y28.1086
G01 X10.3719Y27.1616
G01 X11.5499Y26.0940
G01 X12.6175Y24.9160
G01 X13.5646Y23.6391
G01 X14.1389Y22.6808
G01 X13.5503Y22.8857
G01 X13.2320Y23.4168
G01 X12.3083Y24.6623
G01 X11.2670Y25.8111
G01 X10.1182Y26.8524
G01 X8.8728Y27.7761
G01 X7.5428Y28.5732
G01 X6.5347Y29.0500
G01 X5.4755Y29.0500
G01 X5.9881Y28.8666
G01 X7.3543Y28.2204
G01 X8.6505Y27.4435
G01 X9.8644Y26.5432
G01 X10.9842Y25.5283
G01 X11.9991Y24.4085
G01 X12.8994Y23.1946
G01 X12.9445Y23.1193
G00 Z20.0000
G00 X12.4576Y23.1196
G01 Z20.0000
G01 X11.6899Y24.1547
G01 X10.7014Y25.2454
G01 X9.6106Y26.2340
G01 X8.4283Y27.1109
G01 X7.1657Y27.8677
G01 X5.8350Y28.4970
G01 X4.4490Y28.9929
G01 X4.2212Y29.0500
G01 X2.3249Y29.0500
G01 X2.9431Y28.9583
G01 X4.3329Y28.6102
G01 X5.6819Y28.1275
G01 X6.9771Y27.5149
G01 X8.2061Y26.7783
G01 X9.3569Y25.9248
G01 X10.4185Y24.9626
G01 X11.3807Y23.9010
G01 X12.0516Y22.9964
G00 Z20.0000
G00 X11.7117Y22.7840
G01 Z20.0000
G01 X11.0715Y23.6472
G01 X10.1357Y24.6798
G01 X9.1031Y25.6156
G01 X7.9838Y26.4457
G01 X6.7886Y27.1621
G01 X5.5289Y27.7579
G01 X4.2168Y28.2274
G01 X2.8650Y28.5660
G01 X1.4866Y28.7705
G01 X0.0947Y28.8388
G01 X-1.1100Y28.7797
G01 X-1.1100Y28.3797
G01 X0.0947Y28.4388
G01 X1.4474Y28.3724
G01 X2.7870Y28.1737
G01 X4.1007Y27.8446
G01 X5.3758Y27.3884
G01 X6.6000Y26.8094
G01 X7.7616Y26.1131
G01 X8.8494Y25.3064
G01 X9.8528Y24.3969
G01 X10.7623Y23.3935
G01 X11.4359Y22.4852
G00 Z20.0000
G00 X10.4774Y23.1069
G01 Z20.0000
G01 X10.4531Y23.1397
G01 X9.5700Y24.1141
G01 X8.5956Y24.9972
G01 X7.5394Y25.7805
G01 X6.4115Y26.4566
G01 X5.2227Y27.0188
G01 X3.9846Y27.4618
G01 X2.7090Y27.7814
G01 X1.4082Y27.9743
G01 X0.0947Y28.0388
G01 X-1.1100Y27.9797
G01 X-1.1100Y27.5797
G01 X0.0947Y27.6388
G01 X1.3690Y27.5762
G01 X2.6309Y27.3890
G01 X3.8685Y27.0791
G01 X5.0696Y26.6493
G01 X6.2229Y26.1038
G01 X7.3172Y25.4479
G01 X8.3419Y24.6880
G01 X9.2871Y23.8312
G01 X9.9304Y23.1215
G00 Z20.0000
G00 X9.5067Y22.9941
G01 Z20.0000
G01 X9.0043Y23.5484
G01 X8.0881Y24.3788
G01 X7.0949Y25.1154
G01 X6.0343Y25.7510
G01 X4.9166Y26.2797
G01 X3.7523Y26.6963
G01 X2.5529Y26.9967
G01 X1.3298Y27.1782
G01 X0.0947Y27.2388
G01 X-1.1100Y27.1797
G01 X-1.1100Y26.7788
G01 X-1.1011Y26.7801
G01 X0.0947Y26.8388
G01 X1.2906Y26.7801
G01 X1.8836Y26.6921
G00 Z20.0000
G00 X1.4483Y26.3528
G01 Z20.0000
G01 X1.2514Y26.3820
G01 X0.0947Y26.4388
G01 X-1.0619Y26.3820
G01 X-1.1100Y26.3749
G01 X-1.1100Y25.9710
G01 X-1.0226Y25.9839
G01 X0.0947Y26.0388
G01 X1.2135Y25.9837
G00 Z20.0000
G00 X1.1035Y25.5893
G01 Z20.0000
G01 X0.0947Y25.6388
G01 X-0.9834Y25.5859
G01 X-1.1100Y25.5671
G01 X-1.1100Y25.1632
G01 X-0.9442Y25.1878
G01 X0.0947Y25.2388
G01 X1.1067Y25.1891
G00 Z20.0000
G00 X1.2360Y24.7687
G01 Z20.0000
G01 X1.0945Y24.7897
G01 X0.0947Y24.8388
G01 X-0.9050Y24.7897
G01 X-1.1100Y24.7593
G01 X-1.1100Y24.3554
G01 X-0.8658Y24.3916
G01 X0.0947Y24.4388
G01 X1.0553Y24.3916
G01 X1.5814Y24.3136
G00 Z20.0000
G00 X2.9559Y24.0110
G01 Z20.0000
G01 X3.8450Y23.6929
G01 X4.7144Y23.2817
G01 X4.9598Y23.1346
G00 Z20.0000
G00 X4.4074Y22.9850
G01 Z20.0000
G01 X3.6920Y23.3233
G01 X2.8234Y23.6341
G01 X1.9286Y23.8582
G01 X1.0161Y23.9936
G01 X0.0947Y24.0388
G01 X-0.8266Y23.9936
G01 X-1.1100Y23.9515
G01 X-1.1100Y23.5476
G01 X-0.7874Y23.5955
G01 X0.0947Y23.6388
G01 X0.9769Y23.5955
G01 X1.8506Y23.4659
G01 X2.7073Y23.2513
G01 X3.5389Y22.9538
G01 X4.0250Y22.7238
G00 Z20.0000
G00 X3.7634Y22.4056
G01 Z20.0000
G01 X3.3858Y22.5842
G01 X2.5912Y22.8685
G01 X1.7725Y23.0736
G01 X0.9377Y23.1974
G01 X0.0947Y23.2388
G01 X-0.7482Y23.1974
G01 X-1.1100Y23.1438
G01 X-1.1100Y22.7399
G01 X-0.7090Y22.7994
G01 X0.0947Y22.8388
G01 X0.8985Y22.7994
G01 X1.6945Y22.6813
G01 X2.4751Y22.4857
G01 X3.2328Y22.2147
G01 X3.5975Y22.0421
G00 Z20.0000
G00 X3.5316Y21.6314
G01 Z20.0000
G01 X3.0797Y21.8451
G01 X2.3590Y22.1030
G01 X1.6165Y22.2890
G01 X0.8593Y22.4013
G01 X0.0947Y22.4388
G01 X-0.6698Y22.4013
G01 X-1.1100Y22.3360
G01 X-1.1100Y21.9321
G01 X-0.6306Y22.0032
G01 X0.0947Y22.0388
G01 X0.8201Y22.0032
G01 X1.5384Y21.8966
G01 X2.2429Y21.7202
G01 X2.9266Y21.4755
G01 X3.5831Y21.1651
G01 X3.5912Y21.1602
G00 Z20.0000
G00 X5.1387Y20.0424
G01 Z20.0000
G01 X5.3273Y19.8714
G01 X5.8150Y19.3333
G01 X6.2476Y18.7501
G01 X6.6210Y18.1272
G01 X6.9315Y17.4707
G01 X7.1761Y16.7869
G01 X7.2273Y16.5826
G00 Z20.0000
G00 X6.8061Y16.6200
G01 Z20.0000
G01 X6.7933Y16.6708
G01 X6.5619Y17.3176
G01 X6.2682Y17.9386
G01 X5.9150Y18.5278
G01 X5.5058Y19.0796
G01 X5.0445Y19.5886
G01 X4.5355Y20.0499
G01 X3.9837Y20.4591
G01 X3.3945Y20.8123
G01 X2.7735Y21.1060
G01 X2.1267Y21.3374
G01 X1.4604Y21.5043
G01 X0.7809Y21.6051
G01 X0.0947Y21.6388
G01 X-0.5914Y21.6051
G01 X-1.1100Y21.5282
G01 X-1.1100Y21.1243
G01 X-0.5522Y21.2071
G01 X0.0947Y21.2388
G01 X0.7417Y21.2071
G01 X1.3823Y21.1120
G01 X2.0106Y20.9546
G01 X2.6205Y20.7364
G01 X3.2060Y20.4595
G01 X3.7615Y20.1265
G01 X4.2817Y19.7407
G01 X4.7617Y19.3057
G01 X5.1966Y18.8258
G01 X5.5824Y18.3056
G01 X5.9154Y17.7501
G01 X6.1924Y17.1645
G01 X6.3872Y16.6200
G01 X5.9629Y16.6200
G01 X5.8228Y17.0115
G01 X5.5627Y17.5615
G01 X5.2499Y18.0834
G01 X4.8874Y18.5721
G01 X4.4788Y19.0229
G01 X4.0280Y19.4315
G01 X3.5393Y19.7939
G01 X3.0174Y20.1067
G01 X2.4674Y20.3669
G01 X1.8945Y20.5719
G01 X1.3043Y20.7197
G01 X0.7025Y20.8090
G01 X0.0947Y20.8388
G01 X-0.5130Y20.8090
G01 X-1.1100Y20.7204
G01 X-1.1100Y20.3091
G01 X-1.0368Y20.3274
G01 X-0.4738Y20.4109
G01 X0.0947Y20.4388
G01 X0.6632Y20.4109
G01 X1.2263Y20.3274
G01 X1.7784Y20.1891
G01 X2.3143Y19.9973
G01 X2.8289Y19.7540
G01 X3.3171Y19.4614
G01 X3.7742Y19.1223
G01 X4.1960Y18.7401
G01 X4.5782Y18.3183
G01 X4.9173Y17.8611
G01 X5.2099Y17.3729
G01 X5.4533Y16.8584
G01 X5.5448Y16.6026
G00 Z20.0000
G00 X5.1944Y16.3958
G01 Z20.0000
G01 X5.0837Y16.7053
G01 X4.8571Y17.1844
G01 X4.5847Y17.6389
G01 X4.2690Y18.0646
G01 X3.9131Y18.4572
G01 X3.5205Y18.8131
G01 X3.0948Y19.1288
G01 X2.6403Y19.4012
G01 X2.1612Y19.6278
G01 X1.6623Y19.8063
G01 X1.1482Y19.9351
G01 X0.6240Y20.0128
G01 X0.0947Y20.0388
G01 X-0.4345Y20.0128
G01 X-0.9587Y19.9351
G01 X-1.1100Y19.8972
G01 X-1.1100Y19.4853
G01 X-0.8807Y19.5428
G01 X-0.3953Y19.6148
G01 X0.0947Y19.6388
G01 X0.5848Y19.6148
G01 X1.0702Y19.5428
G01 X1.5462Y19.4235
G01 X2.0082Y19.2582
G01 X2.4517Y19.0484
G01 X2.8726Y18.7962
G01 X3.2667Y18.5039
G01 X3.6303Y18.1744
G01 X3.9598Y17.8108
G01 X4.2521Y17.4167
G01 X4.5044Y16.9958
G01 X4.7141Y16.5523
G01 X4.8795Y16.0903
G01 X4.9987Y15.6143
G01 X5.0250Y15.4368
G00 Z20.0000
G00 X5.0933Y14.6691
G01 Z20.0000
G01 X5.0947Y14.6388
G01 X5.0707Y14.1488
G01 X4.9987Y13.6634
G01 X4.8795Y13.1874
G01 X4.7141Y12.7254
G01 X4.5044Y12.2819
G01 X4.2521Y11.8610
G01 X3.9598Y11.4669
G01 X3.6303Y11.1033
G01 X3.2667Y10.7738
G01 X2.8726Y10.4815
G01 X2.4517Y10.2292
G01 X2.0082Y10.0194
G01 X1.5462Y9.8541
G01 X1.0702Y9.7349
G01 X0.5848Y9.6629
G01 X0.0947Y9.6388
G01 X-0.3953Y9.6629
G01 X-0.8807Y9.7349
G01 X-1.1100Y9.7923
G01 X-1.1100Y9.3805
G01 X-0.9587Y9.3426
G01 X-0.4345Y9.2648
G01 X0.0947Y9.2388
G01 X0.6240Y9.2648
G01 X1.1482Y9.3426
G01 X1.6623Y9.4714
G01 X2.1612Y9.6499
G01 X2.6403Y9.8765
G01 X3.0948Y10.1489
G01 X3.5205Y10.4646
G01 X3.9131Y10.8205
G01 X4.2690Y11.2131
G01 X4.5847Y11.6388
G01 X4.8571Y12.0933
G01 X5.0250Y12.4482
G00 Z20.0000
G00 X5.0890Y11.7030
G01 Z20.0000
G01 X4.9173Y11.4165
G01 X4.5782Y10.9594
G01 X4.1960Y10.5376
G01 X3.7742Y10.1554
G01 X3.3171Y9.8163
G01 X2.8289Y9.5237
G01 X2.3143Y9.2803
G01 X1.7784Y9.0886
G01 X1.2263Y8.9503
G01 X0.6632Y8.8668
G01 X0.0947Y8.8388
G01 X-0.4738Y8.8668
G01 X-1.0368Y8.9503
G01 X-1.1100Y8.9686
G01 X-1.1100Y8.5573
G01 X-0.5130Y8.4687
G01 X0.0947Y8.4388
G01 X0.7025Y8.4687
G01 X1.3043Y8.5580
G01 X1.8945Y8.7058
G01 X2.4674Y8.9108
G01 X3.0174Y9.1709
G01 X3.5393Y9.4837
G01 X4.0280Y9.8462
G01 X4.4788Y10.2548
G01 X4.8874Y10.7056
G01 X5.2499Y11.1943
G01 X5.3739Y11.4012
G00 Z20.0000
G00 X5.7910Y11.3200
G01 Z20.0000
G01 X5.5824Y10.9721
G01 X5.1966Y10.4518
G01 X4.7617Y9.9719
G01 X4.2817Y9.5370
G01 X3.7615Y9.1511
G01 X3.2060Y8.8182
G01 X2.6205Y8.5412
G01 X2.0106Y8.3230
G01 X1.3823Y8.1657
G01 X0.7417Y8.0706
G01 X0.0947Y8.0388
G01 X-0.5522Y8.0706
G01 X-1.1100Y8.1534
G01 X-1.1100Y7.7495
G01 X-0.5914Y7.6725
G01 X0.0947Y7.6388
G01 X0.7809Y7.6725
G01 X1.4604Y7.7733
G01 X2.1267Y7.9403
G01 X2.7735Y8.1717
G01 X3.3945Y8.4654
G01 X3.9837Y8.8186
G01 X4.5355Y9.2278
G01 X5.0445Y9.6891
G01 X5.5058Y10.1981
G01 X5.9150Y10.7498
G01 X6.2568Y11.3200
G01 X6.7011Y11.3200
G01 X6.6210Y11.1505
G01 X6.2476Y10.5276
G01 X5.8150Y9.9443
G01 X5.3273Y9.4062
G01 X4.7893Y8.9186
G01 X4.2060Y8.4860
G01 X3.5831Y8.1126
G01 X2.9266Y7.8021
G01 X2.2429Y7.5575
G01 X1.5384Y7.3810
G01 X0.8201Y7.2745
G01 X0.0947Y7.2388
G01 X-0.6306Y7.2745
G01 X-1.1100Y7.3456
G01 X-1.1100Y6.9417
G01 X-0.6698Y6.8764
G01 X0.0947Y6.8388
G01 X0.8593Y6.8764
G01 X1.6165Y6.9887
G01 X2.3590Y7.1747
G01 X3.0797Y7.4326
G01 X3.7716Y7.7599
G01 X4.4282Y8.1534
G01 X5.0430Y8.6094
G01 X5.6102Y9.1234
G01 X6.1242Y9.6906
G01 X6.5802Y10.3054
G01 X6.9737Y10.9619
G01 X7.1508Y11.3363
G00 Z20.0000
G00 X7.6750Y12.8382
G01 Z20.0000
G01 X7.7449Y13.1171
G01 X7.8572Y13.8743
G01 X7.8947Y14.6388
G01 X7.8572Y15.4034
G01 X7.7449Y16.1605
G01 X7.5589Y16.9031
G01 X7.3010Y17.6238
G01 X6.9737Y18.3157
G01 X6.5802Y18.9723
G01 X6.1242Y19.5871
G01 X5.6234Y20.1397
G00 Z20.0000
G00 X5.9863Y20.3342
G01 Z20.0000
G01 X6.4334Y19.8409
G01 X6.9128Y19.1945
G01 X7.3265Y18.5043
G01 X7.6706Y17.7768
G01 X7.9417Y17.0192
G01 X8.1372Y16.2386
G01 X8.2553Y15.4426
G01 X8.2947Y14.6388
G01 X8.2553Y13.8351
G01 X8.1372Y13.0391
G01 X7.9417Y12.2585
G01 X7.6706Y11.5008
G01 X7.3265Y10.7734
G01 X6.9128Y10.0832
G01 X6.4334Y9.4368
G01 X5.8930Y8.8406
G01 X5.2968Y8.3002
G01 X4.6504Y7.8208
G01 X3.9602Y7.4071
G01 X3.2328Y7.0630
G01 X2.4751Y6.7919
G01 X1.6945Y6.5964
G01 X0.8985Y6.4783
G01 X0.0947Y6.4388
G01 X-0.7090Y6.4783
G01 X-1.1100Y6.5378
G01 X-1.1100Y6.1339
G01 X-0.7482Y6.0802
G01 X0.0947Y6.0388
G01 X0.9377Y6.0802
G01 X1.5937Y6.1776
G00 Z20.0000
G00 X1.2407Y5.7213
G01 Z20.0000
G01 X0.9769Y5.6822
G01 X0.0947Y5.6388
G01 X-0.7874Y5.6822
G01 X-1.1100Y5.7300
G01 X-1.1100Y5.3261
G01 X-0.8266Y5.2841
G01 X0.0947Y5.2388
G01 X1.0161Y5.2841
G01 X1.1077Y5.2977
G00 Z20.0000
G00 X1.1031Y4.8931
G01 Z20.0000
G01 X1.0553Y4.8860
G01 X0.0947Y4.8388
G01 X-0.8658Y4.8860
G01 X-1.1100Y4.9222
G01 X-1.1100Y4.5184
G01 X-0.9050Y4.4880
G01 X0.0947Y4.4388
G01 X1.0945Y4.4880
G01 X1.2094Y4.5050
G00 Z20.0000
G00 X1.4409Y4.1354
G01 Z20.0000
G01 X1.1337Y4.0899
G01 X0.0947Y4.0388
G01 X-0.9442Y4.0899
G01 X-1.1100Y4.1145
G01 X-1.1100Y3.7106
G01 X-0.9834Y3.6918
G01 X0.0947Y3.6388
G01 X1.1729Y3.6918
G01 X1.8687Y3.7950
G00 Z20.0000
G00 X3.7472Y4.2768
G01 Z20.0000
G01 X4.3043Y4.4762
G01 X5.2801Y4.9377
G01 X6.0597Y5.4050
G00 Z20.0000
G00 X5.3975Y5.4739
G01 Z20.0000
G01 X5.0916Y5.2905
G01 X4.1512Y4.8457
G01 X3.9574Y4.7764
G00 Z20.0000
G00 X3.9899Y5.0702
G01 Z20.0000
G01 X3.9895Y5.0996
G01 X3.9834Y5.2172
G01 X3.9806Y5.2416
G01 X3.9630Y5.3581
G01 X3.9578Y5.3820
G01 X3.9289Y5.4962
G01 X3.9214Y5.5196
G01 X3.8814Y5.6303
G01 X3.8717Y5.6528
G01 X3.8210Y5.7592
G01 X3.8091Y5.7806
G01 X3.7483Y5.8815
G01 X3.7343Y5.9016
G01 X3.6639Y5.9960
G01 X3.6480Y6.0147
G01 X3.5687Y6.1018
G01 X3.5511Y6.1188
G01 X3.4636Y6.1977
G01 X3.4444Y6.2129
G01 X3.3496Y6.2829
G01 X3.3290Y6.2961
G01 X3.2278Y6.3564
G01 X3.2060Y6.3676
G01 X3.0994Y6.4177
G01 X3.0766Y6.4267
G01 X2.9656Y6.4661
G01 X2.9420Y6.4728
G01 X2.8277Y6.5011
G01 X2.8035Y6.5055
G01 X2.6870Y6.5225
G01 X2.6625Y6.5245
G01 X2.5449Y6.5299
G01 X2.5204Y6.5295
G01 X2.4028Y6.5234
G01 X2.3784Y6.5206
G01 X2.2619Y6.5030
G01 X2.2380Y6.4978
G01 X2.1238Y6.4689
G01 X2.1004Y6.4614
G01 X1.9897Y6.4214
G01 X1.9672Y6.4117
G01 X1.8608Y6.3610
G01 X1.8394Y6.3491
G01 X1.7385Y6.2883
G01 X1.7184Y6.2743
G01 X1.6240Y6.2039
G01 X1.6053Y6.1880
G01 X1.5182Y6.1087
G01 X1.5012Y6.0911
G01 X1.4223Y6.0036
G01 X1.4071Y5.9844
G01 X1.3371Y5.8896
G01 X1.3239Y5.8690
G01 X1.2636Y5.7678
G01 X1.2524Y5.7460
G01 X1.2023Y5.6394
G01 X1.1933Y5.6166
G01 X1.1539Y5.5056
G01 X1.1472Y5.4820
G01 X1.1189Y5.3677
G01 X1.1145Y5.3435
G01 X1.0975Y5.2270
G01 X1.0955Y5.2025
G01 X1.0901Y5.0849
G01 X1.0905Y5.0604
G01 X1.0966Y4.9428
G01 X1.0994Y4.9184
G01 X1.1170Y4.8019
G01 X1.1222Y4.7780
G01 X1.1511Y4.6638
G01 X1.1586Y4.6404
G01 X1.1986Y4.5297
G01 X1.2083Y4.5072
G01 X1.2590Y4.4008
G01 X1.2709Y4.3794
G01 X1.3317Y4.2785
G01 X1.3457Y4.2584
G01 X1.4161Y4.1640
G01 X1.4320Y4.1453
G01 X1.5113Y4.0582
G01 X1.5289Y4.0412
G01 X1.6164Y3.9623
G01 X1.6356Y3.9471
G01 X1.7304Y3.8771
G01 X1.7510Y3.8639
G01 X1.8522Y3.8036
G01 X1.8740Y3.7924
G01 X1.9806Y3.7423
G01 X2.0034Y3.7333
G01 X2.1144Y3.6939
G01 X2.1380Y3.6872
G01 X2.2523Y3.6589
G01 X2.2765Y3.6545
G01 X2.3930Y3.6375
G01 X2.4175Y3.6355
G01 X2.5351Y3.6301
G01 X2.5596Y3.6305
G01 X2.6772Y3.6366
G01 X2.7016Y3.6394
G01 X2.8181Y3.6570
G01 X2.8420Y3.6622
G01 X2.9562Y3.6911
G01 X2.9796Y3.6986
G01 X3.0903Y3.7386
G01 X3.1128Y3.7483
G01 X3.2192Y3.7990
G01 X3.2406Y3.8109
G01 X3.3415Y3.8717
G01 X3.3616Y3.8857
G01 X3.4560Y3.9561
G01 X3.4747Y3.9720
G01 X3.5618Y4.0513
G01 X3.5788Y4.0689
G01 X3.6577Y4.1564
G01 X3.6729Y4.1756
G01 X3.7429Y4.2704
G01 X3.7561Y4.2910
G01 X3.8164Y4.3922
G01 X3.8276Y4.4140
G01 X3.8777Y4.5206
G01 X3.8867Y4.5434
G01 X3.9261Y4.6544
G01 X3.9328Y4.6780
G01 X3.9611Y4.7923
G01 X3.9655Y4.8165
G01 X3.9825Y4.9330
G01 X3.9845Y4.9575
G01 X3.9899Y5.0702
G00 Z20.0000
G00 X3.9840Y5.2102
G01 Z20.0000
G01 X3.9981Y5.2153
G01 X4.9030Y5.6432
G01 X5.1016Y5.7623
G00 Z20.0000
G00 X5.0250Y6.1822
G01 Z20.0000
G01 X4.7144Y5.9960
G01 X3.8904Y5.6063
G00 Z20.0000
G00 X3.6944Y5.9555
G01 Z20.0000
G01 X4.5259Y6.3488
G01 X5.0250Y6.6479
G00 Z20.0000
G00 X5.0279Y7.1155
G01 Z20.0000
G01 X4.3373Y6.7015
G01 X3.5389Y6.3239
G01 X3.3742Y6.2650
G00 Z20.0000
G00 X2.8402Y6.4983
G01 Z20.0000
G01 X3.3858Y6.6935
G01 X4.1488Y7.0543
G01 X4.8727Y7.4882
G01 X5.5505Y7.9909
G01 X6.1759Y8.5577
G01 X6.7426Y9.1831
G01 X7.2454Y9.8609
G01 X7.6793Y10.5848
G01 X8.0401Y11.3478
G01 X8.3244Y12.1424
G01 X8.5295Y12.9611
G01 X8.6533Y13.7959
G01 X8.6947Y14.6388
G01 X8.6533Y15.4818
G01 X8.5295Y16.3166
G01 X8.3244Y17.1353
G01 X8.0401Y17.9299
G01 X7.6793Y18.6928
G01 X7.2454Y19.4167
G01 X6.7426Y20.0946
G01 X6.2783Y20.6069
G00 Z20.0000
G00 X6.3500Y20.7027
G01 Z20.0000
G01 X6.4098Y20.6222
G01 X6.4250Y20.6029
G01 X6.5104Y20.5082
G01 X6.5346Y20.4838
G01 X6.6218Y20.4047
G01 X6.6522Y20.3798
G01 X6.7548Y20.3040
G01 X6.7755Y20.2907
G01 X6.8723Y20.2327
G01 X6.8937Y20.2208
G01 X7.0089Y20.1659
G01 X7.0314Y20.1562
G01 X7.1514Y20.1129
G01 X7.1890Y20.1015
G01 X7.3032Y20.0730
G01 X7.3370Y20.0664
G01 X7.4486Y20.0499
G01 X7.4730Y20.0470
G01 X7.6004Y20.0405
G01 X7.6396Y20.0405
G01 X7.7670Y20.0470
G01 X7.7914Y20.0499
G01 X7.9030Y20.0664
G01 X7.9415Y20.0741
G01 X8.0510Y20.1015
G01 X8.0746Y20.1082
G01 X8.1948Y20.1509
G01 X8.2311Y20.1659
G01 X8.3463Y20.2208
G01 X8.3677Y20.2327
G01 X8.4645Y20.2907
G01 X8.4852Y20.3040
G01 X8.5878Y20.3798
G01 X8.6182Y20.4047
G01 X8.7054Y20.4838
G01 X8.7296Y20.5082
G01 X8.8150Y20.6029
G01 X8.8302Y20.6222
G01 X8.8900Y20.7027
G01 X8.9498Y20.6222
G01 X8.9650Y20.6029
G01 X9.0504Y20.5082
G01 X9.0746Y20.4838
G01 X9.1618Y20.4047
G01 X9.1922Y20.3798
G01 X9.2948Y20.3040
G01 X9.3155Y20.2907
G01 X9.4123Y20.2327
G01 X9.4337Y20.2208
G01 X9.5489Y20.1659
G01 X9.5714Y20.1562
G01 X9.6914Y20.1129
G01 X9.7290Y20.1015
G01 X9.8432Y20.0730
G01 X9.8770Y20.0664
G01 X9.9886Y20.0499
G01 X10.0130Y20.0470
G01 X10.1404Y20.0405
G01 X10.1796Y20.0405
G01 X10.3070Y20.0470
G01 X10.3314Y20.0499
G01 X10.4430Y20.0664
G01 X10.4815Y20.0741
G01 X10.5910Y20.1015
G01 X10.6146Y20.1082
G01 X10.7348Y20.1509
G01 X10.7711Y20.1659
G01 X10.8863Y20.2208
G01 X10.9077Y20.2327
G01 X11.0045Y20.2907
G01 X11.0252Y20.3040
G01 X11.1278Y20.3798
G01 X11.1582Y20.4047
G01 X11.2454Y20.4838
G01 X11.2696Y20.5082
G01 X11.3550Y20.6029
G01 X11.3702Y20.6222
G01 X11.4300Y20.7027
G01 X11.4898Y20.6222
G01 X11.5050Y20.6029
G01 X11.5904Y20.5082
G01 X11.6146Y20.4838
G01 X11.7018Y20.4047
G01 X11.7322Y20.3798
G01 X11.8348Y20.3040
G01 X11.8555Y20.2907
G01 X11.9565Y20.2302
G01 X11.9869Y20.2142
G01 X12.1023Y20.1599
G01 X12.1252Y20.1509
G01 X12.2314Y20.1129
G01 X12.2548Y20.1054
G01 X12.3785Y20.0741
G01 X12.4024Y20.0689
G01 X12.5286Y20.0499
G01 X12.5677Y20.0460
G01 X12.6804Y20.0405
G01 X12.7049Y20.0401
G01 X12.8323Y20.0460
G01 X12.8714Y20.0499
G01 X12.9879Y20.0672
G01 X13.0215Y20.0741
G01 X13.1310Y20.1015
G01 X13.1546Y20.1082
G01 X13.2748Y20.1509
G01 X13.3111Y20.1659
G01 X13.4131Y20.2142
G01 X13.4350Y20.2254
G01 X13.5445Y20.2907
G01 X13.5772Y20.3125
G01 X13.6795Y20.3888
G01 X13.6982Y20.4047
G01 X13.7818Y20.4804
G01 X13.8096Y20.5082
G01 X13.8950Y20.6029
G01 X13.9102Y20.6222
G01 X13.9700Y20.7027
G01 X14.0298Y20.6222
G01 X14.0450Y20.6029
G01 X14.1304Y20.5082
G01 X14.1475Y20.4906
G01 X14.2418Y20.4047
G01 X14.2605Y20.3888
G01 X14.3628Y20.3125
G01 X14.3830Y20.2985
G01 X14.4923Y20.2327
G01 X14.5137Y20.2208
G01 X14.6289Y20.1659
G01 X14.6514Y20.1562
G01 X14.7714Y20.1129
G01 X14.7948Y20.1054
G01 X14.9185Y20.0741
G01 X14.9521Y20.0672
G01 X15.0832Y20.0480
G01 X15.1077Y20.0460
G01 X15.2204Y20.0405
G01 X15.2596Y20.0405
G01 X15.3723Y20.0460
G01 X15.3968Y20.0480
G01 X15.5230Y20.0664
G01 X15.5615Y20.0741
G01 X15.6710Y20.1015
G01 X15.6946Y20.1082
G01 X15.8286Y20.1562
G01 X15.8511Y20.1659
G01 X15.9531Y20.2142
G01 X15.9877Y20.2327
G01 X16.0845Y20.2907
G01 X16.1052Y20.3040
G01 X16.2195Y20.3888
G01 X16.2382Y20.4047
G01 X16.3218Y20.4804
G01 X16.3496Y20.5082
G01 X16.4350Y20.6029
G01 X16.4502Y20.6222
G01 X16.5100Y20.7027
G01 X16.5698Y20.6222
G01 X16.5850Y20.6029
G01 X16.6704Y20.5082
G01 X16.6982Y20.4804
G01 X16.7818Y20.4047
G01 X16.8005Y20.3888
G01 X16.9028Y20.3125
G01 X16.9355Y20.2907
G01 X17.0450Y20.2254
G01 X17.0669Y20.2142
G01 X17.1689Y20.1659
G01 X17.2052Y20.1509
G01 X17.3254Y20.1082
G01 X17.3490Y20.1015
G01 X17.4585Y20.0741
G01 X17.4970Y20.0664
G01 X17.6086Y20.0499
G01 X17.6330Y20.0470
G01 X17.7604Y20.0405
G01 X17.7996Y20.0405
G01 X17.9123Y20.0460
G01 X17.9368Y20.0480
G01 X18.0630Y20.0664
G01 X18.0872Y20.0708
G01 X18.2110Y20.1015
G01 X18.2346Y20.1082
G01 X18.3548Y20.1509
G01 X18.3777Y20.1599
G01 X18.4931Y20.2142
G01 X18.5277Y20.2327
G01 X18.6245Y20.2907
G01 X18.6452Y20.3040
G01 X18.7478Y20.3798
G01 X18.7782Y20.4047
G01 X18.8654Y20.4838
G01 X18.8896Y20.5082
G01 X18.9750Y20.6029
G01 X18.9902Y20.6222
G01 X19.0500Y20.7027
G01 X19.1098Y20.6222
G01 X19.1250Y20.6029
G01 X19.2104Y20.5082
G01 X19.2275Y20.4906
G01 X19.3218Y20.4047
G01 X19.3405Y20.3888
G01 X19.4428Y20.3125
G01 X19.4630Y20.2985
G01 X19.5723Y20.2327
G01 X19.5937Y20.2208
G01 X19.7089Y20.1659
G01 X19.7314Y20.1562
G01 X19.8514Y20.1129
G01 X19.8748Y20.1054
G01 X19.9985Y20.0741
G01 X20.0321Y20.0672
G01 X20.1632Y20.0480
G01 X20.1877Y20.0460
G01 X20.3004Y20.0405
G01 X20.3396Y20.0405
G01 X20.4523Y20.0460
G01 X20.4768Y20.0480
G01 X20.6176Y20.0689
G01 X20.6415Y20.0741
G01 X20.7510Y20.1015
G01 X20.7886Y20.1129
G01 X20.9086Y20.1562
G01 X20.9311Y20.1659
G01 X21.0331Y20.2142
G01 X21.0677Y20.2327
G01 X21.1645Y20.2907
G01 X21.1852Y20.3040
G01 X21.2995Y20.3888
G01 X21.3182Y20.4047
G01 X21.4018Y20.4804
G01 X21.4296Y20.5082
G01 X21.5150Y20.6029
G01 X21.5302Y20.6222
G01 X21.5900Y20.7027
G01 X21.6498Y20.6222
G01 X21.6650Y20.6029
G01 X21.7504Y20.5082
G01 X21.7782Y20.4804
G01 X21.8618Y20.4047
G01 X21.8805Y20.3888
G01 X21.9828Y20.3125
G01 X22.0155Y20.2907
G01 X22.1250Y20.2254
G01 X22.1469Y20.2142
G01 X22.2489Y20.1659
G01 X22.2852Y20.1509
G01 X22.4054Y20.1082
G01 X22.4290Y20.1015
G01 X22.5385Y20.0741
G01 X22.5721Y20.0672
G01 X22.6886Y20.0499
G01 X22.7277Y20.0460
G01 X22.8404Y20.0405
G01 X22.8649Y20.0401
G01 X22.9923Y20.0460
G01 X23.0314Y20.0499
G01 X23.1576Y20.0689
G01 X23.1815Y20.0741
G01 X23.3052Y20.1054
G01 X23.3286Y20.1129
G01 X23.4486Y20.1562
G01 X23.4711Y20.1659
G01 X23.5863Y20.2208
G01 X23.6077Y20.2327
G01 X23.7170Y20.2985
G01 X23.7372Y20.3125
G01 X23.8395Y20.3888
G01 X23.8582Y20.4047
G01 X23.9525Y20.4906
G01 X23.9696Y20.5082
G01 X24.0550Y20.6029
G01 X24.0702Y20.6222
G01 X24.1460Y20.7248
G01 X24.1593Y20.7455
G01 X24.2246Y20.8550
G01 X24.2358Y20.8769
G01 X24.2901Y20.9923
G01 X24.2991Y21.0152
G01 X24.3418Y21.1354
G01 X24.3485Y21.1590
G01 X24.3792Y21.2828
G01 X24.3836Y21.3070
G01 X24.4020Y21.4332
G01 X24.4040Y21.4577
G01 X24.4099Y21.5851
G01 X24.4095Y21.6096
G01 X24.4040Y21.7223
G01 X24.4008Y21.7565
G01 X24.3836Y21.8730
G01 X24.3759Y21.9115
G01 X24.3485Y22.0210
G01 X24.3418Y22.0446
G01 X24.2991Y22.1648
G01 X24.2841Y22.2011
G01 X24.2358Y22.3031
G01 X24.2246Y22.3250
G01 X24.1593Y22.4345
G01 X24.1460Y22.4552
G01 X24.0702Y22.5578
G01 X24.0550Y22.5771
G01 X23.9696Y22.6718
G01 X23.9418Y22.6996
G01 X23.8582Y22.7753
G01 X23.8395Y22.7912
G01 X23.7372Y22.8675
G01 X23.7170Y22.8815
G01 X23.6077Y22.9473
G01 X23.5863Y22.9592
G01 X23.4711Y23.0141
G01 X23.4486Y23.0238
G01 X23.3146Y23.0718
G01 X23.2910Y23.0785
G01 X23.1672Y23.1092
G01 X23.1430Y23.1136
G01 X23.0168Y23.1320
G01 X22.9923Y23.1340
G01 X22.8747Y23.1397
G01 X22.8404Y23.1395
G01 X22.7277Y23.1340
G01 X22.7032Y23.1320
G01 X22.5770Y23.1136
G01 X22.5385Y23.1059
G01 X22.4290Y23.0785
G01 X22.4054Y23.0718
G01 X22.2852Y23.0291
G01 X22.2489Y23.0141
G01 X22.1337Y22.9592
G01 X22.1123Y22.9473
G01 X22.0155Y22.8893
G01 X21.9948Y22.8760
G01 X21.8922Y22.8002
G01 X21.8618Y22.7753
G01 X21.7746Y22.6962
G01 X21.7504Y22.6718
G01 X21.6650Y22.5771
G01 X21.6498Y22.5578
G01 X21.5900Y22.4773
G01 X21.5302Y22.5578
G01 X21.5150Y22.5771
G01 X21.4296Y22.6718
G01 X21.4054Y22.6962
G01 X21.3182Y22.7753
G01 X21.2878Y22.8002
G01 X21.1852Y22.8760
G01 X21.1645Y22.8893
G01 X21.0677Y22.9473
G01 X21.0463Y22.9592
G01 X20.9311Y23.0141
G01 X20.9086Y23.0238
G01 X20.7886Y23.0671
G01 X20.7510Y23.0785
G01 X20.6368Y23.1070
G01 X20.6030Y23.1136
G01 X20.4914Y23.1301
G01 X20.4670Y23.1330
G01 X20.3396Y23.1395
G01 X20.3004Y23.1395
G01 X20.1730Y23.1330
G01 X20.1486Y23.1301
G01 X20.0370Y23.1136
G01 X19.9985Y23.1059
G01 X19.8890Y23.0785
G01 X19.8654Y23.0718
G01 X19.7452Y23.0291
G01 X19.7089Y23.0141
G01 X19.5937Y22.9592
G01 X19.5723Y22.9473
G01 X19.4755Y22.8893
G01 X19.4548Y22.8760
G01 X19.3522Y22.8002
G01 X19.3218Y22.7753
G01 X19.2346Y22.6962
G01 X19.2104Y22.6718
G01 X19.1250Y22.5771
G01 X19.1098Y22.5578
G01 X19.0500Y22.4773
G01 X18.9902Y22.5578
G01 X18.9750Y22.5771
G01 X18.8896Y22.6718
G01 X18.8654Y22.6962
G01 X18.7782Y22.7753
G01 X18.7478Y22.8002
G01 X18.6452Y22.8760
G01 X18.6245Y22.8893
G01 X18.5235Y22.9498
G01 X18.4931Y22.9658
G01 X18.3777Y23.0201
G01 X18.3548Y23.0291
G01 X18.2486Y23.0671
G01 X18.2252Y23.0746
G01 X18.1015Y23.1059
G01 X18.0776Y23.1111
G01 X17.9514Y23.1301
G01 X17.9123Y23.1340
G01 X17.7996Y23.1395
G01 X17.7751Y23.1399
G01 X17.6477Y23.1340
G01 X17.6086Y23.1301
G01 X17.4921Y23.1128
G01 X17.4585Y23.1059
G01 X17.3490Y23.0785
G01 X17.3254Y23.0718
G01 X17.2052Y23.0291
G01 X17.1689Y23.0141
G01 X17.0669Y22.9658
G01 X17.0450Y22.9546
G01 X16.9355Y22.8893
G01 X16.9028Y22.8675
G01 X16.8005Y22.7912
G01 X16.7818Y22.7753
G01 X16.6982Y22.6996
G01 X16.6704Y22.6718
G01 X16.5850Y22.5771
G01 X16.5698Y22.5578
G01 X16.5100Y22.4773
G01 X16.4502Y22.5578
G01 X16.4350Y22.5771
G01 X16.3496Y22.6718
G01 X16.3254Y22.6962
G01 X16.2382Y22.7753
G01 X16.2078Y22.8002
G01 X16.1052Y22.8760
G01 X16.0845Y22.8893
G01 X15.9877Y22.9473
G01 X15.9531Y22.9658
G01 X15.8377Y23.0201
G01 X15.8148Y23.0291
G01 X15.6946Y23.0718
G01 X15.6710Y23.0785
G01 X15.5472Y23.1092
G01 X15.5230Y23.1136
G01 X15.3968Y23.1320
G01 X15.3723Y23.1340
G01 X15.2596Y23.1395
G01 X15.2204Y23.1395
G01 X15.0930Y23.1330
G01 X15.0686Y23.1301
G01 X14.9570Y23.1136
G01 X14.9185Y23.1059
G01 X14.8090Y23.0785
G01 X14.7854Y23.0718
G01 X14.6652Y23.0291
G01 X14.6289Y23.0141
G01 X14.5269Y22.9658
G01 X14.5050Y22.9546
G01 X14.3955Y22.8893
G01 X14.3628Y22.8675
G01 X14.2605Y22.7912
G01 X14.2418Y22.7753
G01 X14.1582Y22.6996
G01 X14.1304Y22.6718
G01 X14.0450Y22.5771
G01 X14.0298Y22.5578
G01 X13.9700Y22.4773
G01 X13.9102Y22.5578
G01 X13.8950Y22.5771
G01 X13.8096Y22.6718
G01 X13.7818Y22.6996
G01 X13.6982Y22.7753
G01 X13.6795Y22.7912
G01 X13.5652Y22.8760
G01 X13.5445Y22.8893
G01 X13.4477Y22.9473
G01 X13.4131Y22.9658
G01 X13.3111Y23.0141
G01 X13.2886Y23.0238
G01 X13.1546Y23.0718
G01 X13.1310Y23.0785
G01 X13.0215Y23.1059
G01 X12.9830Y23.1136
G01 X12.8568Y23.1320
G01 X12.8323Y23.1340
G01 X12.7196Y23.1395
G01 X12.6804Y23.1395
G01 X12.5677Y23.1340
G01 X12.5432Y23.1320
G01 X12.4121Y23.1128
G01 X12.3785Y23.1059
G01 X12.2548Y23.0746
G01 X12.2314Y23.0671
G01 X12.1114Y23.0238
G01 X12.0889Y23.0141
G01 X11.9737Y22.9592
G01 X11.9523Y22.9473
G01 X11.8430Y22.8815
G01 X11.8228Y22.8675
G01 X11.7205Y22.7912
G01 X11.7018Y22.7753
G01 X11.6075Y22.6894
G01 X11.5904Y22.6718
G01 X11.5050Y22.5771
G01 X11.4898Y22.5578
G01 X11.4300Y22.4773
G01 X11.3702Y22.5578
G01 X11.3550Y22.5771
G01 X11.2696Y22.6718
G01 X11.2418Y22.6996
G01 X11.1582Y22.7753
G01 X11.1395Y22.7912
G01 X11.0372Y22.8675
G01 X11.0045Y22.8893
G01 X10.8950Y22.9546
G01 X10.8731Y22.9658
G01 X10.7711Y23.0141
G01 X10.7348Y23.0291
G01 X10.6146Y23.0718
G01 X10.5910Y23.0785
G01 X10.4815Y23.1059
G01 X10.4430Y23.1136
G01 X10.3314Y23.1301
G01 X10.3070Y23.1330
G01 X10.1796Y23.1395
G01 X10.1404Y23.1395
G01 X10.0228Y23.1337
G01 X9.9886Y23.1301
G01 X9.8624Y23.1111
G01 X9.8385Y23.1059
G01 X9.7290Y23.0785
G01 X9.7054Y23.0718
G01 X9.5852Y23.0291
G01 X9.5623Y23.0201
G01 X9.4469Y22.9658
G01 X9.4165Y22.9498
G01 X9.3155Y22.8893
G01 X9.2948Y22.8760
G01 X9.1922Y22.8002
G01 X9.1618Y22.7753
G01 X9.0746Y22.6962
G01 X9.0504Y22.6718
G01 X8.9650Y22.5771
G01 X8.9498Y22.5578
G01 X8.8900Y22.4773
G01 X8.8302Y22.5578
G01 X8.8150Y22.5771
G01 X8.7296Y22.6718
G01 X8.7054Y22.6962
G01 X8.6182Y22.7753
G01 X8.5878Y22.8002
G01 X8.4852Y22.8760
G01 X8.4645Y22.8893
G01 X8.3677Y22.9473
G01 X8.3463Y22.9592
G01 X8.2311Y23.0141
G01 X8.1948Y23.0291
G01 X8.0746Y23.0718
G01 X8.0510Y23.0785
G01 X7.9415Y23.1059
G01 X7.9030Y23.1136
G01 X7.7914Y23.1301
G01 X7.7670Y23.1330
G01 X7.6396Y23.1395
G01 X7.6004Y23.1395
G01 X7.4828Y23.1337
G01 X7.4486Y23.1301
G01 X7.3224Y23.1111
G01 X7.2985Y23.1059
G01 X7.1890Y23.0785
G01 X7.1514Y23.0671
G01 X7.0314Y23.0238
G01 X7.0089Y23.0141
G01 X6.8937Y22.9592
G01 X6.8723Y22.9473
G01 X6.7755Y22.8893
G01 X6.7548Y22.8760
G01 X6.6522Y22.8002
G01 X6.6218Y22.7753
G01 X6.5346Y22.6962
G01 X6.5104Y22.6718
G01 X6.4250Y22.5771
G01 X6.4098Y22.5578
G01 X6.3500Y22.4773
G01 X6.2902Y22.5578
G01 X6.2750Y22.5771
G01 X6.1896Y22.6718
G01 X6.1654Y22.6962
G01 X6.0782Y22.7753
G01 X6.0478Y22.8002
G01 X5.9452Y22.8760
G01 X5.9245Y22.8893
G01 X5.8277Y22.9473
G01 X5.8063Y22.9592
G01 X5.6911Y23.0141
G01 X5.6548Y23.0291
G01 X5.5346Y23.0718
G01 X5.5110Y23.0785
G01 X5.4015Y23.1059
G01 X5.3630Y23.1136
G01 X5.2368Y23.1320
G01 X5.2123Y23.1340
G01 X5.0996Y23.1395
G01 X5.0653Y23.1397
G01 X4.9477Y23.1340
G01 X4.9086Y23.1301
G01 X4.7824Y23.1111
G01 X4.7585Y23.1059
G01 X4.6490Y23.0785
G01 X4.6114Y23.0671
G01 X4.4914Y23.0238
G01 X4.4689Y23.0141
G01 X4.3669Y22.9658
G01 X4.3450Y22.9546
G01 X4.2355Y22.8893
G01 X4.2148Y22.8760
G01 X4.1122Y22.8002
G01 X4.0818Y22.7753
G01 X3.9875Y22.6894
G01 X3.9704Y22.6718
G01 X3.8947Y22.5882
G01 X3.8698Y22.5578
G01 X3.7940Y22.4552
G01 X3.7807Y22.4345
G01 X3.7154Y22.3250
G01 X3.7042Y22.3031
G01 X3.6499Y22.1877
G01 X3.6409Y22.1648
G01 X3.5982Y22.0446
G01 X3.5915Y22.0210
G01 X3.5608Y21.8972
G01 X3.5564Y21.8730
G01 X3.5380Y21.7468
G01 X3.5360Y21.7223
G01 X3.5301Y21.5949
G01 X3.5305Y21.5704
G01 X3.5370Y21.4430
G01 X3.5399Y21.4186
G01 X3.5589Y21.2924
G01 X3.5641Y21.2685
G01 X3.5954Y21.1448
G01 X3.6029Y21.1214
G01 X3.6462Y21.0014
G01 X3.6559Y20.9789
G01 X3.7108Y20.8637
G01 X3.7227Y20.8423
G01 X3.7885Y20.7330
G01 X3.8025Y20.7128
G01 X3.8788Y20.6105
G01 X3.8947Y20.5918
G01 X3.9806Y20.4975
G01 X3.9982Y20.4804
G01 X4.0929Y20.3950
G01 X4.1122Y20.3798
G01 X4.2148Y20.3040
G01 X4.2355Y20.2907
G01 X4.3450Y20.2254
G01 X4.3669Y20.2142
G01 X4.4823Y20.1599
G01 X4.5052Y20.1509
G01 X4.6254Y20.1082
G01 X4.6490Y20.1015
G01 X4.7728Y20.0708
G01 X4.7970Y20.0664
G01 X4.9232Y20.0480
G01 X4.9477Y20.0460
G01 X5.0751Y20.0401
G01 X5.0996Y20.0405
G01 X5.2270Y20.0470
G01 X5.2514Y20.0499
G01 X5.3776Y20.0689
G01 X5.4015Y20.0741
G01 X5.5252Y20.1054
G01 X5.5486Y20.1129
G01 X5.6686Y20.1562
G01 X5.6911Y20.1659
G01 X5.8063Y20.2208
G01 X5.8277Y20.2327
G01 X5.9370Y20.2985
G01 X5.9572Y20.3125
G01 X6.0595Y20.3888
G01 X6.0782Y20.4047
G01 X6.1725Y20.4906
G01 X6.1896Y20.5082
G01 X6.2750Y20.6029
G01 X6.2902Y20.6222
G01 X6.3500Y20.7027
G00 Z20.0000
G00 X7.2454Y20.0874
G01 Z20.0000
G01 X7.5780Y19.6390
G01 X8.0320Y18.8814
G01 X8.4097Y18.0830
G01 X8.7072Y17.2514
G01 X8.9218Y16.3947
G01 X8.9354Y16.3030
G00 Z20.0000
G00 X9.2863Y16.5838
G01 Z20.0000
G01 X9.0900Y17.3675
G01 X8.7792Y18.2361
G01 X8.3848Y19.0700
G01 X7.9106Y19.8612
G01 X7.7723Y20.0476
G00 Z20.0000
G00 X8.1935Y20.1504
G01 Z20.0000
G01 X8.2432Y20.0834
G01 X8.7376Y19.2585
G01 X9.1488Y18.3891
G01 X9.4728Y17.4836
G01 X9.6891Y16.6200
G01 X10.1001Y16.6200
G01 X10.0988Y16.6288
G01 X9.8555Y17.5997
G01 X9.5183Y18.5422
G01 X9.0903Y19.4471
G01 X8.5757Y20.3057
G01 X8.5446Y20.3477
G00 Z20.0000
G00 X8.8343Y20.6277
G01 Z20.0000
G01 X8.9083Y20.5279
G01 X9.4431Y19.6356
G01 X9.8879Y18.6953
G01 X10.2383Y17.7159
G01 X10.4911Y16.7068
G01 X10.5039Y16.6200
G00 Z20.0000
G00 X10.9088Y16.6135
G01 Z20.0000
G01 X10.8834Y16.7848
G01 X10.6211Y17.8320
G01 X10.2574Y18.8484
G01 X9.7959Y19.8242
G01 X9.6041Y20.1441
G00 Z20.0000
G00 X10.1318Y20.0409
G01 Z20.0000
G01 X10.1487Y20.0128
G01 X10.6270Y19.0014
G01 X11.0039Y17.9481
G01 X11.2757Y16.8629
G01 X11.3513Y16.3529
G01 X12.6452Y15.9656
G01 X12.6450Y14.9625
G01 X12.6460Y14.9340
G01 X12.6509Y14.8746
G01 X12.6555Y14.8464
G01 X12.6650Y14.8021
G01 X12.6742Y14.7677
G01 X12.6944Y14.7116
G01 X12.7084Y14.6788
G01 X12.7364Y14.6262
G01 X12.7549Y14.5957
G01 X12.7945Y14.5420
G01 X12.8035Y14.5309
G01 X12.8225Y14.5096
G01 X12.8701Y14.4628
G01 X12.8976Y14.4401
G01 X12.9340Y14.4131
G01 X12.9577Y14.3972
G01 X13.0160Y14.3648
G01 X13.0418Y14.3525
G01 X13.0550Y14.3470
G01 X13.1177Y14.3242
G01 X13.1521Y14.3150
G01 X13.1964Y14.3055
G01 X13.2246Y14.3009
G01 X13.2840Y14.2960
G01 X13.3125Y14.2950
G01 X14.6275Y14.2950
G01 X14.6549Y14.2960
G01 X14.7124Y14.3006
G01 X14.7396Y14.3046
G01 X14.7589Y14.3085
G01 X14.8073Y14.3201
G01 X14.8412Y14.3302
G01 X14.8632Y14.3385
G01 X14.9056Y14.3561
G01 X14.9234Y14.3643
G01 X14.9545Y14.3811
G01 X15.0037Y14.4114
G01 X15.0354Y14.4344
G01 X15.0794Y14.4718
G01 X15.1049Y14.4962
G01 X15.1208Y14.5136
G01 X15.1556Y14.5546
G01 X15.1720Y14.5766
G01 X15.1829Y14.5930
G01 X15.2089Y14.6355
G01 X15.2257Y14.6666
G01 X15.2354Y14.6880
G01 X15.2558Y14.7378
G01 X15.2646Y14.7638
G01 X15.2709Y14.7865
G01 X15.2832Y14.8388
G01 X15.2879Y14.8659
G01 X15.2905Y14.8893
G01 X15.2945Y14.9429
G01 X15.2950Y15.9525
G01 X15.2940Y15.9799
G01 X15.2905Y16.0257
G01 X15.2854Y16.0646
G01 X15.2807Y16.0877
G01 X15.2699Y16.1323
G01 X15.2646Y16.1512
G01 X15.2558Y16.1772
G01 X15.2339Y16.2306
G01 X15.2185Y16.2624
G01 X15.2089Y16.2795
G01 X15.1786Y16.3287
G01 X15.1628Y16.3511
G01 X15.1506Y16.3665
G01 X15.1208Y16.4014
G01 X15.1049Y16.4188
G01 X15.0852Y16.4380
G01 X15.0415Y16.4756
G01 X15.0261Y16.4878
G01 X14.9970Y16.5079
G01 X14.9478Y16.5379
G01 X14.9234Y16.5507
G01 X14.9020Y16.5604
G01 X14.8522Y16.5808
G01 X14.8262Y16.5896
G01 X14.8035Y16.5959
G01 X14.7512Y16.6082
G01 X14.7241Y16.6129
G01 X14.7007Y16.6155
G01 X14.6392Y16.6198
G01 X13.3086Y16.6200
G01 X13.2812Y16.6188
G01 X13.2354Y16.6151
G01 X13.2159Y16.6129
G01 X13.1888Y16.6082
G01 X13.1327Y16.5949
G01 X13.1138Y16.5896
G01 X13.0878Y16.5808
G01 X13.0272Y16.5557
G01 X12.9922Y16.5379
G01 X12.9363Y16.5036
G01 X12.9046Y16.4806
G01 X12.8636Y16.4458
G01 X12.8462Y16.4299
G01 X12.8218Y16.4044
G01 X12.7844Y16.3604
G01 X12.7614Y16.3287
G01 X12.7331Y16.2829
G01 X12.7215Y16.2624
G01 X12.7061Y16.2306
G01 X12.6871Y16.1846
G01 X12.6802Y16.1662
G01 X12.6701Y16.1323
G01 X12.6585Y16.0839
G01 X12.6546Y16.0646
G01 X12.6499Y16.0296
G01 X12.6452Y15.9656
G00 Z20.0000
G00 X12.6450Y15.6515
G01 Z20.0000
G01 X12.6341Y15.8739
G01 X12.4526Y17.0970
G01 X12.1522Y18.2964
G01 X11.7356Y19.4606
G01 X11.2498Y20.4879
G00 Z20.0000
G00 X10.9239Y20.2424
G01 Z20.0000
G01 X11.3661Y19.3076
G01 X11.7694Y18.1803
G01 X12.0603Y17.0189
G01 X12.2360Y15.8346
G01 X12.2947Y14.6388
G01 X12.2360Y13.4430
G01 X12.0603Y12.2587
G01 X11.7694Y11.0974
G01 X11.3661Y9.9701
G01 X10.8542Y8.8878
G01 X10.2387Y7.8609
G01 X10.0061Y7.5472
G00 Z20.0000
G00 X9.6394Y7.7235
G01 Z20.0000
G01 X9.9061Y8.0831
G01 X10.5014Y9.0764
G01 X10.9965Y10.1232
G01 X11.3866Y11.2135
G01 X11.6680Y12.3368
G01 X11.8379Y13.4822
G01 X11.8947Y14.6388
G01 X11.8379Y15.7954
G01 X11.6680Y16.9409
G01 X11.3866Y18.0642
G01 X10.9965Y19.1545
G01 X10.5531Y20.0920
G01 X11.7487Y20.3675
G01 X12.1052Y19.6137
G01 X12.5350Y18.4125
G01 X12.8450Y17.1750
G01 X12.9438Y16.5084
G00 Z20.0000
G00 X13.3312Y16.6200
G01 Z20.0000
G01 X13.2373Y17.2530
G01 X12.9177Y18.5287
G01 X12.4747Y19.7668
G01 X12.3228Y20.0880
G00 Z20.0000
G00 X12.7857Y20.0437
G01 Z20.0000
G01 X12.8443Y19.9199
G01 X13.3005Y18.6448
G01 X13.6296Y17.3311
G01 X13.7351Y16.6200
G01 X14.1390Y16.6200
G01 X14.0219Y17.4091
G01 X13.6833Y18.7609
G01 X13.2138Y20.0729
G01 X13.1911Y20.1210
G00 Z20.0000
G00 X13.5509Y20.2947
G01 Z20.0000
G01 X13.5834Y20.2260
G01 X14.0661Y18.8770
G01 X14.4142Y17.4872
G01 X14.5428Y16.6200
G00 Z20.0000
G00 X14.9600Y16.5306
G01 Z20.0000
G01 X14.8065Y17.5652
G01 X14.4489Y18.9931
G01 X13.9529Y20.3791
G01 X13.8636Y20.5679
G01 X14.4126Y20.2805
G01 X14.8316Y19.1092
G01 X15.1988Y17.6432
G01 X15.4206Y16.1483
G01 X15.4947Y14.6388
G01 X15.4206Y13.1294
G01 X15.2950Y12.2827
G00 Z20.0000
G00 X15.2007Y11.6470
G01 Z20.0000
G01 X15.1988Y11.6344
G01 X14.8316Y10.1685
G01 X14.3225Y8.7455
G01 X13.8422Y7.7300
G01 X14.2841Y7.7300
G01 X14.6920Y8.5924
G01 X15.2144Y10.0523
G01 X15.5912Y11.5564
G01 X15.8187Y13.0902
G01 X15.8947Y14.6388
G01 X15.8187Y16.1875
G01 X15.5912Y17.7213
G01 X15.2144Y19.2253
G01 X14.9100Y20.0762
G00 Z20.0000
G00 X15.3456Y20.0447
G01 Z20.0000
G01 X15.5972Y19.3414
G01 X15.9835Y17.7993
G01 X16.2167Y16.2267
G01 X16.2947Y14.6388
G01 X16.2167Y13.0510
G01 X15.9835Y11.4784
G01 X15.5972Y9.9362
G01 X15.0616Y8.4394
G01 X14.7228Y7.7230
G00 Z20.0000
G00 X15.0829Y7.5501
G01 Z20.0000
G01 X15.4311Y8.2863
G01 X15.9800Y9.8201
G01 X16.3758Y11.4003
G01 X16.4569Y11.9473
G00 Z20.0000
G00 X16.7818Y11.4144
G01 Z20.0000
G01 X16.7681Y11.3223
G01 X16.3627Y9.7040
G01 X15.8007Y8.1332
G01 X15.5831Y7.6731
G00 Z20.0000
G00 X16.0519Y7.7300
G01 Z20.0000
G01 X16.1703Y7.9801
G01 X16.7455Y9.5879
G01 X17.1604Y11.2443
G01 X17.1716Y11.3200
G01 X17.5755Y11.3200
G01 X17.5527Y11.1662
G01 X17.1283Y9.4718
G01 X16.5398Y7.8271
G01 X16.4939Y7.7300
G01 X16.9294Y7.7300
G01 X17.5111Y9.3557
G01 X17.9450Y11.0882
G01 X17.9794Y11.3200
G01 X18.3833Y11.3200
G01 X18.3374Y11.0102
G01 X17.8938Y9.2395
G01 X17.3449Y7.7055
G00 Z20.0000
G00 X17.6883Y7.4792
G01 Z20.0000
G01 X18.2766Y9.1234
G01 X18.7297Y10.9321
G01 X18.8035Y11.4299
G01 X20.4358Y11.5426
G01 X20.2989Y10.6200
G01 X19.8077Y8.6590
G01 X19.4753Y7.7300
G00 Z20.0000
G00 X19.8904Y7.7041
G01 Z20.0000
G01 X20.1905Y8.5429
G01 X20.6912Y10.5419
G01 X20.8084Y11.3319
G00 Z20.0000
G00 X21.2105Y11.3200
G01 Z20.0000
G01 X21.0836Y10.4639
G01 X20.5733Y8.4267
G01 X20.2325Y7.4742
G00 Z20.0000
G00 X20.7378Y7.7008
G01 Z20.0000
G01 X20.9560Y8.3106
G01 X21.4759Y10.3859
G01 X21.6144Y11.3200
G01 X22.0183Y11.3200
G01 X21.8682Y10.3078
G01 X21.3388Y8.1945
G01 X21.1726Y7.7300
G01 X21.5969Y7.7300
G01 X21.7216Y8.0784
G01 X22.2605Y10.2298
G01 X22.4259Y11.3447
G00 Z20.0000
G00 X22.6397Y13.5174
G01 Z20.0000
G01 X22.6860Y14.4603
G00 Z20.0000
G00 X22.2779Y14.2962
G01 Z20.0000
G01 X22.2459Y13.6450
G00 Z20.0000
G00 X22.2606Y13.6448
G01 Z20.0000
G01 X20.9325Y13.6450
G01 X20.9012Y13.6438
G01 X20.8554Y13.6401
G01 X20.8359Y13.6379
G01 X20.7973Y13.6307
G01 X20.7451Y13.6179
G01 X20.7188Y13.6098
G01 X20.6968Y13.6015
G01 X20.6472Y13.5807
G01 X20.6122Y13.5629
G01 X20.5563Y13.5286
G01 X20.5339Y13.5128
G01 X20.5155Y13.4981
G01 X20.4748Y13.4630
G01 X20.4551Y13.4438
G01 X20.4392Y13.4264
G01 X20.4044Y13.3854
G01 X20.3814Y13.3537
G01 X20.3471Y13.2978
G01 X20.3293Y13.2628
G01 X20.3085Y13.2132
G01 X20.3002Y13.1912
G01 X20.2891Y13.1535
G01 X20.2768Y13.1012
G01 X20.2721Y13.0741
G01 X20.2699Y13.0546
G01 X20.2660Y13.0049
G01 X20.2650Y12.9775
G01 X20.2650Y11.9875
G01 X20.2660Y11.9601
G01 X20.2706Y11.9026
G01 X20.2746Y11.8754
G01 X20.2793Y11.8523
G01 X20.2921Y11.8001
G01 X20.3002Y11.7738
G01 X20.3085Y11.7518
G01 X20.3293Y11.7022
G01 X20.3415Y11.6776
G01 X20.3531Y11.6571
G01 X20.3814Y11.6113
G01 X20.3972Y11.5889
G01 X20.4119Y11.5705
G01 X20.4470Y11.5298
G01 X20.4662Y11.5101
G01 X20.4836Y11.4942
G01 X20.5246Y11.4594
G01 X20.5563Y11.4364
G01 X20.6122Y11.4021
G01 X20.6472Y11.3843
G01 X20.6968Y11.3635
G01 X20.7338Y11.3504
G01 X20.7565Y11.3441
G01 X20.8088Y11.3318
G01 X20.8359Y11.3271
G01 X20.8593Y11.3245
G01 X20.9051Y11.3210
G01 X20.9325Y11.3200
G01 X22.2671Y11.3205
G01 X22.3246Y11.3249
G01 X22.3596Y11.3296
G01 X22.3827Y11.3343
G01 X22.4349Y11.3471
G01 X22.4612Y11.3552
G01 X22.4832Y11.3635
G01 X22.5328Y11.3843
G01 X22.5574Y11.3965
G01 X22.5779Y11.4081
G01 X22.6237Y11.4364
G01 X22.6461Y11.4522
G01 X22.6645Y11.4669
G01 X22.7052Y11.5020
G01 X22.7249Y11.5212
G01 X22.7408Y11.5386
G01 X22.7756Y11.5796
G01 X22.7986Y11.6113
G01 X22.8269Y11.6571
G01 X22.8385Y11.6776
G01 X22.8539Y11.7094
G01 X22.8758Y11.7628
G01 X22.8879Y11.8001
G01 X22.9032Y11.8638
G01 X22.9094Y11.9026
G01 X22.9138Y11.9562
G01 X22.9150Y11.9875
G01 X22.9150Y12.9814
G01 X22.9138Y13.0088
G01 X22.9101Y13.0546
G01 X22.9079Y13.0741
G01 X22.9032Y13.1012
G01 X22.8909Y13.1535
G01 X22.8846Y13.1762
G01 X22.8758Y13.2022
G01 X22.8507Y13.2628
G01 X22.8329Y13.2978
G01 X22.7986Y13.3537
G01 X22.7756Y13.3854
G01 X22.7408Y13.4264
G01 X22.7249Y13.4438
G01 X22.6994Y13.4682
G01 X22.6554Y13.5056
G01 X22.6237Y13.5286
G01 X22.5779Y13.5569
G01 X22.5574Y13.5685
G01 X22.5256Y13.5839
G01 X22.4796Y13.6029
G01 X22.4612Y13.6098
G01 X22.4273Y13.6199
G01 X22.3789Y13.6315
G01 X22.3596Y13.6354
G01 X22.3246Y13.6401
G01 X22.2606Y13.6448
G00 Z20.0000
G00 X21.8459Y13.6450
G01 Z20.0000
G01 X21.8779Y14.2950
G01 X21.4779Y14.2950
G01 X21.4459Y13.6450
G01 X21.0459Y13.6450
G01 X21.0779Y14.2950
G00 Z20.0000
G00 X20.9202Y14.2952
G01 Z20.0000
G01 X22.2475Y14.2950
G01 X22.2788Y14.2962
G01 X22.3246Y14.2999
G01 X22.3441Y14.3021
G01 X22.3827Y14.3093
G01 X22.4349Y14.3221
G01 X22.4612Y14.3302
G01 X22.4832Y14.3385
G01 X22.5328Y14.3593
G01 X22.5678Y14.3771
G01 X22.6237Y14.4114
G01 X22.6461Y14.4272
G01 X22.6645Y14.4419
G01 X22.7052Y14.4770
G01 X22.7249Y14.4962
G01 X22.7408Y14.5136
G01 X22.7756Y14.5546
G01 X22.7986Y14.5863
G01 X22.8329Y14.6422
G01 X22.8507Y14.6772
G01 X22.8715Y14.7268
G01 X22.8798Y14.7488
G01 X22.8909Y14.7865
G01 X22.9032Y14.8388
G01 X22.9079Y14.8659
G01 X22.9101Y14.8854
G01 X22.9140Y14.9351
G01 X22.9150Y14.9625
G01 X22.9150Y15.9525
G01 X22.9140Y15.9799
G01 X22.9094Y16.0374
G01 X22.9054Y16.0646
G01 X22.9007Y16.0877
G01 X22.8879Y16.1399
G01 X22.8798Y16.1662
G01 X22.8715Y16.1882
G01 X22.8507Y16.2378
G01 X22.8385Y16.2624
G01 X22.8269Y16.2829
G01 X22.7986Y16.3287
G01 X22.7828Y16.3511
G01 X22.7681Y16.3695
G01 X22.7330Y16.4103
G01 X22.7138Y16.4299
G01 X22.6964Y16.4458
G01 X22.6554Y16.4806
G01 X22.6237Y16.5036
G01 X22.5678Y16.5379
G01 X22.5328Y16.5557
G01 X22.4832Y16.5765
G01 X22.4612Y16.5848
G01 X22.4349Y16.5929
G01 X22.3827Y16.6057
G01 X22.3441Y16.6129
G01 X22.3207Y16.6155
G01 X22.2749Y16.6190
G01 X22.2475Y16.6200
G01 X20.9129Y16.6195
G01 X20.8593Y16.6155
G01 X20.8359Y16.6129
G01 X20.8011Y16.6065
G01 X20.7451Y16.5929
G01 X20.7188Y16.5848
G01 X20.6968Y16.5765
G01 X20.6472Y16.5557
G01 X20.6226Y16.5435
G01 X20.6021Y16.5319
G01 X20.5563Y16.5036
G01 X20.5339Y16.4878
G01 X20.5155Y16.4731
G01 X20.4747Y16.4380
G01 X20.4551Y16.4188
G01 X20.4392Y16.4014
G01 X20.4044Y16.3604
G01 X20.3814Y16.3287
G01 X20.3531Y16.2829
G01 X20.3415Y16.2624
G01 X20.3261Y16.2306
G01 X20.3042Y16.1772
G01 X20.2921Y16.1399
G01 X20.2768Y16.0762
G01 X20.2706Y16.0374
G01 X20.2662Y15.9838
G01 X20.2650Y15.9525
G01 X20.2650Y14.9590
G01 X20.2660Y14.9340
G01 X20.2709Y14.8746
G01 X20.2755Y14.8464
G01 X20.2866Y14.7952
G01 X20.2902Y14.7814
G01 X20.2987Y14.7541
G01 X20.3225Y14.6918
G01 X20.3381Y14.6597
G01 X20.3672Y14.6077
G01 X20.3831Y14.5840
G01 X20.4101Y14.5476
G01 X20.4328Y14.5201
G01 X20.4796Y14.4725
G01 X20.5009Y14.4535
G01 X20.5120Y14.4445
G01 X20.5657Y14.4049
G01 X20.5962Y14.3864
G01 X20.6360Y14.3648
G01 X20.6618Y14.3525
G01 X20.7174Y14.3311
G01 X20.7377Y14.3242
G01 X20.7652Y14.3166
G01 X20.8305Y14.3029
G01 X20.8659Y14.2987
G01 X20.9202Y14.2952
G00 Z20.0000
G00 X20.6803Y14.3449
G01 Z20.0000
G01 X20.6427Y13.5786
G01 X20.2947Y14.6388
G01 X20.2872Y14.7930
G01 X20.2947Y14.6388
G01 X20.1975Y12.6589
G01 X19.9066Y10.6980
G01 X19.4249Y8.7751
G01 X19.0510Y7.7300
G01 X18.6267Y7.7300
G01 X19.0422Y8.8912
G01 X19.5143Y10.7760
G01 X19.7994Y12.6981
G01 X19.8947Y14.6388
G01 X19.7994Y16.5796
G01 X19.5143Y18.5016
G01 X19.0422Y20.3865
G01 X18.9677Y20.5945
G00 Z20.0000
G00 X18.6469Y20.3052
G01 Z20.0000
G01 X18.6594Y20.2704
G01 X19.1220Y18.4236
G01 X19.4013Y16.5404
G01 X19.4947Y14.6388
G01 X19.4013Y12.7373
G01 X19.1220Y10.8541
G01 X18.6594Y9.0073
G01 X18.1912Y7.6988
G00 Z20.0000
G00 X17.7871Y5.7922
G01 Z20.0000
G01 X17.5568Y5.3052
G01 X17.2250Y4.7517
G00 Z20.0000
G00 X17.5979Y4.5966
G01 Z20.0000
G01 X17.9096Y5.1166
G01 X18.0822Y5.4817
G00 Z20.0000
G00 X18.4879Y5.4050
G01 Z20.0000
G01 X18.2623Y4.9281
G01 X18.1245Y4.6981
G00 Z20.0000
G00 X18.6224Y4.7550
G01 Z20.0000
G01 X18.9299Y5.4050
G01 X19.3718Y5.4050
G01 X19.0644Y4.7550
G01 X19.5063Y4.7550
G01 X19.8182Y5.4144
G00 Z20.0000
G00 X20.3885Y5.6859
G01 Z20.0000
G01 X19.9301Y4.7166
G00 Z20.0000
G00 X20.2550Y4.4690
G01 Z20.0000
G01 X20.7150Y5.4416
G00 Z20.0000
G00 X21.1396Y5.4050
G01 Z20.0000
G01 X20.8282Y4.7466
G00 Z20.0000
G00 X21.2741Y4.7550
G01 Z20.0000
G01 X21.5816Y5.4050
G01 X22.0235Y5.4050
G01 X21.7161Y4.7550
G01 X22.1580Y4.7550
G01 X22.4526Y5.3779
G01 X22.4770Y5.4461
G01 X23.9670Y4.8668
G01 X23.9308Y4.7656
G01 X22.8483Y2.4768
G01 X21.5467Y0.3051
G01 X21.4909Y0.2300
G01 X21.9674Y0.2300
G01 X23.2011Y2.2882
G01 X24.1640Y4.3242
G00 Z20.0000
G00 X24.4471Y3.9884
G01 Z20.0000
G01 X23.5539Y2.0997
G01 X22.4332Y0.2300
G01 X22.8990Y0.2300
G01 X23.9066Y1.9111
G01 X24.7850Y3.7683
G00 Z20.0000
G00 X25.1707Y3.6494
G01 Z20.0000
G01 X24.2594Y1.7226
G01 X23.3648Y0.2300
G01 X23.8306Y0.2300
G01 X24.6122Y1.5340
G01 X25.6114Y3.6468
G00 Z20.0000
G00 X26.1430Y3.8363
G01 Z20.0000
G01 X24.9649Y1.3454
G01 X24.2964Y0.2300
G01 X24.7621Y0.2300
G01 X25.3177Y1.1569
G01 X26.5177Y3.6941
G01 X27.4632Y6.3367
G01 X28.1452Y9.0593
G01 X28.5570Y11.8355
G01 X28.6947Y14.6388
G01 X28.5570Y17.4421
G01 X28.1452Y20.2184
G01 X27.4632Y22.9410
G01 X26.7610Y24.9035
G00 Z20.0000
G00 X26.8499Y25.3902
G01 Z20.0000
G01 X26.8495Y25.4196
G01 X26.8434Y25.5372
G01 X26.8406Y25.5616
G01 X26.8230Y25.6781
G01 X26.8178Y25.7020
G01 X26.7889Y25.8162
G01 X26.7814Y25.8396
G01 X26.7414Y25.9503
G01 X26.7317Y25.9728
G01 X26.6810Y26.0792
G01 X26.6691Y26.1006
G01 X26.6083Y26.2015
G01 X26.5943Y26.2216
G01 X26.5239Y26.3160
G01 X26.5080Y26.3347
G01 X26.4287Y26.4218
G01 X26.4111Y26.4388
G01 X26.3236Y26.5177
G01 X26.3044Y26.5329
G01 X26.2096Y26.6029
G01 X26.1890Y26.6161
G01 X26.0878Y26.6764
G01 X26.0660Y26.6876
G01 X25.9594Y26.7377
G01 X25.9366Y26.7467
G01 X25.8256Y26.7861
G01 X25.8020Y26.7928
G01 X25.6877Y26.8211
G01 X25.6635Y26.8255
G01 X25.5470Y26.8425
G01 X25.5225Y26.8445
G01 X25.4049Y26.8499
G01 X25.3804Y26.8495
G01 X25.2628Y26.8434
G01 X25.2384Y26.8406
G01 X25.1219Y26.8230
G01 X25.0980Y26.8178
G01 X24.9838Y26.7889
G01 X24.9604Y26.7814
G01 X24.8497Y26.7414
G01 X24.8272Y26.7317
G01 X24.7208Y26.6810
G01 X24.6994Y26.6691
G01 X24.5985Y26.6083
G01 X24.5784Y26.5943
G01 X24.4840Y26.5239
G01 X24.4653Y26.5080
G01 X24.3782Y26.4287
G01 X24.3612Y26.4111
G01 X24.2823Y26.3236
G01 X24.2671Y26.3044
G01 X24.1971Y26.2096
G01 X24.1839Y26.1890
G01 X24.1236Y26.0878
G01 X24.1124Y26.0660
G01 X24.0623Y25.9594
G01 X24.0533Y25.9366
G01 X24.0139Y25.8256
G01 X24.0072Y25.8020
G01 X23.9789Y25.6877
G01 X23.9745Y25.6635
G01 X23.9575Y25.5470
G01 X23.9555Y25.5225
G01 X23.9501Y25.4049
G01 X23.9505Y25.3804
G01 X23.9566Y25.2628
G01 X23.9594Y25.2384
G01 X23.9770Y25.1219
G01 X23.9822Y25.0980
G01 X24.0111Y24.9838
G01 X24.0186Y24.9604
G01 X24.0586Y24.8497
G01 X24.0683Y24.8272
G01 X24.1190Y24.7208
G01 X24.1309Y24.6994
G01 X24.1917Y24.5985
G01 X24.2057Y24.5784
G01 X24.2761Y24.4840
G01 X24.2920Y24.4653
G01 X24.3713Y24.3782
G01 X24.3889Y24.3612
G01 X24.4764Y24.2823
G01 X24.4956Y24.2671
G01 X24.5904Y24.1971
G01 X24.6110Y24.1839
G01 X24.7122Y24.1236
G01 X24.7340Y24.1124
G01 X24.8406Y24.0623
G01 X24.8634Y24.0533
G01 X24.9744Y24.0139
G01 X24.9980Y24.0072
G01 X25.1123Y23.9789
G01 X25.1365Y23.9745
G01 X25.2530Y23.9575
G01 X25.2775Y23.9555
G01 X25.3951Y23.9501
G01 X25.4196Y23.9505
G01 X25.5372Y23.9566
G01 X25.5616Y23.9594
G01 X25.6781Y23.9770
G01 X25.7020Y23.9822
G01 X25.8162Y24.0111
G01 X25.8396Y24.0186
G01 X25.9503Y24.0586
G01 X25.9728Y24.0683
G01 X26.0792Y24.1190
G01 X26.1006Y24.1309
G01 X26.2015Y24.1917
G01 X26.2216Y24.2057
G01 X26.3160Y24.2761
G01 X26.3347Y24.2920
G01 X26.4218Y24.3713
G01 X26.4388Y24.3889
G01 X26.5177Y24.4764
G01 X26.5329Y24.4956
G01 X26.6029Y24.5904
G01 X26.6161Y24.6110
G01 X26.6764Y24.7122
G01 X26.6876Y24.7340
G01 X26.7377Y24.8406
G01 X26.7467Y24.8634
G01 X26.7861Y24.9744
G01 X26.7928Y24.9980
G01 X26.8211Y25.1123
G01 X26.8255Y25.1365
G01 X26.8425Y25.2530
G01 X26.8445Y25.2775
G01 X26.8499Y25.3902
G00 Z20.0000
G00 X26.4976Y24.4538
G01 Z20.0000
G01 X27.0805Y22.8249
G01 X27.7529Y20.1404
G01 X28.1590Y17.4029
G01 X28.2947Y14.6388
G01 X28.1590Y11.8748
G01 X27.7529Y9.1373
G01 X27.0805Y6.4528
G01 X26.7640Y5.5683
G00 Z20.0000
G00 X26.8499Y5.0702
G01 Z20.0000
G01 X26.8495Y5.0996
G01 X26.8434Y5.2172
G01 X26.8406Y5.2416
G01 X26.8230Y5.3581
G01 X26.8178Y5.3820
G01 X26.7889Y5.4962
G01 X26.7814Y5.5196
G01 X26.7414Y5.6303
G01 X26.7317Y5.6528
G01 X26.6810Y5.7592
G01 X26.6691Y5.7806
G01 X26.6083Y5.8815
G01 X26.5943Y5.9016
G01 X26.5239Y5.9960
G01 X26.5080Y6.0147
G01 X26.4287Y6.1018
G01 X26.4111Y6.1188
G01 X26.3236Y6.1977
G01 X26.3044Y6.2129
G01 X26.2096Y6.2829
G01 X26.1890Y6.2961
G01 X26.0878Y6.3564
G01 X26.0660Y6.3676
G01 X25.9594Y6.4177
G01 X25.9366Y6.4267
G01 X25.8256Y6.4661
G01 X25.8020Y6.4728
G01 X25.6877Y6.5011
G01 X25.6635Y6.5055
G01 X25.5470Y6.5225
G01 X25.5225Y6.5245
G01 X25.4049Y6.5299
G01 X25.3804Y6.5295
G01 X25.2628Y6.5234
G01 X25.2384Y6.5206
G01 X25.1219Y6.5030
G01 X25.0980Y6.4978
G01 X24.9838Y6.4689
G01 X24.9604Y6.4614
G01 X24.8497Y6.4214
G01 X24.8272Y6.4117
G01 X24.7208Y6.3610
G01 X24.6994Y6.3491
G01 X24.5985Y6.2883
G01 X24.5784Y6.2743
G01 X24.4840Y6.2039
G01 X24.4653Y6.1880
G01 X24.3782Y6.1087
G01 X24.3612Y6.0911
G01 X24.2823Y6.0036
G01 X24.2671Y5.9844
G01 X24.1971Y5.8896
G01 X24.1839Y5.8690
G01 X24.1236Y5.7678
G01 X24.1124Y5.7460
G01 X24.0623Y5.6394
G01 X24.0533Y5.6166
G01 X24.0139Y5.5056
G01 X24.0072Y5.4820
G01 X23.9789Y5.3677
G01 X23.9745Y5.3435
G01 X23.9575Y5.2270
G01 X23.9555Y5.2025
G01 X23.9501Y5.0849
G01 X23.9505Y5.0604
G01 X23.9566Y4.9428
G01 X23.9594Y4.9184
G01 X23.9770Y4.8019
G01 X23.9822Y4.7780
G01 X24.0111Y4.6638
G01 X24.0186Y4.6404
G01 X24.0586Y4.5297
G01 X24.0683Y4.5072
G01 X24.1190Y4.4008
G01 X24.1309Y4.3794
G01 X24.1917Y4.2785
G01 X24.2057Y4.2584
G01 X24.2761Y4.1640
G01 X24.2920Y4.1453
G01 X24.3713Y4.0582
G01 X24.3889Y4.0412
G01 X24.4764Y3.9623
G01 X24.4956Y3.9471
G01 X24.5904Y3.8771
G01 X24.6110Y3.8639
G01 X24.7122Y3.8036
G01 X24.7340Y3.7924
G01 X24.8406Y3.7423
G01 X24.8634Y3.7333
G01 X24.9744Y3.6939
G01 X24.9980Y3.6872
G01 X25.1123Y3.6589
G01 X25.1365Y3.6545
G01 X25.2530Y3.6375
G01 X25.2775Y3.6355
G01 X25.3951Y3.6301
G01 X25.4196Y3.6305
G01 X25.5372Y3.6366
G01 X25.5616Y3.6394
G01 X25.6781Y3.6570
G01 X25.7020Y3.6622
G01 X25.8162Y3.6911
G01 X25.8396Y3.6986
G01 X25.9503Y3.7386
G01 X25.9728Y3.7483
G01 X26.0792Y3.7990
G01 X26.1006Y3.8109
G01 X26.2015Y3.8717
G01 X26.2216Y3.8857
G01 X26.3160Y3.9561
G01 X26.3347Y3.9720
G01 X26.4218Y4.0513
G01 X26.4388Y4.0689
G01 X26.5177Y4.1564
G01 X26.5329Y4.1756
G01 X26.6029Y4.2704
G01 X26.6161Y4.2910
G01 X26.6764Y4.3922
G01 X26.6876Y4.4140
G01 X26.7377Y4.5206
G01 X26.7467Y4.5434
G01 X26.7861Y4.6544
G01 X26.7928Y4.6780
G01 X26.8211Y4.7923
G01 X26.8255Y4.8165
G01 X26.8425Y4.9330
G01 X26.8445Y4.9575
G01 X26.8499Y5.0702
G00 Z20.0000
G00 X26.5018Y6.0216
G01 Z20.0000
G01 X26.6977Y6.5689
G01 X27.3606Y9.2153
G01 X27.7609Y11.9140
G01 X27.8947Y14.6388
G01 X27.7609Y17.3637
G01 X27.3606Y20.0623
G01 X26.6977Y22.7088
G01 X26.1733Y24.1744
G00 Z20.0000
G00 X25.8082Y24.0089
G01 Z20.0000
G01 X26.3149Y22.5926
G01 X26.9683Y19.9843
G01 X27.3628Y17.3245
G01 X27.4947Y14.6388
G01 X27.3628Y11.9532
G01 X26.9683Y9.2934
G01 X26.3149Y6.6850
G01 X26.1781Y6.3027
G00 Z20.0000
G00 X25.8135Y6.4697
G01 Z20.0000
G01 X25.9321Y6.8012
G01 X26.5760Y9.3714
G01 X26.9647Y11.9924
G01 X27.0947Y14.6388
G01 X26.9647Y17.2853
G01 X26.5760Y19.9063
G01 X25.9321Y22.4765
G01 X25.4049Y23.9501
G00 Z20.0000
G00 X24.9554Y24.0204
G01 Z20.0000
G01 X25.5494Y22.3604
G01 X26.1836Y19.8282
G01 X26.5667Y17.2461
G01 X26.6120Y16.3234
G00 Z20.0000
G00 X26.1982Y16.6043
G01 Z20.0000
G01 X26.1686Y17.2069
G01 X25.7913Y19.7502
G01 X25.1666Y22.2443
G01 X24.4189Y24.3340
G00 Z20.0000
G00 X23.9501Y25.4058
G01 Z20.0000
G01 X23.2011Y26.9894
G01 X21.9660Y29.0500
G01 X22.4318Y29.0500
G01 X23.5539Y27.1780
G01 X24.0961Y26.0315
G00 Z20.0000
G00 X24.3594Y26.4092
G01 Z20.0000
G01 X23.9066Y27.3665
G01 X22.8976Y29.0500
G01 X23.3634Y29.0500
G01 X24.2594Y27.5551
G01 X24.6831Y26.6593
G00 Z20.0000
G00 X25.0551Y26.8071
G01 Z20.0000
G01 X24.6122Y27.7437
G01 X23.8292Y29.0500
G01 X24.2950Y29.0500
G01 X24.9649Y27.9322
G01 X25.4784Y26.8466
G00 Z20.0000
G00 X25.9752Y26.7305
G01 Z20.0000
G01 X25.3177Y28.1208
G01 X24.7607Y29.0500
G01 X25.2265Y29.0500
G01 X25.6705Y28.3093
G01 X26.8873Y25.7367
G01 X27.8460Y23.0571
G01 X28.5375Y20.2965
G01 X28.9551Y17.4813
G01 X29.0500Y15.5497
G01 X29.0500Y13.7279
G01 X28.9551Y11.7963
G01 X28.5375Y8.9812
G01 X27.8460Y6.2206
G01 X26.8873Y3.5410
G01 X25.6705Y0.9683
G01 X25.2279Y0.2300
G01 X25.6937Y0.2300
G01 X26.0232Y0.7798
G01 X27.2568Y3.3879
G01 X28.2288Y6.1045
G01 X28.9298Y8.9032
G01 X29.0500Y9.7133
G01 X29.0500Y7.7387
G01 X28.6116Y5.9884
G01 X27.6264Y3.2349
G01 X26.3760Y0.5912
G01 X26.1595Y0.2300
G01 X26.6253Y0.2300
G01 X26.7288Y0.4027
G01 X27.9959Y3.0818
G01 X28.9943Y5.8722
G01 X29.0500Y6.0944
G01 X29.0500Y4.8419
G01 X28.3655Y2.9287
G01 X27.0891Y0.2300
G01 X27.5310Y0.2300
G01 X28.7350Y2.7757
G01 X29.0500Y3.6560
G01 X29.0500Y2.5072
G01 X27.9730Y0.2300
G01 X28.4149Y0.2300
G01 X29.0500Y1.5728
G01 X29.0500Y0.6384
G01 X28.8569Y0.2300
G00 Z20.0000
G00 X25.4107Y6.5298
G01 Z20.0000
G01 X25.5494Y6.9173
G01 X26.1836Y9.4494
G01 X26.4841Y11.4752
G00 Z20.0000
G00 X26.0572Y11.3200
G01 Z20.0000
G01 X25.7913Y9.5275
G01 X25.1666Y7.0334
G01 X24.9621Y6.4620
G00 Z20.0000
G00 X24.4276Y6.1539
G01 Z20.0000
G01 X24.7838Y7.1495
G01 X25.3990Y9.6055
G01 X25.6533Y11.3200
G00 Z20.0000
G00 X26.6299Y13.3193
G01 Z20.0000
G01 X26.6947Y14.6388
G01 X26.6894Y14.7478
G00 Z20.0000
G00 X26.2797Y14.3333
G01 Z20.0000
G01 X26.2446Y13.6180
G00 Z20.0000
G00 X26.0706Y13.6448
G01 Z20.0000
G01 X24.7425Y13.6450
G01 X24.7112Y13.6438
G01 X24.6654Y13.6401
G01 X24.6459Y13.6379
G01 X24.6073Y13.6307
G01 X24.5551Y13.6179
G01 X24.5288Y13.6098
G01 X24.5068Y13.6015
G01 X24.4572Y13.5807
G01 X24.4222Y13.5629
G01 X24.3663Y13.5286
G01 X24.3439Y13.5128
G01 X24.3255Y13.4981
G01 X24.2848Y13.4630
G01 X24.2651Y13.4438
G01 X24.2492Y13.4264
G01 X24.2144Y13.3854
G01 X24.1914Y13.3537
G01 X24.1571Y13.2978
G01 X24.1393Y13.2628
G01 X24.1185Y13.2132
G01 X24.1102Y13.1912
G01 X24.0991Y13.1535
G01 X24.0868Y13.1012
G01 X24.0821Y13.0741
G01 X24.0799Y13.0546
G01 X24.0760Y13.0049
G01 X24.0750Y12.9775
G01 X24.0750Y11.9875
G01 X24.0760Y11.9601
G01 X24.0806Y11.9026
G01 X24.0846Y11.8754
G01 X24.0893Y11.8523
G01 X24.1021Y11.8001
G01 X24.1102Y11.7738
G01 X24.1185Y11.7518
G01 X24.1393Y11.7022
G01 X24.1515Y11.6776
G01 X24.1631Y11.6571
G01 X24.1914Y11.6113
G01 X24.2072Y11.5889
G01 X24.2219Y11.5705
G01 X24.2570Y11.5298
G01 X24.2762Y11.5101
G01 X24.2936Y11.4942
G01 X24.3346Y11.4594
G01 X24.3663Y11.4364
G01 X24.4222Y11.4021
G01 X24.4572Y11.3843
G01 X24.5068Y11.3635
G01 X24.5438Y11.3504
G01 X24.5665Y11.3441
G01 X24.6188Y11.3318
G01 X24.6459Y11.3271
G01 X24.6693Y11.3245
G01 X24.7151Y11.3210
G01 X24.7425Y11.3200
G01 X26.0771Y11.3205
G01 X26.1346Y11.3249
G01 X26.1696Y11.3296
G01 X26.1927Y11.3343
G01 X26.2449Y11.3471
G01 X26.2712Y11.3552
G01 X26.2932Y11.3635
G01 X26.3428Y11.3843
G01 X26.3674Y11.3965
G01 X26.3879Y11.4081
G01 X26.4337Y11.4364
G01 X26.4561Y11.4522
G01 X26.4745Y11.4669
G01 X26.5152Y11.5020
G01 X26.5349Y11.5212
G01 X26.5508Y11.5386
G01 X26.5856Y11.5796
G01 X26.6086Y11.6113
G01 X26.6369Y11.6571
G01 X26.6485Y11.6776
G01 X26.6639Y11.7094
G01 X26.6858Y11.7628
G01 X26.6979Y11.8001
G01 X26.7132Y11.8638
G01 X26.7194Y11.9026
G01 X26.7238Y11.9562
G01 X26.7250Y11.9875
G01 X26.7250Y12.9814
G01 X26.7238Y13.0088
G01 X26.7201Y13.0546
G01 X26.7179Y13.0741
G01 X26.7132Y13.1012
G01 X26.7009Y13.1535
G01 X26.6946Y13.1762
G01 X26.6858Y13.2022
G01 X26.6607Y13.2628
G01 X26.6429Y13.2978
G01 X26.6086Y13.3537
G01 X26.5856Y13.3854
G01 X26.5508Y13.4264
G01 X26.5349Y13.4438
G01 X26.5094Y13.4682
G01 X26.4654Y13.5056
G01 X26.4337Y13.5286
G01 X26.3879Y13.5569
G01 X26.3674Y13.5685
G01 X26.3356Y13.5839
G01 X26.2896Y13.6029
G01 X26.2712Y13.6098
G01 X26.2373Y13.6199
G01 X26.1889Y13.6315
G01 X26.1696Y13.6354
G01 X26.1346Y13.6401
G01 X26.0706Y13.6448
G00 Z20.0000
G00 X25.8459Y13.6450
G01 Z20.0000
G01 X25.8779Y14.2950
G01 X25.4779Y14.2950
G01 X25.4459Y13.6450
G01 X25.0459Y13.6450
G01 X25.0779Y14.2950
G00 Z20.0000
G00 X24.7302Y14.2952
G01 Z20.0000
G01 X26.0575Y14.2950
G01 X26.0888Y14.2962
G01 X26.1346Y14.2999
G01 X26.1541Y14.3021
G01 X26.1927Y14.3093
G01 X26.2449Y14.3221
G01 X26.2712Y14.3302
G01 X26.2932Y14.3385
G01 X26.3428Y14.3593
G01 X26.3778Y14.3771
G01 X26.4337Y14.4114
G01 X26.4561Y14.4272
G01 X26.4745Y14.4419
G01 X26.5152Y14.4770
G01 X26.5349Y14.4962
G01 X26.5508Y14.5136
G01 X26.5856Y14.5546
G01 X26.6086Y14.5863
G01 X26.6429Y14.6422
G01 X26.6607Y14.6772
G01 X26.6815Y14.7268
G01 X26.6898Y14.7488
G01 X26.7009Y14.7865
G01 X26.7132Y14.8388
G01 X26.7179Y14.8659
G01 X26.7201Y14.8854
G01 X26.7240Y14.9351
G01 X26.7250Y14.9625
G01 X26.7250Y15.9525
G01 X26.7240Y15.9799
G01 X26.7194Y16.0374
G01 X26.7154Y16.0646
G01 X26.7107Y16.0877
G01 X26.6979Y16.1399
G01 X26.6898Y16.1662
G01 X26.6815Y16.1882
G01 X26.6607Y16.2378
G01 X26.6485Y16.2624
G01 X26.6369Y16.2829
G01 X26.6086Y16.3287
G01 X26.5928Y16.3511
G01 X26.5781Y16.3695
G01 X26.5430Y16.4103
G01 X26.5238Y16.4299
G01 X26.5064Y16.4458
G01 X26.4654Y16.4806
G01 X26.4337Y16.5036
G01 X26.3778Y16.5379
G01 X26.3428Y16.5557
G01 X26.2932Y16.5765
G01 X26.2712Y16.5848
G01 X26.2449Y16.5929
G01 X26.1927Y16.6057
G01 X26.1541Y16.6129
G01 X26.1307Y16.6155
G01 X26.0849Y16.6190
G01 X26.0575Y16.6200
G01 X24.7229Y16.6195
G01 X24.6693Y16.6155
G01 X24.6459Y16.6129
G01 X24.6111Y16.6065
G01 X24.5551Y16.5929
G01 X24.5288Y16.5848
G01 X24.5068Y16.5765
G01 X24.4572Y16.5557
G01 X24.4326Y16.5435
G01 X24.4121Y16.5319
G01 X24.3663Y16.5036
G01 X24.3439Y16.4878
G01 X24.3255Y16.4731
G01 X24.2847Y16.4380
G01 X24.2651Y16.4188
G01 X24.2492Y16.4014
G01 X24.2144Y16.3604
G01 X24.1914Y16.3287
G01 X24.1631Y16.2829
G01 X24.1515Y16.2624
G01 X24.1361Y16.2306
G01 X24.1142Y16.1772
G01 X24.1021Y16.1399
G01 X24.0868Y16.0762
G01 X24.0806Y16.0374
G01 X24.0762Y15.9838
G01 X24.0750Y15.9525
G01 X24.0750Y14.9590
G01 X24.0760Y14.9340
G01 X24.0809Y14.8746
G01 X24.0855Y14.8464
G01 X24.0966Y14.7952
G01 X24.1002Y14.7814
G01 X24.1087Y14.7541
G01 X24.1325Y14.6918
G01 X24.1481Y14.6597
G01 X24.1772Y14.6077
G01 X24.1931Y14.5840
G01 X24.2201Y14.5476
G01 X24.2428Y14.5201
G01 X24.2896Y14.4725
G01 X24.3109Y14.4535
G01 X24.3220Y14.4445
G01 X24.3757Y14.4049
G01 X24.4062Y14.3864
G01 X24.4460Y14.3648
G01 X24.4718Y14.3525
G01 X24.5274Y14.3311
G01 X24.5477Y14.3242
G01 X24.5752Y14.3166
G01 X24.6405Y14.3029
G01 X24.6759Y14.2987
G01 X24.7302Y14.2952
G00 Z20.0000
G00 X24.6780Y14.2986
G01 Z20.0000
G01 X24.6456Y13.6378
G00 Z20.0000
G00 X24.2343Y13.4090
G01 Z20.0000
G01 X24.2867Y14.4754
G01 X23.4947Y14.6388
G01 X23.3821Y12.3452
G01 X23.0451Y10.0737
G01 X22.4872Y7.8462
G01 X22.4358Y7.7027
G00 Z20.0000
G00 X22.0213Y7.7300
G01 Z20.0000
G01 X22.1044Y7.9623
G01 X22.6528Y10.1518
G01 X22.9840Y12.3844
G01 X23.0947Y14.6388
G01 X22.9840Y16.8932
G01 X22.6528Y19.1259
G01 X22.4069Y20.1078
G00 Z20.0000
G00 X22.8355Y20.0407
G01 Z20.0000
G01 X23.0451Y19.2040
G01 X23.3821Y16.9324
G01 X23.4947Y14.6388
G00 Z20.0000
G00 X22.6025Y16.5168
G01 Z20.0000
G01 X22.5859Y16.8540
G01 X22.2605Y19.0479
G01 X21.9348Y20.3481
G01 X21.4713Y20.5543
G01 X21.8682Y18.9698
G01 X22.1879Y16.8148
G01 X22.1974Y16.6200
G01 X21.7974Y16.6200
G01 X21.7898Y16.7756
G01 X21.4759Y18.8918
G01 X21.1306Y20.2703
G00 Z20.0000
G00 X20.7604Y20.1040
G01 Z20.0000
G01 X21.0836Y18.8138
G01 X21.3917Y16.7364
G01 X21.3974Y16.6200
G01 X20.9974Y16.6200
G01 X20.9936Y16.6972
G01 X20.6912Y18.7357
G01 X20.3641Y20.0417
G00 Z20.0000
G00 X19.9405Y20.0886
G01 Z20.0000
G01 X20.2989Y18.6577
G01 X20.5956Y16.6580
G01 X20.6018Y16.5317
G00 Z20.0000
G00 X20.2650Y15.2444
G01 Z20.0000
G01 X20.1975Y16.6188
G01 X19.9066Y18.5797
G01 X19.4785Y20.2889
G01 X18.2838Y20.1255
G01 X18.7297Y18.3456
G01 X19.0033Y16.5012
G01 X19.0137Y16.2881
G00 Z20.0000
G00 X18.5843Y16.6029
G01 Z20.0000
G01 X18.3374Y18.2675
G01 X17.8938Y20.0381
G01 X17.8914Y20.0450
G00 Z20.0000
G00 X17.4565Y20.0746
G01 Z20.0000
G01 X17.5111Y19.9220
G01 X17.9450Y18.1895
G01 X18.1779Y16.6200
G01 X17.7740Y16.6200
G01 X17.5527Y18.1114
G01 X17.1283Y19.8059
G01 X16.9601Y20.2759
G01 X16.4235Y20.5898
G01 X16.7455Y19.6898
G01 X17.1604Y18.0334
G01 X17.3701Y16.6200
G00 Z20.0000
G00 X16.9690Y16.6012
G01 Z20.0000
G01 X16.7681Y17.9554
G01 X16.3627Y19.5737
G01 X16.1021Y20.3020
G00 Z20.0000
G00 X15.7413Y20.1246
G01 Z20.0000
G01 X15.9800Y19.4576
G01 X16.3758Y17.8773
G01 X16.5998Y16.3670
G00 Z20.0000
G00 X16.6859Y14.4578
G01 Z20.0000
G01 X16.6355Y13.4336
G00 Z20.0000
G00 X17.0457Y13.6402
G01 Z20.0000
G01 X17.0780Y14.2972
G00 Z20.0000
G00 X17.1102Y14.2952
G01 Z20.0000
G01 X18.4375Y14.2950
G01 X18.4688Y14.2962
G01 X18.5146Y14.2999
G01 X18.5341Y14.3021
G01 X18.5727Y14.3093
G01 X18.6249Y14.3221
G01 X18.6512Y14.3302
G01 X18.6732Y14.3385
G01 X18.7228Y14.3593
G01 X18.7578Y14.3771
G01 X18.8137Y14.4114
G01 X18.8361Y14.4272
G01 X18.8545Y14.4419
G01 X18.8952Y14.4770
G01 X18.9149Y14.4962
G01 X18.9308Y14.5136
G01 X18.9656Y14.5546
G01 X18.9886Y14.5863
G01 X19.0229Y14.6422
G01 X19.0407Y14.6772
G01 X19.0615Y14.7268
G01 X19.0698Y14.7488
G01 X19.0809Y14.7865
G01 X19.0932Y14.8388
G01 X19.0979Y14.8659
G01 X19.1001Y14.8854
G01 X19.1040Y14.9351
G01 X19.1050Y14.9625
G01 X19.1050Y15.9525
G01 X19.1040Y15.9799
G01 X19.0994Y16.0374
G01 X19.0954Y16.0646
G01 X19.0907Y16.0877
G01 X19.0779Y16.1399
G01 X19.0698Y16.1662
G01 X19.0615Y16.1882
G01 X19.0407Y16.2378
G01 X19.0285Y16.2624
G01 X19.0169Y16.2829
G01 X18.9886Y16.3287
G01 X18.9728Y16.3511
G01 X18.9581Y16.3695
G01 X18.9230Y16.4103
G01 X18.9038Y16.4299
G01 X18.8864Y16.4458
G01 X18.8454Y16.4806
G01 X18.8137Y16.5036
G01 X18.7578Y16.5379
G01 X18.7228Y16.5557
G01 X18.6732Y16.5765
G01 X18.6512Y16.5848
G01 X18.6249Y16.5929
G01 X18.5727Y16.6057
G01 X18.5341Y16.6129
G01 X18.5107Y16.6155
G01 X18.4649Y16.6190
G01 X18.4375Y16.6200
G01 X17.1029Y16.6195
G01 X17.0493Y16.6155
G01 X17.0259Y16.6129
G01 X16.9911Y16.6065
G01 X16.9351Y16.5929
G01 X16.9088Y16.5848
G01 X16.8868Y16.5765
G01 X16.8372Y16.5557
G01 X16.8126Y16.5435
G01 X16.7921Y16.5319
G01 X16.7463Y16.5036
G01 X16.7239Y16.4878
G01 X16.7055Y16.4731
G01 X16.6647Y16.4380
G01 X16.6451Y16.4188
G01 X16.6292Y16.4014
G01 X16.5944Y16.3604
G01 X16.5714Y16.3287
G01 X16.5431Y16.2829
G01 X16.5315Y16.2624
G01 X16.5161Y16.2306
G01 X16.4942Y16.1772
G01 X16.4821Y16.1399
G01 X16.4668Y16.0762
G01 X16.4606Y16.0374
G01 X16.4562Y15.9838
G01 X16.4550Y15.9525
G01 X16.4550Y14.9590
G01 X16.4560Y14.9340
G01 X16.4609Y14.8746
G01 X16.4655Y14.8464
G01 X16.4766Y14.7952
G01 X16.4802Y14.7814
G01 X16.4887Y14.7541
G01 X16.5125Y14.6918
G01 X16.5281Y14.6597
G01 X16.5572Y14.6077
G01 X16.5731Y14.5840
G01 X16.6001Y14.5476
G01 X16.6228Y14.5201
G01 X16.6696Y14.4725
G01 X16.6909Y14.4535
G01 X16.7020Y14.4445
G01 X16.7557Y14.4049
G01 X16.7862Y14.3864
G01 X16.8260Y14.3648
G01 X16.8518Y14.3525
G01 X16.9074Y14.3311
G01 X16.9277Y14.3242
G01 X16.9552Y14.3166
G01 X17.0205Y14.3029
G01 X17.0559Y14.2987
G01 X17.1102Y14.2952
G00 Z20.0000
G00 X17.4779Y14.2950
G01 Z20.0000
G01 X17.4459Y13.6450
G01 X17.8459Y13.6450
G01 X17.8779Y14.2950
G01 X18.2779Y14.2950
G01 X18.2459Y13.6450
G00 Z20.0000
G00 X18.4506Y13.6448
G01 Z20.0000
G01 X17.1225Y13.6450
G01 X17.0912Y13.6438
G01 X17.0454Y13.6401
G01 X17.0259Y13.6379
G01 X16.9873Y13.6307
G01 X16.9351Y13.6179
G01 X16.9088Y13.6098
G01 X16.8868Y13.6015
G01 X16.8372Y13.5807
G01 X16.8022Y13.5629
G01 X16.7463Y13.5286
G01 X16.7239Y13.5128
G01 X16.7055Y13.4981
G01 X16.6648Y13.4630
G01 X16.6451Y13.4438
G01 X16.6292Y13.4264
G01 X16.5944Y13.3854
G01 X16.5714Y13.3537
G01 X16.5371Y13.2978
G01 X16.5193Y13.2628
G01 X16.4985Y13.2132
G01 X16.4902Y13.1912
G01 X16.4791Y13.1535
G01 X16.4668Y13.1012
G01 X16.4621Y13.0741
G01 X16.4599Y13.0546
G01 X16.4560Y13.0049
G01 X16.4550Y12.9775
G01 X16.4550Y11.9875
G01 X16.4560Y11.9601
G01 X16.4606Y11.9026
G01 X16.4646Y11.8754
G01 X16.4693Y11.8523
G01 X16.4821Y11.8001
G01 X16.4902Y11.7738
G01 X16.4985Y11.7518
G01 X16.5193Y11.7022
G01 X16.5315Y11.6776
G01 X16.5431Y11.6571
G01 X16.5714Y11.6113
G01 X16.5872Y11.5889
G01 X16.6019Y11.5705
G01 X16.6370Y11.5298
G01 X16.6562Y11.5101
G01 X16.6736Y11.4942
G01 X16.7146Y11.4594
G01 X16.7463Y11.4364
G01 X16.8022Y11.4021
G01 X16.8372Y11.3843
G01 X16.8868Y11.3635
G01 X16.9238Y11.3504
G01 X16.9465Y11.3441
G01 X16.9988Y11.3318
G01 X17.0259Y11.3271
G01 X17.0493Y11.3245
G01 X17.0951Y11.3210
G01 X17.1225Y11.3200
G01 X18.4571Y11.3205
G01 X18.5146Y11.3249
G01 X18.5496Y11.3296
G01 X18.5727Y11.3343
G01 X18.6249Y11.3471
G01 X18.6512Y11.3552
G01 X18.6732Y11.3635
G01 X18.7228Y11.3843
G01 X18.7474Y11.3965
G01 X18.7679Y11.4081
G01 X18.8137Y11.4364
G01 X18.8361Y11.4522
G01 X18.8545Y11.4669
G01 X18.8952Y11.5020
G01 X18.9149Y11.5212
G01 X18.9308Y11.5386
G01 X18.9656Y11.5796
G01 X18.9886Y11.6113
G01 X19.0169Y11.6571
G01 X19.0285Y11.6776
G01 X19.0439Y11.7094
G01 X19.0658Y11.7628
G01 X19.0779Y11.8001
G01 X19.0932Y11.8638
G01 X19.0994Y11.9026
G01 X19.1038Y11.9562
G01 X19.1050Y11.9875
G01 X19.1050Y12.9814
G01 X19.1038Y13.0088
G01 X19.1001Y13.0546
G01 X19.0979Y13.0741
G01 X19.0932Y13.1012
G01 X19.0809Y13.1535
G01 X19.0746Y13.1762
G01 X19.0658Y13.2022
G01 X19.0407Y13.2628
G01 X19.0229Y13.2978
G01 X18.9886Y13.3537
G01 X18.9656Y13.3854
G01 X18.9308Y13.4264
G01 X18.9149Y13.4438
G01 X18.8894Y13.4682
G01 X18.8454Y13.5056
G01 X18.8137Y13.5286
G01 X18.7679Y13.5569
G01 X18.7474Y13.5685
G01 X18.7156Y13.5839
G01 X18.6696Y13.6029
G01 X18.6512Y13.6098
G01 X18.6173Y13.6199
G01 X18.5689Y13.6315
G01 X18.5496Y13.6354
G01 X18.5146Y13.6401
G01 X18.4506Y13.6448
G00 Z20.0000
G00 X18.6443Y13.6120
G01 Z20.0000
G01 X18.6801Y14.3414
G00 Z20.0000
G00 X19.0947Y14.6388
G01 Z20.0000
G01 X19.0864Y14.8095
G01 X19.0947Y14.6388
G01 X19.0284Y13.2877
G00 Z20.0000
G00 X15.0389Y13.5027
G01 Z20.0000
G01 X15.0869Y14.4785
G00 Z20.0000
G00 X14.6780Y14.2977
G01 Z20.0000
G01 X14.6459Y13.6445
G00 Z20.0000
G00 X14.2459Y13.6450
G01 Z20.0000
G01 X14.2779Y14.2950
G01 X13.8779Y14.2950
G01 X13.8459Y13.6450
G01 X13.4459Y13.6450
G01 X13.4779Y14.2950
G00 Z20.0000
G00 X13.0799Y14.3376
G01 Z20.0000
G01 X13.0431Y13.5875
G00 Z20.0000
G00 X12.6452Y12.9906
G01 Z20.0000
G01 X12.6450Y11.9836
G01 X12.6462Y11.9562
G01 X12.6506Y11.9026
G01 X12.6546Y11.8754
G01 X12.6593Y11.8523
G01 X12.6721Y11.8001
G01 X12.6802Y11.7738
G01 X12.6885Y11.7518
G01 X12.7093Y11.7022
G01 X12.7215Y11.6776
G01 X12.7331Y11.6571
G01 X12.7614Y11.6113
G01 X12.7772Y11.5889
G01 X12.7919Y11.5705
G01 X12.8218Y11.5356
G01 X12.8351Y11.5212
G01 X12.8548Y11.5020
G01 X12.8985Y11.4644
G01 X12.9139Y11.4522
G01 X12.9430Y11.4321
G01 X12.9922Y11.4021
G01 X13.0166Y11.3893
G01 X13.0380Y11.3796
G01 X13.0878Y11.3592
G01 X13.1138Y11.3504
G01 X13.1365Y11.3441
G01 X13.1888Y11.3318
G01 X13.2159Y11.3271
G01 X13.2393Y11.3245
G01 X13.3008Y11.3202
G01 X14.6275Y11.3200
G01 X14.6588Y11.3212
G01 X14.7046Y11.3249
G01 X14.7241Y11.3271
G01 X14.7589Y11.3335
G01 X14.8149Y11.3471
G01 X14.8412Y11.3552
G01 X14.8632Y11.3635
G01 X14.9128Y11.3843
G01 X14.9374Y11.3965
G01 X14.9545Y11.4061
G01 X14.9970Y11.4321
G01 X15.0261Y11.4522
G01 X15.0445Y11.4669
G01 X15.0794Y11.4968
G01 X15.0938Y11.5101
G01 X15.1130Y11.5298
G01 X15.1506Y11.5735
G01 X15.1628Y11.5889
G01 X15.1829Y11.6180
G01 X15.2129Y11.6672
G01 X15.2257Y11.6916
G01 X15.2354Y11.7130
G01 X15.2558Y11.7628
G01 X15.2646Y11.7888
G01 X15.2709Y11.8115
G01 X15.2832Y11.8638
G01 X15.2879Y11.8909
G01 X15.2905Y11.9143
G01 X15.2945Y11.9679
G01 X15.2950Y12.9775
G01 X15.2940Y13.0049
G01 X15.2905Y13.0507
G01 X15.2854Y13.0896
G01 X15.2807Y13.1127
G01 X15.2699Y13.1573
G01 X15.2646Y13.1762
G01 X15.2529Y13.2096
G01 X15.2307Y13.2628
G01 X15.2185Y13.2874
G01 X15.2069Y13.3079
G01 X15.1786Y13.3537
G01 X15.1556Y13.3854
G01 X15.1182Y13.4294
G01 X15.0938Y13.4549
G01 X15.0764Y13.4708
G01 X15.0354Y13.5056
G01 X15.0037Y13.5286
G01 X14.9545Y13.5589
G01 X14.9234Y13.5757
G01 X14.9020Y13.5854
G01 X14.8522Y13.6058
G01 X14.8262Y13.6146
G01 X14.8073Y13.6199
G01 X14.7589Y13.6315
G01 X14.7396Y13.6354
G01 X14.7124Y13.6394
G01 X14.6373Y13.6449
G01 X13.3086Y13.6450
G01 X13.2812Y13.6438
G01 X13.2354Y13.6401
G01 X13.2159Y13.6379
G01 X13.1811Y13.6315
G01 X13.1251Y13.6179
G01 X13.0878Y13.6058
G01 X13.0380Y13.5854
G01 X13.0166Y13.5757
G01 X12.9855Y13.5589
G01 X12.9430Y13.5329
G01 X12.9266Y13.5220
G01 X12.8985Y13.5006
G01 X12.8606Y13.4682
G01 X12.8462Y13.4549
G01 X12.8218Y13.4294
G01 X12.7894Y13.3915
G01 X12.7772Y13.3761
G01 X12.7571Y13.3470
G01 X12.7311Y13.3045
G01 X12.7215Y13.2874
G01 X12.7061Y13.2556
G01 X12.6871Y13.2096
G01 X12.6802Y13.1912
G01 X12.6701Y13.1573
G01 X12.6585Y13.1089
G01 X12.6546Y13.0896
G01 X12.6499Y13.0546
G01 X12.6452Y12.9906
G01 X11.4059Y13.2923
G01 X11.4399Y13.5214
G01 X11.4947Y14.6388
G01 X11.4817Y14.9047
G00 Z20.0000
G00 X11.0806Y14.3499
G01 Z20.0000
G01 X11.0440Y13.6051
G00 Z20.0000
G00 X10.8306Y13.6448
G01 Z20.0000
G01 X9.5025Y13.6450
G01 X9.4712Y13.6438
G01 X9.4254Y13.6401
G01 X9.4059Y13.6379
G01 X9.3788Y13.6332
G01 X9.3265Y13.6209
G01 X9.2888Y13.6098
G01 X9.2668Y13.6015
G01 X9.2172Y13.5807
G01 X9.1822Y13.5629
G01 X9.1363Y13.5350
G01 X9.1166Y13.5220
G01 X9.0946Y13.5056
G01 X9.0536Y13.4708
G01 X9.0362Y13.4549
G01 X9.0170Y13.4352
G01 X8.9744Y13.3854
G01 X8.9514Y13.3537
G01 X8.9171Y13.2978
G01 X8.8993Y13.2628
G01 X8.8785Y13.2132
G01 X8.8654Y13.1762
G01 X8.8591Y13.1535
G01 X8.8468Y13.1012
G01 X8.8421Y13.0741
G01 X8.8399Y13.0546
G01 X8.8360Y13.0049
G01 X8.8350Y12.9775
G01 X8.8350Y11.9875
G01 X8.8360Y11.9601
G01 X8.8406Y11.9026
G01 X8.8446Y11.8754
G01 X8.8493Y11.8523
G01 X8.8621Y11.8001
G01 X8.8702Y11.7738
G01 X8.8785Y11.7518
G01 X8.8993Y11.7022
G01 X8.9115Y11.6776
G01 X8.9231Y11.6571
G01 X8.9514Y11.6113
G01 X8.9672Y11.5889
G01 X8.9819Y11.5705
G01 X9.0170Y11.5298
G01 X9.0362Y11.5101
G01 X9.0536Y11.4942
G01 X9.0946Y11.4594
G01 X9.1263Y11.4364
G01 X9.1822Y11.4021
G01 X9.2172Y11.3843
G01 X9.2668Y11.3635
G01 X9.3038Y11.3504
G01 X9.3265Y11.3441
G01 X9.3788Y11.3318
G01 X9.4059Y11.3271
G01 X9.4293Y11.3245
G01 X9.4751Y11.3210
G01 X9.5025Y11.3200
G01 X10.8371Y11.3205
G01 X10.8946Y11.3249
G01 X10.9296Y11.3296
G01 X10.9527Y11.3343
G01 X11.0049Y11.3471
G01 X11.0312Y11.3552
G01 X11.0532Y11.3635
G01 X11.1028Y11.3843
G01 X11.1274Y11.3965
G01 X11.1479Y11.4081
G01 X11.1937Y11.4364
G01 X11.2161Y11.4522
G01 X11.2345Y11.4669
G01 X11.2752Y11.5020
G01 X11.2949Y11.5212
G01 X11.3108Y11.5386
G01 X11.3456Y11.5796
G01 X11.3686Y11.6113
G01 X11.3969Y11.6571
G01 X11.4085Y11.6776
G01 X11.4239Y11.7094
G01 X11.4458Y11.7628
G01 X11.4579Y11.8001
G01 X11.4732Y11.8638
G01 X11.4794Y11.9026
G01 X11.4838Y11.9562
G01 X11.4850Y11.9875
G01 X11.4850Y12.9814
G01 X11.4838Y13.0088
G01 X11.4801Y13.0546
G01 X11.4779Y13.0741
G01 X11.4732Y13.1012
G01 X11.4609Y13.1535
G01 X11.4546Y13.1762
G01 X11.4458Y13.2022
G01 X11.4207Y13.2628
G01 X11.4029Y13.2978
G01 X11.3686Y13.3537
G01 X11.3456Y13.3854
G01 X11.3108Y13.4264
G01 X11.2949Y13.4438
G01 X11.2694Y13.4682
G01 X11.2254Y13.5056
G01 X11.1937Y13.5286
G01 X11.1479Y13.5569
G01 X11.1274Y13.5685
G01 X11.0956Y13.5839
G01 X11.0496Y13.6029
G01 X11.0312Y13.6098
G01 X10.9973Y13.6199
G01 X10.9489Y13.6315
G01 X10.9296Y13.6354
G01 X10.8946Y13.6401
G01 X10.8306Y13.6448
G00 Z20.0000
G00 X10.6459Y13.6450
G01 Z20.0000
G01 X10.6779Y14.2950
G01 X10.2779Y14.2950
G01 X10.2459Y13.6450
G01 X9.8426Y13.6450
G01 X9.8476Y13.6783
G01 X9.8779Y14.2950
G00 Z20.0000
G00 X9.4902Y14.2952
G01 Z20.0000
G01 X10.8175Y14.2950
G01 X10.8488Y14.2962
G01 X10.8946Y14.2999
G01 X10.9141Y14.3021
G01 X10.9412Y14.3068
G01 X10.9935Y14.3191
G01 X11.0312Y14.3302
G01 X11.0532Y14.3385
G01 X11.1028Y14.3593
G01 X11.1378Y14.3771
G01 X11.1837Y14.4050
G01 X11.2034Y14.4180
G01 X11.2254Y14.4344
G01 X11.2664Y14.4692
G01 X11.2838Y14.4851
G01 X11.3030Y14.5048
G01 X11.3456Y14.5546
G01 X11.3686Y14.5863
G01 X11.4029Y14.6422
G01 X11.4207Y14.6772
G01 X11.4415Y14.7268
G01 X11.4546Y14.7638
G01 X11.4609Y14.7865
G01 X11.4732Y14.8388
G01 X11.4779Y14.8659
G01 X11.4801Y14.8854
G01 X11.4841Y14.9357
G01 X11.4850Y14.9625
G01 X11.4850Y15.9525
G01 X11.4840Y15.9799
G01 X11.4794Y16.0374
G01 X11.4754Y16.0646
G01 X11.4707Y16.0877
G01 X11.4579Y16.1399
G01 X11.4498Y16.1662
G01 X11.4415Y16.1882
G01 X11.4207Y16.2378
G01 X11.4085Y16.2624
G01 X11.3969Y16.2829
G01 X11.3686Y16.3287
G01 X11.3528Y16.3511
G01 X11.3381Y16.3695
G01 X11.3030Y16.4102
G01 X11.2838Y16.4299
G01 X11.2664Y16.4458
G01 X11.2254Y16.4806
G01 X11.1937Y16.5036
G01 X11.1378Y16.5379
G01 X11.1028Y16.5557
G01 X11.0532Y16.5765
G01 X11.0312Y16.5848
G01 X11.0049Y16.5929
G01 X10.9527Y16.6057
G01 X10.9141Y16.6129
G01 X10.8907Y16.6155
G01 X10.8449Y16.6190
G01 X10.8175Y16.6200
G01 X9.4829Y16.6195
G01 X9.4293Y16.6155
G01 X9.4059Y16.6129
G01 X9.3788Y16.6082
G01 X9.3265Y16.5959
G01 X9.3038Y16.5896
G01 X9.2778Y16.5808
G01 X9.2280Y16.5604
G01 X9.2066Y16.5507
G01 X9.1822Y16.5379
G01 X9.1363Y16.5100
G01 X9.1166Y16.4970
G01 X9.0946Y16.4806
G01 X9.0506Y16.4432
G01 X9.0251Y16.4188
G01 X9.0092Y16.4014
G01 X8.9744Y16.3604
G01 X8.9514Y16.3287
G01 X8.9231Y16.2829
G01 X8.9115Y16.2624
G01 X8.8961Y16.2306
G01 X8.8742Y16.1772
G01 X8.8621Y16.1399
G01 X8.8468Y16.0762
G01 X8.8406Y16.0374
G01 X8.8362Y15.9838
G01 X8.8350Y15.9525
G01 X8.8350Y14.9590
G01 X8.8360Y14.9340
G01 X8.8409Y14.8746
G01 X8.8455Y14.8464
G01 X8.8566Y14.7952
G01 X8.8602Y14.7814
G01 X8.8687Y14.7541
G01 X8.8925Y14.6918
G01 X8.9048Y14.6660
G01 X8.9264Y14.6262
G01 X8.9449Y14.5957
G01 X8.9801Y14.5476
G01 X9.0028Y14.5201
G01 X9.0496Y14.4725
G01 X9.0709Y14.4535
G01 X9.0820Y14.4445
G01 X9.1357Y14.4049
G01 X9.1662Y14.3864
G01 X9.2060Y14.3648
G01 X9.2318Y14.3525
G01 X9.2874Y14.3311
G01 X9.3077Y14.3242
G01 X9.3352Y14.3166
G01 X9.4005Y14.3029
G01 X9.4359Y14.2987
G01 X9.4902Y14.2952
G00 Z20.0000
G00 X9.4779Y14.2958
G01 Z20.0000
G01 X9.4495Y13.7175
G01 X9.4382Y13.6412
G00 Z20.0000
G00 X9.0010Y13.4168
G01 Z20.0000
G01 X9.0514Y13.7567
G01 X9.0851Y14.4421
G01 X7.4879Y14.4993
G01 X7.4591Y13.9135
G01 X7.4003Y13.5170
G00 Z20.0000
G00 X7.0206Y13.6448
G01 Z20.0000
G01 X5.6925Y13.6450
G01 X5.6612Y13.6438
G01 X5.6154Y13.6401
G01 X5.5959Y13.6379
G01 X5.5688Y13.6332
G01 X5.5165Y13.6209
G01 X5.4788Y13.6098
G01 X5.4568Y13.6015
G01 X5.4072Y13.5807
G01 X5.3722Y13.5629
G01 X5.3263Y13.5350
G01 X5.3066Y13.5220
G01 X5.2846Y13.5056
G01 X5.2436Y13.4708
G01 X5.2262Y13.4549
G01 X5.2070Y13.4352
G01 X5.1644Y13.3854
G01 X5.1414Y13.3537
G01 X5.1071Y13.2978
G01 X5.0893Y13.2628
G01 X5.0685Y13.2132
G01 X5.0602Y13.1912
G01 X5.0491Y13.1535
G01 X5.0368Y13.1012
G01 X5.0321Y13.0741
G01 X5.0299Y13.0546
G01 X5.0260Y13.0049
G01 X5.0250Y12.9775
G01 X5.0250Y11.9875
G01 X5.0260Y11.9601
G01 X5.0306Y11.9026
G01 X5.0346Y11.8754
G01 X5.0393Y11.8523
G01 X5.0521Y11.8001
G01 X5.0602Y11.7738
G01 X5.0685Y11.7518
G01 X5.0893Y11.7022
G01 X5.1015Y11.6776
G01 X5.1131Y11.6571
G01 X5.1414Y11.6113
G01 X5.1572Y11.5889
G01 X5.1719Y11.5705
G01 X5.2070Y11.5298
G01 X5.2262Y11.5101
G01 X5.2436Y11.4942
G01 X5.2846Y11.4594
G01 X5.3163Y11.4364
G01 X5.3722Y11.4021
G01 X5.4072Y11.3843
G01 X5.4568Y11.3635
G01 X5.4788Y11.3552
G01 X5.5165Y11.3441
G01 X5.5688Y11.3318
G01 X5.5959Y11.3271
G01 X5.6193Y11.3245
G01 X5.6651Y11.3210
G01 X5.6925Y11.3200
G01 X7.0271Y11.3205
G01 X7.0807Y11.3245
G01 X7.1041Y11.3271
G01 X7.1389Y11.3335
G01 X7.1949Y11.3471
G01 X7.2212Y11.3552
G01 X7.2432Y11.3635
G01 X7.2928Y11.3843
G01 X7.3174Y11.3965
G01 X7.3379Y11.4081
G01 X7.3837Y11.4364
G01 X7.4061Y11.4522
G01 X7.4245Y11.4669
G01 X7.4652Y11.5020
G01 X7.4849Y11.5212
G01 X7.5008Y11.5386
G01 X7.5356Y11.5796
G01 X7.5586Y11.6113
G01 X7.5869Y11.6571
G01 X7.5985Y11.6776
G01 X7.6139Y11.7094
G01 X7.6358Y11.7628
G01 X7.6479Y11.8001
G01 X7.6632Y11.8638
G01 X7.6694Y11.9026
G01 X7.6738Y11.9562
G01 X7.6750Y11.9875
G01 X7.6750Y12.9814
G01 X7.6738Y13.0088
G01 X7.6701Y13.0546
G01 X7.6679Y13.0741
G01 X7.6632Y13.1012
G01 X7.6509Y13.1535
G01 X7.6446Y13.1762
G01 X7.6358Y13.2022
G01 X7.6107Y13.2628
G01 X7.5929Y13.2978
G01 X7.5586Y13.3537
G01 X7.5356Y13.3854
G01 X7.5008Y13.4264
G01 X7.4849Y13.4438
G01 X7.4594Y13.4682
G01 X7.4154Y13.5056
G01 X7.3837Y13.5286
G01 X7.3379Y13.5569
G01 X7.3174Y13.5685
G01 X7.2856Y13.5839
G01 X7.2396Y13.6029
G01 X7.2212Y13.6098
G01 X7.1873Y13.6199
G01 X7.1389Y13.6315
G01 X7.1196Y13.6354
G01 X7.0846Y13.6401
G01 X7.0206Y13.6448
G00 Z20.0000
G00 X7.0154Y13.6449
G01 Z20.0000
G01 X7.0610Y13.9527
G01 X7.0781Y14.2993
G00 Z20.0000
G00 X6.6779Y14.2950
G01 Z20.0000
G01 X6.6630Y13.9919
G01 X6.6115Y13.6450
G01 X6.2076Y13.6450
G01 X6.2649Y14.0311
G01 X6.2779Y14.2950
G01 X5.8779Y14.2950
G01 X5.8668Y14.0703
G01 X5.8037Y13.6450
G00 Z20.0000
G00 X5.3874Y13.5710
G01 Z20.0000
G01 X5.3910Y13.5854
G01 X5.4687Y14.1095
G01 X5.4796Y14.3303
G00 Z20.0000
G00 X5.6802Y14.2952
G01 Z20.0000
G01 X7.0075Y14.2950
G01 X7.0388Y14.2962
G01 X7.0846Y14.2999
G01 X7.1041Y14.3021
G01 X7.1312Y14.3068
G01 X7.1835Y14.3191
G01 X7.2212Y14.3302
G01 X7.2432Y14.3385
G01 X7.2928Y14.3593
G01 X7.3278Y14.3771
G01 X7.3737Y14.4050
G01 X7.3934Y14.4180
G01 X7.4154Y14.4344
G01 X7.4564Y14.4692
G01 X7.4738Y14.4851
G01 X7.4930Y14.5048
G01 X7.5356Y14.5546
G01 X7.5586Y14.5863
G01 X7.5929Y14.6422
G01 X7.6107Y14.6772
G01 X7.6315Y14.7268
G01 X7.6398Y14.7488
G01 X7.6509Y14.7865
G01 X7.6632Y14.8388
G01 X7.6679Y14.8659
G01 X7.6701Y14.8854
G01 X7.6740Y14.9351
G01 X7.6750Y14.9625
G01 X7.6750Y15.9525
G01 X7.6740Y15.9799
G01 X7.6694Y16.0374
G01 X7.6654Y16.0646
G01 X7.6607Y16.0877
G01 X7.6479Y16.1399
G01 X7.6398Y16.1662
G01 X7.6315Y16.1882
G01 X7.6107Y16.2378
G01 X7.5985Y16.2624
G01 X7.5869Y16.2829
G01 X7.5586Y16.3287
G01 X7.5428Y16.3511
G01 X7.5281Y16.3695
G01 X7.4930Y16.4102
G01 X7.4738Y16.4299
G01 X7.4564Y16.4458
G01 X7.4154Y16.4806
G01 X7.3837Y16.5036
G01 X7.3278Y16.5379
G01 X7.2928Y16.5557
G01 X7.2432Y16.5765
G01 X7.2212Y16.5848
G01 X7.1949Y16.5929
G01 X7.1427Y16.6057
G01 X7.1041Y16.6129
G01 X7.0807Y16.6155
G01 X7.0349Y16.6190
G01 X7.0075Y16.6200
G01 X5.6729Y16.6195
G01 X5.6193Y16.6155
G01 X5.5959Y16.6129
G01 X5.5688Y16.6082
G01 X5.5165Y16.5959
G01 X5.4938Y16.5896
G01 X5.4678Y16.5808
G01 X5.4180Y16.5604
G01 X5.3965Y16.5507
G01 X5.3722Y16.5379
G01 X5.3263Y16.5100
G01 X5.3066Y16.4970
G01 X5.2846Y16.4806
G01 X5.2436Y16.4458
G01 X5.2262Y16.4299
G01 X5.2018Y16.4044
G01 X5.1644Y16.3604
G01 X5.1414Y16.3287
G01 X5.1131Y16.2829
G01 X5.1015Y16.2624
G01 X5.0861Y16.2306
G01 X5.0642Y16.1772
G01 X5.0521Y16.1399
G01 X5.0368Y16.0762
G01 X5.0306Y16.0374
G01 X5.0262Y15.9838
G01 X5.0250Y15.9525
G01 X5.0250Y14.9590
G01 X5.0260Y14.9340
G01 X5.0309Y14.8746
G01 X5.0355Y14.8464
G01 X5.0466Y14.7952
G01 X5.0502Y14.7814
G01 X5.0587Y14.7541
G01 X5.0825Y14.6918
G01 X5.0981Y14.6597
G01 X5.1272Y14.6077
G01 X5.1431Y14.5840
G01 X5.1701Y14.5476
G01 X5.1928Y14.5201
G01 X5.2396Y14.4725
G01 X5.2609Y14.4535
G01 X5.2720Y14.4445
G01 X5.3257Y14.4049
G01 X5.3562Y14.3864
G01 X5.3960Y14.3648
G01 X5.4218Y14.3525
G01 X5.4774Y14.3311
G01 X5.4977Y14.3242
G01 X5.5252Y14.3166
G01 X5.5905Y14.3029
G01 X5.6259Y14.2987
G01 X5.6802Y14.2952
G00 Z20.0000
G00 X4.6947Y14.6388
G01 Z20.0000
G01 X4.6726Y14.1880
G01 X4.6064Y13.7414
G01 X4.4967Y13.3035
G01 X4.3446Y12.8785
G01 X4.1516Y12.4704
G01 X3.9195Y12.0832
G01 X3.8650Y12.0097
G01 X3.8650Y12.7989
G01 X3.9750Y13.0316
G01 X4.1139Y13.4196
G01 X4.2140Y13.8195
G01 X4.2745Y14.2272
G01 X4.2947Y14.6388
G01 X4.2947Y14.6388
G01 X4.2947Y14.6388
G01 X4.2745Y15.0505
G01 X4.2140Y15.4582
G01 X4.1139Y15.8580
G01 X3.9750Y16.2461
G01 X3.7988Y16.6187
G01 X3.5869Y16.9722
G01 X3.3414Y17.3033
G01 X3.0646Y17.6087
G01 X2.7592Y17.8855
G01 X2.4281Y18.1310
G01 X2.0746Y18.3429
G01 X1.7020Y18.5191
G01 X1.3139Y18.6580
G01 X0.9141Y18.7581
G01 X0.5064Y18.8186
G01 X0.0947Y18.8388
G01 X-0.3169Y18.8186
G01 X-0.7246Y18.7581
G01 X-1.1100Y18.6616
G01 X-1.1100Y19.0735
G01 X-0.8027Y19.1505
G01 X-0.3561Y19.2167
G01 X0.0947Y19.2388
G01 X0.5456Y19.2167
G01 X0.9922Y19.1505
G01 X1.4301Y19.0408
G01 X1.8551Y18.8887
G01 X2.2632Y18.6957
G01 X2.6504Y18.4636
G01 X3.0130Y18.1947
G01 X3.3474Y17.8915
G01 X3.6506Y17.5570
G01 X3.9195Y17.1945
G01 X4.1516Y16.8073
G01 X4.3446Y16.3992
G01 X4.4967Y15.9741
G01 X4.6064Y15.5363
G01 X4.6726Y15.0897
G01 X4.6947Y14.6388
G01 X4.6947Y14.6388
G01 X3.8947Y14.6388
G01 X3.8765Y14.2664
G01 X3.8217Y13.8975
G01 X3.7311Y13.5358
G01 X3.6916Y13.4254
G00 Z20.0000
G00 X3.3401Y13.6289
G01 Z20.0000
G01 X3.3483Y13.6519
G01 X3.4294Y13.9755
G01 X3.4784Y14.3056
G01 X3.4810Y14.3585
G00 Z20.0000
G00 X3.0729Y14.2950
G01 Z20.0000
G01 X3.0371Y14.0536
G01 X2.9656Y13.7680
G01 X2.9216Y13.6450
G00 Z20.0000
G00 X3.2106Y13.6448
G01 Z20.0000
G01 X1.8825Y13.6450
G01 X1.8512Y13.6438
G01 X1.8054Y13.6401
G01 X1.7859Y13.6379
G01 X1.7588Y13.6332
G01 X1.7065Y13.6209
G01 X1.6688Y13.6098
G01 X1.6468Y13.6015
G01 X1.5972Y13.5807
G01 X1.5622Y13.5629
G01 X1.5163Y13.5350
G01 X1.4966Y13.5220
G01 X1.4746Y13.5056
G01 X1.4336Y13.4708
G01 X1.4162Y13.4549
G01 X1.3970Y13.4352
G01 X1.3544Y13.3854
G01 X1.3314Y13.3537
G01 X1.2971Y13.2978
G01 X1.2793Y13.2628
G01 X1.2585Y13.2132
G01 X1.2454Y13.1762
G01 X1.2391Y13.1535
G01 X1.2268Y13.1012
G01 X1.2221Y13.0741
G01 X1.2199Y13.0546
G01 X1.2160Y13.0049
G01 X1.2150Y12.9775
G01 X1.2150Y11.9875
G01 X1.2160Y11.9601
G01 X1.2206Y11.9026
G01 X1.2246Y11.8754
G01 X1.2293Y11.8523
G01 X1.2421Y11.8001
G01 X1.2502Y11.7738
G01 X1.2585Y11.7518
G01 X1.2793Y11.7022
G01 X1.2915Y11.6776
G01 X1.3031Y11.6571
G01 X1.3314Y11.6113
G01 X1.3472Y11.5889
G01 X1.3619Y11.5705
G01 X1.3970Y11.5298
G01 X1.4162Y11.5101
G01 X1.4336Y11.4942
G01 X1.4746Y11.4594
G01 X1.5063Y11.4364
G01 X1.5622Y11.4021
G01 X1.5972Y11.3843
G01 X1.6468Y11.3635
G01 X1.6688Y11.3552
G01 X1.7065Y11.3441
G01 X1.7588Y11.3318
G01 X1.7859Y11.3271
G01 X1.8093Y11.3245
G01 X1.8551Y11.3210
G01 X1.8825Y11.3200
G01 X3.2171Y11.3205
G01 X3.2707Y11.3245
G01 X3.2941Y11.3271
G01 X3.3212Y11.3318
G01 X3.3735Y11.3441
G01 X3.3962Y11.3504
G01 X3.4223Y11.3592
G01 X3.4720Y11.3796
G01 X3.4934Y11.3893
G01 X3.5178Y11.4021
G01 X3.5637Y11.4300
G01 X3.5834Y11.4430
G01 X3.6054Y11.4594
G01 X3.6464Y11.4942
G01 X3.6638Y11.5101
G01 X3.6882Y11.5356
G01 X3.7256Y11.5796
G01 X3.7486Y11.6113
G01 X3.7769Y11.6571
G01 X3.7885Y11.6776
G01 X3.8039Y11.7094
G01 X3.8258Y11.7628
G01 X3.8379Y11.8001
G01 X3.8532Y11.8638
G01 X3.8594Y11.9026
G01 X3.8638Y11.9562
G01 X3.8650Y11.9875
G01 X3.8650Y12.9814
G01 X3.8638Y13.0088
G01 X3.8601Y13.0546
G01 X3.8579Y13.0741
G01 X3.8532Y13.1012
G01 X3.8409Y13.1535
G01 X3.8346Y13.1762
G01 X3.8258Y13.2022
G01 X3.8007Y13.2628
G01 X3.7829Y13.2978
G01 X3.7486Y13.3537
G01 X3.7256Y13.3854
G01 X3.6908Y13.4264
G01 X3.6749Y13.4438
G01 X3.6494Y13.4682
G01 X3.6054Y13.5056
G01 X3.5737Y13.5286
G01 X3.5279Y13.5569
G01 X3.5074Y13.5685
G01 X3.4756Y13.5839
G01 X3.4296Y13.6029
G01 X3.4112Y13.6098
G01 X3.3773Y13.6199
G01 X3.3289Y13.6315
G01 X3.3096Y13.6354
G01 X3.2746Y13.6401
G01 X3.2106Y13.6448
G00 Z20.0000
G00 X2.4972Y13.6450
G01 Z20.0000
G01 X2.5828Y13.8841
G01 X2.6448Y14.1316
G01 X2.6690Y14.2950
G01 X2.2651Y14.2950
G01 X2.2525Y14.2096
G01 X2.2000Y14.0002
G01 X2.1273Y13.7969
G01 X2.0554Y13.6450
G00 Z20.0000
G00 X1.5127Y13.5327
G01 Z20.0000
G01 X1.5914Y13.6388
G01 X1.6822Y13.7903
G01 X1.7577Y13.9500
G01 X1.8172Y14.1163
G01 X1.8602Y14.2877
G01 X1.8613Y14.2956
G00 Z20.0000
G00 X1.8702Y14.2952
G01 Z20.0000
G01 X3.1975Y14.2950
G01 X3.2288Y14.2962
G01 X3.2746Y14.2999
G01 X3.2941Y14.3021
G01 X3.3212Y14.3068
G01 X3.3735Y14.3191
G01 X3.4112Y14.3302
G01 X3.4332Y14.3385
G01 X3.4828Y14.3593
G01 X3.5178Y14.3771
G01 X3.5737Y14.4114
G01 X3.5961Y14.4272
G01 X3.6145Y14.4419
G01 X3.6552Y14.4770
G01 X3.6749Y14.4962
G01 X3.6908Y14.5136
G01 X3.7256Y14.5546
G01 X3.7486Y14.5863
G01 X3.7829Y14.6422
G01 X3.8007Y14.6772
G01 X3.8215Y14.7268
G01 X3.8346Y14.7638
G01 X3.8409Y14.7865
G01 X3.8532Y14.8388
G01 X3.8579Y14.8659
G01 X3.8601Y14.8854
G01 X3.8640Y14.9351
G01 X3.8650Y14.9625
G01 X3.8650Y15.9525
G01 X3.8640Y15.9799
G01 X3.8594Y16.0374
G01 X3.8554Y16.0646
G01 X3.8507Y16.0877
G01 X3.8379Y16.1399
G01 X3.8298Y16.1662
G01 X3.8215Y16.1882
G01 X3.8007Y16.2378
G01 X3.7885Y16.2624
G01 X3.7769Y16.2829
G01 X3.7486Y16.3287
G01 X3.7328Y16.3511
G01 X3.7181Y16.3695
G01 X3.6830Y16.4102
G01 X3.6638Y16.4299
G01 X3.6464Y16.4458
G01 X3.6054Y16.4806
G01 X3.5737Y16.5036
G01 X3.5178Y16.5379
G01 X3.4828Y16.5557
G01 X3.4332Y16.5765
G01 X3.4112Y16.5848
G01 X3.3849Y16.5929
G01 X3.3327Y16.6057
G01 X3.3096Y16.6104
G01 X3.2707Y16.6155
G01 X3.2249Y16.6190
G01 X3.1975Y16.6200
G01 X1.8629Y16.6195
G01 X1.8093Y16.6155
G01 X1.7859Y16.6129
G01 X1.7588Y16.6082
G01 X1.7065Y16.5959
G01 X1.6838Y16.5896
G01 X1.6577Y16.5808
G01 X1.6080Y16.5604
G01 X1.5866Y16.5507
G01 X1.5622Y16.5379
G01 X1.5163Y16.5100
G01 X1.4966Y16.4970
G01 X1.4746Y16.4806
G01 X1.4336Y16.4458
G01 X1.4162Y16.4299
G01 X1.3918Y16.4044
G01 X1.3544Y16.3604
G01 X1.3314Y16.3287
G01 X1.3031Y16.2829
G01 X1.2915Y16.2624
G01 X1.2761Y16.2306
G01 X1.2542Y16.1772
G01 X1.2421Y16.1399
G01 X1.2268Y16.0762
G01 X1.2206Y16.0374
G01 X1.2162Y15.9838
G01 X1.2150Y15.9525
G01 X1.2150Y14.9590
G01 X1.2160Y14.9340
G01 X1.2209Y14.8746
G01 X1.2255Y14.8464
G01 X1.2366Y14.7952
G01 X1.2402Y14.7814
G01 X1.2487Y14.7541
G01 X1.2725Y14.6918
G01 X1.2881Y14.6597
G01 X1.3172Y14.6077
G01 X1.3373Y14.5782
G01 X1.3645Y14.5420
G01 X1.3828Y14.5201
G01 X1.4296Y14.4725
G01 X1.4509Y14.4535
G01 X1.4620Y14.4445
G01 X1.5157Y14.4049
G01 X1.5462Y14.3864
G01 X1.5860Y14.3648
G01 X1.6118Y14.3525
G01 X1.6674Y14.3311
G01 X1.6877Y14.3242
G01 X1.7152Y14.3166
G01 X1.7805Y14.3029
G01 X1.8159Y14.2987
G01 X1.8702Y14.2952
G00 Z20.0000
G00 X1.4778Y14.4325
G01 Z20.0000
G01 X1.4678Y14.3657
G01 X1.4345Y14.2324
G01 X1.3882Y14.1031
G01 X1.3294Y13.9789
G01 X1.2588Y13.8610
G01 X1.1770Y13.7507
G01 X1.0847Y13.6489
G01 X0.9829Y13.5566
G01 X0.8725Y13.4748
G01 X0.7547Y13.4041
G01 X0.6305Y13.3454
G01 X0.5011Y13.2991
G01 X0.3679Y13.2657
G01 X0.2320Y13.2456
G01 X0.0947Y13.2388
G01 X-0.0425Y13.2456
G01 X-0.1784Y13.2657
G01 X-0.3116Y13.2991
G01 X-0.4410Y13.3454
G01 X-0.5652Y13.4041
G01 X-0.6830Y13.4748
G01 X-0.7934Y13.5566
G01 X-0.8952Y13.6489
G01 X-0.9875Y13.7507
G01 X-1.0693Y13.8610
G01 X-1.1100Y13.9289
G01 X-1.1100Y13.3044
G01 X-1.0472Y13.2474
G01 X-0.9053Y13.1422
G01 X-0.7538Y13.0514
G01 X-0.5941Y12.9759
G01 X-0.4278Y12.9163
G01 X-0.2564Y12.8734
G01 X-0.0817Y12.8475
G01 X0.0947Y12.8388
G01 X0.2712Y12.8475
G01 X0.4459Y12.8734
G01 X0.6173Y12.9163
G01 X0.7836Y12.9759
G01 X0.9433Y13.0514
G01 X1.0948Y13.1422
G01 X1.2367Y13.2474
G01 X1.3027Y13.3073
G00 Z20.0000
G00 X1.2150Y12.7485
G01 Z20.0000
G01 X1.1318Y12.6986
G01 X0.9367Y12.6063
G01 X0.7334Y12.5336
G01 X0.5239Y12.4811
G01 X0.3104Y12.4494
G01 X0.0947Y12.4388
G01 X-0.1209Y12.4494
G01 X-0.3344Y12.4811
G01 X-0.5439Y12.5336
G01 X-0.7472Y12.6063
G01 X-0.9423Y12.6986
G01 X-1.1100Y12.7991
G01 X-1.1100Y12.3360
G01 X-0.9002Y12.2368
G01 X-0.6600Y12.1508
G01 X-0.4125Y12.0888
G01 X-0.1601Y12.0514
G01 X0.0947Y12.0388
G01 X0.3496Y12.0514
G01 X0.6020Y12.0888
G01 X0.8495Y12.1508
G01 X1.0897Y12.2368
G01 X1.2150Y12.2960
G00 Z20.0000
G00 X1.2273Y11.8616
G01 Z20.0000
G01 X0.9656Y11.7680
G01 X0.6800Y11.6965
G01 X0.3888Y11.6533
G01 X0.0947Y11.6388
G01 X-0.1993Y11.6533
G01 X-0.4905Y11.6965
G01 X-0.7761Y11.7680
G01 X-1.0533Y11.8672
G01 X-1.1100Y11.8940
G01 X-1.1100Y11.4632
G01 X-0.8922Y11.3852
G01 X-0.5686Y11.3042
G01 X-0.2385Y11.2552
G01 X0.0947Y11.2388
G01 X0.4280Y11.2552
G01 X0.7581Y11.3042
G01 X1.0817Y11.3852
G01 X1.3959Y11.4976
G01 X1.4182Y11.5082
G00 Z20.0000
G00 X1.9402Y11.3200
G01 Z20.0000
G01 X1.8861Y11.2875
G01 X1.5489Y11.1281
G01 X1.1978Y11.0025
G01 X0.8361Y10.9119
G01 X0.4672Y10.8571
G01 X0.0947Y10.8388
G01 X-0.2777Y10.8571
G01 X-0.6466Y10.9119
G01 X-1.0083Y11.0025
G01 X-1.1100Y11.0388
G01 X-1.1100Y10.6161
G01 X-0.7246Y10.5195
G01 X-0.3169Y10.4591
G01 X0.0947Y10.4388
G01 X0.5064Y10.4591
G01 X0.9141Y10.5195
G01 X1.3139Y10.6197
G01 X1.7020Y10.7585
G01 X2.0746Y10.9348
G01 X2.4281Y11.1467
G01 X2.6619Y11.3200
G00 Z20.0000
G00 X3.2805Y11.3255
G01 Z20.0000
G01 X3.0130Y11.0830
G01 X2.6504Y10.8141
G01 X2.2632Y10.5820
G01 X1.8551Y10.3890
G01 X1.4301Y10.2369
G01 X0.9922Y10.1272
G01 X0.5456Y10.0610
G01 X0.0947Y10.0388
G01 X-0.3561Y10.0610
G01 X-0.8027Y10.1272
G01 X-1.1100Y10.2042
G00 Z20.0000
G00 X0.2947Y14.6388
G01 Z20.0000
G01 X0.2938Y14.6192
G01 X0.2909Y14.5998
G01 X0.2861Y14.5808
G01 X0.2795Y14.5623
G01 X0.2711Y14.5446
G01 X0.2610Y14.5277
G01 X0.2494Y14.5120
G01 X0.2362Y14.4974
G01 X0.2216Y14.4842
G01 X0.2059Y14.4725
G01 X0.1890Y14.4625
G01 X0.1713Y14.4541
G01 X0.1528Y14.4474
G01 X0.1338Y14.4427
G01 X0.1144Y14.4398
G01 X0.0947Y14.4388
G01 X0.0751Y14.4398
G01 X0.0557Y14.4427
G01 X0.0367Y14.4474
G01 X0.0182Y14.4541
G01 X0.0005Y14.4625
G01 X-0.0164Y14.4725
G01 X-0.0321Y14.4842
G01 X-0.0467Y14.4974
G01 X-0.0599Y14.5120
G01 X-0.0715Y14.5277
G01 X-0.0816Y14.5446
G01 X-0.0900Y14.5623
G01 X-0.0966Y14.5808
G01 X-0.1014Y14.5998
G01 X-0.1043Y14.6192
G01 X-0.1053Y14.6388
G01 X-0.1043Y14.6584
G01 X-0.1014Y14.6779
G01 X-0.0966Y14.6969
G01 X-0.0900Y14.7154
G01 X-0.0816Y14.7331
G01 X-0.0715Y14.7500
G01 X-0.0599Y14.7657
G01 X-0.0467Y14.7803
G01 X-0.0321Y14.7934
G01 X-0.0164Y14.8051
G01 X0.0005Y14.8152
G01 X0.0182Y14.8236
G01 X0.0367Y14.8302
G01 X0.0557Y14.8350
G01 X0.0751Y14.8379
G01 X0.0947Y14.8388
G01 X0.1144Y14.8379
G01 X0.1338Y14.8350
G01 X0.1528Y14.8302
G01 X0.1713Y14.8236
G01 X0.1890Y14.8152
G01 X0.2059Y14.8051
G01 X0.2216Y14.7934
G01 X0.2362Y14.7803
G01 X0.2494Y14.7657
G01 X0.2610Y14.7500
G01 X0.2711Y14.7331
G01 X0.2795Y14.7154
G01 X0.2861Y14.6969
G01 X0.2909Y14.6779
G01 X0.2938Y14.6584
G01 X0.2947Y14.6388
G01 X0.6947Y14.6388
G01 X0.6919Y14.5800
G01 X0.6832Y14.5218
G01 X0.6689Y14.4647
G01 X0.6491Y14.4092
G01 X0.6239Y14.3560
G01 X0.5936Y14.3055
G01 X0.5586Y14.2582
G01 X0.5190Y14.2146
G01 X0.4754Y14.1750
G01 X0.4281Y14.1400
G01 X0.3776Y14.1097
G01 X0.3244Y14.0845
G01 X0.2689Y14.0647
G01 X0.2118Y14.0504
G01 X0.1536Y14.0417
G01 X0.0947Y14.0388
G01 X0.0359Y14.0417
G01 X-0.0223Y14.0504
G01 X-0.0794Y14.0647
G01 X-0.1349Y14.0845
G01 X-0.1881Y14.1097
G01 X-0.2386Y14.1400
G01 X-0.2859Y14.1750
G01 X-0.3295Y14.2146
G01 X-0.3691Y14.2582
G01 X-0.4041Y14.3055
G01 X-0.4344Y14.3560
G01 X-0.4596Y14.4092
G01 X-0.4794Y14.4647
G01 X-0.4937Y14.5218
G01 X-0.5024Y14.5800
G01 X-0.5053Y14.6388
G01 X-0.5024Y14.6976
G01 X-0.4937Y14.7559
G01 X-0.4794Y14.8130
G01 X-0.4596Y14.8684
G01 X-0.4344Y14.9217
G01 X-0.4041Y14.9722
G01 X-0.3691Y15.0195
G01 X-0.3295Y15.0631
G01 X-0.2859Y15.1026
G01 X-0.2386Y15.1377
G01 X-0.1881Y15.1680
G01 X-0.1349Y15.1932
G01 X-0.0794Y15.2130
G01 X-0.0223Y15.2273
G01 X0.0359Y15.2359
G01 X0.0947Y15.2388
G01 X0.1536Y15.2359
G01 X0.2118Y15.2273
G01 X0.2689Y15.2130
G01 X0.3244Y15.1932
G01 X0.3776Y15.1680
G01 X0.4281Y15.1377
G01 X0.4754Y15.1026
G01 X0.5190Y15.0631
G01 X0.5586Y15.0195
G01 X0.5936Y14.9722
G01 X0.6239Y14.9217
G01 X0.6491Y14.8684
G01 X0.6689Y14.8130
G01 X0.6832Y14.7559
G01 X0.6919Y14.6976
G01 X0.6947Y14.6388
G01 X1.0947Y14.6388
G01 X1.0899Y14.5408
G01 X1.0755Y14.4437
G01 X1.0517Y14.3486
G01 X1.0186Y14.2562
G01 X0.9767Y14.1674
G01 X0.9262Y14.0833
G01 X0.8678Y14.0044
G01 X0.8019Y13.9317
G01 X0.7291Y13.8658
G01 X0.6503Y13.8074
G01 X0.5661Y13.7569
G01 X0.4774Y13.7150
G01 X0.3850Y13.6819
G01 X0.2898Y13.6581
G01 X0.1928Y13.6437
G01 X0.0947Y13.6388
G01 X-0.0033Y13.6437
G01 X-0.1003Y13.6581
G01 X-0.1955Y13.6819
G01 X-0.2879Y13.7150
G01 X-0.3766Y13.7569
G01 X-0.4608Y13.8074
G01 X-0.5396Y13.8658
G01 X-0.6124Y13.9317
G01 X-0.6783Y14.0044
G01 X-0.7367Y14.0833
G01 X-0.7872Y14.1674
G01 X-0.8291Y14.2562
G01 X-0.8622Y14.3486
G01 X-0.8860Y14.4437
G01 X-0.9004Y14.5408
G01 X-0.9053Y14.6388
G01 X-0.9004Y14.7369
G01 X-0.8860Y14.8339
G01 X-0.8622Y14.9291
G01 X-0.8291Y15.0215
G01 X-0.7872Y15.1102
G01 X-0.7367Y15.1944
G01 X-0.6783Y15.2732
G01 X-0.6124Y15.3459
G01 X-0.5396Y15.4118
G01 X-0.4608Y15.4703
G01 X-0.3766Y15.5208
G01 X-0.2879Y15.5627
G01 X-0.1955Y15.5958
G01 X-0.1003Y15.6196
G01 X-0.0033Y15.6340
G01 X0.0947Y15.6388
G01 X0.1928Y15.6340
G01 X0.2898Y15.6196
G01 X0.3850Y15.5958
G01 X0.4774Y15.5627
G01 X0.5661Y15.5208
G01 X0.6503Y15.4703
G01 X0.7291Y15.4118
G01 X0.8019Y15.3459
G01 X0.8678Y15.2732
G01 X0.9262Y15.1944
G01 X0.9767Y15.1102
G01 X1.0186Y15.0215
G01 X1.0517Y14.9291
G01 X1.0755Y14.8339
G01 X1.0899Y14.7369
G01 X1.0947Y14.6388
G01 X1.2150Y15.4757
G01 X1.1770Y15.5270
G01 X1.0847Y15.6288
G01 X0.9829Y15.7211
G01 X0.8725Y15.8029
G01 X0.7547Y15.8735
G01 X0.6305Y15.9323
G01 X0.5011Y15.9786
G01 X0.3679Y16.0119
G01 X0.2320Y16.0321
G01 X0.0947Y16.0388
G01 X-0.0425Y16.0321
G01 X-0.1784Y16.0119
G01 X-0.3116Y15.9786
G01 X-0.4410Y15.9323
G01 X-0.5652Y15.8735
G01 X-0.6830Y15.8029
G01 X-0.7934Y15.7211
G01 X-0.8952Y15.6288
G01 X-0.9875Y15.5270
G01 X-1.0693Y15.4166
G01 X-1.1100Y15.3487
G01 X-1.1100Y15.9733
G01 X-1.0472Y16.0303
G01 X-0.9053Y16.1355
G01 X-0.7538Y16.2263
G01 X-0.5941Y16.3018
G01 X-0.4278Y16.3613
G01 X-0.2564Y16.4043
G01 X-0.0817Y16.4302
G01 X0.0947Y16.4388
G01 X0.2712Y16.4302
G01 X0.4459Y16.4043
G01 X0.6173Y16.3613
G01 X0.7836Y16.3018
G01 X0.9433Y16.2263
G01 X1.0948Y16.1355
G01 X1.2212Y16.0417
G00 Z20.0000
G00 X1.3962Y16.4093
G01 Z20.0000
G01 X1.3170Y16.4681
G01 X1.1318Y16.5791
G01 X0.9367Y16.6714
G01 X0.7334Y16.7441
G01 X0.5239Y16.7966
G01 X0.3104Y16.8282
G01 X0.0947Y16.8388
G01 X-0.1209Y16.8282
G01 X-0.3344Y16.7966
G01 X-0.5439Y16.7441
G01 X-0.7472Y16.6714
G01 X-0.9423Y16.5791
G01 X-1.1100Y16.4786
G01 X-1.1100Y16.9417
G01 X-0.9002Y17.0409
G01 X-0.6600Y17.1269
G01 X-0.4125Y17.1889
G01 X-0.1601Y17.2263
G01 X0.0947Y17.2388
G01 X0.3496Y17.2263
G01 X0.6020Y17.1889
G01 X0.8495Y17.1269
G01 X1.0897Y17.0409
G01 X1.3204Y16.9318
G01 X1.5392Y16.8007
G01 X1.7442Y16.6487
G01 X1.7840Y16.6126
G00 Z20.0000
G00 X2.3431Y16.6200
G01 Z20.0000
G01 X2.2161Y16.7602
G01 X1.9979Y16.9579
G01 X1.7615Y17.1332
G01 X1.5089Y17.2846
G01 X1.2428Y17.4105
G01 X0.9656Y17.5097
G01 X0.6800Y17.5812
G01 X0.3888Y17.6244
G01 X0.0947Y17.6388
G01 X-0.1993Y17.6244
G01 X-0.4905Y17.5812
G01 X-0.7761Y17.5097
G01 X-1.0533Y17.4105
G01 X-1.1100Y17.3837
G01 X-1.1100Y17.8145
G01 X-0.8922Y17.8924
G01 X-0.5686Y17.9735
G01 X-0.2385Y18.0225
G01 X0.0947Y18.0388
G01 X0.4280Y18.0225
G01 X0.7581Y17.9735
G01 X1.0817Y17.8924
G01 X1.3959Y17.7800
G01 X1.6975Y17.6374
G01 X1.9837Y17.4658
G01 X2.2517Y17.2671
G01 X2.4989Y17.0430
G01 X2.7230Y16.7958
G01 X2.8533Y16.6200
G00 Z20.0000
G00 X3.3422Y16.6034
G01 Z20.0000
G01 X3.2543Y16.7500
G01 X3.0322Y17.0495
G01 X2.7818Y17.3258
G01 X2.5054Y17.5763
G01 X2.2059Y17.7984
G01 X1.8861Y17.9901
G01 X1.5489Y18.1496
G01 X1.1978Y18.2752
G01 X0.8361Y18.3658
G01 X0.4672Y18.4205
G01 X0.0947Y18.4388
G01 X-0.2777Y18.4205
G01 X-0.6466Y18.3658
G01 X-1.0083Y18.2752
G01 X-1.1100Y18.2388
G00 Z20.0000
G00 X3.8650Y15.0885
G01 Z20.0000
G01 X3.8765Y15.0113
G01 X3.8947Y14.6388
G00 Z20.0000
G00 X8.8350Y12.5364
G01 Z20.0000
G01 X8.7072Y12.0263
G01 X8.4097Y11.1947
G01 X8.0320Y10.3963
G01 X7.5780Y9.6387
G01 X7.0518Y8.9293
G01 X6.4587Y8.2749
G01 X5.8575Y7.7300
G01 X6.4524Y7.7300
G01 X6.7416Y7.9920
G01 X7.3610Y8.6755
G01 X7.9106Y9.4165
G01 X8.3848Y10.2077
G01 X8.7792Y11.0416
G01 X8.9726Y11.5820
G00 Z20.0000
G00 X9.3131Y11.3477
G01 Z20.0000
G01 X9.1488Y10.8885
G01 X8.7376Y10.0191
G01 X8.2432Y9.1942
G01 X7.6703Y8.4218
G01 X7.0419Y7.7285
G00 Z20.0000
G00 X7.4385Y7.5711
G01 Z20.0000
G01 X7.9795Y8.1680
G01 X8.5757Y8.9720
G01 X9.0903Y9.8306
G01 X9.5183Y10.7355
G01 X9.7275Y11.3200
G01 X10.1518Y11.3200
G01 X9.8879Y10.5824
G01 X9.4431Y9.6420
G01 X8.9083Y8.7498
G01 X8.2887Y7.9143
G01 X8.1114Y7.7187
G00 Z20.0000
G00 X8.6494Y7.7300
G01 Z20.0000
G01 X9.2409Y8.5276
G01 X9.7959Y9.4535
G01 X10.2574Y10.4293
G01 X10.5761Y11.3200
G00 Z20.0000
G00 X11.0085Y11.3481
G01 Z20.0000
G01 X11.0039Y11.3296
G01 X10.6270Y10.2762
G01 X10.1487Y9.2649
G01 X9.5735Y8.3053
G01 X9.1468Y7.7300
G00 Z20.0000
G00 X10.6141Y7.7101
G01 Z20.0000
G01 X11.2070Y8.6992
G01 X11.7356Y9.8170
G01 X12.1522Y10.9813
G01 X12.4526Y12.1807
G01 X12.6341Y13.4038
G01 X12.6947Y14.6388
G01 X12.6907Y14.7216
G00 Z20.0000
G00 X12.7333Y11.6568
G01 Z20.0000
G01 X12.5350Y10.8651
G01 X12.1052Y9.6640
G01 X11.5597Y8.5107
G01 X11.0918Y7.7300
G01 X11.5576Y7.7300
G01 X11.9125Y8.3221
G01 X12.4747Y9.5109
G01 X12.9177Y10.7490
G01 X13.0722Y11.3655
G00 Z20.0000
G00 X13.4726Y11.3200
G01 Z20.0000
G01 X13.3005Y10.6329
G01 X12.8443Y9.3578
G01 X12.2653Y8.1336
G01 X12.0234Y7.7300
G00 Z20.0000
G00 X12.4314Y7.6336
G01 Z20.0000
G01 X12.6180Y7.9450
G01 X13.2138Y9.2047
G01 X13.6833Y10.5168
G01 X13.8845Y11.3200
G01 X14.2964Y11.3200
G01 X14.0661Y10.4007
G01 X13.5834Y9.0517
G01 X12.9708Y7.7564
G01 X12.8331Y7.5268
G00 Z20.0000
G00 X13.4002Y7.7300
G01 Z20.0000
G01 X13.9529Y8.8986
G01 X14.4489Y10.2846
G01 X14.7096Y11.3254
G00 Z20.0000
G00 X15.3961Y5.5858
G01 Z20.0000
G01 X14.8949Y4.7497
G01 X14.8658Y4.7104
G00 Z20.0000
G00 X15.1794Y4.4625
G01 Z20.0000
G01 X15.2275Y4.5275
G01 X15.7576Y5.4119
G00 Z20.0000
G00 X16.2193Y5.4050
G01 Z20.0000
G01 X15.8292Y4.7543
G00 Z20.0000
G00 X16.2955Y4.7550
G01 Z20.0000
G01 X16.6850Y5.4050
G01 X17.1508Y5.4050
G01 X16.7612Y4.7550
G01 X14.8435Y5.4411
G01 X14.5623Y4.9719
G01 X14.4014Y4.7550
G01 X13.9040Y4.7550
G01 X14.2297Y5.1941
G01 X14.3561Y5.4050
G01 X13.8887Y5.4050
G01 X13.4066Y4.7550
G01 X13.3913Y5.4050
G01 X12.6634Y4.4236
G00 Z20.0000
G00 X12.3663Y4.6936
G01 Z20.0000
G01 X12.9664Y5.5027
G01 X12.5072Y5.5542
G01 X11.9991Y4.8692
G01 X11.8956Y4.7550
G01 X11.3564Y4.7550
G01 X11.6899Y5.1229
G01 X11.8991Y5.4050
G01 X11.4017Y5.4050
G01 X11.3807Y5.3767
G01 X10.8172Y4.7550
G01 X10.8672Y5.4050
G01 X10.1357Y4.5979
G01 X10.0526Y4.5226
G00 Z20.0000
G00 X9.6950Y4.7377
G01 Z20.0000
G01 X9.8528Y4.8808
G01 X10.4201Y5.5066
G01 X9.8587Y5.4821
G01 X9.5700Y5.1636
G01 X9.1192Y4.7550
G01 X8.5242Y4.7550
G01 X9.2414Y5.4050
G01 X8.6465Y5.4050
G01 X8.0881Y4.8989
G01 X7.5387Y4.4914
G00 Z20.0000
G00 X7.1890Y4.7295
G01 Z20.0000
G01 X7.8343Y5.2081
G01 X8.0737Y5.4250
G00 Z20.0000
G00 X7.7212Y5.6447
G01 Z20.0000
G01 X7.5806Y5.5173
G01 X6.6505Y4.8275
G01 X6.5295Y4.7550
G01 X6.7585Y5.4050
G01 X6.4283Y5.1601
G01 X5.7524Y4.7550
G00 Z20.0000
G00 X5.1121Y4.4163
G01 Z20.0000
G01 X4.4573Y4.1066
G01 X3.4040Y3.7297
G01 X2.3188Y3.4579
G01 X1.2121Y3.2937
G01 X0.0947Y3.2388
G01 X-1.0226Y3.2937
G01 X-1.1100Y3.3067
G01 X-1.1100Y2.9028
G01 X-1.0619Y2.8957
G01 X0.0947Y2.8388
G01 X1.2514Y2.8957
G01 X2.3968Y3.0656
G01 X3.5201Y3.3469
G01 X4.6104Y3.7371
G01 X5.0250Y3.9331
G01 X5.0250Y3.4912
G01 X4.7635Y3.3675
G01 X3.6362Y2.9642
G01 X2.4749Y2.6733
G01 X1.2906Y2.4976
G01 X0.0947Y2.4388
G01 X-1.1011Y2.4976
G01 X-1.1100Y2.4989
G01 X-1.1100Y2.0980
G01 X0.0947Y2.0388
G01 X1.3298Y2.0995
G01 X2.5529Y2.2809
G01 X3.7523Y2.5814
G01 X4.9166Y2.9980
G01 X5.0275Y3.0504
G00 Z20.0000
G00 X5.1742Y2.6779
G01 Z20.0000
G01 X5.0696Y2.6284
G01 X3.8685Y2.1986
G01 X2.6309Y1.8886
G01 X1.3690Y1.7014
G01 X0.0947Y1.6388
G01 X-1.1100Y1.6980
G01 X-1.1100Y1.2980
G01 X0.0947Y1.2388
G01 X1.4082Y1.3034
G01 X2.7090Y1.4963
G01 X3.9846Y1.8158
G01 X5.2227Y2.2589
G01 X5.5989Y2.4368
G00 Z20.0000
G00 X6.5190Y2.4300
G01 Z20.0000
G01 X5.3758Y1.8893
G01 X4.1007Y1.4331
G01 X2.7870Y1.1040
G01 X1.4474Y0.9053
G01 X0.0947Y0.8388
G01 X-1.1100Y0.8980
G00 Z20.0000
G00 X7.0232Y2.4303
G01 Z20.0000
G01 X7.0846Y2.4349
G01 X7.1196Y2.4396
G01 X7.1427Y2.4443
G01 X7.1873Y2.4551
G01 X7.2062Y2.4604
G01 X7.2396Y2.4721
G01 X7.2856Y2.4911
G01 X7.3034Y2.4993
G01 X7.3345Y2.5161
G01 X7.3837Y2.5464
G01 X7.4154Y2.5694
G01 X7.4652Y2.6120
G01 X7.4930Y2.6398
G01 X7.5306Y2.6835
G01 X7.5428Y2.6989
G01 X7.5586Y2.7213
G01 X7.5889Y2.7705
G01 X7.6057Y2.8016
G01 X7.6200Y2.8341
G01 X7.6343Y2.8016
G01 X7.6511Y2.7705
G01 X7.6814Y2.7213
G01 X7.6972Y2.6989
G01 X7.7094Y2.6835
G01 X7.7470Y2.6398
G01 X7.7748Y2.6120
G01 X7.8246Y2.5694
G01 X7.8563Y2.5464
G01 X7.9055Y2.5161
G01 X7.9366Y2.4993
G01 X7.9544Y2.4911
G01 X8.0004Y2.4721
G01 X8.0338Y2.4604
G01 X8.0527Y2.4551
G01 X8.0973Y2.4443
G01 X8.1204Y2.4396
G01 X8.1554Y2.4349
G01 X8.2208Y2.4302
G01 X9.5475Y2.4300
G01 X9.5749Y2.4310
G01 X9.6246Y2.4349
G01 X9.6441Y2.4371
G01 X9.6712Y2.4418
G01 X9.7235Y2.4541
G01 X9.7462Y2.4604
G01 X9.7796Y2.4721
G01 X9.8328Y2.4943
G01 X9.8678Y2.5121
G01 X9.9137Y2.5400
G01 X9.9334Y2.5530
G01 X9.9554Y2.5694
G01 X9.9994Y2.6068
G01 X10.0249Y2.6312
G01 X10.0408Y2.6486
G01 X10.0756Y2.6896
G01 X10.0986Y2.7213
G01 X10.1329Y2.7772
G01 X10.1457Y2.8016
G01 X10.1600Y2.8341
G01 X10.1743Y2.8016
G01 X10.1911Y2.7705
G01 X10.2214Y2.7213
G01 X10.2372Y2.6989
G01 X10.2494Y2.6835
G01 X10.2870Y2.6398
G01 X10.3148Y2.6120
G01 X10.3646Y2.5694
G01 X10.3963Y2.5464
G01 X10.4455Y2.5161
G01 X10.4766Y2.4993
G01 X10.4944Y2.4911
G01 X10.5404Y2.4721
G01 X10.5738Y2.4604
G01 X10.5927Y2.4551
G01 X10.6373Y2.4443
G01 X10.6604Y2.4396
G01 X10.6954Y2.4349
G01 X10.7608Y2.4302
G01 X12.0875Y2.4300
G01 X12.1149Y2.4310
G01 X12.1646Y2.4349
G01 X12.1841Y2.4371
G01 X12.2112Y2.4418
G01 X12.2635Y2.4541
G01 X12.2862Y2.4604
G01 X12.3196Y2.4721
G01 X12.3728Y2.4943
G01 X12.4078Y2.5121
G01 X12.4537Y2.5400
G01 X12.4734Y2.5530
G01 X12.4954Y2.5694
G01 X12.5394Y2.6068
G01 X12.5649Y2.6312
G01 X12.5808Y2.6486
G01 X12.6156Y2.6896
G01 X12.6386Y2.7213
G01 X12.6729Y2.7772
G01 X12.6857Y2.8016
G01 X12.7000Y2.8341
G01 X12.7143Y2.8016
G01 X12.7311Y2.7705
G01 X12.7614Y2.7213
G01 X12.7772Y2.6989
G01 X12.7894Y2.6835
G01 X12.8270Y2.6398
G01 X12.8548Y2.6120
G01 X12.9046Y2.5694
G01 X12.9363Y2.5464
G01 X12.9855Y2.5161
G01 X13.0166Y2.4993
G01 X13.0344Y2.4911
G01 X13.0804Y2.4721
G01 X13.1138Y2.4604
G01 X13.1327Y2.4551
G01 X13.1773Y2.4443
G01 X13.2004Y2.4396
G01 X13.2354Y2.4349
G01 X13.2929Y2.4305
G01 X14.6275Y2.4300
G01 X14.6549Y2.4310
G01 X14.7046Y2.4349
G01 X14.7241Y2.4371
G01 X14.7512Y2.4418
G01 X14.8035Y2.4541
G01 X14.8262Y2.4604
G01 X14.8596Y2.4721
G01 X14.9128Y2.4943
G01 X14.9478Y2.5121
G01 X14.9937Y2.5400
G01 X15.0134Y2.5530
G01 X15.0354Y2.5694
G01 X15.0794Y2.6068
G01 X15.1049Y2.6312
G01 X15.1208Y2.6486
G01 X15.1556Y2.6896
G01 X15.1786Y2.7213
G01 X15.2129Y2.7772
G01 X15.2257Y2.8016
G01 X15.2400Y2.8341
G01 X15.2543Y2.8016
G01 X15.2711Y2.7705
G01 X15.3014Y2.7213
G01 X15.3172Y2.6989
G01 X15.3294Y2.6835
G01 X15.3670Y2.6398
G01 X15.3948Y2.6120
G01 X15.4446Y2.5694
G01 X15.4763Y2.5464
G01 X15.5255Y2.5161
G01 X15.5566Y2.4993
G01 X15.5744Y2.4911
G01 X15.6204Y2.4721
G01 X15.6538Y2.4604
G01 X15.6727Y2.4551
G01 X15.7173Y2.4443
G01 X15.7404Y2.4396
G01 X15.7754Y2.4349
G01 X15.8329Y2.4305
G01 X17.1675Y2.4300
G01 X17.1949Y2.4310
G01 X17.2446Y2.4349
G01 X17.2641Y2.4371
G01 X17.2912Y2.4418
G01 X17.3473Y2.4551
G01 X17.3812Y2.4652
G01 X17.4032Y2.4735
G01 X17.4528Y2.4943
G01 X17.4774Y2.5065
G01 X17.4979Y2.5181
G01 X17.5437Y2.5464
G01 X17.5754Y2.5694
G01 X17.6194Y2.6068
G01 X17.6449Y2.6312
G01 X17.6608Y2.6486
G01 X17.6956Y2.6896
G01 X17.7186Y2.7213
G01 X17.7529Y2.7772
G01 X17.7657Y2.8015
G01 X17.7800Y2.8341
G01 X17.7943Y2.8015
G01 X17.8071Y2.7772
G01 X17.8414Y2.7213
G01 X17.8644Y2.6896
G01 X17.9018Y2.6456
G01 X17.9262Y2.6201
G01 X17.9436Y2.6042
G01 X17.9785Y2.5744
G01 X17.9939Y2.5622
G01 X18.0230Y2.5421
G01 X18.0655Y2.5161
G01 X18.0826Y2.5065
G01 X18.1072Y2.4943
G01 X18.1604Y2.4721
G01 X18.1788Y2.4652
G01 X18.2051Y2.4571
G01 X18.2573Y2.4443
G01 X18.2804Y2.4396
G01 X18.3193Y2.4345
G01 X18.3651Y2.4310
G01 X18.3925Y2.4300
G01 X19.7075Y2.4300
G01 X19.7349Y2.4310
G01 X19.7846Y2.4349
G01 X19.8041Y2.4371
G01 X19.8312Y2.4418
G01 X19.8873Y2.4551
G01 X19.9212Y2.4652
G01 X19.9432Y2.4735
G01 X19.9928Y2.4943
G01 X20.0174Y2.5065
G01 X20.0379Y2.5181
G01 X20.0837Y2.5464
G01 X20.1154Y2.5694
G01 X20.1594Y2.6068
G01 X20.1849Y2.6312
G01 X20.2008Y2.6486
G01 X20.2356Y2.6896
G01 X20.2586Y2.7213
G01 X20.2929Y2.7772
G01 X20.3057Y2.8015
G01 X20.3200Y2.8341
G01 X20.3343Y2.8015
G01 X20.3471Y2.7772
G01 X20.3814Y2.7213
G01 X20.4044Y2.6896
G01 X20.4392Y2.6486
G01 X20.4551Y2.6312
G01 X20.4806Y2.6068
G01 X20.5246Y2.5694
G01 X20.5563Y2.5464
G01 X20.6021Y2.5181
G01 X20.6226Y2.5065
G01 X20.6472Y2.4943
G01 X20.6968Y2.4735
G01 X20.7188Y2.4652
G01 X20.7527Y2.4551
G01 X20.8088Y2.4418
G01 X20.8359Y2.4371
G01 X20.8554Y2.4349
G01 X20.9051Y2.4310
G01 X20.9325Y2.4300
G01 X22.2475Y2.4300
G01 X22.2749Y2.4310
G01 X22.3324Y2.4356
G01 X22.3712Y2.4418
G01 X22.4273Y2.4551
G01 X22.4612Y2.4652
G01 X22.4832Y2.4735
G01 X22.5328Y2.4943
G01 X22.5678Y2.5121
G01 X22.6237Y2.5464
G01 X22.6554Y2.5694
G01 X22.6994Y2.6068
G01 X22.7249Y2.6312
G01 X22.7382Y2.6456
G01 X22.7706Y2.6835
G01 X22.7920Y2.7116
G01 X22.8050Y2.7313
G01 X22.8289Y2.7705
G01 X22.8385Y2.7876
G01 X22.8539Y2.8194
G01 X22.8729Y2.8654
G01 X22.8798Y2.8838
G01 X22.8899Y2.9177
G01 X22.9015Y2.9661
G01 X22.9054Y2.9854
G01 X22.9101Y3.0204
G01 X22.9148Y3.0858
G01 X22.9150Y4.0875
G01 X22.9140Y4.1149
G01 X22.9094Y4.1724
G01 X22.9032Y4.2112
G01 X22.8909Y4.2635
G01 X22.8846Y4.2862
G01 X22.8729Y4.3196
G01 X22.8539Y4.3656
G01 X22.8457Y4.3835
G01 X22.8329Y4.4078
G01 X22.8050Y4.4537
G01 X22.7828Y4.4861
G01 X22.7681Y4.5045
G01 X22.7330Y4.5453
G01 X22.7052Y4.5730
G01 X22.6554Y4.6156
G01 X22.6334Y4.6320
G01 X22.6137Y4.6450
G01 X22.5745Y4.6689
G01 X22.5574Y4.6785
G01 X22.5328Y4.6907
G01 X22.4832Y4.7115
G01 X22.4612Y4.7198
G01 X22.4349Y4.7279
G01 X22.3712Y4.7432
G01 X22.3324Y4.7494
G01 X22.2592Y4.7548
G01 X20.9325Y4.7550
G01 X20.9051Y4.7540
G01 X20.8554Y4.7501
G01 X20.8359Y4.7479
G01 X20.8088Y4.7432
G01 X20.7527Y4.7299
G01 X20.7188Y4.7198
G01 X20.6968Y4.7115
G01 X20.6472Y4.6907
G01 X20.6226Y4.6785
G01 X20.6021Y4.6669
G01 X20.5563Y4.6386
G01 X20.5246Y4.6156
G01 X20.4806Y4.5782
G01 X20.4551Y4.5538
G01 X20.4392Y4.5364
G01 X20.4044Y4.4954
G01 X20.3814Y4.4637
G01 X20.3471Y4.4078
G01 X20.3343Y4.3835
G01 X20.3200Y4.3509
G01 X20.3057Y4.3835
G01 X20.2889Y4.4145
G01 X20.2586Y4.4637
G01 X20.2428Y4.4861
G01 X20.2306Y4.5015
G01 X20.1930Y4.5453
G01 X20.1652Y4.5730
G01 X20.1154Y4.6156
G01 X20.0837Y4.6386
G01 X20.0345Y4.6689
G01 X20.0034Y4.6857
G01 X19.9856Y4.6939
G01 X19.9396Y4.7129
G01 X19.9062Y4.7246
G01 X19.8873Y4.7299
G01 X19.8389Y4.7415
G01 X19.8041Y4.7479
G01 X19.7846Y4.7501
G01 X19.7388Y4.7538
G01 X19.7114Y4.7550
G01 X18.3925Y4.7550
G01 X18.3651Y4.7540
G01 X18.3154Y4.7501
G01 X18.2959Y4.7479
G01 X18.2688Y4.7432
G01 X18.2127Y4.7299
G01 X18.1788Y4.7198
G01 X18.1568Y4.7115
G01 X18.1072Y4.6907
G01 X18.0826Y4.6785
G01 X18.0621Y4.6669
G01 X18.0163Y4.6386
G01 X17.9846Y4.6156
G01 X17.9406Y4.5782
G01 X17.9151Y4.5538
G01 X17.8992Y4.5364
G01 X17.8644Y4.4954
G01 X17.8414Y4.4637
G01 X17.8071Y4.4078
G01 X17.7943Y4.3835
G01 X17.7800Y4.3509
G01 X17.7657Y4.3835
G01 X17.7489Y4.4145
G01 X17.7186Y4.4637
G01 X17.7028Y4.4861
G01 X17.6906Y4.5015
G01 X17.6530Y4.5453
G01 X17.6252Y4.5730
G01 X17.5754Y4.6156
G01 X17.5437Y4.6386
G01 X17.4945Y4.6689
G01 X17.4634Y4.6857
G01 X17.4456Y4.6939
G01 X17.3996Y4.7129
G01 X17.3662Y4.7246
G01 X17.3435Y4.7309
G01 X17.2989Y4.7415
G01 X17.2796Y4.7454
G01 X17.2446Y4.7501
G01 X17.1792Y4.7548
G01 X15.8525Y4.7550
G01 X15.8276Y4.7542
G01 X15.7788Y4.7506
G01 X15.7505Y4.7471
G01 X15.7294Y4.7431
G01 X15.6852Y4.7334
G01 X15.6577Y4.7258
G01 X15.6016Y4.7056
G01 X15.5688Y4.6916
G01 X15.5497Y4.6819
G01 X15.4977Y4.6528
G01 X15.4740Y4.6369
G01 X15.4320Y4.6055
G01 X15.4101Y4.5872
G01 X15.3675Y4.5455
G01 X15.3435Y4.5191
G01 X15.3301Y4.5024
G01 X15.3031Y4.4660
G01 X15.2872Y4.4423
G01 X15.2581Y4.3903
G01 X15.2484Y4.3712
G01 X15.2397Y4.3516
G01 X15.2257Y4.3834
G01 X15.2089Y4.4146
G01 X15.1786Y4.4637
G01 X15.1628Y4.4861
G01 X15.1506Y4.5015
G01 X15.1130Y4.5452
G01 X15.0852Y4.5730
G01 X15.0354Y4.6156
G01 X15.0037Y4.6386
G01 X14.9545Y4.6689
G01 X14.9234Y4.6857
G01 X14.9056Y4.6939
G01 X14.8596Y4.7129
G01 X14.8262Y4.7246
G01 X14.8073Y4.7299
G01 X14.7627Y4.7407
G01 X14.7396Y4.7454
G01 X14.7046Y4.7501
G01 X14.6392Y4.7548
G01 X13.3125Y4.7550
G01 X13.2851Y4.7540
G01 X13.2354Y4.7501
G01 X13.2159Y4.7479
G01 X13.1888Y4.7432
G01 X13.1327Y4.7299
G01 X13.0988Y4.7198
G01 X13.0768Y4.7115
G01 X13.0272Y4.6907
G01 X12.9922Y4.6729
G01 X12.9463Y4.6450
G01 X12.9266Y4.6320
G01 X12.9046Y4.6156
G01 X12.8606Y4.5782
G01 X12.8351Y4.5538
G01 X12.8192Y4.5364
G01 X12.7844Y4.4954
G01 X12.7614Y4.4637
G01 X12.7271Y4.4078
G01 X12.7143Y4.3834
G01 X12.7000Y4.3509
G01 X12.6857Y4.3834
G01 X12.6689Y4.4146
G01 X12.6386Y4.4637
G01 X12.6228Y4.4861
G01 X12.6106Y4.5015
G01 X12.5730Y4.5452
G01 X12.5452Y4.5730
G01 X12.4954Y4.6156
G01 X12.4637Y4.6386
G01 X12.4145Y4.6689
G01 X12.3834Y4.6857
G01 X12.3656Y4.6939
G01 X12.3196Y4.7129
G01 X12.2862Y4.7246
G01 X12.2673Y4.7299
G01 X12.2227Y4.7407
G01 X12.1996Y4.7454
G01 X12.1646Y4.7501
G01 X12.0992Y4.7548
G01 X10.7725Y4.7550
G01 X10.7451Y4.7540
G01 X10.6954Y4.7501
G01 X10.6759Y4.7479
G01 X10.6488Y4.7432
G01 X10.5927Y4.7299
G01 X10.5588Y4.7198
G01 X10.5368Y4.7115
G01 X10.4872Y4.6907
G01 X10.4522Y4.6729
G01 X10.4063Y4.6450
G01 X10.3866Y4.6320
G01 X10.3646Y4.6156
G01 X10.3206Y4.5782
G01 X10.2951Y4.5538
G01 X10.2792Y4.5364
G01 X10.2444Y4.4954
G01 X10.2214Y4.4637
G01 X10.1871Y4.4078
G01 X10.1743Y4.3834
G01 X10.1600Y4.3509
G01 X10.1457Y4.3834
G01 X10.1289Y4.4146
G01 X10.0986Y4.4637
G01 X10.0828Y4.4861
G01 X10.0706Y4.5015
G01 X10.0330Y4.5452
G01 X10.0052Y4.5730
G01 X9.9554Y4.6156
G01 X9.9237Y4.6386
G01 X9.8745Y4.6689
G01 X9.8434Y4.6857
G01 X9.8256Y4.6939
G01 X9.7832Y4.7115
G01 X9.7612Y4.7198
G01 X9.7273Y4.7299
G01 X9.6789Y4.7415
G01 X9.6596Y4.7454
G01 X9.6246Y4.7501
G01 X9.5671Y4.7545
G01 X8.2325Y4.7550
G01 X8.2051Y4.7540
G01 X8.1554Y4.7501
G01 X8.1359Y4.7479
G01 X8.1088Y4.7432
G01 X8.0527Y4.7299
G01 X8.0188Y4.7198
G01 X7.9968Y4.7115
G01 X7.9472Y4.6907
G01 X7.9122Y4.6729
G01 X7.8663Y4.6450
G01 X7.8466Y4.6320
G01 X7.8246Y4.6156
G01 X7.7806Y4.5782
G01 X7.7551Y4.5538
G01 X7.7392Y4.5364
G01 X7.7044Y4.4954
G01 X7.6814Y4.4637
G01 X7.6471Y4.4078
G01 X7.6343Y4.3834
G01 X7.6200Y4.3509
G01 X7.6057Y4.3834
G01 X7.5929Y4.4078
G01 X7.5586Y4.4637
G01 X7.5356Y4.4954
G01 X7.4982Y4.5394
G01 X7.4738Y4.5649
G01 X7.4594Y4.5782
G01 X7.4245Y4.6081
G01 X7.4061Y4.6228
G01 X7.3770Y4.6429
G01 X7.3345Y4.6689
G01 X7.3174Y4.6785
G01 X7.2928Y4.6907
G01 X7.2432Y4.7115
G01 X7.2212Y4.7198
G01 X7.1873Y4.7299
G01 X7.1312Y4.7432
G01 X7.0924Y4.7494
G01 X7.0349Y4.7540
G01 X7.0075Y4.7550
G01 X5.6925Y4.7550
G01 X5.6612Y4.7538
G01 X5.6076Y4.7494
G01 X5.5688Y4.7432
G01 X5.5051Y4.7279
G01 X5.4678Y4.7158
G01 X5.4144Y4.6939
G01 X5.3826Y4.6785
G01 X5.3621Y4.6669
G01 X5.3163Y4.6386
G01 X5.2846Y4.6156
G01 X5.2436Y4.5808
G01 X5.2262Y4.5649
G01 X5.2070Y4.5452
G01 X5.1719Y4.5045
G01 X5.1572Y4.4861
G01 X5.1414Y4.4637
G01 X5.1131Y4.4179
G01 X5.1015Y4.3974
G01 X5.0893Y4.3728
G01 X5.0685Y4.3232
G01 X5.0602Y4.3012
G01 X5.0521Y4.2749
G01 X5.0393Y4.2227
G01 X5.0346Y4.1996
G01 X5.0306Y4.1724
G01 X5.0260Y4.1149
G01 X5.0250Y4.0875
G01 X5.0250Y3.0975
G01 X5.0260Y3.0701
G01 X5.0299Y3.0204
G01 X5.0321Y3.0009
G01 X5.0368Y2.9738
G01 X5.0491Y2.9215
G01 X5.0602Y2.8838
G01 X5.0685Y2.8618
G01 X5.0893Y2.8122
G01 X5.1071Y2.7772
G01 X5.1414Y2.7213
G01 X5.1644Y2.6896
G01 X5.1992Y2.6486
G01 X5.2151Y2.6312
G01 X5.2348Y2.6120
G01 X5.2755Y2.5769
G01 X5.2939Y2.5622
G01 X5.3163Y2.5464
G01 X5.3722Y2.5121
G01 X5.4072Y2.4943
G01 X5.4568Y2.4735
G01 X5.4788Y2.4652
G01 X5.5051Y2.4571
G01 X5.5573Y2.4443
G01 X5.5959Y2.4371
G01 X5.6154Y2.4349
G01 X5.6612Y2.4312
G01 X5.6925Y2.4300
G01 X7.0232Y2.4303
G00 Z20.0000
G00 X7.0232Y5.4053
G01 Z20.0000
G01 X7.0846Y5.4099
G01 X7.1196Y5.4146
G01 X7.1427Y5.4193
G01 X7.1873Y5.4301
G01 X7.2062Y5.4354
G01 X7.2396Y5.4471
G01 X7.2856Y5.4661
G01 X7.3034Y5.4743
G01 X7.3345Y5.4911
G01 X7.3837Y5.5214
G01 X7.4154Y5.5444
G01 X7.4652Y5.5870
G01 X7.4930Y5.6148
G01 X7.5306Y5.6585
G01 X7.5428Y5.6739
G01 X7.5586Y5.6963
G01 X7.5889Y5.7455
G01 X7.6057Y5.7766
G01 X7.6200Y5.8091
G01 X7.6343Y5.7766
G01 X7.6511Y5.7455
G01 X7.6814Y5.6963
G01 X7.6972Y5.6739
G01 X7.7094Y5.6585
G01 X7.7470Y5.6148
G01 X7.7748Y5.5870
G01 X7.8246Y5.5444
G01 X7.8563Y5.5214
G01 X7.9055Y5.4911
G01 X7.9366Y5.4743
G01 X7.9544Y5.4661
G01 X8.0004Y5.4471
G01 X8.0338Y5.4354
G01 X8.0527Y5.4301
G01 X8.0973Y5.4193
G01 X8.1204Y5.4146
G01 X8.1554Y5.4099
G01 X8.2208Y5.4052
G01 X9.5475Y5.4050
G01 X9.5749Y5.4060
G01 X9.6246Y5.4099
G01 X9.6441Y5.4121
G01 X9.6712Y5.4168
G01 X9.7273Y5.4301
G01 X9.7612Y5.4402
G01 X9.7832Y5.4485
G01 X9.8328Y5.4693
G01 X9.8678Y5.4871
G01 X9.9137Y5.5150
G01 X9.9334Y5.5280
G01 X9.9554Y5.5444
G01 X9.9994Y5.5818
G01 X10.0249Y5.6062
G01 X10.0408Y5.6236
G01 X10.0756Y5.6646
G01 X10.0986Y5.6963
G01 X10.1329Y5.7522
G01 X10.1457Y5.7766
G01 X10.1600Y5.8091
G01 X10.1743Y5.7766
G01 X10.1911Y5.7454
G01 X10.2214Y5.6963
G01 X10.2372Y5.6739
G01 X10.2494Y5.6585
G01 X10.2870Y5.6148
G01 X10.3148Y5.5870
G01 X10.3646Y5.5444
G01 X10.3963Y5.5214
G01 X10.4455Y5.4911
G01 X10.4766Y5.4743
G01 X10.4944Y5.4661
G01 X10.5404Y5.4471
G01 X10.5738Y5.4354
G01 X10.5927Y5.4301
G01 X10.6373Y5.4193
G01 X10.6604Y5.4146
G01 X10.6954Y5.4099
G01 X10.7608Y5.4052
G01 X12.0875Y5.4050
G01 X12.1149Y5.4060
G01 X12.1646Y5.4099
G01 X12.1841Y5.4121
G01 X12.2112Y5.4168
G01 X12.2673Y5.4301
G01 X12.3012Y5.4402
G01 X12.3232Y5.4485
G01 X12.3728Y5.4693
G01 X12.4078Y5.4871
G01 X12.4537Y5.5150
G01 X12.4734Y5.5280
G01 X12.4954Y5.5444
G01 X12.5394Y5.5818
G01 X12.5649Y5.6062
G01 X12.5808Y5.6236
G01 X12.6156Y5.6646
G01 X12.6386Y5.6963
G01 X12.6729Y5.7522
G01 X12.6857Y5.7766
G01 X12.7000Y5.8091
G01 X12.7143Y5.7766
G01 X12.7311Y5.7454
G01 X12.7614Y5.6963
G01 X12.7772Y5.6739
G01 X12.7894Y5.6585
G01 X12.8270Y5.6148
G01 X12.8548Y5.5870
G01 X12.9046Y5.5444
G01 X12.9363Y5.5214
G01 X12.9855Y5.4911
G01 X13.0166Y5.4743
G01 X13.0344Y5.4661
G01 X13.0768Y5.4485
G01 X13.0988Y5.4402
G01 X13.1327Y5.4301
G01 X13.1811Y5.4185
G01 X13.2004Y5.4146
G01 X13.2354Y5.4099
G01 X13.2929Y5.4055
G01 X14.6275Y5.4050
G01 X14.6549Y5.4060
G01 X14.7046Y5.4099
G01 X14.7241Y5.4121
G01 X14.7512Y5.4168
G01 X14.8073Y5.4301
G01 X14.8412Y5.4402
G01 X14.8632Y5.4485
G01 X14.9128Y5.4693
G01 X14.9478Y5.4871
G01 X14.9937Y5.5150
G01 X15.0134Y5.5280
G01 X15.0354Y5.5444
G01 X15.0794Y5.5818
G01 X15.1049Y5.6062
G01 X15.1208Y5.6236
G01 X15.1556Y5.6646
G01 X15.1786Y5.6963
G01 X15.2129Y5.7522
G01 X15.2257Y5.7766
G01 X15.2400Y5.8091
G01 X15.2543Y5.7766
G01 X15.2711Y5.7454
G01 X15.3014Y5.6963
G01 X15.3172Y5.6739
G01 X15.3294Y5.6585
G01 X15.3670Y5.6148
G01 X15.3948Y5.5870
G01 X15.4446Y5.5444
G01 X15.4763Y5.5214
G01 X15.5255Y5.4911
G01 X15.5566Y5.4743
G01 X15.5744Y5.4661
G01 X15.6168Y5.4485
G01 X15.6388Y5.4402
G01 X15.6727Y5.4301
G01 X15.7211Y5.4185
G01 X15.7404Y5.4146
G01 X15.7754Y5.4099
G01 X15.8329Y5.4055
G01 X17.1675Y5.4050
G01 X17.1949Y5.4060
G01 X17.2446Y5.4099
G01 X17.2641Y5.4121
G01 X17.2912Y5.4168
G01 X17.3473Y5.4301
G01 X17.3812Y5.4402
G01 X17.4032Y5.4485
G01 X17.4528Y5.4693
G01 X17.4774Y5.4815
G01 X17.4979Y5.4931
G01 X17.5437Y5.5214
G01 X17.5754Y5.5444
G01 X17.6194Y5.5818
G01 X17.6449Y5.6062
G01 X17.6608Y5.6236
G01 X17.6956Y5.6646
G01 X17.7186Y5.6963
G01 X17.7529Y5.7522
G01 X17.7657Y5.7765
G01 X17.7800Y5.8091
G01 X17.7943Y5.7765
G01 X17.8071Y5.7522
G01 X17.8414Y5.6963
G01 X17.8644Y5.6646
G01 X17.9018Y5.6206
G01 X17.9262Y5.5951
G01 X17.9436Y5.5792
G01 X17.9785Y5.5494
G01 X17.9939Y5.5372
G01 X18.0230Y5.5171
G01 X18.0655Y5.4911
G01 X18.0826Y5.4815
G01 X18.1072Y5.4693
G01 X18.1604Y5.4471
G01 X18.1788Y5.4402
G01 X18.2051Y5.4321
G01 X18.2573Y5.4193
G01 X18.2804Y5.4146
G01 X18.3193Y5.4095
G01 X18.3651Y5.4060
G01 X18.3925Y5.4050
G01 X19.7075Y5.4050
G01 X19.7349Y5.4060
G01 X19.7846Y5.4099
G01 X19.8041Y5.4121
G01 X19.8312Y5.4168
G01 X19.8873Y5.4301
G01 X19.9212Y5.4402
G01 X19.9432Y5.4485
G01 X19.9928Y5.4693
G01 X20.0174Y5.4815
G01 X20.0379Y5.4931
G01 X20.0837Y5.5214
G01 X20.1154Y5.5444
G01 X20.1594Y5.5818
G01 X20.1849Y5.6062
G01 X20.2008Y5.6236
G01 X20.2356Y5.6646
G01 X20.2586Y5.6963
G01 X20.2929Y5.7522
G01 X20.3057Y5.7765
G01 X20.3200Y5.8091
G01 X20.3343Y5.7765
G01 X20.3471Y5.7522
G01 X20.3814Y5.6963
G01 X20.4044Y5.6646
G01 X20.4392Y5.6236
G01 X20.4551Y5.6062
G01 X20.4806Y5.5818
G01 X20.5246Y5.5444
G01 X20.5563Y5.5214
G01 X20.6021Y5.4931
G01 X20.6226Y5.4815
G01 X20.6472Y5.4693
G01 X20.6968Y5.4485
G01 X20.7188Y5.4402
G01 X20.7527Y5.4301
G01 X20.8088Y5.4168
G01 X20.8359Y5.4121
G01 X20.8554Y5.4099
G01 X20.9051Y5.4060
G01 X20.9325Y5.4050
G01 X22.2475Y5.4050
G01 X22.2749Y5.4060
G01 X22.3324Y5.4106
G01 X22.3712Y5.4168
G01 X22.4273Y5.4301
G01 X22.4612Y5.4402
G01 X22.4832Y5.4485
G01 X22.5328Y5.4693
G01 X22.5678Y5.4871
G01 X22.6237Y5.5214
G01 X22.6554Y5.5444
G01 X22.6994Y5.5818
G01 X22.7249Y5.6062
G01 X22.7382Y5.6206
G01 X22.7706Y5.6585
G01 X22.7920Y5.6866
G01 X22.8050Y5.7063
G01 X22.8289Y5.7455
G01 X22.8385Y5.7626
G01 X22.8539Y5.7944
G01 X22.8729Y5.8404
G01 X22.8798Y5.8588
G01 X22.8899Y5.8927
G01 X22.9015Y5.9411
G01 X22.9054Y5.9604
G01 X22.9101Y5.9954
G01 X22.9148Y6.0608
G01 X22.9150Y7.0625
G01 X22.9140Y7.0899
G01 X22.9094Y7.1474
G01 X22.9032Y7.1862
G01 X22.8909Y7.2385
G01 X22.8846Y7.2612
G01 X22.8729Y7.2946
G01 X22.8539Y7.3406
G01 X22.8457Y7.3585
G01 X22.8329Y7.3828
G01 X22.8050Y7.4287
G01 X22.7828Y7.4611
G01 X22.7681Y7.4795
G01 X22.7330Y7.5203
G01 X22.7052Y7.5480
G01 X22.6554Y7.5906
G01 X22.6334Y7.6070
G01 X22.6137Y7.6200
G01 X22.5745Y7.6439
G01 X22.5574Y7.6535
G01 X22.5328Y7.6657
G01 X22.4832Y7.6865
G01 X22.4612Y7.6948
G01 X22.4349Y7.7029
G01 X22.3712Y7.7182
G01 X22.3324Y7.7244
G01 X22.2592Y7.7298
G01 X20.9325Y7.7300
G01 X20.9051Y7.7290
G01 X20.8554Y7.7251
G01 X20.8359Y7.7229
G01 X20.8088Y7.7182
G01 X20.7527Y7.7049
G01 X20.7188Y7.6948
G01 X20.6968Y7.6865
G01 X20.6472Y7.6657
G01 X20.6226Y7.6535
G01 X20.6021Y7.6419
G01 X20.5563Y7.6136
G01 X20.5246Y7.5906
G01 X20.4806Y7.5532
G01 X20.4551Y7.5288
G01 X20.4392Y7.5114
G01 X20.4044Y7.4704
G01 X20.3814Y7.4387
G01 X20.3471Y7.3828
G01 X20.3343Y7.3585
G01 X20.3200Y7.3259
G01 X20.3057Y7.3585
G01 X20.2889Y7.3895
G01 X20.2586Y7.4387
G01 X20.2428Y7.4611
G01 X20.2306Y7.4765
G01 X20.1930Y7.5203
G01 X20.1652Y7.5480
G01 X20.1154Y7.5906
G01 X20.0837Y7.6136
G01 X20.0345Y7.6439
G01 X20.0034Y7.6607
G01 X19.9856Y7.6689
G01 X19.9396Y7.6879
G01 X19.9062Y7.6996
G01 X19.8873Y7.7049
G01 X19.8389Y7.7165
G01 X19.8041Y7.7229
G01 X19.7846Y7.7251
G01 X19.7388Y7.7288
G01 X19.7114Y7.7300
G01 X18.3925Y7.7300
G01 X18.3651Y7.7290
G01 X18.3154Y7.7251
G01 X18.2959Y7.7229
G01 X18.2688Y7.7182
G01 X18.2127Y7.7049
G01 X18.1788Y7.6948
G01 X18.1568Y7.6865
G01 X18.1072Y7.6657
G01 X18.0826Y7.6535
G01 X18.0621Y7.6419
G01 X18.0163Y7.6136
G01 X17.9846Y7.5906
G01 X17.9406Y7.5532
G01 X17.9151Y7.5288
G01 X17.8992Y7.5114
G01 X17.8644Y7.4704
G01 X17.8414Y7.4387
G01 X17.8071Y7.3828
G01 X17.7943Y7.3585
G01 X17.7800Y7.3259
G01 X17.7657Y7.3585
G01 X17.7489Y7.3895
G01 X17.7186Y7.4387
G01 X17.7028Y7.4611
G01 X17.6906Y7.4765
G01 X17.6530Y7.5203
G01 X17.6252Y7.5480
G01 X17.5754Y7.5906
G01 X17.5437Y7.6136
G01 X17.4945Y7.6439
G01 X17.4634Y7.6607
G01 X17.4456Y7.6689
G01 X17.3996Y7.6879
G01 X17.3662Y7.6996
G01 X17.3435Y7.7059
G01 X17.2989Y7.7165
G01 X17.2796Y7.7204
G01 X17.2446Y7.7251
G01 X17.1792Y7.7298
G01 X15.8525Y7.7300
G01 X15.8276Y7.7292
G01 X15.7788Y7.7256
G01 X15.7505Y7.7221
G01 X15.7294Y7.7181
G01 X15.6852Y7.7084
G01 X15.6577Y7.7008
G01 X15.6016Y7.6806
G01 X15.5688Y7.6666
G01 X15.5497Y7.6569
G01 X15.4977Y7.6278
G01 X15.4740Y7.6119
G01 X15.4320Y7.5805
G01 X15.4101Y7.5622
G01 X15.3675Y7.5205
G01 X15.3435Y7.4941
G01 X15.3301Y7.4774
G01 X15.3031Y7.4410
G01 X15.2872Y7.4173
G01 X15.2581Y7.3653
G01 X15.2484Y7.3462
G01 X15.2397Y7.3266
G01 X15.2257Y7.3584
G01 X15.2089Y7.3896
G01 X15.1786Y7.4387
G01 X15.1628Y7.4611
G01 X15.1506Y7.4765
G01 X15.1130Y7.5202
G01 X15.0852Y7.5480
G01 X15.0354Y7.5906
G01 X15.0037Y7.6136
G01 X14.9545Y7.6439
G01 X14.9234Y7.6607
G01 X14.9056Y7.6689
G01 X14.8596Y7.6879
G01 X14.8262Y7.6996
G01 X14.8073Y7.7049
G01 X14.7627Y7.7157
G01 X14.7396Y7.7204
G01 X14.7046Y7.7251
G01 X14.6392Y7.7298
G01 X13.3125Y7.7300
G01 X13.2851Y7.7290
G01 X13.2354Y7.7251
G01 X13.2159Y7.7229
G01 X13.1888Y7.7182
G01 X13.1327Y7.7049
G01 X13.0988Y7.6948
G01 X13.0768Y7.6865
G01 X13.0272Y7.6657
G01 X12.9922Y7.6479
G01 X12.9463Y7.6200
G01 X12.9266Y7.6070
G01 X12.9046Y7.5906
G01 X12.8606Y7.5532
G01 X12.8351Y7.5288
G01 X12.8192Y7.5114
G01 X12.7844Y7.4704
G01 X12.7614Y7.4387
G01 X12.7271Y7.3828
G01 X12.7143Y7.3584
G01 X12.7000Y7.3259
G01 X12.6857Y7.3584
G01 X12.6689Y7.3896
G01 X12.6386Y7.4387
G01 X12.6228Y7.4611
G01 X12.6106Y7.4765
G01 X12.5730Y7.5202
G01 X12.5452Y7.5480
G01 X12.4954Y7.5906
G01 X12.4637Y7.6136
G01 X12.4145Y7.6439
G01 X12.3834Y7.6607
G01 X12.3656Y7.6689
G01 X12.3196Y7.6879
G01 X12.2862Y7.6996
G01 X12.2673Y7.7049
G01 X12.2227Y7.7157
G01 X12.1996Y7.7204
G01 X12.1646Y7.7251
G01 X12.0992Y7.7298
G01 X10.7725Y7.7300
G01 X10.7451Y7.7290
G01 X10.6954Y7.7251
G01 X10.6759Y7.7229
G01 X10.6488Y7.7182
G01 X10.5927Y7.7049
G01 X10.5588Y7.6948
G01 X10.5368Y7.6865
G01 X10.4872Y7.6657
G01 X10.4522Y7.6479
G01 X10.4063Y7.6200
G01 X10.3866Y7.6070
G01 X10.3646Y7.5906
G01 X10.3206Y7.5532
G01 X10.2951Y7.5288
G01 X10.2792Y7.5114
G01 X10.2444Y7.4704
G01 X10.2214Y7.4387
G01 X10.1871Y7.3828
G01 X10.1743Y7.3584
G01 X10.1600Y7.3259
G01 X10.1457Y7.3584
G01 X10.1289Y7.3896
G01 X10.0986Y7.4387
G01 X10.0828Y7.4611
G01 X10.0706Y7.4765
G01 X10.0330Y7.5202
G01 X10.0052Y7.5480
G01 X9.9554Y7.5906
G01 X9.9237Y7.6136
G01 X9.8745Y7.6439
G01 X9.8434Y7.6607
G01 X9.8256Y7.6689
G01 X9.7832Y7.6865
G01 X9.7612Y7.6948
G01 X9.7273Y7.7049
G01 X9.6789Y7.7165
G01 X9.6596Y7.7204
G01 X9.6246Y7.7251
G01 X9.5671Y7.7295
G01 X8.2325Y7.7300
G01 X8.2051Y7.7290
G01 X8.1554Y7.7251
G01 X8.1359Y7.7229
G01 X8.1088Y7.7182
G01 X8.0527Y7.7049
G01 X8.0188Y7.6948
G01 X7.9968Y7.6865
G01 X7.9472Y7.6657
G01 X7.9122Y7.6479
G01 X7.8663Y7.6200
G01 X7.8466Y7.6070
G01 X7.8246Y7.5906
G01 X7.7806Y7.5532
G01 X7.7551Y7.5288
G01 X7.7392Y7.5114
G01 X7.7044Y7.4704
G01 X7.6814Y7.4387
G01 X7.6471Y7.3828
G01 X7.6343Y7.3584
G01 X7.6200Y7.3259
G01 X7.6057Y7.3584
G01 X7.5929Y7.3828
G01 X7.5586Y7.4387
G01 X7.5356Y7.4704
G01 X7.4982Y7.5144
G01 X7.4738Y7.5399
G01 X7.4594Y7.5532
G01 X7.4245Y7.5831
G01 X7.4061Y7.5978
G01 X7.3770Y7.6179
G01 X7.3345Y7.6439
G01 X7.3174Y7.6535
G01 X7.2928Y7.6657
G01 X7.2432Y7.6865
G01 X7.2212Y7.6948
G01 X7.1873Y7.7049
G01 X7.1312Y7.7182
G01 X7.0924Y7.7244
G01 X7.0349Y7.7290
G01 X7.0075Y7.7300
G01 X5.6925Y7.7300
G01 X5.6612Y7.7288
G01 X5.6076Y7.7244
G01 X5.5688Y7.7182
G01 X5.5051Y7.7029
G01 X5.4678Y7.6908
G01 X5.4144Y7.6689
G01 X5.3826Y7.6535
G01 X5.3621Y7.6419
G01 X5.3163Y7.6136
G01 X5.2846Y7.5906
G01 X5.2436Y7.5558
G01 X5.2262Y7.5399
G01 X5.2070Y7.5202
G01 X5.1719Y7.4795
G01 X5.1572Y7.4611
G01 X5.1414Y7.4387
G01 X5.1131Y7.3929
G01 X5.1015Y7.3724
G01 X5.0893Y7.3478
G01 X5.0685Y7.2982
G01 X5.0602Y7.2762
G01 X5.0521Y7.2499
G01 X5.0393Y7.1977
G01 X5.0346Y7.1746
G01 X5.0306Y7.1474
G01 X5.0260Y7.0899
G01 X5.0250Y7.0625
G01 X5.0250Y6.0725
G01 X5.0260Y6.0451
G01 X5.0299Y5.9954
G01 X5.0321Y5.9759
G01 X5.0368Y5.9488
G01 X5.0491Y5.8965
G01 X5.0602Y5.8588
G01 X5.0685Y5.8368
G01 X5.0893Y5.7872
G01 X5.1071Y5.7522
G01 X5.1414Y5.6963
G01 X5.1644Y5.6646
G01 X5.1992Y5.6236
G01 X5.2151Y5.6062
G01 X5.2348Y5.5870
G01 X5.2755Y5.5519
G01 X5.2939Y5.5372
G01 X5.3163Y5.5214
G01 X5.3722Y5.4871
G01 X5.4072Y5.4693
G01 X5.4568Y5.4485
G01 X5.4788Y5.4402
G01 X5.5051Y5.4321
G01 X5.5573Y5.4193
G01 X5.5959Y5.4121
G01 X5.6154Y5.4099
G01 X5.6612Y5.4062
G01 X5.6925Y5.4050
G01 X7.0232Y5.4053
G00 Z20.0000
G00 X8.8930Y22.4813
G01 Z20.0000
G01 X8.8598Y22.5180
G00 Z20.0000
G00 X8.6651Y22.7329
G01 Z20.0000
G01 X8.4386Y22.9827
G01 X7.5806Y23.7604
G01 X6.6505Y24.4502
G01 X5.6572Y25.0455
G01 X4.6104Y25.5406
G01 X3.9380Y25.7812
G00 Z20.0000
G00 X3.9899Y25.3902
G01 Z20.0000
G01 X3.9895Y25.4196
G01 X3.9834Y25.5372
G01 X3.9806Y25.5616
G01 X3.9630Y25.6781
G01 X3.9578Y25.7020
G01 X3.9289Y25.8162
G01 X3.9214Y25.8396
G01 X3.8814Y25.9503
G01 X3.8717Y25.9728
G01 X3.8210Y26.0792
G01 X3.8091Y26.1006
G01 X3.7483Y26.2015
G01 X3.7343Y26.2216
G01 X3.6639Y26.3160
G01 X3.6480Y26.3347
G01 X3.5687Y26.4218
G01 X3.5511Y26.4388
G01 X3.4636Y26.5177
G01 X3.4444Y26.5329
G01 X3.3496Y26.6029
G01 X3.3290Y26.6161
G01 X3.2278Y26.6764
G01 X3.2060Y26.6876
G01 X3.0994Y26.7377
G01 X3.0766Y26.7467
G01 X2.9656Y26.7861
G01 X2.9420Y26.7928
G01 X2.8277Y26.8211
G01 X2.8035Y26.8255
G01 X2.6870Y26.8425
G01 X2.6625Y26.8445
G01 X2.5449Y26.8499
G01 X2.5204Y26.8495
G01 X2.4028Y26.8434
G01 X2.3784Y26.8406
G01 X2.2619Y26.8230
G01 X2.2380Y26.8178
G01 X2.1238Y26.7889
G01 X2.1004Y26.7814
G01 X1.9897Y26.7414
G01 X1.9672Y26.7317
G01 X1.8608Y26.6810
G01 X1.8394Y26.6691
G01 X1.7385Y26.6083
G01 X1.7184Y26.5943
G01 X1.6240Y26.5239
G01 X1.6053Y26.5080
G01 X1.5182Y26.4287
G01 X1.5012Y26.4111
G01 X1.4223Y26.3236
G01 X1.4071Y26.3044
G01 X1.3371Y26.2096
G01 X1.3239Y26.1890
G01 X1.2636Y26.0878
G01 X1.2524Y26.0660
G01 X1.2023Y25.9594
G01 X1.1933Y25.9366
G01 X1.1539Y25.8256
G01 X1.1472Y25.8020
G01 X1.1189Y25.6877
G01 X1.1145Y25.6635
G01 X1.0975Y25.5470
G01 X1.0955Y25.5225
G01 X1.0901Y25.4049
G01 X1.0905Y25.3804
G01 X1.0966Y25.2628
G01 X1.0994Y25.2384
G01 X1.1170Y25.1219
G01 X1.1222Y25.0980
G01 X1.1511Y24.9838
G01 X1.1586Y24.9604
G01 X1.1986Y24.8497
G01 X1.2083Y24.8272
G01 X1.2590Y24.7208
G01 X1.2709Y24.6994
G01 X1.3317Y24.5985
G01 X1.3457Y24.5784
G01 X1.4161Y24.4840
G01 X1.4320Y24.4653
G01 X1.5113Y24.3782
G01 X1.5289Y24.3612
G01 X1.6164Y24.2823
G01 X1.6356Y24.2671
G01 X1.7304Y24.1971
G01 X1.7510Y24.1839
G01 X1.8522Y24.1236
G01 X1.8740Y24.1124
G01 X1.9806Y24.0623
G01 X2.0034Y24.0533
G01 X2.1144Y24.0139
G01 X2.1380Y24.0072
G01 X2.2523Y23.9789
G01 X2.2765Y23.9745
G01 X2.3930Y23.9575
G01 X2.4175Y23.9555
G01 X2.5351Y23.9501
G01 X2.5596Y23.9505
G01 X2.6772Y23.9566
G01 X2.7016Y23.9594
G01 X2.8181Y23.9770
G01 X2.8420Y23.9822
G01 X2.9562Y24.0111
G01 X2.9796Y24.0186
G01 X3.0903Y24.0586
G01 X3.1128Y24.0683
G01 X3.2192Y24.1190
G01 X3.2406Y24.1309
G01 X3.3415Y24.1917
G01 X3.3616Y24.2057
G01 X3.4560Y24.2761
G01 X3.4747Y24.2920
G01 X3.5618Y24.3713
G01 X3.5788Y24.3889
G01 X3.6577Y24.4764
G01 X3.6729Y24.4956
G01 X3.7429Y24.5904
G01 X3.7561Y24.6110
G01 X3.8164Y24.7122
G01 X3.8276Y24.7340
G01 X3.8777Y24.8406
G01 X3.8867Y24.8634
G01 X3.9261Y24.9744
G01 X3.9328Y24.9980
G01 X3.9611Y25.1123
G01 X3.9655Y25.1365
G01 X3.9825Y25.2530
G01 X3.9845Y25.2775
G01 X3.9899Y25.3902
G00 Z20.0000
G00 X3.9875Y25.3392
G01 Z20.0000
G01 X4.4573Y25.1711
G01 X5.4687Y24.6927
G01 X6.4283Y24.1176
G01 X7.3268Y23.4512
G01 X7.6725Y23.1379
G00 Z20.0000
G00 X7.1545Y23.0682
G01 Z20.0000
G01 X7.0731Y23.1420
G01 X6.2060Y23.7850
G01 X5.2801Y24.3400
G01 X4.3043Y24.8015
G01 X3.9144Y24.9410
G00 Z20.0000
G00 X3.7359Y24.5806
G01 Z20.0000
G01 X4.1512Y24.4320
G01 X5.0916Y23.9872
G01 X5.9838Y23.4524
G01 X6.7581Y22.8782
G00 Z20.0000
G00 X6.4522Y22.6076
G01 Z20.0000
G01 X5.7616Y23.1198
G01 X4.9030Y23.6344
G01 X3.9981Y24.0624
G01 X3.4385Y24.2627
G00 Z20.0000
G00 X3.6770Y26.2989
G01 Z20.0000
G01 X4.7635Y25.9102
G01 X5.8458Y25.3983
G01 X6.8727Y24.7828
G01 X7.8343Y24.0696
G01 X8.7215Y23.2655
G01 X9.1640Y22.7773
G00 Z20.0000
G00 X21.4892Y29.0500
G01 Z20.0000
G01 X21.5467Y28.9725
G01 X22.8483Y26.8009
G01 X23.9308Y24.5121
G01 X24.7838Y22.1282
G01 X25.3990Y19.6722
G01 X25.7705Y17.1677
G01 X25.7974Y16.6200
G00 Z20.0000
G00 X29.0500Y19.5644
G01 Z20.0000
G01 X28.9298Y20.3745
G01 X28.2288Y23.1732
G01 X27.2568Y25.8897
G01 X26.0232Y28.4979
G01 X25.6923Y29.0500
G01 X26.1581Y29.0500
G01 X26.3760Y28.6865
G01 X27.6264Y26.0428
G01 X28.6116Y23.2893
G01 X29.0500Y21.5390
G01 X29.0500Y23.1833
G01 X28.9943Y23.4054
G01 X27.9959Y26.1959
G01 X26.7288Y28.8750
G01 X26.6239Y29.0500
G01 X27.0880Y29.0500
G01 X28.3655Y26.3490
G01 X29.0500Y24.4358
G01 X29.0500Y25.6217
G01 X28.7350Y26.5020
G01 X27.5299Y29.0500
G01 X27.9719Y29.0500
G01 X29.0500Y26.7705
G01 X29.0500Y27.7049
G01 X28.4138Y29.0500
G01 X28.8558Y29.0500
G01 X29.0500Y28.6393
G00 Z20.0000
G00 Z20.0000
G00 X0Y0
M05
G0 Z20
G0 X0 Y25