G0 Z20
G21
G90
G94
F200.00
G00 Z20.0000
M04 S30
G4 P1
G00 X1.2093Y-3.4000
G01 Z20.0000
G01 X0.8919Y-2.9719
G01 X-0.6923Y-0.3289
G01 X-0.7000Y-0.3127
G01 X-0.7000Y-1.0932
G01 X0.5593Y-3.1942
G01 X0.7119Y-3.4000
G01 X0.2168Y-3.4000
G01 X-0.7000Y-1.8703
G01 X-0.7000Y-2.6474
G01 X-0.2489Y-3.4000
G01 X-0.7000Y-3.4000
G01 X-0.7000Y32.3000
G01 X115.2800Y32.3000
G01 X115.2800Y-3.4000
G01 X-0.7000Y-3.4000
G01 X1.7067Y-3.4000
G01 X1.2244Y-2.7497
G01 X-0.3396Y-0.1403
G01 X-0.7000Y0.6217
G01 X-0.7000Y1.5562
G01 X0.0132Y0.0482
G01 X1.5570Y-2.5275
G01 X2.2041Y-3.4000
G01 X2.7015Y-3.4000
G01 X1.8896Y-2.3053
G01 X0.3660Y0.2368
G01 X-0.7000Y2.4906
G01 X-0.7000Y3.5396
G01 X-0.5316Y3.0690
G01 X0.7187Y0.4253
G01 X2.2222Y-2.0830
G01 X3.1989Y-3.4000
G01 X3.6963Y-3.4000
G01 X2.5548Y-1.8608
G01 X1.0715Y0.6139
G01 X-0.1621Y3.2221
G01 X-0.7000Y4.7255
G01 X-0.7000Y5.9114
G01 X0.2075Y3.3751
G01 X1.4243Y0.8025
G01 X2.8874Y-1.6386
G01 X4.1937Y-3.4000
G01 X4.6911Y-3.4000
G01 X3.2200Y-1.4163
G01 X1.7771Y0.9910
G01 X0.5770Y3.5282
G01 X-0.3685Y6.1708
G01 X-0.7000Y7.4943
G01 X-0.7000Y9.2536
G01 X-0.6581Y8.9714
G01 X0.0143Y6.2869
G01 X0.9466Y3.6813
G01 X2.1298Y1.1796
G01 X3.5526Y-1.1941
G01 X5.1885Y-3.4000
G01 X5.7250Y-3.4000
G01 X5.5103Y-3.1632
G01 X3.8851Y-0.9719
G01 X2.4826Y1.3681
G01 X1.3161Y3.8344
G01 X0.3971Y6.4030
G01 X-0.2658Y9.0494
G01 X-0.6661Y11.7481
G01 X-0.7000Y12.4374
G00 Z20.0000
G00 X-0.7000Y16.5085
G01 Z20.0000
G01 X-0.6661Y17.1978
G01 X-0.2658Y19.8965
G01 X0.3971Y22.5429
G01 X1.3161Y25.1116
G01 X2.4826Y27.5778
G01 X3.8851Y29.9178
G01 X5.5103Y32.1091
G01 X5.6833Y32.3000
G01 X5.1545Y32.3000
G01 X3.5526Y30.1400
G01 X2.1298Y27.7663
G01 X0.9466Y25.2646
G01 X0.0143Y22.6590
G01 X-0.6581Y19.9745
G01 X-0.7000Y19.6923
G01 X-0.7000Y21.4517
G01 X-0.3685Y22.7751
G01 X0.5770Y25.4177
G01 X1.7771Y27.9549
G01 X3.2200Y30.3623
G01 X4.6571Y32.3000
G01 X4.1597Y32.3000
G01 X2.8874Y30.5845
G01 X1.4243Y28.1435
G01 X0.2075Y25.5708
G01 X-0.7000Y23.0345
G01 X-0.7000Y24.2204
G01 X-0.1621Y25.7239
G01 X1.0715Y28.3320
G01 X2.5548Y30.8067
G01 X3.6623Y32.3000
G01 X3.1649Y32.3000
G01 X2.2222Y31.0290
G01 X0.7187Y28.5206
G01 X-0.5316Y25.8769
G01 X-0.7000Y25.4063
G01 X-0.7000Y26.4553
G01 X0.3660Y28.7091
G01 X1.8896Y31.2512
G01 X2.6675Y32.3000
G01 X2.1701Y32.3000
G01 X1.5570Y31.4734
G01 X0.0132Y28.8977
G01 X-0.7000Y27.3897
G01 X-0.7000Y28.3242
G01 X-0.3396Y29.0863
G01 X1.2244Y31.6956
G01 X1.6727Y32.3000
G01 X1.1753Y32.3000
G01 X0.8919Y31.9179
G01 X-0.6923Y29.2748
G01 X-0.7000Y29.2586
G00 Z20.0000
G00 X-0.7000Y30.0391
G01 Z20.0000
G01 X0.5593Y32.1401
G01 X0.6779Y32.3000
G01 X0.1893Y32.3000
G01 X-0.7000Y30.8163
G01 X-0.7000Y31.5934
G01 X-0.2765Y32.3000
G00 Z20.0000
G00 X6.2225Y32.3000
G01 Z20.0000
G01 X5.8195Y31.8553
G01 X4.2177Y29.6956
G01 X2.8354Y27.3892
G01 X1.6857Y24.9585
G01 X0.7798Y22.4268
G01 X0.1265Y19.8184
G01 X-0.2681Y17.1586
G01 X-0.4000Y14.4730
G01 X-0.2681Y11.7873
G01 X0.1265Y9.1275
G01 X0.7798Y6.5192
G01 X1.6857Y3.9874
G01 X2.8354Y1.5567
G01 X4.2177Y-0.7497
G01 X5.8195Y-2.9094
G01 X6.2642Y-3.4000
G01 X6.8034Y-3.4000
G01 X6.1287Y-2.6557
G01 X4.5503Y-0.5274
G01 X3.1881Y1.7452
G01 X2.0553Y4.1405
G01 X1.1626Y6.6353
G01 X0.5188Y9.2055
G01 X0.1300Y11.8265
G01 X0.0000Y14.4730
G01 X0.1300Y17.1194
G01 X0.5188Y19.7404
G01 X1.1626Y22.3106
G01 X2.0553Y24.8054
G01 X3.1881Y27.2007
G01 X4.5503Y29.4734
G01 X6.1287Y31.6016
G01 X6.7617Y32.3000
G01 X7.3009Y32.3000
G01 X6.4379Y31.3478
G01 X4.8829Y29.2511
G01 X3.5409Y27.0121
G01 X2.4248Y24.6523
G01 X1.5454Y22.1945
G01 X0.9111Y19.6624
G01 X0.5281Y17.0802
G01 X0.4000Y14.4730
G01 X0.5281Y11.8657
G01 X0.9111Y9.2836
G01 X1.5454Y6.7514
G01 X2.4248Y4.2936
G01 X3.5409Y1.9338
G01 X4.8829Y-0.3052
G01 X6.4379Y-2.4019
G01 X7.3425Y-3.4000
G01 X7.8817Y-3.4000
G01 X6.7471Y-2.1481
G01 X5.2155Y-0.0830
G01 X3.8937Y2.1224
G01 X2.7944Y4.4467
G01 X1.9282Y6.8675
G01 X1.3034Y9.3616
G01 X0.9262Y11.9049
G01 X0.8000Y14.4730
G01 X0.9262Y17.0410
G01 X1.3034Y19.5843
G01 X1.9282Y22.0784
G01 X2.7944Y24.4993
G01 X3.8937Y26.8236
G01 X5.2155Y29.0289
G01 X6.7471Y31.0941
G01 X7.8401Y32.3000
G01 X8.3793Y32.3000
G01 X7.0563Y30.8403
G01 X5.5481Y28.8067
G01 X4.2464Y26.6350
G01 X3.1639Y24.3462
G01 X2.3109Y21.9623
G01 X1.6957Y19.5063
G01 X1.3242Y17.0018
G01 X1.2000Y14.4730
G01 X1.3242Y11.9441
G01 X1.6957Y9.4396
G01 X2.3109Y6.9836
G01 X3.1639Y4.5997
G01 X4.2464Y2.3109
G01 X5.5481Y0.1392
G01 X7.0563Y-1.8944
G01 X8.4209Y-3.4000
G01 X8.9601Y-3.4000
G01 X7.3655Y-1.6406
G01 X5.8807Y0.3615
G01 X4.5992Y2.4995
G01 X3.5335Y4.7528
G01 X2.6937Y7.0997
G01 X2.0881Y9.5177
G01 X1.7223Y11.9833
G01 X1.6000Y14.4730
G01 X1.7223Y16.9626
G01 X2.0881Y19.4283
G01 X2.6937Y21.8462
G01 X3.5335Y24.1931
G01 X4.5992Y26.4464
G01 X5.8807Y28.5844
G01 X7.3655Y30.5865
G01 X8.9185Y32.3000
G01 X9.4871Y32.3000
G01 X9.3223Y32.1506
G01 X7.6747Y30.3328
G01 X6.2133Y28.3622
G01 X4.9520Y26.2579
G01 X3.9030Y24.0400
G01 X3.0765Y21.7301
G01 X2.4804Y19.3502
G01 X2.1204Y16.9234
G01 X2.0000Y14.4730
G01 X2.1204Y12.0225
G01 X2.4804Y9.5957
G01 X3.0765Y7.2158
G01 X3.5520Y5.8870
G00 Z20.0000
G00 X3.5001Y5.5098
G01 Z20.0000
G01 X3.5005Y5.4804
G01 X3.5068Y5.3579
G01 X3.5096Y5.3335
G01 X3.5279Y5.2122
G01 X3.5331Y5.1882
G01 X3.5632Y5.0693
G01 X3.5707Y5.0459
G01 X3.6124Y4.9305
G01 X3.6221Y4.9080
G01 X3.6749Y4.7973
G01 X3.6868Y4.7758
G01 X3.7501Y4.6708
G01 X3.7641Y4.6506
G01 X3.8374Y4.5522
G01 X3.8533Y4.5335
G01 X3.9359Y4.4429
G01 X3.9536Y4.4258
G01 X4.0447Y4.3436
G01 X4.0639Y4.3284
G01 X4.1626Y4.2556
G01 X4.1832Y4.2423
G01 X4.2886Y4.1795
G01 X4.3104Y4.1683
G01 X4.4215Y4.1161
G01 X4.4443Y4.1071
G01 X4.5599Y4.0661
G01 X4.5835Y4.0594
G01 X4.7026Y4.0298
G01 X4.7267Y4.0255
G01 X4.8481Y4.0078
G01 X4.8726Y4.0058
G01 X4.9951Y4.0001
G01 X5.0196Y4.0005
G01 X5.1421Y4.0068
G01 X5.1665Y4.0096
G01 X5.2878Y4.0279
G01 X5.3118Y4.0331
G01 X5.4307Y4.0632
G01 X5.4541Y4.0707
G01 X5.5695Y4.1124
G01 X5.5920Y4.1221
G01 X5.7027Y4.1749
G01 X5.7242Y4.1868
G01 X5.8292Y4.2501
G01 X5.8494Y4.2641
G01 X5.9478Y4.3374
G01 X5.9665Y4.3533
G01 X6.0571Y4.4359
G01 X6.0742Y4.4536
G01 X6.1564Y4.5447
G01 X6.1716Y4.5639
G01 X6.2444Y4.6626
G01 X6.2577Y4.6832
G01 X6.3205Y4.7886
G01 X6.3317Y4.8104
G01 X6.3839Y4.9215
G01 X6.3929Y4.9443
G01 X6.4339Y5.0599
G01 X6.4406Y5.0835
G01 X6.4702Y5.2026
G01 X6.4745Y5.2267
G01 X6.4922Y5.3481
G01 X6.4942Y5.3726
G01 X6.4999Y5.4951
G01 X6.4995Y5.5196
G01 X6.4932Y5.6421
G01 X6.4904Y5.6665
G01 X6.4721Y5.7878
G01 X6.4669Y5.8118
G01 X6.4368Y5.9307
G01 X6.4293Y5.9541
G01 X6.3876Y6.0695
G01 X6.3779Y6.0920
G01 X6.3251Y6.2027
G01 X6.3132Y6.2242
G01 X6.2499Y6.3292
G01 X6.2359Y6.3494
G01 X6.1626Y6.4478
G01 X6.1467Y6.4665
G01 X6.0641Y6.5571
G01 X6.0464Y6.5742
G01 X5.9553Y6.6564
G01 X5.9361Y6.6716
G01 X5.8374Y6.7444
G01 X5.8168Y6.7577
G01 X5.7114Y6.8205
G01 X5.6896Y6.8317
G01 X5.5785Y6.8839
G01 X5.5557Y6.8929
G01 X5.4401Y6.9339
G01 X5.4165Y6.9406
G01 X5.2974Y6.9702
G01 X5.2733Y6.9745
G01 X5.1519Y6.9922
G01 X5.1274Y6.9942
G01 X5.0049Y6.9999
G01 X4.9804Y6.9995
G01 X4.8579Y6.9932
G01 X4.8335Y6.9904
G01 X4.7122Y6.9721
G01 X4.6882Y6.9669
G01 X4.5693Y6.9368
G01 X4.5459Y6.9293
G01 X4.4305Y6.8876
G01 X4.4080Y6.8779
G01 X4.2973Y6.8251
G01 X4.2758Y6.8132
G01 X4.1708Y6.7499
G01 X4.1506Y6.7359
G01 X4.0522Y6.6626
G01 X4.0335Y6.6467
G01 X3.9429Y6.5641
G01 X3.9258Y6.5464
G01 X3.8436Y6.4553
G01 X3.8284Y6.4361
G01 X3.7556Y6.3374
G01 X3.7423Y6.3168
G01 X3.6795Y6.2114
G01 X3.6683Y6.1896
G01 X3.6161Y6.0785
G01 X3.6071Y6.0557
G01 X3.5661Y5.9401
G01 X3.5594Y5.9165
G01 X3.5298Y5.7974
G01 X3.5255Y5.7733
G01 X3.5078Y5.6519
G01 X3.5058Y5.6274
G01 X3.5001Y5.5098
G00 Z20.0000
G00 X3.7956Y6.3919
G01 Z20.0000
G01 X3.4593Y7.3320
G01 X2.8727Y9.6737
G01 X2.5185Y12.0617
G01 X2.4000Y14.4730
G01 X2.5185Y16.8842
G01 X2.8727Y19.2722
G01 X3.4593Y21.6140
G01 X4.2726Y23.8870
G01 X5.3047Y26.0693
G01 X6.5458Y28.1400
G01 X7.9839Y30.0790
G01 X9.6052Y31.8678
G01 X10.0820Y32.3000
G01 X10.6770Y32.3000
G01 X9.8880Y31.5849
G01 X8.2931Y29.8253
G01 X6.8784Y27.9178
G01 X5.6575Y25.8808
G01 X4.6421Y23.7339
G01 X3.8420Y21.4978
G01 X3.2650Y19.1941
G01 X2.9165Y16.8450
G01 X2.8000Y14.4730
G01 X2.9165Y12.1009
G01 X3.2650Y9.7518
G01 X3.8420Y7.4481
G01 X4.1081Y6.7044
G00 Z20.0000
G00 X4.4627Y6.8995
G01 Z20.0000
G01 X4.2248Y7.5642
G01 X3.6573Y9.8298
G01 X3.6565Y9.8354
G00 Z20.0000
G00 X3.5001Y10.5098
G01 Z20.0000
G01 X3.5005Y10.4804
G01 X3.5068Y10.3579
G01 X3.5096Y10.3335
G01 X3.5279Y10.2122
G01 X3.5331Y10.1882
G01 X3.5632Y10.0693
G01 X3.5707Y10.0459
G01 X3.6124Y9.9305
G01 X3.6221Y9.9080
G01 X3.6749Y9.7973
G01 X3.6868Y9.7758
G01 X3.7501Y9.6708
G01 X3.7641Y9.6506
G01 X3.8374Y9.5522
G01 X3.8533Y9.5335
G01 X3.9359Y9.4429
G01 X3.9536Y9.4258
G01 X4.0447Y9.3436
G01 X4.0639Y9.3284
G01 X4.1626Y9.2556
G01 X4.1832Y9.2423
G01 X4.2886Y9.1795
G01 X4.3104Y9.1683
G01 X4.4215Y9.1161
G01 X4.4443Y9.1071
G01 X4.5599Y9.0661
G01 X4.5835Y9.0594
G01 X4.7026Y9.0298
G01 X4.7267Y9.0255
G01 X4.8481Y9.0078
G01 X4.8726Y9.0058
G01 X4.9951Y9.0001
G01 X5.0196Y9.0005
G01 X5.1421Y9.0068
G01 X5.1665Y9.0096
G01 X5.2878Y9.0279
G01 X5.3118Y9.0331
G01 X5.4307Y9.0632
G01 X5.4541Y9.0707
G01 X5.5695Y9.1124
G01 X5.5920Y9.1221
G01 X5.7027Y9.1749
G01 X5.7242Y9.1868
G01 X5.8292Y9.2501
G01 X5.8494Y9.2641
G01 X5.9478Y9.3374
G01 X5.9665Y9.3533
G01 X6.0571Y9.4359
G01 X6.0742Y9.4536
G01 X6.1564Y9.5446
G01 X6.1716Y9.5639
G01 X6.2444Y9.6626
G01 X6.2577Y9.6832
G01 X6.3205Y9.7886
G01 X6.3317Y9.8104
G01 X6.3839Y9.9215
G01 X6.3929Y9.9443
G01 X6.4339Y10.0599
G01 X6.4406Y10.0835
G01 X6.4702Y10.2026
G01 X6.4745Y10.2267
G01 X6.4922Y10.3481
G01 X6.4942Y10.3726
G01 X6.4999Y10.4951
G01 X6.4995Y10.5196
G01 X6.4932Y10.6421
G01 X6.4904Y10.6665
G01 X6.4721Y10.7878
G01 X6.4669Y10.8118
G01 X6.4368Y10.9307
G01 X6.4293Y10.9541
G01 X6.3876Y11.0695
G01 X6.3779Y11.0920
G01 X6.3251Y11.2027
G01 X6.3132Y11.2242
G01 X6.2499Y11.3292
G01 X6.2359Y11.3494
G01 X6.1626Y11.4478
G01 X6.1467Y11.4665
G01 X6.0641Y11.5571
G01 X6.0464Y11.5742
G01 X5.9553Y11.6564
G01 X5.9361Y11.6716
G01 X5.8374Y11.7444
G01 X5.8168Y11.7577
G01 X5.7114Y11.8205
G01 X5.6896Y11.8317
G01 X5.5785Y11.8839
G01 X5.5557Y11.8929
G01 X5.4401Y11.9339
G01 X5.4165Y11.9406
G01 X5.2974Y11.9702
G01 X5.2733Y11.9745
G01 X5.1519Y11.9922
G01 X5.1274Y11.9942
G01 X5.0049Y11.9999
G01 X4.9804Y11.9995
G01 X4.8579Y11.9932
G01 X4.8335Y11.9904
G01 X4.7122Y11.9721
G01 X4.6882Y11.9669
G01 X4.5693Y11.9368
G01 X4.5459Y11.9293
G01 X4.4305Y11.8876
G01 X4.4080Y11.8779
G01 X4.2973Y11.8251
G01 X4.2758Y11.8132
G01 X4.1708Y11.7499
G01 X4.1506Y11.7359
G01 X4.0522Y11.6626
G01 X4.0335Y11.6467
G01 X3.9429Y11.5641
G01 X3.9258Y11.5464
G01 X3.8436Y11.4554
G01 X3.8284Y11.4361
G01 X3.7556Y11.3374
G01 X3.7423Y11.3168
G01 X3.6795Y11.2114
G01 X3.6683Y11.1896
G01 X3.6161Y11.0785
G01 X3.6071Y11.0557
G01 X3.5661Y10.9401
G01 X3.5594Y10.9165
G01 X3.5298Y10.7974
G01 X3.5255Y10.7733
G01 X3.5078Y10.6519
G01 X3.5058Y10.6274
G01 X3.5001Y10.5098
G00 Z20.0000
G00 X3.5214Y10.7460
G01 Z20.0000
G01 X3.3146Y12.1402
G01 X3.2000Y14.4730
G01 X3.3146Y16.8058
G01 X3.6573Y19.1161
G01 X4.2248Y21.3817
G01 X5.0117Y23.5808
G01 X6.0103Y25.6922
G01 X7.2110Y27.6955
G01 X8.6024Y29.5715
G01 X10.1709Y31.3021
G01 X11.2719Y32.3000
G01 X11.8668Y32.3000
G01 X10.4537Y31.0193
G01 X8.9116Y29.3178
G01 X7.5436Y27.4733
G01 X6.3630Y25.5036
G01 X5.3812Y23.4278
G01 X4.6076Y21.2656
G01 X4.0496Y19.0381
G01 X3.7127Y16.7666
G01 X3.6000Y14.4730
G01 X3.7127Y12.1794
G01 X3.8238Y11.4300
G00 Z20.0000
G00 X4.1795Y11.7554
G01 Z20.0000
G01 X4.1108Y12.2186
G01 X4.0000Y14.4730
G01 X4.1108Y16.7274
G01 X4.4419Y18.9600
G01 X4.9904Y21.1495
G01 X5.7508Y23.2747
G01 X6.7158Y25.3151
G01 X7.8762Y27.2511
G01 X9.2208Y29.0640
G01 X10.7365Y30.7364
G01 X12.4090Y32.2522
G01 X12.4734Y32.3000
G01 X13.1441Y32.3000
G01 X12.6627Y31.9430
G01 X11.0194Y30.4536
G01 X9.5300Y28.8102
G01 X8.2088Y27.0288
G01 X7.0686Y25.1265
G01 X6.1203Y23.1216
G01 X5.3731Y21.0334
G01 X4.8343Y18.8820
G01 X4.5088Y16.6881
G01 X4.4000Y14.4730
G01 X4.5088Y12.2578
G01 X4.5570Y11.9330
G00 Z20.0000
G00 X4.9512Y11.9981
G01 Z20.0000
G01 X4.9069Y12.2970
G01 X4.8000Y14.4730
G01 X4.9069Y16.6489
G01 X5.2266Y18.8040
G01 X5.7559Y20.9173
G01 X6.4899Y22.9685
G01 X7.4213Y24.9380
G01 X8.5414Y26.8066
G01 X9.8392Y28.5565
G01 X11.3022Y30.1707
G01 X12.9165Y31.6338
G01 X13.8147Y32.3000
G01 X14.4854Y32.3000
G01 X13.1702Y31.3246
G01 X11.5851Y29.8879
G01 X10.1484Y28.3027
G01 X8.8740Y26.5844
G01 X7.7741Y24.7494
G01 X6.8594Y22.8155
G01 X6.1387Y20.8012
G01 X5.6189Y18.7259
G01 X5.3050Y16.6097
G01 X5.2000Y14.4730
G01 X5.3050Y12.3362
G01 X5.3616Y11.9544
G00 Z20.0000
G00 X5.7925Y11.7722
G01 Z20.0000
G01 X5.7030Y12.3754
G01 X5.6000Y14.4730
G01 X5.7030Y16.5705
G01 X6.0112Y18.6479
G01 X6.5215Y20.6851
G01 X7.2290Y22.6624
G01 X8.1269Y24.5609
G01 X9.2066Y26.3622
G01 X10.4576Y28.0490
G01 X11.8679Y29.6050
G01 X13.4240Y31.0154
G01 X15.1108Y32.2664
G01 X15.1668Y32.3000
G01 X15.9440Y32.3000
G01 X15.3330Y31.9338
G01 X13.6777Y30.7062
G01 X12.1508Y29.3222
G01 X10.7668Y27.7952
G01 X9.5391Y26.1399
G01 X8.4797Y24.3723
G01 X7.5985Y22.5093
G01 X6.9043Y20.5689
G01 X6.4035Y18.5699
G01 X6.1011Y16.5313
G01 X6.0000Y14.4730
G01 X6.1011Y12.4146
G01 X6.2660Y11.3029
G00 Z20.0000
G00 X6.4587Y10.1556
G01 Z20.0000
G01 X6.9043Y8.3770
G01 X7.5985Y6.4366
G01 X8.4797Y4.5736
G01 X9.5391Y2.8060
G01 X9.8535Y2.3821
G00 Z20.0000
G00 X9.9724Y2.8925
G01 Z20.0000
G01 X9.8717Y3.0282
G01 X8.8324Y4.7622
G01 X7.9681Y6.5897
G01 X7.2870Y8.4931
G01 X6.7958Y10.4541
G01 X6.4992Y12.4538
G01 X6.4000Y14.4730
G01 X6.4992Y16.4921
G01 X6.7958Y18.4918
G01 X7.2870Y20.4528
G01 X7.9681Y22.3562
G01 X8.8324Y24.1837
G01 X9.8717Y25.9177
G01 X11.0760Y27.5415
G01 X12.4336Y29.0394
G01 X13.9315Y30.3970
G01 X15.5553Y31.6012
G01 X16.7211Y32.3000
G01 X17.5036Y32.3000
G01 X17.4778Y32.2878
G01 X15.7775Y31.2686
G01 X14.1853Y30.0878
G01 X12.7164Y28.7565
G01 X11.3852Y27.2877
G01 X10.2043Y25.6955
G01 X9.1852Y23.9952
G01 X8.3376Y22.2032
G01 X7.6698Y20.3367
G01 X7.1881Y18.4138
G01 X6.8973Y16.4529
G01 X6.8000Y14.4730
G01 X6.8973Y12.4930
G01 X7.1881Y10.5321
G01 X7.6698Y8.6092
G01 X8.3376Y6.7428
G01 X9.1852Y4.9507
G01 X10.1982Y3.2606
G00 Z20.0000
G00 X10.4995Y3.5351
G01 Z20.0000
G01 X9.5380Y5.1393
G01 X8.7072Y6.8958
G01 X8.0526Y8.7253
G01 X7.5805Y10.6102
G01 X7.2953Y12.5322
G01 X7.2000Y14.4730
G01 X7.2953Y16.4137
G01 X7.5805Y18.3357
G01 X8.0526Y20.2206
G01 X8.7072Y22.0501
G01 X9.5380Y23.8066
G01 X10.5369Y25.4733
G01 X11.6944Y27.0339
G01 X12.9993Y28.4737
G01 X14.4390Y29.7786
G01 X15.9997Y30.9361
G01 X17.6663Y31.9350
G01 X18.4381Y32.3000
G01 X19.3725Y32.3000
G01 X17.8549Y31.5822
G01 X16.2219Y30.6035
G01 X14.6928Y29.4694
G01 X13.2821Y28.1908
G01 X12.0036Y26.7802
G01 X10.8695Y25.2510
G01 X9.8907Y23.6181
G01 X9.0767Y21.8970
G01 X8.4354Y20.1045
G01 X7.9728Y18.2577
G01 X7.6934Y16.3745
G01 X7.6000Y14.4730
G01 X7.6934Y12.5714
G01 X7.9728Y10.6882
G01 X8.4354Y8.8414
G01 X9.0767Y7.0489
G01 X9.8907Y5.3279
G01 X10.8572Y3.7154
G00 Z20.0000
G00 X11.2907Y3.7976
G01 Z20.0000
G01 X11.2021Y3.9171
G01 X10.2435Y5.5164
G01 X9.4463Y7.2020
G01 X8.8181Y8.9576
G01 X8.3651Y10.7662
G01 X8.0915Y12.6106
G01 X8.0000Y14.4730
G01 X8.0915Y16.3353
G01 X8.3651Y18.1797
G01 X8.8181Y19.9884
G01 X9.4463Y21.7439
G01 X10.2435Y23.4295
G01 X11.2021Y25.0288
G01 X12.3128Y26.5264
G01 X13.5650Y27.9080
G01 X14.9465Y29.1602
G01 X16.4442Y30.2709
G01 X18.0435Y31.2295
G01 X19.7290Y32.0267
G01 X20.4929Y32.3000
G01 X21.7123Y32.3000
G01 X21.6007Y32.2721
G01 X19.8821Y31.6571
G01 X18.2320Y30.8767
G01 X16.6664Y29.9383
G01 X15.2003Y28.8510
G01 X13.8478Y27.6251
G01 X12.6220Y26.2727
G01 X11.5347Y24.8066
G01 X10.5963Y23.2409
G01 X9.8158Y21.5909
G01 X9.2009Y19.8723
G01 X8.7574Y18.1016
G01 X8.4896Y16.2961
G01 X8.4000Y14.4730
G01 X8.4896Y12.6498
G01 X8.7574Y10.8443
G01 X9.2009Y9.0737
G01 X9.8158Y7.3550
G01 X10.5963Y5.7050
G01 X11.5347Y4.1394
G01 X11.7863Y3.8000
G01 X12.2838Y3.8000
G01 X11.8673Y4.3616
G01 X10.9490Y5.8935
G01 X10.1854Y7.5081
G01 X9.5837Y9.1898
G01 X9.1497Y10.9223
G01 X8.8876Y12.6890
G01 X8.8000Y14.4730
G01 X8.8876Y16.2569
G01 X9.1497Y18.0236
G01 X9.5837Y19.7561
G01 X10.1854Y21.4378
G01 X10.9490Y23.0524
G01 X11.8673Y24.5843
G01 X12.9312Y26.0189
G01 X14.1307Y27.3423
G01 X15.4540Y28.5418
G01 X16.8886Y29.6057
G01 X18.4206Y30.5239
G01 X20.0352Y31.2876
G01 X21.7168Y31.8893
G01 X23.3565Y32.3000
G00 Z20.0000
G00 X30.6435Y32.3000
G01 Z20.0000
G01 X32.2832Y31.8893
G01 X33.9648Y31.2876
G01 X35.5794Y30.5239
G01 X37.1114Y29.6057
G01 X38.5460Y28.5418
G01 X39.8693Y27.3423
G01 X41.0688Y26.0189
G01 X42.1327Y24.5843
G01 X43.0510Y23.0524
G01 X43.8146Y21.4378
G01 X44.4163Y19.7561
G01 X44.8503Y18.0236
G01 X45.1124Y16.2569
G01 X45.2000Y14.4730
G01 X45.1124Y12.6890
G01 X44.8503Y10.9223
G01 X44.4163Y9.1898
G01 X43.8146Y7.5081
G01 X43.0510Y5.8935
G01 X42.1327Y4.3616
G01 X41.7163Y3.8000
G01 X42.2137Y3.8000
G01 X42.4653Y4.1394
G01 X43.4037Y5.7050
G01 X44.1842Y7.3550
G01 X44.7991Y9.0737
G01 X45.2426Y10.8443
G01 X45.5104Y12.6498
G01 X45.6000Y14.4730
G01 X45.5104Y16.2961
G01 X45.2426Y18.1016
G01 X44.7991Y19.8723
G01 X44.1842Y21.5909
G01 X43.4037Y23.2409
G01 X42.4653Y24.8066
G01 X41.3780Y26.2727
G01 X40.1522Y27.6251
G01 X38.7997Y28.8510
G01 X37.3336Y29.9383
G01 X35.7680Y30.8767
G01 X34.1179Y31.6571
G01 X32.3993Y32.2721
G01 X32.2877Y32.3000
G01 X33.5071Y32.3000
G01 X34.2710Y32.0267
G01 X35.9565Y31.2295
G01 X37.5558Y30.2709
G01 X39.0535Y29.1602
G01 X40.4350Y27.9080
G01 X41.6872Y26.5264
G01 X42.7979Y25.0288
G01 X43.7565Y23.4295
G01 X44.5537Y21.7439
G01 X45.1819Y19.9884
G01 X45.6349Y18.1797
G01 X45.9085Y16.3353
G01 X46.0000Y14.4730
G01 X45.9085Y12.6106
G01 X45.6349Y10.7662
G01 X45.1819Y8.9576
G01 X44.5537Y7.2020
G01 X43.7565Y5.5164
G01 X42.7979Y3.9171
G01 X42.7093Y3.7976
G00 Z20.0000
G00 X43.1428Y3.7154
G01 Z20.0000
G01 X44.1093Y5.3279
G01 X44.9233Y7.0489
G01 X45.5646Y8.8414
G01 X46.0272Y10.6882
G01 X46.3066Y12.5714
G01 X46.4000Y14.4730
G01 X46.3066Y16.3745
G01 X46.0272Y18.2577
G01 X45.5646Y20.1045
G01 X44.9233Y21.8970
G01 X44.1093Y23.6181
G01 X43.1305Y25.2510
G01 X41.9964Y26.7802
G01 X40.7179Y28.1908
G01 X39.3072Y29.4694
G01 X37.7781Y30.6035
G01 X36.1451Y31.5822
G01 X34.6275Y32.3000
G01 X35.5619Y32.3000
G01 X36.3337Y31.9350
G01 X38.0003Y30.9361
G01 X39.5610Y29.7786
G01 X41.0007Y28.4737
G01 X42.3056Y27.0339
G01 X43.4631Y25.4733
G01 X44.4620Y23.8066
G01 X45.2928Y22.0501
G01 X45.9474Y20.2206
G01 X46.4195Y18.3357
G01 X46.7047Y16.4137
G01 X46.8000Y14.4730
G01 X46.7047Y12.5322
G01 X46.4195Y10.6102
G01 X45.9474Y8.7253
G01 X45.2928Y6.8958
G01 X44.4620Y5.1393
G01 X43.5005Y3.5351
G00 Z20.0000
G00 X43.8018Y3.2606
G01 Z20.0000
G01 X44.8148Y4.9507
G01 X45.6624Y6.7428
G01 X46.3302Y8.6092
G01 X46.8119Y10.5321
G01 X47.1027Y12.4930
G01 X47.2000Y14.4730
G01 X47.1027Y16.4529
G01 X46.8119Y18.4138
G01 X46.3302Y20.3367
G01 X45.6624Y22.2032
G01 X44.8148Y23.9952
G01 X43.7957Y25.6955
G01 X42.6148Y27.2877
G01 X41.2836Y28.7565
G01 X39.8147Y30.0878
G01 X38.2225Y31.2686
G01 X36.5222Y32.2878
G01 X36.4964Y32.3000
G01 X37.2789Y32.3000
G01 X38.4447Y31.6012
G01 X40.0685Y30.3970
G01 X41.5664Y29.0394
G01 X42.9240Y27.5415
G01 X44.1283Y25.9177
G01 X45.1676Y24.1837
G01 X46.0319Y22.3562
G01 X46.7130Y20.4528
G01 X47.2042Y18.4918
G01 X47.5008Y16.4921
G01 X47.6000Y14.4730
G01 X47.5008Y12.4538
G01 X47.2042Y10.4541
G01 X46.7130Y8.4931
G01 X46.0319Y6.5897
G01 X45.1676Y4.7622
G01 X44.1283Y3.0282
G01 X44.0276Y2.8925
G00 Z20.0000
G00 X44.1465Y2.3821
G01 Z20.0000
G01 X44.4609Y2.8060
G01 X45.5203Y4.5736
G01 X46.4015Y6.4366
G01 X47.0957Y8.3770
G01 X47.5965Y10.3761
G01 X47.8989Y12.4146
G01 X48.0000Y14.4730
G01 X47.8989Y16.5313
G01 X47.5965Y18.5699
G01 X47.0957Y20.5689
G01 X46.4015Y22.5093
G01 X45.5203Y24.3723
G01 X44.4609Y26.1399
G01 X43.2332Y27.7952
G01 X41.8492Y29.3222
G01 X40.3223Y30.7062
G01 X38.6670Y31.9338
G01 X38.0560Y32.3000
G01 X38.8332Y32.3000
G01 X38.8892Y32.2664
G01 X40.5760Y31.0154
G01 X42.1321Y29.6050
G01 X43.5424Y28.0490
G01 X44.7935Y26.3622
G01 X45.8731Y24.5609
G01 X46.7710Y22.6624
G01 X47.4785Y20.6851
G01 X47.9888Y18.6479
G01 X48.2970Y16.5705
G01 X48.4000Y14.4730
G01 X48.2970Y12.3754
G01 X48.0970Y11.0275
G00 Z20.0000
G00 X48.0001Y10.5098
G01 Z20.0000
G01 X48.0005Y10.4804
G01 X48.0058Y10.3726
G01 X48.0078Y10.3481
G01 X48.0255Y10.2267
G01 X48.0331Y10.1882
G01 X48.0632Y10.0693
G01 X48.0707Y10.0459
G01 X48.1071Y9.9443
G01 X48.1221Y9.9080
G01 X48.1749Y9.7973
G01 X48.1868Y9.7758
G01 X48.2423Y9.6832
G01 X48.2641Y9.6506
G01 X48.3374Y9.5522
G01 X48.3533Y9.5335
G01 X48.4258Y9.4536
G01 X48.4536Y9.4258
G01 X48.5447Y9.3436
G01 X48.5639Y9.3284
G01 X48.6506Y9.2641
G01 X48.6709Y9.2500
G01 X48.6506Y9.2359
G01 X48.5522Y9.1626
G01 X48.5335Y9.1467
G01 X48.4536Y9.0742
G01 X48.4359Y9.0571
G01 X48.3533Y8.9665
G01 X48.3374Y8.9478
G01 X48.2641Y8.8494
G01 X48.2423Y8.8168
G01 X48.1868Y8.7242
G01 X48.1749Y8.7027
G01 X48.1221Y8.5920
G01 X48.1071Y8.5557
G01 X48.0707Y8.4541
G01 X48.0632Y8.4307
G01 X48.0331Y8.3118
G01 X48.0262Y8.2781
G01 X48.0096Y8.1665
G01 X48.0058Y8.1274
G01 X48.0005Y8.0196
G01 X48.0001Y7.9951
G01 X48.0058Y7.8726
G01 X48.0096Y7.8335
G01 X48.0255Y7.7267
G01 X48.0298Y7.7026
G01 X48.0606Y7.5787
G01 X48.0707Y7.5459
G01 X48.1071Y7.4443
G01 X48.1221Y7.4080
G01 X48.1749Y7.2973
G01 X48.1868Y7.2758
G01 X48.2423Y7.1832
G01 X48.2641Y7.1506
G01 X48.3284Y7.0639
G01 X48.3436Y7.0447
G01 X48.4359Y6.9429
G01 X48.4536Y6.9258
G01 X48.5335Y6.8533
G01 X48.5639Y6.8284
G01 X48.6506Y6.7641
G01 X48.6709Y6.7500
G01 X48.6506Y6.7359
G01 X48.5639Y6.6716
G01 X48.5335Y6.6467
G01 X48.4536Y6.5742
G01 X48.4359Y6.5571
G01 X48.3533Y6.4665
G01 X48.3374Y6.4478
G01 X48.2556Y6.3374
G01 X48.2423Y6.3168
G01 X48.1868Y6.2242
G01 X48.1704Y6.1940
G01 X48.1221Y6.0920
G01 X48.1071Y6.0557
G01 X48.0707Y5.9541
G01 X48.0632Y5.9307
G01 X48.0331Y5.8118
G01 X48.0279Y5.7878
G01 X48.0078Y5.6519
G01 X48.0058Y5.6274
G01 X48.0005Y5.5196
G01 X48.0002Y5.4877
G01 X48.0058Y5.3726
G01 X48.0096Y5.3335
G01 X48.0255Y5.2267
G01 X48.0298Y5.2026
G01 X48.0632Y5.0693
G01 X48.0707Y5.0459
G01 X48.1124Y4.9305
G01 X48.1221Y4.9080
G01 X48.1749Y4.7973
G01 X48.1868Y4.7758
G01 X48.2501Y4.6708
G01 X48.2641Y4.6506
G01 X48.3374Y4.5522
G01 X48.3533Y4.5335
G01 X48.4359Y4.4429
G01 X48.4536Y4.4258
G01 X48.5447Y4.3436
G01 X48.5639Y4.3284
G01 X48.6626Y4.2556
G01 X48.6832Y4.2423
G01 X48.7886Y4.1795
G01 X48.8104Y4.1683
G01 X48.9215Y4.1161
G01 X48.9443Y4.1071
G01 X49.0599Y4.0661
G01 X49.0835Y4.0594
G01 X49.2026Y4.0298
G01 X49.2267Y4.0255
G01 X49.3481Y4.0078
G01 X49.3726Y4.0058
G01 X49.4951Y4.0001
G01 X49.5196Y4.0005
G01 X49.6421Y4.0068
G01 X49.6665Y4.0096
G01 X49.7878Y4.0279
G01 X49.8118Y4.0331
G01 X49.9307Y4.0632
G01 X49.9541Y4.0707
G01 X50.0557Y4.1071
G01 X50.0920Y4.1221
G01 X50.1896Y4.1683
G01 X50.2114Y4.1795
G01 X50.3292Y4.2501
G01 X50.3494Y4.2641
G01 X50.4361Y4.3284
G01 X50.4665Y4.3533
G01 X50.5464Y4.4258
G01 X50.5641Y4.4429
G01 X50.6564Y4.5447
G01 X50.6716Y4.5639
G01 X50.7359Y4.6506
G01 X50.7577Y4.6832
G01 X50.8132Y4.7758
G01 X50.8251Y4.7973
G01 X50.8839Y4.9215
G01 X50.8929Y4.9443
G01 X50.9293Y5.0459
G01 X50.9406Y5.0835
G01 X50.9702Y5.2026
G01 X50.9745Y5.2267
G01 X50.9904Y5.3335
G01 X50.9942Y5.3726
G01 X50.9995Y5.4804
G01 X50.9999Y5.5049
G01 X50.9942Y5.6274
G01 X50.9904Y5.6665
G01 X50.9745Y5.7733
G01 X50.9702Y5.7974
G01 X50.9394Y5.9213
G01 X50.9293Y5.9541
G01 X50.8929Y6.0557
G01 X50.8779Y6.0920
G01 X50.8317Y6.1896
G01 X50.8205Y6.2114
G01 X50.7577Y6.3168
G01 X50.7359Y6.3494
G01 X50.6716Y6.4361
G01 X50.6564Y6.4553
G01 X50.5641Y6.5571
G01 X50.5464Y6.5742
G01 X50.4665Y6.6467
G01 X50.4361Y6.6716
G01 X50.3494Y6.7359
G01 X50.3291Y6.7500
G01 X50.3494Y6.7641
G01 X50.4478Y6.8374
G01 X50.4665Y6.8533
G01 X50.5464Y6.9258
G01 X50.5641Y6.9429
G01 X50.6467Y7.0335
G01 X50.6626Y7.0522
G01 X50.7359Y7.1506
G01 X50.7577Y7.1832
G01 X50.8157Y7.2801
G01 X50.8317Y7.3104
G01 X50.8839Y7.4215
G01 X50.8929Y7.4443
G01 X50.9293Y7.5459
G01 X50.9406Y7.5835
G01 X50.9702Y7.7026
G01 X50.9745Y7.7267
G01 X50.9904Y7.8335
G01 X50.9942Y7.8726
G01 X50.9995Y7.9804
G01 X50.9997Y8.0147
G01 X50.9932Y8.1421
G01 X50.9904Y8.1665
G01 X50.9745Y8.2733
G01 X50.9669Y8.3118
G01 X50.9368Y8.4307
G01 X50.9293Y8.4541
G01 X50.8929Y8.5557
G01 X50.8779Y8.5920
G01 X50.8317Y8.6896
G01 X50.8205Y8.7114
G01 X50.7577Y8.8168
G01 X50.7359Y8.8494
G01 X50.6716Y8.9361
G01 X50.6564Y8.9553
G01 X50.5641Y9.0571
G01 X50.5464Y9.0742
G01 X50.4665Y9.1467
G01 X50.4361Y9.1716
G01 X50.3494Y9.2359
G01 X50.3291Y9.2500
G01 X50.3494Y9.2641
G01 X50.4361Y9.3284
G01 X50.4665Y9.3533
G01 X50.5464Y9.4258
G01 X50.5641Y9.4429
G01 X50.6467Y9.5335
G01 X50.6626Y9.5522
G01 X50.7444Y9.6626
G01 X50.7577Y9.6832
G01 X50.8132Y9.7758
G01 X50.8296Y9.8060
G01 X50.8779Y9.9080
G01 X50.8929Y9.9443
G01 X50.9293Y10.0459
G01 X50.9368Y10.0693
G01 X50.9702Y10.2026
G01 X50.9745Y10.2267
G01 X50.9922Y10.3481
G01 X50.9942Y10.3726
G01 X50.9995Y10.4804
G01 X50.9995Y10.5196
G01 X50.9939Y10.6323
G01 X50.9904Y10.6665
G01 X50.9745Y10.7733
G01 X50.9702Y10.7974
G01 X50.9368Y10.9307
G01 X50.9293Y10.9541
G01 X50.8876Y11.0695
G01 X50.8779Y11.0920
G01 X50.8251Y11.2027
G01 X50.8132Y11.2242
G01 X50.7499Y11.3292
G01 X50.7359Y11.3494
G01 X50.6716Y11.4361
G01 X50.6467Y11.4665
G01 X50.5709Y11.5500
G01 X50.5464Y11.5742
G01 X50.4665Y11.6467
G01 X50.4478Y11.6626
G01 X50.3494Y11.7359
G01 X50.3292Y11.7499
G01 X50.2242Y11.8132
G01 X50.2027Y11.8251
G01 X50.0785Y11.8839
G01 X50.0557Y11.8929
G01 X49.9401Y11.9339
G01 X49.9165Y11.9406
G01 X49.8118Y11.9669
G01 X49.7733Y11.9745
G01 X49.6616Y11.9910
G01 X49.6274Y11.9942
G01 X49.5196Y11.9995
G01 X49.4951Y11.9999
G01 X49.3726Y11.9942
G01 X49.3335Y11.9904
G01 X49.2267Y11.9745
G01 X49.2026Y11.9702
G01 X49.0835Y11.9406
G01 X49.0599Y11.9339
G01 X48.9443Y11.8929
G01 X48.9215Y11.8839
G01 X48.8104Y11.8317
G01 X48.7886Y11.8205
G01 X48.6708Y11.7499
G01 X48.6506Y11.7359
G01 X48.5522Y11.6626
G01 X48.5335Y11.6467
G01 X48.4429Y11.5641
G01 X48.4258Y11.5464
G01 X48.3533Y11.4665
G01 X48.3284Y11.4361
G01 X48.2612Y11.3454
G01 X48.2423Y11.3168
G01 X48.1868Y11.2242
G01 X48.1749Y11.2027
G01 X48.1221Y11.0920
G01 X48.1071Y11.0557
G01 X48.0707Y10.9541
G01 X48.0632Y10.9307
G01 X48.0331Y10.8118
G01 X48.0279Y10.7878
G01 X48.0078Y10.6519
G01 X48.0058Y10.6274
G01 X48.0001Y10.5098
G00 Z20.0000
G00 X48.0043Y10.4025
G01 Z20.0000
G01 X47.9888Y10.2980
G01 X47.4785Y8.2609
G01 X46.7710Y6.2835
G01 X45.8731Y4.3851
G01 X44.7935Y2.5838
G01 X43.5424Y0.8969
G01 X42.1321Y-0.6591
G01 X40.5760Y-2.0695
G01 X38.8892Y-3.3205
G01 X38.7565Y-3.4000
G01 X39.4527Y-3.4000
G01 X40.8298Y-2.3787
G01 X42.4149Y-0.9420
G01 X43.8516Y0.6432
G01 X45.1260Y2.3615
G01 X46.2259Y4.1965
G01 X47.1406Y6.1305
G01 X47.8613Y8.1448
G01 X48.2454Y9.6782
G00 Z20.0000
G00 X48.5687Y9.3248
G01 Z20.0000
G01 X48.5214Y9.1357
G00 Z20.0000
G00 X48.0711Y7.5451
G01 Z20.0000
G01 X47.5101Y5.9774
G01 X46.5787Y4.0080
G01 X45.4586Y2.1393
G01 X44.1608Y0.3894
G01 X42.6978Y-1.2248
G01 X41.0835Y-2.6879
G01 X40.1233Y-3.4000
G01 X40.7940Y-3.4000
G01 X41.3373Y-2.9971
G01 X42.9806Y-1.5077
G01 X44.4700Y0.1357
G01 X45.7912Y1.9171
G01 X46.9314Y3.8194
G01 X47.8797Y5.8243
G01 X48.3249Y7.0686
G00 Z20.0000
G00 X48.6424Y6.7702
G01 Z20.0000
G01 X48.6228Y6.7153
G00 Z20.0000
G00 X48.0292Y5.2060
G01 Z20.0000
G01 X47.2842Y3.6308
G01 X46.1238Y1.6948
G01 X44.7792Y-0.1181
G01 X43.2635Y-1.7905
G01 X41.5910Y-3.3063
G01 X41.4647Y-3.4000
G01 X42.0826Y-3.4000
G01 X43.5463Y-2.0733
G01 X45.0884Y-0.3718
G01 X46.4564Y1.4726
G01 X47.6370Y3.4423
G01 X48.2320Y4.7004
G00 Z20.0000
G00 X48.5169Y4.3684
G01 Z20.0000
G01 X47.9897Y3.2537
G01 X46.7890Y1.2504
G01 X45.3976Y-0.6256
G01 X43.8291Y-2.3562
G01 X42.6775Y-3.4000
G01 X43.2724Y-3.4000
G01 X44.1120Y-2.6390
G01 X45.7069Y-0.8794
G01 X47.1216Y1.0282
G01 X48.3425Y3.0652
G01 X48.8544Y4.1475
G00 Z20.0000
G00 X49.2379Y4.0238
G01 Z20.0000
G01 X48.6953Y2.8766
G01 X47.4542Y0.8059
G01 X46.0161Y-1.1331
G01 X44.3948Y-2.9219
G01 X43.8673Y-3.4000
G01 X44.4622Y-3.4000
G01 X44.6777Y-3.2047
G01 X46.3253Y-1.3869
G01 X47.7867Y0.5837
G01 X49.0480Y2.6880
G01 X49.6736Y4.0107
G00 Z20.0000
G00 X50.1902Y4.1686
G01 Z20.0000
G01 X49.4008Y2.4995
G01 X48.1193Y0.3615
G01 X46.6345Y-1.6406
G01 X45.0399Y-3.4000
G01 X45.5791Y-3.4000
G01 X46.9437Y-1.8944
G01 X48.4519Y0.1392
G01 X49.7536Y2.3109
G01 X50.8361Y4.5997
G01 X51.6891Y6.9836
G01 X52.3043Y9.4396
G01 X52.6758Y11.9441
G01 X52.8000Y14.4730
G01 X52.6758Y17.0018
G01 X52.3043Y19.5063
G01 X51.6891Y21.9623
G01 X50.8361Y24.3462
G01 X49.7536Y26.6350
G01 X48.4519Y28.8067
G01 X46.9437Y30.8403
G01 X45.6207Y32.3000
G01 X45.0815Y32.3000
G01 X46.6345Y30.5865
G01 X48.1193Y28.5844
G01 X49.4008Y26.4464
G01 X50.4665Y24.1931
G01 X51.3063Y21.8462
G01 X51.9119Y19.4283
G01 X52.2777Y16.9626
G01 X52.4000Y14.4730
G01 X52.2777Y11.9833
G01 X51.9119Y9.5177
G01 X51.3063Y7.0997
G01 X50.9128Y6.0000
G00 Z20.0000
G00 X50.6529Y6.4594
G01 Z20.0000
G01 X50.9235Y7.2158
G01 X51.5196Y9.5957
G01 X51.8796Y12.0225
G01 X52.0000Y14.4730
G01 X51.8796Y16.9234
G01 X51.5196Y19.3502
G01 X50.9235Y21.7301
G01 X50.0970Y24.0400
G01 X49.0480Y26.2579
G01 X47.7867Y28.3622
G01 X46.3253Y30.3328
G01 X44.6777Y32.1506
G01 X44.5129Y32.3000
G01 X43.9180Y32.3000
G01 X44.3948Y31.8678
G01 X46.0161Y30.0790
G01 X47.4542Y28.1400
G01 X48.6953Y26.0693
G01 X49.7274Y23.8870
G01 X50.5407Y21.6140
G01 X51.1273Y19.2722
G01 X51.4815Y16.8842
G01 X51.6000Y14.4730
G01 X51.4815Y12.0617
G01 X51.1273Y9.6737
G01 X50.8638Y8.6217
G00 Z20.0000
G00 X50.5616Y9.0596
G01 Z20.0000
G01 X50.6963Y9.5972
G00 Z20.0000
G00 X50.9180Y10.9855
G01 Z20.0000
G01 X51.0835Y12.1009
G01 X51.2000Y14.4730
G01 X51.0835Y16.8450
G01 X50.7350Y19.1941
G01 X50.1580Y21.4978
G01 X49.3579Y23.7339
G01 X48.3425Y25.8808
G01 X47.1216Y27.9178
G01 X45.7069Y29.8253
G01 X44.1120Y31.5849
G01 X43.3230Y32.3000
G01 X42.7281Y32.3000
G01 X43.8291Y31.3021
G01 X45.3976Y29.5715
G01 X46.7890Y27.6955
G01 X47.9897Y25.6922
G01 X48.9883Y23.5808
G01 X49.7752Y21.3817
G01 X50.3427Y19.1161
G01 X50.6854Y16.8058
G01 X50.8000Y14.4730
G01 X50.6854Y12.1402
G01 X50.5941Y11.5245
G00 Z20.0000
G00 X50.2323Y11.8083
G01 Z20.0000
G01 X50.2873Y12.1794
G01 X50.4000Y14.4730
G01 X50.2873Y16.7666
G01 X49.9504Y19.0381
G01 X49.3924Y21.2656
G01 X48.6188Y23.4278
G01 X47.6370Y25.5036
G01 X46.4564Y27.4733
G01 X45.0884Y29.3178
G01 X43.5463Y31.0193
G01 X42.1332Y32.3000
G01 X41.5266Y32.3000
G01 X41.5910Y32.2522
G01 X43.2635Y30.7364
G01 X44.7792Y29.0640
G01 X46.1238Y27.2511
G01 X47.2842Y25.3151
G01 X48.2492Y23.2747
G01 X49.0096Y21.1495
G01 X49.5581Y18.9600
G01 X49.8892Y16.7274
G01 X50.0000Y14.4730
G01 X49.8892Y12.2186
G01 X49.8505Y11.9572
G00 Z20.0000
G00 X49.4527Y11.9982
G01 Z20.0000
G01 X49.4912Y12.2578
G01 X49.6000Y14.4730
G01 X49.4912Y16.6881
G01 X49.1657Y18.8820
G01 X48.6269Y21.0334
G01 X47.8797Y23.1216
G01 X46.9314Y25.1265
G01 X45.7912Y27.0288
G01 X44.4700Y28.8102
G01 X42.9806Y30.4536
G01 X41.3373Y31.9430
G01 X40.8559Y32.3000
G01 X40.1853Y32.3000
G01 X41.0835Y31.6338
G01 X42.6978Y30.1707
G01 X44.1608Y28.5565
G01 X45.4586Y26.8066
G01 X46.5787Y24.9380
G01 X47.5101Y22.9685
G01 X48.2441Y20.9173
G01 X48.7734Y18.8040
G01 X49.0931Y16.6489
G01 X49.2000Y14.4730
G01 X49.0931Y12.2970
G01 X49.0381Y11.9265
G00 Z20.0000
G00 X48.6005Y11.6987
G01 Z20.0000
G01 X48.6950Y12.3362
G01 X48.8000Y14.4730
G01 X48.6950Y16.6097
G01 X48.3811Y18.7259
G01 X47.8613Y20.8012
G01 X47.1406Y22.8155
G01 X46.2259Y24.7494
G01 X45.1260Y26.5844
G01 X43.8516Y28.3027
G01 X42.4149Y29.8879
G01 X40.8298Y31.3246
G01 X39.5146Y32.3000
G00 Z20.0000
G00 X46.1599Y32.3000
G01 Z20.0000
G01 X47.2529Y31.0941
G01 X48.7845Y29.0289
G01 X50.1063Y26.8236
G01 X51.2056Y24.4993
G01 X52.0718Y22.0784
G01 X52.6966Y19.5843
G01 X53.0738Y17.0410
G01 X53.2000Y14.4730
G01 X53.0738Y11.9049
G01 X52.6966Y9.3616
G01 X52.0718Y6.8675
G01 X51.2056Y4.4467
G01 X50.1063Y2.1224
G01 X48.7845Y-0.0830
G01 X47.2529Y-2.1481
G01 X46.1183Y-3.4000
G01 X46.6575Y-3.4000
G01 X47.5621Y-2.4019
G01 X49.1171Y-0.3052
G01 X50.4591Y1.9338
G01 X51.5752Y4.2936
G01 X52.4546Y6.7514
G01 X53.0889Y9.2836
G01 X53.4719Y11.8657
G01 X53.6000Y14.4730
G01 X53.4719Y17.0802
G01 X53.0889Y19.6624
G01 X52.4546Y22.1945
G01 X51.5752Y24.6523
G01 X50.4591Y27.0121
G01 X49.1171Y29.2511
G01 X47.5621Y31.3478
G01 X46.6991Y32.3000
G01 X47.2383Y32.3000
G01 X47.8713Y31.6016
G01 X49.4497Y29.4734
G01 X50.8119Y27.2007
G01 X51.9447Y24.8054
G01 X52.8374Y22.3106
G01 X53.4812Y19.7404
G01 X53.8700Y17.1194
G01 X54.0000Y14.4730
G01 X53.8700Y11.8265
G01 X53.4812Y9.2055
G01 X52.8374Y6.6353
G01 X51.9447Y4.1405
G01 X50.8119Y1.7452
G01 X49.4497Y-0.5274
G01 X47.8713Y-2.6557
G01 X47.1967Y-3.4000
G01 X47.7358Y-3.4000
G01 X48.1805Y-2.9094
G01 X49.7823Y-0.7497
G01 X51.1646Y1.5567
G01 X52.3143Y3.9874
G01 X53.2202Y6.5192
G01 X53.8735Y9.1275
G01 X54.2681Y11.7873
G01 X54.4000Y14.4730
G01 X54.2681Y17.1586
G01 X53.8735Y19.8184
G01 X53.2202Y22.4268
G01 X52.3143Y24.9585
G01 X51.1646Y27.3892
G01 X49.7823Y29.6956
G01 X48.1805Y31.8553
G01 X47.7775Y32.3000
G01 X48.3167Y32.3000
G01 X48.4897Y32.1091
G01 X50.1149Y29.9178
G01 X51.5174Y27.5778
G01 X52.6839Y25.1116
G01 X53.6029Y22.5429
G01 X54.2658Y19.8965
G01 X54.6661Y17.1978
G01 X54.8000Y14.4730
G01 X54.6661Y11.7481
G01 X54.2658Y9.0494
G01 X53.6029Y6.4030
G01 X52.6839Y3.8344
G01 X51.5174Y1.3681
G01 X50.1149Y-0.9719
G01 X48.4897Y-3.1632
G01 X48.2750Y-3.4000
G01 X48.8115Y-3.4000
G01 X50.4474Y-1.1941
G01 X51.8702Y1.1796
G01 X53.0534Y3.6813
G01 X53.9857Y6.2869
G01 X54.6581Y8.9714
G01 X55.0642Y11.7089
G01 X55.2000Y14.4730
G01 X55.0642Y17.2370
G01 X54.6581Y19.9745
G01 X53.9857Y22.6590
G01 X53.0534Y25.2646
G01 X51.8702Y27.7663
G01 X50.4474Y30.1400
G01 X48.8455Y32.3000
G01 X49.3429Y32.3000
G01 X50.7800Y30.3623
G01 X52.2229Y27.9549
G01 X53.4230Y25.4177
G01 X54.3685Y22.7751
G01 X55.0505Y20.0525
G01 X55.4623Y17.2763
G01 X55.6000Y14.4730
G01 X55.4623Y11.6697
G01 X55.0505Y8.8934
G01 X54.3685Y6.1708
G01 X53.4230Y3.5282
G01 X52.2229Y0.9910
G01 X50.7800Y-1.4163
G01 X49.3089Y-3.4000
G01 X49.8063Y-3.4000
G01 X51.1126Y-1.6386
G01 X52.5757Y0.8025
G01 X53.7925Y3.3751
G01 X54.7513Y6.0547
G01 X55.4428Y8.8153
G01 X55.8604Y11.6305
G01 X56.0000Y14.4730
G01 X55.8604Y17.3155
G01 X55.4428Y20.1306
G01 X54.7513Y22.8912
G01 X53.7925Y25.5708
G01 X52.5757Y28.1435
G01 X51.1126Y30.5845
G01 X49.8403Y32.3000
G01 X50.3377Y32.3000
G01 X51.4452Y30.8067
G01 X52.9285Y28.3320
G01 X54.1621Y25.7239
G01 X55.1340Y23.0073
G01 X55.8351Y20.2086
G01 X56.2584Y17.3547
G01 X56.4000Y14.4730
G01 X56.2584Y11.5913
G01 X55.8351Y8.7373
G01 X55.1340Y5.9386
G01 X54.1621Y3.2221
G01 X52.9285Y0.6139
G01 X51.4452Y-1.8608
G01 X50.3037Y-3.4000
G01 X50.8011Y-3.4000
G01 X51.7778Y-2.0830
G01 X53.2813Y0.4253
G01 X54.5316Y3.0690
G01 X55.5168Y5.8225
G01 X56.2274Y8.6593
G01 X56.6565Y11.5520
G01 X56.8000Y14.4730
G01 X56.6565Y17.3939
G01 X56.2274Y20.2867
G01 X55.5168Y23.1234
G01 X54.5316Y25.8769
G01 X53.2813Y28.5206
G01 X51.7778Y31.0290
G01 X50.8351Y32.3000
G01 X51.3325Y32.3000
G01 X52.1104Y31.2512
G01 X53.6340Y28.7091
G01 X54.9012Y26.0300
G01 X55.8996Y23.2396
G01 X56.6197Y20.3647
G01 X56.7235Y19.6653
G00 Z20.0000
G00 X57.0694Y20.0557
G01 Z20.0000
G01 X57.0120Y20.4427
G01 X56.2824Y23.3557
G01 X55.2707Y26.1831
G01 X53.9868Y28.8977
G01 X52.4430Y31.4734
G01 X51.8299Y32.3000
G01 X52.3273Y32.3000
G01 X52.7756Y31.6956
G01 X54.3396Y29.0863
G01 X55.6403Y26.3361
G01 X56.6652Y23.4718
G01 X57.4043Y20.5208
G01 X57.4413Y20.2718
G00 Z20.0000
G00 X57.8306Y20.3699
G01 Z20.0000
G01 X57.7967Y20.5988
G01 X57.0479Y23.5879
G01 X56.0098Y26.4892
G01 X54.6923Y29.2748
G01 X53.1081Y31.9179
G01 X52.8247Y32.3000
G01 X53.3221Y32.3000
G01 X53.4407Y32.1401
G01 X55.0451Y29.4634
G01 X56.3794Y26.6423
G01 X56.5236Y26.2391
G00 Z20.0000
G00 X56.5001Y26.5098
G01 Z20.0000
G01 X56.5005Y26.4804
G01 X56.5068Y26.3579
G01 X56.5096Y26.3335
G01 X56.5279Y26.2122
G01 X56.5331Y26.1882
G01 X56.5632Y26.0693
G01 X56.5707Y26.0459
G01 X56.6124Y25.9305
G01 X56.6221Y25.9080
G01 X56.6749Y25.7973
G01 X56.6868Y25.7758
G01 X56.7501Y25.6708
G01 X56.7641Y25.6506
G01 X56.8374Y25.5522
G01 X56.8533Y25.5335
G01 X56.9359Y25.4429
G01 X56.9536Y25.4258
G01 X57.0447Y25.3436
G01 X57.0639Y25.3284
G01 X57.1626Y25.2556
G01 X57.1832Y25.2423
G01 X57.2886Y25.1795
G01 X57.3104Y25.1683
G01 X57.4215Y25.1161
G01 X57.4443Y25.1071
G01 X57.5599Y25.0661
G01 X57.5835Y25.0594
G01 X57.7026Y25.0298
G01 X57.7267Y25.0255
G01 X57.8481Y25.0078
G01 X57.8726Y25.0058
G01 X57.9951Y25.0001
G01 X58.0196Y25.0005
G01 X58.1274Y25.0058
G01 X58.1519Y25.0078
G01 X58.2733Y25.0255
G01 X58.3118Y25.0331
G01 X58.4165Y25.0594
G01 X58.4401Y25.0661
G01 X58.5557Y25.1071
G01 X58.5920Y25.1221
G01 X58.6896Y25.1683
G01 X58.7114Y25.1795
G01 X58.8168Y25.2423
G01 X58.8494Y25.2641
G01 X58.9361Y25.3284
G01 X58.9553Y25.3436
G01 X59.0500Y25.4291
G01 X59.0742Y25.4536
G01 X59.1467Y25.5335
G01 X59.1626Y25.5522
G01 X59.2388Y25.6546
G01 X59.2499Y25.6708
G01 X59.2700Y25.7037
G01 X59.2901Y25.6708
G01 X59.3012Y25.6546
G01 X59.3774Y25.5522
G01 X59.3933Y25.5335
G01 X59.4658Y25.4536
G01 X59.4900Y25.4291
G01 X59.5847Y25.3436
G01 X59.6039Y25.3284
G01 X59.6906Y25.2641
G01 X59.7232Y25.2423
G01 X59.8286Y25.1795
G01 X59.8504Y25.1683
G01 X59.9480Y25.1221
G01 X59.9705Y25.1124
G01 X60.0859Y25.0707
G01 X60.1235Y25.0594
G01 X60.2282Y25.0331
G01 X60.2522Y25.0279
G01 X60.3735Y25.0096
G01 X60.4126Y25.0058
G01 X60.5351Y25.0001
G01 X60.5596Y25.0005
G01 X60.6674Y25.0058
G01 X60.6919Y25.0078
G01 X60.8133Y25.0255
G01 X60.8518Y25.0331
G01 X60.9565Y25.0594
G01 X60.9801Y25.0661
G01 X61.0957Y25.1071
G01 X61.1320Y25.1221
G01 X61.2296Y25.1683
G01 X61.2514Y25.1795
G01 X61.3568Y25.2423
G01 X61.3894Y25.2641
G01 X61.4761Y25.3284
G01 X61.4953Y25.3436
G01 X61.5900Y25.4291
G01 X61.6142Y25.4536
G01 X61.6867Y25.5335
G01 X61.7026Y25.5522
G01 X61.7788Y25.6546
G01 X61.7899Y25.6708
G01 X61.8100Y25.7037
G01 X61.8301Y25.6708
G01 X61.8412Y25.6546
G01 X61.9174Y25.5522
G01 X61.9333Y25.5335
G01 X62.0058Y25.4536
G01 X62.0300Y25.4291
G01 X62.1247Y25.3436
G01 X62.1439Y25.3284
G01 X62.2306Y25.2641
G01 X62.2632Y25.2423
G01 X62.3686Y25.1795
G01 X62.3904Y25.1683
G01 X62.4880Y25.1221
G01 X62.5105Y25.1124
G01 X62.6259Y25.0707
G01 X62.6635Y25.0594
G01 X62.7682Y25.0331
G01 X62.7922Y25.0279
G01 X62.9135Y25.0096
G01 X62.9526Y25.0058
G01 X63.0751Y25.0001
G01 X63.0996Y25.0005
G01 X63.2074Y25.0058
G01 X63.2319Y25.0078
G01 X63.3533Y25.0255
G01 X63.3918Y25.0331
G01 X63.4965Y25.0594
G01 X63.5201Y25.0661
G01 X63.6357Y25.1071
G01 X63.6720Y25.1221
G01 X63.7696Y25.1683
G01 X63.7914Y25.1795
G01 X63.8968Y25.2423
G01 X63.9294Y25.2641
G01 X64.0161Y25.3284
G01 X64.0353Y25.3436
G01 X64.1300Y25.4291
G01 X64.1542Y25.4536
G01 X64.2267Y25.5335
G01 X64.2426Y25.5522
G01 X64.3188Y25.6546
G01 X64.3299Y25.6708
G01 X64.3500Y25.7037
G01 X64.3701Y25.6708
G01 X64.3812Y25.6546
G01 X64.4574Y25.5522
G01 X64.4733Y25.5335
G01 X64.5458Y25.4536
G01 X64.5700Y25.4291
G01 X64.6647Y25.3436
G01 X64.6839Y25.3284
G01 X64.7706Y25.2641
G01 X64.8032Y25.2423
G01 X64.9086Y25.1795
G01 X64.9304Y25.1683
G01 X65.0280Y25.1221
G01 X65.0505Y25.1124
G01 X65.1659Y25.0707
G01 X65.2035Y25.0594
G01 X65.3082Y25.0331
G01 X65.3322Y25.0279
G01 X65.4535Y25.0096
G01 X65.4926Y25.0058
G01 X65.6053Y25.0003
G01 X65.6396Y25.0005
G01 X65.7474Y25.0058
G01 X65.7719Y25.0078
G01 X65.8933Y25.0255
G01 X65.9318Y25.0331
G01 X66.0365Y25.0594
G01 X66.0601Y25.0661
G01 X66.1757Y25.1071
G01 X66.2120Y25.1221
G01 X66.3096Y25.1683
G01 X66.3314Y25.1795
G01 X66.4368Y25.2423
G01 X66.4694Y25.2641
G01 X66.5561Y25.3284
G01 X66.5753Y25.3436
G01 X66.6700Y25.4291
G01 X66.6942Y25.4536
G01 X66.7667Y25.5335
G01 X66.7826Y25.5522
G01 X66.8588Y25.6546
G01 X66.8699Y25.6708
G01 X66.8900Y25.7037
G01 X66.9101Y25.6708
G01 X66.9212Y25.6546
G01 X66.9974Y25.5522
G01 X67.0133Y25.5335
G01 X67.0858Y25.4536
G01 X67.1100Y25.4291
G01 X67.2047Y25.3436
G01 X67.2239Y25.3284
G01 X67.3106Y25.2641
G01 X67.3432Y25.2423
G01 X67.4486Y25.1795
G01 X67.4704Y25.1683
G01 X67.5680Y25.1221
G01 X67.5905Y25.1124
G01 X67.7059Y25.0707
G01 X67.7435Y25.0594
G01 X67.8482Y25.0331
G01 X67.8722Y25.0279
G01 X67.9935Y25.0096
G01 X68.0326Y25.0058
G01 X68.1453Y25.0003
G01 X68.1796Y25.0005
G01 X68.2874Y25.0058
G01 X68.3119Y25.0078
G01 X68.4333Y25.0255
G01 X68.4718Y25.0331
G01 X68.5765Y25.0594
G01 X68.6001Y25.0661
G01 X68.7157Y25.1071
G01 X68.7520Y25.1221
G01 X68.8496Y25.1683
G01 X68.8714Y25.1795
G01 X68.9768Y25.2423
G01 X69.0094Y25.2641
G01 X69.0961Y25.3284
G01 X69.1153Y25.3436
G01 X69.2100Y25.4291
G01 X69.2342Y25.4536
G01 X69.3067Y25.5335
G01 X69.3226Y25.5522
G01 X69.3988Y25.6546
G01 X69.4099Y25.6708
G01 X69.4300Y25.7037
G01 X69.4501Y25.6708
G01 X69.4612Y25.6546
G01 X69.5374Y25.5522
G01 X69.5533Y25.5335
G01 X69.6258Y25.4536
G01 X69.6500Y25.4291
G01 X69.7447Y25.3436
G01 X69.7639Y25.3284
G01 X69.8506Y25.2641
G01 X69.8832Y25.2423
G01 X69.9886Y25.1795
G01 X70.0104Y25.1683
G01 X70.1080Y25.1221
G01 X70.1305Y25.1124
G01 X70.2459Y25.0707
G01 X70.2835Y25.0594
G01 X70.3882Y25.0331
G01 X70.4122Y25.0279
G01 X70.5335Y25.0096
G01 X70.5726Y25.0058
G01 X70.6853Y25.0003
G01 X70.7196Y25.0005
G01 X70.8274Y25.0058
G01 X70.8519Y25.0078
G01 X70.9733Y25.0255
G01 X71.0118Y25.0331
G01 X71.1165Y25.0594
G01 X71.1401Y25.0661
G01 X71.2557Y25.1071
G01 X71.2920Y25.1221
G01 X71.3896Y25.1683
G01 X71.4114Y25.1795
G01 X71.5168Y25.2423
G01 X71.5494Y25.2641
G01 X71.6361Y25.3284
G01 X71.6553Y25.3436
G01 X71.7500Y25.4291
G01 X71.7742Y25.4536
G01 X71.8467Y25.5335
G01 X71.8626Y25.5522
G01 X71.9388Y25.6546
G01 X71.9499Y25.6708
G01 X71.9700Y25.7037
G01 X71.9901Y25.6708
G01 X72.0012Y25.6546
G01 X72.0774Y25.5522
G01 X72.0933Y25.5335
G01 X72.1658Y25.4536
G01 X72.1900Y25.4291
G01 X72.2847Y25.3436
G01 X72.3039Y25.3284
G01 X72.3906Y25.2641
G01 X72.4232Y25.2423
G01 X72.5286Y25.1795
G01 X72.5504Y25.1683
G01 X72.6480Y25.1221
G01 X72.6705Y25.1124
G01 X72.7859Y25.0707
G01 X72.8235Y25.0594
G01 X72.9330Y25.0320
G01 X72.9667Y25.0255
G01 X73.0735Y25.0096
G01 X73.0979Y25.0068
G01 X73.2204Y25.0005
G01 X73.2596Y25.0005
G01 X73.3821Y25.0068
G01 X73.4065Y25.0096
G01 X73.5133Y25.0255
G01 X73.5518Y25.0331
G01 X73.6565Y25.0594
G01 X73.6801Y25.0661
G01 X73.7957Y25.1071
G01 X73.8320Y25.1221
G01 X73.9296Y25.1683
G01 X73.9514Y25.1795
G01 X74.0568Y25.2423
G01 X74.0894Y25.2641
G01 X74.1761Y25.3284
G01 X74.1953Y25.3436
G01 X74.2900Y25.4291
G01 X74.3142Y25.4536
G01 X74.3867Y25.5335
G01 X74.4026Y25.5522
G01 X74.4788Y25.6546
G01 X74.4899Y25.6708
G01 X74.5100Y25.7037
G01 X74.5301Y25.6708
G01 X74.5412Y25.6546
G01 X74.6174Y25.5522
G01 X74.6333Y25.5335
G01 X74.7159Y25.4428
G01 X74.7336Y25.4258
G01 X74.8247Y25.3436
G01 X74.8439Y25.3284
G01 X74.9426Y25.2556
G01 X74.9632Y25.2423
G01 X75.0686Y25.1795
G01 X75.0904Y25.1683
G01 X75.1880Y25.1221
G01 X75.2105Y25.1124
G01 X75.3259Y25.0707
G01 X75.3493Y25.0632
G01 X75.4682Y25.0331
G01 X75.4922Y25.0279
G01 X75.6281Y25.0078
G01 X75.6526Y25.0058
G01 X75.7604Y25.0005
G01 X75.7996Y25.0005
G01 X75.9074Y25.0058
G01 X75.9319Y25.0078
G01 X76.0678Y25.0279
G01 X76.0918Y25.0331
G01 X76.1965Y25.0594
G01 X76.2341Y25.0707
G01 X76.3357Y25.1071
G01 X76.3585Y25.1161
G01 X76.4827Y25.1749
G01 X76.5042Y25.1868
G01 X76.5968Y25.2423
G01 X76.6294Y25.2641
G01 X76.7161Y25.3284
G01 X76.7353Y25.3436
G01 X76.8371Y25.4359
G01 X76.8542Y25.4536
G01 X76.9299Y25.5372
G01 X76.9516Y25.5639
G01 X77.0188Y25.6546
G01 X77.0299Y25.6708
G01 X77.0500Y25.7037
G01 X77.0701Y25.6708
G01 X77.0812Y25.6546
G01 X77.1574Y25.5522
G01 X77.1733Y25.5335
G01 X77.2458Y25.4536
G01 X77.2736Y25.4258
G01 X77.3647Y25.3436
G01 X77.3839Y25.3284
G01 X77.4706Y25.2641
G01 X77.5032Y25.2423
G01 X77.5958Y25.1868
G01 X77.6260Y25.1704
G01 X77.7415Y25.1161
G01 X77.7643Y25.1071
G01 X77.8659Y25.0707
G01 X77.9035Y25.0594
G01 X78.0082Y25.0331
G01 X78.0322Y25.0279
G01 X78.1681Y25.0078
G01 X78.1926Y25.0058
G01 X78.3004Y25.0005
G01 X78.3396Y25.0005
G01 X78.4474Y25.0058
G01 X78.4719Y25.0078
G01 X78.5933Y25.0255
G01 X78.6174Y25.0298
G01 X78.7365Y25.0594
G01 X78.7741Y25.0707
G01 X78.8895Y25.1124
G01 X78.9120Y25.1221
G01 X79.0096Y25.1683
G01 X79.0442Y25.1868
G01 X79.1409Y25.2449
G01 X79.1694Y25.2641
G01 X79.2678Y25.3374
G01 X79.2865Y25.3533
G01 X79.3664Y25.4258
G01 X79.3841Y25.4429
G01 X79.4667Y25.5335
G01 X79.4826Y25.5522
G01 X79.5588Y25.6546
G01 X79.5699Y25.6708
G01 X79.5900Y25.7037
G01 X79.6101Y25.6708
G01 X79.6212Y25.6546
G01 X79.6974Y25.5522
G01 X79.7133Y25.5335
G01 X79.7959Y25.4429
G01 X79.8136Y25.4258
G01 X79.8935Y25.3533
G01 X79.9122Y25.3374
G01 X80.0106Y25.2641
G01 X80.0432Y25.2423
G01 X80.1358Y25.1868
G01 X80.1573Y25.1749
G01 X80.2680Y25.1221
G01 X80.3043Y25.1071
G01 X80.4106Y25.0692
G01 X80.4435Y25.0594
G01 X80.5482Y25.0331
G01 X80.5722Y25.0279
G01 X80.6935Y25.0096
G01 X80.7326Y25.0058
G01 X80.8404Y25.0005
G01 X80.8649Y25.0001
G01 X80.9874Y25.0058
G01 X81.0265Y25.0096
G01 X81.1333Y25.0255
G01 X81.1574Y25.0298
G01 X81.2765Y25.0594
G01 X81.3141Y25.0707
G01 X81.4157Y25.1071
G01 X81.4385Y25.1161
G01 X81.5540Y25.1704
G01 X81.5842Y25.1868
G01 X81.6768Y25.2423
G01 X81.7094Y25.2641
G01 X81.7961Y25.3284
G01 X81.8153Y25.3436
G01 X81.9064Y25.4258
G01 X81.9342Y25.4536
G01 X82.0067Y25.5335
G01 X82.0226Y25.5522
G01 X82.0988Y25.6546
G01 X82.1099Y25.6708
G01 X82.1300Y25.7037
G01 X82.1501Y25.6708
G01 X82.1612Y25.6546
G01 X82.2374Y25.5522
G01 X82.2533Y25.5335
G01 X82.3359Y25.4429
G01 X82.3536Y25.4258
G01 X82.4335Y25.3533
G01 X82.4522Y25.3374
G01 X82.5506Y25.2641
G01 X82.5791Y25.2449
G01 X82.6758Y25.1868
G01 X82.7104Y25.1683
G01 X82.8215Y25.1161
G01 X82.8443Y25.1071
G01 X82.9459Y25.0707
G01 X82.9835Y25.0594
G01 X83.1026Y25.0298
G01 X83.1267Y25.0255
G01 X83.2481Y25.0078
G01 X83.2726Y25.0058
G01 X83.3804Y25.0005
G01 X83.4196Y25.0005
G01 X83.5274Y25.0058
G01 X83.5519Y25.0078
G01 X83.6878Y25.0279
G01 X83.7118Y25.0331
G01 X83.8165Y25.0594
G01 X83.8541Y25.0707
G01 X83.9557Y25.1071
G01 X83.9785Y25.1161
G01 X84.0940Y25.1704
G01 X84.1242Y25.1868
G01 X84.2168Y25.2423
G01 X84.2494Y25.2641
G01 X84.3478Y25.3374
G01 X84.3665Y25.3533
G01 X84.4464Y25.4258
G01 X84.4742Y25.4536
G01 X84.5467Y25.5335
G01 X84.5626Y25.5522
G01 X84.6388Y25.6546
G01 X84.6499Y25.6708
G01 X84.6700Y25.7037
G01 X84.6901Y25.6708
G01 X84.7012Y25.6546
G01 X84.7684Y25.5639
G01 X84.7901Y25.5372
G01 X84.8658Y25.4536
G01 X84.8829Y25.4359
G01 X84.9847Y25.3436
G01 X85.0039Y25.3284
G01 X85.0906Y25.2641
G01 X85.1232Y25.2423
G01 X85.2158Y25.1868
G01 X85.2373Y25.1749
G01 X85.3615Y25.1161
G01 X85.3843Y25.1071
G01 X85.4859Y25.0707
G01 X85.5235Y25.0594
G01 X85.6282Y25.0331
G01 X85.6522Y25.0279
G01 X85.7881Y25.0078
G01 X85.8126Y25.0058
G01 X85.9204Y25.0005
G01 X85.9596Y25.0005
G01 X86.0674Y25.0058
G01 X86.0919Y25.0078
G01 X86.2278Y25.0279
G01 X86.2518Y25.0331
G01 X86.3565Y25.0594
G01 X86.3801Y25.0661
G01 X86.4957Y25.1071
G01 X86.5185Y25.1161
G01 X86.6296Y25.1683
G01 X86.6514Y25.1795
G01 X86.7568Y25.2423
G01 X86.7774Y25.2556
G01 X86.8761Y25.3284
G01 X86.8953Y25.3436
G01 X86.9864Y25.4258
G01 X87.0041Y25.4429
G01 X87.0867Y25.5335
G01 X87.1026Y25.5522
G01 X87.1788Y25.6546
G01 X87.1899Y25.6708
G01 X87.2100Y25.7037
G01 X87.2301Y25.6708
G01 X87.2412Y25.6546
G01 X87.3174Y25.5522
G01 X87.3333Y25.5335
G01 X87.4058Y25.4536
G01 X87.4336Y25.4258
G01 X87.5247Y25.3436
G01 X87.5439Y25.3284
G01 X87.6306Y25.2641
G01 X87.6632Y25.2423
G01 X87.7558Y25.1868
G01 X87.7860Y25.1704
G01 X87.9015Y25.1161
G01 X87.9243Y25.1071
G01 X88.0259Y25.0707
G01 X88.0635Y25.0594
G01 X88.1682Y25.0331
G01 X88.1922Y25.0279
G01 X88.3281Y25.0078
G01 X88.3526Y25.0058
G01 X88.4604Y25.0005
G01 X88.4996Y25.0005
G01 X88.6221Y25.0068
G01 X88.6465Y25.0096
G01 X88.7533Y25.0255
G01 X88.7774Y25.0298
G01 X88.8965Y25.0594
G01 X88.9341Y25.0707
G01 X89.0495Y25.1124
G01 X89.0720Y25.1221
G01 X89.1696Y25.1683
G01 X89.2042Y25.1868
G01 X89.3009Y25.2449
G01 X89.3294Y25.2641
G01 X89.4278Y25.3374
G01 X89.4465Y25.3533
G01 X89.5264Y25.4258
G01 X89.5441Y25.4429
G01 X89.6267Y25.5335
G01 X89.6426Y25.5522
G01 X89.7188Y25.6546
G01 X89.7299Y25.6708
G01 X89.7500Y25.7037
G01 X89.7701Y25.6708
G01 X89.7812Y25.6546
G01 X89.8574Y25.5522
G01 X89.8733Y25.5335
G01 X89.9458Y25.4536
G01 X89.9700Y25.4291
G01 X90.0647Y25.3436
G01 X90.0839Y25.3284
G01 X90.1706Y25.2641
G01 X90.2032Y25.2423
G01 X90.3086Y25.1795
G01 X90.3304Y25.1683
G01 X90.4280Y25.1221
G01 X90.4643Y25.1071
G01 X90.5799Y25.0661
G01 X90.6035Y25.0594
G01 X90.7082Y25.0331
G01 X90.7467Y25.0255
G01 X90.8535Y25.0096
G01 X90.8779Y25.0068
G01 X91.0004Y25.0005
G01 X91.0396Y25.0005
G01 X91.1474Y25.0058
G01 X91.1719Y25.0078
G01 X91.2933Y25.0255
G01 X91.3174Y25.0298
G01 X91.4365Y25.0594
G01 X91.4601Y25.0661
G01 X91.5757Y25.1071
G01 X91.5985Y25.1161
G01 X91.7096Y25.1683
G01 X91.7314Y25.1795
G01 X91.8368Y25.2423
G01 X91.8574Y25.2556
G01 X91.9561Y25.3284
G01 X91.9753Y25.3436
G01 X92.0664Y25.4258
G01 X92.0841Y25.4429
G01 X92.1667Y25.5335
G01 X92.1826Y25.5522
G01 X92.2559Y25.6506
G01 X92.2699Y25.6708
G01 X92.3405Y25.7886
G01 X92.3517Y25.8104
G01 X92.4039Y25.9215
G01 X92.4129Y25.9443
G01 X92.4539Y26.0599
G01 X92.4606Y26.0835
G01 X92.4902Y26.2026
G01 X92.4945Y26.2267
G01 X92.5122Y26.3481
G01 X92.5142Y26.3726
G01 X92.5199Y26.4951
G01 X92.5195Y26.5196
G01 X92.5132Y26.6421
G01 X92.5104Y26.6665
G01 X92.4921Y26.7878
G01 X92.4869Y26.8118
G01 X92.4568Y26.9307
G01 X92.4493Y26.9541
G01 X92.4076Y27.0695
G01 X92.3979Y27.0920
G01 X92.3451Y27.2027
G01 X92.3332Y27.2242
G01 X92.2699Y27.3292
G01 X92.2559Y27.3494
G01 X92.1826Y27.4478
G01 X92.1667Y27.4665
G01 X92.0841Y27.5571
G01 X92.0664Y27.5742
G01 X91.9753Y27.6564
G01 X91.9561Y27.6716
G01 X91.8574Y27.7444
G01 X91.8368Y27.7577
G01 X91.7314Y27.8205
G01 X91.7096Y27.8317
G01 X91.5985Y27.8839
G01 X91.5757Y27.8929
G01 X91.4601Y27.9339
G01 X91.4365Y27.9406
G01 X91.3174Y27.9702
G01 X91.2933Y27.9745
G01 X91.1719Y27.9922
G01 X91.1474Y27.9942
G01 X91.0249Y27.9999
G01 X91.0004Y27.9995
G01 X90.8926Y27.9942
G01 X90.8535Y27.9904
G01 X90.7322Y27.9721
G01 X90.7082Y27.9669
G01 X90.6035Y27.9406
G01 X90.5659Y27.9293
G01 X90.4505Y27.8876
G01 X90.4280Y27.8779
G01 X90.3304Y27.8317
G01 X90.3086Y27.8205
G01 X90.2032Y27.7577
G01 X90.1706Y27.7359
G01 X90.0839Y27.6716
G01 X90.0647Y27.6564
G01 X89.9700Y27.5709
G01 X89.9458Y27.5464
G01 X89.8733Y27.4665
G01 X89.8574Y27.4478
G01 X89.7812Y27.3454
G01 X89.7701Y27.3292
G01 X89.7500Y27.2963
G01 X89.7299Y27.3292
G01 X89.7188Y27.3454
G01 X89.6426Y27.4478
G01 X89.6267Y27.4665
G01 X89.5542Y27.5464
G01 X89.5300Y27.5709
G01 X89.4353Y27.6564
G01 X89.4161Y27.6716
G01 X89.3294Y27.7359
G01 X89.2968Y27.7577
G01 X89.1914Y27.8205
G01 X89.1696Y27.8317
G01 X89.0720Y27.8779
G01 X89.0495Y27.8876
G01 X88.9341Y27.9293
G01 X88.8965Y27.9406
G01 X88.7918Y27.9669
G01 X88.7678Y27.9721
G01 X88.6465Y27.9904
G01 X88.6074Y27.9942
G01 X88.4849Y27.9999
G01 X88.4604Y27.9995
G01 X88.3526Y27.9942
G01 X88.3135Y27.9904
G01 X88.1922Y27.9721
G01 X88.1682Y27.9669
G01 X88.0635Y27.9406
G01 X88.0259Y27.9293
G01 X87.9105Y27.8876
G01 X87.8880Y27.8779
G01 X87.7904Y27.8317
G01 X87.7686Y27.8205
G01 X87.6632Y27.7577
G01 X87.6306Y27.7359
G01 X87.5439Y27.6716
G01 X87.5247Y27.6564
G01 X87.4300Y27.5709
G01 X87.4058Y27.5464
G01 X87.3333Y27.4665
G01 X87.3174Y27.4478
G01 X87.2412Y27.3454
G01 X87.2301Y27.3292
G01 X87.2100Y27.2963
G01 X87.1899Y27.3292
G01 X87.1788Y27.3454
G01 X87.1026Y27.4478
G01 X87.0867Y27.4665
G01 X87.0142Y27.5464
G01 X86.9900Y27.5709
G01 X86.8954Y27.6564
G01 X86.8761Y27.6716
G01 X86.7894Y27.7359
G01 X86.7568Y27.7577
G01 X86.6514Y27.8205
G01 X86.6296Y27.8317
G01 X86.5320Y27.8779
G01 X86.5095Y27.8876
G01 X86.3941Y27.9293
G01 X86.3565Y27.9406
G01 X86.2518Y27.9669
G01 X86.2278Y27.9721
G01 X86.1065Y27.9904
G01 X86.0674Y27.9942
G01 X85.9449Y27.9999
G01 X85.9204Y27.9995
G01 X85.8126Y27.9942
G01 X85.7735Y27.9904
G01 X85.6522Y27.9721
G01 X85.6282Y27.9669
G01 X85.5235Y27.9406
G01 X85.4859Y27.9293
G01 X85.3705Y27.8876
G01 X85.3480Y27.8779
G01 X85.2504Y27.8317
G01 X85.2286Y27.8205
G01 X85.1232Y27.7577
G01 X85.0906Y27.7359
G01 X85.0039Y27.6716
G01 X84.9847Y27.6564
G01 X84.8900Y27.5709
G01 X84.8658Y27.5464
G01 X84.7933Y27.4665
G01 X84.7774Y27.4478
G01 X84.7012Y27.3454
G01 X84.6901Y27.3292
G01 X84.6700Y27.2963
G01 X84.6499Y27.3292
G01 X84.6388Y27.3454
G01 X84.5626Y27.4478
G01 X84.5467Y27.4665
G01 X84.4742Y27.5464
G01 X84.4500Y27.5709
G01 X84.3553Y27.6564
G01 X84.3361Y27.6716
G01 X84.2494Y27.7359
G01 X84.2168Y27.7577
G01 X84.1114Y27.8205
G01 X84.0896Y27.8317
G01 X83.9920Y27.8779
G01 X83.9695Y27.8876
G01 X83.8541Y27.9293
G01 X83.8165Y27.9406
G01 X83.7118Y27.9669
G01 X83.6878Y27.9721
G01 X83.5665Y27.9904
G01 X83.5274Y27.9942
G01 X83.4147Y27.9997
G01 X83.3804Y27.9995
G01 X83.2726Y27.9942
G01 X83.2481Y27.9922
G01 X83.1267Y27.9745
G01 X83.0882Y27.9669
G01 X82.9835Y27.9406
G01 X82.9599Y27.9339
G01 X82.8443Y27.8929
G01 X82.8080Y27.8779
G01 X82.7104Y27.8317
G01 X82.6886Y27.8205
G01 X82.5832Y27.7577
G01 X82.5506Y27.7359
G01 X82.4639Y27.6716
G01 X82.4447Y27.6564
G01 X82.3500Y27.5709
G01 X82.3258Y27.5464
G01 X82.2533Y27.4665
G01 X82.2374Y27.4478
G01 X82.1612Y27.3454
G01 X82.1501Y27.3292
G01 X82.1300Y27.2963
G01 X82.1099Y27.3292
G01 X82.0988Y27.3454
G01 X82.0226Y27.4478
G01 X82.0067Y27.4665
G01 X81.9342Y27.5464
G01 X81.9100Y27.5709
G01 X81.8153Y27.6564
G01 X81.7961Y27.6716
G01 X81.7094Y27.7359
G01 X81.6768Y27.7577
G01 X81.5714Y27.8205
G01 X81.5496Y27.8317
G01 X81.4520Y27.8779
G01 X81.4295Y27.8876
G01 X81.3141Y27.9293
G01 X81.2765Y27.9406
G01 X81.1718Y27.9669
G01 X81.1478Y27.9721
G01 X81.0265Y27.9904
G01 X80.9874Y27.9942
G01 X80.8747Y27.9997
G01 X80.8404Y27.9995
G01 X80.7326Y27.9942
G01 X80.7081Y27.9922
G01 X80.5867Y27.9745
G01 X80.5482Y27.9669
G01 X80.4435Y27.9406
G01 X80.4199Y27.9339
G01 X80.3043Y27.8929
G01 X80.2680Y27.8779
G01 X80.1704Y27.8317
G01 X80.1486Y27.8205
G01 X80.0432Y27.7577
G01 X80.0106Y27.7359
G01 X79.9239Y27.6716
G01 X79.9047Y27.6564
G01 X79.8100Y27.5709
G01 X79.7858Y27.5464
G01 X79.7133Y27.4665
G01 X79.6974Y27.4478
G01 X79.6212Y27.3454
G01 X79.6101Y27.3292
G01 X79.5900Y27.2963
G01 X79.5699Y27.3292
G01 X79.5588Y27.3454
G01 X79.4826Y27.4478
G01 X79.4667Y27.4665
G01 X79.3942Y27.5464
G01 X79.3700Y27.5709
G01 X79.2753Y27.6564
G01 X79.2561Y27.6716
G01 X79.1694Y27.7359
G01 X79.1368Y27.7577
G01 X79.0314Y27.8205
G01 X79.0096Y27.8317
G01 X78.9120Y27.8779
G01 X78.8895Y27.8876
G01 X78.7741Y27.9293
G01 X78.7365Y27.9406
G01 X78.6318Y27.9669
G01 X78.6078Y27.9721
G01 X78.4865Y27.9904
G01 X78.4474Y27.9942
G01 X78.3347Y27.9997
G01 X78.3004Y27.9995
G01 X78.1926Y27.9942
G01 X78.1681Y27.9922
G01 X78.0467Y27.9745
G01 X78.0082Y27.9669
G01 X77.9035Y27.9406
G01 X77.8799Y27.9339
G01 X77.7643Y27.8929
G01 X77.7280Y27.8779
G01 X77.6304Y27.8317
G01 X77.6086Y27.8205
G01 X77.5032Y27.7577
G01 X77.4706Y27.7359
G01 X77.3839Y27.6716
G01 X77.3647Y27.6564
G01 X77.2700Y27.5709
G01 X77.2458Y27.5464
G01 X77.1733Y27.4665
G01 X77.1574Y27.4478
G01 X77.0812Y27.3454
G01 X77.0701Y27.3292
G01 X77.0500Y27.2963
G01 X77.0299Y27.3292
G01 X77.0188Y27.3454
G01 X76.9426Y27.4478
G01 X76.9267Y27.4665
G01 X76.8542Y27.5464
G01 X76.8300Y27.5709
G01 X76.7353Y27.6564
G01 X76.7161Y27.6716
G01 X76.6294Y27.7359
G01 X76.5968Y27.7577
G01 X76.4914Y27.8205
G01 X76.4696Y27.8317
G01 X76.3720Y27.8779
G01 X76.3495Y27.8876
G01 X76.2341Y27.9293
G01 X76.1965Y27.9406
G01 X76.0870Y27.9680
G01 X76.0533Y27.9745
G01 X75.9465Y27.9904
G01 X75.9221Y27.9932
G01 X75.7996Y27.9995
G01 X75.7604Y27.9995
G01 X75.6379Y27.9932
G01 X75.6135Y27.9904
G01 X75.5067Y27.9745
G01 X75.4682Y27.9669
G01 X75.3635Y27.9406
G01 X75.3399Y27.9339
G01 X75.2243Y27.8929
G01 X75.1880Y27.8779
G01 X75.0904Y27.8317
G01 X75.0686Y27.8205
G01 X74.9632Y27.7577
G01 X74.9306Y27.7359
G01 X74.8439Y27.6716
G01 X74.8247Y27.6564
G01 X74.7300Y27.5709
G01 X74.7058Y27.5464
G01 X74.6333Y27.4665
G01 X74.6174Y27.4478
G01 X74.5412Y27.3454
G01 X74.5301Y27.3292
G01 X74.5100Y27.2963
G01 X74.4899Y27.3292
G01 X74.4788Y27.3454
G01 X74.4116Y27.4361
G01 X74.3899Y27.4628
G01 X74.3142Y27.5464
G01 X74.2971Y27.5641
G01 X74.1953Y27.6564
G01 X74.1761Y27.6716
G01 X74.0894Y27.7359
G01 X74.0568Y27.7577
G01 X73.9642Y27.8132
G01 X73.9427Y27.8251
G01 X73.8185Y27.8839
G01 X73.7957Y27.8929
G01 X73.6941Y27.9293
G01 X73.6565Y27.9406
G01 X73.5518Y27.9669
G01 X73.5278Y27.9721
G01 X73.3919Y27.9922
G01 X73.3674Y27.9942
G01 X73.2596Y27.9995
G01 X73.2204Y27.9995
G01 X73.1126Y27.9942
G01 X73.0881Y27.9922
G01 X72.9522Y27.9721
G01 X72.9282Y27.9669
G01 X72.8093Y27.9368
G01 X72.7859Y27.9293
G01 X72.6705Y27.8876
G01 X72.6480Y27.8779
G01 X72.5504Y27.8317
G01 X72.5286Y27.8205
G01 X72.4232Y27.7577
G01 X72.4026Y27.7444
G01 X72.3039Y27.6716
G01 X72.2847Y27.6564
G01 X72.1936Y27.5742
G01 X72.1759Y27.5572
G01 X72.0933Y27.4665
G01 X72.0774Y27.4478
G01 X72.0012Y27.3454
G01 X71.9901Y27.3292
G01 X71.9700Y27.2963
G01 X71.9499Y27.3292
G01 X71.9388Y27.3454
G01 X71.8626Y27.4478
G01 X71.8467Y27.4665
G01 X71.7641Y27.5571
G01 X71.7464Y27.5742
G01 X71.6665Y27.6467
G01 X71.6478Y27.6626
G01 X71.5494Y27.7359
G01 X71.5168Y27.7577
G01 X71.4242Y27.8132
G01 X71.4027Y27.8251
G01 X71.2920Y27.8779
G01 X71.2557Y27.8929
G01 X71.1494Y27.9308
G01 X71.1165Y27.9406
G01 X71.0118Y27.9669
G01 X70.9878Y27.9721
G01 X70.8665Y27.9904
G01 X70.8274Y27.9942
G01 X70.7196Y27.9995
G01 X70.6951Y27.9999
G01 X70.5726Y27.9942
G01 X70.5335Y27.9904
G01 X70.4267Y27.9745
G01 X70.4026Y27.9702
G01 X70.2835Y27.9406
G01 X70.2459Y27.9293
G01 X70.1443Y27.8929
G01 X70.1215Y27.8839
G01 X70.0060Y27.8296
G01 X69.9758Y27.8132
G01 X69.8832Y27.7577
G01 X69.8506Y27.7359
G01 X69.7639Y27.6716
G01 X69.7447Y27.6564
G01 X69.6536Y27.5742
G01 X69.6258Y27.5464
G01 X69.5533Y27.4665
G01 X69.5374Y27.4478
G01 X69.4612Y27.3454
G01 X69.4501Y27.3292
G01 X69.4300Y27.2963
G01 X69.4099Y27.3292
G01 X69.3988Y27.3454
G01 X69.3226Y27.4478
G01 X69.3067Y27.4665
G01 X69.2241Y27.5571
G01 X69.2064Y27.5742
G01 X69.1265Y27.6467
G01 X69.1078Y27.6626
G01 X69.0094Y27.7359
G01 X68.9809Y27.7551
G01 X68.8842Y27.8132
G01 X68.8496Y27.8317
G01 X68.7520Y27.8779
G01 X68.7295Y27.8876
G01 X68.6141Y27.9293
G01 X68.5765Y27.9406
G01 X68.4574Y27.9702
G01 X68.4333Y27.9745
G01 X68.3265Y27.9904
G01 X68.3021Y27.9932
G01 X68.1649Y27.9999
G01 X68.1404Y27.9995
G01 X68.0326Y27.9942
G01 X67.9935Y27.9904
G01 X67.8722Y27.9721
G01 X67.8482Y27.9669
G01 X67.7435Y27.9406
G01 X67.7059Y27.9293
G01 X67.6043Y27.8929
G01 X67.5815Y27.8839
G01 X67.4660Y27.8296
G01 X67.4358Y27.8132
G01 X67.3432Y27.7577
G01 X67.3106Y27.7359
G01 X67.2239Y27.6716
G01 X67.2047Y27.6564
G01 X67.1136Y27.5742
G01 X67.0858Y27.5464
G01 X67.0133Y27.4665
G01 X66.9974Y27.4478
G01 X66.9212Y27.3454
G01 X66.9101Y27.3292
G01 X66.8900Y27.2963
G01 X66.8699Y27.3292
G01 X66.8588Y27.3454
G01 X66.7826Y27.4478
G01 X66.7667Y27.4665
G01 X66.6841Y27.5572
G01 X66.6664Y27.5742
G01 X66.5753Y27.6564
G01 X66.5561Y27.6716
G01 X66.4574Y27.7444
G01 X66.4368Y27.7577
G01 X66.3314Y27.8205
G01 X66.3096Y27.8317
G01 X66.2120Y27.8779
G01 X66.1895Y27.8876
G01 X66.0741Y27.9293
G01 X66.0507Y27.9368
G01 X65.9318Y27.9669
G01 X65.9078Y27.9721
G01 X65.7719Y27.9922
G01 X65.7474Y27.9942
G01 X65.6396Y27.9995
G01 X65.6004Y27.9995
G01 X65.4926Y27.9942
G01 X65.4681Y27.9922
G01 X65.3322Y27.9721
G01 X65.3082Y27.9669
G01 X65.2035Y27.9406
G01 X65.1659Y27.9293
G01 X65.0643Y27.8929
G01 X65.0415Y27.8839
G01 X64.9173Y27.8251
G01 X64.8958Y27.8132
G01 X64.8032Y27.7577
G01 X64.7706Y27.7359
G01 X64.6839Y27.6716
G01 X64.6647Y27.6564
G01 X64.5629Y27.5641
G01 X64.5458Y27.5464
G01 X64.4701Y27.4628
G01 X64.4484Y27.4361
G01 X64.3812Y27.3454
G01 X64.3701Y27.3292
G01 X64.3500Y27.2963
G01 X64.3299Y27.3292
G01 X64.3188Y27.3454
G01 X64.2426Y27.4478
G01 X64.2267Y27.4665
G01 X64.1542Y27.5464
G01 X64.1264Y27.5742
G01 X64.0353Y27.6564
G01 X64.0161Y27.6716
G01 X63.9294Y27.7359
G01 X63.8968Y27.7577
G01 X63.8042Y27.8132
G01 X63.7740Y27.8296
G01 X63.6585Y27.8839
G01 X63.6357Y27.8929
G01 X63.5341Y27.9293
G01 X63.4965Y27.9406
G01 X63.3918Y27.9669
G01 X63.3678Y27.9721
G01 X63.2319Y27.9922
G01 X63.2074Y27.9942
G01 X63.0996Y27.9995
G01 X63.0604Y27.9995
G01 X62.9526Y27.9942
G01 X62.9281Y27.9922
G01 X62.8067Y27.9745
G01 X62.7826Y27.9702
G01 X62.6635Y27.9406
G01 X62.6259Y27.9293
G01 X62.5105Y27.8876
G01 X62.4880Y27.8779
G01 X62.3904Y27.8317
G01 X62.3558Y27.8132
G01 X62.2591Y27.7551
G01 X62.2306Y27.7359
G01 X62.1322Y27.6626
G01 X62.1135Y27.6467
G01 X62.0336Y27.5742
G01 X62.0159Y27.5571
G01 X61.9333Y27.4665
G01 X61.9174Y27.4478
G01 X61.8412Y27.3454
G01 X61.8301Y27.3292
G01 X61.8100Y27.2963
G01 X61.7899Y27.3292
G01 X61.7788Y27.3454
G01 X61.7026Y27.4478
G01 X61.6867Y27.4665
G01 X61.6142Y27.5464
G01 X61.5864Y27.5742
G01 X61.4953Y27.6564
G01 X61.4761Y27.6716
G01 X61.3894Y27.7359
G01 X61.3568Y27.7577
G01 X61.2642Y27.8132
G01 X61.2340Y27.8296
G01 X61.1185Y27.8839
G01 X61.0957Y27.8929
G01 X60.9941Y27.9293
G01 X60.9565Y27.9406
G01 X60.8374Y27.9702
G01 X60.8133Y27.9745
G01 X60.7065Y27.9904
G01 X60.6674Y27.9942
G01 X60.5596Y27.9995
G01 X60.5351Y27.9999
G01 X60.4126Y27.9942
G01 X60.3735Y27.9904
G01 X60.2522Y27.9721
G01 X60.2282Y27.9669
G01 X60.1235Y27.9406
G01 X60.0906Y27.9308
G01 X59.9843Y27.8929
G01 X59.9480Y27.8779
G01 X59.8504Y27.8317
G01 X59.8286Y27.8205
G01 X59.7232Y27.7577
G01 X59.6906Y27.7359
G01 X59.5922Y27.6626
G01 X59.5735Y27.6467
G01 X59.4936Y27.5742
G01 X59.4759Y27.5571
G01 X59.3933Y27.4665
G01 X59.3774Y27.4478
G01 X59.3012Y27.3454
G01 X59.2901Y27.3292
G01 X59.2700Y27.2963
G01 X59.2499Y27.3292
G01 X59.2388Y27.3454
G01 X59.1626Y27.4478
G01 X59.1467Y27.4665
G01 X59.0742Y27.5464
G01 X59.0500Y27.5709
G01 X58.9553Y27.6564
G01 X58.9361Y27.6716
G01 X58.8494Y27.7359
G01 X58.8168Y27.7577
G01 X58.7114Y27.8205
G01 X58.6896Y27.8317
G01 X58.5920Y27.8779
G01 X58.5557Y27.8929
G01 X58.4401Y27.9339
G01 X58.4165Y27.9406
G01 X58.3118Y27.9669
G01 X58.2733Y27.9745
G01 X58.1665Y27.9904
G01 X58.1421Y27.9932
G01 X58.0196Y27.9995
G01 X57.9804Y27.9995
G01 X57.8726Y27.9942
G01 X57.8481Y27.9922
G01 X57.7267Y27.9745
G01 X57.7026Y27.9702
G01 X57.5835Y27.9406
G01 X57.5599Y27.9339
G01 X57.4443Y27.8929
G01 X57.4215Y27.8839
G01 X57.3104Y27.8317
G01 X57.2886Y27.8205
G01 X57.1832Y27.7577
G01 X57.1626Y27.7444
G01 X57.0639Y27.6716
G01 X57.0447Y27.6564
G01 X56.9536Y27.5742
G01 X56.9359Y27.5571
G01 X56.8533Y27.4665
G01 X56.8374Y27.4478
G01 X56.7641Y27.3494
G01 X56.7501Y27.3292
G01 X56.6795Y27.2114
G01 X56.6683Y27.1896
G01 X56.6161Y27.0785
G01 X56.6071Y27.0557
G01 X56.5661Y26.9401
G01 X56.5594Y26.9165
G01 X56.5298Y26.7974
G01 X56.5255Y26.7733
G01 X56.5078Y26.6519
G01 X56.5058Y26.6274
G01 X56.5001Y26.5098
G00 Z20.0000
G00 X56.6156Y27.0773
G01 Z20.0000
G01 X55.3979Y29.6519
G01 X53.8107Y32.3000
G01 X54.2765Y32.3000
G01 X55.7506Y29.8405
G01 X56.8666Y27.4811
G00 Z20.0000
G00 X57.1789Y27.7551
G01 Z20.0000
G01 X56.1034Y30.0291
G01 X54.7422Y32.3000
G01 X55.2080Y32.3000
G01 X56.4562Y30.2176
G01 X57.5396Y27.9270
G00 Z20.0000
G00 X57.9480Y27.9979
G01 Z20.0000
G01 X56.8089Y30.4062
G01 X55.6738Y32.3000
G01 X56.1396Y32.3000
G01 X57.1617Y30.5947
G01 X58.4171Y27.9405
G00 Z20.0000
G00 X59.0017Y27.6148
G01 Z20.0000
G01 X58.9662Y27.7138
G01 X57.5145Y30.7833
G01 X56.6054Y32.3000
G01 X57.0712Y32.3000
G01 X57.8672Y30.9718
G01 X59.3358Y27.8669
G01 X59.4548Y27.5343
G00 Z20.0000
G00 X59.7858Y27.7952
G01 Z20.0000
G01 X59.7053Y28.0200
G01 X58.2200Y31.1604
G01 X57.5370Y32.3000
G01 X58.0028Y32.3000
G01 X58.5728Y31.3490
G01 X60.0749Y28.1730
G01 X60.1552Y27.9486
G00 Z20.0000
G00 X60.5613Y27.9994
G01 Z20.0000
G01 X60.4444Y28.3261
G01 X58.9256Y31.5375
G01 X58.4685Y32.3000
G01 X58.9343Y32.3000
G01 X59.2783Y31.7261
G01 X60.8140Y28.4792
G01 X61.0132Y27.9224
G00 Z20.0000
G00 X61.5504Y27.6068
G01 Z20.0000
G01 X61.1835Y28.6322
G01 X59.6311Y31.9146
G01 X59.4001Y32.3000
G01 X59.8659Y32.3000
G01 X59.9839Y32.1032
G01 X61.5531Y28.7853
G01 X61.9990Y27.5390
G00 Z20.0000
G00 X62.3306Y27.7981
G01 Z20.0000
G01 X61.9226Y28.9384
G01 X60.3366Y32.2918
G01 X60.3317Y32.3000
G01 X60.7747Y32.3000
G01 X62.2922Y29.0915
G01 X62.7006Y27.9500
G00 Z20.0000
G00 X63.1074Y27.9991
G01 Z20.0000
G01 X62.6618Y29.2445
G01 X61.2166Y32.3000
G01 X61.6586Y32.3000
G01 X63.0313Y29.3976
G01 X63.5600Y27.9200
G00 Z20.0000
G00 X64.0992Y27.5989
G01 Z20.0000
G01 X63.4009Y29.5507
G01 X62.1005Y32.3000
G01 X62.5425Y32.3000
G01 X63.7704Y29.7038
G01 X64.5433Y27.5437
G00 Z20.0000
G00 X64.8755Y27.8010
G01 Z20.0000
G01 X64.1400Y29.8568
G01 X62.9844Y32.3000
G01 X63.4264Y32.3000
G01 X64.5095Y30.0099
G01 X65.2461Y27.9513
G00 Z20.0000
G00 X65.6534Y27.9988
G01 Z20.0000
G01 X64.8791Y30.1630
G01 X63.8683Y32.3000
G01 X64.3103Y32.3000
G01 X65.2486Y30.3161
G01 X66.1068Y27.9175
G00 Z20.0000
G00 X66.6480Y27.5909
G01 Z20.0000
G01 X65.6182Y30.4691
G01 X64.7522Y32.3000
G01 X65.1942Y32.3000
G01 X65.9877Y30.6222
G01 X67.0876Y27.5483
G00 Z20.0000
G00 X67.4204Y27.8040
G01 Z20.0000
G01 X66.3573Y30.7753
G01 X65.6361Y32.3000
G01 X66.0781Y32.3000
G01 X66.7268Y30.9283
G01 X67.7915Y27.9527
G00 Z20.0000
G00 X68.1994Y27.9985
G01 Z20.0000
G01 X67.0964Y31.0814
G01 X66.5200Y32.3000
G01 X66.9620Y32.3000
G01 X67.4659Y31.2345
G01 X68.6536Y27.9151
G00 Z20.0000
G00 X69.1968Y27.5829
G01 Z20.0000
G01 X67.8355Y31.3876
G01 X67.4039Y32.3000
G01 X67.8459Y32.3000
G01 X68.2050Y31.5406
G01 X69.6319Y27.5529
G00 Z20.0000
G00 X69.9653Y27.8069
G01 Z20.0000
G01 X68.5746Y31.6937
G01 X68.2878Y32.3000
G01 X68.7298Y32.3000
G01 X68.9441Y31.8468
G01 X70.3370Y27.9540
G00 Z20.0000
G00 X70.7455Y27.9982
G01 Z20.0000
G01 X69.3137Y31.9999
G01 X69.1717Y32.3000
G01 X69.6137Y32.3000
G01 X69.6832Y32.1529
G01 X71.2004Y27.9127
G00 Z20.0000
G00 X71.6865Y27.6285
G01 Z20.0000
G01 X71.5934Y28.0002
G01 X70.0549Y32.3000
G01 X70.4793Y32.3000
G01 X71.9762Y28.1163
G01 X72.1291Y27.5059
G00 Z20.0000
G00 X72.4708Y27.7862
G01 Z20.0000
G01 X72.3590Y28.2325
G01 X70.9036Y32.3000
G01 X71.3279Y32.3000
G01 X72.7417Y28.3486
G01 X72.8427Y27.9455
G00 Z20.0000
G00 X73.2409Y27.9999
G01 Z20.0000
G01 X73.1245Y28.4647
G01 X71.7522Y32.3000
G01 X72.1765Y32.3000
G01 X73.5073Y28.5808
G01 X73.6685Y27.9374
G00 Z20.0000
G00 X74.1402Y27.6982
G01 Z20.0000
G01 X73.8901Y28.6969
G01 X72.6009Y32.3000
G01 X73.0252Y32.3000
G01 X74.2729Y28.8130
G01 X74.6155Y27.4453
G00 Z20.0000
G00 X74.9510Y27.7500
G01 Z20.0000
G01 X74.6556Y28.9291
G01 X73.4495Y32.3000
G01 X73.8738Y32.3000
G01 X75.0384Y29.0453
G01 X75.3186Y27.9266
G00 Z20.0000
G00 X75.7128Y27.9972
G01 Z20.0000
G01 X75.4212Y29.1614
G01 X74.2982Y32.3000
G01 X74.7225Y32.3000
G01 X75.8040Y29.2775
G01 X76.1350Y27.9561
G00 Z20.0000
G00 X76.5965Y27.7579
G01 Z20.0000
G01 X76.1867Y29.3936
G01 X75.1468Y32.3000
G01 X75.5711Y32.3000
G01 X76.5695Y29.5097
G01 X77.1039Y27.3762
G00 Z20.0000
G00 X77.4327Y27.7078
G01 Z20.0000
G01 X76.9523Y29.6258
G01 X75.9954Y32.3000
G01 X76.4198Y32.3000
G01 X77.3351Y29.7419
G01 X77.7954Y27.9040
G00 Z20.0000
G00 X78.1848Y27.9937
G01 Z20.0000
G01 X77.7178Y29.8580
G01 X76.8441Y32.3000
G01 X77.2684Y32.3000
G01 X78.1006Y29.9742
G01 X78.6019Y27.9731
G00 Z20.0000
G00 X79.0555Y27.8064
G01 Z20.0000
G01 X78.4834Y30.0903
G01 X77.6927Y32.3000
G01 X78.1171Y32.3000
G01 X78.8662Y30.2064
G01 X79.5936Y27.3023
G00 Z20.0000
G00 X79.9147Y27.6645
G01 Z20.0000
G01 X79.2489Y30.3225
G01 X78.5414Y32.3000
G01 X78.9657Y32.3000
G01 X79.6317Y30.4386
G01 X80.2726Y27.8800
G00 Z20.0000
G00 X80.6581Y27.9851
G01 Z20.0000
G01 X80.0145Y30.5547
G01 X79.3900Y32.3000
G01 X79.8144Y32.3000
G01 X80.3973Y30.6708
G01 X81.0703Y27.9839
G00 Z20.0000
G00 X81.5164Y27.8474
G01 Z20.0000
G01 X80.7800Y30.7870
G01 X80.2387Y32.3000
G01 X80.6630Y32.3000
G01 X81.1628Y30.9031
G01 X82.0311Y27.4368
G00 Z20.0000
G00 X82.3984Y27.6148
G01 Z20.0000
G01 X81.5456Y31.0192
G01 X81.0873Y32.3000
G01 X81.5116Y32.3000
G01 X81.9284Y31.1353
G01 X82.7511Y27.8509
G00 Z20.0000
G00 X83.1318Y27.9753
G01 Z20.0000
G01 X82.3112Y31.2514
G01 X81.9360Y32.3000
G01 X82.3603Y32.3000
G01 X82.6939Y31.3675
G01 X83.5391Y27.9934
G00 Z20.0000
G00 X83.9784Y27.8840
G01 Z20.0000
G01 X83.0767Y31.4836
G01 X82.7846Y32.3000
G01 X83.2089Y32.3000
G01 X83.4595Y31.5998
G01 X84.4750Y27.5455
G01 X84.8824Y27.5636
G01 X83.8423Y31.7159
G01 X83.6333Y32.3000
G01 X84.0576Y32.3000
G01 X84.2250Y31.8320
G01 X85.2297Y27.8211
G00 Z20.0000
G00 X85.6064Y27.9614
G01 Z20.0000
G01 X84.6078Y31.9481
G01 X84.4819Y32.3000
G01 X84.9062Y32.3000
G01 X84.9906Y32.0642
G01 X86.0093Y27.9971
G00 Z20.0000
G00 X86.4425Y27.9119
G01 Z20.0000
G01 X85.3734Y32.1803
G01 X85.3305Y32.3000
G01 X85.7549Y32.3000
G01 X86.9251Y27.6298
G01 X87.3682Y27.5050
G01 X86.1671Y32.3000
G01 X86.5790Y32.3000
G01 X87.7098Y27.7856
G00 Z20.0000
G00 X88.0817Y27.9452
G01 Z20.0000
G01 X86.9908Y32.3000
G01 X87.4027Y32.3000
G01 X88.4798Y27.9999
G00 Z20.0000
G00 X88.9072Y27.9377
G01 Z20.0000
G01 X87.8146Y32.3000
G01 X88.2264Y32.3000
G01 X89.3788Y27.6992
G01 X89.8546Y27.4441
G01 X88.6383Y32.3000
G01 X89.0501Y32.3000
G01 X90.1900Y27.7494
G00 Z20.0000
G00 X90.5576Y27.9263
G01 Z20.0000
G01 X89.4620Y32.3000
G01 X89.8739Y32.3000
G01 X90.9517Y27.9971
G00 Z20.0000
G00 X91.3737Y27.9564
G01 Z20.0000
G01 X90.2857Y32.3000
G01 X90.6976Y32.3000
G01 X91.8351Y27.7587
G00 Z20.0000
G00 X92.3657Y27.1600
G01 Z20.0000
G01 X92.3203Y27.4660
G01 X91.1094Y32.3000
G01 X91.5213Y32.3000
G01 X92.7126Y27.5440
G01 X93.6774Y21.0401
G01 X93.7323Y19.9213
G00 Z20.0000
G00 X94.1158Y20.2573
G01 Z20.0000
G01 X94.0755Y21.0793
G01 X93.1049Y27.6220
G01 X91.9332Y32.3000
G01 X92.3450Y32.3000
G01 X93.4972Y27.7001
G01 X93.5606Y27.2732
G00 Z20.0000
G00 X93.8989Y27.7153
G01 Z20.0000
G01 X93.8896Y27.7781
G01 X92.7569Y32.3000
G01 X93.1687Y32.3000
G01 X94.2574Y27.9539
G00 Z20.0000
G00 X94.6386Y28.0763
G01 Z20.0000
G01 X93.5806Y32.3000
G01 X93.9925Y32.3000
G01 X95.0463Y28.0928
G00 Z20.0000
G00 X95.4743Y27.9856
G01 Z20.0000
G01 X95.4588Y28.0903
G01 X94.4043Y32.3000
G01 X94.8162Y32.3000
G01 X95.8511Y28.1683
G01 X95.9210Y27.6973
G00 Z20.0000
G00 X96.1956Y25.8464
G01 Z20.0000
G01 X96.8620Y21.3538
G01 X97.2000Y14.4730
G01 X96.8620Y7.5922
G01 X95.8511Y0.7776
G01 X94.8047Y-3.4000
G01 X95.2165Y-3.4000
G01 X96.2434Y0.6996
G01 X97.2600Y7.5529
G01 X97.6000Y14.4730
G01 X97.5091Y16.3229
G00 Z20.0000
G00 X97.9263Y15.9730
G01 Z20.0000
G01 X98.0000Y14.4730
G01 X97.6581Y7.5137
G01 X96.6358Y0.6215
G01 X95.6284Y-3.4000
G01 X96.0403Y-3.4000
G01 X97.0281Y0.5435
G01 X98.0562Y7.4745
G01 X98.4000Y14.4730
G01 X98.3335Y15.8257
G00 Z20.0000
G00 X98.7345Y15.8065
G01 Z20.0000
G01 X98.8000Y14.4730
G01 X98.4543Y7.4353
G01 X97.4204Y0.4655
G01 X96.4521Y-3.4000
G01 X96.8640Y-3.4000
G01 X97.8127Y0.3874
G01 X98.8523Y7.3961
G01 X99.2000Y14.4730
G01 X99.1297Y15.9042
G00 Z20.0000
G00 X99.5179Y16.1441
G01 Z20.0000
G01 X99.6000Y14.4730
G01 X99.2504Y7.3569
G01 X98.2050Y0.3094
G01 X97.2759Y-3.4000
G01 X97.6877Y-3.4000
G01 X98.5973Y0.2314
G01 X99.6485Y7.3177
G01 X99.9331Y13.1114
G00 Z20.0000
G00 X100.3043Y12.5251
G01 Z20.0000
G01 X100.0466Y7.2785
G01 X98.9896Y0.1533
G01 X98.0996Y-3.4000
G01 X98.5114Y-3.4000
G01 X99.3820Y0.0753
G01 X100.4446Y7.2393
G01 X100.6910Y12.2538
G00 Z20.0000
G00 X101.0846Y12.1243
G01 Z20.0000
G01 X100.8427Y7.2001
G01 X100.2701Y3.3402
G00 Z20.0000
G00 X100.7216Y3.6606
G01 Z20.0000
G01 X101.2408Y7.1609
G01 X101.4834Y12.1000
G01 X101.8834Y12.1000
G01 X101.6389Y7.1217
G01 X101.1438Y3.7845
G00 Z20.0000
G00 X101.5500Y3.8000
G01 Z20.0000
G01 X102.0369Y7.0825
G01 X102.2834Y12.1000
G00 Z20.0000
G00 X102.6835Y12.1012
G01 Z20.0000
G01 X102.4350Y7.0433
G01 X101.9539Y3.8000
G01 X102.3578Y3.8000
G01 X102.8331Y7.0041
G01 X103.0866Y12.1650
G00 Z20.0000
G00 X103.4963Y12.3618
G01 Z20.0000
G01 X103.2312Y6.9648
G01 X102.7610Y3.7950
G00 Z20.0000
G00 X103.1525Y3.7119
G01 Z20.0000
G01 X103.6292Y6.9256
G01 X103.9178Y12.8001
G00 Z20.0000
G00 X104.1495Y13.5804
G01 Z20.0000
G01 X104.1495Y13.6196
G01 X104.1432Y13.7421
G01 X104.1404Y13.7665
G01 X104.1221Y13.8878
G01 X104.1169Y13.9118
G01 X104.0868Y14.0307
G01 X104.0793Y14.0541
G01 X104.0376Y14.1695
G01 X104.0279Y14.1920
G01 X103.9751Y14.3027
G01 X103.9632Y14.3242
G01 X103.8999Y14.4292
G01 X103.8859Y14.4494
G01 X103.8126Y14.5478
G01 X103.7967Y14.5665
G01 X103.7141Y14.6571
G01 X103.6964Y14.6742
G01 X103.6053Y14.7564
G01 X103.5861Y14.7716
G01 X103.4874Y14.8444
G01 X103.4668Y14.8577
G01 X103.3614Y14.9205
G01 X103.3396Y14.9317
G01 X103.2285Y14.9839
G01 X103.2057Y14.9929
G01 X103.0901Y15.0339
G01 X103.0665Y15.0406
G01 X102.9474Y15.0702
G01 X102.9233Y15.0745
G01 X102.8019Y15.0922
G01 X102.7774Y15.0942
G01 X102.6500Y15.1000
G01 X101.3500Y15.1000
G01 X101.2079Y15.0932
G01 X101.1835Y15.0904
G01 X101.0622Y15.0721
G01 X101.0382Y15.0669
G01 X100.9193Y15.0368
G01 X100.8959Y15.0293
G01 X100.7805Y14.9876
G01 X100.7580Y14.9779
G01 X100.6473Y14.9251
G01 X100.6258Y14.9132
G01 X100.5332Y14.8577
G01 X100.5006Y14.8359
G01 X100.4139Y14.7716
G01 X100.3947Y14.7564
G01 X100.3036Y14.6742
G01 X100.2758Y14.6464
G01 X100.2033Y14.5665
G01 X100.1874Y14.5478
G01 X100.1141Y14.4494
G01 X100.0923Y14.4168
G01 X100.0368Y14.3242
G01 X100.0249Y14.3027
G01 X99.9721Y14.1920
G01 X99.9571Y14.1557
G01 X99.9207Y14.0541
G01 X99.9132Y14.0307
G01 X99.8831Y13.9118
G01 X99.8755Y13.8733
G01 X99.8596Y13.7665
G01 X99.8568Y13.7421
G01 X99.8501Y13.6049
G01 X99.8505Y13.5804
G01 X99.8568Y13.4579
G01 X99.8596Y13.4335
G01 X99.8779Y13.3122
G01 X99.8831Y13.2882
G01 X99.9132Y13.1693
G01 X99.9207Y13.1459
G01 X99.9624Y13.0305
G01 X99.9721Y13.0080
G01 X100.0249Y12.8973
G01 X100.0368Y12.8758
G01 X100.1001Y12.7708
G01 X100.1141Y12.7506
G01 X100.1874Y12.6522
G01 X100.2033Y12.6335
G01 X100.2859Y12.5429
G01 X100.3036Y12.5258
G01 X100.3947Y12.4436
G01 X100.4139Y12.4284
G01 X100.5126Y12.3556
G01 X100.5332Y12.3423
G01 X100.6386Y12.2795
G01 X100.6604Y12.2683
G01 X100.7715Y12.2161
G01 X100.7943Y12.2071
G01 X100.9099Y12.1661
G01 X100.9335Y12.1594
G01 X101.0526Y12.1298
G01 X101.0767Y12.1255
G01 X101.1981Y12.1078
G01 X101.2226Y12.1058
G01 X101.3500Y12.1000
G01 X102.6500Y12.1000
G01 X102.7921Y12.1068
G01 X102.8165Y12.1096
G01 X102.9378Y12.1279
G01 X102.9618Y12.1331
G01 X103.0807Y12.1632
G01 X103.1041Y12.1707
G01 X103.2195Y12.2124
G01 X103.2420Y12.2221
G01 X103.3527Y12.2749
G01 X103.3742Y12.2868
G01 X103.4668Y12.3423
G01 X103.4994Y12.3641
G01 X103.5861Y12.4284
G01 X103.6053Y12.4436
G01 X103.6964Y12.5258
G01 X103.7242Y12.5536
G01 X103.7967Y12.6335
G01 X103.8126Y12.6522
G01 X103.8859Y12.7506
G01 X103.9077Y12.7832
G01 X103.9632Y12.8758
G01 X103.9751Y12.8973
G01 X104.0279Y13.0080
G01 X104.0429Y13.0443
G01 X104.0793Y13.1459
G01 X104.0868Y13.1693
G01 X104.1169Y13.2882
G01 X104.1245Y13.3267
G01 X104.1422Y13.4481
G01 X104.1442Y13.4726
G01 X104.1495Y13.5804
G00 Z20.0000
G00 X103.9901Y14.2718
G01 Z20.0000
G01 X104.0000Y14.4730
G01 X103.6923Y20.7369
G00 Z20.0000
G00 X104.1012Y20.5549
G01 Z20.0000
G01 X104.4000Y14.4730
G01 X104.0273Y6.8864
G01 X103.5272Y3.5153
G00 Z20.0000
G00 X103.8784Y3.1596
G01 Z20.0000
G01 X104.4254Y6.8472
G01 X104.8000Y14.4730
G01 X104.5039Y20.5001
G00 Z20.0000
G00 X104.9012Y20.5555
G01 Z20.0000
G01 X105.2000Y14.4730
G01 X104.8234Y6.8080
G01 X104.1484Y2.2570
G01 X104.1495Y2.2804
G01 X104.1499Y2.2951
G01 X104.1497Y2.3147
G01 X104.1432Y2.4421
G01 X104.1404Y2.4665
G01 X104.1221Y2.5878
G01 X104.1169Y2.6118
G01 X104.0868Y2.7307
G01 X104.0793Y2.7541
G01 X104.0376Y2.8695
G01 X104.0279Y2.8920
G01 X103.9751Y3.0027
G01 X103.9632Y3.0242
G01 X103.8999Y3.1292
G01 X103.8859Y3.1494
G01 X103.8126Y3.2478
G01 X103.7967Y3.2665
G01 X103.7141Y3.3571
G01 X103.6964Y3.3742
G01 X103.6053Y3.4564
G01 X103.5861Y3.4716
G01 X103.4874Y3.5444
G01 X103.4668Y3.5577
G01 X103.3614Y3.6205
G01 X103.3396Y3.6317
G01 X103.2285Y3.6839
G01 X103.2057Y3.6929
G01 X103.0901Y3.7339
G01 X103.0665Y3.7406
G01 X102.9474Y3.7702
G01 X102.9233Y3.7745
G01 X102.8019Y3.7922
G01 X102.7774Y3.7942
G01 X102.6525Y3.8000
G01 X101.3500Y3.8000
G01 X101.2079Y3.7932
G01 X101.1835Y3.7904
G01 X101.0622Y3.7721
G01 X101.0382Y3.7669
G01 X100.9193Y3.7368
G01 X100.8959Y3.7293
G01 X100.7805Y3.6876
G01 X100.7580Y3.6779
G01 X100.6473Y3.6251
G01 X100.6258Y3.6132
G01 X100.5332Y3.5577
G01 X100.5006Y3.5359
G01 X100.4022Y3.4626
G01 X100.3835Y3.4467
G01 X100.3036Y3.3742
G01 X100.2758Y3.3464
G01 X100.2033Y3.2665
G01 X100.1874Y3.2478
G01 X100.1141Y3.1494
G01 X100.0923Y3.1168
G01 X100.0295Y3.0114
G01 X100.0183Y2.9896
G01 X99.9721Y2.8920
G01 X99.9571Y2.8557
G01 X99.9207Y2.7541
G01 X99.9132Y2.7307
G01 X99.8831Y2.6118
G01 X99.8755Y2.5733
G01 X99.8596Y2.4665
G01 X99.8568Y2.4421
G01 X99.8501Y2.3049
G01 X99.8505Y2.2804
G01 X99.8568Y2.1579
G01 X99.8596Y2.1335
G01 X99.8779Y2.0122
G01 X99.8831Y1.9882
G01 X99.9132Y1.8693
G01 X99.9207Y1.8459
G01 X99.9624Y1.7305
G01 X99.9721Y1.7080
G01 X100.0249Y1.5973
G01 X100.0368Y1.5758
G01 X100.1001Y1.4708
G01 X100.1141Y1.4506
G01 X100.1874Y1.3522
G01 X100.2033Y1.3335
G01 X100.2859Y1.2429
G01 X100.3036Y1.2258
G01 X100.3947Y1.1436
G01 X100.4139Y1.1284
G01 X100.5126Y1.0556
G01 X100.5332Y1.0423
G01 X100.6386Y0.9795
G01 X100.6604Y0.9683
G01 X100.7715Y0.9161
G01 X100.7943Y0.9071
G01 X100.9099Y0.8661
G01 X100.9335Y0.8594
G01 X101.0526Y0.8298
G01 X101.0767Y0.8255
G01 X101.1981Y0.8078
G01 X101.2226Y0.8058
G01 X101.3500Y0.8000
G01 X102.6500Y0.8000
G01 X102.7921Y0.8068
G01 X102.8165Y0.8096
G01 X102.9378Y0.8279
G01 X102.9618Y0.8331
G01 X103.0807Y0.8632
G01 X103.1041Y0.8707
G01 X103.2195Y0.9124
G01 X103.2420Y0.9221
G01 X103.3527Y0.9749
G01 X103.3742Y0.9868
G01 X103.4668Y1.0423
G01 X103.4994Y1.0641
G01 X103.5978Y1.1374
G01 X103.6165Y1.1533
G01 X103.6964Y1.2258
G01 X103.7242Y1.2536
G01 X103.7967Y1.3335
G01 X103.8126Y1.3522
G01 X103.8859Y1.4506
G01 X103.9077Y1.4832
G01 X103.9705Y1.5886
G01 X103.9817Y1.6104
G01 X104.0279Y1.7080
G01 X104.0429Y1.7443
G01 X104.0793Y1.8459
G01 X104.0868Y1.8693
G01 X104.1169Y1.9882
G01 X104.1245Y2.0267
G01 X104.1422Y2.1481
G01 X104.1442Y2.1726
G01 X104.1495Y2.2804
G00 Z20.0000
G00 X104.0963Y1.9062
G01 Z20.0000
G01 X103.6974Y-0.7831
G01 X103.0419Y-3.4000
G01 X102.6301Y-3.4000
G01 X103.3051Y-0.7051
G01 X103.5759Y1.1209
G00 Z20.0000
G00 X103.1367Y0.8824
G01 Z20.0000
G01 X102.9128Y-0.6270
G01 X102.2182Y-3.4000
G01 X101.8063Y-3.4000
G01 X102.5205Y-0.5490
G01 X102.7210Y0.8030
G00 Z20.0000
G00 X102.3167Y0.8000
G01 Z20.0000
G01 X102.1282Y-0.4710
G01 X101.3945Y-3.4000
G01 X100.9826Y-3.4000
G01 X101.7358Y-0.3929
G01 X101.9128Y0.8000
G01 X101.5089Y0.8000
G01 X101.3435Y-0.3149
G01 X100.5707Y-3.4000
G01 X100.1589Y-3.4000
G01 X100.9512Y-0.2369
G01 X101.1081Y0.8208
G00 Z20.0000
G00 X100.7218Y0.9393
G01 Z20.0000
G01 X100.5589Y-0.1588
G01 X99.7470Y-3.4000
G01 X99.3352Y-3.4000
G01 X100.1666Y-0.0808
G01 X100.3537Y1.1804
G00 Z20.0000
G00 X100.0147Y1.6181
G01 Z20.0000
G01 X99.7743Y-0.0027
G01 X98.9233Y-3.4000
G00 Z20.0000
G00 X103.4538Y-3.4000
G01 Z20.0000
G01 X104.0897Y-0.8611
G01 X105.2215Y6.7688
G01 X105.6000Y14.4730
G01 X105.2927Y20.7279
G00 Z20.0000
G00 X105.6759Y21.0697
G01 Z20.0000
G01 X106.0000Y14.4730
G01 X105.6196Y6.7296
G01 X104.4820Y-0.9392
G01 X103.8656Y-3.4000
G01 X104.2775Y-3.4000
G01 X104.8744Y-1.0172
G01 X106.0177Y6.6904
G01 X106.4000Y14.4730
G01 X106.0871Y20.8416
G00 Z20.0000
G00 X106.4989Y20.6019
G01 Z20.0000
G01 X106.8000Y14.4730
G01 X106.4157Y6.6512
G01 X105.2667Y-1.0952
G01 X104.6894Y-3.4000
G01 X105.1012Y-3.4000
G01 X105.6590Y-1.1733
G01 X106.8138Y6.6120
G01 X107.2000Y14.4730
G01 X106.9036Y20.5064
G00 Z20.0000
G00 X107.3027Y20.5239
G01 Z20.0000
G01 X107.6000Y14.4730
G01 X107.2119Y6.5728
G01 X106.0513Y-1.2513
G01 X105.5131Y-3.4000
G01 X105.9249Y-3.4000
G01 X106.4436Y-1.3294
G01 X107.6100Y6.5336
G01 X108.0000Y14.4730
G01 X107.6964Y20.6526
G00 Z20.0000
G00 X108.0831Y20.9228
G01 Z20.0000
G01 X108.4000Y14.4730
G01 X108.2452Y11.3214
G00 Z20.0000
G00 X108.6661Y11.7467
G01 Z20.0000
G01 X108.8000Y14.4730
G01 X108.4802Y20.9818
G00 Z20.0000
G00 X108.8958Y20.6658
G01 Z20.0000
G01 X109.2000Y14.4730
G01 X109.0755Y11.9385
G00 Z20.0000
G00 X109.4785Y11.9994
G01 Z20.0000
G01 X109.6000Y14.4730
G01 X109.3026Y20.5261
G00 Z20.0000
G00 X109.7036Y20.5056
G01 Z20.0000
G01 X110.0000Y14.4730
G01 X109.8761Y11.9508
G00 Z20.0000
G00 X110.2680Y11.7869
G01 Z20.0000
G01 X110.4000Y14.4730
G01 X110.0993Y20.5941
G00 Z20.0000
G00 X110.4888Y20.8081
G01 Z20.0000
G01 X110.8000Y14.4730
G01 X110.6520Y11.4604
G00 Z20.0000
G00 X110.5523Y9.4313
G01 Z20.0000
G01 X110.5353Y9.0843
G00 Z20.0000
G00 X110.9073Y8.5154
G01 Z20.0000
G01 X111.2000Y14.4730
G01 X110.8679Y21.2336
G00 Z20.0000
G00 X110.7663Y22.9162
G01 Z20.0000
G01 X109.5821Y30.8996
G01 X109.2313Y32.3000
G01 X109.6432Y32.3000
G01 X109.9744Y30.9776
G01 X111.1926Y22.7652
G01 X111.6000Y14.4730
G01 X111.1926Y6.1807
G01 X109.9744Y-2.0317
G01 X109.6317Y-3.4000
G01 X110.0436Y-3.4000
G01 X110.3667Y-2.1097
G01 X111.5907Y6.1415
G01 X112.0000Y14.4730
G01 X111.5907Y22.8044
G01 X110.3667Y31.0556
G01 X110.0551Y32.3000
G01 X110.4669Y32.3000
G01 X110.7591Y31.1337
G01 X111.9888Y22.8436
G01 X112.4000Y14.4730
G01 X111.9888Y6.1023
G01 X110.7591Y-2.1878
G01 X110.4554Y-3.4000
G01 X110.8673Y-3.4000
G01 X111.1514Y-2.2658
G01 X112.3869Y6.0631
G01 X112.8000Y14.4730
G01 X112.3869Y22.8828
G01 X111.1514Y31.2117
G01 X110.8788Y32.3000
G01 X111.2906Y32.3000
G01 X111.5437Y31.2897
G01 X112.7849Y22.9220
G01 X113.2000Y14.4730
G01 X112.7849Y6.0239
G01 X111.5437Y-2.3438
G01 X111.2791Y-3.4000
G01 X111.6910Y-3.4000
G01 X111.9360Y-2.4219
G01 X113.1830Y5.9847
G01 X113.6000Y14.4730
G01 X113.1830Y22.9612
G01 X111.9360Y31.3678
G01 X111.7025Y32.3000
G01 X112.1144Y32.3000
G01 X112.3283Y31.4458
G01 X113.5811Y23.0005
G01 X114.0000Y14.4730
G01 X113.5811Y5.9455
G01 X112.3283Y-2.4999
G01 X112.1029Y-3.4000
G01 X112.5147Y-3.4000
G01 X112.7206Y-2.5779
G01 X113.9791Y5.9063
G01 X114.4000Y14.4730
G01 X113.9791Y23.0397
G01 X112.7206Y31.5239
G01 X112.5262Y32.3000
G01 X112.9381Y32.3000
G01 X113.1129Y31.6019
G01 X114.3772Y23.0789
G01 X114.8000Y14.4730
G01 X114.3772Y5.8671
G01 X113.1129Y-2.6560
G01 X112.9266Y-3.4000
G01 X113.3384Y-3.4000
G01 X113.5053Y-2.7340
G01 X114.7753Y5.8278
G01 X115.2000Y14.4730
G01 X114.7753Y23.1181
G01 X113.5053Y31.6799
G01 X113.3499Y32.3000
G01 X113.7618Y32.3000
G01 X113.8976Y31.7580
G01 X115.1734Y23.1573
G01 X115.2800Y20.9867
G00 Z20.0000
G00 X115.2800Y25.1612
G01 Z20.0000
G01 X114.2899Y31.8360
G01 X114.1737Y32.3000
G01 X114.5855Y32.3000
G01 X114.6822Y31.9140
G01 X115.2800Y27.8840
G01 X115.2800Y30.6068
G01 X115.0745Y31.9921
G01 X114.9974Y32.3000
G00 Z20.0000
G00 X108.8195Y32.3000
G01 Z20.0000
G01 X109.1898Y30.8215
G01 X110.3035Y23.3136
G00 Z20.0000
G00 X109.8764Y23.4704
G01 Z20.0000
G01 X108.7975Y30.7435
G01 X108.4076Y32.3000
G01 X107.9957Y32.3000
G01 X108.4052Y30.6655
G01 X109.4688Y23.4950
G00 Z20.0000
G00 X109.0773Y23.4118
G01 Z20.0000
G01 X108.0129Y30.5874
G01 X107.5839Y32.3000
G01 X107.1720Y32.3000
G01 X107.6206Y30.5094
G01 X108.7026Y23.2151
G00 Z20.0000
G00 X108.3514Y22.8593
G01 Z20.0000
G01 X107.2282Y30.4313
G01 X106.7602Y32.3000
G01 X106.3483Y32.3000
G01 X106.8359Y30.3533
G01 X107.8920Y23.2340
G00 Z20.0000
G00 X107.4575Y23.4404
G01 Z20.0000
G01 X106.4436Y30.2753
G01 X105.9364Y32.3000
G01 X105.5246Y32.3000
G01 X106.0513Y30.1972
G01 X107.0447Y23.4999
G00 Z20.0000
G00 X106.6487Y23.4470
G01 Z20.0000
G01 X105.6590Y30.1192
G01 X105.1127Y32.3000
G01 X104.7009Y32.3000
G01 X105.2667Y30.0412
G01 X106.2688Y23.2850
G00 Z20.0000
G00 X105.9096Y22.9844
G01 Z20.0000
G01 X104.8744Y29.9631
G01 X104.2890Y32.3000
G01 X103.8771Y32.3000
G01 X104.4820Y29.8851
G01 X105.4839Y23.1309
G00 Z20.0000
G00 X105.0404Y23.3984
G01 Z20.0000
G01 X104.0897Y29.8071
G01 X103.4653Y32.3000
G01 X103.0534Y32.3000
G01 X103.6974Y29.7290
G01 X104.0549Y27.3190
G00 Z20.0000
G00 X103.5999Y27.6636
G01 Z20.0000
G01 X103.3051Y29.6510
G01 X102.6416Y32.3000
G01 X102.2297Y32.3000
G01 X102.9128Y29.5730
G01 X103.1776Y27.7878
G00 Z20.0000
G00 X102.7747Y27.7807
G01 Z20.0000
G01 X102.5205Y29.4949
G01 X101.8178Y32.3000
G01 X101.4060Y32.3000
G01 X102.1282Y29.4169
G01 X102.3890Y27.6584
G00 Z20.0000
G00 X102.0231Y27.4024
G01 Z20.0000
G01 X101.7358Y29.3388
G01 X100.9941Y32.3000
G01 X100.5822Y32.3000
G01 X101.3435Y29.2608
G01 X101.6495Y27.1983
G00 Z20.0000
G00 X101.1828Y27.6216
G01 Z20.0000
G01 X100.9512Y29.1828
G01 X100.1704Y32.3000
G01 X99.7585Y32.3000
G01 X100.5589Y29.1047
G01 X100.7560Y27.7761
G00 Z20.0000
G00 X100.3498Y27.7917
G01 Z20.0000
G01 X100.1666Y29.0267
G01 X99.3467Y32.3000
G01 X98.9348Y32.3000
G01 X99.7743Y28.9487
G01 X99.9607Y27.6919
G00 Z20.0000
G00 X99.5907Y27.4637
G01 Z20.0000
G01 X99.3820Y28.8706
G01 X98.5229Y32.3000
G01 X98.1111Y32.3000
G01 X98.9896Y28.7926
G01 X99.2510Y27.0308
G00 Z20.0000
G00 X99.1001Y26.4098
G01 Z20.0000
G01 X99.1005Y26.3804
G01 X99.1063Y26.2677
G01 X99.1091Y26.2433
G01 X99.1260Y26.1317
G01 X99.1312Y26.1077
G01 X99.1589Y25.9983
G01 X99.1664Y25.9750
G01 X99.2047Y25.8688
G01 X99.2145Y25.8463
G01 X99.2631Y25.7444
G01 X99.2750Y25.7230
G01 X99.3333Y25.6263
G01 X99.3472Y25.6062
G01 X99.4147Y25.5157
G01 X99.4306Y25.4970
G01 X99.5066Y25.4136
G01 X99.5243Y25.3965
G01 X99.6081Y25.3209
G01 X99.6273Y25.3057
G01 X99.7182Y25.2387
G01 X99.7388Y25.2254
G01 X99.8357Y25.1677
G01 X99.8576Y25.1565
G01 X99.9597Y25.1085
G01 X99.9826Y25.0995
G01 X100.0889Y25.0618
G01 X100.1125Y25.0550
G01 X100.2221Y25.0279
G01 X100.2462Y25.0235
G01 X100.3579Y25.0073
G01 X100.3824Y25.0053
G01 X100.4951Y25.0001
G01 X100.5196Y25.0005
G01 X100.6176Y25.0053
G01 X100.6567Y25.0091
G01 X100.7538Y25.0235
G01 X100.7779Y25.0279
G01 X100.9017Y25.0589
G01 X100.9250Y25.0664
G01 X101.0174Y25.0995
G01 X101.0537Y25.1145
G01 X101.1556Y25.1631
G01 X101.1770Y25.1750
G01 X101.2612Y25.2254
G01 X101.2939Y25.2472
G01 X101.3727Y25.3057
G01 X101.3993Y25.3274
G01 X101.4864Y25.4066
G01 X101.5035Y25.4243
G01 X101.5694Y25.4970
G01 X101.5943Y25.5273
G01 X101.6528Y25.6062
G01 X101.6667Y25.6263
G01 X101.7275Y25.7272
G01 X101.7369Y25.7444
G01 X101.7500Y25.7713
G01 X101.7631Y25.7444
G01 X101.7750Y25.7230
G01 X101.8280Y25.6346
G01 X101.8472Y25.6062
G01 X101.9057Y25.5273
G01 X101.9209Y25.5081
G01 X101.9965Y25.4243
G01 X102.0207Y25.3999
G01 X102.0970Y25.3306
G01 X102.1157Y25.3147
G01 X102.2062Y25.2472
G01 X102.2263Y25.2333
G01 X102.3357Y25.1677
G01 X102.3576Y25.1565
G01 X102.4597Y25.1085
G01 X102.4826Y25.0995
G01 X102.5889Y25.0618
G01 X102.6125Y25.0550
G01 X102.7221Y25.0279
G01 X102.7462Y25.0235
G01 X102.8579Y25.0073
G01 X102.8824Y25.0053
G01 X102.9804Y25.0005
G01 X103.0196Y25.0005
G01 X103.1323Y25.0063
G01 X103.1567Y25.0091
G01 X103.2538Y25.0235
G01 X103.2923Y25.0312
G01 X103.3922Y25.0563
G01 X103.4250Y25.0664
G01 X103.5174Y25.0995
G01 X103.5403Y25.1085
G01 X103.6468Y25.1586
G01 X103.6770Y25.1750
G01 X103.7612Y25.2254
G01 X103.7939Y25.2472
G01 X103.8727Y25.3057
G01 X103.8919Y25.3209
G01 X103.9864Y25.4066
G01 X104.0035Y25.4243
G01 X104.0791Y25.5081
G01 X104.0943Y25.5273
G01 X104.1528Y25.6062
G01 X104.1746Y25.6388
G01 X104.2275Y25.7272
G01 X104.2435Y25.7576
G01 X104.2855Y25.8463
G01 X104.2953Y25.8688
G01 X104.3382Y25.9889
G01 X104.3450Y26.0125
G01 X104.3688Y26.1077
G01 X104.3765Y26.1462
G01 X104.3909Y26.2433
G01 X104.3937Y26.2677
G01 X104.3999Y26.3951
G01 X104.3995Y26.4196
G01 X104.3937Y26.5323
G01 X104.3909Y26.5567
G01 X104.3740Y26.6683
G01 X104.3688Y26.6923
G01 X104.3411Y26.8017
G01 X104.3336Y26.8250
G01 X104.2953Y26.9312
G01 X104.2855Y26.9537
G01 X104.2369Y27.0556
G01 X104.2250Y27.0770
G01 X104.1667Y27.1737
G01 X104.1528Y27.1938
G01 X104.0853Y27.2843
G01 X104.0694Y27.3030
G01 X103.9934Y27.3864
G01 X103.9757Y27.4035
G01 X103.8919Y27.4791
G01 X103.8727Y27.4943
G01 X103.7818Y27.5613
G01 X103.7612Y27.5746
G01 X103.6643Y27.6323
G01 X103.6424Y27.6435
G01 X103.5403Y27.6915
G01 X103.5174Y27.7005
G01 X103.4111Y27.7382
G01 X103.3875Y27.7450
G01 X103.2779Y27.7721
G01 X103.2538Y27.7765
G01 X103.1421Y27.7927
G01 X103.1176Y27.7947
G01 X103.0049Y27.7999
G01 X102.9804Y27.7995
G01 X102.8824Y27.7947
G01 X102.8433Y27.7909
G01 X102.7462Y27.7765
G01 X102.7221Y27.7721
G01 X102.5983Y27.7411
G01 X102.5750Y27.7336
G01 X102.4826Y27.7005
G01 X102.4463Y27.6855
G01 X102.3444Y27.6369
G01 X102.3230Y27.6250
G01 X102.2388Y27.5746
G01 X102.2062Y27.5528
G01 X102.1273Y27.4943
G01 X102.1007Y27.4726
G01 X102.0136Y27.3934
G01 X101.9965Y27.3757
G01 X101.9306Y27.3030
G01 X101.9057Y27.2727
G01 X101.8472Y27.1938
G01 X101.8333Y27.1737
G01 X101.7725Y27.0728
G01 X101.7630Y27.0556
G01 X101.7500Y27.0287
G01 X101.7369Y27.0556
G01 X101.7250Y27.0770
G01 X101.6720Y27.1654
G01 X101.6528Y27.1938
G01 X101.5943Y27.2727
G01 X101.5791Y27.2919
G01 X101.5035Y27.3757
G01 X101.4793Y27.4001
G01 X101.4030Y27.4694
G01 X101.3843Y27.4853
G01 X101.2939Y27.5528
G01 X101.2737Y27.5667
G01 X101.1643Y27.6323
G01 X101.1424Y27.6435
G01 X101.0403Y27.6915
G01 X101.0174Y27.7005
G01 X100.9111Y27.7382
G01 X100.8875Y27.7450
G01 X100.7779Y27.7721
G01 X100.7538Y27.7765
G01 X100.6421Y27.7927
G01 X100.6176Y27.7947
G01 X100.5196Y27.7995
G01 X100.4804Y27.7995
G01 X100.3677Y27.7937
G01 X100.3433Y27.7909
G01 X100.2462Y27.7765
G01 X100.2077Y27.7688
G01 X100.1078Y27.7437
G01 X100.0750Y27.7336
G01 X99.9826Y27.7005
G01 X99.9597Y27.6915
G01 X99.8532Y27.6414
G01 X99.8230Y27.6250
G01 X99.7388Y27.5746
G01 X99.7062Y27.5528
G01 X99.6273Y27.4943
G01 X99.6081Y27.4791
G01 X99.5243Y27.4035
G01 X99.5066Y27.3864
G01 X99.4209Y27.2919
G01 X99.4057Y27.2727
G01 X99.3472Y27.1938
G01 X99.3280Y27.1654
G01 X99.2750Y27.0770
G01 X99.2565Y27.0424
G01 X99.2145Y26.9537
G01 X99.2047Y26.9312
G01 X99.1618Y26.8111
G01 X99.1550Y26.7875
G01 X99.1312Y26.6923
G01 X99.1235Y26.6538
G01 X99.1091Y26.5567
G01 X99.1063Y26.5323
G01 X99.1001Y26.4098
G00 Z20.0000
G00 X99.4879Y25.4338
G01 Z20.0000
G01 X99.7815Y23.4544
G00 Z20.0000
G00 X99.3711Y23.4981
G01 Z20.0000
G01 X98.5973Y28.7146
G01 X97.6992Y32.3000
G01 X97.2874Y32.3000
G01 X98.2050Y28.6365
G01 X98.9769Y23.4329
G00 Z20.0000
G00 X98.5993Y23.2553
G01 Z20.0000
G01 X97.8127Y28.5585
G01 X96.8755Y32.3000
G01 X96.4636Y32.3000
G01 X97.4204Y28.4804
G01 X98.2437Y22.9298
G00 Z20.0000
G00 X97.9414Y22.2456
G01 Z20.0000
G01 X97.0281Y28.4024
G01 X96.0518Y32.3000
G01 X95.6399Y32.3000
G01 X96.6358Y28.3244
G01 X97.6581Y21.4322
G01 X97.8093Y18.3550
G00 Z20.0000
G00 X98.2001Y18.5416
G01 Z20.0000
G01 X98.0613Y21.3675
G00 Z20.0000
G00 X97.9201Y22.0098
G01 Z20.0000
G01 X97.9205Y21.9804
G01 X97.9268Y21.8579
G01 X97.9296Y21.8335
G01 X97.9479Y21.7122
G01 X97.9531Y21.6882
G01 X97.9832Y21.5693
G01 X97.9907Y21.5459
G01 X98.0324Y21.4305
G01 X98.0421Y21.4080
G01 X98.0949Y21.2973
G01 X98.1068Y21.2758
G01 X98.1701Y21.1708
G01 X98.1841Y21.1506
G01 X98.2574Y21.0522
G01 X98.2733Y21.0335
G01 X98.3559Y20.9429
G01 X98.3736Y20.9258
G01 X98.4647Y20.8436
G01 X98.4839Y20.8284
G01 X98.5826Y20.7556
G01 X98.6032Y20.7423
G01 X98.7086Y20.6795
G01 X98.7304Y20.6683
G01 X98.8415Y20.6161
G01 X98.8643Y20.6071
G01 X98.9799Y20.5661
G01 X99.0035Y20.5594
G01 X99.1226Y20.5298
G01 X99.1467Y20.5255
G01 X99.2681Y20.5078
G01 X99.2926Y20.5058
G01 X99.4151Y20.5001
G01 X99.4396Y20.5005
G01 X99.5474Y20.5058
G01 X99.5719Y20.5078
G01 X99.6933Y20.5255
G01 X99.7318Y20.5331
G01 X99.8365Y20.5594
G01 X99.8601Y20.5661
G01 X99.9757Y20.6071
G01 X100.0120Y20.6221
G01 X100.1096Y20.6683
G01 X100.1314Y20.6795
G01 X100.2368Y20.7423
G01 X100.2694Y20.7641
G01 X100.3561Y20.8284
G01 X100.3753Y20.8436
G01 X100.4700Y20.9291
G01 X100.4942Y20.9536
G01 X100.5667Y21.0335
G01 X100.5826Y21.0522
G01 X100.6588Y21.1546
G01 X100.6699Y21.1708
G01 X100.6900Y21.2037
G01 X100.7101Y21.1708
G01 X100.7212Y21.1546
G01 X100.7974Y21.0522
G01 X100.8133Y21.0335
G01 X100.8959Y20.9429
G01 X100.9136Y20.9258
G01 X100.9935Y20.8533
G01 X101.0122Y20.8374
G01 X101.1106Y20.7641
G01 X101.1391Y20.7449
G01 X101.2358Y20.6868
G01 X101.2704Y20.6683
G01 X101.3815Y20.6161
G01 X101.4043Y20.6071
G01 X101.5059Y20.5707
G01 X101.5435Y20.5594
G01 X101.6626Y20.5298
G01 X101.6867Y20.5255
G01 X101.7935Y20.5096
G01 X101.8179Y20.5068
G01 X101.9404Y20.5005
G01 X101.9796Y20.5005
G01 X102.0874Y20.5058
G01 X102.1119Y20.5078
G01 X102.2478Y20.5279
G01 X102.2718Y20.5331
G01 X102.3765Y20.5594
G01 X102.4141Y20.5707
G01 X102.5157Y20.6071
G01 X102.5385Y20.6161
G01 X102.6540Y20.6704
G01 X102.6842Y20.6868
G01 X102.7768Y20.7423
G01 X102.8094Y20.7641
G01 X102.9078Y20.8374
G01 X102.9265Y20.8533
G01 X103.0064Y20.9258
G01 X103.0342Y20.9536
G01 X103.1067Y21.0335
G01 X103.1226Y21.0522
G01 X103.1988Y21.1546
G01 X103.2099Y21.1708
G01 X103.2300Y21.2037
G01 X103.2501Y21.1708
G01 X103.2612Y21.1546
G01 X103.3374Y21.0522
G01 X103.3533Y21.0335
G01 X103.4359Y20.9429
G01 X103.4536Y20.9258
G01 X103.5335Y20.8533
G01 X103.5522Y20.8374
G01 X103.6506Y20.7641
G01 X103.6791Y20.7449
G01 X103.7758Y20.6868
G01 X103.8104Y20.6683
G01 X103.9215Y20.6161
G01 X103.9443Y20.6071
G01 X104.0459Y20.5707
G01 X104.0835Y20.5594
G01 X104.2026Y20.5298
G01 X104.2267Y20.5255
G01 X104.3481Y20.5078
G01 X104.3726Y20.5058
G01 X104.4804Y20.5005
G01 X104.5196Y20.5005
G01 X104.6274Y20.5058
G01 X104.6519Y20.5078
G01 X104.7878Y20.5279
G01 X104.8118Y20.5331
G01 X104.9165Y20.5594
G01 X104.9541Y20.5707
G01 X105.0557Y20.6071
G01 X105.0785Y20.6161
G01 X105.1940Y20.6704
G01 X105.2242Y20.6868
G01 X105.3168Y20.7423
G01 X105.3494Y20.7641
G01 X105.4361Y20.8284
G01 X105.4553Y20.8436
G01 X105.5464Y20.9258
G01 X105.5742Y20.9536
G01 X105.6467Y21.0335
G01 X105.6626Y21.0522
G01 X105.7388Y21.1546
G01 X105.7499Y21.1708
G01 X105.7700Y21.2037
G01 X105.7901Y21.1708
G01 X105.8012Y21.1546
G01 X105.8774Y21.0522
G01 X105.8933Y21.0335
G01 X105.9759Y20.9429
G01 X105.9936Y20.9258
G01 X106.0847Y20.8436
G01 X106.1039Y20.8284
G01 X106.2026Y20.7556
G01 X106.2232Y20.7423
G01 X106.3286Y20.6795
G01 X106.3504Y20.6683
G01 X106.4615Y20.6161
G01 X106.4843Y20.6071
G01 X106.5859Y20.5707
G01 X106.6093Y20.5632
G01 X106.7282Y20.5331
G01 X106.7522Y20.5279
G01 X106.8881Y20.5078
G01 X106.9126Y20.5058
G01 X107.0204Y20.5005
G01 X107.0596Y20.5005
G01 X107.1674Y20.5058
G01 X107.1919Y20.5078
G01 X107.3278Y20.5279
G01 X107.3518Y20.5331
G01 X107.4565Y20.5594
G01 X107.4941Y20.5707
G01 X107.5957Y20.6071
G01 X107.6185Y20.6161
G01 X107.7427Y20.6749
G01 X107.7642Y20.6868
G01 X107.8568Y20.7423
G01 X107.8894Y20.7641
G01 X107.9761Y20.8284
G01 X107.9953Y20.8436
G01 X108.0971Y20.9359
G01 X108.1142Y20.9536
G01 X108.1899Y21.0372
G01 X108.2116Y21.0639
G01 X108.2788Y21.1546
G01 X108.2899Y21.1708
G01 X108.3100Y21.2037
G01 X108.3301Y21.1708
G01 X108.3412Y21.1546
G01 X108.4174Y21.0522
G01 X108.4333Y21.0335
G01 X108.5058Y20.9536
G01 X108.5336Y20.9258
G01 X108.6135Y20.8533
G01 X108.6322Y20.8374
G01 X108.7346Y20.7612
G01 X108.7632Y20.7423
G01 X108.8558Y20.6868
G01 X108.8904Y20.6683
G01 X109.0015Y20.6161
G01 X109.0243Y20.6071
G01 X109.1259Y20.5707
G01 X109.1635Y20.5594
G01 X109.2682Y20.5331
G01 X109.2922Y20.5279
G01 X109.4281Y20.5078
G01 X109.4526Y20.5058
G01 X109.5604Y20.5005
G01 X109.5996Y20.5005
G01 X109.7074Y20.5058
G01 X109.7416Y20.5090
G01 X109.8533Y20.5255
G01 X109.8774Y20.5298
G01 X109.9965Y20.5594
G01 X110.0201Y20.5661
G01 X110.1357Y20.6071
G01 X110.1585Y20.6161
G01 X110.2827Y20.6749
G01 X110.3042Y20.6868
G01 X110.4092Y20.7501
G01 X110.4294Y20.7641
G01 X110.5278Y20.8374
G01 X110.5465Y20.8533
G01 X110.6371Y20.9359
G01 X110.6542Y20.9536
G01 X110.7267Y21.0335
G01 X110.7486Y21.0600
G01 X110.8159Y21.1506
G01 X110.8377Y21.1832
G01 X110.8932Y21.2758
G01 X110.9051Y21.2973
G01 X110.9579Y21.4080
G01 X110.9729Y21.4443
G01 X111.0093Y21.5459
G01 X111.0168Y21.5693
G01 X111.0469Y21.6882
G01 X111.0521Y21.7122
G01 X111.0722Y21.8481
G01 X111.0742Y21.8726
G01 X111.0799Y21.9951
G01 X111.0795Y22.0196
G01 X111.0732Y22.1421
G01 X111.0704Y22.1665
G01 X111.0521Y22.2878
G01 X111.0469Y22.3118
G01 X111.0168Y22.4307
G01 X111.0093Y22.4541
G01 X110.9676Y22.5695
G01 X110.9579Y22.5920
G01 X110.9051Y22.7027
G01 X110.8932Y22.7242
G01 X110.8299Y22.8292
G01 X110.8159Y22.8494
G01 X110.7426Y22.9478
G01 X110.7267Y22.9665
G01 X110.6441Y23.0571
G01 X110.6264Y23.0742
G01 X110.5353Y23.1564
G01 X110.5161Y23.1716
G01 X110.4174Y23.2444
G01 X110.3968Y23.2577
G01 X110.2914Y23.3205
G01 X110.2696Y23.3317
G01 X110.1585Y23.3839
G01 X110.1357Y23.3929
G01 X110.0201Y23.4339
G01 X109.9965Y23.4406
G01 X109.8774Y23.4702
G01 X109.8533Y23.4745
G01 X109.7319Y23.4922
G01 X109.7074Y23.4942
G01 X109.5849Y23.4999
G01 X109.5604Y23.4995
G01 X109.4526Y23.4942
G01 X109.4135Y23.4904
G01 X109.2922Y23.4721
G01 X109.2682Y23.4669
G01 X109.1635Y23.4406
G01 X109.1259Y23.4293
G01 X109.0105Y23.3876
G01 X108.9880Y23.3779
G01 X108.8904Y23.3317
G01 X108.8686Y23.3205
G01 X108.7632Y23.2577
G01 X108.7306Y23.2359
G01 X108.6439Y23.1716
G01 X108.6247Y23.1564
G01 X108.5300Y23.0709
G01 X108.5058Y23.0464
G01 X108.4333Y22.9665
G01 X108.4174Y22.9478
G01 X108.3412Y22.8454
G01 X108.3301Y22.8292
G01 X108.3100Y22.7963
G01 X108.2899Y22.8292
G01 X108.2788Y22.8454
G01 X108.2026Y22.9478
G01 X108.1867Y22.9665
G01 X108.1041Y23.0571
G01 X108.0864Y23.0742
G01 X108.0065Y23.1467
G01 X107.9878Y23.1626
G01 X107.8894Y23.2359
G01 X107.8609Y23.2551
G01 X107.7642Y23.3132
G01 X107.7296Y23.3317
G01 X107.6320Y23.3779
G01 X107.6095Y23.3876
G01 X107.4941Y23.4293
G01 X107.4565Y23.4406
G01 X107.3374Y23.4702
G01 X107.3133Y23.4745
G01 X107.2065Y23.4904
G01 X107.1821Y23.4932
G01 X107.0449Y23.4999
G01 X107.0204Y23.4995
G01 X106.9126Y23.4942
G01 X106.8735Y23.4904
G01 X106.7522Y23.4721
G01 X106.7282Y23.4669
G01 X106.6235Y23.4406
G01 X106.5859Y23.4293
G01 X106.4843Y23.3929
G01 X106.4615Y23.3839
G01 X106.3460Y23.3296
G01 X106.3158Y23.3132
G01 X106.2232Y23.2577
G01 X106.1906Y23.2359
G01 X106.0922Y23.1626
G01 X106.0735Y23.1467
G01 X105.9936Y23.0742
G01 X105.9658Y23.0464
G01 X105.8933Y22.9665
G01 X105.8774Y22.9478
G01 X105.8012Y22.8454
G01 X105.7901Y22.8292
G01 X105.7700Y22.7963
G01 X105.7499Y22.8292
G01 X105.7388Y22.8454
G01 X105.6626Y22.9478
G01 X105.6467Y22.9665
G01 X105.5641Y23.0571
G01 X105.5464Y23.0742
G01 X105.4665Y23.1467
G01 X105.4478Y23.1626
G01 X105.3494Y23.2359
G01 X105.3209Y23.2551
G01 X105.2242Y23.3132
G01 X105.1896Y23.3317
G01 X105.0785Y23.3839
G01 X105.0557Y23.3929
G01 X104.9541Y23.4293
G01 X104.9165Y23.4406
G01 X104.7974Y23.4702
G01 X104.7733Y23.4745
G01 X104.6519Y23.4922
G01 X104.6274Y23.4942
G01 X104.5196Y23.4995
G01 X104.4804Y23.4995
G01 X104.3726Y23.4942
G01 X104.3481Y23.4922
G01 X104.2122Y23.4721
G01 X104.1882Y23.4669
G01 X104.0835Y23.4406
G01 X104.0459Y23.4293
G01 X103.9443Y23.3929
G01 X103.9215Y23.3839
G01 X103.8060Y23.3296
G01 X103.7758Y23.3132
G01 X103.6832Y23.2577
G01 X103.6506Y23.2359
G01 X103.5639Y23.1716
G01 X103.5447Y23.1564
G01 X103.4536Y23.0742
G01 X103.4258Y23.0464
G01 X103.3533Y22.9665
G01 X103.3374Y22.9478
G01 X103.2612Y22.8454
G01 X103.2501Y22.8292
G01 X103.2300Y22.7963
G01 X103.2099Y22.8292
G01 X103.1988Y22.8454
G01 X103.1226Y22.9478
G01 X103.1067Y22.9665
G01 X103.0241Y23.0571
G01 X103.0064Y23.0742
G01 X102.9153Y23.1564
G01 X102.8961Y23.1716
G01 X102.7974Y23.2444
G01 X102.7768Y23.2577
G01 X102.6714Y23.3205
G01 X102.6496Y23.3317
G01 X102.5385Y23.3839
G01 X102.5157Y23.3929
G01 X102.4141Y23.4293
G01 X102.3907Y23.4368
G01 X102.2718Y23.4669
G01 X102.2478Y23.4721
G01 X102.1119Y23.4922
G01 X102.0874Y23.4942
G01 X101.9796Y23.4995
G01 X101.9404Y23.4995
G01 X101.8326Y23.4942
G01 X101.8081Y23.4922
G01 X101.6722Y23.4721
G01 X101.6482Y23.4669
G01 X101.5435Y23.4406
G01 X101.5059Y23.4293
G01 X101.4043Y23.3929
G01 X101.3815Y23.3839
G01 X101.2573Y23.3251
G01 X101.2358Y23.3132
G01 X101.1432Y23.2577
G01 X101.1106Y23.2359
G01 X101.0239Y23.1716
G01 X101.0047Y23.1564
G01 X100.9029Y23.0641
G01 X100.8858Y23.0464
G01 X100.8101Y22.9628
G01 X100.7884Y22.9361
G01 X100.7212Y22.8454
G01 X100.7101Y22.8292
G01 X100.6900Y22.7963
G01 X100.6699Y22.8292
G01 X100.6588Y22.8454
G01 X100.5826Y22.9478
G01 X100.5667Y22.9665
G01 X100.4942Y23.0464
G01 X100.4664Y23.0742
G01 X100.3865Y23.1467
G01 X100.3678Y23.1626
G01 X100.2654Y23.2388
G01 X100.2368Y23.2577
G01 X100.1442Y23.3132
G01 X100.1096Y23.3317
G01 X99.9985Y23.3839
G01 X99.9757Y23.3929
G01 X99.8741Y23.4293
G01 X99.8365Y23.4406
G01 X99.7318Y23.4669
G01 X99.7078Y23.4721
G01 X99.5719Y23.4922
G01 X99.5474Y23.4942
G01 X99.4396Y23.4995
G01 X99.4004Y23.4995
G01 X99.2926Y23.4942
G01 X99.2584Y23.4910
G01 X99.1467Y23.4745
G01 X99.1226Y23.4702
G01 X99.0035Y23.4406
G01 X98.9799Y23.4339
G01 X98.8643Y23.3929
G01 X98.8415Y23.3839
G01 X98.7173Y23.3251
G01 X98.6958Y23.3132
G01 X98.5908Y23.2499
G01 X98.5706Y23.2359
G01 X98.4722Y23.1626
G01 X98.4535Y23.1467
G01 X98.3629Y23.0641
G01 X98.3458Y23.0464
G01 X98.2733Y22.9665
G01 X98.2484Y22.9361
G01 X98.1812Y22.8454
G01 X98.1623Y22.8168
G01 X98.1068Y22.7242
G01 X98.0949Y22.7027
G01 X98.0421Y22.5920
G01 X98.0271Y22.5557
G01 X97.9907Y22.4541
G01 X97.9832Y22.4307
G01 X97.9531Y22.3118
G01 X97.9479Y22.2878
G01 X97.9278Y22.1519
G01 X97.9258Y22.1274
G01 X97.9201Y22.0098
G00 Z20.0000
G00 X98.4879Y20.8254
G01 Z20.0000
G01 X98.5973Y18.5999
G00 Z20.0000
G00 X99.0001Y18.5415
G01 Z20.0000
G01 X98.8993Y20.5946
G00 Z20.0000
G00 X99.3037Y20.5052
G01 Z20.0000
G01 X99.4100Y18.3408
G00 Z20.0000
G00 X99.8335Y17.8620
G01 Z20.0000
G01 X99.7026Y20.5270
G00 Z20.0000
G00 X100.0960Y20.6619
G01 Z20.0000
G01 X100.3864Y14.7492
G00 Z20.0000
G00 X100.7748Y14.9853
G01 Z20.0000
G01 X100.4822Y20.9410
G01 X100.8814Y20.9584
G01 X101.1698Y15.0883
G00 Z20.0000
G00 X101.5692Y15.1000
G01 Z20.0000
G01 X101.2962Y20.6561
G00 Z20.0000
G00 X101.7028Y20.5231
G01 Z20.0000
G01 X101.9692Y15.1000
G01 X102.3692Y15.1000
G01 X102.1036Y20.5069
G00 Z20.0000
G00 X102.4989Y20.6011
G01 Z20.0000
G01 X102.7695Y15.0946
G00 Z20.0000
G00 X103.1739Y15.0043
G01 Z20.0000
G01 X102.8881Y20.8224
G00 Z20.0000
G00 X103.2725Y21.1393
G01 Z20.0000
G01 X103.5853Y14.7722
G00 Z20.0000
G00 X100.0000Y14.4730
G01 Z20.0000
G01 X99.9878Y14.2251
G01 X100.0000Y14.4730
G01 X99.8925Y16.6620
G00 Z20.0000
G00 X97.2001Y17.2098
G01 Z20.0000
G01 X97.2005Y17.1804
G01 X97.2063Y17.0677
G01 X97.2091Y17.0433
G01 X97.2260Y16.9317
G01 X97.2312Y16.9077
G01 X97.2589Y16.7983
G01 X97.2664Y16.7750
G01 X97.3047Y16.6688
G01 X97.3145Y16.6463
G01 X97.3630Y16.5444
G01 X97.3750Y16.5230
G01 X97.4333Y16.4263
G01 X97.4472Y16.4062
G01 X97.5147Y16.3157
G01 X97.5306Y16.2970
G01 X97.6066Y16.2136
G01 X97.6243Y16.1965
G01 X97.7081Y16.1209
G01 X97.7273Y16.1057
G01 X97.8182Y16.0387
G01 X97.8388Y16.0254
G01 X97.9357Y15.9677
G01 X97.9576Y15.9565
G01 X98.0597Y15.9085
G01 X98.0826Y15.8995
G01 X98.1889Y15.8618
G01 X98.2125Y15.8550
G01 X98.3221Y15.8279
G01 X98.3462Y15.8235
G01 X98.4579Y15.8073
G01 X98.4824Y15.8053
G01 X98.5951Y15.8001
G01 X98.6196Y15.8005
G01 X98.7323Y15.8063
G01 X98.7567Y15.8091
G01 X98.8683Y15.8260
G01 X98.8923Y15.8312
G01 X99.0017Y15.8589
G01 X99.0250Y15.8664
G01 X99.1312Y15.9047
G01 X99.1537Y15.9145
G01 X99.2556Y15.9631
G01 X99.2770Y15.9750
G01 X99.3737Y16.0333
G01 X99.3939Y16.0472
G01 X99.4843Y16.1147
G01 X99.5030Y16.1306
G01 X99.5864Y16.2066
G01 X99.6035Y16.2243
G01 X99.6791Y16.3081
G01 X99.6943Y16.3273
G01 X99.7613Y16.4182
G01 X99.7746Y16.4388
G01 X99.8323Y16.5357
G01 X99.8435Y16.5576
G01 X99.8915Y16.6597
G01 X99.9005Y16.6826
G01 X99.9382Y16.7889
G01 X99.9450Y16.8125
G01 X99.9721Y16.9221
G01 X99.9765Y16.9462
G01 X99.9927Y17.0579
G01 X99.9947Y17.0824
G01 X99.9999Y17.1951
G01 X99.9995Y17.2196
G01 X99.9937Y17.3323
G01 X99.9909Y17.3567
G01 X99.9740Y17.4683
G01 X99.9688Y17.4923
G01 X99.9411Y17.6017
G01 X99.9336Y17.6250
G01 X99.8953Y17.7312
G01 X99.8855Y17.7537
G01 X99.8370Y17.8556
G01 X99.8250Y17.8770
G01 X99.7667Y17.9737
G01 X99.7528Y17.9938
G01 X99.6853Y18.0843
G01 X99.6694Y18.1030
G01 X99.5934Y18.1864
G01 X99.5757Y18.2035
G01 X99.4919Y18.2791
G01 X99.4727Y18.2943
G01 X99.3818Y18.3613
G01 X99.3612Y18.3746
G01 X99.2643Y18.4323
G01 X99.2424Y18.4435
G01 X99.1403Y18.4915
G01 X99.1174Y18.5005
G01 X99.0111Y18.5382
G01 X98.9875Y18.5450
G01 X98.8779Y18.5721
G01 X98.8538Y18.5765
G01 X98.7421Y18.5927
G01 X98.7176Y18.5947
G01 X98.6049Y18.5999
G01 X98.5804Y18.5995
G01 X98.4677Y18.5937
G01 X98.4433Y18.5909
G01 X98.3317Y18.5740
G01 X98.3077Y18.5688
G01 X98.1983Y18.5411
G01 X98.1750Y18.5336
G01 X98.0688Y18.4953
G01 X98.0463Y18.4855
G01 X97.9444Y18.4370
G01 X97.9230Y18.4250
G01 X97.8263Y18.3667
G01 X97.8062Y18.3528
G01 X97.7157Y18.2853
G01 X97.6970Y18.2694
G01 X97.6136Y18.1934
G01 X97.5965Y18.1757
G01 X97.5209Y18.0919
G01 X97.5057Y18.0727
G01 X97.4387Y17.9818
G01 X97.4254Y17.9612
G01 X97.3677Y17.8643
G01 X97.3565Y17.8424
G01 X97.3085Y17.7403
G01 X97.2995Y17.7174
G01 X97.2618Y17.6111
G01 X97.2550Y17.5875
G01 X97.2279Y17.4779
G01 X97.2235Y17.4538
G01 X97.2073Y17.3421
G01 X97.2053Y17.3176
G01 X97.2001Y17.2098
G00 Z20.0000
G00 X97.4284Y17.9660
G01 Z20.0000
G01 X97.2600Y21.3930
G01 X96.2434Y28.2463
G01 X95.2281Y32.3000
G00 Z20.0000
G00 X93.4001Y26.6098
G01 Z20.0000
G01 X93.4005Y26.5804
G01 X93.4068Y26.4579
G01 X93.4096Y26.4335
G01 X93.4279Y26.3122
G01 X93.4331Y26.2882
G01 X93.4632Y26.1693
G01 X93.4707Y26.1459
G01 X93.5124Y26.0305
G01 X93.5221Y26.0080
G01 X93.5749Y25.8973
G01 X93.5868Y25.8758
G01 X93.6501Y25.7708
G01 X93.6641Y25.7506
G01 X93.7374Y25.6522
G01 X93.7533Y25.6335
G01 X93.8359Y25.5429
G01 X93.8536Y25.5258
G01 X93.9447Y25.4436
G01 X93.9639Y25.4284
G01 X94.0626Y25.3556
G01 X94.0832Y25.3423
G01 X94.1886Y25.2795
G01 X94.2104Y25.2683
G01 X94.3215Y25.2161
G01 X94.3443Y25.2071
G01 X94.4599Y25.1661
G01 X94.4835Y25.1594
G01 X94.6026Y25.1298
G01 X94.6267Y25.1255
G01 X94.7481Y25.1078
G01 X94.7726Y25.1058
G01 X94.8951Y25.1001
G01 X94.9196Y25.1005
G01 X95.0421Y25.1068
G01 X95.0665Y25.1096
G01 X95.1878Y25.1279
G01 X95.2118Y25.1331
G01 X95.3307Y25.1632
G01 X95.3541Y25.1707
G01 X95.4695Y25.2124
G01 X95.4920Y25.2221
G01 X95.6027Y25.2749
G01 X95.6242Y25.2868
G01 X95.7292Y25.3501
G01 X95.7494Y25.3641
G01 X95.8478Y25.4374
G01 X95.8665Y25.4533
G01 X95.9571Y25.5359
G01 X95.9742Y25.5536
G01 X96.0564Y25.6447
G01 X96.0716Y25.6639
G01 X96.1444Y25.7626
G01 X96.1577Y25.7832
G01 X96.2205Y25.8886
G01 X96.2317Y25.9104
G01 X96.2839Y26.0215
G01 X96.2929Y26.0443
G01 X96.3339Y26.1599
G01 X96.3406Y26.1835
G01 X96.3702Y26.3026
G01 X96.3745Y26.3267
G01 X96.3922Y26.4481
G01 X96.3942Y26.4726
G01 X96.3999Y26.5951
G01 X96.3995Y26.6196
G01 X96.3932Y26.7421
G01 X96.3904Y26.7665
G01 X96.3721Y26.8878
G01 X96.3669Y26.9118
G01 X96.3406Y27.0165
G01 X96.3339Y27.0401
G01 X96.2929Y27.1557
G01 X96.2839Y27.1785
G01 X96.2317Y27.2896
G01 X96.2205Y27.3114
G01 X96.1577Y27.4168
G01 X96.1444Y27.4374
G01 X96.0716Y27.5361
G01 X96.0564Y27.5553
G01 X95.9742Y27.6464
G01 X95.9464Y27.6742
G01 X95.8665Y27.7467
G01 X95.8478Y27.7626
G01 X95.7494Y27.8359
G01 X95.7209Y27.8551
G01 X95.6242Y27.9132
G01 X95.5896Y27.9317
G01 X95.4785Y27.9839
G01 X95.4557Y27.9929
G01 X95.3541Y28.0293
G01 X95.3165Y28.0406
G01 X95.1974Y28.0702
G01 X95.1733Y28.0745
G01 X95.0519Y28.0922
G01 X95.0274Y28.0942
G01 X94.9049Y28.0999
G01 X94.8804Y28.0995
G01 X94.7579Y28.0932
G01 X94.7335Y28.0904
G01 X94.6122Y28.0721
G01 X94.5882Y28.0669
G01 X94.4693Y28.0368
G01 X94.4459Y28.0293
G01 X94.3305Y27.9876
G01 X94.3080Y27.9779
G01 X94.2104Y27.9317
G01 X94.1758Y27.9132
G01 X94.0791Y27.8551
G01 X94.0506Y27.8359
G01 X93.9639Y27.7716
G01 X93.9447Y27.7564
G01 X93.8536Y27.6742
G01 X93.8258Y27.6464
G01 X93.7533Y27.5665
G01 X93.7374Y27.5478
G01 X93.6641Y27.4494
G01 X93.6501Y27.4292
G01 X93.5868Y27.3242
G01 X93.5749Y27.3027
G01 X93.5221Y27.1920
G01 X93.5124Y27.1695
G01 X93.4661Y27.0401
G01 X93.4594Y27.0165
G01 X93.4298Y26.8974
G01 X93.4255Y26.8733
G01 X93.4078Y26.7519
G01 X93.4058Y26.7274
G01 X93.4001Y26.6098
G01 X92.4993Y26.2590
G01 X93.2793Y21.0009
G01 X93.6000Y14.4730
G01 X93.2793Y7.9450
G01 X92.3203Y1.4799
G01 X91.0979Y-3.4000
G01 X91.5098Y-3.4000
G01 X92.7126Y1.4019
G01 X93.6774Y7.9058
G01 X93.7632Y9.6519
G00 Z20.0000
G00 X94.1443Y9.2687
G01 Z20.0000
G01 X94.0755Y7.8666
G01 X93.8706Y6.4855
G00 Z20.0000
G00 X94.3270Y6.8395
G01 Z20.0000
G01 X94.4735Y7.8274
G01 X94.5348Y9.0747
G00 Z20.0000
G00 X94.9313Y9.0029
G01 Z20.0000
G01 X94.8716Y7.7882
G01 X94.7514Y6.9782
G00 Z20.0000
G00 X95.1573Y6.9916
G01 Z20.0000
G01 X95.2697Y7.7490
G01 X95.3330Y9.0384
G00 Z20.0000
G00 X95.7408Y9.1968
G01 Z20.0000
G01 X95.6677Y7.7098
G01 X95.5470Y6.8960
G00 Z20.0000
G00 X95.9195Y6.6839
G01 Z20.0000
G01 X96.0658Y7.6706
G01 X96.1580Y9.5466
G00 Z20.0000
G00 X96.2459Y11.3353
G01 Z20.0000
G01 X96.4000Y14.4730
G01 X96.2141Y18.2573
G00 Z20.0000
G00 X95.8361Y17.8084
G01 Z20.0000
G01 X96.0000Y14.4730
G01 X95.8650Y11.7244
G00 Z20.0000
G00 X95.4747Y11.9219
G01 Z20.0000
G01 X95.6000Y14.4730
G01 X95.4472Y17.5841
G00 Z20.0000
G00 X95.0519Y17.4878
G01 Z20.0000
G01 X95.2000Y14.4730
G01 X95.0783Y11.9966
G00 Z20.0000
G00 X94.6767Y11.9640
G01 Z20.0000
G01 X94.8000Y14.4730
G01 X94.6512Y17.5018
G00 Z20.0000
G00 X94.2448Y17.6320
G01 Z20.0000
G01 X94.4000Y14.4730
G01 X94.2691Y11.8092
G00 Z20.0000
G00 X93.8522Y11.4652
G01 Z20.0000
G01 X94.0000Y14.4730
G01 X93.8302Y17.9288
G00 Z20.0000
G00 X93.4001Y18.9898
G01 Z20.0000
G01 X93.4005Y18.9604
G01 X93.4068Y18.8379
G01 X93.4096Y18.8135
G01 X93.4279Y18.6922
G01 X93.4331Y18.6682
G01 X93.4632Y18.5493
G01 X93.4707Y18.5259
G01 X93.5124Y18.4105
G01 X93.5221Y18.3880
G01 X93.5749Y18.2773
G01 X93.5868Y18.2558
G01 X93.6501Y18.1508
G01 X93.6641Y18.1306
G01 X93.7374Y18.0322
G01 X93.7533Y18.0135
G01 X93.8359Y17.9229
G01 X93.8536Y17.9058
G01 X93.9447Y17.8236
G01 X93.9639Y17.8084
G01 X94.0626Y17.7356
G01 X94.0832Y17.7223
G01 X94.1886Y17.6595
G01 X94.2104Y17.6483
G01 X94.3215Y17.5961
G01 X94.3443Y17.5871
G01 X94.4599Y17.5461
G01 X94.4835Y17.5394
G01 X94.6026Y17.5098
G01 X94.6267Y17.5055
G01 X94.7481Y17.4878
G01 X94.7726Y17.4858
G01 X94.8951Y17.4801
G01 X94.9196Y17.4805
G01 X95.0421Y17.4868
G01 X95.0665Y17.4896
G01 X95.1878Y17.5079
G01 X95.2118Y17.5131
G01 X95.3307Y17.5432
G01 X95.3541Y17.5507
G01 X95.4695Y17.5924
G01 X95.4920Y17.6021
G01 X95.6027Y17.6549
G01 X95.6242Y17.6668
G01 X95.7292Y17.7301
G01 X95.7494Y17.7441
G01 X95.8478Y17.8174
G01 X95.8665Y17.8333
G01 X95.9571Y17.9159
G01 X95.9742Y17.9336
G01 X96.0564Y18.0247
G01 X96.0716Y18.0439
G01 X96.1444Y18.1426
G01 X96.1577Y18.1632
G01 X96.2205Y18.2686
G01 X96.2317Y18.2904
G01 X96.2839Y18.4015
G01 X96.2929Y18.4243
G01 X96.3339Y18.5399
G01 X96.3406Y18.5635
G01 X96.3702Y18.6826
G01 X96.3745Y18.7067
G01 X96.3922Y18.8281
G01 X96.3942Y18.8526
G01 X96.3999Y18.9751
G01 X96.3995Y18.9996
G01 X96.3932Y19.1221
G01 X96.3904Y19.1465
G01 X96.3745Y19.2533
G01 X96.3702Y19.2774
G01 X96.3406Y19.3965
G01 X96.3339Y19.4201
G01 X96.2929Y19.5357
G01 X96.2779Y19.5720
G01 X96.2296Y19.6740
G01 X96.2132Y19.7042
G01 X96.1577Y19.7968
G01 X96.1444Y19.8174
G01 X96.0716Y19.9161
G01 X96.0467Y19.9465
G01 X95.9641Y20.0371
G01 X95.9464Y20.0542
G01 X95.8665Y20.1267
G01 X95.8478Y20.1426
G01 X95.7494Y20.2159
G01 X95.7292Y20.2299
G01 X95.6242Y20.2932
G01 X95.5896Y20.3117
G01 X95.4875Y20.3599
G01 X95.4557Y20.3729
G01 X95.3401Y20.4139
G01 X95.3165Y20.4206
G01 X95.2118Y20.4469
G01 X95.1733Y20.4545
G01 X95.0519Y20.4722
G01 X95.0274Y20.4742
G01 X94.9049Y20.4799
G01 X94.8804Y20.4795
G01 X94.7726Y20.4742
G01 X94.7481Y20.4722
G01 X94.6267Y20.4545
G01 X94.5930Y20.4480
G01 X94.4693Y20.4168
G01 X94.4459Y20.4093
G01 X94.3443Y20.3729
G01 X94.3080Y20.3579
G01 X94.2104Y20.3117
G01 X94.1886Y20.3005
G01 X94.0708Y20.2299
G01 X94.0506Y20.2159
G01 X93.9639Y20.1516
G01 X93.9335Y20.1267
G01 X93.8536Y20.0542
G01 X93.8359Y20.0371
G01 X93.7436Y19.9353
G01 X93.7284Y19.9161
G01 X93.6556Y19.8174
G01 X93.6423Y19.7968
G01 X93.5795Y19.6914
G01 X93.5683Y19.6696
G01 X93.5161Y19.5585
G01 X93.5071Y19.5357
G01 X93.4661Y19.4201
G01 X93.4594Y19.3965
G01 X93.4298Y19.2774
G01 X93.4255Y19.2533
G01 X93.4078Y19.1319
G01 X93.4058Y19.1074
G01 X93.4001Y18.9898
G01 X92.2271Y17.9918
G01 X92.4000Y14.4730
G01 X92.0851Y8.0626
G01 X91.1434Y1.7141
G01 X89.8624Y-3.4000
G01 X89.4505Y-3.4000
G01 X90.7510Y1.7921
G01 X91.6870Y8.1018
G01 X92.0000Y14.4730
G01 X91.8450Y17.6275
G00 Z20.0000
G00 X91.4540Y17.4442
G01 Z20.0000
G01 X91.6000Y14.4730
G01 X91.2889Y8.1411
G01 X90.3587Y1.8701
G01 X89.0386Y-3.4000
G01 X88.6268Y-3.4000
G01 X89.9664Y1.9482
G01 X90.8909Y8.1803
G01 X91.2000Y14.4730
G01 X91.0571Y17.3813
G00 Z20.0000
G00 X90.6549Y17.4265
G01 Z20.0000
G01 X90.8000Y14.4730
G01 X90.4928Y8.2195
G01 X89.5741Y2.0262
G01 X88.2149Y-3.4000
G01 X87.8030Y-3.4000
G01 X89.1818Y2.1042
G01 X90.0947Y8.2587
G01 X90.4000Y14.4730
G01 X90.2466Y17.5963
G00 Z20.0000
G00 X89.8281Y17.9712
G01 Z20.0000
G01 X90.0000Y14.4730
G01 X89.6966Y8.2979
G01 X88.7895Y2.1823
G01 X87.3912Y-3.4000
G01 X86.9793Y-3.4000
G01 X88.3972Y2.2603
G01 X89.2986Y8.3371
G01 X89.6000Y14.4730
G01 X89.4401Y17.7277
G00 Z20.0000
G00 X89.0516Y17.4933
G01 Z20.0000
G01 X89.2000Y14.4730
G01 X88.9005Y8.3763
G01 X88.0048Y2.3383
G01 X86.5675Y-3.4000
G01 X86.1556Y-3.4000
G01 X87.6125Y2.4164
G01 X88.5024Y8.4155
G01 X88.8000Y14.4730
G01 X88.6566Y17.3911
G00 Z20.0000
G00 X88.2563Y17.3981
G01 Z20.0000
G01 X88.4000Y14.4730
G01 X88.1043Y8.4547
G01 X87.2202Y2.4944
G01 X85.7561Y-3.3505
G01 X85.7384Y-3.4000
G01 X85.3141Y-3.4000
G01 X85.3734Y-3.2344
G01 X86.8279Y2.5725
G01 X87.7063Y8.4939
G01 X88.0000Y14.4730
G01 X87.8503Y17.5200
G00 Z20.0000
G00 X87.4364Y17.8032
G01 Z20.0000
G01 X87.6000Y14.4730
G01 X87.3082Y8.5331
G01 X86.4356Y2.6505
G01 X84.9906Y-3.1183
G01 X84.8898Y-3.4000
G01 X84.4655Y-3.4000
G01 X84.6078Y-3.0022
G01 X86.0433Y2.7285
G01 X86.9101Y8.5723
G01 X87.2000Y14.4730
G01 X87.0338Y17.8552
G00 Z20.0000
G00 X86.6484Y17.5579
G01 Z20.0000
G01 X86.7015Y16.4779
G00 Z20.0000
G00 X86.2872Y16.7696
G01 Z20.0000
G01 X86.2555Y17.4141
G00 Z20.0000
G00 X85.8570Y17.3836
G01 Z20.0000
G01 X85.8814Y16.8872
G00 Z20.0000
G00 X85.4817Y16.8817
G01 Z20.0000
G01 X85.4531Y17.4625
G00 Z20.0000
G00 X85.0425Y17.6798
G01 Z20.0000
G01 X85.0878Y16.7578
G00 Z20.0000
G00 X84.7014Y16.4809
G01 Z20.0000
G01 X84.6259Y18.0171
G00 Z20.0000
G00 X84.2444Y17.6405
G01 Z20.0000
G01 X84.3345Y15.8056
G00 Z20.0000
G00 X84.3001Y15.5098
G01 Z20.0000
G01 X84.3005Y15.4804
G01 X84.3063Y15.3677
G01 X84.3091Y15.3433
G01 X84.3260Y15.2317
G01 X84.3312Y15.2077
G01 X84.3589Y15.0983
G01 X84.3664Y15.0750
G01 X84.4047Y14.9688
G01 X84.4145Y14.9463
G01 X84.4631Y14.8444
G01 X84.4750Y14.8230
G01 X84.5333Y14.7263
G01 X84.5472Y14.7062
G01 X84.6147Y14.6157
G01 X84.6306Y14.5970
G01 X84.7066Y14.5136
G01 X84.7243Y14.4965
G01 X84.8081Y14.4209
G01 X84.8273Y14.4057
G01 X84.9182Y14.3387
G01 X84.9388Y14.3254
G01 X85.0357Y14.2677
G01 X85.0576Y14.2565
G01 X85.1597Y14.2085
G01 X85.1826Y14.1995
G01 X85.2889Y14.1618
G01 X85.3125Y14.1550
G01 X85.4221Y14.1279
G01 X85.4462Y14.1235
G01 X85.5579Y14.1073
G01 X85.5824Y14.1053
G01 X85.6951Y14.1001
G01 X85.7196Y14.1005
G01 X85.8323Y14.1063
G01 X85.8567Y14.1091
G01 X85.9683Y14.1260
G01 X85.9923Y14.1312
G01 X86.1017Y14.1589
G01 X86.1250Y14.1664
G01 X86.2312Y14.2047
G01 X86.2537Y14.2145
G01 X86.3556Y14.2630
G01 X86.3770Y14.2750
G01 X86.4737Y14.3333
G01 X86.4939Y14.3472
G01 X86.5843Y14.4147
G01 X86.6030Y14.4306
G01 X86.6864Y14.5066
G01 X86.7035Y14.5243
G01 X86.7791Y14.6081
G01 X86.7943Y14.6273
G01 X86.8613Y14.7182
G01 X86.8746Y14.7388
G01 X86.9323Y14.8357
G01 X86.9435Y14.8576
G01 X86.9915Y14.9597
G01 X87.0005Y14.9826
G01 X87.0382Y15.0889
G01 X87.0450Y15.1125
G01 X87.0721Y15.2221
G01 X87.0765Y15.2462
G01 X87.0927Y15.3579
G01 X87.0947Y15.3824
G01 X87.0999Y15.4951
G01 X87.0995Y15.5196
G01 X87.0937Y15.6323
G01 X87.0909Y15.6567
G01 X87.0740Y15.7683
G01 X87.0688Y15.7923
G01 X87.0411Y15.9017
G01 X87.0336Y15.9250
G01 X86.9953Y16.0312
G01 X86.9855Y16.0537
G01 X86.9369Y16.1556
G01 X86.9250Y16.1770
G01 X86.8667Y16.2737
G01 X86.8528Y16.2938
G01 X86.7853Y16.3843
G01 X86.7694Y16.4030
G01 X86.6934Y16.4864
G01 X86.6757Y16.5035
G01 X86.5919Y16.5791
G01 X86.5727Y16.5943
G01 X86.4818Y16.6613
G01 X86.4612Y16.6746
G01 X86.3643Y16.7323
G01 X86.3424Y16.7435
G01 X86.2403Y16.7915
G01 X86.2174Y16.8005
G01 X86.1111Y16.8382
G01 X86.0875Y16.8450
G01 X85.9779Y16.8721
G01 X85.9538Y16.8765
G01 X85.8421Y16.8927
G01 X85.8176Y16.8947
G01 X85.7049Y16.8999
G01 X85.6804Y16.8995
G01 X85.5677Y16.8937
G01 X85.5433Y16.8909
G01 X85.4317Y16.8740
G01 X85.4077Y16.8688
G01 X85.2983Y16.8411
G01 X85.2750Y16.8336
G01 X85.1688Y16.7953
G01 X85.1463Y16.7855
G01 X85.0444Y16.7369
G01 X85.0230Y16.7250
G01 X84.9263Y16.6667
G01 X84.9062Y16.6528
G01 X84.8157Y16.5853
G01 X84.7970Y16.5694
G01 X84.7136Y16.4934
G01 X84.6965Y16.4757
G01 X84.6209Y16.3919
G01 X84.6057Y16.3727
G01 X84.5387Y16.2818
G01 X84.5254Y16.2612
G01 X84.4677Y16.1643
G01 X84.4565Y16.1424
G01 X84.4085Y16.0403
G01 X84.3995Y16.0174
G01 X84.3618Y15.9111
G01 X84.3550Y15.8875
G01 X84.3279Y15.7779
G01 X84.3235Y15.7538
G01 X84.3073Y15.6421
G01 X84.3053Y15.6176
G01 X84.3001Y15.5098
G00 Z20.0000
G00 X84.3711Y15.0621
G01 Z20.0000
G01 X84.4000Y14.4730
G01 X84.1236Y8.8468
G01 X83.2971Y3.2748
G01 X81.9284Y-2.1894
G01 X81.4952Y-3.4000
G01 X81.0709Y-3.4000
G01 X81.5456Y-2.0733
G01 X82.9048Y3.3528
G01 X83.7255Y8.8860
G01 X84.0000Y14.4730
G01 X83.8537Y17.4506
G00 Z20.0000
G00 X83.4571Y17.3823
G01 Z20.0000
G01 X83.6000Y14.4730
G01 X83.3275Y8.9252
G01 X82.5124Y3.4308
G01 X81.1628Y-1.9572
G01 X80.6466Y-3.4000
G01 X80.2222Y-3.4000
G01 X80.7800Y-1.8410
G01 X82.1201Y3.5089
G01 X82.9294Y8.9644
G01 X83.2000Y14.4730
G01 X83.0552Y17.4214
G00 Z20.0000
G00 X82.6472Y17.5840
G01 Z20.0000
G01 X82.8000Y14.4730
G01 X82.5313Y9.0036
G01 X81.7278Y3.5869
G01 X80.3973Y-1.7249
G01 X79.7979Y-3.4000
G01 X79.3736Y-3.4000
G01 X80.0145Y-1.6088
G01 X81.3355Y3.6650
G01 X82.1332Y9.0428
G01 X82.4000Y14.4730
G01 X82.2296Y17.9424
G01 X81.8393Y17.7449
G01 X82.0000Y14.4730
G01 X81.7352Y9.0820
G01 X80.9432Y3.7430
G01 X79.6317Y-1.4927
G01 X78.9493Y-3.4000
G01 X78.5250Y-3.4000
G01 X79.2489Y-1.3766
G01 X80.5509Y3.8210
G01 X80.6586Y4.5474
G00 Z20.0000
G00 X80.1992Y4.1731
G01 Z20.0000
G01 X80.1586Y3.8991
G01 X78.8662Y-1.2605
G01 X78.1006Y-3.4000
G01 X77.6763Y-3.4000
G01 X78.4834Y-1.1444
G01 X79.7662Y3.9771
G01 X79.7734Y4.0255
G00 Z20.0000
G00 X79.3618Y4.0065
G01 Z20.0000
G01 X78.1006Y-1.0282
G01 X77.2520Y-3.4000
G01 X76.8277Y-3.4000
G01 X77.7178Y-0.9121
G01 X78.9726Y4.0970
G00 Z20.0000
G00 X78.6024Y4.2998
G01 Z20.0000
G01 X78.5893Y4.2112
G01 X77.3351Y-0.7960
G01 X76.4033Y-3.4000
G01 X75.9790Y-3.4000
G01 X76.9523Y-0.6799
G01 X78.1970Y4.2892
G01 X78.2530Y4.6665
G00 Z20.0000
G00 X78.5486Y6.6596
G01 Z20.0000
G01 X78.5727Y6.8219
G00 Z20.0000
G00 X78.2263Y7.2099
G01 Z20.0000
G01 X77.8047Y4.3673
G01 X76.5695Y-0.5638
G01 X75.5547Y-3.4000
G01 X75.1304Y-3.4000
G01 X76.1867Y-0.4477
G01 X77.4124Y4.4453
G01 X78.1525Y9.4349
G01 X78.1707Y9.8055
G00 Z20.0000
G00 X78.5431Y9.3450
G01 Z20.0000
G01 X78.5105Y9.1258
G00 Z20.0000
G00 X78.0001Y10.5098
G01 Z20.0000
G01 X78.0005Y10.4804
G01 X78.0058Y10.3726
G01 X78.0078Y10.3481
G01 X78.0255Y10.2267
G01 X78.0331Y10.1882
G01 X78.0594Y10.0835
G01 X78.0661Y10.0599
G01 X78.1071Y9.9443
G01 X78.1221Y9.9080
G01 X78.1749Y9.7973
G01 X78.1868Y9.7758
G01 X78.2423Y9.6832
G01 X78.2641Y9.6506
G01 X78.3374Y9.5522
G01 X78.3533Y9.5335
G01 X78.4258Y9.4536
G01 X78.4536Y9.4258
G01 X78.5447Y9.3436
G01 X78.5639Y9.3284
G01 X78.6506Y9.2641
G01 X78.6709Y9.2500
G01 X78.6506Y9.2359
G01 X78.5522Y9.1626
G01 X78.5335Y9.1467
G01 X78.4536Y9.0742
G01 X78.4359Y9.0571
G01 X78.3533Y8.9665
G01 X78.3374Y8.9478
G01 X78.2641Y8.8494
G01 X78.2423Y8.8168
G01 X78.1795Y8.7114
G01 X78.1683Y8.6896
G01 X78.1221Y8.5920
G01 X78.1088Y8.5603
G01 X78.0707Y8.4541
G01 X78.0594Y8.4165
G01 X78.0298Y8.2974
G01 X78.0255Y8.2733
G01 X78.0096Y8.1665
G01 X78.0058Y8.1274
G01 X78.0005Y8.0196
G01 X78.0001Y7.9951
G01 X78.0058Y7.8726
G01 X78.0096Y7.8335
G01 X78.0255Y7.7267
G01 X78.0298Y7.7026
G01 X78.0606Y7.5788
G01 X78.0707Y7.5459
G01 X78.1071Y7.4443
G01 X78.1221Y7.4080
G01 X78.1749Y7.2973
G01 X78.1868Y7.2758
G01 X78.2423Y7.1832
G01 X78.2641Y7.1506
G01 X78.3284Y7.0639
G01 X78.3436Y7.0447
G01 X78.4359Y6.9428
G01 X78.4536Y6.9258
G01 X78.5335Y6.8533
G01 X78.5639Y6.8284
G01 X78.6506Y6.7641
G01 X78.6709Y6.7500
G01 X78.6506Y6.7359
G01 X78.5639Y6.6716
G01 X78.5335Y6.6467
G01 X78.4536Y6.5742
G01 X78.4359Y6.5571
G01 X78.3533Y6.4665
G01 X78.3374Y6.4478
G01 X78.2556Y6.3374
G01 X78.2423Y6.3168
G01 X78.1868Y6.2242
G01 X78.1683Y6.1896
G01 X78.1201Y6.0875
G01 X78.1071Y6.0557
G01 X78.0707Y5.9541
G01 X78.0632Y5.9307
G01 X78.0331Y5.8118
G01 X78.0279Y5.7878
G01 X78.0078Y5.6519
G01 X78.0058Y5.6274
G01 X78.0005Y5.5196
G01 X78.0002Y5.4877
G01 X78.0058Y5.3726
G01 X78.0096Y5.3335
G01 X78.0255Y5.2267
G01 X78.0298Y5.2026
G01 X78.0632Y5.0693
G01 X78.0707Y5.0459
G01 X78.1124Y4.9305
G01 X78.1221Y4.9080
G01 X78.1749Y4.7973
G01 X78.1868Y4.7758
G01 X78.2501Y4.6708
G01 X78.2641Y4.6506
G01 X78.3374Y4.5522
G01 X78.3533Y4.5335
G01 X78.4359Y4.4428
G01 X78.4536Y4.4258
G01 X78.5447Y4.3436
G01 X78.5639Y4.3284
G01 X78.6626Y4.2556
G01 X78.6832Y4.2423
G01 X78.7886Y4.1795
G01 X78.8104Y4.1683
G01 X78.9215Y4.1161
G01 X78.9443Y4.1071
G01 X79.0599Y4.0661
G01 X79.0835Y4.0594
G01 X79.2026Y4.0298
G01 X79.2267Y4.0255
G01 X79.3481Y4.0078
G01 X79.3726Y4.0058
G01 X79.4951Y4.0001
G01 X79.5196Y4.0005
G01 X79.6421Y4.0068
G01 X79.6665Y4.0096
G01 X79.7878Y4.0279
G01 X79.8118Y4.0331
G01 X79.9307Y4.0632
G01 X79.9541Y4.0707
G01 X80.0557Y4.1071
G01 X80.0920Y4.1221
G01 X80.1896Y4.1683
G01 X80.2114Y4.1795
G01 X80.3292Y4.2501
G01 X80.3494Y4.2641
G01 X80.4361Y4.3284
G01 X80.4665Y4.3533
G01 X80.5464Y4.4258
G01 X80.5641Y4.4428
G01 X80.6564Y4.5447
G01 X80.6716Y4.5639
G01 X80.7359Y4.6506
G01 X80.7577Y4.6832
G01 X80.8132Y4.7758
G01 X80.8251Y4.7973
G01 X80.8839Y4.9215
G01 X80.8929Y4.9443
G01 X80.9293Y5.0459
G01 X80.9406Y5.0835
G01 X80.9669Y5.1882
G01 X80.9721Y5.2122
G01 X80.9904Y5.3335
G01 X80.9942Y5.3726
G01 X80.9995Y5.4804
G01 X80.9999Y5.5049
G01 X80.9942Y5.6274
G01 X80.9904Y5.6665
G01 X80.9745Y5.7733
G01 X80.9702Y5.7974
G01 X80.9394Y5.9212
G01 X80.9293Y5.9541
G01 X80.8929Y6.0557
G01 X80.8779Y6.0920
G01 X80.8251Y6.2027
G01 X80.8132Y6.2242
G01 X80.7577Y6.3168
G01 X80.7359Y6.3494
G01 X80.6716Y6.4361
G01 X80.6564Y6.4553
G01 X80.5641Y6.5572
G01 X80.5464Y6.5742
G01 X80.4665Y6.6467
G01 X80.4361Y6.6716
G01 X80.3494Y6.7359
G01 X80.3291Y6.7500
G01 X80.3494Y6.7641
G01 X80.4478Y6.8374
G01 X80.4665Y6.8533
G01 X80.5464Y6.9258
G01 X80.5641Y6.9428
G01 X80.6467Y7.0335
G01 X80.6626Y7.0522
G01 X80.7359Y7.1506
G01 X80.7577Y7.1832
G01 X80.8157Y7.2801
G01 X80.8317Y7.3104
G01 X80.8779Y7.4080
G01 X80.8876Y7.4305
G01 X80.9293Y7.5459
G01 X80.9406Y7.5835
G01 X80.9702Y7.7026
G01 X80.9745Y7.7267
G01 X80.9904Y7.8335
G01 X80.9942Y7.8726
G01 X80.9995Y7.9804
G01 X80.9999Y8.0049
G01 X80.9942Y8.1274
G01 X80.9904Y8.1665
G01 X80.9745Y8.2733
G01 X80.9702Y8.2974
G01 X80.9394Y8.4213
G01 X80.9293Y8.4541
G01 X80.8929Y8.5557
G01 X80.8779Y8.5920
G01 X80.8317Y8.6896
G01 X80.8205Y8.7114
G01 X80.7577Y8.8168
G01 X80.7359Y8.8494
G01 X80.6716Y8.9361
G01 X80.6564Y8.9554
G01 X80.5641Y9.0571
G01 X80.5464Y9.0742
G01 X80.4665Y9.1467
G01 X80.4361Y9.1716
G01 X80.3494Y9.2359
G01 X80.3291Y9.2500
G01 X80.3494Y9.2641
G01 X80.4361Y9.3284
G01 X80.4665Y9.3533
G01 X80.5464Y9.4258
G01 X80.5641Y9.4429
G01 X80.6467Y9.5335
G01 X80.6626Y9.5522
G01 X80.7444Y9.6626
G01 X80.7577Y9.6832
G01 X80.8132Y9.7758
G01 X80.8296Y9.8060
G01 X80.8779Y9.9080
G01 X80.8929Y9.9443
G01 X80.9293Y10.0459
G01 X80.9368Y10.0693
G01 X80.9702Y10.2026
G01 X80.9745Y10.2267
G01 X80.9922Y10.3481
G01 X80.9942Y10.3726
G01 X80.9995Y10.4804
G01 X80.9995Y10.5196
G01 X80.9939Y10.6323
G01 X80.9904Y10.6665
G01 X80.9745Y10.7733
G01 X80.9702Y10.7974
G01 X80.9368Y10.9307
G01 X80.9293Y10.9541
G01 X80.8876Y11.0695
G01 X80.8779Y11.0920
G01 X80.8317Y11.1896
G01 X80.8132Y11.2242
G01 X80.7551Y11.3209
G01 X80.7359Y11.3494
G01 X80.6716Y11.4361
G01 X80.6564Y11.4554
G01 X80.5742Y11.5464
G01 X80.5571Y11.5641
G01 X80.4665Y11.6467
G01 X80.4478Y11.6626
G01 X80.3494Y11.7359
G01 X80.3292Y11.7499
G01 X80.2242Y11.8132
G01 X80.2027Y11.8251
G01 X80.0785Y11.8839
G01 X80.0557Y11.8929
G01 X79.9401Y11.9339
G01 X79.9165Y11.9406
G01 X79.8118Y11.9669
G01 X79.7733Y11.9745
G01 X79.6616Y11.9910
G01 X79.6274Y11.9942
G01 X79.5196Y11.9995
G01 X79.4951Y11.9999
G01 X79.3726Y11.9942
G01 X79.3335Y11.9904
G01 X79.2267Y11.9745
G01 X79.2026Y11.9702
G01 X79.0835Y11.9406
G01 X79.0599Y11.9339
G01 X78.9305Y11.8876
G01 X78.9080Y11.8779
G01 X78.7973Y11.8251
G01 X78.7758Y11.8132
G01 X78.6708Y11.7499
G01 X78.6506Y11.7359
G01 X78.5522Y11.6626
G01 X78.5335Y11.6467
G01 X78.4429Y11.5641
G01 X78.4258Y11.5464
G01 X78.3533Y11.4665
G01 X78.3284Y11.4361
G01 X78.2556Y11.3374
G01 X78.2423Y11.3168
G01 X78.1868Y11.2242
G01 X78.1704Y11.1940
G01 X78.1221Y11.0920
G01 X78.1071Y11.0557
G01 X78.0707Y10.9541
G01 X78.0632Y10.9307
G01 X78.0331Y10.8118
G01 X78.0279Y10.7878
G01 X78.0078Y10.6519
G01 X78.0058Y10.6274
G01 X78.0001Y10.5098
G00 Z20.0000
G00 X78.2452Y11.3214
G01 Z20.0000
G01 X78.4000Y14.4730
G01 X78.2571Y17.3826
G00 Z20.0000
G00 X78.6553Y17.4190
G01 Z20.0000
G01 X78.8000Y14.4730
G01 X78.6661Y11.7467
G00 Z20.0000
G00 X79.0755Y11.9385
G01 Z20.0000
G01 X79.2000Y14.4730
G01 X79.0479Y17.5690
G00 Z20.0000
G00 X79.4328Y17.8762
G01 Z20.0000
G01 X79.6000Y14.4730
G01 X79.4785Y11.9994
G00 Z20.0000
G00 X79.8761Y11.9508
G01 Z20.0000
G01 X80.0000Y14.4730
G01 X79.8373Y17.7843
G00 Z20.0000
G00 X80.2508Y17.5103
G01 Z20.0000
G01 X80.4000Y14.4730
G01 X80.2680Y11.7869
G00 Z20.0000
G00 X80.6520Y11.4604
G01 Z20.0000
G01 X80.8000Y14.4730
G01 X80.6564Y17.3951
G00 Z20.0000
G00 X81.0565Y17.3941
G01 Z20.0000
G01 X81.2000Y14.4730
G01 X80.9390Y9.1604
G01 X80.8602Y8.6293
G00 Z20.0000
G00 X80.5252Y9.0935
G01 Z20.0000
G01 X80.5409Y9.1996
G01 X80.5523Y9.4313
G00 Z20.0000
G00 X80.6190Y7.0030
G01 Z20.0000
G01 X80.5543Y6.5668
G00 Z20.0000
G00 X80.8853Y6.0752
G01 Z20.0000
G01 X81.3371Y9.1212
G01 X81.6000Y14.4730
G01 X81.4512Y17.5018
G00 Z20.0000
G00 X82.1433Y19.6984
G01 Z20.0000
G01 X82.1332Y19.9031
G01 X81.3640Y25.0886
G00 Z20.0000
G00 X80.9725Y25.0050
G01 Z20.0000
G01 X81.6964Y20.1251
G00 Z20.0000
G00 X81.2630Y20.3240
G01 Z20.0000
G01 X80.5651Y25.0293
G00 Z20.0000
G00 X80.1213Y25.1955
G01 Z20.0000
G01 X80.1586Y25.0469
G01 X80.8509Y20.3798
G00 Z20.0000
G00 X80.4553Y20.3236
G01 Z20.0000
G01 X79.7662Y24.9688
G01 X79.5845Y25.6945
G00 Z20.0000
G00 X79.2630Y25.3337
G01 Z20.0000
G01 X79.3739Y24.8908
G01 X80.0761Y20.1574
G00 Z20.0000
G00 X79.7176Y19.8512
G01 Z20.0000
G01 X78.9816Y24.8127
G01 X78.9049Y25.1189
G00 Z20.0000
G00 X78.5192Y25.0145
G01 Z20.0000
G01 X78.5893Y24.7347
G01 X79.2879Y20.0254
G00 Z20.0000
G00 X78.8457Y20.2836
G01 Z20.0000
G01 X78.1970Y24.6567
G01 X78.1068Y25.0165
G00 Z20.0000
G00 X77.6605Y25.1541
G01 Z20.0000
G01 X77.8047Y24.5786
G01 X78.4282Y20.3752
G00 Z20.0000
G00 X78.0279Y20.3512
G01 Z20.0000
G01 X77.4124Y24.5006
G01 X77.1448Y25.5687
G01 X76.7794Y25.3832
G01 X77.0201Y24.4226
G01 X77.6437Y20.2180
G00 Z20.0000
G00 X77.2783Y19.9585
G01 Z20.0000
G01 X76.6277Y24.3445
G01 X76.4265Y25.1479
G00 Z20.0000
G00 X76.0456Y25.0243
G01 Z20.0000
G01 X76.2354Y24.2665
G01 X76.8841Y19.8934
G00 Z20.0000
G00 X76.4302Y20.2303
G01 Z20.0000
G01 X75.8431Y24.1885
G01 X75.6381Y25.0068
G00 Z20.0000
G00 X75.1986Y25.1174
G01 Z20.0000
G01 X75.4508Y24.1104
G01 X76.0069Y20.3614
G00 Z20.0000
G00 X75.6019Y20.3687
G01 Z20.0000
G01 X75.0585Y24.0324
G01 X74.7012Y25.4586
G01 X74.2955Y25.4343
G01 X74.6662Y23.9543
G01 X75.2129Y20.2686
G00 Z20.0000
G00 X74.8415Y20.0498
G01 Z20.0000
G01 X74.2739Y23.8763
G01 X73.9479Y25.1776
G00 Z20.0000
G00 X73.5710Y25.0379
G01 Z20.0000
G01 X73.8815Y23.7983
G01 X74.4876Y19.7127
G00 Z20.0000
G00 X74.0171Y20.1615
G01 Z20.0000
G01 X73.4892Y23.7202
G01 X73.1679Y25.0031
G00 Z20.0000
G00 X72.7345Y25.0892
G01 Z20.0000
G01 X73.0969Y23.6422
G01 X73.5870Y20.3380
G00 Z20.0000
G00 X73.1773Y20.3774
G01 Z20.0000
G01 X72.7046Y23.5642
G01 X72.2514Y25.3734
G01 X71.8097Y25.4927
G01 X72.3123Y23.4861
G01 X72.7836Y20.3084
G00 Z20.0000
G00 X72.4067Y20.1271
G01 Z20.0000
G01 X71.9200Y23.4081
G01 X71.4679Y25.2130
G00 Z20.0000
G00 X71.0958Y25.0542
G01 Z20.0000
G01 X71.5277Y23.3301
G01 X72.0521Y19.7942
G01 X71.6069Y20.0733
G01 X71.1353Y23.2520
G01 X70.6975Y25.0001
G00 Z20.0000
G00 X70.2698Y25.0631
G01 Z20.0000
G01 X70.7430Y23.1740
G01 X71.1687Y20.3040
G00 Z20.0000
G00 X70.7539Y20.3778
G01 Z20.0000
G01 X70.3507Y23.0960
G01 X69.7978Y25.3032
G01 X69.3233Y25.5532
G01 X69.9584Y23.0179
G01 X70.3558Y20.3388
G00 Z20.0000
G00 X69.9737Y20.1919
G01 Z20.0000
G01 X69.5661Y22.9399
G01 X68.9876Y25.2491
G00 Z20.0000
G00 X68.6199Y25.0728
G01 Z20.0000
G01 X69.1738Y22.8618
G01 X69.6115Y19.9107
G01 X69.2004Y19.9597
G01 X68.7815Y22.7838
G01 X68.2256Y25.0027
G00 Z20.0000
G00 X67.8034Y25.0444
G01 Z20.0000
G01 X68.3891Y22.7058
G01 X68.7523Y20.2577
G00 Z20.0000
G00 X68.3318Y20.3696
G01 Z20.0000
G01 X67.9968Y22.6277
G01 X67.3417Y25.2433
G00 Z20.0000
G00 X66.8349Y25.6222
G01 Z20.0000
G01 X67.6045Y22.5497
G01 X67.9292Y20.3608
G00 Z20.0000
G00 X67.5424Y20.2457
G01 Z20.0000
G01 X67.2122Y22.4717
G01 X66.5059Y25.2912
G00 Z20.0000
G00 X66.1431Y25.0955
G01 Z20.0000
G01 X66.8199Y22.3936
G01 X67.1737Y20.0087
G01 X66.8000Y19.8048
G01 X66.4276Y22.3156
G01 X65.7536Y25.0062
G00 Z20.0000
G00 X65.3365Y25.0272
G01 Z20.0000
G01 X66.0353Y22.2376
G01 X66.3380Y20.1968
G00 Z20.0000
G00 X65.9111Y20.3514
G01 Z20.0000
G01 X65.6429Y22.1595
G01 X64.8827Y25.1947
G00 Z20.0000
G00 X64.3453Y25.6959
G01 Z20.0000
G01 X65.2506Y22.0815
G01 X65.5038Y20.3748
G00 Z20.0000
G00 X65.1125Y20.2901
G01 Z20.0000
G01 X64.8583Y22.0034
G01 X64.0239Y25.3344
G00 Z20.0000
G00 X63.6659Y25.1194
G01 Z20.0000
G01 X64.4660Y21.9254
G01 X64.7380Y20.0917
G00 Z20.0000
G00 X64.3872Y19.7336
G01 Z20.0000
G01 X64.0737Y21.8474
G01 X63.2803Y25.0146
G00 Z20.0000
G00 X62.8680Y25.0164
G01 Z20.0000
G01 X63.6814Y21.7693
G01 X63.9263Y20.1181
G00 Z20.0000
G00 X63.4922Y20.3217
G01 Z20.0000
G01 X63.2891Y21.6913
G01 X62.4218Y25.1534
G00 Z20.0000
G00 X61.8082Y25.7007
G01 Z20.0000
G01 X62.0240Y25.0974
G01 X62.8967Y21.6133
G01 X63.0797Y20.3799
G00 Z20.0000
G00 X62.6838Y20.3257
G01 Z20.0000
G01 X62.5044Y21.5352
G01 X61.6412Y24.9813
G01 X61.5077Y25.3544
G00 Z20.0000
G00 X61.1615Y25.1361
G01 Z20.0000
G01 X61.2585Y24.8652
G01 X62.1121Y21.4572
G01 X62.3042Y20.1623
G00 Z20.0000
G00 X61.9452Y19.8596
G01 Z20.0000
G01 X61.7198Y21.3792
G01 X60.8757Y24.7490
G01 X60.7786Y25.0203
G00 Z20.0000
G00 X60.3573Y25.0120
G01 Z20.0000
G01 X60.4929Y24.6329
G01 X61.3275Y21.3011
G01 X61.5181Y20.0161
G00 Z20.0000
G00 X61.0750Y20.2803
G01 Z20.0000
G01 X60.9352Y21.2231
G01 X60.1101Y24.5168
G01 X59.8824Y25.1532
G00 Z20.0000
G00 X59.2644Y25.6945
G01 Z20.0000
G01 X59.7274Y24.4007
G01 X60.5429Y21.1450
G01 X60.6571Y20.3747
G00 Z20.0000
G00 X60.2565Y20.3528
G01 Z20.0000
G01 X60.1505Y21.0670
G01 X59.3446Y24.2846
G01 X58.9632Y25.3504
G00 Z20.0000
G00 X58.6164Y25.1337
G01 Z20.0000
G01 X58.9618Y24.1685
G01 X59.7582Y20.9890
G01 X59.8720Y20.2219
G00 Z20.0000
G00 X59.5061Y19.9656
G01 Z20.0000
G01 X59.3659Y20.9109
G01 X58.5790Y24.0524
G01 X58.2330Y25.0195
G00 Z20.0000
G00 X57.8110Y25.0130
G01 Z20.0000
G01 X58.1963Y23.9362
G01 X58.9736Y20.8329
G01 X59.1147Y19.8818
G00 Z20.0000
G00 X58.6598Y20.2258
G01 Z20.0000
G01 X58.5813Y20.7549
G01 X57.8135Y23.8201
G01 X57.3353Y25.1565
G00 Z20.0000
G00 X56.6933Y25.7651
G01 Z20.0000
G01 X57.4307Y23.7040
G01 X58.1890Y20.6768
G01 X58.2360Y20.3601
G00 Z20.0000
G00 X56.5001Y18.8898
G01 Z20.0000
G01 X56.5005Y18.8604
G01 X56.5068Y18.7379
G01 X56.5096Y18.7135
G01 X56.5279Y18.5922
G01 X56.5331Y18.5682
G01 X56.5632Y18.4493
G01 X56.5707Y18.4259
G01 X56.6124Y18.3105
G01 X56.6221Y18.2880
G01 X56.6749Y18.1773
G01 X56.6868Y18.1558
G01 X56.7501Y18.0508
G01 X56.7641Y18.0306
G01 X56.8374Y17.9322
G01 X56.8533Y17.9135
G01 X56.9359Y17.8229
G01 X56.9536Y17.8058
G01 X57.0447Y17.7236
G01 X57.0639Y17.7084
G01 X57.1626Y17.6356
G01 X57.1832Y17.6223
G01 X57.2886Y17.5595
G01 X57.3104Y17.5483
G01 X57.4215Y17.4961
G01 X57.4443Y17.4871
G01 X57.5599Y17.4461
G01 X57.5835Y17.4394
G01 X57.7026Y17.4098
G01 X57.7267Y17.4055
G01 X57.8481Y17.3878
G01 X57.8726Y17.3858
G01 X57.9951Y17.3801
G01 X58.0196Y17.3805
G01 X58.1274Y17.3858
G01 X58.1519Y17.3878
G01 X58.2733Y17.4055
G01 X58.3118Y17.4131
G01 X58.4165Y17.4394
G01 X58.4401Y17.4461
G01 X58.5557Y17.4871
G01 X58.5920Y17.5021
G01 X58.6896Y17.5483
G01 X58.7114Y17.5595
G01 X58.8168Y17.6223
G01 X58.8494Y17.6441
G01 X58.9361Y17.7084
G01 X58.9553Y17.7236
G01 X59.0500Y17.8091
G01 X59.0742Y17.8336
G01 X59.1467Y17.9135
G01 X59.1626Y17.9322
G01 X59.2388Y18.0346
G01 X59.2499Y18.0508
G01 X59.2700Y18.0837
G01 X59.2901Y18.0508
G01 X59.3012Y18.0346
G01 X59.3774Y17.9322
G01 X59.3933Y17.9135
G01 X59.4658Y17.8336
G01 X59.4900Y17.8091
G01 X59.5847Y17.7236
G01 X59.6039Y17.7084
G01 X59.6906Y17.6441
G01 X59.7232Y17.6223
G01 X59.8286Y17.5595
G01 X59.8504Y17.5483
G01 X59.9480Y17.5021
G01 X59.9705Y17.4924
G01 X60.0859Y17.4507
G01 X60.1235Y17.4394
G01 X60.2282Y17.4131
G01 X60.2522Y17.4079
G01 X60.3735Y17.3896
G01 X60.4126Y17.3858
G01 X60.5351Y17.3801
G01 X60.5596Y17.3805
G01 X60.6674Y17.3858
G01 X60.6919Y17.3878
G01 X60.8133Y17.4055
G01 X60.8518Y17.4131
G01 X60.9565Y17.4394
G01 X60.9801Y17.4461
G01 X61.0957Y17.4871
G01 X61.1320Y17.5021
G01 X61.2296Y17.5483
G01 X61.2514Y17.5595
G01 X61.3568Y17.6223
G01 X61.3894Y17.6441
G01 X61.4761Y17.7084
G01 X61.4953Y17.7236
G01 X61.5900Y17.8091
G01 X61.6142Y17.8336
G01 X61.6867Y17.9135
G01 X61.7026Y17.9322
G01 X61.7788Y18.0346
G01 X61.7899Y18.0508
G01 X61.8100Y18.0837
G01 X61.8301Y18.0508
G01 X61.8412Y18.0346
G01 X61.9174Y17.9322
G01 X61.9333Y17.9135
G01 X62.0058Y17.8336
G01 X62.0300Y17.8091
G01 X62.1247Y17.7236
G01 X62.1439Y17.7084
G01 X62.2306Y17.6441
G01 X62.2632Y17.6223
G01 X62.3686Y17.5595
G01 X62.3904Y17.5483
G01 X62.4880Y17.5021
G01 X62.5105Y17.4924
G01 X62.6259Y17.4507
G01 X62.6635Y17.4394
G01 X62.7682Y17.4131
G01 X62.7922Y17.4079
G01 X62.9135Y17.3896
G01 X62.9526Y17.3858
G01 X63.0751Y17.3801
G01 X63.0996Y17.3805
G01 X63.2074Y17.3858
G01 X63.2319Y17.3878
G01 X63.3533Y17.4055
G01 X63.3918Y17.4131
G01 X63.4965Y17.4394
G01 X63.5201Y17.4461
G01 X63.6357Y17.4871
G01 X63.6720Y17.5021
G01 X63.7696Y17.5483
G01 X63.7914Y17.5595
G01 X63.8968Y17.6223
G01 X63.9294Y17.6441
G01 X64.0161Y17.7084
G01 X64.0353Y17.7236
G01 X64.1300Y17.8091
G01 X64.1542Y17.8336
G01 X64.2267Y17.9135
G01 X64.2426Y17.9322
G01 X64.3188Y18.0346
G01 X64.3299Y18.0508
G01 X64.3500Y18.0837
G01 X64.3701Y18.0508
G01 X64.3812Y18.0346
G01 X64.4574Y17.9322
G01 X64.4733Y17.9135
G01 X64.5458Y17.8336
G01 X64.5700Y17.8091
G01 X64.6647Y17.7236
G01 X64.6839Y17.7084
G01 X64.7706Y17.6441
G01 X64.8032Y17.6223
G01 X64.9086Y17.5595
G01 X64.9304Y17.5483
G01 X65.0280Y17.5021
G01 X65.0505Y17.4924
G01 X65.1659Y17.4507
G01 X65.2035Y17.4394
G01 X65.3082Y17.4131
G01 X65.3322Y17.4079
G01 X65.4535Y17.3896
G01 X65.4926Y17.3858
G01 X65.6053Y17.3803
G01 X65.6396Y17.3805
G01 X65.7474Y17.3858
G01 X65.7719Y17.3878
G01 X65.8933Y17.4055
G01 X65.9318Y17.4131
G01 X66.0365Y17.4394
G01 X66.0601Y17.4461
G01 X66.1757Y17.4871
G01 X66.2120Y17.5021
G01 X66.3096Y17.5483
G01 X66.3314Y17.5595
G01 X66.4368Y17.6223
G01 X66.4694Y17.6441
G01 X66.5561Y17.7084
G01 X66.5753Y17.7236
G01 X66.6700Y17.8091
G01 X66.6942Y17.8336
G01 X66.7667Y17.9135
G01 X66.7826Y17.9322
G01 X66.8588Y18.0346
G01 X66.8699Y18.0508
G01 X66.8900Y18.0837
G01 X66.9101Y18.0508
G01 X66.9212Y18.0346
G01 X66.9974Y17.9322
G01 X67.0133Y17.9135
G01 X67.0858Y17.8336
G01 X67.1100Y17.8091
G01 X67.2047Y17.7236
G01 X67.2239Y17.7084
G01 X67.3106Y17.6441
G01 X67.3432Y17.6223
G01 X67.4486Y17.5595
G01 X67.4704Y17.5483
G01 X67.5680Y17.5021
G01 X67.5905Y17.4924
G01 X67.7059Y17.4507
G01 X67.7435Y17.4394
G01 X67.8482Y17.4131
G01 X67.8722Y17.4079
G01 X67.9935Y17.3896
G01 X68.0326Y17.3858
G01 X68.1453Y17.3803
G01 X68.1796Y17.3805
G01 X68.2874Y17.3858
G01 X68.3119Y17.3878
G01 X68.4333Y17.4055
G01 X68.4718Y17.4131
G01 X68.5765Y17.4394
G01 X68.6001Y17.4461
G01 X68.7157Y17.4871
G01 X68.7520Y17.5021
G01 X68.8496Y17.5483
G01 X68.8714Y17.5595
G01 X68.9768Y17.6223
G01 X69.0094Y17.6441
G01 X69.0961Y17.7084
G01 X69.1153Y17.7236
G01 X69.2100Y17.8091
G01 X69.2342Y17.8336
G01 X69.3067Y17.9135
G01 X69.3226Y17.9322
G01 X69.3988Y18.0346
G01 X69.4099Y18.0508
G01 X69.4300Y18.0837
G01 X69.4501Y18.0508
G01 X69.4612Y18.0346
G01 X69.5374Y17.9322
G01 X69.5533Y17.9135
G01 X69.6258Y17.8336
G01 X69.6500Y17.8091
G01 X69.7447Y17.7236
G01 X69.7639Y17.7084
G01 X69.8506Y17.6441
G01 X69.8832Y17.6223
G01 X69.9886Y17.5595
G01 X70.0104Y17.5483
G01 X70.1080Y17.5021
G01 X70.1305Y17.4924
G01 X70.2459Y17.4507
G01 X70.2835Y17.4394
G01 X70.3882Y17.4131
G01 X70.4122Y17.4079
G01 X70.5335Y17.3896
G01 X70.5726Y17.3858
G01 X70.6853Y17.3803
G01 X70.7196Y17.3805
G01 X70.8274Y17.3858
G01 X70.8519Y17.3878
G01 X70.9733Y17.4055
G01 X71.0118Y17.4131
G01 X71.1165Y17.4394
G01 X71.1401Y17.4461
G01 X71.2557Y17.4871
G01 X71.2920Y17.5021
G01 X71.3896Y17.5483
G01 X71.4114Y17.5595
G01 X71.5168Y17.6223
G01 X71.5494Y17.6441
G01 X71.6361Y17.7084
G01 X71.6553Y17.7236
G01 X71.7500Y17.8091
G01 X71.7742Y17.8336
G01 X71.8467Y17.9135
G01 X71.8626Y17.9322
G01 X71.9388Y18.0346
G01 X71.9499Y18.0508
G01 X71.9700Y18.0837
G01 X71.9901Y18.0508
G01 X72.0012Y18.0346
G01 X72.0774Y17.9322
G01 X72.0933Y17.9135
G01 X72.1658Y17.8336
G01 X72.1900Y17.8091
G01 X72.2847Y17.7236
G01 X72.3039Y17.7084
G01 X72.3906Y17.6441
G01 X72.4232Y17.6223
G01 X72.5286Y17.5595
G01 X72.5504Y17.5483
G01 X72.6480Y17.5021
G01 X72.6705Y17.4924
G01 X72.7859Y17.4507
G01 X72.8235Y17.4394
G01 X72.9330Y17.4120
G01 X72.9667Y17.4055
G01 X73.0735Y17.3896
G01 X73.0979Y17.3868
G01 X73.2204Y17.3805
G01 X73.2596Y17.3805
G01 X73.3821Y17.3868
G01 X73.4065Y17.3896
G01 X73.5133Y17.4055
G01 X73.5518Y17.4131
G01 X73.6565Y17.4394
G01 X73.6801Y17.4461
G01 X73.7957Y17.4871
G01 X73.8320Y17.5021
G01 X73.9296Y17.5483
G01 X73.9514Y17.5595
G01 X74.0568Y17.6223
G01 X74.0894Y17.6441
G01 X74.1761Y17.7084
G01 X74.1953Y17.7236
G01 X74.2900Y17.8091
G01 X74.3142Y17.8336
G01 X74.3867Y17.9135
G01 X74.4026Y17.9322
G01 X74.4788Y18.0346
G01 X74.4899Y18.0508
G01 X74.5100Y18.0837
G01 X74.5301Y18.0508
G01 X74.5412Y18.0346
G01 X74.6174Y17.9322
G01 X74.6333Y17.9135
G01 X74.7159Y17.8228
G01 X74.7336Y17.8058
G01 X74.8247Y17.7236
G01 X74.8439Y17.7084
G01 X74.9426Y17.6356
G01 X74.9632Y17.6223
G01 X75.0686Y17.5595
G01 X75.0904Y17.5483
G01 X75.1880Y17.5021
G01 X75.2105Y17.4924
G01 X75.3259Y17.4507
G01 X75.3493Y17.4432
G01 X75.4682Y17.4131
G01 X75.4922Y17.4079
G01 X75.6281Y17.3878
G01 X75.6526Y17.3858
G01 X75.7604Y17.3805
G01 X75.7996Y17.3805
G01 X75.9074Y17.3858
G01 X75.9319Y17.3878
G01 X76.0678Y17.4079
G01 X76.0918Y17.4131
G01 X76.1965Y17.4394
G01 X76.2341Y17.4507
G01 X76.3357Y17.4871
G01 X76.3585Y17.4961
G01 X76.4827Y17.5549
G01 X76.5042Y17.5668
G01 X76.5968Y17.6223
G01 X76.6294Y17.6441
G01 X76.7161Y17.7084
G01 X76.7353Y17.7236
G01 X76.8371Y17.8159
G01 X76.8542Y17.8336
G01 X76.9299Y17.9172
G01 X76.9516Y17.9439
G01 X77.0188Y18.0346
G01 X77.0299Y18.0508
G01 X77.0500Y18.0837
G01 X77.0701Y18.0508
G01 X77.0812Y18.0346
G01 X77.1574Y17.9322
G01 X77.1733Y17.9135
G01 X77.2458Y17.8336
G01 X77.2736Y17.8058
G01 X77.3647Y17.7236
G01 X77.3839Y17.7084
G01 X77.4706Y17.6441
G01 X77.5032Y17.6223
G01 X77.5958Y17.5668
G01 X77.6260Y17.5504
G01 X77.7415Y17.4961
G01 X77.7643Y17.4871
G01 X77.8659Y17.4507
G01 X77.9035Y17.4394
G01 X78.0082Y17.4131
G01 X78.0322Y17.4079
G01 X78.1681Y17.3878
G01 X78.1926Y17.3858
G01 X78.3004Y17.3805
G01 X78.3396Y17.3805
G01 X78.4474Y17.3858
G01 X78.4719Y17.3878
G01 X78.5933Y17.4055
G01 X78.6174Y17.4098
G01 X78.7365Y17.4394
G01 X78.7741Y17.4507
G01 X78.8895Y17.4924
G01 X78.9120Y17.5021
G01 X79.0096Y17.5483
G01 X79.0442Y17.5668
G01 X79.1409Y17.6249
G01 X79.1694Y17.6441
G01 X79.2678Y17.7174
G01 X79.2865Y17.7333
G01 X79.3664Y17.8058
G01 X79.3841Y17.8229
G01 X79.4667Y17.9135
G01 X79.4826Y17.9322
G01 X79.5588Y18.0346
G01 X79.5699Y18.0508
G01 X79.5900Y18.0837
G01 X79.6101Y18.0508
G01 X79.6212Y18.0346
G01 X79.6974Y17.9322
G01 X79.7133Y17.9135
G01 X79.7959Y17.8229
G01 X79.8136Y17.8058
G01 X79.8935Y17.7333
G01 X79.9122Y17.7174
G01 X80.0106Y17.6441
G01 X80.0432Y17.6223
G01 X80.1358Y17.5668
G01 X80.1573Y17.5549
G01 X80.2680Y17.5021
G01 X80.3043Y17.4871
G01 X80.4106Y17.4492
G01 X80.4435Y17.4394
G01 X80.5482Y17.4131
G01 X80.5722Y17.4079
G01 X80.6935Y17.3896
G01 X80.7326Y17.3858
G01 X80.8404Y17.3805
G01 X80.8649Y17.3801
G01 X80.9874Y17.3858
G01 X81.0265Y17.3896
G01 X81.1333Y17.4055
G01 X81.1574Y17.4098
G01 X81.2765Y17.4394
G01 X81.3141Y17.4507
G01 X81.4157Y17.4871
G01 X81.4385Y17.4961
G01 X81.5540Y17.5504
G01 X81.5842Y17.5668
G01 X81.6768Y17.6223
G01 X81.7094Y17.6441
G01 X81.7961Y17.7084
G01 X81.8153Y17.7236
G01 X81.9064Y17.8058
G01 X81.9342Y17.8336
G01 X82.0067Y17.9135
G01 X82.0226Y17.9322
G01 X82.0988Y18.0346
G01 X82.1099Y18.0508
G01 X82.1300Y18.0837
G01 X82.1501Y18.0508
G01 X82.1612Y18.0346
G01 X82.2374Y17.9322
G01 X82.2533Y17.9135
G01 X82.3359Y17.8229
G01 X82.3536Y17.8058
G01 X82.4335Y17.7333
G01 X82.4522Y17.7174
G01 X82.5506Y17.6441
G01 X82.5791Y17.6249
G01 X82.6758Y17.5668
G01 X82.7104Y17.5483
G01 X82.8215Y17.4961
G01 X82.8443Y17.4871
G01 X82.9459Y17.4507
G01 X82.9835Y17.4394
G01 X83.1026Y17.4098
G01 X83.1267Y17.4055
G01 X83.2481Y17.3878
G01 X83.2726Y17.3858
G01 X83.3804Y17.3805
G01 X83.4196Y17.3805
G01 X83.5274Y17.3858
G01 X83.5519Y17.3878
G01 X83.6878Y17.4079
G01 X83.7118Y17.4131
G01 X83.8165Y17.4394
G01 X83.8541Y17.4507
G01 X83.9557Y17.4871
G01 X83.9785Y17.4961
G01 X84.0940Y17.5504
G01 X84.1242Y17.5668
G01 X84.2168Y17.6223
G01 X84.2494Y17.6441
G01 X84.3478Y17.7174
G01 X84.3665Y17.7333
G01 X84.4464Y17.8058
G01 X84.4742Y17.8336
G01 X84.5467Y17.9135
G01 X84.5626Y17.9322
G01 X84.6388Y18.0346
G01 X84.6499Y18.0508
G01 X84.6700Y18.0837
G01 X84.6901Y18.0508
G01 X84.7012Y18.0346
G01 X84.7684Y17.9439
G01 X84.7901Y17.9172
G01 X84.8658Y17.8336
G01 X84.8829Y17.8159
G01 X84.9847Y17.7236
G01 X85.0039Y17.7084
G01 X85.0906Y17.6441
G01 X85.1232Y17.6223
G01 X85.2158Y17.5668
G01 X85.2373Y17.5549
G01 X85.3615Y17.4961
G01 X85.3843Y17.4871
G01 X85.4859Y17.4507
G01 X85.5235Y17.4394
G01 X85.6282Y17.4131
G01 X85.6522Y17.4079
G01 X85.7881Y17.3878
G01 X85.8126Y17.3858
G01 X85.9204Y17.3805
G01 X85.9596Y17.3805
G01 X86.0674Y17.3858
G01 X86.0919Y17.3878
G01 X86.2278Y17.4079
G01 X86.2518Y17.4131
G01 X86.3565Y17.4394
G01 X86.3801Y17.4461
G01 X86.4957Y17.4871
G01 X86.5185Y17.4961
G01 X86.6296Y17.5483
G01 X86.6514Y17.5595
G01 X86.7568Y17.6223
G01 X86.7774Y17.6356
G01 X86.8761Y17.7084
G01 X86.8953Y17.7236
G01 X86.9864Y17.8058
G01 X87.0041Y17.8229
G01 X87.0867Y17.9135
G01 X87.1026Y17.9322
G01 X87.1788Y18.0346
G01 X87.1899Y18.0508
G01 X87.2100Y18.0837
G01 X87.2301Y18.0508
G01 X87.2412Y18.0346
G01 X87.3174Y17.9322
G01 X87.3333Y17.9135
G01 X87.4058Y17.8336
G01 X87.4336Y17.8058
G01 X87.5247Y17.7236
G01 X87.5439Y17.7084
G01 X87.6306Y17.6441
G01 X87.6632Y17.6223
G01 X87.7558Y17.5668
G01 X87.7860Y17.5504
G01 X87.9015Y17.4961
G01 X87.9243Y17.4871
G01 X88.0259Y17.4507
G01 X88.0635Y17.4394
G01 X88.1682Y17.4131
G01 X88.1922Y17.4079
G01 X88.3281Y17.3878
G01 X88.3526Y17.3858
G01 X88.4604Y17.3805
G01 X88.4996Y17.3805
G01 X88.6221Y17.3868
G01 X88.6465Y17.3896
G01 X88.7533Y17.4055
G01 X88.7774Y17.4098
G01 X88.8965Y17.4394
G01 X88.9341Y17.4507
G01 X89.0495Y17.4924
G01 X89.0720Y17.5021
G01 X89.1696Y17.5483
G01 X89.2042Y17.5668
G01 X89.3009Y17.6249
G01 X89.3294Y17.6441
G01 X89.4278Y17.7174
G01 X89.4465Y17.7333
G01 X89.5264Y17.8058
G01 X89.5441Y17.8229
G01 X89.6267Y17.9135
G01 X89.6426Y17.9322
G01 X89.7188Y18.0346
G01 X89.7299Y18.0508
G01 X89.7500Y18.0837
G01 X89.7701Y18.0508
G01 X89.7812Y18.0346
G01 X89.8574Y17.9322
G01 X89.8733Y17.9135
G01 X89.9458Y17.8336
G01 X89.9700Y17.8091
G01 X90.0647Y17.7236
G01 X90.0839Y17.7084
G01 X90.1706Y17.6441
G01 X90.2032Y17.6223
G01 X90.3086Y17.5595
G01 X90.3304Y17.5483
G01 X90.4280Y17.5021
G01 X90.4643Y17.4871
G01 X90.5799Y17.4461
G01 X90.6035Y17.4394
G01 X90.7082Y17.4131
G01 X90.7467Y17.4055
G01 X90.8535Y17.3896
G01 X90.8779Y17.3868
G01 X91.0004Y17.3805
G01 X91.0396Y17.3805
G01 X91.1474Y17.3858
G01 X91.1719Y17.3878
G01 X91.2933Y17.4055
G01 X91.3174Y17.4098
G01 X91.4365Y17.4394
G01 X91.4601Y17.4461
G01 X91.5757Y17.4871
G01 X91.5985Y17.4961
G01 X91.7096Y17.5483
G01 X91.7314Y17.5595
G01 X91.8368Y17.6223
G01 X91.8574Y17.6356
G01 X91.9561Y17.7084
G01 X91.9753Y17.7236
G01 X92.0664Y17.8058
G01 X92.0841Y17.8229
G01 X92.1667Y17.9135
G01 X92.1826Y17.9322
G01 X92.2559Y18.0306
G01 X92.2699Y18.0508
G01 X92.3405Y18.1686
G01 X92.3517Y18.1904
G01 X92.4039Y18.3015
G01 X92.4129Y18.3243
G01 X92.4539Y18.4399
G01 X92.4606Y18.4635
G01 X92.4902Y18.5826
G01 X92.4945Y18.6067
G01 X92.5122Y18.7281
G01 X92.5142Y18.7526
G01 X92.5199Y18.8751
G01 X92.5195Y18.8996
G01 X92.5132Y19.0221
G01 X92.5104Y19.0465
G01 X92.4921Y19.1678
G01 X92.4869Y19.1918
G01 X92.4568Y19.3107
G01 X92.4493Y19.3341
G01 X92.4076Y19.4495
G01 X92.3979Y19.4720
G01 X92.3451Y19.5827
G01 X92.3332Y19.6042
G01 X92.2699Y19.7092
G01 X92.2559Y19.7294
G01 X92.1826Y19.8278
G01 X92.1667Y19.8465
G01 X92.0841Y19.9371
G01 X92.0664Y19.9542
G01 X91.9753Y20.0364
G01 X91.9561Y20.0516
G01 X91.8574Y20.1244
G01 X91.8368Y20.1377
G01 X91.7314Y20.2005
G01 X91.7096Y20.2117
G01 X91.5985Y20.2639
G01 X91.5757Y20.2729
G01 X91.4601Y20.3139
G01 X91.4365Y20.3206
G01 X91.3174Y20.3502
G01 X91.2933Y20.3545
G01 X91.1719Y20.3722
G01 X91.1474Y20.3742
G01 X91.0249Y20.3799
G01 X91.0004Y20.3795
G01 X90.8926Y20.3742
G01 X90.8535Y20.3704
G01 X90.7322Y20.3521
G01 X90.7082Y20.3469
G01 X90.6035Y20.3206
G01 X90.5659Y20.3093
G01 X90.4505Y20.2676
G01 X90.4280Y20.2579
G01 X90.3304Y20.2117
G01 X90.3086Y20.2005
G01 X90.2032Y20.1377
G01 X90.1706Y20.1159
G01 X90.0839Y20.0516
G01 X90.0647Y20.0364
G01 X89.9700Y19.9509
G01 X89.9458Y19.9264
G01 X89.8733Y19.8465
G01 X89.8574Y19.8278
G01 X89.7812Y19.7254
G01 X89.7701Y19.7092
G01 X89.7500Y19.6763
G01 X89.7299Y19.7092
G01 X89.7188Y19.7254
G01 X89.6426Y19.8278
G01 X89.6267Y19.8465
G01 X89.5542Y19.9264
G01 X89.5300Y19.9509
G01 X89.4353Y20.0364
G01 X89.4161Y20.0516
G01 X89.3294Y20.1159
G01 X89.2968Y20.1377
G01 X89.1914Y20.2005
G01 X89.1696Y20.2117
G01 X89.0720Y20.2579
G01 X89.0495Y20.2676
G01 X88.9341Y20.3093
G01 X88.8965Y20.3206
G01 X88.7918Y20.3469
G01 X88.7678Y20.3521
G01 X88.6465Y20.3704
G01 X88.6074Y20.3742
G01 X88.4849Y20.3799
G01 X88.4604Y20.3795
G01 X88.3526Y20.3742
G01 X88.3135Y20.3704
G01 X88.1922Y20.3521
G01 X88.1682Y20.3469
G01 X88.0635Y20.3206
G01 X88.0259Y20.3093
G01 X87.9105Y20.2676
G01 X87.8880Y20.2579
G01 X87.7904Y20.2117
G01 X87.7686Y20.2005
G01 X87.6632Y20.1377
G01 X87.6306Y20.1159
G01 X87.5439Y20.0516
G01 X87.5247Y20.0364
G01 X87.4300Y19.9509
G01 X87.4058Y19.9264
G01 X87.3333Y19.8465
G01 X87.3174Y19.8278
G01 X87.2412Y19.7254
G01 X87.2301Y19.7092
G01 X87.2100Y19.6763
G01 X87.1899Y19.7092
G01 X87.1788Y19.7254
G01 X87.1026Y19.8278
G01 X87.0867Y19.8465
G01 X87.0142Y19.9264
G01 X86.9900Y19.9509
G01 X86.8954Y20.0364
G01 X86.8761Y20.0516
G01 X86.7894Y20.1159
G01 X86.7568Y20.1377
G01 X86.6514Y20.2005
G01 X86.6296Y20.2117
G01 X86.5320Y20.2579
G01 X86.5095Y20.2676
G01 X86.3941Y20.3093
G01 X86.3565Y20.3206
G01 X86.2518Y20.3469
G01 X86.2278Y20.3521
G01 X86.1065Y20.3704
G01 X86.0674Y20.3742
G01 X85.9449Y20.3799
G01 X85.9204Y20.3795
G01 X85.8126Y20.3742
G01 X85.7735Y20.3704
G01 X85.6522Y20.3521
G01 X85.6282Y20.3469
G01 X85.5235Y20.3206
G01 X85.4859Y20.3093
G01 X85.3705Y20.2676
G01 X85.3480Y20.2579
G01 X85.2504Y20.2117
G01 X85.2286Y20.2005
G01 X85.1232Y20.1377
G01 X85.0906Y20.1159
G01 X85.0039Y20.0516
G01 X84.9847Y20.0364
G01 X84.8900Y19.9509
G01 X84.8658Y19.9264
G01 X84.7933Y19.8465
G01 X84.7774Y19.8278
G01 X84.7012Y19.7254
G01 X84.6901Y19.7092
G01 X84.6700Y19.6763
G01 X84.6499Y19.7092
G01 X84.6388Y19.7254
G01 X84.5626Y19.8278
G01 X84.5467Y19.8465
G01 X84.4742Y19.9264
G01 X84.4500Y19.9509
G01 X84.3553Y20.0364
G01 X84.3361Y20.0516
G01 X84.2494Y20.1159
G01 X84.2168Y20.1377
G01 X84.1114Y20.2005
G01 X84.0896Y20.2117
G01 X83.9920Y20.2579
G01 X83.9695Y20.2676
G01 X83.8541Y20.3093
G01 X83.8165Y20.3206
G01 X83.7118Y20.3469
G01 X83.6878Y20.3521
G01 X83.5665Y20.3704
G01 X83.5274Y20.3742
G01 X83.4147Y20.3797
G01 X83.3804Y20.3795
G01 X83.2726Y20.3742
G01 X83.2481Y20.3722
G01 X83.1267Y20.3545
G01 X83.0882Y20.3469
G01 X82.9835Y20.3206
G01 X82.9599Y20.3139
G01 X82.8443Y20.2729
G01 X82.8080Y20.2579
G01 X82.7104Y20.2117
G01 X82.6886Y20.2005
G01 X82.5832Y20.1377
G01 X82.5506Y20.1159
G01 X82.4639Y20.0516
G01 X82.4447Y20.0364
G01 X82.3500Y19.9509
G01 X82.3258Y19.9264
G01 X82.2533Y19.8465
G01 X82.2374Y19.8278
G01 X82.1612Y19.7254
G01 X82.1501Y19.7092
G01 X82.1300Y19.6763
G01 X82.1099Y19.7092
G01 X82.0988Y19.7254
G01 X82.0226Y19.8278
G01 X82.0067Y19.8465
G01 X81.9342Y19.9264
G01 X81.9100Y19.9509
G01 X81.8153Y20.0364
G01 X81.7961Y20.0516
G01 X81.7094Y20.1159
G01 X81.6768Y20.1377
G01 X81.5714Y20.2005
G01 X81.5496Y20.2117
G01 X81.4520Y20.2579
G01 X81.4295Y20.2676
G01 X81.3141Y20.3093
G01 X81.2765Y20.3206
G01 X81.1718Y20.3469
G01 X81.1478Y20.3521
G01 X81.0265Y20.3704
G01 X80.9874Y20.3742
G01 X80.8747Y20.3797
G01 X80.8404Y20.3795
G01 X80.7326Y20.3742
G01 X80.7081Y20.3722
G01 X80.5867Y20.3545
G01 X80.5482Y20.3469
G01 X80.4435Y20.3206
G01 X80.4199Y20.3139
G01 X80.3043Y20.2729
G01 X80.2680Y20.2579
G01 X80.1704Y20.2117
G01 X80.1486Y20.2005
G01 X80.0432Y20.1377
G01 X80.0106Y20.1159
G01 X79.9239Y20.0516
G01 X79.9047Y20.0364
G01 X79.8100Y19.9509
G01 X79.7858Y19.9264
G01 X79.7133Y19.8465
G01 X79.6974Y19.8278
G01 X79.6212Y19.7254
G01 X79.6101Y19.7092
G01 X79.5900Y19.6763
G01 X79.5699Y19.7092
G01 X79.5588Y19.7254
G01 X79.4826Y19.8278
G01 X79.4667Y19.8465
G01 X79.3942Y19.9264
G01 X79.3700Y19.9509
G01 X79.2753Y20.0364
G01 X79.2561Y20.0516
G01 X79.1694Y20.1159
G01 X79.1368Y20.1377
G01 X79.0314Y20.2005
G01 X79.0096Y20.2117
G01 X78.9120Y20.2579
G01 X78.8895Y20.2676
G01 X78.7741Y20.3093
G01 X78.7365Y20.3206
G01 X78.6318Y20.3469
G01 X78.6078Y20.3521
G01 X78.4865Y20.3704
G01 X78.4474Y20.3742
G01 X78.3347Y20.3797
G01 X78.3004Y20.3795
G01 X78.1926Y20.3742
G01 X78.1681Y20.3722
G01 X78.0467Y20.3545
G01 X78.0082Y20.3469
G01 X77.9035Y20.3206
G01 X77.8799Y20.3139
G01 X77.7643Y20.2729
G01 X77.7280Y20.2579
G01 X77.6304Y20.2117
G01 X77.6086Y20.2005
G01 X77.5032Y20.1377
G01 X77.4706Y20.1159
G01 X77.3839Y20.0516
G01 X77.3647Y20.0364
G01 X77.2700Y19.9509
G01 X77.2458Y19.9264
G01 X77.1733Y19.8465
G01 X77.1574Y19.8278
G01 X77.0812Y19.7254
G01 X77.0701Y19.7092
G01 X77.0500Y19.6763
G01 X77.0299Y19.7092
G01 X77.0188Y19.7254
G01 X76.9426Y19.8278
G01 X76.9267Y19.8465
G01 X76.8542Y19.9264
G01 X76.8300Y19.9509
G01 X76.7353Y20.0364
G01 X76.7161Y20.0516
G01 X76.6294Y20.1159
G01 X76.5968Y20.1377
G01 X76.4914Y20.2005
G01 X76.4696Y20.2117
G01 X76.3720Y20.2579
G01 X76.3495Y20.2676
G01 X76.2341Y20.3093
G01 X76.1965Y20.3206
G01 X76.0870Y20.3480
G01 X76.0533Y20.3545
G01 X75.9465Y20.3704
G01 X75.9221Y20.3732
G01 X75.7996Y20.3795
G01 X75.7604Y20.3795
G01 X75.6379Y20.3732
G01 X75.6135Y20.3704
G01 X75.5067Y20.3545
G01 X75.4682Y20.3469
G01 X75.3635Y20.3206
G01 X75.3399Y20.3139
G01 X75.2243Y20.2729
G01 X75.1880Y20.2579
G01 X75.0904Y20.2117
G01 X75.0686Y20.2005
G01 X74.9632Y20.1377
G01 X74.9306Y20.1159
G01 X74.8439Y20.0516
G01 X74.8247Y20.0364
G01 X74.7300Y19.9509
G01 X74.7058Y19.9264
G01 X74.6333Y19.8465
G01 X74.6174Y19.8278
G01 X74.5412Y19.7254
G01 X74.5301Y19.7092
G01 X74.5100Y19.6763
G01 X74.4899Y19.7092
G01 X74.4788Y19.7254
G01 X74.4116Y19.8161
G01 X74.3899Y19.8428
G01 X74.3142Y19.9264
G01 X74.2971Y19.9441
G01 X74.1953Y20.0364
G01 X74.1761Y20.0516
G01 X74.0894Y20.1159
G01 X74.0568Y20.1377
G01 X73.9642Y20.1932
G01 X73.9427Y20.2051
G01 X73.8185Y20.2639
G01 X73.7957Y20.2729
G01 X73.6941Y20.3093
G01 X73.6565Y20.3206
G01 X73.5518Y20.3469
G01 X73.5278Y20.3521
G01 X73.3919Y20.3722
G01 X73.3674Y20.3742
G01 X73.2596Y20.3795
G01 X73.2204Y20.3795
G01 X73.1126Y20.3742
G01 X73.0881Y20.3722
G01 X72.9522Y20.3521
G01 X72.9282Y20.3469
G01 X72.8093Y20.3168
G01 X72.7859Y20.3093
G01 X72.6705Y20.2676
G01 X72.6480Y20.2579
G01 X72.5504Y20.2117
G01 X72.5286Y20.2005
G01 X72.4232Y20.1377
G01 X72.4026Y20.1244
G01 X72.3039Y20.0516
G01 X72.2847Y20.0364
G01 X72.1936Y19.9542
G01 X72.1759Y19.9372
G01 X72.0933Y19.8465
G01 X72.0774Y19.8278
G01 X72.0012Y19.7254
G01 X71.9901Y19.7092
G01 X71.9700Y19.6763
G01 X71.9499Y19.7092
G01 X71.9388Y19.7254
G01 X71.8626Y19.8278
G01 X71.8467Y19.8465
G01 X71.7641Y19.9371
G01 X71.7464Y19.9542
G01 X71.6665Y20.0267
G01 X71.6478Y20.0426
G01 X71.5494Y20.1159
G01 X71.5168Y20.1377
G01 X71.4242Y20.1932
G01 X71.4027Y20.2051
G01 X71.2920Y20.2579
G01 X71.2557Y20.2729
G01 X71.1494Y20.3108
G01 X71.1165Y20.3206
G01 X71.0118Y20.3469
G01 X70.9878Y20.3521
G01 X70.8665Y20.3704
G01 X70.8274Y20.3742
G01 X70.7196Y20.3795
G01 X70.6951Y20.3799
G01 X70.5726Y20.3742
G01 X70.5335Y20.3704
G01 X70.4267Y20.3545
G01 X70.4026Y20.3502
G01 X70.2835Y20.3206
G01 X70.2459Y20.3093
G01 X70.1443Y20.2729
G01 X70.1215Y20.2639
G01 X70.0060Y20.2096
G01 X69.9758Y20.1932
G01 X69.8832Y20.1377
G01 X69.8506Y20.1159
G01 X69.7639Y20.0516
G01 X69.7447Y20.0364
G01 X69.6536Y19.9542
G01 X69.6258Y19.9264
G01 X69.5533Y19.8465
G01 X69.5374Y19.8278
G01 X69.4612Y19.7254
G01 X69.4501Y19.7092
G01 X69.4300Y19.6763
G01 X69.4099Y19.7092
G01 X69.3988Y19.7254
G01 X69.3226Y19.8278
G01 X69.3067Y19.8465
G01 X69.2241Y19.9371
G01 X69.2064Y19.9542
G01 X69.1265Y20.0267
G01 X69.1078Y20.0426
G01 X69.0094Y20.1159
G01 X68.9809Y20.1351
G01 X68.8842Y20.1932
G01 X68.8496Y20.2117
G01 X68.7520Y20.2579
G01 X68.7295Y20.2676
G01 X68.6141Y20.3093
G01 X68.5765Y20.3206
G01 X68.4574Y20.3502
G01 X68.4333Y20.3545
G01 X68.3265Y20.3704
G01 X68.3021Y20.3732
G01 X68.1649Y20.3799
G01 X68.1404Y20.3795
G01 X68.0326Y20.3742
G01 X67.9935Y20.3704
G01 X67.8722Y20.3521
G01 X67.8482Y20.3469
G01 X67.7435Y20.3206
G01 X67.7059Y20.3093
G01 X67.6043Y20.2729
G01 X67.5815Y20.2639
G01 X67.4660Y20.2096
G01 X67.4358Y20.1932
G01 X67.3432Y20.1377
G01 X67.3106Y20.1159
G01 X67.2239Y20.0516
G01 X67.2047Y20.0364
G01 X67.1136Y19.9542
G01 X67.0858Y19.9264
G01 X67.0133Y19.8465
G01 X66.9974Y19.8278
G01 X66.9212Y19.7254
G01 X66.9101Y19.7092
G01 X66.8900Y19.6763
G01 X66.8699Y19.7092
G01 X66.8588Y19.7254
G01 X66.7826Y19.8278
G01 X66.7667Y19.8465
G01 X66.6841Y19.9372
G01 X66.6664Y19.9542
G01 X66.5753Y20.0364
G01 X66.5561Y20.0516
G01 X66.4574Y20.1244
G01 X66.4368Y20.1377
G01 X66.3314Y20.2005
G01 X66.3096Y20.2117
G01 X66.2120Y20.2579
G01 X66.1895Y20.2676
G01 X66.0741Y20.3093
G01 X66.0507Y20.3168
G01 X65.9318Y20.3469
G01 X65.9078Y20.3521
G01 X65.7719Y20.3722
G01 X65.7474Y20.3742
G01 X65.6396Y20.3795
G01 X65.6004Y20.3795
G01 X65.4926Y20.3742
G01 X65.4681Y20.3722
G01 X65.3322Y20.3521
G01 X65.3082Y20.3469
G01 X65.2035Y20.3206
G01 X65.1659Y20.3093
G01 X65.0643Y20.2729
G01 X65.0415Y20.2639
G01 X64.9173Y20.2051
G01 X64.8958Y20.1932
G01 X64.8032Y20.1377
G01 X64.7706Y20.1159
G01 X64.6839Y20.0516
G01 X64.6647Y20.0364
G01 X64.5629Y19.9441
G01 X64.5458Y19.9264
G01 X64.4701Y19.8428
G01 X64.4484Y19.8161
G01 X64.3812Y19.7254
G01 X64.3701Y19.7092
G01 X64.3500Y19.6763
G01 X64.3299Y19.7092
G01 X64.3188Y19.7254
G01 X64.2426Y19.8278
G01 X64.2267Y19.8465
G01 X64.1542Y19.9264
G01 X64.1264Y19.9542
G01 X64.0353Y20.0364
G01 X64.0161Y20.0516
G01 X63.9294Y20.1159
G01 X63.8968Y20.1377
G01 X63.8042Y20.1932
G01 X63.7740Y20.2096
G01 X63.6585Y20.2639
G01 X63.6357Y20.2729
G01 X63.5341Y20.3093
G01 X63.4965Y20.3206
G01 X63.3918Y20.3469
G01 X63.3678Y20.3521
G01 X63.2319Y20.3722
G01 X63.2074Y20.3742
G01 X63.0996Y20.3795
G01 X63.0604Y20.3795
G01 X62.9526Y20.3742
G01 X62.9281Y20.3722
G01 X62.8067Y20.3545
G01 X62.7826Y20.3502
G01 X62.6635Y20.3206
G01 X62.6259Y20.3093
G01 X62.5105Y20.2676
G01 X62.4880Y20.2579
G01 X62.3904Y20.2117
G01 X62.3558Y20.1932
G01 X62.2591Y20.1351
G01 X62.2306Y20.1159
G01 X62.1322Y20.0426
G01 X62.1135Y20.0267
G01 X62.0336Y19.9542
G01 X62.0159Y19.9371
G01 X61.9333Y19.8465
G01 X61.9174Y19.8278
G01 X61.8412Y19.7254
G01 X61.8301Y19.7092
G01 X61.8100Y19.6763
G01 X61.7899Y19.7092
G01 X61.7788Y19.7254
G01 X61.7026Y19.8278
G01 X61.6867Y19.8465
G01 X61.6142Y19.9264
G01 X61.5864Y19.9542
G01 X61.4953Y20.0364
G01 X61.4761Y20.0516
G01 X61.3894Y20.1159
G01 X61.3568Y20.1377
G01 X61.2642Y20.1932
G01 X61.2340Y20.2096
G01 X61.1185Y20.2639
G01 X61.0957Y20.2729
G01 X60.9941Y20.3093
G01 X60.9565Y20.3206
G01 X60.8374Y20.3502
G01 X60.8133Y20.3545
G01 X60.7065Y20.3704
G01 X60.6674Y20.3742
G01 X60.5596Y20.3795
G01 X60.5351Y20.3799
G01 X60.4126Y20.3742
G01 X60.3735Y20.3704
G01 X60.2522Y20.3521
G01 X60.2282Y20.3469
G01 X60.1235Y20.3206
G01 X60.0906Y20.3108
G01 X59.9843Y20.2729
G01 X59.9480Y20.2579
G01 X59.8504Y20.2117
G01 X59.8286Y20.2005
G01 X59.7232Y20.1377
G01 X59.6906Y20.1159
G01 X59.5922Y20.0426
G01 X59.5735Y20.0267
G01 X59.4936Y19.9542
G01 X59.4759Y19.9371
G01 X59.3933Y19.8465
G01 X59.3774Y19.8278
G01 X59.3012Y19.7254
G01 X59.2901Y19.7092
G01 X59.2700Y19.6763
G01 X59.2499Y19.7092
G01 X59.2388Y19.7254
G01 X59.1626Y19.8278
G01 X59.1467Y19.8465
G01 X59.0742Y19.9264
G01 X59.0500Y19.9509
G01 X58.9553Y20.0364
G01 X58.9361Y20.0516
G01 X58.8494Y20.1159
G01 X58.8168Y20.1377
G01 X58.7114Y20.2005
G01 X58.6896Y20.2117
G01 X58.5920Y20.2579
G01 X58.5557Y20.2729
G01 X58.4401Y20.3139
G01 X58.4165Y20.3206
G01 X58.3118Y20.3469
G01 X58.2733Y20.3545
G01 X58.1665Y20.3704
G01 X58.1421Y20.3732
G01 X58.0196Y20.3795
G01 X57.9804Y20.3795
G01 X57.8726Y20.3742
G01 X57.8481Y20.3722
G01 X57.7267Y20.3545
G01 X57.7026Y20.3502
G01 X57.5835Y20.3206
G01 X57.5599Y20.3139
G01 X57.4443Y20.2729
G01 X57.4215Y20.2639
G01 X57.3104Y20.2117
G01 X57.2886Y20.2005
G01 X57.1832Y20.1377
G01 X57.1626Y20.1244
G01 X57.0639Y20.0516
G01 X57.0447Y20.0364
G01 X56.9536Y19.9542
G01 X56.9359Y19.9371
G01 X56.8533Y19.8465
G01 X56.8374Y19.8278
G01 X56.7641Y19.7294
G01 X56.7501Y19.7092
G01 X56.6795Y19.5914
G01 X56.6683Y19.5696
G01 X56.6161Y19.4585
G01 X56.6071Y19.4357
G01 X56.5661Y19.3201
G01 X56.5594Y19.2965
G01 X56.5298Y19.1774
G01 X56.5255Y19.1533
G01 X56.5078Y19.0319
G01 X56.5058Y19.0074
G01 X56.5001Y18.8898
G00 Z20.0000
G00 X57.0064Y17.7579
G01 Z20.0000
G01 X57.0546Y17.4331
G01 X57.2000Y14.4730
G01 X57.0546Y11.5128
G01 X56.6197Y8.5812
G01 X55.8996Y5.7064
G01 X54.9012Y2.9159
G01 X53.6340Y0.2368
G01 X52.1104Y-2.3053
G01 X51.2985Y-3.4000
G01 X51.7959Y-3.4000
G01 X52.4430Y-2.5275
G01 X53.9868Y0.0482
G01 X55.2707Y2.7628
G01 X56.2824Y5.5902
G01 X57.0120Y8.5032
G01 X57.4527Y11.4736
G01 X57.6000Y14.4730
G01 X57.4527Y17.4723
G01 X57.4508Y17.4848
G00 Z20.0000
G00 X57.8568Y17.3869
G01 Z20.0000
G01 X58.0000Y14.4730
G01 X57.8507Y11.4344
G01 X57.4043Y8.4252
G01 X56.6652Y5.4741
G01 X55.6403Y2.6098
G01 X54.3396Y-0.1403
G01 X52.7756Y-2.7497
G01 X52.2933Y-3.4000
G01 X52.7907Y-3.4000
G01 X53.1081Y-2.9719
G01 X54.6923Y-0.3289
G01 X56.0098Y2.4567
G01 X57.0479Y5.3580
G01 X57.7967Y8.3471
G01 X58.2488Y11.3952
G01 X58.4000Y14.4730
G01 X58.2561Y17.4029
G00 Z20.0000
G00 X58.6498Y17.5295
G01 Z20.0000
G01 X58.8000Y14.4730
G01 X58.6469Y11.3560
G01 X58.1890Y8.2691
G01 X57.4307Y5.2419
G01 X56.3794Y2.3036
G01 X55.0451Y-0.5175
G01 X53.4407Y-3.1942
G01 X53.2881Y-3.4000
G01 X53.7832Y-3.4000
G01 X55.3979Y-0.7060
G01 X56.7489Y2.1506
G01 X57.8135Y5.1258
G01 X58.5813Y8.1911
G01 X59.0449Y11.3168
G01 X59.2000Y14.4730
G01 X59.0449Y17.6291
G01 X59.0220Y17.7837
G01 X59.4093Y17.8959
G01 X59.4430Y17.6683
G01 X59.6000Y14.4730
G01 X59.4430Y11.2776
G01 X58.9736Y8.1130
G01 X58.1963Y5.0097
G01 X57.1185Y1.9975
G01 X55.7506Y-0.8946
G01 X54.2489Y-3.4000
G01 X54.7147Y-3.4000
G01 X56.1034Y-1.0831
G01 X57.4880Y1.8444
G01 X58.5790Y4.8936
G01 X59.3659Y8.0350
G01 X59.8411Y11.2384
G01 X60.0000Y14.4730
G01 X59.8489Y17.5491
G00 Z20.0000
G00 X60.2558Y17.4073
G01 Z20.0000
G01 X60.4000Y14.4730
G01 X60.2392Y11.1992
G01 X59.7582Y7.9569
G01 X58.9618Y4.7775
G01 X57.8576Y1.6913
G01 X56.4562Y-1.2717
G01 X55.1805Y-3.4000
G01 X55.6463Y-3.4000
G01 X56.8089Y-1.4602
G01 X58.2271Y1.5383
G01 X59.3446Y4.6613
G01 X60.1505Y7.8789
G01 X60.6372Y11.1600
G01 X60.8000Y14.4730
G01 X60.6569Y17.3853
G00 Z20.0000
G00 X61.0527Y17.4717
G01 Z20.0000
G01 X61.2000Y14.4730
G01 X61.0353Y11.1208
G01 X60.5429Y7.8009
G01 X59.7274Y4.5452
G01 X58.5967Y1.3852
G01 X57.1617Y-1.6488
G01 X56.1121Y-3.4000
G01 X56.5779Y-3.4000
G01 X57.5145Y-1.8374
G01 X58.9662Y1.2321
G01 X60.1101Y4.4291
G01 X60.9352Y7.7228
G01 X61.4334Y11.0816
G01 X61.6000Y14.4730
G01 X61.4423Y17.6833
G00 Z20.0000
G00 X61.8058Y18.0767
G01 Z20.0000
G01 X61.8315Y17.9036
G01 X62.0000Y14.4730
G01 X61.8315Y11.0424
G01 X61.3275Y7.6448
G01 X60.4929Y4.3130
G01 X59.3358Y1.0790
G01 X57.8672Y-2.0259
G01 X57.0437Y-3.4000
G01 X57.5094Y-3.4000
G01 X58.2200Y-2.2145
G01 X59.7053Y0.9260
G01 X60.8757Y4.1969
G01 X61.7198Y7.5668
G01 X62.2295Y11.0032
G01 X62.4000Y14.4730
G01 X62.2447Y17.6342
G00 Z20.0000
G00 X62.6541Y17.4419
G01 Z20.0000
G01 X62.8000Y14.4730
G01 X62.6276Y10.9639
G01 X62.1121Y7.4887
G01 X61.2585Y4.0808
G01 X60.0749Y0.7729
G01 X58.5728Y-2.4030
G01 X57.9752Y-3.4000
G01 X58.4410Y-3.4000
G01 X58.9256Y-2.5916
G01 X60.4444Y0.6198
G01 X61.6412Y3.9647
G01 X62.5044Y7.4107
G01 X63.0257Y10.9247
G01 X63.2000Y14.4730
G01 X63.0572Y17.3806
G00 Z20.0000
G00 X63.4548Y17.4289
G01 Z20.0000
G01 X63.6000Y14.4730
G01 X63.4238Y10.8855
G01 X62.8967Y7.3327
G01 X62.0240Y3.8485
G01 X60.8140Y0.4667
G01 X59.2783Y-2.7802
G01 X58.9068Y-3.4000
G01 X59.3726Y-3.4000
G01 X59.6311Y-2.9687
G01 X61.1835Y0.3137
G01 X62.4068Y3.7324
G01 X63.2891Y7.2546
G01 X63.6682Y9.8106
G00 Z20.0000
G00 X64.0077Y9.3767
G01 Z20.0000
G01 X63.6814Y7.1766
G01 X62.7896Y3.6163
G01 X61.5531Y0.1606
G01 X59.9839Y-3.1573
G01 X59.8384Y-3.4000
G01 X60.3042Y-3.4000
G01 X60.3366Y-3.3458
G01 X61.9226Y0.0075
G01 X63.1723Y3.5002
G01 X63.5644Y5.0654
G00 Z20.0000
G00 X63.5001Y5.5098
G01 Z20.0000
G01 X63.5005Y5.4804
G01 X63.5068Y5.3579
G01 X63.5096Y5.3335
G01 X63.5279Y5.2122
G01 X63.5331Y5.1882
G01 X63.5632Y5.0693
G01 X63.5707Y5.0459
G01 X63.6124Y4.9305
G01 X63.6221Y4.9080
G01 X63.6749Y4.7973
G01 X63.6868Y4.7758
G01 X63.7501Y4.6708
G01 X63.7641Y4.6506
G01 X63.8374Y4.5522
G01 X63.8533Y4.5335
G01 X63.9359Y4.4428
G01 X63.9536Y4.4258
G01 X64.0447Y4.3436
G01 X64.0639Y4.3284
G01 X64.1626Y4.2556
G01 X64.1832Y4.2423
G01 X64.2886Y4.1795
G01 X64.3104Y4.1683
G01 X64.4215Y4.1161
G01 X64.4443Y4.1071
G01 X64.5599Y4.0661
G01 X64.5835Y4.0594
G01 X64.7026Y4.0298
G01 X64.7267Y4.0255
G01 X64.8481Y4.0078
G01 X64.8726Y4.0058
G01 X64.9951Y4.0001
G01 X65.0196Y4.0005
G01 X65.1421Y4.0068
G01 X65.1665Y4.0096
G01 X65.2878Y4.0279
G01 X65.3118Y4.0331
G01 X65.4307Y4.0632
G01 X65.4541Y4.0707
G01 X65.5695Y4.1124
G01 X65.5920Y4.1221
G01 X65.7027Y4.1749
G01 X65.7242Y4.1868
G01 X65.8292Y4.2501
G01 X65.8494Y4.2641
G01 X65.9478Y4.3374
G01 X65.9665Y4.3533
G01 X66.0571Y4.4359
G01 X66.0742Y4.4536
G01 X66.1564Y4.5447
G01 X66.1716Y4.5639
G01 X66.2444Y4.6626
G01 X66.2577Y4.6832
G01 X66.3205Y4.7886
G01 X66.3317Y4.8104
G01 X66.3839Y4.9215
G01 X66.3929Y4.9443
G01 X66.4339Y5.0599
G01 X66.4406Y5.0835
G01 X66.4702Y5.2026
G01 X66.4745Y5.2267
G01 X66.4922Y5.3481
G01 X66.4942Y5.3726
G01 X66.4999Y5.4951
G01 X66.4995Y5.5196
G01 X66.4932Y5.6421
G01 X66.4904Y5.6665
G01 X66.4721Y5.7878
G01 X66.4669Y5.8118
G01 X66.4368Y5.9307
G01 X66.4293Y5.9541
G01 X66.3876Y6.0695
G01 X66.3779Y6.0920
G01 X66.3251Y6.2027
G01 X66.3132Y6.2242
G01 X66.2499Y6.3292
G01 X66.2359Y6.3494
G01 X66.1626Y6.4478
G01 X66.1467Y6.4665
G01 X66.0641Y6.5572
G01 X66.0464Y6.5742
G01 X65.9553Y6.6564
G01 X65.9361Y6.6716
G01 X65.8374Y6.7444
G01 X65.8168Y6.7577
G01 X65.7114Y6.8205
G01 X65.6896Y6.8317
G01 X65.5785Y6.8839
G01 X65.5557Y6.8929
G01 X65.4401Y6.9339
G01 X65.4165Y6.9406
G01 X65.2974Y6.9702
G01 X65.2733Y6.9745
G01 X65.1519Y6.9922
G01 X65.1274Y6.9942
G01 X65.0049Y6.9999
G01 X64.9804Y6.9995
G01 X64.8579Y6.9932
G01 X64.8335Y6.9904
G01 X64.7122Y6.9721
G01 X64.6882Y6.9669
G01 X64.5693Y6.9368
G01 X64.5459Y6.9293
G01 X64.4305Y6.8876
G01 X64.4080Y6.8779
G01 X64.2973Y6.8251
G01 X64.2758Y6.8132
G01 X64.1708Y6.7499
G01 X64.1506Y6.7359
G01 X64.0522Y6.6626
G01 X64.0335Y6.6467
G01 X63.9429Y6.5641
G01 X63.9258Y6.5464
G01 X63.8436Y6.4553
G01 X63.8284Y6.4361
G01 X63.7556Y6.3374
G01 X63.7423Y6.3168
G01 X63.6795Y6.2114
G01 X63.6683Y6.1896
G01 X63.6161Y6.0785
G01 X63.6071Y6.0557
G01 X63.5661Y5.9401
G01 X63.5594Y5.9165
G01 X63.5298Y5.7974
G01 X63.5255Y5.7733
G01 X63.5078Y5.6519
G01 X63.5058Y5.6274
G01 X63.5001Y5.5098
G00 Z20.0000
G00 X63.8453Y4.5427
G01 Z20.0000
G01 X63.5551Y3.3841
G01 X62.2922Y-0.1455
G01 X60.7530Y-3.4000
G01 X61.1949Y-3.4000
G01 X62.6618Y-0.2986
G01 X63.9379Y3.2680
G01 X64.1821Y4.2430
G00 Z20.0000
G00 X64.5505Y4.0692
G01 Z20.0000
G01 X64.3207Y3.1519
G01 X63.0313Y-0.4517
G01 X61.6369Y-3.4000
G01 X62.0788Y-3.4000
G01 X63.4009Y-0.6048
G01 X64.7035Y3.0357
G01 X64.9455Y4.0022
G00 Z20.0000
G00 X65.3687Y4.0474
G01 Z20.0000
G01 X65.0862Y2.9196
G01 X63.7704Y-0.7578
G01 X62.5208Y-3.4000
G01 X62.9627Y-3.4000
G01 X64.1400Y-0.9109
G01 X65.4690Y2.8035
G01 X65.8318Y4.2518
G00 Z20.0000
G00 X66.3220Y6.2087
G01 Z20.0000
G01 X66.4276Y6.6303
G01 X67.0064Y10.5327
G01 X67.2000Y14.4730
G01 X67.0320Y17.8929
G01 X66.6376Y17.7796
G01 X66.8000Y14.4730
G01 X66.6084Y10.5719
G01 X66.0353Y6.7084
G01 X66.0099Y6.6073
G00 Z20.0000
G00 X65.6523Y6.8493
G01 Z20.0000
G01 X66.0326Y9.4133
G00 Z20.0000
G00 X65.5851Y9.1190
G01 Z20.0000
G01 X65.2671Y6.9755
G00 Z20.0000
G00 X64.8659Y6.9938
G01 Z20.0000
G01 X65.1649Y9.0094
G00 Z20.0000
G00 X64.7626Y9.0201
G01 Z20.0000
G01 X64.4660Y7.0205
G01 X64.4330Y6.8886
G00 Z20.0000
G00 X63.9388Y6.5600
G01 Z20.0000
G01 X64.0737Y7.0985
G01 X64.3761Y9.1372
G00 Z20.0000
G00 X63.5001Y10.5098
G01 Z20.0000
G01 X63.5005Y10.4804
G01 X63.5068Y10.3579
G01 X63.5096Y10.3335
G01 X63.5279Y10.2122
G01 X63.5331Y10.1882
G01 X63.5632Y10.0693
G01 X63.5707Y10.0459
G01 X63.6124Y9.9305
G01 X63.6221Y9.9080
G01 X63.6749Y9.7973
G01 X63.6868Y9.7758
G01 X63.7501Y9.6708
G01 X63.7641Y9.6506
G01 X63.8374Y9.5522
G01 X63.8533Y9.5335
G01 X63.9359Y9.4429
G01 X63.9536Y9.4258
G01 X64.0447Y9.3436
G01 X64.0639Y9.3284
G01 X64.1626Y9.2556
G01 X64.1832Y9.2423
G01 X64.2886Y9.1795
G01 X64.3104Y9.1683
G01 X64.4215Y9.1161
G01 X64.4443Y9.1071
G01 X64.5599Y9.0661
G01 X64.5835Y9.0594
G01 X64.7026Y9.0298
G01 X64.7267Y9.0255
G01 X64.8481Y9.0078
G01 X64.8726Y9.0058
G01 X64.9951Y9.0001
G01 X65.0196Y9.0005
G01 X65.1421Y9.0068
G01 X65.1665Y9.0096
G01 X65.2878Y9.0279
G01 X65.3118Y9.0331
G01 X65.4307Y9.0632
G01 X65.4541Y9.0707
G01 X65.5695Y9.1124
G01 X65.5920Y9.1221
G01 X65.7027Y9.1749
G01 X65.7242Y9.1868
G01 X65.8292Y9.2501
G01 X65.8494Y9.2641
G01 X65.9478Y9.3374
G01 X65.9665Y9.3533
G01 X66.0571Y9.4359
G01 X66.0742Y9.4536
G01 X66.1564Y9.5447
G01 X66.1716Y9.5639
G01 X66.2444Y9.6626
G01 X66.2577Y9.6832
G01 X66.3205Y9.7886
G01 X66.3317Y9.8104
G01 X66.3839Y9.9215
G01 X66.3929Y9.9443
G01 X66.4339Y10.0599
G01 X66.4406Y10.0835
G01 X66.4702Y10.2026
G01 X66.4745Y10.2267
G01 X66.4922Y10.3481
G01 X66.4942Y10.3726
G01 X66.4999Y10.4951
G01 X66.4995Y10.5196
G01 X66.4932Y10.6421
G01 X66.4904Y10.6665
G01 X66.4721Y10.7878
G01 X66.4669Y10.8118
G01 X66.4368Y10.9307
G01 X66.4293Y10.9541
G01 X66.3876Y11.0695
G01 X66.3779Y11.0920
G01 X66.3251Y11.2027
G01 X66.3132Y11.2242
G01 X66.2499Y11.3292
G01 X66.2359Y11.3494
G01 X66.1626Y11.4478
G01 X66.1467Y11.4665
G01 X66.0641Y11.5571
G01 X66.0464Y11.5742
G01 X65.9553Y11.6564
G01 X65.9361Y11.6716
G01 X65.8374Y11.7444
G01 X65.8168Y11.7577
G01 X65.7114Y11.8205
G01 X65.6896Y11.8317
G01 X65.5785Y11.8839
G01 X65.5557Y11.8929
G01 X65.4401Y11.9339
G01 X65.4165Y11.9406
G01 X65.2974Y11.9702
G01 X65.2733Y11.9745
G01 X65.1519Y11.9922
G01 X65.1274Y11.9942
G01 X65.0049Y11.9999
G01 X64.9804Y11.9995
G01 X64.8579Y11.9932
G01 X64.8335Y11.9904
G01 X64.7122Y11.9721
G01 X64.6882Y11.9669
G01 X64.5693Y11.9368
G01 X64.5459Y11.9293
G01 X64.4305Y11.8876
G01 X64.4080Y11.8779
G01 X64.2973Y11.8251
G01 X64.2758Y11.8132
G01 X64.1708Y11.7499
G01 X64.1506Y11.7359
G01 X64.0522Y11.6626
G01 X64.0335Y11.6467
G01 X63.9429Y11.5641
G01 X63.9258Y11.5464
G01 X63.8436Y11.4553
G01 X63.8284Y11.4361
G01 X63.7556Y11.3374
G01 X63.7423Y11.3168
G01 X63.6795Y11.2114
G01 X63.6683Y11.1896
G01 X63.6161Y11.0785
G01 X63.6071Y11.0557
G01 X63.5661Y10.9401
G01 X63.5594Y10.9165
G01 X63.5298Y10.7974
G01 X63.5255Y10.7733
G01 X63.5078Y10.6519
G01 X63.5058Y10.6274
G01 X63.5001Y10.5098
G00 Z20.0000
G00 X63.8522Y11.4652
G01 Z20.0000
G01 X64.0000Y14.4730
G01 X63.8468Y17.5923
G00 Z20.0000
G00 X64.2307Y17.9182
G01 Z20.0000
G01 X64.4000Y14.4730
G01 X64.2691Y11.8092
G00 Z20.0000
G00 X64.6767Y11.9640
G01 Z20.0000
G01 X64.8000Y14.4730
G01 X64.6392Y17.7463
G00 Z20.0000
G00 X65.0517Y17.4919
G01 Z20.0000
G01 X65.2000Y14.4730
G01 X65.0783Y11.9966
G00 Z20.0000
G00 X65.4747Y11.9219
G01 Z20.0000
G01 X65.6000Y14.4730
G01 X65.4567Y17.3892
G00 Z20.0000
G00 X65.8562Y17.4000
G01 Z20.0000
G01 X66.0000Y14.4730
G01 X65.8650Y11.7244
G00 Z20.0000
G00 X66.2459Y11.3353
G01 Z20.0000
G01 X66.4000Y14.4730
G01 X66.2503Y17.5203
G01 X67.4484Y17.5596
G01 X67.6000Y14.4730
G01 X67.4045Y10.4935
G01 X66.8199Y6.5523
G01 X65.8518Y2.6874
G01 X64.5095Y-1.0640
G01 X63.4047Y-3.4000
G01 X63.8466Y-3.4000
G01 X64.8791Y-1.2171
G01 X66.2346Y2.5713
G01 X67.2122Y6.4743
G01 X67.8026Y10.4543
G01 X68.0000Y14.4730
G01 X67.8556Y17.4114
G00 Z20.0000
G00 X68.2570Y17.3843
G01 Z20.0000
G01 X68.4000Y14.4730
G01 X68.2006Y10.4151
G01 X67.6045Y6.3962
G01 X66.6173Y2.4552
G01 X65.2486Y-1.3701
G01 X64.2886Y-3.4000
G01 X64.7305Y-3.4000
G01 X65.6182Y-1.5232
G01 X67.0001Y2.3391
G01 X67.9968Y6.3182
G01 X68.5987Y10.3758
G01 X68.8000Y14.4730
G01 X68.6530Y17.4647
G00 Z20.0000
G00 X69.0430Y17.6690
G01 Z20.0000
G01 X69.2000Y14.4730
G01 X68.9968Y10.3366
G01 X68.3891Y6.2401
G01 X67.3829Y2.2229
G01 X65.9877Y-1.6763
G01 X65.1725Y-3.4000
G01 X65.6144Y-3.4000
G01 X66.3573Y-1.8294
G01 X67.7657Y2.1068
G01 X68.7815Y6.1621
G01 X69.3949Y10.2974
G01 X69.6000Y14.4730
G01 X69.4232Y18.0723
G00 Z20.0000
G00 X69.8440Y17.6490
G01 Z20.0000
G01 X70.0000Y14.4730
G01 X69.9878Y14.2251
G00 Z20.0000
G00 X70.3864Y14.7492
G01 Z20.0000
G01 X70.2538Y17.4481
G00 Z20.0000
G00 X70.6571Y17.3816
G01 Z20.0000
G01 X70.7748Y14.9853
G00 Z20.0000
G00 X71.1698Y15.0883
G01 Z20.0000
G01 X71.0550Y17.4240
G00 Z20.0000
G00 X71.4473Y17.5807
G01 Z20.0000
G01 X71.5692Y15.1000
G01 X71.9692Y15.1000
G01 X71.8318Y17.8971
G01 X72.2383Y17.7653
G01 X72.3692Y15.1000
G00 Z20.0000
G00 X72.7695Y15.0946
G01 Z20.0000
G01 X72.6513Y17.5007
G00 Z20.0000
G00 X73.0566Y17.3921
G01 Z20.0000
G01 X73.1739Y15.0043
G00 Z20.0000
G00 X73.5853Y14.7722
G01 Z20.0000
G01 X73.4564Y17.3970
G00 Z20.0000
G00 X73.8508Y17.5110
G01 Z20.0000
G01 X74.0000Y14.4730
G01 X73.9901Y14.2718
G01 X74.4000Y14.4730
G01 X74.1718Y9.8269
G01 X73.4892Y5.2257
G01 X73.1135Y3.7259
G00 Z20.0000
G00 X72.7195Y3.7971
G01 Z20.0000
G01 X73.0969Y5.3037
G01 X73.7737Y9.8662
G01 X73.9178Y12.8001
G00 Z20.0000
G00 X73.4963Y12.3618
G01 Z20.0000
G01 X73.3756Y9.9054
G01 X72.7046Y5.3818
G01 X72.3084Y3.8000
G01 X71.8965Y3.8000
G01 X72.3123Y5.4598
G01 X72.9775Y9.9446
G01 X73.0866Y12.1650
G00 Z20.0000
G00 X72.6835Y12.1012
G01 Z20.0000
G01 X72.5795Y9.9838
G01 X71.9200Y5.5378
G01 X71.4847Y3.8000
G00 Z20.0000
G00 X71.0660Y3.7727
G01 Z20.0000
G01 X71.5277Y5.6159
G01 X72.1814Y10.0230
G01 X72.2834Y12.1000
G01 X71.8834Y12.1000
G01 X71.7833Y10.0622
G01 X71.1353Y5.6939
G01 X70.6121Y3.6050
G00 Z20.0000
G00 X70.0676Y3.0756
G01 Z20.0000
G01 X70.7430Y5.7719
G01 X71.3852Y10.1014
G01 X71.4834Y12.1000
G00 Z20.0000
G00 X71.0846Y12.1243
G01 Z20.0000
G01 X70.9872Y10.1406
G01 X70.3507Y5.8500
G01 X69.2968Y1.6424
G01 X67.8355Y-2.4416
G01 X67.3822Y-3.4000
G01 X67.8242Y-3.4000
G01 X68.2050Y-2.5947
G01 X69.6795Y1.5263
G01 X69.8534Y2.2205
G00 Z20.0000
G00 X70.0841Y1.4970
G01 Z20.0000
G01 X70.0623Y1.4101
G01 X68.5746Y-2.7478
G01 X68.2661Y-3.4000
G01 X68.7081Y-3.4000
G01 X68.9441Y-2.9009
G01 X70.3921Y1.1459
G00 Z20.0000
G00 X70.7395Y0.9309
G01 Z20.0000
G01 X69.3137Y-3.0539
G01 X69.1500Y-3.4000
G01 X69.5920Y-3.4000
G01 X69.6832Y-3.2070
G01 X71.1236Y0.8185
G00 Z20.0000
G00 X71.5413Y0.8000
G01 Z20.0000
G01 X70.0528Y-3.3601
G01 X70.0339Y-3.4000
G01 X70.4628Y-3.4000
G01 X71.9656Y0.8000
G01 X72.3806Y0.8000
G01 X72.3590Y0.7135
G01 X70.8872Y-3.4000
G01 X71.3115Y-3.4000
G01 X72.7417Y0.5974
G01 X72.7943Y0.8070
G00 Z20.0000
G00 X73.2341Y0.9186
G01 Z20.0000
G01 X73.1245Y0.4812
G01 X71.7358Y-3.4000
G01 X72.1601Y-3.4000
G01 X73.5073Y0.3651
G01 X73.7320Y1.2622
G00 Z20.0000
G00 X74.1495Y2.2804
G01 Z20.0000
G01 X74.1495Y2.3196
G01 X74.1432Y2.4421
G01 X74.1404Y2.4665
G01 X74.1221Y2.5878
G01 X74.1169Y2.6118
G01 X74.0868Y2.7307
G01 X74.0793Y2.7541
G01 X74.0376Y2.8695
G01 X74.0279Y2.8920
G01 X73.9751Y3.0027
G01 X73.9632Y3.0242
G01 X73.8999Y3.1292
G01 X73.8859Y3.1494
G01 X73.8126Y3.2478
G01 X73.7967Y3.2665
G01 X73.7141Y3.3571
G01 X73.6964Y3.3742
G01 X73.6053Y3.4564
G01 X73.5861Y3.4716
G01 X73.4874Y3.5444
G01 X73.4668Y3.5577
G01 X73.3614Y3.6205
G01 X73.3396Y3.6317
G01 X73.2285Y3.6839
G01 X73.2057Y3.6929
G01 X73.0901Y3.7339
G01 X73.0665Y3.7406
G01 X72.9474Y3.7702
G01 X72.9233Y3.7745
G01 X72.8019Y3.7922
G01 X72.7774Y3.7942
G01 X72.6500Y3.8000
G01 X71.3500Y3.8000
G01 X71.2079Y3.7932
G01 X71.1835Y3.7904
G01 X71.0622Y3.7721
G01 X71.0382Y3.7669
G01 X70.9193Y3.7368
G01 X70.8959Y3.7293
G01 X70.7805Y3.6876
G01 X70.7580Y3.6779
G01 X70.6473Y3.6251
G01 X70.6258Y3.6132
G01 X70.5332Y3.5577
G01 X70.5006Y3.5359
G01 X70.4022Y3.4626
G01 X70.3835Y3.4467
G01 X70.3036Y3.3742
G01 X70.2758Y3.3464
G01 X70.2033Y3.2665
G01 X70.1874Y3.2478
G01 X70.1141Y3.1494
G01 X70.0923Y3.1168
G01 X70.0368Y3.0242
G01 X70.0249Y3.0027
G01 X69.9721Y2.8920
G01 X69.9571Y2.8557
G01 X69.9207Y2.7541
G01 X69.9132Y2.7307
G01 X69.8831Y2.6118
G01 X69.8755Y2.5733
G01 X69.8596Y2.4665
G01 X69.8568Y2.4421
G01 X69.8501Y2.3049
G01 X69.8505Y2.2804
G01 X69.8568Y2.1579
G01 X69.8596Y2.1335
G01 X69.8779Y2.0122
G01 X69.8831Y1.9882
G01 X69.9132Y1.8693
G01 X69.9207Y1.8459
G01 X69.9624Y1.7305
G01 X69.9721Y1.7080
G01 X70.0249Y1.5973
G01 X70.0368Y1.5758
G01 X70.1001Y1.4708
G01 X70.1141Y1.4506
G01 X70.1874Y1.3522
G01 X70.2033Y1.3335
G01 X70.2859Y1.2429
G01 X70.3036Y1.2258
G01 X70.3947Y1.1436
G01 X70.4139Y1.1284
G01 X70.5126Y1.0556
G01 X70.5332Y1.0423
G01 X70.6386Y0.9795
G01 X70.6604Y0.9683
G01 X70.7715Y0.9161
G01 X70.7943Y0.9071
G01 X70.9099Y0.8661
G01 X70.9335Y0.8594
G01 X71.0526Y0.8298
G01 X71.0767Y0.8255
G01 X71.1981Y0.8078
G01 X71.2226Y0.8058
G01 X71.3500Y0.8000
G01 X72.6500Y0.8000
G01 X72.7921Y0.8068
G01 X72.8165Y0.8096
G01 X72.9378Y0.8279
G01 X72.9618Y0.8331
G01 X73.0807Y0.8632
G01 X73.1041Y0.8707
G01 X73.2195Y0.9124
G01 X73.2420Y0.9221
G01 X73.3527Y0.9749
G01 X73.3742Y0.9868
G01 X73.4668Y1.0423
G01 X73.4994Y1.0641
G01 X73.5861Y1.1284
G01 X73.6053Y1.1436
G01 X73.6964Y1.2258
G01 X73.7242Y1.2536
G01 X73.8064Y1.3447
G01 X73.8216Y1.3639
G01 X73.8859Y1.4506
G01 X73.9077Y1.4832
G01 X73.9705Y1.5886
G01 X73.9817Y1.6104
G01 X74.0279Y1.7080
G01 X74.0429Y1.7443
G01 X74.0793Y1.8459
G01 X74.0868Y1.8693
G01 X74.1169Y1.9882
G01 X74.1245Y2.0267
G01 X74.1422Y2.1481
G01 X74.1442Y2.1726
G01 X74.1495Y2.2804
G00 Z20.0000
G00 X74.0935Y2.7052
G01 Z20.0000
G01 X74.6662Y4.9916
G01 X75.3660Y9.7093
G01 X75.6000Y14.4730
G01 X75.4554Y17.4163
G00 Z20.0000
G00 X75.8570Y17.3833
G01 Z20.0000
G01 X76.0000Y14.4730
G01 X75.7641Y9.6701
G01 X75.0585Y4.9135
G01 X73.8901Y0.2490
G01 X72.5844Y-3.4000
G01 X73.0088Y-3.4000
G01 X74.2729Y0.1329
G01 X75.4508Y4.8355
G01 X76.1621Y9.6309
G01 X76.4000Y14.4730
G01 X76.2534Y17.4577
G00 Z20.0000
G00 X76.6437Y17.6547
G01 Z20.0000
G01 X76.8000Y14.4730
G01 X76.5602Y9.5917
G01 X75.8431Y4.7575
G01 X74.6556Y0.0168
G01 X73.4331Y-3.4000
G01 X73.8574Y-3.4000
G01 X75.0384Y-0.0993
G01 X76.2354Y4.6794
G01 X76.9583Y9.5525
G01 X77.2000Y14.4730
G01 X77.0246Y18.0429
G00 Z20.0000
G00 X77.4432Y17.6644
G01 Z20.0000
G01 X77.6000Y14.4730
G01 X77.3563Y9.5133
G01 X76.6277Y4.6014
G01 X75.4212Y-0.2154
G01 X74.2817Y-3.4000
G01 X74.7061Y-3.4000
G01 X75.8040Y-0.3316
G01 X77.0201Y4.5234
G01 X77.7544Y9.4741
G01 X78.0000Y14.4730
G01 X77.8535Y17.4552
G00 Z20.0000
G00 X75.0478Y17.5716
G01 Z20.0000
G01 X75.2000Y14.4730
G01 X74.9679Y9.7485
G01 X74.2739Y5.0696
G01 X73.8163Y3.2430
G00 Z20.0000
G00 X73.4810Y3.5487
G01 Z20.0000
G01 X73.8815Y5.1476
G01 X74.5698Y9.7877
G01 X74.8000Y14.4730
G01 X74.6308Y17.9163
G01 X74.2384Y17.7623
G01 X74.4000Y14.4730
G01 X74.1495Y13.5804
G01 X74.1495Y13.6196
G01 X74.1432Y13.7421
G01 X74.1404Y13.7665
G01 X74.1221Y13.8878
G01 X74.1169Y13.9118
G01 X74.0868Y14.0307
G01 X74.0793Y14.0541
G01 X74.0376Y14.1695
G01 X74.0279Y14.1920
G01 X73.9751Y14.3027
G01 X73.9632Y14.3242
G01 X73.8999Y14.4292
G01 X73.8859Y14.4494
G01 X73.8126Y14.5478
G01 X73.7967Y14.5665
G01 X73.7141Y14.6571
G01 X73.6964Y14.6742
G01 X73.6054Y14.7564
G01 X73.5861Y14.7716
G01 X73.4874Y14.8444
G01 X73.4668Y14.8577
G01 X73.3614Y14.9205
G01 X73.3396Y14.9317
G01 X73.2285Y14.9839
G01 X73.2057Y14.9929
G01 X73.0901Y15.0339
G01 X73.0665Y15.0406
G01 X72.9474Y15.0702
G01 X72.9233Y15.0745
G01 X72.8019Y15.0922
G01 X72.7774Y15.0942
G01 X72.6500Y15.1000
G01 X71.3500Y15.1000
G01 X71.2079Y15.0932
G01 X71.1835Y15.0904
G01 X71.0622Y15.0721
G01 X71.0382Y15.0669
G01 X70.9193Y15.0368
G01 X70.8959Y15.0293
G01 X70.7805Y14.9876
G01 X70.7580Y14.9779
G01 X70.6473Y14.9251
G01 X70.6258Y14.9132
G01 X70.5332Y14.8577
G01 X70.5006Y14.8359
G01 X70.4022Y14.7626
G01 X70.3835Y14.7467
G01 X70.3036Y14.6742
G01 X70.2758Y14.6464
G01 X70.1936Y14.5553
G01 X70.1784Y14.5361
G01 X70.1141Y14.4494
G01 X70.0923Y14.4168
G01 X70.0295Y14.3114
G01 X70.0183Y14.2896
G01 X69.9721Y14.1920
G01 X69.9571Y14.1557
G01 X69.9207Y14.0541
G01 X69.9132Y14.0307
G01 X69.8831Y13.9118
G01 X69.8755Y13.8733
G01 X69.8596Y13.7665
G01 X69.8568Y13.7421
G01 X69.8501Y13.6049
G01 X69.8505Y13.5804
G01 X69.8568Y13.4579
G01 X69.8596Y13.4335
G01 X69.8779Y13.3122
G01 X69.8831Y13.2882
G01 X69.9132Y13.1693
G01 X69.9207Y13.1459
G01 X69.9624Y13.0305
G01 X69.9721Y13.0080
G01 X70.0249Y12.8973
G01 X70.0368Y12.8758
G01 X70.1001Y12.7708
G01 X70.1141Y12.7506
G01 X70.1874Y12.6522
G01 X70.2033Y12.6335
G01 X70.2859Y12.5429
G01 X70.3036Y12.5258
G01 X70.3947Y12.4436
G01 X70.4139Y12.4284
G01 X70.5126Y12.3556
G01 X70.5332Y12.3423
G01 X70.6386Y12.2795
G01 X70.6604Y12.2683
G01 X70.7715Y12.2161
G01 X70.7943Y12.2071
G01 X70.9099Y12.1661
G01 X70.9335Y12.1594
G01 X71.0526Y12.1298
G01 X71.0767Y12.1255
G01 X71.1981Y12.1078
G01 X71.2226Y12.1058
G01 X71.3500Y12.1000
G01 X72.6500Y12.1000
G01 X72.7921Y12.1068
G01 X72.8165Y12.1096
G01 X72.9378Y12.1279
G01 X72.9618Y12.1331
G01 X73.0807Y12.1632
G01 X73.1041Y12.1707
G01 X73.2195Y12.2124
G01 X73.2420Y12.2221
G01 X73.3527Y12.2749
G01 X73.3742Y12.2868
G01 X73.4668Y12.3423
G01 X73.4994Y12.3641
G01 X73.5978Y12.4374
G01 X73.6165Y12.4533
G01 X73.6964Y12.5258
G01 X73.7242Y12.5536
G01 X73.8064Y12.6447
G01 X73.8216Y12.6639
G01 X73.8859Y12.7506
G01 X73.9077Y12.7832
G01 X73.9705Y12.8886
G01 X73.9817Y12.9104
G01 X74.0279Y13.0080
G01 X74.0429Y13.0443
G01 X74.0793Y13.1459
G01 X74.0868Y13.1693
G01 X74.1169Y13.2882
G01 X74.1245Y13.3267
G01 X74.1422Y13.4481
G01 X74.1442Y13.4726
G01 X74.1495Y13.5804
G00 Z20.0000
G00 X70.6910Y12.2538
G01 Z20.0000
G01 X70.5891Y10.1798
G01 X69.9584Y5.9280
G01 X68.9140Y1.7585
G01 X67.4659Y-2.2886
G01 X66.9403Y-3.4000
G01 X66.4983Y-3.4000
G01 X67.0964Y-2.1355
G01 X68.5312Y1.8746
G01 X69.5661Y6.0060
G01 X70.1910Y10.2190
G01 X70.3043Y12.5251
G00 Z20.0000
G00 X69.9331Y13.1114
G01 Z20.0000
G01 X69.7929Y10.2582
G01 X69.1738Y6.0841
G01 X68.1484Y1.9907
G01 X66.7268Y-1.9824
G01 X66.0564Y-3.4000
G00 Z20.0000
G00 X81.9195Y-3.4000
G01 Z20.0000
G01 X82.3112Y-2.3055
G01 X83.6894Y3.1967
G01 X84.5217Y8.8076
G01 X84.7979Y14.4298
G00 Z20.0000
G00 X85.1865Y14.1981
G01 Z20.0000
G01 X84.9198Y8.7684
G01 X84.0817Y3.1187
G01 X82.6939Y-2.4216
G01 X82.3439Y-3.4000
G01 X82.7682Y-3.4000
G01 X83.0767Y-2.5377
G01 X84.4740Y3.0407
G01 X85.3178Y8.7292
G01 X85.5819Y14.1053
G00 Z20.0000
G00 X85.9831Y14.1291
G01 Z20.0000
G01 X85.7159Y8.6899
G01 X84.8663Y2.9626
G01 X83.4595Y-2.6538
G01 X83.1925Y-3.4000
G01 X83.6168Y-3.4000
G01 X83.8423Y-2.7699
G01 X85.2586Y2.8846
G01 X86.1140Y8.6507
G01 X86.3907Y14.2832
G01 X86.8000Y14.4730
G01 X86.7925Y14.6250
G01 X86.8000Y14.4730
G01 X86.5120Y8.6115
G01 X85.6510Y2.8066
G01 X84.2250Y-2.8861
G01 X84.0411Y-3.4000
G00 Z20.0000
G00 X90.2742Y-3.4000
G01 Z20.0000
G01 X91.5357Y1.6360
G01 X92.4832Y8.0234
G01 X92.8000Y14.4730
G01 X92.4832Y20.9225
G01 X91.8419Y25.2455
G00 Z20.0000
G00 X91.4644Y25.0675
G01 Z20.0000
G01 X92.0851Y20.8833
G01 X92.1343Y19.8822
G00 Z20.0000
G00 X91.7183Y20.2074
G01 Z20.0000
G01 X91.6870Y20.8441
G01 X91.0702Y25.0020
G00 Z20.0000
G00 X90.6599Y25.0452
G01 Z20.0000
G01 X91.2889Y20.8049
G01 X91.3112Y20.3514
G00 Z20.0000
G00 X90.9100Y20.3751
G01 Z20.0000
G01 X90.8909Y20.7657
G01 X90.2291Y25.2268
G00 Z20.0000
G00 X89.7559Y25.6938
G01 Z20.0000
G01 X90.4928Y20.7265
G01 X90.5142Y20.2907
G00 Z20.0000
G00 X90.1245Y20.0817
G01 Z20.0000
G01 X90.0947Y20.6872
G01 X89.4072Y25.3218
G00 Z20.0000
G00 X89.0352Y25.1069
G01 Z20.0000
G01 X89.6966Y20.6480
G01 X89.7439Y19.6865
G00 Z20.0000
G00 X89.3225Y20.1208
G01 Z20.0000
G01 X89.2986Y20.6088
G01 X88.6458Y25.0095
G00 Z20.0000
G00 X88.2403Y25.0205
G01 Z20.0000
G01 X88.9005Y20.5696
G01 X88.9129Y20.3161
G00 Z20.0000
G00 X88.5099Y20.3790
G01 Z20.0000
G01 X88.5024Y20.5304
G01 X87.8163Y25.1561
G00 Z20.0000
G00 X87.3609Y25.5031
G01 Z20.0000
G01 X88.1043Y20.4912
G01 X88.1121Y20.3328
G00 Z20.0000
G00 X87.7200Y20.1718
G01 Z20.0000
G01 X87.7063Y20.4520
G01 X86.9706Y25.4114
G00 Z20.0000
G00 X86.6045Y25.1565
G01 Z20.0000
G01 X87.3082Y20.4128
G01 X87.3359Y19.8493
G01 X86.9281Y20.0071
G01 X86.9101Y20.3736
G01 X86.2199Y25.0266
G00 Z20.0000
G00 X85.8192Y25.0055
G01 Z20.0000
G01 X86.5120Y20.3344
G01 X86.5154Y20.2652
G00 Z20.0000
G00 X86.1027Y20.3709
G01 Z20.0000
G01 X85.4011Y25.1011
G00 Z20.0000
G00 X84.9576Y25.3677
G01 Z20.0000
G01 X85.7005Y20.3596
G00 Z20.0000
G00 X85.3141Y20.2418
G01 Z20.0000
G01 X84.5316Y25.5169
G00 Z20.0000
G00 X84.1724Y25.2157
G01 Z20.0000
G01 X84.9198Y20.1776
G01 X84.9291Y19.9864
G01 X84.5354Y19.8589
G01 X84.5217Y20.1384
G01 X83.7926Y25.0534
G00 Z20.0000
G00 X83.3966Y25.0001
G01 Z20.0000
G01 X84.1083Y20.2022
G00 Z20.0000
G00 X83.6820Y20.3531
G01 Z20.0000
G01 X82.9840Y25.0592
G00 Z20.0000
G00 X82.5496Y25.2649
G01 Z20.0000
G01 X83.2750Y20.3743
G00 Z20.0000
G00 X82.8841Y20.2871
G01 Z20.0000
G01 X82.1201Y25.4370
G01 X82.0740Y25.6211
G00 Z20.0000
G00 X81.7387Y25.2858
G01 Z20.0000
G01 X82.5100Y20.0858
G00 Z20.0000
G00 X92.1974Y25.5717
G01 Z20.0000
G01 X92.8812Y20.9617
G01 X93.2000Y14.4730
G01 X92.8812Y7.9842
G01 X91.9280Y1.5580
G01 X90.6861Y-3.4000
G01 X91.9217Y-3.4000
G01 X93.1049Y1.3239
G01 X93.6331Y4.8848
G00 Z20.0000
G00 X93.9671Y4.4135
G01 Z20.0000
G01 X93.4972Y1.2458
G01 X92.3335Y-3.4000
G01 X92.7454Y-3.4000
G01 X93.8896Y1.1678
G01 X94.3331Y4.1576
G00 Z20.0000
G00 X94.7176Y4.0270
G01 Z20.0000
G01 X94.2819Y1.0898
G01 X93.1572Y-3.4000
G01 X93.5691Y-3.4000
G01 X94.6742Y1.0117
G01 X95.1182Y4.0053
G00 Z20.0000
G00 X95.5362Y4.1001
G01 Z20.0000
G01 X95.0665Y0.9337
G01 X93.9810Y-3.4000
G01 X94.3928Y-3.4000
G01 X95.4588Y0.8557
G01 X95.9794Y4.3650
G00 Z20.0000
G00 X96.2667Y6.3018
G01 Z20.0000
G01 X96.4639Y7.6314
G01 X96.8000Y14.4730
G01 X96.4639Y21.3146
G01 X95.8518Y25.4408
G00 Z20.0000
G00 X95.4811Y25.2172
G01 Z20.0000
G01 X96.0658Y21.2753
G01 X96.1369Y19.8280
G00 Z20.0000
G00 X95.7168Y20.2377
G01 Z20.0000
G01 X95.6677Y21.2361
G01 X95.0926Y25.1135
G00 Z20.0000
G00 X94.6883Y25.1163
G01 Z20.0000
G01 X95.2697Y21.1969
G01 X95.3077Y20.4229
G00 Z20.0000
G00 X94.9049Y20.4799
G01 Z20.0000
G01 X94.8716Y21.1577
G01 X94.2657Y25.2421
G00 Z20.0000
G00 X93.8137Y25.5670
G01 Z20.0000
G01 X94.4735Y21.1185
G01 X94.5075Y20.4267
G00 Z20.0000
G00 X100.2124Y23.2723
G01 Z20.0000
G01 X99.9386Y25.1182
G00 Z20.0000
G00 X100.3589Y25.0072
G01 Z20.0000
G01 X100.6859Y22.8032
G00 Z20.0000
G00 X101.0340Y23.1791
G01 Z20.0000
G01 X100.7602Y25.0246
G00 Z20.0000
G00 X101.1444Y25.1575
G01 Z20.0000
G01 X101.4061Y23.3935
G00 Z20.0000
G00 X101.7956Y23.4907
G01 Z20.0000
G01 X101.5080Y25.4292
G01 X101.8952Y25.5414
G01 X102.2011Y23.4793
G00 Z20.0000
G00 X102.6252Y23.3432
G01 Z20.0000
G01 X102.3561Y25.1572
G00 Z20.0000
G00 X102.7806Y25.0184
G01 Z20.0000
G01 X103.0807Y22.9951
G01 X103.4706Y23.0896
G01 X103.1852Y25.0134
G00 Z20.0000
G00 X103.5728Y25.1235
G01 Z20.0000
G01 X103.8367Y23.3441
G00 Z20.0000
G00 X104.2214Y23.4737
G01 Z20.0000
G01 X103.9409Y25.3649
G00 Z20.0000
G00 X104.2763Y25.8268
G01 Z20.0000
G01 X104.6222Y23.4945
G00 Z20.0000
G00 X108.0001Y10.5098
G01 Z20.0000
G01 X108.0005Y10.4804
G01 X108.0058Y10.3726
G01 X108.0078Y10.3481
G01 X108.0255Y10.2267
G01 X108.0331Y10.1882
G01 X108.0632Y10.0693
G01 X108.0707Y10.0459
G01 X108.1071Y9.9443
G01 X108.1221Y9.9080
G01 X108.1749Y9.7973
G01 X108.1868Y9.7758
G01 X108.2423Y9.6832
G01 X108.2641Y9.6506
G01 X108.3284Y9.5639
G01 X108.3436Y9.5447
G01 X108.4258Y9.4536
G01 X108.4536Y9.4258
G01 X108.5447Y9.3436
G01 X108.5639Y9.3284
G01 X108.6506Y9.2641
G01 X108.6709Y9.2500
G01 X108.6506Y9.2359
G01 X108.5522Y9.1626
G01 X108.5335Y9.1467
G01 X108.4536Y9.0742
G01 X108.4359Y9.0571
G01 X108.3533Y8.9665
G01 X108.3374Y8.9478
G01 X108.2641Y8.8494
G01 X108.2423Y8.8168
G01 X108.1868Y8.7242
G01 X108.1749Y8.7027
G01 X108.1221Y8.5920
G01 X108.1071Y8.5557
G01 X108.0692Y8.4494
G01 X108.0594Y8.4165
G01 X108.0298Y8.2974
G01 X108.0255Y8.2733
G01 X108.0096Y8.1665
G01 X108.0058Y8.1274
G01 X108.0004Y8.0172
G01 X108.0002Y7.9878
G01 X108.0068Y7.8579
G01 X108.0096Y7.8335
G01 X108.0255Y7.7267
G01 X108.0331Y7.6882
G01 X108.0632Y7.5693
G01 X108.0707Y7.5459
G01 X108.1071Y7.4443
G01 X108.1221Y7.4080
G01 X108.1683Y7.3104
G01 X108.1795Y7.2886
G01 X108.2423Y7.1832
G01 X108.2641Y7.1506
G01 X108.3284Y7.0639
G01 X108.3436Y7.0447
G01 X108.4359Y6.9428
G01 X108.4536Y6.9258
G01 X108.5335Y6.8533
G01 X108.5639Y6.8284
G01 X108.6506Y6.7641
G01 X108.6709Y6.7500
G01 X108.6506Y6.7359
G01 X108.5639Y6.6716
G01 X108.5335Y6.6467
G01 X108.4536Y6.5742
G01 X108.4359Y6.5571
G01 X108.3533Y6.4665
G01 X108.3374Y6.4478
G01 X108.2556Y6.3374
G01 X108.2423Y6.3168
G01 X108.1868Y6.2242
G01 X108.1683Y6.1896
G01 X108.1201Y6.0875
G01 X108.1071Y6.0557
G01 X108.0707Y5.9541
G01 X108.0632Y5.9307
G01 X108.0298Y5.7974
G01 X108.0255Y5.7733
G01 X108.0078Y5.6519
G01 X108.0058Y5.6274
G01 X108.0005Y5.5196
G01 X108.0002Y5.4878
G01 X108.0058Y5.3726
G01 X108.0096Y5.3335
G01 X108.0255Y5.2267
G01 X108.0298Y5.2026
G01 X108.0632Y5.0693
G01 X108.0707Y5.0459
G01 X108.1124Y4.9305
G01 X108.1221Y4.9080
G01 X108.1749Y4.7973
G01 X108.1868Y4.7758
G01 X108.2501Y4.6708
G01 X108.2641Y4.6506
G01 X108.3374Y4.5522
G01 X108.3533Y4.5335
G01 X108.4359Y4.4428
G01 X108.4536Y4.4258
G01 X108.5447Y4.3436
G01 X108.5639Y4.3284
G01 X108.6626Y4.2556
G01 X108.6832Y4.2423
G01 X108.7886Y4.1795
G01 X108.8104Y4.1683
G01 X108.9215Y4.1161
G01 X108.9443Y4.1071
G01 X109.0599Y4.0661
G01 X109.0835Y4.0594
G01 X109.2026Y4.0298
G01 X109.2267Y4.0255
G01 X109.3481Y4.0078
G01 X109.3726Y4.0058
G01 X109.4951Y4.0001
G01 X109.5196Y4.0005
G01 X109.6421Y4.0068
G01 X109.6665Y4.0096
G01 X109.7878Y4.0279
G01 X109.8118Y4.0331
G01 X109.9307Y4.0632
G01 X109.9541Y4.0707
G01 X110.0557Y4.1071
G01 X110.0920Y4.1221
G01 X110.1896Y4.1683
G01 X110.2114Y4.1795
G01 X110.3292Y4.2501
G01 X110.3494Y4.2641
G01 X110.4361Y4.3284
G01 X110.4665Y4.3533
G01 X110.5464Y4.4258
G01 X110.5641Y4.4429
G01 X110.6564Y4.5447
G01 X110.6716Y4.5639
G01 X110.7359Y4.6506
G01 X110.7577Y4.6832
G01 X110.8132Y4.7758
G01 X110.8251Y4.7973
G01 X110.8839Y4.9215
G01 X110.8929Y4.9443
G01 X110.9293Y5.0459
G01 X110.9406Y5.0835
G01 X110.9669Y5.1882
G01 X110.9721Y5.2122
G01 X110.9904Y5.3335
G01 X110.9942Y5.3726
G01 X110.9995Y5.4804
G01 X110.9999Y5.5049
G01 X110.9942Y5.6274
G01 X110.9904Y5.6665
G01 X110.9745Y5.7733
G01 X110.9702Y5.7974
G01 X110.9394Y5.9213
G01 X110.9293Y5.9541
G01 X110.8929Y6.0557
G01 X110.8779Y6.0920
G01 X110.8251Y6.2027
G01 X110.8132Y6.2242
G01 X110.7577Y6.3168
G01 X110.7359Y6.3494
G01 X110.6716Y6.4361
G01 X110.6564Y6.4553
G01 X110.5641Y6.5571
G01 X110.5464Y6.5742
G01 X110.4665Y6.6467
G01 X110.4361Y6.6716
G01 X110.3494Y6.7359
G01 X110.3291Y6.7500
G01 X110.3494Y6.7641
G01 X110.4478Y6.8374
G01 X110.4665Y6.8533
G01 X110.5464Y6.9258
G01 X110.5641Y6.9429
G01 X110.6467Y7.0335
G01 X110.6626Y7.0522
G01 X110.7359Y7.1506
G01 X110.7577Y7.1832
G01 X110.8132Y7.2758
G01 X110.8251Y7.2973
G01 X110.8779Y7.4080
G01 X110.8929Y7.4443
G01 X110.9308Y7.5506
G01 X110.9406Y7.5835
G01 X110.9669Y7.6882
G01 X110.9721Y7.7122
G01 X110.9904Y7.8335
G01 X110.9942Y7.8726
G01 X110.9995Y7.9804
G01 X110.9999Y8.0049
G01 X110.9942Y8.1274
G01 X110.9904Y8.1665
G01 X110.9745Y8.2733
G01 X110.9702Y8.2974
G01 X110.9394Y8.4213
G01 X110.9293Y8.4541
G01 X110.8929Y8.5557
G01 X110.8779Y8.5920
G01 X110.8251Y8.7027
G01 X110.8132Y8.7242
G01 X110.7577Y8.8168
G01 X110.7359Y8.8494
G01 X110.6716Y8.9361
G01 X110.6564Y8.9553
G01 X110.5641Y9.0571
G01 X110.5464Y9.0742
G01 X110.4665Y9.1467
G01 X110.4361Y9.1716
G01 X110.3494Y9.2359
G01 X110.3291Y9.2500
G01 X110.3494Y9.2641
G01 X110.4361Y9.3284
G01 X110.4665Y9.3533
G01 X110.5464Y9.4258
G01 X110.5641Y9.4429
G01 X110.6467Y9.5335
G01 X110.6626Y9.5522
G01 X110.7444Y9.6626
G01 X110.7577Y9.6832
G01 X110.8132Y9.7758
G01 X110.8317Y9.8104
G01 X110.8799Y9.9125
G01 X110.8929Y9.9443
G01 X110.9293Y10.0459
G01 X110.9368Y10.0693
G01 X110.9702Y10.2026
G01 X110.9745Y10.2267
G01 X110.9922Y10.3481
G01 X110.9942Y10.3726
G01 X110.9995Y10.4804
G01 X110.9995Y10.5196
G01 X110.9939Y10.6323
G01 X110.9904Y10.6665
G01 X110.9745Y10.7733
G01 X110.9702Y10.7974
G01 X110.9368Y10.9307
G01 X110.9293Y10.9541
G01 X110.8876Y11.0695
G01 X110.8779Y11.0920
G01 X110.8317Y11.1896
G01 X110.8157Y11.2199
G01 X110.7577Y11.3168
G01 X110.7359Y11.3494
G01 X110.6716Y11.4361
G01 X110.6564Y11.4553
G01 X110.5742Y11.5464
G01 X110.5571Y11.5641
G01 X110.4665Y11.6467
G01 X110.4478Y11.6626
G01 X110.3494Y11.7359
G01 X110.3292Y11.7499
G01 X110.2242Y11.8132
G01 X110.2027Y11.8251
G01 X110.0785Y11.8839
G01 X110.0557Y11.8929
G01 X109.9401Y11.9339
G01 X109.9165Y11.9406
G01 X109.8118Y11.9669
G01 X109.7733Y11.9745
G01 X109.6616Y11.9910
G01 X109.6274Y11.9942
G01 X109.5196Y11.9995
G01 X109.4951Y11.9999
G01 X109.3726Y11.9942
G01 X109.3335Y11.9904
G01 X109.2267Y11.9745
G01 X109.2026Y11.9702
G01 X109.0835Y11.9406
G01 X109.0599Y11.9339
G01 X108.9305Y11.8876
G01 X108.9080Y11.8779
G01 X108.7973Y11.8251
G01 X108.7758Y11.8132
G01 X108.6708Y11.7499
G01 X108.6506Y11.7359
G01 X108.5522Y11.6626
G01 X108.5335Y11.6467
G01 X108.4429Y11.5641
G01 X108.4258Y11.5464
G01 X108.3533Y11.4665
G01 X108.3314Y11.4400
G01 X108.2641Y11.3494
G01 X108.2423Y11.3168
G01 X108.1868Y11.2242
G01 X108.1749Y11.2027
G01 X108.1221Y11.0920
G01 X108.1071Y11.0557
G01 X108.0707Y10.9541
G01 X108.0632Y10.9307
G01 X108.0331Y10.8118
G01 X108.0279Y10.7878
G01 X108.0078Y10.6519
G01 X108.0058Y10.6274
G01 X108.0001Y10.5098
G00 Z20.0000
G00 X108.1707Y9.8055
G01 Z20.0000
G01 X108.1096Y8.5624
G00 Z20.0000
G00 X108.5386Y9.1511
G01 Z20.0000
G01 X108.5479Y9.3410
G00 Z20.0000
G00 X108.0612Y7.5766
G01 Z20.0000
G01 X108.0080Y6.4944
G01 X106.8359Y-1.4074
G01 X106.3368Y-3.4000
G01 X106.7487Y-3.4000
G01 X107.2282Y-1.4854
G01 X108.1636Y4.8203
G00 Z20.0000
G00 X108.5024Y4.3815
G01 Z20.0000
G01 X107.6206Y-1.5635
G01 X107.1605Y-3.4000
G01 X107.5724Y-3.4000
G01 X108.0129Y-1.6415
G01 X108.8705Y4.1399
G00 Z20.0000
G00 X109.2567Y4.0210
G01 Z20.0000
G01 X108.4052Y-1.7195
G01 X107.9842Y-3.4000
G01 X108.3961Y-3.4000
G01 X108.7975Y-1.7976
G01 X109.6588Y4.0086
G00 Z20.0000
G00 X110.0786Y4.1161
G01 Z20.0000
G01 X109.1898Y-1.8756
G01 X108.8080Y-3.4000
G01 X109.2198Y-3.4000
G01 X109.5821Y-1.9536
G01 X110.5256Y4.4069
G00 Z20.0000
G00 X110.7962Y6.2526
G01 Z20.0000
G01 X110.8500Y7.3492
G00 Z20.0000
G00 X110.4240Y6.8194
G01 Z20.0000
G01 X110.4174Y6.6855
G00 Z20.0000
G00 X108.4304Y6.9487
G01 Z20.0000
G01 X108.4097Y6.5287
G00 Z20.0000
G00 X115.2800Y7.9592
G01 Z20.0000
G01 X115.1734Y5.7886
G01 X113.8976Y-2.8120
G01 X113.7503Y-3.4000
G01 X114.1622Y-3.4000
G01 X114.2899Y-2.8901
G01 X115.2800Y3.7847
G01 X115.2800Y1.0619
G01 X114.6822Y-2.9681
G01 X114.5740Y-3.4000
G01 X114.9859Y-3.4000
G01 X115.0745Y-3.0462
G01 X115.2800Y-1.6609
G00 Z20.0000
G00 X93.5001Y5.5098
G01 Z20.0000
G01 X93.5005Y5.4804
G01 X93.5068Y5.3579
G01 X93.5096Y5.3335
G01 X93.5279Y5.2122
G01 X93.5331Y5.1882
G01 X93.5632Y5.0693
G01 X93.5707Y5.0459
G01 X93.6124Y4.9305
G01 X93.6221Y4.9080
G01 X93.6749Y4.7973
G01 X93.6868Y4.7758
G01 X93.7501Y4.6708
G01 X93.7641Y4.6506
G01 X93.8374Y4.5522
G01 X93.8533Y4.5335
G01 X93.9359Y4.4428
G01 X93.9536Y4.4258
G01 X94.0447Y4.3436
G01 X94.0639Y4.3284
G01 X94.1626Y4.2556
G01 X94.1832Y4.2423
G01 X94.2886Y4.1795
G01 X94.3104Y4.1683
G01 X94.4215Y4.1161
G01 X94.4443Y4.1071
G01 X94.5599Y4.0661
G01 X94.5835Y4.0594
G01 X94.7026Y4.0298
G01 X94.7267Y4.0255
G01 X94.8481Y4.0078
G01 X94.8726Y4.0058
G01 X94.9951Y4.0001
G01 X95.0196Y4.0005
G01 X95.1421Y4.0068
G01 X95.1665Y4.0096
G01 X95.2878Y4.0279
G01 X95.3118Y4.0331
G01 X95.4307Y4.0632
G01 X95.4541Y4.0707
G01 X95.5695Y4.1124
G01 X95.5920Y4.1221
G01 X95.7027Y4.1749
G01 X95.7242Y4.1868
G01 X95.8292Y4.2501
G01 X95.8494Y4.2641
G01 X95.9478Y4.3374
G01 X95.9665Y4.3533
G01 X96.0571Y4.4359
G01 X96.0742Y4.4536
G01 X96.1564Y4.5447
G01 X96.1716Y4.5639
G01 X96.2444Y4.6626
G01 X96.2577Y4.6832
G01 X96.3205Y4.7886
G01 X96.3317Y4.8104
G01 X96.3839Y4.9215
G01 X96.3929Y4.9443
G01 X96.4339Y5.0599
G01 X96.4406Y5.0835
G01 X96.4702Y5.2026
G01 X96.4745Y5.2267
G01 X96.4922Y5.3481
G01 X96.4942Y5.3726
G01 X96.4999Y5.4951
G01 X96.4995Y5.5196
G01 X96.4932Y5.6421
G01 X96.4904Y5.6665
G01 X96.4721Y5.7878
G01 X96.4669Y5.8118
G01 X96.4368Y5.9307
G01 X96.4293Y5.9541
G01 X96.3876Y6.0695
G01 X96.3779Y6.0920
G01 X96.3251Y6.2027
G01 X96.3132Y6.2242
G01 X96.2499Y6.3292
G01 X96.2359Y6.3494
G01 X96.1626Y6.4478
G01 X96.1467Y6.4665
G01 X96.0641Y6.5572
G01 X96.0464Y6.5742
G01 X95.9553Y6.6564
G01 X95.9361Y6.6716
G01 X95.8374Y6.7444
G01 X95.8168Y6.7577
G01 X95.7114Y6.8205
G01 X95.6896Y6.8317
G01 X95.5785Y6.8839
G01 X95.5557Y6.8929
G01 X95.4401Y6.9339
G01 X95.4165Y6.9406
G01 X95.2974Y6.9702
G01 X95.2733Y6.9745
G01 X95.1519Y6.9922
G01 X95.1274Y6.9942
G01 X95.0049Y6.9999
G01 X94.9804Y6.9995
G01 X94.8579Y6.9932
G01 X94.8335Y6.9904
G01 X94.7122Y6.9721
G01 X94.6882Y6.9669
G01 X94.5693Y6.9368
G01 X94.5459Y6.9293
G01 X94.4305Y6.8876
G01 X94.4080Y6.8779
G01 X94.2973Y6.8251
G01 X94.2758Y6.8132
G01 X94.1708Y6.7499
G01 X94.1506Y6.7359
G01 X94.0522Y6.6626
G01 X94.0335Y6.6467
G01 X93.9429Y6.5641
G01 X93.9258Y6.5464
G01 X93.8436Y6.4553
G01 X93.8284Y6.4361
G01 X93.7556Y6.3374
G01 X93.7423Y6.3168
G01 X93.6795Y6.2114
G01 X93.6683Y6.1896
G01 X93.6161Y6.0785
G01 X93.6071Y6.0557
G01 X93.5661Y5.9401
G01 X93.5594Y5.9165
G01 X93.5298Y5.7974
G01 X93.5255Y5.7733
G01 X93.5078Y5.6519
G01 X93.5058Y5.6274
G01 X93.5001Y5.5098
G00 Z20.0000
G00 X93.5001Y10.5098
G01 Z20.0000
G01 X93.5005Y10.4804
G01 X93.5068Y10.3579
G01 X93.5096Y10.3335
G01 X93.5279Y10.2122
G01 X93.5331Y10.1882
G01 X93.5632Y10.0693
G01 X93.5707Y10.0459
G01 X93.6124Y9.9305
G01 X93.6221Y9.9080
G01 X93.6749Y9.7973
G01 X93.6868Y9.7758
G01 X93.7501Y9.6708
G01 X93.7641Y9.6506
G01 X93.8374Y9.5522
G01 X93.8533Y9.5335
G01 X93.9359Y9.4429
G01 X93.9536Y9.4258
G01 X94.0447Y9.3436
G01 X94.0639Y9.3284
G01 X94.1626Y9.2556
G01 X94.1832Y9.2423
G01 X94.2886Y9.1795
G01 X94.3104Y9.1683
G01 X94.4215Y9.1161
G01 X94.4443Y9.1071
G01 X94.5599Y9.0661
G01 X94.5835Y9.0594
G01 X94.7026Y9.0298
G01 X94.7267Y9.0255
G01 X94.8481Y9.0078
G01 X94.8726Y9.0058
G01 X94.9951Y9.0001
G01 X95.0196Y9.0005
G01 X95.1421Y9.0068
G01 X95.1665Y9.0096
G01 X95.2878Y9.0279
G01 X95.3118Y9.0331
G01 X95.4307Y9.0632
G01 X95.4541Y9.0707
G01 X95.5695Y9.1124
G01 X95.5920Y9.1221
G01 X95.7027Y9.1749
G01 X95.7242Y9.1868
G01 X95.8292Y9.2501
G01 X95.8494Y9.2641
G01 X95.9478Y9.3374
G01 X95.9665Y9.3533
G01 X96.0572Y9.4359
G01 X96.0742Y9.4536
G01 X96.1564Y9.5447
G01 X96.1716Y9.5639
G01 X96.2444Y9.6626
G01 X96.2577Y9.6832
G01 X96.3205Y9.7886
G01 X96.3317Y9.8104
G01 X96.3839Y9.9215
G01 X96.3929Y9.9443
G01 X96.4339Y10.0599
G01 X96.4406Y10.0835
G01 X96.4702Y10.2026
G01 X96.4745Y10.2267
G01 X96.4922Y10.3481
G01 X96.4942Y10.3726
G01 X96.4999Y10.4951
G01 X96.4995Y10.5196
G01 X96.4932Y10.6421
G01 X96.4904Y10.6665
G01 X96.4721Y10.7878
G01 X96.4669Y10.8118
G01 X96.4368Y10.9307
G01 X96.4293Y10.9541
G01 X96.3876Y11.0695
G01 X96.3779Y11.0920
G01 X96.3251Y11.2027
G01 X96.3132Y11.2242
G01 X96.2499Y11.3292
G01 X96.2359Y11.3494
G01 X96.1626Y11.4478
G01 X96.1467Y11.4665
G01 X96.0641Y11.5571
G01 X96.0464Y11.5742
G01 X95.9553Y11.6564
G01 X95.9361Y11.6716
G01 X95.8374Y11.7444
G01 X95.8168Y11.7577
G01 X95.7114Y11.8205
G01 X95.6896Y11.8317
G01 X95.5785Y11.8839
G01 X95.5557Y11.8929
G01 X95.4401Y11.9339
G01 X95.4165Y11.9406
G01 X95.2974Y11.9702
G01 X95.2733Y11.9745
G01 X95.1519Y11.9922
G01 X95.1274Y11.9942
G01 X95.0049Y11.9999
G01 X94.9804Y11.9995
G01 X94.8579Y11.9932
G01 X94.8335Y11.9904
G01 X94.7122Y11.9721
G01 X94.6882Y11.9669
G01 X94.5693Y11.9368
G01 X94.5459Y11.9293
G01 X94.4305Y11.8876
G01 X94.4080Y11.8779
G01 X94.2973Y11.8251
G01 X94.2758Y11.8132
G01 X94.1708Y11.7499
G01 X94.1506Y11.7359
G01 X94.0522Y11.6626
G01 X94.0335Y11.6467
G01 X93.9429Y11.5641
G01 X93.9258Y11.5464
G01 X93.8436Y11.4553
G01 X93.8284Y11.4361
G01 X93.7556Y11.3374
G01 X93.7423Y11.3168
G01 X93.6795Y11.2114
G01 X93.6683Y11.1896
G01 X93.6161Y11.0785
G01 X93.6071Y11.0557
G01 X93.5661Y10.9401
G01 X93.5594Y10.9165
G01 X93.5298Y10.7974
G01 X93.5255Y10.7733
G01 X93.5078Y10.6519
G01 X93.5058Y10.6274
G01 X93.5001Y10.5098
G00 Z20.0000
G00 X50.3336Y6.7530
G01 Z20.0000
G01 X50.3318Y6.7481
G00 Z20.0000
G00 X44.1495Y2.2804
G01 Z20.0000
G01 X44.1495Y2.3196
G01 X44.1432Y2.4421
G01 X44.1404Y2.4665
G01 X44.1221Y2.5878
G01 X44.1169Y2.6118
G01 X44.0868Y2.7307
G01 X44.0793Y2.7541
G01 X44.0376Y2.8695
G01 X44.0279Y2.8920
G01 X43.9751Y3.0027
G01 X43.9632Y3.0242
G01 X43.8999Y3.1292
G01 X43.8859Y3.1494
G01 X43.8126Y3.2478
G01 X43.7967Y3.2665
G01 X43.7141Y3.3571
G01 X43.6964Y3.3742
G01 X43.6053Y3.4564
G01 X43.5861Y3.4716
G01 X43.4874Y3.5444
G01 X43.4668Y3.5577
G01 X43.3614Y3.6205
G01 X43.3396Y3.6317
G01 X43.2285Y3.6839
G01 X43.2057Y3.6929
G01 X43.0901Y3.7339
G01 X43.0665Y3.7406
G01 X42.9474Y3.7702
G01 X42.9233Y3.7745
G01 X42.8019Y3.7922
G01 X42.7774Y3.7942
G01 X42.6500Y3.8000
G01 X41.3500Y3.8000
G01 X41.2079Y3.7932
G01 X41.1835Y3.7904
G01 X41.0622Y3.7721
G01 X41.0382Y3.7669
G01 X40.9193Y3.7368
G01 X40.8959Y3.7293
G01 X40.7805Y3.6876
G01 X40.7580Y3.6779
G01 X40.6473Y3.6251
G01 X40.6258Y3.6132
G01 X40.5332Y3.5577
G01 X40.5006Y3.5359
G01 X40.4022Y3.4626
G01 X40.3835Y3.4467
G01 X40.3036Y3.3742
G01 X40.2758Y3.3464
G01 X40.2033Y3.2665
G01 X40.1874Y3.2478
G01 X40.1141Y3.1494
G01 X40.0923Y3.1168
G01 X40.0295Y3.0114
G01 X40.0183Y2.9896
G01 X39.9721Y2.8920
G01 X39.9571Y2.8557
G01 X39.9207Y2.7541
G01 X39.9132Y2.7307
G01 X39.8831Y2.6118
G01 X39.8755Y2.5733
G01 X39.8596Y2.4665
G01 X39.8568Y2.4421
G01 X39.8501Y2.3049
G01 X39.8505Y2.2804
G01 X39.8568Y2.1579
G01 X39.8596Y2.1335
G01 X39.8779Y2.0122
G01 X39.8831Y1.9882
G01 X39.9132Y1.8693
G01 X39.9207Y1.8459
G01 X39.9624Y1.7305
G01 X39.9721Y1.7080
G01 X40.0249Y1.5973
G01 X40.0368Y1.5758
G01 X40.1001Y1.4708
G01 X40.1141Y1.4506
G01 X40.1874Y1.3522
G01 X40.2033Y1.3335
G01 X40.2859Y1.2429
G01 X40.3036Y1.2258
G01 X40.3947Y1.1436
G01 X40.4139Y1.1284
G01 X40.5126Y1.0556
G01 X40.5332Y1.0423
G01 X40.6386Y0.9795
G01 X40.6604Y0.9683
G01 X40.7715Y0.9161
G01 X40.7943Y0.9071
G01 X40.9099Y0.8661
G01 X40.9335Y0.8594
G01 X41.0526Y0.8298
G01 X41.0767Y0.8255
G01 X41.1981Y0.8078
G01 X41.2226Y0.8058
G01 X41.3500Y0.8000
G01 X42.6500Y0.8000
G01 X42.7921Y0.8068
G01 X42.8165Y0.8096
G01 X42.9378Y0.8279
G01 X42.9618Y0.8331
G01 X43.0807Y0.8632
G01 X43.1041Y0.8707
G01 X43.2195Y0.9124
G01 X43.2420Y0.9221
G01 X43.3527Y0.9749
G01 X43.3742Y0.9868
G01 X43.4668Y1.0423
G01 X43.4994Y1.0641
G01 X43.5978Y1.1374
G01 X43.6165Y1.1533
G01 X43.6964Y1.2258
G01 X43.7242Y1.2536
G01 X43.7967Y1.3335
G01 X43.8126Y1.3522
G01 X43.8859Y1.4506
G01 X43.9077Y1.4832
G01 X43.9705Y1.5886
G01 X43.9817Y1.6104
G01 X44.0279Y1.7080
G01 X44.0429Y1.7443
G01 X44.0839Y1.8599
G01 X44.0906Y1.8835
G01 X44.1169Y1.9882
G01 X44.1245Y2.0267
G01 X44.1404Y2.1335
G01 X44.1432Y2.1579
G01 X44.1495Y2.2804
G00 Z20.0000
G00 X42.9413Y0.8286
G01 Z20.0000
G01 X41.8492Y-0.3763
G01 X40.3223Y-1.7603
G01 X38.6670Y-2.9879
G01 X37.9794Y-3.4000
G01 X37.2023Y-3.4000
G01 X38.4447Y-2.6553
G01 X40.0685Y-1.4511
G01 X41.5664Y-0.0934
G01 X42.3762Y0.8000
G01 X41.8370Y0.8000
G01 X41.2836Y0.1894
G01 X39.8147Y-1.1419
G01 X38.2225Y-2.3227
G01 X36.5222Y-3.3418
G01 X36.3993Y-3.4000
G01 X35.4648Y-3.4000
G01 X36.3337Y-2.9891
G01 X38.0003Y-1.9901
G01 X39.5610Y-0.8326
G01 X41.0007Y0.4722
G01 X41.2996Y0.8020
G00 Z20.0000
G00 X40.8406Y0.8905
G01 Z20.0000
G01 X40.7179Y0.7551
G01 X39.3072Y-0.5234
G01 X37.7781Y-1.6576
G01 X36.1451Y-2.6363
G01 X34.5304Y-3.4000
G01 X33.3787Y-3.4000
G01 X34.2710Y-3.0808
G01 X35.9565Y-2.2835
G01 X37.5558Y-1.3250
G01 X39.0535Y-0.2142
G01 X40.4350Y1.0379
G01 X40.4756Y1.0827
G00 Z20.0000
G00 X40.1843Y1.3562
G01 Z20.0000
G01 X40.1522Y1.3208
G01 X38.7997Y0.0950
G01 X37.3336Y-0.9924
G01 X35.7680Y-1.9308
G01 X34.1179Y-2.7112
G01 X32.3993Y-3.3261
G01 X32.1044Y-3.4000
G01 X30.3978Y-3.4000
G01 X30.5506Y-3.3773
G01 X32.2832Y-2.9434
G01 X33.9648Y-2.3416
G01 X35.5794Y-1.5780
G01 X37.1114Y-0.6598
G01 X38.5460Y0.4042
G01 X39.8693Y1.6036
G01 X39.9694Y1.7140
G00 Z20.0000
G00 X39.8553Y2.1830
G01 Z20.0000
G01 X39.5865Y1.8865
G01 X38.2922Y0.7134
G01 X36.8892Y-0.3272
G01 X35.3909Y-1.2252
G01 X33.8118Y-1.9721
G01 X32.1671Y-2.5606
G01 X30.4726Y-2.9850
G01 X28.7447Y-3.2413
G01 X27.0000Y-3.3270
G01 X25.2553Y-3.2413
G01 X23.5274Y-2.9850
G01 X21.8329Y-2.5606
G01 X20.1882Y-1.9721
G01 X18.6091Y-1.2252
G01 X17.1109Y-0.3272
G01 X15.7078Y0.7134
G01 X14.4135Y1.8865
G01 X14.1447Y2.1830
G01 X14.1495Y2.2804
G01 X14.1499Y2.3049
G01 X14.1442Y2.4274
G01 X14.1422Y2.4519
G01 X14.1245Y2.5733
G01 X14.1202Y2.5974
G01 X14.0906Y2.7165
G01 X14.0839Y2.7401
G01 X14.0429Y2.8557
G01 X14.0339Y2.8785
G01 X13.9817Y2.9896
G01 X13.9705Y3.0114
G01 X13.9077Y3.1168
G01 X13.8944Y3.1374
G01 X13.8216Y3.2361
G01 X13.7999Y3.2628
G01 X13.7141Y3.3571
G01 X13.6964Y3.3742
G01 X13.6165Y3.4467
G01 X13.5861Y3.4716
G01 X13.4994Y3.5359
G01 X13.4792Y3.5499
G01 X13.3614Y3.6205
G01 X13.3396Y3.6317
G01 X13.2420Y3.6779
G01 X13.2057Y3.6929
G01 X13.0901Y3.7339
G01 X13.0665Y3.7406
G01 X12.9618Y3.7669
G01 X12.9233Y3.7745
G01 X12.8165Y3.7904
G01 X12.7921Y3.7932
G01 X12.6672Y3.7996
G01 X11.3426Y3.7999
G01 X11.2226Y3.7942
G01 X11.1981Y3.7922
G01 X11.0767Y3.7745
G01 X11.0526Y3.7702
G01 X10.9335Y3.7406
G01 X10.9099Y3.7339
G01 X10.7943Y3.6929
G01 X10.7715Y3.6839
G01 X10.6473Y3.6251
G01 X10.6258Y3.6132
G01 X10.5332Y3.5577
G01 X10.5006Y3.5359
G01 X10.4022Y3.4626
G01 X10.3835Y3.4467
G01 X10.3036Y3.3742
G01 X10.2758Y3.3464
G01 X10.2033Y3.2665
G01 X10.1874Y3.2478
G01 X10.1056Y3.1374
G01 X10.0923Y3.1168
G01 X10.0368Y3.0242
G01 X10.0183Y2.9896
G01 X9.9721Y2.8920
G01 X9.9624Y2.8695
G01 X9.9161Y2.7401
G01 X9.9094Y2.7165
G01 X9.8831Y2.6118
G01 X9.8755Y2.5733
G01 X9.8596Y2.4665
G01 X9.8568Y2.4421
G01 X9.8501Y2.3049
G01 X9.8505Y2.2804
G01 X9.8568Y2.1579
G01 X9.8596Y2.1335
G01 X9.8779Y2.0122
G01 X9.8831Y1.9882
G01 X9.9132Y1.8693
G01 X9.9207Y1.8459
G01 X9.9624Y1.7305
G01 X9.9721Y1.7080
G01 X10.0249Y1.5973
G01 X10.0368Y1.5758
G01 X10.1001Y1.4708
G01 X10.1141Y1.4506
G01 X10.1874Y1.3522
G01 X10.2033Y1.3335
G01 X10.2859Y1.2429
G01 X10.3036Y1.2258
G01 X10.3947Y1.1436
G01 X10.4139Y1.1284
G01 X10.5126Y1.0556
G01 X10.5332Y1.0423
G01 X10.6386Y0.9795
G01 X10.6604Y0.9683
G01 X10.7715Y0.9161
G01 X10.7943Y0.9071
G01 X10.9099Y0.8661
G01 X10.9335Y0.8594
G01 X11.0526Y0.8298
G01 X11.0767Y0.8255
G01 X11.1981Y0.8078
G01 X11.2226Y0.8058
G01 X11.3500Y0.8000
G01 X12.6500Y0.8000
G01 X12.7921Y0.8068
G01 X12.8165Y0.8096
G01 X12.9378Y0.8279
G01 X12.9618Y0.8331
G01 X13.0807Y0.8632
G01 X13.1041Y0.8707
G01 X13.2195Y0.9124
G01 X13.2420Y0.9221
G01 X13.3527Y0.9749
G01 X13.3742Y0.9868
G01 X13.4668Y1.0423
G01 X13.4994Y1.0641
G01 X13.5978Y1.1374
G01 X13.6165Y1.1533
G01 X13.6964Y1.2258
G01 X13.7242Y1.2536
G01 X13.7967Y1.3335
G01 X13.8126Y1.3522
G01 X13.8859Y1.4506
G01 X13.9077Y1.4832
G01 X13.9705Y1.5886
G01 X13.9817Y1.6104
G01 X14.0279Y1.7080
G01 X14.0429Y1.7443
G01 X14.0839Y1.8599
G01 X14.0906Y1.8835
G01 X14.1169Y1.9882
G01 X14.1245Y2.0267
G01 X14.1404Y2.1335
G01 X14.1432Y2.1579
G01 X14.1495Y2.2804
G00 Z20.0000
G00 X14.0306Y1.7140
G01 Z20.0000
G01 X14.1307Y1.6036
G01 X15.4540Y0.4042
G01 X16.8886Y-0.6598
G01 X18.4206Y-1.5780
G01 X20.0352Y-2.3416
G01 X21.7168Y-2.9434
G01 X23.4494Y-3.3773
G01 X23.6022Y-3.4000
G01 X21.8956Y-3.4000
G01 X21.6007Y-3.3261
G01 X19.8821Y-2.7112
G01 X18.2320Y-1.9308
G01 X16.6664Y-0.9924
G01 X15.2003Y0.0950
G01 X13.8478Y1.3208
G01 X13.8157Y1.3562
G00 Z20.0000
G00 X13.5244Y1.0827
G01 Z20.0000
G01 X13.5650Y1.0379
G01 X14.9465Y-0.2142
G01 X16.4442Y-1.3250
G01 X18.0435Y-2.2835
G01 X19.7290Y-3.0808
G01 X20.6213Y-3.4000
G01 X19.4696Y-3.4000
G01 X17.8549Y-2.6363
G01 X16.2219Y-1.6576
G01 X14.6928Y-0.5234
G01 X13.2821Y0.7551
G01 X13.1594Y0.8905
G00 Z20.0000
G00 X12.7004Y0.8020
G01 Z20.0000
G01 X12.9993Y0.4722
G01 X14.4390Y-0.8326
G01 X15.9997Y-1.9901
G01 X17.6663Y-2.9891
G01 X18.5352Y-3.4000
G01 X17.6007Y-3.4000
G01 X17.4778Y-3.3418
G01 X15.7775Y-2.3227
G01 X14.1853Y-1.1419
G01 X12.7164Y0.1894
G01 X12.1630Y0.8000
G01 X11.6238Y0.8000
G01 X12.4336Y-0.0934
G01 X13.9315Y-1.4511
G01 X15.5553Y-2.6553
G01 X16.7977Y-3.4000
G01 X16.0206Y-3.4000
G01 X15.3330Y-2.9879
G01 X13.6777Y-1.7603
G01 X12.1508Y-0.3763
G01 X11.0587Y0.8286
G00 Z20.0000
G00 X12.7859Y3.7937
G01 Z20.0000
G01 X12.1998Y4.5838
G01 X11.3018Y6.0821
G01 X10.5549Y7.6612
G01 X9.9665Y9.3059
G01 X9.5420Y11.0004
G01 X9.2857Y12.7283
G01 X9.2000Y14.4730
G01 X9.2857Y16.2177
G01 X9.5420Y17.9456
G01 X9.9665Y19.6400
G01 X10.5549Y21.2847
G01 X11.3018Y22.8638
G01 X12.1998Y24.3621
G01 X13.2404Y25.7652
G01 X14.4135Y27.0595
G01 X15.7078Y28.2325
G01 X17.1109Y29.2731
G01 X18.6091Y30.1712
G01 X20.1882Y30.9180
G01 X21.8329Y31.5065
G01 X23.5274Y31.9309
G01 X25.2553Y32.1872
G01 X27.0000Y32.2730
G01 X28.7447Y32.1872
G01 X30.4726Y31.9309
G01 X32.1671Y31.5065
G01 X33.8118Y30.9180
G01 X35.3909Y30.1712
G01 X36.8892Y29.2731
G01 X38.2922Y28.2325
G01 X39.5865Y27.0595
G01 X40.7596Y25.7652
G01 X41.8002Y24.3621
G01 X42.6982Y22.8638
G01 X43.4451Y21.2847
G01 X44.0335Y19.6400
G01 X44.4580Y17.9456
G01 X44.7143Y16.2177
G01 X44.8000Y14.4730
G01 X44.7143Y12.7283
G01 X44.4580Y11.0004
G01 X44.0335Y9.3059
G01 X43.4451Y7.6612
G01 X42.6982Y6.0821
G01 X41.8002Y4.5838
G01 X41.2141Y3.7937
G00 Z20.0000
G00 X40.5486Y3.5669
G01 Z20.0000
G01 X41.4676Y4.8060
G01 X42.3454Y6.2707
G01 X43.0755Y7.8143
G01 X43.6508Y9.4220
G01 X44.0657Y11.0784
G01 X44.3162Y12.7675
G01 X44.4000Y14.4730
G01 X44.3162Y16.1785
G01 X44.0657Y17.8675
G01 X43.6508Y19.5239
G01 X43.0755Y21.1317
G01 X42.3454Y22.6753
G01 X41.4676Y24.1399
G01 X40.4504Y25.5114
G01 X39.3037Y26.7766
G01 X38.0384Y27.9233
G01 X36.6669Y28.9405
G01 X35.2023Y29.8184
G01 X33.6587Y30.5485
G01 X32.0510Y31.1237
G01 X30.3946Y31.5386
G01 X28.7055Y31.7892
G01 X27.0000Y31.8730
G01 X25.2945Y31.7892
G01 X23.6054Y31.5386
G01 X21.9490Y31.1237
G01 X20.3413Y30.5485
G01 X18.7977Y29.8184
G01 X17.3331Y28.9405
G01 X15.9616Y27.9233
G01 X14.6963Y26.7766
G01 X13.5496Y25.5114
G01 X12.5324Y24.1399
G01 X11.6546Y22.6753
G01 X10.9245Y21.1317
G01 X10.3492Y19.5239
G01 X9.9343Y17.8675
G01 X9.6838Y16.1785
G01 X9.6000Y14.4730
G01 X9.6838Y12.7675
G01 X9.9343Y11.0784
G01 X10.3492Y9.4220
G01 X10.9245Y7.8143
G01 X11.6546Y6.2707
G01 X12.5324Y4.8060
G01 X13.4514Y3.5669
G00 Z20.0000
G00 X14.0131Y2.9231
G01 Z20.0000
G01 X14.6963Y2.1693
G01 X15.9616Y1.0226
G01 X17.3331Y0.0054
G01 X18.7977Y-0.8725
G01 X20.3413Y-1.6025
G01 X21.9490Y-2.1778
G01 X23.6054Y-2.5927
G01 X25.2945Y-2.8433
G01 X27.0000Y-2.9270
G01 X28.7055Y-2.8433
G01 X30.3946Y-2.5927
G01 X32.0510Y-2.1778
G01 X33.6587Y-1.6025
G01 X35.2023Y-0.8725
G01 X36.6669Y0.0054
G01 X38.0384Y1.0226
G01 X39.3037Y2.1693
G01 X39.9869Y2.9231
G00 Z20.0000
G00 X36.3790Y4.9105
G01 Z20.0000
G01 X36.4752Y4.9977
G01 X37.3583Y5.9721
G01 X38.1417Y7.0283
G01 X38.8177Y8.1562
G01 X39.3800Y9.3450
G01 X39.8230Y10.5831
G01 X40.1425Y11.8587
G01 X40.2498Y12.5822
G00 Z20.0000
G00 X40.6112Y12.2956
G01 Z20.0000
G01 X40.5348Y11.7807
G01 X40.2058Y10.4670
G01 X39.7495Y9.1919
G01 X39.1705Y7.9677
G01 X38.4743Y6.8061
G01 X37.6675Y5.7183
G01 X36.7581Y4.7149
G01 X35.7546Y3.8054
G01 X34.6669Y2.9987
G01 X33.5053Y2.3024
G01 X32.2810Y1.7234
G01 X31.0059Y1.2672
G01 X29.6922Y0.9381
G01 X28.3526Y0.7394
G01 X27.0000Y0.6730
G01 X25.6474Y0.7394
G01 X24.3078Y0.9381
G01 X22.9941Y1.2672
G01 X21.7190Y1.7234
G01 X20.4947Y2.3024
G01 X19.3331Y2.9987
G01 X18.2454Y3.8054
G01 X17.2419Y4.7149
G01 X16.3325Y5.7183
G01 X15.5257Y6.8061
G01 X14.8295Y7.9677
G01 X14.2505Y9.1919
G01 X13.7942Y10.4670
G01 X13.4652Y11.7807
G01 X13.3888Y12.2956
G00 Z20.0000
G00 X13.0073Y12.1445
G01 Z20.0000
G01 X13.0729Y11.7027
G01 X13.4114Y10.3509
G01 X13.8809Y9.0389
G01 X14.4767Y7.7791
G01 X15.1931Y6.5839
G01 X16.0233Y5.4646
G01 X16.9591Y4.4320
G01 X17.9916Y3.4962
G01 X19.1109Y2.6661
G01 X20.3062Y1.9497
G01 X21.5659Y1.3539
G01 X22.8780Y0.8844
G01 X24.2297Y0.5458
G01 X25.6082Y0.3413
G01 X27.0000Y0.2730
G01 X28.3918Y0.3413
G01 X29.7703Y0.5458
G01 X31.1220Y0.8844
G01 X32.4341Y1.3539
G01 X33.6938Y1.9497
G01 X34.8891Y2.6661
G01 X36.0084Y3.4962
G01 X37.0409Y4.4320
G01 X37.9767Y5.4646
G01 X38.8069Y6.5839
G01 X39.5233Y7.7791
G01 X40.1191Y9.0389
G01 X40.5886Y10.3509
G01 X40.9272Y11.7027
G01 X40.9927Y12.1445
G00 Z20.0000
G00 X41.3900Y12.1000
G01 Z20.0000
G01 X41.3195Y11.6246
G01 X40.9713Y10.2348
G01 X40.4886Y8.8858
G01 X39.8761Y7.5906
G01 X39.1395Y6.3616
G01 X38.2860Y5.2108
G01 X37.3238Y4.1492
G01 X36.2621Y3.1870
G01 X35.1113Y2.3335
G01 X33.8824Y1.5969
G01 X32.5872Y0.9843
G01 X31.2382Y0.5016
G01 X29.8483Y0.1535
G01 X28.4311Y-0.0567
G01 X27.0000Y-0.1270
G01 X25.5690Y-0.0567
G01 X24.1517Y0.1535
G01 X22.7618Y0.5016
G01 X21.4128Y0.9843
G01 X20.1176Y1.5969
G01 X18.8887Y2.3335
G01 X17.7379Y3.1870
G01 X16.6762Y4.1492
G01 X15.7140Y5.2108
G01 X14.8605Y6.3616
G01 X14.1240Y7.5906
G01 X13.5114Y8.8858
G01 X13.0287Y10.2348
G01 X12.6805Y11.6246
G01 X12.6100Y12.1000
G01 X12.2061Y12.1000
G01 X12.2882Y11.5466
G01 X12.6459Y10.1187
G01 X13.1418Y8.7327
G01 X13.7712Y7.4020
G01 X14.5280Y6.1394
G01 X15.4048Y4.9571
G01 X16.3934Y3.8664
G01 X17.4841Y2.8778
G01 X18.6664Y2.0009
G01 X19.9290Y1.2441
G01 X21.2597Y0.6148
G01 X22.6457Y0.1189
G01 X24.0736Y-0.2388
G01 X25.5297Y-0.4548
G01 X27.0000Y-0.5270
G01 X28.4703Y-0.4548
G01 X29.9264Y-0.2388
G01 X31.3543Y0.1189
G01 X32.7403Y0.6148
G01 X34.0710Y1.2441
G01 X35.3336Y2.0009
G01 X36.5159Y2.8778
G01 X37.6066Y3.8664
G01 X38.5952Y4.9571
G01 X39.4720Y6.1394
G01 X40.2288Y7.4020
G01 X40.8582Y8.7327
G01 X41.3541Y10.1187
G01 X41.7118Y11.5466
G01 X41.7939Y12.1000
G01 X42.1978Y12.1000
G01 X42.1041Y11.4686
G01 X41.7369Y10.0026
G01 X41.2277Y8.5796
G01 X40.5816Y7.2135
G01 X39.8046Y5.9172
G01 X38.9044Y4.7033
G01 X37.8894Y3.5835
G01 X36.7697Y2.5686
G01 X35.5558Y1.6683
G01 X34.2595Y0.8914
G01 X32.8933Y0.2452
G01 X31.4704Y-0.2639
G01 X30.0044Y-0.6311
G01 X28.5095Y-0.8529
G01 X27.0000Y-0.9270
G01 X25.4905Y-0.8529
G01 X23.9956Y-0.6311
G01 X22.5296Y-0.2639
G01 X21.1067Y0.2452
G01 X19.7405Y0.8914
G01 X18.4442Y1.6683
G01 X17.2303Y2.5686
G01 X16.1106Y3.5835
G01 X15.0956Y4.7033
G01 X14.1954Y5.9172
G01 X13.4184Y7.2135
G01 X12.7723Y8.5796
G01 X12.2631Y10.0026
G01 X11.8959Y11.4686
G01 X11.8022Y12.1000
G01 X11.3984Y12.1000
G01 X11.5036Y11.3905
G01 X11.8803Y9.8865
G01 X12.4027Y8.4266
G01 X13.0656Y7.0249
G01 X13.8628Y5.6950
G01 X14.7864Y4.4495
G01 X15.8277Y3.3007
G01 X16.9766Y2.2594
G01 X18.2220Y1.3357
G01 X19.5519Y0.5386
G01 X20.9536Y-0.1243
G01 X22.4135Y-0.6467
G01 X23.9176Y-1.0234
G01 X25.4513Y-1.2510
G01 X27.0000Y-1.3270
G01 X28.5487Y-1.2510
G01 X30.0824Y-1.0234
G01 X31.5865Y-0.6467
G01 X33.0464Y-0.1243
G01 X34.4481Y0.5386
G01 X35.7780Y1.3357
G01 X37.0234Y2.2594
G01 X38.1723Y3.3007
G01 X39.2136Y4.4495
G01 X40.1372Y5.6950
G01 X40.9344Y7.0249
G01 X41.5973Y8.4266
G01 X42.1197Y9.8865
G01 X42.4964Y11.3905
G01 X42.6016Y12.1000
G00 Z20.0000
G00 X43.0123Y12.1458
G01 Z20.0000
G01 X42.8887Y11.3125
G01 X42.5024Y9.7703
G01 X41.9668Y8.2735
G01 X41.2871Y6.8363
G01 X40.4698Y5.4727
G01 X39.5228Y4.1958
G01 X38.4551Y3.0178
G01 X37.2772Y1.9502
G01 X36.0002Y1.0032
G01 X34.6366Y0.1858
G01 X33.1995Y-0.4939
G01 X31.7026Y-1.0295
G01 X30.1605Y-1.4158
G01 X28.5879Y-1.6490
G01 X27.0000Y-1.7270
G01 X25.4121Y-1.6490
G01 X23.8395Y-1.4158
G01 X22.2974Y-1.0295
G01 X20.8005Y-0.4939
G01 X19.3634Y0.1858
G01 X17.9998Y1.0032
G01 X16.7228Y1.9502
G01 X15.5449Y3.0178
G01 X14.4772Y4.1958
G01 X13.5302Y5.4727
G01 X12.7129Y6.8363
G01 X12.0332Y8.2735
G01 X11.4976Y9.7703
G01 X11.1113Y11.3125
G01 X10.9877Y12.1458
G00 Z20.0000
G00 X10.5567Y12.3282
G01 Z20.0000
G01 X10.7190Y11.2345
G01 X11.1148Y9.6542
G01 X11.6636Y8.1204
G01 X12.3601Y6.6478
G01 X13.1976Y5.2505
G01 X14.1680Y3.9420
G01 X15.2620Y2.7350
G01 X16.4691Y1.6410
G01 X17.7775Y0.6706
G01 X19.1748Y-0.1669
G01 X20.6475Y-0.8634
G01 X22.1813Y-1.4122
G01 X23.7615Y-1.8081
G01 X25.3729Y-2.0471
G01 X27.0000Y-2.1270
G01 X28.6271Y-2.0471
G01 X30.2385Y-1.8081
G01 X31.8187Y-1.4122
G01 X33.3525Y-0.8634
G01 X34.8252Y-0.1669
G01 X36.2225Y0.6706
G01 X37.5309Y1.6410
G01 X38.7380Y2.7350
G01 X39.8320Y3.9420
G01 X40.8024Y5.2505
G01 X41.6399Y6.6478
G01 X42.3364Y8.1204
G01 X42.8852Y9.6542
G01 X43.2810Y11.2345
G01 X43.4433Y12.3282
G00 Z20.0000
G00 X43.9170Y12.7987
G01 Z20.0000
G01 X43.6734Y11.1564
G01 X43.2680Y9.5381
G01 X42.7060Y7.9673
G01 X41.9927Y6.4592
G01 X41.1350Y5.0283
G01 X40.1412Y3.6883
G01 X39.0208Y2.4521
G01 X37.7847Y1.3318
G01 X36.4447Y0.3380
G01 X35.0137Y-0.5197
G01 X33.5056Y-1.2330
G01 X31.9348Y-1.7950
G01 X30.3165Y-2.2004
G01 X28.6663Y-2.4452
G01 X27.0000Y-2.5270
G01 X25.3337Y-2.4452
G01 X23.6835Y-2.2004
G01 X22.0652Y-1.7950
G01 X20.4944Y-1.2330
G01 X18.9863Y-0.5197
G01 X17.5553Y0.3380
G01 X16.2153Y1.3318
G01 X14.9792Y2.4521
G01 X13.8588Y3.6883
G01 X12.8650Y5.0283
G01 X12.0073Y6.4592
G01 X11.2940Y7.9673
G01 X10.7320Y9.5381
G01 X10.3267Y11.1564
G01 X10.0830Y12.7987
G00 Z20.0000
G00 X10.0099Y14.2718
G01 Z20.0000
G01 X10.0000Y14.4730
G01 X10.0819Y16.1393
G01 X10.3267Y17.7895
G01 X10.7320Y19.4078
G01 X11.2940Y20.9786
G01 X12.0073Y22.4867
G01 X12.8650Y23.9177
G01 X13.8588Y25.2576
G01 X14.9792Y26.4938
G01 X16.2153Y27.6141
G01 X17.5553Y28.6079
G01 X18.9863Y29.4656
G01 X20.4944Y30.1789
G01 X22.0652Y30.7409
G01 X23.6835Y31.1463
G01 X25.3337Y31.3911
G01 X27.0000Y31.4730
G01 X28.6663Y31.3911
G01 X30.3165Y31.1463
G01 X31.9348Y30.7409
G01 X33.5056Y30.1789
G01 X35.0137Y29.4656
G01 X36.4447Y28.6079
G01 X37.7847Y27.6141
G01 X39.0208Y26.4938
G01 X40.1412Y25.2576
G01 X41.1350Y23.9177
G01 X41.9927Y22.4867
G01 X42.7060Y20.9786
G01 X43.2680Y19.4078
G01 X43.6734Y17.7895
G01 X43.9181Y16.1393
G01 X44.0000Y14.4730
G01 X43.9901Y14.2718
G00 Z20.0000
G00 X43.5853Y14.7722
G01 Z20.0000
G01 X43.5201Y16.1000
G01 X43.2810Y17.7115
G01 X42.8852Y19.2917
G01 X42.3364Y20.8255
G01 X41.6399Y22.2981
G01 X40.8024Y23.6954
G01 X39.8320Y25.0039
G01 X38.7380Y26.2109
G01 X37.5309Y27.3049
G01 X36.2225Y28.2754
G01 X34.8252Y29.1129
G01 X33.3525Y29.8094
G01 X31.8187Y30.3582
G01 X30.2385Y30.7540
G01 X28.6271Y30.9930
G01 X27.0000Y31.0730
G01 X25.3729Y30.9930
G01 X23.7615Y30.7540
G01 X22.1813Y30.3582
G01 X20.6475Y29.8094
G01 X19.1748Y29.1129
G01 X17.7775Y28.2754
G01 X16.4691Y27.3049
G01 X15.2620Y26.2109
G01 X14.1680Y25.0039
G01 X13.1976Y23.6954
G01 X12.3601Y22.2981
G01 X11.6636Y20.8255
G01 X11.1148Y19.2917
G01 X10.7190Y17.7115
G01 X10.4799Y16.1000
G01 X10.4147Y14.7722
G00 Z20.0000
G00 X10.8261Y15.0043
G01 Z20.0000
G01 X10.8780Y16.0608
G01 X11.1113Y17.6334
G01 X11.4976Y19.1756
G01 X12.0332Y20.6724
G01 X12.7129Y22.1096
G01 X13.5302Y23.4732
G01 X14.4772Y24.7501
G01 X15.5449Y25.9281
G01 X16.7228Y26.9957
G01 X17.9998Y27.9428
G01 X19.3634Y28.7601
G01 X20.8005Y29.4398
G01 X22.2974Y29.9754
G01 X23.8395Y30.3617
G01 X25.4121Y30.5950
G01 X27.0000Y30.6730
G01 X28.5879Y30.5950
G01 X30.1605Y30.3617
G01 X31.7026Y29.9754
G01 X33.1995Y29.4398
G01 X34.6366Y28.7601
G01 X36.0002Y27.9428
G01 X37.2772Y26.9957
G01 X38.4551Y25.9281
G01 X39.5228Y24.7501
G01 X40.4698Y23.4732
G01 X41.2871Y22.1096
G01 X41.9668Y20.6724
G01 X42.5024Y19.1756
G01 X42.8887Y17.6334
G01 X43.1220Y16.0608
G01 X43.1739Y15.0043
G00 Z20.0000
G00 X42.7695Y15.0946
G01 Z20.0000
G01 X42.7239Y16.0216
G01 X42.4964Y17.5554
G01 X42.1197Y19.0595
G01 X41.5973Y20.5194
G01 X40.9344Y21.9210
G01 X40.1372Y23.2510
G01 X39.2136Y24.4964
G01 X38.1723Y25.6452
G01 X37.0234Y26.6865
G01 X35.7780Y27.6102
G01 X34.4481Y28.4073
G01 X33.0464Y29.0703
G01 X31.5865Y29.5926
G01 X30.0824Y29.9694
G01 X28.5487Y30.1969
G01 X27.0000Y30.2730
G01 X25.4513Y30.1969
G01 X23.9176Y29.9694
G01 X22.4135Y29.5926
G01 X20.9536Y29.0703
G01 X19.5519Y28.4073
G01 X18.2220Y27.6102
G01 X16.9766Y26.6865
G01 X15.8277Y25.6452
G01 X14.7864Y24.4964
G01 X13.8628Y23.2510
G01 X13.0656Y21.9210
G01 X12.4027Y20.5194
G01 X11.8803Y19.0595
G01 X11.5036Y17.5554
G01 X11.2761Y16.0216
G01 X11.2305Y15.0946
G00 Z20.0000
G00 X11.6308Y15.1000
G01 Z20.0000
G01 X11.6742Y15.9824
G01 X11.8959Y17.4774
G01 X12.2631Y18.9433
G01 X12.7723Y20.3663
G01 X13.4184Y21.7325
G01 X14.1954Y23.0287
G01 X15.0956Y24.2426
G01 X16.1106Y25.3624
G01 X17.2303Y26.3773
G01 X18.4442Y27.2776
G01 X19.7405Y28.0545
G01 X21.1067Y28.7007
G01 X22.5296Y29.2098
G01 X23.9956Y29.5771
G01 X25.4905Y29.7988
G01 X27.0000Y29.8730
G01 X28.5095Y29.7988
G01 X30.0044Y29.5771
G01 X31.4704Y29.2098
G01 X32.8933Y28.7007
G01 X34.2595Y28.0545
G01 X35.5558Y27.2776
G01 X36.7697Y26.3773
G01 X37.8894Y25.3624
G01 X38.9044Y24.2426
G01 X39.8046Y23.0287
G01 X40.5816Y21.7325
G01 X41.2277Y20.3663
G01 X41.7369Y18.9433
G01 X42.1041Y17.4774
G01 X42.3258Y15.9824
G01 X42.3692Y15.1000
G01 X41.9692Y15.1000
G01 X41.9278Y15.9432
G01 X41.7118Y17.3993
G01 X41.3541Y18.8272
G01 X40.8582Y20.2132
G01 X40.2288Y21.5439
G01 X39.4720Y22.8065
G01 X38.5952Y23.9889
G01 X37.6066Y25.0796
G01 X36.5159Y26.0681
G01 X35.3336Y26.9450
G01 X34.0710Y27.7018
G01 X32.7403Y28.3312
G01 X31.3543Y28.8271
G01 X29.9264Y29.1847
G01 X28.4703Y29.4007
G01 X27.0000Y29.4730
G01 X25.5297Y29.4007
G01 X24.0736Y29.1847
G01 X22.6457Y28.8271
G01 X21.2597Y28.3312
G01 X19.9290Y27.7018
G01 X18.6664Y26.9450
G01 X17.4841Y26.0681
G01 X16.3934Y25.0796
G01 X15.4048Y23.9889
G01 X14.5280Y22.8065
G01 X13.7712Y21.5439
G01 X13.1418Y20.2132
G01 X12.6459Y18.8272
G01 X12.2882Y17.3993
G01 X12.0722Y15.9432
G01 X12.0308Y15.1000
G01 X12.4308Y15.1000
G01 X12.4703Y15.9040
G01 X12.6805Y17.3213
G01 X13.0287Y18.7111
G01 X13.5114Y20.0601
G01 X14.1240Y21.3554
G01 X14.8605Y22.5843
G01 X15.7140Y23.7351
G01 X16.6762Y24.7967
G01 X17.7379Y25.7589
G01 X18.8887Y26.6124
G01 X20.1176Y27.3490
G01 X21.4128Y27.9616
G01 X22.7618Y28.4443
G01 X24.1517Y28.7924
G01 X25.5690Y29.0027
G01 X27.0000Y29.0730
G01 X28.4311Y29.0027
G01 X29.8483Y28.7924
G01 X31.2382Y28.4443
G01 X32.5872Y27.9616
G01 X33.8824Y27.3490
G01 X35.1113Y26.6124
G01 X36.2621Y25.7589
G01 X37.3238Y24.7967
G01 X38.2860Y23.7351
G01 X39.1395Y22.5843
G01 X39.8761Y21.3554
G01 X40.4886Y20.0601
G01 X40.9713Y18.7111
G01 X41.3195Y17.3213
G01 X41.5297Y15.9040
G01 X41.5692Y15.1000
G00 Z20.0000
G00 X41.1698Y15.0883
G01 Z20.0000
G01 X41.1316Y15.8648
G01 X40.9272Y17.2432
G01 X40.5886Y18.5950
G01 X40.1191Y19.9071
G01 X39.5233Y21.1668
G01 X38.8069Y22.3621
G01 X37.9767Y23.4813
G01 X37.0409Y24.5139
G01 X36.0084Y25.4497
G01 X34.8891Y26.2798
G01 X33.6938Y26.9962
G01 X32.4341Y27.5920
G01 X31.1220Y28.0615
G01 X29.7703Y28.4001
G01 X28.3918Y28.6046
G01 X27.0000Y28.6730
G01 X25.6082Y28.6046
G01 X24.2297Y28.4001
G01 X22.8780Y28.0615
G01 X21.5659Y27.5920
G01 X20.3062Y26.9962
G01 X19.1109Y26.2798
G01 X17.9916Y25.4497
G01 X16.9591Y24.5139
G01 X16.0233Y23.4813
G01 X15.1931Y22.3621
G01 X14.4767Y21.1668
G01 X13.8809Y19.9071
G01 X13.4114Y18.5950
G01 X13.0729Y17.2432
G01 X12.8684Y15.8648
G01 X12.8302Y15.0883
G00 Z20.0000
G00 X13.2252Y14.9853
G01 Z20.0000
G01 X13.2665Y15.8256
G01 X13.4652Y17.1652
G01 X13.7942Y18.4789
G01 X14.2505Y19.7540
G01 X14.8295Y20.9782
G01 X15.5257Y22.1398
G01 X16.3325Y23.2276
G01 X17.2419Y24.2310
G01 X18.2454Y25.1405
G01 X19.3331Y25.9472
G01 X20.4947Y26.6435
G01 X21.7190Y27.2225
G01 X22.9941Y27.6787
G01 X24.3078Y28.0078
G01 X25.6474Y28.2065
G01 X27.0000Y28.2730
G01 X28.3526Y28.2065
G01 X29.6922Y28.0078
G01 X31.0059Y27.6787
G01 X32.2810Y27.2225
G01 X33.5053Y26.6435
G01 X34.6669Y25.9472
G01 X35.7546Y25.1405
G01 X36.7581Y24.2310
G01 X37.6675Y23.2276
G01 X38.4743Y22.1398
G01 X39.1705Y20.9782
G01 X39.7495Y19.7540
G01 X40.2058Y18.4789
G01 X40.5348Y17.1652
G01 X40.7336Y15.8256
G01 X40.7748Y14.9853
G00 Z20.0000
G00 X40.3864Y14.7492
G01 Z20.0000
G01 X40.3355Y15.7864
G01 X40.1425Y17.0872
G01 X39.8230Y18.3628
G01 X39.3800Y19.6009
G01 X38.8177Y20.7897
G01 X38.1417Y21.9176
G01 X37.3583Y22.9738
G01 X36.4752Y23.9482
G01 X35.5009Y24.8313
G01 X34.4446Y25.6147
G01 X33.3167Y26.2907
G01 X32.1280Y26.8529
G01 X30.8898Y27.2960
G01 X29.6142Y27.6155
G01 X28.3134Y27.8084
G01 X27.0000Y27.8730
G01 X25.6866Y27.8084
G01 X24.3858Y27.6155
G01 X23.1102Y27.2960
G01 X21.8720Y26.8529
G01 X20.6833Y26.2907
G01 X19.5554Y25.6147
G01 X18.4991Y24.8313
G01 X17.5248Y23.9482
G01 X16.6417Y22.9738
G01 X15.8583Y21.9176
G01 X15.1823Y20.7897
G01 X14.6200Y19.6009
G01 X14.1770Y18.3628
G01 X13.8575Y17.0872
G01 X13.6645Y15.7864
G01 X13.6136Y14.7492
G00 Z20.0000
G00 X14.0122Y14.2251
G01 Z20.0000
G01 X14.0000Y14.4730
G01 X14.0626Y15.7472
G01 X14.2498Y17.0091
G01 X14.5598Y18.2467
G01 X14.9896Y19.4478
G01 X15.5350Y20.6011
G01 X16.1909Y21.6954
G01 X16.9509Y22.7201
G01 X17.8076Y23.6653
G01 X18.7529Y24.5221
G01 X19.7776Y25.2821
G01 X20.8718Y25.9379
G01 X22.0251Y26.4834
G01 X23.2263Y26.9132
G01 X24.4638Y27.2232
G01 X25.7258Y27.4104
G01 X27.0000Y27.4730
G01 X28.2742Y27.4104
G01 X29.5362Y27.2232
G01 X30.7737Y26.9132
G01 X31.9749Y26.4834
G01 X33.1282Y25.9379
G01 X34.2224Y25.2821
G01 X35.2471Y24.5221
G01 X36.1924Y23.6653
G01 X37.0491Y22.7201
G01 X37.8091Y21.6954
G01 X38.4650Y20.6011
G01 X39.0104Y19.4478
G01 X39.4402Y18.2467
G01 X39.7502Y17.0091
G01 X39.9374Y15.7472
G01 X40.0000Y14.4730
G01 X39.9878Y14.2251
G01 X39.6000Y14.4730
G01 X39.5393Y13.2379
G01 X39.3579Y12.0148
G01 X39.0574Y10.8154
G01 X38.6409Y9.6511
G01 X38.1122Y8.5334
G01 X37.4765Y7.4728
G01 X36.7399Y6.4796
G01 X36.3814Y6.0841
G00 Z20.0000
G00 X36.1669Y6.4423
G01 Z20.0000
G01 X36.4307Y6.7334
G01 X37.1439Y7.6950
G01 X37.7594Y8.7219
G01 X38.2713Y9.8042
G01 X38.6747Y10.9315
G01 X38.9656Y12.0929
G01 X39.1413Y13.2772
G01 X39.2000Y14.4730
G01 X39.1413Y15.6688
G01 X38.9656Y16.8531
G01 X38.6747Y18.0144
G01 X38.2713Y19.1417
G01 X37.7594Y20.2240
G01 X37.1439Y21.2509
G01 X36.4307Y22.2126
G01 X35.6267Y23.0997
G01 X34.7396Y23.9037
G01 X33.7780Y24.6169
G01 X32.7510Y25.2324
G01 X31.6687Y25.7443
G01 X30.5415Y26.1476
G01 X29.3801Y26.4385
G01 X28.1958Y26.6142
G01 X27.0000Y26.6730
G01 X25.8042Y26.6142
G01 X24.6199Y26.4385
G01 X23.4585Y26.1476
G01 X22.3313Y25.7443
G01 X21.2490Y25.2324
G01 X20.2220Y24.6169
G01 X19.2604Y23.9037
G01 X18.3733Y23.0997
G01 X17.5693Y22.2126
G01 X16.8561Y21.2509
G01 X16.2406Y20.2240
G01 X15.7287Y19.1417
G01 X15.3253Y18.0144
G01 X15.0344Y16.8531
G01 X14.8587Y15.6688
G01 X14.8000Y14.4730
G01 X14.8587Y13.2772
G01 X15.0344Y12.0929
G01 X15.3253Y10.9315
G01 X15.7287Y9.8042
G01 X16.2406Y8.7219
G01 X16.8561Y7.6950
G01 X17.5693Y6.7334
G01 X18.1319Y6.1126
G00 Z20.0000
G00 X18.3519Y6.4648
G01 Z20.0000
G01 X17.8785Y6.9871
G01 X17.1887Y7.9172
G01 X16.5933Y8.9105
G01 X16.0982Y9.9573
G01 X15.7081Y11.0476
G01 X15.4267Y12.1709
G01 X15.2568Y13.3164
G01 X15.2000Y14.4730
G01 X15.2568Y15.6296
G01 X15.4267Y16.7750
G01 X15.7081Y17.8983
G01 X16.0982Y18.9886
G01 X16.5933Y20.0354
G01 X17.1887Y21.0287
G01 X17.8785Y21.9588
G01 X18.6561Y22.8168
G01 X19.5142Y23.5945
G01 X20.4443Y24.2843
G01 X21.4375Y24.8796
G01 X22.4843Y25.3747
G01 X23.5746Y25.7649
G01 X24.6979Y26.0462
G01 X25.8434Y26.2161
G01 X27.0000Y26.2730
G01 X28.1566Y26.2161
G01 X29.3021Y26.0462
G01 X30.4254Y25.7649
G01 X31.5157Y25.3747
G01 X32.5625Y24.8796
G01 X33.5557Y24.2843
G01 X34.4858Y23.5945
G01 X35.3439Y22.8168
G01 X36.1215Y21.9588
G01 X36.8113Y21.0287
G01 X37.4067Y20.0354
G01 X37.9018Y18.9886
G01 X38.2919Y17.8983
G01 X38.5733Y16.7750
G01 X38.7432Y15.6296
G01 X38.8000Y14.4730
G01 X38.7432Y13.3164
G01 X38.5733Y12.1709
G01 X38.2919Y11.0476
G01 X37.9018Y9.9573
G01 X37.4067Y8.9105
G01 X36.8113Y7.9172
G01 X36.1215Y6.9871
G01 X35.8760Y6.7162
G00 Z20.0000
G00 X35.5113Y6.9088
G01 Z20.0000
G01 X35.8123Y7.2409
G01 X36.4788Y8.1395
G01 X37.0539Y9.0990
G01 X37.5322Y10.1104
G01 X37.9091Y11.1637
G01 X38.1810Y12.2489
G01 X38.3451Y13.3556
G01 X38.4000Y14.4730
G01 X38.3451Y15.5904
G01 X38.1810Y16.6970
G01 X37.9091Y17.7822
G01 X37.5322Y18.8356
G01 X37.0539Y19.8469
G01 X36.4788Y20.8065
G01 X35.8123Y21.7050
G01 X35.0610Y22.5340
G01 X34.2321Y23.2853
G01 X33.3335Y23.9517
G01 X32.3739Y24.5269
G01 X31.3626Y25.0052
G01 X30.3092Y25.3821
G01 X29.2240Y25.6539
G01 X28.1174Y25.8181
G01 X27.0000Y25.8730
G01 X25.8826Y25.8181
G01 X24.7760Y25.6539
G01 X23.6908Y25.3821
G01 X22.6374Y25.0052
G01 X21.6261Y24.5269
G01 X20.6665Y23.9517
G01 X19.7679Y23.2853
G01 X18.9390Y22.5340
G01 X18.1877Y21.7050
G01 X17.5212Y20.8065
G01 X16.9461Y19.8469
G01 X16.4678Y18.8356
G01 X16.0909Y17.7822
G01 X15.8190Y16.6970
G01 X15.6549Y15.5904
G01 X15.6000Y14.4730
G01 X15.6549Y13.3556
G01 X15.8190Y12.2489
G01 X16.0909Y11.1637
G01 X16.4678Y10.1104
G01 X16.9461Y9.0990
G01 X17.5212Y8.1395
G01 X18.1877Y7.2409
G01 X18.2475Y7.1748
G00 Z20.0000
G00 X18.5560Y6.8345
G01 Z20.0000
G01 X18.6475Y6.7336
G00 Z20.0000
G00 X18.0081Y5.6543
G01 Z20.0000
G01 X17.2601Y6.4796
G01 X16.5235Y7.4728
G01 X15.8878Y8.5334
G01 X15.3591Y9.6511
G01 X14.9426Y10.8154
G01 X14.6421Y12.0148
G01 X14.4607Y13.2379
G01 X14.4000Y14.4730
G01 X14.4607Y15.7080
G01 X14.6421Y16.9311
G01 X14.9426Y18.1305
G01 X15.3591Y19.2948
G01 X15.8878Y20.4126
G01 X16.5235Y21.4731
G01 X17.2601Y22.4663
G01 X18.0905Y23.3825
G01 X19.0066Y24.2129
G01 X19.9998Y24.9495
G01 X21.0604Y25.5852
G01 X22.1782Y26.1138
G01 X23.3424Y26.5304
G01 X24.5419Y26.8309
G01 X25.7650Y27.0123
G01 X27.0000Y27.0730
G01 X28.2350Y27.0123
G01 X29.4581Y26.8309
G01 X30.6576Y26.5304
G01 X31.8218Y26.1138
G01 X32.9396Y25.5852
G01 X34.0002Y24.9495
G01 X34.9934Y24.2129
G01 X35.9095Y23.3825
G01 X36.7399Y22.4663
G01 X37.4765Y21.4731
G01 X38.1122Y20.4126
G01 X38.6409Y19.2948
G01 X39.0574Y18.1305
G01 X39.3579Y16.9311
G01 X39.5393Y15.7080
G01 X39.6000Y14.4730
G00 Z20.0000
G00 X39.9270Y13.1285
G01 Z20.0000
G01 X39.7502Y11.9368
G01 X39.4402Y10.6993
G01 X39.0104Y9.4981
G01 X38.4650Y8.3448
G01 X37.8091Y7.2505
G01 X37.0491Y6.2258
G01 X36.4949Y5.6143
G00 Z20.0000
G00 X35.4322Y4.0637
G01 Z20.0000
G01 X34.4446Y3.3313
G01 X33.3167Y2.6552
G01 X32.1280Y2.0930
G01 X30.8898Y1.6500
G01 X29.6142Y1.3304
G01 X28.3134Y1.1375
G01 X27.0000Y1.0730
G01 X25.6866Y1.1375
G01 X24.3858Y1.3304
G01 X23.1102Y1.6500
G01 X21.8720Y2.0930
G01 X20.6833Y2.6552
G01 X19.5554Y3.3313
G01 X18.4991Y4.1146
G01 X17.5248Y4.9977
G01 X16.6417Y5.9721
G01 X15.8583Y7.0283
G01 X15.1823Y8.1562
G01 X14.6200Y9.3450
G01 X14.1770Y10.5831
G01 X13.8575Y11.8587
G01 X13.7502Y12.5822
G00 Z20.0000
G00 X14.0730Y13.1285
G01 Z20.0000
G01 X14.2498Y11.9368
G01 X14.5598Y10.6993
G01 X14.9896Y9.4981
G01 X15.5350Y8.3448
G01 X16.1909Y7.2505
G01 X16.9509Y6.2258
G01 X17.8076Y5.2806
G01 X18.0728Y5.0402
G00 Z20.0000
G00 X19.3058Y4.0137
G01 Z20.0000
G01 X19.7776Y3.6639
G01 X20.8718Y3.0080
G01 X22.0251Y2.4625
G01 X23.2263Y2.0327
G01 X24.4638Y1.7228
G01 X25.7258Y1.5356
G01 X27.0000Y1.4730
G01 X28.2742Y1.5356
G01 X29.5362Y1.7228
G01 X30.7737Y2.0327
G01 X31.9749Y2.4625
G01 X33.1282Y3.0080
G01 X34.2224Y3.6639
G01 X34.7131Y4.0278
G00 Z20.0000
G00 X34.2653Y4.1931
G01 Z20.0000
G01 X34.0002Y3.9964
G01 X32.9396Y3.3608
G01 X31.8218Y2.8321
G01 X30.6576Y2.4155
G01 X29.4581Y2.1151
G01 X28.2350Y1.9336
G01 X27.0000Y1.8730
G01 X25.7650Y1.9336
G01 X24.5419Y2.1151
G01 X23.3424Y2.4155
G01 X22.1782Y2.8321
G01 X21.0604Y3.3608
G01 X19.9998Y3.9964
G01 X19.9154Y4.0591
G00 Z20.0000
G00 X20.3407Y4.2579
G01 Z20.0000
G01 X21.2490Y3.7135
G01 X22.3313Y3.2016
G01 X23.4585Y2.7983
G01 X24.6199Y2.5074
G01 X25.8042Y2.3317
G01 X27.0000Y2.2730
G01 X28.1958Y2.3317
G01 X29.3801Y2.5074
G01 X30.5415Y2.7983
G01 X31.6687Y3.2016
G01 X32.7510Y3.7135
G01 X33.7780Y4.3290
G01 X33.9341Y4.4448
G00 Z20.0000
G00 X33.6938Y4.7641
G01 Z20.0000
G01 X33.5557Y4.6616
G01 X32.5625Y4.0663
G01 X31.5157Y3.5712
G01 X30.4254Y3.1811
G01 X29.3021Y2.8997
G01 X28.1566Y2.7298
G01 X27.0000Y2.6730
G01 X25.8434Y2.7298
G01 X24.6979Y2.8997
G01 X23.5746Y3.1811
G01 X22.4843Y3.5712
G01 X21.4375Y4.0663
G01 X20.6506Y4.5380
G00 Z20.0000
G00 X20.8629Y4.8765
G01 Z20.0000
G01 X21.6261Y4.4191
G01 X22.6374Y3.9407
G01 X23.6908Y3.5638
G01 X24.7760Y3.2920
G01 X25.8826Y3.1279
G01 X27.0000Y3.0730
G01 X28.1174Y3.1279
G01 X29.2240Y3.2920
G01 X30.3092Y3.5638
G01 X31.3626Y3.9407
G01 X32.3739Y4.4191
G01 X33.3335Y4.9942
G01 X33.5428Y5.1495
G00 Z20.0000
G00 X33.5001Y5.5098
G01 Z20.0000
G01 X33.5005Y5.4804
G01 X33.5068Y5.3579
G01 X33.5096Y5.3335
G01 X33.5279Y5.2122
G01 X33.5331Y5.1882
G01 X33.5632Y5.0693
G01 X33.5707Y5.0459
G01 X33.6124Y4.9305
G01 X33.6221Y4.9080
G01 X33.6749Y4.7973
G01 X33.6868Y4.7758
G01 X33.7501Y4.6708
G01 X33.7641Y4.6506
G01 X33.8374Y4.5522
G01 X33.8533Y4.5335
G01 X33.9359Y4.4429
G01 X33.9536Y4.4258
G01 X34.0447Y4.3436
G01 X34.0639Y4.3284
G01 X34.1626Y4.2556
G01 X34.1832Y4.2423
G01 X34.2886Y4.1795
G01 X34.3104Y4.1683
G01 X34.4215Y4.1161
G01 X34.4443Y4.1071
G01 X34.5599Y4.0661
G01 X34.5835Y4.0594
G01 X34.7026Y4.0298
G01 X34.7267Y4.0255
G01 X34.8481Y4.0078
G01 X34.8726Y4.0058
G01 X34.9951Y4.0001
G01 X35.0196Y4.0005
G01 X35.1421Y4.0068
G01 X35.1665Y4.0096
G01 X35.2878Y4.0279
G01 X35.3118Y4.0331
G01 X35.4307Y4.0632
G01 X35.4541Y4.0707
G01 X35.5695Y4.1124
G01 X35.5920Y4.1221
G01 X35.7027Y4.1749
G01 X35.7242Y4.1868
G01 X35.8292Y4.2501
G01 X35.8494Y4.2641
G01 X35.9478Y4.3374
G01 X35.9665Y4.3533
G01 X36.0571Y4.4359
G01 X36.0742Y4.4536
G01 X36.1564Y4.5447
G01 X36.1716Y4.5639
G01 X36.2444Y4.6626
G01 X36.2577Y4.6832
G01 X36.3205Y4.7886
G01 X36.3317Y4.8104
G01 X36.3839Y4.9215
G01 X36.3929Y4.9443
G01 X36.4339Y5.0599
G01 X36.4406Y5.0835
G01 X36.4702Y5.2026
G01 X36.4745Y5.2267
G01 X36.4922Y5.3481
G01 X36.4942Y5.3726
G01 X36.4999Y5.4951
G01 X36.4995Y5.5196
G01 X36.4932Y5.6421
G01 X36.4904Y5.6665
G01 X36.4721Y5.7878
G01 X36.4669Y5.8118
G01 X36.4368Y5.9307
G01 X36.4293Y5.9541
G01 X36.3876Y6.0695
G01 X36.3779Y6.0920
G01 X36.3251Y6.2027
G01 X36.3132Y6.2242
G01 X36.2499Y6.3292
G01 X36.2359Y6.3494
G01 X36.1626Y6.4478
G01 X36.1467Y6.4665
G01 X36.0641Y6.5571
G01 X36.0464Y6.5742
G01 X35.9553Y6.6564
G01 X35.9361Y6.6716
G01 X35.8374Y6.7444
G01 X35.8168Y6.7577
G01 X35.7114Y6.8205
G01 X35.6896Y6.8317
G01 X35.5785Y6.8839
G01 X35.5557Y6.8929
G01 X35.4401Y6.9339
G01 X35.4165Y6.9406
G01 X35.2974Y6.9702
G01 X35.2733Y6.9745
G01 X35.1519Y6.9922
G01 X35.1274Y6.9942
G01 X35.0049Y6.9999
G01 X34.9804Y6.9995
G01 X34.8579Y6.9932
G01 X34.8335Y6.9904
G01 X34.7122Y6.9721
G01 X34.6882Y6.9669
G01 X34.5693Y6.9368
G01 X34.5459Y6.9293
G01 X34.4305Y6.8876
G01 X34.4080Y6.8779
G01 X34.2973Y6.8251
G01 X34.2758Y6.8132
G01 X34.1708Y6.7499
G01 X34.1506Y6.7359
G01 X34.0522Y6.6626
G01 X34.0335Y6.6467
G01 X33.9429Y6.5641
G01 X33.9258Y6.5464
G01 X33.8436Y6.4553
G01 X33.8284Y6.4361
G01 X33.7556Y6.3374
G01 X33.7423Y6.3168
G01 X33.6795Y6.2114
G01 X33.6683Y6.1896
G01 X33.6161Y6.0785
G01 X33.6071Y6.0557
G01 X33.5661Y5.9401
G01 X33.5594Y5.9165
G01 X33.5298Y5.7974
G01 X33.5255Y5.7733
G01 X33.5078Y5.6519
G01 X33.5058Y5.6274
G01 X33.5001Y5.5098
G00 Z20.0000
G00 X33.5054Y5.6191
G01 Z20.0000
G01 X33.1113Y5.3268
G01 X32.1854Y4.7718
G01 X31.2095Y4.3103
G01 X30.1931Y3.9466
G01 X29.1460Y3.6843
G01 X28.0782Y3.5259
G01 X27.0000Y3.4730
G01 X25.9218Y3.5259
G01 X24.8540Y3.6843
G01 X23.8069Y3.9466
G01 X22.7905Y4.3103
G01 X21.8146Y4.7718
G01 X20.9812Y5.2714
G00 Z20.0000
G00 X20.9767Y5.7590
G01 Z20.0000
G01 X21.1110Y5.6594
G01 X22.0032Y5.1246
G01 X22.9436Y4.6798
G01 X23.9230Y4.3294
G01 X24.9320Y4.0766
G01 X25.9610Y3.9240
G01 X27.0000Y3.8730
G01 X28.0390Y3.9240
G01 X29.0680Y4.0766
G01 X30.0770Y4.3294
G01 X31.0564Y4.6798
G01 X31.9968Y5.1246
G01 X32.8890Y5.6594
G01 X33.7158Y6.2725
G00 Z20.0000
G00 X34.3604Y6.8553
G01 Z20.0000
G01 X34.4953Y6.9776
G01 X35.1939Y7.7484
G01 X35.8136Y8.5839
G01 X36.3484Y9.4762
G01 X36.7931Y10.4165
G01 X37.1436Y11.3959
G01 X37.3963Y12.4050
G01 X37.5490Y13.4340
G01 X37.6000Y14.4730
G01 X37.5490Y15.5119
G01 X37.3963Y16.5409
G01 X37.1436Y17.5500
G01 X36.7931Y18.5294
G01 X36.3484Y19.4698
G01 X35.8136Y20.3620
G01 X35.1939Y21.1975
G01 X34.4953Y21.9683
G01 X33.7246Y22.6669
G01 X32.8890Y23.2865
G01 X31.9968Y23.8213
G01 X31.0564Y24.2661
G01 X30.0770Y24.6165
G01 X29.0680Y24.8693
G01 X28.0390Y25.0219
G01 X27.0000Y25.0730
G01 X25.9610Y25.0219
G01 X24.9320Y24.8693
G01 X23.9230Y24.6165
G01 X22.9436Y24.2661
G01 X22.0032Y23.8213
G01 X21.1110Y23.2865
G01 X20.2754Y22.6669
G01 X19.5047Y21.9683
G01 X18.8061Y21.1975
G01 X18.1864Y20.3620
G01 X17.6516Y19.4698
G01 X17.2069Y18.5294
G01 X16.8564Y17.5500
G01 X16.6037Y16.5409
G01 X16.4510Y15.5119
G01 X16.4000Y14.4730
G01 X16.4510Y13.4340
G01 X16.6037Y12.4050
G01 X16.8564Y11.3959
G01 X17.2069Y10.4165
G01 X17.6516Y9.4762
G01 X18.1484Y8.6474
G00 Z20.0000
G00 X18.3952Y9.0127
G01 Z20.0000
G01 X18.0044Y9.6647
G01 X17.5764Y10.5696
G01 X17.2392Y11.5121
G01 X16.9960Y12.4830
G01 X16.8491Y13.4732
G01 X16.8000Y14.4730
G01 X16.8491Y15.4727
G01 X16.9960Y16.4629
G01 X17.2392Y17.4339
G01 X17.5764Y18.3763
G01 X18.0044Y19.2812
G01 X18.5190Y20.1398
G01 X19.1153Y20.9438
G01 X19.7875Y21.6854
G01 X20.5292Y22.3577
G01 X21.3332Y22.9539
G01 X22.1918Y23.4686
G01 X23.0966Y23.8965
G01 X24.0391Y24.2338
G01 X25.0101Y24.4770
G01 X26.0002Y24.6238
G01 X27.0000Y24.6730
G01 X27.9998Y24.6238
G01 X28.9899Y24.4770
G01 X29.9609Y24.2338
G01 X30.9034Y23.8965
G01 X31.8082Y23.4686
G01 X32.6668Y22.9539
G01 X33.4708Y22.3577
G01 X34.2125Y21.6854
G01 X34.8847Y20.9438
G01 X35.4810Y20.1398
G01 X35.9956Y19.2812
G01 X36.4236Y18.3763
G01 X36.7608Y17.4339
G01 X37.0040Y16.4629
G01 X37.1509Y15.4727
G01 X37.2000Y14.4730
G01 X37.1509Y13.4732
G01 X37.0040Y12.4830
G01 X36.7608Y11.5121
G01 X36.4810Y10.7300
G00 Z20.0000
G00 X36.2633Y11.3075
G01 Z20.0000
G01 X36.3780Y11.6282
G01 X36.6117Y12.5611
G01 X36.7528Y13.5124
G01 X36.8000Y14.4730
G01 X36.7528Y15.4335
G01 X36.6117Y16.3848
G01 X36.3780Y17.3177
G01 X36.0540Y18.2233
G01 X35.6428Y19.0926
G01 X35.1484Y19.9175
G01 X34.5755Y20.6900
G01 X33.9296Y21.4026
G01 X33.2171Y22.0485
G01 X32.4446Y22.6214
G01 X31.6197Y23.1158
G01 X30.7503Y23.5270
G01 X29.8448Y23.8510
G01 X28.9119Y24.0847
G01 X27.9606Y24.2258
G01 X27.0000Y24.2730
G01 X26.0394Y24.2258
G01 X25.0881Y24.0847
G01 X24.1552Y23.8510
G01 X23.2497Y23.5270
G01 X22.3803Y23.1158
G01 X21.5554Y22.6214
G01 X20.7829Y22.0485
G01 X20.0704Y21.4026
G01 X19.4245Y20.6900
G01 X18.8516Y19.9175
G01 X18.3572Y19.0926
G01 X17.9460Y18.2233
G01 X17.6220Y17.3177
G01 X17.3883Y16.3848
G01 X17.2472Y15.4335
G01 X17.2000Y14.4730
G01 X17.2472Y13.5124
G01 X17.3883Y12.5611
G01 X17.6220Y11.6282
G01 X17.9460Y10.7227
G01 X18.0044Y10.5992
G00 Z20.0000
G00 X18.0001Y10.5098
G01 Z20.0000
G01 X18.0005Y10.4804
G01 X18.0058Y10.3726
G01 X18.0078Y10.3481
G01 X18.0255Y10.2267
G01 X18.0331Y10.1882
G01 X18.0632Y10.0693
G01 X18.0707Y10.0459
G01 X18.1071Y9.9443
G01 X18.1221Y9.9080
G01 X18.1749Y9.7973
G01 X18.1868Y9.7758
G01 X18.2423Y9.6832
G01 X18.2641Y9.6506
G01 X18.3374Y9.5522
G01 X18.3533Y9.5335
G01 X18.4258Y9.4536
G01 X18.4536Y9.4258
G01 X18.5447Y9.3436
G01 X18.5639Y9.3284
G01 X18.6506Y9.2641
G01 X18.6709Y9.2500
G01 X18.6506Y9.2359
G01 X18.5522Y9.1626
G01 X18.5335Y9.1467
G01 X18.4536Y9.0742
G01 X18.4359Y9.0571
G01 X18.3533Y8.9665
G01 X18.3374Y8.9478
G01 X18.2641Y8.8494
G01 X18.2423Y8.8168
G01 X18.1868Y8.7242
G01 X18.1749Y8.7027
G01 X18.1221Y8.5920
G01 X18.1071Y8.5557
G01 X18.0707Y8.4541
G01 X18.0632Y8.4307
G01 X18.0331Y8.3118
G01 X18.0262Y8.2781
G01 X18.0096Y8.1665
G01 X18.0058Y8.1274
G01 X18.0005Y8.0196
G01 X18.0001Y7.9951
G01 X18.0058Y7.8726
G01 X18.0096Y7.8335
G01 X18.0255Y7.7267
G01 X18.0298Y7.7026
G01 X18.0606Y7.5787
G01 X18.0707Y7.5459
G01 X18.1071Y7.4443
G01 X18.1221Y7.4080
G01 X18.1749Y7.2973
G01 X18.1868Y7.2758
G01 X18.2423Y7.1832
G01 X18.2641Y7.1506
G01 X18.3284Y7.0639
G01 X18.3436Y7.0447
G01 X18.4359Y6.9429
G01 X18.4536Y6.9258
G01 X18.5335Y6.8533
G01 X18.5639Y6.8284
G01 X18.6506Y6.7641
G01 X18.6709Y6.7500
G01 X18.6506Y6.7359
G01 X18.5639Y6.6716
G01 X18.5335Y6.6467
G01 X18.4536Y6.5742
G01 X18.4359Y6.5571
G01 X18.3533Y6.4665
G01 X18.3374Y6.4478
G01 X18.2556Y6.3374
G01 X18.2423Y6.3168
G01 X18.1868Y6.2242
G01 X18.1704Y6.1940
G01 X18.1221Y6.0920
G01 X18.1071Y6.0557
G01 X18.0707Y5.9541
G01 X18.0632Y5.9307
G01 X18.0331Y5.8118
G01 X18.0279Y5.7878
G01 X18.0078Y5.6519
G01 X18.0058Y5.6274
G01 X18.0005Y5.5196
G01 X18.0002Y5.4877
G01 X18.0058Y5.3726
G01 X18.0096Y5.3335
G01 X18.0255Y5.2267
G01 X18.0298Y5.2026
G01 X18.0632Y5.0693
G01 X18.0707Y5.0459
G01 X18.1124Y4.9305
G01 X18.1221Y4.9080
G01 X18.1749Y4.7973
G01 X18.1868Y4.7758
G01 X18.2501Y4.6708
G01 X18.2641Y4.6506
G01 X18.3374Y4.5522
G01 X18.3533Y4.5335
G01 X18.4359Y4.4429
G01 X18.4536Y4.4258
G01 X18.5447Y4.3436
G01 X18.5639Y4.3284
G01 X18.6626Y4.2556
G01 X18.6832Y4.2423
G01 X18.7886Y4.1795
G01 X18.8104Y4.1683
G01 X18.9215Y4.1161
G01 X18.9443Y4.1071
G01 X19.0599Y4.0661
G01 X19.0835Y4.0594
G01 X19.2026Y4.0298
G01 X19.2267Y4.0255
G01 X19.3481Y4.0078
G01 X19.3726Y4.0058
G01 X19.4951Y4.0001
G01 X19.5196Y4.0005
G01 X19.6421Y4.0068
G01 X19.6665Y4.0096
G01 X19.7878Y4.0279
G01 X19.8118Y4.0331
G01 X19.9307Y4.0632
G01 X19.9541Y4.0707
G01 X20.0557Y4.1071
G01 X20.0920Y4.1221
G01 X20.1896Y4.1683
G01 X20.2114Y4.1795
G01 X20.3292Y4.2501
G01 X20.3494Y4.2641
G01 X20.4361Y4.3284
G01 X20.4665Y4.3533
G01 X20.5464Y4.4258
G01 X20.5641Y4.4429
G01 X20.6564Y4.5447
G01 X20.6716Y4.5639
G01 X20.7359Y4.6506
G01 X20.7577Y4.6832
G01 X20.8132Y4.7758
G01 X20.8251Y4.7973
G01 X20.8839Y4.9215
G01 X20.8929Y4.9443
G01 X20.9293Y5.0459
G01 X20.9406Y5.0835
G01 X20.9669Y5.1882
G01 X20.9721Y5.2122
G01 X20.9904Y5.3335
G01 X20.9942Y5.3726
G01 X20.9995Y5.4804
G01 X20.9999Y5.5049
G01 X20.9942Y5.6274
G01 X20.9904Y5.6665
G01 X20.9745Y5.7733
G01 X20.9702Y5.7974
G01 X20.9394Y5.9213
G01 X20.9293Y5.9541
G01 X20.8929Y6.0557
G01 X20.8779Y6.0920
G01 X20.8251Y6.2027
G01 X20.8132Y6.2242
G01 X20.7577Y6.3168
G01 X20.7359Y6.3494
G01 X20.6716Y6.4361
G01 X20.6564Y6.4553
G01 X20.5641Y6.5571
G01 X20.5464Y6.5742
G01 X20.4665Y6.6467
G01 X20.4361Y6.6716
G01 X20.3494Y6.7359
G01 X20.3291Y6.7500
G01 X20.3494Y6.7641
G01 X20.4478Y6.8374
G01 X20.4665Y6.8533
G01 X20.5464Y6.9258
G01 X20.5641Y6.9429
G01 X20.6467Y7.0335
G01 X20.6626Y7.0522
G01 X20.7359Y7.1506
G01 X20.7577Y7.1832
G01 X20.8132Y7.2758
G01 X20.8251Y7.2973
G01 X20.8779Y7.4080
G01 X20.8929Y7.4443
G01 X20.9293Y7.5459
G01 X20.9368Y7.5693
G01 X20.9669Y7.6882
G01 X20.9738Y7.7219
G01 X20.9904Y7.8335
G01 X20.9942Y7.8726
G01 X20.9995Y7.9804
G01 X20.9999Y8.0049
G01 X20.9942Y8.1274
G01 X20.9904Y8.1665
G01 X20.9745Y8.2733
G01 X20.9702Y8.2974
G01 X20.9394Y8.4213
G01 X20.9293Y8.4541
G01 X20.8929Y8.5557
G01 X20.8779Y8.5920
G01 X20.8317Y8.6896
G01 X20.8205Y8.7114
G01 X20.7577Y8.8168
G01 X20.7359Y8.8494
G01 X20.6716Y8.9361
G01 X20.6564Y8.9554
G01 X20.5641Y9.0571
G01 X20.5464Y9.0742
G01 X20.4665Y9.1467
G01 X20.4361Y9.1716
G01 X20.3494Y9.2359
G01 X20.3291Y9.2500
G01 X20.3494Y9.2641
G01 X20.4361Y9.3284
G01 X20.4665Y9.3533
G01 X20.5464Y9.4258
G01 X20.5641Y9.4429
G01 X20.6467Y9.5335
G01 X20.6626Y9.5522
G01 X20.7444Y9.6626
G01 X20.7577Y9.6832
G01 X20.8132Y9.7758
G01 X20.8296Y9.8060
G01 X20.8779Y9.9080
G01 X20.8929Y9.9443
G01 X20.9293Y10.0459
G01 X20.9368Y10.0693
G01 X20.9702Y10.2026
G01 X20.9745Y10.2267
G01 X20.9922Y10.3481
G01 X20.9942Y10.3726
G01 X20.9995Y10.4804
G01 X20.9997Y10.5147
G01 X20.9942Y10.6274
G01 X20.9904Y10.6665
G01 X20.9745Y10.7733
G01 X20.9702Y10.7974
G01 X20.9368Y10.9307
G01 X20.9293Y10.9541
G01 X20.8876Y11.0695
G01 X20.8779Y11.0920
G01 X20.8317Y11.1896
G01 X20.8157Y11.2199
G01 X20.7577Y11.3168
G01 X20.7359Y11.3494
G01 X20.6716Y11.4361
G01 X20.6564Y11.4554
G01 X20.5742Y11.5464
G01 X20.5571Y11.5641
G01 X20.4665Y11.6467
G01 X20.4478Y11.6626
G01 X20.3494Y11.7359
G01 X20.3292Y11.7499
G01 X20.2114Y11.8205
G01 X20.1896Y11.8317
G01 X20.0785Y11.8839
G01 X20.0557Y11.8929
G01 X19.9401Y11.9339
G01 X19.9165Y11.9406
G01 X19.8118Y11.9669
G01 X19.7733Y11.9745
G01 X19.6616Y11.9910
G01 X19.6274Y11.9942
G01 X19.5196Y11.9995
G01 X19.4951Y11.9999
G01 X19.3726Y11.9942
G01 X19.3335Y11.9904
G01 X19.2267Y11.9745
G01 X19.2026Y11.9702
G01 X19.0835Y11.9406
G01 X19.0599Y11.9339
G01 X18.9443Y11.8929
G01 X18.9215Y11.8839
G01 X18.8104Y11.8317
G01 X18.7886Y11.8205
G01 X18.6708Y11.7499
G01 X18.6506Y11.7359
G01 X18.5522Y11.6626
G01 X18.5335Y11.6467
G01 X18.4429Y11.5641
G01 X18.4258Y11.5464
G01 X18.3533Y11.4665
G01 X18.3284Y11.4361
G01 X18.2612Y11.3454
G01 X18.2423Y11.3168
G01 X18.1868Y11.2242
G01 X18.1749Y11.2027
G01 X18.1221Y11.0920
G01 X18.1071Y11.0557
G01 X18.0707Y10.9541
G01 X18.0632Y10.9307
G01 X18.0331Y10.8118
G01 X18.0279Y10.7878
G01 X18.0078Y10.6519
G01 X18.0058Y10.6274
G01 X18.0001Y10.5098
G00 Z20.0000
G00 X18.1893Y11.2284
G01 Z20.0000
G01 X18.0048Y11.7443
G01 X17.7806Y12.6391
G01 X17.6453Y13.5516
G01 X17.6000Y14.4730
G01 X17.6453Y15.3943
G01 X17.7806Y16.3068
G01 X18.0048Y17.2016
G01 X18.3155Y18.0702
G01 X18.7099Y18.9041
G01 X19.1842Y19.6953
G01 X19.7337Y20.4363
G01 X20.3532Y21.1198
G01 X21.0367Y21.7393
G01 X21.7776Y22.2888
G01 X22.5689Y22.7630
G01 X23.4028Y23.1574
G01 X24.2713Y23.4682
G01 X25.1662Y23.6923
G01 X26.0786Y23.8277
G01 X27.0000Y23.8730
G01 X27.9214Y23.8277
G01 X28.8339Y23.6923
G01 X29.7287Y23.4682
G01 X30.5972Y23.1574
G01 X31.4311Y22.7630
G01 X32.2224Y22.2888
G01 X32.9633Y21.7393
G01 X33.6468Y21.1198
G01 X34.2663Y20.4363
G01 X34.8158Y19.6953
G01 X35.2901Y18.9041
G01 X35.6845Y18.0702
G01 X35.9952Y17.2016
G01 X36.2194Y16.3068
G01 X36.3547Y15.3943
G01 X36.4000Y14.4730
G01 X36.3547Y13.5516
G01 X36.2194Y12.6391
G01 X35.9952Y11.7443
G01 X35.9618Y11.6508
G00 Z20.0000
G00 X35.6142Y11.8673
G01 Z20.0000
G01 X35.8271Y12.7171
G01 X35.9567Y13.5908
G01 X36.0000Y14.4730
G01 X35.9567Y15.3551
G01 X35.8271Y16.2288
G01 X35.6125Y17.0855
G01 X35.3149Y17.9171
G01 X34.9373Y18.7155
G01 X34.4832Y19.4731
G01 X33.9571Y20.1825
G01 X33.3640Y20.8369
G01 X32.7095Y21.4301
G01 X32.0001Y21.9562
G01 X31.2426Y22.4103
G01 X30.4442Y22.7879
G01 X29.6126Y23.0854
G01 X28.7558Y23.3000
G01 X27.8822Y23.4296
G01 X27.0000Y23.4730
G01 X26.1178Y23.4296
G01 X25.2442Y23.3000
G01 X24.3874Y23.0854
G01 X23.5559Y22.7879
G01 X22.7574Y22.4103
G01 X21.9999Y21.9562
G01 X21.2905Y21.4301
G01 X20.6360Y20.8369
G01 X20.0429Y20.1825
G01 X19.5168Y19.4731
G01 X19.0627Y18.7155
G01 X18.6851Y17.9171
G01 X18.3875Y17.0855
G01 X18.1729Y16.2288
G01 X18.0433Y15.3551
G01 X18.0000Y14.4730
G01 X18.0433Y13.5908
G01 X18.1729Y12.7171
G01 X18.3875Y11.8604
G01 X18.4810Y11.5991
G00 Z20.0000
G00 X18.8204Y11.8364
G01 Z20.0000
G01 X18.7703Y11.9765
G01 X18.5652Y12.7952
G01 X18.4414Y13.6300
G01 X18.4000Y14.4730
G01 X18.4414Y15.3159
G01 X18.5652Y16.1507
G01 X18.7703Y16.9694
G01 X19.0546Y17.7640
G01 X19.4155Y18.5270
G01 X19.8494Y19.2509
G01 X20.3521Y19.9287
G01 X20.9189Y20.5541
G01 X21.5442Y21.1208
G01 X22.2221Y21.6236
G01 X22.9460Y22.0575
G01 X23.7089Y22.4183
G01 X24.5036Y22.7026
G01 X25.3222Y22.9077
G01 X26.1571Y23.0315
G01 X27.0000Y23.0730
G01 X27.8429Y23.0315
G01 X28.6778Y22.9077
G01 X29.4964Y22.7026
G01 X30.2911Y22.4183
G01 X31.0540Y22.0575
G01 X31.7779Y21.6236
G01 X32.4558Y21.1208
G01 X33.0811Y20.5541
G01 X33.6479Y19.9287
G01 X34.1506Y19.2509
G01 X34.5845Y18.5270
G01 X34.9454Y17.7640
G01 X35.2297Y16.9694
G01 X35.4348Y16.1507
G01 X35.5586Y15.3159
G01 X35.6000Y14.4730
G01 X35.5586Y13.6300
G01 X35.4348Y12.7952
G01 X35.2308Y11.9808
G00 Z20.0000
G00 X34.8090Y11.9867
G01 Z20.0000
G01 X34.8469Y12.0926
G01 X35.0424Y12.8732
G01 X35.1605Y13.6692
G01 X35.2000Y14.4730
G01 X35.1605Y15.2767
G01 X35.0424Y16.0727
G01 X34.8469Y16.8533
G01 X34.5758Y17.6110
G01 X34.2318Y18.3384
G01 X33.8181Y19.0286
G01 X33.3387Y19.6750
G01 X32.7983Y20.2712
G01 X32.2020Y20.8116
G01 X31.5557Y21.2910
G01 X30.8655Y21.7047
G01 X30.1380Y22.0488
G01 X29.3803Y22.3199
G01 X28.5997Y22.5154
G01 X27.8037Y22.6335
G01 X27.0000Y22.6730
G01 X26.1963Y22.6335
G01 X25.4003Y22.5154
G01 X24.6197Y22.3199
G01 X23.8620Y22.0488
G01 X23.1345Y21.7047
G01 X22.4443Y21.2910
G01 X21.7980Y20.8116
G01 X21.2017Y20.2712
G01 X20.6613Y19.6750
G01 X20.1820Y19.0286
G01 X19.7682Y18.3384
G01 X19.4242Y17.6110
G01 X19.1531Y16.8533
G01 X18.9576Y16.0727
G01 X18.8395Y15.2767
G01 X18.8000Y14.4730
G01 X18.8395Y13.6692
G01 X18.9576Y12.8732
G01 X19.1531Y12.0926
G01 X19.1973Y11.9690
G00 Z20.0000
G00 X19.6124Y11.9950
G01 Z20.0000
G01 X19.5359Y12.2087
G01 X19.3499Y12.9513
G01 X19.2376Y13.7084
G01 X19.2000Y14.4730
G01 X19.2376Y15.2375
G01 X19.3499Y15.9947
G01 X19.5359Y16.7372
G01 X19.7937Y17.4579
G01 X20.1210Y18.1499
G01 X20.5145Y18.8064
G01 X20.9705Y19.4212
G01 X21.4846Y19.9884
G01 X22.0517Y20.5024
G01 X22.6666Y20.9584
G01 X23.3231Y21.3519
G01 X24.0151Y21.6792
G01 X24.7358Y21.9371
G01 X25.4783Y22.1231
G01 X26.2355Y22.2354
G01 X27.0000Y22.2730
G01 X27.7645Y22.2354
G01 X28.5217Y22.1231
G01 X29.2642Y21.9371
G01 X29.9849Y21.6792
G01 X30.6769Y21.3519
G01 X31.3334Y20.9584
G01 X31.9483Y20.5024
G01 X32.5154Y19.9884
G01 X33.0295Y19.4212
G01 X33.4855Y18.8064
G01 X33.8790Y18.1499
G01 X34.2063Y17.4579
G01 X34.4641Y16.7372
G01 X34.6501Y15.9947
G01 X34.7624Y15.2375
G01 X34.8000Y14.4730
G01 X34.7624Y13.7084
G01 X34.6501Y12.9513
G01 X34.4641Y12.2087
G01 X34.3331Y11.8424
G00 Z20.0000
G00 X33.5001Y10.5098
G01 Z20.0000
G01 X33.5005Y10.4804
G01 X33.5068Y10.3579
G01 X33.5096Y10.3335
G01 X33.5279Y10.2122
G01 X33.5331Y10.1882
G01 X33.5632Y10.0693
G01 X33.5707Y10.0459
G01 X33.6124Y9.9305
G01 X33.6221Y9.9080
G01 X33.6749Y9.7973
G01 X33.6868Y9.7758
G01 X33.7501Y9.6708
G01 X33.7641Y9.6506
G01 X33.8374Y9.5522
G01 X33.8533Y9.5335
G01 X33.9359Y9.4429
G01 X33.9536Y9.4258
G01 X34.0447Y9.3436
G01 X34.0639Y9.3284
G01 X34.1626Y9.2556
G01 X34.1832Y9.2423
G01 X34.2886Y9.1795
G01 X34.3104Y9.1683
G01 X34.4215Y9.1161
G01 X34.4443Y9.1071
G01 X34.5599Y9.0661
G01 X34.5835Y9.0594
G01 X34.7026Y9.0298
G01 X34.7267Y9.0255
G01 X34.8481Y9.0078
G01 X34.8726Y9.0058
G01 X34.9951Y9.0001
G01 X35.0196Y9.0005
G01 X35.1421Y9.0068
G01 X35.1665Y9.0096
G01 X35.2878Y9.0279
G01 X35.3118Y9.0331
G01 X35.4307Y9.0632
G01 X35.4541Y9.0707
G01 X35.5695Y9.1124
G01 X35.5920Y9.1221
G01 X35.7027Y9.1749
G01 X35.7242Y9.1868
G01 X35.8292Y9.2501
G01 X35.8494Y9.2641
G01 X35.9478Y9.3374
G01 X35.9665Y9.3533
G01 X36.0571Y9.4359
G01 X36.0742Y9.4536
G01 X36.1564Y9.5446
G01 X36.1716Y9.5639
G01 X36.2444Y9.6626
G01 X36.2577Y9.6832
G01 X36.3205Y9.7886
G01 X36.3317Y9.8104
G01 X36.3839Y9.9215
G01 X36.3929Y9.9443
G01 X36.4339Y10.0599
G01 X36.4406Y10.0835
G01 X36.4702Y10.2026
G01 X36.4745Y10.2267
G01 X36.4922Y10.3481
G01 X36.4942Y10.3726
G01 X36.4999Y10.4951
G01 X36.4995Y10.5196
G01 X36.4932Y10.6421
G01 X36.4904Y10.6665
G01 X36.4721Y10.7878
G01 X36.4669Y10.8118
G01 X36.4368Y10.9307
G01 X36.4293Y10.9541
G01 X36.3876Y11.0695
G01 X36.3779Y11.0920
G01 X36.3251Y11.2027
G01 X36.3132Y11.2242
G01 X36.2499Y11.3292
G01 X36.2359Y11.3494
G01 X36.1626Y11.4478
G01 X36.1467Y11.4665
G01 X36.0641Y11.5571
G01 X36.0464Y11.5742
G01 X35.9553Y11.6564
G01 X35.9361Y11.6716
G01 X35.8374Y11.7444
G01 X35.8168Y11.7577
G01 X35.7114Y11.8205
G01 X35.6896Y11.8317
G01 X35.5785Y11.8839
G01 X35.5557Y11.8929
G01 X35.4401Y11.9339
G01 X35.4165Y11.9406
G01 X35.2974Y11.9702
G01 X35.2733Y11.9745
G01 X35.1519Y11.9922
G01 X35.1274Y11.9942
G01 X35.0049Y11.9999
G01 X34.9804Y11.9995
G01 X34.8579Y11.9932
G01 X34.8335Y11.9904
G01 X34.7122Y11.9721
G01 X34.6882Y11.9669
G01 X34.5693Y11.9368
G01 X34.5459Y11.9293
G01 X34.4305Y11.8876
G01 X34.4080Y11.8779
G01 X34.2973Y11.8251
G01 X34.2758Y11.8132
G01 X34.1708Y11.7499
G01 X34.1506Y11.7359
G01 X34.0522Y11.6626
G01 X34.0335Y11.6467
G01 X33.9429Y11.5641
G01 X33.9258Y11.5464
G01 X33.8436Y11.4554
G01 X33.8284Y11.4361
G01 X33.7556Y11.3374
G01 X33.7423Y11.3168
G01 X33.6795Y11.2114
G01 X33.6683Y11.1896
G01 X33.6161Y11.0785
G01 X33.6071Y11.0557
G01 X33.5661Y10.9401
G01 X33.5594Y10.9165
G01 X33.5298Y10.7974
G01 X33.5255Y10.7733
G01 X33.5078Y10.6519
G01 X33.5058Y10.6274
G01 X33.5001Y10.5098
G00 Z20.0000
G00 X33.5282Y10.2108
G01 Z20.0000
G01 X33.4855Y10.1395
G01 X33.0295Y9.5247
G01 X32.5154Y8.9575
G01 X31.9483Y8.4435
G01 X31.3334Y7.9875
G01 X30.6769Y7.5940
G01 X29.9849Y7.2667
G01 X29.2642Y7.0088
G01 X28.5217Y6.8228
G01 X27.7645Y6.7105
G01 X27.0000Y6.6730
G01 X26.2355Y6.7105
G01 X25.4783Y6.8228
G01 X24.7358Y7.0088
G01 X24.0151Y7.2667
G01 X23.3231Y7.5940
G01 X22.6666Y7.9875
G01 X22.0517Y8.4435
G01 X21.4846Y8.9575
G01 X20.9705Y9.5247
G01 X20.8003Y9.7542
G00 Z20.0000
G00 X20.5465Y9.4258
G01 Z20.0000
G01 X20.6613Y9.2709
G01 X21.2017Y8.6747
G01 X21.7980Y8.1343
G01 X22.4443Y7.6549
G01 X23.1345Y7.2412
G01 X23.8620Y6.8971
G01 X24.6197Y6.6260
G01 X25.4003Y6.4305
G01 X26.1963Y6.3124
G01 X27.0000Y6.2730
G01 X27.8037Y6.3124
G01 X28.5997Y6.4305
G01 X29.3803Y6.6260
G01 X30.1380Y6.8971
G01 X30.8655Y7.2412
G01 X31.5557Y7.6549
G01 X32.2020Y8.1343
G01 X32.7983Y8.6747
G01 X33.3387Y9.2709
G01 X33.6986Y9.7562
G00 Z20.0000
G00 X33.9520Y9.4272
G01 Z20.0000
G01 X33.6479Y9.0172
G01 X33.0811Y8.3918
G01 X32.4558Y7.8251
G01 X31.7779Y7.3223
G01 X31.0540Y6.8884
G01 X30.2911Y6.5276
G01 X29.4964Y6.2433
G01 X28.6778Y6.0382
G01 X27.8429Y5.9144
G01 X27.0000Y5.8730
G01 X26.1571Y5.9144
G01 X25.3222Y6.0382
G01 X24.5036Y6.2433
G01 X23.7089Y6.5276
G01 X22.9460Y6.8884
G01 X22.2221Y7.3223
G01 X21.5442Y7.8251
G01 X20.9550Y8.3591
G00 Z20.0000
G00 X20.9844Y7.7933
G01 Z20.0000
G01 X21.2905Y7.5159
G01 X21.9999Y6.9897
G01 X22.7574Y6.5357
G01 X23.5559Y6.1580
G01 X24.3874Y5.8605
G01 X25.2442Y5.6459
G01 X26.1178Y5.5163
G01 X27.0000Y5.4730
G01 X27.8822Y5.5163
G01 X28.7558Y5.6459
G01 X29.6126Y5.8605
G01 X30.4442Y6.1580
G01 X31.2426Y6.5357
G01 X32.0001Y6.9897
G01 X32.7095Y7.5159
G01 X33.3640Y8.1090
G01 X33.9571Y8.7634
G01 X34.2725Y9.1888
G00 Z20.0000
G00 X34.6598Y9.0402
G01 Z20.0000
G01 X34.2663Y8.5097
G01 X33.6468Y7.8262
G01 X32.9633Y7.2067
G01 X32.2224Y6.6571
G01 X31.4311Y6.1829
G01 X30.5972Y5.7885
G01 X29.7287Y5.4777
G01 X28.8339Y5.2536
G01 X27.9214Y5.1182
G01 X27.0000Y5.0730
G01 X26.0786Y5.1182
G01 X25.1662Y5.2536
G01 X24.2713Y5.4777
G01 X23.4028Y5.7885
G01 X22.5689Y6.1829
G01 X21.7776Y6.6571
G01 X21.0367Y7.2067
G01 X20.8589Y7.3678
G00 Z20.0000
G00 X20.6404Y7.0266
G01 Z20.0000
G01 X20.7829Y6.8975
G01 X21.5554Y6.3246
G01 X22.3803Y5.8301
G01 X23.2497Y5.4189
G01 X24.1552Y5.0949
G01 X25.0881Y4.8613
G01 X26.0394Y4.7201
G01 X27.0000Y4.6730
G01 X27.9606Y4.7201
G01 X28.9119Y4.8613
G01 X29.8448Y5.0949
G01 X30.7503Y5.4189
G01 X31.6197Y5.8301
G01 X32.4446Y6.3246
G01 X33.2171Y6.8975
G01 X33.9296Y7.5433
G01 X34.5755Y8.2559
G01 X35.1318Y9.0060
G00 Z20.0000
G00 X35.7017Y9.1743
G01 Z20.0000
G01 X35.4810Y8.8061
G01 X34.8847Y8.0021
G01 X34.2125Y7.2605
G01 X33.4708Y6.5883
G01 X32.6668Y5.9920
G01 X31.8082Y5.4774
G01 X30.9034Y5.0494
G01 X29.9609Y4.7122
G01 X28.9899Y4.4690
G01 X27.9998Y4.3221
G01 X27.0000Y4.2730
G01 X26.0002Y4.3221
G01 X25.0101Y4.4690
G01 X24.0391Y4.7122
G01 X23.0966Y5.0494
G01 X22.1918Y5.4774
G01 X21.3332Y5.9920
G01 X20.5388Y6.5811
G00 Z20.0000
G00 X20.4436Y6.6658
G01 Z20.0000
G01 X20.3414Y6.7584
G00 Z20.0000
G00 X18.0080Y8.1538
G01 Z20.0000
G01 X17.8538Y8.3617
G01 X17.2989Y9.2876
G01 X16.8373Y10.2634
G01 X16.4737Y11.2798
G01 X16.2114Y12.3270
G01 X16.0530Y13.3948
G01 X16.0000Y14.4730
G01 X16.0530Y15.5511
G01 X16.2114Y16.6190
G01 X16.4737Y17.6661
G01 X16.8373Y18.6825
G01 X17.2989Y19.6583
G01 X17.8538Y20.5842
G01 X18.4969Y21.4513
G01 X19.2218Y22.2511
G01 X20.0217Y22.9761
G01 X20.8887Y23.6191
G01 X21.8146Y24.1741
G01 X22.7905Y24.6356
G01 X23.8069Y24.9993
G01 X24.8540Y25.2616
G01 X25.9218Y25.4200
G01 X27.0000Y25.4730
G01 X28.0782Y25.4200
G01 X29.1460Y25.2616
G01 X30.1931Y24.9993
G01 X31.2095Y24.6356
G01 X32.1854Y24.1741
G01 X33.1113Y23.6191
G01 X33.9783Y22.9761
G01 X34.7782Y22.2511
G01 X35.5031Y21.4513
G01 X36.1462Y20.5842
G01 X36.7011Y19.6583
G01 X37.1627Y18.6825
G01 X37.5263Y17.6661
G01 X37.7886Y16.6190
G01 X37.9470Y15.5511
G01 X38.0000Y14.4730
G01 X37.9470Y13.3948
G01 X37.7886Y12.3270
G01 X37.5263Y11.2798
G01 X37.1627Y10.2634
G01 X36.7011Y9.2876
G01 X36.1462Y8.3617
G01 X35.5031Y7.4946
G01 X35.0529Y6.9979
G00 Z20.0000
G00 X34.4000Y14.4730
G01 Z20.0000
G01 X34.3644Y13.7476
G01 X34.2578Y13.0293
G01 X34.0814Y12.3249
G01 X33.8367Y11.6411
G01 X33.5262Y10.9846
G01 X33.1529Y10.3617
G01 X32.7203Y9.7784
G01 X32.2326Y9.2404
G01 X31.6945Y8.7527
G01 X31.1112Y8.3201
G01 X30.4883Y7.9467
G01 X29.8319Y7.6363
G01 X29.1481Y7.3916
G01 X28.4437Y7.2151
G01 X27.7253Y7.1086
G01 X27.0000Y7.0730
G01 X26.2747Y7.1086
G01 X25.5563Y7.2151
G01 X24.8519Y7.3916
G01 X24.1681Y7.6363
G01 X23.5117Y7.9467
G01 X22.8888Y8.3201
G01 X22.3055Y8.7527
G01 X21.7674Y9.2404
G01 X21.2797Y9.7784
G01 X20.9690Y10.1974
G00 Z20.0000
G00 X20.8852Y11.0753
G01 Z20.0000
G01 X21.1797Y10.5840
G01 X21.5889Y10.0322
G01 X22.0503Y9.5232
G01 X22.5592Y9.0619
G01 X23.1110Y8.6527
G01 X23.7002Y8.2995
G01 X24.3212Y8.0058
G01 X24.9680Y7.7744
G01 X25.6344Y7.6075
G01 X26.3139Y7.5067
G01 X27.0000Y7.4730
G01 X27.6861Y7.5067
G01 X28.3656Y7.6075
G01 X29.0320Y7.7744
G01 X29.6788Y8.0058
G01 X30.2998Y8.2995
G01 X30.8890Y8.6527
G01 X31.4408Y9.0619
G01 X31.9497Y9.5232
G01 X32.4111Y10.0322
G01 X32.8203Y10.5840
G01 X33.1734Y11.1732
G01 X33.4672Y11.7942
G01 X33.6986Y12.4410
G01 X33.8655Y13.1073
G01 X33.9663Y13.7868
G01 X34.0000Y14.4730
G01 X33.9663Y15.1591
G01 X33.8655Y15.8386
G01 X33.6986Y16.5050
G01 X33.4672Y17.1517
G01 X33.1734Y17.7727
G01 X32.8203Y18.3620
G01 X32.4111Y18.9137
G01 X31.9497Y19.4227
G01 X31.4408Y19.8840
G01 X30.8890Y20.2932
G01 X30.2998Y20.6464
G01 X29.6788Y20.9401
G01 X29.0320Y21.1715
G01 X28.3656Y21.3385
G01 X27.6861Y21.4393
G01 X27.0000Y21.4730
G01 X26.3139Y21.4393
G01 X25.6344Y21.3385
G01 X24.9680Y21.1715
G01 X24.3212Y20.9401
G01 X23.7002Y20.6464
G01 X23.1110Y20.2932
G01 X22.5592Y19.8840
G01 X22.0503Y19.4227
G01 X21.5889Y18.9137
G01 X21.1797Y18.3620
G01 X20.8266Y17.7727
G01 X20.5328Y17.1517
G01 X20.3014Y16.5050
G01 X20.1345Y15.8386
G01 X20.0337Y15.1591
G01 X20.0000Y14.4730
G01 X20.0337Y13.7868
G01 X20.1345Y13.1073
G01 X20.3014Y12.4410
G01 X20.5328Y11.7942
G01 X20.7621Y11.3094
G00 Z20.0000
G00 X20.0761Y11.8849
G01 Z20.0000
G01 X19.9186Y12.3249
G01 X19.7422Y13.0293
G01 X19.6356Y13.7476
G01 X19.6000Y14.4730
G01 X19.6356Y15.1983
G01 X19.7422Y15.9166
G01 X19.9186Y16.6211
G01 X20.1633Y17.3048
G01 X20.4738Y17.9613
G01 X20.8471Y18.5842
G01 X21.2797Y19.1675
G01 X21.7674Y19.7056
G01 X22.3055Y20.1932
G01 X22.8888Y20.6258
G01 X23.5117Y20.9992
G01 X24.1681Y21.3097
G01 X24.8519Y21.5543
G01 X25.5563Y21.7308
G01 X26.2747Y21.8373
G01 X27.0000Y21.8730
G01 X27.7253Y21.8373
G01 X28.4437Y21.7308
G01 X29.1481Y21.5543
G01 X29.8319Y21.3097
G01 X30.4883Y20.9992
G01 X31.1112Y20.6258
G01 X31.6945Y20.1932
G01 X32.2326Y19.7056
G01 X32.7203Y19.1675
G01 X33.1529Y18.5842
G01 X33.5262Y17.9613
G01 X33.8367Y17.3048
G01 X34.0814Y16.6211
G01 X34.2578Y15.9166
G01 X34.3644Y15.1983
G01 X34.4000Y14.4730
G01 X33.6000Y14.4730
G01 X33.5682Y13.8260
G01 X33.4732Y13.1854
G01 X33.3158Y12.5571
G01 X33.0976Y11.9472
G01 X32.8207Y11.3617
G01 X32.4877Y10.8062
G01 X32.1019Y10.2860
G01 X31.6669Y9.8061
G01 X31.1870Y9.3711
G01 X30.6668Y8.9853
G01 X30.1112Y8.6523
G01 X29.5257Y8.3754
G01 X28.9159Y8.1572
G01 X28.2876Y7.9998
G01 X27.6469Y7.9047
G01 X27.0000Y7.8730
G01 X26.3531Y7.9047
G01 X25.7124Y7.9998
G01 X25.0841Y8.1572
G01 X24.4743Y8.3754
G01 X23.8888Y8.6523
G01 X23.3332Y8.9853
G01 X22.8130Y9.3711
G01 X22.3331Y9.8061
G01 X21.8981Y10.2860
G01 X21.5123Y10.8062
G01 X21.1793Y11.3617
G01 X20.9024Y11.9472
G01 X20.6842Y12.5571
G01 X20.5268Y13.1854
G01 X20.4318Y13.8260
G01 X20.4000Y14.4730
G01 X20.4318Y15.1199
G01 X20.5268Y15.7606
G01 X20.6842Y16.3888
G01 X20.9024Y16.9987
G01 X21.1793Y17.5842
G01 X21.5123Y18.1397
G01 X21.8981Y18.6600
G01 X22.3331Y19.1399
G01 X22.8130Y19.5748
G01 X23.3332Y19.9607
G01 X23.8888Y20.2936
G01 X24.4743Y20.5706
G01 X25.0841Y20.7888
G01 X25.7124Y20.9461
G01 X26.3531Y21.0412
G01 X27.0000Y21.0730
G01 X27.6469Y21.0412
G01 X28.2876Y20.9461
G01 X28.9159Y20.7888
G01 X29.5257Y20.5706
G01 X30.1112Y20.2936
G01 X30.6668Y19.9607
G01 X31.1870Y19.5748
G01 X31.6669Y19.1399
G01 X32.1019Y18.6600
G01 X32.4877Y18.1397
G01 X32.8207Y17.5842
G01 X33.0976Y16.9987
G01 X33.3158Y16.3888
G01 X33.4732Y15.7606
G01 X33.5682Y15.1199
G01 X33.6000Y14.4730
G01 X33.2000Y14.4730
G01 X33.1701Y13.8653
G01 X33.0809Y13.2634
G01 X32.9330Y12.6732
G01 X32.7281Y12.1003
G01 X32.4679Y11.5503
G01 X32.1551Y11.0284
G01 X31.7927Y10.5397
G01 X31.3841Y10.0889
G01 X30.9332Y9.6803
G01 X30.4445Y9.3178
G01 X29.9227Y9.0050
G01 X29.3726Y8.7449
G01 X28.7998Y8.5399
G01 X28.2096Y8.3921
G01 X27.6077Y8.3028
G01 X27.0000Y8.2730
G01 X26.3923Y8.3028
G01 X25.7904Y8.3921
G01 X25.2002Y8.5399
G01 X24.6274Y8.7449
G01 X24.0773Y9.0050
G01 X23.5555Y9.3178
G01 X23.0668Y9.6803
G01 X22.6159Y10.0889
G01 X22.2073Y10.5397
G01 X21.8449Y11.0284
G01 X21.5321Y11.5503
G01 X21.2719Y12.1003
G01 X21.0670Y12.6732
G01 X20.9191Y13.2634
G01 X20.8299Y13.8653
G01 X20.8000Y14.4730
G01 X20.8299Y15.0807
G01 X20.9191Y15.6825
G01 X21.0670Y16.2727
G01 X21.2719Y16.8456
G01 X21.5321Y17.3956
G01 X21.8449Y17.9175
G01 X22.2073Y18.4062
G01 X22.6159Y18.8570
G01 X23.0668Y19.2656
G01 X23.5555Y19.6281
G01 X24.0773Y19.9409
G01 X24.6274Y20.2010
G01 X25.2002Y20.4060
G01 X25.7904Y20.5538
G01 X26.3923Y20.6431
G01 X27.0000Y20.6730
G01 X27.6077Y20.6431
G01 X28.2096Y20.5538
G01 X28.7998Y20.4060
G01 X29.3726Y20.2010
G01 X29.9227Y19.9409
G01 X30.4445Y19.6281
G01 X30.9332Y19.2656
G01 X31.3841Y18.8570
G01 X31.7927Y18.4062
G01 X32.1551Y17.9175
G01 X32.4679Y17.3956
G01 X32.7281Y16.8456
G01 X32.9330Y16.2727
G01 X33.0809Y15.6825
G01 X33.1701Y15.0807
G01 X33.2000Y14.4730
G01 X32.8000Y14.4730
G01 X32.7721Y13.9045
G01 X32.6886Y13.3414
G01 X32.5503Y12.7893
G01 X32.3585Y12.2534
G01 X32.1151Y11.7389
G01 X31.8225Y11.2507
G01 X31.4835Y10.7935
G01 X31.1012Y10.3717
G01 X30.6795Y9.9895
G01 X30.2223Y9.6504
G01 X29.7341Y9.3578
G01 X29.2196Y9.1145
G01 X28.6837Y8.9227
G01 X28.1315Y8.7844
G01 X27.5685Y8.7009
G01 X27.0000Y8.6730
G01 X26.4315Y8.7009
G01 X25.8685Y8.7844
G01 X25.3163Y8.9227
G01 X24.7804Y9.1145
G01 X24.2659Y9.3578
G01 X23.7777Y9.6504
G01 X23.3205Y9.9895
G01 X22.8988Y10.3717
G01 X22.5165Y10.7935
G01 X22.1775Y11.2507
G01 X21.8849Y11.7389
G01 X21.6415Y12.2534
G01 X21.4497Y12.7893
G01 X21.3114Y13.3414
G01 X21.2279Y13.9045
G01 X21.2000Y14.4730
G01 X21.2279Y15.0415
G01 X21.3114Y15.6045
G01 X21.4497Y16.1566
G01 X21.6415Y16.6925
G01 X21.8849Y17.2071
G01 X22.1775Y17.6953
G01 X22.5165Y18.1524
G01 X22.8988Y18.5742
G01 X23.3205Y18.9564
G01 X23.7777Y19.2955
G01 X24.2659Y19.5881
G01 X24.7804Y19.8315
G01 X25.3163Y20.0232
G01 X25.8685Y20.1615
G01 X26.4315Y20.2450
G01 X27.0000Y20.2730
G01 X27.5685Y20.2450
G01 X28.1315Y20.1615
G01 X28.6837Y20.0232
G01 X29.2196Y19.8315
G01 X29.7341Y19.5881
G01 X30.2223Y19.2955
G01 X30.6795Y18.9564
G01 X31.1012Y18.5742
G01 X31.4835Y18.1524
G01 X31.8225Y17.6953
G01 X32.1151Y17.2071
G01 X32.3585Y16.6925
G01 X32.5503Y16.1566
G01 X32.6886Y15.6045
G01 X32.7721Y15.0415
G01 X32.8000Y14.4730
G01 X32.4000Y14.4730
G01 X32.3740Y13.9437
G01 X32.2962Y13.4195
G01 X32.1675Y12.9054
G01 X31.9890Y12.4065
G01 X31.7624Y11.9274
G01 X31.4899Y11.4729
G01 X31.1743Y11.0472
G01 X30.8184Y10.6546
G01 X30.4257Y10.2987
G01 X30.0001Y9.9830
G01 X29.5455Y9.7106
G01 X29.0665Y9.4840
G01 X28.5675Y9.3055
G01 X28.0535Y9.1767
G01 X27.5293Y9.0990
G01 X27.0000Y9.0730
G01 X26.4707Y9.0990
G01 X25.9465Y9.1767
G01 X25.4325Y9.3055
G01 X24.9335Y9.4840
G01 X24.4545Y9.7106
G01 X23.9999Y9.9830
G01 X23.5743Y10.2987
G01 X23.1816Y10.6546
G01 X22.8257Y11.0472
G01 X22.5101Y11.4729
G01 X22.2376Y11.9274
G01 X22.0111Y12.4065
G01 X21.8325Y12.9054
G01 X21.7038Y13.4195
G01 X21.6260Y13.9437
G01 X21.6000Y14.4730
G01 X21.6260Y15.0023
G01 X21.7038Y15.5264
G01 X21.8325Y16.0405
G01 X22.0111Y16.5395
G01 X22.2376Y17.0185
G01 X22.5101Y17.4730
G01 X22.8257Y17.8987
G01 X23.1816Y18.2913
G01 X23.5743Y18.6472
G01 X23.9999Y18.9629
G01 X24.4545Y19.2353
G01 X24.9335Y19.4619
G01 X25.4325Y19.6404
G01 X25.9465Y19.7692
G01 X26.4707Y19.8470
G01 X27.0000Y19.8730
G01 X27.5293Y19.8470
G01 X28.0535Y19.7692
G01 X28.5675Y19.6404
G01 X29.0665Y19.4619
G01 X29.5455Y19.2353
G01 X30.0001Y18.9629
G01 X30.4257Y18.6472
G01 X30.8184Y18.2913
G01 X31.1743Y17.8987
G01 X31.4899Y17.4730
G01 X31.7624Y17.0185
G01 X31.9890Y16.5395
G01 X32.1675Y16.0405
G01 X32.2962Y15.5264
G01 X32.3740Y15.0023
G01 X32.4000Y14.4730
G01 X32.0000Y14.4730
G01 X31.9759Y13.9829
G01 X31.9039Y13.4975
G01 X31.7847Y13.0215
G01 X31.6194Y12.5595
G01 X31.4096Y12.1160
G01 X31.1573Y11.6951
G01 X30.8651Y11.3010
G01 X30.5355Y10.9374
G01 X30.1720Y10.6079
G01 X29.7779Y10.3156
G01 X29.3570Y10.0634
G01 X28.9134Y9.8536
G01 X28.4514Y9.6883
G01 X27.9755Y9.5690
G01 X27.4901Y9.4970
G01 X27.0000Y9.4730
G01 X26.5099Y9.4970
G01 X26.0245Y9.5690
G01 X25.5486Y9.6883
G01 X25.0866Y9.8536
G01 X24.6430Y10.0634
G01 X24.2221Y10.3156
G01 X23.8280Y10.6079
G01 X23.4645Y10.9374
G01 X23.1349Y11.3010
G01 X22.8427Y11.6951
G01 X22.5904Y12.1160
G01 X22.3806Y12.5595
G01 X22.2153Y13.0215
G01 X22.0961Y13.4975
G01 X22.0241Y13.9829
G01 X22.0000Y14.4730
G01 X22.0241Y14.9630
G01 X22.0961Y15.4484
G01 X22.2153Y15.9244
G01 X22.3806Y16.3864
G01 X22.5904Y16.8299
G01 X22.8427Y17.2508
G01 X23.1349Y17.6449
G01 X23.4645Y18.0085
G01 X23.8280Y18.3380
G01 X24.2221Y18.6303
G01 X24.6430Y18.8826
G01 X25.0866Y19.0924
G01 X25.5486Y19.2577
G01 X26.0245Y19.3769
G01 X26.5099Y19.4489
G01 X27.0000Y19.4730
G01 X27.4901Y19.4489
G01 X27.9755Y19.3769
G01 X28.4514Y19.2577
G01 X28.9134Y19.0924
G01 X29.3570Y18.8826
G01 X29.7779Y18.6303
G01 X30.1720Y18.3380
G01 X30.5355Y18.0085
G01 X30.8651Y17.6449
G01 X31.1573Y17.2508
G01 X31.4096Y16.8299
G01 X31.6194Y16.3864
G01 X31.7847Y15.9244
G01 X31.9039Y15.4484
G01 X31.9759Y14.9630
G01 X32.0000Y14.4730
G01 X31.6000Y14.4730
G01 X31.5779Y14.0221
G01 X31.5116Y13.5755
G01 X31.4019Y13.1377
G01 X31.2498Y12.7126
G01 X31.0568Y12.3045
G01 X30.8248Y11.9173
G01 X30.5558Y11.5548
G01 X30.2527Y11.2203
G01 X29.9182Y10.9171
G01 X29.5556Y10.6482
G01 X29.1684Y10.4161
G01 X28.7603Y10.2231
G01 X28.3353Y10.0710
G01 X27.8974Y9.9613
G01 X27.4509Y9.8951
G01 X27.0000Y9.8730
G01 X26.5491Y9.8951
G01 X26.1026Y9.9613
G01 X25.6647Y10.0710
G01 X25.2397Y10.2231
G01 X24.8316Y10.4161
G01 X24.4444Y10.6482
G01 X24.0818Y10.9171
G01 X23.7473Y11.2203
G01 X23.4442Y11.5548
G01 X23.1752Y11.9173
G01 X22.9432Y12.3045
G01 X22.7502Y12.7126
G01 X22.5981Y13.1377
G01 X22.4884Y13.5755
G01 X22.4222Y14.0221
G01 X22.4000Y14.4730
G01 X22.4222Y14.9238
G01 X22.4884Y15.3704
G01 X22.5981Y15.8083
G01 X22.7502Y16.2333
G01 X22.9432Y16.6414
G01 X23.1752Y17.0286
G01 X23.4442Y17.3912
G01 X23.7473Y17.7257
G01 X24.0818Y18.0288
G01 X24.4444Y18.2977
G01 X24.8316Y18.5298
G01 X25.2397Y18.7228
G01 X25.6647Y18.8749
G01 X26.1026Y18.9846
G01 X26.5491Y19.0508
G01 X27.0000Y19.0730
G01 X27.4509Y19.0508
G01 X27.8974Y18.9846
G01 X28.3353Y18.8749
G01 X28.7603Y18.7228
G01 X29.1684Y18.5298
G01 X29.5556Y18.2977
G01 X29.9182Y18.0288
G01 X30.2527Y17.7257
G01 X30.5558Y17.3912
G01 X30.8248Y17.0286
G01 X31.0568Y16.6414
G01 X31.2498Y16.2333
G01 X31.4019Y15.8083
G01 X31.5116Y15.3704
G01 X31.5779Y14.9238
G01 X31.6000Y14.4730
G01 X31.2000Y14.4730
G01 X31.1798Y14.0613
G01 X31.1193Y13.6536
G01 X31.0192Y13.2538
G01 X30.8803Y12.8657
G01 X30.7041Y12.4931
G01 X30.4922Y12.1396
G01 X30.2466Y11.8085
G01 X29.9698Y11.5031
G01 X29.6645Y11.2263
G01 X29.3334Y10.9808
G01 X28.9799Y10.7689
G01 X28.6073Y10.5927
G01 X28.2192Y10.4538
G01 X27.8194Y10.3537
G01 X27.4117Y10.2932
G01 X27.0000Y10.2730
G01 X26.5883Y10.2932
G01 X26.1806Y10.3537
G01 X25.7808Y10.4538
G01 X25.3927Y10.5927
G01 X25.0201Y10.7689
G01 X24.6666Y10.9808
G01 X24.3355Y11.2263
G01 X24.0302Y11.5031
G01 X23.7534Y11.8085
G01 X23.5078Y12.1396
G01 X23.2959Y12.4931
G01 X23.1197Y12.8657
G01 X22.9809Y13.2538
G01 X22.8807Y13.6536
G01 X22.8202Y14.0613
G01 X22.8000Y14.4730
G01 X22.8202Y14.8846
G01 X22.8807Y15.2923
G01 X22.9809Y15.6922
G01 X23.1197Y16.0802
G01 X23.2959Y16.4528
G01 X23.5078Y16.8064
G01 X23.7534Y17.1374
G01 X24.0302Y17.4428
G01 X24.3355Y17.7196
G01 X24.6666Y17.9651
G01 X25.0201Y18.1770
G01 X25.3927Y18.3533
G01 X25.7808Y18.4921
G01 X26.1806Y18.5923
G01 X26.5883Y18.6527
G01 X27.0000Y18.6730
G01 X27.4117Y18.6527
G01 X27.8194Y18.5923
G01 X28.2192Y18.4921
G01 X28.6073Y18.3533
G01 X28.9799Y18.1770
G01 X29.3334Y17.9651
G01 X29.6645Y17.7196
G01 X29.9698Y17.4428
G01 X30.2466Y17.1374
G01 X30.4922Y16.8064
G01 X30.7041Y16.4528
G01 X30.8803Y16.0802
G01 X31.0192Y15.6922
G01 X31.1193Y15.2923
G01 X31.1798Y14.8846
G01 X31.2000Y14.4730
G01 X30.8000Y14.4730
G01 X30.7817Y14.1005
G01 X30.7270Y13.7316
G01 X30.6364Y13.3699
G01 X30.5107Y13.0188
G01 X30.3513Y12.6817
G01 X30.1596Y12.3618
G01 X29.9374Y12.0623
G01 X29.6870Y11.7860
G01 X29.4107Y11.5355
G01 X29.1112Y11.3134
G01 X28.7913Y11.1217
G01 X28.4542Y10.9622
G01 X28.1031Y10.8366
G01 X27.7413Y10.7460
G01 X27.3725Y10.6913
G01 X27.0000Y10.6730
G01 X26.6275Y10.6913
G01 X26.2587Y10.7460
G01 X25.8969Y10.8366
G01 X25.5458Y10.9622
G01 X25.2087Y11.1217
G01 X24.8888Y11.3134
G01 X24.5893Y11.5355
G01 X24.3130Y11.7860
G01 X24.0626Y12.0623
G01 X23.8404Y12.3618
G01 X23.6487Y12.6817
G01 X23.4893Y13.0188
G01 X23.3636Y13.3699
G01 X23.2730Y13.7316
G01 X23.2183Y14.1005
G01 X23.2000Y14.4730
G01 X23.2183Y14.8454
G01 X23.2730Y15.2143
G01 X23.3636Y15.5760
G01 X23.4893Y15.9272
G01 X23.6487Y16.2643
G01 X23.8404Y16.5841
G01 X24.0626Y16.8837
G01 X24.3130Y17.1600
G01 X24.5893Y17.4104
G01 X24.8888Y17.6325
G01 X25.2087Y17.8243
G01 X25.5458Y17.9837
G01 X25.8969Y18.1093
G01 X26.2587Y18.1999
G01 X26.6275Y18.2547
G01 X27.0000Y18.2730
G01 X27.3725Y18.2547
G01 X27.7413Y18.1999
G01 X28.1031Y18.1093
G01 X28.4542Y17.9837
G01 X28.7913Y17.8243
G01 X29.1112Y17.6325
G01 X29.4107Y17.4104
G01 X29.6870Y17.1600
G01 X29.9374Y16.8837
G01 X30.1596Y16.5841
G01 X30.3513Y16.2643
G01 X30.5107Y15.9272
G01 X30.6364Y15.5760
G01 X30.7270Y15.2143
G01 X30.7817Y14.8454
G01 X30.8000Y14.4730
G01 X30.4000Y14.4730
G01 X30.3836Y14.1397
G01 X30.3347Y13.8097
G01 X30.2536Y13.4860
G01 X30.1412Y13.1718
G01 X29.9985Y12.8702
G01 X29.8270Y12.5840
G01 X29.6282Y12.3160
G01 X29.4042Y12.0688
G01 X29.1569Y11.8447
G01 X28.8889Y11.6460
G01 X28.6027Y11.4744
G01 X28.3011Y11.3318
G01 X27.9870Y11.2194
G01 X27.6633Y11.1383
G01 X27.3333Y11.0893
G01 X27.0000Y11.0730
G01 X26.6667Y11.0893
G01 X26.3367Y11.1383
G01 X26.0130Y11.2194
G01 X25.6989Y11.3318
G01 X25.3973Y11.4744
G01 X25.1111Y11.6460
G01 X24.8431Y11.8447
G01 X24.5958Y12.0688
G01 X24.3718Y12.3160
G01 X24.1730Y12.5840
G01 X24.0015Y12.8702
G01 X23.8588Y13.1718
G01 X23.7464Y13.4860
G01 X23.6653Y13.8097
G01 X23.6164Y14.1397
G01 X23.6000Y14.4730
G01 X23.6164Y14.8062
G01 X23.6653Y15.1363
G01 X23.7464Y15.4599
G01 X23.8588Y15.7741
G01 X24.0015Y16.0757
G01 X24.1730Y16.3619
G01 X24.3718Y16.6299
G01 X24.5958Y16.8771
G01 X24.8431Y17.1012
G01 X25.1111Y17.3000
G01 X25.3973Y17.4715
G01 X25.6989Y17.6142
G01 X26.0130Y17.7266
G01 X26.3367Y17.8076
G01 X26.6667Y17.8566
G01 X27.0000Y17.8730
G01 X27.3333Y17.8566
G01 X27.6633Y17.8076
G01 X27.9870Y17.7266
G01 X28.3011Y17.6142
G01 X28.6027Y17.4715
G01 X28.8889Y17.3000
G01 X29.1569Y17.1012
G01 X29.4042Y16.8771
G01 X29.6282Y16.6299
G01 X29.8270Y16.3619
G01 X29.9985Y16.0757
G01 X30.1412Y15.7741
G01 X30.2536Y15.4599
G01 X30.3347Y15.1363
G01 X30.3836Y14.8062
G01 X30.4000Y14.4730
G01 X30.0000Y14.4730
G01 X29.9856Y14.1789
G01 X29.9424Y13.8877
G01 X29.8708Y13.6021
G01 X29.7716Y13.3249
G01 X29.6458Y13.0588
G01 X29.4944Y12.8062
G01 X29.3190Y12.5698
G01 X29.1213Y12.3516
G01 X28.9032Y12.1539
G01 X28.6667Y11.9786
G01 X28.4142Y11.8272
G01 X28.1481Y11.7013
G01 X27.8709Y11.6021
G01 X27.5853Y11.5306
G01 X27.2941Y11.4874
G01 X27.0000Y11.4730
G01 X26.7059Y11.4874
G01 X26.4147Y11.5306
G01 X26.1291Y11.6021
G01 X25.8520Y11.7013
G01 X25.5858Y11.8272
G01 X25.3333Y11.9786
G01 X25.0968Y12.1539
G01 X24.8787Y12.3516
G01 X24.6810Y12.5698
G01 X24.5056Y12.8062
G01 X24.3542Y13.0588
G01 X24.2284Y13.3249
G01 X24.1292Y13.6021
G01 X24.0576Y13.8877
G01 X24.0144Y14.1789
G01 X24.0000Y14.4730
G01 X24.0144Y14.7670
G01 X24.0576Y15.0582
G01 X24.1292Y15.3438
G01 X24.2284Y15.6210
G01 X24.3542Y15.8872
G01 X24.5056Y16.1397
G01 X24.6810Y16.3761
G01 X24.8787Y16.5943
G01 X25.0968Y16.7920
G01 X25.3333Y16.9674
G01 X25.5858Y17.1187
G01 X25.8520Y17.2446
G01 X26.1291Y17.3438
G01 X26.4147Y17.4153
G01 X26.7059Y17.4585
G01 X27.0000Y17.4730
G01 X27.2941Y17.4585
G01 X27.5853Y17.4153
G01 X27.8709Y17.3438
G01 X28.1481Y17.2446
G01 X28.4142Y17.1187
G01 X28.6667Y16.9674
G01 X28.9032Y16.7920
G01 X29.1213Y16.5943
G01 X29.3190Y16.3761
G01 X29.4944Y16.1397
G01 X29.6458Y15.8872
G01 X29.7716Y15.6210
G01 X29.8708Y15.3438
G01 X29.9424Y15.0582
G01 X29.9856Y14.7670
G01 X30.0000Y14.4730
G01 X29.6000Y14.4730
G01 X29.5875Y14.2181
G01 X29.5500Y13.9657
G01 X29.4880Y13.7182
G01 X29.4021Y13.4780
G01 X29.2930Y13.2473
G01 X29.1618Y13.0285
G01 X29.0098Y12.8235
G01 X28.8385Y12.6345
G01 X28.6494Y12.4631
G01 X28.4445Y12.3111
G01 X28.2256Y12.1800
G01 X27.9950Y12.0709
G01 X27.7547Y11.9849
G01 X27.5072Y11.9229
G01 X27.2548Y11.8855
G01 X27.0000Y11.8730
G01 X26.7452Y11.8855
G01 X26.4928Y11.9229
G01 X26.2453Y11.9849
G01 X26.0050Y12.0709
G01 X25.7744Y12.1800
G01 X25.5555Y12.3111
G01 X25.3506Y12.4631
G01 X25.1615Y12.6345
G01 X24.9902Y12.8235
G01 X24.8382Y13.0285
G01 X24.7070Y13.2473
G01 X24.5979Y13.4780
G01 X24.5120Y13.7182
G01 X24.4500Y13.9657
G01 X24.4125Y14.2181
G01 X24.4000Y14.4730
G01 X24.4125Y14.7278
G01 X24.4500Y14.9802
G01 X24.5120Y15.2277
G01 X24.5979Y15.4679
G01 X24.7070Y15.6986
G01 X24.8382Y15.9174
G01 X24.9902Y16.1224
G01 X25.1615Y16.3114
G01 X25.3506Y16.4828
G01 X25.5555Y16.6348
G01 X25.7744Y16.7660
G01 X26.0050Y16.8750
G01 X26.2453Y16.9610
G01 X26.4928Y17.0230
G01 X26.7452Y17.0604
G01 X27.0000Y17.0730
G01 X27.2548Y17.0604
G01 X27.5072Y17.0230
G01 X27.7547Y16.9610
G01 X27.9950Y16.8750
G01 X28.2256Y16.7660
G01 X28.4445Y16.6348
G01 X28.6494Y16.4828
G01 X28.8385Y16.3114
G01 X29.0098Y16.1224
G01 X29.1618Y15.9174
G01 X29.2930Y15.6986
G01 X29.4021Y15.4679
G01 X29.4880Y15.2277
G01 X29.5500Y14.9802
G01 X29.5875Y14.7278
G01 X29.6000Y14.4730
G01 X29.2000Y14.4730
G01 X29.1894Y14.2573
G01 X29.1577Y14.0438
G01 X29.1053Y13.8343
G01 X29.0325Y13.6311
G01 X28.9402Y13.4359
G01 X28.8292Y13.2507
G01 X28.7006Y13.0773
G01 X28.5556Y12.9173
G01 X28.3957Y12.7723
G01 X28.2223Y12.6437
G01 X28.0371Y12.5327
G01 X27.8419Y12.4404
G01 X27.6386Y12.3677
G01 X27.4292Y12.3152
G01 X27.2156Y12.2836
G01 X27.0000Y12.2730
G01 X26.7844Y12.2836
G01 X26.5708Y12.3152
G01 X26.3614Y12.3677
G01 X26.1581Y12.4404
G01 X25.9629Y12.5327
G01 X25.7777Y12.6437
G01 X25.6043Y12.7723
G01 X25.4444Y12.9173
G01 X25.2994Y13.0773
G01 X25.1708Y13.2507
G01 X25.0598Y13.4359
G01 X24.9675Y13.6311
G01 X24.8947Y13.8343
G01 X24.8423Y14.0438
G01 X24.8106Y14.2573
G01 X24.8000Y14.4730
G01 X24.8106Y14.6886
G01 X24.8423Y14.9022
G01 X24.8947Y15.1116
G01 X24.9675Y15.3149
G01 X25.0598Y15.5100
G01 X25.1708Y15.6952
G01 X25.2994Y15.8686
G01 X25.4444Y16.0286
G01 X25.6043Y16.1736
G01 X25.7777Y16.3022
G01 X25.9629Y16.4132
G01 X26.1581Y16.5055
G01 X26.3614Y16.5782
G01 X26.5708Y16.6307
G01 X26.7844Y16.6624
G01 X27.0000Y16.6730
G01 X27.2156Y16.6624
G01 X27.4292Y16.6307
G01 X27.6386Y16.5782
G01 X27.8419Y16.5055
G01 X28.0371Y16.4132
G01 X28.2223Y16.3022
G01 X28.3957Y16.1736
G01 X28.5556Y16.0286
G01 X28.7006Y15.8686
G01 X28.8292Y15.6952
G01 X28.9402Y15.5100
G01 X29.0325Y15.3149
G01 X29.1053Y15.1116
G01 X29.1577Y14.9022
G01 X29.1894Y14.6886
G01 X29.2000Y14.4730
G01 X28.8000Y14.4730
G01 X28.7913Y14.2965
G01 X28.7654Y14.1218
G01 X28.7225Y13.9504
G01 X28.6630Y13.7841
G01 X28.5875Y13.6244
G01 X28.4966Y13.4729
G01 X28.3914Y13.3311
G01 X28.2728Y13.2002
G01 X28.1419Y13.0815
G01 X28.0000Y12.9763
G01 X27.8485Y12.8855
G01 X27.6888Y12.8100
G01 X27.5225Y12.7505
G01 X27.3512Y12.7075
G01 X27.1764Y12.6816
G01 X27.0000Y12.6730
G01 X26.8236Y12.6816
G01 X26.6488Y12.7075
G01 X26.4775Y12.7505
G01 X26.3112Y12.8100
G01 X26.1515Y12.8855
G01 X26.0000Y12.9763
G01 X25.8581Y13.0815
G01 X25.7272Y13.2002
G01 X25.6086Y13.3311
G01 X25.5034Y13.4729
G01 X25.4125Y13.6244
G01 X25.3370Y13.7841
G01 X25.2775Y13.9504
G01 X25.2346Y14.1218
G01 X25.2087Y14.2965
G01 X25.2000Y14.4730
G01 X25.2087Y14.6494
G01 X25.2346Y14.8241
G01 X25.2775Y14.9955
G01 X25.3370Y15.1618
G01 X25.4125Y15.3215
G01 X25.5034Y15.4730
G01 X25.6086Y15.6149
G01 X25.7272Y15.7458
G01 X25.8581Y15.8644
G01 X26.0000Y15.9696
G01 X26.1515Y16.0604
G01 X26.3112Y16.1359
G01 X26.4775Y16.1955
G01 X26.6488Y16.2384
G01 X26.8236Y16.2643
G01 X27.0000Y16.2730
G01 X27.1764Y16.2643
G01 X27.3512Y16.2384
G01 X27.5225Y16.1955
G01 X27.6888Y16.1359
G01 X27.8485Y16.0604
G01 X28.0000Y15.9696
G01 X28.1419Y15.8644
G01 X28.2728Y15.7458
G01 X28.3914Y15.6149
G01 X28.4966Y15.4730
G01 X28.5875Y15.3215
G01 X28.6630Y15.1618
G01 X28.7225Y14.9955
G01 X28.7654Y14.8241
G01 X28.7913Y14.6494
G01 X28.8000Y14.4730
G01 X28.4000Y14.4730
G01 X28.3933Y14.3357
G01 X28.3731Y14.1998
G01 X28.3397Y14.0666
G01 X28.2934Y13.9372
G01 X28.2347Y13.8130
G01 X28.1641Y13.6952
G01 X28.0822Y13.5848
G01 X27.9900Y13.4830
G01 X27.8882Y13.3907
G01 X27.7778Y13.3089
G01 X27.6600Y13.2383
G01 X27.5358Y13.1795
G01 X27.4064Y13.1332
G01 X27.2731Y13.0999
G01 X27.1372Y13.0797
G01 X27.0000Y13.0730
G01 X26.8628Y13.0797
G01 X26.7269Y13.0999
G01 X26.5936Y13.1332
G01 X26.4642Y13.1795
G01 X26.3400Y13.2383
G01 X26.2222Y13.3089
G01 X26.1119Y13.3907
G01 X26.0101Y13.4830
G01 X25.9178Y13.5848
G01 X25.8359Y13.6952
G01 X25.7653Y13.8130
G01 X25.7066Y13.9372
G01 X25.6603Y14.0666
G01 X25.6269Y14.1998
G01 X25.6067Y14.3357
G01 X25.6000Y14.4730
G01 X25.6067Y14.6102
G01 X25.6269Y14.7461
G01 X25.6603Y14.8794
G01 X25.7066Y15.0087
G01 X25.7653Y15.1329
G01 X25.8359Y15.2508
G01 X25.9178Y15.3611
G01 X26.0101Y15.4629
G01 X26.1119Y15.5552
G01 X26.2222Y15.6370
G01 X26.3400Y15.7076
G01 X26.4642Y15.7664
G01 X26.5936Y15.8127
G01 X26.7269Y15.8461
G01 X26.8628Y15.8662
G01 X27.0000Y15.8730
G01 X27.1372Y15.8662
G01 X27.2731Y15.8461
G01 X27.4064Y15.8127
G01 X27.5358Y15.7664
G01 X27.6600Y15.7076
G01 X27.7778Y15.6370
G01 X27.8882Y15.5552
G01 X27.9900Y15.4629
G01 X28.0822Y15.3611
G01 X28.1641Y15.2508
G01 X28.2347Y15.1329
G01 X28.2934Y15.0087
G01 X28.3397Y14.8794
G01 X28.3731Y14.7461
G01 X28.3933Y14.6102
G01 X28.4000Y14.4730
G01 X28.0000Y14.4730
G01 X27.9952Y14.3749
G01 X27.9808Y14.2779
G01 X27.9569Y14.1827
G01 X27.9239Y14.0903
G01 X27.8819Y14.0016
G01 X27.8315Y13.9174
G01 X27.7730Y13.8386
G01 X27.7071Y13.7659
G01 X27.6344Y13.6999
G01 X27.5556Y13.6415
G01 X27.4714Y13.5910
G01 X27.3827Y13.5491
G01 X27.2903Y13.5160
G01 X27.1951Y13.4922
G01 X27.0980Y13.4778
G01 X27.0000Y13.4730
G01 X26.9020Y13.4778
G01 X26.8049Y13.4922
G01 X26.7097Y13.5160
G01 X26.6173Y13.5491
G01 X26.5286Y13.5910
G01 X26.4444Y13.6415
G01 X26.3656Y13.6999
G01 X26.2929Y13.7659
G01 X26.2270Y13.8386
G01 X26.1685Y13.9174
G01 X26.1181Y14.0016
G01 X26.0761Y14.0903
G01 X26.0431Y14.1827
G01 X26.0192Y14.2779
G01 X26.0048Y14.3749
G01 X26.0000Y14.4730
G01 X26.0048Y14.5710
G01 X26.0192Y14.6681
G01 X26.0431Y14.7632
G01 X26.0761Y14.8556
G01 X26.1181Y14.9444
G01 X26.1685Y15.0285
G01 X26.2270Y15.1074
G01 X26.2929Y15.1801
G01 X26.3656Y15.2460
G01 X26.4444Y15.3044
G01 X26.5286Y15.3549
G01 X26.6173Y15.3968
G01 X26.7097Y15.4299
G01 X26.8049Y15.4537
G01 X26.9020Y15.4681
G01 X27.0000Y15.4730
G01 X27.0980Y15.4681
G01 X27.1951Y15.4537
G01 X27.2903Y15.4299
G01 X27.3827Y15.3968
G01 X27.4714Y15.3549
G01 X27.5556Y15.3044
G01 X27.6344Y15.2460
G01 X27.7071Y15.1801
G01 X27.7730Y15.1074
G01 X27.8315Y15.0285
G01 X27.8819Y14.9444
G01 X27.9239Y14.8556
G01 X27.9569Y14.7632
G01 X27.9808Y14.6681
G01 X27.9952Y14.5710
G01 X28.0000Y14.4730
G01 X27.6000Y14.4730
G01 X27.5971Y14.4141
G01 X27.5885Y14.3559
G01 X27.5742Y14.2988
G01 X27.5543Y14.2433
G01 X27.5292Y14.1901
G01 X27.4989Y14.1396
G01 X27.4638Y14.0923
G01 X27.4243Y14.0487
G01 X27.3806Y14.0092
G01 X27.3333Y13.9741
G01 X27.2828Y13.9438
G01 X27.2296Y13.9186
G01 X27.1742Y13.8988
G01 X27.1171Y13.8845
G01 X27.0588Y13.8758
G01 X27.0000Y13.8730
G01 X26.9412Y13.8758
G01 X26.8829Y13.8845
G01 X26.8258Y13.8988
G01 X26.7704Y13.9186
G01 X26.7172Y13.9438
G01 X26.6667Y13.9741
G01 X26.6194Y14.0092
G01 X26.5757Y14.0487
G01 X26.5362Y14.0923
G01 X26.5011Y14.1396
G01 X26.4708Y14.1901
G01 X26.4457Y14.2433
G01 X26.4258Y14.2988
G01 X26.4115Y14.3559
G01 X26.4029Y14.4141
G01 X26.4000Y14.4730
G01 X26.4029Y14.5318
G01 X26.4115Y14.5900
G01 X26.4258Y14.6471
G01 X26.4457Y14.7026
G01 X26.4708Y14.7558
G01 X26.5011Y14.8063
G01 X26.5362Y14.8536
G01 X26.5757Y14.8972
G01 X26.6194Y14.9368
G01 X26.6667Y14.9718
G01 X26.7172Y15.0021
G01 X26.7704Y15.0273
G01 X26.8258Y15.0471
G01 X26.8829Y15.0614
G01 X26.9412Y15.0701
G01 X27.0000Y15.0730
G01 X27.0588Y15.0701
G01 X27.1171Y15.0614
G01 X27.1742Y15.0471
G01 X27.2296Y15.0273
G01 X27.2828Y15.0021
G01 X27.3333Y14.9718
G01 X27.3806Y14.9368
G01 X27.4243Y14.8972
G01 X27.4638Y14.8536
G01 X27.4989Y14.8063
G01 X27.5292Y14.7558
G01 X27.5543Y14.7026
G01 X27.5742Y14.6471
G01 X27.5885Y14.5900
G01 X27.5971Y14.5318
G01 X27.6000Y14.4730
G01 X27.2000Y14.4730
G01 X27.1990Y14.4534
G01 X27.1962Y14.4339
G01 X27.1914Y14.4149
G01 X27.1848Y14.3964
G01 X27.1764Y14.3787
G01 X27.1663Y14.3618
G01 X27.1546Y14.3461
G01 X27.1414Y14.3315
G01 X27.1269Y14.3184
G01 X27.1111Y14.3067
G01 X27.0943Y14.2966
G01 X27.0765Y14.2882
G01 X27.0581Y14.2816
G01 X27.0390Y14.2768
G01 X27.0196Y14.2739
G01 X27.0000Y14.2730
G01 X26.9804Y14.2739
G01 X26.9610Y14.2768
G01 X26.9419Y14.2816
G01 X26.9235Y14.2882
G01 X26.9057Y14.2966
G01 X26.8889Y14.3067
G01 X26.8731Y14.3184
G01 X26.8586Y14.3315
G01 X26.8454Y14.3461
G01 X26.8337Y14.3618
G01 X26.8236Y14.3787
G01 X26.8152Y14.3964
G01 X26.8086Y14.4149
G01 X26.8038Y14.4339
G01 X26.8010Y14.4534
G01 X26.8000Y14.4730
G01 X26.8010Y14.4926
G01 X26.8038Y14.5120
G01 X26.8086Y14.5310
G01 X26.8152Y14.5495
G01 X26.8236Y14.5672
G01 X26.8337Y14.5841
G01 X26.8454Y14.5998
G01 X26.8586Y14.6144
G01 X26.8731Y14.6276
G01 X26.8889Y14.6393
G01 X26.9057Y14.6493
G01 X26.9235Y14.6577
G01 X26.9419Y14.6643
G01 X26.9610Y14.6691
G01 X26.9804Y14.6720
G01 X27.0000Y14.6730
G01 X27.0196Y14.6720
G01 X27.0390Y14.6691
G01 X27.0581Y14.6643
G01 X27.0765Y14.6577
G01 X27.0943Y14.6493
G01 X27.1111Y14.6393
G01 X27.1269Y14.6276
G01 X27.1414Y14.6144
G01 X27.1546Y14.5998
G01 X27.1663Y14.5841
G01 X27.1764Y14.5672
G01 X27.1848Y14.5495
G01 X27.1914Y14.5310
G01 X27.1962Y14.5120
G01 X27.1990Y14.4926
G01 X27.2000Y14.4730
G00 Z20.0000
G00 X14.1495Y13.5804
G01 Z20.0000
G01 X14.1495Y13.6196
G01 X14.1432Y13.7421
G01 X14.1404Y13.7665
G01 X14.1221Y13.8878
G01 X14.1169Y13.9118
G01 X14.0868Y14.0307
G01 X14.0793Y14.0541
G01 X14.0376Y14.1695
G01 X14.0279Y14.1920
G01 X13.9751Y14.3027
G01 X13.9632Y14.3242
G01 X13.8999Y14.4292
G01 X13.8859Y14.4494
G01 X13.8126Y14.5478
G01 X13.7967Y14.5665
G01 X13.7141Y14.6571
G01 X13.6964Y14.6742
G01 X13.6053Y14.7564
G01 X13.5861Y14.7716
G01 X13.4874Y14.8444
G01 X13.4668Y14.8577
G01 X13.3614Y14.9205
G01 X13.3396Y14.9317
G01 X13.2285Y14.9839
G01 X13.2057Y14.9929
G01 X13.0901Y15.0339
G01 X13.0665Y15.0406
G01 X12.9474Y15.0702
G01 X12.9233Y15.0745
G01 X12.8019Y15.0922
G01 X12.7774Y15.0942
G01 X12.6500Y15.1000
G01 X11.3500Y15.1000
G01 X11.2079Y15.0932
G01 X11.1835Y15.0904
G01 X11.0622Y15.0721
G01 X11.0382Y15.0669
G01 X10.9193Y15.0368
G01 X10.8959Y15.0293
G01 X10.7805Y14.9876
G01 X10.7580Y14.9779
G01 X10.6473Y14.9251
G01 X10.6258Y14.9132
G01 X10.5332Y14.8577
G01 X10.5006Y14.8359
G01 X10.4139Y14.7716
G01 X10.3947Y14.7564
G01 X10.3036Y14.6742
G01 X10.2758Y14.6464
G01 X10.2033Y14.5665
G01 X10.1874Y14.5478
G01 X10.1141Y14.4494
G01 X10.0923Y14.4168
G01 X10.0295Y14.3114
G01 X10.0183Y14.2896
G01 X9.9721Y14.1920
G01 X9.9571Y14.1557
G01 X9.9207Y14.0541
G01 X9.9132Y14.0307
G01 X9.8831Y13.9118
G01 X9.8755Y13.8733
G01 X9.8596Y13.7665
G01 X9.8568Y13.7421
G01 X9.8501Y13.6049
G01 X9.8505Y13.5804
G01 X9.8568Y13.4579
G01 X9.8596Y13.4335
G01 X9.8779Y13.3122
G01 X9.8831Y13.2882
G01 X9.9132Y13.1693
G01 X9.9207Y13.1459
G01 X9.9624Y13.0305
G01 X9.9721Y13.0080
G01 X10.0249Y12.8973
G01 X10.0368Y12.8758
G01 X10.1001Y12.7708
G01 X10.1141Y12.7506
G01 X10.1874Y12.6522
G01 X10.2033Y12.6335
G01 X10.2859Y12.5429
G01 X10.3036Y12.5258
G01 X10.3947Y12.4436
G01 X10.4139Y12.4284
G01 X10.5126Y12.3556
G01 X10.5332Y12.3423
G01 X10.6386Y12.2795
G01 X10.6604Y12.2683
G01 X10.7715Y12.2161
G01 X10.7943Y12.2071
G01 X10.9099Y12.1661
G01 X10.9335Y12.1594
G01 X11.0526Y12.1298
G01 X11.0767Y12.1255
G01 X11.1981Y12.1078
G01 X11.2226Y12.1058
G01 X11.3500Y12.1000
G01 X12.6500Y12.1000
G01 X12.7921Y12.1068
G01 X12.8165Y12.1096
G01 X12.9378Y12.1279
G01 X12.9618Y12.1331
G01 X13.0807Y12.1632
G01 X13.1041Y12.1707
G01 X13.2195Y12.2124
G01 X13.2420Y12.2221
G01 X13.3527Y12.2749
G01 X13.3742Y12.2868
G01 X13.4668Y12.3423
G01 X13.4994Y12.3641
G01 X13.5861Y12.4284
G01 X13.6053Y12.4436
G01 X13.6964Y12.5258
G01 X13.7242Y12.5536
G01 X13.7967Y12.6335
G01 X13.8126Y12.6522
G01 X13.8859Y12.7506
G01 X13.9077Y12.7832
G01 X13.9705Y12.8886
G01 X13.9817Y12.9104
G01 X14.0279Y13.0080
G01 X14.0429Y13.0443
G01 X14.0793Y13.1459
G01 X14.0868Y13.1693
G01 X14.1169Y13.2882
G01 X14.1245Y13.3267
G01 X14.1404Y13.4335
G01 X14.1432Y13.4579
G01 X14.1495Y13.5804
G00 Z20.0000
G00 X6.1892Y9.5876
G01 Z20.0000
G01 X6.5215Y8.2609
G01 X7.2290Y6.2835
G01 X8.1269Y4.3851
G01 X9.2066Y2.5838
G01 X10.4576Y0.8969
G01 X11.8679Y-0.6591
G01 X13.4240Y-2.0695
G01 X15.1108Y-3.3205
G01 X15.2435Y-3.4000
G01 X14.5473Y-3.4000
G01 X13.1702Y-2.3787
G01 X11.5851Y-0.9420
G01 X10.1484Y0.6432
G01 X8.8740Y2.3615
G01 X7.7741Y4.1965
G01 X6.8594Y6.1305
G01 X6.1387Y8.1448
G01 X5.8569Y9.2697
G00 Z20.0000
G00 X5.4915Y9.0842
G01 Z20.0000
G01 X5.7559Y8.0286
G01 X6.4899Y5.9774
G01 X7.4213Y4.0080
G01 X8.5414Y2.1393
G01 X9.8392Y0.3894
G01 X11.3022Y-1.2248
G01 X12.9165Y-2.6879
G01 X13.8767Y-3.4000
G01 X13.2060Y-3.4000
G01 X12.6627Y-2.9971
G01 X11.0194Y-1.5077
G01 X9.5300Y0.1357
G01 X8.2088Y1.9171
G01 X7.0686Y3.8194
G01 X6.4511Y5.1250
G00 Z20.0000
G00 X6.2344Y4.6486
G01 Z20.0000
G01 X6.7158Y3.6308
G01 X7.8762Y1.6948
G01 X9.2208Y-0.1181
G01 X10.7365Y-1.7905
G01 X12.4090Y-3.3063
G01 X12.5353Y-3.4000
G01 X11.9174Y-3.4000
G01 X10.4537Y-2.0733
G01 X8.9116Y-0.3718
G01 X7.5436Y1.4726
G01 X6.3630Y3.4423
G01 X5.9419Y4.3328
G00 Z20.0000
G00 X5.5982Y4.1251
G01 Z20.0000
G01 X6.0103Y3.2537
G01 X7.2110Y1.2504
G01 X8.6024Y-0.6256
G01 X10.1709Y-2.3562
G01 X11.3225Y-3.4000
G01 X10.7276Y-3.4000
G01 X9.8880Y-2.6390
G01 X8.2931Y-0.8794
G01 X6.8784Y1.0282
G01 X5.6575Y3.0652
G01 X5.2079Y4.0158
G00 Z20.0000
G00 X4.7640Y4.0199
G01 Z20.0000
G01 X5.3047Y2.8766
G01 X6.5458Y0.8059
G01 X7.9839Y-1.1331
G01 X9.6052Y-2.9219
G01 X10.1327Y-3.4000
G01 X9.5378Y-3.4000
G01 X9.3223Y-3.2047
G01 X7.6747Y-1.3869
G01 X6.2133Y0.5837
G01 X4.9520Y2.6880
G01 X4.2302Y4.2142
G00 Z20.0000
G00 X4.8536Y6.9928
G01 Z20.0000
G01 X4.6076Y7.6803
G01 X4.2222Y9.2189
G00 Z20.0000
G00 X4.6801Y9.0352
G01 Z20.0000
G01 X4.9904Y7.7964
G01 X5.2852Y6.9725
G00 Z20.0000
G00 X5.7780Y6.7809
G01 Z20.0000
G01 X5.3731Y7.9125
G01 X5.0996Y9.0044
G00 Z20.0000
G00 X44.1495Y13.5804
G01 Z20.0000
G01 X44.1495Y13.6196
G01 X44.1432Y13.7421
G01 X44.1404Y13.7665
G01 X44.1221Y13.8878
G01 X44.1169Y13.9118
G01 X44.0868Y14.0307
G01 X44.0793Y14.0541
G01 X44.0376Y14.1695
G01 X44.0279Y14.1920
G01 X43.9751Y14.3027
G01 X43.9632Y14.3242
G01 X43.8999Y14.4292
G01 X43.8859Y14.4494
G01 X43.8126Y14.5478
G01 X43.7967Y14.5665
G01 X43.7141Y14.6571
G01 X43.6964Y14.6742
G01 X43.6053Y14.7564
G01 X43.5861Y14.7716
G01 X43.4874Y14.8444
G01 X43.4668Y14.8577
G01 X43.3614Y14.9205
G01 X43.3396Y14.9317
G01 X43.2285Y14.9839
G01 X43.2057Y14.9929
G01 X43.0901Y15.0339
G01 X43.0665Y15.0406
G01 X42.9474Y15.0702
G01 X42.9233Y15.0745
G01 X42.8019Y15.0922
G01 X42.7774Y15.0942
G01 X42.6500Y15.1000
G01 X41.3500Y15.1000
G01 X41.2079Y15.0932
G01 X41.1835Y15.0904
G01 X41.0622Y15.0721
G01 X41.0382Y15.0669
G01 X40.9193Y15.0368
G01 X40.8959Y15.0293
G01 X40.7805Y14.9876
G01 X40.7580Y14.9779
G01 X40.6473Y14.9251
G01 X40.6258Y14.9132
G01 X40.5332Y14.8577
G01 X40.5006Y14.8359
G01 X40.4139Y14.7716
G01 X40.3947Y14.7564
G01 X40.3036Y14.6742
G01 X40.2758Y14.6464
G01 X40.2033Y14.5665
G01 X40.1874Y14.5478
G01 X40.1141Y14.4494
G01 X40.0923Y14.4168
G01 X40.0295Y14.3114
G01 X40.0183Y14.2896
G01 X39.9721Y14.1920
G01 X39.9571Y14.1557
G01 X39.9207Y14.0541
G01 X39.9132Y14.0307
G01 X39.8831Y13.9118
G01 X39.8755Y13.8733
G01 X39.8596Y13.7665
G01 X39.8568Y13.7421
G01 X39.8501Y13.6049
G01 X39.8505Y13.5804
G01 X39.8568Y13.4579
G01 X39.8596Y13.4335
G01 X39.8779Y13.3122
G01 X39.8831Y13.2882
G01 X39.9132Y13.1693
G01 X39.9207Y13.1459
G01 X39.9624Y13.0305
G01 X39.9721Y13.0080
G01 X40.0249Y12.8973
G01 X40.0368Y12.8758
G01 X40.1001Y12.7708
G01 X40.1141Y12.7506
G01 X40.1874Y12.6522
G01 X40.2033Y12.6335
G01 X40.2859Y12.5429
G01 X40.3036Y12.5258
G01 X40.3947Y12.4436
G01 X40.4139Y12.4284
G01 X40.5126Y12.3556
G01 X40.5332Y12.3423
G01 X40.6386Y12.2795
G01 X40.6604Y12.2683
G01 X40.7715Y12.2161
G01 X40.7943Y12.2071
G01 X40.9099Y12.1661
G01 X40.9335Y12.1594
G01 X41.0526Y12.1298
G01 X41.0767Y12.1255
G01 X41.1981Y12.1078
G01 X41.2226Y12.1058
G01 X41.3500Y12.1000
G01 X42.6500Y12.1000
G01 X42.7921Y12.1068
G01 X42.8165Y12.1096
G01 X42.9378Y12.1279
G01 X42.9618Y12.1331
G01 X43.0807Y12.1632
G01 X43.1041Y12.1707
G01 X43.2195Y12.2124
G01 X43.2420Y12.2221
G01 X43.3527Y12.2749
G01 X43.3742Y12.2868
G01 X43.4668Y12.3423
G01 X43.4994Y12.3641
G01 X43.5861Y12.4284
G01 X43.6053Y12.4436
G01 X43.6964Y12.5258
G01 X43.7242Y12.5536
G01 X43.7967Y12.6335
G01 X43.8126Y12.6522
G01 X43.8859Y12.7506
G01 X43.9077Y12.7832
G01 X43.9705Y12.8886
G01 X43.9817Y12.9104
G01 X44.0279Y13.0080
G01 X44.0429Y13.0443
G01 X44.0793Y13.1459
G01 X44.0868Y13.1693
G01 X44.1169Y13.2882
G01 X44.1245Y13.3267
G01 X44.1404Y13.4335
G01 X44.1432Y13.4579
G01 X44.1495Y13.5804
G00 Z20.0000
G00 Z20.0000
G00 X0Y0
M05
G0 Z20
G0 X0 Y25