G0 Z20
G21
G90
G94
F400.00
G00 Z20.0000
M04 S60
G4 P1
G00 X0.1114Y-0.8500
G01 Z20.0000
G01 X-0.4214Y2.7417
G01 X-0.6500Y7.3957
G01 X2.1270Y7.8635
G01 X2.2812Y4.7260
G00 Z20.0000
G00 X2.6666Y5.0227
G01 Z20.0000
G01 X2.5474Y7.4489
G00 Z20.0000
G00 X2.9569Y7.2563
G01 Z20.0000
G01 X3.0593Y5.1699
G00 Z20.0000
G00 X3.4574Y5.2100
G01 Z20.0000
G01 X3.3600Y7.1917
G00 Z20.0000
G00 X3.3952Y7.1901
G01 Z20.0000
G01 X4.6824Y7.1901
G01 X4.8073Y7.1960
G01 X4.8318Y7.1980
G01 X4.9580Y7.2164
G01 X4.9918Y7.2230
G01 X5.1060Y7.2515
G01 X5.1296Y7.2582
G01 X5.2636Y7.3062
G01 X5.2861Y7.3159
G01 X5.4013Y7.3708
G01 X5.4227Y7.3827
G01 X5.5195Y7.4407
G01 X5.5522Y7.4625
G01 X5.6467Y7.5327
G01 X5.6732Y7.5547
G01 X5.7568Y7.6304
G01 X5.7744Y7.6475
G01 X5.8700Y7.7529
G01 X5.8852Y7.7722
G01 X5.9610Y7.8748
G01 X5.9743Y7.8955
G01 X6.0396Y8.0050
G01 X6.0508Y8.0269
G01 X6.1051Y8.1423
G01 X6.1141Y8.1652
G01 X6.1568Y8.2854
G01 X6.1635Y8.3090
G01 X6.1942Y8.4328
G01 X6.1986Y8.4570
G01 X6.2170Y8.5832
G01 X6.2190Y8.6077
G01 X6.2249Y8.7351
G01 X6.2245Y8.7596
G01 X6.2180Y8.8870
G01 X6.2151Y8.9114
G01 X6.1961Y9.0376
G01 X6.1909Y9.0615
G01 X6.1596Y9.1852
G01 X6.1521Y9.2086
G01 X6.1088Y9.3286
G01 X6.0991Y9.3511
G01 X6.0442Y9.4663
G01 X6.0323Y9.4877
G01 X5.9665Y9.5970
G01 X5.9525Y9.6172
G01 X5.8762Y9.7195
G01 X5.8603Y9.7382
G01 X5.7744Y9.8325
G01 X5.7568Y9.8496
G01 X5.6621Y9.9350
G01 X5.6428Y9.9502
G01 X5.5522Y10.0175
G01 X5.5195Y10.0393
G01 X5.4227Y10.0973
G01 X5.4013Y10.1092
G01 X5.2727Y10.1701
G01 X5.2498Y10.1791
G01 X5.1436Y10.2171
G01 X5.1060Y10.2285
G01 X4.9965Y10.2559
G01 X4.9726Y10.2611
G01 X4.8464Y10.2801
G01 X4.8073Y10.2840
G01 X4.6750Y10.2900
G01 X3.4050Y10.2900
G01 X3.2727Y10.2840
G01 X3.2336Y10.2801
G01 X3.1074Y10.2611
G01 X3.0835Y10.2559
G01 X2.9598Y10.2246
G01 X2.9364Y10.2171
G01 X2.8164Y10.1738
G01 X2.7939Y10.1641
G01 X2.6787Y10.1092
G01 X2.6573Y10.0973
G01 X2.5480Y10.0315
G01 X2.5278Y10.0175
G01 X2.4255Y9.9412
G01 X2.4068Y9.9253
G01 X2.3125Y9.8394
G01 X2.2954Y9.8218
G01 X2.2100Y9.7271
G01 X2.1948Y9.7078
G01 X2.1275Y9.6172
G01 X2.1057Y9.5845
G01 X2.0477Y9.4877
G01 X2.0358Y9.4663
G01 X1.9749Y9.3377
G01 X1.9659Y9.3148
G01 X1.9279Y9.2086
G01 X1.9165Y9.1710
G01 X1.8858Y9.0472
G01 X1.8814Y9.0230
G01 X1.8649Y8.9114
G01 X1.8610Y8.8723
G01 X1.8555Y8.7596
G01 X1.8551Y8.7351
G01 X1.8610Y8.6077
G01 X1.8649Y8.5686
G01 X1.8814Y8.4570
G01 X1.8858Y8.4328
G01 X1.9178Y8.3042
G01 X1.9279Y8.2714
G01 X1.9659Y8.1652
G01 X1.9809Y8.1289
G01 X2.0358Y8.0137
G01 X2.0477Y7.9923
G01 X2.1057Y7.8955
G01 X2.1275Y7.8628
G01 X2.1948Y7.7722
G01 X2.2100Y7.7529
G01 X2.3056Y7.6475
G01 X2.3232Y7.6304
G01 X2.4068Y7.5547
G01 X2.4372Y7.5298
G01 X2.5278Y7.4625
G01 X2.5480Y7.4485
G01 X2.6700Y7.3754
G01 X2.6919Y7.3642
G01 X2.7939Y7.3159
G01 X2.8302Y7.3009
G01 X2.9504Y7.2582
G01 X2.9740Y7.2515
G01 X3.0835Y7.2241
G01 X3.1220Y7.2164
G01 X3.2336Y7.1999
G01 X3.2580Y7.1970
G01 X3.3952Y7.1901
G00 Z20.0000
G00 X3.7601Y7.1900
G01 Z20.0000
G01 X3.8574Y5.2100
G01 X4.2574Y5.2100
G01 X4.1601Y7.1900
G01 X4.5601Y7.1900
G01 X4.6574Y5.2100
G00 Z20.0000
G00 X5.0598Y5.1601
G01 Z20.0000
G01 X4.9588Y7.2165
G00 Z20.0000
G00 X5.3524Y7.3473
G01 Z20.0000
G01 X5.4682Y4.9901
G00 Z20.0000
G00 X5.8860Y4.6268
G01 Z20.0000
G01 X5.7392Y7.6145
G00 Z20.0000
G00 X6.1124Y8.1607
G01 Z20.0000
G01 X6.3459Y3.4082
G01 X6.9775Y-0.8500
G01 X7.3814Y-0.8500
G01 X6.7440Y3.4474
G01 X6.3000Y12.4846
G01 X6.3595Y13.6948
G00 Z20.0000
G00 X6.7585Y13.6750
G01 Z20.0000
G01 X6.7000Y12.4846
G01 X7.1420Y3.4866
G01 X7.7853Y-0.8500
G01 X8.1892Y-0.8500
G01 X7.5401Y3.5258
G01 X7.1000Y12.4846
G01 X7.1585Y13.6750
G00 Z20.0000
G00 X7.5586Y13.6778
G01 Z20.0000
G01 X7.5000Y12.4846
G01 X7.9382Y3.5650
G01 X8.5931Y-0.8500
G01 X8.9970Y-0.8500
G01 X8.3363Y3.6042
G01 X7.9000Y12.4846
G01 X7.9675Y13.8591
G01 X9.1628Y13.7627
G01 X9.1000Y12.4846
G01 X9.5305Y3.7218
G01 X10.2087Y-0.8500
G01 X10.6125Y-0.8500
G01 X9.9286Y3.7611
G01 X9.5000Y12.4846
G01 X9.5585Y13.6750
G01 X9.9585Y13.6750
G01 X9.9000Y12.4846
G01 X10.3266Y3.8003
G01 X11.0164Y-0.8500
G01 X11.4203Y-0.8500
G01 X10.7247Y3.8395
G01 X10.3000Y12.4846
G01 X10.3585Y13.6750
G00 Z20.0000
G00 X10.7615Y13.7365
G01 Z20.0000
G01 X10.7000Y12.4846
G01 X10.8594Y9.2406
G00 Z20.0000
G00 X11.2301Y9.8370
G01 Z20.0000
G01 X11.1000Y12.4846
G01 X11.3071Y16.7000
G01 X11.7071Y16.7000
G01 X11.5000Y12.4846
G01 X11.6163Y10.1179
G00 Z20.0000
G00 X12.0094Y10.2573
G01 Z20.0000
G01 X11.9000Y12.4846
G01 X12.1071Y16.7000
G01 X12.5071Y16.7000
G01 X12.3000Y12.4846
G01 X12.4078Y10.2900
G01 X12.8078Y10.2900
G01 X12.7000Y12.4846
G01 X12.9071Y16.7000
G00 Z20.0000
G00 X13.3146Y16.8532
G01 Z20.0000
G01 X13.1000Y12.4846
G01 X13.2078Y10.2900
G00 Z20.0000
G00 X13.6078Y10.2898
G01 Z20.0000
G01 X13.5000Y12.4846
G01 X13.9093Y20.8160
G01 X14.6412Y25.7500
G01 X14.2373Y25.7500
G01 X13.5112Y20.8552
G01 X13.4000Y18.5912
G00 Z20.0000
G00 X13.0249Y19.0991
G01 Z20.0000
G01 X13.0646Y19.9054
G00 Z20.0000
G00 X12.6643Y19.9000
G01 Z20.0000
G01 X12.6250Y19.1000
G01 X12.2250Y19.1000
G01 X12.2643Y19.9000
G01 X11.8643Y19.9000
G01 X11.8250Y19.1000
G01 X11.4250Y19.1000
G01 X11.4643Y19.9000
G01 X11.0643Y19.9000
G01 X11.0250Y19.1000
G01 X10.6250Y19.1000
G01 X10.6643Y19.9000
G01 X10.2643Y19.9000
G01 X10.2250Y19.1000
G00 Z20.0000
G00 X9.8246Y19.0926
G01 Z20.0000
G01 X9.8644Y19.9018
G00 Z20.0000
G00 X9.5005Y20.2804
G01 Z20.0000
G01 X9.5031Y20.2511
G01 X9.5098Y20.2124
G01 X9.5203Y20.1746
G01 X9.5344Y20.1380
G01 X9.5521Y20.1029
G01 X9.5731Y20.0697
G01 X9.5972Y20.0388
G01 X9.6104Y20.0243
G01 X9.6388Y19.9972
G01 X9.6697Y19.9731
G01 X9.7029Y19.9521
G01 X9.7379Y19.9344
G01 X9.7561Y19.9269
G01 X9.7933Y19.9146
G01 X9.8316Y19.9060
G01 X9.8706Y19.9012
G01 X9.9000Y19.9000
G01 X13.0000Y19.9000
G01 X13.0294Y19.9012
G01 X13.0490Y19.9031
G01 X13.0876Y19.9098
G01 X13.1254Y19.9203
G01 X13.1621Y19.9344
G01 X13.1798Y19.9428
G01 X13.2139Y19.9622
G01 X13.2460Y19.9848
G01 X13.2612Y19.9972
G01 X13.2896Y20.0243
G01 X13.3028Y20.0388
G01 X13.3269Y20.0697
G01 X13.3479Y20.1029
G01 X13.3572Y20.1202
G01 X13.3731Y20.1561
G01 X13.3797Y20.1746
G01 X13.3902Y20.2124
G01 X13.3940Y20.2316
G01 X13.3988Y20.2706
G01 X13.4000Y20.3000
G01 X13.3999Y21.9049
G01 X13.3988Y21.9294
G01 X13.3969Y21.9489
G01 X13.3902Y21.9876
G01 X13.3797Y22.0254
G01 X13.3656Y22.0620
G01 X13.3479Y22.0971
G01 X13.3378Y22.1139
G01 X13.3269Y22.1303
G01 X13.3028Y22.1612
G01 X13.2896Y22.1757
G01 X13.2612Y22.2028
G01 X13.2303Y22.2269
G01 X13.2139Y22.2378
G01 X13.1798Y22.2572
G01 X13.1621Y22.2656
G01 X13.1254Y22.2797
G01 X13.0876Y22.2902
G01 X13.0684Y22.2940
G01 X13.0490Y22.2969
G01 X13.0147Y22.2997
G01 X9.9000Y22.3000
G01 X9.8706Y22.2988
G01 X9.8510Y22.2969
G01 X9.8124Y22.2902
G01 X9.7746Y22.2797
G01 X9.7379Y22.2656
G01 X9.7202Y22.2572
G01 X9.6861Y22.2378
G01 X9.6540Y22.2152
G01 X9.6388Y22.2028
G01 X9.6104Y22.1757
G01 X9.5972Y22.1612
G01 X9.5731Y22.1303
G01 X9.5521Y22.0971
G01 X9.5428Y22.0798
G01 X9.5269Y22.0439
G01 X9.5146Y22.0067
G01 X9.5060Y21.9684
G01 X9.5031Y21.9489
G01 X9.5012Y21.9294
G01 X9.5000Y21.9000
G01 X9.5005Y20.2804
G00 Z20.0000
G00 X9.5000Y20.6268
G01 Z20.0000
G01 X9.2871Y16.2924
G00 Z20.0000
G00 X9.6887Y16.3250
G01 Z20.0000
G01 X9.7095Y16.7486
G00 Z20.0000
G00 X9.5005Y17.0804
G01 Z20.0000
G01 X9.5031Y17.0511
G01 X9.5098Y17.0124
G01 X9.5203Y16.9746
G01 X9.5344Y16.9380
G01 X9.5521Y16.9029
G01 X9.5731Y16.8697
G01 X9.5972Y16.8388
G01 X9.6104Y16.8243
G01 X9.6388Y16.7972
G01 X9.6697Y16.7731
G01 X9.7029Y16.7521
G01 X9.7379Y16.7344
G01 X9.7561Y16.7269
G01 X9.7933Y16.7146
G01 X9.8316Y16.7060
G01 X9.8706Y16.7012
G01 X9.9000Y16.7000
G01 X13.0000Y16.7000
G01 X13.0294Y16.7012
G01 X13.0490Y16.7031
G01 X13.0876Y16.7098
G01 X13.1254Y16.7203
G01 X13.1621Y16.7344
G01 X13.1798Y16.7428
G01 X13.2139Y16.7622
G01 X13.2460Y16.7848
G01 X13.2612Y16.7972
G01 X13.2896Y16.8243
G01 X13.3028Y16.8388
G01 X13.3269Y16.8697
G01 X13.3479Y16.9029
G01 X13.3572Y16.9202
G01 X13.3731Y16.9561
G01 X13.3797Y16.9746
G01 X13.3902Y17.0124
G01 X13.3940Y17.0316
G01 X13.3988Y17.0706
G01 X13.4000Y17.1000
G01 X13.3999Y18.7049
G01 X13.3988Y18.7294
G01 X13.3969Y18.7489
G01 X13.3902Y18.7876
G01 X13.3797Y18.8254
G01 X13.3656Y18.8620
G01 X13.3479Y18.8971
G01 X13.3378Y18.9139
G01 X13.3269Y18.9303
G01 X13.3028Y18.9612
G01 X13.2896Y18.9757
G01 X13.2612Y19.0028
G01 X13.2303Y19.0269
G01 X13.2139Y19.0378
G01 X13.1798Y19.0572
G01 X13.1621Y19.0656
G01 X13.1254Y19.0797
G01 X13.0876Y19.0902
G01 X13.0684Y19.0940
G01 X13.0490Y19.0969
G01 X13.0147Y19.0997
G01 X9.9000Y19.1000
G01 X9.8706Y19.0988
G01 X9.8510Y19.0969
G01 X9.8124Y19.0902
G01 X9.7746Y19.0797
G01 X9.7379Y19.0656
G01 X9.7202Y19.0572
G01 X9.6861Y19.0378
G01 X9.6540Y19.0152
G01 X9.6388Y19.0028
G01 X9.6104Y18.9757
G01 X9.5972Y18.9612
G01 X9.5731Y18.9303
G01 X9.5521Y18.8971
G01 X9.5428Y18.8798
G01 X9.5269Y18.8439
G01 X9.5146Y18.8067
G01 X9.5060Y18.7684
G01 X9.5031Y18.7489
G01 X9.5012Y18.7294
G01 X9.5000Y18.7000
G01 X9.5005Y17.0804
G00 Z20.0000
G00 X10.1071Y16.7000
G01 Z20.0000
G01 X10.0887Y16.3250
G00 Z20.0000
G00 X10.4887Y16.3249
G01 Z20.0000
G01 X10.5071Y16.7000
G01 X10.9071Y16.7000
G01 X10.8821Y16.1920
G00 Z20.0000
G00 X8.8673Y15.8901
G01 Z20.0000
G01 X9.1324Y21.2865
G01 X9.7945Y25.7500
G01 X9.3906Y25.7500
G01 X8.7343Y21.3257
G01 X8.3000Y12.4846
G01 X8.7343Y3.6434
G01 X9.4009Y-0.8500
G01 X9.8048Y-0.8500
G01 X9.1324Y3.6826
G01 X8.7000Y12.4846
G01 X8.8250Y15.0290
G00 Z20.0000
G00 X8.8252Y15.6706
G01 Z20.0000
G01 X8.8250Y14.3425
G01 X8.8262Y14.3112
G01 X8.8299Y14.2654
G01 X8.8321Y14.2459
G01 X8.8368Y14.2188
G01 X8.8491Y14.1665
G01 X8.8602Y14.1288
G01 X8.8685Y14.1068
G01 X8.8893Y14.0572
G01 X8.9071Y14.0222
G01 X8.9350Y13.9763
G01 X8.9480Y13.9566
G01 X8.9644Y13.9346
G01 X8.9992Y13.8936
G01 X9.0151Y13.8762
G01 X9.0348Y13.8570
G01 X9.0846Y13.8144
G01 X9.1163Y13.7914
G01 X9.1722Y13.7571
G01 X9.2072Y13.7393
G01 X9.2568Y13.7185
G01 X9.2938Y13.7054
G01 X9.3165Y13.6991
G01 X9.3688Y13.6868
G01 X9.3959Y13.6821
G01 X9.4154Y13.6799
G01 X9.4651Y13.6760
G01 X9.4925Y13.6750
G01 X10.4825Y13.6750
G01 X10.5099Y13.6760
G01 X10.5674Y13.6806
G01 X10.5946Y13.6846
G01 X10.6177Y13.6893
G01 X10.6699Y13.7021
G01 X10.6962Y13.7102
G01 X10.7182Y13.7185
G01 X10.7678Y13.7393
G01 X10.7924Y13.7515
G01 X10.8129Y13.7631
G01 X10.8587Y13.7914
G01 X10.8811Y13.8072
G01 X10.8995Y13.8219
G01 X10.9402Y13.8570
G01 X10.9599Y13.8762
G01 X10.9758Y13.8936
G01 X11.0106Y13.9346
G01 X11.0336Y13.9663
G01 X11.0679Y14.0222
G01 X11.0857Y14.0572
G01 X11.1065Y14.1068
G01 X11.1196Y14.1438
G01 X11.1259Y14.1665
G01 X11.1382Y14.2188
G01 X11.1429Y14.2459
G01 X11.1455Y14.2693
G01 X11.1490Y14.3151
G01 X11.1500Y14.3425
G01 X11.1500Y15.6575
G01 X11.1490Y15.6849
G01 X11.1444Y15.7424
G01 X11.1404Y15.7696
G01 X11.1357Y15.7927
G01 X11.1229Y15.8449
G01 X11.1148Y15.8712
G01 X11.1065Y15.8932
G01 X11.0857Y15.9428
G01 X11.0735Y15.9674
G01 X11.0619Y15.9879
G01 X11.0379Y16.0270
G01 X11.0270Y16.0434
G01 X11.0106Y16.0654
G01 X10.9732Y16.1094
G01 X10.9488Y16.1349
G01 X10.9344Y16.1482
G01 X10.8904Y16.1856
G01 X10.8684Y16.2020
G01 X10.8520Y16.2129
G01 X10.8129Y16.2369
G01 X10.7924Y16.2485
G01 X10.7606Y16.2639
G01 X10.7146Y16.2829
G01 X10.6962Y16.2898
G01 X10.6623Y16.2999
G01 X10.6139Y16.3115
G01 X10.5946Y16.3154
G01 X10.5674Y16.3194
G01 X10.5093Y16.3241
G01 X10.4825Y16.3250
G01 X9.4808Y16.3248
G01 X9.4193Y16.3205
G01 X9.3959Y16.3179
G01 X9.3688Y16.3132
G01 X9.3127Y16.2999
G01 X9.2938Y16.2946
G01 X9.2678Y16.2858
G01 X9.2072Y16.2607
G01 X9.1722Y16.2429
G01 X9.1163Y16.2086
G01 X9.0846Y16.1856
G01 X9.0436Y16.1508
G01 X9.0262Y16.1349
G01 X9.0018Y16.1094
G01 X8.9644Y16.0654
G01 X8.9414Y16.0337
G01 X8.9131Y15.9879
G01 X8.9015Y15.9674
G01 X8.8861Y15.9356
G01 X8.8671Y15.8896
G01 X8.8602Y15.8712
G01 X8.8501Y15.8373
G01 X8.8385Y15.7889
G01 X8.8346Y15.7696
G01 X8.8299Y15.7346
G01 X8.8252Y15.6706
G01 X8.0732Y16.0103
G01 X8.3363Y21.3649
G01 X8.9867Y25.7500
G01 X8.5828Y25.7500
G01 X7.9382Y21.4041
G01 X7.6874Y16.2999
G00 Z20.0000
G00 X7.5206Y16.3248
G01 Z20.0000
G01 X6.5136Y16.3250
G01 X6.4862Y16.3238
G01 X6.4326Y16.3194
G01 X6.4054Y16.3154
G01 X6.3823Y16.3107
G01 X6.3301Y16.2979
G01 X6.3038Y16.2898
G01 X6.2818Y16.2815
G01 X6.2322Y16.2607
G01 X6.2076Y16.2485
G01 X6.1871Y16.2369
G01 X6.1413Y16.2086
G01 X6.1189Y16.1928
G01 X6.1035Y16.1806
G01 X6.0686Y16.1508
G01 X6.0512Y16.1349
G01 X6.0320Y16.1152
G01 X5.9944Y16.0715
G01 X5.9730Y16.0434
G01 X5.9621Y16.0270
G01 X5.9321Y15.9778
G01 X5.9193Y15.9534
G01 X5.9096Y15.9320
G01 X5.8892Y15.8822
G01 X5.8804Y15.8562
G01 X5.8741Y15.8335
G01 X5.8618Y15.7812
G01 X5.8571Y15.7541
G01 X5.8545Y15.7307
G01 X5.8502Y15.6692
G01 X5.8500Y14.3425
G01 X5.8512Y14.3112
G01 X5.8549Y14.2654
G01 X5.8571Y14.2459
G01 X5.8618Y14.2188
G01 X5.8751Y14.1627
G01 X5.8852Y14.1288
G01 X5.8921Y14.1104
G01 X5.9143Y14.0572
G01 X5.9265Y14.0326
G01 X5.9381Y14.0121
G01 X5.9621Y13.9730
G01 X5.9730Y13.9566
G01 X5.9944Y13.9285
G01 X6.0268Y13.8906
G01 X6.0401Y13.8762
G01 X6.0598Y13.8570
G01 X6.1005Y13.8219
G01 X6.1189Y13.8072
G01 X6.1413Y13.7914
G01 X6.1904Y13.7611
G01 X6.2216Y13.7443
G01 X6.2430Y13.7346
G01 X6.2928Y13.7142
G01 X6.3188Y13.7054
G01 X6.3415Y13.6991
G01 X6.3938Y13.6868
G01 X6.4209Y13.6821
G01 X6.4443Y13.6795
G01 X6.4979Y13.6755
G01 X7.5075Y13.6750
G01 X7.5349Y13.6760
G01 X7.5807Y13.6795
G01 X7.6196Y13.6846
G01 X7.6389Y13.6885
G01 X7.6835Y13.6991
G01 X7.7062Y13.7054
G01 X7.7322Y13.7142
G01 X7.7856Y13.7361
G01 X7.8174Y13.7515
G01 X7.8346Y13.7611
G01 X7.8837Y13.7914
G01 X7.9061Y13.8072
G01 X7.9215Y13.8194
G01 X7.9564Y13.8492
G01 X7.9738Y13.8651
G01 X7.9930Y13.8848
G01 X8.0306Y13.9285
G01 X8.0520Y13.9566
G01 X8.0629Y13.9730
G01 X8.0929Y14.0222
G01 X8.1057Y14.0466
G01 X8.1154Y14.0680
G01 X8.1358Y14.1178
G01 X8.1446Y14.1438
G01 X8.1509Y14.1665
G01 X8.1632Y14.2188
G01 X8.1679Y14.2459
G01 X8.1705Y14.2693
G01 X8.1748Y14.3308
G01 X8.1750Y15.6614
G01 X8.1738Y15.6888
G01 X8.1701Y15.7346
G01 X8.1679Y15.7541
G01 X8.1632Y15.7812
G01 X8.1499Y15.8373
G01 X8.1446Y15.8562
G01 X8.1358Y15.8822
G01 X8.1107Y15.9428
G01 X8.0929Y15.9778
G01 X8.0586Y16.0337
G01 X8.0356Y16.0654
G01 X8.0008Y16.1064
G01 X7.9849Y16.1238
G01 X7.9594Y16.1482
G01 X7.9154Y16.1856
G01 X7.8837Y16.2086
G01 X7.8379Y16.2369
G01 X7.8174Y16.2485
G01 X7.7856Y16.2639
G01 X7.7396Y16.2829
G01 X7.7212Y16.2898
G01 X7.6873Y16.2999
G01 X7.6389Y16.3115
G01 X7.6196Y16.3154
G01 X7.5846Y16.3201
G01 X7.5206Y16.3248
G00 Z20.0000
G00 X7.2887Y16.3250
G01 Z20.0000
G01 X7.3100Y16.7598
G00 Z20.0000
G00 X6.9071Y16.7000
G01 Z20.0000
G01 X6.8887Y16.3250
G00 Z20.0000
G00 X6.4886Y16.3239
G01 Z20.0000
G01 X6.5071Y16.7000
G01 X6.1071Y16.7000
G01 X6.0806Y16.1611
G01 X5.7071Y16.7000
G01 X5.5000Y12.4846
G01 X5.6238Y9.9644
G00 Z20.0000
G00 X5.2126Y10.1924
G01 Z20.0000
G01 X5.1000Y12.4846
G01 X5.3071Y16.7000
G01 X4.9071Y16.7000
G01 X4.7000Y12.4846
G01 X4.8081Y10.2839
G00 Z20.0000
G00 X4.4078Y10.2900
G01 Z20.0000
G01 X4.3000Y12.4846
G01 X4.3483Y13.4680
G00 Z20.0000
G00 X4.4499Y13.9902
G01 Z20.0000
G01 X4.4495Y14.0196
G01 X4.4434Y14.1372
G01 X4.4406Y14.1616
G01 X4.4230Y14.2781
G01 X4.4178Y14.3020
G01 X4.3889Y14.4162
G01 X4.3814Y14.4396
G01 X4.3414Y14.5503
G01 X4.3317Y14.5728
G01 X4.2810Y14.6792
G01 X4.2691Y14.7006
G01 X4.2083Y14.8015
G01 X4.1943Y14.8216
G01 X4.1239Y14.9160
G01 X4.1080Y14.9347
G01 X4.0287Y15.0218
G01 X4.0111Y15.0388
G01 X3.9236Y15.1177
G01 X3.9044Y15.1329
G01 X3.8096Y15.2029
G01 X3.7890Y15.2161
G01 X3.6878Y15.2764
G01 X3.6660Y15.2876
G01 X3.5594Y15.3377
G01 X3.5366Y15.3467
G01 X3.4256Y15.3861
G01 X3.4020Y15.3928
G01 X3.2877Y15.4211
G01 X3.2635Y15.4255
G01 X3.1470Y15.4425
G01 X3.1225Y15.4445
G01 X3.0049Y15.4499
G01 X2.9804Y15.4495
G01 X2.8628Y15.4434
G01 X2.8384Y15.4406
G01 X2.7219Y15.4230
G01 X2.6980Y15.4178
G01 X2.5838Y15.3889
G01 X2.5604Y15.3814
G01 X2.4497Y15.3414
G01 X2.4272Y15.3317
G01 X2.3208Y15.2810
G01 X2.2994Y15.2691
G01 X2.1985Y15.2083
G01 X2.1784Y15.1943
G01 X2.0840Y15.1239
G01 X2.0653Y15.1080
G01 X1.9782Y15.0287
G01 X1.9612Y15.0111
G01 X1.8823Y14.9236
G01 X1.8671Y14.9044
G01 X1.7971Y14.8096
G01 X1.7839Y14.7890
G01 X1.7236Y14.6878
G01 X1.7124Y14.6660
G01 X1.6623Y14.5594
G01 X1.6533Y14.5366
G01 X1.6139Y14.4256
G01 X1.6072Y14.4020
G01 X1.5789Y14.2877
G01 X1.5745Y14.2635
G01 X1.5575Y14.1470
G01 X1.5555Y14.1225
G01 X1.5501Y14.0049
G01 X1.5505Y13.9804
G01 X1.5566Y13.8628
G01 X1.5594Y13.8384
G01 X1.5770Y13.7219
G01 X1.5822Y13.6980
G01 X1.6111Y13.5838
G01 X1.6186Y13.5604
G01 X1.6586Y13.4497
G01 X1.6683Y13.4272
G01 X1.7190Y13.3208
G01 X1.7309Y13.2994
G01 X1.7917Y13.1985
G01 X1.8057Y13.1784
G01 X1.8761Y13.0840
G01 X1.8920Y13.0653
G01 X1.9713Y12.9782
G01 X1.9889Y12.9612
G01 X2.0764Y12.8823
G01 X2.0956Y12.8671
G01 X2.1904Y12.7971
G01 X2.2110Y12.7839
G01 X2.3122Y12.7236
G01 X2.3340Y12.7124
G01 X2.4406Y12.6623
G01 X2.4634Y12.6533
G01 X2.5744Y12.6139
G01 X2.5980Y12.6072
G01 X2.7123Y12.5789
G01 X2.7365Y12.5745
G01 X2.8530Y12.5575
G01 X2.8775Y12.5555
G01 X2.9951Y12.5501
G01 X3.0196Y12.5505
G01 X3.1372Y12.5566
G01 X3.1616Y12.5594
G01 X3.2781Y12.5770
G01 X3.3020Y12.5822
G01 X3.4162Y12.6111
G01 X3.4396Y12.6186
G01 X3.5503Y12.6586
G01 X3.5728Y12.6683
G01 X3.6792Y12.7190
G01 X3.7006Y12.7309
G01 X3.8015Y12.7917
G01 X3.8216Y12.8057
G01 X3.9160Y12.8761
G01 X3.9347Y12.8920
G01 X4.0218Y12.9713
G01 X4.0388Y12.9889
G01 X4.1177Y13.0764
G01 X4.1329Y13.0956
G01 X4.2029Y13.1904
G01 X4.2161Y13.2110
G01 X4.2764Y13.3122
G01 X4.2876Y13.3340
G01 X4.3377Y13.4406
G01 X4.3467Y13.4634
G01 X4.3861Y13.5744
G01 X4.3928Y13.5980
G01 X4.4211Y13.7123
G01 X4.4255Y13.7365
G01 X4.4425Y13.8530
G01 X4.4445Y13.8775
G01 X4.4499Y13.9902
G00 Z20.0000
G00 X4.3940Y14.3973
G01 Z20.0000
G01 X4.5071Y16.7000
G01 X4.1071Y16.7000
G01 X4.0248Y15.0257
G00 Z20.0000
G00 X3.6383Y15.3007
G01 Z20.0000
G01 X3.7131Y16.8216
G00 Z20.0000
G00 X3.6005Y17.0804
G01 Z20.0000
G01 X3.6031Y17.0510
G01 X3.6098Y17.0124
G01 X3.6203Y16.9746
G01 X3.6344Y16.9380
G01 X3.6521Y16.9029
G01 X3.6731Y16.8697
G01 X3.6972Y16.8388
G01 X3.7243Y16.8104
G01 X3.7540Y16.7848
G01 X3.7861Y16.7622
G01 X3.8202Y16.7428
G01 X3.8561Y16.7269
G01 X3.8933Y16.7146
G01 X3.9316Y16.7060
G01 X3.9706Y16.7012
G01 X4.0000Y16.7000
G01 X7.1000Y16.7000
G01 X7.1294Y16.7012
G01 X7.1490Y16.7031
G01 X7.1684Y16.7060
G01 X7.2067Y16.7146
G01 X7.2439Y16.7269
G01 X7.2798Y16.7428
G01 X7.3139Y16.7622
G01 X7.3460Y16.7848
G01 X7.3757Y16.8104
G01 X7.3896Y16.8243
G01 X7.4152Y16.8540
G01 X7.4378Y16.8861
G01 X7.4479Y16.9029
G01 X7.4656Y16.9380
G01 X7.4797Y16.9746
G01 X7.4854Y16.9933
G01 X7.4940Y17.0316
G01 X7.4988Y17.0706
G01 X7.5000Y17.1000
G01 X7.5000Y18.7000
G01 X7.4988Y18.7294
G01 X7.4969Y18.7489
G01 X7.4902Y18.7876
G01 X7.4797Y18.8254
G01 X7.4731Y18.8439
G01 X7.4572Y18.8798
G01 X7.4378Y18.9139
G01 X7.4269Y18.9303
G01 X7.4028Y18.9612
G01 X7.3757Y18.9896
G01 X7.3460Y19.0152
G01 X7.3303Y19.0269
G01 X7.2971Y19.0479
G01 X7.2798Y19.0572
G01 X7.2439Y19.0731
G01 X7.2067Y19.0854
G01 X7.1684Y19.0940
G01 X7.1490Y19.0969
G01 X7.1294Y19.0988
G01 X7.1000Y19.1000
G01 X4.0000Y19.1000
G01 X3.9706Y19.0988
G01 X3.9316Y19.0940
G01 X3.8933Y19.0854
G01 X3.8561Y19.0731
G01 X3.8202Y19.0572
G01 X3.8029Y19.0479
G01 X3.7697Y19.0269
G01 X3.7540Y19.0152
G01 X3.7243Y18.9896
G01 X3.7104Y18.9757
G01 X3.6848Y18.9460
G01 X3.6731Y18.9303
G01 X3.6521Y18.8971
G01 X3.6344Y18.8620
G01 X3.6269Y18.8439
G01 X3.6146Y18.8067
G01 X3.6060Y18.7684
G01 X3.6012Y18.7294
G01 X3.6000Y18.7000
G01 X3.6005Y17.0804
G01 X3.2446Y15.4283
G01 X3.5594Y21.8354
G01 X4.1401Y25.7500
G01 X4.5439Y25.7500
G01 X4.0322Y22.3000
G01 X4.4361Y22.3000
G01 X4.9478Y25.7500
G01 X5.3517Y25.7500
G01 X4.8400Y22.3000
G01 X5.2439Y22.3000
G01 X5.7556Y25.7500
G01 X6.1595Y25.7500
G01 X5.6477Y22.3000
G01 X6.0516Y22.3000
G01 X6.5634Y25.7500
G01 X6.9673Y25.7500
G01 X6.4555Y22.3000
G01 X6.8594Y22.3000
G01 X7.3712Y25.7500
G01 X7.7751Y25.7500
G01 X7.2584Y22.2671
G00 Z20.0000
G00 X7.5000Y20.6268
G01 Z20.0000
G01 X7.5401Y21.4433
G01 X8.1789Y25.7500
G01 X10.1984Y25.7500
G01 X9.6765Y22.2314
G00 Z20.0000
G00 X10.0905Y22.3000
G01 Z20.0000
G01 X10.6023Y25.7500
G01 X11.0062Y25.7500
G01 X10.4944Y22.3000
G01 X10.8983Y22.3000
G01 X11.4101Y25.7500
G01 X11.8140Y25.7500
G01 X11.3022Y22.3000
G01 X11.7061Y22.3000
G01 X12.2178Y25.7500
G01 X12.6217Y25.7500
G01 X12.1100Y22.3000
G01 X12.5139Y22.3000
G01 X13.0256Y25.7500
G01 X13.4295Y25.7500
G01 X12.9178Y22.3000
G00 Z20.0000
G00 X13.3013Y22.1628
G01 Z20.0000
G01 X13.8334Y25.7500
G01 X15.0451Y25.7500
G01 X14.3074Y20.7768
G01 X13.9000Y12.4846
G01 X14.0106Y10.2323
G00 Z20.0000
G00 X14.4195Y10.0513
G01 Z20.0000
G01 X14.3000Y12.4846
G01 X14.7054Y20.7376
G01 X15.4490Y25.7500
G01 X15.8529Y25.7500
G01 X15.1035Y20.6984
G01 X14.7000Y12.4846
G01 X14.8386Y9.6628
G00 Z20.0000
G00 X14.9231Y7.9435
G01 Z20.0000
G01 X15.1035Y4.2707
G01 X15.8631Y-0.8500
G01 X16.2670Y-0.8500
G01 X15.5016Y4.3099
G01 X15.1000Y12.4846
G01 X15.5016Y20.6592
G01 X15.6486Y21.6504
G00 Z20.0000
G00 X15.9710Y21.1011
G01 Z20.0000
G01 X15.8997Y20.6200
G01 X15.5000Y12.4846
G01 X15.7645Y7.1009
G00 Z20.0000
G00 X16.1479Y7.4383
G01 Z20.0000
G01 X15.9000Y12.4846
G01 X16.2977Y20.5808
G01 X16.3330Y20.8188
G00 Z20.0000
G00 X16.7156Y20.6752
G01 Z20.0000
G01 X16.6958Y20.5416
G01 X16.3000Y12.4846
G01 X16.5398Y7.6033
G00 Z20.0000
G00 X16.9376Y7.6486
G01 Z20.0000
G01 X16.7000Y12.4846
G01 X17.0939Y20.5024
G01 X17.1149Y20.6437
G00 Z20.0000
G00 X17.5317Y20.7308
G01 Z20.0000
G01 X17.4920Y20.4632
G01 X17.4898Y20.4181
G00 Z20.0000
G00 X17.8516Y20.8956
G01 Z20.0000
G01 X17.7889Y20.8388
G01 X17.7713Y20.8218
G01 X17.6920Y20.7347
G01 X17.6761Y20.7160
G01 X17.6057Y20.6216
G01 X17.5917Y20.6015
G01 X17.5309Y20.5006
G01 X17.5190Y20.4792
G01 X17.4683Y20.3728
G01 X17.4586Y20.3503
G01 X17.4186Y20.2396
G01 X17.4111Y20.2162
G01 X17.3822Y20.1020
G01 X17.3770Y20.0781
G01 X17.3594Y19.9616
G01 X17.3566Y19.9372
G01 X17.3505Y19.8196
G01 X17.3501Y19.7951
G01 X17.3555Y19.6775
G01 X17.3575Y19.6530
G01 X17.3745Y19.5365
G01 X17.3789Y19.5123
G01 X17.4072Y19.3980
G01 X17.4139Y19.3744
G01 X17.4533Y19.2634
G01 X17.4623Y19.2406
G01 X17.5124Y19.1340
G01 X17.5236Y19.1122
G01 X17.5839Y19.0110
G01 X17.5971Y18.9904
G01 X17.6671Y18.8956
G01 X17.6823Y18.8764
G01 X17.7612Y18.7889
G01 X17.7782Y18.7713
G01 X17.8653Y18.6920
G01 X17.8840Y18.6761
G01 X17.9784Y18.6057
G01 X17.9985Y18.5917
G01 X18.0994Y18.5309
G01 X18.1208Y18.5190
G01 X18.2272Y18.4683
G01 X18.2497Y18.4586
G01 X18.3604Y18.4186
G01 X18.3838Y18.4111
G01 X18.4980Y18.3822
G01 X18.5219Y18.3770
G01 X18.6384Y18.3594
G01 X18.6628Y18.3566
G01 X18.7804Y18.3505
G01 X18.8049Y18.3501
G01 X18.9225Y18.3555
G01 X18.9470Y18.3575
G01 X19.0635Y18.3745
G01 X19.0877Y18.3789
G01 X19.2020Y18.4072
G01 X19.2256Y18.4139
G01 X19.3366Y18.4533
G01 X19.3594Y18.4623
G01 X19.4660Y18.5124
G01 X19.4878Y18.5236
G01 X19.5890Y18.5839
G01 X19.6096Y18.5971
G01 X19.7044Y18.6671
G01 X19.7236Y18.6823
G01 X19.8111Y18.7612
G01 X19.8287Y18.7782
G01 X19.9080Y18.8653
G01 X19.9239Y18.8840
G01 X20.0029Y18.9904
G01 X20.0161Y19.0110
G01 X20.0764Y19.1122
G01 X20.0876Y19.1340
G01 X20.1377Y19.2406
G01 X20.1467Y19.2634
G01 X20.1861Y19.3744
G01 X20.1928Y19.3980
G01 X20.2211Y19.5123
G01 X20.2255Y19.5365
G01 X20.2425Y19.6530
G01 X20.2445Y19.6775
G01 X20.2499Y19.7951
G01 X20.2495Y19.8196
G01 X20.2434Y19.9372
G01 X20.2406Y19.9616
G01 X20.2230Y20.0781
G01 X20.2178Y20.1020
G01 X20.1889Y20.2162
G01 X20.1814Y20.2396
G01 X20.1414Y20.3503
G01 X20.1317Y20.3728
G01 X20.0810Y20.4792
G01 X20.0691Y20.5006
G01 X20.0083Y20.6015
G01 X19.9943Y20.6216
G01 X19.9329Y20.7044
G01 X19.9080Y20.7347
G01 X19.8287Y20.8218
G01 X19.8111Y20.8388
G01 X19.7236Y20.9177
G01 X19.7044Y20.9329
G01 X19.6096Y21.0029
G01 X19.5890Y21.0161
G01 X19.5006Y21.0691
G01 X19.4660Y21.0876
G01 X19.3594Y21.1377
G01 X19.3366Y21.1467
G01 X19.2396Y21.1814
G01 X19.2020Y21.1928
G01 X19.0973Y21.2190
G01 X19.0635Y21.2255
G01 X18.9616Y21.2406
G01 X18.9372Y21.2434
G01 X18.8196Y21.2495
G01 X18.7951Y21.2499
G01 X18.6775Y21.2445
G01 X18.6530Y21.2425
G01 X18.5365Y21.2255
G01 X18.5123Y21.2211
G01 X18.3980Y21.1928
G01 X18.3744Y21.1861
G01 X18.2634Y21.1467
G01 X18.2406Y21.1377
G01 X18.1340Y21.0876
G01 X18.1122Y21.0764
G01 X18.0110Y21.0161
G01 X17.9784Y20.9944
G01 X18.0411Y21.0512
G01 X18.0587Y21.0682
G01 X18.1380Y21.1553
G01 X18.1600Y21.1817
G01 X18.2272Y21.2724
G01 X18.2461Y21.3010
G01 X18.3064Y21.4022
G01 X18.3176Y21.4240
G01 X18.3617Y21.5172
G01 X18.3714Y21.5397
G01 X18.4114Y21.6504
G01 X18.4189Y21.6738
G01 X18.4478Y21.7880
G01 X18.4555Y21.8265
G01 X18.4713Y21.9333
G01 X18.4745Y21.9675
G01 X18.4799Y22.0851
G01 X18.4796Y22.1072
G01 X18.4745Y22.2125
G01 X18.4706Y22.2516
G01 X18.4530Y22.3681
G01 X18.4478Y22.3920
G01 X18.4228Y22.4920
G01 X18.4161Y22.5156
G01 X18.3767Y22.6266
G01 X18.3677Y22.6494
G01 X18.3176Y22.7560
G01 X18.2991Y22.7906
G01 X18.2436Y22.8832
G01 X18.2243Y22.9116
G01 X18.1539Y23.0060
G01 X18.1380Y23.0247
G01 X18.0688Y23.1011
G01 X18.0411Y23.1288
G01 X17.9536Y23.2077
G01 X17.9344Y23.2229
G01 X17.8396Y23.2929
G01 X17.8190Y23.3061
G01 X17.7306Y23.3591
G01 X17.6960Y23.3776
G01 X17.6028Y23.4217
G01 X17.5803Y23.4314
G01 X17.4556Y23.4761
G01 X17.4320Y23.4828
G01 X17.3177Y23.5111
G01 X17.2935Y23.5155
G01 X17.1916Y23.5306
G01 X17.1525Y23.5345
G01 X17.0496Y23.5395
G01 X17.0251Y23.5399
G01 X16.8928Y23.5334
G01 X16.8684Y23.5306
G01 X16.7665Y23.5155
G01 X16.7280Y23.5078
G01 X16.6280Y23.4828
G01 X16.6044Y23.4761
G01 X16.4797Y23.4314
G01 X16.4572Y23.4217
G01 X16.3640Y23.3776
G01 X16.3294Y23.3591
G01 X16.2410Y23.3061
G01 X16.2204Y23.2929
G01 X16.1256Y23.2229
G01 X16.1064Y23.2077
G01 X16.0189Y23.1288
G01 X16.0013Y23.1118
G01 X15.9220Y23.0247
G01 X15.9061Y23.0060
G01 X15.8357Y22.9116
G01 X15.8217Y22.8915
G01 X15.7609Y22.7906
G01 X15.7490Y22.7692
G01 X15.6983Y22.6628
G01 X15.6886Y22.6403
G01 X15.6486Y22.5296
G01 X15.6411Y22.5062
G01 X15.6122Y22.3920
G01 X15.6070Y22.3681
G01 X15.5894Y22.2516
G01 X15.5866Y22.2272
G01 X15.5805Y22.1096
G01 X15.5801Y22.0851
G01 X15.5855Y21.9675
G01 X15.5875Y21.9430
G01 X15.6045Y21.8265
G01 X15.6089Y21.8023
G01 X15.6372Y21.6880
G01 X15.6439Y21.6644
G01 X15.6833Y21.5534
G01 X15.6923Y21.5306
G01 X15.7424Y21.4240
G01 X15.7536Y21.4022
G01 X15.8139Y21.3010
G01 X15.8271Y21.2804
G01 X15.8971Y21.1856
G01 X15.9123Y21.1664
G01 X15.9912Y21.0789
G01 X16.0082Y21.0613
G01 X16.0953Y20.9820
G01 X16.1140Y20.9661
G01 X16.2084Y20.8957
G01 X16.2285Y20.8817
G01 X16.3294Y20.8209
G01 X16.3508Y20.8090
G01 X16.4572Y20.7583
G01 X16.4797Y20.7486
G01 X16.5904Y20.7086
G01 X16.6138Y20.7011
G01 X16.7280Y20.6722
G01 X16.7519Y20.6670
G01 X16.8684Y20.6494
G01 X16.8928Y20.6466
G01 X17.0104Y20.6405
G01 X17.0349Y20.6401
G01 X17.1525Y20.6455
G01 X17.1770Y20.6475
G01 X17.2935Y20.6645
G01 X17.3177Y20.6689
G01 X17.4320Y20.6972
G01 X17.4556Y20.7039
G01 X17.5666Y20.7433
G01 X17.5894Y20.7523
G01 X17.6960Y20.8024
G01 X17.7178Y20.8136
G01 X17.8190Y20.8739
G01 X17.8516Y20.8956
G00 Z20.0000
G00 X18.4084Y21.1954
G01 Z20.0000
G01 X19.0840Y25.7500
G01 X19.4879Y25.7500
G01 X18.8203Y21.2495
G00 Z20.0000
G00 X19.2152Y21.1892
G01 Z20.0000
G01 X19.8917Y25.7500
G01 X20.2956Y25.7500
G01 X19.5931Y21.0136
G00 Z20.0000
G00 X19.9481Y20.6840
G01 Z20.0000
G01 X20.6995Y25.7500
G01 X21.1034Y25.7500
G01 X20.2785Y20.1887
G01 X19.9000Y12.4846
G01 X20.2785Y4.7804
G01 X21.1137Y-0.8500
G01 X20.7098Y-0.8500
G01 X19.8804Y4.7412
G01 X19.5000Y12.4846
G01 X19.8082Y18.7586
G00 Z20.0000
G00 X19.3945Y18.4786
G01 Z20.0000
G01 X19.1000Y12.4846
G01 X19.4823Y4.7020
G01 X20.3059Y-0.8500
G01 X19.9020Y-0.8500
G01 X19.0843Y4.6628
G01 X18.7000Y12.4846
G01 X18.9888Y18.3634
G00 Z20.0000
G00 X18.5890Y18.3667
G01 Z20.0000
G01 X18.3000Y12.4846
G01 X18.6862Y4.6236
G01 X19.4981Y-0.8500
G01 X19.0942Y-0.8500
G01 X18.2881Y4.5844
G01 X18.2364Y5.6376
G00 Z20.0000
G00 X18.3499Y6.1902
G01 Z20.0000
G01 X18.3495Y6.2196
G01 X18.3434Y6.3372
G01 X18.3406Y6.3616
G01 X18.3230Y6.4781
G01 X18.3178Y6.5020
G01 X18.2889Y6.6162
G01 X18.2814Y6.6396
G01 X18.2414Y6.7503
G01 X18.2317Y6.7728
G01 X18.1810Y6.8792
G01 X18.1691Y6.9006
G01 X18.1083Y7.0015
G01 X18.0943Y7.0216
G01 X18.0239Y7.1160
G01 X18.0080Y7.1347
G01 X17.9287Y7.2218
G01 X17.9111Y7.2388
G01 X17.8236Y7.3177
G01 X17.8044Y7.3329
G01 X17.7096Y7.4029
G01 X17.6890Y7.4161
G01 X17.5878Y7.4764
G01 X17.5660Y7.4876
G01 X17.4594Y7.5377
G01 X17.4366Y7.5467
G01 X17.3256Y7.5861
G01 X17.3020Y7.5928
G01 X17.1877Y7.6211
G01 X17.1635Y7.6255
G01 X17.0470Y7.6425
G01 X17.0225Y7.6445
G01 X16.9049Y7.6499
G01 X16.8804Y7.6495
G01 X16.7628Y7.6434
G01 X16.7384Y7.6406
G01 X16.6219Y7.6230
G01 X16.5980Y7.6178
G01 X16.4838Y7.5889
G01 X16.4604Y7.5814
G01 X16.3497Y7.5414
G01 X16.3272Y7.5317
G01 X16.2208Y7.4810
G01 X16.1994Y7.4691
G01 X16.0985Y7.4083
G01 X16.0784Y7.3943
G01 X15.9840Y7.3239
G01 X15.9653Y7.3080
G01 X15.8782Y7.2287
G01 X15.8612Y7.2111
G01 X15.7823Y7.1236
G01 X15.7671Y7.1044
G01 X15.6971Y7.0096
G01 X15.6839Y6.9890
G01 X15.6236Y6.8878
G01 X15.6124Y6.8660
G01 X15.5623Y6.7594
G01 X15.5533Y6.7366
G01 X15.5139Y6.6256
G01 X15.5072Y6.6020
G01 X15.4789Y6.4877
G01 X15.4745Y6.4635
G01 X15.4575Y6.3470
G01 X15.4555Y6.3225
G01 X15.4501Y6.2049
G01 X15.4505Y6.1804
G01 X15.4566Y6.0628
G01 X15.4594Y6.0384
G01 X15.4770Y5.9219
G01 X15.4822Y5.8980
G01 X15.5111Y5.7838
G01 X15.5186Y5.7604
G01 X15.5586Y5.6497
G01 X15.5683Y5.6272
G01 X15.6190Y5.5208
G01 X15.6309Y5.4994
G01 X15.6917Y5.3985
G01 X15.7057Y5.3784
G01 X15.7761Y5.2840
G01 X15.7920Y5.2653
G01 X15.8713Y5.1782
G01 X15.8889Y5.1612
G01 X15.9764Y5.0823
G01 X15.9956Y5.0671
G01 X16.0904Y4.9971
G01 X16.1110Y4.9839
G01 X16.2122Y4.9236
G01 X16.2340Y4.9124
G01 X16.3406Y4.8623
G01 X16.3634Y4.8533
G01 X16.4744Y4.8139
G01 X16.4980Y4.8072
G01 X16.6123Y4.7789
G01 X16.6365Y4.7745
G01 X16.7530Y4.7575
G01 X16.7775Y4.7555
G01 X16.8951Y4.7501
G01 X16.9196Y4.7505
G01 X17.0372Y4.7566
G01 X17.0616Y4.7594
G01 X17.1781Y4.7770
G01 X17.2020Y4.7822
G01 X17.3162Y4.8111
G01 X17.3396Y4.8186
G01 X17.4503Y4.8586
G01 X17.4728Y4.8683
G01 X17.5792Y4.9190
G01 X17.6006Y4.9309
G01 X17.7015Y4.9917
G01 X17.7216Y5.0057
G01 X17.8160Y5.0761
G01 X17.8347Y5.0920
G01 X17.9218Y5.1713
G01 X17.9388Y5.1889
G01 X18.0177Y5.2764
G01 X18.0329Y5.2956
G01 X18.1029Y5.3904
G01 X18.1161Y5.4110
G01 X18.1764Y5.5122
G01 X18.1876Y5.5340
G01 X18.2377Y5.6406
G01 X18.2467Y5.6634
G01 X18.2861Y5.7744
G01 X18.2928Y5.7980
G01 X18.3211Y5.9123
G01 X18.3255Y5.9365
G01 X18.3425Y6.0530
G01 X18.3445Y6.0775
G01 X18.3499Y6.1902
G00 Z20.0000
G00 X18.1748Y6.8907
G01 Z20.0000
G01 X17.9000Y12.4846
G01 X18.1947Y18.4837
G00 Z20.0000
G00 X17.8075Y18.7443
G01 Z20.0000
G01 X17.5000Y12.4846
G01 X17.7511Y7.3724
G00 Z20.0000
G00 X17.3409Y7.5809
G01 Z20.0000
G01 X17.1000Y12.4846
G01 X17.4355Y19.3133
G00 Z20.0000
G00 X20.5880Y18.3471
G01 Z20.0000
G01 X20.6766Y20.1495
G01 X20.9501Y21.9936
G00 Z20.0000
G00 X21.0187Y22.4560
G01 Z20.0000
G01 X21.5073Y25.7500
G01 X21.9112Y25.7500
G01 X21.5347Y23.2122
G00 Z20.0000
G00 X21.9749Y23.4569
G01 Z20.0000
G01 X22.3151Y25.7500
G01 X22.7190Y25.7500
G01 X22.3919Y23.5452
G00 Z20.0000
G00 X22.7924Y23.5220
G01 Z20.0000
G01 X23.1229Y25.7500
G01 X23.5268Y25.7500
G01 X23.1771Y23.3928
G00 Z20.0000
G00 X23.5440Y23.1438
G01 Z20.0000
G01 X23.9306Y25.7500
G01 X24.3345Y25.7500
G01 X23.9403Y23.0922
G00 Z20.0000
G00 X24.3907Y23.4060
G01 Z20.0000
G01 X24.7384Y25.7500
G01 X25.1423Y25.7500
G01 X24.8133Y23.5319
G00 Z20.0000
G00 X25.2183Y23.5391
G01 Z20.0000
G01 X25.5462Y25.7500
G01 X25.9501Y25.7500
G01 X25.6077Y23.4416
G00 Z20.0000
G00 X25.9803Y23.2307
G01 Z20.0000
G01 X26.3540Y25.7500
G01 X26.7579Y25.7500
G01 X26.3390Y22.9264
G00 Z20.0000
G00 X26.8044Y23.3406
G01 Z20.0000
G01 X27.1618Y25.7500
G01 X27.5657Y25.7500
G01 X27.2333Y23.5096
G00 Z20.0000
G00 X27.6428Y23.5474
G01 Z20.0000
G01 X27.9695Y25.7500
G01 X28.3734Y25.7500
G01 X28.0369Y23.4810
G00 Z20.0000
G00 X28.4147Y23.3052
G01 Z20.0000
G01 X28.7773Y25.7500
G01 X29.1812Y25.7500
G01 X28.7719Y22.9907
G01 X29.2153Y23.2571
G01 X29.5851Y25.7500
G01 X29.9890Y25.7500
G01 X29.6519Y23.4773
G00 Z20.0000
G00 X30.0662Y23.5478
G01 Z20.0000
G01 X30.3929Y25.7500
G01 X30.7968Y25.7500
G01 X30.4645Y23.5102
G00 Z20.0000
G00 X30.8474Y23.3686
G01 Z20.0000
G01 X31.2007Y25.7500
G01 X31.6045Y25.7500
G01 X31.2115Y23.1004
G01 X31.6228Y23.1499
G01 X32.0028Y25.7117
G01 X32.0124Y25.7500
G01 X32.4242Y25.7500
G01 X32.3951Y25.6337
G01 X32.0686Y23.4327
G00 Z20.0000
G00 X32.4884Y23.5401
G01 Z20.0000
G01 X32.7874Y25.5556
G01 X32.8361Y25.7500
G01 X33.2479Y25.7500
G01 X33.1797Y25.4776
G01 X32.8910Y23.5313
G00 Z20.0000
G00 X33.2785Y23.4206
G01 Z20.0000
G01 X33.5720Y25.3996
G01 X33.6598Y25.7500
G01 X34.0717Y25.7500
G01 X33.9643Y25.3215
G01 X33.6487Y23.1936
G01 X34.0253Y23.0100
G01 X34.3566Y25.2435
G01 X34.4835Y25.7500
G01 X34.8954Y25.7500
G01 X34.7490Y25.1654
G01 X34.4832Y23.3740
G00 Z20.0000
G00 X34.9091Y23.5223
G01 Z20.0000
G01 X35.1413Y25.0874
G01 X35.3072Y25.7500
G01 X35.7191Y25.7500
G01 X35.5336Y25.0094
G01 X35.3163Y23.5448
G00 Z20.0000
G00 X35.7081Y23.4630
G01 Z20.0000
G01 X35.9259Y24.9313
G01 X36.1310Y25.7500
G01 X36.5428Y25.7500
G01 X36.3182Y24.8533
G01 X36.0837Y23.2726
G00 Z20.0000
G00 X36.4371Y22.9317
G01 Z20.0000
G01 X36.7105Y24.7753
G01 X36.9547Y25.7500
G01 X37.3665Y25.7500
G01 X37.1028Y24.6972
G01 X36.7342Y22.2117
G00 Z20.0000
G00 X36.6066Y21.3520
G01 Z20.0000
G01 X36.2014Y18.6204
G01 X35.9000Y12.4846
G01 X36.2014Y6.3487
G01 X37.1028Y0.2719
G01 X37.3839Y-0.8500
G01 X36.9720Y-0.8500
G01 X36.7105Y0.1939
G01 X36.3602Y2.5556
G00 Z20.0000
G00 X36.0506Y1.9198
G01 Z20.0000
G01 X36.3182Y0.1158
G01 X36.5601Y-0.8500
G01 X36.1483Y-0.8500
G01 X35.9259Y0.0378
G01 X35.6941Y1.6005
G00 Z20.0000
G00 X35.3166Y1.4222
G01 Z20.0000
G01 X35.5336Y-0.0402
G01 X35.7364Y-0.8500
G01 X35.3246Y-0.8500
G01 X35.1413Y-0.1183
G01 X34.9230Y1.3531
G00 Z20.0000
G00 X34.5140Y1.3877
G01 Z20.0000
G01 X34.7490Y-0.1963
G01 X34.9127Y-0.8500
G01 X34.5008Y-0.8500
G01 X34.3566Y-0.2743
G01 X34.0856Y1.5527
G00 Z20.0000
G00 X33.6219Y1.9563
G01 Z20.0000
G01 X33.9643Y-0.3524
G01 X34.0890Y-0.8500
G01 X33.6771Y-0.8500
G01 X33.5720Y-0.4304
G01 X33.2595Y1.6762
G00 Z20.0000
G00 X32.8874Y1.4619
G01 Z20.0000
G01 X33.1797Y-0.5084
G01 X33.2653Y-0.8500
G01 X32.8534Y-0.8500
G01 X32.7874Y-0.5865
G01 X32.4983Y1.3624
G00 Z20.0000
G00 X32.0938Y1.3665
G01 Z20.0000
G01 X32.3951Y-0.6645
G01 X32.4415Y-0.8500
G01 X32.0297Y-0.8500
G01 X32.0028Y-0.7425
G01 X31.6718Y1.4888
G00 Z20.0000
G00 X31.2223Y1.7960
G01 Z20.0000
G01 X31.6104Y-0.8206
G01 X31.6178Y-0.8500
G01 X31.2109Y-0.8500
G01 X30.8231Y1.7644
G00 Z20.0000
G00 X30.4567Y1.5117
G01 Z20.0000
G01 X30.8070Y-0.8500
G01 X30.4031Y-0.8500
G01 X30.0724Y1.3798
G00 Z20.0000
G00 X29.6723Y1.3543
G01 Z20.0000
G01 X29.9992Y-0.8500
G01 X29.5954Y-0.8500
G01 X29.2558Y1.4392
G00 Z20.0000
G00 X28.8163Y1.6793
G01 Z20.0000
G01 X29.1915Y-0.8500
G01 X28.7876Y-0.8500
G01 X28.3844Y1.8677
G00 Z20.0000
G00 X28.0246Y1.5708
G01 Z20.0000
G01 X28.3837Y-0.8500
G01 X27.9798Y-0.8500
G01 X27.6449Y1.4075
G00 Z20.0000
G00 X27.2495Y1.3505
G01 Z20.0000
G01 X27.5759Y-0.8500
G01 X27.1720Y-0.8500
G01 X26.8380Y1.4017
G00 Z20.0000
G00 X26.4065Y1.5881
G01 Z20.0000
G01 X26.7681Y-0.8500
G01 X26.3642Y-0.8500
G01 X25.9430Y1.9898
G00 Z20.0000
G00 X25.5910Y1.6402
G01 Z20.0000
G01 X25.9604Y-0.8500
G01 X25.5565Y-0.8500
G01 X25.2162Y1.4435
G00 Z20.0000
G00 X24.8253Y1.3562
G01 Z20.0000
G01 X25.1526Y-0.8500
G01 X24.7487Y-0.8500
G01 X24.4187Y1.3747
G00 Z20.0000
G00 X23.9938Y1.5162
G01 Z20.0000
G01 X24.3448Y-0.8500
G01 X23.9409Y-0.8500
G01 X23.5382Y1.8648
G00 Z20.0000
G00 X23.4200Y2.0127
G01 Z20.0000
G01 X23.4798Y1.9322
G01 X23.4950Y1.9129
G01 X23.5804Y1.8182
G01 X23.6046Y1.7938
G01 X23.6918Y1.7147
G01 X23.7222Y1.6898
G01 X23.8248Y1.6140
G01 X23.8455Y1.6007
G01 X23.9465Y1.5402
G01 X23.9769Y1.5242
G01 X24.0923Y1.4699
G01 X24.1152Y1.4609
G01 X24.2214Y1.4229
G01 X24.2448Y1.4154
G01 X24.3685Y1.3841
G01 X24.3924Y1.3789
G01 X24.5186Y1.3599
G01 X24.5577Y1.3560
G01 X24.6704Y1.3505
G01 X24.6949Y1.3501
G01 X24.8223Y1.3560
G01 X24.8614Y1.3599
G01 X24.9779Y1.3772
G01 X25.0115Y1.3841
G01 X25.1210Y1.4115
G01 X25.1446Y1.4182
G01 X25.2648Y1.4609
G01 X25.3011Y1.4759
G01 X25.4163Y1.5308
G01 X25.4377Y1.5427
G01 X25.5345Y1.6007
G01 X25.5672Y1.6225
G01 X25.6695Y1.6988
G01 X25.6882Y1.7147
G01 X25.7718Y1.7904
G01 X25.7996Y1.8182
G01 X25.8850Y1.9129
G01 X25.9002Y1.9322
G01 X25.9600Y2.0127
G01 X26.0198Y1.9322
G01 X26.0350Y1.9129
G01 X26.1204Y1.8182
G01 X26.1446Y1.7938
G01 X26.2318Y1.7147
G01 X26.2622Y1.6898
G01 X26.3648Y1.6140
G01 X26.3855Y1.6007
G01 X26.4865Y1.5402
G01 X26.5169Y1.5242
G01 X26.6323Y1.4699
G01 X26.6552Y1.4609
G01 X26.7754Y1.4182
G01 X26.7990Y1.4115
G01 X26.9085Y1.3841
G01 X26.9324Y1.3789
G01 X27.0586Y1.3599
G01 X27.0928Y1.3563
G01 X27.2104Y1.3505
G01 X27.2496Y1.3505
G01 X27.3623Y1.3560
G01 X27.3868Y1.3580
G01 X27.5130Y1.3764
G01 X27.5515Y1.3841
G01 X27.6610Y1.4115
G01 X27.6846Y1.4182
G01 X27.8048Y1.4609
G01 X27.8411Y1.4759
G01 X27.9563Y1.5308
G01 X27.9777Y1.5427
G01 X28.0745Y1.6007
G01 X28.1072Y1.6225
G01 X28.2095Y1.6988
G01 X28.2282Y1.7147
G01 X28.3118Y1.7904
G01 X28.3396Y1.8182
G01 X28.4250Y1.9129
G01 X28.4402Y1.9322
G01 X28.5000Y2.0127
G01 X28.5598Y1.9322
G01 X28.5750Y1.9129
G01 X28.6604Y1.8182
G01 X28.6846Y1.7938
G01 X28.7718Y1.7147
G01 X28.8022Y1.6898
G01 X28.9048Y1.6140
G01 X28.9255Y1.6007
G01 X29.0223Y1.5427
G01 X29.0569Y1.5242
G01 X29.1723Y1.4699
G01 X29.1952Y1.4609
G01 X29.3154Y1.4182
G01 X29.3390Y1.4115
G01 X29.4628Y1.3808
G01 X29.4870Y1.3764
G01 X29.6132Y1.3580
G01 X29.6377Y1.3560
G01 X29.7504Y1.3505
G01 X29.7896Y1.3505
G01 X29.9023Y1.3560
G01 X29.9268Y1.3580
G01 X30.0530Y1.3764
G01 X30.0915Y1.3841
G01 X30.2010Y1.4115
G01 X30.2246Y1.4182
G01 X30.3448Y1.4609
G01 X30.3811Y1.4759
G01 X30.4963Y1.5308
G01 X30.5177Y1.5427
G01 X30.6145Y1.6007
G01 X30.6472Y1.6225
G01 X30.7495Y1.6988
G01 X30.7682Y1.7147
G01 X30.8518Y1.7904
G01 X30.8796Y1.8182
G01 X30.9650Y1.9129
G01 X30.9802Y1.9322
G01 X31.0400Y2.0127
G01 X31.0998Y1.9322
G01 X31.1150Y1.9129
G01 X31.2004Y1.8182
G01 X31.2282Y1.7904
G01 X31.3118Y1.7147
G01 X31.3305Y1.6988
G01 X31.4448Y1.6140
G01 X31.4655Y1.6007
G01 X31.5623Y1.5427
G01 X31.5969Y1.5242
G01 X31.6989Y1.4759
G01 X31.7214Y1.4662
G01 X31.8414Y1.4229
G01 X31.8790Y1.4115
G01 X31.9885Y1.3841
G01 X32.0124Y1.3789
G01 X32.1532Y1.3580
G01 X32.1777Y1.3560
G01 X32.2904Y1.3505
G01 X32.3296Y1.3505
G01 X32.4423Y1.3560
G01 X32.4668Y1.3580
G01 X32.5979Y1.3772
G01 X32.6315Y1.3841
G01 X32.7552Y1.4154
G01 X32.7786Y1.4229
G01 X32.8986Y1.4662
G01 X32.9211Y1.4759
G01 X33.0363Y1.5308
G01 X33.0577Y1.5427
G01 X33.1670Y1.6085
G01 X33.1872Y1.6225
G01 X33.2895Y1.6988
G01 X33.3082Y1.7147
G01 X33.4025Y1.8006
G01 X33.4196Y1.8182
G01 X33.5050Y1.9129
G01 X33.5202Y1.9322
G01 X33.5800Y2.0127
G01 X33.6398Y1.9322
G01 X33.6550Y1.9129
G01 X33.7404Y1.8182
G01 X33.7682Y1.7904
G01 X33.8518Y1.7147
G01 X33.8705Y1.6988
G01 X33.9728Y1.6225
G01 X34.0055Y1.6007
G01 X34.1150Y1.5354
G01 X34.1369Y1.5242
G01 X34.2389Y1.4759
G01 X34.2752Y1.4609
G01 X34.3954Y1.4182
G01 X34.4190Y1.4115
G01 X34.5285Y1.3841
G01 X34.5670Y1.3764
G01 X34.6786Y1.3599
G01 X34.7030Y1.3570
G01 X34.8304Y1.3505
G01 X34.8696Y1.3505
G01 X34.9970Y1.3570
G01 X35.0214Y1.3599
G01 X35.1476Y1.3789
G01 X35.1715Y1.3841
G01 X35.2952Y1.4154
G01 X35.3186Y1.4229
G01 X35.4386Y1.4662
G01 X35.4611Y1.4759
G01 X35.5763Y1.5308
G01 X35.5977Y1.5427
G01 X35.7070Y1.6085
G01 X35.7272Y1.6225
G01 X35.8295Y1.6988
G01 X35.8482Y1.7147
G01 X35.9425Y1.8006
G01 X35.9596Y1.8182
G01 X36.0450Y1.9129
G01 X36.0602Y1.9322
G01 X36.1360Y2.0348
G01 X36.1493Y2.0555
G01 X36.2146Y2.1650
G01 X36.2258Y2.1869
G01 X36.2801Y2.3023
G01 X36.2891Y2.3252
G01 X36.3318Y2.4454
G01 X36.3385Y2.4690
G01 X36.3692Y2.5928
G01 X36.3736Y2.6170
G01 X36.3920Y2.7432
G01 X36.3940Y2.7677
G01 X36.3999Y2.8951
G01 X36.3995Y2.9196
G01 X36.3930Y3.0470
G01 X36.3901Y3.0714
G01 X36.3711Y3.1976
G01 X36.3659Y3.2215
G01 X36.3346Y3.3452
G01 X36.3271Y3.3686
G01 X36.2838Y3.4886
G01 X36.2741Y3.5111
G01 X36.2258Y3.6131
G01 X36.2073Y3.6477
G01 X36.1415Y3.7570
G01 X36.1275Y3.7772
G01 X36.0602Y3.8678
G01 X36.0386Y3.8945
G01 X35.9596Y3.9818
G01 X35.9318Y4.0096
G01 X35.8482Y4.0853
G01 X35.8295Y4.1012
G01 X35.7272Y4.1775
G01 X35.7070Y4.1915
G01 X35.5977Y4.2573
G01 X35.5763Y4.2692
G01 X35.4611Y4.3241
G01 X35.4386Y4.3338
G01 X35.3046Y4.3818
G01 X35.2810Y4.3885
G01 X35.1572Y4.4192
G01 X35.1330Y4.4236
G01 X35.0068Y4.4420
G01 X34.9823Y4.4440
G01 X34.8696Y4.4495
G01 X34.8304Y4.4495
G01 X34.7030Y4.4430
G01 X34.6786Y4.4401
G01 X34.5670Y4.4236
G01 X34.5285Y4.4159
G01 X34.4190Y4.3885
G01 X34.3954Y4.3818
G01 X34.2752Y4.3391
G01 X34.2389Y4.3241
G01 X34.1237Y4.2692
G01 X34.1023Y4.2573
G01 X34.0055Y4.1993
G01 X33.9848Y4.1860
G01 X33.8822Y4.1102
G01 X33.8518Y4.0853
G01 X33.7646Y4.0062
G01 X33.7404Y3.9818
G01 X33.6550Y3.8871
G01 X33.6398Y3.8678
G01 X33.5800Y3.7873
G01 X33.5202Y3.8678
G01 X33.5050Y3.8871
G01 X33.4196Y3.9818
G01 X33.3954Y4.0062
G01 X33.3082Y4.0853
G01 X33.2778Y4.1102
G01 X33.1752Y4.1860
G01 X33.1545Y4.1993
G01 X33.0577Y4.2573
G01 X33.0231Y4.2758
G01 X32.9077Y4.3301
G01 X32.8848Y4.3391
G01 X32.7646Y4.3818
G01 X32.7410Y4.3885
G01 X32.6172Y4.4192
G01 X32.5930Y4.4236
G01 X32.4668Y4.4420
G01 X32.4423Y4.4440
G01 X32.3296Y4.4495
G01 X32.2904Y4.4495
G01 X32.1630Y4.4430
G01 X32.1386Y4.4401
G01 X32.0270Y4.4236
G01 X31.9885Y4.4159
G01 X31.8790Y4.3885
G01 X31.8554Y4.3818
G01 X31.7352Y4.3391
G01 X31.6989Y4.3241
G01 X31.5837Y4.2692
G01 X31.5623Y4.2573
G01 X31.4655Y4.1993
G01 X31.4328Y4.1775
G01 X31.3305Y4.1012
G01 X31.3118Y4.0853
G01 X31.2282Y4.0096
G01 X31.2004Y3.9818
G01 X31.1150Y3.8871
G01 X31.0998Y3.8678
G01 X31.0400Y3.7873
G01 X30.9802Y3.8678
G01 X30.9650Y3.8871
G01 X30.8796Y3.9818
G01 X30.8518Y4.0096
G01 X30.7682Y4.0853
G01 X30.7495Y4.1012
G01 X30.6352Y4.1860
G01 X30.6145Y4.1993
G01 X30.5177Y4.2573
G01 X30.4831Y4.2758
G01 X30.3811Y4.3241
G01 X30.3586Y4.3338
G01 X30.2386Y4.3771
G01 X30.2010Y4.3885
G01 X30.0915Y4.4159
G01 X30.0676Y4.4211
G01 X29.9268Y4.4420
G01 X29.9023Y4.4440
G01 X29.7896Y4.4495
G01 X29.7504Y4.4495
G01 X29.6377Y4.4440
G01 X29.6132Y4.4420
G01 X29.4821Y4.4228
G01 X29.4485Y4.4159
G01 X29.3248Y4.3846
G01 X29.3014Y4.3771
G01 X29.1814Y4.3338
G01 X29.1589Y4.3241
G01 X29.0437Y4.2692
G01 X29.0223Y4.2573
G01 X28.9130Y4.1915
G01 X28.8928Y4.1775
G01 X28.7905Y4.1012
G01 X28.7718Y4.0853
G01 X28.6775Y3.9994
G01 X28.6604Y3.9818
G01 X28.5750Y3.8871
G01 X28.5598Y3.8678
G01 X28.5000Y3.7873
G01 X28.4402Y3.8678
G01 X28.4250Y3.8871
G01 X28.3396Y3.9818
G01 X28.3118Y4.0096
G01 X28.2282Y4.0853
G01 X28.2095Y4.1012
G01 X28.1072Y4.1775
G01 X28.0745Y4.1993
G01 X27.9777Y4.2573
G01 X27.9563Y4.2692
G01 X27.8411Y4.3241
G01 X27.8048Y4.3391
G01 X27.6846Y4.3818
G01 X27.6610Y4.3885
G01 X27.5515Y4.4159
G01 X27.5130Y4.4236
G01 X27.4014Y4.4401
G01 X27.3770Y4.4430
G01 X27.2496Y4.4495
G01 X27.2104Y4.4495
G01 X27.0830Y4.4430
G01 X27.0586Y4.4401
G01 X26.9324Y4.4211
G01 X26.9085Y4.4159
G01 X26.7990Y4.3885
G01 X26.7754Y4.3818
G01 X26.6552Y4.3391
G01 X26.6323Y4.3301
G01 X26.5169Y4.2758
G01 X26.4823Y4.2573
G01 X26.3855Y4.1993
G01 X26.3648Y4.1860
G01 X26.2622Y4.1102
G01 X26.2318Y4.0853
G01 X26.1446Y4.0062
G01 X26.1204Y3.9818
G01 X26.0350Y3.8871
G01 X26.0198Y3.8678
G01 X25.9600Y3.7873
G01 X25.9002Y3.8678
G01 X25.8850Y3.8871
G01 X25.7996Y3.9818
G01 X25.7825Y3.9994
G01 X25.6882Y4.0853
G01 X25.6695Y4.1012
G01 X25.5672Y4.1775
G01 X25.5470Y4.1915
G01 X25.4377Y4.2573
G01 X25.4163Y4.2692
G01 X25.3011Y4.3241
G01 X25.2786Y4.3338
G01 X25.1586Y4.3771
G01 X25.1352Y4.3846
G01 X25.0115Y4.4159
G01 X24.9779Y4.4228
G01 X24.8468Y4.4420
G01 X24.8223Y4.4440
G01 X24.7096Y4.4495
G01 X24.6704Y4.4495
G01 X24.5577Y4.4440
G01 X24.5332Y4.4420
G01 X24.3924Y4.4211
G01 X24.3685Y4.4159
G01 X24.2590Y4.3885
G01 X24.2214Y4.3771
G01 X24.1014Y4.3338
G01 X24.0789Y4.3241
G01 X23.9769Y4.2758
G01 X23.9423Y4.2573
G01 X23.8455Y4.1993
G01 X23.8248Y4.1860
G01 X23.7105Y4.1012
G01 X23.6918Y4.0853
G01 X23.6082Y4.0096
G01 X23.5804Y3.9818
G01 X23.4950Y3.8871
G01 X23.4798Y3.8678
G01 X23.4200Y3.7873
G01 X23.3602Y3.8678
G01 X23.3450Y3.8871
G01 X23.2596Y3.9818
G01 X23.2354Y4.0062
G01 X23.1482Y4.0853
G01 X23.1178Y4.1102
G01 X23.0152Y4.1860
G01 X22.9945Y4.1993
G01 X22.8977Y4.2573
G01 X22.8763Y4.2692
G01 X22.7611Y4.3241
G01 X22.7248Y4.3391
G01 X22.6046Y4.3818
G01 X22.5810Y4.3885
G01 X22.4715Y4.4159
G01 X22.4330Y4.4236
G01 X22.3214Y4.4401
G01 X22.2970Y4.4430
G01 X22.1696Y4.4495
G01 X22.1304Y4.4495
G01 X22.0030Y4.4430
G01 X21.9786Y4.4401
G01 X21.8670Y4.4236
G01 X21.8332Y4.4170
G01 X21.7190Y4.3885
G01 X21.6814Y4.3771
G01 X21.5614Y4.3338
G01 X21.5389Y4.3241
G01 X21.4369Y4.2758
G01 X21.4150Y4.2646
G01 X21.3055Y4.1993
G01 X21.2728Y4.1775
G01 X21.1705Y4.1012
G01 X21.1518Y4.0853
G01 X21.0682Y4.0096
G01 X21.0404Y3.9818
G01 X20.9550Y3.8871
G01 X20.9398Y3.8678
G01 X20.8640Y3.7652
G01 X20.8507Y3.7445
G01 X20.7854Y3.6350
G01 X20.7742Y3.6131
G01 X20.7199Y3.4977
G01 X20.7109Y3.4748
G01 X20.6682Y3.3546
G01 X20.6615Y3.3310
G01 X20.6308Y3.2072
G01 X20.6264Y3.1830
G01 X20.6080Y3.0568
G01 X20.6060Y3.0323
G01 X20.6001Y2.9049
G01 X20.6005Y2.8804
G01 X20.6070Y2.7530
G01 X20.6099Y2.7286
G01 X20.6289Y2.6024
G01 X20.6341Y2.5785
G01 X20.6654Y2.4548
G01 X20.6729Y2.4314
G01 X20.7162Y2.3114
G01 X20.7259Y2.2889
G01 X20.7808Y2.1737
G01 X20.7927Y2.1523
G01 X20.8585Y2.0430
G01 X20.8725Y2.0228
G01 X20.9488Y1.9205
G01 X20.9647Y1.9018
G01 X21.0506Y1.8075
G01 X21.0682Y1.7904
G01 X21.1629Y1.7050
G01 X21.1822Y1.6898
G01 X21.2848Y1.6140
G01 X21.3055Y1.6007
G01 X21.4150Y1.5354
G01 X21.4369Y1.5242
G01 X21.5523Y1.4699
G01 X21.5752Y1.4609
G01 X21.6954Y1.4182
G01 X21.7190Y1.4115
G01 X21.8428Y1.3808
G01 X21.8670Y1.3764
G01 X21.9932Y1.3580
G01 X22.0177Y1.3560
G01 X22.1451Y1.3501
G01 X22.1696Y1.3505
G01 X22.2970Y1.3570
G01 X22.3214Y1.3599
G01 X22.4476Y1.3789
G01 X22.4715Y1.3841
G01 X22.5952Y1.4154
G01 X22.6186Y1.4229
G01 X22.7386Y1.4662
G01 X22.7611Y1.4759
G01 X22.8763Y1.5308
G01 X22.8977Y1.5427
G01 X23.0070Y1.6085
G01 X23.0272Y1.6225
G01 X23.1295Y1.6988
G01 X23.1482Y1.7147
G01 X23.2425Y1.8006
G01 X23.2596Y1.8182
G01 X23.3450Y1.9129
G01 X23.3602Y1.9322
G01 X23.4200Y2.0127
G00 Z20.0000
G00 X23.1556Y1.7214
G01 Z20.0000
G01 X23.5370Y-0.8500
G01 X23.1331Y-0.8500
G01 X22.7863Y1.4879
G00 Z20.0000
G00 X22.3997Y1.3715
G01 Z20.0000
G01 X22.7292Y-0.8500
G01 X22.3253Y-0.8500
G01 X21.9979Y1.3575
G00 Z20.0000
G00 X21.5789Y1.4596
G01 Z20.0000
G01 X21.9215Y-0.8500
G01 X21.5176Y-0.8500
G01 X21.1349Y1.7300
G00 Z20.0000
G00 X20.8389Y3.7249
G01 Z20.0000
G01 X20.6766Y4.8196
G01 X20.3000Y12.4846
G01 X20.3504Y13.5105
G00 Z20.0000
G00 X20.7343Y13.1836
G01 Z20.0000
G01 X20.7000Y12.4846
G01 X20.9691Y7.0071
G00 Z20.0000
G00 X21.3527Y7.3411
G01 Z20.0000
G01 X21.1000Y12.4846
G01 X21.1327Y13.1500
G01 X21.5327Y13.1500
G01 X21.5000Y12.4846
G01 X21.7447Y7.5045
G00 Z20.0000
G00 X22.1425Y7.5484
G01 Z20.0000
G01 X21.9000Y12.4846
G01 X21.9327Y13.1500
G00 Z20.0000
G00 X22.3329Y13.1547
G01 Z20.0000
G01 X22.3000Y12.4846
G01 X22.5459Y7.4791
G00 Z20.0000
G00 X22.9562Y7.2687
G01 Z20.0000
G01 X22.7000Y12.4846
G01 X22.7430Y13.3597
G01 X23.1370Y13.2385
G01 X23.3367Y17.3032
G00 Z20.0000
G00 X23.7366Y17.3005
G01 Z20.0000
G01 X23.5401Y13.3000
G00 Z20.0000
G00 X23.9378Y13.2545
G01 Z20.0000
G01 X24.1464Y17.4993
G00 Z20.0000
G00 X24.5373Y17.3146
G01 Z20.0000
G01 X24.3349Y13.1946
G00 Z20.0000
G00 X24.7401Y13.3000
G01 Z20.0000
G01 X24.9366Y17.3000
G00 Z20.0000
G00 X25.3428Y17.4269
G01 Z20.0000
G01 X25.1390Y13.2790
G00 Z20.0000
G00 X25.5318Y13.1321
G01 Z20.0000
G01 X25.7383Y17.3348
G00 Z20.0000
G00 X26.1366Y17.3000
G01 Z20.0000
G01 X25.9401Y13.3000
G00 Z20.0000
G00 X26.3398Y13.2938
G01 Z20.0000
G01 X26.5403Y17.3767
G01 X26.9398Y17.3652
G01 X26.7276Y13.0459
G00 Z20.0000
G00 X27.1399Y13.2962
G01 Z20.0000
G01 X27.3366Y17.3000
G00 Z20.0000
G00 X27.7386Y17.3416
G01 Z20.0000
G01 X27.5400Y13.2998
G00 Z20.0000
G00 X27.9316Y13.1286
G01 Z20.0000
G01 X28.1419Y17.4076
G00 Z20.0000
G00 X28.5366Y17.3000
G01 Z20.0000
G01 X28.3392Y13.2835
G00 Z20.0000
G00 X28.7401Y13.3000
G01 Z20.0000
G01 X28.9375Y17.3181
G00 Z20.0000
G00 X29.3447Y17.4650
G01 Z20.0000
G01 X29.1345Y13.1877
G01 X29.5382Y13.2612
G01 X29.7366Y17.3001
G00 Z20.0000
G00 X30.1368Y17.3044
G01 Z20.0000
G01 X29.9401Y13.3000
G00 Z20.0000
G00 X30.3367Y13.2312
G01 Z20.0000
G01 X30.5486Y17.5447
G00 Z20.0000
G00 X30.9368Y17.3053
G01 Z20.0000
G01 X30.7365Y13.2274
G00 Z20.0000
G00 X31.1401Y13.3000
G01 Z20.0000
G01 X31.3366Y17.3000
G00 Z20.0000
G00 X31.7452Y17.4752
G01 Z20.0000
G01 X31.5382Y13.2626
G01 X31.9341Y13.1788
G01 X32.1375Y17.3194
G00 Z20.0000
G00 X32.5366Y17.3000
G01 Z20.0000
G01 X32.3401Y13.3000
G00 Z20.0000
G00 X32.7393Y13.2838
G01 Z20.0000
G01 X32.9420Y17.4104
G00 Z20.0000
G00 X33.1017Y19.5059
G01 Z20.0000
G01 X33.2596Y20.5708
G00 Z20.0000
G00 X32.8395Y20.4611
G01 Z20.0000
G01 X32.7390Y19.7839
G00 Z20.0000
G00 X32.3375Y19.8000
G01 Z20.0000
G01 X32.4365Y20.4676
G00 Z20.0000
G00 X32.0487Y20.5760
G01 Z20.0000
G01 X31.9130Y19.6610
G01 X31.5249Y19.7677
G01 X31.6782Y20.8007
G00 Z20.0000
G00 X31.3039Y21.0002
G01 Z20.0000
G01 X31.1258Y19.8000
G00 Z20.0000
G00 X30.7087Y19.7104
G01 Z20.0000
G01 X30.8451Y20.6301
G00 Z20.0000
G00 X30.4188Y20.4791
G01 Z20.0000
G01 X30.3099Y19.7449
G00 Z20.0000
G00 X29.9142Y19.8000
G01 Z20.0000
G01 X30.0113Y20.4549
G00 Z20.0000
G00 X29.6192Y20.5344
G01 Z20.0000
G01 X29.5023Y19.7459
G01 X29.0938Y19.7151
G01 X29.2432Y20.7223
G00 Z20.0000
G00 X28.8894Y21.0597
G01 Z20.0000
G01 X28.7025Y19.8000
G00 Z20.0000
G00 X28.2943Y19.7709
G01 Z20.0000
G01 X28.4330Y20.7060
G00 Z20.0000
G00 X27.9998Y20.5087
G01 Z20.0000
G01 X27.8767Y19.6782
G00 Z20.0000
G00 X27.4908Y19.8000
G01 Z20.0000
G01 X27.5873Y20.4501
G00 Z20.0000
G00 X27.1909Y20.5010
G01 Z20.0000
G01 X27.0851Y19.7873
G00 Z20.0000
G00 X26.6582Y19.6321
G01 Z20.0000
G01 X26.8100Y20.6560
G00 Z20.0000
G00 X26.4486Y20.9423
G01 Z20.0000
G01 X26.2791Y19.7994
G00 Z20.0000
G00 X25.8748Y19.7967
G01 Z20.0000
G01 X26.0240Y20.8025
G00 Z20.0000
G00 X25.5825Y20.5494
G01 Z20.0000
G01 X25.4534Y19.6790
G01 X25.4476Y19.5608
G00 Z20.0000
G00 X25.0666Y19.7943
G01 Z20.0000
G01 X25.1648Y20.4556
G00 Z20.0000
G00 X24.7638Y20.4754
G01 Z20.0000
G01 X24.6636Y19.8000
G00 Z20.0000
G00 X24.2506Y19.6203
G01 Z20.0000
G01 X24.2592Y19.7967
G01 X24.3784Y20.5998
G00 Z20.0000
G00 X24.0105Y20.8430
G01 Z20.0000
G01 X23.8611Y19.8359
G01 X23.8585Y19.7816
G00 Z20.0000
G00 X23.4594Y19.8000
G01 Z20.0000
G01 X23.4631Y19.8751
G01 X23.6194Y20.9291
G00 Z20.0000
G00 X23.7700Y21.1127
G01 Z20.0000
G01 X23.8298Y21.0322
G01 X23.8450Y21.0129
G01 X23.9304Y20.9182
G01 X23.9546Y20.8938
G01 X24.0418Y20.8147
G01 X24.0722Y20.7898
G01 X24.1748Y20.7140
G01 X24.1955Y20.7007
G01 X24.2965Y20.6402
G01 X24.3269Y20.6242
G01 X24.4423Y20.5699
G01 X24.4652Y20.5609
G01 X24.5714Y20.5229
G01 X24.5948Y20.5154
G01 X24.7185Y20.4841
G01 X24.7424Y20.4789
G01 X24.8686Y20.4599
G01 X24.9077Y20.4560
G01 X25.0204Y20.4505
G01 X25.0449Y20.4501
G01 X25.1723Y20.4560
G01 X25.2114Y20.4599
G01 X25.3279Y20.4772
G01 X25.3615Y20.4841
G01 X25.4710Y20.5115
G01 X25.4946Y20.5182
G01 X25.6148Y20.5609
G01 X25.6511Y20.5759
G01 X25.7531Y20.6242
G01 X25.7750Y20.6354
G01 X25.8845Y20.7007
G01 X25.9172Y20.7225
G01 X26.0195Y20.7988
G01 X26.0382Y20.8147
G01 X26.1218Y20.8904
G01 X26.1496Y20.9182
G01 X26.2350Y21.0129
G01 X26.2502Y21.0322
G01 X26.3100Y21.1127
G01 X26.3698Y21.0322
G01 X26.3850Y21.0129
G01 X26.4704Y20.9182
G01 X26.4946Y20.8938
G01 X26.5818Y20.8147
G01 X26.6122Y20.7898
G01 X26.7148Y20.7140
G01 X26.7355Y20.7007
G01 X26.8365Y20.6402
G01 X26.8669Y20.6242
G01 X26.9823Y20.5699
G01 X27.0052Y20.5609
G01 X27.1254Y20.5182
G01 X27.1490Y20.5115
G01 X27.2585Y20.4841
G01 X27.2824Y20.4789
G01 X27.4086Y20.4599
G01 X27.4428Y20.4563
G01 X27.5604Y20.4505
G01 X27.5996Y20.4505
G01 X27.7270Y20.4570
G01 X27.7514Y20.4599
G01 X27.8630Y20.4764
G01 X27.9015Y20.4841
G01 X28.0110Y20.5115
G01 X28.0346Y20.5182
G01 X28.1548Y20.5609
G01 X28.1911Y20.5759
G01 X28.2931Y20.6242
G01 X28.3150Y20.6354
G01 X28.4245Y20.7007
G01 X28.4572Y20.7225
G01 X28.5595Y20.7988
G01 X28.5782Y20.8147
G01 X28.6618Y20.8904
G01 X28.6896Y20.9182
G01 X28.7750Y21.0129
G01 X28.7902Y21.0322
G01 X28.8500Y21.1127
G01 X28.9098Y21.0322
G01 X28.9250Y21.0129
G01 X29.0104Y20.9182
G01 X29.0346Y20.8938
G01 X29.1218Y20.8147
G01 X29.1522Y20.7898
G01 X29.2548Y20.7140
G01 X29.2755Y20.7007
G01 X29.3723Y20.6427
G01 X29.4069Y20.6242
G01 X29.5223Y20.5699
G01 X29.5452Y20.5609
G01 X29.6654Y20.5182
G01 X29.6890Y20.5115
G01 X29.8128Y20.4808
G01 X29.8370Y20.4764
G01 X29.9632Y20.4580
G01 X29.9877Y20.4560
G01 X30.1004Y20.4505
G01 X30.1396Y20.4505
G01 X30.2670Y20.4570
G01 X30.2914Y20.4599
G01 X30.4030Y20.4764
G01 X30.4415Y20.4841
G01 X30.5510Y20.5115
G01 X30.5746Y20.5182
G01 X30.6948Y20.5609
G01 X30.7311Y20.5759
G01 X30.8331Y20.6242
G01 X30.8550Y20.6354
G01 X30.9645Y20.7007
G01 X30.9972Y20.7225
G01 X31.0995Y20.7988
G01 X31.1182Y20.8147
G01 X31.2018Y20.8904
G01 X31.2296Y20.9182
G01 X31.3150Y21.0129
G01 X31.3302Y21.0322
G01 X31.3900Y21.1127
G01 X31.4498Y21.0322
G01 X31.4650Y21.0129
G01 X31.5504Y20.9182
G01 X31.5782Y20.8904
G01 X31.6618Y20.8147
G01 X31.6805Y20.7988
G01 X31.7948Y20.7140
G01 X31.8155Y20.7007
G01 X31.9123Y20.6427
G01 X31.9469Y20.6242
G01 X32.0489Y20.5759
G01 X32.0714Y20.5662
G01 X32.1914Y20.5229
G01 X32.2290Y20.5115
G01 X32.3385Y20.4841
G01 X32.3624Y20.4789
G01 X32.5032Y20.4580
G01 X32.5277Y20.4560
G01 X32.6404Y20.4505
G01 X32.6796Y20.4505
G01 X32.7923Y20.4560
G01 X32.8168Y20.4580
G01 X32.9479Y20.4772
G01 X32.9815Y20.4841
G01 X33.1052Y20.5154
G01 X33.1286Y20.5229
G01 X33.2486Y20.5662
G01 X33.2711Y20.5759
G01 X33.3863Y20.6308
G01 X33.4077Y20.6427
G01 X33.5170Y20.7085
G01 X33.5372Y20.7225
G01 X33.6395Y20.7988
G01 X33.6582Y20.8147
G01 X33.7525Y20.9006
G01 X33.7696Y20.9182
G01 X33.8550Y21.0129
G01 X33.8702Y21.0322
G01 X33.9300Y21.1127
G01 X33.9898Y21.0322
G01 X34.0050Y21.0129
G01 X34.0904Y20.9182
G01 X34.1182Y20.8904
G01 X34.2018Y20.8147
G01 X34.2205Y20.7988
G01 X34.3228Y20.7225
G01 X34.3555Y20.7007
G01 X34.4650Y20.6354
G01 X34.4869Y20.6242
G01 X34.5889Y20.5759
G01 X34.6252Y20.5609
G01 X34.7454Y20.5182
G01 X34.7690Y20.5115
G01 X34.8785Y20.4841
G01 X34.9170Y20.4764
G01 X35.0286Y20.4599
G01 X35.0530Y20.4570
G01 X35.1804Y20.4505
G01 X35.2196Y20.4505
G01 X35.3470Y20.4570
G01 X35.3714Y20.4599
G01 X35.4976Y20.4789
G01 X35.5215Y20.4841
G01 X35.6452Y20.5154
G01 X35.6686Y20.5229
G01 X35.7886Y20.5662
G01 X35.8111Y20.5759
G01 X35.9263Y20.6308
G01 X35.9477Y20.6427
G01 X36.0570Y20.7085
G01 X36.0772Y20.7225
G01 X36.1795Y20.7988
G01 X36.1982Y20.8147
G01 X36.2925Y20.9006
G01 X36.3096Y20.9182
G01 X36.3950Y21.0129
G01 X36.4102Y21.0322
G01 X36.4860Y21.1348
G01 X36.4993Y21.1555
G01 X36.5646Y21.2650
G01 X36.5758Y21.2869
G01 X36.6301Y21.4023
G01 X36.6391Y21.4252
G01 X36.6818Y21.5454
G01 X36.6885Y21.5690
G01 X36.7192Y21.6928
G01 X36.7236Y21.7170
G01 X36.7420Y21.8432
G01 X36.7440Y21.8677
G01 X36.7499Y21.9951
G01 X36.7495Y22.0196
G01 X36.7430Y22.1470
G01 X36.7401Y22.1714
G01 X36.7211Y22.2976
G01 X36.7159Y22.3215
G01 X36.6846Y22.4452
G01 X36.6771Y22.4686
G01 X36.6338Y22.5886
G01 X36.6241Y22.6111
G01 X36.5758Y22.7131
G01 X36.5573Y22.7477
G01 X36.4915Y22.8570
G01 X36.4775Y22.8772
G01 X36.4102Y22.9678
G01 X36.3853Y22.9982
G01 X36.3062Y23.0854
G01 X36.2818Y23.1096
G01 X36.1982Y23.1853
G01 X36.1795Y23.2012
G01 X36.0772Y23.2775
G01 X36.0570Y23.2915
G01 X35.9477Y23.3573
G01 X35.9263Y23.3692
G01 X35.8111Y23.4241
G01 X35.7886Y23.4338
G01 X35.6546Y23.4818
G01 X35.6310Y23.4885
G01 X35.5072Y23.5192
G01 X35.4830Y23.5236
G01 X35.3568Y23.5420
G01 X35.3323Y23.5440
G01 X35.2196Y23.5495
G01 X35.1804Y23.5495
G01 X35.0530Y23.5430
G01 X35.0286Y23.5401
G01 X34.9170Y23.5236
G01 X34.8785Y23.5159
G01 X34.7690Y23.4885
G01 X34.7454Y23.4818
G01 X34.6252Y23.4391
G01 X34.5889Y23.4241
G01 X34.4737Y23.3692
G01 X34.4523Y23.3573
G01 X34.3555Y23.2993
G01 X34.3348Y23.2860
G01 X34.2322Y23.2102
G01 X34.2018Y23.1853
G01 X34.1146Y23.1062
G01 X34.0904Y23.0818
G01 X34.0050Y22.9871
G01 X33.9898Y22.9678
G01 X33.9300Y22.8873
G01 X33.8702Y22.9678
G01 X33.8550Y22.9871
G01 X33.7696Y23.0818
G01 X33.7454Y23.1062
G01 X33.6582Y23.1853
G01 X33.6278Y23.2102
G01 X33.5252Y23.2860
G01 X33.5045Y23.2993
G01 X33.4035Y23.3598
G01 X33.3731Y23.3758
G01 X33.2577Y23.4301
G01 X33.2348Y23.4391
G01 X33.1286Y23.4771
G01 X33.1052Y23.4846
G01 X32.9815Y23.5159
G01 X32.9576Y23.5211
G01 X32.8314Y23.5401
G01 X32.7923Y23.5440
G01 X32.6796Y23.5495
G01 X32.6551Y23.5499
G01 X32.5277Y23.5440
G01 X32.4886Y23.5401
G01 X32.3721Y23.5228
G01 X32.3385Y23.5159
G01 X32.2290Y23.4885
G01 X32.2054Y23.4818
G01 X32.0852Y23.4391
G01 X32.0489Y23.4241
G01 X31.9469Y23.3758
G01 X31.9250Y23.3646
G01 X31.8155Y23.2993
G01 X31.7828Y23.2775
G01 X31.6805Y23.2012
G01 X31.6618Y23.1853
G01 X31.5782Y23.1096
G01 X31.5504Y23.0818
G01 X31.4650Y22.9871
G01 X31.4498Y22.9678
G01 X31.3900Y22.8873
G01 X31.3302Y22.9678
G01 X31.3150Y22.9871
G01 X31.2296Y23.0818
G01 X31.2054Y23.1062
G01 X31.1182Y23.1853
G01 X31.0878Y23.2102
G01 X30.9852Y23.2860
G01 X30.9645Y23.2993
G01 X30.8677Y23.3573
G01 X30.8331Y23.3758
G01 X30.7177Y23.4301
G01 X30.6948Y23.4391
G01 X30.5746Y23.4818
G01 X30.5510Y23.4885
G01 X30.4272Y23.5192
G01 X30.4030Y23.5236
G01 X30.2768Y23.5420
G01 X30.2523Y23.5440
G01 X30.1396Y23.5495
G01 X30.1004Y23.5495
G01 X29.9730Y23.5430
G01 X29.9486Y23.5401
G01 X29.8370Y23.5236
G01 X29.7985Y23.5159
G01 X29.6890Y23.4885
G01 X29.6654Y23.4818
G01 X29.5452Y23.4391
G01 X29.5089Y23.4241
G01 X29.4069Y23.3758
G01 X29.3850Y23.3646
G01 X29.2755Y23.2993
G01 X29.2428Y23.2775
G01 X29.1405Y23.2012
G01 X29.1218Y23.1853
G01 X29.0382Y23.1096
G01 X29.0104Y23.0818
G01 X28.9250Y22.9871
G01 X28.9098Y22.9678
G01 X28.8500Y22.8873
G01 X28.7902Y22.9678
G01 X28.7750Y22.9871
G01 X28.6896Y23.0818
G01 X28.6618Y23.1096
G01 X28.5782Y23.1853
G01 X28.5595Y23.2012
G01 X28.4452Y23.2860
G01 X28.4245Y23.2993
G01 X28.3277Y23.3573
G01 X28.2931Y23.3758
G01 X28.1911Y23.4241
G01 X28.1686Y23.4338
G01 X28.0486Y23.4771
G01 X28.0110Y23.4885
G01 X27.9015Y23.5159
G01 X27.8776Y23.5211
G01 X27.7368Y23.5420
G01 X27.7123Y23.5440
G01 X27.5996Y23.5495
G01 X27.5604Y23.5495
G01 X27.4477Y23.5440
G01 X27.4232Y23.5420
G01 X27.2921Y23.5228
G01 X27.2585Y23.5159
G01 X27.1348Y23.4846
G01 X27.1114Y23.4771
G01 X26.9914Y23.4338
G01 X26.9689Y23.4241
G01 X26.8537Y23.3692
G01 X26.8323Y23.3573
G01 X26.7230Y23.2915
G01 X26.7028Y23.2775
G01 X26.6005Y23.2012
G01 X26.5818Y23.1853
G01 X26.4875Y23.0994
G01 X26.4704Y23.0818
G01 X26.3850Y22.9871
G01 X26.3698Y22.9678
G01 X26.3100Y22.8873
G01 X26.2502Y22.9678
G01 X26.2350Y22.9871
G01 X26.1496Y23.0818
G01 X26.1218Y23.1096
G01 X26.0382Y23.1853
G01 X26.0195Y23.2012
G01 X25.9172Y23.2775
G01 X25.8845Y23.2993
G01 X25.7750Y23.3646
G01 X25.7531Y23.3758
G01 X25.6511Y23.4241
G01 X25.6148Y23.4391
G01 X25.4946Y23.4818
G01 X25.4710Y23.4885
G01 X25.3615Y23.5159
G01 X25.3230Y23.5236
G01 X25.2114Y23.5401
G01 X25.1870Y23.5430
G01 X25.0596Y23.5495
G01 X25.0204Y23.5495
G01 X24.9028Y23.5437
G01 X24.8686Y23.5401
G01 X24.7424Y23.5211
G01 X24.7185Y23.5159
G01 X24.6090Y23.4885
G01 X24.5854Y23.4818
G01 X24.4652Y23.4391
G01 X24.4423Y23.4301
G01 X24.3269Y23.3758
G01 X24.2965Y23.3598
G01 X24.1955Y23.2993
G01 X24.1748Y23.2860
G01 X24.0722Y23.2102
G01 X24.0418Y23.1853
G01 X23.9546Y23.1062
G01 X23.9304Y23.0818
G01 X23.8450Y22.9871
G01 X23.8298Y22.9678
G01 X23.7700Y22.8873
G01 X23.7102Y22.9678
G01 X23.6950Y22.9871
G01 X23.6096Y23.0818
G01 X23.5854Y23.1062
G01 X23.4982Y23.1853
G01 X23.4678Y23.2102
G01 X23.3652Y23.2860
G01 X23.3445Y23.2993
G01 X23.2477Y23.3573
G01 X23.2263Y23.3692
G01 X23.1111Y23.4241
G01 X23.0748Y23.4391
G01 X22.9546Y23.4818
G01 X22.9310Y23.4885
G01 X22.8215Y23.5159
G01 X22.7830Y23.5236
G01 X22.6714Y23.5401
G01 X22.6470Y23.5430
G01 X22.5196Y23.5495
G01 X22.4804Y23.5495
G01 X22.3628Y23.5437
G01 X22.3286Y23.5401
G01 X22.2024Y23.5211
G01 X22.1785Y23.5159
G01 X22.0690Y23.4885
G01 X22.0314Y23.4771
G01 X21.9114Y23.4338
G01 X21.8889Y23.4241
G01 X21.7869Y23.3758
G01 X21.7650Y23.3646
G01 X21.6555Y23.2993
G01 X21.6228Y23.2775
G01 X21.5205Y23.2012
G01 X21.5018Y23.1853
G01 X21.4182Y23.1096
G01 X21.3904Y23.0818
G01 X21.3050Y22.9871
G01 X21.2898Y22.9678
G01 X21.2140Y22.8652
G01 X21.2007Y22.8445
G01 X21.1354Y22.7350
G01 X21.1242Y22.7131
G01 X21.0699Y22.5977
G01 X21.0609Y22.5748
G01 X21.0182Y22.4546
G01 X21.0115Y22.4310
G01 X20.9808Y22.3072
G01 X20.9764Y22.2830
G01 X20.9580Y22.1568
G01 X20.9560Y22.1323
G01 X20.9501Y22.0049
G01 X20.9505Y21.9804
G01 X20.9570Y21.8530
G01 X20.9599Y21.8286
G01 X20.9789Y21.7024
G01 X20.9841Y21.6785
G01 X21.0154Y21.5548
G01 X21.0229Y21.5314
G01 X21.0662Y21.4114
G01 X21.0759Y21.3889
G01 X21.1308Y21.2737
G01 X21.1427Y21.2523
G01 X21.2085Y21.1430
G01 X21.2225Y21.1228
G01 X21.2988Y21.0205
G01 X21.3147Y21.0018
G01 X21.4006Y20.9075
G01 X21.4182Y20.8904
G01 X21.5129Y20.8050
G01 X21.5322Y20.7898
G01 X21.6348Y20.7140
G01 X21.6555Y20.7007
G01 X21.7650Y20.6354
G01 X21.7869Y20.6242
G01 X21.9023Y20.5699
G01 X21.9252Y20.5609
G01 X22.0454Y20.5182
G01 X22.0690Y20.5115
G01 X22.1928Y20.4808
G01 X22.2170Y20.4764
G01 X22.3432Y20.4580
G01 X22.3677Y20.4560
G01 X22.4951Y20.4501
G01 X22.5196Y20.4505
G01 X22.6470Y20.4570
G01 X22.6714Y20.4599
G01 X22.7976Y20.4789
G01 X22.8215Y20.4841
G01 X22.9452Y20.5154
G01 X22.9686Y20.5229
G01 X23.0886Y20.5662
G01 X23.1111Y20.5759
G01 X23.2263Y20.6308
G01 X23.2477Y20.6427
G01 X23.3570Y20.7085
G01 X23.3772Y20.7225
G01 X23.4795Y20.7988
G01 X23.4982Y20.8147
G01 X23.5925Y20.9006
G01 X23.6096Y20.9182
G01 X23.6950Y21.0129
G01 X23.7102Y21.0322
G01 X23.7700Y21.1127
G00 Z20.0000
G00 X23.1671Y20.6024
G01 Z20.0000
G01 X23.0650Y19.9143
G01 X23.0538Y19.6864
G01 X22.7436Y20.4706
G01 X22.6669Y19.9535
G01 X22.5887Y18.3614
G00 Z20.0000
G00 X22.1931Y18.4500
G01 Z20.0000
G01 X22.2688Y19.9927
G01 X22.3380Y20.4586
G00 Z20.0000
G00 X21.9480Y20.5527
G01 Z20.0000
G01 X21.8708Y20.0319
G01 X21.7931Y18.4500
G01 X21.3931Y18.4500
G01 X21.4727Y20.0711
G01 X21.5746Y20.7583
G00 Z20.0000
G00 X21.2244Y21.1202
G01 Z20.0000
G01 X21.0746Y20.1103
G01 X20.9931Y18.4500
G00 Z20.0000
G00 X20.9268Y18.4497
G01 Z20.0000
G01 X20.8654Y18.4451
G01 X20.8304Y18.4404
G01 X20.8111Y18.4365
G01 X20.7627Y18.4249
G01 X20.7288Y18.4148
G01 X20.7104Y18.4079
G01 X20.6644Y18.3889
G01 X20.6326Y18.3735
G01 X20.6155Y18.3639
G01 X20.5730Y18.3379
G01 X20.5439Y18.3178
G01 X20.5285Y18.3056
G01 X20.4906Y18.2732
G01 X20.4651Y18.2488
G01 X20.4518Y18.2344
G01 X20.4194Y18.1965
G01 X20.3980Y18.1684
G01 X20.3871Y18.1520
G01 X20.3611Y18.1095
G01 X20.3443Y18.0785
G01 X20.3346Y18.0570
G01 X20.3142Y18.0072
G01 X20.3021Y17.9699
G01 X20.2885Y17.9139
G01 X20.2821Y17.8791
G01 X20.2795Y17.8557
G01 X20.2752Y17.7942
G01 X20.2752Y16.7808
G01 X20.2795Y16.7193
G01 X20.2821Y16.6959
G01 X20.2885Y16.6611
G01 X20.3021Y16.6051
G01 X20.3102Y16.5788
G01 X20.3185Y16.5568
G01 X20.3393Y16.5072
G01 X20.3571Y16.4722
G01 X20.3871Y16.4230
G01 X20.4072Y16.3939
G01 X20.4219Y16.3755
G01 X20.4570Y16.3347
G01 X20.4762Y16.3151
G01 X20.4936Y16.2992
G01 X20.5346Y16.2644
G01 X20.5566Y16.2480
G01 X20.5763Y16.2350
G01 X20.6222Y16.2071
G01 X20.6465Y16.1943
G01 X20.6680Y16.1846
G01 X20.7178Y16.1642
G01 X20.7438Y16.1554
G01 X20.7665Y16.1491
G01 X20.8111Y16.1385
G01 X20.8304Y16.1346
G01 X20.8693Y16.1295
G01 X20.9151Y16.1260
G01 X20.9425Y16.1250
G01 X22.2575Y16.1250
G01 X22.2849Y16.1260
G01 X22.3424Y16.1306
G01 X22.3696Y16.1346
G01 X22.3889Y16.1385
G01 X22.4373Y16.1501
G01 X22.4712Y16.1602
G01 X22.4932Y16.1685
G01 X22.5356Y16.1861
G01 X22.5535Y16.1943
G01 X22.5845Y16.2111
G01 X22.6337Y16.2414
G01 X22.6654Y16.2644
G01 X22.7094Y16.3018
G01 X22.7349Y16.3262
G01 X22.7508Y16.3436
G01 X22.7856Y16.3846
G01 X22.8086Y16.4163
G01 X22.8429Y16.4722
G01 X22.8607Y16.5072
G01 X22.8858Y16.5678
G01 X22.8946Y16.5938
G01 X22.9009Y16.6165
G01 X22.9132Y16.6688
G01 X22.9179Y16.6959
G01 X22.9201Y16.7154
G01 X22.9240Y16.7651
G01 X22.9250Y16.7925
G01 X22.9250Y17.5501
G01 X22.9422Y17.5256
G01 X22.9569Y17.5072
G01 X22.9812Y17.4790
G01 X23.0090Y17.4512
G01 X23.0372Y17.4269
G01 X23.0556Y17.4122
G01 X23.0780Y17.3963
G01 X23.1199Y17.3707
G01 X23.1548Y17.3528
G01 X23.1892Y17.3384
G01 X23.2113Y17.3301
G01 X23.2375Y17.3219
G01 X23.2852Y17.3105
G01 X23.3123Y17.3058
G01 X23.3357Y17.3032
G01 X23.3807Y17.3002
G01 X23.7371Y17.3005
G01 X23.7860Y17.3043
G01 X23.8132Y17.3083
G01 X23.8611Y17.3190
G01 X23.8838Y17.3253
G01 X23.9171Y17.3369
G01 X23.9658Y17.3579
G01 X24.0003Y17.3767
G01 X24.0320Y17.3963
G01 X24.0544Y17.4122
G01 X24.0728Y17.4269
G01 X24.1010Y17.4512
G01 X24.1288Y17.4790
G01 X24.1606Y17.5163
G01 X24.1771Y17.5383
G01 X24.1900Y17.5580
G01 X24.2029Y17.5383
G01 X24.2244Y17.5102
G01 X24.2512Y17.4790
G01 X24.2790Y17.4512
G01 X24.3072Y17.4269
G01 X24.3256Y17.4122
G01 X24.3480Y17.3963
G01 X24.3899Y17.3707
G01 X24.4248Y17.3528
G01 X24.4592Y17.3384
G01 X24.4813Y17.3301
G01 X24.5075Y17.3219
G01 X24.5552Y17.3105
G01 X24.5823Y17.3058
G01 X24.6057Y17.3032
G01 X24.6507Y17.3002
G01 X25.0071Y17.3005
G01 X25.0560Y17.3043
G01 X25.0832Y17.3083
G01 X25.1311Y17.3190
G01 X25.1538Y17.3253
G01 X25.1871Y17.3369
G01 X25.2358Y17.3579
G01 X25.2703Y17.3767
G01 X25.3020Y17.3963
G01 X25.3244Y17.4122
G01 X25.3428Y17.4269
G01 X25.3710Y17.4512
G01 X25.3988Y17.4790
G01 X25.4306Y17.5163
G01 X25.4471Y17.5383
G01 X25.4600Y17.5580
G01 X25.4729Y17.5383
G01 X25.4944Y17.5102
G01 X25.5212Y17.4790
G01 X25.5490Y17.4512
G01 X25.5772Y17.4269
G01 X25.5956Y17.4122
G01 X25.6180Y17.3963
G01 X25.6599Y17.3707
G01 X25.6948Y17.3528
G01 X25.7292Y17.3384
G01 X25.7513Y17.3301
G01 X25.7775Y17.3219
G01 X25.8252Y17.3105
G01 X25.8523Y17.3058
G01 X25.8757Y17.3032
G01 X25.9207Y17.3002
G01 X26.2771Y17.3005
G01 X26.3260Y17.3043
G01 X26.3532Y17.3083
G01 X26.4011Y17.3190
G01 X26.4238Y17.3253
G01 X26.4571Y17.3369
G01 X26.5058Y17.3579
G01 X26.5403Y17.3767
G01 X26.5720Y17.3963
G01 X26.5944Y17.4122
G01 X26.6128Y17.4269
G01 X26.6410Y17.4512
G01 X26.6688Y17.4790
G01 X26.7006Y17.5163
G01 X26.7171Y17.5383
G01 X26.7300Y17.5580
G01 X26.7429Y17.5383
G01 X26.7644Y17.5102
G01 X26.7912Y17.4790
G01 X26.8190Y17.4512
G01 X26.8472Y17.4269
G01 X26.8656Y17.4122
G01 X26.8880Y17.3963
G01 X26.9299Y17.3707
G01 X26.9648Y17.3528
G01 X26.9992Y17.3384
G01 X27.0213Y17.3301
G01 X27.0475Y17.3219
G01 X27.0952Y17.3105
G01 X27.1223Y17.3058
G01 X27.1457Y17.3032
G01 X27.1907Y17.3002
G01 X27.5471Y17.3005
G01 X27.5960Y17.3043
G01 X27.6232Y17.3083
G01 X27.6711Y17.3190
G01 X27.6938Y17.3253
G01 X27.7271Y17.3369
G01 X27.7758Y17.3579
G01 X27.8103Y17.3767
G01 X27.8420Y17.3963
G01 X27.8644Y17.4122
G01 X27.8828Y17.4269
G01 X27.9110Y17.4512
G01 X27.9388Y17.4790
G01 X27.9706Y17.5163
G01 X27.9871Y17.5383
G01 X28.0000Y17.5580
G01 X28.0129Y17.5383
G01 X28.0344Y17.5102
G01 X28.0612Y17.4790
G01 X28.0890Y17.4512
G01 X28.1172Y17.4269
G01 X28.1356Y17.4122
G01 X28.1580Y17.3963
G01 X28.1999Y17.3707
G01 X28.2348Y17.3528
G01 X28.2692Y17.3384
G01 X28.2913Y17.3301
G01 X28.3175Y17.3219
G01 X28.3652Y17.3105
G01 X28.3923Y17.3058
G01 X28.4157Y17.3032
G01 X28.4529Y17.3005
G01 X28.8132Y17.3003
G01 X28.8660Y17.3043
G01 X28.8932Y17.3083
G01 X28.9411Y17.3190
G01 X28.9638Y17.3253
G01 X28.9971Y17.3369
G01 X29.0458Y17.3579
G01 X29.0803Y17.3767
G01 X29.1120Y17.3963
G01 X29.1344Y17.4122
G01 X29.1528Y17.4269
G01 X29.1810Y17.4512
G01 X29.2088Y17.4790
G01 X29.2406Y17.5163
G01 X29.2571Y17.5383
G01 X29.2700Y17.5580
G01 X29.2829Y17.5383
G01 X29.3044Y17.5102
G01 X29.3312Y17.4790
G01 X29.3590Y17.4512
G01 X29.3872Y17.4269
G01 X29.4056Y17.4122
G01 X29.4280Y17.3963
G01 X29.4699Y17.3707
G01 X29.5048Y17.3528
G01 X29.5392Y17.3384
G01 X29.5613Y17.3301
G01 X29.5875Y17.3219
G01 X29.6237Y17.3131
G01 X29.6468Y17.3083
G01 X29.6740Y17.3043
G01 X29.7150Y17.3010
G01 X29.7425Y17.3000
G01 X30.0832Y17.3003
G01 X30.1360Y17.3043
G01 X30.1632Y17.3083
G01 X30.2111Y17.3190
G01 X30.2338Y17.3253
G01 X30.2671Y17.3369
G01 X30.3158Y17.3579
G01 X30.3503Y17.3767
G01 X30.3820Y17.3963
G01 X30.4044Y17.4122
G01 X30.4228Y17.4269
G01 X30.4510Y17.4512
G01 X30.4788Y17.4790
G01 X30.5106Y17.5163
G01 X30.5271Y17.5383
G01 X30.5400Y17.5580
G01 X30.5529Y17.5383
G01 X30.5694Y17.5163
G01 X30.5934Y17.4878
G01 X30.6093Y17.4704
G01 X30.6290Y17.4512
G01 X30.6602Y17.4244
G01 X30.6756Y17.4122
G01 X30.7047Y17.3921
G01 X30.7399Y17.3707
G01 X30.7642Y17.3579
G01 X30.7857Y17.3482
G01 X30.8202Y17.3341
G01 X30.8575Y17.3219
G01 X30.8937Y17.3131
G01 X30.9168Y17.3083
G01 X30.9440Y17.3043
G01 X30.9850Y17.3010
G01 X31.0086Y17.3000
G01 X31.3532Y17.3003
G01 X31.4060Y17.3043
G01 X31.4332Y17.3083
G01 X31.4811Y17.3190
G01 X31.5038Y17.3253
G01 X31.5371Y17.3369
G01 X31.5858Y17.3579
G01 X31.6203Y17.3767
G01 X31.6520Y17.3963
G01 X31.6744Y17.4122
G01 X31.6928Y17.4269
G01 X31.7210Y17.4512
G01 X31.7488Y17.4790
G01 X31.7806Y17.5163
G01 X31.7971Y17.5383
G01 X31.8100Y17.5580
G01 X31.8229Y17.5383
G01 X31.8394Y17.5163
G01 X31.8634Y17.4878
G01 X31.8793Y17.4704
G01 X31.8990Y17.4512
G01 X31.9272Y17.4269
G01 X31.9583Y17.4029
G01 X31.9780Y17.3900
G01 X32.0099Y17.3707
G01 X32.0448Y17.3528
G01 X32.0902Y17.3341
G01 X32.1162Y17.3252
G01 X32.1389Y17.3190
G01 X32.1752Y17.3105
G01 X32.2023Y17.3058
G01 X32.2257Y17.3032
G01 X32.2629Y17.3005
G01 X32.6075Y17.3000
G01 X32.6389Y17.3012
G01 X32.6877Y17.3058
G01 X32.7148Y17.3105
G01 X32.7625Y17.3219
G01 X32.7998Y17.3341
G01 X32.8452Y17.3528
G01 X32.8801Y17.3707
G01 X32.9120Y17.3900
G01 X32.9317Y17.4029
G01 X32.9598Y17.4244
G01 X32.9910Y17.4512
G01 X33.0188Y17.4790
G01 X33.0506Y17.5163
G01 X33.0671Y17.5383
G01 X33.0954Y17.5831
G01 X33.1121Y17.6142
G01 X33.1218Y17.6357
G01 X33.1399Y17.6813
G01 X33.1481Y17.7075
G01 X33.1595Y17.7552
G01 X33.1642Y17.7823
G01 X33.1664Y17.8018
G01 X33.1695Y17.8429
G01 X33.1700Y17.8625
G01 X33.1700Y19.2375
G01 X33.1690Y19.2650
G01 X33.1642Y19.3177
G01 X33.1595Y19.3448
G01 X33.1510Y19.3811
G01 X33.1447Y19.4038
G01 X33.1359Y19.4298
G01 X33.1172Y19.4752
G01 X33.0993Y19.5101
G01 X33.0800Y19.5420
G01 X33.0671Y19.5617
G01 X33.0431Y19.5928
G01 X33.0188Y19.6210
G01 X32.9996Y19.6407
G01 X32.9822Y19.6566
G01 X32.9537Y19.6806
G01 X32.9220Y19.7037
G01 X32.8801Y19.7293
G01 X32.8558Y19.7421
G01 X32.8380Y19.7503
G01 X32.7887Y19.7699
G01 X32.7625Y19.7781
G01 X32.7263Y19.7869
G01 X32.7032Y19.7917
G01 X32.6760Y19.7956
G01 X32.6271Y19.7995
G01 X32.6075Y19.8000
G01 X32.2629Y19.7995
G01 X32.2140Y19.7956
G01 X32.1868Y19.7917
G01 X32.1637Y19.7869
G01 X32.1162Y19.7748
G01 X32.0829Y19.7631
G01 X32.0342Y19.7421
G01 X32.0099Y19.7293
G01 X31.9780Y19.7100
G01 X31.9456Y19.6878
G01 X31.9272Y19.6731
G01 X31.8990Y19.6488
G01 X31.8712Y19.6210
G01 X31.8394Y19.5837
G01 X31.8229Y19.5617
G01 X31.8100Y19.5420
G01 X31.7971Y19.5617
G01 X31.7756Y19.5898
G01 X31.7488Y19.6210
G01 X31.7210Y19.6488
G01 X31.6928Y19.6731
G01 X31.6744Y19.6878
G01 X31.6520Y19.7037
G01 X31.6101Y19.7293
G01 X31.5752Y19.7472
G01 X31.5408Y19.7616
G01 X31.5187Y19.7699
G01 X31.4925Y19.7781
G01 X31.4448Y19.7895
G01 X31.4177Y19.7942
G01 X31.3943Y19.7968
G01 X31.3493Y19.7998
G01 X30.9929Y19.7995
G01 X30.9440Y19.7957
G01 X30.9168Y19.7917
G01 X30.8689Y19.7810
G01 X30.8462Y19.7747
G01 X30.8129Y19.7631
G01 X30.7642Y19.7421
G01 X30.7297Y19.7233
G01 X30.6980Y19.7037
G01 X30.6756Y19.6878
G01 X30.6572Y19.6731
G01 X30.6290Y19.6488
G01 X30.6012Y19.6210
G01 X30.5694Y19.5837
G01 X30.5529Y19.5617
G01 X30.5400Y19.5420
G01 X30.5271Y19.5617
G01 X30.5056Y19.5898
G01 X30.4788Y19.6210
G01 X30.4510Y19.6488
G01 X30.4228Y19.6731
G01 X30.4044Y19.6878
G01 X30.3820Y19.7037
G01 X30.3401Y19.7293
G01 X30.3052Y19.7472
G01 X30.2708Y19.7616
G01 X30.2487Y19.7699
G01 X30.2225Y19.7781
G01 X30.1748Y19.7895
G01 X30.1477Y19.7942
G01 X30.1243Y19.7968
G01 X30.0793Y19.7998
G01 X29.7229Y19.7995
G01 X29.6740Y19.7957
G01 X29.6468Y19.7917
G01 X29.5989Y19.7810
G01 X29.5762Y19.7747
G01 X29.5429Y19.7631
G01 X29.4942Y19.7421
G01 X29.4597Y19.7233
G01 X29.4280Y19.7037
G01 X29.4056Y19.6878
G01 X29.3872Y19.6731
G01 X29.3590Y19.6488
G01 X29.3312Y19.6210
G01 X29.2994Y19.5837
G01 X29.2829Y19.5617
G01 X29.2700Y19.5420
G01 X29.2571Y19.5617
G01 X29.2356Y19.5898
G01 X29.2088Y19.6210
G01 X29.1810Y19.6488
G01 X29.1528Y19.6731
G01 X29.1344Y19.6878
G01 X29.1120Y19.7037
G01 X29.0701Y19.7293
G01 X29.0352Y19.7472
G01 X29.0008Y19.7616
G01 X28.9787Y19.7699
G01 X28.9525Y19.7781
G01 X28.9048Y19.7895
G01 X28.8777Y19.7942
G01 X28.8543Y19.7968
G01 X28.8171Y19.7995
G01 X28.7975Y19.8000
G01 X28.4529Y19.7995
G01 X28.4040Y19.7957
G01 X28.3768Y19.7917
G01 X28.3289Y19.7810
G01 X28.3062Y19.7747
G01 X28.2729Y19.7631
G01 X28.2242Y19.7421
G01 X28.1897Y19.7233
G01 X28.1580Y19.7037
G01 X28.1356Y19.6878
G01 X28.1172Y19.6731
G01 X28.0890Y19.6488
G01 X28.0612Y19.6210
G01 X28.0294Y19.5837
G01 X28.0129Y19.5617
G01 X28.0000Y19.5420
G01 X27.9871Y19.5617
G01 X27.9656Y19.5898
G01 X27.9388Y19.6210
G01 X27.9110Y19.6488
G01 X27.8828Y19.6731
G01 X27.8644Y19.6878
G01 X27.8420Y19.7037
G01 X27.8001Y19.7293
G01 X27.7652Y19.7472
G01 X27.7308Y19.7616
G01 X27.7087Y19.7699
G01 X27.6825Y19.7781
G01 X27.6348Y19.7895
G01 X27.6077Y19.7942
G01 X27.5843Y19.7968
G01 X27.5471Y19.7995
G01 X27.5275Y19.8000
G01 X27.1829Y19.7995
G01 X27.1340Y19.7957
G01 X27.1068Y19.7917
G01 X27.0589Y19.7810
G01 X27.0362Y19.7747
G01 X27.0029Y19.7631
G01 X26.9542Y19.7421
G01 X26.9197Y19.7233
G01 X26.8880Y19.7037
G01 X26.8656Y19.6878
G01 X26.8472Y19.6731
G01 X26.8190Y19.6488
G01 X26.7912Y19.6210
G01 X26.7594Y19.5837
G01 X26.7429Y19.5617
G01 X26.7300Y19.5420
G01 X26.7171Y19.5617
G01 X26.6956Y19.5898
G01 X26.6688Y19.6210
G01 X26.6410Y19.6488
G01 X26.6128Y19.6731
G01 X26.5944Y19.6878
G01 X26.5720Y19.7037
G01 X26.5301Y19.7293
G01 X26.4952Y19.7472
G01 X26.4608Y19.7616
G01 X26.4387Y19.7699
G01 X26.4125Y19.7781
G01 X26.3763Y19.7869
G01 X26.3532Y19.7917
G01 X26.3260Y19.7957
G01 X26.2889Y19.7988
G01 X26.2575Y19.8000
G01 X25.9129Y19.7995
G01 X25.8640Y19.7957
G01 X25.8368Y19.7917
G01 X25.7889Y19.7810
G01 X25.7662Y19.7747
G01 X25.7329Y19.7631
G01 X25.6842Y19.7421
G01 X25.6497Y19.7233
G01 X25.6180Y19.7037
G01 X25.5956Y19.6878
G01 X25.5772Y19.6731
G01 X25.5490Y19.6488
G01 X25.5212Y19.6210
G01 X25.4894Y19.5837
G01 X25.4729Y19.5617
G01 X25.4600Y19.5420
G01 X25.4471Y19.5617
G01 X25.4306Y19.5837
G01 X25.3988Y19.6210
G01 X25.3710Y19.6488
G01 X25.3428Y19.6731
G01 X25.3244Y19.6878
G01 X25.3020Y19.7037
G01 X25.2703Y19.7233
G01 X25.2358Y19.7421
G01 X25.1871Y19.7631
G01 X25.1538Y19.7747
G01 X25.1311Y19.7810
G01 X25.0832Y19.7917
G01 X25.0482Y19.7964
G01 X24.9993Y19.7998
G01 X24.6586Y19.8000
G01 X24.6350Y19.7990
G01 X24.5940Y19.7957
G01 X24.5668Y19.7917
G01 X24.5437Y19.7869
G01 X24.5075Y19.7781
G01 X24.4702Y19.7659
G01 X24.4357Y19.7518
G01 X24.4142Y19.7421
G01 X24.3899Y19.7293
G01 X24.3547Y19.7079
G01 X24.3256Y19.6878
G01 X24.3102Y19.6756
G01 X24.2790Y19.6488
G01 X24.2593Y19.6296
G01 X24.2434Y19.6122
G01 X24.2194Y19.5837
G01 X24.2029Y19.5617
G01 X24.1900Y19.5420
G01 X24.1771Y19.5617
G01 X24.1606Y19.5837
G01 X24.1288Y19.6210
G01 X24.1010Y19.6488
G01 X24.0728Y19.6731
G01 X24.0544Y19.6878
G01 X24.0320Y19.7037
G01 X24.0003Y19.7233
G01 X23.9658Y19.7421
G01 X23.9171Y19.7631
G01 X23.8838Y19.7747
G01 X23.8611Y19.7810
G01 X23.8132Y19.7917
G01 X23.7860Y19.7957
G01 X23.7371Y19.7995
G01 X23.3925Y19.8000
G01 X23.3650Y19.7990
G01 X23.3240Y19.7957
G01 X23.2852Y19.7895
G01 X23.2375Y19.7781
G01 X23.2002Y19.7659
G01 X23.1548Y19.7472
G01 X23.1199Y19.7293
G01 X23.0780Y19.7037
G01 X23.0463Y19.6806
G01 X23.0090Y19.6488
G01 X22.9893Y19.6296
G01 X22.9544Y19.5898
G01 X22.9329Y19.5617
G01 X22.9046Y19.5169
G01 X22.8879Y19.4858
G01 X22.8669Y19.4371
G01 X22.8553Y19.4038
G01 X22.8490Y19.3811
G01 X22.8383Y19.3332
G01 X22.8336Y19.2982
G01 X22.8302Y19.2493
G01 X22.8300Y18.1242
G01 X22.8086Y18.1587
G01 X22.7928Y18.1811
G01 X22.7781Y18.1995
G01 X22.7430Y18.2403
G01 X22.7238Y18.2599
G01 X22.7064Y18.2758
G01 X22.6654Y18.3106
G01 X22.6434Y18.3270
G01 X22.6237Y18.3400
G01 X22.5778Y18.3679
G01 X22.5535Y18.3807
G01 X22.5320Y18.3904
G01 X22.4822Y18.4108
G01 X22.4562Y18.4196
G01 X22.4335Y18.4259
G01 X22.3889Y18.4365
G01 X22.3696Y18.4404
G01 X22.3307Y18.4455
G01 X22.2849Y18.4490
G01 X22.2575Y18.4500
G01 X20.9268Y18.4497
G00 Z20.0000
G00 X20.4877Y16.3044
G01 Z20.0000
G01 X20.4354Y15.2402
G00 Z20.0000
G00 X20.8466Y15.4679
G01 Z20.0000
G01 X20.8790Y16.1288
G00 Z20.0000
G00 X21.2788Y16.1250
G01 Z20.0000
G01 X21.2469Y15.4750
G00 Z20.0000
G00 X20.9268Y15.4747
G01 Z20.0000
G01 X20.8654Y15.4701
G01 X20.8304Y15.4654
G01 X20.8111Y15.4615
G01 X20.7627Y15.4499
G01 X20.7288Y15.4398
G01 X20.7104Y15.4329
G01 X20.6644Y15.4139
G01 X20.6326Y15.3985
G01 X20.6121Y15.3869
G01 X20.5663Y15.3586
G01 X20.5346Y15.3356
G01 X20.4906Y15.2982
G01 X20.4651Y15.2738
G01 X20.4492Y15.2564
G01 X20.4144Y15.2154
G01 X20.3914Y15.1837
G01 X20.3571Y15.1278
G01 X20.3393Y15.0928
G01 X20.3142Y15.0322
G01 X20.3054Y15.0062
G01 X20.2991Y14.9835
G01 X20.2868Y14.9312
G01 X20.2821Y14.9041
G01 X20.2799Y14.8846
G01 X20.2762Y14.8388
G01 X20.2750Y14.8114
G01 X20.2750Y13.8175
G01 X20.2758Y13.7926
G01 X20.2787Y13.7509
G01 X20.2829Y13.7155
G01 X20.2966Y13.6502
G01 X20.3002Y13.6364
G01 X20.3087Y13.6091
G01 X20.3270Y13.5600
G01 X20.3384Y13.5338
G01 X20.3448Y13.5210
G01 X20.3772Y13.4627
G01 X20.3931Y13.4390
G01 X20.4245Y13.3970
G01 X20.4428Y13.3751
G01 X20.4575Y13.3595
G01 X20.5001Y13.3178
G01 X20.5220Y13.2995
G01 X20.5640Y13.2681
G01 X20.5877Y13.2522
G01 X20.6397Y13.2231
G01 X20.6588Y13.2134
G01 X20.6850Y13.2020
G01 X20.7341Y13.1837
G01 X20.7614Y13.1752
G01 X20.7821Y13.1700
G01 X20.8264Y13.1605
G01 X20.8546Y13.1559
G01 X20.8759Y13.1537
G01 X20.9262Y13.1504
G01 X22.2575Y13.1500
G01 X22.2849Y13.1510
G01 X22.3307Y13.1545
G01 X22.3541Y13.1571
G01 X22.3812Y13.1618
G01 X22.4335Y13.1741
G01 X22.4562Y13.1804
G01 X22.4932Y13.1935
G01 X22.5428Y13.2143
G01 X22.5778Y13.2321
G01 X22.6337Y13.2664
G01 X22.6654Y13.2894
G01 X22.7064Y13.3242
G01 X22.7238Y13.3401
G01 X22.7430Y13.3598
G01 X22.7781Y13.4005
G01 X22.7928Y13.4189
G01 X22.8086Y13.4413
G01 X22.8369Y13.4871
G01 X22.8485Y13.5076
G01 X22.8607Y13.5322
G01 X22.8815Y13.5818
G01 X22.8898Y13.6038
G01 X22.8979Y13.6301
G01 X22.9107Y13.6823
G01 X22.9154Y13.7054
G01 X22.9194Y13.7326
G01 X22.9240Y13.7901
G01 X22.9250Y13.8175
G01 X22.9250Y14.8075
G01 X22.9240Y14.8349
G01 X22.9201Y14.8846
G01 X22.9179Y14.9041
G01 X22.9132Y14.9312
G01 X22.9009Y14.9835
G01 X22.8898Y15.0212
G01 X22.8815Y15.0432
G01 X22.8607Y15.0928
G01 X22.8429Y15.1278
G01 X22.8086Y15.1837
G01 X22.7856Y15.2154
G01 X22.7508Y15.2564
G01 X22.7349Y15.2738
G01 X22.7152Y15.2930
G01 X22.6745Y15.3281
G01 X22.6561Y15.3428
G01 X22.6337Y15.3586
G01 X22.5778Y15.3929
G01 X22.5428Y15.4107
G01 X22.4932Y15.4315
G01 X22.4712Y15.4398
G01 X22.4449Y15.4479
G01 X22.3927Y15.4607
G01 X22.3541Y15.4679
G01 X22.3346Y15.4701
G01 X22.2888Y15.4738
G01 X22.2575Y15.4750
G01 X20.9268Y15.4747
G00 Z20.0000
G00 X21.6469Y15.4750
G01 Z20.0000
G01 X21.6788Y16.1250
G01 X22.0788Y16.1250
G01 X22.0469Y15.4750
G00 Z20.0000
G00 X22.4456Y15.4477
G01 Z20.0000
G01 X22.4807Y16.1637
G00 Z20.0000
G00 X22.9035Y16.6277
G01 Z20.0000
G01 X22.8308Y15.1478
G00 Z20.0000
G00 X22.9250Y17.0646
G01 Z20.0000
G01 X22.9473Y17.5189
G00 Z20.0000
G00 X23.1807Y10.8419
G01 Z20.0000
G01 X23.2975Y8.4634
G00 Z20.0000
G00 X23.6655Y9.1157
G01 Z20.0000
G01 X23.5828Y10.8000
G00 Z20.0000
G00 X23.7332Y10.8003
G01 Z20.0000
G01 X23.7743Y10.8032
G01 X23.7977Y10.8058
G01 X23.8248Y10.8105
G01 X23.8725Y10.8219
G01 X23.8987Y10.8301
G01 X23.9208Y10.8384
G01 X23.9552Y10.8528
G01 X23.9901Y10.8707
G01 X24.0220Y10.8900
G01 X24.0417Y10.9029
G01 X24.0637Y10.9194
G01 X24.1010Y10.9512
G01 X24.1288Y10.9790
G01 X24.1556Y11.0102
G01 X24.1771Y11.0383
G01 X24.1900Y11.0580
G01 X24.2029Y11.0383
G01 X24.2244Y11.0102
G01 X24.2512Y10.9790
G01 X24.2790Y10.9512
G01 X24.3163Y10.9194
G01 X24.3383Y10.9029
G01 X24.3580Y10.8900
G01 X24.3899Y10.8707
G01 X24.4248Y10.8528
G01 X24.4592Y10.8384
G01 X24.4813Y10.8301
G01 X24.5075Y10.8219
G01 X24.5552Y10.8105
G01 X24.5823Y10.8058
G01 X24.6057Y10.8032
G01 X24.6507Y10.8002
G01 X25.0071Y10.8005
G01 X25.0560Y10.8043
G01 X25.0832Y10.8083
G01 X25.1063Y10.8131
G01 X25.1538Y10.8253
G01 X25.1908Y10.8384
G01 X25.2252Y10.8528
G01 X25.2498Y10.8650
G01 X25.2953Y10.8921
G01 X25.3244Y10.9122
G01 X25.3428Y10.9269
G01 X25.3710Y10.9512
G01 X25.3988Y10.9790
G01 X25.4306Y11.0163
G01 X25.4471Y11.0383
G01 X25.4600Y11.0580
G01 X25.4729Y11.0383
G01 X25.4944Y11.0102
G01 X25.5212Y10.9790
G01 X25.5490Y10.9512
G01 X25.5863Y10.9194
G01 X25.6083Y10.9029
G01 X25.6280Y10.8900
G01 X25.6599Y10.8707
G01 X25.6948Y10.8528
G01 X25.7292Y10.8384
G01 X25.7513Y10.8301
G01 X25.7775Y10.8219
G01 X25.8252Y10.8105
G01 X25.8523Y10.8058
G01 X25.8757Y10.8032
G01 X25.9207Y10.8002
G01 X26.2771Y10.8005
G01 X26.3260Y10.8043
G01 X26.3532Y10.8083
G01 X26.3763Y10.8131
G01 X26.4238Y10.8253
G01 X26.4608Y10.8384
G01 X26.4952Y10.8528
G01 X26.5198Y10.8650
G01 X26.5653Y10.8921
G01 X26.5944Y10.9122
G01 X26.6128Y10.9269
G01 X26.6410Y10.9512
G01 X26.6688Y10.9790
G01 X26.7006Y11.0163
G01 X26.7171Y11.0383
G01 X26.7300Y11.0580
G01 X26.7429Y11.0383
G01 X26.7644Y11.0102
G01 X26.7912Y10.9790
G01 X26.8190Y10.9512
G01 X26.8563Y10.9194
G01 X26.8783Y10.9029
G01 X26.8980Y10.8900
G01 X26.9299Y10.8707
G01 X26.9648Y10.8528
G01 X26.9992Y10.8384
G01 X27.0213Y10.8301
G01 X27.0475Y10.8219
G01 X27.0837Y10.8131
G01 X27.1068Y10.8083
G01 X27.1340Y10.8043
G01 X27.1829Y10.8005
G01 X27.5432Y10.8003
G01 X27.5960Y10.8043
G01 X27.6232Y10.8083
G01 X27.6463Y10.8131
G01 X27.6938Y10.8253
G01 X27.7308Y10.8384
G01 X27.7652Y10.8528
G01 X27.7898Y10.8650
G01 X27.8353Y10.8921
G01 X27.8644Y10.9122
G01 X27.8828Y10.9269
G01 X27.9110Y10.9512
G01 X27.9388Y10.9790
G01 X27.9706Y11.0163
G01 X27.9871Y11.0383
G01 X28.0000Y11.0580
G01 X28.0129Y11.0383
G01 X28.0344Y11.0102
G01 X28.0612Y10.9790
G01 X28.0890Y10.9512
G01 X28.1263Y10.9194
G01 X28.1483Y10.9029
G01 X28.1680Y10.8900
G01 X28.1999Y10.8707
G01 X28.2348Y10.8528
G01 X28.2692Y10.8384
G01 X28.2913Y10.8301
G01 X28.3175Y10.8219
G01 X28.3537Y10.8131
G01 X28.3768Y10.8083
G01 X28.4040Y10.8043
G01 X28.4529Y10.8005
G01 X28.8132Y10.8003
G01 X28.8660Y10.8043
G01 X28.8932Y10.8083
G01 X28.9163Y10.8131
G01 X28.9638Y10.8253
G01 X29.0008Y10.8384
G01 X29.0352Y10.8528
G01 X29.0598Y10.8650
G01 X29.1053Y10.8921
G01 X29.1344Y10.9122
G01 X29.1528Y10.9269
G01 X29.1810Y10.9512
G01 X29.2088Y10.9790
G01 X29.2406Y11.0163
G01 X29.2571Y11.0383
G01 X29.2700Y11.0580
G01 X29.2829Y11.0383
G01 X29.3044Y11.0102
G01 X29.3312Y10.9790
G01 X29.3590Y10.9512
G01 X29.3963Y10.9194
G01 X29.4183Y10.9029
G01 X29.4380Y10.8900
G01 X29.4699Y10.8707
G01 X29.5048Y10.8528
G01 X29.5392Y10.8384
G01 X29.5613Y10.8301
G01 X29.5875Y10.8219
G01 X29.6237Y10.8131
G01 X29.6468Y10.8083
G01 X29.6740Y10.8043
G01 X29.7111Y10.8012
G01 X29.7425Y10.8000
G01 X30.0832Y10.8003
G01 X30.1360Y10.8043
G01 X30.1632Y10.8083
G01 X30.1863Y10.8131
G01 X30.2338Y10.8253
G01 X30.2708Y10.8384
G01 X30.3052Y10.8528
G01 X30.3298Y10.8650
G01 X30.3753Y10.8921
G01 X30.4044Y10.9122
G01 X30.4228Y10.9269
G01 X30.4510Y10.9512
G01 X30.4788Y10.9790
G01 X30.5106Y11.0163
G01 X30.5271Y11.0383
G01 X30.5400Y11.0580
G01 X30.5529Y11.0383
G01 X30.5694Y11.0163
G01 X30.5934Y10.9878
G01 X30.6093Y10.9704
G01 X30.6290Y10.9512
G01 X30.6602Y10.9244
G01 X30.6883Y10.9029
G01 X30.7047Y10.8921
G01 X30.7399Y10.8707
G01 X30.7642Y10.8579
G01 X30.7857Y10.8482
G01 X30.8202Y10.8341
G01 X30.8575Y10.8219
G01 X30.8937Y10.8131
G01 X30.9168Y10.8083
G01 X30.9440Y10.8043
G01 X30.9850Y10.8010
G01 X31.0086Y10.8000
G01 X31.3532Y10.8003
G01 X31.4060Y10.8043
G01 X31.4332Y10.8083
G01 X31.4563Y10.8131
G01 X31.5038Y10.8253
G01 X31.5408Y10.8384
G01 X31.5752Y10.8528
G01 X31.5998Y10.8650
G01 X31.6453Y10.8921
G01 X31.6744Y10.9122
G01 X31.6928Y10.9269
G01 X31.7210Y10.9512
G01 X31.7488Y10.9790
G01 X31.7806Y11.0163
G01 X31.7971Y11.0383
G01 X31.8100Y11.0580
G01 X31.8229Y11.0383
G01 X31.8394Y11.0163
G01 X31.8712Y10.9790
G01 X31.8990Y10.9512
G01 X31.9272Y10.9269
G01 X31.9456Y10.9122
G01 X31.9780Y10.8900
G01 X32.0099Y10.8707
G01 X32.0342Y10.8579
G01 X32.0557Y10.8482
G01 X32.0902Y10.8341
G01 X32.1275Y10.8219
G01 X32.1752Y10.8105
G01 X32.2023Y10.8058
G01 X32.2511Y10.8012
G01 X32.2786Y10.8000
G01 X32.6193Y10.8002
G01 X32.6760Y10.8043
G01 X32.7148Y10.8105
G01 X32.7625Y10.8219
G01 X32.7887Y10.8301
G01 X32.8380Y10.8497
G01 X32.8698Y10.8650
G01 X32.9153Y10.8921
G01 X32.9444Y10.9122
G01 X32.9851Y10.9460
G01 X33.0107Y10.9704
G01 X33.0431Y11.0072
G01 X33.0578Y11.0256
G01 X33.0779Y11.0547
G01 X33.1050Y11.1002
G01 X33.1203Y11.1320
G01 X33.1399Y11.1813
G01 X33.1481Y11.2075
G01 X33.1595Y11.2552
G01 X33.1642Y11.2823
G01 X33.1664Y11.3018
G01 X33.1695Y11.3429
G01 X33.1700Y11.3625
G01 X33.1700Y12.7375
G01 X33.1695Y12.7571
G01 X33.1664Y12.7982
G01 X33.1642Y12.8177
G01 X33.1595Y12.8448
G01 X33.1481Y12.8925
G01 X33.1359Y12.9298
G01 X33.1172Y12.9752
G01 X33.0993Y13.0101
G01 X33.0737Y13.0520
G01 X33.0506Y13.0837
G01 X33.0188Y13.1210
G01 X32.9996Y13.1407
G01 X32.9822Y13.1566
G01 X32.9537Y13.1806
G01 X32.9317Y13.1971
G01 X32.8903Y13.2233
G01 X32.8558Y13.2421
G01 X32.8071Y13.2631
G01 X32.7887Y13.2699
G01 X32.7625Y13.2781
G01 X32.7148Y13.2895
G01 X32.6760Y13.2957
G01 X32.6271Y13.2995
G01 X32.6075Y13.3000
G01 X32.2629Y13.2995
G01 X32.2140Y13.2957
G01 X32.1868Y13.2917
G01 X32.1389Y13.2810
G01 X32.1162Y13.2747
G01 X32.0902Y13.2659
G01 X32.0557Y13.2518
G01 X32.0202Y13.2350
G01 X31.9747Y13.2079
G01 X31.9456Y13.1878
G01 X31.9272Y13.1731
G01 X31.8990Y13.1488
G01 X31.8712Y13.1210
G01 X31.8394Y13.0837
G01 X31.8229Y13.0617
G01 X31.8100Y13.0420
G01 X31.7971Y13.0617
G01 X31.7756Y13.0898
G01 X31.7488Y13.1210
G01 X31.7210Y13.1488
G01 X31.6837Y13.1806
G01 X31.6617Y13.1971
G01 X31.6420Y13.2100
G01 X31.6101Y13.2293
G01 X31.5752Y13.2472
G01 X31.5408Y13.2616
G01 X31.5187Y13.2699
G01 X31.4925Y13.2781
G01 X31.4448Y13.2895
G01 X31.4177Y13.2942
G01 X31.3943Y13.2968
G01 X31.3493Y13.2998
G01 X30.9929Y13.2995
G01 X30.9440Y13.2957
G01 X30.9168Y13.2917
G01 X30.8937Y13.2869
G01 X30.8462Y13.2747
G01 X30.8092Y13.2616
G01 X30.7748Y13.2472
G01 X30.7502Y13.2350
G01 X30.7047Y13.2079
G01 X30.6756Y13.1878
G01 X30.6572Y13.1731
G01 X30.6290Y13.1488
G01 X30.6012Y13.1210
G01 X30.5694Y13.0837
G01 X30.5529Y13.0617
G01 X30.5400Y13.0420
G01 X30.5271Y13.0617
G01 X30.5056Y13.0898
G01 X30.4788Y13.1210
G01 X30.4510Y13.1488
G01 X30.4137Y13.1806
G01 X30.3917Y13.1971
G01 X30.3720Y13.2100
G01 X30.3401Y13.2293
G01 X30.3052Y13.2472
G01 X30.2708Y13.2616
G01 X30.2487Y13.2699
G01 X30.2225Y13.2781
G01 X30.1748Y13.2895
G01 X30.1477Y13.2942
G01 X30.1243Y13.2968
G01 X30.0793Y13.2998
G01 X29.7229Y13.2995
G01 X29.6740Y13.2957
G01 X29.6468Y13.2917
G01 X29.6237Y13.2869
G01 X29.5762Y13.2747
G01 X29.5392Y13.2616
G01 X29.5048Y13.2472
G01 X29.4802Y13.2350
G01 X29.4347Y13.2079
G01 X29.4056Y13.1878
G01 X29.3872Y13.1731
G01 X29.3590Y13.1488
G01 X29.3312Y13.1210
G01 X29.2994Y13.0837
G01 X29.2829Y13.0617
G01 X29.2700Y13.0420
G01 X29.2571Y13.0617
G01 X29.2356Y13.0898
G01 X29.2088Y13.1210
G01 X29.1810Y13.1488
G01 X29.1437Y13.1806
G01 X29.1217Y13.1971
G01 X29.1020Y13.2100
G01 X29.0701Y13.2293
G01 X29.0352Y13.2472
G01 X29.0008Y13.2616
G01 X28.9787Y13.2699
G01 X28.9525Y13.2781
G01 X28.9163Y13.2869
G01 X28.8932Y13.2917
G01 X28.8660Y13.2957
G01 X28.8171Y13.2995
G01 X28.7975Y13.3000
G01 X28.4529Y13.2995
G01 X28.4040Y13.2957
G01 X28.3768Y13.2917
G01 X28.3537Y13.2869
G01 X28.3062Y13.2747
G01 X28.2692Y13.2616
G01 X28.2348Y13.2472
G01 X28.2102Y13.2350
G01 X28.1647Y13.2079
G01 X28.1356Y13.1878
G01 X28.1172Y13.1731
G01 X28.0890Y13.1488
G01 X28.0612Y13.1210
G01 X28.0294Y13.0837
G01 X28.0129Y13.0617
G01 X28.0000Y13.0420
G01 X27.9871Y13.0617
G01 X27.9656Y13.0898
G01 X27.9388Y13.1210
G01 X27.9110Y13.1488
G01 X27.8737Y13.1806
G01 X27.8517Y13.1971
G01 X27.8320Y13.2100
G01 X27.8001Y13.2293
G01 X27.7652Y13.2472
G01 X27.7308Y13.2616
G01 X27.7087Y13.2699
G01 X27.6825Y13.2781
G01 X27.6463Y13.2869
G01 X27.6232Y13.2917
G01 X27.5960Y13.2957
G01 X27.5471Y13.2995
G01 X27.5275Y13.3000
G01 X27.1829Y13.2995
G01 X27.1340Y13.2957
G01 X27.1068Y13.2917
G01 X27.0837Y13.2869
G01 X27.0362Y13.2747
G01 X26.9992Y13.2616
G01 X26.9648Y13.2472
G01 X26.9402Y13.2350
G01 X26.8947Y13.2079
G01 X26.8656Y13.1878
G01 X26.8472Y13.1731
G01 X26.8190Y13.1488
G01 X26.7912Y13.1210
G01 X26.7594Y13.0837
G01 X26.7429Y13.0617
G01 X26.7300Y13.0420
G01 X26.7171Y13.0617
G01 X26.6956Y13.0898
G01 X26.6688Y13.1210
G01 X26.6410Y13.1488
G01 X26.6037Y13.1806
G01 X26.5817Y13.1971
G01 X26.5620Y13.2100
G01 X26.5301Y13.2293
G01 X26.4952Y13.2472
G01 X26.4608Y13.2616
G01 X26.4387Y13.2699
G01 X26.4125Y13.2781
G01 X26.3763Y13.2869
G01 X26.3532Y13.2917
G01 X26.3260Y13.2957
G01 X26.2889Y13.2988
G01 X26.2575Y13.3000
G01 X25.9129Y13.2995
G01 X25.8640Y13.2957
G01 X25.8368Y13.2917
G01 X25.8137Y13.2869
G01 X25.7662Y13.2747
G01 X25.7292Y13.2616
G01 X25.6948Y13.2472
G01 X25.6702Y13.2350
G01 X25.6247Y13.2079
G01 X25.5956Y13.1878
G01 X25.5772Y13.1731
G01 X25.5490Y13.1488
G01 X25.5212Y13.1210
G01 X25.4894Y13.0837
G01 X25.4729Y13.0617
G01 X25.4600Y13.0420
G01 X25.4471Y13.0617
G01 X25.4306Y13.0837
G01 X25.4066Y13.1122
G01 X25.3907Y13.1296
G01 X25.3710Y13.1488
G01 X25.3398Y13.1756
G01 X25.3117Y13.1971
G01 X25.2953Y13.2079
G01 X25.2601Y13.2293
G01 X25.2358Y13.2421
G01 X25.2143Y13.2518
G01 X25.1798Y13.2659
G01 X25.1425Y13.2781
G01 X25.1063Y13.2869
G01 X25.0832Y13.2917
G01 X25.0560Y13.2957
G01 X25.0150Y13.2990
G01 X24.9914Y13.3000
G01 X24.6507Y13.2998
G01 X24.6018Y13.2964
G01 X24.5668Y13.2917
G01 X24.5437Y13.2869
G01 X24.4962Y13.2747
G01 X24.4592Y13.2616
G01 X24.4248Y13.2472
G01 X24.4002Y13.2350
G01 X24.3547Y13.2079
G01 X24.3256Y13.1878
G01 X24.3072Y13.1731
G01 X24.2790Y13.1488
G01 X24.2512Y13.1210
G01 X24.2194Y13.0837
G01 X24.2029Y13.0617
G01 X24.1900Y13.0420
G01 X24.1771Y13.0617
G01 X24.1606Y13.0837
G01 X24.1288Y13.1210
G01 X24.1010Y13.1488
G01 X24.0728Y13.1731
G01 X24.0544Y13.1878
G01 X24.0220Y13.2100
G01 X23.9901Y13.2293
G01 X23.9658Y13.2421
G01 X23.9443Y13.2518
G01 X23.9098Y13.2659
G01 X23.8725Y13.2781
G01 X23.8248Y13.2895
G01 X23.7977Y13.2942
G01 X23.7489Y13.2988
G01 X23.7214Y13.3000
G01 X23.3807Y13.2998
G01 X23.3240Y13.2957
G01 X23.2852Y13.2895
G01 X23.2375Y13.2781
G01 X23.2113Y13.2699
G01 X23.1620Y13.2503
G01 X23.1302Y13.2350
G01 X23.0880Y13.2100
G01 X23.0683Y13.1971
G01 X23.0402Y13.1756
G01 X23.0004Y13.1407
G01 X22.9760Y13.1151
G01 X22.9422Y13.0744
G01 X22.9263Y13.0520
G01 X22.9007Y13.0101
G01 X22.8828Y12.9752
G01 X22.8641Y12.9298
G01 X22.8519Y12.8925
G01 X22.8422Y12.8525
G01 X22.8383Y12.8332
G01 X22.8343Y12.8060
G01 X22.8310Y12.7650
G01 X22.8300Y12.7375
G01 X22.8300Y11.3625
G01 X22.8305Y11.3429
G01 X22.8332Y11.3057
G01 X22.8383Y11.2668
G01 X22.8490Y11.2189
G01 X22.8553Y11.1962
G01 X22.8641Y11.1702
G01 X22.8797Y11.1320
G01 X22.8879Y11.1142
G01 X22.9046Y11.0831
G01 X22.9263Y11.0480
G01 X22.9422Y11.0256
G01 X22.9569Y11.0072
G01 X22.9812Y10.9790
G01 X23.0004Y10.9593
G01 X23.0178Y10.9434
G01 X23.0463Y10.9194
G01 X23.0683Y10.9029
G01 X23.0880Y10.8900
G01 X23.1302Y10.8650
G01 X23.1548Y10.8528
G01 X23.1892Y10.8384
G01 X23.2262Y10.8253
G01 X23.2489Y10.8190
G01 X23.2852Y10.8105
G01 X23.3240Y10.8043
G01 X23.3650Y10.8010
G01 X23.3886Y10.8000
G01 X23.7332Y10.8003
G00 Z20.0000
G00 X23.9796Y10.8649
G01 Z20.0000
G01 X24.0517Y9.3960
G00 Z20.0000
G00 X24.4453Y9.5268
G01 Z20.0000
G01 X24.3790Y10.8771
G00 Z20.0000
G00 X24.7828Y10.8000
G01 Z20.0000
G01 X24.8445Y9.5427
G00 Z20.0000
G00 X25.2495Y9.4418
G01 Z20.0000
G01 X25.1811Y10.8346
G01 X25.5765Y10.9275
G01 X25.6622Y9.1832
G00 Z20.0000
G00 X26.0963Y8.4878
G01 Z20.0000
G01 X25.9828Y10.8000
G00 Z20.0000
G00 X26.3820Y10.8144
G01 Z20.0000
G01 X26.6477Y5.4077
G01 X26.7989Y4.3885
G00 Z20.0000
G00 X27.1938Y4.4487
G01 Z20.0000
G01 X27.0457Y5.4469
G01 X26.7729Y11.0001
G00 Z20.0000
G00 X27.1827Y10.8005
G01 Z20.0000
G01 X27.4438Y5.4862
G01 X27.6045Y4.4026
G00 Z20.0000
G00 X28.0351Y4.2229
G01 Z20.0000
G01 X27.8419Y5.5254
G01 X27.5826Y10.8031
G00 Z20.0000
G00 X27.9720Y11.0181
G01 Z20.0000
G01 X28.2400Y5.5646
G01 X28.5030Y3.7913
G00 Z20.0000
G00 X28.8539Y4.1486
G01 Z20.0000
G01 X28.6380Y5.6038
G01 X28.3824Y10.8074
G00 Z20.0000
G00 X28.7828Y10.8000
G01 Z20.0000
G01 X29.0361Y5.6430
G01 X29.2278Y4.3508
G00 Z20.0000
G00 X29.6181Y4.4425
G01 Z20.0000
G01 X29.4342Y5.6822
G01 X29.1756Y10.9464
G00 Z20.0000
G00 X29.5816Y10.8237
G01 Z20.0000
G01 X29.8323Y5.7214
G01 X30.0241Y4.4279
G00 Z20.0000
G00 X30.4481Y4.2924
G01 Z20.0000
G01 X30.2303Y5.7606
G01 X29.9828Y10.8000
G00 Z20.0000
G00 X30.3781Y10.8939
G01 Z20.0000
G01 X30.6284Y5.7998
G01 X30.9017Y3.9574
G01 X31.2896Y4.0652
G01 X31.0265Y5.8390
G01 X30.7803Y10.8505
G00 Z20.0000
G00 X31.1828Y10.8000
G01 Z20.0000
G01 X31.4245Y5.8782
G01 X31.6580Y4.3047
G00 Z20.0000
G00 X32.0438Y4.4261
G01 Z20.0000
G01 X31.8226Y5.9174
G01 X31.5800Y10.8552
G01 X31.9783Y10.8898
G01 X32.2207Y5.9566
G01 X32.4451Y4.4438
G00 Z20.0000
G00 X32.8634Y4.3468
G01 Z20.0000
G01 X32.6188Y5.9958
G01 X32.3828Y10.8000
G00 Z20.0000
G00 X32.7814Y10.8277
G01 Z20.0000
G01 X33.0168Y6.0350
G01 X33.3057Y4.0875
G01 X33.7274Y3.9674
G01 X33.4149Y6.0743
G01 X33.1602Y11.2589
G00 Z20.0000
G00 X33.1234Y12.9606
G01 Z20.0000
G01 X33.4149Y18.8949
G01 X33.7061Y20.8581
G01 X34.1152Y20.8932
G01 X33.8130Y18.8557
G01 X33.5000Y12.4846
G01 X33.8130Y6.1135
G01 X34.0895Y4.2496
G00 Z20.0000
G00 X34.4708Y4.4015
G01 Z20.0000
G01 X34.2111Y6.1527
G01 X33.9000Y12.4846
G01 X34.2111Y18.8165
G01 X34.4797Y20.6277
G00 Z20.0000
G00 X34.8629Y20.4880
G01 Z20.0000
G01 X34.6091Y18.7773
G01 X34.3000Y12.4846
G01 X34.6091Y6.1919
G01 X34.8676Y4.4496
G00 Z20.0000
G00 X35.2805Y4.3886
G01 Z20.0000
G01 X35.0072Y6.2311
G01 X34.7000Y12.4846
G01 X35.0072Y18.7381
G01 X35.2615Y20.4525
G00 Z20.0000
G00 X35.6763Y20.5257
G01 Z20.0000
G01 X35.4053Y18.6989
G01 X35.1000Y12.4846
G01 X35.4053Y6.2703
G01 X35.7144Y4.1865
G00 Z20.0000
G00 X36.1952Y3.6679
G01 Z20.0000
G01 X35.8034Y6.3095
G01 X35.5000Y12.4846
G01 X35.8034Y18.6597
G01 X36.1133Y20.7493
G01 X39.4883Y18.9961
G01 X40.2414Y24.0729
G01 X40.6614Y25.7500
G01 X40.2496Y25.7500
G01 X39.8490Y24.1510
G01 X38.9880Y18.3460
G01 X38.7000Y12.4846
G01 X38.8737Y8.9495
G00 Z20.0000
G00 X38.4546Y9.3367
G01 Z20.0000
G01 X38.3000Y12.4846
G01 X38.5899Y18.3852
G01 X39.4567Y24.2290
G01 X39.8377Y25.7500
G01 X39.4259Y25.7500
G01 X39.0644Y24.3070
G01 X38.1918Y18.4244
G01 X37.9000Y12.4846
G01 X38.0463Y9.5068
G00 Z20.0000
G00 X37.6443Y9.5477
G01 Z20.0000
G01 X37.5000Y12.4846
G01 X37.7937Y18.4636
G01 X38.6721Y24.3851
G01 X39.0140Y25.7500
G01 X38.6021Y25.7500
G01 X38.2798Y24.4631
G01 X37.3957Y18.5028
G01 X37.1000Y12.4846
G01 X37.2478Y9.4769
G00 Z20.0000
G00 X36.8575Y9.2788
G01 Z20.0000
G01 X36.7000Y12.4846
G01 X36.9976Y18.5420
G01 X37.8875Y24.5412
G01 X38.1903Y25.7500
G01 X37.7784Y25.7500
G01 X37.4952Y24.6192
G01 X36.5995Y18.5812
G01 X36.3000Y12.4846
G01 X36.4772Y8.8778
G00 Z20.0000
G00 X36.5593Y7.2060
G01 Z20.0000
G01 X36.5995Y6.3879
G01 X37.4952Y0.3500
G01 X37.7957Y-0.8500
G01 X38.2076Y-0.8500
G01 X37.8875Y0.4280
G01 X36.9976Y6.4271
G01 X36.9771Y6.8443
G00 Z20.0000
G00 X37.3849Y6.6854
G01 Z20.0000
G01 X37.3957Y6.4663
G01 X38.2798Y0.5060
G01 X38.6195Y-0.8500
G01 X39.0313Y-0.8500
G01 X38.6721Y0.5841
G01 X37.7937Y6.5055
G01 X37.7864Y6.6538
G00 Z20.0000
G00 X38.1825Y6.7340
G01 Z20.0000
G01 X38.1918Y6.5447
G01 X39.0644Y0.6621
G01 X39.4432Y-0.8500
G01 X39.8550Y-0.8500
G01 X39.4567Y0.7401
G01 X38.5899Y6.5839
G01 X38.5722Y6.9432
G00 Z20.0000
G00 X38.9513Y7.3696
G01 Z20.0000
G01 X38.9880Y6.6232
G01 X39.8490Y0.8182
G01 X40.2669Y-0.8500
G01 X40.6788Y-0.8500
G01 X40.2414Y0.8962
G01 X39.3860Y6.6624
G01 X39.3399Y7.6008
G01 X39.1499Y8.0902
G01 X39.1495Y8.1196
G01 X39.1445Y8.2225
G01 X39.1425Y8.2470
G01 X39.1255Y8.3635
G01 X39.1178Y8.4020
G01 X39.0889Y8.5162
G01 X39.0814Y8.5396
G01 X39.0467Y8.6366
G01 X39.0337Y8.6684
G01 X38.9855Y8.7704
G01 X38.9691Y8.8006
G01 X38.9083Y8.9015
G01 X38.8943Y8.9216
G01 X38.8329Y9.0044
G01 X38.8113Y9.0311
G01 X38.7388Y9.1111
G01 X38.7111Y9.1388
G01 X38.6347Y9.2080
G01 X38.6160Y9.2239
G01 X38.5216Y9.2943
G01 X38.5015Y9.3083
G01 X38.4006Y9.3691
G01 X38.3792Y9.3810
G01 X38.2594Y9.4377
G01 X38.2366Y9.4467
G01 X38.1256Y9.4861
G01 X38.1020Y9.4928
G01 X38.0020Y9.5178
G01 X37.9635Y9.5255
G01 X37.8567Y9.5413
G01 X37.8225Y9.5445
G01 X37.7196Y9.5495
G01 X37.6951Y9.5499
G01 X37.5775Y9.5445
G01 X37.5530Y9.5425
G01 X37.4365Y9.5255
G01 X37.4123Y9.5211
G01 X37.2838Y9.4889
G01 X37.2604Y9.4814
G01 X37.1497Y9.4414
G01 X37.1272Y9.4317
G01 X37.0340Y9.3876
G01 X36.9994Y9.3691
G01 X36.9068Y9.3136
G01 X36.8784Y9.2943
G01 X36.7956Y9.2329
G01 X36.7764Y9.2177
G01 X36.6889Y9.1388
G01 X36.6713Y9.1218
G01 X36.5823Y9.0236
G01 X36.5671Y9.0044
G01 X36.4971Y8.9096
G01 X36.4839Y8.8890
G01 X36.4236Y8.7878
G01 X36.4124Y8.7660
G01 X36.3683Y8.6728
G01 X36.3533Y8.6366
G01 X36.3170Y8.5349
G01 X36.3072Y8.5020
G01 X36.2822Y8.4020
G01 X36.2770Y8.3781
G01 X36.2594Y8.2616
G01 X36.2566Y8.2372
G01 X36.2501Y8.1049
G01 X36.2505Y8.0804
G01 X36.2558Y7.9726
G01 X36.2594Y7.9384
G01 X36.2770Y7.8219
G01 X36.2822Y7.7980
G01 X36.3072Y7.6980
G01 X36.3170Y7.6651
G01 X36.3533Y7.5634
G01 X36.3683Y7.5272
G01 X36.4124Y7.4340
G01 X36.4236Y7.4122
G01 X36.4839Y7.3110
G01 X36.4971Y7.2904
G01 X36.5671Y7.1956
G01 X36.5823Y7.1764
G01 X36.6713Y7.0782
G01 X36.6889Y7.0612
G01 X36.7764Y6.9823
G01 X36.7956Y6.9671
G01 X36.8784Y6.9057
G01 X36.9110Y6.8839
G01 X37.0036Y6.8284
G01 X37.0340Y6.8124
G01 X37.1272Y6.7683
G01 X37.1497Y6.7586
G01 X37.2604Y6.7186
G01 X37.2838Y6.7111
G01 X37.3980Y6.6822
G01 X37.4219Y6.6770
G01 X37.5530Y6.6575
G01 X37.5775Y6.6555
G01 X37.6951Y6.6501
G01 X37.7196Y6.6505
G01 X37.8225Y6.6555
G01 X37.8567Y6.6587
G01 X37.9635Y6.6745
G01 X38.0020Y6.6822
G01 X38.1020Y6.7072
G01 X38.1256Y6.7139
G01 X38.2366Y6.7533
G01 X38.2594Y6.7623
G01 X38.3660Y6.8124
G01 X38.3878Y6.8236
G01 X38.5015Y6.8917
G01 X38.5216Y6.9057
G01 X38.6160Y6.9761
G01 X38.6347Y6.9920
G01 X38.7111Y7.0612
G01 X38.7388Y7.0889
G01 X38.8113Y7.1689
G01 X38.8329Y7.1956
G01 X38.8943Y7.2784
G01 X38.9083Y7.2985
G01 X38.9691Y7.3994
G01 X38.9810Y7.4208
G01 X39.0377Y7.5406
G01 X39.0467Y7.5634
G01 X39.0861Y7.6744
G01 X39.0928Y7.6980
G01 X39.1178Y7.7980
G01 X39.1255Y7.8365
G01 X39.1406Y7.9384
G01 X39.1434Y7.9628
G01 X39.1499Y8.0902
G01 X39.2975Y8.4634
G01 X39.1000Y12.4846
G01 X39.3543Y17.6608
G00 Z20.0000
G00 X39.7280Y17.1257
G01 Z20.0000
G01 X39.5000Y12.4846
G01 X39.6655Y9.1157
G00 Z20.0000
G00 X40.0517Y9.3960
G01 Z20.0000
G01 X39.9000Y12.4846
G01 X40.1156Y16.8738
G00 Z20.0000
G00 X40.5102Y16.7636
G01 Z20.0000
G01 X40.3000Y12.4846
G01 X40.4453Y9.5268
G00 Z20.0000
G00 X40.8445Y9.5427
G01 Z20.0000
G01 X40.7000Y12.4846
G01 X40.9104Y16.7666
G00 Z20.0000
G00 X41.3164Y16.8889
G01 Z20.0000
G01 X41.1000Y12.4846
G01 X41.2495Y9.4418
G00 Z20.0000
G00 X41.6622Y9.1832
G01 Z20.0000
G01 X41.5000Y12.4846
G01 X41.7307Y17.1803
G01 X42.1241Y17.0459
G01 X41.9000Y12.4846
G01 X42.0611Y9.2043
G00 Z20.0000
G00 X42.4495Y9.4414
G01 Z20.0000
G01 X42.3000Y12.4846
G01 X42.5137Y16.8353
G00 Z20.0000
G00 X42.9097Y16.7540
G01 Z20.0000
G01 X42.7000Y12.4846
G01 X42.8446Y9.5414
G00 Z20.0000
G00 X43.2452Y9.5282
G01 Z20.0000
G01 X43.1000Y12.4846
G01 X43.3112Y16.7845
G00 Z20.0000
G00 X43.7190Y16.9419
G01 Z20.0000
G01 X43.5000Y12.4846
G01 X43.6518Y9.3943
G00 Z20.0000
G00 X44.0673Y9.0797
G01 Z20.0000
G01 X43.9000Y12.4846
G01 X44.1366Y17.3005
G00 Z20.0000
G00 X44.5196Y16.9538
G01 Z20.0000
G01 X44.3000Y12.4846
G01 X44.5610Y7.1720
G01 X44.5629Y7.1592
G01 X44.1582Y7.2296
G01 X44.1629Y7.1328
G01 X44.2022Y6.8681
G01 X43.7954Y6.8878
G01 X43.8841Y6.2896
G01 X43.4176Y6.7115
G01 X43.8647Y3.6975
G00 Z20.0000
G00 X44.1643Y4.4007
G01 Z20.0000
G01 X44.0573Y5.1219
G00 Z20.0000
G00 X44.4766Y4.6930
G01 Z20.0000
G01 X44.3956Y4.6329
G01 X44.3764Y4.6177
G01 X44.2889Y4.5388
G01 X44.2713Y4.5218
G01 X44.1920Y4.4347
G01 X44.1761Y4.4160
G01 X44.1057Y4.3216
G01 X44.0917Y4.3015
G01 X44.0309Y4.2006
G01 X44.0190Y4.1792
G01 X43.9683Y4.0728
G01 X43.9586Y4.0503
G01 X43.9186Y3.9396
G01 X43.9111Y3.9162
G01 X43.8822Y3.8020
G01 X43.8770Y3.7781
G01 X43.8594Y3.6616
G01 X43.8566Y3.6372
G01 X43.8505Y3.5196
G01 X43.8501Y3.4951
G01 X43.8555Y3.3775
G01 X43.8575Y3.3530
G01 X43.8745Y3.2365
G01 X43.8789Y3.2123
G01 X43.9072Y3.0980
G01 X43.9139Y3.0744
G01 X43.9533Y2.9634
G01 X43.9623Y2.9406
G01 X44.0124Y2.8340
G01 X44.0236Y2.8122
G01 X44.0839Y2.7110
G01 X44.0971Y2.6904
G01 X44.1671Y2.5956
G01 X44.1823Y2.5764
G01 X44.2612Y2.4889
G01 X44.2782Y2.4713
G01 X44.3653Y2.3920
G01 X44.3840Y2.3761
G01 X44.4784Y2.3057
G01 X44.4985Y2.2917
G01 X44.5994Y2.2309
G01 X44.6208Y2.2190
G01 X44.7272Y2.1683
G01 X44.7497Y2.1586
G01 X44.8604Y2.1186
G01 X44.8838Y2.1111
G01 X44.9980Y2.0822
G01 X45.0219Y2.0770
G01 X45.1384Y2.0594
G01 X45.1628Y2.0566
G01 X45.2804Y2.0505
G01 X45.3049Y2.0501
G01 X45.4225Y2.0555
G01 X45.4470Y2.0575
G01 X45.5635Y2.0745
G01 X45.5877Y2.0789
G01 X45.7020Y2.1072
G01 X45.7256Y2.1139
G01 X45.8366Y2.1533
G01 X45.8594Y2.1623
G01 X45.9660Y2.2124
G01 X45.9878Y2.2236
G01 X46.0890Y2.2839
G01 X46.1096Y2.2971
G01 X46.2044Y2.3671
G01 X46.2347Y2.3920
G01 X46.3111Y2.4612
G01 X46.3287Y2.4782
G01 X46.4080Y2.5653
G01 X46.4329Y2.5956
G01 X46.5029Y2.6904
G01 X46.5161Y2.7110
G01 X46.5691Y2.7994
G01 X46.5810Y2.8208
G01 X46.6317Y2.9272
G01 X46.6467Y2.9634
G01 X46.6814Y3.0604
G01 X46.6889Y3.0838
G01 X46.7178Y3.1980
G01 X46.7255Y3.2365
G01 X46.7425Y3.3530
G01 X46.7445Y3.3775
G01 X46.7495Y3.4804
G01 X46.7499Y3.5049
G01 X46.7445Y3.6225
G01 X46.7406Y3.6616
G01 X46.7255Y3.7635
G01 X46.7211Y3.7877
G01 X46.6928Y3.9020
G01 X46.6814Y3.9396
G01 X46.6414Y4.0503
G01 X46.6317Y4.0728
G01 X46.5876Y4.1660
G01 X46.5764Y4.1878
G01 X46.5161Y4.2890
G01 X46.4943Y4.3216
G01 X46.4329Y4.4044
G01 X46.4177Y4.4236
G01 X46.3388Y4.5111
G01 X46.3111Y4.5388
G01 X46.2236Y4.6177
G01 X46.2044Y4.6329
G01 X46.1216Y4.6943
G01 X46.1034Y4.7070
G01 X46.1844Y4.7671
G01 X46.2036Y4.7823
G01 X46.2911Y4.8612
G01 X46.3188Y4.8889
G01 X46.3880Y4.9653
G01 X46.4039Y4.9840
G01 X46.4829Y5.0904
G01 X46.4961Y5.1110
G01 X46.5491Y5.1994
G01 X46.5676Y5.2340
G01 X46.6117Y5.3272
G01 X46.6214Y5.3497
G01 X46.6661Y5.4744
G01 X46.6728Y5.4980
G01 X46.6978Y5.5980
G01 X46.7055Y5.6365
G01 X46.7206Y5.7384
G01 X46.7234Y5.7628
G01 X46.7296Y5.8828
G01 X46.7295Y5.9196
G01 X46.7245Y6.0225
G01 X46.7225Y6.0470
G01 X46.7030Y6.1781
G01 X46.6978Y6.2020
G01 X46.6689Y6.3162
G01 X46.6614Y6.3396
G01 X46.6214Y6.4503
G01 X46.6117Y6.4728
G01 X46.5610Y6.5792
G01 X46.5491Y6.6006
G01 X46.4883Y6.7015
G01 X46.4743Y6.7216
G01 X46.4039Y6.8160
G01 X46.3880Y6.8347
G01 X46.3087Y6.9218
G01 X46.2911Y6.9388
G01 X46.2036Y7.0177
G01 X46.1844Y7.0329
G01 X46.1016Y7.0943
G01 X46.0815Y7.1083
G01 X45.9806Y7.1691
G01 X45.9592Y7.1810
G01 X45.8528Y7.2317
G01 X45.8303Y7.2414
G01 X45.7196Y7.2814
G01 X45.6962Y7.2889
G01 X45.5820Y7.3178
G01 X45.5581Y7.3230
G01 X45.4416Y7.3406
G01 X45.4172Y7.3434
G01 X45.2996Y7.3495
G01 X45.2751Y7.3499
G01 X45.1575Y7.3445
G01 X45.1330Y7.3425
G01 X45.0165Y7.3255
G01 X44.9923Y7.3211
G01 X44.8780Y7.2928
G01 X44.8544Y7.2861
G01 X44.7434Y7.2467
G01 X44.7206Y7.2377
G01 X44.6140Y7.1876
G01 X44.5922Y7.1764
G01 X44.4910Y7.1161
G01 X44.4704Y7.1029
G01 X44.3756Y7.0329
G01 X44.3564Y7.0177
G01 X44.2689Y6.9388
G01 X44.2513Y6.9218
G01 X44.1720Y6.8347
G01 X44.1561Y6.8160
G01 X44.0857Y6.7216
G01 X44.0717Y6.7015
G01 X44.0109Y6.6006
G01 X43.9990Y6.5792
G01 X43.9483Y6.4728
G01 X43.9386Y6.4503
G01 X43.8986Y6.3396
G01 X43.8911Y6.3162
G01 X43.8622Y6.2020
G01 X43.8570Y6.1781
G01 X43.8394Y6.0616
G01 X43.8366Y6.0372
G01 X43.8305Y5.9196
G01 X43.8301Y5.8951
G01 X43.8355Y5.7775
G01 X43.8375Y5.7530
G01 X43.8545Y5.6365
G01 X43.8589Y5.6123
G01 X43.8872Y5.4980
G01 X43.8939Y5.4744
G01 X43.9333Y5.3634
G01 X43.9423Y5.3406
G01 X43.9924Y5.2340
G01 X44.0036Y5.2122
G01 X44.0639Y5.1110
G01 X44.0771Y5.0904
G01 X44.1471Y4.9956
G01 X44.1623Y4.9764
G01 X44.2412Y4.8889
G01 X44.2582Y4.8713
G01 X44.3453Y4.7920
G01 X44.3640Y4.7761
G01 X44.4584Y4.7057
G01 X44.4766Y4.6930
G00 Z20.0000
G00 X46.1349Y4.7303
G01 Z20.0000
G01 X46.1425Y4.6789
G00 Z20.0000
G00 X46.4849Y5.0934
G01 Z20.0000
G01 X46.6386Y4.0573
G01 X47.0036Y4.3191
G01 X46.5514Y7.3681
G01 X46.3000Y12.4846
G01 X46.5430Y17.4308
G00 Z20.0000
G00 X46.1209Y16.9801
G01 Z20.0000
G01 X45.9000Y12.4846
G01 X46.1533Y7.3289
G01 X46.1989Y7.0216
G00 Z20.0000
G00 X45.7585Y7.2675
G01 Z20.0000
G01 X45.7552Y7.2897
G01 X45.5000Y12.4846
G01 X45.7113Y16.7847
G00 Z20.0000
G00 X45.3083Y16.7252
G01 Z20.0000
G01 X45.1000Y12.4846
G01 X45.3524Y7.3469
G00 Z20.0000
G00 X44.9541Y7.3119
G01 Z20.0000
G01 X44.7000Y12.4846
G01 X44.9110Y16.7790
G00 Z20.0000
G00 X44.3793Y19.2951
G01 Z20.0000
G01 X44.9491Y23.1365
G01 X45.6038Y25.7500
G01 X46.0156Y25.7500
G01 X45.3414Y23.0585
G01 X44.8198Y19.5419
G00 Z20.0000
G00 X45.2356Y19.6223
G01 Z20.0000
G01 X45.7338Y22.9804
G01 X46.4275Y25.7500
G01 X46.8394Y25.7500
G01 X46.1261Y22.9024
G01 X45.6340Y19.5849
G00 Z20.0000
G00 X46.2116Y20.7564
G01 Z20.0000
G01 X46.5184Y22.8244
G01 X47.2512Y25.7500
G01 X47.6631Y25.7500
G01 X46.9107Y22.7463
G01 X46.6670Y21.1032
G00 Z20.0000
G00 X47.0902Y21.2335
G01 Z20.0000
G01 X47.3030Y22.6683
G01 X48.0749Y25.7500
G01 X48.4868Y25.7500
G01 X47.6953Y22.5903
G01 X47.4944Y21.2358
G00 Z20.0000
G00 X47.8822Y21.1272
G01 Z20.0000
G01 X48.0876Y22.5122
G01 X48.8987Y25.7500
G01 X49.3105Y25.7500
G01 X48.4800Y22.4342
G01 X48.2513Y20.8930
G00 Z20.0000
G00 X48.6000Y20.5207
G01 Z20.0000
G01 X48.5909Y20.4591
G00 Z20.0000
G00 X48.9133Y19.9097
G01 Z20.0000
G01 X48.7837Y19.0363
G00 Z20.0000
G00 X49.1970Y19.1000
G01 Z20.0000
G01 X49.3157Y19.9000
G01 X49.7196Y19.9000
G01 X49.6009Y19.1000
G01 X50.0048Y19.1000
G01 X50.1235Y19.9000
G01 X50.5274Y19.9000
G01 X50.4087Y19.1000
G01 X50.8126Y19.1000
G01 X50.9313Y19.9000
G01 X51.3352Y19.9000
G01 X51.2165Y19.1000
G01 X51.6204Y19.1000
G01 X51.7390Y19.9000
G00 Z20.0000
G00 X52.1433Y19.9026
G01 Z20.0000
G01 X52.0243Y19.1000
G00 Z20.0000
G00 X52.4068Y18.9563
G01 Z20.0000
G01 X52.7954Y21.5758
G01 X53.8410Y25.7500
G01 X53.4291Y25.7500
G01 X52.4884Y21.9945
G00 Z20.0000
G00 X52.1522Y22.2964
G01 Z20.0000
G01 X53.0173Y25.7500
G01 X52.6054Y25.7500
G01 X51.7412Y22.3000
G01 X51.3294Y22.3000
G01 X52.1935Y25.7500
G01 X51.7817Y25.7500
G01 X50.9175Y22.3000
G01 X50.5056Y22.3000
G01 X51.3698Y25.7500
G01 X50.9580Y25.7500
G01 X50.0938Y22.3000
G01 X49.6819Y22.3000
G01 X50.5461Y25.7500
G01 X50.1342Y25.7500
G01 X49.2701Y22.3000
G00 Z20.0000
G00 X48.8602Y22.2745
G01 Z20.0000
G01 X48.8723Y22.3561
G01 X49.7224Y25.7500
G00 Z20.0000
G00 X45.1919Y25.7500
G01 Z20.0000
G01 X44.5568Y23.2145
G01 X43.9723Y19.2740
G00 Z20.0000
G00 X43.6044Y19.5167
G01 Z20.0000
G01 X44.1645Y23.2926
G01 X44.7800Y25.7500
G01 X44.3682Y25.7500
G01 X43.7722Y23.3706
G01 X43.2177Y19.6323
G00 Z20.0000
G00 X42.8145Y19.6371
G01 Z20.0000
G01 X43.3799Y23.4487
G01 X43.9563Y25.7500
G01 X43.5445Y25.7500
G01 X42.9876Y23.5267
G01 X42.3925Y19.5153
G00 Z20.0000
G00 X41.9400Y19.1878
G01 Z20.0000
G01 X42.5952Y23.6047
G01 X43.1326Y25.7500
G01 X42.7207Y25.7500
G01 X42.2029Y23.6828
G01 X41.5623Y19.3641
G00 Z20.0000
G00 X41.8500Y19.0814
G01 Z20.0000
G01 X41.8300Y19.1083
G01 X41.8113Y19.1311
G01 X41.7287Y19.2218
G01 X41.7111Y19.2388
G01 X41.6236Y19.3177
G01 X41.6044Y19.3329
G01 X41.5096Y19.4029
G01 X41.4890Y19.4161
G01 X41.3878Y19.4764
G01 X41.3660Y19.4876
G01 X41.2594Y19.5377
G01 X41.2366Y19.5467
G01 X41.1256Y19.5861
G01 X41.1020Y19.5928
G01 X40.9877Y19.6211
G01 X40.9635Y19.6255
G01 X40.8470Y19.6425
G01 X40.8225Y19.6445
G01 X40.7049Y19.6499
G01 X40.6804Y19.6495
G01 X40.5628Y19.6434
G01 X40.5384Y19.6406
G01 X40.4219Y19.6230
G01 X40.3980Y19.6178
G01 X40.2838Y19.5889
G01 X40.2604Y19.5814
G01 X40.1497Y19.5414
G01 X40.1272Y19.5317
G01 X40.0208Y19.4810
G01 X39.9994Y19.4691
G01 X39.8985Y19.4083
G01 X39.8784Y19.3943
G01 X39.7840Y19.3239
G01 X39.7653Y19.3080
G01 X39.6782Y19.2287
G01 X39.6612Y19.2111
G01 X39.5823Y19.1236
G01 X39.5671Y19.1044
G01 X39.4971Y19.0096
G01 X39.4839Y18.9890
G01 X39.4236Y18.8878
G01 X39.4124Y18.8660
G01 X39.3623Y18.7594
G01 X39.3533Y18.7366
G01 X39.3139Y18.6256
G01 X39.3072Y18.6020
G01 X39.2789Y18.4877
G01 X39.2745Y18.4635
G01 X39.2575Y18.3470
G01 X39.2555Y18.3225
G01 X39.2501Y18.2049
G01 X39.2505Y18.1804
G01 X39.2566Y18.0628
G01 X39.2594Y18.0384
G01 X39.2770Y17.9219
G01 X39.2822Y17.8980
G01 X39.3111Y17.7838
G01 X39.3186Y17.7604
G01 X39.3586Y17.6497
G01 X39.3683Y17.6272
G01 X39.4190Y17.5208
G01 X39.4309Y17.4994
G01 X39.4917Y17.3985
G01 X39.5057Y17.3784
G01 X39.5761Y17.2840
G01 X39.5920Y17.2653
G01 X39.6713Y17.1782
G01 X39.6889Y17.1612
G01 X39.7764Y17.0823
G01 X39.7956Y17.0671
G01 X39.8904Y16.9971
G01 X39.9110Y16.9839
G01 X40.0122Y16.9236
G01 X40.0340Y16.9124
G01 X40.1406Y16.8623
G01 X40.1634Y16.8533
G01 X40.2744Y16.8139
G01 X40.2980Y16.8072
G01 X40.4123Y16.7789
G01 X40.4365Y16.7745
G01 X40.5384Y16.7594
G01 X40.5628Y16.7566
G01 X40.6804Y16.7505
G01 X40.7196Y16.7505
G01 X40.8372Y16.7566
G01 X40.8616Y16.7594
G01 X40.9635Y16.7745
G01 X41.0020Y16.7822
G01 X41.1162Y16.8111
G01 X41.1396Y16.8186
G01 X41.2366Y16.8533
G01 X41.2594Y16.8623
G01 X41.3660Y16.9124
G01 X41.4006Y16.9309
G01 X41.4890Y16.9839
G01 X41.5096Y16.9971
G01 X41.6083Y17.0700
G01 X41.6347Y17.0920
G01 X41.7111Y17.1612
G01 X41.7287Y17.1782
G01 X41.8113Y17.2689
G01 X41.8300Y17.2917
G01 X41.8500Y17.3186
G01 X41.8700Y17.2917
G01 X41.8887Y17.2689
G01 X41.9713Y17.1782
G01 X41.9889Y17.1612
G01 X42.0764Y17.0823
G01 X42.0956Y17.0671
G01 X42.1904Y16.9971
G01 X42.2110Y16.9839
G01 X42.3122Y16.9236
G01 X42.3340Y16.9124
G01 X42.4406Y16.8623
G01 X42.4634Y16.8533
G01 X42.5744Y16.8139
G01 X42.5980Y16.8072
G01 X42.7123Y16.7789
G01 X42.7365Y16.7745
G01 X42.8384Y16.7594
G01 X42.8775Y16.7555
G01 X42.9804Y16.7505
G01 X43.0049Y16.7501
G01 X43.1225Y16.7555
G01 X43.1616Y16.7594
G01 X43.2781Y16.7770
G01 X43.3020Y16.7822
G01 X43.4020Y16.8072
G01 X43.4396Y16.8186
G01 X43.5366Y16.8533
G01 X43.5594Y16.8623
G01 X43.6660Y16.9124
G01 X43.7006Y16.9309
G01 X43.7890Y16.9839
G01 X43.8096Y16.9971
G01 X43.9083Y17.0700
G01 X43.9347Y17.0920
G01 X44.0111Y17.1612
G01 X44.0287Y17.1782
G01 X44.1113Y17.2689
G01 X44.1239Y17.2840
G01 X44.1407Y17.3061
G01 X44.1671Y17.2706
G01 X44.1823Y17.2514
G01 X44.2612Y17.1639
G01 X44.2782Y17.1463
G01 X44.3764Y17.0573
G01 X44.3956Y17.0421
G01 X44.4823Y16.9778
G01 X44.5110Y16.9589
G01 X44.5994Y16.9059
G01 X44.6340Y16.8874
G01 X44.7272Y16.8433
G01 X44.7497Y16.8336
G01 X44.8651Y16.7920
G01 X44.8980Y16.7822
G01 X44.9980Y16.7572
G01 X45.0365Y16.7495
G01 X45.1384Y16.7344
G01 X45.1628Y16.7316
G01 X45.2951Y16.7251
G01 X45.3196Y16.7255
G01 X45.4225Y16.7305
G01 X45.4616Y16.7344
G01 X45.5635Y16.7495
G01 X45.5877Y16.7539
G01 X45.7067Y16.7835
G01 X45.7396Y16.7936
G01 X45.8503Y16.8336
G01 X45.8728Y16.8433
G01 X45.9792Y16.8940
G01 X46.0006Y16.9059
G01 X46.1015Y16.9667
G01 X46.1216Y16.9807
G01 X46.2044Y17.0421
G01 X46.2311Y17.0637
G01 X46.3111Y17.1362
G01 X46.3388Y17.1639
G01 X46.4080Y17.2403
G01 X46.4239Y17.2590
G01 X46.4943Y17.3534
G01 X46.5161Y17.3860
G01 X46.5691Y17.4744
G01 X46.5810Y17.4958
G01 X46.6317Y17.6022
G01 X46.6414Y17.6247
G01 X46.6814Y17.7355
G01 X46.6889Y17.7588
G01 X46.7178Y17.8730
G01 X46.7230Y17.8970
G01 X46.7406Y18.0134
G01 X46.7434Y18.0378
G01 X46.7495Y18.1554
G01 X46.7499Y18.1799
G01 X46.7445Y18.2976
G01 X46.7425Y18.3220
G01 X46.7255Y18.4385
G01 X46.7190Y18.4722
G01 X46.7406Y18.4623
G01 X46.7634Y18.4533
G01 X46.8604Y18.4186
G01 X46.8933Y18.4085
G01 X46.9980Y18.3822
G01 X47.0219Y18.3770
G01 X47.1530Y18.3575
G01 X47.1775Y18.3555
G01 X47.2804Y18.3505
G01 X47.3196Y18.3505
G01 X47.4225Y18.3555
G01 X47.4470Y18.3575
G01 X47.5781Y18.3770
G01 X47.6020Y18.3822
G01 X47.7020Y18.4072
G01 X47.7396Y18.4186
G01 X47.8366Y18.4533
G01 X47.8594Y18.4623
G01 X47.9660Y18.5124
G01 X47.9878Y18.5236
G01 X48.1015Y18.5917
G01 X48.1216Y18.6057
G01 X48.2044Y18.6671
G01 X48.2347Y18.6920
G01 X48.3111Y18.7612
G01 X48.3355Y18.7853
G01 X48.4113Y18.8689
G01 X48.4329Y18.8956
G01 X48.4943Y18.9784
G01 X48.5083Y18.9985
G01 X48.5691Y19.0994
G01 X48.5876Y19.1340
G01 X48.6377Y19.2406
G01 X48.6467Y19.2634
G01 X48.6861Y19.3744
G01 X48.6928Y19.3980
G01 X48.7211Y19.5123
G01 X48.7255Y19.5365
G01 X48.7406Y19.6384
G01 X48.7434Y19.6628
G01 X48.7496Y19.7828
G01 X48.7498Y19.8123
G01 X48.7434Y19.9372
G01 X48.7348Y20.0008
G01 X48.7540Y19.9848
G01 X48.7861Y19.9622
G01 X48.8202Y19.9428
G01 X48.8561Y19.9269
G01 X48.8933Y19.9146
G01 X48.9316Y19.9060
G01 X48.9706Y19.9012
G01 X49.0000Y19.9000
G01 X52.1147Y19.9003
G01 X52.1489Y19.9031
G01 X52.1876Y19.9098
G01 X52.2067Y19.9146
G01 X52.2439Y19.9269
G01 X52.2620Y19.9344
G01 X52.2971Y19.9521
G01 X52.3139Y19.9622
G01 X52.3460Y19.9848
G01 X52.3757Y20.0104
G01 X52.4028Y20.0388
G01 X52.4269Y20.0697
G01 X52.4378Y20.0861
G01 X52.4572Y20.1202
G01 X52.4731Y20.1561
G01 X52.4854Y20.1933
G01 X52.4940Y20.2316
G01 X52.4988Y20.2706
G01 X52.5000Y20.3000
G01 X52.5000Y21.9000
G01 X52.4988Y21.9294
G01 X52.4969Y21.9490
G01 X52.4940Y21.9684
G01 X52.4854Y22.0067
G01 X52.4797Y22.0254
G01 X52.4656Y22.0621
G01 X52.4572Y22.0798
G01 X52.4378Y22.1139
G01 X52.4152Y22.1460
G01 X52.4028Y22.1612
G01 X52.3896Y22.1757
G01 X52.3612Y22.2028
G01 X52.3460Y22.2152
G01 X52.3139Y22.2378
G01 X52.2971Y22.2479
G01 X52.2620Y22.2656
G01 X52.2254Y22.2797
G01 X52.2067Y22.2854
G01 X52.1684Y22.2940
G01 X52.1294Y22.2988
G01 X52.1000Y22.3000
G01 X49.0000Y22.3000
G01 X48.9706Y22.2988
G01 X48.9511Y22.2969
G01 X48.9316Y22.2940
G01 X48.8933Y22.2854
G01 X48.8746Y22.2797
G01 X48.8380Y22.2656
G01 X48.8029Y22.2479
G01 X48.7861Y22.2378
G01 X48.7540Y22.2152
G01 X48.7388Y22.2028
G01 X48.7104Y22.1757
G01 X48.6972Y22.1612
G01 X48.6848Y22.1460
G01 X48.6622Y22.1139
G01 X48.6428Y22.0798
G01 X48.6344Y22.0621
G01 X48.6203Y22.0254
G01 X48.6146Y22.0067
G01 X48.6060Y21.9684
G01 X48.6012Y21.9294
G01 X48.6000Y21.9000
G01 X48.6000Y20.4398
G01 X48.5855Y20.4704
G01 X48.5716Y20.4964
G01 X48.5161Y20.5890
G01 X48.4972Y20.6177
G01 X48.4329Y20.7044
G01 X48.4177Y20.7236
G01 X48.3287Y20.8218
G01 X48.3111Y20.8388
G01 X48.2236Y20.9177
G01 X48.2044Y20.9329
G01 X48.1216Y20.9943
G01 X48.0890Y21.0161
G01 X48.0006Y21.0691
G01 X47.9704Y21.0855
G01 X47.8728Y21.1317
G01 X47.8503Y21.1414
G01 X47.7256Y21.1861
G01 X47.7020Y21.1928
G01 X47.5877Y21.2211
G01 X47.5635Y21.2255
G01 X47.4616Y21.2406
G01 X47.4274Y21.2442
G01 X47.3196Y21.2495
G01 X47.2804Y21.2495
G01 X47.1775Y21.2445
G01 X47.1530Y21.2425
G01 X47.0365Y21.2255
G01 X47.0123Y21.2211
G01 X46.8980Y21.1928
G01 X46.8744Y21.1861
G01 X46.7634Y21.1467
G01 X46.7406Y21.1377
G01 X46.6340Y21.0876
G01 X46.6122Y21.0764
G01 X46.5110Y21.0161
G01 X46.4904Y21.0029
G01 X46.3956Y20.9329
G01 X46.3764Y20.9177
G01 X46.2889Y20.8388
G01 X46.2713Y20.8218
G01 X46.1920Y20.7347
G01 X46.1761Y20.7160
G01 X46.1057Y20.6216
G01 X46.0917Y20.6015
G01 X46.0309Y20.5006
G01 X46.0190Y20.4792
G01 X45.9683Y20.3728
G01 X45.9586Y20.3503
G01 X45.9186Y20.2396
G01 X45.9111Y20.2162
G01 X45.8822Y20.1020
G01 X45.8770Y20.0781
G01 X45.8594Y19.9616
G01 X45.8566Y19.9372
G01 X45.8505Y19.8196
G01 X45.8501Y19.7951
G01 X45.8555Y19.6775
G01 X45.8575Y19.6530
G01 X45.8745Y19.5365
G01 X45.8810Y19.5028
G01 X45.8594Y19.5127
G01 X45.8366Y19.5217
G01 X45.7349Y19.5580
G01 X45.7020Y19.5678
G01 X45.6020Y19.5928
G01 X45.5781Y19.5980
G01 X45.4616Y19.6156
G01 X45.4274Y19.6192
G01 X45.3196Y19.6245
G01 X45.2951Y19.6249
G01 X45.1628Y19.6184
G01 X45.1384Y19.6156
G01 X45.0219Y19.5980
G01 X44.9980Y19.5928
G01 X44.8980Y19.5678
G01 X44.8651Y19.5580
G01 X44.7634Y19.5217
G01 X44.7272Y19.5067
G01 X44.6340Y19.4626
G01 X44.6122Y19.4514
G01 X44.5110Y19.3911
G01 X44.4904Y19.3779
G01 X44.3840Y19.2989
G01 X44.3653Y19.2831
G01 X44.2853Y19.2105
G01 X44.2612Y19.1861
G01 X44.1920Y19.1097
G01 X44.1761Y19.0910
G01 X44.1593Y19.0689
G01 X44.1329Y19.1044
G01 X44.1177Y19.1236
G01 X44.0287Y19.2218
G01 X44.0111Y19.2388
G01 X43.9347Y19.3080
G01 X43.9160Y19.3239
G01 X43.8216Y19.3943
G01 X43.7890Y19.4161
G01 X43.7006Y19.4691
G01 X43.6792Y19.4810
G01 X43.5594Y19.5377
G01 X43.5366Y19.5467
G01 X43.4396Y19.5814
G01 X43.4162Y19.5889
G01 X43.3020Y19.6178
G01 X43.2635Y19.6255
G01 X43.1616Y19.6406
G01 X43.1372Y19.6434
G01 X43.0196Y19.6495
G01 X42.9804Y19.6495
G01 X42.8775Y19.6445
G01 X42.8530Y19.6425
G01 X42.7365Y19.6255
G01 X42.7123Y19.6211
G01 X42.5980Y19.5928
G01 X42.5744Y19.5861
G01 X42.4634Y19.5467
G01 X42.4406Y19.5377
G01 X42.3340Y19.4876
G01 X42.3122Y19.4764
G01 X42.2110Y19.4161
G01 X42.1904Y19.4029
G01 X42.0956Y19.3329
G01 X42.0764Y19.3177
G01 X41.9889Y19.2388
G01 X41.9713Y19.2218
G01 X41.8887Y19.1311
G01 X41.8700Y19.1083
G01 X41.8500Y19.0814
G00 Z20.0000
G00 X41.1881Y19.5640
G01 Z20.0000
G01 X41.8106Y23.7608
G01 X42.3089Y25.7500
G01 X41.8970Y25.7500
G01 X41.4183Y23.8388
G01 X40.7963Y19.6458
G00 Z20.0000
G00 X40.3879Y19.6153
G01 Z20.0000
G01 X41.0260Y23.9169
G01 X41.4852Y25.7500
G01 X41.0733Y25.7500
G01 X40.6337Y23.9949
G01 X39.9587Y19.4447
G00 Z20.0000
G00 X47.0693Y18.3696
G01 Z20.0000
G01 X46.9494Y17.5619
G01 X46.7000Y12.4846
G01 X46.8729Y8.9655
G00 Z20.0000
G00 X46.9024Y8.3655
G01 Z20.0000
G01 X46.9494Y7.4073
G01 X47.3386Y4.7835
G00 Z20.0000
G00 X47.7042Y5.0417
G01 Z20.0000
G01 X47.3475Y7.4465
G01 X47.3392Y7.6160
G00 Z20.0000
G00 X47.7690Y7.3277
G01 Z20.0000
G01 X48.0880Y5.1770
G00 Z20.0000
G00 X48.4870Y5.2100
G01 Z20.0000
G01 X48.1909Y7.2062
G00 Z20.0000
G00 X48.3952Y7.1901
G01 Z20.0000
G01 X49.6824Y7.1901
G01 X49.8073Y7.1960
G01 X49.8318Y7.1980
G01 X49.9580Y7.2164
G01 X49.9918Y7.2230
G01 X50.1060Y7.2515
G01 X50.1296Y7.2582
G01 X50.2636Y7.3062
G01 X50.2861Y7.3159
G01 X50.4013Y7.3708
G01 X50.4227Y7.3827
G01 X50.5195Y7.4407
G01 X50.5522Y7.4625
G01 X50.6467Y7.5327
G01 X50.6732Y7.5547
G01 X50.7568Y7.6304
G01 X50.7744Y7.6475
G01 X50.8700Y7.7529
G01 X50.8852Y7.7722
G01 X50.9610Y7.8748
G01 X50.9743Y7.8955
G01 X51.0396Y8.0050
G01 X51.0508Y8.0269
G01 X51.1051Y8.1423
G01 X51.1141Y8.1652
G01 X51.1568Y8.2854
G01 X51.1635Y8.3090
G01 X51.1942Y8.4328
G01 X51.1986Y8.4570
G01 X51.2170Y8.5832
G01 X51.2190Y8.6077
G01 X51.2249Y8.7351
G01 X51.2245Y8.7596
G01 X51.2180Y8.8870
G01 X51.2151Y8.9114
G01 X51.1961Y9.0376
G01 X51.1909Y9.0615
G01 X51.1596Y9.1852
G01 X51.1521Y9.2086
G01 X51.1088Y9.3286
G01 X51.0991Y9.3511
G01 X51.0442Y9.4663
G01 X51.0323Y9.4877
G01 X50.9665Y9.5970
G01 X50.9525Y9.6172
G01 X50.8762Y9.7195
G01 X50.8603Y9.7382
G01 X50.7744Y9.8325
G01 X50.7568Y9.8496
G01 X50.6621Y9.9350
G01 X50.6428Y9.9502
G01 X50.5522Y10.0175
G01 X50.5195Y10.0393
G01 X50.4227Y10.0973
G01 X50.4013Y10.1092
G01 X50.2727Y10.1701
G01 X50.2498Y10.1791
G01 X50.1436Y10.2171
G01 X50.1060Y10.2285
G01 X49.9965Y10.2559
G01 X49.9726Y10.2611
G01 X49.8464Y10.2801
G01 X49.8073Y10.2840
G01 X49.6750Y10.2900
G01 X48.4050Y10.2900
G01 X48.2727Y10.2840
G01 X48.2336Y10.2801
G01 X48.1074Y10.2611
G01 X48.0835Y10.2559
G01 X47.9598Y10.2246
G01 X47.9364Y10.2171
G01 X47.8164Y10.1738
G01 X47.7939Y10.1641
G01 X47.6787Y10.1092
G01 X47.6573Y10.0973
G01 X47.5480Y10.0315
G01 X47.5278Y10.0175
G01 X47.4255Y9.9412
G01 X47.4068Y9.9253
G01 X47.3125Y9.8394
G01 X47.2954Y9.8218
G01 X47.2100Y9.7271
G01 X47.1948Y9.7078
G01 X47.1275Y9.6172
G01 X47.1057Y9.5845
G01 X47.0477Y9.4877
G01 X47.0358Y9.4663
G01 X46.9749Y9.3377
G01 X46.9659Y9.3148
G01 X46.9279Y9.2086
G01 X46.9165Y9.1710
G01 X46.8858Y9.0472
G01 X46.8814Y9.0230
G01 X46.8649Y8.9114
G01 X46.8610Y8.8723
G01 X46.8555Y8.7596
G01 X46.8553Y8.7253
G01 X46.8620Y8.5930
G01 X46.8649Y8.5686
G01 X46.8814Y8.4570
G01 X46.8891Y8.4185
G01 X46.9204Y8.2948
G01 X46.9279Y8.2714
G01 X46.9659Y8.1652
G01 X46.9809Y8.1289
G01 X47.0292Y8.0269
G01 X47.0404Y8.0050
G01 X47.1057Y7.8955
G01 X47.1275Y7.8628
G01 X47.1948Y7.7722
G01 X47.2100Y7.7529
G01 X47.3056Y7.6475
G01 X47.3232Y7.6304
G01 X47.4068Y7.5547
G01 X47.4372Y7.5298
G01 X47.5278Y7.4625
G01 X47.5480Y7.4485
G01 X47.6700Y7.3754
G01 X47.6919Y7.3642
G01 X47.7939Y7.3159
G01 X47.8302Y7.3009
G01 X47.9504Y7.2582
G01 X47.9740Y7.2515
G01 X48.0835Y7.2241
G01 X48.1220Y7.2164
G01 X48.2336Y7.1999
G01 X48.2580Y7.1970
G01 X48.3952Y7.1901
G00 Z20.0000
G00 X48.5972Y7.1900
G01 Z20.0000
G01 X48.8909Y5.2100
G01 X49.2948Y5.2100
G01 X49.0011Y7.1900
G01 X49.4050Y7.1900
G01 X49.6988Y5.2093
G00 Z20.0000
G00 X50.1120Y5.1469
G01 Z20.0000
G01 X49.8080Y7.1961
G00 Z20.0000
G00 X50.1990Y7.2827
G01 Z20.0000
G01 X50.5463Y4.9417
G00 Z20.0000
G00 X51.0284Y4.4142
G01 Z20.0000
G01 X50.5739Y7.4786
G00 Z20.0000
G00 X50.9286Y7.8307
G01 Z20.0000
G01 X50.9302Y7.7994
G01 X51.6185Y3.1593
G01 X52.6227Y-0.8500
G01 X53.0346Y-0.8500
G01 X52.0108Y3.2373
G01 X51.3282Y7.8386
G01 X51.1000Y12.4846
G01 X51.3071Y16.7000
G01 X51.7071Y16.7000
G01 X51.5000Y12.4846
G01 X51.7263Y7.8778
G01 X52.4031Y3.3153
G01 X53.4465Y-0.8500
G01 X53.8583Y-0.8500
G01 X52.7954Y3.3934
G01 X52.1244Y7.9170
G01 X51.9000Y12.4846
G01 X52.1071Y16.7001
G00 Z20.0000
G00 X50.9071Y16.7000
G01 Z20.0000
G01 X50.7000Y12.4846
G01 X50.8335Y9.7678
G00 Z20.0000
G00 X50.4171Y10.1006
G01 Z20.0000
G01 X50.3000Y12.4846
G01 X50.5071Y16.7000
G01 X50.1071Y16.7000
G01 X49.9000Y12.4846
G01 X50.0096Y10.2526
G00 Z20.0000
G00 X49.6078Y10.2900
G01 Z20.0000
G01 X49.5000Y12.4846
G01 X49.7071Y16.7000
G01 X49.3071Y16.7000
G01 X49.1000Y12.4846
G01 X49.2078Y10.2900
G01 X48.8078Y10.2900
G01 X48.7000Y12.4846
G01 X48.9076Y16.7110
G00 Z20.0000
G00 X48.6005Y17.0804
G01 Z20.0000
G01 X48.6031Y17.0510
G01 X48.6098Y17.0124
G01 X48.6203Y16.9746
G01 X48.6344Y16.9379
G01 X48.6521Y16.9029
G01 X48.6731Y16.8697
G01 X48.6972Y16.8388
G01 X48.7104Y16.8243
G01 X48.7388Y16.7972
G01 X48.7540Y16.7848
G01 X48.7861Y16.7622
G01 X48.8202Y16.7428
G01 X48.8561Y16.7269
G01 X48.8933Y16.7146
G01 X48.9316Y16.7060
G01 X48.9706Y16.7012
G01 X49.0000Y16.7000
G01 X52.1000Y16.7000
G01 X52.1294Y16.7012
G01 X52.1489Y16.7031
G01 X52.1876Y16.7098
G01 X52.2254Y16.7203
G01 X52.2620Y16.7344
G01 X52.2971Y16.7521
G01 X52.3139Y16.7622
G01 X52.3460Y16.7848
G01 X52.3612Y16.7972
G01 X52.3896Y16.8243
G01 X52.4028Y16.8388
G01 X52.4269Y16.8697
G01 X52.4378Y16.8861
G01 X52.4572Y16.9202
G01 X52.4656Y16.9379
G01 X52.4797Y16.9746
G01 X52.4854Y16.9933
G01 X52.4940Y17.0316
G01 X52.4988Y17.0706
G01 X52.5000Y17.1000
G01 X52.4999Y18.7049
G01 X52.4988Y18.7294
G01 X52.4969Y18.7490
G01 X52.4902Y18.7876
G01 X52.4797Y18.8254
G01 X52.4656Y18.8621
G01 X52.4572Y18.8798
G01 X52.4378Y18.9139
G01 X52.4152Y18.9460
G01 X52.4028Y18.9612
G01 X52.3896Y18.9757
G01 X52.3612Y19.0028
G01 X52.3303Y19.0269
G01 X52.3139Y19.0378
G01 X52.2798Y19.0572
G01 X52.2620Y19.0656
G01 X52.2254Y19.0797
G01 X52.2067Y19.0854
G01 X52.1684Y19.0940
G01 X52.1489Y19.0969
G01 X52.1147Y19.0997
G01 X49.0000Y19.1000
G01 X48.9706Y19.0988
G01 X48.9511Y19.0969
G01 X48.9124Y19.0902
G01 X48.8746Y19.0797
G01 X48.8380Y19.0656
G01 X48.8029Y19.0479
G01 X48.7861Y19.0378
G01 X48.7540Y19.0152
G01 X48.7388Y19.0028
G01 X48.7104Y18.9757
G01 X48.6848Y18.9460
G01 X48.6622Y18.9139
G01 X48.6521Y18.8971
G01 X48.6344Y18.8621
G01 X48.6203Y18.8254
G01 X48.6146Y18.8067
G01 X48.6060Y18.7684
G01 X48.6031Y18.7490
G01 X48.6012Y18.7294
G01 X48.6000Y18.7000
G01 X48.6005Y17.0804
G00 Z20.0000
G00 X48.6000Y17.7979
G01 Z20.0000
G01 X48.5417Y17.4050
G01 X48.3000Y12.4846
G01 X48.4078Y10.2900
G00 Z20.0000
G00 X48.0104Y10.2376
G01 Z20.0000
G01 X47.9000Y12.4846
G01 X48.1437Y17.4442
G01 X48.3440Y18.7946
G00 Z20.0000
G00 X47.8931Y18.4779
G01 Z20.0000
G01 X47.7456Y17.4834
G01 X47.5000Y12.4846
G01 X47.6184Y10.0740
G00 Z20.0000
G00 X47.2341Y9.7542
G01 Z20.0000
G01 X47.1000Y12.4846
G01 X47.3475Y17.5227
G01 X47.4718Y18.3609
G00 Z20.0000
G00 X54.5005Y17.0804
G01 Z20.0000
G01 X54.5031Y17.0510
G01 X54.5098Y17.0124
G01 X54.5203Y16.9746
G01 X54.5344Y16.9379
G01 X54.5521Y16.9029
G01 X54.5731Y16.8697
G01 X54.5972Y16.8388
G01 X54.6104Y16.8243
G01 X54.6388Y16.7972
G01 X54.6540Y16.7848
G01 X54.6861Y16.7622
G01 X54.7202Y16.7428
G01 X54.7561Y16.7269
G01 X54.7933Y16.7146
G01 X54.8316Y16.7060
G01 X54.8706Y16.7012
G01 X54.9000Y16.7000
G01 X58.0000Y16.7000
G01 X58.0294Y16.7012
G01 X58.0489Y16.7031
G01 X58.0876Y16.7098
G01 X58.1254Y16.7203
G01 X58.1620Y16.7344
G01 X58.1971Y16.7521
G01 X58.2139Y16.7622
G01 X58.2460Y16.7848
G01 X58.2612Y16.7972
G01 X58.2896Y16.8243
G01 X58.3028Y16.8388
G01 X58.3269Y16.8697
G01 X58.3378Y16.8861
G01 X58.3572Y16.9202
G01 X58.3656Y16.9379
G01 X58.3797Y16.9746
G01 X58.3854Y16.9933
G01 X58.3940Y17.0316
G01 X58.3988Y17.0706
G01 X58.4000Y17.1000
G01 X58.3999Y18.7049
G01 X58.3988Y18.7294
G01 X58.3969Y18.7490
G01 X58.3902Y18.7876
G01 X58.3797Y18.8254
G01 X58.3656Y18.8621
G01 X58.3572Y18.8798
G01 X58.3378Y18.9139
G01 X58.3152Y18.9460
G01 X58.3028Y18.9612
G01 X58.2896Y18.9757
G01 X58.2612Y19.0028
G01 X58.2303Y19.0269
G01 X58.2139Y19.0378
G01 X58.1798Y19.0572
G01 X58.1620Y19.0656
G01 X58.1254Y19.0797
G01 X58.1067Y19.0854
G01 X58.0684Y19.0940
G01 X58.0489Y19.0969
G01 X58.0147Y19.0997
G01 X54.9000Y19.1000
G01 X54.8706Y19.0988
G01 X54.8511Y19.0969
G01 X54.8124Y19.0902
G01 X54.7746Y19.0797
G01 X54.7380Y19.0656
G01 X54.7029Y19.0479
G01 X54.6861Y19.0378
G01 X54.6540Y19.0152
G01 X54.6388Y19.0028
G01 X54.6104Y18.9757
G01 X54.5848Y18.9460
G01 X54.5622Y18.9139
G01 X54.5521Y18.8971
G01 X54.5344Y18.8621
G01 X54.5203Y18.8254
G01 X54.5146Y18.8067
G01 X54.5060Y18.7684
G01 X54.5031Y18.7490
G01 X54.5012Y18.7294
G01 X54.5000Y18.7000
G01 X54.5005Y17.0804
G00 Z20.0000
G00 X54.5317Y16.9444
G01 Z20.0000
G01 X54.5128Y16.8169
G01 X54.3000Y12.4846
G01 X54.5128Y8.1522
G01 X55.1493Y3.8616
G01 X56.2032Y-0.3460
G01 X56.3836Y-0.8500
G01 X55.9592Y-0.8500
G01 X55.8205Y-0.4621
G01 X54.7570Y3.7835
G01 X54.1148Y8.1130
G01 X53.9000Y12.4846
G01 X54.1148Y16.8561
G01 X54.5884Y20.0495
G00 Z20.0000
G00 X54.5005Y20.2804
G01 Z20.0000
G01 X54.5031Y20.2510
G01 X54.5098Y20.2124
G01 X54.5203Y20.1746
G01 X54.5344Y20.1379
G01 X54.5521Y20.1029
G01 X54.5731Y20.0697
G01 X54.5972Y20.0388
G01 X54.6104Y20.0243
G01 X54.6388Y19.9972
G01 X54.6540Y19.9848
G01 X54.6861Y19.9622
G01 X54.7202Y19.9428
G01 X54.7561Y19.9269
G01 X54.7933Y19.9146
G01 X54.8316Y19.9060
G01 X54.8706Y19.9012
G01 X54.9000Y19.9000
G01 X58.0000Y19.9000
G01 X58.0294Y19.9012
G01 X58.0489Y19.9031
G01 X58.0876Y19.9098
G01 X58.1254Y19.9203
G01 X58.1620Y19.9344
G01 X58.1971Y19.9521
G01 X58.2139Y19.9622
G01 X58.2460Y19.9848
G01 X58.2612Y19.9972
G01 X58.2896Y20.0243
G01 X58.3028Y20.0388
G01 X58.3269Y20.0697
G01 X58.3378Y20.0861
G01 X58.3572Y20.1202
G01 X58.3656Y20.1379
G01 X58.3797Y20.1746
G01 X58.3854Y20.1933
G01 X58.3940Y20.2316
G01 X58.3988Y20.2706
G01 X58.4000Y20.3000
G01 X58.3999Y21.9049
G01 X58.3988Y21.9294
G01 X58.3969Y21.9490
G01 X58.3902Y21.9876
G01 X58.3797Y22.0254
G01 X58.3656Y22.0621
G01 X58.3572Y22.0798
G01 X58.3378Y22.1139
G01 X58.3152Y22.1460
G01 X58.3028Y22.1612
G01 X58.2896Y22.1757
G01 X58.2612Y22.2028
G01 X58.2303Y22.2269
G01 X58.2139Y22.2378
G01 X58.1798Y22.2572
G01 X58.1620Y22.2656
G01 X58.1254Y22.2797
G01 X58.1067Y22.2854
G01 X58.0684Y22.2940
G01 X58.0489Y22.2969
G01 X58.0147Y22.2997
G01 X54.9000Y22.3000
G01 X54.8706Y22.2988
G01 X54.8511Y22.2969
G01 X54.8124Y22.2902
G01 X54.7746Y22.2797
G01 X54.7380Y22.2656
G01 X54.7029Y22.2479
G01 X54.6861Y22.2378
G01 X54.6540Y22.2152
G01 X54.6388Y22.2028
G01 X54.6104Y22.1757
G01 X54.5848Y22.1460
G01 X54.5622Y22.1139
G01 X54.5521Y22.0971
G01 X54.5344Y22.0621
G01 X54.5203Y22.0254
G01 X54.5146Y22.0067
G01 X54.5060Y21.9684
G01 X54.5031Y21.9490
G01 X54.5012Y21.9294
G01 X54.5000Y21.9000
G01 X54.5005Y20.2804
G00 Z20.0000
G00 X54.9702Y19.9000
G01 Z20.0000
G01 X54.8510Y19.0969
G00 Z20.0000
G00 X55.2554Y19.1000
G01 Z20.0000
G01 X55.3741Y19.9000
G01 X55.7779Y19.9000
G01 X55.6593Y19.1000
G01 X56.0632Y19.1000
G01 X56.1818Y19.9000
G01 X56.5857Y19.9000
G01 X56.4671Y19.1000
G01 X56.8709Y19.1000
G01 X56.9896Y19.9000
G01 X57.3935Y19.9000
G01 X57.2748Y19.1000
G01 X57.6787Y19.1000
G01 X57.7974Y19.9000
G00 Z20.0000
G00 X58.2102Y19.9599
G01 Z20.0000
G01 X58.0813Y19.0914
G00 Z20.0000
G00 X58.4000Y18.5168
G01 Z20.0000
G01 X58.6801Y20.4052
G01 X59.6482Y24.2701
G01 X60.1777Y25.7500
G01 X59.7534Y25.7500
G01 X59.2654Y24.3862
G01 X58.4000Y20.9312
G00 Z20.0000
G00 X58.2977Y22.1669
G01 Z20.0000
G01 X58.8827Y24.5024
G01 X59.3291Y25.7500
G01 X58.9048Y25.7500
G01 X58.4999Y24.6185
G01 X57.9191Y22.3000
G01 X57.5073Y22.3000
G01 X58.1171Y24.7346
G01 X58.4804Y25.7500
G01 X58.0561Y25.7500
G01 X57.7343Y24.8507
G01 X57.0954Y22.3000
G01 X56.6836Y22.3000
G01 X57.3516Y24.9668
G01 X57.6318Y25.7500
G01 X57.2075Y25.7500
G01 X56.9688Y25.0829
G01 X56.2717Y22.3000
G01 X55.8598Y22.3000
G01 X56.5860Y25.1990
G01 X56.7831Y25.7500
G01 X56.3588Y25.7500
G01 X56.2032Y25.3152
G01 X55.4480Y22.3000
G01 X55.0361Y22.3000
G01 X55.8205Y25.4313
G01 X55.9345Y25.7500
G01 X55.5102Y25.7500
G01 X55.4377Y25.5474
G01 X54.5861Y22.1477
G00 Z20.0000
G00 X54.5000Y21.8039
G01 Z20.0000
G01 X54.3647Y21.2636
G01 X53.7167Y16.8953
G01 X53.5000Y12.4846
G01 X53.7167Y8.0738
G01 X54.3647Y3.7055
G01 X55.4377Y-0.5782
G01 X55.5349Y-0.8500
G01 X55.1106Y-0.8500
G01 X55.0549Y-0.6943
G01 X53.9723Y3.6275
G01 X53.3186Y8.0346
G01 X53.1000Y12.4846
G01 X53.3186Y16.9346
G01 X53.9723Y21.3417
G01 X55.0549Y25.6635
G01 X55.0859Y25.7500
G01 X54.6647Y25.7500
G01 X53.5800Y21.4197
G01 X52.9205Y16.9738
G01 X52.7000Y12.4846
G01 X52.9205Y7.9954
G01 X53.5800Y3.5494
G01 X54.6721Y-0.8105
G01 X54.6863Y-0.8500
G01 X54.2702Y-0.8500
G01 X53.1877Y3.4714
G01 X52.5225Y7.9562
G01 X52.3000Y12.4846
G01 X52.5225Y17.0130
G01 X53.1877Y21.4977
G01 X54.2529Y25.7500
G00 Z20.0000
G00 X60.6020Y25.7500
G01 Z20.0000
G01 X60.0310Y24.1540
G01 X59.0724Y20.3272
G01 X58.9142Y19.2605
G00 Z20.0000
G00 X59.3321Y19.3550
G01 Z20.0000
G01 X59.4647Y20.2492
G01 X60.4138Y24.0379
G01 X61.0264Y25.7500
G01 X61.4507Y25.7500
G01 X60.7966Y23.9218
G01 X59.8571Y20.1711
G01 X59.7360Y19.3550
G01 X60.1399Y19.3550
G01 X60.2494Y20.0931
G01 X61.1793Y23.8057
G01 X61.8750Y25.7500
G01 X62.2993Y25.7500
G01 X61.5621Y23.6896
G01 X60.6417Y20.0151
G01 X60.5340Y19.2890
G00 Z20.0000
G00 X60.8794Y18.8946
G01 Z20.0000
G01 X61.0340Y19.9370
G01 X61.9449Y23.5735
G01 X62.7237Y25.7500
G01 X63.1480Y25.7500
G01 X62.3277Y23.4573
G01 X61.4263Y19.8590
G01 X60.8820Y16.1896
G01 X60.7000Y12.4846
G01 X60.8820Y8.7795
G01 X61.4263Y5.1102
G01 X62.3277Y1.5118
G01 X63.1727Y-0.8500
G01 X63.5970Y-0.8500
G01 X62.7104Y1.6279
G01 X61.8186Y5.1882
G01 X61.2801Y8.8187
G01 X61.1000Y12.4846
G01 X61.2801Y16.1504
G01 X61.5625Y18.0543
G00 Z20.0000
G00 X61.5628Y17.3568
G01 Z20.0000
G01 X61.5674Y17.2954
G01 X61.5721Y17.2604
G01 X61.5760Y17.2411
G01 X61.5876Y17.1927
G01 X61.5977Y17.1588
G01 X61.6046Y17.1404
G01 X61.6236Y17.0944
G01 X61.6390Y17.0626
G01 X61.6506Y17.0421
G01 X61.6789Y16.9963
G01 X61.7019Y16.9646
G01 X61.7393Y16.9206
G01 X61.7637Y16.8951
G01 X61.7811Y16.8792
G01 X61.8221Y16.8444
G01 X61.8538Y16.8214
G01 X61.9097Y16.7871
G01 X61.9447Y16.7693
G01 X62.0053Y16.7442
G01 X62.0313Y16.7354
G01 X62.0540Y16.7291
G01 X62.1063Y16.7168
G01 X62.1334Y16.7121
G01 X62.1529Y16.7099
G01 X62.1987Y16.7062
G01 X62.2261Y16.7050
G01 X63.2200Y16.7050
G01 X63.2513Y16.7062
G01 X63.3049Y16.7106
G01 X63.3437Y16.7168
G01 X63.4074Y16.7321
G01 X63.4447Y16.7442
G01 X63.4981Y16.7661
G01 X63.5299Y16.7815
G01 X63.5504Y16.7931
G01 X63.5962Y16.8214
G01 X63.6279Y16.8444
G01 X63.6689Y16.8792
G01 X63.6863Y16.8951
G01 X63.7055Y16.9148
G01 X63.7406Y16.9555
G01 X63.7553Y16.9739
G01 X63.7711Y16.9963
G01 X63.7994Y17.0421
G01 X63.8110Y17.0626
G01 X63.8232Y17.0872
G01 X63.8440Y17.1368
G01 X63.8523Y17.1588
G01 X63.8604Y17.1851
G01 X63.8740Y17.2411
G01 X63.8804Y17.2759
G01 X63.8830Y17.2993
G01 X63.8870Y17.3529
G01 X63.8875Y18.6875
G01 X63.8865Y18.7149
G01 X63.8830Y18.7607
G01 X63.8804Y18.7841
G01 X63.8732Y18.8227
G01 X63.8604Y18.8749
G01 X63.8523Y18.9012
G01 X63.8440Y18.9232
G01 X63.8232Y18.9728
G01 X63.8054Y19.0078
G01 X63.7711Y19.0637
G01 X63.7481Y19.0954
G01 X63.7133Y19.1364
G01 X63.6974Y19.1538
G01 X63.6777Y19.1730
G01 X63.6370Y19.2081
G01 X63.6186Y19.2228
G01 X63.5962Y19.2386
G01 X63.5504Y19.2669
G01 X63.5299Y19.2785
G01 X63.5053Y19.2907
G01 X63.4557Y19.3115
G01 X63.4337Y19.3198
G01 X63.4074Y19.3279
G01 X63.3552Y19.3407
G01 X63.3321Y19.3454
G01 X63.3049Y19.3494
G01 X63.2474Y19.3540
G01 X63.2200Y19.3550
G01 X62.2300Y19.3550
G01 X62.2026Y19.3540
G01 X62.1529Y19.3501
G01 X62.1334Y19.3479
G01 X62.1063Y19.3432
G01 X62.0540Y19.3309
G01 X62.0163Y19.3198
G01 X61.9943Y19.3115
G01 X61.9447Y19.2907
G01 X61.9097Y19.2729
G01 X61.8538Y19.2386
G01 X61.8221Y19.2156
G01 X61.7811Y19.1808
G01 X61.7637Y19.1649
G01 X61.7445Y19.1452
G01 X61.7094Y19.1045
G01 X61.6947Y19.0861
G01 X61.6789Y19.0637
G01 X61.6446Y19.0078
G01 X61.6268Y18.9728
G01 X61.6060Y18.9232
G01 X61.5977Y18.9012
G01 X61.5866Y18.8635
G01 X61.5743Y18.8112
G01 X61.5696Y18.7841
G01 X61.5674Y18.7646
G01 X61.5637Y18.7188
G01 X61.5625Y18.6875
G01 X61.5628Y17.3568
G00 Z20.0000
G00 X61.7908Y16.8709
G01 Z20.0000
G01 X61.6782Y16.1112
G01 X61.5000Y12.4846
G01 X61.6782Y8.8579
G01 X62.2109Y5.2662
G01 X63.0932Y1.7440
G01 X64.0214Y-0.8500
G01 X64.4457Y-0.8500
G01 X63.4760Y1.8602
G01 X62.6033Y5.3443
G01 X62.0762Y8.8971
G01 X61.9000Y12.4846
G01 X62.0762Y16.0720
G01 X62.1706Y16.7084
G00 Z20.0000
G00 X62.5740Y16.7050
G01 Z20.0000
G01 X62.4743Y16.0328
G01 X62.3000Y12.4846
G01 X62.4743Y8.9364
G01 X62.9956Y5.4223
G01 X63.8588Y1.9763
G01 X64.8700Y-0.8500
G01 X65.2943Y-0.8500
G01 X64.2415Y2.0924
G01 X63.3879Y5.5003
G01 X62.8724Y8.9756
G01 X62.7000Y12.4846
G01 X62.8724Y15.9936
G01 X62.9779Y16.7050
G00 Z20.0000
G00 X63.3850Y16.7265
G01 Z20.0000
G01 X63.2705Y15.9544
G01 X63.1000Y12.4846
G01 X63.2705Y9.0148
G01 X63.7802Y5.5784
G01 X64.6243Y2.2085
G01 X65.7187Y-0.8500
G01 X66.1430Y-0.8500
G01 X65.0071Y2.3246
G01 X64.1725Y5.6564
G01 X63.6685Y9.0540
G01 X63.5000Y12.4846
G01 X63.6685Y15.9152
G01 X63.8537Y17.1631
G00 Z20.0000
G00 X63.8875Y17.3913
G01 Z20.0000
G01 X64.1725Y19.3127
G01 X65.0071Y22.6445
G01 X66.1182Y25.7500
G01 X65.6939Y25.7500
G01 X64.6243Y22.7607
G01 X63.7802Y19.3908
G01 X63.7382Y19.1073
G00 Z20.0000
G00 X63.3684Y19.3375
G01 Z20.0000
G01 X63.3879Y19.4688
G01 X64.2415Y22.8768
G01 X65.2696Y25.7500
G01 X64.8453Y25.7500
G01 X63.8588Y22.9929
G01 X62.9956Y19.5468
G01 X62.9671Y19.3550
G01 X62.5632Y19.3550
G01 X62.6033Y19.6249
G01 X63.4760Y23.1090
G01 X64.4210Y25.7500
G01 X63.9966Y25.7500
G01 X63.0932Y23.2251
G01 X62.2109Y19.7029
G01 X62.1587Y19.3506
G00 Z20.0000
G00 X61.7201Y19.1170
G01 Z20.0000
G01 X61.8186Y19.7810
G01 X62.7104Y23.3412
G01 X63.5723Y25.7500
G01 X66.5454Y25.7500
G01 X66.5338Y25.7254
G01 X65.3899Y22.5284
G01 X64.5648Y19.2347
G01 X64.0666Y15.8760
G01 X63.9000Y12.4846
G01 X64.0666Y9.0932
G01 X64.5648Y5.7345
G01 X65.3899Y2.4407
G01 X66.5338Y-0.7563
G01 X66.5781Y-0.8500
G01 X67.0200Y-0.8500
G01 X66.9033Y-0.6032
G01 X65.7726Y2.5568
G01 X64.9571Y5.8125
G01 X64.4647Y9.1324
G01 X64.3000Y12.4846
G01 X64.4647Y15.8368
G01 X64.9571Y19.1567
G01 X65.7726Y22.4123
G01 X66.9033Y25.5723
G01 X66.9873Y25.7500
G01 X67.4293Y25.7500
G01 X67.2729Y25.4193
G01 X66.1554Y22.2962
G01 X65.3495Y19.0786
G01 X64.8628Y15.7976
G01 X64.7000Y12.4846
G01 X64.8628Y9.1716
G01 X65.3495Y5.8905
G01 X66.1554Y2.6730
G01 X67.2729Y-0.4501
G01 X67.4620Y-0.8500
G01 X67.9039Y-0.8500
G01 X67.6424Y-0.2971
G01 X66.5382Y2.7891
G01 X65.7418Y5.9686
G01 X65.2608Y9.2108
G01 X65.1000Y12.4846
G01 X65.2608Y15.7583
G01 X65.7418Y19.0006
G01 X66.5382Y22.1801
G01 X67.6424Y25.2662
G01 X67.8712Y25.7500
G01 X68.3132Y25.7500
G01 X68.0120Y25.1131
G01 X66.9210Y22.0640
G01 X66.1341Y18.9226
G01 X65.6589Y15.7191
G01 X65.5000Y12.4846
G01 X65.6589Y9.2500
G01 X66.1341Y6.0466
G01 X66.9210Y2.9052
G01 X68.0120Y-0.1440
G01 X68.3459Y-0.8500
G01 X68.7878Y-0.8500
G01 X68.3815Y0.0091
G01 X67.3037Y3.0213
G01 X66.5264Y6.1246
G01 X66.0570Y9.2892
G01 X65.9000Y12.4846
G01 X66.0570Y15.6799
G01 X66.5264Y18.8445
G01 X67.3037Y21.9479
G01 X68.3815Y24.9601
G01 X68.7551Y25.7500
G01 X69.1971Y25.7500
G01 X68.7511Y24.8070
G01 X67.6865Y21.8317
G01 X66.9187Y18.7665
G01 X66.4551Y15.6407
G01 X66.3000Y12.4846
G01 X66.4551Y9.3284
G01 X66.9187Y6.2027
G01 X67.6865Y3.1374
G01 X68.7511Y0.1622
G01 X69.2298Y-0.8500
G01 X69.6717Y-0.8500
G01 X69.1206Y0.3152
G01 X68.0693Y3.2535
G01 X67.3110Y6.2807
G01 X66.8531Y9.3676
G01 X66.7000Y12.4846
G01 X66.8531Y15.6015
G01 X67.3110Y18.6884
G01 X68.0693Y21.7156
G01 X69.1206Y24.6539
G01 X69.6390Y25.7500
G01 X70.0810Y25.7500
G01 X69.4902Y24.5008
G01 X68.4521Y21.5995
G01 X67.7033Y18.6104
G01 X67.2512Y15.5623
G01 X67.1000Y12.4846
G01 X67.2512Y9.4068
G01 X67.7033Y6.3587
G01 X68.4521Y3.3696
G01 X69.4902Y0.4683
G01 X70.1137Y-0.8500
G01 X70.5556Y-0.8500
G01 X69.8597Y0.6214
G01 X68.8348Y3.4858
G01 X68.0957Y6.4368
G01 X67.6493Y9.4460
G01 X67.5000Y12.4846
G01 X67.6493Y15.5231
G01 X68.0957Y18.5324
G01 X68.8348Y21.4834
G01 X69.8597Y24.3478
G01 X70.5229Y25.7500
G01 X70.9649Y25.7500
G01 X70.2293Y24.1947
G01 X69.2176Y21.3673
G01 X68.4880Y18.4543
G01 X68.0473Y15.4839
G01 X67.9000Y12.4846
G01 X68.0473Y9.4853
G01 X68.4880Y6.5148
G01 X69.2176Y3.6019
G01 X70.2293Y0.7745
G01 X70.9976Y-0.8500
G01 X71.4396Y-0.8500
G01 X70.5988Y0.9275
G01 X69.6004Y3.7180
G01 X68.8803Y6.5928
G01 X68.4454Y9.5245
G01 X68.3000Y12.4846
G01 X68.4454Y15.4447
G01 X68.8803Y18.3763
G01 X69.6004Y21.2512
G01 X70.5988Y24.0416
G01 X71.4068Y25.7500
G01 X71.8488Y25.7500
G01 X70.9684Y23.8885
G01 X69.9832Y21.1351
G01 X69.2726Y18.2983
G01 X68.8435Y15.4055
G01 X68.7000Y12.4846
G01 X68.8435Y9.5637
G01 X69.2726Y6.6709
G01 X69.9832Y3.8341
G01 X70.9684Y1.0806
G01 X71.8815Y-0.8500
G01 X72.3235Y-0.8500
G01 X71.3379Y1.2337
G01 X70.3660Y3.9502
G01 X69.6649Y6.7489
G01 X69.2416Y9.6029
G01 X69.1000Y12.4846
G01 X69.2416Y15.3663
G01 X69.6649Y18.2202
G01 X70.3660Y21.0189
G01 X71.3379Y23.7355
G01 X72.2907Y25.7500
G01 X72.7327Y25.7500
G01 X71.7075Y23.5824
G01 X70.7487Y20.9028
G01 X70.0572Y18.1422
G01 X69.6396Y15.3271
G01 X69.5000Y12.4846
G01 X69.6396Y9.6421
G01 X70.0572Y6.8270
G01 X70.7487Y4.0663
G01 X71.7075Y1.3868
G01 X72.7654Y-0.8500
G01 X73.2074Y-0.8500
G01 X72.0770Y1.5398
G01 X71.1315Y4.1824
G01 X70.4495Y6.9050
G01 X70.0377Y9.6813
G01 X69.9000Y12.4846
G01 X70.0377Y15.2879
G01 X70.4495Y18.0642
G01 X71.1315Y20.7867
G01 X72.0770Y23.4293
G01 X73.1746Y25.7500
G01 X73.6166Y25.7500
G01 X72.4466Y23.2762
G01 X71.5143Y20.6706
G01 X70.8419Y17.9861
G01 X70.4358Y15.2487
G01 X70.3000Y12.4846
G01 X70.4358Y9.7205
G01 X70.8419Y6.9830
G01 X71.5143Y4.2985
G01 X72.4466Y1.6929
G01 X73.6298Y-0.8088
G01 X73.6545Y-0.8500
G01 X74.1203Y-0.8500
G01 X73.9826Y-0.6203
G01 X72.8161Y1.8460
G01 X71.8971Y4.4147
G01 X71.2342Y7.0611
G01 X70.8339Y9.7597
G01 X70.7000Y12.4846
G01 X70.8339Y15.2095
G01 X71.2342Y17.9081
G01 X71.8971Y20.5545
G01 X72.8161Y23.1232
G01 X73.9826Y25.5894
G01 X74.0788Y25.7500
G01 X74.5446Y25.7500
G01 X74.3354Y25.4008
G01 X73.1857Y22.9701
G01 X72.2798Y20.4384
G01 X71.6265Y17.8301
G01 X71.2319Y15.1702
G01 X71.1000Y12.4846
G01 X71.2319Y9.7989
G01 X71.6265Y7.1391
G01 X72.2798Y4.5308
G01 X73.1857Y1.9990
G01 X74.3354Y-0.4317
G01 X74.5861Y-0.8500
G01 X75.0519Y-0.8500
G01 X74.6881Y-0.2431
G01 X73.5553Y2.1521
G01 X72.6626Y4.6469
G01 X72.0188Y7.2171
G01 X71.6300Y9.8381
G01 X71.5000Y12.4846
G01 X71.6300Y15.1310
G01 X72.0188Y17.7520
G01 X72.6626Y20.3223
G01 X73.5553Y22.8170
G01 X74.6881Y25.2123
G01 X75.0104Y25.7500
G01 X75.4762Y25.7500
G01 X75.0409Y25.0237
G01 X73.9248Y22.6640
G01 X73.0454Y20.2061
G01 X72.4111Y17.6740
G01 X72.0281Y15.0918
G01 X71.9000Y12.4846
G01 X72.0281Y9.8773
G01 X72.4111Y7.2952
G01 X73.0454Y4.7630
G01 X73.9248Y2.3052
G01 X75.0409Y-0.0546
G01 X75.5177Y-0.8500
G01 X75.9834Y-0.8500
G01 X75.3937Y0.1340
G01 X74.2944Y2.4583
G01 X73.4282Y4.8791
G01 X72.8034Y7.3732
G01 X72.4262Y9.9165
G01 X72.3000Y12.4846
G01 X72.4262Y15.0526
G01 X72.8034Y17.5959
G01 X73.4282Y20.0900
G01 X74.2944Y22.5109
G01 X75.3937Y24.8352
G01 X75.9420Y25.7500
G01 X76.4078Y25.7500
G01 X75.7464Y24.6466
G01 X74.6639Y22.3578
G01 X73.8109Y19.9739
G01 X73.1957Y17.5179
G01 X72.8242Y15.0134
G01 X72.7000Y12.4846
G01 X72.8242Y9.9557
G01 X73.1957Y7.4512
G01 X73.8109Y4.9952
G01 X74.6639Y2.6113
G01 X75.7464Y0.3225
G01 X76.4492Y-0.8500
G01 X76.9150Y-0.8500
G01 X76.0992Y0.5111
G01 X75.0335Y2.7644
G01 X74.1937Y5.1113
G01 X73.5881Y7.5293
G01 X73.2223Y9.9949
G01 X73.1000Y12.4846
G01 X73.2223Y14.9742
G01 X73.5881Y17.4399
G01 X74.1937Y19.8578
G01 X75.0335Y22.2047
G01 X76.0992Y24.4581
G01 X76.8736Y25.7500
G01 X77.3393Y25.7500
G01 X76.4520Y24.2695
G01 X75.4030Y22.0517
G01 X74.5765Y19.7417
G01 X73.9804Y17.3618
G01 X73.6204Y14.9350
G01 X73.5000Y12.4846
G01 X73.6204Y10.0341
G01 X73.9804Y7.6073
G01 X74.5765Y5.2275
G01 X75.4030Y2.9175
G01 X76.4520Y0.6997
G01 X77.3808Y-0.8500
G01 X77.8466Y-0.8500
G01 X76.8047Y0.8882
G01 X75.7726Y3.0706
G01 X74.9593Y5.3436
G01 X74.3727Y7.6854
G01 X74.0185Y10.0734
G01 X73.9000Y12.4846
G01 X74.0185Y14.8958
G01 X74.3727Y17.2838
G01 X74.9593Y19.6256
G01 X75.7726Y21.8986
G01 X76.8047Y24.0809
G01 X77.8051Y25.7500
G01 X78.2709Y25.7500
G01 X77.1575Y23.8924
G01 X76.1421Y21.7455
G01 X75.3420Y19.5095
G01 X74.7650Y17.2058
G01 X74.4165Y14.8566
G01 X74.3348Y13.1927
G00 Z20.0000
G00 X74.7561Y13.6273
G01 Z20.0000
G01 X74.8146Y14.8174
G01 X75.1573Y17.1277
G01 X75.7248Y19.3934
G01 X76.5117Y21.5924
G01 X77.5103Y23.7038
G01 X78.7110Y25.7071
G01 X78.7428Y25.7500
G01 X79.2402Y25.7500
G01 X79.0436Y25.4849
G01 X77.8630Y23.5153
G01 X76.8812Y21.4394
G01 X76.1076Y19.2772
G01 X75.5496Y17.0497
G01 X75.2127Y14.7782
G01 X75.1682Y13.8721
G00 Z20.0000
G00 X75.5747Y14.0047
G01 Z20.0000
G01 X75.6108Y14.7390
G01 X75.9419Y16.9717
G01 X76.4904Y19.1611
G01 X77.2508Y21.2863
G01 X78.2158Y23.3267
G01 X79.3762Y25.2627
G01 X79.7376Y25.7500
G01 X80.2350Y25.7500
G01 X79.7088Y25.0405
G01 X78.5686Y23.1381
G01 X77.6203Y21.1332
G01 X76.8731Y19.0450
G01 X76.3343Y16.8936
G01 X76.0088Y14.6998
G01 X75.9769Y14.0493
G00 Z20.0000
G00 X76.3752Y14.0148
G01 Z20.0000
G01 X76.4069Y14.6606
G01 X76.7266Y16.8156
G01 X77.2559Y18.9289
G01 X77.9899Y20.9801
G01 X78.9213Y22.9496
G01 X80.0414Y24.8182
G01 X80.7324Y25.7500
G01 X81.2298Y25.7500
G01 X80.3740Y24.5960
G01 X79.2741Y22.7610
G01 X78.3594Y20.8271
G01 X77.6387Y18.8128
G01 X77.1189Y16.7375
G01 X76.8050Y14.6213
G01 X76.7695Y13.8998
G00 Z20.0000
G00 X77.1592Y13.6901
G01 Z20.0000
G01 X77.2030Y14.5821
G01 X77.5112Y16.6595
G01 X78.0215Y18.6967
G01 X78.7290Y20.6740
G01 X79.6269Y22.5725
G01 X80.7066Y24.3738
G01 X81.7272Y25.7500
G01 X82.2246Y25.7500
G01 X81.0391Y24.1516
G01 X79.9797Y22.3839
G01 X79.0985Y20.5209
G01 X78.4043Y18.5806
G01 X77.9035Y16.5815
G01 X77.6011Y14.5429
G01 X77.5424Y13.3479
G00 Z20.0000
G00 X77.9123Y12.7347
G01 Z20.0000
G01 X77.9992Y14.5037
G01 X78.2958Y16.5034
G01 X78.7870Y18.4644
G01 X79.4681Y20.3679
G01 X80.3324Y22.1953
G01 X81.3717Y23.9293
G01 X82.5760Y25.5531
G01 X82.7545Y25.7500
G01 X83.2937Y25.7500
G01 X82.8852Y25.2993
G01 X81.7043Y23.7071
G01 X80.6852Y22.0068
G01 X79.8376Y20.2148
G01 X79.1698Y18.3483
G01 X78.6881Y16.4254
G01 X78.3973Y14.4645
G01 X78.3000Y12.4846
G01 X78.3973Y10.5046
G01 X78.6881Y8.5438
G01 X79.1698Y6.6208
G01 X79.8376Y4.7544
G01 X80.6852Y2.9624
G01 X81.7043Y1.2621
G01 X82.8852Y-0.3302
G01 X83.3563Y-0.8500
G01 X82.8171Y-0.8500
G01 X82.5760Y-0.5839
G01 X81.3717Y1.0398
G01 X80.3324Y2.7738
G01 X79.4681Y4.6013
G01 X78.7870Y6.5047
G01 X78.2958Y8.4657
G01 X77.9992Y10.4654
G01 X77.9542Y11.3823
G00 Z20.0000
G00 X78.0499Y11.9902
G01 Z20.0000
G01 X78.0495Y12.0196
G01 X78.0405Y12.1961
G01 X78.0377Y12.2204
G01 X78.0115Y12.3951
G01 X78.0063Y12.4191
G01 X77.9631Y12.5904
G01 X77.9556Y12.6137
G01 X77.8958Y12.7799
G01 X77.8860Y12.8024
G01 X77.8102Y12.9620
G01 X77.7983Y12.9834
G01 X77.7072Y13.1348
G01 X77.6932Y13.1550
G01 X77.5877Y13.2967
G01 X77.5718Y13.3154
G01 X77.4530Y13.4461
G01 X77.4353Y13.4631
G01 X77.3043Y13.5815
G01 X77.2850Y13.5968
G01 X77.1430Y13.7017
G01 X77.1223Y13.7150
G01 X76.9707Y13.8056
G01 X76.9488Y13.8168
G01 X76.7890Y13.8920
G01 X76.7662Y13.9010
G01 X76.5998Y13.9602
G01 X76.5762Y13.9670
G01 X76.4047Y14.0096
G01 X76.3806Y14.0140
G01 X76.2058Y14.0396
G01 X76.1814Y14.0416
G01 X76.0049Y14.0499
G01 X75.9804Y14.0495
G01 X75.8040Y14.0405
G01 X75.7796Y14.0377
G01 X75.6049Y14.0115
G01 X75.5809Y14.0063
G01 X75.4096Y13.9631
G01 X75.3863Y13.9556
G01 X75.2201Y13.8958
G01 X75.1976Y13.8860
G01 X75.0380Y13.8102
G01 X75.0166Y13.7983
G01 X74.8652Y13.7072
G01 X74.8450Y13.6932
G01 X74.7033Y13.5877
G01 X74.6846Y13.5718
G01 X74.5539Y13.4530
G01 X74.5369Y13.4353
G01 X74.4185Y13.3043
G01 X74.4032Y13.2850
G01 X74.2983Y13.1430
G01 X74.2850Y13.1223
G01 X74.1944Y12.9707
G01 X74.1832Y12.9488
G01 X74.1080Y12.7890
G01 X74.0990Y12.7662
G01 X74.0398Y12.5998
G01 X74.0330Y12.5762
G01 X73.9904Y12.4047
G01 X73.9860Y12.3806
G01 X73.9604Y12.2058
G01 X73.9584Y12.1814
G01 X73.9501Y12.0049
G01 X73.9505Y11.9804
G01 X73.9595Y11.8039
G01 X73.9623Y11.7796
G01 X73.9885Y11.6049
G01 X73.9937Y11.5809
G01 X74.0369Y11.4096
G01 X74.0444Y11.3863
G01 X74.1042Y11.2201
G01 X74.1140Y11.1976
G01 X74.1898Y11.0380
G01 X74.2017Y11.0166
G01 X74.2928Y10.8652
G01 X74.3068Y10.8450
G01 X74.4123Y10.7033
G01 X74.4282Y10.6846
G01 X74.5470Y10.5539
G01 X74.5647Y10.5369
G01 X74.6957Y10.4185
G01 X74.7150Y10.4032
G01 X74.8570Y10.2983
G01 X74.8777Y10.2850
G01 X75.0293Y10.1944
G01 X75.0512Y10.1832
G01 X75.2110Y10.1080
G01 X75.2338Y10.0990
G01 X75.4002Y10.0398
G01 X75.4238Y10.0330
G01 X75.5953Y9.9904
G01 X75.6194Y9.9860
G01 X75.7942Y9.9604
G01 X75.8186Y9.9584
G01 X75.9951Y9.9501
G01 X76.0196Y9.9505
G01 X76.1960Y9.9595
G01 X76.2204Y9.9623
G01 X76.3951Y9.9885
G01 X76.4191Y9.9937
G01 X76.5904Y10.0369
G01 X76.6137Y10.0444
G01 X76.7799Y10.1042
G01 X76.8024Y10.1140
G01 X76.9620Y10.1898
G01 X76.9834Y10.2017
G01 X77.1348Y10.2928
G01 X77.1550Y10.3068
G01 X77.2967Y10.4123
G01 X77.3154Y10.4282
G01 X77.4461Y10.5470
G01 X77.4631Y10.5647
G01 X77.5815Y10.6957
G01 X77.5968Y10.7150
G01 X77.7017Y10.8570
G01 X77.7150Y10.8777
G01 X77.8056Y11.0293
G01 X77.8168Y11.0512
G01 X77.8920Y11.2110
G01 X77.9010Y11.2338
G01 X77.9602Y11.4002
G01 X77.9670Y11.4238
G01 X78.0096Y11.5953
G01 X78.0140Y11.6194
G01 X78.0396Y11.7942
G01 X78.0416Y11.8186
G01 X78.0499Y11.9902
G00 Z20.0000
G00 X77.5875Y10.7031
G01 Z20.0000
G01 X77.6011Y10.4262
G01 X77.9035Y8.3877
G01 X78.4043Y6.3886
G01 X79.0985Y4.4482
G01 X79.9797Y2.5852
G01 X81.0391Y0.8176
G01 X82.2668Y-0.8377
G01 X82.2779Y-0.8500
G01 X81.7785Y-0.8500
G01 X80.7066Y0.5954
G01 X79.6269Y2.3967
G01 X78.7290Y4.2952
G01 X78.0215Y6.2725
G01 X77.5112Y8.3096
G01 X77.2090Y10.3469
G00 Z20.0000
G00 X76.8372Y10.1304
G01 Z20.0000
G01 X77.1189Y8.2316
G01 X77.6387Y6.1564
G01 X78.3594Y4.1421
G01 X79.2741Y2.2081
G01 X80.3740Y0.3731
G01 X81.2811Y-0.8500
G01 X80.7837Y-0.8500
G01 X80.0414Y0.1509
G01 X78.9213Y2.0196
G01 X77.9899Y3.9890
G01 X77.2559Y6.0403
G01 X76.7266Y8.1536
G01 X76.4524Y10.0020
G00 Z20.0000
G00 X76.0559Y9.9523
G01 Z20.0000
G01 X76.3343Y8.0755
G01 X76.8731Y5.9241
G01 X77.6203Y3.8359
G01 X78.5686Y1.8310
G01 X79.7088Y-0.0713
G01 X80.2863Y-0.8500
G01 X79.7889Y-0.8500
G01 X79.3762Y-0.2935
G01 X78.2158Y1.6425
G01 X77.2508Y3.6829
G01 X76.4904Y5.8080
G01 X75.9419Y7.9975
G01 X75.6476Y9.9819
G00 Z20.0000
G00 X75.2259Y10.1020
G01 Z20.0000
G01 X75.5496Y7.9195
G01 X76.1076Y5.6919
G01 X76.8812Y3.5298
G01 X77.8630Y1.4539
G01 X79.0436Y-0.5158
G01 X79.2915Y-0.8500
G01 X78.7941Y-0.8500
G01 X78.7110Y-0.7380
G01 X77.5103Y1.2653
G01 X76.5117Y3.3767
G01 X75.7248Y5.5758
G01 X75.1573Y7.8414
G01 X74.8146Y10.1518
G01 X74.8055Y10.3361
G00 Z20.0000
G00 X74.3858Y10.7385
G01 Z20.0000
G01 X74.4165Y10.1126
G01 X74.7650Y7.7634
G01 X75.3420Y5.4597
G01 X76.1421Y3.2236
G01 X77.1575Y1.0768
G01 X78.3124Y-0.8500
G00 Z20.0000
G00 X83.8955Y-0.8500
G01 Z20.0000
G01 X83.1944Y-0.0764
G01 X82.0369Y1.4843
G01 X81.0380Y3.1509
G01 X80.2072Y4.9074
G01 X79.5526Y6.7369
G01 X79.0805Y8.6218
G01 X78.7953Y10.5438
G01 X78.7000Y12.4846
G01 X78.7953Y14.4253
G01 X79.0805Y16.3474
G01 X79.5526Y18.2322
G01 X80.2072Y20.0617
G01 X81.0380Y21.8182
G01 X82.0369Y23.4849
G01 X83.1944Y25.0456
G01 X83.8329Y25.7500
G01 X84.3721Y25.7500
G01 X83.5036Y24.7918
G01 X82.3695Y23.2626
G01 X81.3907Y21.6297
G01 X80.5767Y19.9086
G01 X79.9354Y18.1161
G01 X79.4728Y16.2693
G01 X79.1934Y14.3861
G01 X79.1000Y12.4846
G01 X79.1934Y10.5830
G01 X79.4728Y8.6998
G01 X79.9354Y6.8531
G01 X80.5767Y5.0605
G01 X81.3907Y3.3395
G01 X82.3695Y1.7065
G01 X83.5036Y0.1773
G01 X84.4347Y-0.8500
G01 X84.9739Y-0.8500
G01 X83.8128Y0.4311
G01 X82.7021Y1.9287
G01 X81.7435Y3.5280
G01 X80.9463Y5.2136
G01 X80.3181Y6.9692
G01 X79.8651Y8.7779
G01 X79.5915Y10.6223
G01 X79.5000Y12.4846
G01 X79.5915Y14.3469
G01 X79.8651Y16.1913
G01 X80.3181Y18.0000
G01 X80.9463Y19.7556
G01 X81.7435Y21.4411
G01 X82.7021Y23.0404
G01 X83.8128Y24.5380
G01 X84.9113Y25.7500
G01 X85.4728Y25.7500
G01 X85.3478Y25.6368
G01 X84.1220Y24.2843
G01 X83.0347Y22.8182
G01 X82.0963Y21.2526
G01 X81.3158Y19.6025
G01 X80.7009Y17.8839
G01 X80.2574Y16.1133
G01 X79.9896Y14.3077
G01 X79.9000Y12.4846
G01 X79.9896Y10.6615
G01 X80.2574Y8.8559
G01 X80.7009Y7.0853
G01 X81.3158Y5.3667
G01 X82.0963Y3.7166
G01 X83.0347Y2.1510
G01 X84.1220Y0.6849
G01 X85.3478Y-0.6676
G01 X85.5490Y-0.8500
G01 X86.1440Y-0.8500
G01 X85.6307Y-0.3848
G01 X84.4312Y0.9386
G01 X83.3673Y2.3732
G01 X82.4490Y3.9052
G01 X81.6854Y5.5197
G01 X81.0837Y7.2014
G01 X80.6497Y8.9339
G01 X80.3876Y10.7007
G01 X80.3000Y12.4846
G01 X80.3876Y14.2685
G01 X80.6497Y16.0352
G01 X81.0837Y17.7678
G01 X81.6854Y19.4494
G01 X82.4490Y21.0640
G01 X83.3673Y22.5960
G01 X84.4312Y24.0305
G01 X85.6307Y25.3539
G01 X86.0677Y25.7500
G01 X86.6626Y25.7500
G01 X85.9135Y25.0711
G01 X84.7404Y23.7768
G01 X83.6998Y22.3737
G01 X82.8018Y20.8754
G01 X82.0549Y19.2963
G01 X81.4665Y17.6516
G01 X81.0420Y15.9572
G01 X80.7857Y14.2293
G01 X80.7000Y12.4846
G01 X80.7857Y10.7399
G01 X81.0420Y9.0120
G01 X81.4665Y7.3175
G01 X82.0549Y5.6728
G01 X82.8018Y4.0937
G01 X83.6998Y2.5954
G01 X84.7404Y1.1924
G01 X85.9135Y-0.1019
G01 X86.7389Y-0.8500
G01 X87.3338Y-0.8500
G01 X86.1963Y0.1809
G01 X85.0496Y1.4461
G01 X84.0324Y2.8177
G01 X83.1546Y4.2823
G01 X82.4245Y5.8259
G01 X81.8492Y7.4336
G01 X81.4343Y9.0900
G01 X81.1838Y10.7791
G01 X81.1000Y12.4846
G01 X81.1838Y14.1901
G01 X81.4343Y15.8791
G01 X81.8492Y17.5355
G01 X82.4245Y19.1433
G01 X83.1546Y20.6869
G01 X84.0324Y22.1515
G01 X85.0496Y23.5230
G01 X86.1963Y24.7882
G01 X87.2575Y25.7500
G01 X87.8828Y25.7500
G01 X87.7153Y25.6258
G01 X86.4792Y24.5054
G01 X85.3588Y23.2693
G01 X84.3650Y21.9293
G01 X83.5073Y20.4983
G01 X82.7940Y18.9902
G01 X82.2320Y17.4194
G01 X81.8267Y15.8011
G01 X81.5819Y14.1509
G01 X81.5000Y12.4846
G01 X81.5819Y10.8183
G01 X81.8267Y9.1680
G01 X82.2320Y7.5497
G01 X82.7940Y5.9790
G01 X83.5073Y4.4708
G01 X84.3650Y3.0399
G01 X85.3588Y1.6999
G01 X86.4792Y0.4638
G01 X87.7153Y-0.6566
G01 X87.9761Y-0.8500
G01 X88.6468Y-0.8500
G01 X87.9691Y-0.3474
G01 X86.7620Y0.7466
G01 X85.6680Y1.9536
G01 X84.6976Y3.2621
G01 X83.8601Y4.6594
G01 X83.1636Y6.1320
G01 X82.6148Y7.6659
G01 X82.2190Y9.2461
G01 X81.9799Y10.8575
G01 X81.9000Y12.4846
G01 X81.9799Y14.1117
G01 X82.2190Y15.7231
G01 X82.6148Y17.3033
G01 X83.1636Y18.8371
G01 X83.8601Y20.3098
G01 X84.6976Y21.7070
G01 X85.6680Y23.0155
G01 X86.7620Y24.2225
G01 X87.9691Y25.3165
G01 X88.5535Y25.7500
G01 X89.2242Y25.7500
G01 X88.2228Y25.0073
G01 X87.0449Y23.9397
G01 X85.9772Y22.7617
G01 X85.0302Y21.4848
G01 X84.2129Y20.1212
G01 X83.5332Y18.6840
G01 X82.9976Y17.1872
G01 X82.6113Y15.6450
G01 X82.3780Y14.0725
G01 X82.3000Y12.4846
G01 X82.3780Y10.8967
G01 X82.6113Y9.3241
G01 X82.9976Y7.7820
G01 X83.5332Y6.2851
G01 X84.2129Y4.8479
G01 X85.0302Y3.4843
G01 X85.9772Y2.2074
G01 X87.0449Y1.0294
G01 X88.2228Y-0.0382
G01 X89.3174Y-0.8500
G01 X90.0513Y-0.8500
G01 X89.7220Y-0.6526
G01 X88.4766Y0.2710
G01 X87.3277Y1.3123
G01 X86.2864Y2.4612
G01 X85.3628Y3.7066
G01 X84.5656Y5.0365
G01 X83.9027Y6.4382
G01 X83.3803Y7.8981
G01 X83.0036Y9.4021
G01 X82.7761Y10.9359
G01 X82.7000Y12.4846
G01 X82.7761Y14.0332
G01 X83.0036Y15.5670
G01 X83.3803Y17.0711
G01 X83.9027Y18.5310
G01 X84.5656Y19.9326
G01 X85.3628Y21.2626
G01 X86.2864Y22.5080
G01 X87.3277Y23.6569
G01 X88.4766Y24.6981
G01 X89.7220Y25.6218
G01 X89.9359Y25.7500
G01 X90.7130Y25.7500
G01 X89.9442Y25.2892
G01 X88.7303Y24.3889
G01 X87.6106Y23.3740
G01 X86.5956Y22.2542
G01 X85.6954Y21.0404
G01 X84.9184Y19.7441
G01 X84.2723Y18.3779
G01 X83.7631Y16.9550
G01 X83.3959Y15.4890
G01 X83.1742Y13.9940
G01 X83.1000Y12.4846
G01 X83.1742Y10.9751
G01 X83.3959Y9.4802
G01 X83.7631Y8.0142
G01 X84.2723Y6.5913
G01 X84.9184Y5.2251
G01 X85.6954Y3.9288
G01 X86.5956Y2.7149
G01 X87.6106Y1.5951
G01 X88.7303Y0.5802
G01 X89.9442Y-0.3201
G01 X90.8284Y-0.8500
G01 X91.6527Y-0.8500
G01 X91.4290Y-0.7442
G01 X90.1664Y0.0125
G01 X88.9841Y0.8894
G01 X87.8934Y1.8780
G01 X86.9048Y2.9687
G01 X86.0280Y4.1510
G01 X85.2712Y5.4136
G01 X84.6418Y6.7443
G01 X84.1459Y8.1303
G01 X83.7882Y9.5582
G01 X83.5722Y11.0143
G01 X83.5000Y12.4846
G01 X83.5722Y13.9548
G01 X83.7882Y15.4109
G01 X84.1459Y16.8388
G01 X84.6418Y18.2248
G01 X85.2712Y19.5555
G01 X86.0280Y20.8181
G01 X86.9048Y22.0005
G01 X87.8934Y23.0912
G01 X88.9841Y24.0797
G01 X90.1664Y24.9566
G01 X91.4290Y25.7134
G01 X91.5064Y25.7500
G01 X92.4409Y25.7500
G01 X91.6176Y25.3606
G01 X90.3887Y24.6240
G01 X89.2379Y23.7705
G01 X88.1762Y22.8083
G01 X87.2140Y21.7467
G01 X86.3605Y20.5959
G01 X85.6239Y19.3670
G01 X85.0114Y18.0718
G01 X84.5287Y16.7227
G01 X84.1805Y15.3329
G01 X83.9703Y13.9156
G01 X83.9000Y12.4846
G01 X83.9703Y11.0535
G01 X84.1805Y9.6363
G01 X84.5287Y8.2464
G01 X85.0114Y6.8974
G01 X85.6239Y5.6022
G01 X86.3605Y4.3733
G01 X87.2140Y3.2224
G01 X88.1762Y2.1608
G01 X89.2379Y1.1986
G01 X90.3887Y0.3451
G01 X91.6176Y-0.3915
G01 X92.5871Y-0.8500
G01 X93.6681Y-0.8500
G01 X93.0659Y-0.6345
G01 X91.8062Y-0.0387
G01 X90.6109Y0.6777
G01 X89.4916Y1.5078
G01 X88.4591Y2.4437
G01 X87.5233Y3.4762
G01 X86.6931Y4.5955
G01 X85.9767Y5.7907
G01 X85.3809Y7.0505
G01 X84.9114Y8.3625
G01 X84.5728Y9.7143
G01 X84.3684Y11.0927
G01 X84.3000Y12.4846
G01 X84.3684Y13.8764
G01 X84.5728Y15.2549
G01 X84.9114Y16.6066
G01 X85.3809Y17.9187
G01 X85.9767Y19.1784
G01 X86.6931Y20.3737
G01 X87.5233Y21.4930
G01 X88.4591Y22.5255
G01 X89.4916Y23.4613
G01 X90.6109Y24.2914
G01 X91.8062Y25.0079
G01 X93.0659Y25.6037
G01 X93.4749Y25.7500
G01 X94.7322Y25.7500
G01 X94.4941Y25.6904
G01 X93.2190Y25.2341
G01 X91.9947Y24.6551
G01 X90.8331Y23.9589
G01 X89.7454Y23.1521
G01 X88.7419Y22.2426
G01 X87.8325Y21.2392
G01 X87.0257Y20.1514
G01 X86.3295Y18.9899
G01 X85.7505Y17.7656
G01 X85.2942Y16.4905
G01 X84.9652Y15.1768
G01 X84.7665Y13.8372
G01 X84.7000Y12.4846
G01 X84.7665Y11.1319
G01 X84.9652Y9.7923
G01 X85.2942Y8.4786
G01 X85.7505Y7.2035
G01 X86.3295Y5.9793
G01 X87.0257Y4.8177
G01 X87.8325Y3.7299
G01 X88.7419Y2.7265
G01 X89.7454Y1.8170
G01 X90.8331Y1.0103
G01 X91.9947Y0.3141
G01 X93.2190Y-0.2650
G01 X94.4941Y-0.7212
G01 X95.0083Y-0.8500
G01 X97.1805Y-0.8500
G01 X95.8858Y-0.6579
G01 X94.6102Y-0.3384
G01 X93.3720Y0.1046
G01 X92.1833Y0.6668
G01 X91.0554Y1.3429
G01 X89.9991Y2.1262
G01 X89.0248Y3.0093
G01 X88.1417Y3.9837
G01 X87.3583Y5.0399
G01 X86.6823Y6.1679
G01 X86.1200Y7.3566
G01 X85.6770Y8.5948
G01 X85.3575Y9.8704
G01 X85.1645Y11.1711
G01 X85.1000Y12.4846
G01 X85.1645Y13.7980
G01 X85.3575Y15.0988
G01 X85.6770Y16.3744
G01 X86.1200Y17.6125
G01 X86.6823Y18.8013
G01 X87.3583Y19.9292
G01 X88.1417Y20.9854
G01 X89.0248Y21.9598
G01 X89.9991Y22.8429
G01 X91.0554Y23.6263
G01 X92.1833Y24.3023
G01 X93.3720Y24.8646
G01 X94.6102Y25.3076
G01 X95.8858Y25.6271
G01 X96.7143Y25.7500
G01 X100.2857Y25.7500
G01 X101.1142Y25.6271
G01 X102.3898Y25.3076
G01 X103.6280Y24.8646
G01 X104.8167Y24.3023
G01 X105.9446Y23.6263
G01 X107.0009Y22.8429
G01 X107.9752Y21.9598
G01 X108.8583Y20.9854
G01 X109.6417Y19.9292
G01 X110.3177Y18.8013
G01 X110.8800Y17.6125
G01 X111.3230Y16.3744
G01 X111.6425Y15.0988
G01 X111.8355Y13.7980
G01 X111.9000Y12.4846
G01 X111.8355Y11.1711
G01 X111.6425Y9.8704
G01 X111.3230Y8.5948
G01 X110.8800Y7.3566
G01 X110.3177Y6.1679
G01 X109.6417Y5.0399
G01 X108.8583Y3.9837
G01 X107.9752Y3.0093
G01 X107.0009Y2.1262
G01 X105.9446Y1.3429
G01 X104.8167Y0.6668
G01 X103.6280Y0.1046
G01 X102.3898Y-0.3384
G01 X101.1142Y-0.6579
G01 X99.8195Y-0.8500
G01 X101.9917Y-0.8500
G01 X102.5059Y-0.7212
G01 X103.7810Y-0.2650
G01 X105.0053Y0.3141
G01 X106.1669Y1.0103
G01 X107.2546Y1.8170
G01 X108.2581Y2.7265
G01 X109.1675Y3.7299
G01 X109.9743Y4.8177
G01 X110.6705Y5.9793
G01 X111.2495Y7.2035
G01 X111.7058Y8.4786
G01 X112.0348Y9.7923
G01 X112.2335Y11.1319
G01 X112.3000Y12.4846
G01 X112.2335Y13.8372
G01 X112.0348Y15.1768
G01 X111.7058Y16.4905
G01 X111.2495Y17.7656
G01 X110.6705Y18.9899
G01 X109.9743Y20.1514
G01 X109.1675Y21.2392
G01 X108.2581Y22.2426
G01 X107.2546Y23.1521
G01 X106.1669Y23.9589
G01 X105.0053Y24.6551
G01 X103.7810Y25.2341
G01 X102.5059Y25.6904
G01 X102.2678Y25.7500
G01 X103.5251Y25.7500
G01 X103.9341Y25.6037
G01 X105.1938Y25.0079
G01 X106.3891Y24.2914
G01 X107.5084Y23.4613
G01 X108.5409Y22.5255
G01 X109.4767Y21.4930
G01 X110.3069Y20.3737
G01 X111.0233Y19.1784
G01 X111.6191Y17.9187
G01 X112.0886Y16.6066
G01 X112.4272Y15.2549
G01 X112.6316Y13.8764
G01 X112.7000Y12.4846
G01 X112.6316Y11.0927
G01 X112.4272Y9.7143
G01 X112.0886Y8.3625
G01 X111.6191Y7.0505
G01 X111.0233Y5.7907
G01 X110.3069Y4.5955
G01 X109.4767Y3.4762
G01 X108.5409Y2.4437
G01 X107.5084Y1.5078
G01 X106.3891Y0.6777
G01 X105.1938Y-0.0387
G01 X103.9341Y-0.6345
G01 X103.3319Y-0.8500
G01 X104.4129Y-0.8500
G01 X105.3824Y-0.3915
G01 X106.6113Y0.3451
G01 X107.7621Y1.1986
G01 X108.8238Y2.1608
G01 X109.7860Y3.2224
G01 X110.6395Y4.3733
G01 X111.3761Y5.6022
G01 X111.9886Y6.8974
G01 X112.4713Y8.2464
G01 X112.8195Y9.6363
G01 X113.0297Y11.0535
G01 X113.1000Y12.4846
G01 X113.0297Y13.9156
G01 X112.8195Y15.3329
G01 X112.4713Y16.7227
G01 X111.9886Y18.0718
G01 X111.3761Y19.3670
G01 X110.6395Y20.5959
G01 X109.7860Y21.7467
G01 X108.8238Y22.8083
G01 X107.7621Y23.7705
G01 X106.6113Y24.6240
G01 X105.3824Y25.3606
G01 X104.5591Y25.7500
G01 X105.4936Y25.7500
G01 X105.5710Y25.7134
G01 X106.8336Y24.9566
G01 X108.0159Y24.0797
G01 X109.1066Y23.0912
G01 X110.0952Y22.0005
G01 X110.9720Y20.8181
G01 X111.7288Y19.5555
G01 X112.3582Y18.2248
G01 X112.8541Y16.8388
G01 X113.2118Y15.4109
G01 X113.4278Y13.9548
G01 X113.5000Y12.4846
G01 X113.4278Y11.0143
G01 X113.2118Y9.5582
G01 X112.8541Y8.1303
G01 X112.3582Y6.7443
G01 X111.7288Y5.4136
G01 X110.9720Y4.1510
G01 X110.0952Y2.9687
G01 X109.1066Y1.8780
G01 X108.0159Y0.8894
G01 X106.8336Y0.0125
G01 X105.5710Y-0.7442
G01 X105.3473Y-0.8500
G01 X106.1716Y-0.8500
G01 X107.0558Y-0.3201
G01 X108.2697Y0.5802
G01 X109.3894Y1.5951
G01 X110.4044Y2.7149
G01 X111.3046Y3.9288
G01 X112.0816Y5.2251
G01 X112.7277Y6.5913
G01 X113.2369Y8.0142
G01 X113.6041Y9.4802
G01 X113.8258Y10.9751
G01 X113.9000Y12.4846
G01 X113.8258Y13.9940
G01 X113.6041Y15.4890
G01 X113.2369Y16.9550
G01 X112.7277Y18.3779
G01 X112.0816Y19.7441
G01 X111.3046Y21.0404
G01 X110.4044Y22.2542
G01 X109.3894Y23.3740
G01 X108.2697Y24.3889
G01 X107.0558Y25.2892
G01 X106.2870Y25.7500
G01 X107.0641Y25.7500
G01 X107.2780Y25.6218
G01 X108.5234Y24.6981
G01 X109.6723Y23.6569
G01 X110.7136Y22.5080
G01 X111.6372Y21.2626
G01 X112.4344Y19.9326
G01 X113.0973Y18.5310
G01 X113.6197Y17.0711
G01 X113.9964Y15.5670
G01 X114.2239Y14.0332
G01 X114.3000Y12.4846
G01 X114.2239Y10.9359
G01 X113.9964Y9.4021
G01 X113.6197Y7.8981
G01 X113.0973Y6.4382
G01 X112.4344Y5.0365
G01 X111.6372Y3.7066
G01 X110.7136Y2.4612
G01 X109.6723Y1.3123
G01 X108.5234Y0.2710
G01 X107.2780Y-0.6526
G01 X106.9487Y-0.8500
G01 X107.6826Y-0.8500
G01 X108.7772Y-0.0382
G01 X109.9551Y1.0294
G01 X111.0228Y2.2074
G01 X111.9698Y3.4843
G01 X112.7871Y4.8479
G01 X113.4668Y6.2851
G01 X114.0024Y7.7820
G01 X114.3887Y9.3241
G01 X114.6220Y10.8967
G01 X114.7000Y12.4846
G01 X114.6220Y14.0725
G01 X114.3887Y15.6450
G01 X114.0024Y17.1872
G01 X113.4668Y18.6840
G01 X112.7871Y20.1212
G01 X111.9698Y21.4848
G01 X111.0228Y22.7617
G01 X109.9551Y23.9397
G01 X108.7772Y25.0073
G01 X107.7758Y25.7500
G01 X108.4465Y25.7500
G01 X109.0309Y25.3165
G01 X110.2380Y24.2225
G01 X111.3320Y23.0155
G01 X112.3024Y21.7070
G01 X113.1399Y20.3098
G01 X113.8364Y18.8371
G01 X114.3852Y17.3033
G01 X114.7810Y15.7231
G01 X115.0201Y14.1117
G01 X115.1000Y12.4846
G01 X115.0201Y10.8575
G01 X114.7810Y9.2461
G01 X114.3852Y7.6659
G01 X113.8364Y6.1320
G01 X113.1399Y4.6594
G01 X112.3024Y3.2621
G01 X111.3320Y1.9536
G01 X110.2380Y0.7466
G01 X109.0309Y-0.3474
G01 X108.3532Y-0.8500
G01 X109.0239Y-0.8500
G01 X109.2847Y-0.6566
G01 X110.5208Y0.4638
G01 X111.6412Y1.6999
G01 X112.6350Y3.0399
G01 X113.4927Y4.4708
G01 X114.2060Y5.9790
G01 X114.7680Y7.5497
G01 X115.1733Y9.1680
G01 X115.4181Y10.8183
G01 X115.5000Y12.4846
G01 X115.4181Y14.1509
G01 X115.1733Y15.8011
G01 X114.7680Y17.4194
G01 X114.2060Y18.9902
G01 X113.4927Y20.4983
G01 X112.6350Y21.9293
G01 X111.6412Y23.2693
G01 X110.5208Y24.5054
G01 X109.2847Y25.6258
G01 X109.1172Y25.7500
G01 X109.7425Y25.7500
G01 X110.8037Y24.7882
G01 X111.9504Y23.5230
G01 X112.9676Y22.1515
G01 X113.8454Y20.6869
G01 X114.5755Y19.1433
G01 X115.1508Y17.5355
G01 X115.5657Y15.8791
G01 X115.8162Y14.1901
G01 X115.9000Y12.4846
G01 X115.8162Y10.7791
G01 X115.5657Y9.0900
G01 X115.1508Y7.4336
G01 X114.5755Y5.8259
G01 X113.8454Y4.2823
G01 X112.9676Y2.8177
G01 X111.9504Y1.4461
G01 X110.8037Y0.1809
G01 X109.6662Y-0.8500
G01 X110.2611Y-0.8500
G01 X111.0865Y-0.1019
G01 X112.2596Y1.1924
G01 X113.3002Y2.5954
G01 X114.1982Y4.0937
G01 X114.9451Y5.6728
G01 X115.5335Y7.3175
G01 X115.9580Y9.0120
G01 X116.2143Y10.7399
G01 X116.3000Y12.4846
G01 X116.2143Y14.2293
G01 X115.9580Y15.9572
G01 X115.5335Y17.6516
G01 X114.9451Y19.2963
G01 X114.1982Y20.8754
G01 X113.3002Y22.3737
G01 X112.2596Y23.7768
G01 X111.0865Y25.0711
G01 X110.3374Y25.7500
G01 X110.9323Y25.7500
G01 X111.3693Y25.3539
G01 X112.5688Y24.0305
G01 X113.6327Y22.5960
G01 X114.5510Y21.0640
G01 X115.3146Y19.4494
G01 X115.9163Y17.7678
G01 X116.3503Y16.0352
G01 X116.6124Y14.2685
G01 X116.7000Y12.4846
G01 X116.6124Y10.7007
G01 X116.3503Y8.9339
G01 X115.9163Y7.2014
G01 X115.3146Y5.5197
G01 X114.5510Y3.9052
G01 X113.6327Y2.3732
G01 X112.5688Y0.9386
G01 X111.3693Y-0.3848
G01 X110.8560Y-0.8500
G01 X111.4510Y-0.8500
G01 X111.6522Y-0.6676
G01 X112.8780Y0.6849
G01 X113.9653Y2.1510
G01 X114.9037Y3.7166
G01 X115.6842Y5.3667
G01 X116.2991Y7.0853
G01 X116.7426Y8.8559
G01 X117.0104Y10.6615
G01 X117.1000Y12.4846
G01 X117.0104Y14.3077
G01 X116.7426Y16.1133
G01 X116.2991Y17.8839
G01 X115.6842Y19.6025
G01 X114.9037Y21.2526
G01 X113.9653Y22.8182
G01 X112.8780Y24.2843
G01 X111.6522Y25.6368
G01 X111.5272Y25.7500
G01 X112.0887Y25.7500
G01 X113.1872Y24.5380
G01 X114.2979Y23.0404
G01 X115.2565Y21.4411
G01 X116.0537Y19.7556
G01 X116.6819Y18.0000
G01 X117.1349Y16.1913
G01 X117.4085Y14.3469
G01 X117.5000Y12.4846
G01 X117.4085Y10.6223
G01 X117.1349Y8.7779
G01 X116.6819Y6.9692
G01 X116.0537Y5.2136
G01 X115.2565Y3.5280
G01 X114.2979Y1.9287
G01 X113.1872Y0.4311
G01 X112.0261Y-0.8500
G01 X112.5653Y-0.8500
G01 X113.4964Y0.1773
G01 X114.6305Y1.7065
G01 X115.6093Y3.3395
G01 X116.4233Y5.0605
G01 X117.0646Y6.8531
G01 X117.5272Y8.6998
G01 X117.8066Y10.5830
G01 X117.9000Y12.4846
G01 X117.8066Y14.3861
G01 X117.5272Y16.2693
G01 X117.0646Y18.1161
G01 X116.4233Y19.9086
G01 X115.6093Y21.6297
G01 X114.6305Y23.2626
G01 X113.4964Y24.7918
G01 X112.6279Y25.7500
G01 X113.1671Y25.7500
G01 X113.8056Y25.0456
G01 X114.9631Y23.4849
G01 X115.9620Y21.8182
G01 X116.7928Y20.0617
G01 X117.4474Y18.2322
G01 X117.9195Y16.3474
G01 X118.2047Y14.4253
G01 X118.3000Y12.4846
G01 X118.2047Y10.5438
G01 X117.9195Y8.6218
G01 X117.4474Y6.7369
G01 X116.7928Y4.9074
G01 X115.9620Y3.1509
G01 X114.9631Y1.4843
G01 X113.8056Y-0.0764
G01 X113.1045Y-0.8500
G01 X113.6437Y-0.8500
G01 X114.1148Y-0.3302
G01 X115.2957Y1.2621
G01 X116.3148Y2.9624
G01 X117.1624Y4.7544
G01 X117.8302Y6.6208
G01 X118.3119Y8.5438
G01 X118.6027Y10.5046
G01 X118.7000Y12.4846
G01 X118.6027Y14.4645
G01 X118.3119Y16.4254
G01 X117.8302Y18.3483
G01 X117.1624Y20.2148
G01 X116.3148Y22.0068
G01 X115.2957Y23.7071
G01 X114.1148Y25.2993
G01 X113.7063Y25.7500
G01 X114.2455Y25.7500
G01 X114.4240Y25.5531
G01 X115.6283Y23.9293
G01 X116.6676Y22.1953
G01 X117.5319Y20.3679
G01 X118.2130Y18.4644
G01 X118.7042Y16.5034
G01 X119.0008Y14.5037
G01 X119.0877Y12.7347
G00 Z20.0000
G00 X119.4576Y13.3479
G01 Z20.0000
G01 X119.3989Y14.5429
G01 X119.0965Y16.5815
G01 X118.5957Y18.5806
G01 X117.9015Y20.5209
G01 X117.0203Y22.3839
G01 X115.9609Y24.1516
G01 X114.7754Y25.7500
G01 X115.2728Y25.7500
G01 X116.2934Y24.3738
G01 X117.3731Y22.5725
G01 X118.2710Y20.6740
G01 X118.9785Y18.6967
G01 X119.4888Y16.6595
G01 X119.7970Y14.5821
G01 X119.8408Y13.6901
G00 Z20.0000
G00 X120.2305Y13.8998
G01 Z20.0000
G01 X120.1950Y14.6213
G01 X119.8811Y16.7375
G01 X119.3613Y18.8128
G01 X118.6406Y20.8271
G01 X117.7259Y22.7610
G01 X116.6260Y24.5960
G01 X115.7702Y25.7500
G01 X116.2676Y25.7500
G01 X116.9586Y24.8182
G01 X118.0787Y22.9496
G01 X119.0101Y20.9801
G01 X119.7441Y18.9289
G01 X120.2734Y16.8156
G01 X120.5931Y14.6606
G01 X120.6248Y14.0148
G00 Z20.0000
G00 X121.0231Y14.0493
G01 Z20.0000
G01 X120.9912Y14.6998
G01 X120.6657Y16.8936
G01 X120.1269Y19.0450
G01 X119.3797Y21.1332
G01 X118.4314Y23.1381
G01 X117.2912Y25.0405
G01 X116.7650Y25.7500
G01 X117.2624Y25.7500
G01 X117.6238Y25.2627
G01 X118.7842Y23.3267
G01 X119.7492Y21.2863
G01 X120.5096Y19.1611
G01 X121.0581Y16.9717
G01 X121.3892Y14.7390
G01 X121.4253Y14.0047
G00 Z20.0000
G00 X121.8318Y13.8721
G01 Z20.0000
G01 X121.7873Y14.7782
G01 X121.4504Y17.0497
G01 X120.8924Y19.2772
G01 X120.1188Y21.4394
G01 X119.1370Y23.5153
G01 X117.9564Y25.4849
G01 X117.7598Y25.7500
G01 X118.2572Y25.7500
G01 X118.2890Y25.7071
G01 X119.4897Y23.7038
G01 X120.4883Y21.5924
G01 X121.2752Y19.3934
G01 X121.8427Y17.1277
G01 X122.1854Y14.8174
G01 X122.2439Y13.6273
G00 Z20.0000
G00 X122.6652Y13.1927
G01 Z20.0000
G01 X122.5835Y14.8566
G01 X122.2350Y17.2058
G01 X121.6580Y19.5095
G01 X120.8579Y21.7455
G01 X119.8425Y23.8924
G01 X118.7291Y25.7500
G01 X119.1949Y25.7500
G01 X120.1953Y24.0809
G01 X121.2274Y21.8986
G01 X122.0407Y19.6256
G01 X122.6273Y17.2838
G01 X122.9815Y14.8958
G01 X123.1000Y12.4846
G01 X122.9815Y10.0734
G01 X122.6273Y7.6854
G01 X122.0407Y5.3436
G01 X121.2274Y3.0706
G01 X120.1953Y0.8882
G01 X119.1534Y-0.8500
G01 X119.6192Y-0.8500
G01 X120.5480Y0.6997
G01 X121.5970Y2.9175
G01 X122.4235Y5.2275
G01 X123.0196Y7.6073
G01 X123.3796Y10.0341
G01 X123.5000Y12.4846
G01 X123.3796Y14.9350
G01 X123.0196Y17.3618
G01 X122.4235Y19.7417
G01 X121.5970Y22.0517
G01 X120.5480Y24.2695
G01 X119.6607Y25.7500
G01 X120.1264Y25.7500
G01 X120.9008Y24.4581
G01 X121.9665Y22.2047
G01 X122.8063Y19.8578
G01 X123.4119Y17.4399
G01 X123.7777Y14.9742
G01 X123.9000Y12.4846
G01 X123.7777Y9.9949
G01 X123.4119Y7.5293
G01 X122.8063Y5.1113
G01 X121.9665Y2.7644
G01 X120.9008Y0.5111
G01 X120.0850Y-0.8500
G01 X120.5508Y-0.8500
G01 X121.2536Y0.3225
G01 X122.3361Y2.6113
G01 X123.1891Y4.9952
G01 X123.8043Y7.4512
G01 X124.1758Y9.9557
G01 X124.3000Y12.4846
G01 X124.1758Y15.0134
G01 X123.8043Y17.5179
G01 X123.1891Y19.9739
G01 X122.3361Y22.3578
G01 X121.2536Y24.6466
G01 X120.5922Y25.7500
G01 X121.0580Y25.7500
G01 X121.6063Y24.8352
G01 X122.7056Y22.5109
G01 X123.5718Y20.0900
G01 X124.1966Y17.5959
G01 X124.5738Y15.0526
G01 X124.7000Y12.4846
G01 X124.5738Y9.9165
G01 X124.1966Y7.3732
G01 X123.5718Y4.8791
G01 X122.7056Y2.4583
G01 X121.6063Y0.1340
G01 X121.0166Y-0.8500
G01 X121.4823Y-0.8500
G01 X121.9591Y-0.0546
G01 X123.0752Y2.3052
G01 X123.9546Y4.7630
G01 X124.5889Y7.2952
G01 X124.9719Y9.8773
G01 X125.1000Y12.4846
G01 X124.9719Y15.0918
G01 X124.5889Y17.6740
G01 X123.9546Y20.2061
G01 X123.0752Y22.6640
G01 X121.9591Y25.0237
G01 X121.5238Y25.7500
G01 X121.9896Y25.7500
G01 X122.3119Y25.2123
G01 X123.4447Y22.8170
G01 X124.3374Y20.3223
G01 X124.9812Y17.7520
G01 X125.3700Y15.1310
G01 X125.5000Y12.4846
G01 X125.3700Y9.8381
G01 X124.9812Y7.2171
G01 X124.3374Y4.6469
G01 X123.4447Y2.1521
G01 X122.3119Y-0.2431
G01 X121.9481Y-0.8500
G01 X122.4139Y-0.8500
G01 X122.6646Y-0.4317
G01 X123.8143Y1.9990
G01 X124.7202Y4.5308
G01 X125.3735Y7.1391
G01 X125.7681Y9.7989
G01 X125.9000Y12.4846
G01 X125.7681Y15.1702
G01 X125.3735Y17.8301
G01 X124.7202Y20.4384
G01 X123.8143Y22.9701
G01 X122.6646Y25.4008
G01 X122.4554Y25.7500
G01 X122.9212Y25.7500
G01 X123.0174Y25.5894
G01 X124.1839Y23.1232
G01 X125.1029Y20.5545
G01 X125.7658Y17.9081
G01 X126.1661Y15.2095
G01 X126.3000Y12.4846
G01 X126.1661Y9.7597
G01 X125.7658Y7.0611
G01 X125.1029Y4.4147
G01 X124.1839Y1.8460
G01 X123.0174Y-0.6203
G01 X122.8797Y-0.8500
G01 X123.3455Y-0.8500
G01 X123.3702Y-0.8088
G01 X124.5534Y1.6929
G01 X125.4857Y4.2985
G01 X126.1581Y6.9830
G01 X126.5642Y9.7205
G01 X126.7000Y12.4846
G01 X126.5642Y15.2487
G01 X126.1581Y17.9861
G01 X125.4857Y20.6706
G01 X124.5534Y23.2762
G01 X123.3834Y25.7500
G01 X123.8254Y25.7500
G01 X124.9230Y23.4293
G01 X125.8685Y20.7867
G01 X126.5505Y18.0642
G01 X126.9623Y15.2879
G01 X127.1000Y12.4846
G01 X126.9623Y9.6813
G01 X126.5505Y6.9050
G01 X125.8685Y4.1824
G01 X124.9230Y1.5398
G01 X123.7926Y-0.8500
G01 X124.2346Y-0.8500
G01 X125.2925Y1.3868
G01 X126.2513Y4.0663
G01 X126.9428Y6.8270
G01 X127.3604Y9.6421
G01 X127.5000Y12.4846
G01 X127.3604Y15.3271
G01 X126.9428Y18.1422
G01 X126.2513Y20.9028
G01 X125.2925Y23.5824
G01 X124.2673Y25.7500
G01 X124.7093Y25.7500
G01 X125.6621Y23.7355
G01 X126.6340Y21.0189
G01 X127.3351Y18.2202
G01 X127.7584Y15.3663
G01 X127.9000Y12.4846
G01 X127.7584Y9.6029
G01 X127.3351Y6.7489
G01 X126.6340Y3.9502
G01 X125.6621Y1.2337
G01 X124.6765Y-0.8500
G01 X125.1185Y-0.8500
G01 X126.0316Y1.0806
G01 X127.0168Y3.8341
G01 X127.7274Y6.6709
G01 X128.1565Y9.5637
G01 X128.3000Y12.4846
G01 X128.1565Y15.4055
G01 X127.7274Y18.2983
G01 X127.0168Y21.1351
G01 X126.0316Y23.8885
G01 X125.1512Y25.7500
G01 X125.5932Y25.7500
G01 X126.4012Y24.0416
G01 X127.3996Y21.2512
G01 X128.1197Y18.3763
G01 X128.5546Y15.4447
G01 X128.7000Y12.4846
G01 X128.5546Y9.5245
G01 X128.1197Y6.5928
G01 X127.3996Y3.7180
G01 X126.4012Y0.9275
G01 X125.5604Y-0.8500
G01 X126.0024Y-0.8500
G01 X126.7707Y0.7745
G01 X127.7824Y3.6019
G01 X128.5120Y6.5148
G01 X128.9527Y9.4853
G01 X129.1000Y12.4846
G01 X128.9527Y15.4839
G01 X128.5120Y18.4543
G01 X127.7824Y21.3673
G01 X126.7707Y24.1947
G01 X126.0351Y25.7500
G01 X126.4771Y25.7500
G01 X127.1403Y24.3478
G01 X128.1652Y21.4834
G01 X128.9043Y18.5324
G01 X129.3507Y15.5231
G01 X129.5000Y12.4846
G01 X129.3507Y9.4460
G01 X128.9043Y6.4368
G01 X128.1652Y3.4858
G01 X127.1403Y0.6214
G01 X126.4444Y-0.8500
G01 X126.8863Y-0.8500
G01 X127.5098Y0.4683
G01 X128.5479Y3.3696
G01 X129.2967Y6.3587
G01 X129.7488Y9.4068
G01 X129.9000Y12.4846
G01 X129.7488Y15.5623
G01 X129.2967Y18.6104
G01 X128.5479Y21.5995
G01 X127.5098Y24.5008
G01 X126.9190Y25.7500
G01 X127.3610Y25.7500
G01 X127.8794Y24.6539
G01 X128.9307Y21.7156
G01 X129.6890Y18.6884
G01 X130.1469Y15.6015
G01 X130.3000Y12.4846
G01 X130.1469Y9.3676
G01 X129.6890Y6.2807
G01 X128.9307Y3.2535
G01 X127.8794Y0.3152
G01 X127.3283Y-0.8500
G01 X127.7702Y-0.8500
G01 X128.2489Y0.1622
G01 X129.3135Y3.1374
G01 X130.0813Y6.2027
G01 X130.5449Y9.3284
G01 X130.7000Y12.4846
G01 X130.5449Y15.6407
G01 X130.0813Y18.7665
G01 X129.3135Y21.8317
G01 X128.2489Y24.8070
G01 X127.8029Y25.7500
G01 X128.2449Y25.7500
G01 X128.6185Y24.9601
G01 X129.6963Y21.9479
G01 X130.4736Y18.8445
G01 X130.9430Y15.6799
G01 X131.1000Y12.4846
G01 X130.9430Y9.2892
G01 X130.4736Y6.1246
G01 X129.6963Y3.0213
G01 X128.6185Y0.0091
G01 X128.2122Y-0.8500
G01 X128.6541Y-0.8500
G01 X128.9880Y-0.1440
G01 X130.0790Y2.9052
G01 X130.8659Y6.0466
G01 X131.3411Y9.2500
G01 X131.5000Y12.4846
G01 X131.3411Y15.7191
G01 X130.8659Y18.9226
G01 X130.0790Y22.0640
G01 X128.9880Y25.1131
G01 X128.6868Y25.7500
G01 X129.1288Y25.7500
G01 X129.3576Y25.2662
G01 X130.4618Y22.1801
G01 X131.2582Y19.0006
G01 X131.7392Y15.7583
G01 X131.9000Y12.4846
G01 X131.7392Y9.2108
G01 X131.2582Y5.9686
G01 X130.4618Y2.7891
G01 X129.3576Y-0.2971
G01 X129.0961Y-0.8500
G01 X129.5380Y-0.8500
G01 X129.7271Y-0.4501
G01 X130.8446Y2.6730
G01 X131.6505Y5.8905
G01 X132.1372Y9.1716
G01 X132.3000Y12.4846
G01 X132.1372Y15.7976
G01 X131.6505Y19.0786
G01 X130.8446Y22.2962
G01 X129.7271Y25.4193
G01 X129.5707Y25.7500
G01 X130.0127Y25.7500
G01 X130.0967Y25.5723
G01 X131.2274Y22.4123
G01 X132.0429Y19.1567
G01 X132.5353Y15.8368
G01 X132.7000Y12.4846
G01 X132.5353Y9.1324
G01 X132.0429Y5.8125
G01 X131.2274Y2.5568
G01 X130.0967Y-0.6032
G01 X129.9800Y-0.8500
G01 X130.4219Y-0.8500
G01 X130.4662Y-0.7563
G01 X131.6101Y2.4407
G01 X132.4352Y5.7345
G01 X132.9334Y9.0932
G01 X133.1000Y12.4846
G01 X132.9334Y15.8760
G01 X132.4352Y19.2347
G01 X131.6101Y22.5284
G01 X130.4662Y25.7254
G01 X130.4546Y25.7500
G01 X130.8818Y25.7500
G01 X131.9929Y22.6445
G01 X132.8275Y19.3127
G01 X133.3315Y15.9152
G01 X133.5000Y12.4846
G01 X133.3315Y9.0540
G01 X132.8275Y5.6564
G01 X131.9929Y2.3246
G01 X130.8570Y-0.8500
G01 X131.2813Y-0.8500
G01 X132.3757Y2.2085
G01 X133.2198Y5.5784
G01 X133.7295Y9.0148
G01 X133.9000Y12.4846
G01 X133.7295Y15.9544
G01 X133.2198Y19.3908
G01 X132.3757Y22.7607
G01 X131.3061Y25.7500
G01 X131.7304Y25.7500
G01 X132.7585Y22.8768
G01 X133.6121Y19.4688
G01 X134.1276Y15.9936
G01 X134.3000Y12.4846
G01 X134.1276Y8.9756
G01 X133.6121Y5.5003
G01 X132.7585Y2.0924
G01 X131.7057Y-0.8500
G01 X132.1300Y-0.8500
G01 X133.1412Y1.9763
G01 X134.0044Y5.4223
G01 X134.5257Y8.9364
G01 X134.7000Y12.4846
G01 X134.5257Y16.0328
G01 X134.0044Y19.5468
G01 X133.1412Y22.9929
G01 X132.1547Y25.7500
G01 X132.5790Y25.7500
G01 X133.5240Y23.1090
G01 X134.3967Y19.6249
G01 X134.9238Y16.0720
G01 X135.1000Y12.4846
G01 X134.9238Y8.8971
G01 X134.3967Y5.3443
G01 X133.5240Y1.8602
G01 X132.5543Y-0.8500
G01 X132.9786Y-0.8500
G01 X133.9068Y1.7440
G01 X134.7891Y5.2662
G01 X135.3218Y8.8579
G01 X135.5000Y12.4846
G01 X135.3218Y16.1112
G01 X134.7891Y19.7029
G01 X133.9068Y23.2251
G01 X133.0034Y25.7500
G01 X133.4277Y25.7500
G01 X134.2896Y23.3412
G01 X135.1814Y19.7810
G01 X135.7199Y16.1504
G01 X135.9000Y12.4846
G01 X135.7199Y8.8187
G01 X135.1814Y5.1882
G01 X134.2896Y1.6279
G01 X133.4030Y-0.8500
G01 X133.8273Y-0.8500
G01 X134.6723Y1.5118
G01 X135.5737Y5.1102
G01 X136.1180Y8.7795
G01 X136.3000Y12.4846
G01 X136.1180Y16.1896
G01 X135.5737Y19.8590
G01 X134.6723Y23.4573
G01 X133.8520Y25.7500
G01 X134.2763Y25.7500
G01 X135.0551Y23.5735
G01 X135.9660Y19.9370
G01 X136.5161Y16.2288
G01 X136.7000Y12.4846
G01 X136.5161Y8.7403
G01 X135.9660Y5.0321
G01 X135.0551Y1.3957
G01 X134.2516Y-0.8500
G01 X134.6759Y-0.8500
G01 X135.4379Y1.2796
G01 X136.3583Y4.9541
G01 X136.8797Y8.4688
G00 Z20.0000
G00 X137.1826Y7.7885
G01 Z20.0000
G01 X136.7506Y4.8761
G01 X135.8207Y1.1635
G01 X135.1002Y-0.8500
G01 X135.5246Y-0.8500
G01 X136.2034Y1.0474
G01 X136.8552Y3.6493
G00 Z20.0000
G00 X137.0432Y4.4000
G01 Z20.0000
G01 X137.1429Y4.7980
G01 X137.5372Y7.4558
G00 Z20.0000
G00 X137.9137Y7.2710
G01 Z20.0000
G01 X137.5718Y4.9661
G00 Z20.0000
G00 X138.0038Y5.1560
G01 Z20.0000
G01 X138.3062Y7.1944
G00 Z20.0000
G00 X138.3952Y7.1901
G01 Z20.0000
G01 X139.6824Y7.1901
G01 X139.8073Y7.1960
G01 X139.8318Y7.1980
G01 X139.9580Y7.2164
G01 X139.9918Y7.2230
G01 X140.1060Y7.2515
G01 X140.1296Y7.2582
G01 X140.2636Y7.3062
G01 X140.2861Y7.3159
G01 X140.4013Y7.3708
G01 X140.4227Y7.3827
G01 X140.5195Y7.4407
G01 X140.5482Y7.4597
G01 X140.6428Y7.5298
G01 X140.6732Y7.5547
G01 X140.7568Y7.6304
G01 X140.7744Y7.6475
G01 X140.8700Y7.7529
G01 X140.8852Y7.7722
G01 X140.9610Y7.8748
G01 X140.9743Y7.8955
G01 X141.0396Y8.0050
G01 X141.0508Y8.0269
G01 X141.1051Y8.1423
G01 X141.1141Y8.1652
G01 X141.1568Y8.2854
G01 X141.1635Y8.3090
G01 X141.1942Y8.4328
G01 X141.1986Y8.4570
G01 X141.2170Y8.5832
G01 X141.2190Y8.6077
G01 X141.2249Y8.7351
G01 X141.2245Y8.7596
G01 X141.2180Y8.8870
G01 X141.2151Y8.9114
G01 X141.1961Y9.0376
G01 X141.1909Y9.0615
G01 X141.1596Y9.1852
G01 X141.1521Y9.2086
G01 X141.1088Y9.3286
G01 X141.0991Y9.3511
G01 X141.0442Y9.4663
G01 X141.0323Y9.4877
G01 X140.9665Y9.5970
G01 X140.9525Y9.6172
G01 X140.8762Y9.7195
G01 X140.8603Y9.7382
G01 X140.7744Y9.8325
G01 X140.7568Y9.8496
G01 X140.6621Y9.9350
G01 X140.6428Y9.9502
G01 X140.5522Y10.0175
G01 X140.5195Y10.0393
G01 X140.4227Y10.0973
G01 X140.4013Y10.1092
G01 X140.2727Y10.1701
G01 X140.2498Y10.1791
G01 X140.1436Y10.2171
G01 X140.1060Y10.2285
G01 X139.9822Y10.2592
G01 X139.9580Y10.2636
G01 X139.8464Y10.2801
G01 X139.8073Y10.2840
G01 X139.6750Y10.2900
G01 X138.4050Y10.2900
G01 X138.2727Y10.2840
G01 X138.2336Y10.2801
G01 X138.1074Y10.2611
G01 X138.0835Y10.2559
G01 X137.9598Y10.2246
G01 X137.9364Y10.2171
G01 X137.8164Y10.1738
G01 X137.7939Y10.1641
G01 X137.6787Y10.1092
G01 X137.6573Y10.0973
G01 X137.5480Y10.0315
G01 X137.5278Y10.0175
G01 X137.4255Y9.9412
G01 X137.4068Y9.9253
G01 X137.3125Y9.8394
G01 X137.2954Y9.8218
G01 X137.2100Y9.7271
G01 X137.1948Y9.7078
G01 X137.1275Y9.6172
G01 X137.1057Y9.5845
G01 X137.0477Y9.4877
G01 X137.0358Y9.4663
G01 X136.9749Y9.3377
G01 X136.9659Y9.3148
G01 X136.9279Y9.2086
G01 X136.9165Y9.1710
G01 X136.8858Y9.0472
G01 X136.8814Y9.0230
G01 X136.8649Y8.9114
G01 X136.8610Y8.8723
G01 X136.8555Y8.7596
G01 X136.8551Y8.7351
G01 X136.8610Y8.6077
G01 X136.8649Y8.5686
G01 X136.8814Y8.4570
G01 X136.8858Y8.4328
G01 X136.9178Y8.3042
G01 X136.9279Y8.2714
G01 X136.9659Y8.1652
G01 X136.9809Y8.1289
G01 X137.0358Y8.0137
G01 X137.0477Y7.9923
G01 X137.1057Y7.8955
G01 X137.1275Y7.8628
G01 X137.1948Y7.7722
G01 X137.2100Y7.7529
G01 X137.3056Y7.6475
G01 X137.3232Y7.6304
G01 X137.4068Y7.5547
G01 X137.4372Y7.5298
G01 X137.5278Y7.4625
G01 X137.5480Y7.4485
G01 X137.6700Y7.3754
G01 X137.6919Y7.3642
G01 X137.7939Y7.3159
G01 X137.8302Y7.3009
G01 X137.9504Y7.2582
G01 X137.9740Y7.2515
G01 X138.0835Y7.2241
G01 X138.1220Y7.2164
G01 X138.2336Y7.1999
G01 X138.2580Y7.1970
G01 X138.3952Y7.1901
G00 Z20.0000
G00 X138.7094Y7.1900
G01 Z20.0000
G01 X138.4157Y5.2100
G01 X138.8196Y5.2100
G01 X139.1133Y7.1900
G01 X139.5172Y7.1900
G01 X139.2235Y5.2100
G01 X139.6274Y5.2100
G01 X139.9243Y7.2114
G00 Z20.0000
G00 X140.3480Y7.3452
G01 Z20.0000
G01 X140.0252Y5.1687
G00 Z20.0000
G00 X140.4078Y5.0257
G01 Z20.0000
G01 X140.8010Y7.6764
G00 Z20.0000
G00 X140.9587Y9.6084
G01 Z20.0000
G01 X141.1000Y12.4846
G01 X141.0312Y13.8857
G00 Z20.0000
G00 X141.4413Y13.6798
G01 Z20.0000
G01 X141.5000Y12.4846
G01 X141.2929Y8.2698
G01 X140.7716Y4.7553
G00 Z20.0000
G00 X141.1025Y4.2634
G01 Z20.0000
G01 X141.6910Y8.2306
G01 X141.9000Y12.4846
G01 X141.8415Y13.6750
G01 X142.2415Y13.6750
G01 X142.3000Y12.4846
G01 X142.0891Y8.1914
G01 X141.4584Y3.9396
G01 X140.4140Y-0.2299
G01 X140.1921Y-0.8500
G01 X139.7678Y-0.8500
G01 X140.0312Y-0.1138
G01 X140.6815Y2.4822
G00 Z20.0000
G00 X140.1997Y2.2030
G01 Z20.0000
G01 X139.6484Y0.0023
G01 X139.3435Y-0.8500
G01 X138.9191Y-0.8500
G01 X139.2657Y0.1184
G01 X139.7655Y2.1140
G00 Z20.0000
G00 X139.3527Y2.1100
G01 Z20.0000
G01 X138.8829Y0.2346
G01 X138.4948Y-0.8500
G01 X138.0705Y-0.8500
G01 X138.5001Y0.3507
G01 X138.9408Y2.1100
G01 X138.5289Y2.1100
G01 X138.1173Y0.4668
G01 X137.6462Y-0.8500
G01 X137.2219Y-0.8500
G01 X137.7346Y0.5829
G01 X138.1236Y2.1362
G00 Z20.0000
G00 X138.3952Y2.1101
G01 Z20.0000
G01 X139.6824Y2.1101
G01 X139.8073Y2.1160
G01 X139.8318Y2.1180
G01 X139.9580Y2.1364
G01 X139.9918Y2.1430
G01 X140.1060Y2.1715
G01 X140.1296Y2.1782
G01 X140.2636Y2.2262
G01 X140.2861Y2.2359
G01 X140.4013Y2.2908
G01 X140.4227Y2.3027
G01 X140.5195Y2.3607
G01 X140.5522Y2.3825
G01 X140.6467Y2.4527
G01 X140.6732Y2.4747
G01 X140.7568Y2.5504
G01 X140.7744Y2.5675
G01 X140.8700Y2.6729
G01 X140.8852Y2.6922
G01 X140.9610Y2.7948
G01 X140.9743Y2.8155
G01 X141.0396Y2.9250
G01 X141.0508Y2.9469
G01 X141.1051Y3.0623
G01 X141.1141Y3.0852
G01 X141.1568Y3.2054
G01 X141.1635Y3.2290
G01 X141.1942Y3.3528
G01 X141.1986Y3.3770
G01 X141.2170Y3.5032
G01 X141.2190Y3.5277
G01 X141.2249Y3.6551
G01 X141.2245Y3.6796
G01 X141.2180Y3.8070
G01 X141.2151Y3.8314
G01 X141.1961Y3.9576
G01 X141.1909Y3.9815
G01 X141.1596Y4.1052
G01 X141.1521Y4.1286
G01 X141.1088Y4.2486
G01 X141.0991Y4.2711
G01 X141.0442Y4.3863
G01 X141.0323Y4.4077
G01 X140.9665Y4.5170
G01 X140.9525Y4.5372
G01 X140.8762Y4.6395
G01 X140.8603Y4.6582
G01 X140.7744Y4.7525
G01 X140.7568Y4.7696
G01 X140.6621Y4.8550
G01 X140.6428Y4.8702
G01 X140.5522Y4.9375
G01 X140.5195Y4.9593
G01 X140.4227Y5.0173
G01 X140.4013Y5.0292
G01 X140.2727Y5.0901
G01 X140.2498Y5.0991
G01 X140.1436Y5.1371
G01 X140.1060Y5.1485
G01 X139.9965Y5.1759
G01 X139.9726Y5.1811
G01 X139.8464Y5.2001
G01 X139.8073Y5.2040
G01 X139.6750Y5.2100
G01 X138.4050Y5.2100
G01 X138.2727Y5.2040
G01 X138.2336Y5.2001
G01 X138.1074Y5.1811
G01 X138.0835Y5.1759
G01 X137.9598Y5.1446
G01 X137.9364Y5.1371
G01 X137.8164Y5.0938
G01 X137.7939Y5.0841
G01 X137.6787Y5.0292
G01 X137.6573Y5.0173
G01 X137.5480Y4.9515
G01 X137.5278Y4.9375
G01 X137.4255Y4.8612
G01 X137.4068Y4.8453
G01 X137.3125Y4.7594
G01 X137.2954Y4.7418
G01 X137.2100Y4.6471
G01 X137.1948Y4.6278
G01 X137.1275Y4.5372
G01 X137.1057Y4.5045
G01 X137.0477Y4.4077
G01 X137.0358Y4.3863
G01 X136.9749Y4.2577
G01 X136.9659Y4.2348
G01 X136.9279Y4.1286
G01 X136.9165Y4.0910
G01 X136.8858Y3.9672
G01 X136.8814Y3.9430
G01 X136.8649Y3.8314
G01 X136.8610Y3.7923
G01 X136.8555Y3.6796
G01 X136.8551Y3.6551
G01 X136.8610Y3.5277
G01 X136.8649Y3.4886
G01 X136.8814Y3.3770
G01 X136.8858Y3.3528
G01 X136.9178Y3.2242
G01 X136.9279Y3.1914
G01 X136.9659Y3.0852
G01 X136.9809Y3.0489
G01 X137.0358Y2.9337
G01 X137.0477Y2.9123
G01 X137.1057Y2.8155
G01 X137.1275Y2.7828
G01 X137.1948Y2.6922
G01 X137.2100Y2.6729
G01 X137.3056Y2.5675
G01 X137.3232Y2.5504
G01 X137.4068Y2.4747
G01 X137.4372Y2.4498
G01 X137.5278Y2.3825
G01 X137.5480Y2.3685
G01 X137.6700Y2.2954
G01 X137.6919Y2.2842
G01 X137.7939Y2.2359
G01 X137.8302Y2.2209
G01 X137.9504Y2.1782
G01 X137.9740Y2.1715
G01 X138.0835Y2.1441
G01 X138.1220Y2.1364
G01 X138.2336Y2.1199
G01 X138.2580Y2.1170
G01 X138.3952Y2.1101
G00 Z20.0000
G00 X137.7428Y2.2601
G01 Z20.0000
G01 X137.3518Y0.6990
G01 X136.7975Y-0.8500
G01 X136.3732Y-0.8500
G01 X136.9690Y0.8151
G01 X137.3888Y2.4910
G00 Z20.0000
G00 X137.0722Y2.8714
G01 Z20.0000
G01 X136.5862Y0.9312
G01 X135.9489Y-0.8500
G00 Z20.0000
G00 X140.6164Y-0.8500
G01 Z20.0000
G01 X140.7968Y-0.3460
G01 X141.8507Y3.8616
G01 X142.4872Y8.1522
G01 X142.7000Y12.4846
G01 X142.6408Y13.6891
G00 Z20.0000
G00 X143.0292Y13.9267
G01 Z20.0000
G01 X143.1000Y12.4846
G01 X142.8852Y8.1130
G01 X142.2430Y3.7835
G01 X141.1795Y-0.4621
G01 X141.0408Y-0.8500
G01 X141.4651Y-0.8500
G01 X141.5623Y-0.5782
G01 X142.6353Y3.7055
G01 X143.2833Y8.0738
G01 X143.5000Y12.4846
G01 X143.2833Y16.8953
G01 X142.6353Y21.2636
G01 X142.5000Y21.8039
G00 Z20.0000
G00 X142.4139Y22.1477
G01 Z20.0000
G01 X141.5623Y25.5474
G01 X141.4898Y25.7500
G01 X141.0655Y25.7500
G01 X141.1795Y25.4313
G01 X141.9639Y22.3000
G01 X141.5520Y22.3000
G01 X140.7968Y25.3152
G01 X140.6412Y25.7500
G01 X140.2169Y25.7500
G01 X140.4140Y25.1990
G01 X141.1402Y22.3000
G01 X140.7283Y22.3000
G01 X140.0312Y25.0829
G01 X139.7925Y25.7500
G01 X139.3682Y25.7500
G01 X139.6484Y24.9668
G01 X140.3164Y22.3000
G01 X139.9046Y22.3000
G01 X139.2657Y24.8507
G01 X138.9439Y25.7500
G01 X138.5196Y25.7500
G01 X138.8829Y24.7346
G01 X139.4927Y22.3000
G01 X139.0809Y22.3000
G01 X138.5001Y24.6185
G01 X138.0952Y25.7500
G01 X137.6709Y25.7500
G01 X138.1173Y24.5024
G01 X138.7023Y22.1669
G00 Z20.0000
G00 X138.6000Y20.9312
G01 Z20.0000
G01 X137.7346Y24.3862
G01 X137.2466Y25.7500
G01 X136.8223Y25.7500
G01 X137.3518Y24.2701
G01 X138.3199Y20.4052
G01 X138.6000Y18.5168
G00 Z20.0000
G00 X138.9187Y19.0914
G01 Z20.0000
G01 X138.7898Y19.9599
G00 Z20.0000
G00 X138.6005Y20.2804
G01 Z20.0000
G01 X138.6031Y20.2510
G01 X138.6098Y20.2124
G01 X138.6203Y20.1746
G01 X138.6344Y20.1379
G01 X138.6521Y20.1029
G01 X138.6622Y20.0861
G01 X138.6848Y20.0540
G01 X138.7104Y20.0243
G01 X138.7388Y19.9972
G01 X138.7697Y19.9731
G01 X138.7861Y19.9622
G01 X138.8202Y19.9428
G01 X138.8561Y19.9269
G01 X138.8933Y19.9146
G01 X138.9316Y19.9060
G01 X138.9706Y19.9012
G01 X139.0000Y19.9000
G01 X142.1000Y19.9000
G01 X142.1294Y19.9012
G01 X142.1489Y19.9031
G01 X142.1876Y19.9098
G01 X142.2254Y19.9203
G01 X142.2620Y19.9344
G01 X142.2798Y19.9428
G01 X142.3139Y19.9622
G01 X142.3460Y19.9848
G01 X142.3757Y20.0104
G01 X142.3896Y20.0243
G01 X142.4028Y20.0388
G01 X142.4269Y20.0697
G01 X142.4479Y20.1029
G01 X142.4656Y20.1379
G01 X142.4731Y20.1561
G01 X142.4854Y20.1933
G01 X142.4902Y20.2124
G01 X142.4969Y20.2510
G01 X142.4988Y20.2706
G01 X142.5000Y20.3000
G01 X142.4999Y21.9049
G01 X142.4988Y21.9294
G01 X142.4969Y21.9490
G01 X142.4902Y21.9876
G01 X142.4797Y22.0254
G01 X142.4656Y22.0621
G01 X142.4479Y22.0971
G01 X142.4378Y22.1139
G01 X142.4152Y22.1460
G01 X142.3896Y22.1757
G01 X142.3757Y22.1896
G01 X142.3612Y22.2028
G01 X142.3303Y22.2269
G01 X142.3139Y22.2378
G01 X142.2798Y22.2572
G01 X142.2620Y22.2656
G01 X142.2254Y22.2797
G01 X142.2067Y22.2854
G01 X142.1684Y22.2940
G01 X142.1489Y22.2969
G01 X142.1147Y22.2997
G01 X139.0000Y22.3000
G01 X138.9706Y22.2988
G01 X138.9511Y22.2969
G01 X138.9124Y22.2902
G01 X138.8746Y22.2797
G01 X138.8380Y22.2656
G01 X138.8202Y22.2572
G01 X138.7861Y22.2378
G01 X138.7540Y22.2152
G01 X138.7243Y22.1896
G01 X138.7104Y22.1757
G01 X138.6972Y22.1612
G01 X138.6731Y22.1303
G01 X138.6521Y22.0971
G01 X138.6344Y22.0621
G01 X138.6269Y22.0439
G01 X138.6146Y22.0067
G01 X138.6098Y21.9876
G01 X138.6031Y21.9490
G01 X138.6012Y21.9294
G01 X138.6000Y21.9000
G01 X138.6005Y20.2804
G00 Z20.0000
G00 X139.2026Y19.9000
G01 Z20.0000
G01 X139.3213Y19.1000
G01 X139.7252Y19.1000
G01 X139.6065Y19.9000
G01 X140.0104Y19.9000
G01 X140.1291Y19.1000
G01 X140.5329Y19.1000
G01 X140.4143Y19.9000
G01 X140.8182Y19.9000
G01 X140.9368Y19.1000
G01 X141.3407Y19.1000
G01 X141.2221Y19.9000
G01 X141.6259Y19.9000
G01 X141.7446Y19.1000
G00 Z20.0000
G00 X142.1490Y19.0969
G01 Z20.0000
G01 X142.0298Y19.9000
G00 Z20.0000
G00 X142.4116Y20.0495
G01 Z20.0000
G01 X142.8852Y16.8561
G01 X142.9183Y16.1832
G00 Z20.0000
G00 X142.5206Y16.3248
G01 Z20.0000
G01 X141.5136Y16.3250
G01 X141.4862Y16.3238
G01 X141.4326Y16.3194
G01 X141.4054Y16.3154
G01 X141.3823Y16.3107
G01 X141.3301Y16.2979
G01 X141.3038Y16.2898
G01 X141.2818Y16.2815
G01 X141.2322Y16.2607
G01 X141.2076Y16.2485
G01 X141.1871Y16.2369
G01 X141.1414Y16.2087
G01 X141.1189Y16.1928
G01 X141.1035Y16.1806
G01 X141.0686Y16.1508
G01 X141.0512Y16.1349
G01 X141.0320Y16.1153
G01 X140.9944Y16.0715
G01 X140.9822Y16.0561
G01 X140.9621Y16.0270
G01 X140.9321Y15.9778
G01 X140.9193Y15.9534
G01 X140.9096Y15.9320
G01 X140.8892Y15.8822
G01 X140.8804Y15.8562
G01 X140.8741Y15.8335
G01 X140.8618Y15.7812
G01 X140.8571Y15.7541
G01 X140.8545Y15.7307
G01 X140.8502Y15.6692
G01 X140.8500Y14.3425
G01 X140.8512Y14.3112
G01 X140.8549Y14.2654
G01 X140.8571Y14.2459
G01 X140.8635Y14.2111
G01 X140.8751Y14.1627
G01 X140.8804Y14.1438
G01 X140.8892Y14.1178
G01 X140.9096Y14.0680
G01 X140.9193Y14.0466
G01 X140.9321Y14.0222
G01 X140.9621Y13.9730
G01 X140.9822Y13.9439
G01 X140.9944Y13.9285
G01 X141.0242Y13.8936
G01 X141.0401Y13.8762
G01 X141.0597Y13.8570
G01 X141.1035Y13.8194
G01 X141.1189Y13.8072
G01 X141.1480Y13.7871
G01 X141.1972Y13.7571
G01 X141.2216Y13.7443
G01 X141.2430Y13.7346
G01 X141.2927Y13.7142
G01 X141.3188Y13.7054
G01 X141.3415Y13.6991
G01 X141.3938Y13.6868
G01 X141.4209Y13.6821
G01 X141.4443Y13.6795
G01 X141.4979Y13.6755
G01 X142.5075Y13.6750
G01 X142.5324Y13.6758
G01 X142.5741Y13.6787
G01 X142.6095Y13.6829
G01 X142.6679Y13.6950
G01 X142.6886Y13.7002
G01 X142.7159Y13.7087
G01 X142.7650Y13.7270
G01 X142.7912Y13.7384
G01 X142.8438Y13.7664
G01 X142.8623Y13.7772
G01 X142.8918Y13.7973
G01 X142.9280Y13.8245
G01 X142.9499Y13.8428
G01 X142.9925Y13.8845
G01 X143.0165Y13.9109
G01 X143.0527Y13.9582
G01 X143.0651Y13.9757
G01 X143.0801Y14.0000
G01 X143.1052Y14.0460
G01 X143.1175Y14.0718
G01 X143.1256Y14.0916
G01 X143.1458Y14.1477
G01 X143.1534Y14.1752
G01 X143.1645Y14.2264
G01 X143.1691Y14.2546
G01 X143.1713Y14.2759
G01 X143.1748Y14.3318
G01 X143.1750Y15.6614
G01 X143.1738Y15.6888
G01 X143.1701Y15.7346
G01 X143.1679Y15.7541
G01 X143.1632Y15.7812
G01 X143.1499Y15.8373
G01 X143.1446Y15.8562
G01 X143.1358Y15.8822
G01 X143.1107Y15.9428
G01 X143.0929Y15.9778
G01 X143.0587Y16.0336
G01 X143.0356Y16.0654
G01 X143.0008Y16.1064
G01 X142.9849Y16.1238
G01 X142.9594Y16.1482
G01 X142.9154Y16.1856
G01 X142.8836Y16.2087
G01 X142.8379Y16.2369
G01 X142.8174Y16.2485
G01 X142.7856Y16.2639
G01 X142.7396Y16.2829
G01 X142.7212Y16.2898
G01 X142.6873Y16.2999
G01 X142.6389Y16.3115
G01 X142.6196Y16.3154
G01 X142.5846Y16.3201
G01 X142.5206Y16.3248
G00 Z20.0000
G00 X142.5113Y16.3250
G01 Z20.0000
G01 X142.4872Y16.8169
G01 X142.4683Y16.9444
G00 Z20.0000
G00 X142.0929Y16.7000
G01 Z20.0000
G01 X142.1113Y16.3250
G01 X141.7113Y16.3250
G01 X141.6929Y16.7000
G01 X141.2928Y16.7000
G01 X141.3129Y16.2927
G00 Z20.0000
G00 X140.9287Y15.9715
G01 Z20.0000
G01 X140.8949Y16.6601
G01 X140.8890Y16.7000
G01 X140.4851Y16.7000
G01 X140.4968Y16.6209
G01 X140.7000Y12.4846
G01 X140.5779Y9.9984
G00 Z20.0000
G00 X140.1878Y10.2013
G01 Z20.0000
G01 X140.3000Y12.4846
G01 X140.0987Y16.5817
G01 X140.0812Y16.7000
G01 X139.6773Y16.7000
G01 X139.7006Y16.5425
G01 X139.9000Y12.4846
G01 X139.7919Y10.2847
G00 Z20.0000
G00 X139.3922Y10.2900
G01 Z20.0000
G01 X139.5000Y12.4846
G01 X139.3026Y16.5033
G01 X139.2734Y16.7000
G00 Z20.0000
G00 X138.8660Y16.7234
G01 Z20.0000
G01 X138.9045Y16.4641
G01 X139.1000Y12.4846
G01 X138.9922Y10.2900
G01 X138.5922Y10.2900
G01 X138.7000Y12.4846
G01 X138.5064Y16.4249
G01 X137.9276Y20.3272
G01 X136.9690Y24.1540
G01 X136.3980Y25.7500
G01 X135.9736Y25.7500
G01 X136.5862Y24.0379
G01 X137.5353Y20.2492
G01 X138.1084Y16.3857
G01 X138.3000Y12.4846
G01 X138.1914Y10.2739
G00 Z20.0000
G00 X137.7858Y10.1602
G01 Z20.0000
G01 X137.9000Y12.4846
G01 X137.7103Y16.3465
G01 X137.1429Y20.1711
G01 X136.2034Y23.9218
G01 X135.5493Y25.7500
G01 X135.1250Y25.7500
G01 X135.8207Y23.8057
G01 X136.7506Y20.0931
G01 X137.3122Y16.3072
G01 X137.5000Y12.4846
G01 X137.3728Y9.8945
G00 Z20.0000
G00 X136.9408Y9.2447
G01 Z20.0000
G01 X137.1000Y12.4846
G01 X136.9141Y16.2680
G01 X136.3583Y20.0151
G01 X135.4379Y23.6896
G01 X134.7007Y25.7500
G00 Z20.0000
G00 X141.9141Y25.7500
G01 Z20.0000
G01 X141.9451Y25.6635
G01 X143.0277Y21.3417
G01 X143.6814Y16.9346
G01 X143.9000Y12.4846
G01 X143.6814Y8.0346
G01 X143.0277Y3.6275
G01 X141.9451Y-0.6943
G01 X141.8894Y-0.8500
G01 X142.3137Y-0.8500
G01 X142.3279Y-0.8105
G01 X143.4200Y3.5494
G01 X144.0795Y7.9954
G01 X144.3000Y12.4846
G01 X144.2390Y13.7259
G00 Z20.0000
G00 X144.6415Y13.6750
G01 Z20.0000
G01 X144.7000Y12.4846
G01 X144.4775Y7.9562
G01 X143.8123Y3.4714
G01 X142.7298Y-0.8500
G01 X143.1417Y-0.8500
G01 X144.2046Y3.3934
G01 X144.8756Y7.9170
G01 X145.1000Y12.4846
G01 X145.0415Y13.6750
G01 X145.4415Y13.6750
G01 X145.5000Y12.4846
G01 X145.2737Y7.8778
G01 X144.5969Y3.3153
G01 X143.5535Y-0.8500
G01 X143.9654Y-0.8500
G01 X144.9892Y3.2373
G01 X145.6718Y7.8386
G01 X145.9000Y12.4846
G01 X145.8365Y13.7768
G01 X146.3000Y12.4846
G01 X146.1665Y9.7678
G00 Z20.0000
G00 X146.5829Y10.1006
G01 Z20.0000
G01 X146.7000Y12.4846
G01 X146.4929Y16.7000
G01 X146.8929Y16.7000
G01 X147.1000Y12.4846
G01 X146.9904Y10.2526
G00 Z20.0000
G00 X147.3922Y10.2900
G01 Z20.0000
G01 X147.5000Y12.4846
G01 X147.2929Y16.7000
G01 X147.6929Y16.7000
G01 X147.9000Y12.4846
G01 X147.7922Y10.2900
G01 X148.1922Y10.2900
G01 X148.3000Y12.4846
G01 X148.0924Y16.7110
G00 Z20.0000
G00 X148.4000Y17.7979
G01 Z20.0000
G01 X148.4583Y17.4050
G01 X148.7000Y12.4846
G01 X148.5922Y10.2900
G00 Z20.0000
G00 X148.9896Y10.2376
G01 Z20.0000
G01 X149.1000Y12.4846
G01 X148.8563Y17.4442
G01 X148.4000Y20.5207
G00 Z20.0000
G00 X148.0867Y19.9097
G01 Z20.0000
G01 X148.2163Y19.0363
G00 Z20.0000
G00 X147.8030Y19.1000
G01 Z20.0000
G01 X147.6843Y19.9000
G01 X147.2804Y19.9000
G01 X147.3991Y19.1000
G01 X146.9952Y19.1000
G01 X146.8765Y19.9000
G01 X146.4726Y19.9000
G01 X146.5913Y19.1000
G01 X146.1874Y19.1000
G01 X146.0687Y19.9000
G01 X145.6648Y19.9000
G01 X145.7835Y19.1000
G01 X145.3796Y19.1000
G01 X145.2610Y19.9000
G00 Z20.0000
G00 X144.8567Y19.9026
G01 Z20.0000
G01 X144.9757Y19.1000
G00 Z20.0000
G00 X144.5932Y18.9563
G01 Z20.0000
G01 X144.2046Y21.5758
G01 X143.1590Y25.7500
G01 X142.7471Y25.7500
G01 X143.8123Y21.4977
G01 X144.4775Y17.0130
G01 X144.5113Y16.3250
G01 X144.9113Y16.3250
G01 X144.8929Y16.7001
G00 Z20.0000
G00 X145.2929Y16.7000
G01 Z20.0000
G01 X145.3113Y16.3250
G00 Z20.0000
G00 X145.4956Y16.3248
G01 Z20.0000
G01 X144.4886Y16.3250
G01 X144.4612Y16.3238
G01 X144.4076Y16.3194
G01 X144.3804Y16.3154
G01 X144.3573Y16.3107
G01 X144.3051Y16.2979
G01 X144.2788Y16.2898
G01 X144.2568Y16.2815
G01 X144.2072Y16.2607
G01 X144.1826Y16.2485
G01 X144.1621Y16.2369
G01 X144.1164Y16.2087
G01 X144.0939Y16.1928
G01 X144.0785Y16.1806
G01 X144.0436Y16.1508
G01 X144.0262Y16.1349
G01 X144.0070Y16.1153
G01 X143.9694Y16.0715
G01 X143.9572Y16.0561
G01 X143.9371Y16.0270
G01 X143.9071Y15.9778
G01 X143.8943Y15.9534
G01 X143.8846Y15.9320
G01 X143.8642Y15.8822
G01 X143.8554Y15.8562
G01 X143.8491Y15.8335
G01 X143.8368Y15.7812
G01 X143.8321Y15.7541
G01 X143.8295Y15.7307
G01 X143.8252Y15.6692
G01 X143.8250Y14.3425
G01 X143.8262Y14.3112
G01 X143.8299Y14.2654
G01 X143.8321Y14.2459
G01 X143.8385Y14.2111
G01 X143.8501Y14.1627
G01 X143.8554Y14.1438
G01 X143.8642Y14.1178
G01 X143.8846Y14.0680
G01 X143.8943Y14.0466
G01 X143.9071Y14.0222
G01 X143.9371Y13.9730
G01 X143.9572Y13.9439
G01 X143.9694Y13.9285
G01 X143.9992Y13.8936
G01 X144.0151Y13.8762
G01 X144.0347Y13.8570
G01 X144.0785Y13.8194
G01 X144.0939Y13.8072
G01 X144.1230Y13.7871
G01 X144.1722Y13.7571
G01 X144.1966Y13.7443
G01 X144.2180Y13.7346
G01 X144.2677Y13.7142
G01 X144.2938Y13.7054
G01 X144.3165Y13.6991
G01 X144.3688Y13.6868
G01 X144.3959Y13.6821
G01 X144.4193Y13.6795
G01 X144.4729Y13.6755
G01 X145.4825Y13.6750
G01 X145.5074Y13.6758
G01 X145.5491Y13.6787
G01 X145.5845Y13.6829
G01 X145.6429Y13.6950
G01 X145.6636Y13.7002
G01 X145.6909Y13.7087
G01 X145.7400Y13.7270
G01 X145.7662Y13.7384
G01 X145.8188Y13.7664
G01 X145.8373Y13.7772
G01 X145.8668Y13.7973
G01 X145.9030Y13.8245
G01 X145.9249Y13.8428
G01 X145.9675Y13.8845
G01 X145.9915Y13.9109
G01 X146.0277Y13.9582
G01 X146.0401Y13.9757
G01 X146.0551Y14.0000
G01 X146.0802Y14.0460
G01 X146.0925Y14.0718
G01 X146.1006Y14.0916
G01 X146.1208Y14.1477
G01 X146.1284Y14.1752
G01 X146.1395Y14.2264
G01 X146.1441Y14.2546
G01 X146.1463Y14.2759
G01 X146.1498Y14.3318
G01 X146.1500Y15.6614
G01 X146.1488Y15.6888
G01 X146.1451Y15.7346
G01 X146.1429Y15.7541
G01 X146.1382Y15.7812
G01 X146.1249Y15.8373
G01 X146.1196Y15.8562
G01 X146.1108Y15.8822
G01 X146.0857Y15.9428
G01 X146.0679Y15.9778
G01 X146.0337Y16.0336
G01 X146.0106Y16.0654
G01 X145.9758Y16.1064
G01 X145.9599Y16.1238
G01 X145.9344Y16.1482
G01 X145.8904Y16.1856
G01 X145.8586Y16.2087
G01 X145.8129Y16.2369
G01 X145.7924Y16.2485
G01 X145.7606Y16.2639
G01 X145.7146Y16.2829
G01 X145.6962Y16.2898
G01 X145.6623Y16.2999
G01 X145.6139Y16.3115
G01 X145.5946Y16.3154
G01 X145.5596Y16.3201
G01 X145.4956Y16.3248
G00 Z20.0000
G00 X145.7134Y16.2834
G01 Z20.0000
G01 X145.6929Y16.7000
G01 X146.0929Y16.7000
G01 X146.1380Y15.7822
G00 Z20.0000
G00 X146.1500Y15.5379
G01 Z20.0000
G01 X146.3000Y12.4846
G01 X149.5000Y12.4846
G01 X149.2544Y17.4834
G01 X148.5200Y22.4342
G01 X147.6895Y25.7500
G01 X148.1013Y25.7500
G01 X148.9124Y22.5122
G01 X149.6525Y17.5227
G01 X149.9000Y12.4846
G01 X149.7659Y9.7542
G00 Z20.0000
G00 X149.3816Y10.0740
G01 Z20.0000
G01 X149.5000Y12.4846
G01 X150.3000Y12.4846
G01 X150.1271Y8.9655
G00 Z20.0000
G00 X150.0976Y8.3655
G01 Z20.0000
G01 X150.0506Y7.4073
G01 X149.6614Y4.7835
G00 Z20.0000
G00 X149.2958Y5.0417
G01 Z20.0000
G01 X149.6525Y7.4465
G01 X149.6608Y7.6160
G00 Z20.0000
G00 X149.2310Y7.3277
G01 Z20.0000
G01 X148.9120Y5.1770
G00 Z20.0000
G00 X148.5130Y5.2100
G01 Z20.0000
G01 X148.8091Y7.2062
G00 Z20.0000
G00 X148.4028Y7.1900
G01 Z20.0000
G01 X148.1091Y5.2100
G01 X147.7052Y5.2100
G01 X147.9989Y7.1900
G01 X147.5950Y7.1900
G01 X147.3012Y5.2093
G00 Z20.0000
G00 X146.8880Y5.1469
G01 Z20.0000
G01 X147.1920Y7.1961
G00 Z20.0000
G00 X147.3152Y7.1901
G01 Z20.0000
G01 X148.6024Y7.1901
G01 X148.7273Y7.1960
G01 X148.7518Y7.1980
G01 X148.8780Y7.2164
G01 X148.9118Y7.2230
G01 X149.0260Y7.2515
G01 X149.0496Y7.2582
G01 X149.1836Y7.3062
G01 X149.2061Y7.3159
G01 X149.3213Y7.3708
G01 X149.3427Y7.3827
G01 X149.4395Y7.4407
G01 X149.4682Y7.4597
G01 X149.5628Y7.5298
G01 X149.5932Y7.5547
G01 X149.6768Y7.6304
G01 X149.6944Y7.6475
G01 X149.7900Y7.7529
G01 X149.8052Y7.7722
G01 X149.8810Y7.8748
G01 X149.8943Y7.8955
G01 X149.9596Y8.0050
G01 X149.9708Y8.0269
G01 X150.0251Y8.1423
G01 X150.0341Y8.1652
G01 X150.0768Y8.2854
G01 X150.0835Y8.3090
G01 X150.1142Y8.4328
G01 X150.1186Y8.4570
G01 X150.1370Y8.5832
G01 X150.1390Y8.6077
G01 X150.1449Y8.7351
G01 X150.1445Y8.7596
G01 X150.1380Y8.8870
G01 X150.1351Y8.9114
G01 X150.1161Y9.0376
G01 X150.1109Y9.0615
G01 X150.0796Y9.1852
G01 X150.0721Y9.2086
G01 X150.0288Y9.3286
G01 X150.0191Y9.3511
G01 X149.9642Y9.4663
G01 X149.9523Y9.4877
G01 X149.8865Y9.5970
G01 X149.8725Y9.6172
G01 X149.7962Y9.7195
G01 X149.7803Y9.7382
G01 X149.6944Y9.8325
G01 X149.6768Y9.8496
G01 X149.5821Y9.9350
G01 X149.5628Y9.9502
G01 X149.4722Y10.0175
G01 X149.4395Y10.0393
G01 X149.3427Y10.0973
G01 X149.3213Y10.1092
G01 X149.1927Y10.1701
G01 X149.1698Y10.1791
G01 X149.0636Y10.2171
G01 X149.0260Y10.2285
G01 X148.9022Y10.2592
G01 X148.8780Y10.2636
G01 X148.7664Y10.2801
G01 X148.7273Y10.2840
G01 X148.5950Y10.2900
G01 X147.3250Y10.2900
G01 X147.1927Y10.2840
G01 X147.1536Y10.2801
G01 X147.0274Y10.2611
G01 X147.0035Y10.2559
G01 X146.8798Y10.2246
G01 X146.8564Y10.2171
G01 X146.7364Y10.1738
G01 X146.7139Y10.1641
G01 X146.5987Y10.1092
G01 X146.5773Y10.0973
G01 X146.4680Y10.0315
G01 X146.4478Y10.0175
G01 X146.3455Y9.9412
G01 X146.3268Y9.9253
G01 X146.2325Y9.8394
G01 X146.2154Y9.8218
G01 X146.1300Y9.7271
G01 X146.1148Y9.7078
G01 X146.0475Y9.6172
G01 X146.0257Y9.5845
G01 X145.9677Y9.4877
G01 X145.9558Y9.4663
G01 X145.8949Y9.3377
G01 X145.8859Y9.3148
G01 X145.8479Y9.2086
G01 X145.8365Y9.1710
G01 X145.8058Y9.0472
G01 X145.8014Y9.0230
G01 X145.7849Y8.9114
G01 X145.7810Y8.8723
G01 X145.7755Y8.7596
G01 X145.7751Y8.7351
G01 X145.7810Y8.6077
G01 X145.7849Y8.5686
G01 X145.8014Y8.4570
G01 X145.8058Y8.4328
G01 X145.8378Y8.3042
G01 X145.8479Y8.2714
G01 X145.8859Y8.1652
G01 X145.9009Y8.1289
G01 X145.9558Y8.0137
G01 X145.9677Y7.9923
G01 X146.0257Y7.8955
G01 X146.0475Y7.8628
G01 X146.1148Y7.7722
G01 X146.1300Y7.7529
G01 X146.2256Y7.6475
G01 X146.2432Y7.6304
G01 X146.3268Y7.5547
G01 X146.3572Y7.5298
G01 X146.4478Y7.4625
G01 X146.4680Y7.4485
G01 X146.5900Y7.3754
G01 X146.6119Y7.3642
G01 X146.7139Y7.3159
G01 X146.7502Y7.3009
G01 X146.8704Y7.2582
G01 X146.8940Y7.2515
G01 X147.0035Y7.2241
G01 X147.0420Y7.2164
G01 X147.1536Y7.1999
G01 X147.1780Y7.1970
G01 X147.3152Y7.1901
G00 Z20.0000
G00 X146.8010Y7.2827
G01 Z20.0000
G01 X146.4537Y4.9417
G00 Z20.0000
G00 X145.9716Y4.4142
G01 Z20.0000
G01 X146.4261Y7.4786
G00 Z20.0000
G00 X146.0714Y7.8307
G01 Z20.0000
G01 X146.0698Y7.7994
G01 X145.3815Y3.1593
G01 X144.3773Y-0.8500
G01 X144.7891Y-0.8500
G01 X145.7739Y3.0812
G01 X145.8109Y3.3311
G00 Z20.0000
G00 X146.0949Y2.7189
G01 Z20.0000
G01 X145.2010Y-0.8500
G01 X145.6129Y-0.8500
G01 X146.4265Y2.3983
G00 Z20.0000
G00 X146.7903Y2.2065
G01 Z20.0000
G01 X146.0247Y-0.8500
G01 X146.4366Y-0.8500
G01 X147.1797Y2.1169
G00 Z20.0000
G00 X147.3152Y2.1101
G01 Z20.0000
G01 X148.6024Y2.1101
G01 X148.7273Y2.1160
G01 X148.7518Y2.1180
G01 X148.8780Y2.1364
G01 X148.9118Y2.1430
G01 X149.0260Y2.1715
G01 X149.0496Y2.1782
G01 X149.1836Y2.2262
G01 X149.2061Y2.2359
G01 X149.3213Y2.2908
G01 X149.3427Y2.3027
G01 X149.4395Y2.3607
G01 X149.4722Y2.3825
G01 X149.5667Y2.4527
G01 X149.5932Y2.4747
G01 X149.6768Y2.5504
G01 X149.6944Y2.5675
G01 X149.7900Y2.6729
G01 X149.8052Y2.6922
G01 X149.8810Y2.7948
G01 X149.8943Y2.8155
G01 X149.9596Y2.9250
G01 X149.9708Y2.9469
G01 X150.0251Y3.0623
G01 X150.0341Y3.0852
G01 X150.0768Y3.2054
G01 X150.0835Y3.2290
G01 X150.1142Y3.3528
G01 X150.1186Y3.3770
G01 X150.1370Y3.5032
G01 X150.1390Y3.5277
G01 X150.1449Y3.6551
G01 X150.1445Y3.6796
G01 X150.1380Y3.8070
G01 X150.1351Y3.8314
G01 X150.1161Y3.9576
G01 X150.1109Y3.9815
G01 X150.0796Y4.1052
G01 X150.0721Y4.1286
G01 X150.0288Y4.2486
G01 X150.0191Y4.2711
G01 X149.9642Y4.3863
G01 X149.9523Y4.4077
G01 X149.8865Y4.5170
G01 X149.8725Y4.5372
G01 X149.7962Y4.6395
G01 X149.7803Y4.6582
G01 X149.6944Y4.7525
G01 X149.6768Y4.7696
G01 X149.5821Y4.8550
G01 X149.5628Y4.8702
G01 X149.4722Y4.9375
G01 X149.4395Y4.9593
G01 X149.3427Y5.0173
G01 X149.3213Y5.0292
G01 X149.1927Y5.0901
G01 X149.1698Y5.0991
G01 X149.0636Y5.1371
G01 X149.0260Y5.1485
G01 X148.9165Y5.1759
G01 X148.8926Y5.1811
G01 X148.7664Y5.2001
G01 X148.7273Y5.2040
G01 X148.5950Y5.2100
G01 X147.3250Y5.2100
G01 X147.1927Y5.2040
G01 X147.1536Y5.2001
G01 X147.0274Y5.1811
G01 X147.0035Y5.1759
G01 X146.8798Y5.1446
G01 X146.8564Y5.1371
G01 X146.7364Y5.0938
G01 X146.7139Y5.0841
G01 X146.5987Y5.0292
G01 X146.5773Y5.0173
G01 X146.4680Y4.9515
G01 X146.4478Y4.9375
G01 X146.3455Y4.8612
G01 X146.3268Y4.8453
G01 X146.2325Y4.7594
G01 X146.2154Y4.7418
G01 X146.1300Y4.6471
G01 X146.1148Y4.6278
G01 X146.0475Y4.5372
G01 X146.0257Y4.5045
G01 X145.9677Y4.4077
G01 X145.9558Y4.3863
G01 X145.8949Y4.2577
G01 X145.8859Y4.2348
G01 X145.8479Y4.1286
G01 X145.8365Y4.0910
G01 X145.8058Y3.9672
G01 X145.8014Y3.9430
G01 X145.7849Y3.8314
G01 X145.7810Y3.7923
G01 X145.7755Y3.6796
G01 X145.7751Y3.6551
G01 X145.7810Y3.5277
G01 X145.7849Y3.4886
G01 X145.8014Y3.3770
G01 X145.8058Y3.3528
G01 X145.8378Y3.2242
G01 X145.8479Y3.1914
G01 X145.8859Y3.0852
G01 X145.9009Y3.0489
G01 X145.9558Y2.9337
G01 X145.9677Y2.9123
G01 X146.0257Y2.8155
G01 X146.0475Y2.7828
G01 X146.1148Y2.6922
G01 X146.1300Y2.6729
G01 X146.2256Y2.5675
G01 X146.2432Y2.5504
G01 X146.3268Y2.4747
G01 X146.3572Y2.4498
G01 X146.4478Y2.3825
G01 X146.4680Y2.3685
G01 X146.5900Y2.2954
G01 X146.6119Y2.2842
G01 X146.7139Y2.2359
G01 X146.7502Y2.2209
G01 X146.8704Y2.1782
G01 X146.8940Y2.1715
G01 X147.0035Y2.1441
G01 X147.0420Y2.1364
G01 X147.1536Y2.1199
G01 X147.1780Y2.1170
G01 X147.3152Y2.1101
G00 Z20.0000
G00 X147.5899Y2.1100
G01 Z20.0000
G01 X146.8484Y-0.8500
G01 X147.2603Y-0.8500
G01 X148.0017Y2.1100
G01 X148.4136Y2.1100
G01 X147.6722Y-0.8500
G01 X148.0840Y-0.8500
G01 X148.8303Y2.1293
G00 Z20.0000
G00 X149.2773Y2.2696
G01 Z20.0000
G01 X148.4959Y-0.8500
G01 X148.9077Y-0.8500
G01 X149.6970Y2.3009
G01 X149.7447Y2.6225
G00 Z20.0000
G00 X149.9964Y4.3191
G01 Z20.0000
G01 X150.4486Y7.3681
G01 X150.7000Y12.4846
G01 X150.7000Y12.4846
G01 X150.7000Y12.4846
G01 X150.4486Y17.6011
G01 X149.6970Y22.6683
G01 X148.9251Y25.7500
G01 X148.5132Y25.7500
G01 X149.3047Y22.5903
G01 X150.0506Y17.5619
G01 X150.3000Y12.4846
G01 X151.1000Y12.4846
G01 X150.8467Y17.6403
G01 X150.0893Y22.7463
G01 X149.3369Y25.7500
G01 X149.7488Y25.7500
G01 X150.4816Y22.8244
G01 X151.2448Y17.6795
G01 X151.5000Y12.4846
G01 X151.5000Y12.4846
G01 X151.5000Y12.4846
G01 X151.2448Y7.2897
G01 X150.4816Y2.1448
G01 X149.7315Y-0.8500
G01 X149.3196Y-0.8500
G01 X150.0893Y2.2228
G01 X150.8467Y7.3289
G01 X151.1000Y12.4846
G01 X151.9000Y12.4846
G01 X151.6429Y17.7187
G01 X150.8739Y22.9024
G01 X150.1606Y25.7500
G01 X150.5725Y25.7500
G01 X151.2662Y22.9804
G01 X152.0409Y17.7579
G01 X152.3000Y12.4846
G01 X152.3000Y12.4846
G01 X152.3000Y12.4846
G01 X152.0409Y7.2113
G01 X151.2662Y1.9887
G01 X150.5552Y-0.8500
G01 X150.1433Y-0.8500
G01 X150.8739Y2.0668
G01 X151.6429Y7.2505
G01 X151.9000Y12.4846
G01 X152.7000Y12.4846
G01 X152.4390Y7.1720
G01 X151.6586Y1.9107
G01 X150.9670Y-0.8500
G01 X151.3789Y-0.8500
G01 X152.0509Y1.8326
G01 X152.8371Y7.1328
G01 X153.1000Y12.4846
G01 X153.1000Y12.4846
G01 X153.1000Y12.4846
G01 X152.8371Y17.8363
G01 X152.0509Y23.1365
G01 X151.3962Y25.7500
G01 X150.9844Y25.7500
G01 X151.6586Y23.0585
G01 X152.4390Y17.7971
G01 X152.7000Y12.4846
G01 X153.5000Y12.4846
G01 X153.2352Y7.0936
G01 X152.4432Y1.7546
G01 X151.7908Y-0.8500
G01 X152.2026Y-0.8500
G01 X152.8355Y1.6766
G01 X153.6332Y7.0544
G01 X153.9000Y12.4846
G01 X153.9000Y12.4846
G01 X153.9000Y12.4846
G01 X153.6332Y17.9147
G01 X152.8355Y23.2926
G01 X152.2200Y25.7500
G01 X151.8081Y25.7500
G01 X152.4432Y23.2145
G01 X153.2352Y17.8755
G01 X153.5000Y12.4846
G01 X154.3000Y12.4846
G01 X154.0313Y7.0152
G01 X153.2278Y1.5985
G01 X152.6145Y-0.8500
G01 X153.0264Y-0.8500
G01 X153.6201Y1.5205
G01 X154.4294Y6.9760
G01 X154.7000Y12.4846
G01 X154.7000Y12.4846
G01 X154.7000Y12.4846
G01 X154.4294Y17.9931
G01 X153.6201Y23.4487
G01 X153.0437Y25.7500
G01 X152.6318Y25.7500
G01 X153.2278Y23.3706
G01 X154.0313Y17.9539
G01 X154.3000Y12.4846
G01 X155.1000Y12.4846
G01 X154.8275Y18.0323
G01 X154.0124Y23.5267
G01 X153.4555Y25.7500
G01 X153.8674Y25.7500
G01 X154.4048Y23.6047
G01 X155.2255Y18.0716
G01 X155.5000Y12.4846
G01 X155.5000Y12.4846
G01 X155.5000Y12.4846
G01 X155.2255Y6.8976
G01 X154.4048Y1.3644
G01 X153.8501Y-0.8500
G01 X153.4382Y-0.8500
G01 X154.0124Y1.4425
G01 X154.8275Y6.9368
G01 X155.1000Y12.4846
G01 X155.9000Y12.4846
G01 X155.6236Y18.1108
G01 X154.7971Y23.6828
G01 X154.2793Y25.7500
G01 X154.6911Y25.7500
G01 X155.1894Y23.7608
G01 X156.0217Y18.1500
G01 X156.3000Y12.4846
G01 X156.3000Y12.4846
G01 X156.3000Y12.4846
G01 X156.0217Y6.8192
G01 X155.1894Y1.2084
G01 X154.6738Y-0.8500
G01 X154.2619Y-0.8500
G01 X154.7971Y1.2864
G01 X155.6236Y6.8584
G01 X155.9000Y12.4846
G01 X156.7000Y12.4846
G01 X156.4198Y18.1892
G01 X155.5817Y23.8388
G01 X155.1030Y25.7500
G01 X155.5148Y25.7500
G01 X155.9740Y23.9169
G01 X156.8178Y18.2284
G01 X157.1000Y12.4846
G01 X157.1000Y12.4846
G01 X157.1000Y12.4846
G01 X156.8178Y6.7408
G01 X155.9740Y1.0523
G01 X155.4975Y-0.8500
G01 X155.0857Y-0.8500
G01 X155.5817Y1.1303
G01 X156.4198Y6.7800
G01 X156.7000Y12.4846
G01 X157.5000Y12.4846
G01 X157.2159Y18.2676
G01 X156.3663Y23.9949
G01 X155.9267Y25.7500
G01 X156.3386Y25.7500
G01 X156.7586Y24.0729
G01 X157.6140Y18.3068
G01 X157.9000Y12.4846
G01 X157.9000Y12.4846
G01 X157.9000Y12.4846
G01 X157.6140Y6.6624
G01 X156.7586Y0.8962
G01 X156.3212Y-0.8500
G01 X155.9094Y-0.8500
G01 X156.3663Y0.9742
G01 X157.2159Y6.7016
G01 X157.5000Y12.4846
G01 X158.3000Y12.4846
G01 X158.0120Y6.6232
G01 X157.1510Y0.8182
G01 X156.7331Y-0.8500
G01 X157.1450Y-0.8500
G01 X157.5433Y0.7401
G01 X158.4101Y6.5839
G01 X158.7000Y12.4846
G01 X158.7000Y12.4846
G01 X158.7000Y12.4846
G01 X158.4101Y18.3852
G01 X157.5433Y24.2290
G01 X157.1623Y25.7500
G01 X156.7504Y25.7500
G01 X157.1510Y24.1510
G01 X158.0120Y18.3460
G01 X158.3000Y12.4846
G01 X159.1000Y12.4846
G01 X158.8082Y18.4244
G01 X157.9356Y24.3070
G01 X157.5741Y25.7500
G01 X157.9860Y25.7500
G01 X158.3279Y24.3851
G01 X159.2063Y18.4636
G01 X159.5000Y12.4846
G01 X159.2063Y6.5055
G01 X158.3279Y0.5841
G01 X157.9687Y-0.8500
G01 X158.3805Y-0.8500
G01 X158.7202Y0.5060
G01 X159.6043Y6.4663
G01 X159.9000Y12.4846
G01 X159.6043Y18.5028
G01 X158.7202Y24.4631
G01 X158.3979Y25.7500
G01 X158.8097Y25.7500
G01 X159.1125Y24.5412
G01 X160.0024Y18.5420
G01 X160.3000Y12.4846
G01 X160.0024Y6.4271
G01 X159.1125Y0.4280
G01 X158.7924Y-0.8500
G01 X159.2043Y-0.8500
G01 X159.5048Y0.3500
G01 X160.4005Y6.3879
G01 X160.7000Y12.4846
G01 X160.4005Y18.5812
G01 X159.5048Y24.6192
G01 X159.2216Y25.7500
G01 X159.6335Y25.7500
G01 X159.8972Y24.6972
G01 X160.7986Y18.6204
G01 X161.1000Y12.4846
G01 X160.7986Y6.3487
G01 X159.8972Y0.2719
G01 X159.6161Y-0.8500
G01 X160.0280Y-0.8500
G01 X160.2895Y0.1939
G01 X161.1966Y6.3095
G01 X161.5000Y12.4846
G01 X161.1966Y18.6597
G01 X160.2895Y24.7753
G01 X160.0453Y25.7500
G01 X160.4572Y25.7500
G01 X160.6818Y24.8533
G01 X161.5947Y18.6989
G01 X161.9000Y12.4846
G01 X161.5947Y6.2703
G01 X160.6818Y0.1158
G01 X160.4399Y-0.8500
G01 X160.8517Y-0.8500
G01 X161.0741Y0.0378
G01 X161.9928Y6.2311
G01 X162.3000Y12.4846
G01 X161.9928Y18.7381
G01 X161.0741Y24.9313
G01 X160.8690Y25.7500
G01 X161.2809Y25.7500
G01 X161.4664Y25.0094
G01 X162.3909Y18.7773
G01 X162.7000Y12.4846
G01 X162.3909Y6.1919
G01 X161.4664Y-0.0402
G01 X161.2636Y-0.8500
G01 X161.6754Y-0.8500
G01 X161.8587Y-0.1183
G01 X162.7889Y6.1527
G01 X163.1000Y12.4846
G01 X162.7889Y18.8165
G01 X161.8587Y25.0874
G01 X161.6928Y25.7500
G01 X162.1046Y25.7500
G01 X162.2510Y25.1654
G01 X163.1870Y18.8557
G01 X163.5000Y12.4846
G01 X163.1870Y6.1135
G01 X162.2510Y-0.1963
G01 X162.0873Y-0.8500
G01 X162.4992Y-0.8500
G01 X162.6434Y-0.2743
G01 X163.5851Y6.0743
G01 X163.9000Y12.4846
G01 X163.5851Y18.8949
G01 X162.6434Y25.2435
G01 X162.5165Y25.7500
G01 X162.9283Y25.7500
G01 X163.0357Y25.3215
G01 X163.9832Y18.9341
G01 X164.2699Y13.0972
G00 Z20.0000
G00 X164.6482Y13.5388
G01 Z20.0000
G01 X164.3812Y18.9733
G01 X163.4280Y25.3996
G01 X163.3402Y25.7500
G01 X163.7521Y25.7500
G01 X163.8203Y25.4776
G01 X164.7793Y19.0125
G01 X165.0350Y13.8086
G00 Z20.0000
G00 X165.4271Y13.9678
G01 Z20.0000
G01 X165.1774Y19.0517
G01 X164.2126Y25.5556
G01 X164.1639Y25.7500
G01 X164.5758Y25.7500
G01 X164.6049Y25.6337
G01 X165.5755Y19.0909
G01 X165.8235Y14.0418
G00 Z20.0000
G00 X166.2237Y14.0372
G01 Z20.0000
G01 X165.9735Y19.1301
G01 X164.9972Y25.7117
G01 X164.9876Y25.7500
G01 X165.3955Y25.7500
G01 X166.3716Y19.1693
G01 X166.6280Y13.9505
G00 Z20.0000
G00 X167.0370Y13.7661
G01 Z20.0000
G01 X166.7697Y19.2086
G01 X165.7993Y25.7500
G01 X166.2032Y25.7500
G01 X167.1677Y19.2478
G01 X167.4528Y13.4463
G00 Z20.0000
G00 X167.8842Y12.8063
G01 Z20.0000
G01 X167.5658Y19.2870
G01 X166.6071Y25.7500
G01 X167.0110Y25.7500
G01 X167.9639Y19.3262
G01 X168.3000Y12.4846
G01 X167.9639Y5.6430
G01 X167.0008Y-0.8500
G01 X166.5969Y-0.8500
G01 X167.5658Y5.6822
G01 X167.8311Y11.0814
G00 Z20.0000
G00 X167.4029Y10.5075
G01 Z20.0000
G01 X167.1677Y5.7214
G01 X166.1930Y-0.8500
G01 X165.7891Y-0.8500
G01 X166.7697Y5.7606
G01 X166.9880Y10.2045
G00 Z20.0000
G00 X166.5796Y10.0339
G01 Z20.0000
G01 X166.3716Y5.7998
G01 X165.3896Y-0.8206
G01 X165.3822Y-0.8500
G01 X164.9703Y-0.8500
G01 X164.9972Y-0.7425
G01 X165.9735Y5.8390
G01 X166.1759Y9.9582
G00 Z20.0000
G00 X165.7761Y9.9628
G01 Z20.0000
G01 X165.5755Y5.8782
G01 X164.6049Y-0.6645
G01 X164.5585Y-0.8500
G01 X164.1466Y-0.8500
G01 X164.2126Y-0.5865
G01 X165.1774Y5.9174
G01 X165.3802Y10.0466
G00 Z20.0000
G00 X164.9887Y10.2185
G01 Z20.0000
G01 X164.7793Y5.9566
G01 X163.8203Y-0.5084
G01 X163.7347Y-0.8500
G01 X163.3229Y-0.8500
G01 X163.4280Y-0.4304
G01 X164.3812Y5.9958
G01 X164.6026Y10.5025
G00 Z20.0000
G00 X164.2259Y10.9762
G01 Z20.0000
G01 X163.9832Y6.0350
G01 X163.0357Y-0.3524
G01 X162.9110Y-0.8500
G00 Z20.0000
G00 X167.4046Y-0.8500
G01 Z20.0000
G01 X168.3620Y5.6038
G01 X168.7000Y12.4846
G01 X168.3620Y19.3654
G01 X167.4149Y25.7500
G01 X167.8188Y25.7500
G01 X168.7600Y19.4046
G01 X169.1000Y12.4846
G01 X168.7600Y5.5646
G01 X167.8085Y-0.8500
G01 X168.2124Y-0.8500
G01 X169.1581Y5.5254
G01 X169.5000Y12.4846
G01 X169.1581Y19.4438
G01 X168.2227Y25.7500
G01 X168.6266Y25.7500
G01 X169.5562Y19.4830
G01 X169.9000Y12.4846
G01 X169.5562Y5.4862
G01 X168.6163Y-0.8500
G01 X169.0202Y-0.8500
G01 X169.9543Y5.4469
G01 X170.3000Y12.4846
G01 X169.9543Y19.5222
G01 X169.0305Y25.7500
G01 X169.4343Y25.7500
G01 X170.3523Y19.5614
G01 X170.7000Y12.4846
G01 X170.3523Y5.4077
G01 X169.4241Y-0.8500
G01 X169.8280Y-0.8500
G01 X170.7504Y5.3685
G01 X171.1000Y12.4846
G01 X170.7504Y19.6006
G01 X169.8382Y25.7500
G01 X170.2421Y25.7500
G01 X171.1485Y19.6398
G01 X171.5000Y12.4846
G01 X171.1485Y5.3293
G01 X170.2319Y-0.8500
G01 X170.6358Y-0.8500
G01 X171.5466Y5.2901
G01 X171.9000Y12.4846
G01 X171.5466Y19.6790
G01 X170.6460Y25.7500
G01 X171.0499Y25.7500
G01 X171.9446Y19.7182
G01 X172.3000Y12.4846
G01 X171.9446Y5.2509
G01 X171.0396Y-0.8500
G01 X171.4435Y-0.8500
G01 X172.3427Y5.2117
G01 X172.7000Y12.4846
G01 X172.3427Y19.7574
G01 X171.4538Y25.7500
G01 X171.8577Y25.7500
G01 X172.7408Y19.7967
G01 X173.1000Y12.4846
G01 X172.7408Y5.1725
G01 X171.8474Y-0.8500
G01 X172.2513Y-0.8500
G01 X173.1389Y5.1333
G01 X173.5000Y12.4846
G01 X173.1389Y19.8359
G01 X172.2616Y25.7500
G01 X172.6655Y25.7500
G01 X173.5369Y19.8751
G01 X173.9000Y12.4846
G01 X173.5369Y5.0941
G01 X172.6552Y-0.8500
G01 X173.0591Y-0.8500
G01 X173.9350Y5.0549
G01 X174.3000Y12.4846
G01 X173.9350Y19.9143
G01 X173.0694Y25.7500
G01 X173.4732Y25.7500
G01 X174.3331Y19.9535
G01 X174.7000Y12.4846
G01 X174.3331Y5.0157
G01 X173.4630Y-0.8500
G01 X173.8669Y-0.8500
G01 X174.7312Y4.9765
G01 X175.1000Y12.4846
G01 X174.7312Y19.9927
G01 X173.8771Y25.7500
G01 X174.2810Y25.7500
G01 X175.1292Y20.0319
G01 X175.5000Y12.4846
G01 X175.1292Y4.9373
G01 X174.2708Y-0.8500
G01 X174.6747Y-0.8500
G01 X175.5273Y4.8980
G01 X175.9000Y12.4846
G01 X175.5273Y20.0711
G01 X174.6849Y25.7500
G01 X175.0888Y25.7500
G01 X175.9254Y20.1103
G01 X176.3000Y12.4846
G01 X175.9254Y4.8588
G01 X175.0785Y-0.8500
G01 X175.4824Y-0.8500
G01 X176.3234Y4.8196
G01 X176.7000Y12.4846
G01 X176.3234Y20.1495
G01 X175.4927Y25.7500
G01 X175.8966Y25.7500
G01 X176.7215Y20.1887
G01 X177.1000Y12.4846
G01 X176.7215Y4.7804
G01 X175.8863Y-0.8500
G01 X176.2902Y-0.8500
G01 X177.1196Y4.7412
G01 X177.5000Y12.4846
G01 X177.1196Y20.2279
G01 X176.3005Y25.7500
G01 X176.7044Y25.7500
G01 X177.5177Y20.2671
G01 X177.9000Y12.4846
G01 X177.5177Y4.7020
G01 X176.6941Y-0.8500
G01 X177.0980Y-0.8500
G01 X177.9157Y4.6628
G01 X178.3000Y12.4846
G01 X177.9157Y20.3063
G01 X177.1083Y25.7500
G01 X177.5121Y25.7500
G01 X178.3138Y20.3456
G01 X178.7000Y12.4846
G01 X178.3138Y4.6236
G01 X177.5019Y-0.8500
G01 X177.9058Y-0.8500
G01 X178.7119Y4.5844
G01 X179.1000Y12.4846
G01 X178.7119Y20.3848
G01 X177.9160Y25.7500
G01 X178.3199Y25.7500
G01 X179.1100Y20.4240
G01 X179.5000Y12.4846
G01 X179.1100Y4.5452
G01 X178.3097Y-0.8500
G01 X178.7136Y-0.8500
G01 X179.5080Y4.5060
G01 X179.9000Y12.4846
G01 X179.5080Y20.4632
G01 X178.7238Y25.7500
G01 X179.1277Y25.7500
G01 X179.9061Y20.5024
G01 X180.3000Y12.4846
G01 X179.9061Y4.4668
G01 X179.1174Y-0.8500
G01 X179.5213Y-0.8500
G01 X180.3042Y4.4276
G01 X180.7000Y12.4846
G01 X180.3042Y20.5416
G01 X179.5316Y25.7500
G01 X179.9355Y25.7500
G01 X180.7023Y20.5808
G01 X181.1000Y12.4846
G01 X180.7023Y4.3884
G01 X179.9252Y-0.8500
G01 X180.3291Y-0.8500
G01 X181.1003Y4.3492
G01 X181.5000Y12.4846
G01 X181.1003Y20.6200
G01 X180.3394Y25.7500
G01 X180.7433Y25.7500
G01 X181.4984Y20.6592
G01 X181.9000Y12.4846
G01 X181.4984Y4.3099
G01 X180.7330Y-0.8500
G01 X181.1369Y-0.8500
G01 X181.8965Y4.2707
G01 X182.0769Y7.9435
G00 Z20.0000
G00 X182.4559Y7.5159
G01 Z20.0000
G01 X182.3209Y4.7674
G00 Z20.0000
G00 X182.7351Y5.0562
G01 Z20.0000
G01 X182.8451Y7.2956
G00 Z20.0000
G00 X183.2403Y7.1990
G01 Z20.0000
G01 X183.1415Y5.1865
G00 Z20.0000
G00 X183.5426Y5.2100
G01 Z20.0000
G01 X183.6399Y7.1900
G00 Z20.0000
G00 X183.3952Y7.1901
G01 Z20.0000
G01 X184.6824Y7.1901
G01 X184.8073Y7.1960
G01 X184.8318Y7.1980
G01 X184.9580Y7.2164
G01 X184.9918Y7.2230
G01 X185.1060Y7.2515
G01 X185.1296Y7.2582
G01 X185.2636Y7.3062
G01 X185.2861Y7.3159
G01 X185.4013Y7.3708
G01 X185.4227Y7.3827
G01 X185.5195Y7.4407
G01 X185.5482Y7.4597
G01 X185.6428Y7.5298
G01 X185.6732Y7.5547
G01 X185.7568Y7.6304
G01 X185.7744Y7.6475
G01 X185.8700Y7.7529
G01 X185.8852Y7.7722
G01 X185.9610Y7.8748
G01 X185.9743Y7.8955
G01 X186.0396Y8.0050
G01 X186.0508Y8.0269
G01 X186.1051Y8.1423
G01 X186.1141Y8.1652
G01 X186.1568Y8.2854
G01 X186.1635Y8.3090
G01 X186.1942Y8.4328
G01 X186.1986Y8.4570
G01 X186.2170Y8.5832
G01 X186.2190Y8.6077
G01 X186.2249Y8.7351
G01 X186.2245Y8.7596
G01 X186.2180Y8.8870
G01 X186.2151Y8.9114
G01 X186.1961Y9.0376
G01 X186.1909Y9.0615
G01 X186.1596Y9.1852
G01 X186.1521Y9.2086
G01 X186.1088Y9.3286
G01 X186.0991Y9.3511
G01 X186.0442Y9.4663
G01 X186.0323Y9.4877
G01 X185.9665Y9.5970
G01 X185.9525Y9.6172
G01 X185.8762Y9.7195
G01 X185.8603Y9.7382
G01 X185.7744Y9.8325
G01 X185.7568Y9.8496
G01 X185.6621Y9.9350
G01 X185.6428Y9.9502
G01 X185.5522Y10.0175
G01 X185.5195Y10.0393
G01 X185.4227Y10.0973
G01 X185.4013Y10.1092
G01 X185.2727Y10.1701
G01 X185.2498Y10.1791
G01 X185.1436Y10.2171
G01 X185.1060Y10.2285
G01 X184.9822Y10.2592
G01 X184.9580Y10.2636
G01 X184.8464Y10.2801
G01 X184.8073Y10.2840
G01 X184.6750Y10.2900
G01 X183.4050Y10.2900
G01 X183.2727Y10.2840
G01 X183.2336Y10.2801
G01 X183.1074Y10.2611
G01 X183.0835Y10.2559
G01 X182.9598Y10.2246
G01 X182.9364Y10.2171
G01 X182.8164Y10.1738
G01 X182.7939Y10.1641
G01 X182.6787Y10.1092
G01 X182.6573Y10.0973
G01 X182.5480Y10.0315
G01 X182.5278Y10.0175
G01 X182.4255Y9.9412
G01 X182.4068Y9.9253
G01 X182.3125Y9.8394
G01 X182.2954Y9.8218
G01 X182.2100Y9.7271
G01 X182.1948Y9.7078
G01 X182.1275Y9.6172
G01 X182.1057Y9.5845
G01 X182.0477Y9.4877
G01 X182.0358Y9.4663
G01 X181.9749Y9.3377
G01 X181.9659Y9.3148
G01 X181.9279Y9.2086
G01 X181.9165Y9.1710
G01 X181.8858Y9.0472
G01 X181.8814Y9.0230
G01 X181.8649Y8.9114
G01 X181.8610Y8.8723
G01 X181.8555Y8.7596
G01 X181.8551Y8.7351
G01 X181.8610Y8.6077
G01 X181.8649Y8.5686
G01 X181.8814Y8.4570
G01 X181.8858Y8.4328
G01 X181.9178Y8.3042
G01 X181.9279Y8.2714
G01 X181.9659Y8.1652
G01 X181.9809Y8.1289
G01 X182.0358Y8.0137
G01 X182.0477Y7.9923
G01 X182.1057Y7.8955
G01 X182.1275Y7.8628
G01 X182.1948Y7.7722
G01 X182.2100Y7.7529
G01 X182.3056Y7.6475
G01 X182.3232Y7.6304
G01 X182.4068Y7.5547
G01 X182.4372Y7.5298
G01 X182.5278Y7.4625
G01 X182.5480Y7.4485
G01 X182.6700Y7.3754
G01 X182.6919Y7.3642
G01 X182.7939Y7.3159
G01 X182.8302Y7.3009
G01 X182.9504Y7.2582
G01 X182.9740Y7.2515
G01 X183.0835Y7.2241
G01 X183.1220Y7.2164
G01 X183.2336Y7.1999
G01 X183.2580Y7.1970
G01 X183.3952Y7.1901
G00 Z20.0000
G00 X184.0399Y7.1900
G01 Z20.0000
G01 X183.9426Y5.2100
G01 X184.3426Y5.2100
G01 X184.4399Y7.1900
G00 Z20.0000
G00 X184.8403Y7.1991
G01 Z20.0000
G01 X184.7425Y5.2072
G00 Z20.0000
G00 X185.1391Y5.1386
G01 Z20.0000
G01 X185.2453Y7.2993
G00 Z20.0000
G00 X185.6571Y7.5409
G01 Z20.0000
G01 X185.5300Y4.9527
G00 Z20.0000
G00 X185.9122Y4.5914
G01 Z20.0000
G01 X186.0845Y8.0981
G00 Z20.0000
G00 X186.1406Y9.2406
G01 Z20.0000
G01 X186.3000Y12.4846
G01 X186.2385Y13.7365
G00 Z20.0000
G00 X186.6415Y13.6750
G01 Z20.0000
G01 X186.7000Y12.4846
G01 X186.2753Y3.8395
G01 X185.5797Y-0.8500
G01 X185.1758Y-0.8500
G01 X185.6683Y2.4704
G00 Z20.0000
G00 X185.2262Y2.2125
G01 Z20.0000
G01 X184.7719Y-0.8500
G01 X184.3680Y-0.8500
G01 X184.8080Y2.1161
G00 Z20.0000
G00 X184.4032Y2.1100
G01 Z20.0000
G01 X183.9641Y-0.8500
G01 X183.5602Y-0.8500
G01 X183.9993Y2.1100
G01 X183.5954Y2.1100
G01 X183.1563Y-0.8500
G01 X182.7524Y-0.8500
G01 X183.1939Y2.1258
G00 Z20.0000
G00 X183.3952Y2.1101
G01 Z20.0000
G01 X184.6824Y2.1101
G01 X184.8073Y2.1160
G01 X184.8318Y2.1180
G01 X184.9580Y2.1364
G01 X184.9918Y2.1430
G01 X185.1060Y2.1715
G01 X185.1296Y2.1782
G01 X185.2636Y2.2262
G01 X185.2861Y2.2359
G01 X185.4013Y2.2908
G01 X185.4227Y2.3027
G01 X185.5195Y2.3607
G01 X185.5522Y2.3825
G01 X185.6467Y2.4527
G01 X185.6732Y2.4747
G01 X185.7568Y2.5504
G01 X185.7744Y2.5675
G01 X185.8700Y2.6729
G01 X185.8852Y2.6922
G01 X185.9610Y2.7948
G01 X185.9743Y2.8155
G01 X186.0396Y2.9250
G01 X186.0508Y2.9469
G01 X186.1051Y3.0623
G01 X186.1141Y3.0852
G01 X186.1568Y3.2054
G01 X186.1635Y3.2290
G01 X186.1942Y3.3528
G01 X186.1986Y3.3770
G01 X186.2170Y3.5032
G01 X186.2190Y3.5277
G01 X186.2249Y3.6551
G01 X186.2245Y3.6796
G01 X186.2180Y3.8070
G01 X186.2151Y3.8314
G01 X186.1961Y3.9576
G01 X186.1909Y3.9815
G01 X186.1596Y4.1052
G01 X186.1521Y4.1286
G01 X186.1088Y4.2486
G01 X186.0991Y4.2711
G01 X186.0442Y4.3863
G01 X186.0323Y4.4077
G01 X185.9665Y4.5170
G01 X185.9525Y4.5372
G01 X185.8762Y4.6395
G01 X185.8603Y4.6582
G01 X185.7744Y4.7525
G01 X185.7568Y4.7696
G01 X185.6621Y4.8550
G01 X185.6428Y4.8702
G01 X185.5522Y4.9375
G01 X185.5195Y4.9593
G01 X185.4227Y5.0173
G01 X185.4013Y5.0292
G01 X185.2727Y5.0901
G01 X185.2498Y5.0991
G01 X185.1436Y5.1371
G01 X185.1060Y5.1485
G01 X184.9965Y5.1759
G01 X184.9726Y5.1811
G01 X184.8464Y5.2001
G01 X184.8073Y5.2040
G01 X184.6750Y5.2100
G01 X183.4050Y5.2100
G01 X183.2727Y5.2040
G01 X183.2336Y5.2001
G01 X183.1074Y5.1811
G01 X183.0835Y5.1759
G01 X182.9598Y5.1446
G01 X182.9364Y5.1371
G01 X182.8164Y5.0938
G01 X182.7939Y5.0841
G01 X182.6787Y5.0292
G01 X182.6573Y5.0173
G01 X182.5480Y4.9515
G01 X182.5278Y4.9375
G01 X182.4255Y4.8612
G01 X182.4068Y4.8453
G01 X182.3125Y4.7594
G01 X182.2954Y4.7418
G01 X182.2100Y4.6471
G01 X182.1948Y4.6278
G01 X182.1275Y4.5372
G01 X182.1057Y4.5045
G01 X182.0477Y4.4077
G01 X182.0358Y4.3863
G01 X181.9749Y4.2577
G01 X181.9659Y4.2348
G01 X181.9279Y4.1286
G01 X181.9165Y4.0910
G01 X181.8858Y3.9672
G01 X181.8814Y3.9430
G01 X181.8649Y3.8314
G01 X181.8610Y3.7923
G01 X181.8555Y3.6796
G01 X181.8551Y3.6551
G01 X181.8610Y3.5277
G01 X181.8649Y3.4886
G01 X181.8814Y3.3770
G01 X181.8858Y3.3528
G01 X181.9178Y3.2242
G01 X181.9279Y3.1914
G01 X181.9659Y3.0852
G01 X181.9809Y3.0489
G01 X182.0358Y2.9337
G01 X182.0477Y2.9123
G01 X182.1057Y2.8155
G01 X182.1275Y2.7828
G01 X182.1948Y2.6922
G01 X182.2100Y2.6729
G01 X182.3056Y2.5675
G01 X182.3232Y2.5504
G01 X182.4068Y2.4747
G01 X182.4372Y2.4498
G01 X182.5278Y2.3825
G01 X182.5480Y2.3685
G01 X182.6700Y2.2954
G01 X182.6919Y2.2842
G01 X182.7939Y2.2359
G01 X182.8302Y2.2209
G01 X182.9504Y2.1782
G01 X182.9740Y2.1715
G01 X183.0835Y2.1441
G01 X183.1220Y2.1364
G01 X183.2336Y2.1199
G01 X183.2580Y2.1170
G01 X183.3952Y2.1101
G00 Z20.0000
G00 X182.8055Y2.2307
G01 Z20.0000
G01 X182.3486Y-0.8500
G01 X181.9447Y-0.8500
G01 X182.4344Y2.4518
G00 Z20.0000
G00 X182.0887Y2.8438
G01 Z20.0000
G01 X181.5408Y-0.8500
G00 Z20.0000
G00 X185.9836Y-0.8500
G01 Z20.0000
G01 X186.6734Y3.8003
G01 X187.1000Y12.4846
G01 X187.0415Y13.6750
G01 X187.4415Y13.6750
G01 X187.5000Y12.4846
G01 X187.0714Y3.7611
G01 X186.3875Y-0.8500
G01 X186.7913Y-0.8500
G01 X187.4695Y3.7218
G01 X187.9000Y12.4846
G01 X187.8372Y13.7628
G01 X189.0325Y13.8591
G01 X189.1000Y12.4846
G01 X188.6637Y3.6042
G01 X188.0030Y-0.8500
G01 X188.4069Y-0.8500
G01 X189.0618Y3.5650
G01 X189.5000Y12.4846
G01 X189.4414Y13.6778
G00 Z20.0000
G00 X189.8415Y13.6750
G01 Z20.0000
G01 X189.9000Y12.4846
G01 X189.4599Y3.5258
G01 X188.8108Y-0.8500
G01 X189.2147Y-0.8500
G01 X189.8580Y3.4866
G01 X190.3000Y12.4846
G01 X190.2415Y13.6750
G00 Z20.0000
G00 X190.6406Y13.6945
G01 Z20.0000
G01 X190.7000Y12.4846
G01 X190.2560Y3.4474
G01 X189.6186Y-0.8500
G01 X190.0225Y-0.8500
G01 X190.6541Y3.4082
G01 X190.8876Y8.1607
G00 Z20.0000
G00 X191.2608Y7.6145
G01 Z20.0000
G01 X191.1140Y4.6268
G00 Z20.0000
G00 X191.5318Y4.9901
G01 Z20.0000
G01 X191.6476Y7.3473
G00 Z20.0000
G00 X192.0412Y7.2165
G01 Z20.0000
G01 X191.9402Y5.1601
G00 Z20.0000
G00 X192.3426Y5.2100
G01 Z20.0000
G01 X192.4399Y7.1900
G00 Z20.0000
G00 X192.3152Y7.1901
G01 Z20.0000
G01 X193.6024Y7.1901
G01 X193.7273Y7.1960
G01 X193.7518Y7.1980
G01 X193.8780Y7.2164
G01 X193.9118Y7.2230
G01 X194.0260Y7.2515
G01 X194.0496Y7.2582
G01 X194.1836Y7.3062
G01 X194.2061Y7.3159
G01 X194.3213Y7.3708
G01 X194.3427Y7.3827
G01 X194.4395Y7.4407
G01 X194.4682Y7.4597
G01 X194.5628Y7.5298
G01 X194.5932Y7.5547
G01 X194.6768Y7.6304
G01 X194.6944Y7.6475
G01 X194.7900Y7.7529
G01 X194.8052Y7.7722
G01 X194.8810Y7.8748
G01 X194.8943Y7.8955
G01 X194.9596Y8.0050
G01 X194.9708Y8.0269
G01 X195.0251Y8.1423
G01 X195.0341Y8.1652
G01 X195.0768Y8.2854
G01 X195.0835Y8.3090
G01 X195.1142Y8.4328
G01 X195.1186Y8.4570
G01 X195.1370Y8.5832
G01 X195.1390Y8.6077
G01 X195.1449Y8.7351
G01 X195.1445Y8.7596
G01 X195.1380Y8.8870
G01 X195.1351Y8.9114
G01 X195.1161Y9.0376
G01 X195.1109Y9.0615
G01 X195.0796Y9.1852
G01 X195.0721Y9.2086
G01 X195.0288Y9.3286
G01 X195.0191Y9.3511
G01 X194.9642Y9.4663
G01 X194.9523Y9.4877
G01 X194.8865Y9.5970
G01 X194.8725Y9.6172
G01 X194.7962Y9.7195
G01 X194.7803Y9.7382
G01 X194.6944Y9.8325
G01 X194.6768Y9.8496
G01 X194.5821Y9.9350
G01 X194.5628Y9.9502
G01 X194.4722Y10.0175
G01 X194.4395Y10.0393
G01 X194.3427Y10.0973
G01 X194.3213Y10.1092
G01 X194.1927Y10.1701
G01 X194.1698Y10.1791
G01 X194.0636Y10.2171
G01 X194.0260Y10.2285
G01 X193.9022Y10.2592
G01 X193.8780Y10.2636
G01 X193.7664Y10.2801
G01 X193.7273Y10.2840
G01 X193.5950Y10.2900
G01 X192.3250Y10.2900
G01 X192.1927Y10.2840
G01 X192.1536Y10.2801
G01 X192.0274Y10.2611
G01 X192.0035Y10.2559
G01 X191.8798Y10.2246
G01 X191.8564Y10.2171
G01 X191.7364Y10.1738
G01 X191.7139Y10.1641
G01 X191.5987Y10.1092
G01 X191.5773Y10.0973
G01 X191.4680Y10.0315
G01 X191.4478Y10.0175
G01 X191.3455Y9.9412
G01 X191.3268Y9.9253
G01 X191.2325Y9.8394
G01 X191.2154Y9.8218
G01 X191.1300Y9.7271
G01 X191.1148Y9.7078
G01 X191.0475Y9.6172
G01 X191.0257Y9.5845
G01 X190.9677Y9.4877
G01 X190.9558Y9.4663
G01 X190.8949Y9.3377
G01 X190.8859Y9.3148
G01 X190.8479Y9.2086
G01 X190.8365Y9.1710
G01 X190.8058Y9.0472
G01 X190.8014Y9.0230
G01 X190.7849Y8.9114
G01 X190.7810Y8.8723
G01 X190.7755Y8.7596
G01 X190.7751Y8.7351
G01 X190.7810Y8.6077
G01 X190.7849Y8.5686
G01 X190.8014Y8.4570
G01 X190.8058Y8.4328
G01 X190.8378Y8.3042
G01 X190.8479Y8.2714
G01 X190.8859Y8.1652
G01 X190.9009Y8.1289
G01 X190.9558Y8.0137
G01 X190.9677Y7.9923
G01 X191.0257Y7.8955
G01 X191.0475Y7.8628
G01 X191.1148Y7.7722
G01 X191.1300Y7.7529
G01 X191.2256Y7.6475
G01 X191.2432Y7.6304
G01 X191.3268Y7.5547
G01 X191.3572Y7.5298
G01 X191.4478Y7.4625
G01 X191.4680Y7.4485
G01 X191.5900Y7.3754
G01 X191.6119Y7.3642
G01 X191.7139Y7.3159
G01 X191.7502Y7.3009
G01 X191.8704Y7.2582
G01 X191.8940Y7.2515
G01 X192.0035Y7.2241
G01 X192.0420Y7.2164
G01 X192.1536Y7.1999
G01 X192.1780Y7.1970
G01 X192.3152Y7.1901
G00 Z20.0000
G00 X192.8399Y7.1900
G01 Z20.0000
G01 X192.7426Y5.2100
G01 X193.1426Y5.2100
G01 X193.2399Y7.1900
G00 Z20.0000
G00 X193.6400Y7.1917
G01 Z20.0000
G01 X193.5426Y5.2100
G00 Z20.0000
G00 X193.9407Y5.1699
G01 Z20.0000
G01 X194.0431Y7.2563
G00 Z20.0000
G00 X194.4526Y7.4489
G01 Z20.0000
G01 X194.3334Y5.0227
G00 Z20.0000
G00 X194.7188Y4.7260
G01 Z20.0000
G01 X194.8730Y7.8635
G00 Z20.0000
G00 X194.9527Y9.4870
G01 Z20.0000
G01 X195.1000Y12.4846
G01 X194.6348Y21.9530
G01 X194.0716Y25.7500
G01 X193.6677Y25.7500
G01 X194.2368Y21.9138
G01 X194.7000Y12.4846
G01 X194.5750Y9.9408
G00 Z20.0000
G00 X194.1864Y10.1727
G01 Z20.0000
G01 X194.3000Y12.4846
G01 X193.8387Y21.8746
G01 X193.2638Y25.7500
G01 X192.8599Y25.7500
G01 X193.4406Y21.8354
G01 X193.9000Y12.4846
G01 X193.7915Y10.2764
G00 Z20.0000
G00 X193.3922Y10.2900
G01 Z20.0000
G01 X193.5000Y12.4846
G01 X193.2869Y16.8216
G00 Z20.0000
G00 X192.8929Y16.7000
G01 Z20.0000
G01 X193.1000Y12.4846
G01 X192.9922Y10.2900
G01 X192.5922Y10.2900
G01 X192.7000Y12.4846
G01 X192.4929Y16.7000
G01 X192.0929Y16.7000
G01 X192.3000Y12.4846
G01 X192.1919Y10.2839
G00 Z20.0000
G00 X191.7874Y10.1924
G01 Z20.0000
G01 X191.9000Y12.4846
G01 X191.6929Y16.7000
G01 X191.2929Y16.7000
G01 X191.5000Y12.4846
G01 X191.3762Y9.9644
G00 Z20.0000
G00 X190.9513Y9.4574
G01 Z20.0000
G01 X191.1000Y12.4846
G01 X191.0276Y13.9580
G00 Z20.0000
G00 X190.9194Y16.1611
G01 Z20.0000
G01 X190.8929Y16.7000
G01 X190.4929Y16.7000
G01 X190.5114Y16.3239
G00 Z20.0000
G00 X190.4956Y16.3248
G01 Z20.0000
G01 X189.4886Y16.3250
G01 X189.4612Y16.3238
G01 X189.4076Y16.3194
G01 X189.3804Y16.3154
G01 X189.3573Y16.3107
G01 X189.3051Y16.2979
G01 X189.2788Y16.2898
G01 X189.2568Y16.2815
G01 X189.2072Y16.2607
G01 X189.1826Y16.2485
G01 X189.1621Y16.2369
G01 X189.1164Y16.2087
G01 X189.0939Y16.1928
G01 X189.0785Y16.1806
G01 X189.0436Y16.1508
G01 X189.0262Y16.1349
G01 X189.0070Y16.1153
G01 X188.9694Y16.0715
G01 X188.9572Y16.0561
G01 X188.9371Y16.0270
G01 X188.9071Y15.9778
G01 X188.8943Y15.9534
G01 X188.8846Y15.9320
G01 X188.8642Y15.8822
G01 X188.8554Y15.8562
G01 X188.8491Y15.8335
G01 X188.8368Y15.7812
G01 X188.8321Y15.7541
G01 X188.8295Y15.7307
G01 X188.8252Y15.6692
G01 X188.8250Y14.3425
G01 X188.8262Y14.3112
G01 X188.8299Y14.2654
G01 X188.8321Y14.2459
G01 X188.8385Y14.2111
G01 X188.8501Y14.1627
G01 X188.8554Y14.1438
G01 X188.8642Y14.1178
G01 X188.8846Y14.0680
G01 X188.8943Y14.0466
G01 X188.9071Y14.0222
G01 X188.9371Y13.9730
G01 X188.9572Y13.9439
G01 X188.9694Y13.9285
G01 X188.9992Y13.8936
G01 X189.0151Y13.8762
G01 X189.0347Y13.8570
G01 X189.0785Y13.8194
G01 X189.0939Y13.8072
G01 X189.1230Y13.7871
G01 X189.1722Y13.7571
G01 X189.1966Y13.7443
G01 X189.2180Y13.7346
G01 X189.2677Y13.7142
G01 X189.2938Y13.7054
G01 X189.3165Y13.6991
G01 X189.3688Y13.6868
G01 X189.3959Y13.6821
G01 X189.4193Y13.6795
G01 X189.4729Y13.6755
G01 X190.4825Y13.6750
G01 X190.5074Y13.6758
G01 X190.5491Y13.6787
G01 X190.5845Y13.6829
G01 X190.6429Y13.6950
G01 X190.6636Y13.7002
G01 X190.6909Y13.7087
G01 X190.7400Y13.7270
G01 X190.7662Y13.7384
G01 X190.8188Y13.7664
G01 X190.8373Y13.7772
G01 X190.8668Y13.7973
G01 X190.9030Y13.8245
G01 X190.9249Y13.8428
G01 X190.9675Y13.8845
G01 X190.9915Y13.9109
G01 X191.0277Y13.9582
G01 X191.0401Y13.9757
G01 X191.0551Y14.0000
G01 X191.0802Y14.0460
G01 X191.0925Y14.0718
G01 X191.1006Y14.0916
G01 X191.1208Y14.1477
G01 X191.1284Y14.1752
G01 X191.1395Y14.2264
G01 X191.1441Y14.2546
G01 X191.1463Y14.2759
G01 X191.1498Y14.3318
G01 X191.1500Y15.6614
G01 X191.1488Y15.6888
G01 X191.1451Y15.7346
G01 X191.1429Y15.7541
G01 X191.1382Y15.7812
G01 X191.1249Y15.8373
G01 X191.1196Y15.8562
G01 X191.1108Y15.8822
G01 X191.0857Y15.9428
G01 X191.0679Y15.9778
G01 X191.0337Y16.0336
G01 X191.0106Y16.0654
G01 X190.9758Y16.1064
G01 X190.9599Y16.1238
G01 X190.9344Y16.1482
G01 X190.8904Y16.1856
G01 X190.8586Y16.2087
G01 X190.8129Y16.2369
G01 X190.7924Y16.2485
G01 X190.7606Y16.2639
G01 X190.7146Y16.2829
G01 X190.6962Y16.2898
G01 X190.6623Y16.2999
G01 X190.6139Y16.3115
G01 X190.5946Y16.3154
G01 X190.5596Y16.3201
G01 X190.4956Y16.3248
G00 Z20.0000
G00 X190.1113Y16.3250
G01 Z20.0000
G01 X190.0929Y16.7000
G00 Z20.0000
G00 X189.6900Y16.7598
G01 Z20.0000
G01 X189.7113Y16.3250
G00 Z20.0000
G00 X189.3126Y16.2999
G01 Z20.0000
G01 X189.0618Y21.4041
G01 X188.4172Y25.7500
G01 X188.8211Y25.7500
G01 X189.4599Y21.4433
G01 X189.5000Y20.6268
G00 Z20.0000
G00 X189.5005Y20.2804
G01 Z20.0000
G01 X189.5031Y20.2510
G01 X189.5098Y20.2124
G01 X189.5203Y20.1746
G01 X189.5344Y20.1379
G01 X189.5521Y20.1029
G01 X189.5622Y20.0861
G01 X189.5848Y20.0540
G01 X189.6104Y20.0243
G01 X189.6388Y19.9972
G01 X189.6697Y19.9731
G01 X189.6861Y19.9622
G01 X189.7202Y19.9428
G01 X189.7561Y19.9269
G01 X189.7933Y19.9146
G01 X189.8316Y19.9060
G01 X189.8706Y19.9012
G01 X189.9000Y19.9000
G01 X193.0000Y19.9000
G01 X193.0294Y19.9012
G01 X193.0489Y19.9031
G01 X193.0876Y19.9098
G01 X193.1254Y19.9203
G01 X193.1620Y19.9344
G01 X193.1798Y19.9428
G01 X193.2139Y19.9622
G01 X193.2460Y19.9848
G01 X193.2757Y20.0104
G01 X193.2896Y20.0243
G01 X193.3028Y20.0388
G01 X193.3269Y20.0697
G01 X193.3479Y20.1029
G01 X193.3656Y20.1379
G01 X193.3731Y20.1561
G01 X193.3854Y20.1933
G01 X193.3902Y20.2124
G01 X193.3969Y20.2510
G01 X193.3988Y20.2706
G01 X193.4000Y20.3000
G01 X193.3999Y21.9049
G01 X193.3988Y21.9294
G01 X193.3969Y21.9490
G01 X193.3902Y21.9876
G01 X193.3797Y22.0254
G01 X193.3656Y22.0621
G01 X193.3479Y22.0971
G01 X193.3378Y22.1139
G01 X193.3152Y22.1460
G01 X193.2896Y22.1757
G01 X193.2757Y22.1896
G01 X193.2612Y22.2028
G01 X193.2303Y22.2269
G01 X193.2139Y22.2378
G01 X193.1798Y22.2572
G01 X193.1620Y22.2656
G01 X193.1254Y22.2797
G01 X193.1067Y22.2854
G01 X193.0684Y22.2940
G01 X193.0489Y22.2969
G01 X193.0147Y22.2997
G01 X189.9000Y22.3000
G01 X189.8706Y22.2988
G01 X189.8511Y22.2969
G01 X189.8124Y22.2902
G01 X189.7746Y22.2797
G01 X189.7380Y22.2656
G01 X189.7202Y22.2572
G01 X189.6861Y22.2378
G01 X189.6540Y22.2152
G01 X189.6243Y22.1896
G01 X189.6104Y22.1757
G01 X189.5972Y22.1612
G01 X189.5731Y22.1303
G01 X189.5521Y22.0971
G01 X189.5344Y22.0621
G01 X189.5269Y22.0439
G01 X189.5146Y22.0067
G01 X189.5098Y21.9876
G01 X189.5031Y21.9490
G01 X189.5012Y21.9294
G01 X189.5000Y21.9000
G01 X189.5005Y20.2804
G00 Z20.0000
G00 X189.5225Y20.1684
G01 Z20.0000
G01 X189.5827Y18.9433
G00 Z20.0000
G00 X189.9750Y19.1000
G01 Z20.0000
G01 X189.9357Y19.9000
G01 X190.3357Y19.9000
G01 X190.3750Y19.1000
G01 X190.7750Y19.1000
G01 X190.7357Y19.9000
G01 X191.1357Y19.9000
G01 X191.1750Y19.1000
G01 X191.5750Y19.1000
G01 X191.5357Y19.9000
G01 X191.9357Y19.9000
G01 X191.9750Y19.1000
G01 X192.3750Y19.1000
G01 X192.3357Y19.9000
G01 X192.7357Y19.9000
G01 X192.7750Y19.1000
G00 Z20.0000
G00 X193.1770Y19.0585
G01 Z20.0000
G01 X193.1345Y19.9236
G00 Z20.0000
G00 X192.9678Y22.3000
G01 Z20.0000
G01 X192.4561Y25.7500
G01 X192.0522Y25.7500
G01 X192.5639Y22.3000
G01 X192.1600Y22.3000
G01 X191.6483Y25.7500
G01 X191.2444Y25.7500
G01 X191.7561Y22.3000
G01 X191.3523Y22.3000
G01 X190.8405Y25.7500
G01 X190.4366Y25.7500
G01 X190.9484Y22.3000
G01 X190.5445Y22.3000
G01 X190.0327Y25.7500
G01 X189.6288Y25.7500
G01 X190.1406Y22.3000
G00 Z20.0000
G00 X189.7416Y22.2671
G01 Z20.0000
G01 X189.2249Y25.7500
G01 X188.0133Y25.7500
G01 X188.6637Y21.3649
G01 X188.9268Y16.0103
G01 X188.1327Y15.8901
G01 X187.8676Y21.2865
G01 X187.2055Y25.7500
G01 X186.8016Y25.7500
G01 X187.3235Y22.2314
G00 Z20.0000
G00 X186.9095Y22.3000
G01 Z20.0000
G01 X186.3977Y25.7500
G01 X185.9938Y25.7500
G01 X186.5056Y22.3000
G01 X186.1017Y22.3000
G01 X185.5899Y25.7500
G01 X185.1860Y25.7500
G01 X185.6978Y22.3000
G01 X185.2939Y22.3000
G01 X184.7822Y25.7500
G01 X184.3783Y25.7500
G01 X184.8900Y22.3000
G01 X184.4861Y22.3000
G01 X183.9744Y25.7500
G01 X183.5705Y25.7500
G01 X184.0822Y22.3000
G00 Z20.0000
G00 X183.6987Y22.1628
G01 Z20.0000
G01 X183.1666Y25.7500
G01 X182.7627Y25.7500
G01 X183.4888Y20.8552
G01 X183.6000Y18.5912
G00 Z20.0000
G00 X183.9751Y19.0991
G01 Z20.0000
G01 X183.9354Y19.9054
G00 Z20.0000
G00 X184.3357Y19.9000
G01 Z20.0000
G01 X184.3750Y19.1000
G01 X184.7750Y19.1000
G01 X184.7357Y19.9000
G01 X185.1357Y19.9000
G01 X185.1750Y19.1000
G01 X185.5750Y19.1000
G01 X185.5357Y19.9000
G01 X185.9357Y19.9000
G01 X185.9750Y19.1000
G01 X186.3750Y19.1000
G01 X186.3357Y19.9000
G01 X186.7357Y19.9000
G01 X186.7750Y19.1000
G00 Z20.0000
G00 X187.1754Y19.0926
G01 Z20.0000
G01 X187.1356Y19.9018
G00 Z20.0000
G00 X187.5000Y20.6268
G01 Z20.0000
G01 X187.7129Y16.2924
G00 Z20.0000
G00 X187.5206Y16.3248
G01 Z20.0000
G01 X186.5136Y16.3250
G01 X186.4862Y16.3238
G01 X186.4326Y16.3194
G01 X186.4054Y16.3154
G01 X186.3823Y16.3107
G01 X186.3301Y16.2979
G01 X186.3038Y16.2898
G01 X186.2818Y16.2815
G01 X186.2322Y16.2607
G01 X186.2076Y16.2485
G01 X186.1871Y16.2369
G01 X186.1414Y16.2087
G01 X186.1189Y16.1928
G01 X186.1035Y16.1806
G01 X186.0686Y16.1508
G01 X186.0512Y16.1349
G01 X186.0320Y16.1153
G01 X185.9944Y16.0715
G01 X185.9822Y16.0561
G01 X185.9621Y16.0270
G01 X185.9321Y15.9778
G01 X185.9193Y15.9534
G01 X185.9096Y15.9320
G01 X185.8892Y15.8822
G01 X185.8804Y15.8562
G01 X185.8741Y15.8335
G01 X185.8618Y15.7812
G01 X185.8571Y15.7541
G01 X185.8545Y15.7307
G01 X185.8502Y15.6692
G01 X185.8500Y14.3425
G01 X185.8512Y14.3112
G01 X185.8549Y14.2654
G01 X185.8571Y14.2459
G01 X185.8635Y14.2111
G01 X185.8751Y14.1627
G01 X185.8804Y14.1438
G01 X185.8892Y14.1178
G01 X185.9096Y14.0680
G01 X185.9193Y14.0466
G01 X185.9321Y14.0222
G01 X185.9621Y13.9730
G01 X185.9822Y13.9439
G01 X185.9944Y13.9285
G01 X186.0242Y13.8936
G01 X186.0401Y13.8762
G01 X186.0597Y13.8570
G01 X186.1035Y13.8194
G01 X186.1189Y13.8072
G01 X186.1480Y13.7871
G01 X186.1972Y13.7571
G01 X186.2216Y13.7443
G01 X186.2430Y13.7346
G01 X186.2927Y13.7142
G01 X186.3188Y13.7054
G01 X186.3415Y13.6991
G01 X186.3938Y13.6868
G01 X186.4209Y13.6821
G01 X186.4443Y13.6795
G01 X186.4979Y13.6755
G01 X187.5075Y13.6750
G01 X187.5324Y13.6758
G01 X187.5741Y13.6787
G01 X187.6095Y13.6829
G01 X187.6679Y13.6950
G01 X187.6886Y13.7002
G01 X187.7159Y13.7087
G01 X187.7650Y13.7270
G01 X187.7912Y13.7384
G01 X187.8438Y13.7664
G01 X187.8623Y13.7772
G01 X187.8918Y13.7973
G01 X187.9280Y13.8245
G01 X187.9499Y13.8428
G01 X187.9925Y13.8845
G01 X188.0165Y13.9109
G01 X188.0527Y13.9582
G01 X188.0651Y13.9757
G01 X188.0801Y14.0000
G01 X188.1052Y14.0460
G01 X188.1175Y14.0718
G01 X188.1256Y14.0916
G01 X188.1458Y14.1477
G01 X188.1534Y14.1752
G01 X188.1645Y14.2264
G01 X188.1691Y14.2546
G01 X188.1713Y14.2759
G01 X188.1748Y14.3318
G01 X188.1750Y15.6614
G01 X188.1738Y15.6888
G01 X188.1701Y15.7346
G01 X188.1679Y15.7541
G01 X188.1632Y15.7812
G01 X188.1499Y15.8373
G01 X188.1446Y15.8562
G01 X188.1358Y15.8822
G01 X188.1107Y15.9428
G01 X188.0929Y15.9778
G01 X188.0587Y16.0336
G01 X188.0356Y16.0654
G01 X188.0008Y16.1064
G01 X187.9849Y16.1238
G01 X187.9594Y16.1482
G01 X187.9154Y16.1856
G01 X187.8836Y16.2087
G01 X187.8379Y16.2369
G01 X187.8174Y16.2485
G01 X187.7856Y16.2639
G01 X187.7396Y16.2829
G01 X187.7212Y16.2898
G01 X187.6873Y16.2999
G01 X187.6389Y16.3115
G01 X187.6196Y16.3154
G01 X187.5846Y16.3201
G01 X187.5206Y16.3248
G00 Z20.0000
G00 X187.3113Y16.3250
G01 Z20.0000
G01 X187.2905Y16.7486
G00 Z20.0000
G00 X186.8929Y16.7000
G01 Z20.0000
G01 X186.9113Y16.3250
G00 Z20.0000
G00 X186.5113Y16.3249
G01 Z20.0000
G01 X186.4929Y16.7000
G01 X186.0929Y16.7000
G01 X186.1179Y16.1920
G01 X185.6929Y16.7000
G01 X185.9000Y12.4846
G01 X185.7699Y9.8370
G00 Z20.0000
G00 X185.3837Y10.1179
G01 Z20.0000
G01 X185.5000Y12.4846
G01 X185.2929Y16.7000
G01 X184.8929Y16.7000
G01 X185.1000Y12.4846
G01 X184.9906Y10.2573
G00 Z20.0000
G00 X184.5922Y10.2900
G01 Z20.0000
G01 X184.7000Y12.4846
G01 X184.4929Y16.7000
G01 X184.0929Y16.7000
G01 X184.3000Y12.4846
G01 X184.1922Y10.2900
G01 X183.7922Y10.2900
G01 X183.9000Y12.4846
G01 X183.6854Y16.8532
G00 Z20.0000
G00 X183.6005Y17.0804
G01 Z20.0000
G01 X183.6031Y17.0510
G01 X183.6098Y17.0124
G01 X183.6203Y16.9746
G01 X183.6344Y16.9379
G01 X183.6521Y16.9029
G01 X183.6622Y16.8861
G01 X183.6848Y16.8540
G01 X183.7104Y16.8243
G01 X183.7388Y16.7972
G01 X183.7697Y16.7731
G01 X183.7861Y16.7622
G01 X183.8202Y16.7428
G01 X183.8561Y16.7269
G01 X183.8933Y16.7146
G01 X183.9316Y16.7060
G01 X183.9706Y16.7012
G01 X184.0000Y16.7000
G01 X187.1000Y16.7000
G01 X187.1294Y16.7012
G01 X187.1489Y16.7031
G01 X187.1876Y16.7098
G01 X187.2254Y16.7203
G01 X187.2620Y16.7344
G01 X187.2798Y16.7428
G01 X187.3139Y16.7622
G01 X187.3460Y16.7848
G01 X187.3757Y16.8104
G01 X187.3896Y16.8243
G01 X187.4028Y16.8388
G01 X187.4269Y16.8697
G01 X187.4479Y16.9029
G01 X187.4656Y16.9379
G01 X187.4731Y16.9561
G01 X187.4854Y16.9933
G01 X187.4902Y17.0124
G01 X187.4969Y17.0510
G01 X187.4988Y17.0706
G01 X187.5000Y17.1000
G01 X187.4999Y18.7049
G01 X187.4988Y18.7294
G01 X187.4969Y18.7490
G01 X187.4902Y18.7876
G01 X187.4797Y18.8254
G01 X187.4656Y18.8621
G01 X187.4479Y18.8971
G01 X187.4378Y18.9139
G01 X187.4152Y18.9460
G01 X187.3896Y18.9757
G01 X187.3757Y18.9896
G01 X187.3612Y19.0028
G01 X187.3303Y19.0269
G01 X187.3139Y19.0378
G01 X187.2798Y19.0572
G01 X187.2620Y19.0656
G01 X187.2254Y19.0797
G01 X187.2067Y19.0854
G01 X187.1684Y19.0940
G01 X187.1489Y19.0969
G01 X187.1147Y19.0997
G01 X184.0000Y19.1000
G01 X183.9706Y19.0988
G01 X183.9511Y19.0969
G01 X183.9124Y19.0902
G01 X183.8746Y19.0797
G01 X183.8380Y19.0656
G01 X183.8202Y19.0572
G01 X183.7861Y19.0378
G01 X183.7540Y19.0152
G01 X183.7243Y18.9896
G01 X183.7104Y18.9757
G01 X183.6972Y18.9612
G01 X183.6731Y18.9303
G01 X183.6521Y18.8971
G01 X183.6344Y18.8621
G01 X183.6269Y18.8439
G01 X183.6146Y18.8067
G01 X183.6098Y18.7876
G01 X183.6031Y18.7490
G01 X183.6012Y18.7294
G01 X183.6000Y18.7000
G01 X183.6005Y17.0804
G00 Z20.0000
G00 X183.6005Y20.2804
G01 Z20.0000
G01 X183.6031Y20.2510
G01 X183.6098Y20.2124
G01 X183.6203Y20.1746
G01 X183.6344Y20.1379
G01 X183.6521Y20.1029
G01 X183.6622Y20.0861
G01 X183.6848Y20.0540
G01 X183.7104Y20.0243
G01 X183.7388Y19.9972
G01 X183.7697Y19.9731
G01 X183.7861Y19.9622
G01 X183.8202Y19.9428
G01 X183.8561Y19.9269
G01 X183.8933Y19.9146
G01 X183.9316Y19.9060
G01 X183.9706Y19.9012
G01 X184.0000Y19.9000
G01 X187.1000Y19.9000
G01 X187.1294Y19.9012
G01 X187.1489Y19.9031
G01 X187.1876Y19.9098
G01 X187.2254Y19.9203
G01 X187.2620Y19.9344
G01 X187.2798Y19.9428
G01 X187.3139Y19.9622
G01 X187.3460Y19.9848
G01 X187.3757Y20.0104
G01 X187.3896Y20.0243
G01 X187.4028Y20.0388
G01 X187.4269Y20.0697
G01 X187.4479Y20.1029
G01 X187.4656Y20.1379
G01 X187.4731Y20.1561
G01 X187.4854Y20.1933
G01 X187.4902Y20.2124
G01 X187.4969Y20.2510
G01 X187.4988Y20.2706
G01 X187.5000Y20.3000
G01 X187.4999Y21.9049
G01 X187.4988Y21.9294
G01 X187.4969Y21.9490
G01 X187.4902Y21.9876
G01 X187.4797Y22.0254
G01 X187.4656Y22.0621
G01 X187.4479Y22.0971
G01 X187.4378Y22.1139
G01 X187.4152Y22.1460
G01 X187.3896Y22.1757
G01 X187.3757Y22.1896
G01 X187.3612Y22.2028
G01 X187.3303Y22.2269
G01 X187.3139Y22.2378
G01 X187.2798Y22.2572
G01 X187.2620Y22.2656
G01 X187.2254Y22.2797
G01 X187.2067Y22.2854
G01 X187.1684Y22.2940
G01 X187.1489Y22.2969
G01 X187.1147Y22.2997
G01 X184.0000Y22.3000
G01 X183.9706Y22.2988
G01 X183.9511Y22.2969
G01 X183.9124Y22.2902
G01 X183.8746Y22.2797
G01 X183.8380Y22.2656
G01 X183.8202Y22.2572
G01 X183.7861Y22.2378
G01 X183.7540Y22.2152
G01 X183.7243Y22.1896
G01 X183.7104Y22.1757
G01 X183.6972Y22.1612
G01 X183.6731Y22.1303
G01 X183.6521Y22.0971
G01 X183.6344Y22.0621
G01 X183.6269Y22.0439
G01 X183.6146Y22.0067
G01 X183.6098Y21.9876
G01 X183.6031Y21.9490
G01 X183.6012Y21.9294
G01 X183.6000Y21.9000
G01 X183.6005Y20.2804
G00 Z20.0000
G00 X182.3588Y25.7500
G01 Z20.0000
G01 X183.0907Y20.8160
G01 X183.5000Y12.4846
G01 X183.3922Y10.2898
G00 Z20.0000
G00 X182.9894Y10.2323
G01 Z20.0000
G01 X183.1000Y12.4846
G01 X182.6926Y20.7768
G01 X181.9549Y25.7500
G01 X181.5510Y25.7500
G01 X182.2946Y20.7376
G01 X182.7000Y12.4846
G01 X182.5805Y10.0513
G00 Z20.0000
G00 X182.1614Y9.6628
G01 Z20.0000
G01 X182.3000Y12.4846
G01 X181.8965Y20.6984
G01 X181.1471Y25.7500
G00 Z20.0000
G00 X187.6094Y25.7500
G01 Z20.0000
G01 X188.2657Y21.3257
G01 X188.7000Y12.4846
G01 X188.7000Y12.4846
G01 X188.2657Y3.6434
G01 X187.5991Y-0.8500
G01 X187.1952Y-0.8500
G01 X187.8676Y3.6826
G01 X188.3000Y12.4846
G01 X188.1750Y15.0290
G01 X189.5005Y17.0804
G01 X189.5031Y17.0510
G01 X189.5098Y17.0124
G01 X189.5203Y16.9746
G01 X189.5344Y16.9379
G01 X189.5521Y16.9029
G01 X189.5622Y16.8861
G01 X189.5848Y16.8540
G01 X189.6104Y16.8243
G01 X189.6388Y16.7972
G01 X189.6697Y16.7731
G01 X189.6861Y16.7622
G01 X189.7202Y16.7428
G01 X189.7561Y16.7269
G01 X189.7933Y16.7146
G01 X189.8316Y16.7060
G01 X189.8706Y16.7012
G01 X189.9000Y16.7000
G01 X193.0049Y16.7001
G01 X193.0294Y16.7012
G01 X193.0684Y16.7060
G01 X193.1067Y16.7146
G01 X193.1254Y16.7203
G01 X193.1620Y16.7344
G01 X193.1798Y16.7428
G01 X193.2139Y16.7622
G01 X193.2303Y16.7731
G01 X193.2612Y16.7972
G01 X193.2896Y16.8243
G01 X193.3028Y16.8388
G01 X193.3269Y16.8697
G01 X193.3479Y16.9029
G01 X193.3656Y16.9379
G01 X193.3797Y16.9746
G01 X193.3902Y17.0124
G01 X193.3969Y17.0510
G01 X193.3988Y17.0706
G01 X193.4000Y17.1000
G01 X193.3999Y18.7049
G01 X193.3988Y18.7294
G01 X193.3969Y18.7490
G01 X193.3902Y18.7876
G01 X193.3797Y18.8254
G01 X193.3656Y18.8621
G01 X193.3479Y18.8971
G01 X193.3378Y18.9139
G01 X193.3152Y18.9460
G01 X193.2896Y18.9757
G01 X193.2757Y18.9896
G01 X193.2612Y19.0028
G01 X193.2303Y19.0269
G01 X193.2139Y19.0378
G01 X193.1798Y19.0572
G01 X193.1620Y19.0656
G01 X193.1254Y19.0797
G01 X193.1067Y19.0854
G01 X193.0684Y19.0940
G01 X193.0489Y19.0969
G01 X193.0147Y19.0997
G01 X189.9000Y19.1000
G01 X189.8706Y19.0988
G01 X189.8511Y19.0969
G01 X189.8124Y19.0902
G01 X189.7746Y19.0797
G01 X189.7380Y19.0656
G01 X189.7202Y19.0572
G01 X189.6861Y19.0378
G01 X189.6540Y19.0152
G01 X189.6243Y18.9896
G01 X189.6104Y18.9757
G01 X189.5972Y18.9612
G01 X189.5731Y18.9303
G01 X189.5521Y18.8971
G01 X189.5344Y18.8621
G01 X189.5269Y18.8439
G01 X189.5146Y18.8067
G01 X189.5098Y18.7876
G01 X189.5031Y18.7490
G01 X189.5012Y18.7294
G01 X189.5000Y18.7000
G01 X189.5005Y17.0804
G00 Z20.0000
G00 X195.5000Y12.4846
G01 Z20.0000
G01 X195.0870Y4.0771
G00 Z20.0000
G00 X195.0389Y3.0986
G01 Z20.0000
G01 X195.0329Y2.9769
G01 X194.4652Y-0.8500
G01 X194.8691Y-0.8500
G01 X195.4310Y2.9377
G01 X195.9000Y12.4846
G01 X195.9000Y12.4846
G01 X195.9000Y12.4846
G01 X195.4310Y22.0314
G01 X194.8794Y25.7500
G01 X194.4755Y25.7500
G01 X195.0329Y21.9922
G01 X195.5000Y12.4846
G01 X196.3000Y12.4846
G01 X195.8291Y2.8985
G01 X195.2730Y-0.8500
G01 X195.6769Y-0.8500
G01 X196.2271Y2.8593
G01 X196.7000Y12.4846
G01 X196.2271Y22.1099
G01 X195.6872Y25.7500
G01 X196.0911Y25.7500
G01 X196.6252Y22.1491
G01 X197.1000Y12.4846
G01 X197.1000Y12.4846
G01 X197.1000Y12.4846
G01 X196.6252Y2.8201
G01 X196.0808Y-0.8500
G01 X196.4847Y-0.8500
G01 X197.0233Y2.7809
G01 X197.3450Y9.3295
G01 X196.3000Y12.4846
G01 X195.8291Y22.0707
G01 X195.2833Y25.7500
G01 X196.4950Y25.7500
G01 X197.0233Y22.1883
G01 X197.3450Y15.6397
G00 Z20.0000
G00 X197.3450Y22.7423
G01 Z20.0000
G01 X196.8988Y25.7500
G01 X197.3027Y25.7500
G01 X197.3450Y25.4651
G00 Z20.0000
G00 X194.5493Y2.4398
G01 Z20.0000
G01 X194.0614Y-0.8500
G01 X193.6575Y-0.8500
G01 X194.1098Y2.1994
G00 Z20.0000
G00 X193.6933Y2.1143
G01 Z20.0000
G01 X193.2536Y-0.8500
G01 X192.8497Y-0.8500
G01 X193.2888Y2.1100
G01 X192.8849Y2.1100
G01 X192.4458Y-0.8500
G01 X192.0419Y-0.8500
G01 X192.4810Y2.1100
G00 Z20.0000
G00 X192.3152Y2.1101
G01 Z20.0000
G01 X193.6024Y2.1101
G01 X193.7273Y2.1160
G01 X193.7518Y2.1180
G01 X193.8780Y2.1364
G01 X193.9118Y2.1430
G01 X194.0260Y2.1715
G01 X194.0496Y2.1782
G01 X194.1836Y2.2262
G01 X194.2061Y2.2359
G01 X194.3213Y2.2908
G01 X194.3427Y2.3027
G01 X194.4395Y2.3607
G01 X194.4722Y2.3825
G01 X194.5667Y2.4527
G01 X194.5932Y2.4747
G01 X194.6768Y2.5504
G01 X194.6944Y2.5675
G01 X194.7900Y2.6729
G01 X194.8052Y2.6922
G01 X194.8810Y2.7948
G01 X194.8943Y2.8155
G01 X194.9596Y2.9250
G01 X194.9708Y2.9469
G01 X195.0251Y3.0623
G01 X195.0341Y3.0852
G01 X195.0768Y3.2054
G01 X195.0835Y3.2290
G01 X195.1142Y3.3528
G01 X195.1186Y3.3770
G01 X195.1370Y3.5032
G01 X195.1390Y3.5277
G01 X195.1449Y3.6551
G01 X195.1445Y3.6796
G01 X195.1380Y3.8070
G01 X195.1351Y3.8314
G01 X195.1161Y3.9576
G01 X195.1109Y3.9815
G01 X195.0796Y4.1052
G01 X195.0721Y4.1286
G01 X195.0288Y4.2486
G01 X195.0191Y4.2711
G01 X194.9642Y4.3863
G01 X194.9523Y4.4077
G01 X194.8865Y4.5170
G01 X194.8725Y4.5372
G01 X194.7962Y4.6395
G01 X194.7803Y4.6582
G01 X194.6944Y4.7525
G01 X194.6768Y4.7696
G01 X194.5821Y4.8550
G01 X194.5628Y4.8702
G01 X194.4722Y4.9375
G01 X194.4395Y4.9593
G01 X194.3427Y5.0173
G01 X194.3213Y5.0292
G01 X194.1927Y5.0901
G01 X194.1698Y5.0991
G01 X194.0636Y5.1371
G01 X194.0260Y5.1485
G01 X193.9165Y5.1759
G01 X193.8926Y5.1811
G01 X193.7664Y5.2001
G01 X193.7273Y5.2040
G01 X193.5950Y5.2100
G01 X192.3250Y5.2100
G01 X192.1927Y5.2040
G01 X192.1536Y5.2001
G01 X192.0274Y5.1811
G01 X192.0035Y5.1759
G01 X191.8798Y5.1446
G01 X191.8564Y5.1371
G01 X191.7364Y5.0938
G01 X191.7139Y5.0841
G01 X191.5987Y5.0292
G01 X191.5773Y5.0173
G01 X191.4680Y4.9515
G01 X191.4478Y4.9375
G01 X191.3455Y4.8612
G01 X191.3268Y4.8453
G01 X191.2325Y4.7594
G01 X191.2154Y4.7418
G01 X191.1300Y4.6471
G01 X191.1148Y4.6278
G01 X191.0475Y4.5372
G01 X191.0257Y4.5045
G01 X190.9677Y4.4077
G01 X190.9558Y4.3863
G01 X190.8949Y4.2577
G01 X190.8859Y4.2348
G01 X190.8479Y4.1286
G01 X190.8365Y4.0910
G01 X190.8058Y3.9672
G01 X190.8014Y3.9430
G01 X190.7849Y3.8314
G01 X190.7810Y3.7923
G01 X190.7755Y3.6796
G01 X190.7751Y3.6551
G01 X190.7810Y3.5277
G01 X190.7849Y3.4886
G01 X190.8014Y3.3770
G01 X190.8058Y3.3528
G01 X190.8378Y3.2242
G01 X190.8479Y3.1914
G01 X190.8859Y3.0852
G01 X190.9009Y3.0489
G01 X190.9558Y2.9337
G01 X190.9677Y2.9123
G01 X191.0257Y2.8155
G01 X191.0475Y2.7828
G01 X191.1148Y2.6922
G01 X191.1300Y2.6729
G01 X191.2256Y2.5675
G01 X191.2432Y2.5504
G01 X191.3268Y2.4747
G01 X191.3572Y2.4498
G01 X191.4478Y2.3825
G01 X191.4680Y2.3685
G01 X191.5900Y2.2954
G01 X191.6119Y2.2842
G01 X191.7139Y2.2359
G01 X191.7502Y2.2209
G01 X191.8704Y2.1782
G01 X191.8940Y2.1715
G01 X192.0035Y2.1441
G01 X192.0420Y2.1364
G01 X192.1536Y2.1199
G01 X192.1780Y2.1170
G01 X192.3152Y2.1101
G00 Z20.0000
G00 X192.0802Y2.1308
G01 Z20.0000
G01 X191.6380Y-0.8500
G01 X191.2341Y-0.8500
G01 X191.6933Y2.2457
G00 Z20.0000
G00 X191.3238Y2.4774
G01 Z20.0000
G01 X190.8302Y-0.8500
G01 X190.4264Y-0.8500
G01 X190.9811Y2.8899
G00 Z20.0000
G00 X197.3450Y2.2269
G01 Z20.0000
G01 X196.8886Y-0.8500
G01 X197.2925Y-0.8500
G01 X197.3450Y-0.4959
G00 Z20.0000
G00 X168.0499Y11.9902
G01 Z20.0000
G01 X168.0495Y12.0196
G01 X168.0405Y12.1961
G01 X168.0377Y12.2204
G01 X168.0115Y12.3951
G01 X168.0063Y12.4191
G01 X167.9631Y12.5904
G01 X167.9556Y12.6137
G01 X167.8958Y12.7799
G01 X167.8860Y12.8024
G01 X167.8102Y12.9620
G01 X167.7983Y12.9834
G01 X167.7072Y13.1348
G01 X167.6932Y13.1550
G01 X167.5877Y13.2967
G01 X167.5718Y13.3154
G01 X167.4530Y13.4461
G01 X167.4353Y13.4631
G01 X167.3043Y13.5815
G01 X167.2850Y13.5968
G01 X167.1430Y13.7017
G01 X167.1223Y13.7150
G01 X166.9707Y13.8056
G01 X166.9488Y13.8168
G01 X166.7890Y13.8920
G01 X166.7662Y13.9010
G01 X166.5998Y13.9602
G01 X166.5762Y13.9670
G01 X166.4047Y14.0096
G01 X166.3806Y14.0140
G01 X166.2058Y14.0396
G01 X166.1814Y14.0416
G01 X166.0049Y14.0499
G01 X165.9804Y14.0495
G01 X165.8040Y14.0405
G01 X165.7796Y14.0377
G01 X165.6049Y14.0115
G01 X165.5809Y14.0063
G01 X165.4096Y13.9631
G01 X165.3863Y13.9556
G01 X165.2201Y13.8958
G01 X165.1976Y13.8860
G01 X165.0380Y13.8102
G01 X165.0166Y13.7983
G01 X164.8652Y13.7072
G01 X164.8450Y13.6932
G01 X164.7033Y13.5877
G01 X164.6846Y13.5718
G01 X164.5539Y13.4530
G01 X164.5369Y13.4353
G01 X164.4185Y13.3043
G01 X164.4032Y13.2850
G01 X164.2983Y13.1430
G01 X164.2850Y13.1223
G01 X164.1944Y12.9707
G01 X164.1832Y12.9488
G01 X164.1080Y12.7890
G01 X164.0990Y12.7662
G01 X164.0398Y12.5998
G01 X164.0330Y12.5762
G01 X163.9904Y12.4047
G01 X163.9860Y12.3806
G01 X163.9604Y12.2058
G01 X163.9584Y12.1814
G01 X163.9501Y12.0049
G01 X163.9505Y11.9804
G01 X163.9595Y11.8039
G01 X163.9623Y11.7796
G01 X163.9885Y11.6049
G01 X163.9937Y11.5809
G01 X164.0369Y11.4096
G01 X164.0444Y11.3863
G01 X164.1042Y11.2201
G01 X164.1140Y11.1976
G01 X164.1898Y11.0380
G01 X164.2017Y11.0166
G01 X164.2928Y10.8652
G01 X164.3068Y10.8450
G01 X164.4123Y10.7033
G01 X164.4282Y10.6846
G01 X164.5470Y10.5539
G01 X164.5647Y10.5369
G01 X164.6957Y10.4185
G01 X164.7150Y10.4032
G01 X164.8570Y10.2983
G01 X164.8777Y10.2850
G01 X165.0293Y10.1944
G01 X165.0512Y10.1832
G01 X165.2110Y10.1080
G01 X165.2338Y10.0990
G01 X165.4002Y10.0398
G01 X165.4238Y10.0330
G01 X165.5953Y9.9904
G01 X165.6194Y9.9860
G01 X165.7942Y9.9604
G01 X165.8186Y9.9584
G01 X165.9951Y9.9501
G01 X166.0196Y9.9505
G01 X166.1960Y9.9595
G01 X166.2204Y9.9623
G01 X166.3951Y9.9885
G01 X166.4191Y9.9937
G01 X166.5904Y10.0369
G01 X166.6137Y10.0444
G01 X166.7799Y10.1042
G01 X166.8024Y10.1140
G01 X166.9620Y10.1898
G01 X166.9834Y10.2017
G01 X167.1348Y10.2928
G01 X167.1550Y10.3068
G01 X167.2967Y10.4123
G01 X167.3154Y10.4282
G01 X167.4461Y10.5470
G01 X167.4631Y10.5647
G01 X167.5815Y10.6957
G01 X167.5968Y10.7150
G01 X167.7017Y10.8570
G01 X167.7150Y10.8777
G01 X167.8056Y11.0293
G01 X167.8168Y11.0512
G01 X167.8920Y11.2110
G01 X167.9010Y11.2338
G01 X167.9602Y11.4002
G01 X167.9670Y11.4238
G01 X168.0096Y11.5953
G01 X168.0140Y11.6194
G01 X168.0396Y11.7942
G01 X168.0416Y11.8186
G01 X168.0499Y11.9902
G00 Z20.0000
G00 X159.1000Y12.4846
G01 Z20.0000
G01 X158.8082Y6.5447
G01 X157.9356Y0.6621
G01 X157.5568Y-0.8500
G00 Z20.0000
G00 X144.1170Y16.2091
G01 Z20.0000
G01 X144.0795Y16.9738
G01 X143.4200Y21.4197
G01 X142.3353Y25.7500
G01 X143.5709Y25.7500
G01 X144.5116Y21.9945
G00 Z20.0000
G00 X144.8478Y22.2964
G01 Z20.0000
G01 X143.9827Y25.7500
G01 X144.3946Y25.7500
G01 X145.2588Y22.3000
G01 X145.6706Y22.3000
G01 X144.8065Y25.7500
G01 X145.2183Y25.7500
G01 X146.0825Y22.3000
G01 X146.4944Y22.3000
G01 X145.6302Y25.7500
G01 X146.0420Y25.7500
G01 X146.9062Y22.3000
G01 X147.3181Y22.3000
G01 X146.4539Y25.7500
G01 X146.8658Y25.7500
G01 X147.7299Y22.3000
G00 Z20.0000
G00 X148.1398Y22.2745
G01 Z20.0000
G01 X148.1277Y22.3561
G01 X147.2776Y25.7500
G00 Z20.0000
G00 X144.5005Y20.2804
G01 Z20.0000
G01 X144.5031Y20.2510
G01 X144.5098Y20.2124
G01 X144.5203Y20.1746
G01 X144.5344Y20.1379
G01 X144.5521Y20.1029
G01 X144.5622Y20.0861
G01 X144.5848Y20.0540
G01 X144.6104Y20.0243
G01 X144.6388Y19.9972
G01 X144.6697Y19.9731
G01 X144.6861Y19.9622
G01 X144.7202Y19.9428
G01 X144.7561Y19.9269
G01 X144.7933Y19.9146
G01 X144.8316Y19.9060
G01 X144.8706Y19.9012
G01 X144.9000Y19.9000
G01 X148.0000Y19.9000
G01 X148.0294Y19.9012
G01 X148.0489Y19.9031
G01 X148.0876Y19.9098
G01 X148.1254Y19.9203
G01 X148.1620Y19.9344
G01 X148.1798Y19.9428
G01 X148.2139Y19.9622
G01 X148.2460Y19.9848
G01 X148.2757Y20.0104
G01 X148.2896Y20.0243
G01 X148.3028Y20.0388
G01 X148.3269Y20.0697
G01 X148.3479Y20.1029
G01 X148.3656Y20.1379
G01 X148.3731Y20.1561
G01 X148.3854Y20.1933
G01 X148.3902Y20.2124
G01 X148.3969Y20.2510
G01 X148.3988Y20.2706
G01 X148.4000Y20.3000
G01 X148.3999Y21.9049
G01 X148.3988Y21.9294
G01 X148.3969Y21.9490
G01 X148.3902Y21.9876
G01 X148.3797Y22.0254
G01 X148.3656Y22.0621
G01 X148.3479Y22.0971
G01 X148.3378Y22.1139
G01 X148.3152Y22.1460
G01 X148.2896Y22.1757
G01 X148.2757Y22.1896
G01 X148.2612Y22.2028
G01 X148.2303Y22.2269
G01 X148.2139Y22.2378
G01 X148.1798Y22.2572
G01 X148.1620Y22.2656
G01 X148.1254Y22.2797
G01 X148.1067Y22.2854
G01 X148.0684Y22.2940
G01 X148.0489Y22.2969
G01 X148.0147Y22.2997
G01 X144.9000Y22.3000
G01 X144.8706Y22.2988
G01 X144.8511Y22.2969
G01 X144.8124Y22.2902
G01 X144.7746Y22.2797
G01 X144.7380Y22.2656
G01 X144.7202Y22.2572
G01 X144.6861Y22.2378
G01 X144.6540Y22.2152
G01 X144.6243Y22.1896
G01 X144.6104Y22.1757
G01 X144.5972Y22.1612
G01 X144.5731Y22.1303
G01 X144.5521Y22.0971
G01 X144.5344Y22.0621
G01 X144.5269Y22.0439
G01 X144.5146Y22.0067
G01 X144.5098Y21.9876
G01 X144.5031Y21.9490
G01 X144.5012Y21.9294
G01 X144.5000Y21.9000
G01 X144.5005Y20.2804
G00 Z20.0000
G00 X144.5005Y17.0804
G01 Z20.0000
G01 X144.5031Y17.0510
G01 X144.5098Y17.0124
G01 X144.5203Y16.9746
G01 X144.5344Y16.9379
G01 X144.5521Y16.9029
G01 X144.5622Y16.8861
G01 X144.5848Y16.8540
G01 X144.6104Y16.8243
G01 X144.6388Y16.7972
G01 X144.6697Y16.7731
G01 X144.6861Y16.7622
G01 X144.7202Y16.7428
G01 X144.7561Y16.7269
G01 X144.7933Y16.7146
G01 X144.8316Y16.7060
G01 X144.8706Y16.7012
G01 X144.9000Y16.7000
G01 X148.0000Y16.7000
G01 X148.0294Y16.7012
G01 X148.0489Y16.7031
G01 X148.0876Y16.7098
G01 X148.1254Y16.7203
G01 X148.1620Y16.7344
G01 X148.1798Y16.7428
G01 X148.2139Y16.7622
G01 X148.2460Y16.7848
G01 X148.2757Y16.8104
G01 X148.2896Y16.8243
G01 X148.3028Y16.8388
G01 X148.3269Y16.8697
G01 X148.3479Y16.9029
G01 X148.3656Y16.9379
G01 X148.3731Y16.9561
G01 X148.3854Y16.9933
G01 X148.3902Y17.0124
G01 X148.3969Y17.0510
G01 X148.3988Y17.0706
G01 X148.4000Y17.1000
G01 X148.3999Y18.7049
G01 X148.3988Y18.7294
G01 X148.3969Y18.7490
G01 X148.3902Y18.7876
G01 X148.3797Y18.8254
G01 X148.3656Y18.8621
G01 X148.3479Y18.8971
G01 X148.3378Y18.9139
G01 X148.3152Y18.9460
G01 X148.2896Y18.9757
G01 X148.2757Y18.9896
G01 X148.2612Y19.0028
G01 X148.2303Y19.0269
G01 X148.2139Y19.0378
G01 X148.1798Y19.0572
G01 X148.1620Y19.0656
G01 X148.1254Y19.0797
G01 X148.1067Y19.0854
G01 X148.0684Y19.0940
G01 X148.0489Y19.0969
G01 X148.0147Y19.0997
G01 X144.9000Y19.1000
G01 X144.8706Y19.0988
G01 X144.8511Y19.0969
G01 X144.8124Y19.0902
G01 X144.7746Y19.0797
G01 X144.7380Y19.0656
G01 X144.7202Y19.0572
G01 X144.6861Y19.0378
G01 X144.6540Y19.0152
G01 X144.6243Y18.9896
G01 X144.6104Y18.9757
G01 X144.5972Y18.9612
G01 X144.5731Y18.9303
G01 X144.5521Y18.8971
G01 X144.5344Y18.8621
G01 X144.5269Y18.8439
G01 X144.5146Y18.8067
G01 X144.5098Y18.7876
G01 X144.5031Y18.7490
G01 X144.5012Y18.7294
G01 X144.5000Y18.7000
G01 X144.5005Y17.0804
G00 Z20.0000
G00 X138.6005Y17.0804
G01 Z20.0000
G01 X138.6031Y17.0510
G01 X138.6098Y17.0124
G01 X138.6203Y16.9746
G01 X138.6344Y16.9379
G01 X138.6521Y16.9029
G01 X138.6622Y16.8861
G01 X138.6848Y16.8540
G01 X138.7104Y16.8243
G01 X138.7388Y16.7972
G01 X138.7697Y16.7731
G01 X138.7861Y16.7622
G01 X138.8202Y16.7428
G01 X138.8561Y16.7269
G01 X138.8933Y16.7146
G01 X138.9316Y16.7060
G01 X138.9706Y16.7012
G01 X139.0000Y16.7000
G01 X142.1000Y16.7000
G01 X142.1294Y16.7012
G01 X142.1489Y16.7031
G01 X142.1876Y16.7098
G01 X142.2254Y16.7203
G01 X142.2620Y16.7344
G01 X142.2798Y16.7428
G01 X142.3139Y16.7622
G01 X142.3460Y16.7848
G01 X142.3757Y16.8104
G01 X142.3896Y16.8243
G01 X142.4028Y16.8388
G01 X142.4269Y16.8697
G01 X142.4479Y16.9029
G01 X142.4656Y16.9379
G01 X142.4731Y16.9561
G01 X142.4854Y16.9933
G01 X142.4902Y17.0124
G01 X142.4969Y17.0510
G01 X142.4988Y17.0706
G01 X142.5000Y17.1000
G01 X142.4999Y18.7049
G01 X142.4988Y18.7294
G01 X142.4969Y18.7490
G01 X142.4902Y18.7876
G01 X142.4797Y18.8254
G01 X142.4656Y18.8621
G01 X142.4479Y18.8971
G01 X142.4378Y18.9139
G01 X142.4152Y18.9460
G01 X142.3896Y18.9757
G01 X142.3757Y18.9896
G01 X142.3612Y19.0028
G01 X142.3303Y19.0269
G01 X142.3139Y19.0378
G01 X142.2798Y19.0572
G01 X142.2620Y19.0656
G01 X142.2254Y19.0797
G01 X142.2067Y19.0854
G01 X142.1684Y19.0940
G01 X142.1489Y19.0969
G01 X142.1147Y19.0997
G01 X139.0000Y19.1000
G01 X138.9706Y19.0988
G01 X138.9511Y19.0969
G01 X138.9124Y19.0902
G01 X138.8746Y19.0797
G01 X138.8380Y19.0656
G01 X138.8202Y19.0572
G01 X138.7861Y19.0378
G01 X138.7540Y19.0152
G01 X138.7243Y18.9896
G01 X138.7104Y18.9757
G01 X138.6972Y18.9612
G01 X138.6731Y18.9303
G01 X138.6521Y18.8971
G01 X138.6344Y18.8621
G01 X138.6269Y18.8439
G01 X138.6146Y18.8067
G01 X138.6098Y18.7876
G01 X138.6031Y18.7490
G01 X138.6012Y18.7294
G01 X138.6000Y18.7000
G01 X138.6005Y17.0804
G00 Z20.0000
G00 X123.0499Y11.9902
G01 Z20.0000
G01 X123.0495Y12.0196
G01 X123.0405Y12.1961
G01 X123.0377Y12.2204
G01 X123.0115Y12.3951
G01 X123.0063Y12.4191
G01 X122.9631Y12.5904
G01 X122.9556Y12.6137
G01 X122.8958Y12.7799
G01 X122.8860Y12.8024
G01 X122.8102Y12.9620
G01 X122.7983Y12.9834
G01 X122.7072Y13.1348
G01 X122.6932Y13.1550
G01 X122.5877Y13.2967
G01 X122.5718Y13.3154
G01 X122.4530Y13.4461
G01 X122.4353Y13.4631
G01 X122.3043Y13.5815
G01 X122.2850Y13.5968
G01 X122.1430Y13.7017
G01 X122.1223Y13.7150
G01 X121.9707Y13.8056
G01 X121.9488Y13.8168
G01 X121.7890Y13.8920
G01 X121.7662Y13.9010
G01 X121.5998Y13.9602
G01 X121.5762Y13.9670
G01 X121.4047Y14.0096
G01 X121.3806Y14.0140
G01 X121.2058Y14.0396
G01 X121.1814Y14.0416
G01 X121.0049Y14.0499
G01 X120.9804Y14.0495
G01 X120.8040Y14.0405
G01 X120.7796Y14.0377
G01 X120.6049Y14.0115
G01 X120.5809Y14.0063
G01 X120.4096Y13.9631
G01 X120.3863Y13.9556
G01 X120.2201Y13.8958
G01 X120.1976Y13.8860
G01 X120.0380Y13.8102
G01 X120.0166Y13.7983
G01 X119.8652Y13.7072
G01 X119.8450Y13.6932
G01 X119.7033Y13.5877
G01 X119.6846Y13.5718
G01 X119.5539Y13.4530
G01 X119.5369Y13.4353
G01 X119.4185Y13.3043
G01 X119.4032Y13.2850
G01 X119.2983Y13.1430
G01 X119.2850Y13.1223
G01 X119.1944Y12.9707
G01 X119.1832Y12.9488
G01 X119.1080Y12.7890
G01 X119.0990Y12.7662
G01 X119.0398Y12.5998
G01 X119.0330Y12.5762
G01 X118.9904Y12.4047
G01 X118.9860Y12.3806
G01 X118.9604Y12.2058
G01 X118.9584Y12.1814
G01 X118.9501Y12.0049
G01 X118.9505Y11.9804
G01 X118.9595Y11.8039
G01 X118.9623Y11.7796
G01 X118.9885Y11.6049
G01 X118.9937Y11.5809
G01 X119.0369Y11.4096
G01 X119.0444Y11.3863
G01 X119.1042Y11.2201
G01 X119.1140Y11.1976
G01 X119.1898Y11.0380
G01 X119.2017Y11.0166
G01 X119.2928Y10.8652
G01 X119.3068Y10.8450
G01 X119.4123Y10.7033
G01 X119.4282Y10.6846
G01 X119.5470Y10.5539
G01 X119.5647Y10.5369
G01 X119.6957Y10.4185
G01 X119.7150Y10.4032
G01 X119.8570Y10.2983
G01 X119.8777Y10.2850
G01 X120.0293Y10.1944
G01 X120.0512Y10.1832
G01 X120.2110Y10.1080
G01 X120.2338Y10.0990
G01 X120.4002Y10.0398
G01 X120.4238Y10.0330
G01 X120.5953Y9.9904
G01 X120.6194Y9.9860
G01 X120.7942Y9.9604
G01 X120.8186Y9.9584
G01 X120.9951Y9.9501
G01 X121.0196Y9.9505
G01 X121.1960Y9.9595
G01 X121.2204Y9.9623
G01 X121.3951Y9.9885
G01 X121.4191Y9.9937
G01 X121.5904Y10.0369
G01 X121.6137Y10.0444
G01 X121.7799Y10.1042
G01 X121.8024Y10.1140
G01 X121.9620Y10.1898
G01 X121.9834Y10.2017
G01 X122.1348Y10.2928
G01 X122.1550Y10.3068
G01 X122.2967Y10.4123
G01 X122.3154Y10.4282
G01 X122.4461Y10.5470
G01 X122.4631Y10.5647
G01 X122.5815Y10.6957
G01 X122.5968Y10.7150
G01 X122.7017Y10.8570
G01 X122.7150Y10.8777
G01 X122.8056Y11.0293
G01 X122.8168Y11.0512
G01 X122.8920Y11.2110
G01 X122.9010Y11.2338
G01 X122.9602Y11.4002
G01 X122.9670Y11.4238
G01 X123.0096Y11.5953
G01 X123.0140Y11.6194
G01 X123.0396Y11.7942
G01 X123.0416Y11.8186
G01 X123.0499Y11.9902
G00 Z20.0000
G00 X122.6142Y10.7385
G01 Z20.0000
G01 X122.5835Y10.1126
G01 X122.2350Y7.7634
G01 X121.6580Y5.4597
G01 X120.8579Y3.2236
G01 X119.8425Y1.0768
G01 X118.6876Y-0.8500
G01 X118.2059Y-0.8500
G01 X118.2890Y-0.7380
G01 X119.4897Y1.2653
G01 X120.4883Y3.3767
G01 X121.2752Y5.5758
G01 X121.8427Y7.8414
G01 X122.1854Y10.1518
G01 X122.1945Y10.3361
G00 Z20.0000
G00 X121.7741Y10.1020
G01 Z20.0000
G01 X121.4504Y7.9195
G01 X120.8924Y5.6919
G01 X120.1188Y3.5298
G01 X119.1370Y1.4539
G01 X117.9564Y-0.5158
G01 X117.7085Y-0.8500
G01 X117.2111Y-0.8500
G01 X117.6238Y-0.2935
G01 X118.7842Y1.6425
G01 X119.7492Y3.6829
G01 X120.5096Y5.8080
G01 X121.0581Y7.9975
G01 X121.3524Y9.9819
G00 Z20.0000
G00 X120.9441Y9.9523
G01 Z20.0000
G01 X120.6657Y8.0755
G01 X120.1269Y5.9241
G01 X119.3797Y3.8359
G01 X118.4314Y1.8310
G01 X117.2912Y-0.0713
G01 X116.7137Y-0.8500
G01 X116.2163Y-0.8500
G01 X116.9586Y0.1509
G01 X118.0787Y2.0196
G01 X119.0101Y3.9890
G01 X119.7441Y6.0403
G01 X120.2734Y8.1536
G01 X120.5476Y10.0020
G00 Z20.0000
G00 X120.1628Y10.1304
G01 Z20.0000
G01 X119.8811Y8.2316
G01 X119.3613Y6.1564
G01 X118.6406Y4.1421
G01 X117.7259Y2.2081
G01 X116.6260Y0.3731
G01 X115.7189Y-0.8500
G01 X115.2215Y-0.8500
G01 X116.2934Y0.5954
G01 X117.3731Y2.3967
G01 X118.2710Y4.2952
G01 X118.9785Y6.2725
G01 X119.4888Y8.3096
G01 X119.7910Y10.3469
G00 Z20.0000
G00 X119.4125Y10.7031
G01 Z20.0000
G01 X119.3989Y10.4262
G01 X119.0965Y8.3877
G01 X118.5957Y6.3886
G01 X117.9015Y4.4482
G01 X117.0203Y2.5852
G01 X115.9609Y0.8176
G01 X114.7332Y-0.8377
G01 X114.7221Y-0.8500
G01 X114.1829Y-0.8500
G01 X114.4240Y-0.5839
G01 X115.6283Y1.0398
G01 X116.6676Y2.7738
G01 X117.5319Y4.6013
G01 X118.2130Y6.5047
G01 X118.7042Y8.4657
G01 X119.0008Y10.4654
G01 X119.0458Y11.3823
G00 Z20.0000
G00 X111.5000Y12.4846
G01 Z20.0000
G01 X111.4374Y11.2104
G01 X111.2502Y9.9484
G01 X110.9402Y8.7109
G01 X110.5104Y7.5097
G01 X109.9650Y6.3564
G01 X109.3091Y5.2622
G01 X108.5491Y4.2375
G01 X107.6924Y3.2922
G01 X106.7471Y2.4354
G01 X105.7224Y1.6755
G01 X104.6282Y1.0196
G01 X103.4749Y0.4741
G01 X102.2737Y0.0444
G01 X101.0362Y-0.2656
G01 X99.7742Y-0.4528
G01 X98.5000Y-0.5154
G01 X97.2258Y-0.4528
G01 X95.9638Y-0.2656
G01 X94.7263Y0.0444
G01 X93.5251Y0.4741
G01 X92.3718Y1.0196
G01 X91.2776Y1.6755
G01 X90.2529Y2.4354
G01 X89.3076Y3.2922
G01 X88.4509Y4.2375
G01 X87.6909Y5.2622
G01 X87.0350Y6.3564
G01 X86.4896Y7.5097
G01 X86.0598Y8.7109
G01 X85.7498Y9.9484
G01 X85.5626Y11.2104
G01 X85.5000Y12.4846
G01 X85.5626Y13.7588
G01 X85.7498Y15.0207
G01 X86.0598Y16.2583
G01 X86.4896Y17.4595
G01 X87.0350Y18.6127
G01 X87.6909Y19.7070
G01 X88.4509Y20.7317
G01 X89.3076Y21.6770
G01 X90.2529Y22.5337
G01 X91.2776Y23.2937
G01 X92.3718Y23.9496
G01 X93.5251Y24.4950
G01 X94.7263Y24.9248
G01 X95.9638Y25.2348
G01 X97.2258Y25.4220
G01 X98.5000Y25.4846
G01 X99.7742Y25.4220
G01 X101.0362Y25.2348
G01 X102.2737Y24.9248
G01 X103.4749Y24.4950
G01 X104.6282Y23.9496
G01 X105.7224Y23.2937
G01 X106.7471Y22.5337
G01 X107.6924Y21.6770
G01 X108.5491Y20.7317
G01 X109.3091Y19.7070
G01 X109.9650Y18.6127
G01 X110.5104Y17.4595
G01 X110.9402Y16.2583
G01 X111.2502Y15.0207
G01 X111.4374Y13.7588
G01 X111.5000Y12.4846
G01 X111.1000Y12.4846
G01 X111.0393Y11.2496
G01 X110.8579Y10.0264
G01 X110.5574Y8.8270
G01 X110.1409Y7.6628
G01 X109.6122Y6.5450
G01 X108.9765Y5.4844
G01 X108.2399Y4.4912
G01 X107.4095Y3.5750
G01 X106.4934Y2.7446
G01 X105.5002Y2.0081
G01 X104.4396Y1.3724
G01 X103.3218Y0.8437
G01 X102.1576Y0.4271
G01 X100.9581Y0.1267
G01 X99.7350Y-0.0548
G01 X98.5000Y-0.1154
G01 X97.2650Y-0.0548
G01 X96.0419Y0.1267
G01 X94.8424Y0.4271
G01 X93.6782Y0.8437
G01 X92.5604Y1.3724
G01 X91.4998Y2.0081
G01 X90.5066Y2.7446
G01 X89.5905Y3.5750
G01 X88.7601Y4.4912
G01 X88.0235Y5.4844
G01 X87.3878Y6.5450
G01 X86.8591Y7.6628
G01 X86.4426Y8.8270
G01 X86.1421Y10.0264
G01 X85.9607Y11.2496
G01 X85.9000Y12.4846
G01 X85.9607Y13.7196
G01 X86.1421Y14.9427
G01 X86.4426Y16.1422
G01 X86.8591Y17.3064
G01 X87.3878Y18.4242
G01 X88.0235Y19.4848
G01 X88.7601Y20.4779
G01 X89.5905Y21.3941
G01 X90.5066Y22.2245
G01 X91.4998Y22.9611
G01 X92.5604Y23.5968
G01 X93.6782Y24.1255
G01 X94.8424Y24.5420
G01 X96.0419Y24.8425
G01 X97.2650Y25.0239
G01 X98.5000Y25.0846
G01 X99.7350Y25.0239
G01 X100.9581Y24.8425
G01 X102.1576Y24.5420
G01 X103.3218Y24.1255
G01 X104.4396Y23.5968
G01 X105.5002Y22.9611
G01 X106.4934Y22.2245
G01 X107.4095Y21.3941
G01 X108.2399Y20.4779
G01 X108.9765Y19.4848
G01 X109.6122Y18.4242
G01 X110.1409Y17.3064
G01 X110.5574Y16.1422
G01 X110.8579Y14.9427
G01 X111.0393Y13.7196
G01 X111.1000Y12.4846
G01 X110.7000Y12.4846
G01 X110.6413Y11.2888
G01 X110.4656Y10.1045
G01 X110.1747Y8.9431
G01 X109.7713Y7.8158
G01 X109.2594Y6.7335
G01 X108.6439Y5.7066
G01 X107.9307Y4.7450
G01 X107.1267Y3.8579
G01 X106.2396Y3.0538
G01 X105.2780Y2.3406
G01 X104.2510Y1.7251
G01 X103.1687Y1.2132
G01 X102.0415Y0.8099
G01 X100.8801Y0.5190
G01 X99.6958Y0.3433
G01 X98.5000Y0.2846
G01 X97.3042Y0.3433
G01 X96.1199Y0.5190
G01 X94.9585Y0.8099
G01 X93.8313Y1.2132
G01 X92.7490Y1.7251
G01 X91.7220Y2.3406
G01 X90.7604Y3.0538
G01 X89.8733Y3.8579
G01 X89.0693Y4.7450
G01 X88.3561Y5.7066
G01 X87.7406Y6.7335
G01 X87.2287Y7.8158
G01 X86.8253Y8.9431
G01 X86.5344Y10.1045
G01 X86.3587Y11.2888
G01 X86.3000Y12.4846
G01 X86.3587Y13.6804
G01 X86.5344Y14.8647
G01 X86.8253Y16.0260
G01 X87.2287Y17.1533
G01 X87.7406Y18.2356
G01 X88.3561Y19.2625
G01 X89.0693Y20.2242
G01 X89.8733Y21.1113
G01 X90.7604Y21.9153
G01 X91.7220Y22.6285
G01 X92.7490Y23.2440
G01 X93.8313Y23.7559
G01 X94.9585Y24.1592
G01 X96.1199Y24.4502
G01 X97.3042Y24.6258
G01 X98.5000Y24.6846
G01 X99.6958Y24.6258
G01 X100.8801Y24.4502
G01 X102.0415Y24.1592
G01 X103.1687Y23.7559
G01 X104.2510Y23.2440
G01 X105.2780Y22.6285
G01 X106.2396Y21.9153
G01 X107.1267Y21.1113
G01 X107.9307Y20.2242
G01 X108.6439Y19.2625
G01 X109.2594Y18.2356
G01 X109.7713Y17.1533
G01 X110.1747Y16.0260
G01 X110.4656Y14.8647
G01 X110.6413Y13.6804
G01 X110.7000Y12.4846
G01 X110.3000Y12.4846
G01 X110.2432Y11.3280
G01 X110.0733Y10.1825
G01 X109.7919Y9.0592
G01 X109.4018Y7.9689
G01 X108.9067Y6.9221
G01 X108.3113Y5.9288
G01 X107.6215Y4.9987
G01 X106.8439Y4.1407
G01 X105.9858Y3.3631
G01 X105.0557Y2.6732
G01 X104.0625Y2.0779
G01 X103.0157Y1.5828
G01 X101.9254Y1.1927
G01 X100.8021Y0.9113
G01 X99.6566Y0.7414
G01 X98.5000Y0.6846
G01 X97.3434Y0.7414
G01 X96.1979Y0.9113
G01 X95.0746Y1.1927
G01 X93.9843Y1.5828
G01 X92.9375Y2.0779
G01 X91.9443Y2.6732
G01 X91.0142Y3.3631
G01 X90.1561Y4.1407
G01 X89.3785Y4.9987
G01 X88.6887Y5.9288
G01 X88.0933Y6.9221
G01 X87.5982Y7.9689
G01 X87.2081Y9.0592
G01 X86.9267Y10.1825
G01 X86.7568Y11.3280
G01 X86.7000Y12.4846
G01 X86.7568Y13.6412
G01 X86.9267Y14.7866
G01 X87.2081Y15.9099
G01 X87.5982Y17.0002
G01 X88.0933Y18.0471
G01 X88.6887Y19.0403
G01 X89.3785Y19.9704
G01 X90.1561Y20.8284
G01 X91.0142Y21.6061
G01 X91.9443Y22.2959
G01 X92.9375Y22.8912
G01 X93.9843Y23.3864
G01 X95.0746Y23.7765
G01 X96.1979Y24.0578
G01 X97.3434Y24.2278
G01 X98.5000Y24.2846
G01 X99.6566Y24.2278
G01 X100.8021Y24.0578
G01 X101.9254Y23.7765
G01 X103.0157Y23.3864
G01 X104.0625Y22.8912
G01 X105.0557Y22.2959
G01 X105.9858Y21.6061
G01 X106.8439Y20.8284
G01 X107.6215Y19.9704
G01 X108.3113Y19.0403
G01 X108.9067Y18.0471
G01 X109.4018Y17.0002
G01 X109.7919Y15.9099
G01 X110.0733Y14.7866
G01 X110.2432Y13.6412
G01 X110.3000Y12.4846
G01 X109.9000Y12.4846
G01 X109.8451Y13.6020
G01 X109.6810Y14.7086
G01 X109.4091Y15.7938
G01 X109.0322Y16.8472
G01 X108.5539Y17.8585
G01 X107.9788Y18.8181
G01 X107.3123Y19.7167
G01 X106.5610Y20.5456
G01 X105.7321Y21.2969
G01 X104.8335Y21.9633
G01 X103.8739Y22.5385
G01 X102.8626Y23.0168
G01 X101.8092Y23.3937
G01 X100.7240Y23.6655
G01 X99.6174Y23.8297
G01 X98.5000Y23.8846
G01 X97.3826Y23.8297
G01 X96.2760Y23.6655
G01 X95.1908Y23.3937
G01 X94.1374Y23.0168
G01 X93.1261Y22.5385
G01 X92.1665Y21.9633
G01 X91.2679Y21.2969
G01 X90.4390Y20.5456
G01 X89.6877Y19.7167
G01 X89.0212Y18.8181
G01 X88.4461Y17.8585
G01 X87.9678Y16.8472
G01 X87.5909Y15.7938
G01 X87.3190Y14.7086
G01 X87.1549Y13.6020
G01 X87.1000Y12.4846
G01 X87.1549Y11.3672
G01 X87.3190Y10.2605
G01 X87.5909Y9.1753
G01 X87.9678Y8.1220
G01 X88.4461Y7.1107
G01 X89.0212Y6.1511
G01 X89.6877Y5.2525
G01 X90.4390Y4.4236
G01 X91.2679Y3.6723
G01 X91.9321Y3.1797
G00 Z20.0000
G00 X91.8581Y3.7320
G01 Z20.0000
G01 X91.5217Y3.9815
G01 X90.7218Y4.7064
G01 X89.9969Y5.5062
G01 X89.3538Y6.3733
G01 X88.7989Y7.2992
G01 X88.3373Y8.2751
G01 X87.9737Y9.2914
G01 X87.7114Y10.3386
G01 X87.5530Y11.4064
G01 X87.5000Y12.4846
G01 X87.5530Y13.5628
G01 X87.7114Y14.6306
G01 X87.9737Y15.6777
G01 X88.3373Y16.6941
G01 X88.7989Y17.6699
G01 X89.3538Y18.5958
G01 X89.9969Y19.4629
G01 X90.7218Y20.2628
G01 X91.5217Y20.9877
G01 X92.3887Y21.6307
G01 X93.3146Y22.1857
G01 X94.2905Y22.6473
G01 X95.3069Y23.0109
G01 X96.3540Y23.2732
G01 X97.4218Y23.4316
G01 X98.5000Y23.4846
G01 X99.5782Y23.4316
G01 X100.6460Y23.2732
G01 X101.6931Y23.0109
G01 X102.7095Y22.6473
G01 X103.6854Y22.1857
G01 X104.6113Y21.6307
G01 X105.4783Y20.9877
G01 X106.2782Y20.2628
G01 X107.0031Y19.4629
G01 X107.6462Y18.5958
G01 X108.2011Y17.6699
G01 X108.6627Y16.6941
G01 X109.0263Y15.6777
G01 X109.2886Y14.6306
G01 X109.4470Y13.5628
G01 X109.5000Y12.4846
G01 X109.4470Y11.4064
G01 X109.2886Y10.3386
G01 X109.0263Y9.2914
G01 X108.6627Y8.2751
G01 X108.2011Y7.2992
G01 X107.6462Y6.3733
G01 X107.0031Y5.5062
G01 X106.2782Y4.7064
G01 X105.4783Y3.9815
G01 X105.1419Y3.7320
G00 Z20.0000
G00 X105.0582Y4.1673
G01 Z20.0000
G01 X105.2246Y4.2907
G01 X105.9953Y4.9892
G01 X106.6939Y5.7600
G01 X107.3136Y6.5955
G01 X107.8484Y7.4878
G01 X108.2931Y8.4281
G01 X108.6436Y9.4076
G01 X108.8963Y10.4166
G01 X109.0490Y11.4456
G01 X109.1000Y12.4846
G01 X109.0490Y13.5236
G01 X108.8963Y14.5525
G01 X108.6436Y15.5616
G01 X108.2931Y16.5410
G01 X107.8484Y17.4814
G01 X107.3136Y18.3736
G01 X106.6939Y19.2091
G01 X105.9953Y19.9799
G01 X105.2246Y20.6785
G01 X104.3890Y21.2982
G01 X103.4968Y21.8329
G01 X103.4000Y21.8787
G01 X103.4000Y21.4252
G01 X104.1668Y20.9656
G01 X104.9708Y20.3693
G01 X105.7125Y19.6971
G01 X106.3847Y18.9554
G01 X106.9810Y18.1514
G01 X107.4956Y17.2928
G01 X107.9236Y16.3879
G01 X108.2608Y15.4455
G01 X108.5040Y14.4745
G01 X108.6509Y13.4844
G01 X108.7000Y12.4846
G01 X108.6509Y11.4848
G01 X108.5040Y10.4947
G01 X108.2608Y9.5237
G01 X107.9236Y8.5812
G01 X107.4956Y7.6763
G01 X106.9810Y6.8178
G01 X106.3847Y6.0138
G01 X105.7125Y5.2721
G01 X104.9708Y4.5999
G01 X104.8773Y4.5305
G00 Z20.0000
G00 X104.6103Y4.8299
G01 Z20.0000
G01 X104.7171Y4.9091
G01 X105.4296Y5.5549
G01 X106.0755Y6.2675
G01 X106.6484Y7.0400
G01 X107.1428Y7.8649
G01 X107.5540Y8.7343
G01 X107.8780Y9.6398
G01 X108.1117Y10.5727
G01 X108.2528Y11.5240
G01 X108.3000Y12.4846
G01 X108.2528Y13.4451
G01 X108.1117Y14.3965
G01 X107.8780Y15.3294
G01 X107.5540Y16.2349
G01 X107.1428Y17.1043
G01 X106.6484Y17.9292
G01 X106.0755Y18.7016
G01 X105.4296Y19.4142
G01 X104.7171Y20.0601
G01 X103.9446Y20.6330
G01 X103.4000Y20.9594
G01 X103.4000Y20.4936
G01 X103.7224Y20.3004
G01 X104.4633Y19.7509
G01 X105.1468Y19.1314
G01 X105.7663Y18.4479
G01 X106.3158Y17.7069
G01 X106.7901Y16.9157
G01 X107.1845Y16.0818
G01 X107.4952Y15.2133
G01 X107.7194Y14.3184
G01 X107.8547Y13.4059
G01 X107.9000Y12.4846
G01 X107.8547Y11.5632
G01 X107.7194Y10.6507
G01 X107.4952Y9.7559
G01 X107.1845Y8.8874
G01 X106.7901Y8.0534
G01 X106.3158Y7.2622
G01 X105.7663Y6.5213
G01 X105.1468Y5.8378
G01 X104.4633Y5.2183
G01 X104.2526Y5.0620
G00 Z20.0000
G00 X103.7679Y5.1999
G01 Z20.0000
G01 X104.2095Y5.5275
G01 X104.8640Y6.1206
G01 X105.4571Y6.7750
G01 X105.9832Y7.4844
G01 X106.4373Y8.2420
G01 X106.8149Y9.0404
G01 X107.1125Y9.8720
G01 X107.3271Y10.7288
G01 X107.4567Y11.6024
G01 X107.5000Y12.4846
G01 X107.4567Y13.3667
G01 X107.3271Y14.2404
G01 X107.1125Y15.0971
G01 X106.8149Y15.9287
G01 X106.4373Y16.7271
G01 X105.9832Y17.4847
G01 X105.4571Y18.1941
G01 X104.8640Y18.8485
G01 X104.2095Y19.4417
G01 X103.5001Y19.9678
G01 X103.3278Y20.0711
G00 Z20.0000
G00 X102.8361Y19.9000
G01 Z20.0000
G01 X103.2779Y19.6352
G01 X103.9558Y19.1325
G01 X104.5811Y18.5657
G01 X105.1479Y17.9404
G01 X105.6506Y17.2625
G01 X106.0845Y16.5386
G01 X106.4454Y15.7757
G01 X106.7297Y14.9810
G01 X106.9348Y14.1624
G01 X107.0586Y13.3275
G01 X107.1000Y12.4846
G01 X107.0586Y11.6416
G01 X106.9348Y10.8068
G01 X106.7297Y9.9881
G01 X106.4454Y9.1935
G01 X106.0845Y8.4306
G01 X105.6506Y7.7067
G01 X105.1479Y7.0288
G01 X104.5811Y6.4035
G01 X103.9558Y5.8367
G01 X103.2779Y5.3339
G01 X103.0711Y5.2100
G00 Z20.0000
G00 X102.2702Y5.2078
G01 Z20.0000
G01 X102.3655Y5.2528
G01 X103.0557Y5.6665
G01 X103.7020Y6.1459
G01 X104.2983Y6.6863
G01 X104.8387Y7.2826
G01 X105.3181Y7.9289
G01 X105.7318Y8.6191
G01 X106.0758Y9.3466
G01 X106.3469Y10.1042
G01 X106.5424Y10.8848
G01 X106.6605Y11.6808
G01 X106.7000Y12.4846
G01 X106.6605Y13.2883
G01 X106.5424Y14.0843
G01 X106.3469Y14.8649
G01 X106.0758Y15.6226
G01 X105.7318Y16.3500
G01 X105.3181Y17.0403
G01 X104.8387Y17.6866
G01 X104.2983Y18.2829
G01 X103.7020Y18.8233
G01 X103.0557Y19.3026
G01 X102.3655Y19.7163
G01 X101.9771Y19.9000
G01 X101.7997Y19.1000
G01 X101.3319Y19.3213
G01 X100.6481Y19.5659
G01 X99.9437Y19.7424
G01 X99.2253Y19.8489
G01 X98.5000Y19.8846
G01 X97.7747Y19.8489
G01 X97.0563Y19.7424
G01 X96.3519Y19.5659
G01 X95.6681Y19.3213
G01 X95.2003Y19.1000
G01 X94.3834Y19.1000
G01 X94.8231Y19.3636
G01 X95.5151Y19.6908
G01 X96.0996Y19.9000
G01 X96.2356Y19.1000
G01 X96.4680Y19.1832
G01 X97.1344Y19.3501
G01 X97.8139Y19.4509
G01 X98.5000Y19.4846
G01 X99.1861Y19.4509
G01 X99.8656Y19.3501
G01 X100.5320Y19.1832
G01 X100.7644Y19.1000
G01 X100.9004Y19.9000
G01 X101.4849Y19.6908
G01 X102.1769Y19.3636
G01 X102.6166Y19.1000
G00 Z20.0000
G00 X103.4000Y18.5499
G01 Z20.0000
G01 X103.4483Y18.5141
G01 X104.0154Y18.0000
G01 X104.5295Y17.4328
G01 X104.9855Y16.8180
G01 X105.3790Y16.1615
G01 X105.7063Y15.4695
G01 X105.9641Y14.7488
G01 X106.1501Y14.0063
G01 X106.2624Y13.2491
G01 X106.3000Y12.4846
G01 X106.2624Y11.7200
G01 X106.1501Y10.9629
G01 X105.9641Y10.2204
G01 X105.7063Y9.4996
G01 X105.3790Y8.8077
G01 X105.0859Y8.3188
G00 Z20.0000
G00 X105.0923Y9.1359
G01 Z20.0000
G01 X105.3367Y9.6527
G01 X105.5814Y10.3365
G01 X105.7578Y11.0409
G01 X105.8644Y11.7592
G01 X105.9000Y12.4846
G01 X105.8644Y13.2099
G01 X105.7578Y13.9282
G01 X105.5814Y14.6327
G01 X105.3367Y15.3164
G01 X105.0262Y15.9729
G01 X104.6529Y16.5958
G01 X104.2203Y17.1791
G01 X103.7326Y17.7172
G01 X103.4000Y18.0186
G01 X103.4000Y17.4794
G01 X103.4497Y17.4343
G01 X103.9111Y16.9253
G01 X104.3203Y16.3736
G01 X104.6734Y15.7844
G01 X104.9672Y15.1634
G01 X105.1986Y14.5166
G01 X105.3655Y13.8502
G01 X105.4663Y13.1707
G01 X105.5000Y12.4846
G01 X105.4663Y11.7985
G01 X105.3655Y11.1189
G01 X105.1986Y10.4526
G01 X104.9672Y9.8058
G01 X104.8758Y9.6126
G00 Z20.0000
G00 X104.5851Y9.9324
G01 Z20.0000
G01 X104.5976Y9.9589
G01 X104.8158Y10.5687
G01 X104.9732Y11.1970
G01 X105.0682Y11.8377
G01 X105.1000Y12.4846
G01 X105.0682Y13.1315
G01 X104.9732Y13.7722
G01 X104.8158Y14.4005
G01 X104.5976Y15.0103
G01 X104.3207Y15.5958
G01 X103.9877Y16.1513
G01 X103.6019Y16.6716
G01 X103.3638Y16.9342
G00 Z20.0000
G00 X103.0353Y16.7018
G01 Z20.0000
G01 X103.2927Y16.4178
G01 X103.6551Y15.9291
G01 X103.9679Y15.4072
G01 X104.2281Y14.8572
G01 X104.4330Y14.2843
G01 X104.5809Y13.6941
G01 X104.6701Y13.0923
G01 X104.7000Y12.4846
G01 X104.6701Y11.8769
G01 X104.5809Y11.2750
G01 X104.4330Y10.6848
G01 X104.2408Y10.1476
G00 Z20.0000
G00 X103.8590Y10.2664
G01 Z20.0000
G01 X104.0503Y10.8009
G01 X104.1886Y11.3531
G01 X104.2721Y11.9161
G01 X104.3000Y12.4846
G01 X104.2721Y13.0531
G01 X104.1886Y13.6161
G01 X104.0503Y14.1682
G01 X103.8585Y14.7041
G01 X103.6151Y15.2187
G01 X103.3225Y15.7069
G01 X102.9835Y16.1641
G01 X102.6012Y16.5858
G01 X102.4752Y16.7000
G01 X101.8702Y16.7000
G01 X101.9257Y16.6588
G01 X102.3184Y16.3030
G01 X102.6743Y15.9103
G01 X102.9899Y15.4847
G01 X103.2624Y15.0301
G01 X103.4889Y14.5511
G01 X103.6675Y14.0521
G01 X103.7962Y13.5381
G01 X103.8740Y13.0139
G01 X103.9000Y12.4846
G01 X103.8740Y11.9553
G01 X103.7962Y11.4311
G01 X103.6675Y10.9170
G01 X103.4889Y10.4181
G01 X103.4284Y10.2900
G01 X102.9864Y10.2900
G01 X103.1194Y10.5712
G01 X103.2847Y11.0332
G01 X103.4039Y11.5091
G01 X103.4759Y11.9945
G01 X103.5000Y12.4846
G01 X103.4759Y12.9747
G01 X103.4039Y13.4600
G01 X103.2847Y13.9360
G01 X103.1194Y14.3980
G01 X102.9096Y14.8416
G01 X102.6573Y15.2624
G01 X102.3651Y15.6565
G01 X102.0355Y16.0201
G01 X101.6720Y16.3496
G01 X101.2779Y16.6419
G01 X101.1810Y16.7000
G01 X100.4956Y16.3248
G01 X99.4925Y16.3250
G01 X99.4651Y16.3240
G01 X99.4076Y16.3194
G01 X99.3688Y16.3132
G01 X99.3051Y16.2979
G01 X99.2678Y16.2858
G01 X99.2180Y16.2654
G01 X99.1965Y16.2557
G01 X99.1722Y16.2429
G01 X99.1263Y16.2150
G01 X99.1066Y16.2020
G01 X99.0755Y16.1781
G01 X99.0348Y16.1430
G01 X99.0151Y16.1238
G01 X99.0018Y16.1094
G01 X98.9694Y16.0715
G01 X98.9572Y16.0561
G01 X98.9414Y16.0337
G01 X98.9131Y15.9879
G01 X98.9015Y15.9674
G01 X98.8893Y15.9428
G01 X98.8685Y15.8932
G01 X98.8603Y15.8712
G01 X98.8521Y15.8449
G01 X98.8393Y15.7927
G01 X98.8346Y15.7696
G01 X98.8306Y15.7424
G01 X98.8262Y15.6888
G01 X98.8250Y15.6575
G01 X98.8255Y14.3229
G01 X98.8295Y14.2693
G01 X98.8321Y14.2459
G01 X98.8385Y14.2111
G01 X98.8521Y14.1551
G01 X98.8603Y14.1288
G01 X98.8685Y14.1068
G01 X98.8893Y14.0572
G01 X98.9071Y14.0222
G01 X98.9371Y13.9730
G01 X98.9572Y13.9439
G01 X98.9719Y13.9255
G01 X99.0018Y13.8906
G01 X99.0151Y13.8762
G01 X99.0406Y13.8518
G01 X99.0785Y13.8194
G01 X99.0939Y13.8072
G01 X99.1163Y13.7914
G01 X99.1621Y13.7631
G01 X99.1826Y13.7515
G01 X99.2144Y13.7361
G01 X99.2678Y13.7142
G01 X99.3051Y13.7021
G01 X99.3611Y13.6885
G01 X99.3959Y13.6821
G01 X99.4193Y13.6795
G01 X99.4808Y13.6752
G01 X100.4825Y13.6750
G01 X100.5099Y13.6760
G01 X100.5557Y13.6795
G01 X100.5946Y13.6846
G01 X100.6177Y13.6893
G01 X100.6699Y13.7021
G01 X100.6962Y13.7102
G01 X100.7146Y13.7171
G01 X100.7606Y13.7361
G01 X100.7785Y13.7443
G01 X100.8028Y13.7571
G01 X100.8520Y13.7871
G01 X100.8684Y13.7980
G01 X100.8904Y13.8144
G01 X100.9314Y13.8492
G01 X100.9488Y13.8651
G01 X100.9758Y13.8936
G01 X101.0106Y13.9346
G01 X101.0270Y13.9566
G01 X101.0400Y13.9763
G01 X101.0639Y14.0155
G01 X101.0735Y14.0326
G01 X101.0889Y14.0644
G01 X101.1079Y14.1104
G01 X101.1147Y14.1288
G01 X101.1249Y14.1627
G01 X101.1365Y14.2111
G01 X101.1404Y14.2304
G01 X101.1444Y14.2576
G01 X101.1490Y14.3151
G01 X101.1500Y14.3425
G01 X101.1500Y15.6575
G01 X101.1490Y15.6849
G01 X101.1444Y15.7424
G01 X101.1404Y15.7696
G01 X101.1365Y15.7889
G01 X101.1229Y15.8449
G01 X101.1108Y15.8823
G01 X101.0857Y15.9428
G01 X101.0735Y15.9674
G01 X101.0619Y15.9879
G01 X101.0379Y16.0270
G01 X101.0270Y16.0434
G01 X101.0106Y16.0654
G01 X100.9758Y16.1064
G01 X100.9599Y16.1238
G01 X100.9402Y16.1430
G01 X100.8965Y16.1806
G01 X100.8811Y16.1928
G01 X100.8587Y16.2086
G01 X100.8028Y16.2429
G01 X100.7678Y16.2607
G01 X100.7072Y16.2858
G01 X100.6699Y16.2979
G01 X100.6177Y16.3107
G01 X100.5946Y16.3154
G01 X100.5596Y16.3201
G01 X100.4956Y16.3248
G00 Z20.0000
G00 X100.1916Y16.3250
G01 Z20.0000
G01 X100.1073Y16.3649
G01 X99.7192Y16.5037
G01 X99.3194Y16.6039
G01 X98.9117Y16.6644
G01 X98.5000Y16.6846
G01 X98.0883Y16.6644
G01 X97.6806Y16.6039
G01 X97.2808Y16.5037
G01 X96.8927Y16.3649
G01 X96.8084Y16.3250
G01 X96.6669Y16.7000
G01 X96.3316Y16.5414
G01 X95.9444Y16.3093
G01 X95.5818Y16.0404
G01 X95.2473Y15.7373
G01 X94.9442Y15.4028
G01 X94.6752Y15.0402
G01 X94.4432Y14.6530
G01 X94.2502Y14.2449
G01 X94.0981Y13.8199
G01 X93.9884Y13.3820
G01 X93.9222Y12.9355
G01 X93.9000Y12.4846
G01 X93.9222Y12.0337
G01 X93.9884Y11.5872
G01 X94.0981Y11.1493
G01 X94.2502Y10.7242
G01 X94.4432Y10.3162
G01 X94.4588Y10.2900
G01 X94.0136Y10.2900
G01 X93.8806Y10.5712
G01 X93.7153Y11.0332
G01 X93.5961Y11.5091
G01 X93.5241Y11.9945
G01 X93.5000Y12.4846
G01 X93.5241Y12.9747
G01 X93.5961Y13.4600
G01 X93.7153Y13.9360
G01 X93.8806Y14.3980
G01 X94.0904Y14.8416
G01 X94.3427Y15.2624
G01 X94.6349Y15.6565
G01 X94.9645Y16.0201
G01 X95.3280Y16.3496
G01 X95.7221Y16.6419
G01 X95.8190Y16.7000
G01 X95.1298Y16.7000
G01 X95.0743Y16.6588
G01 X94.6816Y16.3030
G01 X94.3257Y15.9103
G01 X94.0101Y15.4847
G01 X93.7376Y15.0301
G01 X93.5111Y14.5511
G01 X93.3325Y14.0521
G01 X93.2038Y13.5381
G01 X93.1260Y13.0139
G01 X93.1000Y12.4846
G01 X93.1260Y11.9553
G01 X93.2038Y11.4311
G01 X93.3325Y10.9170
G01 X93.5111Y10.4181
G01 X93.5716Y10.2900
G00 Z20.0000
G00 X93.1410Y10.2664
G01 Z20.0000
G01 X92.9497Y10.8009
G01 X92.8114Y11.3531
G01 X92.7279Y11.9161
G01 X92.7000Y12.4846
G01 X92.7279Y13.0531
G01 X92.8114Y13.6161
G01 X92.9497Y14.1682
G01 X93.1415Y14.7041
G01 X93.3849Y15.2187
G01 X93.6775Y15.7069
G01 X94.0165Y16.1641
G01 X94.3988Y16.5858
G01 X94.5248Y16.7000
G00 Z20.0000
G00 X93.9647Y16.7018
G01 Z20.0000
G01 X93.7073Y16.4178
G01 X93.3449Y15.9291
G01 X93.0321Y15.4072
G01 X92.7719Y14.8572
G01 X92.5670Y14.2843
G01 X92.4191Y13.6941
G01 X92.3299Y13.0923
G01 X92.3000Y12.4846
G01 X92.3299Y11.8769
G01 X92.4191Y11.2750
G01 X92.5670Y10.6848
G01 X92.7592Y10.1476
G00 Z20.0000
G00 X92.4149Y9.9324
G01 Z20.0000
G01 X92.4024Y9.9589
G01 X92.1842Y10.5687
G01 X92.0268Y11.1970
G01 X91.9318Y11.8377
G01 X91.9000Y12.4846
G01 X91.9318Y13.1315
G01 X92.0268Y13.7722
G01 X92.1842Y14.4005
G01 X92.4024Y15.0103
G01 X92.6793Y15.5958
G01 X93.0123Y16.1513
G01 X93.3981Y16.6716
G01 X93.6362Y16.9342
G00 Z20.0000
G00 X93.6005Y17.0804
G01 Z20.0000
G01 X93.6031Y17.0510
G01 X93.6098Y17.0124
G01 X93.6203Y16.9746
G01 X93.6344Y16.9379
G01 X93.6521Y16.9029
G01 X93.6731Y16.8697
G01 X93.6848Y16.8540
G01 X93.7104Y16.8243
G01 X93.7388Y16.7972
G01 X93.7540Y16.7848
G01 X93.7861Y16.7622
G01 X93.8202Y16.7428
G01 X93.8561Y16.7269
G01 X93.8933Y16.7146
G01 X93.9316Y16.7060
G01 X93.9706Y16.7012
G01 X94.0000Y16.7000
G01 X97.1000Y16.7000
G01 X97.1294Y16.7012
G01 X97.1490Y16.7031
G01 X97.1876Y16.7098
G01 X97.2254Y16.7203
G01 X97.2620Y16.7344
G01 X97.2971Y16.7521
G01 X97.3139Y16.7622
G01 X97.3460Y16.7848
G01 X97.3612Y16.7972
G01 X97.3896Y16.8243
G01 X97.4028Y16.8388
G01 X97.4269Y16.8697
G01 X97.4479Y16.9029
G01 X97.4572Y16.9202
G01 X97.4731Y16.9561
G01 X97.4854Y16.9933
G01 X97.4902Y17.0124
G01 X97.4940Y17.0316
G01 X97.4988Y17.0706
G01 X97.5000Y17.1000
G01 X97.4999Y18.7049
G01 X97.4988Y18.7294
G01 X97.4969Y18.7490
G01 X97.4902Y18.7876
G01 X97.4797Y18.8254
G01 X97.4656Y18.8621
G01 X97.4479Y18.8971
G01 X97.4269Y18.9303
G01 X97.4152Y18.9460
G01 X97.3896Y18.9757
G01 X97.3757Y18.9896
G01 X97.3460Y19.0152
G01 X97.3303Y19.0269
G01 X97.2971Y19.0479
G01 X97.2798Y19.0572
G01 X97.2620Y19.0656
G01 X97.2254Y19.0797
G01 X97.1876Y19.0902
G01 X97.1684Y19.0940
G01 X97.1490Y19.0969
G01 X97.1147Y19.0997
G01 X94.0000Y19.1000
G01 X93.9706Y19.0988
G01 X93.9510Y19.0969
G01 X93.9124Y19.0902
G01 X93.8746Y19.0797
G01 X93.8380Y19.0656
G01 X93.8029Y19.0479
G01 X93.7861Y19.0378
G01 X93.7540Y19.0152
G01 X93.7388Y19.0028
G01 X93.7104Y18.9757
G01 X93.6848Y18.9460
G01 X93.6731Y18.9303
G01 X93.6521Y18.8971
G01 X93.6344Y18.8621
G01 X93.6269Y18.8439
G01 X93.6146Y18.8067
G01 X93.6098Y18.7876
G01 X93.6031Y18.7490
G01 X93.6012Y18.7294
G01 X93.6000Y18.7000
G01 X93.6005Y17.0804
G00 Z20.0000
G00 X93.6000Y17.4794
G01 Z20.0000
G01 X93.5503Y17.4343
G01 X93.0889Y16.9253
G01 X92.6797Y16.3736
G01 X92.3266Y15.7844
G01 X92.0328Y15.1634
G01 X91.8014Y14.5166
G01 X91.6345Y13.8502
G01 X91.5337Y13.1707
G01 X91.5000Y12.4846
G01 X91.5337Y11.7985
G01 X91.6345Y11.1189
G01 X91.8014Y10.4526
G01 X92.0328Y9.8058
G01 X92.1242Y9.6126
G00 Z20.0000
G00 X91.9077Y9.1359
G01 Z20.0000
G01 X91.6633Y9.6527
G01 X91.4186Y10.3365
G01 X91.2422Y11.0409
G01 X91.1356Y11.7592
G01 X91.1000Y12.4846
G01 X91.1356Y13.2099
G01 X91.2422Y13.9282
G01 X91.4186Y14.6327
G01 X91.6633Y15.3164
G01 X91.9738Y15.9729
G01 X92.3471Y16.5958
G01 X92.7797Y17.1791
G01 X93.2674Y17.7172
G01 X93.6000Y18.0186
G01 X93.6000Y18.5499
G01 X93.5517Y18.5141
G01 X92.9846Y18.0000
G01 X92.4705Y17.4328
G01 X92.0145Y16.8180
G01 X91.6210Y16.1615
G01 X91.2937Y15.4695
G01 X91.0359Y14.7488
G01 X90.8499Y14.0063
G01 X90.7376Y13.2491
G01 X90.7000Y12.4846
G01 X90.7376Y11.7200
G01 X90.8499Y10.9629
G01 X91.0359Y10.2204
G01 X91.2937Y9.4996
G01 X91.6210Y8.8077
G01 X91.9141Y8.3188
G00 Z20.0000
G00 X92.5529Y7.4455
G01 Z20.0000
G01 X92.9846Y6.9691
G01 X93.5517Y6.4551
G01 X94.1666Y5.9991
G01 X94.8231Y5.6056
G01 X95.5151Y5.2783
G01 X96.2358Y5.0204
G01 X96.9783Y4.8345
G01 X97.7355Y4.7221
G01 X98.5000Y4.6846
G01 X99.2645Y4.7221
G01 X100.0217Y4.8345
G01 X100.7642Y5.0204
G01 X101.4849Y5.2783
G01 X102.1769Y5.6056
G01 X102.8334Y5.9991
G01 X103.4483Y6.4551
G01 X104.0154Y6.9691
G01 X104.4471Y7.4455
G00 Z20.0000
G00 X103.6676Y7.1931
G01 Z20.0000
G01 X103.1945Y6.7643
G01 X102.6112Y6.3317
G01 X101.9883Y5.9584
G01 X101.3319Y5.6479
G01 X100.6481Y5.4032
G01 X99.9437Y5.2268
G01 X99.2253Y5.1202
G01 X98.5000Y5.0846
G01 X97.7747Y5.1202
G01 X97.0563Y5.2268
G01 X96.3519Y5.4032
G01 X95.6681Y5.6479
G01 X95.0117Y5.9584
G01 X94.3888Y6.3317
G01 X93.8055Y6.7643
G01 X93.3324Y7.1931
G00 Z20.0000
G00 X93.3952Y7.1901
G01 Z20.0000
G01 X94.6824Y7.1901
G01 X94.8073Y7.1960
G01 X94.8318Y7.1980
G01 X94.9580Y7.2164
G01 X94.9918Y7.2230
G01 X95.1060Y7.2515
G01 X95.1296Y7.2582
G01 X95.2636Y7.3062
G01 X95.2861Y7.3159
G01 X95.4013Y7.3708
G01 X95.4227Y7.3827
G01 X95.5195Y7.4407
G01 X95.5482Y7.4597
G01 X95.6428Y7.5298
G01 X95.6732Y7.5547
G01 X95.7568Y7.6304
G01 X95.7744Y7.6475
G01 X95.8700Y7.7529
G01 X95.8852Y7.7722
G01 X95.9610Y7.8748
G01 X95.9743Y7.8955
G01 X96.0396Y8.0050
G01 X96.0508Y8.0269
G01 X96.1051Y8.1423
G01 X96.1141Y8.1652
G01 X96.1568Y8.2854
G01 X96.1635Y8.3090
G01 X96.1942Y8.4328
G01 X96.1986Y8.4570
G01 X96.2170Y8.5832
G01 X96.2190Y8.6077
G01 X96.2249Y8.7351
G01 X96.2245Y8.7596
G01 X96.2180Y8.8870
G01 X96.2151Y8.9114
G01 X96.1961Y9.0376
G01 X96.1909Y9.0615
G01 X96.1596Y9.1852
G01 X96.1521Y9.2086
G01 X96.1088Y9.3286
G01 X96.0991Y9.3511
G01 X96.0442Y9.4663
G01 X96.0323Y9.4877
G01 X95.9665Y9.5970
G01 X95.9525Y9.6172
G01 X95.8762Y9.7195
G01 X95.8603Y9.7382
G01 X95.7744Y9.8325
G01 X95.7568Y9.8496
G01 X95.6621Y9.9350
G01 X95.6428Y9.9502
G01 X95.5522Y10.0175
G01 X95.5195Y10.0393
G01 X95.4227Y10.0973
G01 X95.4013Y10.1092
G01 X95.2727Y10.1701
G01 X95.2498Y10.1791
G01 X95.1436Y10.2171
G01 X95.1060Y10.2285
G01 X94.9965Y10.2559
G01 X94.9726Y10.2611
G01 X94.8464Y10.2801
G01 X94.8073Y10.2840
G01 X94.6750Y10.2900
G01 X93.4050Y10.2900
G01 X93.2727Y10.2840
G01 X93.2336Y10.2801
G01 X93.1074Y10.2611
G01 X93.0835Y10.2559
G01 X92.9598Y10.2246
G01 X92.9364Y10.2171
G01 X92.8164Y10.1738
G01 X92.7939Y10.1641
G01 X92.6787Y10.1092
G01 X92.6573Y10.0973
G01 X92.5480Y10.0315
G01 X92.5278Y10.0175
G01 X92.4255Y9.9412
G01 X92.4068Y9.9253
G01 X92.3125Y9.8394
G01 X92.2954Y9.8218
G01 X92.2100Y9.7271
G01 X92.1948Y9.7078
G01 X92.1275Y9.6172
G01 X92.1057Y9.5845
G01 X92.0477Y9.4877
G01 X92.0358Y9.4663
G01 X91.9749Y9.3377
G01 X91.9659Y9.3148
G01 X91.9279Y9.2086
G01 X91.9165Y9.1710
G01 X91.8858Y9.0472
G01 X91.8814Y9.0230
G01 X91.8649Y8.9114
G01 X91.8610Y8.8723
G01 X91.8555Y8.7596
G01 X91.8551Y8.7351
G01 X91.8610Y8.6077
G01 X91.8649Y8.5686
G01 X91.8814Y8.4570
G01 X91.8858Y8.4328
G01 X91.9178Y8.3042
G01 X91.9279Y8.2714
G01 X91.9659Y8.1652
G01 X91.9809Y8.1289
G01 X92.0292Y8.0269
G01 X92.0404Y8.0050
G01 X92.1057Y7.8955
G01 X92.1275Y7.8628
G01 X92.1948Y7.7722
G01 X92.2100Y7.7529
G01 X92.3056Y7.6475
G01 X92.3232Y7.6304
G01 X92.4068Y7.5547
G01 X92.4372Y7.5298
G01 X92.5278Y7.4625
G01 X92.5480Y7.4485
G01 X92.6573Y7.3827
G01 X92.6919Y7.3642
G01 X92.7939Y7.3159
G01 X92.8164Y7.3062
G01 X92.9504Y7.2582
G01 X92.9740Y7.2515
G01 X93.0835Y7.2241
G01 X93.1220Y7.2164
G01 X93.2336Y7.1999
G01 X93.2580Y7.1970
G01 X93.3952Y7.1901
G00 Z20.0000
G00 X93.9307Y7.1900
G01 Z20.0000
G01 X94.0592Y7.0735
G01 X94.6110Y6.6643
G01 X95.2002Y6.3111
G01 X95.8212Y6.0174
G01 X96.4680Y5.7860
G01 X97.1344Y5.6191
G01 X97.8139Y5.5183
G01 X98.5000Y5.4846
G01 X99.1861Y5.5183
G01 X99.8656Y5.6191
G01 X100.5320Y5.7860
G01 X101.1788Y6.0174
G01 X101.7998Y6.3111
G01 X102.3890Y6.6643
G01 X102.9408Y7.0735
G01 X103.0693Y7.1900
G01 X102.4272Y7.1900
G01 X102.1668Y6.9969
G01 X101.6112Y6.6639
G01 X101.0257Y6.3870
G01 X100.4159Y6.1688
G01 X99.7876Y6.0114
G01 X99.1469Y5.9164
G01 X98.5000Y5.8846
G01 X97.8531Y5.9164
G01 X97.2124Y6.0114
G01 X96.5841Y6.1688
G01 X95.9743Y6.3870
G01 X95.3888Y6.6639
G01 X94.8332Y6.9969
G01 X94.5728Y7.1900
G00 Z20.0000
G00 X95.1579Y7.2680
G01 Z20.0000
G01 X95.5773Y7.0167
G01 X96.1274Y6.7565
G01 X96.7002Y6.5515
G01 X97.2904Y6.4037
G01 X97.8923Y6.3144
G01 X98.5000Y6.2846
G01 X99.1077Y6.3144
G01 X99.7096Y6.4037
G01 X100.2998Y6.5515
G01 X100.8726Y6.7565
G01 X101.4227Y7.0167
G01 X101.8421Y7.2680
G00 Z20.0000
G00 X101.4217Y7.4819
G01 Z20.0000
G01 X101.2341Y7.3694
G01 X100.7196Y7.1261
G01 X100.1837Y6.9343
G01 X99.6315Y6.7960
G01 X99.0685Y6.7125
G01 X98.5000Y6.6846
G01 X97.9315Y6.7125
G01 X97.3685Y6.7960
G01 X96.8163Y6.9343
G01 X96.2804Y7.1261
G01 X95.7659Y7.3694
G01 X95.5783Y7.4819
G00 Z20.0000
G00 X95.8808Y7.7664
G01 Z20.0000
G01 X95.9545Y7.7222
G01 X96.4335Y7.4956
G01 X96.9325Y7.3171
G01 X97.4465Y7.1883
G01 X97.9707Y7.1106
G01 X98.5000Y7.0846
G01 X99.0293Y7.1106
G01 X99.5535Y7.1883
G01 X100.0675Y7.3171
G01 X100.5665Y7.4956
G01 X101.0455Y7.7222
G01 X101.1192Y7.7664
G00 Z20.0000
G00 X100.9111Y8.1074
G01 Z20.0000
G01 X100.8570Y8.0750
G01 X100.4134Y7.8652
G01 X99.9514Y7.6999
G01 X99.4755Y7.5806
G01 X98.9901Y7.5087
G01 X98.5000Y7.4846
G01 X98.0099Y7.5087
G01 X97.5245Y7.5806
G01 X97.0486Y7.6999
G01 X96.5866Y7.8652
G01 X96.1430Y8.0750
G01 X96.0889Y8.1074
G00 Z20.0000
G00 X96.2055Y8.5033
G01 Z20.0000
G01 X96.3316Y8.4277
G01 X96.7397Y8.2347
G01 X97.1647Y8.0827
G01 X97.6026Y7.9730
G01 X98.0491Y7.9067
G01 X98.5000Y7.8846
G01 X98.9509Y7.9067
G01 X99.3974Y7.9730
G01 X99.8353Y8.0827
G01 X100.2603Y8.2347
G01 X100.6684Y8.4277
G01 X100.7945Y8.5033
G00 Z20.0000
G00 X100.7933Y8.9684
G01 Z20.0000
G01 X100.4799Y8.7805
G01 X100.1073Y8.6043
G01 X99.7192Y8.4654
G01 X99.3194Y8.3653
G01 X98.9117Y8.3048
G01 X98.5000Y8.2846
G01 X98.0883Y8.3048
G01 X97.6806Y8.3653
G01 X97.2808Y8.4654
G01 X96.8927Y8.6043
G01 X96.5201Y8.7805
G01 X96.2067Y8.9684
G00 Z20.0000
G00 X94.9387Y10.2664
G01 Z20.0000
G01 X94.7959Y10.5047
G01 X94.6197Y10.8773
G01 X94.4809Y11.2654
G01 X94.3807Y11.6652
G01 X94.3202Y12.0729
G01 X94.3000Y12.4846
G01 X94.3202Y12.8962
G01 X94.3807Y13.3040
G01 X94.4809Y13.7038
G01 X94.6197Y14.0918
G01 X94.7959Y14.4644
G01 X95.0078Y14.8180
G01 X95.2534Y15.1490
G01 X95.5302Y15.4544
G01 X95.8355Y15.7312
G01 X95.8562Y15.7465
G00 Z20.0000
G00 X95.8500Y15.2051
G01 Z20.0000
G01 X95.8130Y15.1716
G01 X95.5626Y14.8953
G01 X95.3404Y14.5957
G01 X95.1487Y14.2759
G01 X94.9893Y13.9388
G01 X94.8636Y13.5877
G01 X94.7730Y13.2259
G01 X94.7183Y12.8570
G01 X94.7000Y12.4846
G01 X94.7183Y12.1121
G01 X94.7730Y11.7432
G01 X94.8636Y11.3815
G01 X94.9893Y11.0304
G01 X95.1487Y10.6933
G01 X95.3404Y10.3734
G01 X95.5626Y10.0739
G01 X95.8130Y9.7976
G01 X96.0893Y9.5471
G01 X96.3888Y9.3250
G01 X96.7087Y9.1333
G01 X97.0458Y8.9738
G01 X97.3969Y8.8482
G01 X97.7587Y8.7576
G01 X98.1275Y8.7029
G01 X98.5000Y8.6846
G01 X98.8725Y8.7029
G01 X99.2413Y8.7576
G01 X99.6031Y8.8482
G01 X99.9542Y8.9738
G01 X100.2913Y9.1333
G01 X100.6112Y9.3250
G01 X100.9107Y9.5471
G01 X101.1870Y9.7976
G01 X101.4374Y10.0739
G01 X101.6596Y10.3734
G01 X101.8513Y10.6933
G01 X102.0107Y11.0304
G01 X102.1364Y11.3815
G01 X102.2270Y11.7432
G01 X102.2817Y12.1121
G01 X102.3000Y12.4846
G01 X102.2817Y12.8570
G01 X102.2270Y13.2259
G01 X102.1364Y13.5877
G01 X102.0107Y13.9388
G01 X101.8513Y14.2759
G01 X101.6596Y14.5957
G01 X101.4374Y14.8953
G01 X101.1870Y15.1716
G01 X101.1500Y15.2051
G00 Z20.0000
G00 X101.1438Y15.7465
G01 Z20.0000
G01 X101.1645Y15.7312
G01 X101.4698Y15.4544
G01 X101.7466Y15.1490
G01 X101.9922Y14.8180
G01 X102.2041Y14.4644
G01 X102.3803Y14.0918
G01 X102.5191Y13.7038
G01 X102.6193Y13.3040
G01 X102.6798Y12.8962
G01 X102.7000Y12.4846
G01 X102.6798Y12.0729
G01 X102.6193Y11.6652
G01 X102.5191Y11.2654
G01 X102.3803Y10.8773
G01 X102.2041Y10.5047
G01 X102.0613Y10.2664
G00 Z20.0000
G00 X102.5412Y10.2900
G01 Z20.0000
G01 X102.5568Y10.3162
G01 X102.7498Y10.7242
G01 X102.9019Y11.1493
G01 X103.0116Y11.5872
G01 X103.0778Y12.0337
G01 X103.1000Y12.4846
G01 X103.0778Y12.9355
G01 X103.0116Y13.3820
G01 X102.9019Y13.8199
G01 X102.7498Y14.2449
G01 X102.5568Y14.6530
G01 X102.3248Y15.0402
G01 X102.0558Y15.4028
G01 X101.7527Y15.7373
G01 X101.4182Y16.0404
G01 X101.0556Y16.3093
G01 X100.6684Y16.5414
G01 X100.3331Y16.7000
G00 Z20.0000
G00 X99.5239Y16.9645
G01 Z20.0000
G01 X99.3974Y16.9962
G01 X98.9509Y17.0624
G01 X98.5000Y17.0846
G01 X98.0491Y17.0624
G01 X97.6026Y16.9962
G01 X97.4761Y16.9645
G00 Z20.0000
G00 X97.5000Y17.3824
G01 Z20.0000
G01 X97.5245Y17.3885
G01 X98.0099Y17.4605
G01 X98.5000Y17.4846
G01 X98.9901Y17.4605
G01 X99.4755Y17.3885
G01 X99.5000Y17.3824
G00 Z20.0000
G00 X99.5005Y17.0804
G01 Z20.0000
G01 X99.5031Y17.0510
G01 X99.5098Y17.0124
G01 X99.5203Y16.9746
G01 X99.5344Y16.9379
G01 X99.5521Y16.9029
G01 X99.5731Y16.8697
G01 X99.5848Y16.8540
G01 X99.6104Y16.8243
G01 X99.6388Y16.7972
G01 X99.6540Y16.7848
G01 X99.6861Y16.7622
G01 X99.7202Y16.7428
G01 X99.7561Y16.7269
G01 X99.7933Y16.7146
G01 X99.8316Y16.7060
G01 X99.8706Y16.7012
G01 X99.9000Y16.7000
G01 X103.0000Y16.7000
G01 X103.0294Y16.7012
G01 X103.0490Y16.7031
G01 X103.0876Y16.7098
G01 X103.1254Y16.7203
G01 X103.1620Y16.7344
G01 X103.1971Y16.7521
G01 X103.2139Y16.7622
G01 X103.2460Y16.7848
G01 X103.2612Y16.7972
G01 X103.2896Y16.8243
G01 X103.3028Y16.8388
G01 X103.3269Y16.8697
G01 X103.3479Y16.9029
G01 X103.3572Y16.9202
G01 X103.3731Y16.9561
G01 X103.3854Y16.9933
G01 X103.3902Y17.0124
G01 X103.3940Y17.0316
G01 X103.3988Y17.0706
G01 X103.4000Y17.1000
G01 X103.3999Y18.7049
G01 X103.3988Y18.7294
G01 X103.3969Y18.7490
G01 X103.3902Y18.7876
G01 X103.3797Y18.8254
G01 X103.3656Y18.8621
G01 X103.3479Y18.8971
G01 X103.3269Y18.9303
G01 X103.3152Y18.9460
G01 X103.2896Y18.9757
G01 X103.2757Y18.9896
G01 X103.2460Y19.0152
G01 X103.2303Y19.0269
G01 X103.1971Y19.0479
G01 X103.1798Y19.0572
G01 X103.1620Y19.0656
G01 X103.1254Y19.0797
G01 X103.0876Y19.0902
G01 X103.0684Y19.0940
G01 X103.0490Y19.0969
G01 X103.0147Y19.0997
G01 X99.9000Y19.1000
G01 X99.8706Y19.0988
G01 X99.8510Y19.0969
G01 X99.8124Y19.0902
G01 X99.7746Y19.0797
G01 X99.7380Y19.0656
G01 X99.7029Y19.0479
G01 X99.6861Y19.0378
G01 X99.6540Y19.0152
G01 X99.6388Y19.0028
G01 X99.6104Y18.9757
G01 X99.5848Y18.9460
G01 X99.5731Y18.9303
G01 X99.5521Y18.8971
G01 X99.5344Y18.8621
G01 X99.5269Y18.8439
G01 X99.5146Y18.8067
G01 X99.5098Y18.7876
G01 X99.5031Y18.7490
G01 X99.5012Y18.7294
G01 X99.5000Y18.7000
G01 X99.5005Y17.0804
G00 Z20.0000
G00 X99.5000Y17.7888
G01 Z20.0000
G01 X99.0293Y17.8586
G01 X98.5000Y17.8846
G01 X97.9707Y17.8586
G01 X97.5000Y17.7888
G01 X97.5000Y18.1926
G01 X97.9315Y18.2566
G01 X98.5000Y18.2846
G01 X99.0685Y18.2566
G01 X99.5000Y18.1926
G01 X99.5000Y18.5965
G01 X99.1077Y18.6547
G01 X98.5000Y18.6846
G01 X97.8923Y18.6547
G01 X97.5000Y18.5965
G00 Z20.0000
G00 X97.3824Y18.9830
G01 Z20.0000
G01 X97.8531Y19.0528
G01 X98.5000Y19.0846
G01 X99.1469Y19.0528
G01 X99.6176Y18.9830
G01 X99.5103Y20.2106
G01 X99.2645Y20.2470
G01 X98.5000Y20.2846
G01 X97.7355Y20.2470
G01 X97.4897Y20.2106
G00 Z20.0000
G00 X97.5000Y20.6160
G01 Z20.0000
G01 X97.6963Y20.6451
G01 X98.5000Y20.6846
G01 X99.3037Y20.6451
G01 X99.5000Y20.6160
G00 Z20.0000
G00 X99.5005Y20.2804
G01 Z20.0000
G01 X99.5031Y20.2510
G01 X99.5098Y20.2124
G01 X99.5203Y20.1746
G01 X99.5344Y20.1379
G01 X99.5521Y20.1029
G01 X99.5622Y20.0861
G01 X99.5848Y20.0540
G01 X99.6104Y20.0243
G01 X99.6388Y19.9972
G01 X99.6697Y19.9731
G01 X99.7029Y19.9521
G01 X99.7380Y19.9344
G01 X99.7746Y19.9203
G01 X99.8124Y19.9098
G01 X99.8316Y19.9060
G01 X99.8706Y19.9012
G01 X99.9000Y19.9000
G01 X103.0000Y19.9000
G01 X103.0294Y19.9012
G01 X103.0490Y19.9031
G01 X103.0876Y19.9098
G01 X103.1254Y19.9203
G01 X103.1620Y19.9344
G01 X103.1971Y19.9521
G01 X103.2303Y19.9731
G01 X103.2460Y19.9848
G01 X103.2612Y19.9972
G01 X103.2896Y20.0243
G01 X103.3028Y20.0388
G01 X103.3269Y20.0697
G01 X103.3479Y20.1029
G01 X103.3656Y20.1379
G01 X103.3731Y20.1561
G01 X103.3797Y20.1746
G01 X103.3902Y20.2124
G01 X103.3969Y20.2510
G01 X103.3988Y20.2706
G01 X103.4000Y20.3000
G01 X103.3999Y21.9049
G01 X103.3988Y21.9294
G01 X103.3969Y21.9490
G01 X103.3902Y21.9876
G01 X103.3797Y22.0254
G01 X103.3656Y22.0621
G01 X103.3479Y22.0971
G01 X103.3378Y22.1139
G01 X103.3152Y22.1460
G01 X103.3028Y22.1612
G01 X103.2896Y22.1757
G01 X103.2612Y22.2028
G01 X103.2303Y22.2269
G01 X103.1971Y22.2479
G01 X103.1798Y22.2572
G01 X103.1620Y22.2656
G01 X103.1254Y22.2797
G01 X103.0876Y22.2902
G01 X103.0684Y22.2940
G01 X103.0490Y22.2969
G01 X103.0147Y22.2997
G01 X99.9000Y22.3000
G01 X99.8706Y22.2988
G01 X99.8510Y22.2969
G01 X99.8124Y22.2902
G01 X99.7746Y22.2797
G01 X99.7380Y22.2656
G01 X99.7029Y22.2479
G01 X99.6697Y22.2269
G01 X99.6540Y22.2152
G01 X99.6388Y22.2028
G01 X99.6104Y22.1757
G01 X99.5848Y22.1460
G01 X99.5622Y22.1139
G01 X99.5521Y22.0971
G01 X99.5344Y22.0621
G01 X99.5269Y22.0439
G01 X99.5203Y22.0254
G01 X99.5098Y21.9876
G01 X99.5031Y21.9490
G01 X99.5012Y21.9294
G01 X99.5000Y21.9000
G01 X99.5005Y20.2804
G00 Z20.0000
G00 X99.5000Y21.0199
G01 Z20.0000
G01 X99.3429Y21.0432
G01 X98.5000Y21.0846
G01 X97.6571Y21.0432
G01 X97.5000Y21.0199
G01 X97.5000Y21.4238
G01 X97.6178Y21.4412
G01 X98.5000Y21.4846
G01 X99.3822Y21.4412
G01 X99.5000Y21.4238
G01 X99.5000Y21.8276
G01 X99.4214Y21.8393
G01 X98.5000Y21.8846
G01 X97.5786Y21.8393
G01 X97.5000Y21.8276
G00 Z20.0000
G00 X97.3528Y22.2097
G01 Z20.0000
G01 X97.5394Y22.2374
G01 X98.5000Y22.2846
G01 X99.4606Y22.2374
G01 X99.6472Y22.2097
G00 Z20.0000
G00 X101.2428Y22.3000
G01 Z20.0000
G01 X100.4899Y22.4886
G01 X99.4998Y22.6355
G01 X98.5000Y22.6846
G01 X97.5002Y22.6355
G01 X96.5101Y22.4886
G01 X95.7572Y22.3000
G01 X94.5059Y22.3000
G01 X95.4230Y22.6281
G01 X96.4320Y22.8809
G01 X97.4610Y23.0335
G01 X98.5000Y23.0846
G01 X99.5390Y23.0335
G01 X100.5680Y22.8809
G01 X101.5770Y22.6281
G01 X102.4941Y22.3000
G00 Z20.0000
G00 X99.1442Y16.2260
G01 Z20.0000
G01 X98.8725Y16.2663
G01 X98.5000Y16.2846
G01 X98.1275Y16.2663
G01 X97.8558Y16.2260
G00 Z20.0000
G00 X97.5206Y16.3248
G01 Z20.0000
G01 X96.5136Y16.3250
G01 X96.4862Y16.3238
G01 X96.4326Y16.3194
G01 X96.4054Y16.3154
G01 X96.3823Y16.3107
G01 X96.3301Y16.2979
G01 X96.3038Y16.2898
G01 X96.2818Y16.2815
G01 X96.2322Y16.2607
G01 X96.2076Y16.2485
G01 X96.1871Y16.2369
G01 X96.1413Y16.2086
G01 X96.1189Y16.1928
G01 X96.1035Y16.1806
G01 X96.0686Y16.1508
G01 X96.0512Y16.1349
G01 X96.0320Y16.1152
G01 X95.9944Y16.0715
G01 X95.9730Y16.0434
G01 X95.9621Y16.0270
G01 X95.9321Y15.9778
G01 X95.9193Y15.9534
G01 X95.9096Y15.9320
G01 X95.8892Y15.8823
G01 X95.8804Y15.8562
G01 X95.8741Y15.8335
G01 X95.8618Y15.7812
G01 X95.8571Y15.7541
G01 X95.8545Y15.7307
G01 X95.8502Y15.6692
G01 X95.8500Y14.3425
G01 X95.8512Y14.3112
G01 X95.8549Y14.2654
G01 X95.8571Y14.2459
G01 X95.8618Y14.2188
G01 X95.8751Y14.1627
G01 X95.8804Y14.1438
G01 X95.8921Y14.1104
G01 X95.9143Y14.0572
G01 X95.9265Y14.0326
G01 X95.9361Y14.0155
G01 X95.9600Y13.9763
G01 X95.9730Y13.9566
G01 X95.9944Y13.9285
G01 X96.0268Y13.8906
G01 X96.0401Y13.8762
G01 X96.0598Y13.8570
G01 X96.1005Y13.8219
G01 X96.1189Y13.8072
G01 X96.1413Y13.7914
G01 X96.1905Y13.7611
G01 X96.2215Y13.7443
G01 X96.2430Y13.7346
G01 X96.2928Y13.7142
G01 X96.3188Y13.7054
G01 X96.3415Y13.6991
G01 X96.3938Y13.6868
G01 X96.4209Y13.6821
G01 X96.4443Y13.6795
G01 X96.4979Y13.6755
G01 X97.5075Y13.6750
G01 X97.5349Y13.6760
G01 X97.5807Y13.6795
G01 X97.6196Y13.6846
G01 X97.6389Y13.6885
G01 X97.6835Y13.6991
G01 X97.7062Y13.7054
G01 X97.7322Y13.7142
G01 X97.7856Y13.7361
G01 X97.8035Y13.7443
G01 X97.8345Y13.7611
G01 X97.8837Y13.7914
G01 X97.9061Y13.8072
G01 X97.9215Y13.8194
G01 X97.9564Y13.8492
G01 X97.9738Y13.8651
G01 X97.9930Y13.8848
G01 X98.0306Y13.9285
G01 X98.0520Y13.9566
G01 X98.0629Y13.9730
G01 X98.0929Y14.0222
G01 X98.1057Y14.0466
G01 X98.1154Y14.0680
G01 X98.1358Y14.1177
G01 X98.1446Y14.1438
G01 X98.1509Y14.1665
G01 X98.1632Y14.2188
G01 X98.1679Y14.2459
G01 X98.1705Y14.2693
G01 X98.1748Y14.3308
G01 X98.1750Y15.6614
G01 X98.1738Y15.6888
G01 X98.1701Y15.7346
G01 X98.1679Y15.7541
G01 X98.1632Y15.7812
G01 X98.1499Y15.8373
G01 X98.1446Y15.8562
G01 X98.1358Y15.8823
G01 X98.1107Y15.9428
G01 X98.0929Y15.9778
G01 X98.0586Y16.0337
G01 X98.0356Y16.0654
G01 X98.0008Y16.1064
G01 X97.9849Y16.1238
G01 X97.9594Y16.1482
G01 X97.9154Y16.1856
G01 X97.8837Y16.2086
G01 X97.8379Y16.2369
G01 X97.8174Y16.2485
G01 X97.7856Y16.2639
G01 X97.7396Y16.2829
G01 X97.7212Y16.2898
G01 X97.6873Y16.2999
G01 X97.6389Y16.3115
G01 X97.6196Y16.3154
G01 X97.5846Y16.3201
G01 X97.5206Y16.3248
G00 Z20.0000
G00 X98.1419Y15.8645
G01 Z20.0000
G01 X98.1667Y15.8682
G01 X98.5000Y15.8846
G01 X98.8333Y15.8682
G01 X98.8581Y15.8645
G00 Z20.0000
G00 X98.8250Y15.4655
G01 Z20.0000
G01 X98.7941Y15.4701
G01 X98.5000Y15.4846
G01 X98.2059Y15.4701
G01 X98.1750Y15.4655
G01 X98.1750Y15.0616
G01 X98.2452Y15.0721
G01 X98.5000Y15.0846
G01 X98.7548Y15.0721
G01 X98.8250Y15.0616
G01 X98.8250Y14.6578
G01 X98.7156Y14.6740
G01 X98.5000Y14.6846
G01 X98.2844Y14.6740
G01 X98.1750Y14.6578
G00 Z20.0000
G00 X98.1688Y14.2529
G01 Z20.0000
G01 X98.3236Y14.2759
G01 X98.5000Y14.2846
G01 X98.6764Y14.2759
G01 X98.8312Y14.2529
G00 Z20.0000
G00 X99.8474Y13.6750
G01 Z20.0000
G01 X99.8914Y13.6265
G01 X99.9966Y13.4846
G01 X100.0875Y13.3331
G01 X100.1630Y13.1734
G01 X100.2225Y13.0071
G01 X100.2654Y12.8357
G01 X100.2913Y12.6610
G01 X100.3000Y12.4846
G01 X100.2913Y12.3081
G01 X100.2654Y12.1334
G01 X100.2225Y11.9621
G01 X100.1630Y11.7957
G01 X100.0875Y11.6361
G01 X99.9966Y11.4845
G01 X99.8914Y11.3427
G01 X99.7728Y11.2118
G01 X99.6419Y11.0932
G01 X99.5000Y10.9879
G01 X99.3485Y10.8971
G01 X99.1888Y10.8216
G01 X99.0225Y10.7621
G01 X98.8512Y10.7192
G01 X98.6764Y10.6932
G01 X98.5000Y10.6846
G01 X98.3236Y10.6932
G01 X98.1488Y10.7192
G01 X97.9775Y10.7621
G01 X97.8112Y10.8216
G01 X97.6515Y10.8971
G01 X97.5000Y10.9879
G01 X97.3581Y11.0932
G01 X97.2272Y11.2118
G01 X97.1086Y11.3427
G01 X97.0034Y11.4845
G01 X96.9125Y11.6361
G01 X96.8370Y11.7957
G01 X96.7775Y11.9621
G01 X96.7346Y12.1334
G01 X96.7087Y12.3081
G01 X96.7000Y12.4846
G01 X96.7087Y12.6610
G01 X96.7346Y12.8357
G01 X96.7775Y13.0071
G01 X96.8370Y13.1734
G01 X96.9125Y13.3331
G01 X97.0034Y13.4846
G01 X97.1086Y13.6265
G01 X97.1526Y13.6750
G01 X96.6517Y13.6750
G01 X96.5598Y13.5216
G01 X96.4675Y13.3265
G01 X96.3947Y13.1232
G01 X96.3423Y12.9138
G01 X96.3106Y12.7002
G01 X96.3000Y12.4846
G01 X96.3106Y12.2689
G01 X96.3423Y12.0554
G01 X96.3947Y11.8459
G01 X96.4675Y11.6427
G01 X96.5598Y11.4475
G01 X96.6708Y11.2623
G01 X96.7994Y11.0889
G01 X96.9444Y10.9289
G01 X97.1043Y10.7840
G01 X97.2777Y10.6553
G01 X97.4629Y10.5443
G01 X97.6581Y10.4520
G01 X97.8614Y10.3793
G01 X98.0708Y10.3268
G01 X98.2844Y10.2952
G01 X98.5000Y10.2846
G01 X98.7156Y10.2952
G01 X98.9292Y10.3268
G01 X99.1386Y10.3793
G01 X99.3419Y10.4520
G01 X99.5371Y10.5443
G01 X99.7223Y10.6553
G01 X99.8957Y10.7840
G01 X100.0556Y10.9289
G01 X100.2006Y11.0889
G01 X100.3292Y11.2623
G01 X100.4402Y11.4475
G01 X100.5325Y11.6427
G01 X100.6053Y11.8459
G01 X100.6577Y12.0554
G01 X100.6894Y12.2689
G01 X100.7000Y12.4846
G01 X100.6894Y12.7002
G01 X100.6577Y12.9138
G01 X100.6053Y13.1232
G01 X100.5325Y13.3265
G01 X100.4402Y13.5216
G01 X100.3483Y13.6750
G00 Z20.0000
G00 X100.7738Y13.7422
G01 Z20.0000
G01 X100.7930Y13.7102
G01 X100.9021Y13.4796
G01 X100.9880Y13.2393
G01 X101.0500Y12.9918
G01 X101.0875Y12.7394
G01 X101.1000Y12.4846
G01 X101.0875Y12.2297
G01 X101.0500Y11.9773
G01 X100.9880Y11.7298
G01 X100.9021Y11.4896
G01 X100.7930Y11.2589
G01 X100.6618Y11.0401
G01 X100.5098Y10.8352
G01 X100.3385Y10.6461
G01 X100.1494Y10.4747
G01 X99.9445Y10.3228
G01 X99.7256Y10.1916
G01 X99.4950Y10.0825
G01 X99.2547Y9.9965
G01 X99.0072Y9.9345
G01 X98.7548Y9.8971
G01 X98.5000Y9.8846
G01 X98.2452Y9.8971
G01 X97.9928Y9.9345
G01 X97.7453Y9.9965
G01 X97.5050Y10.0825
G01 X97.2744Y10.1916
G01 X97.0555Y10.3228
G01 X96.8506Y10.4747
G01 X96.6615Y10.6461
G01 X96.4902Y10.8352
G01 X96.3382Y11.0401
G01 X96.2070Y11.2589
G01 X96.0979Y11.4896
G01 X96.0120Y11.7298
G01 X95.9500Y11.9773
G01 X95.9125Y12.2297
G01 X95.9000Y12.4846
G01 X95.9125Y12.7394
G01 X95.9500Y12.9918
G01 X96.0120Y13.2393
G01 X96.0979Y13.4796
G01 X96.2070Y13.7102
G01 X96.2262Y13.7422
G00 Z20.0000
G00 X95.9303Y14.0256
G01 Z20.0000
G01 X95.8542Y13.8988
G01 X95.7284Y13.6326
G01 X95.6292Y13.3554
G01 X95.5576Y13.0698
G01 X95.5144Y12.7786
G01 X95.5000Y12.4846
G01 X95.5144Y12.1905
G01 X95.5576Y11.8993
G01 X95.6292Y11.6137
G01 X95.7284Y11.3365
G01 X95.8542Y11.0704
G01 X96.0056Y10.8179
G01 X96.1810Y10.5814
G01 X96.3787Y10.3633
G01 X96.5968Y10.1655
G01 X96.8333Y9.9902
G01 X97.0858Y9.8388
G01 X97.3519Y9.7129
G01 X97.6291Y9.6138
G01 X97.9147Y9.5422
G01 X98.2059Y9.4990
G01 X98.5000Y9.4846
G01 X98.7941Y9.4990
G01 X99.0853Y9.5422
G01 X99.3709Y9.6138
G01 X99.6481Y9.7129
G01 X99.9142Y9.8388
G01 X100.1667Y9.9902
G01 X100.4032Y10.1655
G01 X100.6213Y10.3633
G01 X100.8190Y10.5814
G01 X100.9944Y10.8179
G01 X101.1458Y11.0704
G01 X101.2716Y11.3365
G01 X101.3708Y11.6137
G01 X101.4424Y11.8993
G01 X101.4856Y12.1905
G01 X101.5000Y12.4846
G01 X101.4856Y12.7786
G01 X101.4424Y13.0698
G01 X101.3708Y13.3554
G01 X101.2716Y13.6326
G01 X101.1458Y13.8988
G01 X101.0697Y14.0256
G00 Z20.0000
G00 X101.1500Y14.6122
G01 Z20.0000
G01 X101.3270Y14.3735
G01 X101.4985Y14.0873
G01 X101.6412Y13.7857
G01 X101.7536Y13.4715
G01 X101.8347Y13.1479
G01 X101.8836Y12.8178
G01 X101.9000Y12.4846
G01 X101.8836Y12.1513
G01 X101.8347Y11.8213
G01 X101.7536Y11.4976
G01 X101.6412Y11.1835
G01 X101.4985Y10.8818
G01 X101.3270Y10.5956
G01 X101.1282Y10.3276
G01 X100.9042Y10.0804
G01 X100.6569Y9.8563
G01 X100.3889Y9.6576
G01 X100.1027Y9.4860
G01 X99.8011Y9.3434
G01 X99.4870Y9.2310
G01 X99.1633Y9.1499
G01 X98.8333Y9.1009
G01 X98.5000Y9.0846
G01 X98.1667Y9.1009
G01 X97.8367Y9.1499
G01 X97.5130Y9.2310
G01 X97.1989Y9.3434
G01 X96.8973Y9.4860
G01 X96.6111Y9.6576
G01 X96.3431Y9.8563
G01 X96.0958Y10.0804
G01 X95.8718Y10.3276
G01 X95.6730Y10.5956
G01 X95.5015Y10.8818
G01 X95.3588Y11.1835
G01 X95.2464Y11.4976
G01 X95.1653Y11.8213
G01 X95.1164Y12.1513
G01 X95.1000Y12.4846
G01 X95.1164Y12.8178
G01 X95.1653Y13.1479
G01 X95.2464Y13.4715
G01 X95.3588Y13.7857
G01 X95.5015Y14.0873
G01 X95.6730Y14.3735
G01 X95.8500Y14.6122
G00 Z20.0000
G00 X98.7000Y12.4846
G01 Z20.0000
G01 X98.6990Y12.4650
G01 X98.6962Y12.4456
G01 X98.6914Y12.4265
G01 X98.6848Y12.4080
G01 X98.6764Y12.3903
G01 X98.6663Y12.3735
G01 X98.6546Y12.3577
G01 X98.6414Y12.3432
G01 X98.6269Y12.3300
G01 X98.6111Y12.3183
G01 X98.5943Y12.3082
G01 X98.5765Y12.2998
G01 X98.5581Y12.2932
G01 X98.5390Y12.2884
G01 X98.5196Y12.2855
G01 X98.5000Y12.2846
G01 X98.4804Y12.2855
G01 X98.4610Y12.2884
G01 X98.4419Y12.2932
G01 X98.4235Y12.2998
G01 X98.4057Y12.3082
G01 X98.3889Y12.3183
G01 X98.3731Y12.3300
G01 X98.3586Y12.3432
G01 X98.3454Y12.3577
G01 X98.3337Y12.3735
G01 X98.3236Y12.3903
G01 X98.3152Y12.4080
G01 X98.3086Y12.4265
G01 X98.3038Y12.4456
G01 X98.3010Y12.4650
G01 X98.3000Y12.4846
G01 X98.3010Y12.5042
G01 X98.3038Y12.5236
G01 X98.3086Y12.5426
G01 X98.3152Y12.5611
G01 X98.3236Y12.5789
G01 X98.3337Y12.5957
G01 X98.3454Y12.6115
G01 X98.3586Y12.6260
G01 X98.3731Y12.6392
G01 X98.3889Y12.6509
G01 X98.4057Y12.6610
G01 X98.4235Y12.6694
G01 X98.4419Y12.6760
G01 X98.4610Y12.6807
G01 X98.4804Y12.6836
G01 X98.5000Y12.6846
G01 X98.5196Y12.6836
G01 X98.5390Y12.6807
G01 X98.5581Y12.6760
G01 X98.5765Y12.6694
G01 X98.5943Y12.6610
G01 X98.6111Y12.6509
G01 X98.6269Y12.6392
G01 X98.6414Y12.6260
G01 X98.6546Y12.6115
G01 X98.6663Y12.5957
G01 X98.6764Y12.5789
G01 X98.6848Y12.5611
G01 X98.6914Y12.5426
G01 X98.6962Y12.5236
G01 X98.6990Y12.5042
G01 X98.7000Y12.4846
G01 X99.1000Y12.4846
G01 X99.0971Y12.4258
G01 X99.0885Y12.3675
G01 X99.0742Y12.3104
G01 X99.0543Y12.2550
G01 X99.0292Y12.2017
G01 X98.9989Y12.1512
G01 X98.9638Y12.1039
G01 X98.9243Y12.0603
G01 X98.8806Y12.0208
G01 X98.8333Y11.9857
G01 X98.7828Y11.9554
G01 X98.7296Y11.9302
G01 X98.6742Y11.9104
G01 X98.6171Y11.8961
G01 X98.5588Y11.8875
G01 X98.5000Y11.8846
G01 X98.4412Y11.8875
G01 X98.3829Y11.8961
G01 X98.3258Y11.9104
G01 X98.2704Y11.9302
G01 X98.2172Y11.9554
G01 X98.1667Y11.9857
G01 X98.1194Y12.0208
G01 X98.0757Y12.0603
G01 X98.0362Y12.1039
G01 X98.0011Y12.1512
G01 X97.9708Y12.2017
G01 X97.9457Y12.2550
G01 X97.9258Y12.3104
G01 X97.9115Y12.3675
G01 X97.9029Y12.4258
G01 X97.9000Y12.4846
G01 X97.9029Y12.5434
G01 X97.9115Y12.6016
G01 X97.9258Y12.6587
G01 X97.9457Y12.7142
G01 X97.9708Y12.7674
G01 X98.0011Y12.8179
G01 X98.0362Y12.8652
G01 X98.0757Y12.9088
G01 X98.1194Y12.9484
G01 X98.1667Y12.9835
G01 X98.2172Y13.0137
G01 X98.2704Y13.0389
G01 X98.3258Y13.0587
G01 X98.3829Y13.0730
G01 X98.4412Y13.0817
G01 X98.5000Y13.0846
G01 X98.5588Y13.0817
G01 X98.6171Y13.0730
G01 X98.6742Y13.0587
G01 X98.7296Y13.0389
G01 X98.7828Y13.0137
G01 X98.8333Y12.9835
G01 X98.8806Y12.9484
G01 X98.9243Y12.9088
G01 X98.9638Y12.8652
G01 X98.9989Y12.8179
G01 X99.0292Y12.7674
G01 X99.0543Y12.7142
G01 X99.0742Y12.6587
G01 X99.0885Y12.6016
G01 X99.0971Y12.5434
G01 X99.1000Y12.4846
G01 X99.5000Y12.4846
G01 X99.4952Y12.3866
G01 X99.4808Y12.2895
G01 X99.4569Y12.1943
G01 X99.4239Y12.1019
G01 X99.3819Y12.0132
G01 X99.3315Y11.9290
G01 X99.2730Y11.8502
G01 X99.2071Y11.7775
G01 X99.1344Y11.7116
G01 X99.0556Y11.6531
G01 X98.9714Y11.6027
G01 X98.8827Y11.5607
G01 X98.7903Y11.5276
G01 X98.6951Y11.5038
G01 X98.5980Y11.4894
G01 X98.5000Y11.4846
G01 X98.4020Y11.4894
G01 X98.3049Y11.5038
G01 X98.2097Y11.5276
G01 X98.1173Y11.5607
G01 X98.0286Y11.6027
G01 X97.9444Y11.6531
G01 X97.8656Y11.7116
G01 X97.7929Y11.7775
G01 X97.7270Y11.8502
G01 X97.6685Y11.9290
G01 X97.6181Y12.0132
G01 X97.5761Y12.1019
G01 X97.5431Y12.1943
G01 X97.5192Y12.2895
G01 X97.5048Y12.3866
G01 X97.5000Y12.4846
G01 X97.5048Y12.5826
G01 X97.5192Y12.6797
G01 X97.5431Y12.7749
G01 X97.5761Y12.8673
G01 X97.6181Y12.9560
G01 X97.6685Y13.0401
G01 X97.7270Y13.1190
G01 X97.7929Y13.1917
G01 X97.8656Y13.2576
G01 X97.9444Y13.3160
G01 X98.0286Y13.3665
G01 X98.1173Y13.4085
G01 X98.2097Y13.4415
G01 X98.3049Y13.4654
G01 X98.4020Y13.4798
G01 X98.5000Y13.4846
G01 X98.5980Y13.4798
G01 X98.6951Y13.4654
G01 X98.7903Y13.4415
G01 X98.8827Y13.4085
G01 X98.9714Y13.3665
G01 X99.0556Y13.3160
G01 X99.1344Y13.2576
G01 X99.2071Y13.1917
G01 X99.2730Y13.1190
G01 X99.3315Y13.0401
G01 X99.3819Y12.9560
G01 X99.4239Y12.8673
G01 X99.4569Y12.7749
G01 X99.4808Y12.6797
G01 X99.4952Y12.5826
G01 X99.5000Y12.4846
G01 X99.9000Y12.4846
G01 X99.8933Y12.3474
G01 X99.8731Y12.2114
G01 X99.8397Y12.0782
G01 X99.7934Y11.9488
G01 X99.7347Y11.8246
G01 X99.6641Y11.7068
G01 X99.5822Y11.5964
G01 X99.4899Y11.4946
G01 X99.3882Y11.4024
G01 X99.2778Y11.3205
G01 X99.1600Y11.2499
G01 X99.0358Y11.1911
G01 X98.9064Y11.1449
G01 X98.7731Y11.1115
G01 X98.6372Y11.0913
G01 X98.5000Y11.0846
G01 X98.3628Y11.0913
G01 X98.2269Y11.1115
G01 X98.0936Y11.1449
G01 X97.9642Y11.1911
G01 X97.8400Y11.2499
G01 X97.7222Y11.3205
G01 X97.6118Y11.4024
G01 X97.5101Y11.4946
G01 X97.4178Y11.5964
G01 X97.3359Y11.7068
G01 X97.2653Y11.8246
G01 X97.2066Y11.9488
G01 X97.1603Y12.0782
G01 X97.1269Y12.2114
G01 X97.1067Y12.3474
G01 X97.1000Y12.4846
G01 X97.1067Y12.6218
G01 X97.1269Y12.7577
G01 X97.1603Y12.8910
G01 X97.2066Y13.0203
G01 X97.2653Y13.1445
G01 X97.3359Y13.2624
G01 X97.4178Y13.3727
G01 X97.5101Y13.4745
G01 X97.6118Y13.5668
G01 X97.7222Y13.6486
G01 X97.8400Y13.7193
G01 X97.9642Y13.7780
G01 X98.0936Y13.8243
G01 X98.2269Y13.8577
G01 X98.3628Y13.8778
G01 X98.5000Y13.8846
G01 X98.6372Y13.8778
G01 X98.7731Y13.8577
G01 X98.9064Y13.8243
G01 X99.0358Y13.7780
G01 X99.1600Y13.7193
G01 X99.2778Y13.6486
G01 X99.3882Y13.5668
G01 X99.4899Y13.4745
G01 X99.5822Y13.3727
G01 X99.6641Y13.2624
G01 X99.7347Y13.1445
G01 X99.7934Y13.0203
G01 X99.8397Y12.8910
G01 X99.8731Y12.7577
G01 X99.8933Y12.6218
G01 X99.9000Y12.4846
G00 Z20.0000
G00 X102.3152Y7.1901
G01 Z20.0000
G01 X103.6024Y7.1901
G01 X103.7273Y7.1960
G01 X103.7518Y7.1980
G01 X103.8780Y7.2164
G01 X103.9118Y7.2230
G01 X104.0260Y7.2515
G01 X104.0496Y7.2582
G01 X104.1836Y7.3062
G01 X104.2061Y7.3159
G01 X104.3213Y7.3708
G01 X104.3427Y7.3827
G01 X104.4395Y7.4407
G01 X104.4682Y7.4597
G01 X104.5628Y7.5298
G01 X104.5932Y7.5547
G01 X104.6768Y7.6304
G01 X104.6944Y7.6475
G01 X104.7900Y7.7529
G01 X104.8052Y7.7722
G01 X104.8810Y7.8748
G01 X104.8943Y7.8955
G01 X104.9596Y8.0050
G01 X104.9708Y8.0269
G01 X105.0251Y8.1423
G01 X105.0341Y8.1652
G01 X105.0768Y8.2854
G01 X105.0835Y8.3090
G01 X105.1142Y8.4328
G01 X105.1186Y8.4570
G01 X105.1370Y8.5832
G01 X105.1390Y8.6077
G01 X105.1449Y8.7351
G01 X105.1445Y8.7596
G01 X105.1380Y8.8870
G01 X105.1351Y8.9114
G01 X105.1161Y9.0376
G01 X105.1109Y9.0615
G01 X105.0796Y9.1852
G01 X105.0721Y9.2086
G01 X105.0288Y9.3286
G01 X105.0191Y9.3511
G01 X104.9642Y9.4663
G01 X104.9523Y9.4877
G01 X104.8865Y9.5970
G01 X104.8725Y9.6172
G01 X104.7962Y9.7195
G01 X104.7803Y9.7382
G01 X104.6944Y9.8325
G01 X104.6768Y9.8496
G01 X104.5821Y9.9350
G01 X104.5628Y9.9502
G01 X104.4722Y10.0175
G01 X104.4395Y10.0393
G01 X104.3427Y10.0973
G01 X104.3213Y10.1092
G01 X104.1927Y10.1701
G01 X104.1698Y10.1791
G01 X104.0636Y10.2171
G01 X104.0260Y10.2285
G01 X103.9165Y10.2559
G01 X103.8926Y10.2611
G01 X103.7664Y10.2801
G01 X103.7273Y10.2840
G01 X103.5950Y10.2900
G01 X102.3250Y10.2900
G01 X102.1927Y10.2840
G01 X102.1536Y10.2801
G01 X102.0274Y10.2611
G01 X102.0035Y10.2559
G01 X101.8798Y10.2246
G01 X101.8564Y10.2171
G01 X101.7364Y10.1738
G01 X101.7139Y10.1641
G01 X101.5987Y10.1092
G01 X101.5773Y10.0973
G01 X101.4680Y10.0315
G01 X101.4478Y10.0175
G01 X101.3455Y9.9412
G01 X101.3268Y9.9253
G01 X101.2325Y9.8394
G01 X101.2154Y9.8218
G01 X101.1300Y9.7271
G01 X101.1148Y9.7078
G01 X101.0475Y9.6172
G01 X101.0257Y9.5845
G01 X100.9677Y9.4877
G01 X100.9558Y9.4663
G01 X100.8949Y9.3377
G01 X100.8859Y9.3148
G01 X100.8479Y9.2086
G01 X100.8365Y9.1710
G01 X100.8058Y9.0472
G01 X100.8014Y9.0230
G01 X100.7849Y8.9114
G01 X100.7810Y8.8723
G01 X100.7755Y8.7596
G01 X100.7751Y8.7351
G01 X100.7810Y8.6077
G01 X100.7849Y8.5686
G01 X100.8014Y8.4570
G01 X100.8058Y8.4328
G01 X100.8378Y8.3042
G01 X100.8479Y8.2714
G01 X100.8859Y8.1652
G01 X100.9009Y8.1289
G01 X100.9492Y8.0269
G01 X100.9604Y8.0050
G01 X101.0257Y7.8955
G01 X101.0475Y7.8628
G01 X101.1148Y7.7722
G01 X101.1300Y7.7529
G01 X101.2256Y7.6475
G01 X101.2432Y7.6304
G01 X101.3268Y7.5547
G01 X101.3572Y7.5298
G01 X101.4478Y7.4625
G01 X101.4680Y7.4485
G01 X101.5773Y7.3827
G01 X101.6119Y7.3642
G01 X101.7139Y7.3159
G01 X101.7364Y7.3062
G01 X101.8704Y7.2582
G01 X101.8940Y7.2515
G01 X102.0035Y7.2241
G01 X102.0420Y7.2164
G01 X102.1536Y7.1999
G01 X102.1780Y7.1970
G01 X102.3152Y7.1901
G00 Z20.0000
G00 X101.2396Y4.7662
G01 Z20.0000
G01 X100.8803Y4.6377
G01 X100.0997Y4.4421
G01 X99.3037Y4.3241
G01 X98.5000Y4.2846
G01 X97.6963Y4.3241
G01 X96.9003Y4.4421
G01 X96.1197Y4.6377
G01 X95.7604Y4.7662
G00 Z20.0000
G00 X96.1171Y4.2265
G01 Z20.0000
G01 X96.8222Y4.0498
G01 X97.6571Y3.9260
G01 X98.5000Y3.8846
G01 X99.3429Y3.9260
G01 X100.1778Y4.0498
G01 X100.8829Y4.2265
G00 Z20.0000
G00 X100.7809Y3.7890
G01 Z20.0000
G01 X100.2558Y3.6575
G01 X99.3822Y3.5279
G01 X98.5000Y3.4846
G01 X97.6178Y3.5279
G01 X96.7442Y3.6575
G01 X96.2191Y3.7890
G00 Z20.0000
G00 X96.1993Y3.3821
G01 Z20.0000
G01 X96.6662Y3.2652
G01 X97.5786Y3.1298
G01 X98.5000Y3.0846
G01 X99.4214Y3.1298
G01 X100.3338Y3.2652
G01 X100.8007Y3.3821
G00 Z20.0000
G00 X100.9236Y3.0011
G01 Z20.0000
G01 X100.4119Y2.8729
G01 X99.4606Y2.7318
G01 X98.5000Y2.6846
G01 X97.5394Y2.7318
G01 X96.5881Y2.8729
G01 X96.0764Y3.0011
G00 Z20.0000
G00 X95.8467Y2.6467
G01 Z20.0000
G01 X96.5101Y2.4806
G01 X97.5002Y2.3337
G01 X98.5000Y2.2846
G01 X99.4998Y2.3337
G01 X100.4899Y2.4806
G01 X101.1533Y2.6467
G00 Z20.0000
G00 X101.5321Y2.3298
G01 Z20.0000
G01 X100.5680Y2.0883
G01 X99.5390Y1.9356
G01 X98.5000Y1.8846
G01 X97.4610Y1.9356
G01 X96.4320Y2.0883
G01 X95.4679Y2.3298
G00 Z20.0000
G00 X94.8526Y2.1208
G01 Z20.0000
G01 X95.3069Y1.9582
G01 X96.3540Y1.6959
G01 X97.4218Y1.5375
G01 X98.5000Y1.4846
G01 X99.5782Y1.5375
G01 X100.6460Y1.6959
G01 X101.6931Y1.9582
G01 X102.1474Y2.1208
G00 Z20.0000
G00 X102.3152Y2.1101
G01 Z20.0000
G01 X103.6024Y2.1101
G01 X103.7273Y2.1160
G01 X103.7518Y2.1180
G01 X103.8780Y2.1364
G01 X103.9118Y2.1430
G01 X104.0260Y2.1715
G01 X104.0496Y2.1782
G01 X104.1836Y2.2262
G01 X104.2061Y2.2359
G01 X104.3213Y2.2908
G01 X104.3427Y2.3027
G01 X104.4395Y2.3607
G01 X104.4722Y2.3825
G01 X104.5667Y2.4527
G01 X104.5932Y2.4747
G01 X104.6768Y2.5504
G01 X104.6944Y2.5675
G01 X104.7900Y2.6729
G01 X104.8052Y2.6922
G01 X104.8810Y2.7948
G01 X104.8943Y2.8155
G01 X104.9596Y2.9250
G01 X104.9708Y2.9469
G01 X105.0251Y3.0623
G01 X105.0341Y3.0852
G01 X105.0768Y3.2054
G01 X105.0835Y3.2290
G01 X105.1142Y3.3528
G01 X105.1186Y3.3770
G01 X105.1370Y3.5032
G01 X105.1390Y3.5277
G01 X105.1449Y3.6551
G01 X105.1445Y3.6796
G01 X105.1380Y3.8070
G01 X105.1351Y3.8314
G01 X105.1161Y3.9576
G01 X105.1109Y3.9815
G01 X105.0796Y4.1052
G01 X105.0721Y4.1286
G01 X105.0288Y4.2486
G01 X105.0191Y4.2711
G01 X104.9642Y4.3863
G01 X104.9523Y4.4077
G01 X104.8865Y4.5170
G01 X104.8725Y4.5372
G01 X104.7962Y4.6395
G01 X104.7803Y4.6582
G01 X104.6944Y4.7525
G01 X104.6768Y4.7696
G01 X104.5821Y4.8550
G01 X104.5628Y4.8702
G01 X104.4722Y4.9375
G01 X104.4395Y4.9593
G01 X104.3427Y5.0173
G01 X104.3213Y5.0292
G01 X104.1927Y5.0901
G01 X104.1698Y5.0991
G01 X104.0636Y5.1371
G01 X104.0260Y5.1485
G01 X103.9165Y5.1759
G01 X103.8926Y5.1811
G01 X103.7664Y5.2001
G01 X103.7273Y5.2040
G01 X103.5950Y5.2100
G01 X102.3250Y5.2100
G01 X102.1927Y5.2040
G01 X102.1536Y5.2001
G01 X102.0274Y5.1811
G01 X102.0035Y5.1759
G01 X101.8798Y5.1446
G01 X101.8564Y5.1371
G01 X101.7364Y5.0938
G01 X101.7139Y5.0841
G01 X101.5987Y5.0292
G01 X101.5773Y5.0173
G01 X101.4680Y4.9515
G01 X101.4478Y4.9375
G01 X101.3455Y4.8612
G01 X101.3268Y4.8453
G01 X101.2325Y4.7594
G01 X101.2154Y4.7418
G01 X101.1300Y4.6471
G01 X101.1148Y4.6278
G01 X101.0475Y4.5372
G01 X101.0257Y4.5045
G01 X100.9677Y4.4077
G01 X100.9558Y4.3863
G01 X100.8949Y4.2577
G01 X100.8859Y4.2348
G01 X100.8479Y4.1286
G01 X100.8365Y4.0910
G01 X100.8058Y3.9672
G01 X100.8014Y3.9430
G01 X100.7849Y3.8314
G01 X100.7810Y3.7923
G01 X100.7755Y3.6796
G01 X100.7751Y3.6551
G01 X100.7810Y3.5277
G01 X100.7849Y3.4886
G01 X100.8014Y3.3770
G01 X100.8058Y3.3528
G01 X100.8378Y3.2242
G01 X100.8479Y3.1914
G01 X100.8859Y3.0852
G01 X100.9009Y3.0489
G01 X100.9492Y2.9469
G01 X100.9604Y2.9250
G01 X101.0257Y2.8155
G01 X101.0475Y2.7828
G01 X101.1148Y2.6922
G01 X101.1300Y2.6729
G01 X101.2256Y2.5675
G01 X101.2432Y2.5504
G01 X101.3268Y2.4747
G01 X101.3572Y2.4498
G01 X101.4478Y2.3825
G01 X101.4680Y2.3685
G01 X101.5900Y2.2954
G01 X101.6119Y2.2842
G01 X101.7139Y2.2359
G01 X101.7502Y2.2209
G01 X101.8704Y2.1782
G01 X101.8940Y2.1715
G01 X102.0035Y2.1441
G01 X102.0420Y2.1364
G01 X102.1536Y2.1199
G01 X102.1780Y2.1170
G01 X102.3152Y2.1101
G00 Z20.0000
G00 X103.1959Y2.1100
G01 Z20.0000
G01 X102.8626Y1.9523
G01 X101.8092Y1.5755
G01 X100.7240Y1.3036
G01 X99.6174Y1.1395
G01 X98.5000Y1.0846
G01 X97.3826Y1.1395
G01 X96.2760Y1.3036
G01 X95.1908Y1.5755
G01 X94.1374Y1.9523
G01 X93.8041Y2.1100
G00 Z20.0000
G00 X93.3952Y2.1101
G01 Z20.0000
G01 X94.6824Y2.1101
G01 X94.8073Y2.1160
G01 X94.8318Y2.1180
G01 X94.9580Y2.1364
G01 X94.9918Y2.1430
G01 X95.1060Y2.1715
G01 X95.1296Y2.1782
G01 X95.2636Y2.2262
G01 X95.2861Y2.2359
G01 X95.4013Y2.2908
G01 X95.4227Y2.3027
G01 X95.5195Y2.3607
G01 X95.5522Y2.3825
G01 X95.6467Y2.4527
G01 X95.6732Y2.4747
G01 X95.7568Y2.5504
G01 X95.7744Y2.5675
G01 X95.8700Y2.6729
G01 X95.8852Y2.6922
G01 X95.9610Y2.7948
G01 X95.9743Y2.8155
G01 X96.0396Y2.9250
G01 X96.0508Y2.9469
G01 X96.1051Y3.0623
G01 X96.1141Y3.0852
G01 X96.1568Y3.2054
G01 X96.1635Y3.2290
G01 X96.1942Y3.3528
G01 X96.1986Y3.3770
G01 X96.2170Y3.5032
G01 X96.2190Y3.5277
G01 X96.2249Y3.6551
G01 X96.2245Y3.6796
G01 X96.2180Y3.8070
G01 X96.2151Y3.8314
G01 X96.1961Y3.9576
G01 X96.1909Y3.9815
G01 X96.1596Y4.1052
G01 X96.1521Y4.1286
G01 X96.1088Y4.2486
G01 X96.0991Y4.2711
G01 X96.0442Y4.3863
G01 X96.0323Y4.4077
G01 X95.9665Y4.5170
G01 X95.9525Y4.5372
G01 X95.8762Y4.6395
G01 X95.8603Y4.6582
G01 X95.7744Y4.7525
G01 X95.7568Y4.7696
G01 X95.6621Y4.8550
G01 X95.6428Y4.8702
G01 X95.5522Y4.9375
G01 X95.5195Y4.9593
G01 X95.4227Y5.0173
G01 X95.4013Y5.0292
G01 X95.2727Y5.0901
G01 X95.2498Y5.0991
G01 X95.1436Y5.1371
G01 X95.1060Y5.1485
G01 X94.9965Y5.1759
G01 X94.9726Y5.1811
G01 X94.8464Y5.2001
G01 X94.8073Y5.2040
G01 X94.6750Y5.2100
G01 X93.4050Y5.2100
G01 X93.2727Y5.2040
G01 X93.2336Y5.2001
G01 X93.1074Y5.1811
G01 X93.0835Y5.1759
G01 X92.9598Y5.1446
G01 X92.9364Y5.1371
G01 X92.8164Y5.0938
G01 X92.7939Y5.0841
G01 X92.6787Y5.0292
G01 X92.6573Y5.0173
G01 X92.5480Y4.9515
G01 X92.5278Y4.9375
G01 X92.4255Y4.8612
G01 X92.4068Y4.8453
G01 X92.3125Y4.7594
G01 X92.2954Y4.7418
G01 X92.2100Y4.6471
G01 X92.1948Y4.6278
G01 X92.1275Y4.5372
G01 X92.1057Y4.5045
G01 X92.0477Y4.4077
G01 X92.0358Y4.3863
G01 X91.9749Y4.2577
G01 X91.9659Y4.2348
G01 X91.9279Y4.1286
G01 X91.9165Y4.0910
G01 X91.8858Y3.9672
G01 X91.8814Y3.9430
G01 X91.8649Y3.8314
G01 X91.8610Y3.7923
G01 X91.8555Y3.6796
G01 X91.8551Y3.6551
G01 X91.8610Y3.5277
G01 X91.8649Y3.4886
G01 X91.8814Y3.3770
G01 X91.8858Y3.3528
G01 X91.9178Y3.2242
G01 X91.9279Y3.1914
G01 X91.9659Y3.0852
G01 X91.9809Y3.0489
G01 X92.0292Y2.9469
G01 X92.0404Y2.9250
G01 X92.1057Y2.8155
G01 X92.1275Y2.7828
G01 X92.1948Y2.6922
G01 X92.2100Y2.6729
G01 X92.3056Y2.5675
G01 X92.3232Y2.5504
G01 X92.4068Y2.4747
G01 X92.4372Y2.4498
G01 X92.5278Y2.3825
G01 X92.5480Y2.3685
G01 X92.6700Y2.2954
G01 X92.6919Y2.2842
G01 X92.7939Y2.2359
G01 X92.8302Y2.2209
G01 X92.9504Y2.1782
G01 X92.9740Y2.1715
G01 X93.0835Y2.1441
G01 X93.1220Y2.1364
G01 X93.2336Y2.1199
G01 X93.2580Y2.1170
G01 X93.3952Y2.1101
G00 Z20.0000
G00 X91.9418Y4.1673
G01 Z20.0000
G01 X91.7754Y4.2907
G01 X91.0047Y4.9892
G01 X90.3061Y5.7600
G01 X89.6864Y6.5955
G01 X89.1516Y7.4878
G01 X88.7069Y8.4281
G01 X88.3564Y9.4076
G01 X88.1037Y10.4166
G01 X87.9510Y11.4456
G01 X87.9000Y12.4846
G01 X87.9510Y13.5236
G01 X88.1037Y14.5525
G01 X88.3564Y15.5616
G01 X88.7069Y16.5410
G01 X89.1516Y17.4814
G01 X89.6864Y18.3736
G01 X90.3061Y19.2091
G01 X91.0047Y19.9799
G01 X91.7754Y20.6785
G01 X92.6110Y21.2982
G01 X93.5032Y21.8329
G01 X93.6000Y21.8787
G01 X93.6000Y21.4252
G01 X92.8332Y20.9656
G01 X92.0292Y20.3693
G01 X91.2875Y19.6971
G01 X90.6153Y18.9554
G01 X90.0190Y18.1514
G01 X89.5044Y17.2928
G01 X89.0764Y16.3879
G01 X88.7392Y15.4455
G01 X88.4960Y14.4745
G01 X88.3491Y13.4844
G01 X88.3000Y12.4846
G01 X88.3491Y11.4848
G01 X88.4960Y10.4947
G01 X88.7392Y9.5237
G01 X89.0764Y8.5812
G01 X89.5044Y7.6763
G01 X90.0190Y6.8178
G01 X90.6153Y6.0138
G01 X91.2875Y5.2721
G01 X92.0292Y4.5999
G01 X92.1227Y4.5305
G00 Z20.0000
G00 X92.3897Y4.8299
G01 Z20.0000
G01 X92.2829Y4.9091
G01 X91.5704Y5.5549
G01 X90.9245Y6.2675
G01 X90.3516Y7.0400
G01 X89.8572Y7.8649
G01 X89.4460Y8.7343
G01 X89.1220Y9.6398
G01 X88.8883Y10.5727
G01 X88.7472Y11.5240
G01 X88.7000Y12.4846
G01 X88.7472Y13.4451
G01 X88.8883Y14.3965
G01 X89.1220Y15.3294
G01 X89.4460Y16.2349
G01 X89.8572Y17.1043
G01 X90.3516Y17.9292
G01 X90.9245Y18.7016
G01 X91.5704Y19.4142
G01 X92.2829Y20.0601
G01 X93.0554Y20.6330
G01 X93.6000Y20.9594
G01 X93.6000Y20.4936
G01 X93.2776Y20.3004
G01 X92.5367Y19.7509
G01 X91.8532Y19.1314
G01 X91.2337Y18.4479
G01 X90.6842Y17.7069
G01 X90.2099Y16.9157
G01 X89.8155Y16.0818
G01 X89.5048Y15.2133
G01 X89.2806Y14.3184
G01 X89.1453Y13.4059
G01 X89.1000Y12.4846
G01 X89.1453Y11.5632
G01 X89.2806Y10.6507
G01 X89.5048Y9.7559
G01 X89.8155Y8.8874
G01 X90.2099Y8.0534
G01 X90.6842Y7.2622
G01 X91.2337Y6.5213
G01 X91.8532Y5.8378
G01 X92.5367Y5.2183
G01 X92.7474Y5.0620
G00 Z20.0000
G00 X93.2321Y5.1999
G01 Z20.0000
G01 X92.7905Y5.5275
G01 X92.1360Y6.1206
G01 X91.5429Y6.7750
G01 X91.0168Y7.4844
G01 X90.5627Y8.2420
G01 X90.1851Y9.0404
G01 X89.8875Y9.8720
G01 X89.6729Y10.7288
G01 X89.5433Y11.6024
G01 X89.5000Y12.4846
G01 X89.5433Y13.3667
G01 X89.6729Y14.2404
G01 X89.8875Y15.0971
G01 X90.1851Y15.9287
G01 X90.5627Y16.7271
G01 X91.0168Y17.4847
G01 X91.5429Y18.1941
G01 X92.1360Y18.8485
G01 X92.7905Y19.4417
G01 X93.4999Y19.9678
G01 X93.6722Y20.0711
G00 Z20.0000
G00 X93.6005Y20.2804
G01 Z20.0000
G01 X93.6031Y20.2510
G01 X93.6098Y20.2124
G01 X93.6203Y20.1746
G01 X93.6344Y20.1379
G01 X93.6521Y20.1029
G01 X93.6622Y20.0861
G01 X93.6848Y20.0540
G01 X93.7104Y20.0243
G01 X93.7388Y19.9972
G01 X93.7697Y19.9731
G01 X93.8029Y19.9521
G01 X93.8380Y19.9344
G01 X93.8746Y19.9203
G01 X93.9124Y19.9098
G01 X93.9316Y19.9060
G01 X93.9706Y19.9012
G01 X94.0000Y19.9000
G01 X97.1000Y19.9000
G01 X97.1294Y19.9012
G01 X97.1490Y19.9031
G01 X97.1876Y19.9098
G01 X97.2254Y19.9203
G01 X97.2620Y19.9344
G01 X97.2971Y19.9521
G01 X97.3303Y19.9731
G01 X97.3460Y19.9848
G01 X97.3612Y19.9972
G01 X97.3896Y20.0243
G01 X97.4028Y20.0388
G01 X97.4269Y20.0697
G01 X97.4479Y20.1029
G01 X97.4656Y20.1379
G01 X97.4731Y20.1561
G01 X97.4797Y20.1746
G01 X97.4902Y20.2124
G01 X97.4969Y20.2510
G01 X97.4988Y20.2706
G01 X97.5000Y20.3000
G01 X97.4999Y21.9049
G01 X97.4988Y21.9294
G01 X97.4969Y21.9490
G01 X97.4902Y21.9876
G01 X97.4797Y22.0254
G01 X97.4656Y22.0621
G01 X97.4479Y22.0971
G01 X97.4378Y22.1139
G01 X97.4152Y22.1460
G01 X97.4028Y22.1612
G01 X97.3896Y22.1757
G01 X97.3612Y22.2028
G01 X97.3303Y22.2269
G01 X97.2971Y22.2479
G01 X97.2798Y22.2572
G01 X97.2620Y22.2656
G01 X97.2254Y22.2797
G01 X97.1876Y22.2902
G01 X97.1684Y22.2940
G01 X97.1490Y22.2969
G01 X97.1147Y22.2997
G01 X94.0000Y22.3000
G01 X93.9706Y22.2988
G01 X93.9510Y22.2969
G01 X93.9124Y22.2902
G01 X93.8746Y22.2797
G01 X93.8380Y22.2656
G01 X93.8029Y22.2479
G01 X93.7697Y22.2269
G01 X93.7540Y22.2152
G01 X93.7388Y22.2028
G01 X93.7104Y22.1757
G01 X93.6848Y22.1460
G01 X93.6622Y22.1139
G01 X93.6521Y22.0971
G01 X93.6344Y22.0621
G01 X93.6269Y22.0439
G01 X93.6203Y22.0254
G01 X93.6098Y21.9876
G01 X93.6031Y21.9490
G01 X93.6012Y21.9294
G01 X93.6000Y21.9000
G01 X93.6005Y20.2804
G00 Z20.0000
G00 X94.1639Y19.9000
G01 Z20.0000
G01 X93.7221Y19.6352
G01 X93.0442Y19.1325
G01 X92.4189Y18.5657
G01 X91.8521Y17.9404
G01 X91.3494Y17.2625
G01 X90.9155Y16.5386
G01 X90.5546Y15.7757
G01 X90.2703Y14.9810
G01 X90.0652Y14.1624
G01 X89.9414Y13.3275
G01 X89.9000Y12.4846
G01 X89.9414Y11.6416
G01 X90.0652Y10.8068
G01 X90.2703Y9.9881
G01 X90.5546Y9.1935
G01 X90.9155Y8.4306
G01 X91.3494Y7.7067
G01 X91.8521Y7.0288
G01 X92.4189Y6.4035
G01 X93.0442Y5.8367
G01 X93.7221Y5.3339
G01 X93.9289Y5.2100
G00 Z20.0000
G00 X94.7298Y5.2078
G01 Z20.0000
G01 X94.6345Y5.2528
G01 X93.9443Y5.6665
G01 X93.2980Y6.1459
G01 X92.7017Y6.6863
G01 X92.1613Y7.2826
G01 X91.6819Y7.9289
G01 X91.2682Y8.6191
G01 X90.9242Y9.3466
G01 X90.6531Y10.1042
G01 X90.4576Y10.8848
G01 X90.3395Y11.6808
G01 X90.3000Y12.4846
G01 X90.3395Y13.2883
G01 X90.4576Y14.0843
G01 X90.6531Y14.8649
G01 X90.9242Y15.6226
G01 X91.2682Y16.3500
G01 X91.6819Y17.0403
G01 X92.1613Y17.6866
G01 X92.7017Y18.2829
G01 X93.2980Y18.8233
G01 X93.9443Y19.3026
G01 X94.6345Y19.7163
G01 X95.0229Y19.9000
G00 Z20.0000
G00 X109.9000Y12.4846
G01 Z20.0000
G01 X109.8451Y11.3672
G01 X109.6810Y10.2605
G01 X109.4091Y9.1753
G01 X109.0322Y8.1220
G01 X108.5539Y7.1107
G01 X107.9788Y6.1511
G01 X107.3123Y5.2525
G01 X106.5610Y4.4236
G01 X105.7321Y3.6723
G01 X105.0679Y3.1797
G00 Z20.0000
G00 X62.7484Y-0.8500
G01 Z20.0000
G01 X61.9449Y1.3957
G01 X61.0340Y5.0321
G01 X60.4839Y8.7403
G01 X60.3000Y12.4846
G01 X60.4839Y16.2288
G01 X60.5669Y16.7881
G00 Z20.0000
G00 X60.1507Y16.7050
G01 Z20.0000
G01 X60.0859Y16.2680
G01 X59.9000Y12.4846
G01 X60.0592Y9.2447
G00 Z20.0000
G00 X60.1203Y8.4688
G01 Z20.0000
G01 X60.6417Y4.9541
G01 X61.5621Y1.2796
G01 X62.3241Y-0.8500
G01 X61.8998Y-0.8500
G01 X61.1793Y1.1635
G01 X60.2494Y4.8761
G01 X59.8174Y7.7885
G00 Z20.0000
G00 X59.4628Y7.4558
G01 Z20.0000
G01 X59.8571Y4.7980
G01 X59.9568Y4.4000
G00 Z20.0000
G00 X60.1448Y3.6492
G01 Z20.0000
G01 X60.7966Y1.0474
G01 X61.4754Y-0.8500
G01 X61.0511Y-0.8500
G01 X60.4138Y0.9312
G01 X59.9278Y2.8714
G00 Z20.0000
G00 X59.6112Y2.4910
G01 Z20.0000
G01 X60.0310Y0.8151
G01 X60.6268Y-0.8500
G01 X60.2025Y-0.8500
G01 X59.6482Y0.6990
G01 X59.2572Y2.2601
G00 Z20.0000
G00 X58.8764Y2.1362
G01 Z20.0000
G01 X59.2654Y0.5829
G01 X59.7781Y-0.8500
G01 X59.3538Y-0.8500
G01 X58.8827Y0.4668
G01 X58.4711Y2.1100
G01 X58.0592Y2.1100
G01 X58.4999Y0.3507
G01 X58.9295Y-0.8500
G01 X58.5052Y-0.8500
G01 X58.1171Y0.2346
G01 X57.6473Y2.1100
G00 Z20.0000
G00 X57.3152Y2.1101
G01 Z20.0000
G01 X58.6024Y2.1101
G01 X58.7273Y2.1160
G01 X58.7518Y2.1180
G01 X58.8780Y2.1364
G01 X58.9118Y2.1430
G01 X59.0260Y2.1715
G01 X59.0496Y2.1782
G01 X59.1836Y2.2262
G01 X59.2061Y2.2359
G01 X59.3213Y2.2908
G01 X59.3427Y2.3027
G01 X59.4395Y2.3607
G01 X59.4722Y2.3825
G01 X59.5667Y2.4527
G01 X59.5932Y2.4747
G01 X59.6768Y2.5504
G01 X59.6944Y2.5675
G01 X59.7900Y2.6729
G01 X59.8052Y2.6922
G01 X59.8810Y2.7948
G01 X59.8943Y2.8155
G01 X59.9596Y2.9250
G01 X59.9708Y2.9469
G01 X60.0251Y3.0623
G01 X60.0341Y3.0852
G01 X60.0768Y3.2054
G01 X60.0835Y3.2290
G01 X60.1142Y3.3528
G01 X60.1186Y3.3770
G01 X60.1370Y3.5032
G01 X60.1390Y3.5277
G01 X60.1449Y3.6551
G01 X60.1445Y3.6796
G01 X60.1380Y3.8070
G01 X60.1351Y3.8314
G01 X60.1161Y3.9576
G01 X60.1109Y3.9815
G01 X60.0796Y4.1052
G01 X60.0721Y4.1286
G01 X60.0288Y4.2486
G01 X60.0191Y4.2711
G01 X59.9642Y4.3863
G01 X59.9523Y4.4077
G01 X59.8865Y4.5170
G01 X59.8725Y4.5372
G01 X59.7962Y4.6395
G01 X59.7803Y4.6582
G01 X59.6944Y4.7525
G01 X59.6768Y4.7696
G01 X59.5821Y4.8550
G01 X59.5628Y4.8702
G01 X59.4722Y4.9375
G01 X59.4395Y4.9593
G01 X59.3427Y5.0173
G01 X59.3213Y5.0292
G01 X59.1927Y5.0901
G01 X59.1698Y5.0991
G01 X59.0636Y5.1371
G01 X59.0260Y5.1485
G01 X58.9165Y5.1759
G01 X58.8926Y5.1811
G01 X58.7664Y5.2001
G01 X58.7273Y5.2040
G01 X58.5950Y5.2100
G01 X57.3250Y5.2100
G01 X57.1927Y5.2040
G01 X57.1536Y5.2001
G01 X57.0274Y5.1811
G01 X57.0035Y5.1759
G01 X56.8798Y5.1446
G01 X56.8564Y5.1371
G01 X56.7364Y5.0938
G01 X56.7139Y5.0841
G01 X56.5987Y5.0292
G01 X56.5773Y5.0173
G01 X56.4680Y4.9515
G01 X56.4478Y4.9375
G01 X56.3455Y4.8612
G01 X56.3268Y4.8453
G01 X56.2325Y4.7594
G01 X56.2154Y4.7418
G01 X56.1300Y4.6471
G01 X56.1148Y4.6278
G01 X56.0475Y4.5372
G01 X56.0257Y4.5045
G01 X55.9677Y4.4077
G01 X55.9558Y4.3863
G01 X55.8949Y4.2577
G01 X55.8859Y4.2348
G01 X55.8479Y4.1286
G01 X55.8365Y4.0910
G01 X55.8058Y3.9672
G01 X55.8014Y3.9430
G01 X55.7849Y3.8314
G01 X55.7810Y3.7923
G01 X55.7755Y3.6796
G01 X55.7753Y3.6453
G01 X55.7820Y3.5130
G01 X55.7849Y3.4886
G01 X55.8014Y3.3770
G01 X55.8091Y3.3385
G01 X55.8404Y3.2148
G01 X55.8479Y3.1914
G01 X55.8859Y3.0852
G01 X55.9009Y3.0489
G01 X55.9558Y2.9337
G01 X55.9677Y2.9123
G01 X56.0257Y2.8155
G01 X56.0475Y2.7828
G01 X56.1148Y2.6922
G01 X56.1300Y2.6729
G01 X56.2256Y2.5675
G01 X56.2432Y2.5504
G01 X56.3268Y2.4747
G01 X56.3572Y2.4498
G01 X56.4478Y2.3825
G01 X56.4680Y2.3685
G01 X56.5900Y2.2954
G01 X56.6119Y2.2842
G01 X56.7139Y2.2359
G01 X56.7502Y2.2209
G01 X56.8704Y2.1782
G01 X56.8940Y2.1715
G01 X57.0035Y2.1441
G01 X57.0420Y2.1364
G01 X57.1536Y2.1199
G01 X57.1780Y2.1170
G01 X57.3152Y2.1101
G00 Z20.0000
G00 X57.2345Y2.1140
G01 Z20.0000
G01 X57.7343Y0.1184
G01 X58.0809Y-0.8500
G01 X57.6565Y-0.8500
G01 X57.3516Y0.0023
G01 X56.8003Y2.2030
G00 Z20.0000
G00 X56.3185Y2.4822
G01 Z20.0000
G01 X56.9688Y-0.1138
G01 X57.2322Y-0.8500
G01 X56.8079Y-0.8500
G01 X56.5860Y-0.2299
G01 X55.5416Y3.9396
G01 X54.9109Y8.1914
G01 X54.7000Y12.4846
G01 X54.9071Y16.7000
G01 X55.3071Y16.7000
G01 X55.1000Y12.4846
G01 X55.3090Y8.2306
G01 X55.8975Y4.2634
G00 Z20.0000
G00 X56.2284Y4.7553
G01 Z20.0000
G01 X55.7071Y8.2698
G01 X55.5000Y12.4846
G01 X55.7072Y16.7000
G01 X56.1110Y16.7000
G01 X56.1051Y16.6601
G01 X55.9000Y12.4846
G01 X56.0413Y9.6084
G00 Z20.0000
G00 X56.4221Y9.9984
G01 Z20.0000
G01 X56.3000Y12.4846
G01 X56.5032Y16.6209
G01 X56.5149Y16.7000
G01 X56.9188Y16.7000
G01 X56.9013Y16.5817
G01 X56.7000Y12.4846
G01 X56.8122Y10.2013
G00 Z20.0000
G00 X57.2081Y10.2847
G01 Z20.0000
G01 X57.1000Y12.4846
G01 X57.2994Y16.5425
G01 X57.3227Y16.7000
G01 X57.7266Y16.7000
G01 X57.6974Y16.5033
G01 X57.5000Y12.4846
G01 X57.6078Y10.2900
G01 X58.0078Y10.2900
G01 X57.9000Y12.4846
G01 X58.0955Y16.4641
G01 X58.1340Y16.7234
G00 Z20.0000
G00 X58.6094Y17.2058
G01 Z20.0000
G01 X58.4936Y16.4249
G01 X58.3000Y12.4846
G01 X58.4078Y10.2900
G00 Z20.0000
G00 X58.8086Y10.2739
G01 Z20.0000
G01 X58.7000Y12.4846
G01 X58.8916Y16.3857
G01 X58.9500Y16.7789
G00 Z20.0000
G00 X59.3429Y16.7050
G01 Z20.0000
G01 X59.2897Y16.3465
G01 X59.1000Y12.4846
G01 X59.2142Y10.1602
G00 Z20.0000
G00 X59.6272Y9.8945
G01 Z20.0000
G01 X59.5000Y12.4846
G01 X59.6878Y16.3072
G01 X59.7468Y16.7050
G00 Z20.0000
G00 X58.5878Y17.3568
G01 Z20.0000
G01 X58.5924Y17.2954
G01 X58.5971Y17.2604
G01 X58.6010Y17.2411
G01 X58.6126Y17.1927
G01 X58.6227Y17.1588
G01 X58.6296Y17.1404
G01 X58.6486Y17.0944
G01 X58.6640Y17.0626
G01 X58.6756Y17.0421
G01 X58.7039Y16.9963
G01 X58.7269Y16.9646
G01 X58.7643Y16.9206
G01 X58.7887Y16.8951
G01 X58.8061Y16.8792
G01 X58.8471Y16.8444
G01 X58.8788Y16.8214
G01 X58.9347Y16.7871
G01 X58.9697Y16.7693
G01 X59.0303Y16.7442
G01 X59.0563Y16.7354
G01 X59.0790Y16.7291
G01 X59.1313Y16.7168
G01 X59.1584Y16.7121
G01 X59.1779Y16.7099
G01 X59.2237Y16.7062
G01 X59.2511Y16.7050
G01 X60.2450Y16.7050
G01 X60.2763Y16.7062
G01 X60.3299Y16.7106
G01 X60.3687Y16.7168
G01 X60.4324Y16.7321
G01 X60.4697Y16.7442
G01 X60.5231Y16.7661
G01 X60.5549Y16.7815
G01 X60.5754Y16.7931
G01 X60.6212Y16.8214
G01 X60.6529Y16.8444
G01 X60.6939Y16.8792
G01 X60.7113Y16.8951
G01 X60.7305Y16.9148
G01 X60.7656Y16.9555
G01 X60.7803Y16.9739
G01 X60.7961Y16.9963
G01 X60.8244Y17.0421
G01 X60.8360Y17.0626
G01 X60.8482Y17.0872
G01 X60.8690Y17.1368
G01 X60.8773Y17.1588
G01 X60.8854Y17.1851
G01 X60.8990Y17.2411
G01 X60.9054Y17.2759
G01 X60.9080Y17.2993
G01 X60.9120Y17.3529
G01 X60.9125Y18.6875
G01 X60.9115Y18.7149
G01 X60.9080Y18.7607
G01 X60.9054Y18.7841
G01 X60.8982Y18.8227
G01 X60.8854Y18.8749
G01 X60.8773Y18.9012
G01 X60.8690Y18.9232
G01 X60.8482Y18.9728
G01 X60.8304Y19.0078
G01 X60.7961Y19.0637
G01 X60.7731Y19.0954
G01 X60.7383Y19.1364
G01 X60.7224Y19.1538
G01 X60.7027Y19.1730
G01 X60.6620Y19.2081
G01 X60.6436Y19.2228
G01 X60.6212Y19.2386
G01 X60.5754Y19.2669
G01 X60.5549Y19.2785
G01 X60.5303Y19.2907
G01 X60.4807Y19.3115
G01 X60.4587Y19.3198
G01 X60.4324Y19.3279
G01 X60.3802Y19.3407
G01 X60.3571Y19.3454
G01 X60.3299Y19.3494
G01 X60.2724Y19.3540
G01 X60.2450Y19.3550
G01 X59.2550Y19.3550
G01 X59.2276Y19.3540
G01 X59.1779Y19.3501
G01 X59.1584Y19.3479
G01 X59.1313Y19.3432
G01 X59.0790Y19.3309
G01 X59.0413Y19.3198
G01 X59.0193Y19.3115
G01 X58.9697Y19.2907
G01 X58.9347Y19.2729
G01 X58.8788Y19.2386
G01 X58.8471Y19.2156
G01 X58.8061Y19.1808
G01 X58.7887Y19.1649
G01 X58.7695Y19.1452
G01 X58.7344Y19.1045
G01 X58.7197Y19.0861
G01 X58.7039Y19.0637
G01 X58.6696Y19.0078
G01 X58.6518Y18.9728
G01 X58.6310Y18.9232
G01 X58.6227Y18.9012
G01 X58.6116Y18.8635
G01 X58.5993Y18.8112
G01 X58.5946Y18.7841
G01 X58.5924Y18.7646
G01 X58.5887Y18.7188
G01 X58.5875Y18.6875
G01 X58.5878Y17.3568
G00 Z20.0000
G00 X56.1990Y7.6764
G01 Z20.0000
G01 X56.5922Y5.0257
G00 Z20.0000
G00 X56.9748Y5.1687
G01 Z20.0000
G01 X56.6520Y7.3452
G00 Z20.0000
G00 X57.0757Y7.2114
G01 Z20.0000
G01 X57.3726Y5.2100
G01 X57.7765Y5.2100
G01 X57.4828Y7.1900
G00 Z20.0000
G00 X57.3152Y7.1901
G01 Z20.0000
G01 X58.6024Y7.1901
G01 X58.7273Y7.1960
G01 X58.7518Y7.1980
G01 X58.8780Y7.2164
G01 X58.9118Y7.2230
G01 X59.0260Y7.2515
G01 X59.0496Y7.2582
G01 X59.1836Y7.3062
G01 X59.2061Y7.3159
G01 X59.3213Y7.3708
G01 X59.3427Y7.3827
G01 X59.4395Y7.4407
G01 X59.4722Y7.4625
G01 X59.5667Y7.5327
G01 X59.5932Y7.5547
G01 X59.6768Y7.6304
G01 X59.6944Y7.6475
G01 X59.7900Y7.7529
G01 X59.8052Y7.7722
G01 X59.8810Y7.8748
G01 X59.8943Y7.8955
G01 X59.9596Y8.0050
G01 X59.9708Y8.0269
G01 X60.0251Y8.1423
G01 X60.0341Y8.1652
G01 X60.0768Y8.2854
G01 X60.0835Y8.3090
G01 X60.1142Y8.4328
G01 X60.1186Y8.4570
G01 X60.1370Y8.5832
G01 X60.1390Y8.6077
G01 X60.1449Y8.7351
G01 X60.1445Y8.7596
G01 X60.1380Y8.8870
G01 X60.1351Y8.9114
G01 X60.1161Y9.0376
G01 X60.1109Y9.0615
G01 X60.0796Y9.1852
G01 X60.0721Y9.2086
G01 X60.0288Y9.3286
G01 X60.0191Y9.3511
G01 X59.9642Y9.4663
G01 X59.9523Y9.4877
G01 X59.8865Y9.5970
G01 X59.8725Y9.6172
G01 X59.7962Y9.7195
G01 X59.7803Y9.7382
G01 X59.6944Y9.8325
G01 X59.6768Y9.8496
G01 X59.5821Y9.9350
G01 X59.5628Y9.9502
G01 X59.4722Y10.0175
G01 X59.4395Y10.0393
G01 X59.3427Y10.0973
G01 X59.3213Y10.1092
G01 X59.1927Y10.1701
G01 X59.1698Y10.1791
G01 X59.0636Y10.2171
G01 X59.0260Y10.2285
G01 X58.9165Y10.2559
G01 X58.8926Y10.2611
G01 X58.7664Y10.2801
G01 X58.7273Y10.2840
G01 X58.5950Y10.2900
G01 X57.3250Y10.2900
G01 X57.1927Y10.2840
G01 X57.1536Y10.2801
G01 X57.0274Y10.2611
G01 X57.0035Y10.2559
G01 X56.8798Y10.2246
G01 X56.8564Y10.2171
G01 X56.7364Y10.1738
G01 X56.7139Y10.1641
G01 X56.5987Y10.1092
G01 X56.5773Y10.0973
G01 X56.4680Y10.0315
G01 X56.4478Y10.0175
G01 X56.3455Y9.9412
G01 X56.3268Y9.9253
G01 X56.2325Y9.8394
G01 X56.2154Y9.8218
G01 X56.1300Y9.7271
G01 X56.1148Y9.7078
G01 X56.0475Y9.6172
G01 X56.0257Y9.5845
G01 X55.9677Y9.4877
G01 X55.9558Y9.4663
G01 X55.8949Y9.3377
G01 X55.8859Y9.3148
G01 X55.8479Y9.2086
G01 X55.8365Y9.1710
G01 X55.8058Y9.0472
G01 X55.8014Y9.0230
G01 X55.7849Y8.9114
G01 X55.7810Y8.8723
G01 X55.7755Y8.7596
G01 X55.7753Y8.7253
G01 X55.7820Y8.5930
G01 X55.7849Y8.5686
G01 X55.8014Y8.4570
G01 X55.8091Y8.4185
G01 X55.8404Y8.2948
G01 X55.8479Y8.2714
G01 X55.8859Y8.1652
G01 X55.9009Y8.1289
G01 X55.9492Y8.0269
G01 X55.9604Y8.0050
G01 X56.0257Y7.8955
G01 X56.0475Y7.8628
G01 X56.1148Y7.7722
G01 X56.1300Y7.7529
G01 X56.2256Y7.6475
G01 X56.2432Y7.6304
G01 X56.3268Y7.5547
G01 X56.3572Y7.5298
G01 X56.4478Y7.4625
G01 X56.4680Y7.4485
G01 X56.5900Y7.3754
G01 X56.6119Y7.3642
G01 X56.7139Y7.3159
G01 X56.7502Y7.3009
G01 X56.8704Y7.2582
G01 X56.8940Y7.2515
G01 X57.0035Y7.2241
G01 X57.0420Y7.2164
G01 X57.1536Y7.1999
G01 X57.1780Y7.1970
G01 X57.3152Y7.1901
G00 Z20.0000
G00 X57.8867Y7.1900
G01 Z20.0000
G01 X58.1804Y5.2100
G01 X58.5843Y5.2100
G01 X58.2906Y7.1900
G00 Z20.0000
G00 X58.6938Y7.1944
G01 Z20.0000
G01 X58.9962Y5.1560
G00 Z20.0000
G00 X59.4282Y4.9661
G01 Z20.0000
G01 X59.0863Y7.2710
G00 Z20.0000
G00 X51.1891Y3.3311
G01 Z20.0000
G01 X51.2261Y3.0812
G01 X52.2109Y-0.8500
G01 X51.7990Y-0.8500
G01 X50.9051Y2.7189
G00 Z20.0000
G00 X50.5735Y2.3983
G01 Z20.0000
G01 X51.3871Y-0.8500
G01 X50.9753Y-0.8500
G01 X50.2097Y2.2065
G00 Z20.0000
G00 X49.8203Y2.1169
G01 Z20.0000
G01 X50.5634Y-0.8500
G01 X50.1516Y-0.8500
G01 X49.4101Y2.1100
G01 X48.9983Y2.1100
G01 X49.7397Y-0.8500
G01 X49.3278Y-0.8500
G01 X48.5864Y2.1100
G00 Z20.0000
G00 X48.3952Y2.1101
G01 Z20.0000
G01 X49.6824Y2.1101
G01 X49.8073Y2.1160
G01 X49.8318Y2.1180
G01 X49.9580Y2.1364
G01 X49.9918Y2.1430
G01 X50.1060Y2.1715
G01 X50.1296Y2.1782
G01 X50.2636Y2.2262
G01 X50.2861Y2.2359
G01 X50.4013Y2.2908
G01 X50.4227Y2.3027
G01 X50.5195Y2.3607
G01 X50.5522Y2.3825
G01 X50.6467Y2.4527
G01 X50.6732Y2.4747
G01 X50.7568Y2.5504
G01 X50.7744Y2.5675
G01 X50.8700Y2.6729
G01 X50.8852Y2.6922
G01 X50.9610Y2.7948
G01 X50.9743Y2.8155
G01 X51.0396Y2.9250
G01 X51.0508Y2.9469
G01 X51.1051Y3.0623
G01 X51.1141Y3.0852
G01 X51.1568Y3.2054
G01 X51.1635Y3.2290
G01 X51.1942Y3.3528
G01 X51.1986Y3.3770
G01 X51.2170Y3.5032
G01 X51.2190Y3.5277
G01 X51.2249Y3.6551
G01 X51.2245Y3.6796
G01 X51.2180Y3.8070
G01 X51.2151Y3.8314
G01 X51.1961Y3.9576
G01 X51.1909Y3.9815
G01 X51.1596Y4.1052
G01 X51.1521Y4.1286
G01 X51.1088Y4.2486
G01 X51.0991Y4.2711
G01 X51.0442Y4.3863
G01 X51.0323Y4.4077
G01 X50.9665Y4.5170
G01 X50.9525Y4.5372
G01 X50.8762Y4.6395
G01 X50.8603Y4.6582
G01 X50.7744Y4.7525
G01 X50.7568Y4.7696
G01 X50.6621Y4.8550
G01 X50.6428Y4.8702
G01 X50.5522Y4.9375
G01 X50.5195Y4.9593
G01 X50.4227Y5.0173
G01 X50.4013Y5.0292
G01 X50.2727Y5.0901
G01 X50.2498Y5.0991
G01 X50.1436Y5.1371
G01 X50.1060Y5.1485
G01 X49.9965Y5.1759
G01 X49.9726Y5.1811
G01 X49.8464Y5.2001
G01 X49.8073Y5.2040
G01 X49.6750Y5.2100
G01 X48.4050Y5.2100
G01 X48.2727Y5.2040
G01 X48.2336Y5.2001
G01 X48.1074Y5.1811
G01 X48.0835Y5.1759
G01 X47.9598Y5.1446
G01 X47.9364Y5.1371
G01 X47.8164Y5.0938
G01 X47.7939Y5.0841
G01 X47.6787Y5.0292
G01 X47.6573Y5.0173
G01 X47.5480Y4.9515
G01 X47.5278Y4.9375
G01 X47.4255Y4.8612
G01 X47.4068Y4.8453
G01 X47.3125Y4.7594
G01 X47.2954Y4.7418
G01 X47.2100Y4.6471
G01 X47.1948Y4.6278
G01 X47.1275Y4.5372
G01 X47.1057Y4.5045
G01 X47.0477Y4.4077
G01 X47.0358Y4.3863
G01 X46.9749Y4.2577
G01 X46.9659Y4.2348
G01 X46.9279Y4.1286
G01 X46.9165Y4.0910
G01 X46.8858Y3.9672
G01 X46.8814Y3.9430
G01 X46.8649Y3.8314
G01 X46.8610Y3.7923
G01 X46.8555Y3.6796
G01 X46.8553Y3.6453
G01 X46.8620Y3.5130
G01 X46.8649Y3.4886
G01 X46.8814Y3.3770
G01 X46.8891Y3.3385
G01 X46.9204Y3.2148
G01 X46.9279Y3.1914
G01 X46.9659Y3.0852
G01 X46.9809Y3.0489
G01 X47.0358Y2.9337
G01 X47.0477Y2.9123
G01 X47.1057Y2.8155
G01 X47.1275Y2.7828
G01 X47.1948Y2.6922
G01 X47.2100Y2.6729
G01 X47.3056Y2.5675
G01 X47.3232Y2.5504
G01 X47.4068Y2.4747
G01 X47.4372Y2.4498
G01 X47.5278Y2.3825
G01 X47.5480Y2.3685
G01 X47.6700Y2.2954
G01 X47.6919Y2.2842
G01 X47.7939Y2.2359
G01 X47.8302Y2.2209
G01 X47.9504Y2.1782
G01 X47.9740Y2.1715
G01 X48.0835Y2.1441
G01 X48.1220Y2.1364
G01 X48.2336Y2.1199
G01 X48.2580Y2.1170
G01 X48.3952Y2.1101
G00 Z20.0000
G00 X48.1697Y2.1293
G01 Z20.0000
G01 X48.9160Y-0.8500
G01 X48.5041Y-0.8500
G01 X47.7227Y2.2696
G00 Z20.0000
G00 X47.2553Y2.6225
G01 Z20.0000
G01 X47.3030Y2.3009
G01 X48.0923Y-0.8500
G01 X47.6804Y-0.8500
G01 X46.9107Y2.2228
G01 X46.7427Y3.3553
G00 Z20.0000
G00 X46.4484Y2.6165
G01 Z20.0000
G01 X46.5184Y2.1448
G01 X47.2685Y-0.8500
G01 X46.8567Y-0.8500
G01 X46.1261Y2.0668
G01 X46.0935Y2.2866
G00 Z20.0000
G00 X45.7156Y2.1109
G01 Z20.0000
G01 X45.7338Y1.9887
G01 X46.4448Y-0.8500
G01 X46.0330Y-0.8500
G01 X45.3414Y1.9107
G01 X45.3207Y2.0505
G00 Z20.0000
G00 X44.9088Y2.1045
G01 Z20.0000
G01 X44.9491Y1.8326
G01 X45.6211Y-0.8500
G01 X45.2092Y-0.8500
G01 X44.5568Y1.7546
G01 X44.4747Y2.3084
G00 Z20.0000
G00 X43.9839Y2.8943
G01 Z20.0000
G01 X44.1645Y1.6766
G01 X44.7974Y-0.8500
G01 X44.3855Y-0.8500
G01 X43.7722Y1.5985
G01 X43.0228Y6.6506
G00 Z20.0000
G00 X42.6110Y6.7040
G01 Z20.0000
G01 X43.3799Y1.5205
G01 X43.9736Y-0.8500
G01 X43.5618Y-0.8500
G01 X42.9876Y1.4425
G01 X42.1770Y6.9067
G00 Z20.0000
G00 X41.8500Y7.2186
G01 Z20.0000
G01 X41.8700Y7.1917
G01 X41.8887Y7.1689
G01 X41.9713Y7.0782
G01 X41.9889Y7.0612
G01 X42.0764Y6.9823
G01 X42.0956Y6.9671
G01 X42.1904Y6.8971
G01 X42.2110Y6.8839
G01 X42.3122Y6.8236
G01 X42.3340Y6.8124
G01 X42.4406Y6.7623
G01 X42.4634Y6.7533
G01 X42.5744Y6.7139
G01 X42.5980Y6.7072
G01 X42.7123Y6.6789
G01 X42.7365Y6.6745
G01 X42.8530Y6.6575
G01 X42.8775Y6.6555
G01 X42.9951Y6.6501
G01 X43.0196Y6.6505
G01 X43.1372Y6.6566
G01 X43.1616Y6.6594
G01 X43.2781Y6.6770
G01 X43.3020Y6.6822
G01 X43.4162Y6.7111
G01 X43.4396Y6.7186
G01 X43.5503Y6.7586
G01 X43.5728Y6.7683
G01 X43.6792Y6.8190
G01 X43.7006Y6.8309
G01 X43.8015Y6.8917
G01 X43.8216Y6.9057
G01 X43.9160Y6.9761
G01 X43.9347Y6.9920
G01 X44.0218Y7.0713
G01 X44.0388Y7.0889
G01 X44.1177Y7.1764
G01 X44.1329Y7.1956
G01 X44.2029Y7.2904
G01 X44.2161Y7.3110
G01 X44.2764Y7.4122
G01 X44.2876Y7.4340
G01 X44.3377Y7.5406
G01 X44.3467Y7.5634
G01 X44.3861Y7.6744
G01 X44.3928Y7.6980
G01 X44.4211Y7.8123
G01 X44.4255Y7.8365
G01 X44.4425Y7.9530
G01 X44.4445Y7.9775
G01 X44.4499Y8.0951
G01 X44.4495Y8.1196
G01 X44.4434Y8.2372
G01 X44.4406Y8.2616
G01 X44.4230Y8.3781
G01 X44.4178Y8.4020
G01 X44.3889Y8.5162
G01 X44.3814Y8.5396
G01 X44.3414Y8.6503
G01 X44.3317Y8.6728
G01 X44.2810Y8.7792
G01 X44.2691Y8.8006
G01 X44.2083Y8.9015
G01 X44.1943Y8.9216
G01 X44.1239Y9.0160
G01 X44.1080Y9.0347
G01 X44.0287Y9.1218
G01 X44.0111Y9.1388
G01 X43.9347Y9.2080
G01 X43.9160Y9.2239
G01 X43.8216Y9.2943
G01 X43.8015Y9.3083
G01 X43.7006Y9.3691
G01 X43.6660Y9.3876
G01 X43.5594Y9.4377
G01 X43.5366Y9.4467
G01 X43.4396Y9.4814
G01 X43.4067Y9.4915
G01 X43.3020Y9.5178
G01 X43.2635Y9.5255
G01 X43.1470Y9.5425
G01 X43.1225Y9.5445
G01 X43.0196Y9.5495
G01 X42.9951Y9.5499
G01 X42.8775Y9.5445
G01 X42.8530Y9.5425
G01 X42.7365Y9.5255
G01 X42.6980Y9.5178
G01 X42.5838Y9.4889
G01 X42.5604Y9.4814
G01 X42.4634Y9.4467
G01 X42.4316Y9.4337
G01 X42.3296Y9.3855
G01 X42.2994Y9.3691
G01 X42.1985Y9.3083
G01 X42.1784Y9.2943
G01 X42.0956Y9.2329
G01 X42.0764Y9.2177
G01 X41.9889Y9.1388
G01 X41.9713Y9.1218
G01 X41.8887Y9.0311
G01 X41.8700Y9.0083
G01 X41.8500Y8.9814
G01 X41.8300Y9.0083
G01 X41.8113Y9.0311
G01 X41.7287Y9.1218
G01 X41.7111Y9.1388
G01 X41.6236Y9.2177
G01 X41.6044Y9.2329
G01 X41.5216Y9.2943
G01 X41.5015Y9.3083
G01 X41.4006Y9.3691
G01 X41.3704Y9.3855
G01 X41.2684Y9.4337
G01 X41.2366Y9.4467
G01 X41.1396Y9.4814
G01 X41.1162Y9.4889
G01 X41.0020Y9.5178
G01 X40.9635Y9.5255
G01 X40.8470Y9.5425
G01 X40.8225Y9.5445
G01 X40.7049Y9.5499
G01 X40.6804Y9.5495
G01 X40.5775Y9.5445
G01 X40.5530Y9.5425
G01 X40.4365Y9.5255
G01 X40.3980Y9.5178
G01 X40.2933Y9.4915
G01 X40.2604Y9.4814
G01 X40.1634Y9.4467
G01 X40.1406Y9.4377
G01 X40.0340Y9.3876
G01 X39.9994Y9.3691
G01 X39.8985Y9.3083
G01 X39.8784Y9.2943
G01 X39.7840Y9.2239
G01 X39.7653Y9.2080
G01 X39.6889Y9.1388
G01 X39.6713Y9.1218
G01 X39.5920Y9.0347
G01 X39.5761Y9.0160
G01 X39.5057Y8.9216
G01 X39.4917Y8.9015
G01 X39.4309Y8.8006
G01 X39.4190Y8.7792
G01 X39.3683Y8.6728
G01 X39.3586Y8.6503
G01 X39.3186Y8.5396
G01 X39.3111Y8.5162
G01 X39.2822Y8.4020
G01 X39.2770Y8.3781
G01 X39.2594Y8.2616
G01 X39.2566Y8.2372
G01 X39.2505Y8.1196
G01 X39.2501Y8.0951
G01 X39.2555Y7.9775
G01 X39.2575Y7.9530
G01 X39.2745Y7.8365
G01 X39.2789Y7.8123
G01 X39.3072Y7.6980
G01 X39.3139Y7.6744
G01 X39.3533Y7.5634
G01 X39.3623Y7.5406
G01 X39.4124Y7.4340
G01 X39.4236Y7.4122
G01 X39.4839Y7.3110
G01 X39.4971Y7.2904
G01 X39.5671Y7.1956
G01 X39.5823Y7.1764
G01 X39.6612Y7.0889
G01 X39.6782Y7.0713
G01 X39.7653Y6.9920
G01 X39.7840Y6.9761
G01 X39.8784Y6.9057
G01 X39.8985Y6.8917
G01 X39.9994Y6.8309
G01 X40.0208Y6.8190
G01 X40.1272Y6.7683
G01 X40.1497Y6.7586
G01 X40.2604Y6.7186
G01 X40.2838Y6.7111
G01 X40.3980Y6.6822
G01 X40.4219Y6.6770
G01 X40.5384Y6.6594
G01 X40.5628Y6.6566
G01 X40.6804Y6.6505
G01 X40.7049Y6.6501
G01 X40.8225Y6.6555
G01 X40.8470Y6.6575
G01 X40.9635Y6.6745
G01 X40.9877Y6.6789
G01 X41.1020Y6.7072
G01 X41.1256Y6.7139
G01 X41.2366Y6.7533
G01 X41.2594Y6.7623
G01 X41.3660Y6.8124
G01 X41.3878Y6.8236
G01 X41.4890Y6.8839
G01 X41.5096Y6.8971
G01 X41.6044Y6.9671
G01 X41.6236Y6.9823
G01 X41.7111Y7.0612
G01 X41.7287Y7.0782
G01 X41.8113Y7.1689
G01 X41.8300Y7.1917
G01 X41.8500Y7.2186
G00 Z20.0000
G00 X41.7637Y7.1164
G01 Z20.0000
G01 X41.7745Y6.8976
G01 X42.5952Y1.3644
G01 X43.1499Y-0.8500
G01 X42.7381Y-0.8500
G01 X42.2029Y1.2864
G01 X41.3820Y6.8205
G00 Z20.0000
G00 X40.9988Y6.6814
G01 Z20.0000
G01 X41.8106Y1.2084
G01 X42.3262Y-0.8500
G01 X41.9143Y-0.8500
G01 X41.4183Y1.1303
G01 X40.5989Y6.6545
G00 Z20.0000
G00 X40.1819Y6.7467
G01 Z20.0000
G01 X40.1822Y6.7408
G01 X41.0260Y1.0523
G01 X41.5025Y-0.8500
G01 X41.0906Y-0.8500
G01 X40.6337Y0.9742
G01 X39.7841Y6.7016
G01 X39.7700Y6.9878
G00 Z20.0000
G00 X26.4200Y4.2200
G01 Z20.0000
G01 X26.2496Y5.3685
G01 X26.1276Y7.8509
G00 Z20.0000
G00 X26.1499Y8.0902
G01 Z20.0000
G01 X26.1495Y8.1196
G01 X26.1434Y8.2372
G01 X26.1406Y8.2616
G01 X26.1230Y8.3781
G01 X26.1178Y8.4020
G01 X26.0889Y8.5162
G01 X26.0814Y8.5396
G01 X26.0414Y8.6503
G01 X26.0317Y8.6728
G01 X25.9810Y8.7792
G01 X25.9691Y8.8006
G01 X25.9083Y8.9015
G01 X25.8943Y8.9216
G01 X25.8239Y9.0160
G01 X25.8080Y9.0347
G01 X25.7287Y9.1218
G01 X25.7111Y9.1388
G01 X25.6236Y9.2177
G01 X25.6044Y9.2329
G01 X25.5096Y9.3029
G01 X25.4890Y9.3161
G01 X25.3878Y9.3764
G01 X25.3660Y9.3876
G01 X25.2594Y9.4377
G01 X25.2366Y9.4467
G01 X25.1256Y9.4861
G01 X25.1020Y9.4928
G01 X24.9877Y9.5211
G01 X24.9635Y9.5255
G01 X24.8470Y9.5425
G01 X24.8225Y9.5445
G01 X24.7049Y9.5499
G01 X24.6804Y9.5495
G01 X24.5628Y9.5434
G01 X24.5384Y9.5406
G01 X24.4219Y9.5230
G01 X24.3980Y9.5178
G01 X24.2838Y9.4889
G01 X24.2604Y9.4814
G01 X24.1497Y9.4414
G01 X24.1272Y9.4317
G01 X24.0208Y9.3810
G01 X23.9994Y9.3691
G01 X23.8985Y9.3083
G01 X23.8784Y9.2943
G01 X23.7840Y9.2239
G01 X23.7653Y9.2080
G01 X23.6782Y9.1287
G01 X23.6612Y9.1111
G01 X23.5823Y9.0236
G01 X23.5671Y9.0044
G01 X23.4971Y8.9096
G01 X23.4839Y8.8890
G01 X23.4236Y8.7878
G01 X23.4124Y8.7660
G01 X23.3623Y8.6594
G01 X23.3533Y8.6366
G01 X23.3139Y8.5256
G01 X23.3072Y8.5020
G01 X23.2789Y8.3877
G01 X23.2745Y8.3635
G01 X23.2575Y8.2470
G01 X23.2555Y8.2225
G01 X23.2501Y8.1049
G01 X23.2505Y8.0804
G01 X23.2566Y7.9628
G01 X23.2594Y7.9384
G01 X23.2770Y7.8219
G01 X23.2822Y7.7980
G01 X23.3111Y7.6838
G01 X23.3186Y7.6604
G01 X23.3586Y7.5497
G01 X23.3683Y7.5272
G01 X23.4190Y7.4208
G01 X23.4309Y7.3994
G01 X23.4917Y7.2985
G01 X23.5057Y7.2784
G01 X23.5761Y7.1840
G01 X23.5920Y7.1653
G01 X23.6713Y7.0782
G01 X23.6889Y7.0612
G01 X23.7764Y6.9823
G01 X23.7956Y6.9671
G01 X23.8904Y6.8971
G01 X23.9110Y6.8839
G01 X24.0122Y6.8236
G01 X24.0340Y6.8124
G01 X24.1406Y6.7623
G01 X24.1634Y6.7533
G01 X24.2744Y6.7139
G01 X24.2980Y6.7072
G01 X24.4123Y6.6789
G01 X24.4365Y6.6745
G01 X24.5530Y6.6575
G01 X24.5775Y6.6555
G01 X24.6951Y6.6501
G01 X24.7196Y6.6505
G01 X24.8372Y6.6566
G01 X24.8616Y6.6594
G01 X24.9781Y6.6770
G01 X25.0020Y6.6822
G01 X25.1162Y6.7111
G01 X25.1396Y6.7186
G01 X25.2503Y6.7586
G01 X25.2728Y6.7683
G01 X25.3792Y6.8190
G01 X25.4006Y6.8309
G01 X25.5015Y6.8917
G01 X25.5216Y6.9057
G01 X25.6160Y6.9761
G01 X25.6347Y6.9920
G01 X25.7218Y7.0713
G01 X25.7388Y7.0889
G01 X25.8177Y7.1764
G01 X25.8329Y7.1956
G01 X25.9029Y7.2904
G01 X25.9161Y7.3110
G01 X25.9764Y7.4122
G01 X25.9876Y7.4340
G01 X26.0377Y7.5406
G01 X26.0467Y7.5634
G01 X26.0861Y7.6744
G01 X26.0928Y7.6980
G01 X26.1211Y7.8123
G01 X26.1255Y7.8365
G01 X26.1425Y7.9530
G01 X26.1445Y7.9775
G01 X26.1499Y8.0902
G00 Z20.0000
G00 X25.7637Y7.1164
G01 Z20.0000
G01 X25.8515Y5.3293
G01 X26.0611Y3.9163
G01 X25.6248Y4.1347
G01 X25.4534Y5.2901
G01 X25.3784Y6.8185
G00 Z20.0000
G00 X24.9852Y6.6784
G01 Z20.0000
G01 X25.0554Y5.2509
G01 X25.1865Y4.3671
G00 Z20.0000
G00 X24.7708Y4.4465
G01 Z20.0000
G01 X24.6573Y5.2117
G01 X24.5864Y6.6551
G00 Z20.0000
G00 X24.1819Y6.7467
G01 Z20.0000
G01 X24.2592Y5.1725
G01 X24.3713Y4.4166
G00 Z20.0000
G00 X23.9876Y4.2809
G01 Z20.0000
G01 X23.8611Y5.1333
G01 X23.7700Y6.9878
G01 X23.3802Y6.7807
G01 X23.3399Y7.6008
G00 Z20.0000
G00 X23.5499Y6.0902
G01 Z20.0000
G01 X23.5495Y6.1196
G01 X23.5434Y6.2372
G01 X23.5406Y6.2616
G01 X23.5230Y6.3781
G01 X23.5178Y6.4020
G01 X23.4889Y6.5162
G01 X23.4814Y6.5396
G01 X23.4414Y6.6503
G01 X23.4317Y6.6728
G01 X23.3810Y6.7792
G01 X23.3691Y6.8006
G01 X23.3083Y6.9015
G01 X23.2943Y6.9216
G01 X23.2239Y7.0160
G01 X23.2080Y7.0347
G01 X23.1287Y7.1218
G01 X23.1111Y7.1388
G01 X23.0236Y7.2177
G01 X23.0044Y7.2329
G01 X22.9096Y7.3029
G01 X22.8890Y7.3161
G01 X22.7878Y7.3764
G01 X22.7660Y7.3876
G01 X22.6594Y7.4377
G01 X22.6366Y7.4467
G01 X22.5256Y7.4861
G01 X22.5020Y7.4928
G01 X22.3877Y7.5211
G01 X22.3635Y7.5255
G01 X22.2470Y7.5425
G01 X22.2225Y7.5445
G01 X22.1049Y7.5499
G01 X22.0804Y7.5495
G01 X21.9628Y7.5434
G01 X21.9384Y7.5406
G01 X21.8219Y7.5230
G01 X21.7980Y7.5178
G01 X21.6838Y7.4889
G01 X21.6604Y7.4814
G01 X21.5497Y7.4414
G01 X21.5272Y7.4317
G01 X21.4208Y7.3810
G01 X21.3994Y7.3691
G01 X21.2985Y7.3083
G01 X21.2784Y7.2943
G01 X21.1840Y7.2239
G01 X21.1653Y7.2080
G01 X21.0782Y7.1287
G01 X21.0612Y7.1111
G01 X20.9823Y7.0236
G01 X20.9671Y7.0044
G01 X20.8971Y6.9096
G01 X20.8839Y6.8890
G01 X20.8236Y6.7878
G01 X20.8124Y6.7660
G01 X20.7623Y6.6594
G01 X20.7533Y6.6366
G01 X20.7139Y6.5256
G01 X20.7072Y6.5020
G01 X20.6789Y6.3877
G01 X20.6745Y6.3635
G01 X20.6575Y6.2470
G01 X20.6555Y6.2225
G01 X20.6501Y6.1049
G01 X20.6505Y6.0804
G01 X20.6566Y5.9628
G01 X20.6594Y5.9384
G01 X20.6770Y5.8219
G01 X20.6822Y5.7980
G01 X20.7111Y5.6838
G01 X20.7186Y5.6604
G01 X20.7586Y5.5497
G01 X20.7683Y5.5272
G01 X20.8190Y5.4208
G01 X20.8309Y5.3994
G01 X20.8917Y5.2985
G01 X20.9057Y5.2784
G01 X20.9761Y5.1840
G01 X20.9920Y5.1653
G01 X21.0713Y5.0782
G01 X21.0889Y5.0612
G01 X21.1764Y4.9823
G01 X21.1956Y4.9671
G01 X21.2904Y4.8971
G01 X21.3110Y4.8839
G01 X21.4122Y4.8236
G01 X21.4340Y4.8124
G01 X21.5406Y4.7623
G01 X21.5634Y4.7533
G01 X21.6744Y4.7139
G01 X21.6980Y4.7072
G01 X21.8123Y4.6789
G01 X21.8365Y4.6745
G01 X21.9530Y4.6575
G01 X21.9775Y4.6555
G01 X22.0951Y4.6501
G01 X22.1196Y4.6505
G01 X22.2372Y4.6566
G01 X22.2616Y4.6594
G01 X22.3781Y4.6770
G01 X22.4020Y4.6822
G01 X22.5162Y4.7111
G01 X22.5396Y4.7186
G01 X22.6503Y4.7586
G01 X22.6728Y4.7683
G01 X22.7792Y4.8190
G01 X22.8006Y4.8309
G01 X22.9015Y4.8917
G01 X22.9216Y4.9057
G01 X23.0160Y4.9761
G01 X23.0347Y4.9920
G01 X23.1218Y5.0713
G01 X23.1388Y5.0889
G01 X23.2177Y5.1764
G01 X23.2329Y5.1956
G01 X23.3029Y5.2904
G01 X23.3161Y5.3110
G01 X23.3764Y5.4122
G01 X23.3876Y5.4340
G01 X23.4377Y5.5406
G01 X23.4467Y5.5634
G01 X23.4861Y5.6744
G01 X23.4928Y5.6980
G01 X23.5211Y5.8123
G01 X23.5255Y5.8365
G01 X23.5425Y5.9530
G01 X23.5445Y5.9775
G01 X23.5499Y6.0902
G00 Z20.0000
G00 X23.4408Y5.5480
G01 Z20.0000
G01 X23.4631Y5.0941
G01 X23.6221Y4.0221
G01 X23.2182Y4.0218
G01 X23.0696Y5.0236
G00 Z20.0000
G00 X22.7016Y4.7819
G01 Z20.0000
G01 X22.7701Y4.3198
G00 Z20.0000
G00 X22.3490Y4.4360
G01 Z20.0000
G01 X22.3147Y4.6673
G00 Z20.0000
G00 X21.9114Y4.6634
G01 Z20.0000
G01 X21.9453Y4.4352
G00 Z20.0000
G00 X21.5567Y4.3319
G01 Z20.0000
G01 X21.4893Y4.7862
G00 Z20.0000
G00 X21.0634Y5.0865
G01 Z20.0000
G01 X21.0746Y4.8588
G01 X21.1853Y4.1126
G01 X17.8620Y5.1166
G01 X17.8900Y4.5452
G01 X18.6903Y-0.8500
G01 X18.2864Y-0.8500
G01 X17.4920Y4.5060
G01 X17.4741Y4.8689
G00 Z20.0000
G00 X17.0794Y4.7620
G01 Z20.0000
G01 X17.0939Y4.4668
G01 X17.8826Y-0.8500
G01 X17.4787Y-0.8500
G01 X16.6958Y4.4276
G01 X16.6791Y4.7682
G00 Z20.0000
G00 X16.2729Y4.8940
G01 Z20.0000
G01 X16.2977Y4.3884
G01 X17.0748Y-0.8500
G01 X16.6709Y-0.8500
G01 X15.8997Y4.3492
G01 X15.8583Y5.1921
G01 X14.6791Y4.7674
G01 X14.5441Y7.5159
G00 Z20.0000
G00 X14.1549Y7.2956
G01 Z20.0000
G01 X14.2649Y5.0562
G00 Z20.0000
G00 X13.8585Y5.1865
G01 Z20.0000
G01 X13.7597Y7.1990
G00 Z20.0000
G00 X13.3601Y7.1900
G01 Z20.0000
G01 X13.4574Y5.2100
G01 X13.0574Y5.2100
G01 X12.9601Y7.1900
G01 X12.5601Y7.1900
G01 X12.6574Y5.2100
G00 Z20.0000
G00 X12.2575Y5.2072
G01 Z20.0000
G01 X12.1597Y7.1991
G00 Z20.0000
G00 X12.3152Y7.1901
G01 Z20.0000
G01 X13.6024Y7.1901
G01 X13.7273Y7.1960
G01 X13.7518Y7.1980
G01 X13.8780Y7.2164
G01 X13.9118Y7.2230
G01 X14.0260Y7.2515
G01 X14.0496Y7.2582
G01 X14.1836Y7.3062
G01 X14.2061Y7.3159
G01 X14.3213Y7.3708
G01 X14.3427Y7.3827
G01 X14.4395Y7.4407
G01 X14.4682Y7.4597
G01 X14.5628Y7.5298
G01 X14.5932Y7.5547
G01 X14.6768Y7.6304
G01 X14.6944Y7.6475
G01 X14.7900Y7.7529
G01 X14.8052Y7.7722
G01 X14.8810Y7.8748
G01 X14.8943Y7.8955
G01 X14.9596Y8.0050
G01 X14.9708Y8.0269
G01 X15.0251Y8.1423
G01 X15.0341Y8.1652
G01 X15.0768Y8.2854
G01 X15.0835Y8.3090
G01 X15.1142Y8.4328
G01 X15.1186Y8.4570
G01 X15.1370Y8.5832
G01 X15.1390Y8.6077
G01 X15.1449Y8.7351
G01 X15.1445Y8.7596
G01 X15.1380Y8.8870
G01 X15.1351Y8.9114
G01 X15.1161Y9.0376
G01 X15.1109Y9.0615
G01 X15.0796Y9.1852
G01 X15.0721Y9.2086
G01 X15.0288Y9.3286
G01 X15.0191Y9.3511
G01 X14.9642Y9.4663
G01 X14.9523Y9.4877
G01 X14.8865Y9.5970
G01 X14.8725Y9.6172
G01 X14.7962Y9.7195
G01 X14.7803Y9.7382
G01 X14.6944Y9.8325
G01 X14.6768Y9.8496
G01 X14.5821Y9.9350
G01 X14.5628Y9.9502
G01 X14.4722Y10.0175
G01 X14.4395Y10.0393
G01 X14.3427Y10.0973
G01 X14.3213Y10.1092
G01 X14.1927Y10.1701
G01 X14.1698Y10.1791
G01 X14.0636Y10.2171
G01 X14.0260Y10.2285
G01 X13.9165Y10.2559
G01 X13.8926Y10.2611
G01 X13.7664Y10.2801
G01 X13.7273Y10.2840
G01 X13.5950Y10.2900
G01 X12.3250Y10.2900
G01 X12.1927Y10.2840
G01 X12.1536Y10.2801
G01 X12.0274Y10.2611
G01 X12.0035Y10.2559
G01 X11.8798Y10.2246
G01 X11.8564Y10.2171
G01 X11.7364Y10.1738
G01 X11.7139Y10.1641
G01 X11.5987Y10.1092
G01 X11.5773Y10.0973
G01 X11.4680Y10.0315
G01 X11.4478Y10.0175
G01 X11.3455Y9.9412
G01 X11.3268Y9.9253
G01 X11.2325Y9.8394
G01 X11.2154Y9.8218
G01 X11.1300Y9.7271
G01 X11.1148Y9.7078
G01 X11.0475Y9.6172
G01 X11.0257Y9.5845
G01 X10.9677Y9.4877
G01 X10.9558Y9.4663
G01 X10.8949Y9.3377
G01 X10.8859Y9.3148
G01 X10.8479Y9.2086
G01 X10.8365Y9.1710
G01 X10.8091Y9.0615
G01 X10.8039Y9.0376
G01 X10.7849Y8.9114
G01 X10.7810Y8.8723
G01 X10.7755Y8.7596
G01 X10.7753Y8.7253
G01 X10.7820Y8.5930
G01 X10.7849Y8.5686
G01 X10.8014Y8.4570
G01 X10.8091Y8.4185
G01 X10.8404Y8.2948
G01 X10.8479Y8.2714
G01 X10.8859Y8.1652
G01 X10.9009Y8.1289
G01 X10.9492Y8.0269
G01 X10.9604Y8.0050
G01 X11.0257Y7.8955
G01 X11.0475Y7.8628
G01 X11.1148Y7.7722
G01 X11.1300Y7.7529
G01 X11.2256Y7.6475
G01 X11.2432Y7.6304
G01 X11.3268Y7.5547
G01 X11.3572Y7.5298
G01 X11.4478Y7.4625
G01 X11.4680Y7.4485
G01 X11.5900Y7.3754
G01 X11.6119Y7.3642
G01 X11.7139Y7.3159
G01 X11.7502Y7.3009
G01 X11.8704Y7.2582
G01 X11.8940Y7.2515
G01 X12.0035Y7.2241
G01 X12.0420Y7.2164
G01 X12.1536Y7.1999
G01 X12.1780Y7.1970
G01 X12.3152Y7.1901
G00 Z20.0000
G00 X11.7547Y7.2993
G01 Z20.0000
G01 X11.8609Y5.1386
G00 Z20.0000
G00 X11.4700Y4.9527
G01 Z20.0000
G01 X11.3429Y7.5409
G00 Z20.0000
G00 X10.9155Y8.0981
G01 Z20.0000
G01 X11.0878Y4.5914
G00 Z20.0000
G00 X11.3317Y2.4704
G01 Z20.0000
G01 X11.8242Y-0.8500
G01 X12.2281Y-0.8500
G01 X11.7738Y2.2125
G00 Z20.0000
G00 X12.1920Y2.1161
G01 Z20.0000
G01 X12.6320Y-0.8500
G01 X13.0359Y-0.8500
G01 X12.5968Y2.1100
G00 Z20.0000
G00 X12.3152Y2.1101
G01 Z20.0000
G01 X13.6024Y2.1101
G01 X13.7273Y2.1160
G01 X13.7518Y2.1180
G01 X13.8780Y2.1364
G01 X13.9118Y2.1430
G01 X14.0260Y2.1715
G01 X14.0496Y2.1782
G01 X14.1836Y2.2262
G01 X14.2061Y2.2359
G01 X14.3213Y2.2908
G01 X14.3427Y2.3027
G01 X14.4395Y2.3607
G01 X14.4682Y2.3797
G01 X14.5628Y2.4498
G01 X14.5932Y2.4747
G01 X14.6768Y2.5504
G01 X14.6944Y2.5675
G01 X14.7900Y2.6729
G01 X14.8052Y2.6922
G01 X14.8810Y2.7948
G01 X14.8943Y2.8155
G01 X14.9596Y2.9250
G01 X14.9708Y2.9469
G01 X15.0251Y3.0623
G01 X15.0341Y3.0852
G01 X15.0768Y3.2054
G01 X15.0835Y3.2290
G01 X15.1142Y3.3528
G01 X15.1186Y3.3770
G01 X15.1370Y3.5032
G01 X15.1390Y3.5277
G01 X15.1449Y3.6551
G01 X15.1445Y3.6796
G01 X15.1380Y3.8070
G01 X15.1351Y3.8314
G01 X15.1161Y3.9576
G01 X15.1109Y3.9815
G01 X15.0796Y4.1052
G01 X15.0721Y4.1286
G01 X15.0288Y4.2486
G01 X15.0191Y4.2711
G01 X14.9642Y4.3863
G01 X14.9523Y4.4077
G01 X14.8865Y4.5170
G01 X14.8725Y4.5372
G01 X14.7962Y4.6395
G01 X14.7803Y4.6582
G01 X14.6944Y4.7525
G01 X14.6768Y4.7696
G01 X14.5821Y4.8550
G01 X14.5628Y4.8702
G01 X14.4722Y4.9375
G01 X14.4395Y4.9593
G01 X14.3427Y5.0173
G01 X14.3213Y5.0292
G01 X14.1927Y5.0901
G01 X14.1698Y5.0991
G01 X14.0636Y5.1371
G01 X14.0260Y5.1485
G01 X13.9022Y5.1792
G01 X13.8780Y5.1836
G01 X13.7664Y5.2001
G01 X13.7273Y5.2040
G01 X13.5950Y5.2100
G01 X12.3250Y5.2100
G01 X12.1927Y5.2040
G01 X12.1536Y5.2001
G01 X12.0274Y5.1811
G01 X12.0035Y5.1759
G01 X11.8798Y5.1446
G01 X11.8564Y5.1371
G01 X11.7364Y5.0938
G01 X11.7139Y5.0841
G01 X11.5987Y5.0292
G01 X11.5773Y5.0173
G01 X11.4680Y4.9515
G01 X11.4478Y4.9375
G01 X11.3455Y4.8612
G01 X11.3268Y4.8453
G01 X11.2325Y4.7594
G01 X11.2154Y4.7418
G01 X11.1300Y4.6471
G01 X11.1148Y4.6278
G01 X11.0475Y4.5372
G01 X11.0257Y4.5045
G01 X10.9677Y4.4077
G01 X10.9558Y4.3863
G01 X10.8949Y4.2577
G01 X10.8859Y4.2348
G01 X10.8479Y4.1286
G01 X10.8365Y4.0910
G01 X10.8091Y3.9815
G01 X10.8039Y3.9576
G01 X10.7849Y3.8314
G01 X10.7810Y3.7923
G01 X10.7755Y3.6796
G01 X10.7753Y3.6453
G01 X10.7820Y3.5130
G01 X10.7849Y3.4886
G01 X10.8014Y3.3770
G01 X10.8091Y3.3385
G01 X10.8365Y3.2290
G01 X10.8432Y3.2054
G01 X10.8859Y3.0852
G01 X10.9009Y3.0489
G01 X10.9558Y2.9337
G01 X10.9677Y2.9123
G01 X11.0257Y2.8155
G01 X11.0475Y2.7828
G01 X11.1148Y2.6922
G01 X11.1300Y2.6729
G01 X11.2256Y2.5675
G01 X11.2432Y2.5504
G01 X11.3268Y2.4747
G01 X11.3572Y2.4498
G01 X11.4478Y2.3825
G01 X11.4680Y2.3685
G01 X11.5900Y2.2954
G01 X11.6119Y2.2842
G01 X11.7139Y2.2359
G01 X11.7502Y2.2209
G01 X11.8704Y2.1782
G01 X11.8940Y2.1715
G01 X12.0035Y2.1441
G01 X12.0420Y2.1364
G01 X12.1536Y2.1199
G01 X12.1780Y2.1170
G01 X12.3152Y2.1101
G00 Z20.0000
G00 X13.0007Y2.1100
G01 Z20.0000
G01 X13.4398Y-0.8500
G01 X13.8437Y-0.8500
G01 X13.4046Y2.1100
G00 Z20.0000
G00 X13.8061Y2.1258
G01 Z20.0000
G01 X14.2476Y-0.8500
G01 X14.6514Y-0.8500
G01 X14.1945Y2.2307
G00 Z20.0000
G00 X14.5656Y2.4518
G01 Z20.0000
G01 X15.0553Y-0.8500
G01 X15.4592Y-0.8500
G01 X14.9113Y2.8438
G00 Z20.0000
G00 X6.0189Y2.8899
G01 Z20.0000
G01 X6.5736Y-0.8500
G01 X6.1698Y-0.8500
G01 X5.6762Y2.4774
G00 Z20.0000
G00 X5.3067Y2.2457
G01 Z20.0000
G01 X5.7659Y-0.8500
G01 X5.3620Y-0.8500
G01 X4.9198Y2.1308
G00 Z20.0000
G00 X4.5190Y2.1100
G01 Z20.0000
G01 X4.9581Y-0.8500
G01 X4.5542Y-0.8500
G01 X4.1151Y2.1100
G01 X3.7112Y2.1100
G01 X4.1503Y-0.8500
G01 X3.7464Y-0.8500
G01 X3.3067Y2.1143
G00 Z20.0000
G00 X3.3952Y2.1101
G01 Z20.0000
G01 X4.6824Y2.1101
G01 X4.8073Y2.1160
G01 X4.8318Y2.1180
G01 X4.9580Y2.1364
G01 X4.9918Y2.1430
G01 X5.1060Y2.1715
G01 X5.1296Y2.1782
G01 X5.2636Y2.2262
G01 X5.2861Y2.2359
G01 X5.4013Y2.2908
G01 X5.4227Y2.3027
G01 X5.5195Y2.3607
G01 X5.5522Y2.3825
G01 X5.6467Y2.4527
G01 X5.6732Y2.4747
G01 X5.7568Y2.5504
G01 X5.7744Y2.5675
G01 X5.8700Y2.6729
G01 X5.8852Y2.6922
G01 X5.9610Y2.7948
G01 X5.9743Y2.8155
G01 X6.0396Y2.9250
G01 X6.0508Y2.9469
G01 X6.1051Y3.0623
G01 X6.1141Y3.0852
G01 X6.1568Y3.2054
G01 X6.1635Y3.2290
G01 X6.1942Y3.3528
G01 X6.1986Y3.3770
G01 X6.2170Y3.5032
G01 X6.2190Y3.5277
G01 X6.2249Y3.6551
G01 X6.2245Y3.6796
G01 X6.2180Y3.8070
G01 X6.2151Y3.8314
G01 X6.1961Y3.9576
G01 X6.1909Y3.9815
G01 X6.1596Y4.1052
G01 X6.1521Y4.1286
G01 X6.1088Y4.2486
G01 X6.0991Y4.2711
G01 X6.0442Y4.3863
G01 X6.0323Y4.4077
G01 X5.9665Y4.5170
G01 X5.9525Y4.5372
G01 X5.8762Y4.6395
G01 X5.8603Y4.6582
G01 X5.7744Y4.7525
G01 X5.7568Y4.7696
G01 X5.6621Y4.8550
G01 X5.6428Y4.8702
G01 X5.5522Y4.9375
G01 X5.5195Y4.9593
G01 X5.4227Y5.0173
G01 X5.4013Y5.0292
G01 X5.2727Y5.0901
G01 X5.2498Y5.0991
G01 X5.1436Y5.1371
G01 X5.1060Y5.1485
G01 X4.9822Y5.1792
G01 X4.9580Y5.1836
G01 X4.8464Y5.2001
G01 X4.8073Y5.2040
G01 X4.6750Y5.2100
G01 X3.4050Y5.2100
G01 X3.2727Y5.2040
G01 X3.2336Y5.2001
G01 X3.1074Y5.1811
G01 X3.0835Y5.1759
G01 X2.9598Y5.1446
G01 X2.9364Y5.1371
G01 X2.8164Y5.0938
G01 X2.7939Y5.0841
G01 X2.6787Y5.0292
G01 X2.6573Y5.0173
G01 X2.5480Y4.9515
G01 X2.5278Y4.9375
G01 X2.4255Y4.8612
G01 X2.4068Y4.8453
G01 X2.3125Y4.7594
G01 X2.2954Y4.7418
G01 X2.2100Y4.6471
G01 X2.1948Y4.6278
G01 X2.1275Y4.5372
G01 X2.1057Y4.5045
G01 X2.0477Y4.4077
G01 X2.0358Y4.3863
G01 X1.9749Y4.2577
G01 X1.9659Y4.2348
G01 X1.9279Y4.1286
G01 X1.9165Y4.0910
G01 X1.8858Y3.9672
G01 X1.8814Y3.9430
G01 X1.8649Y3.8314
G01 X1.8610Y3.7923
G01 X1.8555Y3.6796
G01 X1.8553Y3.6453
G01 X1.8620Y3.5130
G01 X1.8649Y3.4886
G01 X1.8814Y3.3770
G01 X1.8891Y3.3385
G01 X1.9204Y3.2148
G01 X1.9279Y3.1914
G01 X1.9659Y3.0852
G01 X1.9809Y3.0489
G01 X2.0292Y2.9469
G01 X2.0404Y2.9250
G01 X2.1057Y2.8155
G01 X2.1275Y2.7828
G01 X2.1948Y2.6922
G01 X2.2100Y2.6729
G01 X2.3056Y2.5675
G01 X2.3232Y2.5504
G01 X2.4068Y2.4747
G01 X2.4372Y2.4498
G01 X2.5278Y2.3825
G01 X2.5480Y2.3685
G01 X2.6573Y2.3027
G01 X2.6919Y2.2842
G01 X2.7939Y2.2359
G01 X2.8164Y2.2262
G01 X2.9504Y2.1782
G01 X2.9740Y2.1715
G01 X3.0835Y2.1441
G01 X3.1220Y2.1364
G01 X3.2336Y2.1199
G01 X3.2580Y2.1170
G01 X3.3952Y2.1101
G00 Z20.0000
G00 X2.8902Y2.1994
G01 Z20.0000
G01 X3.3425Y-0.8500
G01 X2.9386Y-0.8500
G01 X2.4507Y2.4398
G00 Z20.0000
G00 X1.9611Y3.0986
G01 Z20.0000
G01 X1.9671Y2.9769
G01 X2.5348Y-0.8500
G01 X2.1309Y-0.8500
G01 X1.5690Y2.9377
G01 X1.1000Y12.4846
G01 X1.5690Y22.0314
G01 X2.1206Y25.7500
G01 X1.7167Y25.7500
G01 X1.1709Y22.0707
G01 X0.7000Y12.4846
G01 X1.1709Y2.8985
G01 X1.7270Y-0.8500
G01 X1.3231Y-0.8500
G01 X0.7729Y2.8593
G01 X0.3000Y12.4846
G01 X0.7729Y22.1099
G01 X1.3128Y25.7500
G01 X0.9089Y25.7500
G01 X0.3748Y22.1491
G01 X-0.1000Y12.4846
G01 X0.3748Y2.8201
G01 X0.9192Y-0.8500
G01 X0.5153Y-0.8500
G01 X-0.0233Y2.7809
G01 X-0.5000Y12.4846
G01 X-0.0233Y22.1883
G01 X0.5050Y25.7500
G01 X0.1012Y25.7500
G01 X-0.4214Y22.2275
G01 X-0.6500Y17.5734
G01 X2.0272Y15.0735
G01 X2.3652Y21.9530
G01 X2.9284Y25.7500
G01 X2.5245Y25.7500
G01 X1.9671Y21.9922
G01 X1.5910Y14.3374
G00 Z20.0000
G00 X1.5647Y13.8023
G01 Z20.0000
G01 X1.5000Y12.4846
G01 X1.9130Y4.0771
G01 X-0.6500Y1.5602
G01 X-0.2925Y-0.8500
G01 X-0.6500Y-0.8500
G01 X-0.6500Y25.7500
G01 X197.3450Y25.7500
G01 X197.3450Y-0.8500
G01 X-0.6500Y-0.8500
G00 Z20.0000
G00 X2.0473Y9.4870
G01 Z20.0000
G01 X1.9000Y12.4846
G01 X1.9266Y13.0270
G00 Z20.0000
G00 X2.3118Y12.7238
G01 Z20.0000
G01 X2.3000Y12.4846
G01 X2.4250Y9.9408
G00 Z20.0000
G00 X2.8136Y10.1727
G01 Z20.0000
G01 X2.7000Y12.4846
G01 X2.7047Y12.5806
G00 Z20.0000
G00 X3.1034Y12.5546
G01 Z20.0000
G01 X3.1000Y12.4846
G01 X3.2085Y10.2764
G00 Z20.0000
G00 X3.6078Y10.2900
G01 Z20.0000
G01 X3.5000Y12.4846
G01 X3.5078Y12.6430
G00 Z20.0000
G00 X3.9194Y12.8788
G01 Z20.0000
G01 X3.9000Y12.4846
G01 X4.0078Y10.2900
G00 Z20.0000
G00 X6.0487Y9.4574
G01 Z20.0000
G01 X5.9000Y12.4846
G01 X5.9724Y13.9575
G00 Z20.0000
G00 X2.8453Y15.4415
G01 Z20.0000
G01 X3.1613Y21.8746
G01 X3.7362Y25.7500
G01 X3.3323Y25.7500
G01 X2.7632Y21.9138
G01 X2.4402Y15.3375
G00 Z20.0000
G00 X3.8230Y19.0585
G01 Z20.0000
G01 X3.8655Y19.9236
G00 Z20.0000
G00 X4.2643Y19.9000
G01 Z20.0000
G01 X4.2250Y19.1000
G01 X4.6250Y19.1000
G01 X4.6643Y19.9000
G01 X5.0643Y19.9000
G01 X5.0250Y19.1000
G01 X5.4250Y19.1000
G01 X5.4643Y19.9000
G01 X5.8643Y19.9000
G01 X5.8250Y19.1000
G01 X6.2250Y19.1000
G01 X6.2643Y19.9000
G01 X6.6643Y19.9000
G01 X6.6250Y19.1000
G01 X7.0250Y19.1000
G01 X7.0643Y19.9000
G00 Z20.0000
G00 X7.4775Y20.1684
G01 Z20.0000
G01 X7.4173Y18.9433
G00 Z20.0000
G00 X3.6005Y20.2804
G01 Z20.0000
G01 X3.6031Y20.2510
G01 X3.6098Y20.2124
G01 X3.6203Y20.1746
G01 X3.6344Y20.1380
G01 X3.6521Y20.1029
G01 X3.6731Y20.0697
G01 X3.6848Y20.0540
G01 X3.7104Y20.0243
G01 X3.7388Y19.9972
G01 X3.7540Y19.9848
G01 X3.7861Y19.9622
G01 X3.8202Y19.9428
G01 X3.8561Y19.9269
G01 X3.8933Y19.9146
G01 X3.9316Y19.9060
G01 X3.9706Y19.9012
G01 X4.0000Y19.9000
G01 X7.1000Y19.9000
G01 X7.1294Y19.9012
G01 X7.1490Y19.9031
G01 X7.1876Y19.9098
G01 X7.2254Y19.9203
G01 X7.2621Y19.9344
G01 X7.2798Y19.9428
G01 X7.3139Y19.9622
G01 X7.3303Y19.9731
G01 X7.3612Y19.9972
G01 X7.3896Y20.0243
G01 X7.4028Y20.0388
G01 X7.4269Y20.0697
G01 X7.4378Y20.0861
G01 X7.4572Y20.1202
G01 X7.4731Y20.1561
G01 X7.4797Y20.1746
G01 X7.4902Y20.2124
G01 X7.4969Y20.2511
G01 X7.4988Y20.2706
G01 X7.5000Y20.3000
G01 X7.4999Y21.9049
G01 X7.4988Y21.9294
G01 X7.4969Y21.9489
G01 X7.4902Y21.9876
G01 X7.4797Y22.0254
G01 X7.4656Y22.0620
G01 X7.4479Y22.0971
G01 X7.4378Y22.1139
G01 X7.4269Y22.1303
G01 X7.4028Y22.1612
G01 X7.3757Y22.1896
G01 X7.3460Y22.2152
G01 X7.3303Y22.2269
G01 X7.2971Y22.2479
G01 X7.2798Y22.2572
G01 X7.2439Y22.2731
G01 X7.2254Y22.2797
G01 X7.1876Y22.2902
G01 X7.1684Y22.2940
G01 X7.1490Y22.2969
G01 X7.1147Y22.2997
G01 X4.0000Y22.3000
G01 X3.9706Y22.2988
G01 X3.9510Y22.2969
G01 X3.9124Y22.2902
G01 X3.8746Y22.2797
G01 X3.8379Y22.2656
G01 X3.8029Y22.2479
G01 X3.7697Y22.2269
G01 X3.7540Y22.2152
G01 X3.7388Y22.2028
G01 X3.7104Y22.1757
G01 X3.6848Y22.1460
G01 X3.6731Y22.1303
G01 X3.6521Y22.0971
G01 X3.6428Y22.0798
G01 X3.6269Y22.0439
G01 X3.6146Y22.0067
G01 X3.6098Y21.9876
G01 X3.6031Y21.9490
G01 X3.6012Y21.9294
G01 X3.6000Y21.9000
G01 X3.6005Y20.2804
G00 Z20.0000
G00 X-0.6500Y23.4089
G01 Z20.0000
G01 X-0.3027Y25.7500
G00 Z20.0000
G00 X15.8357Y22.9117
G01 Z20.0000
G01 X16.2567Y25.7500
G01 X16.6606Y25.7500
G01 X16.3037Y23.3437
G00 Z20.0000
G00 X16.7321Y23.5088
G01 Z20.0000
G01 X17.0645Y25.7500
G01 X17.4684Y25.7500
G01 X17.1399Y23.5351
G00 Z20.0000
G00 X17.5310Y23.4494
G01 Z20.0000
G01 X17.8723Y25.7500
G01 X18.2762Y25.7500
G01 X17.9046Y23.2450
G00 Z20.0000
G00 X18.2526Y22.8682
G01 Z20.0000
G01 X18.6801Y25.7500
G00 Z20.0000
G00 Z20.0000
G00 X0Y0
M05
G0 Z20
G0 X0 Y25