G0 Z20
G21
G90
G94
F400.00
G00 Z20.0000
M04 S60
G4 P1
G00 X1.0467Y1.0309
G01 Z20.0000
G01 X0.7729Y2.8773
G01 X0.3500Y11.4848
G01 X0.3500Y13.5203
G01 X0.7729Y22.1279
G01 X1.0459Y23.9685
G01 X1.4810Y24.1790
G01 X1.1709Y22.0887
G01 X0.7000Y12.5026
G01 X1.1709Y2.9165
G01 X1.4818Y0.8207
G01 X1.8957Y0.7531
G01 X1.5690Y2.9557
G01 X1.1000Y12.5026
G01 X1.5690Y22.0494
G01 X1.8950Y24.2468
G01 X2.2993Y24.2500
G01 X1.9671Y22.0102
G01 X1.5899Y14.3330
G00 Z20.0000
G00 X1.5641Y13.8068
G01 Z20.0000
G01 X1.5000Y12.5026
G01 X1.9138Y4.0801
G00 Z20.0000
G00 X2.2820Y4.7270
G01 Z20.0000
G01 X2.1280Y7.8622
G00 Z20.0000
G00 X2.5483Y7.4483
G01 Z20.0000
G01 X2.6674Y5.0231
G00 Z20.0000
G00 X3.0602Y5.1701
G01 Z20.0000
G01 X2.9577Y7.2560
G00 Z20.0000
G00 X3.3609Y7.1917
G01 Z20.0000
G01 X3.4583Y5.2100
G01 X3.8583Y5.2100
G01 X3.7610Y7.1900
G00 Z20.0000
G00 X3.3952Y7.1901
G01 Z20.0000
G01 X4.6824Y7.1901
G01 X4.8073Y7.1960
G01 X4.8318Y7.1980
G01 X4.9580Y7.2164
G01 X4.9918Y7.2230
G01 X5.1060Y7.2515
G01 X5.1296Y7.2582
G01 X5.2636Y7.3062
G01 X5.2861Y7.3159
G01 X5.4013Y7.3708
G01 X5.4227Y7.3827
G01 X5.5195Y7.4407
G01 X5.5522Y7.4625
G01 X5.6467Y7.5327
G01 X5.6732Y7.5547
G01 X5.7568Y7.6304
G01 X5.7744Y7.6475
G01 X5.8700Y7.7529
G01 X5.8852Y7.7722
G01 X5.9610Y7.8748
G01 X5.9743Y7.8955
G01 X6.0396Y8.0050
G01 X6.0508Y8.0269
G01 X6.1051Y8.1423
G01 X6.1141Y8.1652
G01 X6.1568Y8.2854
G01 X6.1635Y8.3090
G01 X6.1942Y8.4328
G01 X6.1986Y8.4570
G01 X6.2170Y8.5832
G01 X6.2190Y8.6077
G01 X6.2249Y8.7351
G01 X6.2245Y8.7596
G01 X6.2180Y8.8870
G01 X6.2151Y8.9114
G01 X6.1961Y9.0376
G01 X6.1909Y9.0615
G01 X6.1596Y9.1852
G01 X6.1521Y9.2086
G01 X6.1088Y9.3286
G01 X6.0991Y9.3511
G01 X6.0442Y9.4663
G01 X6.0323Y9.4877
G01 X5.9665Y9.5970
G01 X5.9525Y9.6172
G01 X5.8762Y9.7195
G01 X5.8603Y9.7382
G01 X5.7744Y9.8325
G01 X5.7568Y9.8496
G01 X5.6621Y9.9350
G01 X5.6428Y9.9502
G01 X5.5522Y10.0175
G01 X5.5195Y10.0393
G01 X5.4227Y10.0973
G01 X5.4013Y10.1092
G01 X5.2727Y10.1701
G01 X5.2498Y10.1791
G01 X5.1436Y10.2171
G01 X5.1060Y10.2285
G01 X4.9965Y10.2559
G01 X4.9726Y10.2611
G01 X4.8464Y10.2801
G01 X4.8073Y10.2840
G01 X4.6750Y10.2900
G01 X3.4050Y10.2900
G01 X3.2727Y10.2840
G01 X3.2336Y10.2801
G01 X3.1074Y10.2611
G01 X3.0835Y10.2559
G01 X2.9598Y10.2246
G01 X2.9364Y10.2171
G01 X2.8164Y10.1738
G01 X2.7939Y10.1641
G01 X2.6787Y10.1092
G01 X2.6573Y10.0973
G01 X2.5480Y10.0315
G01 X2.5278Y10.0175
G01 X2.4255Y9.9412
G01 X2.4068Y9.9253
G01 X2.3125Y9.8394
G01 X2.2954Y9.8218
G01 X2.2100Y9.7271
G01 X2.1948Y9.7078
G01 X2.1275Y9.6172
G01 X2.1057Y9.5845
G01 X2.0477Y9.4877
G01 X2.0358Y9.4663
G01 X1.9749Y9.3377
G01 X1.9659Y9.3148
G01 X1.9279Y9.2086
G01 X1.9165Y9.1710
G01 X1.8858Y9.0472
G01 X1.8814Y9.0230
G01 X1.8649Y8.9114
G01 X1.8610Y8.8723
G01 X1.8555Y8.7596
G01 X1.8551Y8.7351
G01 X1.8610Y8.6077
G01 X1.8649Y8.5686
G01 X1.8814Y8.4570
G01 X1.8858Y8.4328
G01 X1.9178Y8.3042
G01 X1.9279Y8.2714
G01 X1.9659Y8.1652
G01 X1.9809Y8.1289
G01 X2.0358Y8.0137
G01 X2.0477Y7.9923
G01 X2.1057Y7.8955
G01 X2.1275Y7.8628
G01 X2.1948Y7.7722
G01 X2.2100Y7.7529
G01 X2.3056Y7.6475
G01 X2.3232Y7.6304
G01 X2.4068Y7.5547
G01 X2.4372Y7.5298
G01 X2.5278Y7.4625
G01 X2.5480Y7.4485
G01 X2.6700Y7.3754
G01 X2.6919Y7.3642
G01 X2.7939Y7.3159
G01 X2.8302Y7.3009
G01 X2.9504Y7.2582
G01 X2.9740Y7.2515
G01 X3.0835Y7.2241
G01 X3.1220Y7.2164
G01 X3.2336Y7.1999
G01 X3.2580Y7.1970
G01 X3.3952Y7.1901
G00 Z20.0000
G00 X4.1610Y7.1900
G01 Z20.0000
G01 X4.2583Y5.2100
G01 X4.6583Y5.2100
G01 X4.5610Y7.1900
G00 Z20.0000
G00 X4.9597Y7.2167
G01 Z20.0000
G01 X5.0607Y5.1598
G00 Z20.0000
G00 X5.4691Y4.9895
G01 Z20.0000
G01 X5.3532Y7.3477
G00 Z20.0000
G00 X5.7401Y7.6153
G01 Z20.0000
G01 X5.8870Y4.6255
G00 Z20.0000
G00 X6.0210Y2.8934
G01 Z20.0000
G01 X6.3390Y0.7500
G01 X6.7429Y0.7500
G01 X6.3459Y3.4262
G01 X6.1132Y8.1628
G00 Z20.0000
G00 X6.0497Y9.4554
G01 Z20.0000
G01 X5.9000Y12.5026
G01 X5.9715Y13.9588
G00 Z20.0000
G00 X6.3586Y13.6950
G01 Z20.0000
G01 X6.3000Y12.5026
G01 X6.7440Y3.4654
G01 X7.1468Y0.7500
G01 X7.5506Y0.7500
G01 X7.1420Y3.5046
G01 X6.7000Y12.5026
G01 X6.7576Y13.6750
G01 X7.1576Y13.6750
G01 X7.1000Y12.5026
G01 X7.5401Y3.5438
G01 X7.9545Y0.7500
G01 X8.3584Y0.7500
G01 X7.9382Y3.5830
G01 X7.5000Y12.5026
G01 X7.5577Y13.6777
G00 Z20.0000
G00 X7.9666Y13.8583
G01 Z20.0000
G01 X7.9000Y12.5026
G01 X8.3363Y3.6222
G01 X8.7623Y0.7500
G01 X9.1662Y0.7500
G01 X8.7343Y3.6614
G01 X8.3000Y12.5026
G01 X8.7343Y21.3437
G01 X9.1654Y24.2500
G01 X8.7616Y24.2500
G01 X8.3363Y21.3829
G01 X8.0724Y16.0116
G00 Z20.0000
G00 X7.6866Y16.3001
G01 Z20.0000
G01 X7.9382Y21.4221
G01 X8.3577Y24.2500
G01 X7.9538Y24.2500
G01 X7.5401Y21.4613
G01 X7.5000Y20.6448
G00 Z20.0000
G00 X7.4765Y20.1655
G01 Z20.0000
G01 X7.4165Y18.9444
G00 Z20.0000
G00 X7.0241Y19.1000
G01 Z20.0000
G01 X7.0634Y19.9000
G01 X6.6634Y19.9000
G01 X6.6241Y19.1000
G01 X6.2241Y19.1000
G01 X6.2634Y19.9000
G01 X5.8634Y19.9000
G01 X5.8241Y19.1000
G01 X5.4241Y19.1000
G01 X5.4634Y19.9000
G01 X5.0634Y19.9000
G01 X5.0241Y19.1000
G01 X4.6241Y19.1000
G01 X4.6634Y19.9000
G01 X4.2634Y19.9000
G01 X4.2241Y19.1000
G00 Z20.0000
G00 X3.8220Y19.0581
G01 Z20.0000
G01 X3.8646Y19.9239
G00 Z20.0000
G00 X3.6005Y20.2804
G01 Z20.0000
G01 X3.6031Y20.2510
G01 X3.6098Y20.2124
G01 X3.6203Y20.1746
G01 X3.6344Y20.1380
G01 X3.6521Y20.1029
G01 X3.6731Y20.0697
G01 X3.6848Y20.0540
G01 X3.7104Y20.0243
G01 X3.7388Y19.9972
G01 X3.7540Y19.9848
G01 X3.7861Y19.9622
G01 X3.8202Y19.9428
G01 X3.8561Y19.9269
G01 X3.8933Y19.9146
G01 X3.9316Y19.9060
G01 X3.9706Y19.9012
G01 X4.0000Y19.9000
G01 X7.1000Y19.9000
G01 X7.1294Y19.9012
G01 X7.1490Y19.9031
G01 X7.1876Y19.9098
G01 X7.2254Y19.9203
G01 X7.2621Y19.9344
G01 X7.2798Y19.9428
G01 X7.3139Y19.9622
G01 X7.3303Y19.9731
G01 X7.3612Y19.9972
G01 X7.3896Y20.0243
G01 X7.4028Y20.0388
G01 X7.4269Y20.0697
G01 X7.4378Y20.0861
G01 X7.4572Y20.1202
G01 X7.4731Y20.1561
G01 X7.4797Y20.1746
G01 X7.4902Y20.2124
G01 X7.4969Y20.2511
G01 X7.4988Y20.2706
G01 X7.5000Y20.3000
G01 X7.4999Y21.9049
G01 X7.4988Y21.9294
G01 X7.4969Y21.9489
G01 X7.4902Y21.9876
G01 X7.4797Y22.0254
G01 X7.4656Y22.0620
G01 X7.4479Y22.0971
G01 X7.4378Y22.1139
G01 X7.4269Y22.1303
G01 X7.4028Y22.1612
G01 X7.3757Y22.1896
G01 X7.3460Y22.2152
G01 X7.3303Y22.2269
G01 X7.2971Y22.2479
G01 X7.2798Y22.2572
G01 X7.2439Y22.2731
G01 X7.2254Y22.2797
G01 X7.1876Y22.2902
G01 X7.1684Y22.2940
G01 X7.1490Y22.2969
G01 X7.1147Y22.2997
G01 X4.0000Y22.3000
G01 X3.9706Y22.2988
G01 X3.9510Y22.2969
G01 X3.9124Y22.2902
G01 X3.8746Y22.2797
G01 X3.8379Y22.2656
G01 X3.8029Y22.2479
G01 X3.7697Y22.2269
G01 X3.7540Y22.2152
G01 X3.7388Y22.2028
G01 X3.7104Y22.1757
G01 X3.6848Y22.1460
G01 X3.6731Y22.1303
G01 X3.6521Y22.0971
G01 X3.6428Y22.0798
G01 X3.6269Y22.0439
G01 X3.6146Y22.0067
G01 X3.6098Y21.9876
G01 X3.6031Y21.9490
G01 X3.6012Y21.9294
G01 X3.6000Y21.9000
G01 X3.6005Y20.2804
G00 Z20.0000
G00 X4.0295Y22.3000
G01 Z20.0000
G01 X4.3188Y24.2500
G01 X3.9149Y24.2500
G01 X3.5594Y21.8534
G01 X3.2437Y15.4284
G00 Z20.0000
G00 X2.8444Y15.4414
G01 Z20.0000
G01 X3.1613Y21.8926
G01 X3.5110Y24.2500
G01 X3.1071Y24.2500
G01 X2.7632Y21.9318
G01 X2.4393Y15.3371
G00 Z20.0000
G00 X2.0263Y15.0727
G01 Z20.0000
G01 X2.3652Y21.9710
G01 X2.7032Y24.2500
G01 X4.7227Y24.2500
G01 X4.4334Y22.3000
G01 X4.8373Y22.3000
G01 X5.1265Y24.2500
G01 X5.5304Y24.2500
G01 X5.2412Y22.3000
G01 X5.6451Y22.3000
G01 X5.9343Y24.2500
G01 X6.3382Y24.2500
G01 X6.0490Y22.3000
G01 X6.4529Y22.3000
G01 X6.7421Y24.2500
G01 X7.1460Y24.2500
G01 X6.8567Y22.3000
G00 Z20.0000
G00 X7.2559Y22.2681
G01 Z20.0000
G01 X7.5499Y24.2500
G01 X9.5693Y24.2500
G01 X9.1324Y21.3045
G01 X8.8663Y15.8876
G00 Z20.0000
G00 X8.8252Y15.6706
G01 Z20.0000
G01 X8.8250Y14.3425
G01 X8.8262Y14.3112
G01 X8.8299Y14.2654
G01 X8.8321Y14.2459
G01 X8.8368Y14.2188
G01 X8.8491Y14.1665
G01 X8.8602Y14.1288
G01 X8.8685Y14.1068
G01 X8.8893Y14.0572
G01 X8.9071Y14.0222
G01 X8.9350Y13.9763
G01 X8.9480Y13.9566
G01 X8.9644Y13.9346
G01 X8.9992Y13.8936
G01 X9.0151Y13.8762
G01 X9.0348Y13.8570
G01 X9.0846Y13.8144
G01 X9.1163Y13.7914
G01 X9.1722Y13.7571
G01 X9.2072Y13.7393
G01 X9.2568Y13.7185
G01 X9.2938Y13.7054
G01 X9.3165Y13.6991
G01 X9.3688Y13.6868
G01 X9.3959Y13.6821
G01 X9.4154Y13.6799
G01 X9.4651Y13.6760
G01 X9.4925Y13.6750
G01 X10.4825Y13.6750
G01 X10.5099Y13.6760
G01 X10.5674Y13.6806
G01 X10.5946Y13.6846
G01 X10.6177Y13.6893
G01 X10.6699Y13.7021
G01 X10.6962Y13.7102
G01 X10.7182Y13.7185
G01 X10.7678Y13.7393
G01 X10.7924Y13.7515
G01 X10.8129Y13.7631
G01 X10.8587Y13.7914
G01 X10.8811Y13.8072
G01 X10.8995Y13.8219
G01 X10.9402Y13.8570
G01 X10.9599Y13.8762
G01 X10.9758Y13.8936
G01 X11.0106Y13.9346
G01 X11.0336Y13.9663
G01 X11.0679Y14.0222
G01 X11.0857Y14.0572
G01 X11.1065Y14.1068
G01 X11.1196Y14.1438
G01 X11.1259Y14.1665
G01 X11.1382Y14.2188
G01 X11.1429Y14.2459
G01 X11.1455Y14.2693
G01 X11.1490Y14.3151
G01 X11.1500Y14.3425
G01 X11.1495Y15.6771
G01 X11.1451Y15.7346
G01 X11.1404Y15.7696
G01 X11.1357Y15.7927
G01 X11.1229Y15.8449
G01 X11.1148Y15.8712
G01 X11.1065Y15.8932
G01 X11.0857Y15.9428
G01 X11.0735Y15.9674
G01 X11.0619Y15.9879
G01 X11.0336Y16.0337
G01 X11.0178Y16.0561
G01 X11.0031Y16.0745
G01 X10.9680Y16.1152
G01 X10.9488Y16.1349
G01 X10.9314Y16.1508
G01 X10.8904Y16.1856
G01 X10.8587Y16.2086
G01 X10.8129Y16.2369
G01 X10.7924Y16.2485
G01 X10.7606Y16.2639
G01 X10.7072Y16.2858
G01 X10.6699Y16.2979
G01 X10.6062Y16.3132
G01 X10.5674Y16.3194
G01 X10.5138Y16.3238
G01 X10.4825Y16.3250
G01 X9.4886Y16.3250
G01 X9.4612Y16.3238
G01 X9.4154Y16.3201
G01 X9.3959Y16.3179
G01 X9.3688Y16.3132
G01 X9.3165Y16.3009
G01 X9.2938Y16.2946
G01 X9.2678Y16.2858
G01 X9.2072Y16.2607
G01 X9.1722Y16.2429
G01 X9.1163Y16.2086
G01 X9.0846Y16.1856
G01 X9.0436Y16.1508
G01 X9.0262Y16.1349
G01 X9.0018Y16.1094
G01 X8.9644Y16.0654
G01 X8.9414Y16.0337
G01 X8.9131Y15.9879
G01 X8.9015Y15.9674
G01 X8.8861Y15.9356
G01 X8.8671Y15.8896
G01 X8.8602Y15.8712
G01 X8.8501Y15.8373
G01 X8.8385Y15.7889
G01 X8.8346Y15.7696
G01 X8.8299Y15.7346
G01 X8.8252Y15.6706
G00 Z20.0000
G00 X8.8250Y15.0470
G01 Z20.0000
G01 X8.7000Y12.5026
G01 X9.1324Y3.7006
G01 X9.5701Y0.7500
G01 X9.9740Y0.7500
G01 X9.5305Y3.7398
G01 X9.1000Y12.5026
G01 X9.1619Y13.7632
G00 Z20.0000
G00 X9.5576Y13.6750
G01 Z20.0000
G01 X9.5000Y12.5026
G01 X9.9286Y3.7790
G01 X10.3779Y0.7500
G01 X10.7818Y0.7500
G01 X10.3266Y3.8183
G01 X9.9000Y12.5026
G01 X9.9576Y13.6750
G01 X10.3576Y13.6750
G01 X10.3000Y12.5026
G01 X10.7247Y3.8575
G01 X11.1857Y0.7500
G01 X11.5895Y0.7500
G01 X11.3347Y2.4677
G00 Z20.0000
G00 X11.7767Y2.2114
G01 Z20.0000
G01 X11.9934Y0.7500
G01 X12.3973Y0.7500
G01 X12.1947Y2.1159
G00 Z20.0000
G00 X12.3152Y2.1101
G01 Z20.0000
G01 X13.6024Y2.1101
G01 X13.7273Y2.1160
G01 X13.7518Y2.1180
G01 X13.8780Y2.1364
G01 X13.9118Y2.1430
G01 X14.0260Y2.1715
G01 X14.0496Y2.1782
G01 X14.1836Y2.2262
G01 X14.2061Y2.2359
G01 X14.3213Y2.2908
G01 X14.3427Y2.3027
G01 X14.4395Y2.3607
G01 X14.4682Y2.3797
G01 X14.5628Y2.4498
G01 X14.5932Y2.4747
G01 X14.6768Y2.5504
G01 X14.6944Y2.5675
G01 X14.7900Y2.6729
G01 X14.8052Y2.6922
G01 X14.8810Y2.7948
G01 X14.8943Y2.8155
G01 X14.9596Y2.9250
G01 X14.9708Y2.9469
G01 X15.0251Y3.0623
G01 X15.0341Y3.0852
G01 X15.0768Y3.2054
G01 X15.0835Y3.2290
G01 X15.1142Y3.3528
G01 X15.1186Y3.3770
G01 X15.1370Y3.5032
G01 X15.1390Y3.5277
G01 X15.1449Y3.6551
G01 X15.1445Y3.6796
G01 X15.1380Y3.8070
G01 X15.1351Y3.8314
G01 X15.1161Y3.9576
G01 X15.1109Y3.9815
G01 X15.0796Y4.1052
G01 X15.0721Y4.1286
G01 X15.0288Y4.2486
G01 X15.0191Y4.2711
G01 X14.9642Y4.3863
G01 X14.9523Y4.4077
G01 X14.8865Y4.5170
G01 X14.8725Y4.5372
G01 X14.7962Y4.6395
G01 X14.7803Y4.6582
G01 X14.6944Y4.7525
G01 X14.6768Y4.7696
G01 X14.5821Y4.8550
G01 X14.5628Y4.8702
G01 X14.4722Y4.9375
G01 X14.4395Y4.9593
G01 X14.3427Y5.0173
G01 X14.3213Y5.0292
G01 X14.1927Y5.0901
G01 X14.1698Y5.0991
G01 X14.0636Y5.1371
G01 X14.0260Y5.1485
G01 X13.9022Y5.1792
G01 X13.8780Y5.1836
G01 X13.7664Y5.2001
G01 X13.7273Y5.2040
G01 X13.5950Y5.2100
G01 X12.3250Y5.2100
G01 X12.1927Y5.2040
G01 X12.1536Y5.2001
G01 X12.0274Y5.1811
G01 X12.0035Y5.1759
G01 X11.8798Y5.1446
G01 X11.8564Y5.1371
G01 X11.7364Y5.0938
G01 X11.7139Y5.0841
G01 X11.5987Y5.0292
G01 X11.5773Y5.0173
G01 X11.4680Y4.9515
G01 X11.4478Y4.9375
G01 X11.3455Y4.8612
G01 X11.3268Y4.8453
G01 X11.2325Y4.7594
G01 X11.2154Y4.7418
G01 X11.1300Y4.6471
G01 X11.1148Y4.6278
G01 X11.0475Y4.5372
G01 X11.0257Y4.5045
G01 X10.9677Y4.4077
G01 X10.9558Y4.3863
G01 X10.8949Y4.2577
G01 X10.8859Y4.2348
G01 X10.8479Y4.1286
G01 X10.8365Y4.0910
G01 X10.8091Y3.9815
G01 X10.8039Y3.9576
G01 X10.7849Y3.8314
G01 X10.7810Y3.7923
G01 X10.7755Y3.6796
G01 X10.7753Y3.6453
G01 X10.7820Y3.5130
G01 X10.7849Y3.4886
G01 X10.8014Y3.3770
G01 X10.8091Y3.3385
G01 X10.8365Y3.2290
G01 X10.8432Y3.2054
G01 X10.8859Y3.0852
G01 X10.9009Y3.0489
G01 X10.9558Y2.9337
G01 X10.9677Y2.9123
G01 X11.0257Y2.8155
G01 X11.0475Y2.7828
G01 X11.1148Y2.6922
G01 X11.1300Y2.6729
G01 X11.2256Y2.5675
G01 X11.2432Y2.5504
G01 X11.3268Y2.4747
G01 X11.3572Y2.4498
G01 X11.4478Y2.3825
G01 X11.4680Y2.3685
G01 X11.5900Y2.2954
G01 X11.6119Y2.2842
G01 X11.7139Y2.2359
G01 X11.7502Y2.2209
G01 X11.8704Y2.1782
G01 X11.8940Y2.1715
G01 X12.0035Y2.1441
G01 X12.0420Y2.1364
G01 X12.1536Y2.1199
G01 X12.1780Y2.1170
G01 X12.3152Y2.1101
G00 Z20.0000
G00 X12.5995Y2.1100
G01 Z20.0000
G01 X12.8012Y0.7500
G01 X13.2051Y0.7500
G01 X13.0034Y2.1100
G01 X13.4073Y2.1100
G01 X13.6090Y0.7500
G01 X14.0129Y0.7500
G01 X13.8088Y2.1261
G00 Z20.0000
G00 X14.1970Y2.2318
G01 Z20.0000
G01 X14.4168Y0.7500
G01 X14.8207Y0.7500
G01 X14.5679Y2.4537
G00 Z20.0000
G00 X14.9134Y2.8474
G01 Z20.0000
G01 X15.2246Y0.7500
G01 X15.6284Y0.7500
G01 X15.1035Y4.2887
G01 X14.9239Y7.9449
G00 Z20.0000
G00 X14.5450Y7.5165
G01 Z20.0000
G01 X14.6800Y4.7665
G00 Z20.0000
G00 X14.2658Y5.0558
G01 Z20.0000
G01 X14.1558Y7.2959
G00 Z20.0000
G00 X13.7605Y7.1991
G01 Z20.0000
G01 X13.8594Y5.1863
G00 Z20.0000
G00 X13.4583Y5.2100
G01 Z20.0000
G01 X13.3610Y7.1900
G01 X12.9610Y7.1900
G01 X13.0583Y5.2100
G01 X12.6583Y5.2100
G01 X12.5610Y7.1900
G00 Z20.0000
G00 X12.3152Y7.1901
G01 Z20.0000
G01 X13.6024Y7.1901
G01 X13.7273Y7.1960
G01 X13.7518Y7.1980
G01 X13.8780Y7.2164
G01 X13.9118Y7.2230
G01 X14.0260Y7.2515
G01 X14.0496Y7.2582
G01 X14.1836Y7.3062
G01 X14.2061Y7.3159
G01 X14.3213Y7.3708
G01 X14.3427Y7.3827
G01 X14.4395Y7.4407
G01 X14.4682Y7.4597
G01 X14.5628Y7.5298
G01 X14.5932Y7.5547
G01 X14.6768Y7.6304
G01 X14.6944Y7.6475
G01 X14.7900Y7.7529
G01 X14.8052Y7.7722
G01 X14.8810Y7.8748
G01 X14.8943Y7.8955
G01 X14.9596Y8.0050
G01 X14.9708Y8.0269
G01 X15.0251Y8.1423
G01 X15.0341Y8.1652
G01 X15.0768Y8.2854
G01 X15.0835Y8.3090
G01 X15.1142Y8.4328
G01 X15.1186Y8.4570
G01 X15.1370Y8.5832
G01 X15.1390Y8.6077
G01 X15.1449Y8.7351
G01 X15.1445Y8.7596
G01 X15.1380Y8.8870
G01 X15.1351Y8.9114
G01 X15.1161Y9.0376
G01 X15.1109Y9.0615
G01 X15.0796Y9.1852
G01 X15.0721Y9.2086
G01 X15.0288Y9.3286
G01 X15.0191Y9.3511
G01 X14.9642Y9.4663
G01 X14.9523Y9.4877
G01 X14.8865Y9.5970
G01 X14.8725Y9.6172
G01 X14.7962Y9.7195
G01 X14.7803Y9.7382
G01 X14.6944Y9.8325
G01 X14.6768Y9.8496
G01 X14.5821Y9.9350
G01 X14.5628Y9.9502
G01 X14.4722Y10.0175
G01 X14.4395Y10.0393
G01 X14.3427Y10.0973
G01 X14.3213Y10.1092
G01 X14.1927Y10.1701
G01 X14.1698Y10.1791
G01 X14.0636Y10.2171
G01 X14.0260Y10.2285
G01 X13.9165Y10.2559
G01 X13.8926Y10.2611
G01 X13.7664Y10.2801
G01 X13.7273Y10.2840
G01 X13.5950Y10.2900
G01 X12.3250Y10.2900
G01 X12.1927Y10.2840
G01 X12.1536Y10.2801
G01 X12.0274Y10.2611
G01 X12.0035Y10.2559
G01 X11.8798Y10.2246
G01 X11.8564Y10.2171
G01 X11.7364Y10.1738
G01 X11.7139Y10.1641
G01 X11.5987Y10.1092
G01 X11.5773Y10.0973
G01 X11.4680Y10.0315
G01 X11.4478Y10.0175
G01 X11.3455Y9.9412
G01 X11.3268Y9.9253
G01 X11.2325Y9.8394
G01 X11.2154Y9.8218
G01 X11.1300Y9.7271
G01 X11.1148Y9.7078
G01 X11.0475Y9.6172
G01 X11.0257Y9.5845
G01 X10.9677Y9.4877
G01 X10.9558Y9.4663
G01 X10.8949Y9.3377
G01 X10.8859Y9.3148
G01 X10.8479Y9.2086
G01 X10.8365Y9.1710
G01 X10.8091Y9.0615
G01 X10.8039Y9.0376
G01 X10.7849Y8.9114
G01 X10.7810Y8.8723
G01 X10.7755Y8.7596
G01 X10.7753Y8.7253
G01 X10.7820Y8.5930
G01 X10.7849Y8.5686
G01 X10.8014Y8.4570
G01 X10.8091Y8.4185
G01 X10.8404Y8.2948
G01 X10.8479Y8.2714
G01 X10.8859Y8.1652
G01 X10.9009Y8.1289
G01 X10.9492Y8.0269
G01 X10.9604Y8.0050
G01 X11.0257Y7.8955
G01 X11.0475Y7.8628
G01 X11.1148Y7.7722
G01 X11.1300Y7.7529
G01 X11.2256Y7.6475
G01 X11.2432Y7.6304
G01 X11.3268Y7.5547
G01 X11.3572Y7.5298
G01 X11.4478Y7.4625
G01 X11.4680Y7.4485
G01 X11.5900Y7.3754
G01 X11.6119Y7.3642
G01 X11.7139Y7.3159
G01 X11.7502Y7.3009
G01 X11.8704Y7.2582
G01 X11.8940Y7.2515
G01 X12.0035Y7.2241
G01 X12.0420Y7.2164
G01 X12.1536Y7.1999
G01 X12.1780Y7.1970
G01 X12.3152Y7.1901
G00 Z20.0000
G00 X12.1606Y7.1989
G01 Z20.0000
G01 X12.2584Y5.2072
G00 Z20.0000
G00 X11.8618Y5.1389
G01 Z20.0000
G01 X11.7556Y7.2990
G00 Z20.0000
G00 X11.3438Y7.5402
G01 Z20.0000
G01 X11.4709Y4.9533
G00 Z20.0000
G00 X11.0886Y4.5926
G01 Z20.0000
G01 X10.9165Y8.0960
G00 Z20.0000
G00 X10.8601Y9.2428
G01 Z20.0000
G01 X10.7000Y12.5026
G01 X10.7606Y13.7361
G00 Z20.0000
G00 X10.8813Y16.1926
G01 Z20.0000
G01 X10.9062Y16.7000
G01 X11.3062Y16.7000
G01 X11.1000Y12.5026
G01 X11.2309Y9.8379
G00 Z20.0000
G00 X11.6171Y10.1183
G01 Z20.0000
G01 X11.5000Y12.5026
G01 X11.7062Y16.7000
G01 X12.1062Y16.7000
G01 X11.9000Y12.5026
G01 X12.0103Y10.2575
G00 Z20.0000
G00 X12.4087Y10.2900
G01 Z20.0000
G01 X12.3000Y12.5026
G01 X12.5062Y16.7000
G01 X12.9062Y16.7000
G01 X12.7000Y12.5026
G01 X12.8087Y10.2900
G01 X13.2087Y10.2900
G01 X13.1000Y12.5026
G01 X13.3137Y16.8521
G00 Z20.0000
G00 X13.4000Y18.6092
G01 Z20.0000
G01 X13.5112Y20.8732
G01 X14.0121Y24.2500
G01 X13.6082Y24.2500
G01 X13.2990Y22.1654
G00 Z20.0000
G00 X12.9151Y22.3000
G01 Z20.0000
G01 X13.2043Y24.2500
G01 X12.8005Y24.2500
G01 X12.5112Y22.3000
G01 X12.1073Y22.3000
G01 X12.3966Y24.2500
G01 X11.9927Y24.2500
G01 X11.7034Y22.3000
G01 X11.2995Y22.3000
G01 X11.5888Y24.2500
G01 X11.1849Y24.2500
G01 X10.8956Y22.3000
G01 X10.4917Y22.3000
G01 X10.7810Y24.2500
G01 X10.3771Y24.2500
G01 X10.0879Y22.3000
G00 Z20.0000
G00 X9.6735Y22.2294
G01 Z20.0000
G01 X9.9732Y24.2500
G00 Z20.0000
G00 X9.5000Y20.6448
G01 Z20.0000
G01 X9.2862Y16.2921
G00 Z20.0000
G00 X9.6878Y16.3250
G01 Z20.0000
G01 X9.7086Y16.7490
G00 Z20.0000
G00 X9.5005Y17.0804
G01 Z20.0000
G01 X9.5031Y17.0511
G01 X9.5098Y17.0124
G01 X9.5203Y16.9746
G01 X9.5344Y16.9380
G01 X9.5521Y16.9029
G01 X9.5731Y16.8697
G01 X9.5972Y16.8388
G01 X9.6104Y16.8243
G01 X9.6388Y16.7972
G01 X9.6697Y16.7731
G01 X9.7029Y16.7521
G01 X9.7379Y16.7344
G01 X9.7561Y16.7269
G01 X9.7933Y16.7146
G01 X9.8316Y16.7060
G01 X9.8706Y16.7012
G01 X9.9000Y16.7000
G01 X13.0000Y16.7000
G01 X13.0294Y16.7012
G01 X13.0490Y16.7031
G01 X13.0876Y16.7098
G01 X13.1254Y16.7203
G01 X13.1621Y16.7344
G01 X13.1798Y16.7428
G01 X13.2139Y16.7622
G01 X13.2460Y16.7848
G01 X13.2612Y16.7972
G01 X13.2896Y16.8243
G01 X13.3028Y16.8388
G01 X13.3269Y16.8697
G01 X13.3479Y16.9029
G01 X13.3572Y16.9202
G01 X13.3731Y16.9561
G01 X13.3797Y16.9746
G01 X13.3902Y17.0124
G01 X13.3940Y17.0316
G01 X13.3988Y17.0706
G01 X13.4000Y17.1000
G01 X13.3999Y18.7049
G01 X13.3988Y18.7294
G01 X13.3969Y18.7489
G01 X13.3902Y18.7876
G01 X13.3797Y18.8254
G01 X13.3656Y18.8620
G01 X13.3479Y18.8971
G01 X13.3378Y18.9139
G01 X13.3269Y18.9303
G01 X13.3028Y18.9612
G01 X13.2896Y18.9757
G01 X13.2612Y19.0028
G01 X13.2303Y19.0269
G01 X13.2139Y19.0378
G01 X13.1798Y19.0572
G01 X13.1621Y19.0656
G01 X13.1254Y19.0797
G01 X13.0876Y19.0902
G01 X13.0684Y19.0940
G01 X13.0490Y19.0969
G01 X13.0147Y19.0997
G01 X9.9000Y19.1000
G01 X9.8706Y19.0988
G01 X9.8510Y19.0969
G01 X9.8124Y19.0902
G01 X9.7746Y19.0797
G01 X9.7379Y19.0656
G01 X9.7202Y19.0572
G01 X9.6861Y19.0378
G01 X9.6540Y19.0152
G01 X9.6388Y19.0028
G01 X9.6104Y18.9757
G01 X9.5972Y18.9612
G01 X9.5731Y18.9303
G01 X9.5521Y18.8971
G01 X9.5428Y18.8798
G01 X9.5269Y18.8439
G01 X9.5146Y18.8067
G01 X9.5060Y18.7684
G01 X9.5031Y18.7489
G01 X9.5012Y18.7294
G01 X9.5000Y18.7000
G01 X9.5005Y17.0804
G00 Z20.0000
G00 X10.1062Y16.7000
G01 Z20.0000
G01 X10.0878Y16.3250
G00 Z20.0000
G00 X10.4878Y16.3249
G01 Z20.0000
G01 X10.5062Y16.7000
G00 Z20.0000
G00 X10.6241Y19.1000
G01 Z20.0000
G01 X10.6634Y19.9000
G01 X10.2634Y19.9000
G01 X10.2241Y19.1000
G00 Z20.0000
G00 X9.8237Y19.0924
G01 Z20.0000
G01 X9.8635Y19.9019
G00 Z20.0000
G00 X9.5005Y20.2804
G01 Z20.0000
G01 X9.5031Y20.2511
G01 X9.5098Y20.2124
G01 X9.5203Y20.1746
G01 X9.5344Y20.1380
G01 X9.5521Y20.1029
G01 X9.5731Y20.0697
G01 X9.5972Y20.0388
G01 X9.6104Y20.0243
G01 X9.6388Y19.9972
G01 X9.6697Y19.9731
G01 X9.7029Y19.9521
G01 X9.7379Y19.9344
G01 X9.7561Y19.9269
G01 X9.7933Y19.9146
G01 X9.8316Y19.9060
G01 X9.8706Y19.9012
G01 X9.9000Y19.9000
G01 X13.0000Y19.9000
G01 X13.0294Y19.9012
G01 X13.0490Y19.9031
G01 X13.0876Y19.9098
G01 X13.1254Y19.9203
G01 X13.1621Y19.9344
G01 X13.1798Y19.9428
G01 X13.2139Y19.9622
G01 X13.2460Y19.9848
G01 X13.2612Y19.9972
G01 X13.2896Y20.0243
G01 X13.3028Y20.0388
G01 X13.3269Y20.0697
G01 X13.3479Y20.1029
G01 X13.3572Y20.1202
G01 X13.3731Y20.1561
G01 X13.3797Y20.1746
G01 X13.3902Y20.2124
G01 X13.3940Y20.2316
G01 X13.3988Y20.2706
G01 X13.4000Y20.3000
G01 X13.3999Y21.9049
G01 X13.3988Y21.9294
G01 X13.3969Y21.9489
G01 X13.3902Y21.9876
G01 X13.3797Y22.0254
G01 X13.3656Y22.0620
G01 X13.3479Y22.0971
G01 X13.3378Y22.1139
G01 X13.3269Y22.1303
G01 X13.3028Y22.1612
G01 X13.2896Y22.1757
G01 X13.2612Y22.2028
G01 X13.2303Y22.2269
G01 X13.2139Y22.2378
G01 X13.1798Y22.2572
G01 X13.1621Y22.2656
G01 X13.1254Y22.2797
G01 X13.0876Y22.2902
G01 X13.0684Y22.2940
G01 X13.0490Y22.2969
G01 X13.0147Y22.2997
G01 X9.9000Y22.3000
G01 X9.8706Y22.2988
G01 X9.8510Y22.2969
G01 X9.8124Y22.2902
G01 X9.7746Y22.2797
G01 X9.7379Y22.2656
G01 X9.7202Y22.2572
G01 X9.6861Y22.2378
G01 X9.6540Y22.2152
G01 X9.6388Y22.2028
G01 X9.6104Y22.1757
G01 X9.5972Y22.1612
G01 X9.5731Y22.1303
G01 X9.5521Y22.0971
G01 X9.5428Y22.0798
G01 X9.5269Y22.0439
G01 X9.5146Y22.0067
G01 X9.5060Y21.9684
G01 X9.5031Y21.9489
G01 X9.5012Y21.9294
G01 X9.5000Y21.9000
G01 X9.5005Y20.2804
G00 Z20.0000
G00 X11.0634Y19.9000
G01 Z20.0000
G01 X11.0241Y19.1000
G01 X11.4241Y19.1000
G01 X11.4634Y19.9000
G01 X11.8634Y19.9000
G01 X11.8241Y19.1000
G01 X12.2241Y19.1000
G01 X12.2634Y19.9000
G01 X12.6634Y19.9000
G01 X12.6241Y19.1000
G00 Z20.0000
G00 X13.0241Y19.0991
G01 Z20.0000
G01 X13.0637Y19.9053
G01 X15.8680Y19.9943
G01 X15.5000Y12.5026
G01 X15.7676Y7.0551
G00 Z20.0000
G00 X16.1512Y7.3902
G01 Z20.0000
G01 X15.9000Y12.5026
G01 X16.2516Y19.6595
G00 Z20.0000
G00 X16.6436Y19.4958
G01 Z20.0000
G01 X16.3000Y12.5026
G01 X16.5431Y7.5541
G00 Z20.0000
G00 X16.9409Y7.5985
G01 Z20.0000
G01 X16.7000Y12.5026
G01 X17.0414Y19.4516
G00 Z20.0000
G00 X17.4448Y19.5205
G01 Z20.0000
G01 X17.1000Y12.5026
G01 X17.3443Y7.5297
G00 Z20.0000
G00 X17.7546Y7.3199
G01 Z20.0000
G01 X17.5000Y12.5026
G01 X17.7934Y18.4742
G00 Z20.0000
G00 X18.1695Y17.9882
G01 Z20.0000
G01 X17.9000Y12.5026
G01 X18.1785Y6.8340
G00 Z20.0000
G00 X18.3499Y6.1402
G01 Z20.0000
G01 X18.3495Y6.1696
G01 X18.3434Y6.2872
G01 X18.3406Y6.3116
G01 X18.3230Y6.4281
G01 X18.3178Y6.4520
G01 X18.2889Y6.5662
G01 X18.2814Y6.5896
G01 X18.2414Y6.7003
G01 X18.2317Y6.7228
G01 X18.1810Y6.8292
G01 X18.1691Y6.8506
G01 X18.1083Y6.9515
G01 X18.0943Y6.9716
G01 X18.0239Y7.0660
G01 X18.0080Y7.0847
G01 X17.9287Y7.1718
G01 X17.9111Y7.1888
G01 X17.8236Y7.2677
G01 X17.8044Y7.2829
G01 X17.7096Y7.3529
G01 X17.6890Y7.3661
G01 X17.5878Y7.4264
G01 X17.5660Y7.4376
G01 X17.4594Y7.4877
G01 X17.4366Y7.4967
G01 X17.3256Y7.5361
G01 X17.3020Y7.5428
G01 X17.1877Y7.5711
G01 X17.1635Y7.5755
G01 X17.0470Y7.5925
G01 X17.0225Y7.5945
G01 X16.9049Y7.5999
G01 X16.8804Y7.5995
G01 X16.7628Y7.5934
G01 X16.7384Y7.5906
G01 X16.6219Y7.5730
G01 X16.5980Y7.5678
G01 X16.4838Y7.5389
G01 X16.4604Y7.5314
G01 X16.3497Y7.4914
G01 X16.3272Y7.4817
G01 X16.2208Y7.4310
G01 X16.1994Y7.4191
G01 X16.0985Y7.3583
G01 X16.0784Y7.3443
G01 X15.9840Y7.2739
G01 X15.9653Y7.2580
G01 X15.8782Y7.1787
G01 X15.8612Y7.1611
G01 X15.7823Y7.0736
G01 X15.7671Y7.0544
G01 X15.6971Y6.9596
G01 X15.6839Y6.9390
G01 X15.6236Y6.8378
G01 X15.6124Y6.8160
G01 X15.5623Y6.7094
G01 X15.5533Y6.6866
G01 X15.5139Y6.5756
G01 X15.5072Y6.5520
G01 X15.4789Y6.4377
G01 X15.4745Y6.4135
G01 X15.4575Y6.2970
G01 X15.4555Y6.2725
G01 X15.4501Y6.1549
G01 X15.4505Y6.1304
G01 X15.4566Y6.0128
G01 X15.4594Y5.9884
G01 X15.4770Y5.8719
G01 X15.4822Y5.8480
G01 X15.5111Y5.7338
G01 X15.5186Y5.7104
G01 X15.5586Y5.5997
G01 X15.5683Y5.5772
G01 X15.6190Y5.4708
G01 X15.6309Y5.4494
G01 X15.6917Y5.3485
G01 X15.7057Y5.3284
G01 X15.7761Y5.2340
G01 X15.7920Y5.2153
G01 X15.8713Y5.1282
G01 X15.8889Y5.1112
G01 X15.9764Y5.0323
G01 X15.9956Y5.0171
G01 X16.0904Y4.9471
G01 X16.1110Y4.9339
G01 X16.2122Y4.8736
G01 X16.2340Y4.8624
G01 X16.3406Y4.8123
G01 X16.3634Y4.8033
G01 X16.4744Y4.7639
G01 X16.4980Y4.7572
G01 X16.6123Y4.7289
G01 X16.6365Y4.7245
G01 X16.7530Y4.7075
G01 X16.7775Y4.7055
G01 X16.8951Y4.7001
G01 X16.9196Y4.7005
G01 X17.0372Y4.7066
G01 X17.0616Y4.7094
G01 X17.1781Y4.7270
G01 X17.2020Y4.7322
G01 X17.3162Y4.7611
G01 X17.3396Y4.7686
G01 X17.4503Y4.8086
G01 X17.4728Y4.8183
G01 X17.5792Y4.8690
G01 X17.6006Y4.8809
G01 X17.7015Y4.9417
G01 X17.7216Y4.9557
G01 X17.8160Y5.0261
G01 X17.8347Y5.0420
G01 X17.9218Y5.1213
G01 X17.9388Y5.1389
G01 X18.0177Y5.2264
G01 X18.0329Y5.2456
G01 X18.1029Y5.3404
G01 X18.1161Y5.3610
G01 X18.1764Y5.4622
G01 X18.1876Y5.4840
G01 X18.2377Y5.5906
G01 X18.2467Y5.6134
G01 X18.2861Y5.7244
G01 X18.2928Y5.7480
G01 X18.3211Y5.8623
G01 X18.3255Y5.8865
G01 X18.3425Y6.0030
G01 X18.3445Y6.0275
G01 X18.3499Y6.1402
G00 Z20.0000
G00 X18.2394Y5.5946
G01 Z20.0000
G01 X18.2881Y4.6024
G01 X18.8596Y0.7500
G01 X19.2634Y0.7500
G01 X18.6862Y4.6416
G01 X18.3000Y12.5026
G01 X18.5581Y17.7553
G00 Z20.0000
G00 X18.9532Y17.6575
G01 Z20.0000
G01 X18.7000Y12.5026
G01 X19.0843Y4.6808
G01 X19.6673Y0.7500
G01 X20.0712Y0.7500
G01 X19.4823Y4.7200
G01 X19.1000Y12.5026
G01 X19.3540Y17.6731
G00 Z20.0000
G00 X19.7607Y17.8099
G01 Z20.0000
G01 X19.5000Y12.5026
G01 X19.8804Y4.7592
G01 X20.4751Y0.7500
G01 X20.8790Y0.7500
G01 X20.2785Y4.7984
G01 X20.2253Y5.8818
G00 Z20.0000
G00 X20.2058Y6.2773
G01 Z20.0000
G01 X19.9000Y12.5026
G01 X20.1765Y18.1304
G01 X20.5617Y17.8305
G01 X20.6766Y20.1675
G01 X21.2821Y24.2500
G01 X21.6860Y24.2500
G01 X21.4465Y22.6352
G00 Z20.0000
G00 X21.8935Y22.9262
G01 Z20.0000
G01 X22.0899Y24.2500
G01 X22.4938Y24.2500
G01 X22.3140Y23.0380
G00 Z20.0000
G00 X22.7172Y23.0333
G01 Z20.0000
G01 X22.8977Y24.2500
G01 X23.3016Y24.2500
G01 X23.1053Y22.9267
G00 Z20.0000
G00 X23.4761Y22.7039
G01 Z20.0000
G01 X23.7055Y24.2500
G01 X24.1094Y24.2500
G01 X23.8484Y22.4911
G00 Z20.0000
G00 X24.3080Y22.8662
G01 Z20.0000
G01 X24.5133Y24.2500
G01 X24.9171Y24.2500
G01 X24.7346Y23.0196
G00 Z20.0000
G00 X25.1424Y23.0455
G01 Z20.0000
G01 X25.3210Y24.2500
G01 X25.7249Y24.2500
G01 X25.5347Y22.9677
G00 Z20.0000
G00 X25.9110Y22.7819
G01 Z20.0000
G01 X26.1288Y24.2500
G01 X26.5327Y24.2500
G01 X26.2653Y22.4475
G00 Z20.0000
G00 X26.7199Y22.7894
G01 Z20.0000
G01 X26.9366Y24.2500
G01 X27.3405Y24.2500
G01 X27.1535Y22.9896
G00 Z20.0000
G00 X27.5663Y23.0497
G01 Z20.0000
G01 X27.7444Y24.2500
G01 X28.1483Y24.2500
G01 X27.9629Y23.0005
G00 Z20.0000
G00 X28.3441Y22.8475
G01 Z20.0000
G01 X28.5521Y24.2500
G01 X28.9560Y24.2500
G01 X28.7059Y22.5638
G01 X29.1287Y22.6914
G01 X29.3599Y24.2500
G01 X29.7638Y24.2500
G01 X29.5707Y22.9482
G00 Z20.0000
G00 X29.9888Y23.0440
G01 Z20.0000
G01 X30.1677Y24.2500
G01 X30.5716Y24.2500
G01 X30.3900Y23.0255
G00 Z20.0000
G00 X30.7757Y22.9030
G01 Z20.0000
G01 X30.9755Y24.2500
G01 X31.3794Y24.2500
G01 X31.1438Y22.6621
G01 X31.5329Y22.5625
G01 X31.7833Y24.2500
G01 X32.1872Y24.2500
G01 X31.9861Y22.8943
G00 Z20.0000
G00 X32.4098Y23.0285
G01 Z20.0000
G01 X32.5910Y24.2500
G01 X32.9949Y24.2500
G01 X32.8158Y23.0421
G00 Z20.0000
G00 X33.2059Y22.9494
G01 Z20.0000
G01 X33.3988Y24.2500
G01 X33.8027Y24.2500
G01 X33.5796Y22.7460
G00 Z20.0000
G00 X33.9304Y22.3878
G01 Z20.0000
G01 X34.2066Y24.2500
G01 X34.6105Y24.2500
G01 X34.3992Y22.8255
G00 Z20.0000
G00 X34.8295Y23.0037
G01 Z20.0000
G01 X35.0144Y24.2500
G01 X35.4183Y24.2500
G01 X35.2400Y23.0485
G00 Z20.0000
G00 X35.6349Y22.9875
G01 Z20.0000
G01 X35.8222Y24.2500
G01 X36.2261Y24.2500
G01 X36.0136Y22.8178
G00 Z20.0000
G00 X36.3722Y22.5126
G01 Z20.0000
G01 X36.6299Y24.2500
G01 X37.0338Y24.2500
G01 X36.6893Y21.9276
G00 Z20.0000
G00 X36.5011Y20.6584
G01 Z20.0000
G01 X36.2014Y18.6384
G01 X35.9000Y12.5026
G01 X36.0757Y8.9262
G00 Z20.0000
G00 X36.4622Y9.2009
G01 Z20.0000
G01 X36.3000Y12.5026
G01 X36.5995Y18.5992
G01 X37.4377Y24.2500
G01 X37.8416Y24.2500
G01 X36.9976Y18.5600
G01 X36.7000Y12.5026
G01 X36.8559Y9.3284
G00 Z20.0000
G00 X37.2553Y9.3415
G01 Z20.0000
G01 X37.1000Y12.5026
G01 X37.3957Y18.5208
G01 X38.2455Y24.2500
G01 X38.6494Y24.2500
G01 X37.7937Y18.4816
G01 X37.5000Y12.5026
G01 X37.6604Y9.2372
G00 Z20.0000
G00 X38.0734Y8.9730
G01 Z20.0000
G01 X37.9000Y12.5026
G01 X38.0852Y16.2730
G00 Z20.0000
G00 X38.4693Y15.9489
G01 Z20.0000
G01 X38.3000Y12.5026
G01 X38.5097Y8.2346
G01 X38.9116Y8.1962
G01 X38.7000Y12.5026
G01 X38.8616Y15.7913
G00 Z20.0000
G00 X39.2597Y15.7524
G01 Z20.0000
G01 X39.1000Y12.5026
G01 X39.3089Y8.2498
G00 Z20.0000
G00 X39.7119Y8.1901
G01 Z20.0000
G01 X39.5000Y12.5026
G01 X39.6633Y15.8271
G00 Z20.0000
G00 X40.0740Y16.0445
G01 Z20.0000
G01 X39.9000Y12.5026
G01 X40.1215Y7.9944
G01 X40.5321Y7.7790
G01 X40.3000Y12.5026
G01 X40.4801Y16.1694
G00 Z20.0000
G00 X40.8668Y15.8969
G01 Z20.0000
G01 X40.7000Y12.5026
G01 X40.9173Y8.0792
G00 Z20.0000
G00 X41.3104Y8.2207
G01 Z20.0000
G01 X41.1000Y12.5026
G01 X41.2606Y15.7709
G00 Z20.0000
G00 X41.6600Y15.7592
G01 Z20.0000
G01 X41.5000Y12.5026
G01 X41.7092Y8.2451
G00 Z20.0000
G00 X42.1136Y8.1549
G01 Z20.0000
G01 X41.9000Y12.5026
G01 X42.0652Y15.8649
G00 Z20.0000
G00 X42.4783Y16.1314
G01 Z20.0000
G01 X42.3000Y12.5026
G01 X42.5253Y7.9163
G01 X42.9274Y7.8737
G01 X42.7000Y12.5026
G01 X42.8747Y16.0587
G00 Z20.0000
G00 X43.2634Y15.8283
G01 Z20.0000
G01 X43.1000Y12.5026
G01 X43.3150Y8.1259
G00 Z20.0000
G00 X43.7096Y8.2363
G01 Z20.0000
G01 X43.5000Y12.5026
G01 X43.6587Y15.7320
G00 Z20.0000
G00 X44.0595Y15.7489
G01 Z20.0000
G01 X43.9000Y12.5026
G01 X44.1097Y8.2335
G00 Z20.0000
G00 X44.5157Y8.1114
G01 Z20.0000
G01 X44.3000Y12.5026
G01 X44.4663Y15.8875
G00 Z20.0000
G00 X44.8822Y16.2118
G01 Z20.0000
G01 X44.7000Y12.5026
G01 X44.9300Y7.8204
G00 Z20.0000
G00 X45.1351Y6.0426
G01 Z20.0000
G01 X45.7338Y2.0067
G01 X46.0485Y0.7500
G01 X45.6367Y0.7500
G01 X45.3414Y1.9287
G01 X45.1995Y2.8856
G00 Z20.0000
G00 X44.8490Y2.5259
G01 Z20.0000
G01 X44.9491Y1.8506
G01 X45.2248Y0.7500
G01 X44.8130Y0.7500
G01 X44.5568Y1.7726
G01 X44.4740Y2.3309
G00 Z20.0000
G00 X44.0816Y2.2535
G01 Z20.0000
G01 X44.1645Y1.6946
G01 X44.4011Y0.7500
G01 X43.9892Y0.7500
G01 X43.7722Y1.6165
G01 X43.6725Y2.2885
G00 Z20.0000
G00 X43.2424Y2.4650
G01 Z20.0000
G01 X43.3799Y1.5385
G01 X43.5774Y0.7500
G01 X43.1655Y0.7500
G01 X42.9876Y1.4605
G01 X42.7686Y2.9365
G00 Z20.0000
G00 X42.6000Y4.0732
G01 Z20.0000
G01 X42.3770Y5.5767
G00 Z20.0000
G00 X41.9984Y5.4063
G01 Z20.0000
G01 X42.5952Y1.3824
G01 X42.7537Y0.7500
G01 X42.3418Y0.7500
G01 X42.2029Y1.3044
G01 X41.6028Y5.3501
G00 Z20.0000
G00 X41.1901Y5.4093
G01 Z20.0000
G01 X41.8106Y1.2264
G01 X41.9299Y0.7500
G01 X41.5181Y0.7500
G01 X41.4183Y1.1483
G01 X40.7545Y5.6234
G01 X40.3278Y5.7772
G01 X41.0260Y1.0703
G01 X41.1062Y0.7500
G01 X40.6943Y0.7500
G01 X40.6337Y0.9922
G01 X39.9634Y5.5111
G00 Z20.0000
G00 X39.5793Y5.3772
G01 Z20.0000
G01 X40.2414Y0.9142
G01 X40.2825Y0.7500
G01 X39.8706Y0.7500
G01 X39.8490Y0.8362
G01 X39.1787Y5.3555
G00 Z20.0000
G00 X38.7601Y5.4546
G01 Z20.0000
G01 X39.4567Y0.7581
G01 X39.4588Y0.7500
G01 X39.0540Y0.7500
G01 X38.3141Y5.7383
G00 Z20.0000
G00 X37.7888Y6.6241
G01 Z20.0000
G01 X37.7937Y6.5235
G01 X38.6502Y0.7500
G01 X38.2463Y0.7500
G01 X37.3962Y6.4808
G00 Z20.0000
G00 X36.9971Y6.4546
G01 Z20.0000
G01 X36.9976Y6.4451
G01 X37.8424Y0.7500
G01 X37.4385Y0.7500
G01 X36.5995Y6.4059
G01 X36.5928Y6.5428
G00 Z20.0000
G00 X36.1812Y6.7783
G01 Z20.0000
G01 X36.2014Y6.3667
G01 X37.0346Y0.7500
G01 X36.6307Y0.7500
G01 X36.3025Y2.9626
G00 Z20.0000
G00 X35.9766Y2.4370
G01 Z20.0000
G01 X36.2268Y0.7500
G01 X35.8229Y0.7500
G01 X35.6148Y2.1529
G00 Z20.0000
G00 X35.2337Y1.9996
G01 Z20.0000
G01 X35.4190Y0.7500
G00 Z20.0000
G00 X35.0151Y0.7500
G01 Z20.0000
G01 X34.8371Y1.9503
G00 Z20.0000
G00 X34.4243Y2.0102
G01 Z20.0000
G01 X34.6113Y0.7500
G01 X34.2074Y0.7500
G01 X33.9908Y2.2100
G00 Z20.0000
G00 X33.5360Y2.5534
G01 Z20.0000
G01 X33.8035Y0.7500
G01 X33.3996Y0.7500
G01 X33.1817Y2.2186
G00 Z20.0000
G00 X32.8055Y2.0325
G01 Z20.0000
G01 X32.9957Y0.7500
G01 X32.5918Y0.7500
G01 X32.4131Y1.9546
G00 Z20.0000
G00 X32.0054Y1.9803
G01 Z20.0000
G01 X32.1879Y0.7500
G01 X31.7840Y0.7500
G01 X31.5788Y2.1334
G00 Z20.0000
G00 X31.1194Y2.5078
G01 Z20.0000
G01 X31.3801Y0.7500
G01 X30.9762Y0.7500
G01 X30.7468Y2.2967
G00 Z20.0000
G00 X30.3760Y2.0736
G01 Z20.0000
G01 X30.5724Y0.7500
G01 X30.1685Y0.7500
G01 X29.9880Y1.9668
G00 Z20.0000
G00 X29.5848Y1.9619
G01 Z20.0000
G01 X29.7646Y0.7500
G01 X29.3607Y0.7500
G01 X29.1644Y2.0734
G00 Z20.0000
G00 X28.7174Y2.3640
G01 Z20.0000
G01 X28.9568Y0.7500
G00 Z20.0000
G00 X28.5529Y0.7500
G01 Z20.0000
G01 X28.3098Y2.3887
G00 Z20.0000
G00 X27.9450Y2.1251
G01 Z20.0000
G01 X28.1490Y0.7500
G01 X27.7451Y0.7500
G01 X27.5617Y1.9866
G00 Z20.0000
G00 X27.1628Y1.9528
G01 Z20.0000
G01 X27.3412Y0.7500
G01 X26.9374Y0.7500
G01 X26.7478Y2.0278
G00 Z20.0000
G00 X26.3104Y2.2540
G01 Z20.0000
G01 X26.5335Y0.7500
G01 X26.1296Y0.7500
G01 X25.8705Y2.4965
G00 Z20.0000
G00 X25.5125Y2.1875
G01 Z20.0000
G01 X25.7257Y0.7500
G01 X25.3218Y0.7500
G01 X25.1341Y2.0151
G00 Z20.0000
G00 X24.7396Y1.9520
G01 Z20.0000
G01 X24.9179Y0.7500
G01 X24.5140Y0.7500
G01 X24.3295Y1.9938
G00 Z20.0000
G00 X23.8998Y2.1682
G01 Z20.0000
G01 X24.1101Y0.7500
G01 X23.7062Y0.7500
G01 X23.4324Y2.5960
G00 Z20.0000
G00 X23.0783Y2.2604
G01 Z20.0000
G01 X23.3023Y0.7500
G01 X22.8985Y0.7500
G01 X22.7051Y2.0538
G00 Z20.0000
G00 X22.3152Y1.9590
G01 Z20.0000
G01 X22.4946Y0.7500
G01 X22.0907Y0.7500
G01 X21.9097Y1.9701
G00 Z20.0000
G00 X21.4864Y2.1008
G01 Z20.0000
G01 X21.6868Y0.7500
G00 Z20.0000
G00 X21.2829Y0.7500
G01 Z20.0000
G01 X21.0345Y2.4248
G00 Z20.0000
G00 X20.7704Y4.2051
G01 Z20.0000
G01 X20.6766Y4.8376
G01 X20.6642Y5.0882
G00 Z20.0000
G00 X21.0838Y4.8153
G01 Z20.0000
G01 X21.1088Y4.6464
G00 Z20.0000
G00 X21.2461Y4.7577
G01 Z20.0000
G01 X21.1822Y4.7102
G01 X21.1629Y4.6950
G01 X21.0682Y4.6096
G01 X21.0506Y4.5925
G01 X20.9550Y4.4871
G01 X20.9398Y4.4678
G01 X20.8725Y4.3772
G01 X20.8507Y4.3445
G01 X20.7927Y4.2477
G01 X20.7763Y4.2175
G01 X20.7199Y4.0977
G01 X20.7109Y4.0748
G01 X20.6729Y3.9686
G01 X20.6628Y3.9358
G01 X20.6341Y3.8215
G01 X20.6264Y3.7830
G01 X20.6099Y3.6714
G01 X20.6070Y3.6470
G01 X20.6001Y3.5049
G01 X20.6005Y3.4804
G01 X20.6060Y3.3677
G01 X20.6099Y3.3286
G01 X20.6264Y3.2170
G01 X20.6308Y3.1928
G01 X20.6628Y3.0642
G01 X20.6729Y3.0314
G01 X20.7109Y2.9252
G01 X20.7259Y2.8889
G01 X20.7742Y2.7869
G01 X20.7854Y2.7650
G01 X20.8585Y2.6430
G01 X20.8725Y2.6228
G01 X20.9398Y2.5322
G01 X20.9647Y2.5018
G01 X21.0404Y2.4182
G01 X21.0575Y2.4006
G01 X21.1629Y2.3050
G01 X21.1822Y2.2898
G01 X21.2728Y2.2225
G01 X21.3055Y2.2007
G01 X21.4023Y2.1427
G01 X21.4237Y2.1308
G01 X21.5389Y2.0759
G01 X21.5614Y2.0662
G01 X21.6954Y2.0182
G01 X21.7190Y2.0115
G01 X21.8285Y1.9841
G01 X21.8670Y1.9764
G01 X21.9786Y1.9599
G01 X22.0030Y1.9570
G01 X22.1304Y1.9505
G01 X22.1696Y1.9505
G01 X22.2823Y1.9560
G01 X22.3068Y1.9580
G01 X22.4330Y1.9764
G01 X22.4715Y1.9841
G01 X22.5810Y2.0115
G01 X22.6046Y2.0182
G01 X22.7248Y2.0609
G01 X22.7611Y2.0759
G01 X22.8763Y2.1308
G01 X22.8977Y2.1427
G01 X22.9945Y2.2007
G01 X23.0272Y2.2225
G01 X23.1295Y2.2988
G01 X23.1482Y2.3147
G01 X23.2318Y2.3904
G01 X23.2596Y2.4182
G01 X23.3450Y2.5129
G01 X23.3602Y2.5322
G01 X23.4200Y2.6127
G01 X23.4798Y2.5322
G01 X23.4950Y2.5129
G01 X23.5804Y2.4182
G01 X23.6046Y2.3938
G01 X23.6918Y2.3147
G01 X23.7222Y2.2898
G01 X23.8248Y2.2140
G01 X23.8455Y2.2007
G01 X23.9465Y2.1402
G01 X23.9769Y2.1242
G01 X24.0923Y2.0699
G01 X24.1152Y2.0609
G01 X24.2214Y2.0229
G01 X24.2448Y2.0154
G01 X24.3685Y1.9841
G01 X24.3924Y1.9789
G01 X24.5186Y1.9599
G01 X24.5577Y1.9560
G01 X24.6704Y1.9505
G01 X24.6949Y1.9501
G01 X24.8223Y1.9560
G01 X24.8614Y1.9599
G01 X24.9779Y1.9772
G01 X25.0115Y1.9841
G01 X25.1210Y2.0115
G01 X25.1446Y2.0182
G01 X25.2648Y2.0609
G01 X25.3011Y2.0759
G01 X25.4163Y2.1308
G01 X25.4377Y2.1427
G01 X25.5345Y2.2007
G01 X25.5672Y2.2225
G01 X25.6695Y2.2988
G01 X25.6882Y2.3147
G01 X25.7718Y2.3904
G01 X25.7996Y2.4182
G01 X25.8850Y2.5129
G01 X25.9002Y2.5322
G01 X25.9600Y2.6127
G01 X26.0198Y2.5322
G01 X26.0350Y2.5129
G01 X26.1204Y2.4182
G01 X26.1446Y2.3938
G01 X26.2318Y2.3147
G01 X26.2622Y2.2898
G01 X26.3648Y2.2140
G01 X26.3855Y2.2007
G01 X26.4865Y2.1402
G01 X26.5169Y2.1242
G01 X26.6323Y2.0699
G01 X26.6552Y2.0609
G01 X26.7754Y2.0182
G01 X26.7990Y2.0115
G01 X26.9085Y1.9841
G01 X26.9324Y1.9789
G01 X27.0586Y1.9599
G01 X27.0928Y1.9563
G01 X27.2104Y1.9505
G01 X27.2496Y1.9505
G01 X27.3623Y1.9560
G01 X27.3868Y1.9580
G01 X27.5130Y1.9764
G01 X27.5515Y1.9841
G01 X27.6610Y2.0115
G01 X27.6846Y2.0182
G01 X27.8048Y2.0609
G01 X27.8411Y2.0759
G01 X27.9563Y2.1308
G01 X27.9777Y2.1427
G01 X28.0745Y2.2007
G01 X28.1072Y2.2225
G01 X28.2095Y2.2988
G01 X28.2282Y2.3147
G01 X28.3118Y2.3904
G01 X28.3396Y2.4182
G01 X28.4250Y2.5129
G01 X28.4402Y2.5322
G01 X28.5000Y2.6127
G01 X28.5598Y2.5322
G01 X28.5750Y2.5129
G01 X28.6604Y2.4182
G01 X28.6846Y2.3938
G01 X28.7718Y2.3147
G01 X28.8022Y2.2898
G01 X28.9048Y2.2140
G01 X28.9255Y2.2007
G01 X29.0223Y2.1427
G01 X29.0569Y2.1242
G01 X29.1723Y2.0699
G01 X29.1952Y2.0609
G01 X29.3154Y2.0182
G01 X29.3390Y2.0115
G01 X29.4628Y1.9808
G01 X29.4870Y1.9764
G01 X29.6132Y1.9580
G01 X29.6377Y1.9560
G01 X29.7504Y1.9505
G01 X29.7896Y1.9505
G01 X29.9023Y1.9560
G01 X29.9268Y1.9580
G01 X30.0530Y1.9764
G01 X30.0915Y1.9841
G01 X30.2010Y2.0115
G01 X30.2246Y2.0182
G01 X30.3448Y2.0609
G01 X30.3811Y2.0759
G01 X30.4963Y2.1308
G01 X30.5177Y2.1427
G01 X30.6145Y2.2007
G01 X30.6472Y2.2225
G01 X30.7495Y2.2988
G01 X30.7682Y2.3147
G01 X30.8518Y2.3904
G01 X30.8796Y2.4182
G01 X30.9650Y2.5129
G01 X30.9802Y2.5322
G01 X31.0400Y2.6127
G01 X31.0998Y2.5322
G01 X31.1150Y2.5129
G01 X31.2004Y2.4182
G01 X31.2282Y2.3904
G01 X31.3118Y2.3147
G01 X31.3305Y2.2988
G01 X31.4448Y2.2140
G01 X31.4655Y2.2007
G01 X31.5623Y2.1427
G01 X31.5969Y2.1242
G01 X31.6989Y2.0759
G01 X31.7214Y2.0662
G01 X31.8414Y2.0229
G01 X31.8790Y2.0115
G01 X31.9885Y1.9841
G01 X32.0124Y1.9789
G01 X32.1532Y1.9580
G01 X32.1777Y1.9560
G01 X32.2904Y1.9505
G01 X32.3296Y1.9505
G01 X32.4423Y1.9560
G01 X32.4668Y1.9580
G01 X32.5979Y1.9772
G01 X32.6315Y1.9841
G01 X32.7552Y2.0154
G01 X32.7786Y2.0229
G01 X32.8986Y2.0662
G01 X32.9211Y2.0759
G01 X33.0363Y2.1308
G01 X33.0577Y2.1427
G01 X33.1670Y2.2085
G01 X33.1872Y2.2225
G01 X33.2895Y2.2988
G01 X33.3082Y2.3147
G01 X33.4025Y2.4006
G01 X33.4196Y2.4182
G01 X33.5050Y2.5129
G01 X33.5202Y2.5322
G01 X33.5800Y2.6127
G01 X33.6398Y2.5322
G01 X33.6550Y2.5129
G01 X33.7404Y2.4182
G01 X33.7682Y2.3904
G01 X33.8518Y2.3147
G01 X33.8705Y2.2988
G01 X33.9728Y2.2225
G01 X34.0055Y2.2007
G01 X34.1150Y2.1354
G01 X34.1369Y2.1242
G01 X34.2389Y2.0759
G01 X34.2752Y2.0609
G01 X34.3954Y2.0182
G01 X34.4190Y2.0115
G01 X34.5285Y1.9841
G01 X34.5670Y1.9764
G01 X34.6786Y1.9599
G01 X34.7030Y1.9570
G01 X34.8304Y1.9505
G01 X34.8696Y1.9505
G01 X34.9970Y1.9570
G01 X35.0214Y1.9599
G01 X35.1476Y1.9789
G01 X35.1715Y1.9841
G01 X35.2810Y2.0115
G01 X35.3186Y2.0229
G01 X35.4294Y2.0626
G01 X35.4611Y2.0759
G01 X35.5631Y2.1242
G01 X35.5850Y2.1354
G01 X35.6945Y2.2007
G01 X35.7152Y2.2140
G01 X35.8178Y2.2898
G01 X35.8371Y2.3050
G01 X35.9318Y2.3904
G01 X35.9494Y2.4075
G01 X36.0450Y2.5129
G01 X36.0602Y2.5322
G01 X36.1360Y2.6348
G01 X36.1493Y2.6555
G01 X36.2146Y2.7650
G01 X36.2258Y2.7869
G01 X36.2741Y2.8889
G01 X36.2891Y2.9252
G01 X36.3287Y3.0361
G01 X36.3385Y3.0690
G01 X36.3659Y3.1785
G01 X36.3711Y3.2024
G01 X36.3901Y3.3286
G01 X36.3930Y3.3530
G01 X36.3995Y3.4804
G01 X36.3999Y3.5049
G01 X36.3940Y3.6323
G01 X36.3920Y3.6568
G01 X36.3736Y3.7830
G01 X36.3692Y3.8072
G01 X36.3385Y3.9310
G01 X36.3318Y3.9546
G01 X36.2891Y4.0748
G01 X36.2801Y4.0977
G01 X36.2258Y4.2131
G01 X36.2146Y4.2350
G01 X36.1493Y4.3445
G01 X36.1360Y4.3652
G01 X36.0602Y4.4678
G01 X36.0450Y4.4871
G01 X35.9596Y4.5818
G01 X35.9425Y4.5994
G01 X35.8482Y4.6853
G01 X35.8295Y4.7012
G01 X35.7272Y4.7775
G01 X35.7070Y4.7915
G01 X35.5977Y4.8573
G01 X35.5763Y4.8692
G01 X35.4611Y4.9241
G01 X35.4386Y4.9338
G01 X35.3186Y4.9771
G01 X35.2952Y4.9846
G01 X35.1715Y5.0159
G01 X35.1476Y5.0211
G01 X35.0214Y5.0401
G01 X34.9970Y5.0430
G01 X34.8696Y5.0495
G01 X34.8304Y5.0495
G01 X34.7030Y5.0430
G01 X34.6786Y5.0401
G01 X34.5670Y5.0236
G01 X34.5285Y5.0159
G01 X34.4190Y4.9885
G01 X34.3954Y4.9818
G01 X34.2752Y4.9391
G01 X34.2389Y4.9241
G01 X34.1369Y4.8758
G01 X34.1150Y4.8646
G01 X34.0055Y4.7993
G01 X33.9728Y4.7775
G01 X33.8705Y4.7012
G01 X33.8518Y4.6853
G01 X33.7682Y4.6096
G01 X33.7404Y4.5818
G01 X33.6550Y4.4871
G01 X33.6398Y4.4678
G01 X33.5800Y4.3873
G01 X33.5202Y4.4678
G01 X33.5050Y4.4871
G01 X33.4196Y4.5818
G01 X33.4025Y4.5994
G01 X33.3082Y4.6853
G01 X33.2895Y4.7012
G01 X33.1872Y4.7775
G01 X33.1670Y4.7915
G01 X33.0577Y4.8573
G01 X33.0363Y4.8692
G01 X32.9211Y4.9241
G01 X32.8986Y4.9338
G01 X32.7786Y4.9771
G01 X32.7552Y4.9846
G01 X32.6315Y5.0159
G01 X32.5979Y5.0228
G01 X32.4668Y5.0420
G01 X32.4423Y5.0440
G01 X32.3296Y5.0495
G01 X32.2904Y5.0495
G01 X32.1777Y5.0440
G01 X32.1532Y5.0420
G01 X32.0270Y5.0236
G01 X31.9885Y5.0159
G01 X31.8790Y4.9885
G01 X31.8554Y4.9818
G01 X31.7214Y4.9338
G01 X31.6989Y4.9241
G01 X31.5969Y4.8758
G01 X31.5623Y4.8573
G01 X31.4655Y4.7993
G01 X31.4448Y4.7860
G01 X31.3305Y4.7012
G01 X31.3118Y4.6853
G01 X31.2282Y4.6096
G01 X31.2004Y4.5818
G01 X31.1150Y4.4871
G01 X31.0998Y4.4678
G01 X31.0400Y4.3873
G01 X30.9802Y4.4678
G01 X30.9650Y4.4871
G01 X30.8796Y4.5818
G01 X30.8518Y4.6096
G01 X30.7682Y4.6853
G01 X30.7495Y4.7012
G01 X30.6472Y4.7775
G01 X30.6145Y4.7993
G01 X30.5177Y4.8573
G01 X30.4963Y4.8692
G01 X30.3811Y4.9241
G01 X30.3448Y4.9391
G01 X30.2246Y4.9818
G01 X30.2010Y4.9885
G01 X30.0915Y5.0159
G01 X30.0530Y5.0236
G01 X29.9414Y5.0401
G01 X29.9170Y5.0430
G01 X29.7896Y5.0495
G01 X29.7504Y5.0495
G01 X29.6377Y5.0440
G01 X29.6132Y5.0420
G01 X29.4870Y5.0236
G01 X29.4628Y5.0192
G01 X29.3390Y4.9885
G01 X29.3154Y4.9818
G01 X29.1952Y4.9391
G01 X29.1723Y4.9301
G01 X29.0569Y4.8758
G01 X29.0223Y4.8573
G01 X28.9255Y4.7993
G01 X28.9048Y4.7860
G01 X28.8022Y4.7102
G01 X28.7718Y4.6853
G01 X28.6846Y4.6062
G01 X28.6604Y4.5818
G01 X28.5750Y4.4871
G01 X28.5598Y4.4678
G01 X28.5000Y4.3873
G01 X28.4402Y4.4678
G01 X28.4250Y4.4871
G01 X28.3396Y4.5818
G01 X28.3118Y4.6096
G01 X28.2282Y4.6853
G01 X28.2095Y4.7012
G01 X28.1072Y4.7775
G01 X28.0745Y4.7993
G01 X27.9777Y4.8573
G01 X27.9563Y4.8692
G01 X27.8411Y4.9241
G01 X27.8048Y4.9391
G01 X27.6846Y4.9818
G01 X27.6610Y4.9885
G01 X27.5515Y5.0159
G01 X27.5130Y5.0236
G01 X27.4014Y5.0401
G01 X27.3770Y5.0430
G01 X27.2496Y5.0495
G01 X27.2104Y5.0495
G01 X27.0928Y5.0437
G01 X27.0586Y5.0401
G01 X26.9324Y5.0211
G01 X26.9085Y5.0159
G01 X26.7990Y4.9885
G01 X26.7754Y4.9818
G01 X26.6552Y4.9391
G01 X26.6323Y4.9301
G01 X26.5169Y4.8758
G01 X26.4865Y4.8598
G01 X26.3855Y4.7993
G01 X26.3648Y4.7860
G01 X26.2622Y4.7102
G01 X26.2318Y4.6853
G01 X26.1446Y4.6062
G01 X26.1204Y4.5818
G01 X26.0350Y4.4871
G01 X26.0198Y4.4678
G01 X25.9600Y4.3873
G01 X25.9002Y4.4678
G01 X25.8850Y4.4871
G01 X25.7996Y4.5818
G01 X25.7718Y4.6096
G01 X25.6882Y4.6853
G01 X25.6695Y4.7012
G01 X25.5672Y4.7775
G01 X25.5345Y4.7993
G01 X25.4377Y4.8573
G01 X25.4163Y4.8692
G01 X25.3011Y4.9241
G01 X25.2648Y4.9391
G01 X25.1446Y4.9818
G01 X25.1210Y4.9885
G01 X25.0115Y5.0159
G01 X24.9779Y5.0228
G01 X24.8614Y5.0401
G01 X24.8223Y5.0440
G01 X24.7096Y5.0495
G01 X24.6851Y5.0499
G01 X24.5577Y5.0440
G01 X24.5186Y5.0401
G01 X24.3924Y5.0211
G01 X24.3685Y5.0159
G01 X24.2448Y4.9846
G01 X24.2214Y4.9771
G01 X24.1152Y4.9391
G01 X24.0923Y4.9301
G01 X23.9769Y4.8758
G01 X23.9465Y4.8598
G01 X23.8455Y4.7993
G01 X23.8248Y4.7860
G01 X23.7222Y4.7102
G01 X23.6918Y4.6853
G01 X23.6046Y4.6062
G01 X23.5804Y4.5818
G01 X23.4950Y4.4871
G01 X23.4798Y4.4678
G01 X23.4200Y4.3873
G01 X23.3602Y4.4678
G01 X23.3450Y4.4871
G01 X23.2596Y4.5818
G01 X23.2425Y4.5994
G01 X23.1482Y4.6853
G01 X23.1295Y4.7012
G01 X23.0152Y4.7860
G01 X22.9945Y4.7993
G01 X22.8850Y4.8646
G01 X22.8631Y4.8758
G01 X22.7566Y4.9261
G01 X22.7248Y4.9391
G01 X22.6139Y4.9787
G01 X22.5858Y4.9872
G01 X22.5323Y5.0007
G01 X22.5583Y5.0200
G01 X22.5811Y5.0387
G01 X22.6611Y5.1112
G01 X22.6855Y5.1353
G01 X22.7580Y5.2153
G01 X22.7739Y5.2340
G01 X22.8443Y5.3284
G01 X22.8636Y5.3568
G01 X22.9191Y5.4494
G01 X22.9310Y5.4708
G01 X22.9817Y5.5772
G01 X22.9914Y5.5997
G01 X23.0361Y5.7244
G01 X23.0428Y5.7480
G01 X23.0711Y5.8623
G01 X23.0755Y5.8865
G01 X23.0925Y6.0030
G01 X23.0945Y6.0275
G01 X23.0995Y6.1304
G01 X23.0998Y6.1623
G01 X23.0945Y6.2725
G01 X23.0906Y6.3116
G01 X23.0755Y6.4135
G01 X23.0711Y6.4377
G01 X23.0428Y6.5520
G01 X23.0361Y6.5756
G01 X22.9967Y6.6866
G01 X22.9877Y6.7094
G01 X22.9310Y6.8292
G01 X22.9191Y6.8506
G01 X22.8661Y6.9390
G01 X22.8529Y6.9596
G01 X22.7829Y7.0544
G01 X22.7580Y7.0847
G01 X22.6787Y7.1718
G01 X22.6611Y7.1888
G01 X22.5847Y7.2580
G01 X22.5544Y7.2829
G01 X22.4716Y7.3443
G01 X22.4515Y7.3583
G01 X22.3506Y7.4191
G01 X22.3160Y7.4376
G01 X22.2094Y7.4877
G01 X22.1866Y7.4967
G01 X22.0896Y7.5314
G01 X22.0520Y7.5428
G01 X21.9377Y7.5711
G01 X21.9135Y7.5755
G01 X21.8116Y7.5906
G01 X21.7872Y7.5934
G01 X21.6696Y7.5995
G01 X21.6451Y7.5999
G01 X21.5128Y7.5934
G01 X21.4884Y7.5906
G01 X21.3719Y7.5730
G01 X21.3480Y7.5678
G01 X21.2338Y7.5389
G01 X21.2104Y7.5314
G01 X21.0997Y7.4914
G01 X21.0772Y7.4817
G01 X20.9708Y7.4310
G01 X20.9494Y7.4191
G01 X20.8485Y7.3583
G01 X20.8284Y7.3443
G01 X20.7456Y7.2829
G01 X20.7153Y7.2580
G01 X20.6282Y7.1787
G01 X20.6112Y7.1611
G01 X20.5420Y7.0847
G01 X20.5200Y7.0583
G01 X20.4557Y6.9716
G01 X20.4339Y6.9390
G01 X20.3809Y6.8506
G01 X20.3690Y6.8292
G01 X20.3183Y6.7228
G01 X20.3086Y6.7003
G01 X20.2686Y6.5896
G01 X20.2611Y6.5662
G01 X20.2322Y6.4520
G01 X20.2270Y6.4281
G01 X20.2094Y6.3116
G01 X20.2066Y6.2872
G01 X20.2005Y6.1696
G01 X20.2001Y6.1451
G01 X20.2055Y6.0275
G01 X20.2075Y6.0030
G01 X20.2270Y5.8719
G01 X20.2322Y5.8480
G01 X20.2611Y5.7338
G01 X20.2686Y5.7104
G01 X20.3086Y5.5997
G01 X20.3183Y5.5772
G01 X20.3690Y5.4708
G01 X20.3809Y5.4494
G01 X20.4339Y5.3610
G01 X20.4557Y5.3284
G01 X20.5261Y5.2340
G01 X20.5420Y5.2153
G01 X20.6112Y5.1389
G01 X20.6389Y5.1112
G01 X20.7189Y5.0387
G01 X20.7456Y5.0171
G01 X20.8284Y4.9557
G01 X20.8485Y4.9417
G01 X20.9494Y4.8809
G01 X20.9708Y4.8690
G01 X21.0772Y4.8183
G01 X21.0997Y4.8086
G01 X21.2104Y4.7686
G01 X21.2461Y4.7577
G00 Z20.0000
G00 X22.6785Y4.9557
G01 Z20.0000
G01 X22.6669Y5.0337
G01 X22.6630Y5.1130
G00 Z20.0000
G00 X23.1189Y4.7094
G01 Z20.0000
G01 X23.0650Y5.0729
G01 X23.0334Y5.7163
G00 Z20.0000
G00 X22.9842Y6.7172
G01 Z20.0000
G01 X22.7000Y12.5026
G01 X22.7162Y12.8329
G01 X23.1109Y12.7240
G01 X23.3114Y16.8060
G00 Z20.0000
G00 X23.7111Y16.8000
G01 Z20.0000
G01 X23.5146Y12.8000
G00 Z20.0000
G00 X23.9129Y12.7647
G01 Z20.0000
G01 X24.1194Y16.9692
G00 Z20.0000
G00 X24.5121Y16.8207
G01 Z20.0000
G01 X24.3084Y12.6742
G00 Z20.0000
G00 X24.7146Y12.8000
G01 Z20.0000
G01 X24.9111Y16.8000
G00 Z20.0000
G00 X25.3163Y16.9063
G01 Z20.0000
G01 X25.1139Y12.7851
G00 Z20.0000
G00 X25.5049Y12.6022
G01 Z20.0000
G01 X25.7133Y16.8450
G00 Z20.0000
G00 X26.1111Y16.8000
G01 Z20.0000
G01 X25.9146Y12.7996
G00 Z20.0000
G00 X26.3145Y12.7968
G01 Z20.0000
G01 X26.5142Y16.8621
G01 X26.9150Y16.8795
G01 X26.7038Y12.5796
G00 Z20.0000
G00 X27.1143Y12.7929
G01 Z20.0000
G01 X27.3111Y16.8000
G00 Z20.0000
G00 X27.7127Y16.8315
G01 Z20.0000
G01 X27.5146Y12.8000
G00 Z20.0000
G00 X27.9073Y12.6520
G01 Z20.0000
G01 X28.1173Y16.9268
G00 Z20.0000
G00 X28.5111Y16.8000
G01 Z20.0000
G01 X28.3135Y12.7769
G00 Z20.0000
G00 X28.7146Y12.8000
G01 Z20.0000
G01 X28.9117Y16.8120
G00 Z20.0000
G00 X29.3205Y16.9912
G01 Z20.0000
G01 X29.1099Y12.7050
G01 X29.5122Y12.7504
G01 X29.7112Y16.8012
G00 Z20.0000
G00 X30.1112Y16.8022
G01 Z20.0000
G01 X29.9146Y12.8000
G00 Z20.0000
G00 X30.3119Y12.7440
G01 Z20.0000
G01 X30.5225Y17.0321
G00 Z20.0000
G00 X30.9116Y16.8093
G01 Z20.0000
G01 X30.7103Y12.7114
G00 Z20.0000
G00 X31.1146Y12.8000
G01 Z20.0000
G01 X31.3111Y16.8000
G00 Z20.0000
G00 X31.7184Y16.9489
G01 Z20.0000
G01 X31.5132Y12.7717
G01 X31.9076Y12.6563
G01 X32.1124Y16.8265
G00 Z20.0000
G00 X32.5111Y16.8000
G01 Z20.0000
G01 X32.3146Y12.8000
G00 Z20.0000
G00 X32.7141Y12.7896
G01 Z20.0000
G01 X32.9157Y16.8923
G00 Z20.0000
G00 X33.0385Y19.0982
G01 Z20.0000
G01 X33.1783Y20.0407
G00 Z20.0000
G00 X32.7616Y19.9545
G01 Z20.0000
G01 X32.6641Y19.2968
G00 Z20.0000
G00 X32.2606Y19.2994
G01 Z20.0000
G01 X32.3614Y19.9791
G00 Z20.0000
G00 X31.9769Y20.1100
G01 Z20.0000
G01 X31.8226Y19.0697
G01 X31.8222Y19.0606
G00 Z20.0000
G00 X31.4511Y19.2881
G01 Z20.0000
G01 X31.6103Y20.3613
G01 X31.2122Y20.4003
G01 X31.0490Y19.3000
G00 Z20.0000
G00 X30.6264Y19.1463
G01 Z20.0000
G01 X30.6284Y19.1873
G01 X30.7624Y20.0907
G00 Z20.0000
G00 X30.3402Y19.9671
G01 Z20.0000
G01 X30.2373Y19.2736
G00 Z20.0000
G00 X29.8373Y19.3000
G01 Z20.0000
G01 X29.9355Y19.9618
G00 Z20.0000
G00 X29.5463Y20.0605
G01 Z20.0000
G01 X29.4342Y19.3050
G01 X29.4292Y19.2045
G01 X29.0314Y19.2488
G01 X29.0361Y19.3442
G01 X29.1740Y20.2736
G00 Z20.0000
G00 X28.8130Y20.5628
G01 Z20.0000
G01 X28.6380Y19.3834
G01 X28.6339Y19.3000
G00 Z20.0000
G00 X28.2313Y19.2455
G01 Z20.0000
G01 X28.2400Y19.4226
G01 X28.3486Y20.1552
G00 Z20.0000
G00 X27.9200Y19.9887
G01 Z20.0000
G01 X27.8419Y19.4618
G01 X27.8296Y19.2115
G00 Z20.0000
G00 X27.4339Y19.3000
G01 Z20.0000
G01 X27.4438Y19.5010
G01 X27.5108Y19.9529
G00 Z20.0000
G00 X27.1171Y20.0210
G01 Z20.0000
G01 X27.0457Y19.5402
G01 X27.0326Y19.2736
G01 X26.6271Y19.1609
G01 X26.6477Y19.5794
G01 X26.7395Y20.1983
G00 Z20.0000
G00 X26.3827Y20.5158
G01 Z20.0000
G01 X26.2496Y19.6186
G01 X26.2339Y19.3000
G00 Z20.0000
G00 X25.8335Y19.2911
G01 Z20.0000
G01 X25.8515Y19.6578
G01 X25.9375Y20.2376
G00 Z20.0000
G00 X25.5014Y20.0205
G01 Z20.0000
G01 X25.4534Y19.6970
G01 X25.4237Y19.0921
G00 Z20.0000
G00 X25.0338Y19.2976
G01 Z20.0000
G01 X25.0554Y19.7362
G01 X25.0873Y19.9518
G00 Z20.0000
G00 X24.6893Y19.9914
G01 Z20.0000
G01 X24.6573Y19.7754
G01 X24.6339Y19.2990
G00 Z20.0000
G00 X24.2236Y19.0888
G01 Z20.0000
G01 X24.2592Y19.8147
G01 X24.3067Y20.1345
G00 Z20.0000
G00 X23.9429Y20.4051
G01 Z20.0000
G01 X23.8611Y19.8539
G01 X23.8333Y19.2876
G00 Z20.0000
G00 X23.4339Y19.3000
G01 Z20.0000
G01 X23.4631Y19.8931
G01 X23.5299Y20.3434
G00 Z20.0000
G00 X23.7700Y20.6127
G01 Z20.0000
G01 X23.8298Y20.5322
G01 X23.8450Y20.5129
G01 X23.9304Y20.4182
G01 X23.9546Y20.3938
G01 X24.0418Y20.3147
G01 X24.0722Y20.2898
G01 X24.1748Y20.2140
G01 X24.1955Y20.2007
G01 X24.2965Y20.1402
G01 X24.3269Y20.1242
G01 X24.4423Y20.0699
G01 X24.4652Y20.0609
G01 X24.5714Y20.0229
G01 X24.5948Y20.0154
G01 X24.7185Y19.9841
G01 X24.7424Y19.9789
G01 X24.8686Y19.9599
G01 X24.9077Y19.9560
G01 X25.0204Y19.9505
G01 X25.0449Y19.9501
G01 X25.1723Y19.9560
G01 X25.2114Y19.9599
G01 X25.3279Y19.9772
G01 X25.3615Y19.9841
G01 X25.4710Y20.0115
G01 X25.4946Y20.0182
G01 X25.6148Y20.0609
G01 X25.6511Y20.0759
G01 X25.7531Y20.1242
G01 X25.7750Y20.1354
G01 X25.8845Y20.2007
G01 X25.9172Y20.2225
G01 X26.0195Y20.2988
G01 X26.0382Y20.3147
G01 X26.1218Y20.3904
G01 X26.1496Y20.4182
G01 X26.2350Y20.5129
G01 X26.2502Y20.5322
G01 X26.3100Y20.6127
G01 X26.3698Y20.5322
G01 X26.3850Y20.5129
G01 X26.4704Y20.4182
G01 X26.4946Y20.3938
G01 X26.5818Y20.3147
G01 X26.6122Y20.2898
G01 X26.7148Y20.2140
G01 X26.7355Y20.2007
G01 X26.8365Y20.1402
G01 X26.8669Y20.1242
G01 X26.9823Y20.0699
G01 X27.0052Y20.0609
G01 X27.1254Y20.0182
G01 X27.1490Y20.0115
G01 X27.2585Y19.9841
G01 X27.2824Y19.9789
G01 X27.4086Y19.9599
G01 X27.4428Y19.9563
G01 X27.5604Y19.9505
G01 X27.5996Y19.9505
G01 X27.7270Y19.9570
G01 X27.7514Y19.9599
G01 X27.8630Y19.9764
G01 X27.9015Y19.9841
G01 X28.0110Y20.0115
G01 X28.0346Y20.0182
G01 X28.1548Y20.0609
G01 X28.1911Y20.0759
G01 X28.2931Y20.1242
G01 X28.3150Y20.1354
G01 X28.4245Y20.2007
G01 X28.4572Y20.2225
G01 X28.5595Y20.2988
G01 X28.5782Y20.3147
G01 X28.6618Y20.3904
G01 X28.6896Y20.4182
G01 X28.7750Y20.5129
G01 X28.7902Y20.5322
G01 X28.8500Y20.6127
G01 X28.9098Y20.5322
G01 X28.9250Y20.5129
G01 X29.0104Y20.4182
G01 X29.0346Y20.3938
G01 X29.1218Y20.3147
G01 X29.1522Y20.2898
G01 X29.2548Y20.2140
G01 X29.2755Y20.2007
G01 X29.3723Y20.1427
G01 X29.4069Y20.1242
G01 X29.5223Y20.0699
G01 X29.5452Y20.0609
G01 X29.6654Y20.0182
G01 X29.6890Y20.0115
G01 X29.8128Y19.9808
G01 X29.8370Y19.9764
G01 X29.9632Y19.9580
G01 X29.9877Y19.9560
G01 X30.1004Y19.9505
G01 X30.1396Y19.9505
G01 X30.2670Y19.9570
G01 X30.2914Y19.9599
G01 X30.4030Y19.9764
G01 X30.4415Y19.9841
G01 X30.5510Y20.0115
G01 X30.5746Y20.0182
G01 X30.6948Y20.0609
G01 X30.7311Y20.0759
G01 X30.8331Y20.1242
G01 X30.8550Y20.1354
G01 X30.9645Y20.2007
G01 X30.9972Y20.2225
G01 X31.0995Y20.2988
G01 X31.1182Y20.3147
G01 X31.2018Y20.3904
G01 X31.2296Y20.4182
G01 X31.3150Y20.5129
G01 X31.3302Y20.5322
G01 X31.3900Y20.6127
G01 X31.4498Y20.5322
G01 X31.4650Y20.5129
G01 X31.5504Y20.4182
G01 X31.5782Y20.3904
G01 X31.6618Y20.3147
G01 X31.6805Y20.2988
G01 X31.7948Y20.2140
G01 X31.8155Y20.2007
G01 X31.9123Y20.1427
G01 X31.9469Y20.1242
G01 X32.0489Y20.0759
G01 X32.0714Y20.0662
G01 X32.1914Y20.0229
G01 X32.2290Y20.0115
G01 X32.3385Y19.9841
G01 X32.3624Y19.9789
G01 X32.5032Y19.9580
G01 X32.5277Y19.9560
G01 X32.6404Y19.9505
G01 X32.6796Y19.9505
G01 X32.7923Y19.9560
G01 X32.8168Y19.9580
G01 X32.9479Y19.9772
G01 X32.9815Y19.9841
G01 X33.1052Y20.0154
G01 X33.1286Y20.0229
G01 X33.2486Y20.0662
G01 X33.2711Y20.0759
G01 X33.3863Y20.1308
G01 X33.4077Y20.1427
G01 X33.5170Y20.2085
G01 X33.5372Y20.2225
G01 X33.6395Y20.2988
G01 X33.6582Y20.3147
G01 X33.7525Y20.4006
G01 X33.7696Y20.4182
G01 X33.8550Y20.5129
G01 X33.8702Y20.5322
G01 X33.9300Y20.6127
G01 X33.9898Y20.5322
G01 X34.0050Y20.5129
G01 X34.0904Y20.4182
G01 X34.1182Y20.3904
G01 X34.2018Y20.3147
G01 X34.2205Y20.2988
G01 X34.3228Y20.2225
G01 X34.3555Y20.2007
G01 X34.4650Y20.1354
G01 X34.4869Y20.1242
G01 X34.5889Y20.0759
G01 X34.6252Y20.0609
G01 X34.7454Y20.0182
G01 X34.7690Y20.0115
G01 X34.8785Y19.9841
G01 X34.9170Y19.9764
G01 X35.0286Y19.9599
G01 X35.0530Y19.9570
G01 X35.1804Y19.9505
G01 X35.2196Y19.9505
G01 X35.3470Y19.9570
G01 X35.3714Y19.9599
G01 X35.4976Y19.9789
G01 X35.5215Y19.9841
G01 X35.6452Y20.0154
G01 X35.6686Y20.0229
G01 X35.7886Y20.0662
G01 X35.8111Y20.0759
G01 X35.9263Y20.1308
G01 X35.9477Y20.1427
G01 X36.0570Y20.2085
G01 X36.0772Y20.2225
G01 X36.1795Y20.2988
G01 X36.1982Y20.3147
G01 X36.2925Y20.4006
G01 X36.3096Y20.4182
G01 X36.3950Y20.5129
G01 X36.4102Y20.5322
G01 X36.4860Y20.6348
G01 X36.4993Y20.6555
G01 X36.5646Y20.7650
G01 X36.5758Y20.7869
G01 X36.6301Y20.9023
G01 X36.6391Y20.9252
G01 X36.6818Y21.0454
G01 X36.6885Y21.0690
G01 X36.7192Y21.1928
G01 X36.7236Y21.2170
G01 X36.7420Y21.3432
G01 X36.7440Y21.3677
G01 X36.7499Y21.4951
G01 X36.7495Y21.5196
G01 X36.7430Y21.6470
G01 X36.7401Y21.6714
G01 X36.7211Y21.7976
G01 X36.7159Y21.8215
G01 X36.6846Y21.9452
G01 X36.6771Y21.9686
G01 X36.6338Y22.0886
G01 X36.6241Y22.1111
G01 X36.5758Y22.2131
G01 X36.5573Y22.2477
G01 X36.4915Y22.3570
G01 X36.4775Y22.3772
G01 X36.4102Y22.4678
G01 X36.3853Y22.4982
G01 X36.3062Y22.5854
G01 X36.2818Y22.6096
G01 X36.1982Y22.6853
G01 X36.1795Y22.7012
G01 X36.0772Y22.7775
G01 X36.0570Y22.7915
G01 X35.9477Y22.8573
G01 X35.9263Y22.8692
G01 X35.8111Y22.9241
G01 X35.7886Y22.9338
G01 X35.6546Y22.9818
G01 X35.6310Y22.9885
G01 X35.5072Y23.0192
G01 X35.4830Y23.0236
G01 X35.3568Y23.0420
G01 X35.3323Y23.0440
G01 X35.2196Y23.0495
G01 X35.1804Y23.0495
G01 X35.0530Y23.0430
G01 X35.0286Y23.0401
G01 X34.9170Y23.0236
G01 X34.8785Y23.0159
G01 X34.7690Y22.9885
G01 X34.7454Y22.9818
G01 X34.6252Y22.9391
G01 X34.5889Y22.9241
G01 X34.4737Y22.8692
G01 X34.4523Y22.8573
G01 X34.3555Y22.7993
G01 X34.3348Y22.7860
G01 X34.2322Y22.7102
G01 X34.2018Y22.6853
G01 X34.1146Y22.6062
G01 X34.0904Y22.5818
G01 X34.0050Y22.4871
G01 X33.9898Y22.4678
G01 X33.9300Y22.3873
G01 X33.8702Y22.4678
G01 X33.8550Y22.4871
G01 X33.7696Y22.5818
G01 X33.7454Y22.6062
G01 X33.6582Y22.6853
G01 X33.6278Y22.7102
G01 X33.5252Y22.7860
G01 X33.5045Y22.7993
G01 X33.4035Y22.8598
G01 X33.3731Y22.8758
G01 X33.2577Y22.9301
G01 X33.2348Y22.9391
G01 X33.1286Y22.9771
G01 X33.1052Y22.9846
G01 X32.9815Y23.0159
G01 X32.9576Y23.0211
G01 X32.8314Y23.0401
G01 X32.7923Y23.0440
G01 X32.6796Y23.0495
G01 X32.6551Y23.0499
G01 X32.5277Y23.0440
G01 X32.4886Y23.0401
G01 X32.3721Y23.0228
G01 X32.3385Y23.0159
G01 X32.2290Y22.9885
G01 X32.2054Y22.9818
G01 X32.0852Y22.9391
G01 X32.0489Y22.9241
G01 X31.9469Y22.8758
G01 X31.9250Y22.8646
G01 X31.8155Y22.7993
G01 X31.7828Y22.7775
G01 X31.6805Y22.7012
G01 X31.6618Y22.6853
G01 X31.5782Y22.6096
G01 X31.5504Y22.5818
G01 X31.4650Y22.4871
G01 X31.4498Y22.4678
G01 X31.3900Y22.3873
G01 X31.3302Y22.4678
G01 X31.3150Y22.4871
G01 X31.2296Y22.5818
G01 X31.2054Y22.6062
G01 X31.1182Y22.6853
G01 X31.0878Y22.7102
G01 X30.9852Y22.7860
G01 X30.9645Y22.7993
G01 X30.8677Y22.8573
G01 X30.8331Y22.8758
G01 X30.7177Y22.9301
G01 X30.6948Y22.9391
G01 X30.5746Y22.9818
G01 X30.5510Y22.9885
G01 X30.4272Y23.0192
G01 X30.4030Y23.0236
G01 X30.2768Y23.0420
G01 X30.2523Y23.0440
G01 X30.1396Y23.0495
G01 X30.1004Y23.0495
G01 X29.9730Y23.0430
G01 X29.9486Y23.0401
G01 X29.8370Y23.0236
G01 X29.7985Y23.0159
G01 X29.6890Y22.9885
G01 X29.6654Y22.9818
G01 X29.5452Y22.9391
G01 X29.5089Y22.9241
G01 X29.4069Y22.8758
G01 X29.3850Y22.8646
G01 X29.2755Y22.7993
G01 X29.2428Y22.7775
G01 X29.1405Y22.7012
G01 X29.1218Y22.6853
G01 X29.0382Y22.6096
G01 X29.0104Y22.5818
G01 X28.9250Y22.4871
G01 X28.9098Y22.4678
G01 X28.8500Y22.3873
G01 X28.7902Y22.4678
G01 X28.7750Y22.4871
G01 X28.6896Y22.5818
G01 X28.6618Y22.6096
G01 X28.5782Y22.6853
G01 X28.5595Y22.7012
G01 X28.4452Y22.7860
G01 X28.4245Y22.7993
G01 X28.3277Y22.8573
G01 X28.2931Y22.8758
G01 X28.1911Y22.9241
G01 X28.1686Y22.9338
G01 X28.0486Y22.9771
G01 X28.0110Y22.9885
G01 X27.9015Y23.0159
G01 X27.8776Y23.0211
G01 X27.7368Y23.0420
G01 X27.7123Y23.0440
G01 X27.5996Y23.0495
G01 X27.5604Y23.0495
G01 X27.4477Y23.0440
G01 X27.4232Y23.0420
G01 X27.2921Y23.0228
G01 X27.2585Y23.0159
G01 X27.1348Y22.9846
G01 X27.1114Y22.9771
G01 X26.9914Y22.9338
G01 X26.9689Y22.9241
G01 X26.8537Y22.8692
G01 X26.8323Y22.8573
G01 X26.7230Y22.7915
G01 X26.7028Y22.7775
G01 X26.6005Y22.7012
G01 X26.5818Y22.6853
G01 X26.4875Y22.5994
G01 X26.4704Y22.5818
G01 X26.3850Y22.4871
G01 X26.3698Y22.4678
G01 X26.3100Y22.3873
G01 X26.2502Y22.4678
G01 X26.2350Y22.4871
G01 X26.1496Y22.5818
G01 X26.1218Y22.6096
G01 X26.0382Y22.6853
G01 X26.0195Y22.7012
G01 X25.9172Y22.7775
G01 X25.8845Y22.7993
G01 X25.7750Y22.8646
G01 X25.7531Y22.8758
G01 X25.6511Y22.9241
G01 X25.6148Y22.9391
G01 X25.4946Y22.9818
G01 X25.4710Y22.9885
G01 X25.3615Y23.0159
G01 X25.3230Y23.0236
G01 X25.2114Y23.0401
G01 X25.1870Y23.0430
G01 X25.0596Y23.0495
G01 X25.0204Y23.0495
G01 X24.9028Y23.0437
G01 X24.8686Y23.0401
G01 X24.7424Y23.0211
G01 X24.7185Y23.0159
G01 X24.6090Y22.9885
G01 X24.5854Y22.9818
G01 X24.4652Y22.9391
G01 X24.4423Y22.9301
G01 X24.3269Y22.8758
G01 X24.2965Y22.8598
G01 X24.1955Y22.7993
G01 X24.1748Y22.7860
G01 X24.0722Y22.7102
G01 X24.0418Y22.6853
G01 X23.9546Y22.6062
G01 X23.9304Y22.5818
G01 X23.8450Y22.4871
G01 X23.8298Y22.4678
G01 X23.7700Y22.3873
G01 X23.7102Y22.4678
G01 X23.6950Y22.4871
G01 X23.6096Y22.5818
G01 X23.5854Y22.6062
G01 X23.4982Y22.6853
G01 X23.4678Y22.7102
G01 X23.3652Y22.7860
G01 X23.3445Y22.7993
G01 X23.2477Y22.8573
G01 X23.2263Y22.8692
G01 X23.1111Y22.9241
G01 X23.0748Y22.9391
G01 X22.9546Y22.9818
G01 X22.9310Y22.9885
G01 X22.8215Y23.0159
G01 X22.7830Y23.0236
G01 X22.6714Y23.0401
G01 X22.6470Y23.0430
G01 X22.5196Y23.0495
G01 X22.4804Y23.0495
G01 X22.3628Y23.0437
G01 X22.3286Y23.0401
G01 X22.2024Y23.0211
G01 X22.1785Y23.0159
G01 X22.0690Y22.9885
G01 X22.0314Y22.9771
G01 X21.9114Y22.9338
G01 X21.8889Y22.9241
G01 X21.7869Y22.8758
G01 X21.7650Y22.8646
G01 X21.6555Y22.7993
G01 X21.6228Y22.7775
G01 X21.5205Y22.7012
G01 X21.5018Y22.6853
G01 X21.4182Y22.6096
G01 X21.3904Y22.5818
G01 X21.3050Y22.4871
G01 X21.2898Y22.4678
G01 X21.2140Y22.3652
G01 X21.2007Y22.3445
G01 X21.1354Y22.2350
G01 X21.1242Y22.2131
G01 X21.0699Y22.0977
G01 X21.0609Y22.0748
G01 X21.0182Y21.9546
G01 X21.0115Y21.9310
G01 X20.9808Y21.8072
G01 X20.9764Y21.7830
G01 X20.9580Y21.6568
G01 X20.9560Y21.6323
G01 X20.9501Y21.5049
G01 X20.9505Y21.4804
G01 X20.9570Y21.3530
G01 X20.9599Y21.3286
G01 X20.9789Y21.2024
G01 X20.9841Y21.1785
G01 X21.0154Y21.0548
G01 X21.0229Y21.0314
G01 X21.0662Y20.9114
G01 X21.0759Y20.8889
G01 X21.1308Y20.7737
G01 X21.1427Y20.7523
G01 X21.2085Y20.6430
G01 X21.2225Y20.6228
G01 X21.2988Y20.5205
G01 X21.3147Y20.5018
G01 X21.4006Y20.4075
G01 X21.4182Y20.3904
G01 X21.5129Y20.3050
G01 X21.5322Y20.2898
G01 X21.6348Y20.2140
G01 X21.6555Y20.2007
G01 X21.7650Y20.1354
G01 X21.7869Y20.1242
G01 X21.9023Y20.0699
G01 X21.9252Y20.0609
G01 X22.0454Y20.0182
G01 X22.0690Y20.0115
G01 X22.1928Y19.9808
G01 X22.2170Y19.9764
G01 X22.3432Y19.9580
G01 X22.3677Y19.9560
G01 X22.4951Y19.9501
G01 X22.5196Y19.9505
G01 X22.6470Y19.9570
G01 X22.6714Y19.9599
G01 X22.7976Y19.9789
G01 X22.8215Y19.9841
G01 X22.9452Y20.0154
G01 X22.9686Y20.0229
G01 X23.0886Y20.0662
G01 X23.1111Y20.0759
G01 X23.2263Y20.1308
G01 X23.2477Y20.1427
G01 X23.3570Y20.2085
G01 X23.3772Y20.2225
G01 X23.4795Y20.2988
G01 X23.4982Y20.3147
G01 X23.5925Y20.4006
G01 X23.6096Y20.4182
G01 X23.6950Y20.5129
G01 X23.7102Y20.5322
G01 X23.7700Y20.6127
G00 Z20.0000
G00 X23.0846Y20.0646
G01 Z20.0000
G01 X23.0650Y19.9323
G01 X23.0273Y19.1647
G01 X22.6663Y19.9592
G01 X22.5639Y17.8753
G00 Z20.0000
G00 X22.1676Y17.9500
G01 Z20.0000
G01 X22.2668Y19.9690
G00 Z20.0000
G00 X21.8756Y20.0822
G01 Z20.0000
G01 X21.8708Y20.0499
G01 X21.7676Y17.9500
G01 X21.3676Y17.9500
G01 X21.4727Y20.0891
G01 X21.5057Y20.3113
G00 Z20.0000
G00 X21.1623Y20.7195
G01 Z20.0000
G01 X21.0746Y20.1283
G01 X20.9676Y17.9500
G00 Z20.0000
G00 X20.9268Y17.9497
G01 Z20.0000
G01 X20.8654Y17.9451
G01 X20.8304Y17.9404
G01 X20.8111Y17.9365
G01 X20.7627Y17.9249
G01 X20.7288Y17.9148
G01 X20.7104Y17.9079
G01 X20.6644Y17.8889
G01 X20.6326Y17.8735
G01 X20.6155Y17.8639
G01 X20.5730Y17.8379
G01 X20.5439Y17.8178
G01 X20.5285Y17.8056
G01 X20.4906Y17.7732
G01 X20.4651Y17.7488
G01 X20.4518Y17.7344
G01 X20.4194Y17.6965
G01 X20.3980Y17.6684
G01 X20.3871Y17.6520
G01 X20.3611Y17.6095
G01 X20.3443Y17.5785
G01 X20.3346Y17.5570
G01 X20.3142Y17.5072
G01 X20.3021Y17.4699
G01 X20.2885Y17.4139
G01 X20.2821Y17.3791
G01 X20.2795Y17.3557
G01 X20.2752Y17.2942
G01 X20.2752Y16.2808
G01 X20.2795Y16.2193
G01 X20.2821Y16.1959
G01 X20.2885Y16.1611
G01 X20.3021Y16.1051
G01 X20.3102Y16.0788
G01 X20.3185Y16.0568
G01 X20.3393Y16.0072
G01 X20.3571Y15.9722
G01 X20.3871Y15.9230
G01 X20.4072Y15.8939
G01 X20.4219Y15.8755
G01 X20.4570Y15.8347
G01 X20.4762Y15.8151
G01 X20.4936Y15.7992
G01 X20.5346Y15.7644
G01 X20.5566Y15.7480
G01 X20.5763Y15.7350
G01 X20.6222Y15.7071
G01 X20.6465Y15.6943
G01 X20.6680Y15.6846
G01 X20.7178Y15.6642
G01 X20.7438Y15.6554
G01 X20.7665Y15.6491
G01 X20.8111Y15.6385
G01 X20.8304Y15.6346
G01 X20.8693Y15.6295
G01 X20.9151Y15.6260
G01 X20.9425Y15.6250
G01 X22.2575Y15.6250
G01 X22.2849Y15.6260
G01 X22.3424Y15.6306
G01 X22.3696Y15.6346
G01 X22.3889Y15.6385
G01 X22.4373Y15.6501
G01 X22.4712Y15.6602
G01 X22.4932Y15.6685
G01 X22.5356Y15.6861
G01 X22.5535Y15.6943
G01 X22.5845Y15.7111
G01 X22.6337Y15.7414
G01 X22.6654Y15.7644
G01 X22.7094Y15.8018
G01 X22.7349Y15.8262
G01 X22.7508Y15.8436
G01 X22.7856Y15.8846
G01 X22.8086Y15.9163
G01 X22.8429Y15.9722
G01 X22.8607Y16.0072
G01 X22.8858Y16.0678
G01 X22.8946Y16.0938
G01 X22.9009Y16.1165
G01 X22.9132Y16.1688
G01 X22.9179Y16.1959
G01 X22.9201Y16.2154
G01 X22.9240Y16.2651
G01 X22.9250Y16.2925
G01 X22.9250Y17.0501
G01 X22.9422Y17.0256
G01 X22.9569Y17.0072
G01 X22.9812Y16.9790
G01 X23.0090Y16.9512
G01 X23.0372Y16.9269
G01 X23.0556Y16.9122
G01 X23.0780Y16.8963
G01 X23.1199Y16.8707
G01 X23.1548Y16.8528
G01 X23.1892Y16.8384
G01 X23.2113Y16.8301
G01 X23.2375Y16.8219
G01 X23.2852Y16.8105
G01 X23.3123Y16.8058
G01 X23.3357Y16.8032
G01 X23.3807Y16.8002
G01 X23.7371Y16.8005
G01 X23.7860Y16.8043
G01 X23.8132Y16.8083
G01 X23.8611Y16.8190
G01 X23.8838Y16.8253
G01 X23.9171Y16.8369
G01 X23.9658Y16.8579
G01 X24.0003Y16.8767
G01 X24.0320Y16.8963
G01 X24.0544Y16.9122
G01 X24.0728Y16.9269
G01 X24.1010Y16.9512
G01 X24.1288Y16.9790
G01 X24.1606Y17.0163
G01 X24.1771Y17.0383
G01 X24.1900Y17.0580
G01 X24.2029Y17.0383
G01 X24.2244Y17.0102
G01 X24.2512Y16.9790
G01 X24.2790Y16.9512
G01 X24.3072Y16.9269
G01 X24.3256Y16.9122
G01 X24.3480Y16.8963
G01 X24.3899Y16.8707
G01 X24.4248Y16.8528
G01 X24.4592Y16.8384
G01 X24.4813Y16.8301
G01 X24.5075Y16.8219
G01 X24.5552Y16.8105
G01 X24.5823Y16.8058
G01 X24.6057Y16.8032
G01 X24.6507Y16.8002
G01 X25.0071Y16.8005
G01 X25.0560Y16.8043
G01 X25.0832Y16.8083
G01 X25.1311Y16.8190
G01 X25.1538Y16.8253
G01 X25.1871Y16.8369
G01 X25.2358Y16.8579
G01 X25.2703Y16.8767
G01 X25.3020Y16.8963
G01 X25.3244Y16.9122
G01 X25.3428Y16.9269
G01 X25.3710Y16.9512
G01 X25.3988Y16.9790
G01 X25.4306Y17.0163
G01 X25.4471Y17.0383
G01 X25.4600Y17.0580
G01 X25.4729Y17.0383
G01 X25.4944Y17.0102
G01 X25.5212Y16.9790
G01 X25.5490Y16.9512
G01 X25.5772Y16.9269
G01 X25.5956Y16.9122
G01 X25.6180Y16.8963
G01 X25.6599Y16.8707
G01 X25.6948Y16.8528
G01 X25.7292Y16.8384
G01 X25.7513Y16.8301
G01 X25.7775Y16.8219
G01 X25.8252Y16.8105
G01 X25.8523Y16.8058
G01 X25.8757Y16.8032
G01 X25.9207Y16.8002
G01 X26.2771Y16.8005
G01 X26.3260Y16.8043
G01 X26.3532Y16.8083
G01 X26.4011Y16.8190
G01 X26.4238Y16.8253
G01 X26.4571Y16.8369
G01 X26.5058Y16.8579
G01 X26.5403Y16.8767
G01 X26.5720Y16.8963
G01 X26.5944Y16.9122
G01 X26.6128Y16.9269
G01 X26.6410Y16.9512
G01 X26.6688Y16.9790
G01 X26.7006Y17.0163
G01 X26.7171Y17.0383
G01 X26.7300Y17.0580
G01 X26.7429Y17.0383
G01 X26.7644Y17.0102
G01 X26.7912Y16.9790
G01 X26.8190Y16.9512
G01 X26.8472Y16.9269
G01 X26.8656Y16.9122
G01 X26.8880Y16.8963
G01 X26.9299Y16.8707
G01 X26.9648Y16.8528
G01 X26.9992Y16.8384
G01 X27.0213Y16.8301
G01 X27.0475Y16.8219
G01 X27.0952Y16.8105
G01 X27.1223Y16.8058
G01 X27.1457Y16.8032
G01 X27.1907Y16.8002
G01 X27.5471Y16.8005
G01 X27.5960Y16.8043
G01 X27.6232Y16.8083
G01 X27.6711Y16.8190
G01 X27.6938Y16.8253
G01 X27.7271Y16.8369
G01 X27.7758Y16.8579
G01 X27.8103Y16.8767
G01 X27.8420Y16.8963
G01 X27.8644Y16.9122
G01 X27.8828Y16.9269
G01 X27.9110Y16.9512
G01 X27.9388Y16.9790
G01 X27.9706Y17.0163
G01 X27.9871Y17.0383
G01 X28.0000Y17.0580
G01 X28.0129Y17.0383
G01 X28.0344Y17.0102
G01 X28.0612Y16.9790
G01 X28.0890Y16.9512
G01 X28.1172Y16.9269
G01 X28.1356Y16.9122
G01 X28.1580Y16.8963
G01 X28.1999Y16.8707
G01 X28.2348Y16.8528
G01 X28.2692Y16.8384
G01 X28.2913Y16.8301
G01 X28.3175Y16.8219
G01 X28.3652Y16.8105
G01 X28.3923Y16.8058
G01 X28.4157Y16.8032
G01 X28.4529Y16.8005
G01 X28.8132Y16.8003
G01 X28.8660Y16.8043
G01 X28.8932Y16.8083
G01 X28.9411Y16.8190
G01 X28.9638Y16.8253
G01 X28.9971Y16.8369
G01 X29.0458Y16.8579
G01 X29.0803Y16.8767
G01 X29.1120Y16.8963
G01 X29.1344Y16.9122
G01 X29.1528Y16.9269
G01 X29.1810Y16.9512
G01 X29.2088Y16.9790
G01 X29.2406Y17.0163
G01 X29.2571Y17.0383
G01 X29.2700Y17.0580
G01 X29.2829Y17.0383
G01 X29.3044Y17.0102
G01 X29.3312Y16.9790
G01 X29.3590Y16.9512
G01 X29.3872Y16.9269
G01 X29.4056Y16.9122
G01 X29.4280Y16.8963
G01 X29.4699Y16.8707
G01 X29.5048Y16.8528
G01 X29.5392Y16.8384
G01 X29.5613Y16.8301
G01 X29.5875Y16.8219
G01 X29.6237Y16.8131
G01 X29.6468Y16.8083
G01 X29.6740Y16.8043
G01 X29.7150Y16.8010
G01 X29.7425Y16.8000
G01 X30.0832Y16.8003
G01 X30.1360Y16.8043
G01 X30.1632Y16.8083
G01 X30.2111Y16.8190
G01 X30.2338Y16.8253
G01 X30.2671Y16.8369
G01 X30.3158Y16.8579
G01 X30.3503Y16.8767
G01 X30.3820Y16.8963
G01 X30.4044Y16.9122
G01 X30.4228Y16.9269
G01 X30.4510Y16.9512
G01 X30.4788Y16.9790
G01 X30.5106Y17.0163
G01 X30.5271Y17.0383
G01 X30.5400Y17.0580
G01 X30.5529Y17.0383
G01 X30.5694Y17.0163
G01 X30.5934Y16.9878
G01 X30.6093Y16.9704
G01 X30.6290Y16.9512
G01 X30.6602Y16.9244
G01 X30.6756Y16.9122
G01 X30.7047Y16.8921
G01 X30.7399Y16.8707
G01 X30.7642Y16.8579
G01 X30.7857Y16.8482
G01 X30.8202Y16.8341
G01 X30.8575Y16.8219
G01 X30.8937Y16.8131
G01 X30.9168Y16.8083
G01 X30.9440Y16.8043
G01 X30.9850Y16.8010
G01 X31.0086Y16.8000
G01 X31.3532Y16.8003
G01 X31.4060Y16.8043
G01 X31.4332Y16.8083
G01 X31.4811Y16.8190
G01 X31.5038Y16.8253
G01 X31.5371Y16.8369
G01 X31.5858Y16.8579
G01 X31.6203Y16.8767
G01 X31.6520Y16.8963
G01 X31.6744Y16.9122
G01 X31.6928Y16.9269
G01 X31.7210Y16.9512
G01 X31.7488Y16.9790
G01 X31.7806Y17.0163
G01 X31.7971Y17.0383
G01 X31.8100Y17.0580
G01 X31.8229Y17.0383
G01 X31.8394Y17.0163
G01 X31.8634Y16.9878
G01 X31.8793Y16.9704
G01 X31.8990Y16.9512
G01 X31.9272Y16.9269
G01 X31.9583Y16.9029
G01 X31.9780Y16.8900
G01 X32.0099Y16.8707
G01 X32.0448Y16.8528
G01 X32.0902Y16.8341
G01 X32.1162Y16.8252
G01 X32.1389Y16.8190
G01 X32.1752Y16.8105
G01 X32.2023Y16.8058
G01 X32.2257Y16.8032
G01 X32.2629Y16.8005
G01 X32.6075Y16.8000
G01 X32.6389Y16.8012
G01 X32.6877Y16.8058
G01 X32.7148Y16.8105
G01 X32.7625Y16.8219
G01 X32.7998Y16.8341
G01 X32.8452Y16.8528
G01 X32.8801Y16.8707
G01 X32.9120Y16.8900
G01 X32.9317Y16.9029
G01 X32.9598Y16.9244
G01 X32.9910Y16.9512
G01 X33.0188Y16.9790
G01 X33.0506Y17.0163
G01 X33.0671Y17.0383
G01 X33.0954Y17.0831
G01 X33.1121Y17.1142
G01 X33.1218Y17.1357
G01 X33.1399Y17.1813
G01 X33.1481Y17.2075
G01 X33.1595Y17.2552
G01 X33.1642Y17.2823
G01 X33.1664Y17.3018
G01 X33.1695Y17.3429
G01 X33.1700Y17.3625
G01 X33.1700Y18.7375
G01 X33.1690Y18.7650
G01 X33.1642Y18.8177
G01 X33.1595Y18.8448
G01 X33.1510Y18.8811
G01 X33.1447Y18.9038
G01 X33.1359Y18.9298
G01 X33.1172Y18.9752
G01 X33.0993Y19.0101
G01 X33.0800Y19.0420
G01 X33.0671Y19.0617
G01 X33.0431Y19.0928
G01 X33.0188Y19.1210
G01 X32.9996Y19.1407
G01 X32.9822Y19.1566
G01 X32.9537Y19.1806
G01 X32.9220Y19.2037
G01 X32.8801Y19.2293
G01 X32.8558Y19.2421
G01 X32.8380Y19.2503
G01 X32.7887Y19.2699
G01 X32.7625Y19.2781
G01 X32.7263Y19.2869
G01 X32.7032Y19.2917
G01 X32.6760Y19.2956
G01 X32.6271Y19.2995
G01 X32.6075Y19.3000
G01 X32.2629Y19.2995
G01 X32.2140Y19.2956
G01 X32.1868Y19.2917
G01 X32.1637Y19.2869
G01 X32.1162Y19.2748
G01 X32.0829Y19.2631
G01 X32.0342Y19.2421
G01 X32.0099Y19.2293
G01 X31.9780Y19.2100
G01 X31.9456Y19.1878
G01 X31.9272Y19.1731
G01 X31.8990Y19.1488
G01 X31.8712Y19.1210
G01 X31.8394Y19.0837
G01 X31.8229Y19.0617
G01 X31.8100Y19.0420
G01 X31.7971Y19.0617
G01 X31.7756Y19.0898
G01 X31.7488Y19.1210
G01 X31.7210Y19.1488
G01 X31.6928Y19.1731
G01 X31.6744Y19.1878
G01 X31.6520Y19.2037
G01 X31.6101Y19.2293
G01 X31.5752Y19.2472
G01 X31.5408Y19.2616
G01 X31.5187Y19.2699
G01 X31.4925Y19.2781
G01 X31.4448Y19.2895
G01 X31.4177Y19.2942
G01 X31.3943Y19.2968
G01 X31.3493Y19.2998
G01 X30.9929Y19.2995
G01 X30.9440Y19.2957
G01 X30.9168Y19.2917
G01 X30.8689Y19.2810
G01 X30.8462Y19.2747
G01 X30.8129Y19.2631
G01 X30.7642Y19.2421
G01 X30.7297Y19.2233
G01 X30.6980Y19.2037
G01 X30.6756Y19.1878
G01 X30.6572Y19.1731
G01 X30.6290Y19.1488
G01 X30.6012Y19.1210
G01 X30.5694Y19.0837
G01 X30.5529Y19.0617
G01 X30.5400Y19.0420
G01 X30.5271Y19.0617
G01 X30.5056Y19.0898
G01 X30.4788Y19.1210
G01 X30.4510Y19.1488
G01 X30.4228Y19.1731
G01 X30.4044Y19.1878
G01 X30.3820Y19.2037
G01 X30.3401Y19.2293
G01 X30.3052Y19.2472
G01 X30.2708Y19.2616
G01 X30.2487Y19.2699
G01 X30.2225Y19.2781
G01 X30.1748Y19.2895
G01 X30.1477Y19.2942
G01 X30.1243Y19.2968
G01 X30.0793Y19.2998
G01 X29.7229Y19.2995
G01 X29.6740Y19.2957
G01 X29.6468Y19.2917
G01 X29.5989Y19.2810
G01 X29.5762Y19.2747
G01 X29.5429Y19.2631
G01 X29.4942Y19.2421
G01 X29.4597Y19.2233
G01 X29.4280Y19.2037
G01 X29.4056Y19.1878
G01 X29.3872Y19.1731
G01 X29.3590Y19.1488
G01 X29.3312Y19.1210
G01 X29.2994Y19.0837
G01 X29.2829Y19.0617
G01 X29.2700Y19.0420
G01 X29.2571Y19.0617
G01 X29.2356Y19.0898
G01 X29.2088Y19.1210
G01 X29.1810Y19.1488
G01 X29.1528Y19.1731
G01 X29.1344Y19.1878
G01 X29.1120Y19.2037
G01 X29.0701Y19.2293
G01 X29.0352Y19.2472
G01 X29.0008Y19.2616
G01 X28.9787Y19.2699
G01 X28.9525Y19.2781
G01 X28.9048Y19.2895
G01 X28.8777Y19.2942
G01 X28.8543Y19.2968
G01 X28.8171Y19.2995
G01 X28.7975Y19.3000
G01 X28.4529Y19.2995
G01 X28.4040Y19.2957
G01 X28.3768Y19.2917
G01 X28.3289Y19.2810
G01 X28.3062Y19.2747
G01 X28.2729Y19.2631
G01 X28.2242Y19.2421
G01 X28.1897Y19.2233
G01 X28.1580Y19.2037
G01 X28.1356Y19.1878
G01 X28.1172Y19.1731
G01 X28.0890Y19.1488
G01 X28.0612Y19.1210
G01 X28.0294Y19.0837
G01 X28.0129Y19.0617
G01 X28.0000Y19.0420
G01 X27.9871Y19.0617
G01 X27.9656Y19.0898
G01 X27.9388Y19.1210
G01 X27.9110Y19.1488
G01 X27.8828Y19.1731
G01 X27.8644Y19.1878
G01 X27.8420Y19.2037
G01 X27.8001Y19.2293
G01 X27.7652Y19.2472
G01 X27.7308Y19.2616
G01 X27.7087Y19.2699
G01 X27.6825Y19.2781
G01 X27.6348Y19.2895
G01 X27.6077Y19.2942
G01 X27.5843Y19.2968
G01 X27.5471Y19.2995
G01 X27.5275Y19.3000
G01 X27.1829Y19.2995
G01 X27.1340Y19.2957
G01 X27.1068Y19.2917
G01 X27.0589Y19.2810
G01 X27.0362Y19.2747
G01 X27.0029Y19.2631
G01 X26.9542Y19.2421
G01 X26.9197Y19.2233
G01 X26.8880Y19.2037
G01 X26.8656Y19.1878
G01 X26.8472Y19.1731
G01 X26.8190Y19.1488
G01 X26.7912Y19.1210
G01 X26.7594Y19.0837
G01 X26.7429Y19.0617
G01 X26.7300Y19.0420
G01 X26.7171Y19.0617
G01 X26.6956Y19.0898
G01 X26.6688Y19.1210
G01 X26.6410Y19.1488
G01 X26.6128Y19.1731
G01 X26.5944Y19.1878
G01 X26.5720Y19.2037
G01 X26.5301Y19.2293
G01 X26.4952Y19.2472
G01 X26.4608Y19.2616
G01 X26.4387Y19.2699
G01 X26.4125Y19.2781
G01 X26.3763Y19.2869
G01 X26.3532Y19.2917
G01 X26.3260Y19.2957
G01 X26.2889Y19.2988
G01 X26.2575Y19.3000
G01 X25.9129Y19.2995
G01 X25.8640Y19.2957
G01 X25.8368Y19.2917
G01 X25.7889Y19.2810
G01 X25.7662Y19.2747
G01 X25.7329Y19.2631
G01 X25.6842Y19.2421
G01 X25.6497Y19.2233
G01 X25.6180Y19.2037
G01 X25.5956Y19.1878
G01 X25.5772Y19.1731
G01 X25.5490Y19.1488
G01 X25.5212Y19.1210
G01 X25.4894Y19.0837
G01 X25.4729Y19.0617
G01 X25.4600Y19.0420
G01 X25.4471Y19.0617
G01 X25.4306Y19.0837
G01 X25.3988Y19.1210
G01 X25.3710Y19.1488
G01 X25.3428Y19.1731
G01 X25.3244Y19.1878
G01 X25.3020Y19.2037
G01 X25.2703Y19.2233
G01 X25.2358Y19.2421
G01 X25.1871Y19.2631
G01 X25.1538Y19.2747
G01 X25.1311Y19.2810
G01 X25.0832Y19.2917
G01 X25.0482Y19.2964
G01 X24.9993Y19.2998
G01 X24.6586Y19.3000
G01 X24.6350Y19.2990
G01 X24.5940Y19.2957
G01 X24.5668Y19.2917
G01 X24.5437Y19.2869
G01 X24.5075Y19.2781
G01 X24.4702Y19.2659
G01 X24.4357Y19.2518
G01 X24.4142Y19.2421
G01 X24.3899Y19.2293
G01 X24.3547Y19.2079
G01 X24.3256Y19.1878
G01 X24.3102Y19.1756
G01 X24.2790Y19.1488
G01 X24.2593Y19.1296
G01 X24.2434Y19.1122
G01 X24.2194Y19.0837
G01 X24.2029Y19.0617
G01 X24.1900Y19.0420
G01 X24.1771Y19.0617
G01 X24.1606Y19.0837
G01 X24.1288Y19.1210
G01 X24.1010Y19.1488
G01 X24.0728Y19.1731
G01 X24.0544Y19.1878
G01 X24.0320Y19.2037
G01 X24.0003Y19.2233
G01 X23.9658Y19.2421
G01 X23.9171Y19.2631
G01 X23.8838Y19.2747
G01 X23.8611Y19.2810
G01 X23.8132Y19.2917
G01 X23.7860Y19.2957
G01 X23.7371Y19.2995
G01 X23.3925Y19.3000
G01 X23.3650Y19.2990
G01 X23.3240Y19.2957
G01 X23.2852Y19.2895
G01 X23.2375Y19.2781
G01 X23.2002Y19.2659
G01 X23.1548Y19.2472
G01 X23.1199Y19.2293
G01 X23.0780Y19.2037
G01 X23.0463Y19.1806
G01 X23.0090Y19.1488
G01 X22.9893Y19.1296
G01 X22.9544Y19.0898
G01 X22.9329Y19.0617
G01 X22.9046Y19.0169
G01 X22.8879Y18.9858
G01 X22.8669Y18.9371
G01 X22.8553Y18.9038
G01 X22.8490Y18.8811
G01 X22.8383Y18.8332
G01 X22.8336Y18.7982
G01 X22.8302Y18.7493
G01 X22.8300Y17.6242
G01 X22.8086Y17.6587
G01 X22.7928Y17.6811
G01 X22.7781Y17.6995
G01 X22.7430Y17.7403
G01 X22.7238Y17.7599
G01 X22.7064Y17.7758
G01 X22.6654Y17.8106
G01 X22.6434Y17.8270
G01 X22.6237Y17.8400
G01 X22.5778Y17.8679
G01 X22.5535Y17.8807
G01 X22.5320Y17.8904
G01 X22.4822Y17.9108
G01 X22.4562Y17.9196
G01 X22.4335Y17.9259
G01 X22.3889Y17.9365
G01 X22.3696Y17.9404
G01 X22.3307Y17.9455
G01 X22.2849Y17.9490
G01 X22.2575Y17.9500
G01 X20.9268Y17.9497
G00 Z20.0000
G00 X20.2663Y19.9594
G01 Z20.0000
G01 X20.2785Y20.2067
G01 X20.8782Y24.2500
G01 X20.4744Y24.2500
G01 X19.8907Y20.3151
G00 Z20.0000
G00 X19.5127Y20.4899
G01 Z20.0000
G01 X20.0705Y24.2500
G01 X19.6666Y24.2500
G01 X19.1177Y20.5496
G00 Z20.0000
G00 X18.7056Y20.4947
G01 Z20.0000
G01 X19.2627Y24.2500
G01 X18.8588Y24.2500
G01 X18.4108Y21.2300
G00 Z20.0000
G00 X18.0982Y21.8456
G01 Z20.0000
G01 X18.4549Y24.2500
G01 X18.0510Y24.2500
G01 X17.7389Y22.1461
G00 Z20.0000
G00 X17.3584Y22.3037
G01 Z20.0000
G01 X17.6471Y24.2500
G01 X17.2432Y24.2500
G01 X16.9612Y22.3486
G00 Z20.0000
G00 X16.5466Y22.2765
G01 Z20.0000
G01 X16.8393Y24.2500
G01 X16.4355Y24.2500
G01 X16.1079Y22.0421
G01 X16.0316Y24.2500
G01 X15.5016Y20.6772
G01 X15.1000Y12.5026
G01 X15.5016Y4.3279
G01 X16.0323Y0.7500
G01 X16.4362Y0.7500
G01 X15.8997Y4.3672
G01 X15.8618Y5.1382
G00 Z20.0000
G00 X16.2763Y4.8424
G01 Z20.0000
G01 X16.2977Y4.4064
G01 X16.8401Y0.7500
G01 X17.2440Y0.7500
G01 X16.6958Y4.4456
G01 X16.6824Y4.7177
G00 Z20.0000
G00 X17.0827Y4.7125
G01 Z20.0000
G01 X17.0939Y4.4848
G01 X17.6479Y0.7500
G01 X18.0518Y0.7500
G01 X17.4920Y4.5240
G01 X17.4774Y4.8205
G00 Z20.0000
G00 X17.8652Y5.0695
G01 Z20.0000
G01 X17.8900Y4.5632
G01 X18.4557Y0.7500
G00 Z20.0000
G00 X23.5472Y4.5451
G01 Z20.0000
G01 X23.4631Y5.1121
G01 X23.3739Y6.9280
G00 Z20.0000
G00 X23.7890Y6.6206
G01 Z20.0000
G01 X23.8611Y5.1513
G01 X23.9078Y4.8367
G00 Z20.0000
G00 X24.2881Y4.9958
G01 Z20.0000
G01 X24.2592Y5.1905
G01 X24.1954Y6.4902
G00 Z20.0000
G00 X24.5959Y6.4800
G01 Z20.0000
G01 X24.6573Y5.2297
G01 X24.6840Y5.0499
G00 Z20.0000
G00 X25.0960Y4.9948
G01 Z20.0000
G01 X25.0554Y5.2689
G01 X24.9908Y6.5829
G00 Z20.0000
G00 X25.3789Y6.8248
G01 Z20.0000
G01 X25.4534Y5.3081
G01 X25.5284Y4.8030
G00 Z20.0000
G00 X25.9883Y4.4254
G01 Z20.0000
G01 X25.8515Y5.3473
G01 X25.7541Y7.3311
G00 Z20.0000
G00 X25.8799Y7.9102
G01 Z20.0000
G01 X25.8795Y7.9396
G01 X25.8734Y8.0572
G01 X25.8706Y8.0816
G01 X25.8530Y8.1981
G01 X25.8478Y8.2220
G01 X25.8189Y8.3362
G01 X25.8114Y8.3596
G01 X25.7714Y8.4703
G01 X25.7617Y8.4928
G01 X25.7110Y8.5992
G01 X25.6991Y8.6206
G01 X25.6383Y8.7215
G01 X25.6243Y8.7416
G01 X25.5539Y8.8360
G01 X25.5380Y8.8547
G01 X25.4587Y8.9418
G01 X25.4411Y8.9588
G01 X25.3536Y9.0377
G01 X25.3344Y9.0529
G01 X25.2396Y9.1229
G01 X25.2190Y9.1361
G01 X25.1178Y9.1964
G01 X25.0960Y9.2076
G01 X24.9894Y9.2577
G01 X24.9666Y9.2667
G01 X24.8556Y9.3061
G01 X24.8320Y9.3128
G01 X24.7177Y9.3411
G01 X24.6935Y9.3455
G01 X24.5770Y9.3625
G01 X24.5525Y9.3645
G01 X24.4349Y9.3699
G01 X24.4104Y9.3695
G01 X24.2928Y9.3634
G01 X24.2684Y9.3606
G01 X24.1519Y9.3430
G01 X24.1280Y9.3378
G01 X24.0138Y9.3089
G01 X23.9904Y9.3014
G01 X23.8797Y9.2614
G01 X23.8572Y9.2517
G01 X23.7508Y9.2010
G01 X23.7294Y9.1891
G01 X23.6285Y9.1283
G01 X23.6084Y9.1143
G01 X23.5140Y9.0439
G01 X23.4953Y9.0280
G01 X23.4082Y8.9487
G01 X23.3912Y8.9311
G01 X23.3123Y8.8436
G01 X23.2971Y8.8244
G01 X23.2271Y8.7296
G01 X23.2139Y8.7090
G01 X23.1536Y8.6078
G01 X23.1424Y8.5860
G01 X23.0923Y8.4794
G01 X23.0833Y8.4566
G01 X23.0439Y8.3456
G01 X23.0372Y8.3220
G01 X23.0089Y8.2077
G01 X23.0045Y8.1835
G01 X22.9875Y8.0670
G01 X22.9855Y8.0425
G01 X22.9801Y7.9249
G01 X22.9805Y7.9004
G01 X22.9866Y7.7828
G01 X22.9894Y7.7584
G01 X23.0070Y7.6419
G01 X23.0122Y7.6180
G01 X23.0411Y7.5038
G01 X23.0486Y7.4804
G01 X23.0886Y7.3697
G01 X23.0983Y7.3472
G01 X23.1490Y7.2408
G01 X23.1609Y7.2194
G01 X23.2217Y7.1185
G01 X23.2357Y7.0984
G01 X23.3061Y7.0040
G01 X23.3220Y6.9853
G01 X23.4013Y6.8982
G01 X23.4189Y6.8812
G01 X23.5064Y6.8023
G01 X23.5256Y6.7871
G01 X23.6204Y6.7171
G01 X23.6410Y6.7039
G01 X23.7422Y6.6436
G01 X23.7640Y6.6324
G01 X23.8706Y6.5823
G01 X23.8934Y6.5733
G01 X24.0044Y6.5339
G01 X24.0280Y6.5272
G01 X24.1423Y6.4989
G01 X24.1665Y6.4945
G01 X24.2830Y6.4775
G01 X24.3075Y6.4755
G01 X24.4251Y6.4701
G01 X24.4496Y6.4705
G01 X24.5672Y6.4766
G01 X24.5916Y6.4794
G01 X24.7081Y6.4970
G01 X24.7320Y6.5022
G01 X24.8462Y6.5311
G01 X24.8696Y6.5386
G01 X24.9803Y6.5786
G01 X25.0028Y6.5883
G01 X25.1092Y6.6390
G01 X25.1306Y6.6509
G01 X25.2315Y6.7117
G01 X25.2516Y6.7257
G01 X25.3460Y6.7961
G01 X25.3647Y6.8120
G01 X25.4518Y6.8913
G01 X25.4688Y6.9089
G01 X25.5477Y6.9964
G01 X25.5629Y7.0156
G01 X25.6329Y7.1104
G01 X25.6461Y7.1310
G01 X25.7064Y7.2322
G01 X25.7176Y7.2540
G01 X25.7677Y7.3606
G01 X25.7767Y7.3834
G01 X25.8161Y7.4944
G01 X25.8228Y7.5180
G01 X25.8511Y7.6323
G01 X25.8555Y7.6565
G01 X25.8725Y7.7730
G01 X25.8745Y7.7975
G01 X25.8799Y7.9102
G00 Z20.0000
G00 X25.6900Y8.6359
G01 Z20.0000
G01 X25.6030Y10.4068
G01 X25.2060Y10.3447
G01 X25.2670Y9.1029
G00 Z20.0000
G00 X24.8571Y9.3056
G01 Z20.0000
G01 X24.8082Y10.3000
G00 Z20.0000
G00 X24.4051Y10.3625
G01 Z20.0000
G01 X24.4539Y9.3693
G00 Z20.0000
G00 X24.0564Y9.3199
G01 Z20.0000
G01 X24.0043Y10.3791
G00 Z20.0000
G00 X23.7332Y10.3003
G01 Z20.0000
G01 X23.7743Y10.3032
G01 X23.7977Y10.3058
G01 X23.8248Y10.3105
G01 X23.8725Y10.3219
G01 X23.8987Y10.3301
G01 X23.9208Y10.3384
G01 X23.9552Y10.3528
G01 X23.9901Y10.3707
G01 X24.0220Y10.3900
G01 X24.0417Y10.4029
G01 X24.0637Y10.4194
G01 X24.1010Y10.4512
G01 X24.1288Y10.4790
G01 X24.1556Y10.5102
G01 X24.1771Y10.5383
G01 X24.1900Y10.5580
G01 X24.2029Y10.5383
G01 X24.2244Y10.5102
G01 X24.2512Y10.4790
G01 X24.2790Y10.4512
G01 X24.3163Y10.4194
G01 X24.3383Y10.4029
G01 X24.3580Y10.3900
G01 X24.3899Y10.3707
G01 X24.4248Y10.3528
G01 X24.4592Y10.3384
G01 X24.4813Y10.3301
G01 X24.5075Y10.3219
G01 X24.5552Y10.3105
G01 X24.5823Y10.3058
G01 X24.6057Y10.3032
G01 X24.6507Y10.3002
G01 X25.0071Y10.3005
G01 X25.0560Y10.3043
G01 X25.0832Y10.3083
G01 X25.1063Y10.3131
G01 X25.1538Y10.3253
G01 X25.1908Y10.3384
G01 X25.2252Y10.3528
G01 X25.2498Y10.3650
G01 X25.2953Y10.3921
G01 X25.3244Y10.4122
G01 X25.3428Y10.4269
G01 X25.3710Y10.4512
G01 X25.3988Y10.4790
G01 X25.4306Y10.5163
G01 X25.4471Y10.5383
G01 X25.4600Y10.5580
G01 X25.4729Y10.5383
G01 X25.4944Y10.5102
G01 X25.5212Y10.4790
G01 X25.5490Y10.4512
G01 X25.5863Y10.4194
G01 X25.6083Y10.4029
G01 X25.6280Y10.3900
G01 X25.6599Y10.3707
G01 X25.6948Y10.3528
G01 X25.7292Y10.3384
G01 X25.7513Y10.3301
G01 X25.7775Y10.3219
G01 X25.8252Y10.3105
G01 X25.8523Y10.3058
G01 X25.8757Y10.3032
G01 X25.9207Y10.3002
G01 X26.2771Y10.3005
G01 X26.3260Y10.3043
G01 X26.3532Y10.3083
G01 X26.3763Y10.3131
G01 X26.4238Y10.3253
G01 X26.4608Y10.3384
G01 X26.4952Y10.3528
G01 X26.5198Y10.3650
G01 X26.5653Y10.3921
G01 X26.5944Y10.4122
G01 X26.6128Y10.4269
G01 X26.6410Y10.4512
G01 X26.6688Y10.4790
G01 X26.7006Y10.5163
G01 X26.7171Y10.5383
G01 X26.7300Y10.5580
G01 X26.7429Y10.5383
G01 X26.7644Y10.5102
G01 X26.7912Y10.4790
G01 X26.8190Y10.4512
G01 X26.8563Y10.4194
G01 X26.8783Y10.4029
G01 X26.8980Y10.3900
G01 X26.9299Y10.3707
G01 X26.9648Y10.3528
G01 X26.9992Y10.3384
G01 X27.0213Y10.3301
G01 X27.0475Y10.3219
G01 X27.0837Y10.3131
G01 X27.1068Y10.3083
G01 X27.1340Y10.3043
G01 X27.1829Y10.3005
G01 X27.5432Y10.3003
G01 X27.5960Y10.3043
G01 X27.6232Y10.3083
G01 X27.6463Y10.3131
G01 X27.6938Y10.3253
G01 X27.7308Y10.3384
G01 X27.7652Y10.3528
G01 X27.7898Y10.3650
G01 X27.8353Y10.3921
G01 X27.8644Y10.4122
G01 X27.8828Y10.4269
G01 X27.9110Y10.4512
G01 X27.9388Y10.4790
G01 X27.9706Y10.5163
G01 X27.9871Y10.5383
G01 X28.0000Y10.5580
G01 X28.0129Y10.5383
G01 X28.0344Y10.5102
G01 X28.0612Y10.4790
G01 X28.0890Y10.4512
G01 X28.1263Y10.4194
G01 X28.1483Y10.4029
G01 X28.1680Y10.3900
G01 X28.1999Y10.3707
G01 X28.2348Y10.3528
G01 X28.2692Y10.3384
G01 X28.2913Y10.3301
G01 X28.3175Y10.3219
G01 X28.3537Y10.3131
G01 X28.3768Y10.3083
G01 X28.4040Y10.3043
G01 X28.4529Y10.3005
G01 X28.8132Y10.3003
G01 X28.8660Y10.3043
G01 X28.8932Y10.3083
G01 X28.9163Y10.3131
G01 X28.9638Y10.3253
G01 X29.0008Y10.3384
G01 X29.0352Y10.3528
G01 X29.0598Y10.3650
G01 X29.1053Y10.3921
G01 X29.1344Y10.4122
G01 X29.1528Y10.4269
G01 X29.1810Y10.4512
G01 X29.2088Y10.4790
G01 X29.2406Y10.5163
G01 X29.2571Y10.5383
G01 X29.2700Y10.5580
G01 X29.2829Y10.5383
G01 X29.3044Y10.5102
G01 X29.3312Y10.4790
G01 X29.3590Y10.4512
G01 X29.3963Y10.4194
G01 X29.4183Y10.4029
G01 X29.4380Y10.3900
G01 X29.4699Y10.3707
G01 X29.5048Y10.3528
G01 X29.5392Y10.3384
G01 X29.5613Y10.3301
G01 X29.5875Y10.3219
G01 X29.6237Y10.3131
G01 X29.6468Y10.3083
G01 X29.6740Y10.3043
G01 X29.7111Y10.3012
G01 X29.7425Y10.3000
G01 X30.0832Y10.3003
G01 X30.1360Y10.3043
G01 X30.1632Y10.3083
G01 X30.1863Y10.3131
G01 X30.2338Y10.3253
G01 X30.2708Y10.3384
G01 X30.3052Y10.3528
G01 X30.3298Y10.3650
G01 X30.3753Y10.3921
G01 X30.4044Y10.4122
G01 X30.4228Y10.4269
G01 X30.4510Y10.4512
G01 X30.4788Y10.4790
G01 X30.5106Y10.5163
G01 X30.5271Y10.5383
G01 X30.5400Y10.5580
G01 X30.5529Y10.5383
G01 X30.5694Y10.5163
G01 X30.5934Y10.4878
G01 X30.6093Y10.4704
G01 X30.6290Y10.4512
G01 X30.6602Y10.4244
G01 X30.6883Y10.4029
G01 X30.7047Y10.3921
G01 X30.7399Y10.3707
G01 X30.7642Y10.3579
G01 X30.7857Y10.3482
G01 X30.8202Y10.3341
G01 X30.8575Y10.3219
G01 X30.8937Y10.3131
G01 X30.9168Y10.3083
G01 X30.9440Y10.3043
G01 X30.9850Y10.3010
G01 X31.0086Y10.3000
G01 X31.3532Y10.3003
G01 X31.4060Y10.3043
G01 X31.4332Y10.3083
G01 X31.4563Y10.3131
G01 X31.5038Y10.3253
G01 X31.5408Y10.3384
G01 X31.5752Y10.3528
G01 X31.5998Y10.3650
G01 X31.6453Y10.3921
G01 X31.6744Y10.4122
G01 X31.6928Y10.4269
G01 X31.7210Y10.4512
G01 X31.7488Y10.4790
G01 X31.7806Y10.5163
G01 X31.7971Y10.5383
G01 X31.8100Y10.5580
G01 X31.8229Y10.5383
G01 X31.8394Y10.5163
G01 X31.8712Y10.4790
G01 X31.8990Y10.4512
G01 X31.9272Y10.4269
G01 X31.9456Y10.4122
G01 X31.9780Y10.3900
G01 X32.0099Y10.3707
G01 X32.0342Y10.3579
G01 X32.0557Y10.3482
G01 X32.0902Y10.3341
G01 X32.1275Y10.3219
G01 X32.1752Y10.3105
G01 X32.2023Y10.3058
G01 X32.2511Y10.3012
G01 X32.2786Y10.3000
G01 X32.6193Y10.3002
G01 X32.6760Y10.3043
G01 X32.7148Y10.3105
G01 X32.7625Y10.3219
G01 X32.7887Y10.3301
G01 X32.8380Y10.3497
G01 X32.8698Y10.3650
G01 X32.9153Y10.3921
G01 X32.9444Y10.4122
G01 X32.9851Y10.4460
G01 X33.0107Y10.4704
G01 X33.0431Y10.5072
G01 X33.0578Y10.5256
G01 X33.0779Y10.5547
G01 X33.1050Y10.6002
G01 X33.1203Y10.6320
G01 X33.1399Y10.6813
G01 X33.1481Y10.7075
G01 X33.1595Y10.7552
G01 X33.1642Y10.7823
G01 X33.1664Y10.8018
G01 X33.1695Y10.8429
G01 X33.1700Y10.8625
G01 X33.1700Y12.2375
G01 X33.1695Y12.2571
G01 X33.1664Y12.2982
G01 X33.1642Y12.3177
G01 X33.1595Y12.3448
G01 X33.1481Y12.3925
G01 X33.1359Y12.4298
G01 X33.1172Y12.4752
G01 X33.0993Y12.5101
G01 X33.0737Y12.5520
G01 X33.0506Y12.5837
G01 X33.0188Y12.6210
G01 X32.9996Y12.6407
G01 X32.9822Y12.6566
G01 X32.9537Y12.6806
G01 X32.9317Y12.6971
G01 X32.8903Y12.7233
G01 X32.8558Y12.7421
G01 X32.8071Y12.7631
G01 X32.7887Y12.7699
G01 X32.7625Y12.7781
G01 X32.7148Y12.7895
G01 X32.6760Y12.7957
G01 X32.6271Y12.7995
G01 X32.6075Y12.8000
G01 X32.2629Y12.7995
G01 X32.2140Y12.7957
G01 X32.1868Y12.7917
G01 X32.1389Y12.7810
G01 X32.1162Y12.7747
G01 X32.0902Y12.7659
G01 X32.0557Y12.7518
G01 X32.0202Y12.7350
G01 X31.9747Y12.7079
G01 X31.9456Y12.6878
G01 X31.9272Y12.6731
G01 X31.8990Y12.6488
G01 X31.8712Y12.6210
G01 X31.8394Y12.5837
G01 X31.8229Y12.5617
G01 X31.8100Y12.5420
G01 X31.7971Y12.5617
G01 X31.7756Y12.5898
G01 X31.7488Y12.6210
G01 X31.7210Y12.6488
G01 X31.6837Y12.6806
G01 X31.6617Y12.6971
G01 X31.6420Y12.7100
G01 X31.6101Y12.7293
G01 X31.5752Y12.7472
G01 X31.5408Y12.7616
G01 X31.5187Y12.7699
G01 X31.4925Y12.7781
G01 X31.4448Y12.7895
G01 X31.4177Y12.7942
G01 X31.3943Y12.7968
G01 X31.3493Y12.7998
G01 X30.9929Y12.7995
G01 X30.9440Y12.7957
G01 X30.9168Y12.7917
G01 X30.8937Y12.7869
G01 X30.8462Y12.7747
G01 X30.8092Y12.7616
G01 X30.7748Y12.7472
G01 X30.7502Y12.7350
G01 X30.7047Y12.7079
G01 X30.6756Y12.6878
G01 X30.6572Y12.6731
G01 X30.6290Y12.6488
G01 X30.6012Y12.6210
G01 X30.5694Y12.5837
G01 X30.5529Y12.5617
G01 X30.5400Y12.5420
G01 X30.5271Y12.5617
G01 X30.5056Y12.5898
G01 X30.4788Y12.6210
G01 X30.4510Y12.6488
G01 X30.4137Y12.6806
G01 X30.3917Y12.6971
G01 X30.3720Y12.7100
G01 X30.3401Y12.7293
G01 X30.3052Y12.7472
G01 X30.2708Y12.7616
G01 X30.2487Y12.7699
G01 X30.2225Y12.7781
G01 X30.1748Y12.7895
G01 X30.1477Y12.7942
G01 X30.1243Y12.7968
G01 X30.0793Y12.7998
G01 X29.7229Y12.7995
G01 X29.6740Y12.7957
G01 X29.6468Y12.7917
G01 X29.6237Y12.7869
G01 X29.5762Y12.7747
G01 X29.5392Y12.7616
G01 X29.5048Y12.7472
G01 X29.4802Y12.7350
G01 X29.4347Y12.7079
G01 X29.4056Y12.6878
G01 X29.3872Y12.6731
G01 X29.3590Y12.6488
G01 X29.3312Y12.6210
G01 X29.2994Y12.5837
G01 X29.2829Y12.5617
G01 X29.2700Y12.5420
G01 X29.2571Y12.5617
G01 X29.2356Y12.5898
G01 X29.2088Y12.6210
G01 X29.1810Y12.6488
G01 X29.1437Y12.6806
G01 X29.1217Y12.6971
G01 X29.1020Y12.7100
G01 X29.0701Y12.7293
G01 X29.0352Y12.7472
G01 X29.0008Y12.7616
G01 X28.9787Y12.7699
G01 X28.9525Y12.7781
G01 X28.9163Y12.7869
G01 X28.8932Y12.7917
G01 X28.8660Y12.7957
G01 X28.8171Y12.7995
G01 X28.7975Y12.8000
G01 X28.4529Y12.7995
G01 X28.4040Y12.7957
G01 X28.3768Y12.7917
G01 X28.3537Y12.7869
G01 X28.3062Y12.7747
G01 X28.2692Y12.7616
G01 X28.2348Y12.7472
G01 X28.2102Y12.7350
G01 X28.1647Y12.7079
G01 X28.1356Y12.6878
G01 X28.1172Y12.6731
G01 X28.0890Y12.6488
G01 X28.0612Y12.6210
G01 X28.0294Y12.5837
G01 X28.0129Y12.5617
G01 X28.0000Y12.5420
G01 X27.9871Y12.5617
G01 X27.9656Y12.5898
G01 X27.9388Y12.6210
G01 X27.9110Y12.6488
G01 X27.8737Y12.6806
G01 X27.8517Y12.6971
G01 X27.8320Y12.7100
G01 X27.8001Y12.7293
G01 X27.7652Y12.7472
G01 X27.7308Y12.7616
G01 X27.7087Y12.7699
G01 X27.6825Y12.7781
G01 X27.6463Y12.7869
G01 X27.6232Y12.7917
G01 X27.5960Y12.7957
G01 X27.5471Y12.7995
G01 X27.5275Y12.8000
G01 X27.1829Y12.7995
G01 X27.1340Y12.7957
G01 X27.1068Y12.7917
G01 X27.0837Y12.7869
G01 X27.0362Y12.7747
G01 X26.9992Y12.7616
G01 X26.9648Y12.7472
G01 X26.9402Y12.7350
G01 X26.8947Y12.7079
G01 X26.8656Y12.6878
G01 X26.8472Y12.6731
G01 X26.8190Y12.6488
G01 X26.7912Y12.6210
G01 X26.7594Y12.5837
G01 X26.7429Y12.5617
G01 X26.7300Y12.5420
G01 X26.7171Y12.5617
G01 X26.6956Y12.5898
G01 X26.6688Y12.6210
G01 X26.6410Y12.6488
G01 X26.6037Y12.6806
G01 X26.5817Y12.6971
G01 X26.5620Y12.7100
G01 X26.5301Y12.7293
G01 X26.4952Y12.7472
G01 X26.4608Y12.7616
G01 X26.4387Y12.7699
G01 X26.4125Y12.7781
G01 X26.3763Y12.7869
G01 X26.3532Y12.7917
G01 X26.3260Y12.7957
G01 X26.2889Y12.7988
G01 X26.2575Y12.8000
G01 X25.9129Y12.7995
G01 X25.8640Y12.7957
G01 X25.8368Y12.7917
G01 X25.8137Y12.7869
G01 X25.7662Y12.7747
G01 X25.7292Y12.7616
G01 X25.6948Y12.7472
G01 X25.6702Y12.7350
G01 X25.6247Y12.7079
G01 X25.5956Y12.6878
G01 X25.5772Y12.6731
G01 X25.5490Y12.6488
G01 X25.5212Y12.6210
G01 X25.4894Y12.5837
G01 X25.4729Y12.5617
G01 X25.4600Y12.5420
G01 X25.4471Y12.5617
G01 X25.4306Y12.5837
G01 X25.4066Y12.6122
G01 X25.3907Y12.6296
G01 X25.3710Y12.6488
G01 X25.3398Y12.6756
G01 X25.3117Y12.6971
G01 X25.2953Y12.7079
G01 X25.2601Y12.7293
G01 X25.2358Y12.7421
G01 X25.2143Y12.7518
G01 X25.1798Y12.7659
G01 X25.1425Y12.7781
G01 X25.1063Y12.7869
G01 X25.0832Y12.7917
G01 X25.0560Y12.7957
G01 X25.0150Y12.7990
G01 X24.9914Y12.8000
G01 X24.6507Y12.7998
G01 X24.6018Y12.7964
G01 X24.5668Y12.7917
G01 X24.5437Y12.7869
G01 X24.4962Y12.7747
G01 X24.4592Y12.7616
G01 X24.4248Y12.7472
G01 X24.4002Y12.7350
G01 X24.3547Y12.7079
G01 X24.3256Y12.6878
G01 X24.3072Y12.6731
G01 X24.2790Y12.6488
G01 X24.2512Y12.6210
G01 X24.2194Y12.5837
G01 X24.2029Y12.5617
G01 X24.1900Y12.5420
G01 X24.1771Y12.5617
G01 X24.1606Y12.5837
G01 X24.1288Y12.6210
G01 X24.1010Y12.6488
G01 X24.0728Y12.6731
G01 X24.0544Y12.6878
G01 X24.0220Y12.7100
G01 X23.9901Y12.7293
G01 X23.9658Y12.7421
G01 X23.9443Y12.7518
G01 X23.9098Y12.7659
G01 X23.8725Y12.7781
G01 X23.8248Y12.7895
G01 X23.7977Y12.7942
G01 X23.7489Y12.7988
G01 X23.7214Y12.8000
G01 X23.3807Y12.7998
G01 X23.3240Y12.7957
G01 X23.2852Y12.7895
G01 X23.2375Y12.7781
G01 X23.2113Y12.7699
G01 X23.1620Y12.7503
G01 X23.1302Y12.7350
G01 X23.0880Y12.7100
G01 X23.0683Y12.6971
G01 X23.0402Y12.6756
G01 X23.0004Y12.6407
G01 X22.9760Y12.6151
G01 X22.9422Y12.5744
G01 X22.9263Y12.5520
G01 X22.9007Y12.5101
G01 X22.8828Y12.4752
G01 X22.8641Y12.4298
G01 X22.8519Y12.3925
G01 X22.8422Y12.3525
G01 X22.8383Y12.3332
G01 X22.8343Y12.3060
G01 X22.8310Y12.2650
G01 X22.8300Y12.2375
G01 X22.8300Y10.8625
G01 X22.8305Y10.8429
G01 X22.8332Y10.8057
G01 X22.8383Y10.7668
G01 X22.8490Y10.7189
G01 X22.8553Y10.6962
G01 X22.8641Y10.6702
G01 X22.8797Y10.6320
G01 X22.8879Y10.6142
G01 X22.9046Y10.5831
G01 X22.9263Y10.5480
G01 X22.9422Y10.5256
G01 X22.9569Y10.5072
G01 X22.9812Y10.4790
G01 X23.0004Y10.4593
G01 X23.0178Y10.4434
G01 X23.0463Y10.4194
G01 X23.0683Y10.4029
G01 X23.0880Y10.3900
G01 X23.1302Y10.3650
G01 X23.1548Y10.3528
G01 X23.1892Y10.3384
G01 X23.2262Y10.3253
G01 X23.2489Y10.3190
G01 X23.2852Y10.3105
G01 X23.3240Y10.3043
G01 X23.3650Y10.3010
G01 X23.3886Y10.3000
G01 X23.7332Y10.3003
G00 Z20.0000
G00 X23.6082Y10.3000
G01 Z20.0000
G01 X23.6647Y9.1503
G00 Z20.0000
G00 X23.2817Y8.8037
G01 Z20.0000
G01 X23.2066Y10.3318
G00 Z20.0000
G00 X22.3074Y12.6527
G01 Z20.0000
G01 X22.3000Y12.5026
G01 X22.5565Y7.2813
G00 Z20.0000
G00 X22.1452Y7.5115
G01 Z20.0000
G01 X21.9000Y12.5026
G01 X21.9072Y12.6500
G01 X21.5072Y12.6500
G01 X21.5000Y12.5026
G01 X21.7410Y7.5960
G00 Z20.0000
G00 X21.3425Y7.5665
G01 Z20.0000
G01 X21.1000Y12.5026
G01 X21.1072Y12.6500
G00 Z20.0000
G00 X20.7093Y12.6928
G01 Z20.0000
G01 X20.7000Y12.5026
G01 X20.9497Y7.4193
G00 Z20.0000
G00 X20.5649Y7.1101
G01 Z20.0000
G01 X20.3000Y12.5026
G01 X20.3273Y13.0592
G00 Z20.0000
G00 X20.4083Y14.7075
G01 Z20.0000
G01 X20.4634Y15.8280
G00 Z20.0000
G00 X20.8537Y15.6311
G01 Z20.0000
G01 X20.8209Y14.9636
G00 Z20.0000
G00 X20.9268Y14.9747
G01 Z20.0000
G01 X20.8654Y14.9701
G01 X20.8304Y14.9654
G01 X20.8111Y14.9615
G01 X20.7627Y14.9499
G01 X20.7288Y14.9398
G01 X20.7104Y14.9329
G01 X20.6644Y14.9139
G01 X20.6326Y14.8985
G01 X20.6121Y14.8869
G01 X20.5663Y14.8586
G01 X20.5346Y14.8356
G01 X20.4906Y14.7982
G01 X20.4651Y14.7738
G01 X20.4492Y14.7564
G01 X20.4144Y14.7154
G01 X20.3914Y14.6837
G01 X20.3571Y14.6278
G01 X20.3393Y14.5928
G01 X20.3142Y14.5322
G01 X20.3054Y14.5062
G01 X20.2991Y14.4835
G01 X20.2868Y14.4312
G01 X20.2821Y14.4041
G01 X20.2799Y14.3846
G01 X20.2762Y14.3388
G01 X20.2750Y14.3114
G01 X20.2750Y13.3175
G01 X20.2758Y13.2926
G01 X20.2787Y13.2509
G01 X20.2829Y13.2155
G01 X20.2966Y13.1502
G01 X20.3002Y13.1364
G01 X20.3087Y13.1091
G01 X20.3270Y13.0600
G01 X20.3384Y13.0338
G01 X20.3448Y13.0210
G01 X20.3772Y12.9627
G01 X20.3931Y12.9390
G01 X20.4245Y12.8970
G01 X20.4428Y12.8751
G01 X20.4575Y12.8595
G01 X20.5001Y12.8178
G01 X20.5220Y12.7995
G01 X20.5640Y12.7681
G01 X20.5877Y12.7522
G01 X20.6397Y12.7231
G01 X20.6588Y12.7134
G01 X20.6850Y12.7020
G01 X20.7341Y12.6837
G01 X20.7614Y12.6752
G01 X20.7821Y12.6700
G01 X20.8264Y12.6605
G01 X20.8546Y12.6559
G01 X20.8759Y12.6537
G01 X20.9262Y12.6504
G01 X22.2575Y12.6500
G01 X22.2849Y12.6510
G01 X22.3307Y12.6545
G01 X22.3541Y12.6571
G01 X22.3812Y12.6618
G01 X22.4335Y12.6741
G01 X22.4562Y12.6804
G01 X22.4932Y12.6935
G01 X22.5428Y12.7143
G01 X22.5778Y12.7321
G01 X22.6337Y12.7664
G01 X22.6654Y12.7894
G01 X22.7064Y12.8242
G01 X22.7238Y12.8401
G01 X22.7430Y12.8598
G01 X22.7781Y12.9005
G01 X22.7928Y12.9189
G01 X22.8086Y12.9413
G01 X22.8369Y12.9871
G01 X22.8485Y13.0076
G01 X22.8607Y13.0322
G01 X22.8815Y13.0818
G01 X22.8898Y13.1038
G01 X22.8979Y13.1301
G01 X22.9107Y13.1823
G01 X22.9154Y13.2054
G01 X22.9194Y13.2326
G01 X22.9240Y13.2901
G01 X22.9250Y13.3175
G01 X22.9250Y14.3075
G01 X22.9240Y14.3349
G01 X22.9201Y14.3846
G01 X22.9179Y14.4041
G01 X22.9132Y14.4312
G01 X22.9009Y14.4835
G01 X22.8898Y14.5212
G01 X22.8815Y14.5432
G01 X22.8607Y14.5928
G01 X22.8429Y14.6278
G01 X22.8086Y14.6837
G01 X22.7856Y14.7154
G01 X22.7508Y14.7564
G01 X22.7349Y14.7738
G01 X22.7152Y14.7930
G01 X22.6745Y14.8281
G01 X22.6561Y14.8428
G01 X22.6337Y14.8586
G01 X22.5778Y14.8929
G01 X22.5428Y14.9107
G01 X22.4932Y14.9315
G01 X22.4712Y14.9398
G01 X22.4449Y14.9479
G01 X22.3927Y14.9607
G01 X22.3541Y14.9679
G01 X22.3346Y14.9701
G01 X22.2888Y14.9738
G01 X22.2575Y14.9750
G01 X20.9268Y14.9747
G00 Z20.0000
G00 X21.2215Y14.9750
G01 Z20.0000
G01 X21.2534Y15.6250
G01 X21.6534Y15.6250
G01 X21.6215Y14.9750
G01 X22.0215Y14.9750
G01 X22.0534Y15.6250
G00 Z20.0000
G00 X22.4549Y15.6550
G01 Z20.0000
G01 X22.4204Y14.9540
G00 Z20.0000
G00 X22.8072Y14.6857
G01 Z20.0000
G01 X22.8737Y16.0380
G00 Z20.0000
G00 X17.7675Y19.6710
G01 Z20.0000
G01 X17.7533Y19.6366
G01 X17.7139Y19.5256
G01 X17.7072Y19.5020
G01 X17.6789Y19.3877
G01 X17.6745Y19.3635
G01 X17.6575Y19.2470
G01 X17.6555Y19.2225
G01 X17.6501Y19.1049
G01 X17.6505Y19.0804
G01 X17.6566Y18.9628
G01 X17.6594Y18.9384
G01 X17.6770Y18.8219
G01 X17.6822Y18.7980
G01 X17.7111Y18.6838
G01 X17.7186Y18.6604
G01 X17.7586Y18.5497
G01 X17.7683Y18.5272
G01 X17.8190Y18.4208
G01 X17.8309Y18.3994
G01 X17.8917Y18.2985
G01 X17.9057Y18.2784
G01 X17.9761Y18.1840
G01 X17.9920Y18.1653
G01 X18.0713Y18.0782
G01 X18.0889Y18.0612
G01 X18.1764Y17.9823
G01 X18.1956Y17.9671
G01 X18.2904Y17.8971
G01 X18.3110Y17.8839
G01 X18.4122Y17.8236
G01 X18.4340Y17.8124
G01 X18.5406Y17.7623
G01 X18.5634Y17.7533
G01 X18.6744Y17.7139
G01 X18.6980Y17.7072
G01 X18.8123Y17.6789
G01 X18.8365Y17.6745
G01 X18.9530Y17.6575
G01 X18.9775Y17.6555
G01 X19.0951Y17.6501
G01 X19.1196Y17.6505
G01 X19.2372Y17.6566
G01 X19.2616Y17.6594
G01 X19.3781Y17.6770
G01 X19.4020Y17.6822
G01 X19.5162Y17.7111
G01 X19.5396Y17.7186
G01 X19.6503Y17.7586
G01 X19.6728Y17.7683
G01 X19.7792Y17.8190
G01 X19.8006Y17.8309
G01 X19.9015Y17.8917
G01 X19.9216Y17.9057
G01 X20.0160Y17.9761
G01 X20.0347Y17.9920
G01 X20.1218Y18.0713
G01 X20.1388Y18.0889
G01 X20.2177Y18.1764
G01 X20.2329Y18.1956
G01 X20.3029Y18.2904
G01 X20.3161Y18.3110
G01 X20.3764Y18.4122
G01 X20.3876Y18.4340
G01 X20.4377Y18.5406
G01 X20.4467Y18.5634
G01 X20.4814Y18.6604
G01 X20.4928Y18.6980
G01 X20.5178Y18.7980
G01 X20.5230Y18.8219
G01 X20.5406Y18.9384
G01 X20.5445Y18.9775
G01 X20.5499Y19.0951
G01 X20.5495Y19.1196
G01 X20.5445Y19.2225
G01 X20.5425Y19.2470
G01 X20.5255Y19.3635
G01 X20.5178Y19.4020
G01 X20.4928Y19.5020
G01 X20.4861Y19.5256
G01 X20.4467Y19.6366
G01 X20.4317Y19.6728
G01 X20.3876Y19.7660
G01 X20.3764Y19.7878
G01 X20.3161Y19.8890
G01 X20.2943Y19.9216
G01 X20.2329Y20.0044
G01 X20.2177Y20.0236
G01 X20.1388Y20.1111
G01 X20.1218Y20.1287
G01 X20.0347Y20.2080
G01 X20.0160Y20.2239
G01 X19.9216Y20.2943
G01 X19.9015Y20.3083
G01 X19.8006Y20.3691
G01 X19.7792Y20.3810
G01 X19.6728Y20.4317
G01 X19.6503Y20.4414
G01 X19.5256Y20.4861
G01 X19.5020Y20.4928
G01 X19.3877Y20.5211
G01 X19.3635Y20.5255
G01 X19.2470Y20.5425
G01 X19.2225Y20.5445
G01 X19.1049Y20.5499
G01 X19.0804Y20.5495
G01 X18.9628Y20.5434
G01 X18.9384Y20.5406
G01 X18.8219Y20.5230
G01 X18.7980Y20.5178
G01 X18.6838Y20.4889
G01 X18.6604Y20.4814
G01 X18.5497Y20.4414
G01 X18.5272Y20.4317
G01 X18.4208Y20.3810
G01 X18.3994Y20.3691
G01 X18.3325Y20.3290
G01 X18.3450Y20.3588
G01 X18.3814Y20.4604
G01 X18.3928Y20.4980
G01 X18.4178Y20.5980
G01 X18.4230Y20.6219
G01 X18.4406Y20.7384
G01 X18.4434Y20.7628
G01 X18.4499Y20.8951
G01 X18.4496Y20.9172
G01 X18.4445Y21.0225
G01 X18.4413Y21.0567
G01 X18.4255Y21.1635
G01 X18.4178Y21.2020
G01 X18.3928Y21.3020
G01 X18.3861Y21.3256
G01 X18.3414Y21.4503
G01 X18.3317Y21.4728
G01 X18.2810Y21.5792
G01 X18.2691Y21.6006
G01 X18.2161Y21.6890
G01 X18.1943Y21.7216
G01 X18.1300Y21.8083
G01 X18.1080Y21.8347
G01 X18.0388Y21.9111
G01 X18.0218Y21.9287
G01 X17.9236Y22.0177
G01 X17.9044Y22.0329
G01 X17.8216Y22.0943
G01 X17.7890Y22.1161
G01 X17.7006Y22.1691
G01 X17.6792Y22.1810
G01 X17.5728Y22.2317
G01 X17.5503Y22.2414
G01 X17.4256Y22.2861
G01 X17.4020Y22.2928
G01 X17.3020Y22.3178
G01 X17.2635Y22.3255
G01 X17.1567Y22.3413
G01 X17.1225Y22.3445
G01 X17.0196Y22.3495
G01 X16.9951Y22.3499
G01 X16.8628Y22.3434
G01 X16.8384Y22.3406
G01 X16.7219Y22.3230
G01 X16.6980Y22.3178
G01 X16.5980Y22.2928
G01 X16.5604Y22.2814
G01 X16.4588Y22.2450
G01 X16.4272Y22.2317
G01 X16.3340Y22.1876
G01 X16.3122Y22.1764
G01 X16.1985Y22.1083
G01 X16.1784Y22.0943
G01 X16.0840Y22.0239
G01 X16.0653Y22.0080
G01 X15.9782Y21.9287
G01 X15.9612Y21.9111
G01 X15.8823Y21.8236
G01 X15.8671Y21.8044
G01 X15.7971Y21.7096
G01 X15.7839Y21.6890
G01 X15.7236Y21.5878
G01 X15.7124Y21.5660
G01 X15.6623Y21.4594
G01 X15.6533Y21.4366
G01 X15.6139Y21.3256
G01 X15.6072Y21.3020
G01 X15.5789Y21.1877
G01 X15.5745Y21.1635
G01 X15.5575Y21.0470
G01 X15.5555Y21.0225
G01 X15.5501Y20.9049
G01 X15.5505Y20.8804
G01 X15.5566Y20.7628
G01 X15.5594Y20.7384
G01 X15.5770Y20.6219
G01 X15.5822Y20.5980
G01 X15.6111Y20.4838
G01 X15.6186Y20.4604
G01 X15.6586Y20.3497
G01 X15.6683Y20.3272
G01 X15.7190Y20.2208
G01 X15.7309Y20.1994
G01 X15.7917Y20.0985
G01 X15.8057Y20.0784
G01 X15.8761Y19.9840
G01 X15.8920Y19.9653
G01 X15.9713Y19.8782
G01 X15.9889Y19.8612
G01 X16.0764Y19.7823
G01 X16.0956Y19.7671
G01 X16.1904Y19.6971
G01 X16.2110Y19.6839
G01 X16.3122Y19.6236
G01 X16.3340Y19.6124
G01 X16.4406Y19.5623
G01 X16.4634Y19.5533
G01 X16.5744Y19.5139
G01 X16.5980Y19.5072
G01 X16.7123Y19.4789
G01 X16.7365Y19.4745
G01 X16.8530Y19.4575
G01 X16.8775Y19.4555
G01 X16.9951Y19.4501
G01 X17.0196Y19.4505
G01 X17.1372Y19.4566
G01 X17.1616Y19.4594
G01 X17.2781Y19.4770
G01 X17.3020Y19.4822
G01 X17.4162Y19.5111
G01 X17.4396Y19.5186
G01 X17.5503Y19.5586
G01 X17.5728Y19.5683
G01 X17.6792Y19.6190
G01 X17.7006Y19.6309
G01 X17.7675Y19.6710
G00 Z20.0000
G00 X15.6277Y24.2500
G01 Z20.0000
G01 X15.1035Y20.7164
G01 X14.7000Y12.5026
G01 X14.8396Y9.6615
G00 Z20.0000
G00 X14.4205Y10.0507
G01 Z20.0000
G01 X14.3000Y12.5026
G01 X14.7054Y20.7556
G01 X15.2238Y24.2500
G01 X14.8199Y24.2500
G01 X14.3074Y20.7948
G01 X13.9000Y12.5026
G01 X14.0115Y10.2321
G00 Z20.0000
G00 X13.6087Y10.2898
G01 Z20.0000
G01 X13.5000Y12.5026
G01 X13.9093Y20.8340
G01 X14.4160Y24.2500
G00 Z20.0000
G00 X7.3091Y16.7593
G01 Z20.0000
G01 X7.2878Y16.3250
G00 Z20.0000
G00 X7.5206Y16.3248
G01 Z20.0000
G01 X6.5136Y16.3250
G01 X6.4862Y16.3238
G01 X6.4326Y16.3194
G01 X6.4054Y16.3154
G01 X6.3823Y16.3107
G01 X6.3301Y16.2979
G01 X6.3038Y16.2898
G01 X6.2818Y16.2815
G01 X6.2322Y16.2607
G01 X6.2076Y16.2485
G01 X6.1871Y16.2369
G01 X6.1413Y16.2086
G01 X6.1189Y16.1928
G01 X6.1035Y16.1806
G01 X6.0686Y16.1508
G01 X6.0512Y16.1349
G01 X6.0320Y16.1152
G01 X5.9944Y16.0715
G01 X5.9730Y16.0434
G01 X5.9621Y16.0270
G01 X5.9321Y15.9778
G01 X5.9193Y15.9534
G01 X5.9096Y15.9320
G01 X5.8892Y15.8822
G01 X5.8804Y15.8562
G01 X5.8741Y15.8335
G01 X5.8618Y15.7812
G01 X5.8571Y15.7541
G01 X5.8545Y15.7307
G01 X5.8502Y15.6692
G01 X5.8500Y14.3425
G01 X5.8512Y14.3112
G01 X5.8549Y14.2654
G01 X5.8571Y14.2459
G01 X5.8618Y14.2188
G01 X5.8751Y14.1627
G01 X5.8852Y14.1288
G01 X5.8921Y14.1104
G01 X5.9143Y14.0572
G01 X5.9265Y14.0326
G01 X5.9381Y14.0121
G01 X5.9621Y13.9730
G01 X5.9730Y13.9566
G01 X5.9944Y13.9285
G01 X6.0268Y13.8906
G01 X6.0401Y13.8762
G01 X6.0598Y13.8570
G01 X6.1005Y13.8219
G01 X6.1189Y13.8072
G01 X6.1413Y13.7914
G01 X6.1904Y13.7611
G01 X6.2216Y13.7443
G01 X6.2430Y13.7346
G01 X6.2928Y13.7142
G01 X6.3188Y13.7054
G01 X6.3415Y13.6991
G01 X6.3938Y13.6868
G01 X6.4209Y13.6821
G01 X6.4443Y13.6795
G01 X6.4979Y13.6755
G01 X7.5075Y13.6750
G01 X7.5349Y13.6760
G01 X7.5807Y13.6795
G01 X7.6196Y13.6846
G01 X7.6389Y13.6885
G01 X7.6835Y13.6991
G01 X7.7062Y13.7054
G01 X7.7322Y13.7142
G01 X7.7856Y13.7361
G01 X7.8174Y13.7515
G01 X7.8346Y13.7611
G01 X7.8837Y13.7914
G01 X7.9061Y13.8072
G01 X7.9215Y13.8194
G01 X7.9564Y13.8492
G01 X7.9738Y13.8651
G01 X7.9930Y13.8848
G01 X8.0306Y13.9285
G01 X8.0520Y13.9566
G01 X8.0629Y13.9730
G01 X8.0929Y14.0222
G01 X8.1057Y14.0466
G01 X8.1154Y14.0680
G01 X8.1358Y14.1178
G01 X8.1446Y14.1438
G01 X8.1509Y14.1665
G01 X8.1632Y14.2188
G01 X8.1679Y14.2459
G01 X8.1705Y14.2693
G01 X8.1748Y14.3308
G01 X8.1750Y15.6614
G01 X8.1738Y15.6888
G01 X8.1701Y15.7346
G01 X8.1679Y15.7541
G01 X8.1632Y15.7812
G01 X8.1499Y15.8373
G01 X8.1446Y15.8562
G01 X8.1358Y15.8822
G01 X8.1107Y15.9428
G01 X8.0929Y15.9778
G01 X8.0586Y16.0337
G01 X8.0356Y16.0654
G01 X8.0008Y16.1064
G01 X7.9849Y16.1238
G01 X7.9594Y16.1482
G01 X7.9154Y16.1856
G01 X7.8837Y16.2086
G01 X7.8379Y16.2369
G01 X7.8174Y16.2485
G01 X7.7856Y16.2639
G01 X7.7396Y16.2829
G01 X7.7212Y16.2898
G01 X7.6873Y16.2999
G01 X7.6389Y16.3115
G01 X7.6196Y16.3154
G01 X7.5846Y16.3201
G01 X7.5206Y16.3248
G00 Z20.0000
G00 X6.8878Y16.3250
G01 Z20.0000
G01 X6.9062Y16.7000
G01 X6.5062Y16.7000
G01 X6.4877Y16.3239
G00 Z20.0000
G00 X6.0797Y16.1603
G01 Z20.0000
G01 X6.1062Y16.7000
G01 X5.7062Y16.7000
G01 X5.5000Y12.5026
G01 X5.6247Y9.9637
G00 Z20.0000
G00 X5.2135Y10.1921
G01 Z20.0000
G01 X5.1000Y12.5026
G01 X5.3062Y16.7000
G01 X4.9062Y16.7000
G01 X4.7000Y12.5026
G01 X4.8090Y10.2839
G00 Z20.0000
G00 X4.4087Y10.2900
G01 Z20.0000
G01 X4.3000Y12.5026
G01 X4.3473Y13.4651
G00 Z20.0000
G00 X4.4499Y13.9902
G01 Z20.0000
G01 X4.4495Y14.0196
G01 X4.4434Y14.1372
G01 X4.4406Y14.1616
G01 X4.4230Y14.2781
G01 X4.4178Y14.3020
G01 X4.3889Y14.4162
G01 X4.3814Y14.4396
G01 X4.3414Y14.5503
G01 X4.3317Y14.5728
G01 X4.2810Y14.6792
G01 X4.2691Y14.7006
G01 X4.2083Y14.8015
G01 X4.1943Y14.8216
G01 X4.1239Y14.9160
G01 X4.1080Y14.9347
G01 X4.0287Y15.0218
G01 X4.0111Y15.0388
G01 X3.9236Y15.1177
G01 X3.9044Y15.1329
G01 X3.8096Y15.2029
G01 X3.7890Y15.2161
G01 X3.6878Y15.2764
G01 X3.6660Y15.2876
G01 X3.5594Y15.3377
G01 X3.5366Y15.3467
G01 X3.4256Y15.3861
G01 X3.4020Y15.3928
G01 X3.2877Y15.4211
G01 X3.2635Y15.4255
G01 X3.1470Y15.4425
G01 X3.1225Y15.4445
G01 X3.0049Y15.4499
G01 X2.9804Y15.4495
G01 X2.8628Y15.4434
G01 X2.8384Y15.4406
G01 X2.7219Y15.4230
G01 X2.6980Y15.4178
G01 X2.5838Y15.3889
G01 X2.5604Y15.3814
G01 X2.4497Y15.3414
G01 X2.4272Y15.3317
G01 X2.3208Y15.2810
G01 X2.2994Y15.2691
G01 X2.1985Y15.2083
G01 X2.1784Y15.1943
G01 X2.0840Y15.1239
G01 X2.0653Y15.1080
G01 X1.9782Y15.0287
G01 X1.9612Y15.0111
G01 X1.8823Y14.9236
G01 X1.8671Y14.9044
G01 X1.7971Y14.8096
G01 X1.7839Y14.7890
G01 X1.7236Y14.6878
G01 X1.7124Y14.6660
G01 X1.6623Y14.5594
G01 X1.6533Y14.5366
G01 X1.6139Y14.4256
G01 X1.6072Y14.4020
G01 X1.5789Y14.2877
G01 X1.5745Y14.2635
G01 X1.5575Y14.1470
G01 X1.5555Y14.1225
G01 X1.5501Y14.0049
G01 X1.5505Y13.9804
G01 X1.5566Y13.8628
G01 X1.5594Y13.8384
G01 X1.5770Y13.7219
G01 X1.5822Y13.6980
G01 X1.6111Y13.5838
G01 X1.6186Y13.5604
G01 X1.6586Y13.4497
G01 X1.6683Y13.4272
G01 X1.7190Y13.3208
G01 X1.7309Y13.2994
G01 X1.7917Y13.1985
G01 X1.8057Y13.1784
G01 X1.8761Y13.0840
G01 X1.8920Y13.0653
G01 X1.9713Y12.9782
G01 X1.9889Y12.9612
G01 X2.0764Y12.8823
G01 X2.0956Y12.8671
G01 X2.1904Y12.7971
G01 X2.2110Y12.7839
G01 X2.3122Y12.7236
G01 X2.3340Y12.7124
G01 X2.4406Y12.6623
G01 X2.4634Y12.6533
G01 X2.5744Y12.6139
G01 X2.5980Y12.6072
G01 X2.7123Y12.5789
G01 X2.7365Y12.5745
G01 X2.8530Y12.5575
G01 X2.8775Y12.5555
G01 X2.9951Y12.5501
G01 X3.0196Y12.5505
G01 X3.1372Y12.5566
G01 X3.1616Y12.5594
G01 X3.2781Y12.5770
G01 X3.3020Y12.5822
G01 X3.4162Y12.6111
G01 X3.4396Y12.6186
G01 X3.5503Y12.6586
G01 X3.5728Y12.6683
G01 X3.6792Y12.7190
G01 X3.7006Y12.7309
G01 X3.8015Y12.7917
G01 X3.8216Y12.8057
G01 X3.9160Y12.8761
G01 X3.9347Y12.8920
G01 X4.0218Y12.9713
G01 X4.0388Y12.9889
G01 X4.1177Y13.0764
G01 X4.1329Y13.0956
G01 X4.2029Y13.1904
G01 X4.2161Y13.2110
G01 X4.2764Y13.3122
G01 X4.2876Y13.3340
G01 X4.3377Y13.4406
G01 X4.3467Y13.4634
G01 X4.3861Y13.5744
G01 X4.3928Y13.5980
G01 X4.4211Y13.7123
G01 X4.4255Y13.7365
G01 X4.4425Y13.8530
G01 X4.4445Y13.8775
G01 X4.4499Y13.9902
G00 Z20.0000
G00 X4.3932Y14.4003
G01 Z20.0000
G01 X4.5062Y16.7000
G01 X4.1062Y16.7000
G01 X4.0240Y15.0265
G00 Z20.0000
G00 X3.6375Y15.3011
G01 Z20.0000
G01 X3.7122Y16.8224
G00 Z20.0000
G00 X3.6005Y17.0804
G01 Z20.0000
G01 X3.6031Y17.0510
G01 X3.6098Y17.0124
G01 X3.6203Y16.9746
G01 X3.6344Y16.9380
G01 X3.6521Y16.9029
G01 X3.6731Y16.8697
G01 X3.6848Y16.8540
G01 X3.7104Y16.8243
G01 X3.7388Y16.7972
G01 X3.7540Y16.7848
G01 X3.7861Y16.7622
G01 X3.8202Y16.7428
G01 X3.8561Y16.7269
G01 X3.8933Y16.7146
G01 X3.9316Y16.7060
G01 X3.9706Y16.7012
G01 X4.0000Y16.7000
G01 X7.1000Y16.7000
G01 X7.1294Y16.7012
G01 X7.1490Y16.7031
G01 X7.1876Y16.7098
G01 X7.2254Y16.7203
G01 X7.2621Y16.7344
G01 X7.2798Y16.7428
G01 X7.3139Y16.7622
G01 X7.3303Y16.7731
G01 X7.3612Y16.7972
G01 X7.3896Y16.8243
G01 X7.4028Y16.8388
G01 X7.4269Y16.8697
G01 X7.4378Y16.8861
G01 X7.4572Y16.9202
G01 X7.4731Y16.9561
G01 X7.4797Y16.9746
G01 X7.4902Y17.0124
G01 X7.4969Y17.0511
G01 X7.4988Y17.0706
G01 X7.5000Y17.1000
G01 X7.4999Y18.7049
G01 X7.4988Y18.7294
G01 X7.4969Y18.7489
G01 X7.4902Y18.7876
G01 X7.4797Y18.8254
G01 X7.4656Y18.8620
G01 X7.4479Y18.8971
G01 X7.4378Y18.9139
G01 X7.4269Y18.9303
G01 X7.4028Y18.9612
G01 X7.3757Y18.9896
G01 X7.3460Y19.0152
G01 X7.3303Y19.0269
G01 X7.2971Y19.0479
G01 X7.2798Y19.0572
G01 X7.2439Y19.0731
G01 X7.2254Y19.0797
G01 X7.1876Y19.0902
G01 X7.1684Y19.0940
G01 X7.1490Y19.0969
G01 X7.1147Y19.0997
G01 X4.0000Y19.1000
G01 X3.9706Y19.0988
G01 X3.9510Y19.0969
G01 X3.9124Y19.0902
G01 X3.8746Y19.0797
G01 X3.8379Y19.0656
G01 X3.8029Y19.0479
G01 X3.7697Y19.0269
G01 X3.7540Y19.0152
G01 X3.7388Y19.0028
G01 X3.7104Y18.9757
G01 X3.6848Y18.9460
G01 X3.6731Y18.9303
G01 X3.6521Y18.8971
G01 X3.6428Y18.8798
G01 X3.6269Y18.8439
G01 X3.6146Y18.8067
G01 X3.6098Y18.7876
G01 X3.6031Y18.7490
G01 X3.6012Y18.7294
G01 X3.6000Y18.7000
G01 X3.6005Y17.0804
G00 Z20.0000
G00 X3.9184Y12.8780
G01 Z20.0000
G01 X3.9000Y12.5026
G01 X4.0087Y10.2900
G01 X3.6087Y10.2900
G01 X3.5000Y12.5026
G01 X3.5069Y12.6427
G00 Z20.0000
G00 X3.1026Y12.5546
G01 Z20.0000
G01 X3.1000Y12.5026
G01 X3.2094Y10.2765
G00 Z20.0000
G00 X2.8144Y10.1730
G01 Z20.0000
G01 X2.7000Y12.5026
G01 X2.7038Y12.5808
G00 Z20.0000
G00 X2.3109Y12.7243
G01 Z20.0000
G01 X2.3000Y12.5026
G01 X2.4258Y9.9415
G00 Z20.0000
G00 X2.0481Y9.4884
G01 Z20.0000
G01 X1.9000Y12.5026
G01 X1.9258Y13.0279
G00 Z20.0000
G00 X0.3500Y21.6625
G01 Z20.0000
G01 X0.3748Y22.1671
G01 X0.5645Y23.4459
G00 Z20.0000
G00 X0.3500Y3.3426
G01 Z20.0000
G01 X0.3748Y2.8381
G01 X0.5655Y1.5524
G01 X0.3500Y2.3598
G01 X0.3500Y22.6402
G01 X0.3582Y22.8068
G01 X0.3812Y22.9621
G01 X0.4194Y23.1143
G01 X0.4722Y23.2621
G01 X0.5394Y23.4040
G01 X0.6200Y23.5386
G01 X0.7136Y23.6647
G01 X0.8190Y23.7810
G01 X0.9353Y23.8864
G01 X1.0614Y23.9800
G01 X1.1960Y24.0606
G01 X1.3379Y24.1278
G01 X1.4857Y24.1806
G01 X1.6379Y24.2188
G01 X1.7932Y24.2418
G01 X1.9598Y24.2500
G01 X194.7352Y24.2500
G01 X194.9018Y24.2418
G01 X195.0571Y24.2188
G01 X195.2093Y24.1806
G01 X195.3571Y24.1278
G01 X195.4990Y24.0606
G01 X195.6336Y23.9800
G01 X195.7597Y23.8864
G01 X195.8760Y23.7810
G01 X195.9814Y23.6647
G01 X196.0750Y23.5386
G01 X196.1556Y23.4040
G01 X196.2228Y23.2621
G01 X196.2756Y23.1143
G01 X196.3138Y22.9621
G01 X196.3368Y22.8068
G01 X196.3450Y22.6402
G01 X196.3450Y2.3598
G01 X196.3368Y2.1932
G01 X196.3138Y2.0379
G01 X196.2756Y1.8857
G01 X196.2228Y1.7379
G01 X196.1556Y1.5960
G01 X196.0750Y1.4614
G01 X195.9814Y1.3353
G01 X195.8760Y1.2190
G01 X195.7597Y1.1136
G01 X195.6336Y1.0200
G01 X195.4990Y0.9394
G01 X195.3571Y0.8722
G01 X195.2093Y0.8194
G01 X195.0571Y0.7812
G01 X194.9018Y0.7582
G01 X194.7352Y0.7500
G01 X1.9598Y0.7500
G01 X1.7932Y0.7582
G01 X1.6379Y0.7812
G01 X1.4857Y0.8194
G01 X1.3379Y0.8722
G01 X1.1960Y0.9394
G01 X1.0614Y1.0200
G01 X0.9353Y1.1136
G01 X0.8190Y1.2190
G01 X0.7136Y1.3353
G01 X0.6200Y1.4614
G01 X0.5394Y1.5960
G01 X0.4722Y1.7379
G01 X0.4194Y1.8857
G01 X0.3812Y2.0379
G01 X0.3582Y2.1932
G01 X0.3500Y2.3598
G01 X1.9621Y3.0958
G01 X1.9671Y2.9949
G01 X2.3001Y0.7500
G01 X2.7040Y0.7500
G01 X2.4537Y2.4375
G00 Z20.0000
G00 X2.8930Y2.1984
G01 Z20.0000
G01 X3.1079Y0.7500
G01 X3.5118Y0.7500
G01 X3.3094Y2.1142
G00 Z20.0000
G00 X3.3952Y2.1101
G01 Z20.0000
G01 X4.6824Y2.1101
G01 X4.8073Y2.1160
G01 X4.8318Y2.1180
G01 X4.9580Y2.1364
G01 X4.9918Y2.1430
G01 X5.1060Y2.1715
G01 X5.1296Y2.1782
G01 X5.2636Y2.2262
G01 X5.2861Y2.2359
G01 X5.4013Y2.2908
G01 X5.4227Y2.3027
G01 X5.5195Y2.3607
G01 X5.5522Y2.3825
G01 X5.6467Y2.4527
G01 X5.6732Y2.4747
G01 X5.7568Y2.5504
G01 X5.7744Y2.5675
G01 X5.8700Y2.6729
G01 X5.8852Y2.6922
G01 X5.9610Y2.7948
G01 X5.9743Y2.8155
G01 X6.0396Y2.9250
G01 X6.0508Y2.9469
G01 X6.1051Y3.0623
G01 X6.1141Y3.0852
G01 X6.1568Y3.2054
G01 X6.1635Y3.2290
G01 X6.1942Y3.3528
G01 X6.1986Y3.3770
G01 X6.2170Y3.5032
G01 X6.2190Y3.5277
G01 X6.2249Y3.6551
G01 X6.2245Y3.6796
G01 X6.2180Y3.8070
G01 X6.2151Y3.8314
G01 X6.1961Y3.9576
G01 X6.1909Y3.9815
G01 X6.1596Y4.1052
G01 X6.1521Y4.1286
G01 X6.1088Y4.2486
G01 X6.0991Y4.2711
G01 X6.0442Y4.3863
G01 X6.0323Y4.4077
G01 X5.9665Y4.5170
G01 X5.9525Y4.5372
G01 X5.8762Y4.6395
G01 X5.8603Y4.6582
G01 X5.7744Y4.7525
G01 X5.7568Y4.7696
G01 X5.6621Y4.8550
G01 X5.6428Y4.8702
G01 X5.5522Y4.9375
G01 X5.5195Y4.9593
G01 X5.4227Y5.0173
G01 X5.4013Y5.0292
G01 X5.2727Y5.0901
G01 X5.2498Y5.0991
G01 X5.1436Y5.1371
G01 X5.1060Y5.1485
G01 X4.9822Y5.1792
G01 X4.9580Y5.1836
G01 X4.8464Y5.2001
G01 X4.8073Y5.2040
G01 X4.6750Y5.2100
G01 X3.4050Y5.2100
G01 X3.2727Y5.2040
G01 X3.2336Y5.2001
G01 X3.1074Y5.1811
G01 X3.0835Y5.1759
G01 X2.9598Y5.1446
G01 X2.9364Y5.1371
G01 X2.8164Y5.0938
G01 X2.7939Y5.0841
G01 X2.6787Y5.0292
G01 X2.6573Y5.0173
G01 X2.5480Y4.9515
G01 X2.5278Y4.9375
G01 X2.4255Y4.8612
G01 X2.4068Y4.8453
G01 X2.3125Y4.7594
G01 X2.2954Y4.7418
G01 X2.2100Y4.6471
G01 X2.1948Y4.6278
G01 X2.1275Y4.5372
G01 X2.1057Y4.5045
G01 X2.0477Y4.4077
G01 X2.0358Y4.3863
G01 X1.9749Y4.2577
G01 X1.9659Y4.2348
G01 X1.9279Y4.1286
G01 X1.9165Y4.0910
G01 X1.8858Y3.9672
G01 X1.8814Y3.9430
G01 X1.8649Y3.8314
G01 X1.8610Y3.7923
G01 X1.8555Y3.6796
G01 X1.8553Y3.6453
G01 X1.8620Y3.5130
G01 X1.8649Y3.4886
G01 X1.8814Y3.3770
G01 X1.8891Y3.3385
G01 X1.9204Y3.2148
G01 X1.9279Y3.1914
G01 X1.9659Y3.0852
G01 X1.9809Y3.0489
G01 X2.0292Y2.9469
G01 X2.0404Y2.9250
G01 X2.1057Y2.8155
G01 X2.1275Y2.7828
G01 X2.1948Y2.6922
G01 X2.2100Y2.6729
G01 X2.3056Y2.5675
G01 X2.3232Y2.5504
G01 X2.4068Y2.4747
G01 X2.4372Y2.4498
G01 X2.5278Y2.3825
G01 X2.5480Y2.3685
G01 X2.6573Y2.3027
G01 X2.6919Y2.2842
G01 X2.7939Y2.2359
G01 X2.8164Y2.2262
G01 X2.9504Y2.1782
G01 X2.9740Y2.1715
G01 X3.0835Y2.1441
G01 X3.1220Y2.1364
G01 X3.2336Y2.1199
G01 X3.2580Y2.1170
G01 X3.3952Y2.1101
G00 Z20.0000
G00 X3.7139Y2.1100
G01 Z20.0000
G01 X3.9156Y0.7500
G01 X4.3195Y0.7500
G01 X4.1178Y2.1100
G01 X4.5217Y2.1100
G01 X4.7234Y0.7500
G01 X5.1273Y0.7500
G01 X4.9224Y2.1311
G00 Z20.0000
G00 X5.3092Y2.2468
G01 Z20.0000
G01 X5.5312Y0.7500
G01 X5.9351Y0.7500
G01 X5.6785Y2.4795
G00 Z20.0000
G00 X26.3412Y4.7689
G01 Z20.0000
G01 X26.2496Y5.3865
G01 X26.0082Y10.3000
G00 Z20.0000
G00 X26.4072Y10.3206
G01 Z20.0000
G01 X26.6477Y5.4257
G01 X26.7166Y4.9611
G00 Z20.0000
G00 X27.1081Y5.0445
G01 Z20.0000
G01 X27.0457Y5.4649
G01 X26.7999Y10.4699
G00 Z20.0000
G00 X27.2082Y10.3000
G01 Z20.0000
G01 X27.4438Y5.5042
G01 X27.5151Y5.0232
G00 Z20.0000
G00 X27.9407Y4.8769
G01 Z20.0000
G01 X27.8419Y5.5434
G01 X27.6079Y10.3059
G00 Z20.0000
G00 X27.9959Y10.5514
G01 Z20.0000
G01 X28.2400Y5.5826
G01 X28.3980Y4.5173
G01 X28.7763Y4.6893
G01 X28.6380Y5.6218
G01 X28.4080Y10.3040
G00 Z20.0000
G00 X28.8082Y10.3002
G01 Z20.0000
G01 X29.0361Y5.6610
G01 X29.1463Y4.9181
G00 Z20.0000
G00 X29.5335Y5.0305
G01 Z20.0000
G01 X29.4342Y5.7002
G01 X29.1999Y10.4696
G00 Z20.0000
G00 X29.6074Y10.3170
G01 Z20.0000
G01 X29.8323Y5.7394
G01 X29.9359Y5.0409
G00 Z20.0000
G00 X30.3555Y4.9350
G01 Z20.0000
G01 X30.2303Y5.7786
G01 X30.0082Y10.3000
G00 Z20.0000
G00 X30.4028Y10.4110
G01 Z20.0000
G01 X30.6284Y5.8178
G01 X30.8008Y4.6558
G01 X31.2136Y4.5955
G01 X31.0265Y5.8570
G01 X30.8063Y10.3396
G00 Z20.0000
G00 X31.2082Y10.3000
G01 Z20.0000
G01 X31.4245Y5.8962
G01 X31.5774Y4.8659
G00 Z20.0000
G00 X31.9601Y5.0088
G01 Z20.0000
G01 X31.8226Y5.9354
G01 X31.6049Y10.3678
G00 Z20.0000
G00 X32.0046Y10.3738
G01 Z20.0000
G01 X32.2207Y5.9746
G01 X32.3581Y5.0481
G00 Z20.0000
G00 X32.7722Y4.9793
G01 Z20.0000
G01 X32.6188Y6.0138
G01 X32.4082Y10.3000
G00 Z20.0000
G00 X32.8064Y10.3366
G01 Z20.0000
G01 X33.0168Y6.0530
G01 X33.2084Y4.7617
G01 X33.6533Y4.4850
G01 X33.4149Y6.0923
G01 X33.1700Y11.0777
G00 Z20.0000
G00 X33.1003Y12.5084
G01 Z20.0000
G01 X33.4149Y18.9129
G01 X33.6181Y20.2825
G01 X34.0489Y20.4640
G01 X33.8130Y18.8737
G01 X33.5000Y12.5026
G01 X33.8130Y6.1315
G01 X34.0102Y4.8021
G00 Z20.0000
G00 X34.3878Y4.9793
G01 Z20.0000
G01 X34.2111Y6.1707
G01 X33.9000Y12.5026
G01 X34.2111Y18.8345
G01 X34.4090Y20.1686
G00 Z20.0000
G00 X34.7888Y20.0065
G01 Z20.0000
G01 X34.6091Y18.7953
G01 X34.3000Y12.5026
G01 X34.6091Y6.2099
G01 X34.7816Y5.0471
G00 Z20.0000
G00 X35.1909Y5.0111
G01 Z20.0000
G01 X35.0072Y6.2491
G01 X34.7000Y12.5026
G01 X35.0072Y18.7561
G01 X35.1844Y19.9503
G00 Z20.0000
G00 X35.5960Y20.0027
G01 Z20.0000
G01 X35.4053Y18.7169
G01 X35.1000Y12.5026
G01 X35.4053Y6.2883
G01 X35.6195Y4.8443
G00 Z20.0000
G00 X36.0840Y4.4359
G01 Z20.0000
G01 X35.8034Y6.3275
G01 X35.7523Y7.3661
G00 Z20.0000
G00 X35.7065Y8.2992
G01 Z20.0000
G01 X35.5000Y12.5026
G01 X35.8034Y18.6777
G01 X36.0278Y20.1907
G01 X38.1815Y18.2318
G01 X38.1918Y18.4424
G01 X39.0533Y24.2500
G01 X39.4575Y24.2500
G01 X38.6076Y18.5224
G00 Z20.0000
G00 X39.0288Y18.6392
G01 Z20.0000
G01 X39.8490Y24.1690
G01 X39.8693Y24.2500
G01 X40.2812Y24.2500
G01 X40.2414Y24.0909
G01 X39.4313Y18.6303
G00 Z20.0000
G00 X39.8175Y18.5106
G01 Z20.0000
G01 X40.6337Y24.0129
G01 X40.6931Y24.2500
G01 X41.1049Y24.2500
G01 X41.0260Y23.9349
G01 X40.1846Y18.2628
G00 Z20.0000
G00 X40.3500Y18.0814
G01 Z20.0000
G01 X40.3300Y18.1083
G01 X40.3113Y18.1311
G01 X40.2287Y18.2218
G01 X40.2111Y18.2388
G01 X40.1236Y18.3177
G01 X40.1044Y18.3329
G01 X40.0096Y18.4029
G01 X39.9890Y18.4161
G01 X39.8878Y18.4764
G01 X39.8660Y18.4876
G01 X39.7594Y18.5377
G01 X39.7366Y18.5467
G01 X39.6256Y18.5861
G01 X39.6020Y18.5928
G01 X39.4877Y18.6211
G01 X39.4635Y18.6255
G01 X39.3470Y18.6425
G01 X39.3225Y18.6445
G01 X39.2049Y18.6499
G01 X39.1804Y18.6495
G01 X39.0628Y18.6434
G01 X39.0384Y18.6406
G01 X38.9219Y18.6230
G01 X38.8980Y18.6178
G01 X38.7838Y18.5889
G01 X38.7604Y18.5814
G01 X38.6497Y18.5414
G01 X38.6272Y18.5317
G01 X38.5208Y18.4810
G01 X38.4994Y18.4691
G01 X38.3985Y18.4083
G01 X38.3784Y18.3943
G01 X38.2840Y18.3239
G01 X38.2653Y18.3080
G01 X38.1782Y18.2287
G01 X38.1612Y18.2111
G01 X38.0823Y18.1236
G01 X38.0671Y18.1044
G01 X37.9971Y18.0096
G01 X37.9839Y17.9890
G01 X37.9236Y17.8878
G01 X37.9124Y17.8660
G01 X37.8623Y17.7594
G01 X37.8533Y17.7366
G01 X37.8139Y17.6256
G01 X37.8072Y17.6020
G01 X37.7789Y17.4877
G01 X37.7745Y17.4635
G01 X37.7575Y17.3470
G01 X37.7555Y17.3225
G01 X37.7501Y17.2049
G01 X37.7505Y17.1804
G01 X37.7566Y17.0628
G01 X37.7594Y17.0384
G01 X37.7770Y16.9219
G01 X37.7822Y16.8980
G01 X37.8111Y16.7838
G01 X37.8186Y16.7604
G01 X37.8586Y16.6497
G01 X37.8683Y16.6272
G01 X37.9190Y16.5208
G01 X37.9309Y16.4994
G01 X37.9917Y16.3985
G01 X38.0057Y16.3784
G01 X38.0761Y16.2840
G01 X38.0920Y16.2653
G01 X38.1612Y16.1889
G01 X38.1782Y16.1713
G01 X38.2653Y16.0920
G01 X38.2840Y16.0761
G01 X38.3784Y16.0057
G01 X38.3985Y15.9917
G01 X38.4994Y15.9309
G01 X38.5340Y15.9124
G01 X38.6272Y15.8683
G01 X38.6497Y15.8586
G01 X38.7604Y15.8186
G01 X38.7933Y15.8085
G01 X38.8980Y15.7822
G01 X38.9365Y15.7745
G01 X39.0530Y15.7575
G01 X39.0775Y15.7555
G01 X39.1804Y15.7505
G01 X39.2049Y15.7501
G01 X39.3225Y15.7555
G01 X39.3470Y15.7575
G01 X39.4635Y15.7745
G01 X39.5020Y15.7822
G01 X39.6020Y15.8072
G01 X39.6256Y15.8139
G01 X39.7366Y15.8533
G01 X39.7684Y15.8663
G01 X39.8704Y15.9145
G01 X39.9006Y15.9309
G01 X40.0015Y15.9917
G01 X40.0216Y16.0057
G01 X40.1044Y16.0671
G01 X40.1236Y16.0823
G01 X40.2111Y16.1612
G01 X40.2287Y16.1782
G01 X40.3113Y16.2689
G01 X40.3300Y16.2917
G01 X40.3500Y16.3186
G01 X40.3700Y16.2917
G01 X40.3887Y16.2689
G01 X40.4713Y16.1782
G01 X40.4889Y16.1612
G01 X40.5764Y16.0823
G01 X40.5956Y16.0671
G01 X40.6784Y16.0057
G01 X40.6985Y15.9917
G01 X40.7994Y15.9309
G01 X40.8296Y15.9145
G01 X40.9316Y15.8663
G01 X40.9634Y15.8533
G01 X41.0744Y15.8139
G01 X41.0980Y15.8072
G01 X41.1980Y15.7822
G01 X41.2365Y15.7745
G01 X41.3530Y15.7575
G01 X41.3775Y15.7555
G01 X41.4804Y15.7505
G01 X41.5049Y15.7501
G01 X41.6225Y15.7555
G01 X41.6470Y15.7575
G01 X41.7635Y15.7745
G01 X41.8020Y15.7822
G01 X41.9020Y15.8072
G01 X41.9256Y15.8139
G01 X42.0366Y15.8533
G01 X42.0684Y15.8663
G01 X42.1704Y15.9145
G01 X42.2006Y15.9309
G01 X42.3015Y15.9917
G01 X42.3216Y16.0057
G01 X42.4044Y16.0671
G01 X42.4236Y16.0823
G01 X42.5111Y16.1612
G01 X42.5287Y16.1782
G01 X42.6113Y16.2689
G01 X42.6239Y16.2840
G01 X42.6407Y16.3061
G01 X42.6671Y16.2706
G01 X42.6823Y16.2514
G01 X42.7713Y16.1532
G01 X42.7889Y16.1362
G01 X42.8653Y16.0670
G01 X42.8840Y16.0511
G01 X42.9784Y15.9807
G01 X43.0110Y15.9589
G01 X43.0994Y15.9059
G01 X43.1208Y15.8940
G01 X43.2316Y15.8413
G01 X43.2634Y15.8283
G01 X43.3604Y15.7936
G01 X43.3838Y15.7861
G01 X43.4980Y15.7572
G01 X43.5365Y15.7495
G01 X43.6384Y15.7344
G01 X43.6628Y15.7316
G01 X43.7804Y15.7255
G01 X43.8147Y15.7253
G01 X43.9274Y15.7308
G01 X43.9616Y15.7344
G01 X44.0635Y15.7495
G01 X44.1020Y15.7572
G01 X44.2020Y15.7822
G01 X44.2256Y15.7889
G01 X44.3503Y15.8336
G01 X44.3728Y15.8433
G01 X44.4792Y15.8940
G01 X44.5006Y15.9059
G01 X44.5890Y15.9589
G01 X44.6216Y15.9807
G01 X44.7044Y16.0421
G01 X44.7236Y16.0573
G01 X44.8218Y16.1463
G01 X44.8388Y16.1639
G01 X44.9080Y16.2403
G01 X44.9329Y16.2706
G01 X44.9943Y16.3534
G01 X45.0083Y16.3735
G01 X45.0764Y16.4872
G01 X45.0876Y16.5090
G01 X45.1317Y16.6022
G01 X45.1467Y16.6384
G01 X45.1814Y16.7355
G01 X45.1915Y16.7683
G01 X45.2178Y16.8730
G01 X45.2230Y16.8970
G01 X45.2406Y17.0134
G01 X45.2434Y17.0378
G01 X45.2495Y17.1554
G01 X45.2499Y17.1799
G01 X45.2445Y17.2976
G01 X45.2425Y17.3220
G01 X45.2255Y17.4385
G01 X45.2211Y17.4627
G01 X45.1928Y17.5770
G01 X45.1861Y17.6006
G01 X45.1467Y17.7116
G01 X45.1377Y17.7344
G01 X45.0876Y17.8410
G01 X45.0764Y17.8628
G01 X45.0161Y17.9640
G01 X45.0029Y17.9846
G01 X44.9329Y18.0794
G01 X44.9177Y18.0986
G01 X44.8388Y18.1861
G01 X44.8218Y18.2037
G01 X44.7347Y18.2831
G01 X44.7160Y18.2989
G01 X44.6216Y18.3693
G01 X44.6015Y18.3833
G01 X44.5006Y18.4441
G01 X44.4792Y18.4561
G01 X44.3728Y18.5067
G01 X44.3503Y18.5165
G01 X44.2396Y18.5564
G01 X44.2067Y18.5666
G01 X44.0877Y18.5961
G01 X44.0635Y18.6005
G01 X43.9616Y18.6156
G01 X43.9225Y18.6195
G01 X43.8196Y18.6245
G01 X43.7951Y18.6249
G01 X43.6628Y18.6184
G01 X43.6384Y18.6156
G01 X43.5365Y18.6005
G01 X43.4980Y18.5928
G01 X43.3980Y18.5678
G01 X43.3744Y18.5611
G01 X43.2497Y18.5165
G01 X43.2272Y18.5067
G01 X43.1340Y18.4626
G01 X43.0994Y18.4441
G01 X43.0110Y18.3911
G01 X42.9904Y18.3779
G01 X42.8840Y18.2989
G01 X42.8653Y18.2831
G01 X42.7853Y18.2105
G01 X42.7612Y18.1861
G01 X42.6920Y18.1097
G01 X42.6761Y18.0910
G01 X42.6593Y18.0689
G01 X42.6329Y18.1044
G01 X42.6177Y18.1236
G01 X42.5287Y18.2218
G01 X42.5111Y18.2388
G01 X42.4347Y18.3080
G01 X42.4160Y18.3239
G01 X42.3216Y18.3943
G01 X42.2890Y18.4161
G01 X42.2006Y18.4691
G01 X42.1792Y18.4810
G01 X42.0594Y18.5377
G01 X42.0366Y18.5467
G01 X41.9396Y18.5814
G01 X41.9020Y18.5928
G01 X41.8020Y18.6178
G01 X41.7781Y18.6230
G01 X41.6616Y18.6406
G01 X41.6225Y18.6445
G01 X41.5049Y18.6499
G01 X41.4804Y18.6495
G01 X41.3775Y18.6445
G01 X41.3433Y18.6413
G01 X41.2365Y18.6255
G01 X41.2123Y18.6211
G01 X41.0980Y18.5928
G01 X41.0744Y18.5861
G01 X40.9634Y18.5467
G01 X40.9406Y18.5377
G01 X40.8340Y18.4876
G01 X40.8122Y18.4764
G01 X40.7110Y18.4161
G01 X40.6904Y18.4029
G01 X40.5956Y18.3329
G01 X40.5764Y18.3177
G01 X40.4889Y18.2388
G01 X40.4713Y18.2218
G01 X40.3887Y18.1311
G01 X40.3700Y18.1083
G01 X40.3500Y18.0814
G00 Z20.0000
G00 X40.5993Y18.3357
G01 Z20.0000
G01 X41.4183Y23.8568
G01 X41.5168Y24.2500
G01 X41.9286Y24.2500
G01 X41.8106Y23.7788
G01 X41.0385Y18.5735
G00 Z20.0000
G00 X41.4534Y18.6482
G01 Z20.0000
G01 X42.2029Y23.7008
G01 X42.3405Y24.2500
G01 X42.7524Y24.2500
G01 X42.5952Y23.6227
G01 X41.8510Y18.6056
G00 Z20.0000
G00 X42.2319Y18.4504
G01 Z20.0000
G01 X42.9876Y23.5447
G01 X43.1642Y24.2500
G01 X43.5761Y24.2500
G01 X43.3799Y23.4667
G01 X42.5916Y18.1528
G01 X43.0328Y18.4042
G01 X43.7722Y23.3886
G01 X43.9879Y24.2500
G01 X44.3998Y24.2500
G01 X44.1645Y23.3106
G01 X43.4634Y18.5842
G00 Z20.0000
G00 X43.8729Y18.6219
G01 Z20.0000
G01 X44.5568Y23.2325
G01 X44.8117Y24.2500
G01 X45.2235Y24.2500
G01 X44.9491Y23.1545
G01 X44.2657Y18.5471
G00 Z20.0000
G00 X44.6411Y18.3549
G01 Z20.0000
G01 X45.3414Y23.0765
G01 X45.6354Y24.2500
G01 X46.0473Y24.2500
G01 X45.7338Y22.9984
G01 X45.2221Y19.5495
G00 Z20.0000
G00 X45.1510Y19.0698
G01 Z20.0000
G01 X44.9922Y17.9995
G01 X45.4322Y18.2426
G01 X45.3571Y17.7367
G01 X45.1000Y12.5026
G01 X45.3571Y7.2685
G01 X46.1261Y2.0848
G01 X46.4604Y0.7500
G01 X46.8723Y0.7500
G01 X46.5184Y2.1628
G01 X45.7552Y7.3077
G01 X45.5000Y12.5026
G01 X45.7552Y17.6975
G01 X45.7854Y17.9007
G00 Z20.0000
G00 X46.1621Y17.7180
G01 Z20.0000
G01 X46.1533Y17.6583
G01 X45.9000Y12.5026
G01 X46.1533Y7.3469
G01 X46.9107Y2.2408
G01 X47.2841Y0.7500
G01 X47.6960Y0.7500
G01 X47.3030Y2.3189
G01 X47.2585Y2.6190
G00 Z20.0000
G00 X47.7278Y2.2672
G01 Z20.0000
G01 X48.1078Y0.7500
G01 X48.5197Y0.7500
G01 X48.1744Y2.1287
G00 Z20.0000
G00 X48.3952Y2.1101
G01 Z20.0000
G01 X49.6824Y2.1101
G01 X49.8073Y2.1160
G01 X49.8318Y2.1180
G01 X49.9580Y2.1364
G01 X49.9918Y2.1430
G01 X50.1060Y2.1715
G01 X50.1296Y2.1782
G01 X50.2636Y2.2262
G01 X50.2861Y2.2359
G01 X50.4013Y2.2908
G01 X50.4227Y2.3027
G01 X50.5195Y2.3607
G01 X50.5522Y2.3825
G01 X50.6467Y2.4527
G01 X50.6732Y2.4747
G01 X50.7568Y2.5504
G01 X50.7744Y2.5675
G01 X50.8700Y2.6729
G01 X50.8852Y2.6922
G01 X50.9610Y2.7948
G01 X50.9743Y2.8155
G01 X51.0396Y2.9250
G01 X51.0508Y2.9469
G01 X51.1051Y3.0623
G01 X51.1141Y3.0852
G01 X51.1568Y3.2054
G01 X51.1635Y3.2290
G01 X51.1942Y3.3528
G01 X51.1986Y3.3770
G01 X51.2170Y3.5032
G01 X51.2190Y3.5277
G01 X51.2249Y3.6551
G01 X51.2245Y3.6796
G01 X51.2180Y3.8070
G01 X51.2151Y3.8314
G01 X51.1961Y3.9576
G01 X51.1909Y3.9815
G01 X51.1596Y4.1052
G01 X51.1521Y4.1286
G01 X51.1088Y4.2486
G01 X51.0991Y4.2711
G01 X51.0442Y4.3863
G01 X51.0323Y4.4077
G01 X50.9665Y4.5170
G01 X50.9525Y4.5372
G01 X50.8762Y4.6395
G01 X50.8603Y4.6582
G01 X50.7744Y4.7525
G01 X50.7568Y4.7696
G01 X50.6621Y4.8550
G01 X50.6428Y4.8702
G01 X50.5522Y4.9375
G01 X50.5195Y4.9593
G01 X50.4227Y5.0173
G01 X50.4013Y5.0292
G01 X50.2727Y5.0901
G01 X50.2498Y5.0991
G01 X50.1436Y5.1371
G01 X50.1060Y5.1485
G01 X49.9965Y5.1759
G01 X49.9726Y5.1811
G01 X49.8464Y5.2001
G01 X49.8073Y5.2040
G01 X49.6750Y5.2100
G01 X48.4050Y5.2100
G01 X48.2727Y5.2040
G01 X48.2336Y5.2001
G01 X48.1074Y5.1811
G01 X48.0835Y5.1759
G01 X47.9598Y5.1446
G01 X47.9364Y5.1371
G01 X47.8164Y5.0938
G01 X47.7939Y5.0841
G01 X47.6787Y5.0292
G01 X47.6573Y5.0173
G01 X47.5480Y4.9515
G01 X47.5278Y4.9375
G01 X47.4255Y4.8612
G01 X47.4068Y4.8453
G01 X47.3125Y4.7594
G01 X47.2954Y4.7418
G01 X47.2100Y4.6471
G01 X47.1948Y4.6278
G01 X47.1275Y4.5372
G01 X47.1057Y4.5045
G01 X47.0477Y4.4077
G01 X47.0358Y4.3863
G01 X46.9749Y4.2577
G01 X46.9659Y4.2348
G01 X46.9279Y4.1286
G01 X46.9165Y4.0910
G01 X46.8858Y3.9672
G01 X46.8814Y3.9430
G01 X46.8649Y3.8314
G01 X46.8610Y3.7923
G01 X46.8555Y3.6796
G01 X46.8553Y3.6453
G01 X46.8620Y3.5130
G01 X46.8649Y3.4886
G01 X46.8814Y3.3770
G01 X46.8891Y3.3385
G01 X46.9204Y3.2148
G01 X46.9279Y3.1914
G01 X46.9659Y3.0852
G01 X46.9809Y3.0489
G01 X47.0358Y2.9337
G01 X47.0477Y2.9123
G01 X47.1057Y2.8155
G01 X47.1275Y2.7828
G01 X47.1948Y2.6922
G01 X47.2100Y2.6729
G01 X47.3056Y2.5675
G01 X47.3232Y2.5504
G01 X47.4068Y2.4747
G01 X47.4372Y2.4498
G01 X47.5278Y2.3825
G01 X47.5480Y2.3685
G01 X47.6700Y2.2954
G01 X47.6919Y2.2842
G01 X47.7939Y2.2359
G01 X47.8302Y2.2209
G01 X47.9504Y2.1782
G01 X47.9740Y2.1715
G01 X48.0835Y2.1441
G01 X48.1220Y2.1364
G01 X48.2336Y2.1199
G01 X48.2580Y2.1170
G01 X48.3952Y2.1101
G00 Z20.0000
G00 X48.5909Y2.1100
G01 Z20.0000
G01 X48.9316Y0.7500
G01 X49.3434Y0.7500
G01 X49.0028Y2.1100
G01 X49.4146Y2.1100
G01 X49.7553Y0.7500
G01 X50.1672Y0.7500
G01 X49.8247Y2.1173
G00 Z20.0000
G00 X50.2138Y2.2080
G01 Z20.0000
G01 X50.5790Y0.7500
G01 X50.9909Y0.7500
G01 X50.5773Y2.4011
G00 Z20.0000
G00 X50.9084Y2.7234
G01 Z20.0000
G01 X51.4027Y0.7500
G01 X51.8146Y0.7500
G01 X51.2261Y3.0992
G01 X51.1908Y3.3378
G00 Z20.0000
G00 X51.0320Y4.4083
G01 Z20.0000
G01 X50.5763Y7.4804
G00 Z20.0000
G00 X50.2016Y7.2836
G01 Z20.0000
G01 X50.5493Y4.9396
G00 Z20.0000
G00 X50.1147Y5.1461
G01 Z20.0000
G01 X49.8106Y7.1962
G00 Z20.0000
G00 X49.4077Y7.1900
G01 Z20.0000
G01 X49.7015Y5.2092
G00 Z20.0000
G00 X49.2975Y5.2100
G01 Z20.0000
G01 X49.0038Y7.1900
G01 X48.5999Y7.1900
G01 X48.8936Y5.2100
G01 X48.4897Y5.2100
G01 X48.1937Y7.2058
G00 Z20.0000
G00 X48.3952Y7.1901
G01 Z20.0000
G01 X49.6824Y7.1901
G01 X49.8073Y7.1960
G01 X49.8318Y7.1980
G01 X49.9580Y7.2164
G01 X49.9918Y7.2230
G01 X50.1060Y7.2515
G01 X50.1296Y7.2582
G01 X50.2636Y7.3062
G01 X50.2861Y7.3159
G01 X50.4013Y7.3708
G01 X50.4227Y7.3827
G01 X50.5195Y7.4407
G01 X50.5522Y7.4625
G01 X50.6467Y7.5327
G01 X50.6732Y7.5547
G01 X50.7568Y7.6304
G01 X50.7744Y7.6475
G01 X50.8700Y7.7529
G01 X50.8852Y7.7722
G01 X50.9610Y7.8748
G01 X50.9743Y7.8955
G01 X51.0396Y8.0050
G01 X51.0508Y8.0269
G01 X51.1051Y8.1423
G01 X51.1141Y8.1652
G01 X51.1568Y8.2854
G01 X51.1635Y8.3090
G01 X51.1942Y8.4328
G01 X51.1986Y8.4570
G01 X51.2170Y8.5832
G01 X51.2190Y8.6077
G01 X51.2249Y8.7351
G01 X51.2245Y8.7596
G01 X51.2180Y8.8870
G01 X51.2151Y8.9114
G01 X51.1961Y9.0376
G01 X51.1909Y9.0615
G01 X51.1596Y9.1852
G01 X51.1521Y9.2086
G01 X51.1088Y9.3286
G01 X51.0991Y9.3511
G01 X51.0442Y9.4663
G01 X51.0323Y9.4877
G01 X50.9665Y9.5970
G01 X50.9525Y9.6172
G01 X50.8762Y9.7195
G01 X50.8603Y9.7382
G01 X50.7744Y9.8325
G01 X50.7568Y9.8496
G01 X50.6621Y9.9350
G01 X50.6428Y9.9502
G01 X50.5522Y10.0175
G01 X50.5195Y10.0393
G01 X50.4227Y10.0973
G01 X50.4013Y10.1092
G01 X50.2727Y10.1701
G01 X50.2498Y10.1791
G01 X50.1436Y10.2171
G01 X50.1060Y10.2285
G01 X49.9965Y10.2559
G01 X49.9726Y10.2611
G01 X49.8464Y10.2801
G01 X49.8073Y10.2840
G01 X49.6750Y10.2900
G01 X48.4050Y10.2900
G01 X48.2727Y10.2840
G01 X48.2336Y10.2801
G01 X48.1074Y10.2611
G01 X48.0835Y10.2559
G01 X47.9598Y10.2246
G01 X47.9364Y10.2171
G01 X47.8164Y10.1738
G01 X47.7939Y10.1641
G01 X47.6787Y10.1092
G01 X47.6573Y10.0973
G01 X47.5480Y10.0315
G01 X47.5278Y10.0175
G01 X47.4255Y9.9412
G01 X47.4068Y9.9253
G01 X47.3125Y9.8394
G01 X47.2954Y9.8218
G01 X47.2100Y9.7271
G01 X47.1948Y9.7078
G01 X47.1275Y9.6172
G01 X47.1057Y9.5845
G01 X47.0477Y9.4877
G01 X47.0358Y9.4663
G01 X46.9749Y9.3377
G01 X46.9659Y9.3148
G01 X46.9279Y9.2086
G01 X46.9165Y9.1710
G01 X46.8858Y9.0472
G01 X46.8814Y9.0230
G01 X46.8649Y8.9114
G01 X46.8610Y8.8723
G01 X46.8555Y8.7596
G01 X46.8553Y8.7253
G01 X46.8620Y8.5930
G01 X46.8649Y8.5686
G01 X46.8814Y8.4570
G01 X46.8891Y8.4185
G01 X46.9204Y8.2948
G01 X46.9279Y8.2714
G01 X46.9659Y8.1652
G01 X46.9809Y8.1289
G01 X47.0292Y8.0269
G01 X47.0404Y8.0050
G01 X47.1057Y7.8955
G01 X47.1275Y7.8628
G01 X47.1948Y7.7722
G01 X47.2100Y7.7529
G01 X47.3056Y7.6475
G01 X47.3232Y7.6304
G01 X47.4068Y7.5547
G01 X47.4372Y7.5298
G01 X47.5278Y7.4625
G01 X47.5480Y7.4485
G01 X47.6700Y7.3754
G01 X47.6919Y7.3642
G01 X47.7939Y7.3159
G01 X47.8302Y7.3009
G01 X47.9504Y7.2582
G01 X47.9740Y7.2515
G01 X48.0835Y7.2241
G01 X48.1220Y7.2164
G01 X48.2336Y7.1999
G01 X48.2580Y7.1970
G01 X48.3952Y7.1901
G00 Z20.0000
G00 X47.7719Y7.3264
G01 Z20.0000
G01 X48.0906Y5.1776
G00 Z20.0000
G00 X47.7067Y5.0428
G01 Z20.0000
G01 X47.3475Y7.4645
G01 X47.3401Y7.6151
G00 Z20.0000
G00 X46.9035Y8.3611
G01 Z20.0000
G01 X46.9494Y7.4253
G01 X47.3410Y4.7857
G00 Z20.0000
G00 X47.0057Y4.3234
G01 Z20.0000
G01 X46.5514Y7.3861
G01 X46.3000Y12.5026
G01 X46.5514Y17.6191
G01 X46.5562Y17.6517
G00 Z20.0000
G00 X46.9670Y17.6984
G01 Z20.0000
G01 X46.9494Y17.5799
G01 X46.7000Y12.5026
G01 X46.8735Y8.9699
G00 Z20.0000
G00 X47.2350Y9.7551
G01 Z20.0000
G01 X47.1000Y12.5026
G01 X47.3475Y17.5407
G01 X47.3994Y17.8904
G00 Z20.0000
G00 X47.8823Y18.4234
G01 Z20.0000
G01 X47.7456Y17.5014
G01 X47.5000Y12.5026
G01 X47.6193Y10.0745
G00 Z20.0000
G00 X48.0113Y10.2378
G01 Z20.0000
G01 X47.9000Y12.5026
G01 X48.1437Y17.4622
G01 X48.6000Y20.5387
G00 Z20.0000
G00 X48.6005Y20.2804
G01 Z20.0000
G01 X48.6031Y20.2510
G01 X48.6098Y20.2124
G01 X48.6203Y20.1746
G01 X48.6344Y20.1379
G01 X48.6521Y20.1029
G01 X48.6731Y20.0697
G01 X48.6972Y20.0388
G01 X48.7104Y20.0243
G01 X48.7388Y19.9972
G01 X48.7540Y19.9848
G01 X48.7861Y19.9622
G01 X48.8202Y19.9428
G01 X48.8561Y19.9269
G01 X48.8933Y19.9146
G01 X48.9316Y19.9060
G01 X48.9706Y19.9012
G01 X49.0000Y19.9000
G01 X52.1000Y19.9000
G01 X52.1294Y19.9012
G01 X52.1489Y19.9031
G01 X52.1876Y19.9098
G01 X52.2254Y19.9203
G01 X52.2620Y19.9344
G01 X52.2971Y19.9521
G01 X52.3139Y19.9622
G01 X52.3460Y19.9848
G01 X52.3612Y19.9972
G01 X52.3896Y20.0243
G01 X52.4028Y20.0388
G01 X52.4269Y20.0697
G01 X52.4378Y20.0861
G01 X52.4572Y20.1202
G01 X52.4656Y20.1379
G01 X52.4797Y20.1746
G01 X52.4854Y20.1933
G01 X52.4940Y20.2316
G01 X52.4988Y20.2706
G01 X52.5000Y20.3000
G01 X52.4999Y21.9049
G01 X52.4988Y21.9294
G01 X52.4969Y21.9490
G01 X52.4902Y21.9876
G01 X52.4797Y22.0254
G01 X52.4656Y22.0621
G01 X52.4572Y22.0798
G01 X52.4378Y22.1139
G01 X52.4152Y22.1460
G01 X52.4028Y22.1612
G01 X52.3896Y22.1757
G01 X52.3612Y22.2028
G01 X52.3303Y22.2269
G01 X52.3139Y22.2378
G01 X52.2798Y22.2572
G01 X52.2620Y22.2656
G01 X52.2254Y22.2797
G01 X52.2067Y22.2854
G01 X52.1684Y22.2940
G01 X52.1489Y22.2969
G01 X52.1147Y22.2997
G01 X49.0000Y22.3000
G01 X48.9706Y22.2988
G01 X48.9511Y22.2969
G01 X48.9124Y22.2902
G01 X48.8746Y22.2797
G01 X48.8380Y22.2656
G01 X48.8029Y22.2479
G01 X48.7861Y22.2378
G01 X48.7540Y22.2152
G01 X48.7388Y22.2028
G01 X48.7104Y22.1757
G01 X48.6848Y22.1460
G01 X48.6622Y22.1139
G01 X48.6521Y22.0971
G01 X48.6344Y22.0621
G01 X48.6203Y22.0254
G01 X48.6146Y22.0067
G01 X48.6060Y21.9684
G01 X48.6031Y21.9490
G01 X48.6012Y21.9294
G01 X48.6000Y21.9000
G01 X48.6005Y20.2804
G00 Z20.0000
G00 X48.9107Y19.9103
G01 Z20.0000
G01 X48.7807Y19.0343
G00 Z20.0000
G00 X49.1944Y19.1000
G01 Z20.0000
G01 X49.3130Y19.9000
G01 X49.7169Y19.9000
G01 X49.5983Y19.1000
G01 X50.0021Y19.1000
G01 X50.1208Y19.9000
G01 X50.5247Y19.9000
G01 X50.4060Y19.1000
G01 X50.8099Y19.1000
G01 X50.9286Y19.9000
G01 X51.3325Y19.9000
G01 X51.2138Y19.1000
G01 X51.6177Y19.1000
G01 X51.7364Y19.9000
G00 Z20.0000
G00 X52.1406Y19.9023
G01 Z20.0000
G01 X52.0216Y19.1000
G00 Z20.0000
G00 X52.4046Y18.9590
G01 Z20.0000
G01 X52.7954Y21.5938
G01 X53.4608Y24.2500
G01 X53.8726Y24.2500
G01 X53.1877Y21.5157
G01 X52.5225Y17.0310
G01 X52.4878Y16.3250
G00 Z20.0000
G00 X52.5206Y16.3248
G01 Z20.0000
G01 X51.5136Y16.3250
G01 X51.4862Y16.3238
G01 X51.4326Y16.3194
G01 X51.4054Y16.3154
G01 X51.3823Y16.3107
G01 X51.3301Y16.2979
G01 X51.3038Y16.2898
G01 X51.2818Y16.2815
G01 X51.2322Y16.2607
G01 X51.2076Y16.2485
G01 X51.1871Y16.2369
G01 X51.1413Y16.2086
G01 X51.1189Y16.1928
G01 X51.1035Y16.1806
G01 X51.0686Y16.1508
G01 X51.0512Y16.1349
G01 X51.0320Y16.1153
G01 X50.9944Y16.0715
G01 X50.9822Y16.0561
G01 X50.9621Y16.0270
G01 X50.9321Y15.9778
G01 X50.9193Y15.9534
G01 X50.9096Y15.9320
G01 X50.8892Y15.8822
G01 X50.8804Y15.8562
G01 X50.8741Y15.8335
G01 X50.8618Y15.7812
G01 X50.8571Y15.7541
G01 X50.8545Y15.7307
G01 X50.8502Y15.6692
G01 X50.8500Y14.3425
G01 X50.8512Y14.3112
G01 X50.8549Y14.2654
G01 X50.8571Y14.2459
G01 X50.8635Y14.2111
G01 X50.8751Y14.1627
G01 X50.8804Y14.1438
G01 X50.8892Y14.1178
G01 X50.9096Y14.0680
G01 X50.9193Y14.0466
G01 X50.9321Y14.0222
G01 X50.9621Y13.9730
G01 X50.9822Y13.9439
G01 X50.9969Y13.9255
G01 X51.0268Y13.8906
G01 X51.0401Y13.8762
G01 X51.0597Y13.8570
G01 X51.1035Y13.8194
G01 X51.1316Y13.7980
G01 X51.1480Y13.7871
G01 X51.1972Y13.7571
G01 X51.2216Y13.7443
G01 X51.2430Y13.7346
G01 X51.2927Y13.7142
G01 X51.3188Y13.7054
G01 X51.3415Y13.6991
G01 X51.3938Y13.6868
G01 X51.4209Y13.6821
G01 X51.4443Y13.6795
G01 X51.4979Y13.6755
G01 X52.5075Y13.6750
G01 X52.5349Y13.6760
G01 X52.5807Y13.6795
G01 X52.6196Y13.6846
G01 X52.6389Y13.6885
G01 X52.6835Y13.6991
G01 X52.7062Y13.7054
G01 X52.7323Y13.7142
G01 X52.7856Y13.7361
G01 X52.8174Y13.7515
G01 X52.8345Y13.7611
G01 X52.8837Y13.7914
G01 X52.9061Y13.8072
G01 X52.9215Y13.8194
G01 X52.9564Y13.8492
G01 X52.9738Y13.8651
G01 X52.9930Y13.8847
G01 X53.0306Y13.9285
G01 X53.0428Y13.9439
G01 X53.0629Y13.9730
G01 X53.0929Y14.0222
G01 X53.1057Y14.0466
G01 X53.1154Y14.0680
G01 X53.1358Y14.1178
G01 X53.1446Y14.1438
G01 X53.1509Y14.1665
G01 X53.1632Y14.2188
G01 X53.1679Y14.2459
G01 X53.1705Y14.2693
G01 X53.1748Y14.3308
G01 X53.1750Y15.6614
G01 X53.1738Y15.6888
G01 X53.1701Y15.7346
G01 X53.1679Y15.7541
G01 X53.1632Y15.7812
G01 X53.1499Y15.8373
G01 X53.1446Y15.8562
G01 X53.1358Y15.8822
G01 X53.1107Y15.9428
G01 X53.0929Y15.9778
G01 X53.0586Y16.0337
G01 X53.0356Y16.0654
G01 X53.0008Y16.1064
G01 X52.9849Y16.1238
G01 X52.9594Y16.1482
G01 X52.9154Y16.1856
G01 X52.8837Y16.2086
G01 X52.8379Y16.2369
G01 X52.8174Y16.2485
G01 X52.7856Y16.2639
G01 X52.7396Y16.2829
G01 X52.7212Y16.2898
G01 X52.6873Y16.2999
G01 X52.6389Y16.3115
G01 X52.6196Y16.3154
G01 X52.5846Y16.3201
G01 X52.5206Y16.3248
G00 Z20.0000
G00 X52.8821Y16.2096
G01 Z20.0000
G01 X52.9205Y16.9918
G01 X53.5800Y21.4377
G01 X54.2845Y24.2500
G01 X54.6963Y24.2500
G01 X53.9723Y21.3597
G01 X53.3186Y16.9526
G01 X53.1000Y12.5026
G01 X53.3186Y8.0526
G01 X53.9723Y3.6455
G01 X54.6976Y0.7500
G01 X54.2858Y0.7500
G01 X53.5800Y3.5674
G01 X52.9205Y8.0134
G01 X52.7000Y12.5026
G01 X52.7601Y13.7255
G00 Z20.0000
G00 X52.3576Y13.6750
G01 Z20.0000
G01 X52.3000Y12.5026
G01 X52.5225Y7.9742
G01 X53.1877Y3.4894
G01 X53.8739Y0.7500
G01 X53.4620Y0.7500
G01 X52.7954Y3.4114
G01 X52.1244Y7.9350
G01 X51.9000Y12.5026
G01 X51.9576Y13.6750
G01 X51.5576Y13.6750
G01 X51.5000Y12.5026
G01 X51.7263Y7.8958
G01 X52.4031Y3.3333
G01 X53.0502Y0.7500
G01 X52.6383Y0.7500
G01 X52.0108Y3.2553
G01 X51.3282Y7.8566
G01 X51.1000Y12.5026
G01 X51.1627Y13.7781
G00 Z20.0000
G00 X50.8500Y15.5559
G01 Z20.0000
G01 X50.7000Y12.5026
G01 X50.8344Y9.7668
G00 Z20.0000
G00 X50.4180Y10.1000
G01 Z20.0000
G01 X50.3000Y12.5026
G01 X50.5062Y16.7000
G01 X50.1062Y16.7000
G01 X49.9000Y12.5026
G01 X50.0105Y10.2524
G00 Z20.0000
G00 X49.6087Y10.2900
G01 Z20.0000
G01 X49.5000Y12.5026
G01 X49.7062Y16.7000
G01 X49.3062Y16.7000
G01 X49.1000Y12.5026
G01 X49.2087Y10.2900
G01 X48.8087Y10.2900
G01 X48.7000Y12.5026
G01 X48.9068Y16.7112
G00 Z20.0000
G00 X48.6005Y17.0804
G01 Z20.0000
G01 X48.6031Y17.0510
G01 X48.6098Y17.0124
G01 X48.6203Y16.9746
G01 X48.6344Y16.9379
G01 X48.6521Y16.9029
G01 X48.6731Y16.8697
G01 X48.6972Y16.8388
G01 X48.7104Y16.8243
G01 X48.7388Y16.7972
G01 X48.7540Y16.7848
G01 X48.7861Y16.7622
G01 X48.8202Y16.7428
G01 X48.8561Y16.7269
G01 X48.8933Y16.7146
G01 X48.9316Y16.7060
G01 X48.9706Y16.7012
G01 X49.0000Y16.7000
G01 X52.1000Y16.7000
G01 X52.1294Y16.7012
G01 X52.1489Y16.7031
G01 X52.1876Y16.7098
G01 X52.2254Y16.7203
G01 X52.2620Y16.7344
G01 X52.2971Y16.7521
G01 X52.3139Y16.7622
G01 X52.3460Y16.7848
G01 X52.3612Y16.7972
G01 X52.3896Y16.8243
G01 X52.4028Y16.8388
G01 X52.4269Y16.8697
G01 X52.4378Y16.8861
G01 X52.4572Y16.9202
G01 X52.4656Y16.9379
G01 X52.4797Y16.9746
G01 X52.4854Y16.9933
G01 X52.4940Y17.0316
G01 X52.4988Y17.0706
G01 X52.5000Y17.1000
G01 X52.4999Y18.7049
G01 X52.4988Y18.7294
G01 X52.4969Y18.7490
G01 X52.4902Y18.7876
G01 X52.4797Y18.8254
G01 X52.4656Y18.8621
G01 X52.4572Y18.8798
G01 X52.4378Y18.9139
G01 X52.4152Y18.9460
G01 X52.4028Y18.9612
G01 X52.3896Y18.9757
G01 X52.3612Y19.0028
G01 X52.3303Y19.0269
G01 X52.3139Y19.0378
G01 X52.2798Y19.0572
G01 X52.2620Y19.0656
G01 X52.2254Y19.0797
G01 X52.2067Y19.0854
G01 X52.1684Y19.0940
G01 X52.1489Y19.0969
G01 X52.1147Y19.0997
G01 X49.0000Y19.1000
G01 X48.9706Y19.0988
G01 X48.9511Y19.0969
G01 X48.9124Y19.0902
G01 X48.8746Y19.0797
G01 X48.8380Y19.0656
G01 X48.8029Y19.0479
G01 X48.7861Y19.0378
G01 X48.7540Y19.0152
G01 X48.7388Y19.0028
G01 X48.7104Y18.9757
G01 X48.6848Y18.9460
G01 X48.6622Y18.9139
G01 X48.6521Y18.8971
G01 X48.6344Y18.8621
G01 X48.6203Y18.8254
G01 X48.6146Y18.8067
G01 X48.6060Y18.7684
G01 X48.6031Y18.7490
G01 X48.6012Y18.7294
G01 X48.6000Y18.7000
G01 X48.6005Y17.0804
G00 Z20.0000
G00 X48.6000Y17.8159
G01 Z20.0000
G01 X48.5417Y17.4230
G01 X48.3000Y12.5026
G01 X48.4087Y10.2900
G00 Z20.0000
G00 X50.9295Y7.8318
G01 Z20.0000
G01 X50.9302Y7.8174
G01 X51.6185Y3.1773
G01 X52.2265Y0.7500
G01 X55.1095Y0.7500
G01 X54.3647Y3.7235
G01 X53.7167Y8.0918
G01 X53.5000Y12.5026
G01 X53.7167Y16.9133
G01 X54.3647Y21.2816
G01 X54.5000Y21.8219
G00 Z20.0000
G00 X54.5794Y22.1387
G01 Z20.0000
G01 X55.1082Y24.2500
G01 X55.5201Y24.2500
G01 X55.0316Y22.3000
G01 X55.4435Y22.3000
G01 X55.9319Y24.2500
G01 X56.3438Y24.2500
G01 X55.8553Y22.3000
G01 X56.2672Y22.3000
G01 X56.7556Y24.2500
G01 X57.1675Y24.2500
G01 X56.6791Y22.3000
G01 X57.0909Y22.3000
G01 X57.5794Y24.2500
G01 X57.9912Y24.2500
G01 X57.5028Y22.3000
G01 X57.9146Y22.3000
G01 X58.4031Y24.2500
G01 X58.8149Y24.2500
G01 X58.2941Y22.1708
G00 Z20.0000
G00 X58.4000Y20.9492
G01 Z20.0000
G01 X59.2268Y24.2500
G01 X59.6387Y24.2500
G01 X58.6801Y20.4232
G01 X58.4000Y18.5348
G00 Z20.0000
G00 X58.0787Y19.0919
G01 Z20.0000
G01 X58.2072Y19.9581
G00 Z20.0000
G00 X57.7947Y19.9000
G01 Z20.0000
G01 X57.6761Y19.1000
G01 X57.2722Y19.1000
G01 X57.3908Y19.9000
G01 X56.9869Y19.9000
G01 X56.8683Y19.1000
G01 X56.4644Y19.1000
G01 X56.5831Y19.9000
G01 X56.1792Y19.9000
G01 X56.0605Y19.1000
G01 X55.6566Y19.1000
G01 X55.7753Y19.9000
G01 X55.3714Y19.9000
G01 X55.2527Y19.1000
G00 Z20.0000
G00 X54.8483Y19.0965
G01 Z20.0000
G01 X54.9675Y19.9000
G00 Z20.0000
G00 X54.5862Y20.0522
G01 Z20.0000
G01 X54.1148Y16.8741
G01 X54.0808Y16.1824
G00 Z20.0000
G00 X54.4878Y16.3249
G01 Z20.0000
G01 X54.5128Y16.8349
G01 X54.5298Y16.9492
G00 Z20.0000
G00 X54.5005Y17.0804
G01 Z20.0000
G01 X54.5031Y17.0510
G01 X54.5098Y17.0124
G01 X54.5203Y16.9746
G01 X54.5344Y16.9379
G01 X54.5521Y16.9029
G01 X54.5731Y16.8697
G01 X54.5972Y16.8388
G01 X54.6104Y16.8243
G01 X54.6388Y16.7972
G01 X54.6540Y16.7848
G01 X54.6861Y16.7622
G01 X54.7202Y16.7428
G01 X54.7561Y16.7269
G01 X54.7933Y16.7146
G01 X54.8316Y16.7060
G01 X54.8706Y16.7012
G01 X54.9000Y16.7000
G01 X58.0000Y16.7000
G01 X58.0294Y16.7012
G01 X58.0489Y16.7031
G01 X58.0876Y16.7098
G01 X58.1254Y16.7203
G01 X58.1620Y16.7344
G01 X58.1971Y16.7521
G01 X58.2139Y16.7622
G01 X58.2460Y16.7848
G01 X58.2612Y16.7972
G01 X58.2896Y16.8243
G01 X58.3028Y16.8388
G01 X58.3269Y16.8697
G01 X58.3378Y16.8861
G01 X58.3572Y16.9202
G01 X58.3656Y16.9379
G01 X58.3797Y16.9746
G01 X58.3854Y16.9933
G01 X58.3940Y17.0316
G01 X58.3988Y17.0706
G01 X58.4000Y17.1000
G01 X58.3999Y18.7049
G01 X58.3988Y18.7294
G01 X58.3969Y18.7490
G01 X58.3902Y18.7876
G01 X58.3797Y18.8254
G01 X58.3656Y18.8621
G01 X58.3572Y18.8798
G01 X58.3378Y18.9139
G01 X58.3152Y18.9460
G01 X58.3028Y18.9612
G01 X58.2896Y18.9757
G01 X58.2612Y19.0028
G01 X58.2303Y19.0269
G01 X58.2139Y19.0378
G01 X58.1798Y19.0572
G01 X58.1620Y19.0656
G01 X58.1254Y19.0797
G01 X58.1067Y19.0854
G01 X58.0684Y19.0940
G01 X58.0489Y19.0969
G01 X58.0147Y19.0997
G01 X54.9000Y19.1000
G01 X54.8706Y19.0988
G01 X54.8511Y19.0969
G01 X54.8124Y19.0902
G01 X54.7746Y19.0797
G01 X54.7380Y19.0656
G01 X54.7029Y19.0479
G01 X54.6861Y19.0378
G01 X54.6540Y19.0152
G01 X54.6388Y19.0028
G01 X54.6104Y18.9757
G01 X54.5848Y18.9460
G01 X54.5622Y18.9139
G01 X54.5521Y18.8971
G01 X54.5344Y18.8621
G01 X54.5203Y18.8254
G01 X54.5146Y18.8067
G01 X54.5060Y18.7684
G01 X54.5031Y18.7490
G01 X54.5012Y18.7294
G01 X54.5000Y18.7000
G01 X54.5005Y17.0804
G00 Z20.0000
G00 X54.9062Y16.7000
G01 Z20.0000
G01 X54.8878Y16.3250
G01 X55.2878Y16.3250
G01 X55.3062Y16.7000
G01 X55.7062Y16.7000
G01 X55.6862Y16.2930
G00 Z20.0000
G00 X55.4956Y16.3248
G01 Z20.0000
G01 X54.4886Y16.3250
G01 X54.4612Y16.3238
G01 X54.4076Y16.3194
G01 X54.3804Y16.3154
G01 X54.3573Y16.3107
G01 X54.3051Y16.2979
G01 X54.2788Y16.2898
G01 X54.2568Y16.2815
G01 X54.2072Y16.2607
G01 X54.1826Y16.2485
G01 X54.1621Y16.2369
G01 X54.1163Y16.2086
G01 X54.0939Y16.1928
G01 X54.0785Y16.1806
G01 X54.0436Y16.1508
G01 X54.0262Y16.1349
G01 X54.0070Y16.1153
G01 X53.9694Y16.0715
G01 X53.9572Y16.0561
G01 X53.9371Y16.0270
G01 X53.9071Y15.9778
G01 X53.8943Y15.9534
G01 X53.8846Y15.9320
G01 X53.8642Y15.8822
G01 X53.8554Y15.8562
G01 X53.8491Y15.8335
G01 X53.8368Y15.7812
G01 X53.8321Y15.7541
G01 X53.8295Y15.7307
G01 X53.8252Y15.6692
G01 X53.8250Y14.3425
G01 X53.8262Y14.3112
G01 X53.8299Y14.2654
G01 X53.8321Y14.2459
G01 X53.8385Y14.2111
G01 X53.8501Y14.1627
G01 X53.8554Y14.1438
G01 X53.8642Y14.1178
G01 X53.8846Y14.0680
G01 X53.8943Y14.0466
G01 X53.9071Y14.0222
G01 X53.9371Y13.9730
G01 X53.9572Y13.9439
G01 X53.9719Y13.9255
G01 X54.0018Y13.8906
G01 X54.0151Y13.8762
G01 X54.0347Y13.8570
G01 X54.0785Y13.8194
G01 X54.1066Y13.7980
G01 X54.1230Y13.7871
G01 X54.1722Y13.7571
G01 X54.1966Y13.7443
G01 X54.2180Y13.7346
G01 X54.2677Y13.7142
G01 X54.2938Y13.7054
G01 X54.3165Y13.6991
G01 X54.3688Y13.6868
G01 X54.3959Y13.6821
G01 X54.4193Y13.6795
G01 X54.4729Y13.6755
G01 X55.4825Y13.6750
G01 X55.5099Y13.6760
G01 X55.5557Y13.6795
G01 X55.5946Y13.6846
G01 X55.6139Y13.6885
G01 X55.6585Y13.6991
G01 X55.6812Y13.7054
G01 X55.7073Y13.7142
G01 X55.7606Y13.7361
G01 X55.7924Y13.7515
G01 X55.8095Y13.7611
G01 X55.8587Y13.7914
G01 X55.8811Y13.8072
G01 X55.8965Y13.8194
G01 X55.9314Y13.8492
G01 X55.9488Y13.8651
G01 X55.9680Y13.8847
G01 X56.0056Y13.9285
G01 X56.0178Y13.9439
G01 X56.0379Y13.9730
G01 X56.0679Y14.0222
G01 X56.0807Y14.0466
G01 X56.0904Y14.0680
G01 X56.1108Y14.1178
G01 X56.1196Y14.1438
G01 X56.1259Y14.1665
G01 X56.1382Y14.2188
G01 X56.1429Y14.2459
G01 X56.1455Y14.2693
G01 X56.1498Y14.3308
G01 X56.1500Y15.6614
G01 X56.1488Y15.6888
G01 X56.1451Y15.7346
G01 X56.1429Y15.7541
G01 X56.1382Y15.7812
G01 X56.1249Y15.8373
G01 X56.1196Y15.8562
G01 X56.1108Y15.8822
G01 X56.0857Y15.9428
G01 X56.0679Y15.9778
G01 X56.0336Y16.0337
G01 X56.0106Y16.0654
G01 X55.9758Y16.1064
G01 X55.9599Y16.1238
G01 X55.9344Y16.1482
G01 X55.8904Y16.1856
G01 X55.8587Y16.2086
G01 X55.8129Y16.2369
G01 X55.7924Y16.2485
G01 X55.7606Y16.2639
G01 X55.7146Y16.2829
G01 X55.6962Y16.2898
G01 X55.6623Y16.2999
G01 X55.6139Y16.3115
G01 X55.5946Y16.3154
G01 X55.5596Y16.3201
G01 X55.4956Y16.3248
G00 Z20.0000
G00 X56.0705Y15.9730
G01 Z20.0000
G01 X56.1051Y16.6781
G01 X56.1084Y16.7000
G01 X56.5123Y16.7000
G01 X56.5032Y16.6389
G01 X56.3000Y12.5026
G01 X56.4230Y9.9991
G00 Z20.0000
G00 X56.8130Y10.2016
G01 Z20.0000
G01 X56.7000Y12.5026
G01 X56.9013Y16.5997
G01 X56.9162Y16.7000
G01 X57.3200Y16.7000
G01 X57.2994Y16.5605
G01 X57.1000Y12.5026
G01 X57.2090Y10.2848
G00 Z20.0000
G00 X57.6087Y10.2900
G01 Z20.0000
G01 X57.5000Y12.5026
G01 X57.6974Y16.5213
G01 X57.7239Y16.7000
G00 Z20.0000
G00 X58.1311Y16.7223
G01 Z20.0000
G01 X58.0955Y16.4821
G01 X57.9000Y12.5026
G01 X58.0087Y10.2900
G01 X58.4087Y10.2900
G01 X58.3000Y12.5026
G01 X58.4936Y16.4429
G01 X59.0724Y20.3452
G01 X60.0310Y24.1720
G01 X60.0589Y24.2500
G01 X60.4832Y24.2500
G01 X60.4138Y24.0559
G01 X59.4647Y20.2672
G01 X58.8916Y16.4037
G01 X58.7000Y12.5026
G01 X58.8095Y10.2737
G00 Z20.0000
G00 X59.2151Y10.1598
G01 Z20.0000
G01 X59.1000Y12.5026
G01 X59.2897Y16.3645
G01 X59.8571Y20.1891
G01 X60.7966Y23.9398
G01 X60.9075Y24.2500
G01 X61.3319Y24.2500
G01 X61.1793Y23.8237
G01 X60.2494Y20.1111
G01 X59.6878Y16.3252
G01 X59.5000Y12.5026
G01 X59.6282Y9.8936
G00 Z20.0000
G00 X60.0602Y9.2419
G01 Z20.0000
G01 X59.9000Y12.5026
G01 X60.0859Y16.2860
G01 X60.6417Y20.0331
G01 X61.5621Y23.7076
G01 X61.7562Y24.2500
G01 X62.1805Y24.2500
G01 X61.9449Y23.5914
G01 X61.0340Y19.9550
G01 X60.4839Y16.2468
G01 X60.3000Y12.5026
G01 X60.4839Y8.7583
G01 X61.0340Y5.0501
G01 X61.9449Y1.4137
G01 X62.1824Y0.7500
G01 X61.7580Y0.7500
G01 X61.5621Y1.2976
G01 X60.6417Y4.9721
G01 X60.1217Y8.4778
G00 Z20.0000
G00 X59.8196Y7.7915
G01 Z20.0000
G01 X60.2494Y4.8941
G01 X61.1793Y1.1815
G01 X61.3337Y0.7500
G01 X60.9094Y0.7500
G01 X60.7966Y1.0654
G01 X60.1449Y3.6669
G00 Z20.0000
G00 X59.9651Y4.3845
G01 Z20.0000
G01 X59.8571Y4.8160
G01 X59.4652Y7.4576
G00 Z20.0000
G00 X59.0889Y7.2719
G01 Z20.0000
G01 X59.4312Y4.9643
G00 Z20.0000
G00 X58.9990Y5.1553
G01 Z20.0000
G01 X58.6965Y7.1945
G00 Z20.0000
G00 X58.2932Y7.1900
G01 Z20.0000
G01 X58.5869Y5.2100
G01 X58.1831Y5.2100
G01 X57.8894Y7.1900
G01 X57.4855Y7.1900
G01 X57.7792Y5.2100
G01 X57.3753Y5.2100
G01 X57.0785Y7.2110
G00 Z20.0000
G00 X57.3152Y7.1901
G01 Z20.0000
G01 X58.6024Y7.1901
G01 X58.7273Y7.1960
G01 X58.7518Y7.1980
G01 X58.8780Y7.2164
G01 X58.9118Y7.2230
G01 X59.0260Y7.2515
G01 X59.0496Y7.2582
G01 X59.1836Y7.3062
G01 X59.2061Y7.3159
G01 X59.3213Y7.3708
G01 X59.3427Y7.3827
G01 X59.4395Y7.4407
G01 X59.4722Y7.4625
G01 X59.5667Y7.5327
G01 X59.5932Y7.5547
G01 X59.6768Y7.6304
G01 X59.6944Y7.6475
G01 X59.7900Y7.7529
G01 X59.8052Y7.7722
G01 X59.8810Y7.8748
G01 X59.8943Y7.8955
G01 X59.9596Y8.0050
G01 X59.9708Y8.0269
G01 X60.0251Y8.1423
G01 X60.0341Y8.1652
G01 X60.0768Y8.2854
G01 X60.0835Y8.3090
G01 X60.1142Y8.4328
G01 X60.1186Y8.4570
G01 X60.1370Y8.5832
G01 X60.1390Y8.6077
G01 X60.1449Y8.7351
G01 X60.1445Y8.7596
G01 X60.1380Y8.8870
G01 X60.1351Y8.9114
G01 X60.1161Y9.0376
G01 X60.1109Y9.0615
G01 X60.0796Y9.1852
G01 X60.0721Y9.2086
G01 X60.0288Y9.3286
G01 X60.0191Y9.3511
G01 X59.9642Y9.4663
G01 X59.9523Y9.4877
G01 X59.8865Y9.5970
G01 X59.8725Y9.6172
G01 X59.7962Y9.7195
G01 X59.7803Y9.7382
G01 X59.6944Y9.8325
G01 X59.6768Y9.8496
G01 X59.5821Y9.9350
G01 X59.5628Y9.9502
G01 X59.4722Y10.0175
G01 X59.4395Y10.0393
G01 X59.3427Y10.0973
G01 X59.3213Y10.1092
G01 X59.1927Y10.1701
G01 X59.1698Y10.1791
G01 X59.0636Y10.2171
G01 X59.0260Y10.2285
G01 X58.9165Y10.2559
G01 X58.8926Y10.2611
G01 X58.7664Y10.2801
G01 X58.7273Y10.2840
G01 X58.5950Y10.2900
G01 X57.3250Y10.2900
G01 X57.1927Y10.2840
G01 X57.1536Y10.2801
G01 X57.0274Y10.2611
G01 X57.0035Y10.2559
G01 X56.8798Y10.2246
G01 X56.8564Y10.2171
G01 X56.7364Y10.1738
G01 X56.7139Y10.1641
G01 X56.5987Y10.1092
G01 X56.5773Y10.0973
G01 X56.4680Y10.0315
G01 X56.4478Y10.0175
G01 X56.3455Y9.9412
G01 X56.3268Y9.9253
G01 X56.2325Y9.8394
G01 X56.2154Y9.8218
G01 X56.1300Y9.7271
G01 X56.1148Y9.7078
G01 X56.0475Y9.6172
G01 X56.0257Y9.5845
G01 X55.9677Y9.4877
G01 X55.9558Y9.4663
G01 X55.8949Y9.3377
G01 X55.8859Y9.3148
G01 X55.8479Y9.2086
G01 X55.8365Y9.1710
G01 X55.8058Y9.0472
G01 X55.8014Y9.0230
G01 X55.7849Y8.9114
G01 X55.7810Y8.8723
G01 X55.7755Y8.7596
G01 X55.7753Y8.7253
G01 X55.7820Y8.5930
G01 X55.7849Y8.5686
G01 X55.8014Y8.4570
G01 X55.8091Y8.4185
G01 X55.8404Y8.2948
G01 X55.8479Y8.2714
G01 X55.8859Y8.1652
G01 X55.9009Y8.1289
G01 X55.9492Y8.0269
G01 X55.9604Y8.0050
G01 X56.0257Y7.8955
G01 X56.0475Y7.8628
G01 X56.1148Y7.7722
G01 X56.1300Y7.7529
G01 X56.2256Y7.6475
G01 X56.2432Y7.6304
G01 X56.3268Y7.5547
G01 X56.3572Y7.5298
G01 X56.4478Y7.4625
G01 X56.4680Y7.4485
G01 X56.5900Y7.3754
G01 X56.6119Y7.3642
G01 X56.7139Y7.3159
G01 X56.7502Y7.3009
G01 X56.8704Y7.2582
G01 X56.8940Y7.2515
G01 X57.0035Y7.2241
G01 X57.0420Y7.2164
G01 X57.1536Y7.1999
G01 X57.1780Y7.1970
G01 X57.3152Y7.1901
G00 Z20.0000
G00 X56.6549Y7.3439
G01 Z20.0000
G01 X56.9774Y5.1694
G00 Z20.0000
G00 X56.5946Y5.0271
G01 Z20.0000
G01 X56.2022Y7.6729
G00 Z20.0000
G00 X56.0421Y9.6096
G01 Z20.0000
G01 X55.9000Y12.5026
G01 X55.9679Y13.8846
G00 Z20.0000
G00 X55.5578Y13.6797
G01 Z20.0000
G01 X55.5000Y12.5026
G01 X55.7071Y8.2878
G01 X56.2307Y4.7577
G00 Z20.0000
G00 X55.8995Y4.2679
G01 Z20.0000
G01 X55.3090Y8.2486
G01 X55.1000Y12.5026
G01 X55.1576Y13.6750
G01 X54.7576Y13.6750
G01 X54.7000Y12.5026
G01 X54.9109Y8.2094
G01 X55.5416Y3.9576
G01 X56.3451Y0.7500
G01 X56.7569Y0.7500
G01 X56.3244Y2.4769
G00 Z20.0000
G00 X56.8053Y2.2012
G01 Z20.0000
G01 X57.1688Y0.7500
G01 X57.5807Y0.7500
G01 X57.2391Y2.1137
G00 Z20.0000
G00 X57.3152Y2.1101
G01 Z20.0000
G01 X58.6024Y2.1101
G01 X58.7273Y2.1160
G01 X58.7518Y2.1180
G01 X58.8780Y2.1364
G01 X58.9118Y2.1430
G01 X59.0260Y2.1715
G01 X59.0496Y2.1782
G01 X59.1836Y2.2262
G01 X59.2061Y2.2359
G01 X59.3213Y2.2908
G01 X59.3427Y2.3027
G01 X59.4395Y2.3607
G01 X59.4722Y2.3825
G01 X59.5667Y2.4527
G01 X59.5932Y2.4747
G01 X59.6768Y2.5504
G01 X59.6944Y2.5675
G01 X59.7900Y2.6729
G01 X59.8052Y2.6922
G01 X59.8810Y2.7948
G01 X59.8943Y2.8155
G01 X59.9596Y2.9250
G01 X59.9708Y2.9469
G01 X60.0251Y3.0623
G01 X60.0341Y3.0852
G01 X60.0768Y3.2054
G01 X60.0835Y3.2290
G01 X60.1142Y3.3528
G01 X60.1186Y3.3770
G01 X60.1370Y3.5032
G01 X60.1390Y3.5277
G01 X60.1449Y3.6551
G01 X60.1445Y3.6796
G01 X60.1380Y3.8070
G01 X60.1351Y3.8314
G01 X60.1161Y3.9576
G01 X60.1109Y3.9815
G01 X60.0796Y4.1052
G01 X60.0721Y4.1286
G01 X60.0288Y4.2486
G01 X60.0191Y4.2711
G01 X59.9642Y4.3863
G01 X59.9523Y4.4077
G01 X59.8865Y4.5170
G01 X59.8725Y4.5372
G01 X59.7962Y4.6395
G01 X59.7803Y4.6582
G01 X59.6944Y4.7525
G01 X59.6768Y4.7696
G01 X59.5821Y4.8550
G01 X59.5628Y4.8702
G01 X59.4722Y4.9375
G01 X59.4395Y4.9593
G01 X59.3427Y5.0173
G01 X59.3213Y5.0292
G01 X59.1927Y5.0901
G01 X59.1698Y5.0991
G01 X59.0636Y5.1371
G01 X59.0260Y5.1485
G01 X58.9165Y5.1759
G01 X58.8926Y5.1811
G01 X58.7664Y5.2001
G01 X58.7273Y5.2040
G01 X58.5950Y5.2100
G01 X57.3250Y5.2100
G01 X57.1927Y5.2040
G01 X57.1536Y5.2001
G01 X57.0274Y5.1811
G01 X57.0035Y5.1759
G01 X56.8798Y5.1446
G01 X56.8564Y5.1371
G01 X56.7364Y5.0938
G01 X56.7139Y5.0841
G01 X56.5987Y5.0292
G01 X56.5773Y5.0173
G01 X56.4680Y4.9515
G01 X56.4478Y4.9375
G01 X56.3455Y4.8612
G01 X56.3268Y4.8453
G01 X56.2325Y4.7594
G01 X56.2154Y4.7418
G01 X56.1300Y4.6471
G01 X56.1148Y4.6278
G01 X56.0475Y4.5372
G01 X56.0257Y4.5045
G01 X55.9677Y4.4077
G01 X55.9558Y4.3863
G01 X55.8949Y4.2577
G01 X55.8859Y4.2348
G01 X55.8479Y4.1286
G01 X55.8365Y4.0910
G01 X55.8058Y3.9672
G01 X55.8014Y3.9430
G01 X55.7849Y3.8314
G01 X55.7810Y3.7923
G01 X55.7755Y3.6796
G01 X55.7753Y3.6453
G01 X55.7820Y3.5130
G01 X55.7849Y3.4886
G01 X55.8014Y3.3770
G01 X55.8091Y3.3385
G01 X55.8404Y3.2148
G01 X55.8479Y3.1914
G01 X55.8859Y3.0852
G01 X55.9009Y3.0489
G01 X55.9558Y2.9337
G01 X55.9677Y2.9123
G01 X56.0257Y2.8155
G01 X56.0475Y2.7828
G01 X56.1148Y2.6922
G01 X56.1300Y2.6729
G01 X56.2256Y2.5675
G01 X56.2432Y2.5504
G01 X56.3268Y2.4747
G01 X56.3572Y2.4498
G01 X56.4478Y2.3825
G01 X56.4680Y2.3685
G01 X56.5900Y2.2954
G01 X56.6119Y2.2842
G01 X56.7139Y2.2359
G01 X56.7502Y2.2209
G01 X56.8704Y2.1782
G01 X56.8940Y2.1715
G01 X57.0035Y2.1441
G01 X57.0420Y2.1364
G01 X57.1536Y2.1199
G01 X57.1780Y2.1170
G01 X57.3152Y2.1101
G00 Z20.0000
G00 X57.6519Y2.1100
G01 Z20.0000
G01 X57.9925Y0.7500
G01 X58.4044Y0.7500
G01 X58.0637Y2.1100
G01 X58.4756Y2.1100
G01 X58.8162Y0.7500
G01 X59.2281Y0.7500
G01 X58.8807Y2.1369
G00 Z20.0000
G00 X59.2612Y2.2620
G01 Z20.0000
G01 X59.6400Y0.7500
G01 X60.0607Y0.7500
G01 X60.0310Y0.8331
G01 X59.6149Y2.4943
G00 Z20.0000
G00 X59.9310Y2.8767
G01 Z20.0000
G01 X60.4138Y0.9492
G01 X60.4851Y0.7500
G01 X62.6067Y0.7500
G01 X62.3277Y1.5298
G01 X61.4263Y5.1282
G01 X60.8820Y8.7975
G01 X60.7000Y12.5026
G01 X60.8820Y16.2076
G01 X61.4263Y19.8770
G01 X62.3277Y23.4753
G01 X62.6048Y24.2500
G01 X63.0292Y24.2500
G01 X62.7104Y23.3592
G01 X61.8186Y19.7990
G01 X61.2801Y16.1684
G01 X61.1000Y12.5026
G01 X61.2801Y8.8367
G01 X61.8186Y5.2062
G01 X62.7104Y1.6459
G01 X63.0310Y0.7500
G01 X63.4553Y0.7500
G01 X63.0932Y1.7620
G01 X62.2109Y5.2842
G01 X61.6782Y8.8759
G01 X61.5000Y12.5026
G01 X61.6782Y16.1292
G01 X62.2109Y19.7209
G01 X63.0932Y23.2431
G01 X63.4535Y24.2500
G01 X63.8778Y24.2500
G01 X63.4760Y23.1270
G01 X62.6033Y19.6429
G01 X62.0762Y16.0900
G01 X61.9000Y12.5026
G01 X62.0762Y8.9151
G01 X62.6033Y5.3623
G01 X63.4760Y1.8782
G01 X63.8796Y0.7500
G01 X64.3040Y0.7500
G01 X63.8588Y1.9943
G01 X62.9956Y5.4403
G01 X62.4743Y8.9544
G01 X62.3000Y12.5026
G01 X62.4743Y16.0508
G01 X62.9956Y19.5648
G01 X63.8588Y23.0109
G01 X64.3021Y24.2500
G01 X64.7264Y24.2500
G01 X64.2415Y22.8948
G01 X63.3879Y19.4868
G01 X62.8724Y16.0116
G01 X62.7000Y12.5026
G01 X62.8724Y8.9936
G01 X63.3879Y5.5183
G01 X64.2415Y2.1104
G01 X64.7283Y0.7500
G00 Z20.0000
G00 X65.1526Y0.7500
G01 Z20.0000
G01 X64.6243Y2.2265
G01 X63.7802Y5.5964
G01 X63.2705Y9.0328
G01 X63.1000Y12.5026
G01 X63.2705Y15.9724
G01 X63.7802Y19.4088
G01 X64.6243Y22.7787
G01 X65.1508Y24.2500
G01 X65.5751Y24.2500
G01 X65.0071Y22.6625
G01 X64.1725Y19.3307
G01 X63.6685Y15.9332
G01 X63.5000Y12.5026
G01 X63.6685Y9.0720
G01 X64.1725Y5.6744
G01 X65.0071Y2.3426
G01 X65.5769Y0.7500
G01 X66.0013Y0.7500
G01 X65.3899Y2.4587
G01 X64.5648Y5.7524
G01 X64.0666Y9.1112
G01 X63.9000Y12.5026
G01 X64.0666Y15.8940
G01 X64.5648Y19.2527
G01 X65.3899Y22.5464
G01 X65.9994Y24.2500
G01 X66.4237Y24.2500
G01 X65.7726Y22.4303
G01 X64.9571Y19.1747
G01 X64.4647Y15.8548
G01 X64.3000Y12.5026
G01 X64.4647Y9.1504
G01 X64.9571Y5.8305
G01 X65.7726Y2.5748
G01 X66.4256Y0.7500
G01 X66.8499Y0.7500
G01 X66.1554Y2.6910
G01 X65.3495Y5.9085
G01 X64.8628Y9.1896
G01 X64.7000Y12.5026
G01 X64.8628Y15.8156
G01 X65.3495Y19.0966
G01 X66.1554Y22.3142
G01 X66.8481Y24.2500
G01 X67.2724Y24.2500
G01 X66.5382Y22.1981
G01 X65.7418Y19.0186
G01 X65.2608Y15.7763
G01 X65.1000Y12.5026
G01 X65.2608Y9.2288
G01 X65.7418Y5.9866
G01 X66.5382Y2.8071
G01 X67.2742Y0.7500
G01 X67.6985Y0.7500
G01 X66.9210Y2.9232
G01 X66.1341Y6.0646
G01 X65.6589Y9.2680
G01 X65.5000Y12.5026
G01 X65.6589Y15.7371
G01 X66.1341Y18.9406
G01 X66.9210Y22.0820
G01 X67.6967Y24.2500
G01 X68.1210Y24.2500
G01 X67.3037Y21.9659
G01 X66.5264Y18.8625
G01 X66.0570Y15.6979
G01 X65.9000Y12.5026
G01 X66.0570Y9.3072
G01 X66.5264Y6.1426
G01 X67.3037Y3.0393
G01 X68.1229Y0.7500
G00 Z20.0000
G00 X68.5472Y0.7500
G01 Z20.0000
G01 X67.6865Y3.1554
G01 X66.9187Y6.2207
G01 X66.4551Y9.3464
G01 X66.3000Y12.5026
G01 X66.4551Y15.6587
G01 X66.9187Y18.7845
G01 X67.6865Y21.8497
G01 X68.5453Y24.2500
G01 X68.9697Y24.2500
G01 X68.0693Y21.7336
G01 X67.3110Y18.7064
G01 X66.8531Y15.6195
G01 X66.7000Y12.5026
G01 X66.8531Y9.3856
G01 X67.3110Y6.2987
G01 X68.0693Y3.2715
G01 X68.9715Y0.7500
G01 X69.3958Y0.7500
G01 X68.4521Y3.3876
G01 X67.7033Y6.3767
G01 X67.2512Y9.4248
G01 X67.1000Y12.5026
G01 X67.2512Y15.5803
G01 X67.7033Y18.6284
G01 X68.4521Y21.6175
G01 X69.3940Y24.2500
G01 X69.8183Y24.2500
G01 X68.8348Y21.5014
G01 X68.0957Y18.5504
G01 X67.6493Y15.5411
G01 X67.5000Y12.5026
G01 X67.6493Y9.4640
G01 X68.0957Y6.4548
G01 X68.8348Y3.5037
G01 X69.8202Y0.7500
G00 Z20.0000
G00 X70.2494Y0.7500
G01 Z20.0000
G01 X70.2293Y0.7925
G01 X69.2176Y3.6199
G01 X68.4880Y6.5328
G01 X68.0473Y9.5033
G01 X67.9000Y12.5026
G01 X68.0473Y15.5019
G01 X68.4880Y18.4723
G01 X69.2176Y21.3853
G01 X70.2293Y24.2127
G01 X70.2469Y24.2500
G01 X70.6889Y24.2500
G01 X70.5988Y24.0596
G01 X69.6004Y21.2692
G01 X68.8803Y18.3943
G01 X68.4454Y15.4627
G01 X68.3000Y12.5026
G01 X68.4454Y9.5425
G01 X68.8803Y6.6108
G01 X69.6004Y3.7360
G01 X70.5988Y0.9455
G01 X70.6913Y0.7500
G01 X71.1333Y0.7500
G01 X70.9684Y1.0986
G01 X69.9832Y3.8521
G01 X69.2726Y6.6889
G01 X68.8435Y9.5817
G01 X68.7000Y12.5026
G01 X68.8435Y15.4235
G01 X69.2726Y18.3163
G01 X69.9832Y21.1531
G01 X70.9684Y23.9065
G01 X71.1308Y24.2500
G01 X71.5728Y24.2500
G01 X71.3379Y23.7535
G01 X70.3660Y21.0369
G01 X69.6649Y18.2382
G01 X69.2416Y15.3843
G01 X69.1000Y12.5026
G01 X69.2416Y9.6209
G01 X69.6649Y6.7669
G01 X70.3660Y3.9682
G01 X71.3379Y1.2517
G01 X71.5752Y0.7500
G01 X72.0172Y0.7500
G01 X71.7075Y1.4048
G01 X70.7487Y4.0843
G01 X70.0572Y6.8450
G01 X69.6396Y9.6601
G01 X69.5000Y12.5026
G01 X69.6396Y15.3451
G01 X70.0572Y18.1602
G01 X70.7487Y20.9208
G01 X71.7075Y23.6004
G01 X72.0147Y24.2500
G01 X72.4567Y24.2500
G01 X72.0770Y23.4473
G01 X71.1315Y20.8047
G01 X70.4495Y18.0822
G01 X70.0377Y15.3059
G01 X69.9000Y12.5026
G01 X70.0377Y9.6993
G01 X70.4495Y6.9230
G01 X71.1315Y4.2004
G01 X72.0770Y1.5578
G01 X72.4591Y0.7500
G01 X72.9011Y0.7500
G01 X72.4466Y1.7109
G01 X71.5143Y4.3165
G01 X70.8419Y7.0010
G01 X70.4358Y9.7385
G01 X70.3000Y12.5026
G01 X70.4358Y15.2667
G01 X70.8419Y18.0041
G01 X71.5143Y20.6886
G01 X72.4466Y23.2942
G01 X72.8986Y24.2500
G01 X73.3406Y24.2500
G01 X72.8161Y23.1412
G01 X71.8971Y20.5725
G01 X71.2342Y17.9261
G01 X70.8339Y15.2275
G01 X70.7000Y12.5026
G01 X70.8339Y9.7777
G01 X71.2342Y7.0791
G01 X71.8971Y4.4327
G01 X72.8161Y1.8640
G01 X73.3430Y0.7500
G00 Z20.0000
G00 X73.7850Y0.7500
G01 Z20.0000
G01 X73.1857Y2.0170
G01 X72.2798Y4.5488
G01 X71.6265Y7.1571
G01 X71.2319Y9.8169
G01 X71.1000Y12.5026
G01 X71.2319Y15.1882
G01 X71.6265Y17.8480
G01 X72.2798Y20.4564
G01 X73.1857Y22.9881
G01 X73.7825Y24.2500
G01 X74.2245Y24.2500
G01 X73.5553Y22.8350
G01 X72.6626Y20.3403
G01 X72.0188Y17.7700
G01 X71.6300Y15.1490
G01 X71.5000Y12.5026
G01 X71.6300Y9.8561
G01 X72.0188Y7.2351
G01 X72.6626Y4.6649
G01 X73.5553Y2.1701
G01 X74.2269Y0.7500
G01 X74.6689Y0.7500
G01 X73.9248Y2.3232
G01 X73.0454Y4.7810
G01 X72.4111Y7.3132
G01 X72.0281Y9.8953
G01 X71.9000Y12.5026
G01 X72.0281Y15.1098
G01 X72.4111Y17.6920
G01 X73.0454Y20.2241
G01 X73.9248Y22.6820
G01 X74.6664Y24.2500
G01 X75.1084Y24.2500
G01 X74.2944Y22.5289
G01 X73.4282Y20.1080
G01 X72.8034Y17.6139
G01 X72.4262Y15.0706
G01 X72.3000Y12.5026
G01 X72.4262Y9.9345
G01 X72.8034Y7.3912
G01 X73.4282Y4.8971
G01 X74.2944Y2.4763
G01 X75.1108Y0.7500
G01 X75.5528Y0.7500
G01 X74.6639Y2.6293
G01 X73.8109Y5.0132
G01 X73.1957Y7.4692
G01 X72.8242Y9.9737
G01 X72.7000Y12.5026
G01 X72.8242Y15.0314
G01 X73.1957Y17.5359
G01 X73.8109Y19.9919
G01 X74.6639Y22.3758
G01 X75.5503Y24.2500
G01 X75.9923Y24.2500
G01 X75.0335Y22.2227
G01 X74.1937Y19.8758
G01 X73.5881Y17.4579
G01 X73.2223Y14.9922
G01 X73.1000Y12.5026
G01 X73.2223Y10.0129
G01 X73.5881Y7.5473
G01 X74.1937Y5.1293
G01 X75.0335Y2.7824
G01 X75.9947Y0.7500
G01 X76.4367Y0.7500
G01 X75.4030Y2.9355
G01 X74.5765Y5.2455
G01 X73.9804Y7.6253
G01 X73.6204Y10.0521
G01 X73.5000Y12.5026
G01 X73.6204Y14.9530
G01 X73.9804Y17.3798
G01 X74.5765Y19.7597
G01 X75.4030Y22.0697
G01 X76.4342Y24.2500
G01 X76.8953Y24.2500
G01 X76.8047Y24.0989
G01 X75.7726Y21.9166
G01 X74.9593Y19.6436
G01 X74.3727Y17.3018
G01 X74.0185Y14.9138
G01 X73.9000Y12.5026
G01 X74.0185Y10.0914
G01 X74.3727Y7.7034
G01 X74.9593Y5.3616
G01 X75.7726Y3.0886
G01 X76.8047Y0.9062
G01 X76.8984Y0.7500
G01 X77.3642Y0.7500
G01 X77.1575Y1.0948
G01 X76.1421Y3.2416
G01 X75.3420Y5.4777
G01 X74.7650Y7.7814
G01 X74.4165Y10.1306
G01 X74.3867Y10.7373
G00 Z20.0000
G00 X74.8065Y10.3354
G01 Z20.0000
G01 X74.8146Y10.1698
G01 X75.1573Y7.8594
G01 X75.7248Y5.5938
G01 X76.5117Y3.3947
G01 X77.5103Y1.2833
G01 X77.8299Y0.7500
G01 X78.2957Y0.7500
G01 X77.8630Y1.4719
G01 X76.8812Y3.5478
G01 X76.1076Y5.7099
G01 X75.5496Y7.9375
G01 X75.2287Y10.1009
G00 Z20.0000
G00 X75.6503Y9.9814
G01 Z20.0000
G01 X75.9419Y8.0155
G01 X76.4904Y5.8260
G01 X77.2508Y3.7009
G01 X78.2158Y1.6604
G01 X78.7615Y0.7500
G01 X79.2273Y0.7500
G01 X78.5686Y1.8490
G01 X77.6203Y3.8539
G01 X76.8731Y5.9421
G01 X76.3343Y8.0935
G01 X76.0585Y9.9524
G00 Z20.0000
G00 X76.4549Y10.0027
G01 Z20.0000
G01 X76.7266Y8.1716
G01 X77.2559Y6.0583
G01 X77.9899Y4.0070
G01 X78.9213Y2.0376
G01 X79.6931Y0.7500
G01 X80.1589Y0.7500
G01 X79.2741Y2.2261
G01 X78.3594Y4.1601
G01 X77.6387Y6.1744
G01 X77.1189Y8.2496
G01 X76.8397Y10.1316
G00 Z20.0000
G00 X77.2114Y10.3486
G01 Z20.0000
G01 X77.5112Y8.3276
G01 X78.0215Y6.2905
G01 X78.7290Y4.3131
G01 X79.6269Y2.4147
G01 X80.6247Y0.7500
G01 X81.1026Y0.7500
G01 X81.0391Y0.8356
G01 X79.9797Y2.6032
G01 X79.0985Y4.4662
G01 X78.4043Y6.4066
G01 X77.9035Y8.4057
G01 X77.6011Y10.4442
G01 X77.5884Y10.7041
G00 Z20.0000
G00 X77.9549Y11.3845
G01 Z20.0000
G01 X77.9992Y10.4834
G01 X78.2958Y8.4837
G01 X78.7870Y6.5227
G01 X79.4681Y4.6193
G01 X80.3324Y2.7918
G01 X81.3717Y1.0578
G01 X81.6000Y0.7500
G01 X82.0974Y0.7500
G01 X81.7043Y1.2801
G01 X80.6852Y2.9804
G01 X79.8376Y4.7724
G01 X79.1698Y6.6388
G01 X78.6881Y8.5618
G01 X78.3973Y10.5226
G01 X78.3000Y12.5026
G01 X78.3973Y14.4825
G01 X78.6881Y16.4434
G01 X79.1698Y18.3663
G01 X79.8376Y20.2328
G01 X80.6852Y22.0248
G01 X81.7043Y23.7251
G01 X82.0936Y24.2500
G01 X81.5962Y24.2500
G01 X81.3717Y23.9473
G01 X80.3324Y22.2133
G01 X79.4681Y20.3859
G01 X78.7870Y18.4824
G01 X78.2958Y16.5214
G01 X77.9992Y14.5217
G01 X77.9115Y12.7369
G00 Z20.0000
G00 X77.5416Y13.3488
G01 Z20.0000
G01 X77.6011Y14.5609
G01 X77.9035Y16.5995
G01 X78.4043Y18.5986
G01 X79.0985Y20.5389
G01 X79.9797Y22.4019
G01 X81.0391Y24.1695
G01 X81.0988Y24.2500
G01 X80.6216Y24.2500
G01 X79.6269Y22.5905
G01 X78.7290Y20.6920
G01 X78.0215Y18.7147
G01 X77.5112Y16.6775
G01 X77.2030Y14.6001
G01 X77.1584Y13.6907
G00 Z20.0000
G00 X76.7687Y13.9001
G01 Z20.0000
G01 X76.8050Y14.6393
G01 X77.1189Y16.7555
G01 X77.6387Y18.8308
G01 X78.3594Y20.8451
G01 X79.2741Y22.7790
G01 X80.1558Y24.2500
G01 X79.6900Y24.2500
G01 X78.9213Y22.9676
G01 X77.9899Y20.9981
G01 X77.2559Y18.9469
G01 X76.7266Y16.8336
G01 X76.4069Y14.6786
G01 X76.3743Y14.0149
G00 Z20.0000
G00 X75.9760Y14.0493
G01 Z20.0000
G01 X76.0088Y14.7178
G01 X76.3343Y16.9116
G01 X76.8731Y19.0630
G01 X77.6203Y21.1512
G01 X78.5686Y23.1561
G01 X79.2242Y24.2500
G01 X78.7584Y24.2500
G01 X78.2158Y23.3447
G01 X77.2508Y21.3043
G01 X76.4904Y19.1791
G01 X75.9419Y16.9897
G01 X75.6108Y14.7570
G01 X75.5738Y14.0045
G00 Z20.0000
G00 X75.1673Y13.8717
G01 Z20.0000
G01 X75.2127Y14.7962
G01 X75.5496Y17.0677
G01 X76.1076Y19.2952
G01 X76.8812Y21.4574
G01 X77.8630Y23.5333
G01 X78.2926Y24.2500
G01 X77.8269Y24.2500
G01 X77.5103Y23.7218
G01 X76.5117Y21.6104
G01 X75.7248Y19.4114
G01 X75.1573Y17.1457
G01 X74.8146Y14.8354
G01 X74.7552Y13.6266
G00 Z20.0000
G00 X74.3338Y13.1914
G01 Z20.0000
G01 X74.4165Y14.8746
G01 X74.7650Y17.2238
G01 X75.3420Y19.5275
G01 X76.1421Y21.7635
G01 X77.1575Y23.9104
G01 X77.3611Y24.2500
G00 Z20.0000
G00 X82.5910Y24.2500
G01 Z20.0000
G01 X82.0369Y23.5029
G01 X81.0380Y21.8362
G01 X80.2072Y20.0797
G01 X79.5526Y18.2502
G01 X79.0805Y16.3654
G01 X78.7953Y14.4433
G01 X78.7000Y12.5026
G01 X78.7953Y10.5618
G01 X79.0805Y8.6398
G01 X79.5526Y6.7549
G01 X80.2072Y4.9254
G01 X81.0380Y3.1689
G01 X82.0369Y1.5023
G01 X82.5948Y0.7500
G01 X83.0922Y0.7500
G01 X82.3695Y1.7245
G01 X81.3907Y3.3575
G01 X80.5767Y5.0785
G01 X79.9354Y6.8711
G01 X79.4728Y8.7178
G01 X79.1934Y10.6010
G01 X79.1000Y12.5026
G01 X79.1934Y14.4041
G01 X79.4728Y16.2873
G01 X79.9354Y18.1341
G01 X80.5767Y19.9266
G01 X81.3907Y21.6477
G01 X82.3695Y23.2806
G01 X83.0884Y24.2500
G01 X83.5858Y24.2500
G01 X82.7021Y23.0584
G01 X81.7435Y21.4591
G01 X80.9463Y19.7736
G01 X80.3181Y18.0180
G01 X79.8651Y16.2093
G01 X79.5915Y14.3649
G01 X79.5000Y12.5026
G01 X79.5915Y10.6402
G01 X79.8651Y8.7959
G01 X80.3181Y6.9872
G01 X80.9463Y5.2316
G01 X81.7435Y3.5460
G01 X82.7021Y1.9467
G01 X83.5896Y0.7500
G01 X84.0870Y0.7500
G01 X83.0347Y2.1690
G01 X82.0963Y3.7346
G01 X81.3158Y5.3847
G01 X80.7009Y7.1033
G01 X80.2574Y8.8739
G01 X79.9896Y10.6795
G01 X79.9000Y12.5026
G01 X79.9896Y14.3257
G01 X80.2574Y16.1313
G01 X80.7009Y17.9019
G01 X81.3158Y19.6205
G01 X82.0963Y21.2706
G01 X83.0347Y22.8362
G01 X84.0832Y24.2500
G01 X84.6138Y24.2500
G01 X84.4312Y24.0485
G01 X83.3673Y22.6140
G01 X82.4490Y21.0820
G01 X81.6854Y19.4674
G01 X81.0837Y17.7858
G01 X80.6497Y16.0532
G01 X80.3876Y14.2865
G01 X80.3000Y12.5026
G01 X80.3876Y10.7187
G01 X80.6497Y8.9519
G01 X81.0837Y7.2194
G01 X81.6854Y5.5377
G01 X82.4490Y3.9232
G01 X83.3673Y2.3912
G01 X84.4312Y0.9566
G01 X84.6185Y0.7500
G01 X85.1577Y0.7500
G01 X84.7404Y1.2104
G01 X83.6998Y2.6134
G01 X82.8018Y4.1117
G01 X82.0549Y5.6908
G01 X81.4665Y7.3355
G01 X81.0420Y9.0300
G01 X80.7857Y10.7579
G01 X80.7000Y12.5026
G01 X80.7857Y14.2473
G01 X81.0420Y15.9752
G01 X81.4665Y17.6696
G01 X82.0549Y19.3143
G01 X82.8018Y20.8934
G01 X83.6998Y22.3917
G01 X84.7404Y23.7948
G01 X85.1530Y24.2500
G01 X85.6922Y24.2500
G01 X85.0496Y23.5410
G01 X84.0324Y22.1695
G01 X83.1546Y20.7049
G01 X82.4245Y19.1613
G01 X81.8492Y17.5535
G01 X81.4343Y15.8971
G01 X81.1838Y14.2081
G01 X81.1000Y12.5026
G01 X81.1838Y10.7971
G01 X81.4343Y9.1080
G01 X81.8492Y7.4516
G01 X82.4245Y5.8439
G01 X83.1546Y4.3003
G01 X84.0324Y2.8357
G01 X85.0496Y1.4641
G01 X85.6969Y0.7500
G01 X86.2361Y0.7500
G01 X85.3588Y1.7179
G01 X84.3650Y3.0579
G01 X83.5073Y4.4888
G01 X82.7940Y5.9970
G01 X82.2320Y7.5677
G01 X81.8267Y9.1860
G01 X81.5819Y10.8363
G01 X81.5000Y12.5026
G01 X81.5819Y14.1689
G01 X81.8267Y15.8191
G01 X82.2320Y17.4374
G01 X82.7940Y19.0082
G01 X83.5073Y20.5163
G01 X84.3650Y21.9473
G01 X85.3588Y23.2873
G01 X86.2314Y24.2500
G01 X86.7725Y24.2500
G01 X86.7620Y24.2405
G01 X85.6680Y23.0335
G01 X84.6976Y21.7250
G01 X83.8601Y20.3278
G01 X83.1636Y18.8551
G01 X82.6148Y17.3213
G01 X82.2190Y15.7411
G01 X81.9799Y14.1297
G01 X81.9000Y12.5026
G01 X81.9799Y10.8755
G01 X82.2190Y9.2641
G01 X82.6148Y7.6838
G01 X83.1636Y6.1500
G01 X83.8601Y4.6774
G01 X84.6976Y3.2801
G01 X85.6680Y1.9716
G01 X86.7620Y0.7646
G01 X86.7781Y0.7500
G01 X87.3731Y0.7500
G01 X87.0449Y1.0474
G01 X85.9772Y2.2254
G01 X85.0302Y3.5023
G01 X84.2129Y4.8659
G01 X83.5332Y6.3031
G01 X82.9976Y7.8000
G01 X82.6113Y9.3421
G01 X82.3780Y10.9147
G01 X82.3000Y12.5026
G01 X82.3780Y14.0905
G01 X82.6113Y15.6630
G01 X82.9976Y17.2052
G01 X83.5332Y18.7020
G01 X84.2129Y20.1392
G01 X85.0302Y21.5028
G01 X85.9772Y22.7797
G01 X87.0449Y23.9577
G01 X87.3674Y24.2500
G01 X87.9623Y24.2500
G01 X87.3277Y23.6749
G01 X86.2864Y22.5260
G01 X85.3628Y21.2806
G01 X84.5656Y19.9506
G01 X83.9027Y18.5490
G01 X83.3803Y17.0891
G01 X83.0036Y15.5850
G01 X82.7761Y14.0512
G01 X82.7000Y12.5026
G01 X82.7761Y10.9539
G01 X83.0036Y9.4201
G01 X83.3803Y7.9161
G01 X83.9027Y6.4562
G01 X84.5656Y5.0545
G01 X85.3628Y3.7246
G01 X86.2864Y2.4792
G01 X87.3277Y1.3303
G01 X87.9680Y0.7500
G01 X88.5629Y0.7500
G01 X87.6106Y1.6131
G01 X86.5956Y2.7329
G01 X85.6954Y3.9468
G01 X84.9184Y5.2431
G01 X84.2723Y6.6093
G01 X83.7631Y8.0322
G01 X83.3959Y9.4982
G01 X83.1742Y10.9931
G01 X83.1000Y12.5026
G01 X83.1742Y14.0120
G01 X83.3959Y15.5070
G01 X83.7631Y16.9730
G01 X84.2723Y18.3959
G01 X84.9184Y19.7621
G01 X85.6954Y21.0584
G01 X86.5956Y22.2722
G01 X87.6106Y23.3920
G01 X88.5572Y24.2500
G01 X89.1894Y24.2500
G01 X88.9841Y24.0977
G01 X87.8934Y23.1092
G01 X86.9048Y22.0185
G01 X86.0280Y20.8361
G01 X85.2712Y19.5735
G01 X84.6418Y18.2428
G01 X84.1459Y16.8568
G01 X83.7882Y15.4289
G01 X83.5722Y13.9728
G01 X83.5000Y12.5026
G01 X83.5722Y11.0323
G01 X83.7882Y9.5762
G01 X84.1459Y8.1483
G01 X84.6418Y6.7623
G01 X85.2712Y5.4316
G01 X86.0280Y4.1690
G01 X86.9048Y2.9867
G01 X87.8934Y1.8960
G01 X88.9841Y0.9074
G01 X89.1964Y0.7500
G01 X89.8670Y0.7500
G01 X89.2379Y1.2166
G01 X88.1762Y2.1788
G01 X87.2140Y3.2404
G01 X86.3605Y4.3912
G01 X85.6239Y5.6202
G01 X85.0114Y6.9154
G01 X84.5287Y8.2644
G01 X84.1805Y9.6543
G01 X83.9703Y11.0715
G01 X83.9000Y12.5026
G01 X83.9703Y13.9336
G01 X84.1805Y15.3509
G01 X84.5287Y16.7407
G01 X85.0114Y18.0898
G01 X85.6239Y19.3850
G01 X86.3605Y20.6139
G01 X87.2140Y21.7647
G01 X88.1762Y22.8263
G01 X89.2379Y23.7885
G01 X89.8601Y24.2500
G01 X90.5308Y24.2500
G01 X89.4916Y23.4793
G01 X88.4591Y22.5435
G01 X87.5233Y21.5110
G01 X86.6931Y20.3917
G01 X85.9767Y19.1964
G01 X85.3809Y17.9367
G01 X84.9114Y16.6246
G01 X84.5728Y15.2729
G01 X84.3684Y13.8944
G01 X84.3000Y12.5026
G01 X84.3684Y11.1107
G01 X84.5728Y9.7323
G01 X84.9114Y8.3805
G01 X85.3809Y7.0685
G01 X85.9767Y5.8087
G01 X86.6931Y4.6135
G01 X87.5233Y3.4942
G01 X88.4591Y2.4617
G01 X89.4916Y1.5258
G01 X90.5377Y0.7500
G00 Z20.0000
G00 X91.2974Y0.7500
G01 Z20.0000
G01 X90.8331Y1.0283
G01 X89.7454Y1.8350
G01 X88.7419Y2.7445
G01 X87.8325Y3.7479
G01 X87.0257Y4.8357
G01 X86.3295Y5.9973
G01 X85.7505Y7.2215
G01 X85.2942Y8.4966
G01 X84.9652Y9.8103
G01 X84.7665Y11.1499
G01 X84.7000Y12.5026
G01 X84.7665Y13.8552
G01 X84.9652Y15.1948
G01 X85.2942Y16.5085
G01 X85.7505Y17.7836
G01 X86.3295Y19.0078
G01 X87.0257Y20.1694
G01 X87.8325Y21.2572
G01 X88.7419Y22.2606
G01 X89.7454Y23.1701
G01 X90.8331Y23.9769
G01 X91.2888Y24.2500
G01 X92.0660Y24.2500
G01 X91.0554Y23.6443
G01 X89.9991Y22.8609
G01 X89.0248Y21.9778
G01 X88.1417Y21.0034
G01 X87.3583Y19.9472
G01 X86.6823Y18.8193
G01 X86.1200Y17.6305
G01 X85.6770Y16.3924
G01 X85.3575Y15.1168
G01 X85.1645Y13.8160
G01 X85.1000Y12.5026
G01 X85.1645Y11.1891
G01 X85.3575Y9.8884
G01 X85.6770Y8.6128
G01 X86.1200Y7.3746
G01 X86.6823Y6.1859
G01 X87.3583Y5.0579
G01 X88.1417Y4.0017
G01 X89.0248Y3.0273
G01 X89.9991Y2.1442
G01 X91.0554Y1.3609
G01 X92.0746Y0.7500
G01 X92.9799Y0.7500
G01 X92.3718Y1.0376
G01 X91.2776Y1.6935
G01 X90.2529Y2.4534
G01 X89.3076Y3.3102
G01 X88.4509Y4.2555
G01 X87.6909Y5.2802
G01 X87.0350Y6.3744
G01 X86.4896Y7.5277
G01 X86.0598Y8.7289
G01 X85.7498Y9.9664
G01 X85.5626Y11.2284
G01 X85.5000Y12.5026
G01 X85.5626Y13.7768
G01 X85.7498Y15.0387
G01 X86.0598Y16.2763
G01 X86.4896Y17.4775
G01 X87.0350Y18.6307
G01 X87.6909Y19.7250
G01 X88.4509Y20.7497
G01 X89.3076Y21.6950
G01 X90.2529Y22.5517
G01 X91.2776Y23.3117
G01 X92.3718Y23.9676
G01 X92.9690Y24.2500
G01 X93.9760Y24.2500
G01 X93.6782Y24.1435
G01 X92.5604Y23.6148
G01 X91.4998Y22.9791
G01 X90.5066Y22.2425
G01 X89.5905Y21.4121
G01 X88.7601Y20.4959
G01 X88.0235Y19.5028
G01 X87.3878Y18.4422
G01 X86.8591Y17.3244
G01 X86.4426Y16.1602
G01 X86.1421Y14.9607
G01 X85.9607Y13.7376
G01 X85.9000Y12.5026
G01 X85.9607Y11.2676
G01 X86.1421Y10.0444
G01 X86.4426Y8.8450
G01 X86.8591Y7.6808
G01 X87.3878Y6.5630
G01 X88.0235Y5.5024
G01 X88.7601Y4.5092
G01 X89.5905Y3.5930
G01 X90.5066Y2.7626
G01 X91.4998Y2.0261
G01 X92.5604Y1.3904
G01 X93.6782Y0.8617
G01 X93.9903Y0.7500
G01 X95.2695Y0.7500
G01 X94.9585Y0.8279
G01 X93.8313Y1.2312
G01 X92.7490Y1.7431
G01 X91.7220Y2.3586
G01 X90.7604Y3.0718
G01 X89.8733Y3.8759
G01 X89.0693Y4.7630
G01 X88.3561Y5.7246
G01 X87.7406Y6.7515
G01 X87.2287Y7.8338
G01 X86.8253Y8.9611
G01 X86.5344Y10.1225
G01 X86.3587Y11.3068
G01 X86.3000Y12.5026
G01 X86.3587Y13.6984
G01 X86.5344Y14.8827
G01 X86.8253Y16.0440
G01 X87.2287Y17.1713
G01 X87.7406Y18.2536
G01 X88.3561Y19.2805
G01 X89.0693Y20.2422
G01 X89.8733Y21.1293
G01 X90.7604Y21.9333
G01 X91.7220Y22.6465
G01 X92.7490Y23.2620
G01 X93.8313Y23.7739
G01 X94.9585Y24.1772
G01 X95.2490Y24.2500
G01 X95.6853Y22.3000
G01 X96.5101Y22.5066
G01 X97.5002Y22.6535
G01 X98.5000Y22.7026
G01 X99.4998Y22.6535
G01 X100.4899Y22.5066
G01 X101.3147Y22.3000
G01 X102.5444Y22.3000
G01 X101.5770Y22.6461
G01 X100.5680Y22.8989
G01 X99.5390Y23.0515
G01 X98.5000Y23.1026
G01 X97.4610Y23.0515
G01 X96.4320Y22.8989
G01 X95.4230Y22.6461
G01 X94.4556Y22.3000
G00 Z20.0000
G00 X93.6000Y21.8967
G01 Z20.0000
G01 X93.5032Y21.8509
G01 X92.6110Y21.3162
G01 X91.7754Y20.6965
G01 X91.0047Y19.9979
G01 X90.3061Y19.2271
G01 X89.6864Y18.3916
G01 X89.1516Y17.4994
G01 X88.7069Y16.5590
G01 X88.3564Y15.5796
G01 X88.1037Y14.5705
G01 X87.9510Y13.5416
G01 X87.9000Y12.5026
G01 X87.9510Y11.4636
G01 X88.1037Y10.4346
G01 X88.3564Y9.4256
G01 X88.7069Y8.4461
G01 X89.1516Y7.5058
G01 X89.6864Y6.6135
G01 X90.3061Y5.7780
G01 X91.0047Y5.0072
G01 X91.7754Y4.3087
G01 X91.9468Y4.1815
G00 Z20.0000
G00 X92.1312Y4.5422
G01 Z20.0000
G01 X92.0292Y4.6179
G01 X91.2875Y5.2901
G01 X90.6153Y6.0318
G01 X90.0190Y6.8358
G01 X89.5044Y7.6943
G01 X89.0764Y8.5992
G01 X88.7392Y9.5417
G01 X88.4960Y10.5127
G01 X88.3491Y11.5028
G01 X88.3000Y12.5026
G01 X88.3491Y13.5023
G01 X88.4960Y14.4925
G01 X88.7392Y15.4635
G01 X89.0764Y16.4059
G01 X89.5044Y17.3108
G01 X90.0190Y18.1694
G01 X90.6153Y18.9734
G01 X91.2875Y19.7151
G01 X92.0292Y20.3873
G01 X92.8332Y20.9836
G01 X93.6000Y21.4432
G01 X93.6000Y20.9774
G01 X93.0554Y20.6510
G01 X92.2829Y20.0781
G01 X91.5704Y19.4322
G01 X90.9245Y18.7196
G01 X90.3516Y17.9472
G01 X89.8572Y17.1223
G01 X89.4460Y16.2529
G01 X89.1220Y15.3474
G01 X88.8883Y14.4145
G01 X88.7472Y13.4631
G01 X88.7000Y12.5026
G01 X88.7472Y11.5420
G01 X88.8883Y10.5907
G01 X89.1220Y9.6578
G01 X89.4460Y8.7523
G01 X89.8572Y7.8829
G01 X90.3516Y7.0580
G01 X90.9245Y6.2855
G01 X91.5704Y5.5729
G01 X92.2829Y4.9271
G01 X92.4007Y4.8398
G00 Z20.0000
G00 X92.7622Y5.0691
G01 Z20.0000
G01 X92.5367Y5.2363
G01 X91.8532Y5.8558
G01 X91.2337Y6.5393
G01 X90.6842Y7.2802
G01 X90.2099Y8.0714
G01 X89.8155Y8.9054
G01 X89.5048Y9.7739
G01 X89.2806Y10.6687
G01 X89.1453Y11.5812
G01 X89.1000Y12.5026
G01 X89.1453Y13.4239
G01 X89.2806Y14.3364
G01 X89.5048Y15.2313
G01 X89.8155Y16.0998
G01 X90.2099Y16.9337
G01 X90.6842Y17.7249
G01 X91.2337Y18.4659
G01 X91.8532Y19.1494
G01 X92.5367Y19.7689
G01 X93.2776Y20.3184
G01 X93.6000Y20.5116
G00 Z20.0000
G00 X93.6005Y20.2804
G01 Z20.0000
G01 X93.6031Y20.2510
G01 X93.6098Y20.2124
G01 X93.6203Y20.1746
G01 X93.6344Y20.1379
G01 X93.6521Y20.1029
G01 X93.6622Y20.0861
G01 X93.6848Y20.0540
G01 X93.7104Y20.0243
G01 X93.7388Y19.9972
G01 X93.7697Y19.9731
G01 X93.8029Y19.9521
G01 X93.8380Y19.9344
G01 X93.8746Y19.9203
G01 X93.9124Y19.9098
G01 X93.9316Y19.9060
G01 X93.9706Y19.9012
G01 X94.0000Y19.9000
G01 X97.1000Y19.9000
G01 X97.1294Y19.9012
G01 X97.1490Y19.9031
G01 X97.1876Y19.9098
G01 X97.2254Y19.9203
G01 X97.2620Y19.9344
G01 X97.2971Y19.9521
G01 X97.3303Y19.9731
G01 X97.3460Y19.9848
G01 X97.3612Y19.9972
G01 X97.3896Y20.0243
G01 X97.4028Y20.0388
G01 X97.4269Y20.0697
G01 X97.4479Y20.1029
G01 X97.4656Y20.1379
G01 X97.4731Y20.1561
G01 X97.4797Y20.1746
G01 X97.4902Y20.2124
G01 X97.4969Y20.2510
G01 X97.4988Y20.2706
G01 X97.5000Y20.3000
G01 X97.4999Y21.9049
G01 X97.4988Y21.9294
G01 X97.4969Y21.9490
G01 X97.4902Y21.9876
G01 X97.4797Y22.0254
G01 X97.4656Y22.0621
G01 X97.4479Y22.0971
G01 X97.4378Y22.1139
G01 X97.4152Y22.1460
G01 X97.4028Y22.1612
G01 X97.3896Y22.1757
G01 X97.3612Y22.2028
G01 X97.3303Y22.2269
G01 X97.2971Y22.2479
G01 X97.2798Y22.2572
G01 X97.2620Y22.2656
G01 X97.2254Y22.2797
G01 X97.1876Y22.2902
G01 X97.1684Y22.2940
G01 X97.1490Y22.2969
G01 X97.1147Y22.2997
G01 X94.0000Y22.3000
G01 X93.9706Y22.2988
G01 X93.9510Y22.2969
G01 X93.9124Y22.2902
G01 X93.8746Y22.2797
G01 X93.8380Y22.2656
G01 X93.8029Y22.2479
G01 X93.7697Y22.2269
G01 X93.7540Y22.2152
G01 X93.7388Y22.2028
G01 X93.7104Y22.1757
G01 X93.6848Y22.1460
G01 X93.6622Y22.1139
G01 X93.6521Y22.0971
G01 X93.6344Y22.0621
G01 X93.6269Y22.0439
G01 X93.6203Y22.0254
G01 X93.6098Y21.9876
G01 X93.6031Y21.9490
G01 X93.6012Y21.9294
G01 X93.6000Y21.9000
G01 X93.6005Y20.2804
G00 Z20.0000
G00 X93.6636Y20.0839
G01 Z20.0000
G01 X93.4999Y19.9858
G01 X92.7905Y19.4597
G01 X92.1360Y18.8665
G01 X91.5429Y18.2121
G01 X91.0168Y17.5027
G01 X90.5627Y16.7451
G01 X90.1851Y15.9467
G01 X89.8875Y15.1151
G01 X89.6729Y14.2584
G01 X89.5433Y13.3847
G01 X89.5000Y12.5026
G01 X89.5433Y11.6204
G01 X89.6729Y10.7468
G01 X89.8875Y9.8900
G01 X90.1851Y9.0584
G01 X90.5627Y8.2600
G01 X91.0168Y7.5024
G01 X91.5429Y6.7930
G01 X92.1360Y6.1386
G01 X92.7905Y5.5455
G01 X93.2530Y5.2025
G00 Z20.0000
G00 X93.9589Y5.2100
G01 Z20.0000
G01 X93.7221Y5.3519
G01 X93.0442Y5.8547
G01 X92.4189Y6.4215
G01 X91.8521Y7.0468
G01 X91.3494Y7.7247
G01 X90.9155Y8.4486
G01 X90.5546Y9.2115
G01 X90.2703Y10.0061
G01 X90.0652Y10.8248
G01 X89.9414Y11.6596
G01 X89.9000Y12.5026
G01 X89.9414Y13.3455
G01 X90.0652Y14.1804
G01 X90.2703Y14.9990
G01 X90.5546Y15.7937
G01 X90.9155Y16.5566
G01 X91.3494Y17.2805
G01 X91.8521Y17.9584
G01 X92.4189Y18.5837
G01 X93.0442Y19.1505
G01 X93.7221Y19.6532
G01 X94.1338Y19.9000
G01 X94.3533Y19.1000
G01 X94.8231Y19.3816
G01 X95.5151Y19.7088
G01 X96.0493Y19.9000
G01 X96.1853Y19.1000
G01 X96.4680Y19.2012
G01 X97.1344Y19.3681
G01 X97.8139Y19.4689
G01 X98.5000Y19.5026
G01 X99.1861Y19.4689
G01 X99.8656Y19.3681
G01 X100.5320Y19.2012
G01 X100.8147Y19.1000
G01 X100.9507Y19.9000
G01 X101.4849Y19.7088
G01 X102.1769Y19.3816
G01 X102.6467Y19.1000
G01 X101.8378Y19.1000
G01 X101.3319Y19.3393
G01 X100.6481Y19.5839
G01 X99.9437Y19.7604
G01 X99.2253Y19.8669
G01 X98.5000Y19.9026
G01 X97.7747Y19.8669
G01 X97.0563Y19.7604
G01 X96.3519Y19.5839
G01 X95.6681Y19.3393
G01 X95.1622Y19.1000
G01 X94.9848Y19.9000
G01 X94.6345Y19.7343
G01 X93.9443Y19.3206
G01 X93.2980Y18.8413
G01 X92.7017Y18.3009
G01 X92.1613Y17.7046
G01 X91.6819Y17.0583
G01 X91.2682Y16.3680
G01 X90.9242Y15.6406
G01 X90.6531Y14.8829
G01 X90.4576Y14.1023
G01 X90.3395Y13.3063
G01 X90.3000Y12.5026
G01 X90.3395Y11.6988
G01 X90.4576Y10.9028
G01 X90.6531Y10.1222
G01 X90.9242Y9.3646
G01 X91.2682Y8.6371
G01 X91.6819Y7.9469
G01 X92.1613Y7.3006
G01 X92.7017Y6.7043
G01 X93.2980Y6.1639
G01 X93.9443Y5.6845
G01 X94.6345Y5.2708
G01 X94.7722Y5.2057
G00 Z20.0000
G00 X95.7277Y4.7959
G01 Z20.0000
G01 X96.1197Y4.6557
G01 X96.9003Y4.4601
G01 X97.6963Y4.3421
G01 X98.5000Y4.3026
G01 X99.3037Y4.3421
G01 X100.0997Y4.4601
G01 X100.8803Y4.6557
G01 X101.2723Y4.7959
G00 Z20.0000
G00 X100.8903Y4.2463
G01 Z20.0000
G01 X100.1778Y4.0678
G01 X99.3429Y3.9440
G01 X98.5000Y3.9026
G01 X97.6571Y3.9440
G01 X96.8222Y4.0678
G01 X96.1097Y4.2463
G00 Z20.0000
G00 X96.2179Y3.8073
G01 Z20.0000
G01 X96.7442Y3.6755
G01 X97.6178Y3.5459
G01 X98.5000Y3.5026
G01 X99.3822Y3.5459
G01 X100.2558Y3.6755
G01 X100.7821Y3.8073
G00 Z20.0000
G00 X100.7981Y3.3995
G01 Z20.0000
G01 X100.3338Y3.2832
G01 X99.4214Y3.1478
G01 X98.5000Y3.1026
G01 X97.5786Y3.1478
G01 X96.6662Y3.2832
G01 X96.2019Y3.3995
G00 Z20.0000
G00 X96.0840Y3.0171
G01 Z20.0000
G01 X96.5881Y2.8909
G01 X97.5394Y2.7498
G01 X98.5000Y2.7026
G01 X99.4606Y2.7498
G01 X100.4119Y2.8909
G01 X100.9160Y3.0171
G00 Z20.0000
G00 X101.1400Y2.6614
G01 Z20.0000
G01 X100.4899Y2.4986
G01 X99.4998Y2.3517
G01 X98.5000Y2.3026
G01 X97.5002Y2.3517
G01 X96.5101Y2.4986
G01 X95.8600Y2.6614
G00 Z20.0000
G00 X95.4891Y2.3425
G01 Z20.0000
G01 X96.4320Y2.1063
G01 X97.4610Y1.9536
G01 X98.5000Y1.9026
G01 X99.5390Y1.9536
G01 X100.5680Y2.1063
G01 X101.5109Y2.3425
G00 Z20.0000
G00 X102.1119Y2.1261
G01 Z20.0000
G01 X101.6931Y1.9762
G01 X100.6460Y1.7139
G01 X99.5782Y1.5555
G01 X98.5000Y1.5026
G01 X97.4218Y1.5555
G01 X96.3540Y1.7139
G01 X95.3069Y1.9762
G01 X94.8881Y2.1261
G00 Z20.0000
G00 X93.8421Y2.1100
G01 Z20.0000
G01 X94.1374Y1.9703
G01 X95.1908Y1.5935
G01 X96.2760Y1.3216
G01 X97.3826Y1.1575
G01 X98.5000Y1.1026
G01 X99.6174Y1.1575
G01 X100.7240Y1.3216
G01 X101.8092Y1.5935
G01 X102.8626Y1.9703
G01 X103.1579Y2.1100
G00 Z20.0000
G00 X102.3152Y2.1101
G01 Z20.0000
G01 X103.5950Y2.1100
G01 X103.7273Y2.1160
G01 X103.7518Y2.1180
G01 X103.8780Y2.1364
G01 X103.9022Y2.1408
G01 X104.0260Y2.1715
G01 X104.0636Y2.1829
G01 X104.1698Y2.2209
G01 X104.1927Y2.2299
G01 X104.3081Y2.2842
G01 X104.3427Y2.3027
G01 X104.4520Y2.3685
G01 X104.4722Y2.3825
G01 X104.5628Y2.4498
G01 X104.5932Y2.4747
G01 X104.6768Y2.5504
G01 X104.6944Y2.5675
G01 X104.7900Y2.6729
G01 X104.8052Y2.6922
G01 X104.8725Y2.7828
G01 X104.8943Y2.8155
G01 X104.9523Y2.9123
G01 X104.9642Y2.9337
G01 X105.0251Y3.0623
G01 X105.0341Y3.0852
G01 X105.0721Y3.1914
G01 X105.0835Y3.2290
G01 X105.1109Y3.3385
G01 X105.1161Y3.3624
G01 X105.1351Y3.4886
G01 X105.1380Y3.5130
G01 X105.1449Y3.6551
G01 X105.1445Y3.6796
G01 X105.1390Y3.7923
G01 X105.1351Y3.8314
G01 X105.1186Y3.9430
G01 X105.1142Y3.9672
G01 X105.0796Y4.1052
G01 X105.0721Y4.1286
G01 X105.0341Y4.2348
G01 X105.0191Y4.2711
G01 X104.9642Y4.3863
G01 X104.9523Y4.4077
G01 X104.8943Y4.5045
G01 X104.8725Y4.5372
G01 X104.8052Y4.6278
G01 X104.7900Y4.6471
G01 X104.7046Y4.7418
G01 X104.6768Y4.7696
G01 X104.5932Y4.8453
G01 X104.5745Y4.8612
G01 X104.4722Y4.9375
G01 X104.4395Y4.9593
G01 X104.3427Y5.0173
G01 X104.3213Y5.0292
G01 X104.2061Y5.0841
G01 X104.1698Y5.0991
G01 X104.0496Y5.1418
G01 X104.0260Y5.1485
G01 X103.9165Y5.1759
G01 X103.8780Y5.1836
G01 X103.7664Y5.2001
G01 X103.7420Y5.2030
G01 X103.6122Y5.2096
G01 X102.3127Y5.2098
G01 X102.1927Y5.2040
G01 X102.1682Y5.2020
G01 X102.0420Y5.1836
G01 X102.0178Y5.1792
G01 X101.8940Y5.1485
G01 X101.8704Y5.1418
G01 X101.7502Y5.0991
G01 X101.7139Y5.0841
G01 X101.5987Y5.0292
G01 X101.5773Y5.0173
G01 X101.4805Y4.9593
G01 X101.4478Y4.9375
G01 X101.3572Y4.8702
G01 X101.3379Y4.8550
G01 X101.2325Y4.7594
G01 X101.2154Y4.7418
G01 X101.1397Y4.6582
G01 X101.1148Y4.6278
G01 X101.0475Y4.5372
G01 X101.0335Y4.5170
G01 X100.9604Y4.3950
G01 X100.9492Y4.3731
G01 X100.9009Y4.2711
G01 X100.8859Y4.2348
G01 X100.8479Y4.1286
G01 X100.8404Y4.1052
G01 X100.8058Y3.9672
G01 X100.8014Y3.9430
G01 X100.7849Y3.8314
G01 X100.7810Y3.7923
G01 X100.7755Y3.6796
G01 X100.7751Y3.6551
G01 X100.7810Y3.5277
G01 X100.7830Y3.5032
G01 X100.8014Y3.3770
G01 X100.8058Y3.3528
G01 X100.8365Y3.2290
G01 X100.8432Y3.2054
G01 X100.8859Y3.0852
G01 X100.8949Y3.0623
G01 X100.9492Y2.9469
G01 X100.9604Y2.9250
G01 X101.0335Y2.8030
G01 X101.0475Y2.7828
G01 X101.1238Y2.6805
G01 X101.1397Y2.6618
G01 X101.2256Y2.5675
G01 X101.2432Y2.5504
G01 X101.3379Y2.4650
G01 X101.3572Y2.4498
G01 X101.4598Y2.3740
G01 X101.4805Y2.3607
G01 X101.5900Y2.2954
G01 X101.6119Y2.2842
G01 X101.7273Y2.2299
G01 X101.7502Y2.2209
G01 X101.8704Y2.1782
G01 X101.8940Y2.1715
G01 X102.0178Y2.1408
G01 X102.0420Y2.1364
G01 X102.1682Y2.1180
G01 X102.1927Y2.1160
G01 X102.3152Y2.1101
G01 X101.7305Y0.7500
G01 X102.0415Y0.8279
G01 X103.1687Y1.2312
G01 X104.2510Y1.7431
G01 X105.2780Y2.3586
G01 X106.2396Y3.0718
G01 X107.1267Y3.8759
G01 X107.9307Y4.7630
G01 X108.6439Y5.7246
G01 X109.2594Y6.7515
G01 X109.7713Y7.8338
G01 X110.1747Y8.9611
G01 X110.4656Y10.1225
G01 X110.6413Y11.3068
G01 X110.7000Y12.5026
G01 X110.6413Y13.6984
G01 X110.4656Y14.8827
G01 X110.1747Y16.0440
G01 X109.7713Y17.1713
G01 X109.2594Y18.2536
G01 X108.6439Y19.2805
G01 X107.9307Y20.2422
G01 X107.1267Y21.1293
G01 X106.2396Y21.9333
G01 X105.2780Y22.6465
G01 X104.2510Y23.2620
G01 X103.1687Y23.7739
G01 X102.0415Y24.1772
G01 X101.7510Y24.2500
G01 X103.0240Y24.2500
G01 X103.3218Y24.1435
G01 X104.4396Y23.6148
G01 X105.5002Y22.9791
G01 X106.4934Y22.2425
G01 X107.4095Y21.4121
G01 X108.2399Y20.4959
G01 X108.9765Y19.5028
G01 X109.6122Y18.4422
G01 X110.1409Y17.3244
G01 X110.5574Y16.1602
G01 X110.8579Y14.9607
G01 X111.0393Y13.7376
G01 X111.1000Y12.5026
G01 X111.0393Y11.2676
G01 X110.8579Y10.0444
G01 X110.5574Y8.8450
G01 X110.1409Y7.6808
G01 X109.6122Y6.5630
G01 X108.9765Y5.5024
G01 X108.2399Y4.5092
G01 X107.4095Y3.5930
G01 X106.4934Y2.7626
G01 X105.5002Y2.0261
G01 X104.4396Y1.3904
G01 X103.3218Y0.8617
G01 X103.0097Y0.7500
G01 X104.0201Y0.7500
G01 X104.6282Y1.0376
G01 X105.7224Y1.6935
G01 X106.7471Y2.4534
G01 X107.6924Y3.3102
G01 X108.5491Y4.2555
G01 X109.3091Y5.2802
G01 X109.9650Y6.3744
G01 X110.5104Y7.5277
G01 X110.9402Y8.7289
G01 X111.2502Y9.9664
G01 X111.4374Y11.2284
G01 X111.5000Y12.5026
G01 X111.4374Y13.7768
G01 X111.2502Y15.0387
G01 X110.9402Y16.2763
G01 X110.5104Y17.4775
G01 X109.9650Y18.6307
G01 X109.3091Y19.7250
G01 X108.5491Y20.7497
G01 X107.6924Y21.6950
G01 X106.7471Y22.5517
G01 X105.7224Y23.3117
G01 X104.6282Y23.9676
G01 X104.0310Y24.2500
G01 X104.9340Y24.2500
G01 X105.9446Y23.6443
G01 X107.0009Y22.8609
G01 X107.9752Y21.9778
G01 X108.8583Y21.0034
G01 X109.6417Y19.9472
G01 X110.3177Y18.8193
G01 X110.8800Y17.6305
G01 X111.3230Y16.3924
G01 X111.6425Y15.1168
G01 X111.8355Y13.8160
G01 X111.9000Y12.5026
G01 X111.8355Y11.1891
G01 X111.6425Y9.8884
G01 X111.3230Y8.6128
G01 X110.8800Y7.3746
G01 X110.3177Y6.1859
G01 X109.6417Y5.0579
G01 X108.8583Y4.0017
G01 X107.9752Y3.0273
G01 X107.0009Y2.1442
G01 X105.9446Y1.3609
G01 X104.9254Y0.7500
G01 X105.7026Y0.7500
G01 X106.1669Y1.0283
G01 X107.2546Y1.8350
G01 X108.2581Y2.7445
G01 X109.1675Y3.7479
G01 X109.9743Y4.8357
G01 X110.6705Y5.9973
G01 X111.2495Y7.2215
G01 X111.7058Y8.4966
G01 X112.0348Y9.8103
G01 X112.2335Y11.1499
G01 X112.3000Y12.5026
G01 X112.2335Y13.8552
G01 X112.0348Y15.1948
G01 X111.7058Y16.5085
G01 X111.2495Y17.7836
G01 X110.6705Y19.0078
G01 X109.9743Y20.1694
G01 X109.1675Y21.2572
G01 X108.2581Y22.2606
G01 X107.2546Y23.1701
G01 X106.1669Y23.9769
G01 X105.7112Y24.2500
G01 X106.4692Y24.2500
G01 X107.5084Y23.4793
G01 X108.5409Y22.5435
G01 X109.4767Y21.5110
G01 X110.3069Y20.3917
G01 X111.0233Y19.1964
G01 X111.6191Y17.9367
G01 X112.0886Y16.6246
G01 X112.4272Y15.2729
G01 X112.6316Y13.8944
G01 X112.7000Y12.5026
G01 X112.6316Y11.1107
G01 X112.4272Y9.7323
G01 X112.0886Y8.3805
G01 X111.6191Y7.0685
G01 X111.0233Y5.8087
G01 X110.3069Y4.6135
G01 X109.4767Y3.4942
G01 X108.5409Y2.4617
G01 X107.5084Y1.5258
G01 X106.4623Y0.7500
G01 X107.1330Y0.7500
G01 X107.7621Y1.2166
G01 X108.8238Y2.1788
G01 X109.7860Y3.2404
G01 X110.6395Y4.3912
G01 X111.3761Y5.6202
G01 X111.9886Y6.9154
G01 X112.4713Y8.2644
G01 X112.8195Y9.6543
G01 X113.0297Y11.0715
G01 X113.1000Y12.5026
G01 X113.0297Y13.9336
G01 X112.8195Y15.3509
G01 X112.4713Y16.7407
G01 X111.9886Y18.0898
G01 X111.3761Y19.3850
G01 X110.6395Y20.6139
G01 X109.7860Y21.7647
G01 X108.8238Y22.8263
G01 X107.7621Y23.7885
G01 X107.1399Y24.2500
G01 X107.8106Y24.2500
G01 X108.0159Y24.0977
G01 X109.1066Y23.1092
G01 X110.0952Y22.0185
G01 X110.9720Y20.8361
G01 X111.7288Y19.5735
G01 X112.3582Y18.2428
G01 X112.8541Y16.8568
G01 X113.2118Y15.4289
G01 X113.4278Y13.9728
G01 X113.5000Y12.5026
G01 X113.4278Y11.0323
G01 X113.2118Y9.5762
G01 X112.8541Y8.1483
G01 X112.3582Y6.7623
G01 X111.7288Y5.4316
G01 X110.9720Y4.1690
G01 X110.0952Y2.9867
G01 X109.1066Y1.8960
G01 X108.0159Y0.9074
G01 X107.8036Y0.7500
G01 X108.4371Y0.7500
G01 X109.3894Y1.6131
G01 X110.4044Y2.7329
G01 X111.3046Y3.9468
G01 X112.0816Y5.2431
G01 X112.7277Y6.6093
G01 X113.2369Y8.0322
G01 X113.6041Y9.4982
G01 X113.8258Y10.9931
G01 X113.9000Y12.5026
G01 X113.8258Y14.0120
G01 X113.6041Y15.5070
G01 X113.2369Y16.9730
G01 X112.7277Y18.3959
G01 X112.0816Y19.7621
G01 X111.3046Y21.0584
G01 X110.4044Y22.2722
G01 X109.3894Y23.3920
G01 X108.4428Y24.2500
G01 X109.0377Y24.2500
G01 X109.6723Y23.6749
G01 X110.7136Y22.5260
G01 X111.6372Y21.2806
G01 X112.4344Y19.9506
G01 X113.0973Y18.5490
G01 X113.6197Y17.0891
G01 X113.9964Y15.5850
G01 X114.2239Y14.0512
G01 X114.3000Y12.5026
G01 X114.2239Y10.9539
G01 X113.9964Y9.4201
G01 X113.6197Y7.9161
G01 X113.0973Y6.4562
G01 X112.4344Y5.0545
G01 X111.6372Y3.7246
G01 X110.7136Y2.4792
G01 X109.6723Y1.3303
G01 X109.0320Y0.7500
G01 X109.6269Y0.7500
G01 X109.9551Y1.0474
G01 X111.0228Y2.2254
G01 X111.9698Y3.5023
G01 X112.7871Y4.8659
G01 X113.4668Y6.3031
G01 X114.0024Y7.8000
G01 X114.3887Y9.3421
G01 X114.6220Y10.9147
G01 X114.7000Y12.5026
G01 X114.6220Y14.0905
G01 X114.3887Y15.6630
G01 X114.0024Y17.2052
G01 X113.4668Y18.7020
G01 X112.7871Y20.1392
G01 X111.9698Y21.5028
G01 X111.0228Y22.7797
G01 X109.9551Y23.9577
G01 X109.6326Y24.2500
G01 X110.2275Y24.2500
G01 X110.2380Y24.2405
G01 X111.3320Y23.0335
G01 X112.3024Y21.7250
G01 X113.1399Y20.3278
G01 X113.8364Y18.8551
G01 X114.3852Y17.3213
G01 X114.7810Y15.7411
G01 X115.0201Y14.1297
G01 X115.1000Y12.5026
G01 X115.0201Y10.8755
G01 X114.7810Y9.2641
G01 X114.3852Y7.6838
G01 X113.8364Y6.1500
G01 X113.1399Y4.6774
G01 X112.3024Y3.2801
G01 X111.3320Y1.9716
G01 X110.2380Y0.7646
G01 X110.2219Y0.7500
G01 X110.7639Y0.7500
G01 X111.6412Y1.7179
G01 X112.6350Y3.0579
G01 X113.4927Y4.4888
G01 X114.2060Y5.9970
G01 X114.7680Y7.5677
G01 X115.1733Y9.1860
G01 X115.4181Y10.8363
G01 X115.5000Y12.5026
G01 X115.4181Y14.1689
G01 X115.1733Y15.8191
G01 X114.7680Y17.4374
G01 X114.2060Y19.0082
G01 X113.4927Y20.5163
G01 X112.6350Y21.9473
G01 X111.6412Y23.2873
G01 X110.7686Y24.2500
G01 X111.3078Y24.2500
G01 X111.9504Y23.5410
G01 X112.9676Y22.1695
G01 X113.8454Y20.7049
G01 X114.5755Y19.1613
G01 X115.1508Y17.5535
G01 X115.5657Y15.8971
G01 X115.8162Y14.2081
G01 X115.9000Y12.5026
G01 X115.8162Y10.7971
G01 X115.5657Y9.1080
G01 X115.1508Y7.4516
G01 X114.5755Y5.8439
G01 X113.8454Y4.3003
G01 X112.9676Y2.8357
G01 X111.9504Y1.4641
G01 X111.3031Y0.7500
G01 X111.8423Y0.7500
G01 X112.2596Y1.2104
G01 X113.3002Y2.6134
G01 X114.1982Y4.1117
G01 X114.9451Y5.6908
G01 X115.5335Y7.3355
G01 X115.9580Y9.0300
G01 X116.2143Y10.7579
G01 X116.3000Y12.5026
G01 X116.2143Y14.2473
G01 X115.9580Y15.9752
G01 X115.5335Y17.6696
G01 X114.9451Y19.3143
G01 X114.1982Y20.8934
G01 X113.3002Y22.3917
G01 X112.2596Y23.7948
G01 X111.8470Y24.2500
G01 X112.3862Y24.2500
G01 X112.5688Y24.0485
G01 X113.6327Y22.6140
G01 X114.5510Y21.0820
G01 X115.3146Y19.4674
G01 X115.9163Y17.7858
G01 X116.3503Y16.0532
G01 X116.6124Y14.2865
G01 X116.7000Y12.5026
G01 X116.6124Y10.7187
G01 X116.3503Y8.9519
G01 X115.9163Y7.2194
G01 X115.3146Y5.5377
G01 X114.5510Y3.9232
G01 X113.6327Y2.3912
G01 X112.5688Y0.9566
G01 X112.3815Y0.7500
G01 X112.9130Y0.7500
G01 X113.9653Y2.1690
G01 X114.9037Y3.7346
G01 X115.6842Y5.3847
G01 X116.2991Y7.1033
G01 X116.7426Y8.8739
G01 X117.0104Y10.6795
G01 X117.1000Y12.5026
G01 X117.0104Y14.3257
G01 X116.7426Y16.1313
G01 X116.2991Y17.9019
G01 X115.6842Y19.6205
G01 X114.9037Y21.2706
G01 X113.9653Y22.8362
G01 X112.9168Y24.2500
G01 X113.4142Y24.2500
G01 X114.2979Y23.0584
G01 X115.2565Y21.4591
G01 X116.0537Y19.7736
G01 X116.6819Y18.0180
G01 X117.1349Y16.2093
G01 X117.4085Y14.3649
G01 X117.5000Y12.5026
G01 X117.4085Y10.6402
G01 X117.1349Y8.7959
G01 X116.6819Y6.9872
G01 X116.0537Y5.2316
G01 X115.2565Y3.5460
G01 X114.2979Y1.9467
G01 X113.4104Y0.7500
G01 X113.9078Y0.7500
G01 X114.6305Y1.7245
G01 X115.6093Y3.3575
G01 X116.4233Y5.0785
G01 X117.0646Y6.8711
G01 X117.5272Y8.7178
G01 X117.8066Y10.6010
G01 X117.9000Y12.5026
G01 X117.8066Y14.4041
G01 X117.5272Y16.2873
G01 X117.0646Y18.1341
G01 X116.4233Y19.9266
G01 X115.6093Y21.6477
G01 X114.6305Y23.2806
G01 X113.9116Y24.2500
G01 X114.4090Y24.2500
G01 X114.9631Y23.5029
G01 X115.9620Y21.8362
G01 X116.7928Y20.0797
G01 X117.4474Y18.2502
G01 X117.9195Y16.3654
G01 X118.2047Y14.4433
G01 X118.3000Y12.5026
G01 X118.2047Y10.5618
G01 X117.9195Y8.6398
G01 X117.4474Y6.7549
G01 X116.7928Y4.9254
G01 X115.9620Y3.1689
G01 X114.9631Y1.5023
G01 X114.4052Y0.7500
G01 X114.9026Y0.7500
G01 X115.2957Y1.2801
G01 X116.3148Y2.9804
G01 X117.1624Y4.7724
G01 X117.8302Y6.6388
G01 X118.3119Y8.5618
G01 X118.6027Y10.5226
G01 X118.7000Y12.5026
G01 X118.6027Y14.4825
G01 X118.3119Y16.4434
G01 X117.8302Y18.3663
G01 X117.1624Y20.2328
G01 X116.3148Y22.0248
G01 X115.2957Y23.7251
G01 X114.9064Y24.2500
G01 X115.4038Y24.2500
G01 X115.6283Y23.9473
G01 X116.6676Y22.2133
G01 X117.5319Y20.3859
G01 X118.2130Y18.4824
G01 X118.7042Y16.5214
G01 X119.0008Y14.5217
G01 X119.0885Y12.7369
G00 Z20.0000
G00 X119.4584Y13.3488
G01 Z20.0000
G01 X119.3989Y14.5609
G01 X119.0965Y16.5995
G01 X118.5957Y18.5986
G01 X117.9015Y20.5389
G01 X117.0203Y22.4019
G01 X115.9609Y24.1695
G01 X115.9012Y24.2500
G01 X116.3784Y24.2500
G01 X117.3731Y22.5905
G01 X118.2710Y20.6920
G01 X118.9785Y18.7147
G01 X119.4888Y16.6775
G01 X119.7970Y14.6001
G01 X119.8416Y13.6907
G00 Z20.0000
G00 X120.2313Y13.9001
G01 Z20.0000
G01 X120.1950Y14.6393
G01 X119.8811Y16.7555
G01 X119.3613Y18.8308
G01 X118.6406Y20.8451
G01 X117.7259Y22.7790
G01 X116.8442Y24.2500
G01 X117.3100Y24.2500
G01 X118.0787Y22.9676
G01 X119.0101Y20.9981
G01 X119.7441Y18.9469
G01 X120.2734Y16.8336
G01 X120.5931Y14.6786
G01 X120.6257Y14.0149
G00 Z20.0000
G00 X121.0240Y14.0493
G01 Z20.0000
G01 X120.9912Y14.7178
G01 X120.6657Y16.9116
G01 X120.1269Y19.0630
G01 X119.3797Y21.1512
G01 X118.4314Y23.1561
G01 X117.7758Y24.2500
G01 X118.2416Y24.2500
G01 X118.7842Y23.3447
G01 X119.7492Y21.3043
G01 X120.5096Y19.1791
G01 X121.0581Y16.9897
G01 X121.3892Y14.7570
G01 X121.4262Y14.0045
G00 Z20.0000
G00 X121.8327Y13.8717
G01 Z20.0000
G01 X121.7873Y14.7962
G01 X121.4504Y17.0677
G01 X120.8924Y19.2952
G01 X120.1188Y21.4574
G01 X119.1370Y23.5333
G01 X118.7074Y24.2500
G01 X119.1731Y24.2500
G01 X119.4897Y23.7218
G01 X120.4883Y21.6104
G01 X121.2752Y19.4114
G01 X121.8427Y17.1457
G01 X122.1854Y14.8354
G01 X122.2448Y13.6266
G00 Z20.0000
G00 X122.6662Y13.1914
G01 Z20.0000
G01 X122.5835Y14.8746
G01 X122.2350Y17.2238
G01 X121.6580Y19.5275
G01 X120.8579Y21.7635
G01 X119.8425Y23.9104
G01 X119.6389Y24.2500
G01 X120.1047Y24.2500
G01 X120.1953Y24.0989
G01 X121.2274Y21.9166
G01 X122.0407Y19.6436
G01 X122.6273Y17.3018
G01 X122.9815Y14.9138
G01 X123.1000Y12.5026
G01 X122.9815Y10.0914
G01 X122.6273Y7.7034
G01 X122.0407Y5.3616
G01 X121.2274Y3.0886
G01 X120.1953Y0.9062
G01 X120.1016Y0.7500
G01 X120.5633Y0.7500
G01 X121.5970Y2.9355
G01 X122.4235Y5.2455
G01 X123.0196Y7.6253
G01 X123.3796Y10.0521
G01 X123.5000Y12.5026
G01 X123.3796Y14.9530
G01 X123.0196Y17.3798
G01 X122.4235Y19.7597
G01 X121.5970Y22.0697
G01 X120.5658Y24.2500
G01 X121.0077Y24.2500
G01 X121.9665Y22.2227
G01 X122.8063Y19.8758
G01 X123.4119Y17.4579
G01 X123.7777Y14.9922
G01 X123.9000Y12.5026
G01 X123.7777Y10.0129
G01 X123.4119Y7.5473
G01 X122.8063Y5.1293
G01 X121.9665Y2.7824
G01 X121.0053Y0.7500
G01 X121.4472Y0.7500
G01 X122.3361Y2.6293
G01 X123.1891Y5.0132
G01 X123.8043Y7.4692
G01 X124.1758Y9.9737
G01 X124.3000Y12.5026
G01 X124.1758Y15.0314
G01 X123.8043Y17.5359
G01 X123.1891Y19.9919
G01 X122.3361Y22.3758
G01 X121.4497Y24.2500
G01 X121.8916Y24.2500
G01 X122.7056Y22.5289
G01 X123.5718Y20.1080
G01 X124.1966Y17.6139
G01 X124.5738Y15.0706
G01 X124.7000Y12.5026
G01 X124.5738Y9.9345
G01 X124.1966Y7.3912
G01 X123.5718Y4.8971
G01 X122.7056Y2.4763
G01 X121.8892Y0.7500
G01 X122.3311Y0.7500
G01 X123.0752Y2.3232
G01 X123.9546Y4.7810
G01 X124.5889Y7.3132
G01 X124.9719Y9.8953
G01 X125.1000Y12.5026
G01 X124.9719Y15.1098
G01 X124.5889Y17.6920
G01 X123.9546Y20.2241
G01 X123.0752Y22.6820
G01 X122.3336Y24.2500
G01 X122.7755Y24.2500
G01 X123.4447Y22.8350
G01 X124.3374Y20.3403
G01 X124.9812Y17.7700
G01 X125.3700Y15.1490
G01 X125.5000Y12.5026
G01 X125.3700Y9.8561
G01 X124.9812Y7.2351
G01 X124.3374Y4.6649
G01 X123.4447Y2.1701
G01 X122.7731Y0.7500
G01 X123.2150Y0.7500
G01 X123.8143Y2.0170
G01 X124.7202Y4.5488
G01 X125.3735Y7.1571
G01 X125.7681Y9.8169
G01 X125.9000Y12.5026
G01 X125.7681Y15.1882
G01 X125.3735Y17.8480
G01 X124.7202Y20.4564
G01 X123.8143Y22.9881
G01 X123.2175Y24.2500
G01 X123.6594Y24.2500
G01 X124.1839Y23.1412
G01 X125.1029Y20.5725
G01 X125.7658Y17.9261
G01 X126.1661Y15.2275
G01 X126.3000Y12.5026
G01 X126.1661Y9.7777
G01 X125.7658Y7.0791
G01 X125.1029Y4.4327
G01 X124.1839Y1.8640
G01 X123.6570Y0.7500
G01 X124.0989Y0.7500
G01 X124.5534Y1.7109
G01 X125.4857Y4.3165
G01 X126.1581Y7.0010
G01 X126.5642Y9.7385
G01 X126.7000Y12.5026
G01 X126.5642Y15.2667
G01 X126.1581Y18.0041
G01 X125.4857Y20.6886
G01 X124.5534Y23.2942
G01 X124.1014Y24.2500
G01 X124.5433Y24.2500
G01 X124.9230Y23.4473
G01 X125.8685Y20.8047
G01 X126.5505Y18.0822
G01 X126.9623Y15.3059
G01 X127.1000Y12.5026
G01 X126.9623Y9.6993
G01 X126.5505Y6.9230
G01 X125.8685Y4.2004
G01 X124.9230Y1.5578
G01 X124.5409Y0.7500
G01 X124.9828Y0.7500
G01 X125.2925Y1.4048
G01 X126.2513Y4.0843
G01 X126.9428Y6.8450
G01 X127.3604Y9.6601
G01 X127.5000Y12.5026
G01 X127.3604Y15.3451
G01 X126.9428Y18.1602
G01 X126.2513Y20.9208
G01 X125.2925Y23.6004
G01 X124.9853Y24.2500
G01 X125.4272Y24.2500
G01 X125.6621Y23.7535
G01 X126.6340Y21.0369
G01 X127.3351Y18.2382
G01 X127.7584Y15.3843
G01 X127.9000Y12.5026
G01 X127.7584Y9.6209
G01 X127.3351Y6.7669
G01 X126.6340Y3.9682
G01 X125.6621Y1.2517
G01 X125.4248Y0.7500
G01 X125.8667Y0.7500
G01 X126.0316Y1.0986
G01 X127.0168Y3.8521
G01 X127.7274Y6.6889
G01 X128.1565Y9.5817
G01 X128.3000Y12.5026
G01 X128.1565Y15.4235
G01 X127.7274Y18.3163
G01 X127.0168Y21.1531
G01 X126.0316Y23.9065
G01 X125.8692Y24.2500
G01 X126.3111Y24.2500
G01 X126.4012Y24.0596
G01 X127.3996Y21.2692
G01 X128.1197Y18.3943
G01 X128.5546Y15.4627
G01 X128.7000Y12.5026
G01 X128.5546Y9.5425
G01 X128.1197Y6.6108
G01 X127.3996Y3.7360
G01 X126.4012Y0.9455
G01 X126.3087Y0.7500
G01 X126.7506Y0.7500
G01 X126.7707Y0.7925
G01 X127.7824Y3.6199
G01 X128.5120Y6.5328
G01 X128.9527Y9.5033
G01 X129.1000Y12.5026
G01 X128.9527Y15.5019
G01 X128.5120Y18.4723
G01 X127.7824Y21.3853
G01 X126.7707Y24.2127
G01 X126.7531Y24.2500
G01 X127.1817Y24.2500
G01 X128.1652Y21.5014
G01 X128.9043Y18.5504
G01 X129.3507Y15.5411
G01 X129.5000Y12.5026
G01 X129.3507Y9.4640
G01 X128.9043Y6.4548
G01 X128.1652Y3.5037
G01 X127.1798Y0.7500
G01 X127.6042Y0.7500
G01 X128.5479Y3.3876
G01 X129.2967Y6.3767
G01 X129.7488Y9.4248
G01 X129.9000Y12.5026
G01 X129.7488Y15.5803
G01 X129.2967Y18.6284
G01 X128.5479Y21.6175
G01 X127.6060Y24.2500
G01 X128.0303Y24.2500
G01 X128.9307Y21.7336
G01 X129.6890Y18.7064
G01 X130.1469Y15.6195
G01 X130.3000Y12.5026
G01 X130.1469Y9.3856
G01 X129.6890Y6.2987
G01 X128.9307Y3.2715
G01 X128.0285Y0.7500
G01 X128.4528Y0.7500
G01 X129.3135Y3.1554
G01 X130.0813Y6.2207
G01 X130.5449Y9.3464
G01 X130.7000Y12.5026
G01 X130.5449Y15.6587
G01 X130.0813Y18.7845
G01 X129.3135Y21.8497
G01 X128.4547Y24.2500
G01 X128.8790Y24.2500
G01 X129.6963Y21.9659
G01 X130.4736Y18.8625
G01 X130.9430Y15.6979
G01 X131.1000Y12.5026
G01 X130.9430Y9.3072
G01 X130.4736Y6.1426
G01 X129.6963Y3.0393
G01 X128.8771Y0.7500
G00 Z20.0000
G00 X129.3015Y0.7500
G01 Z20.0000
G01 X130.0790Y2.9232
G01 X130.8659Y6.0646
G01 X131.3411Y9.2680
G01 X131.5000Y12.5026
G01 X131.3411Y15.7371
G01 X130.8659Y18.9406
G01 X130.0790Y22.0820
G01 X129.3033Y24.2500
G01 X129.7276Y24.2500
G01 X130.4618Y22.1981
G01 X131.2582Y19.0186
G01 X131.7392Y15.7763
G01 X131.9000Y12.5026
G01 X131.7392Y9.2288
G01 X131.2582Y5.9866
G01 X130.4618Y2.8071
G01 X129.7258Y0.7500
G01 X130.1501Y0.7500
G01 X130.8446Y2.6910
G01 X131.6505Y5.9085
G01 X132.1372Y9.1896
G01 X132.3000Y12.5026
G01 X132.1372Y15.8156
G01 X131.6505Y19.0966
G01 X130.8446Y22.3142
G01 X130.1519Y24.2500
G01 X130.5763Y24.2500
G01 X131.2274Y22.4303
G01 X132.0429Y19.1747
G01 X132.5353Y15.8548
G01 X132.7000Y12.5026
G01 X132.5353Y9.1504
G01 X132.0429Y5.8305
G01 X131.2274Y2.5748
G01 X130.5744Y0.7500
G00 Z20.0000
G00 X130.9987Y0.7500
G01 Z20.0000
G01 X131.6101Y2.4587
G01 X132.4352Y5.7524
G01 X132.9334Y9.1112
G01 X133.1000Y12.5026
G01 X132.9334Y15.8940
G01 X132.4352Y19.2527
G01 X131.6101Y22.5464
G01 X131.0006Y24.2500
G01 X131.4249Y24.2500
G01 X131.9929Y22.6625
G01 X132.8275Y19.3307
G01 X133.3315Y15.9332
G01 X133.5000Y12.5026
G01 X133.3315Y9.0720
G01 X132.8275Y5.6744
G01 X131.9929Y2.3426
G01 X131.4231Y0.7500
G01 X131.8474Y0.7500
G01 X132.3757Y2.2265
G01 X133.2198Y5.5964
G01 X133.7295Y9.0328
G01 X133.9000Y12.5026
G01 X133.7295Y15.9724
G01 X133.2198Y19.4088
G01 X132.3757Y22.7787
G01 X131.8492Y24.2500
G01 X132.2736Y24.2500
G01 X132.7585Y22.8948
G01 X133.6121Y19.4868
G01 X134.1276Y16.0116
G01 X134.3000Y12.5026
G01 X134.1276Y8.9936
G01 X133.6121Y5.5183
G01 X132.7585Y2.1104
G01 X132.2717Y0.7500
G00 Z20.0000
G00 X132.6960Y0.7500
G01 Z20.0000
G01 X133.1412Y1.9943
G01 X134.0044Y5.4403
G01 X134.5257Y8.9544
G01 X134.7000Y12.5026
G01 X134.5257Y16.0508
G01 X134.0044Y19.5648
G01 X133.1412Y23.0109
G01 X132.6979Y24.2500
G01 X133.1222Y24.2500
G01 X133.5240Y23.1270
G01 X134.3967Y19.6429
G01 X134.9238Y16.0900
G01 X135.1000Y12.5026
G01 X134.9238Y8.9151
G01 X134.3967Y5.3623
G01 X133.5240Y1.8782
G01 X133.1204Y0.7500
G01 X133.5447Y0.7500
G01 X133.9068Y1.7620
G01 X134.7891Y5.2842
G01 X135.3218Y8.8759
G01 X135.5000Y12.5026
G01 X135.3218Y16.1292
G01 X134.7891Y19.7209
G01 X133.9068Y23.2431
G01 X133.5465Y24.2500
G01 X133.9708Y24.2500
G01 X134.2896Y23.3592
G01 X135.1814Y19.7990
G01 X135.7199Y16.1684
G01 X135.9000Y12.5026
G01 X135.7199Y8.8367
G01 X135.1814Y5.2062
G01 X134.2896Y1.6459
G01 X133.9690Y0.7500
G00 Z20.0000
G00 X134.3933Y0.7500
G01 Z20.0000
G01 X134.6723Y1.5298
G01 X135.5737Y5.1282
G01 X136.1180Y8.7975
G01 X136.3000Y12.5026
G01 X136.1180Y16.2076
G01 X135.5737Y19.8770
G01 X134.6723Y23.4753
G01 X134.3952Y24.2500
G01 X134.8195Y24.2500
G01 X135.0551Y23.5914
G01 X135.9660Y19.9550
G01 X136.5161Y16.2468
G01 X136.7000Y12.5026
G01 X136.5161Y8.7583
G01 X135.9660Y5.0501
G01 X135.0551Y1.4137
G01 X134.8176Y0.7500
G00 Z20.0000
G00 X135.2420Y0.7500
G01 Z20.0000
G01 X135.4379Y1.2976
G01 X136.3583Y4.9721
G01 X136.8783Y8.4778
G00 Z20.0000
G00 X137.1804Y7.7915
G01 Z20.0000
G01 X136.7506Y4.8941
G01 X135.8207Y1.1815
G01 X135.6663Y0.7500
G00 Z20.0000
G00 X136.0906Y0.7500
G01 Z20.0000
G01 X136.2034Y1.0654
G01 X136.8551Y3.6669
G00 Z20.0000
G00 X137.0349Y4.3845
G01 Z20.0000
G01 X137.1429Y4.8160
G01 X137.5348Y7.4576
G00 Z20.0000
G00 X137.9111Y7.2719
G01 Z20.0000
G01 X137.5688Y4.9643
G00 Z20.0000
G00 X138.0010Y5.1553
G01 Z20.0000
G01 X138.3035Y7.1945
G00 Z20.0000
G00 X138.3952Y7.1901
G01 Z20.0000
G01 X139.6824Y7.1901
G01 X139.8073Y7.1960
G01 X139.8318Y7.1980
G01 X139.9580Y7.2164
G01 X139.9918Y7.2230
G01 X140.1060Y7.2515
G01 X140.1296Y7.2582
G01 X140.2636Y7.3062
G01 X140.2861Y7.3159
G01 X140.4013Y7.3708
G01 X140.4227Y7.3827
G01 X140.5195Y7.4407
G01 X140.5482Y7.4597
G01 X140.6428Y7.5298
G01 X140.6732Y7.5547
G01 X140.7568Y7.6304
G01 X140.7744Y7.6475
G01 X140.8700Y7.7529
G01 X140.8852Y7.7722
G01 X140.9610Y7.8748
G01 X140.9743Y7.8955
G01 X141.0396Y8.0050
G01 X141.0508Y8.0269
G01 X141.1051Y8.1423
G01 X141.1141Y8.1652
G01 X141.1568Y8.2854
G01 X141.1635Y8.3090
G01 X141.1942Y8.4328
G01 X141.1986Y8.4570
G01 X141.2170Y8.5832
G01 X141.2190Y8.6077
G01 X141.2249Y8.7351
G01 X141.2245Y8.7596
G01 X141.2180Y8.8870
G01 X141.2151Y8.9114
G01 X141.1961Y9.0376
G01 X141.1909Y9.0615
G01 X141.1596Y9.1852
G01 X141.1521Y9.2086
G01 X141.1088Y9.3286
G01 X141.0991Y9.3511
G01 X141.0442Y9.4663
G01 X141.0323Y9.4877
G01 X140.9665Y9.5970
G01 X140.9525Y9.6172
G01 X140.8762Y9.7195
G01 X140.8603Y9.7382
G01 X140.7744Y9.8325
G01 X140.7568Y9.8496
G01 X140.6621Y9.9350
G01 X140.6428Y9.9502
G01 X140.5522Y10.0175
G01 X140.5195Y10.0393
G01 X140.4227Y10.0973
G01 X140.4013Y10.1092
G01 X140.2727Y10.1701
G01 X140.2498Y10.1791
G01 X140.1436Y10.2171
G01 X140.1060Y10.2285
G01 X139.9822Y10.2592
G01 X139.9580Y10.2636
G01 X139.8464Y10.2801
G01 X139.8073Y10.2840
G01 X139.6750Y10.2900
G01 X138.4050Y10.2900
G01 X138.2727Y10.2840
G01 X138.2336Y10.2801
G01 X138.1074Y10.2611
G01 X138.0835Y10.2559
G01 X137.9598Y10.2246
G01 X137.9364Y10.2171
G01 X137.8164Y10.1738
G01 X137.7939Y10.1641
G01 X137.6787Y10.1092
G01 X137.6573Y10.0973
G01 X137.5480Y10.0315
G01 X137.5278Y10.0175
G01 X137.4255Y9.9412
G01 X137.4068Y9.9253
G01 X137.3125Y9.8394
G01 X137.2954Y9.8218
G01 X137.2100Y9.7271
G01 X137.1948Y9.7078
G01 X137.1275Y9.6172
G01 X137.1057Y9.5845
G01 X137.0477Y9.4877
G01 X137.0358Y9.4663
G01 X136.9749Y9.3377
G01 X136.9659Y9.3148
G01 X136.9279Y9.2086
G01 X136.9165Y9.1710
G01 X136.8858Y9.0472
G01 X136.8814Y9.0230
G01 X136.8649Y8.9114
G01 X136.8610Y8.8723
G01 X136.8555Y8.7596
G01 X136.8551Y8.7351
G01 X136.8610Y8.6077
G01 X136.8649Y8.5686
G01 X136.8814Y8.4570
G01 X136.8858Y8.4328
G01 X136.9178Y8.3042
G01 X136.9279Y8.2714
G01 X136.9659Y8.1652
G01 X136.9809Y8.1289
G01 X137.0358Y8.0137
G01 X137.0477Y7.9923
G01 X137.1057Y7.8955
G01 X137.1275Y7.8628
G01 X137.1948Y7.7722
G01 X137.2100Y7.7529
G01 X137.3056Y7.6475
G01 X137.3232Y7.6304
G01 X137.4068Y7.5547
G01 X137.4372Y7.5298
G01 X137.5278Y7.4625
G01 X137.5480Y7.4485
G01 X137.6700Y7.3754
G01 X137.6919Y7.3642
G01 X137.7939Y7.3159
G01 X137.8302Y7.3009
G01 X137.9504Y7.2582
G01 X137.9740Y7.2515
G01 X138.0835Y7.2241
G01 X138.1220Y7.2164
G01 X138.2336Y7.1999
G01 X138.2580Y7.1970
G01 X138.3952Y7.1901
G00 Z20.0000
G00 X138.7068Y7.1900
G01 Z20.0000
G01 X138.4131Y5.2100
G01 X138.8169Y5.2100
G01 X139.1106Y7.1900
G01 X139.5145Y7.1900
G01 X139.2208Y5.2100
G01 X139.6247Y5.2100
G01 X139.9215Y7.2110
G00 Z20.0000
G00 X140.3451Y7.3439
G01 Z20.0000
G01 X140.0226Y5.1694
G00 Z20.0000
G00 X140.4054Y5.0271
G01 Z20.0000
G01 X140.7978Y7.6729
G00 Z20.0000
G00 X140.9579Y9.6096
G01 Z20.0000
G01 X141.1000Y12.5026
G01 X141.0321Y13.8846
G00 Z20.0000
G00 X141.4422Y13.6797
G01 Z20.0000
G01 X141.5000Y12.5026
G01 X141.2929Y8.2878
G01 X140.7693Y4.7577
G00 Z20.0000
G00 X141.1005Y4.2679
G01 Z20.0000
G01 X141.6910Y8.2486
G01 X141.9000Y12.5026
G01 X141.8424Y13.6750
G01 X142.2424Y13.6750
G01 X142.3000Y12.5026
G01 X142.0891Y8.2094
G01 X141.4584Y3.9576
G01 X140.6549Y0.7500
G01 X140.2431Y0.7500
G01 X140.6756Y2.4769
G00 Z20.0000
G00 X140.1947Y2.2012
G01 Z20.0000
G01 X139.8312Y0.7500
G01 X139.4193Y0.7500
G01 X139.7609Y2.1137
G00 Z20.0000
G00 X139.3481Y2.1100
G01 Z20.0000
G01 X139.0075Y0.7500
G01 X138.5956Y0.7500
G01 X138.9363Y2.1100
G01 X138.5244Y2.1100
G01 X138.1838Y0.7500
G01 X137.7719Y0.7500
G01 X138.1193Y2.1369
G00 Z20.0000
G00 X138.3952Y2.1101
G01 Z20.0000
G01 X139.6824Y2.1101
G01 X139.8073Y2.1160
G01 X139.8318Y2.1180
G01 X139.9580Y2.1364
G01 X139.9918Y2.1430
G01 X140.1060Y2.1715
G01 X140.1296Y2.1782
G01 X140.2636Y2.2262
G01 X140.2861Y2.2359
G01 X140.4013Y2.2908
G01 X140.4227Y2.3027
G01 X140.5195Y2.3607
G01 X140.5522Y2.3825
G01 X140.6467Y2.4527
G01 X140.6732Y2.4747
G01 X140.7568Y2.5504
G01 X140.7744Y2.5675
G01 X140.8700Y2.6729
G01 X140.8852Y2.6922
G01 X140.9610Y2.7948
G01 X140.9743Y2.8155
G01 X141.0396Y2.9250
G01 X141.0508Y2.9469
G01 X141.1051Y3.0623
G01 X141.1141Y3.0852
G01 X141.1568Y3.2054
G01 X141.1635Y3.2290
G01 X141.1942Y3.3528
G01 X141.1986Y3.3770
G01 X141.2170Y3.5032
G01 X141.2190Y3.5277
G01 X141.2249Y3.6551
G01 X141.2245Y3.6796
G01 X141.2180Y3.8070
G01 X141.2151Y3.8314
G01 X141.1961Y3.9576
G01 X141.1909Y3.9815
G01 X141.1596Y4.1052
G01 X141.1521Y4.1286
G01 X141.1088Y4.2486
G01 X141.0991Y4.2711
G01 X141.0442Y4.3863
G01 X141.0323Y4.4077
G01 X140.9665Y4.5170
G01 X140.9525Y4.5372
G01 X140.8762Y4.6395
G01 X140.8603Y4.6582
G01 X140.7744Y4.7525
G01 X140.7568Y4.7696
G01 X140.6621Y4.8550
G01 X140.6428Y4.8702
G01 X140.5522Y4.9375
G01 X140.5195Y4.9593
G01 X140.4227Y5.0173
G01 X140.4013Y5.0292
G01 X140.2727Y5.0901
G01 X140.2498Y5.0991
G01 X140.1436Y5.1371
G01 X140.1060Y5.1485
G01 X139.9965Y5.1759
G01 X139.9726Y5.1811
G01 X139.8464Y5.2001
G01 X139.8073Y5.2040
G01 X139.6750Y5.2100
G01 X138.4050Y5.2100
G01 X138.2727Y5.2040
G01 X138.2336Y5.2001
G01 X138.1074Y5.1811
G01 X138.0835Y5.1759
G01 X137.9598Y5.1446
G01 X137.9364Y5.1371
G01 X137.8164Y5.0938
G01 X137.7939Y5.0841
G01 X137.6787Y5.0292
G01 X137.6573Y5.0173
G01 X137.5480Y4.9515
G01 X137.5278Y4.9375
G01 X137.4255Y4.8612
G01 X137.4068Y4.8453
G01 X137.3125Y4.7594
G01 X137.2954Y4.7418
G01 X137.2100Y4.6471
G01 X137.1948Y4.6278
G01 X137.1275Y4.5372
G01 X137.1057Y4.5045
G01 X137.0477Y4.4077
G01 X137.0358Y4.3863
G01 X136.9749Y4.2577
G01 X136.9659Y4.2348
G01 X136.9279Y4.1286
G01 X136.9165Y4.0910
G01 X136.8858Y3.9672
G01 X136.8814Y3.9430
G01 X136.8649Y3.8314
G01 X136.8610Y3.7923
G01 X136.8555Y3.6796
G01 X136.8551Y3.6551
G01 X136.8610Y3.5277
G01 X136.8649Y3.4886
G01 X136.8814Y3.3770
G01 X136.8858Y3.3528
G01 X136.9178Y3.2242
G01 X136.9279Y3.1914
G01 X136.9659Y3.0852
G01 X136.9809Y3.0489
G01 X137.0358Y2.9337
G01 X137.0477Y2.9123
G01 X137.1057Y2.8155
G01 X137.1275Y2.7828
G01 X137.1948Y2.6922
G01 X137.2100Y2.6729
G01 X137.3056Y2.5675
G01 X137.3232Y2.5504
G01 X137.4068Y2.4747
G01 X137.4372Y2.4498
G01 X137.5278Y2.3825
G01 X137.5480Y2.3685
G01 X137.6700Y2.2954
G01 X137.6919Y2.2842
G01 X137.7939Y2.2359
G01 X137.8302Y2.2209
G01 X137.9504Y2.1782
G01 X137.9740Y2.1715
G01 X138.0835Y2.1441
G01 X138.1220Y2.1364
G01 X138.2336Y2.1199
G01 X138.2580Y2.1170
G01 X138.3952Y2.1101
G00 Z20.0000
G00 X137.7388Y2.2620
G01 Z20.0000
G01 X137.3600Y0.7500
G01 X136.9393Y0.7500
G01 X136.9690Y0.8331
G01 X137.3851Y2.4943
G00 Z20.0000
G00 X137.0690Y2.8767
G01 Z20.0000
G01 X136.5862Y0.9492
G01 X136.5149Y0.7500
G00 Z20.0000
G00 X141.0668Y0.7500
G01 Z20.0000
G01 X141.8507Y3.8796
G01 X142.4872Y8.1702
G01 X142.7000Y12.5026
G01 X142.6417Y13.6893
G00 Z20.0000
G00 X143.0300Y13.9278
G01 Z20.0000
G01 X143.1000Y12.5026
G01 X142.8852Y8.1310
G01 X142.2430Y3.8015
G01 X141.4787Y0.7500
G01 X141.8905Y0.7500
G01 X142.6353Y3.7235
G01 X143.2833Y8.0918
G01 X143.5000Y12.5026
G01 X143.2833Y16.9133
G01 X142.6353Y21.2816
G01 X142.5000Y21.8219
G00 Z20.0000
G00 X142.4206Y22.1387
G01 Z20.0000
G01 X141.8918Y24.2500
G01 X141.4799Y24.2500
G01 X141.9684Y22.3000
G01 X141.5565Y22.3000
G01 X141.0681Y24.2500
G01 X140.6562Y24.2500
G01 X141.1447Y22.3000
G01 X140.7328Y22.3000
G01 X140.2444Y24.2500
G01 X139.8325Y24.2500
G01 X140.3209Y22.3000
G01 X139.9091Y22.3000
G01 X139.4206Y24.2500
G01 X139.0088Y24.2500
G01 X139.4972Y22.3000
G01 X139.0854Y22.3000
G01 X138.5969Y24.2500
G01 X138.1851Y24.2500
G01 X138.7059Y22.1708
G00 Z20.0000
G00 X138.6000Y20.9492
G01 Z20.0000
G01 X137.7732Y24.2500
G01 X137.3613Y24.2500
G01 X138.3199Y20.4232
G01 X138.6000Y18.5348
G00 Z20.0000
G00 X138.9213Y19.0919
G01 Z20.0000
G01 X138.7928Y19.9581
G00 Z20.0000
G00 X138.6005Y20.2804
G01 Z20.0000
G01 X138.6031Y20.2510
G01 X138.6098Y20.2124
G01 X138.6203Y20.1746
G01 X138.6344Y20.1379
G01 X138.6521Y20.1029
G01 X138.6622Y20.0861
G01 X138.6848Y20.0540
G01 X138.7104Y20.0243
G01 X138.7388Y19.9972
G01 X138.7697Y19.9731
G01 X138.7861Y19.9622
G01 X138.8202Y19.9428
G01 X138.8561Y19.9269
G01 X138.8933Y19.9146
G01 X138.9316Y19.9060
G01 X138.9706Y19.9012
G01 X139.0000Y19.9000
G01 X142.1000Y19.9000
G01 X142.1294Y19.9012
G01 X142.1489Y19.9031
G01 X142.1876Y19.9098
G01 X142.2254Y19.9203
G01 X142.2620Y19.9344
G01 X142.2798Y19.9428
G01 X142.3139Y19.9622
G01 X142.3460Y19.9848
G01 X142.3757Y20.0104
G01 X142.3896Y20.0243
G01 X142.4028Y20.0388
G01 X142.4269Y20.0697
G01 X142.4479Y20.1029
G01 X142.4656Y20.1379
G01 X142.4731Y20.1561
G01 X142.4854Y20.1933
G01 X142.4902Y20.2124
G01 X142.4969Y20.2510
G01 X142.4988Y20.2706
G01 X142.5000Y20.3000
G01 X142.4999Y21.9049
G01 X142.4988Y21.9294
G01 X142.4969Y21.9490
G01 X142.4902Y21.9876
G01 X142.4797Y22.0254
G01 X142.4656Y22.0621
G01 X142.4479Y22.0971
G01 X142.4378Y22.1139
G01 X142.4152Y22.1460
G01 X142.3896Y22.1757
G01 X142.3757Y22.1896
G01 X142.3612Y22.2028
G01 X142.3303Y22.2269
G01 X142.3139Y22.2378
G01 X142.2798Y22.2572
G01 X142.2620Y22.2656
G01 X142.2254Y22.2797
G01 X142.2067Y22.2854
G01 X142.1684Y22.2940
G01 X142.1489Y22.2969
G01 X142.1147Y22.2997
G01 X139.0000Y22.3000
G01 X138.9706Y22.2988
G01 X138.9511Y22.2969
G01 X138.9124Y22.2902
G01 X138.8746Y22.2797
G01 X138.8380Y22.2656
G01 X138.8202Y22.2572
G01 X138.7861Y22.2378
G01 X138.7540Y22.2152
G01 X138.7243Y22.1896
G01 X138.7104Y22.1757
G01 X138.6972Y22.1612
G01 X138.6731Y22.1303
G01 X138.6521Y22.0971
G01 X138.6344Y22.0621
G01 X138.6269Y22.0439
G01 X138.6146Y22.0067
G01 X138.6098Y21.9876
G01 X138.6031Y21.9490
G01 X138.6012Y21.9294
G01 X138.6000Y21.9000
G01 X138.6005Y20.2804
G00 Z20.0000
G00 X139.2053Y19.9000
G01 Z20.0000
G01 X139.3239Y19.1000
G01 X139.7278Y19.1000
G01 X139.6092Y19.9000
G01 X140.0131Y19.9000
G01 X140.1317Y19.1000
G01 X140.5356Y19.1000
G01 X140.4169Y19.9000
G01 X140.8208Y19.9000
G01 X140.9395Y19.1000
G01 X141.3434Y19.1000
G01 X141.2247Y19.9000
G01 X141.6286Y19.9000
G01 X141.7473Y19.1000
G00 Z20.0000
G00 X142.1517Y19.0965
G01 Z20.0000
G01 X142.0325Y19.9000
G00 Z20.0000
G00 X142.4138Y20.0522
G01 Z20.0000
G01 X142.8852Y16.8741
G01 X142.9192Y16.1824
G00 Z20.0000
G00 X142.5206Y16.3248
G01 Z20.0000
G01 X141.5136Y16.3250
G01 X141.4862Y16.3238
G01 X141.4326Y16.3194
G01 X141.4054Y16.3154
G01 X141.3823Y16.3107
G01 X141.3301Y16.2979
G01 X141.3038Y16.2898
G01 X141.2818Y16.2815
G01 X141.2322Y16.2607
G01 X141.2076Y16.2485
G01 X141.1871Y16.2369
G01 X141.1414Y16.2087
G01 X141.1189Y16.1928
G01 X141.1035Y16.1806
G01 X141.0686Y16.1508
G01 X141.0512Y16.1349
G01 X141.0320Y16.1153
G01 X140.9944Y16.0715
G01 X140.9822Y16.0561
G01 X140.9621Y16.0270
G01 X140.9321Y15.9778
G01 X140.9193Y15.9534
G01 X140.9096Y15.9320
G01 X140.8892Y15.8822
G01 X140.8804Y15.8562
G01 X140.8741Y15.8335
G01 X140.8618Y15.7812
G01 X140.8571Y15.7541
G01 X140.8545Y15.7307
G01 X140.8502Y15.6692
G01 X140.8500Y14.3425
G01 X140.8512Y14.3112
G01 X140.8549Y14.2654
G01 X140.8571Y14.2459
G01 X140.8635Y14.2111
G01 X140.8751Y14.1627
G01 X140.8804Y14.1438
G01 X140.8892Y14.1178
G01 X140.9096Y14.0680
G01 X140.9193Y14.0466
G01 X140.9321Y14.0222
G01 X140.9621Y13.9730
G01 X140.9822Y13.9439
G01 X140.9944Y13.9285
G01 X141.0242Y13.8936
G01 X141.0401Y13.8762
G01 X141.0597Y13.8570
G01 X141.1035Y13.8194
G01 X141.1189Y13.8072
G01 X141.1480Y13.7871
G01 X141.1972Y13.7571
G01 X141.2216Y13.7443
G01 X141.2430Y13.7346
G01 X141.2927Y13.7142
G01 X141.3188Y13.7054
G01 X141.3415Y13.6991
G01 X141.3938Y13.6868
G01 X141.4209Y13.6821
G01 X141.4443Y13.6795
G01 X141.4979Y13.6755
G01 X142.5075Y13.6750
G01 X142.5324Y13.6758
G01 X142.5741Y13.6787
G01 X142.6095Y13.6829
G01 X142.6679Y13.6950
G01 X142.6886Y13.7002
G01 X142.7159Y13.7087
G01 X142.7650Y13.7270
G01 X142.7912Y13.7384
G01 X142.8438Y13.7664
G01 X142.8623Y13.7772
G01 X142.8918Y13.7973
G01 X142.9280Y13.8245
G01 X142.9499Y13.8428
G01 X142.9925Y13.8845
G01 X143.0165Y13.9109
G01 X143.0527Y13.9582
G01 X143.0651Y13.9757
G01 X143.0801Y14.0000
G01 X143.1052Y14.0460
G01 X143.1175Y14.0718
G01 X143.1256Y14.0916
G01 X143.1458Y14.1477
G01 X143.1534Y14.1752
G01 X143.1645Y14.2264
G01 X143.1691Y14.2546
G01 X143.1713Y14.2759
G01 X143.1748Y14.3318
G01 X143.1750Y15.6614
G01 X143.1738Y15.6888
G01 X143.1701Y15.7346
G01 X143.1679Y15.7541
G01 X143.1632Y15.7812
G01 X143.1499Y15.8373
G01 X143.1446Y15.8562
G01 X143.1358Y15.8822
G01 X143.1107Y15.9428
G01 X143.0929Y15.9778
G01 X143.0587Y16.0336
G01 X143.0356Y16.0654
G01 X143.0008Y16.1064
G01 X142.9849Y16.1238
G01 X142.9594Y16.1482
G01 X142.9154Y16.1856
G01 X142.8836Y16.2087
G01 X142.8379Y16.2369
G01 X142.8174Y16.2485
G01 X142.7856Y16.2639
G01 X142.7396Y16.2829
G01 X142.7212Y16.2898
G01 X142.6873Y16.2999
G01 X142.6389Y16.3115
G01 X142.6196Y16.3154
G01 X142.5846Y16.3201
G01 X142.5206Y16.3248
G00 Z20.0000
G00 X142.5122Y16.3249
G01 Z20.0000
G01 X142.4872Y16.8349
G01 X142.4702Y16.9492
G00 Z20.0000
G00 X142.0938Y16.7000
G01 Z20.0000
G01 X142.1122Y16.3250
G01 X141.7122Y16.3250
G01 X141.6938Y16.7000
G01 X141.2938Y16.7000
G01 X141.3138Y16.2930
G00 Z20.0000
G00 X140.9295Y15.9730
G01 Z20.0000
G01 X140.8949Y16.6781
G01 X140.8916Y16.7000
G01 X140.4877Y16.7000
G01 X140.4968Y16.6389
G01 X140.7000Y12.5026
G01 X140.5770Y9.9991
G00 Z20.0000
G00 X140.1870Y10.2016
G01 Z20.0000
G01 X140.3000Y12.5026
G01 X140.0987Y16.5997
G01 X140.0838Y16.7000
G01 X139.6800Y16.7000
G01 X139.7006Y16.5605
G01 X139.9000Y12.5026
G01 X139.7910Y10.2848
G00 Z20.0000
G00 X139.3913Y10.2900
G01 Z20.0000
G01 X139.5000Y12.5026
G01 X139.3026Y16.5213
G01 X139.2761Y16.7000
G00 Z20.0000
G00 X138.8689Y16.7223
G01 Z20.0000
G01 X138.9045Y16.4821
G01 X139.1000Y12.5026
G01 X138.9913Y10.2900
G01 X138.5913Y10.2900
G01 X138.7000Y12.5026
G01 X138.5064Y16.4429
G01 X137.9276Y20.3452
G01 X136.9690Y24.1720
G01 X136.9411Y24.2500
G01 X136.5168Y24.2500
G01 X136.5862Y24.0559
G01 X137.5353Y20.2672
G01 X138.1084Y16.4037
G01 X138.3000Y12.5026
G01 X138.1905Y10.2737
G00 Z20.0000
G00 X137.7849Y10.1598
G01 Z20.0000
G01 X137.9000Y12.5026
G01 X137.7103Y16.3645
G01 X137.1429Y20.1891
G01 X136.2034Y23.9398
G01 X136.0925Y24.2500
G01 X135.6681Y24.2500
G01 X135.8207Y23.8237
G01 X136.7506Y20.1111
G01 X137.3122Y16.3252
G01 X137.5000Y12.5026
G01 X137.3718Y9.8936
G00 Z20.0000
G00 X136.9398Y9.2419
G01 Z20.0000
G01 X137.1000Y12.5026
G01 X136.9141Y16.2860
G01 X136.3583Y20.0331
G01 X135.4379Y23.7076
G01 X135.2438Y24.2500
G00 Z20.0000
G00 X142.3037Y24.2500
G01 Z20.0000
G01 X143.0277Y21.3597
G01 X143.6814Y16.9526
G01 X143.9000Y12.5026
G01 X143.6814Y8.0526
G01 X143.0277Y3.6455
G01 X142.3024Y0.7500
G01 X142.7142Y0.7500
G01 X143.4200Y3.5674
G01 X144.0795Y8.0134
G01 X144.3000Y12.5026
G01 X144.2399Y13.7255
G00 Z20.0000
G00 X144.6424Y13.6750
G01 Z20.0000
G01 X144.7000Y12.5026
G01 X144.4775Y7.9742
G01 X143.8123Y3.4894
G01 X143.1261Y0.7500
G01 X143.5380Y0.7500
G01 X144.2046Y3.4114
G01 X144.8756Y7.9350
G01 X145.1000Y12.5026
G01 X145.0424Y13.6750
G01 X145.4424Y13.6750
G01 X145.5000Y12.5026
G01 X145.2737Y7.8958
G01 X144.5969Y3.3333
G01 X143.9498Y0.7500
G01 X144.3617Y0.7500
G01 X144.9892Y3.2553
G01 X145.6718Y7.8566
G01 X145.9000Y12.5026
G01 X145.8374Y13.7773
G01 X146.3000Y12.5026
G01 X146.1500Y15.5559
G00 Z20.0000
G00 X146.1392Y15.7761
G01 Z20.0000
G01 X146.0938Y16.7000
G01 X145.6938Y16.7000
G01 X145.7143Y16.2830
G00 Z20.0000
G00 X145.4956Y16.3248
G01 Z20.0000
G01 X144.4886Y16.3250
G01 X144.4612Y16.3238
G01 X144.4076Y16.3194
G01 X144.3804Y16.3154
G01 X144.3573Y16.3107
G01 X144.3051Y16.2979
G01 X144.2788Y16.2898
G01 X144.2568Y16.2815
G01 X144.2072Y16.2607
G01 X144.1826Y16.2485
G01 X144.1621Y16.2369
G01 X144.1164Y16.2087
G01 X144.0939Y16.1928
G01 X144.0785Y16.1806
G01 X144.0436Y16.1508
G01 X144.0262Y16.1349
G01 X144.0070Y16.1153
G01 X143.9694Y16.0715
G01 X143.9572Y16.0561
G01 X143.9371Y16.0270
G01 X143.9071Y15.9778
G01 X143.8943Y15.9534
G01 X143.8846Y15.9320
G01 X143.8642Y15.8822
G01 X143.8554Y15.8562
G01 X143.8491Y15.8335
G01 X143.8368Y15.7812
G01 X143.8321Y15.7541
G01 X143.8295Y15.7307
G01 X143.8252Y15.6692
G01 X143.8250Y14.3425
G01 X143.8262Y14.3112
G01 X143.8299Y14.2654
G01 X143.8321Y14.2459
G01 X143.8385Y14.2111
G01 X143.8501Y14.1627
G01 X143.8554Y14.1438
G01 X143.8642Y14.1178
G01 X143.8846Y14.0680
G01 X143.8943Y14.0466
G01 X143.9071Y14.0222
G01 X143.9371Y13.9730
G01 X143.9572Y13.9439
G01 X143.9694Y13.9285
G01 X143.9992Y13.8936
G01 X144.0151Y13.8762
G01 X144.0347Y13.8570
G01 X144.0785Y13.8194
G01 X144.0939Y13.8072
G01 X144.1230Y13.7871
G01 X144.1722Y13.7571
G01 X144.1966Y13.7443
G01 X144.2180Y13.7346
G01 X144.2677Y13.7142
G01 X144.2938Y13.7054
G01 X144.3165Y13.6991
G01 X144.3688Y13.6868
G01 X144.3959Y13.6821
G01 X144.4193Y13.6795
G01 X144.4729Y13.6755
G01 X145.4825Y13.6750
G01 X145.5074Y13.6758
G01 X145.5491Y13.6787
G01 X145.5845Y13.6829
G01 X145.6429Y13.6950
G01 X145.6636Y13.7002
G01 X145.6909Y13.7087
G01 X145.7400Y13.7270
G01 X145.7662Y13.7384
G01 X145.8188Y13.7664
G01 X145.8373Y13.7772
G01 X145.8668Y13.7973
G01 X145.9030Y13.8245
G01 X145.9249Y13.8428
G01 X145.9675Y13.8845
G01 X145.9915Y13.9109
G01 X146.0277Y13.9582
G01 X146.0401Y13.9757
G01 X146.0551Y14.0000
G01 X146.0802Y14.0460
G01 X146.0925Y14.0718
G01 X146.1006Y14.0916
G01 X146.1208Y14.1477
G01 X146.1284Y14.1752
G01 X146.1395Y14.2264
G01 X146.1441Y14.2546
G01 X146.1463Y14.2759
G01 X146.1498Y14.3318
G01 X146.1500Y15.6614
G01 X146.1488Y15.6888
G01 X146.1451Y15.7346
G01 X146.1429Y15.7541
G01 X146.1382Y15.7812
G01 X146.1249Y15.8373
G01 X146.1196Y15.8562
G01 X146.1108Y15.8822
G01 X146.0857Y15.9428
G01 X146.0679Y15.9778
G01 X146.0337Y16.0336
G01 X146.0106Y16.0654
G01 X145.9758Y16.1064
G01 X145.9599Y16.1238
G01 X145.9344Y16.1482
G01 X145.8904Y16.1856
G01 X145.8586Y16.2087
G01 X145.8129Y16.2369
G01 X145.7924Y16.2485
G01 X145.7606Y16.2639
G01 X145.7146Y16.2829
G01 X145.6962Y16.2898
G01 X145.6623Y16.2999
G01 X145.6139Y16.3115
G01 X145.5946Y16.3154
G01 X145.5596Y16.3201
G01 X145.4956Y16.3248
G00 Z20.0000
G00 X145.3122Y16.3250
G01 Z20.0000
G01 X145.2938Y16.7000
G00 Z20.0000
G00 X144.8938Y16.7001
G01 Z20.0000
G01 X144.9122Y16.3250
G01 X144.5122Y16.3250
G01 X144.4775Y17.0310
G01 X143.8123Y21.5157
G01 X143.1274Y24.2500
G01 X143.5392Y24.2500
G01 X144.2046Y21.5938
G01 X144.5954Y18.9590
G00 Z20.0000
G00 X144.9784Y19.1000
G01 Z20.0000
G01 X144.8594Y19.9023
G00 Z20.0000
G00 X145.2636Y19.9000
G01 Z20.0000
G01 X145.3823Y19.1000
G01 X145.7862Y19.1000
G01 X145.6675Y19.9000
G01 X146.0714Y19.9000
G01 X146.1901Y19.1000
G01 X146.5940Y19.1000
G01 X146.4753Y19.9000
G01 X146.8792Y19.9000
G01 X146.9979Y19.1000
G01 X147.4017Y19.1000
G01 X147.2831Y19.9000
G01 X147.6870Y19.9000
G01 X147.8056Y19.1000
G00 Z20.0000
G00 X148.2193Y19.0343
G01 Z20.0000
G01 X148.0893Y19.9103
G00 Z20.0000
G00 X148.4000Y20.5387
G01 Z20.0000
G01 X148.8563Y17.4622
G01 X149.1000Y12.5026
G01 X148.9887Y10.2378
G00 Z20.0000
G00 X148.5913Y10.2900
G01 Z20.0000
G01 X148.7000Y12.5026
G01 X148.4583Y17.4230
G01 X148.4000Y17.8159
G00 Z20.0000
G00 X148.0932Y16.7112
G01 Z20.0000
G01 X148.3000Y12.5026
G01 X148.1913Y10.2900
G01 X147.7913Y10.2900
G01 X147.9000Y12.5026
G01 X147.6938Y16.7000
G01 X147.2938Y16.7000
G01 X147.5000Y12.5026
G01 X147.3913Y10.2900
G00 Z20.0000
G00 X146.9895Y10.2524
G01 Z20.0000
G01 X147.1000Y12.5026
G01 X146.8938Y16.7000
G01 X146.4938Y16.7000
G01 X146.7000Y12.5026
G01 X146.5820Y10.1000
G00 Z20.0000
G00 X146.1656Y9.7668
G01 Z20.0000
G01 X146.3000Y12.5026
G01 X149.5000Y12.5026
G01 X149.2544Y17.5014
G01 X148.5200Y22.4522
G01 X148.0697Y24.2500
G01 X147.6579Y24.2500
G01 X148.1277Y22.3741
G01 X148.1427Y22.2735
G00 Z20.0000
G00 X147.7344Y22.3000
G01 Z20.0000
G01 X147.2460Y24.2500
G01 X146.8341Y24.2500
G01 X147.3226Y22.3000
G01 X146.9107Y22.3000
G01 X146.4223Y24.2500
G01 X146.0104Y24.2500
G01 X146.4989Y22.3000
G01 X146.0870Y22.3000
G01 X145.5986Y24.2500
G01 X145.1867Y24.2500
G01 X145.6751Y22.3000
G01 X145.2633Y22.3000
G01 X144.7748Y24.2500
G01 X144.3630Y24.2500
G01 X144.8522Y22.2970
G00 Z20.0000
G00 X144.5138Y22.0035
G01 Z20.0000
G01 X143.9511Y24.2500
G01 X142.7155Y24.2500
G01 X143.4200Y21.4377
G01 X144.0795Y16.9918
G01 X144.1179Y16.2096
G01 X144.5005Y17.0804
G01 X144.5031Y17.0510
G01 X144.5098Y17.0124
G01 X144.5203Y16.9746
G01 X144.5344Y16.9379
G01 X144.5521Y16.9029
G01 X144.5622Y16.8861
G01 X144.5848Y16.8540
G01 X144.6104Y16.8243
G01 X144.6388Y16.7972
G01 X144.6697Y16.7731
G01 X144.6861Y16.7622
G01 X144.7202Y16.7428
G01 X144.7561Y16.7269
G01 X144.7933Y16.7146
G01 X144.8124Y16.7098
G01 X144.8511Y16.7031
G01 X144.8706Y16.7012
G01 X144.9000Y16.7000
G01 X148.0000Y16.7000
G01 X148.0294Y16.7012
G01 X148.0489Y16.7031
G01 X148.0876Y16.7098
G01 X148.1254Y16.7203
G01 X148.1620Y16.7344
G01 X148.1971Y16.7521
G01 X148.2303Y16.7731
G01 X148.2612Y16.7972
G01 X148.2896Y16.8243
G01 X148.3152Y16.8540
G01 X148.3378Y16.8861
G01 X148.3572Y16.9202
G01 X148.3731Y16.9561
G01 X148.3854Y16.9933
G01 X148.3940Y17.0316
G01 X148.3988Y17.0706
G01 X148.4000Y17.1000
G01 X148.4000Y18.7000
G01 X148.3988Y18.7294
G01 X148.3969Y18.7490
G01 X148.3902Y18.7876
G01 X148.3797Y18.8254
G01 X148.3656Y18.8621
G01 X148.3479Y18.8971
G01 X148.3378Y18.9139
G01 X148.3269Y18.9303
G01 X148.3028Y18.9612
G01 X148.2757Y18.9896
G01 X148.2612Y19.0028
G01 X148.2303Y19.0269
G01 X148.1971Y19.0479
G01 X148.1620Y19.0656
G01 X148.1254Y19.0797
G01 X148.1067Y19.0854
G01 X148.0876Y19.0902
G01 X148.0489Y19.0969
G01 X148.0294Y19.0988
G01 X148.0049Y19.0999
G01 X144.9000Y19.1000
G01 X144.8706Y19.0988
G01 X144.8316Y19.0940
G01 X144.7933Y19.0854
G01 X144.7561Y19.0731
G01 X144.7202Y19.0572
G01 X144.6861Y19.0378
G01 X144.6697Y19.0269
G01 X144.6388Y19.0028
G01 X144.6104Y18.9757
G01 X144.5848Y18.9460
G01 X144.5622Y18.9139
G01 X144.5521Y18.8971
G01 X144.5344Y18.8621
G01 X144.5269Y18.8439
G01 X144.5146Y18.8067
G01 X144.5060Y18.7684
G01 X144.5012Y18.7294
G01 X144.5000Y18.7000
G01 X144.5005Y17.0804
G00 Z20.0000
G00 X144.5005Y20.2804
G01 Z20.0000
G01 X144.5031Y20.2510
G01 X144.5098Y20.2124
G01 X144.5203Y20.1746
G01 X144.5344Y20.1379
G01 X144.5521Y20.1029
G01 X144.5622Y20.0861
G01 X144.5848Y20.0540
G01 X144.6104Y20.0243
G01 X144.6388Y19.9972
G01 X144.6697Y19.9731
G01 X144.6861Y19.9622
G01 X144.7202Y19.9428
G01 X144.7561Y19.9269
G01 X144.7933Y19.9146
G01 X144.8316Y19.9060
G01 X144.8706Y19.9012
G01 X144.9000Y19.9000
G01 X148.0000Y19.9000
G01 X148.0294Y19.9012
G01 X148.0489Y19.9031
G01 X148.0876Y19.9098
G01 X148.1254Y19.9203
G01 X148.1620Y19.9344
G01 X148.1798Y19.9428
G01 X148.2139Y19.9622
G01 X148.2460Y19.9848
G01 X148.2757Y20.0104
G01 X148.2896Y20.0243
G01 X148.3028Y20.0388
G01 X148.3269Y20.0697
G01 X148.3479Y20.1029
G01 X148.3656Y20.1379
G01 X148.3731Y20.1561
G01 X148.3854Y20.1933
G01 X148.3902Y20.2124
G01 X148.3969Y20.2510
G01 X148.3988Y20.2706
G01 X148.4000Y20.3000
G01 X148.3999Y21.9049
G01 X148.3988Y21.9294
G01 X148.3969Y21.9490
G01 X148.3902Y21.9876
G01 X148.3797Y22.0254
G01 X148.3656Y22.0621
G01 X148.3479Y22.0971
G01 X148.3378Y22.1139
G01 X148.3152Y22.1460
G01 X148.2896Y22.1757
G01 X148.2757Y22.1896
G01 X148.2612Y22.2028
G01 X148.2303Y22.2269
G01 X148.2139Y22.2378
G01 X148.1798Y22.2572
G01 X148.1620Y22.2656
G01 X148.1254Y22.2797
G01 X148.1067Y22.2854
G01 X148.0684Y22.2940
G01 X148.0489Y22.2969
G01 X148.0147Y22.2997
G01 X144.9000Y22.3000
G01 X144.8706Y22.2988
G01 X144.8511Y22.2969
G01 X144.8124Y22.2902
G01 X144.7746Y22.2797
G01 X144.7380Y22.2656
G01 X144.7202Y22.2572
G01 X144.6861Y22.2378
G01 X144.6540Y22.2152
G01 X144.6243Y22.1896
G01 X144.6104Y22.1757
G01 X144.5972Y22.1612
G01 X144.5731Y22.1303
G01 X144.5521Y22.0971
G01 X144.5344Y22.0621
G01 X144.5269Y22.0439
G01 X144.5146Y22.0067
G01 X144.5098Y21.9876
G01 X144.5031Y21.9490
G01 X144.5012Y21.9294
G01 X144.5000Y21.9000
G01 X144.5005Y20.2804
G00 Z20.0000
G00 X148.4816Y24.2500
G01 Z20.0000
G01 X148.9124Y22.5302
G01 X149.6525Y17.5407
G01 X149.9000Y12.5026
G01 X149.7650Y9.7551
G00 Z20.0000
G00 X149.3807Y10.0745
G01 Z20.0000
G01 X149.5000Y12.5026
G01 X150.3000Y12.5026
G01 X150.1265Y8.9699
G00 Z20.0000
G00 X150.0965Y8.3611
G01 Z20.0000
G01 X150.0506Y7.4253
G01 X149.6590Y4.7857
G00 Z20.0000
G00 X149.2933Y5.0428
G01 Z20.0000
G01 X149.6525Y7.4645
G01 X149.6599Y7.6151
G00 Z20.0000
G00 X149.2281Y7.3264
G01 Z20.0000
G01 X148.9094Y5.1776
G00 Z20.0000
G00 X148.5103Y5.2100
G01 Z20.0000
G01 X148.8063Y7.2058
G00 Z20.0000
G00 X148.4001Y7.1900
G01 Z20.0000
G01 X148.1064Y5.2100
G01 X147.7025Y5.2100
G01 X147.9962Y7.1900
G01 X147.5923Y7.1900
G01 X147.2985Y5.2092
G00 Z20.0000
G00 X146.8853Y5.1461
G01 Z20.0000
G01 X147.1894Y7.1962
G00 Z20.0000
G00 X147.3152Y7.1901
G01 Z20.0000
G01 X148.6024Y7.1901
G01 X148.7273Y7.1960
G01 X148.7518Y7.1980
G01 X148.8780Y7.2164
G01 X148.9118Y7.2230
G01 X149.0260Y7.2515
G01 X149.0496Y7.2582
G01 X149.1836Y7.3062
G01 X149.2061Y7.3159
G01 X149.3213Y7.3708
G01 X149.3427Y7.3827
G01 X149.4395Y7.4407
G01 X149.4682Y7.4597
G01 X149.5628Y7.5298
G01 X149.5932Y7.5547
G01 X149.6768Y7.6304
G01 X149.6944Y7.6475
G01 X149.7900Y7.7529
G01 X149.8052Y7.7722
G01 X149.8810Y7.8748
G01 X149.8943Y7.8955
G01 X149.9596Y8.0050
G01 X149.9708Y8.0269
G01 X150.0251Y8.1423
G01 X150.0341Y8.1652
G01 X150.0768Y8.2854
G01 X150.0835Y8.3090
G01 X150.1142Y8.4328
G01 X150.1186Y8.4570
G01 X150.1370Y8.5832
G01 X150.1390Y8.6077
G01 X150.1449Y8.7351
G01 X150.1445Y8.7596
G01 X150.1380Y8.8870
G01 X150.1351Y8.9114
G01 X150.1161Y9.0376
G01 X150.1109Y9.0615
G01 X150.0796Y9.1852
G01 X150.0721Y9.2086
G01 X150.0288Y9.3286
G01 X150.0191Y9.3511
G01 X149.9642Y9.4663
G01 X149.9523Y9.4877
G01 X149.8865Y9.5970
G01 X149.8725Y9.6172
G01 X149.7962Y9.7195
G01 X149.7803Y9.7382
G01 X149.6944Y9.8325
G01 X149.6768Y9.8496
G01 X149.5821Y9.9350
G01 X149.5628Y9.9502
G01 X149.4722Y10.0175
G01 X149.4395Y10.0393
G01 X149.3427Y10.0973
G01 X149.3213Y10.1092
G01 X149.1927Y10.1701
G01 X149.1698Y10.1791
G01 X149.0636Y10.2171
G01 X149.0260Y10.2285
G01 X148.9022Y10.2592
G01 X148.8780Y10.2636
G01 X148.7664Y10.2801
G01 X148.7273Y10.2840
G01 X148.5950Y10.2900
G01 X147.3250Y10.2900
G01 X147.1927Y10.2840
G01 X147.1536Y10.2801
G01 X147.0274Y10.2611
G01 X147.0035Y10.2559
G01 X146.8798Y10.2246
G01 X146.8564Y10.2171
G01 X146.7364Y10.1738
G01 X146.7139Y10.1641
G01 X146.5987Y10.1092
G01 X146.5773Y10.0973
G01 X146.4680Y10.0315
G01 X146.4478Y10.0175
G01 X146.3455Y9.9412
G01 X146.3268Y9.9253
G01 X146.2325Y9.8394
G01 X146.2154Y9.8218
G01 X146.1300Y9.7271
G01 X146.1148Y9.7078
G01 X146.0475Y9.6172
G01 X146.0257Y9.5845
G01 X145.9677Y9.4877
G01 X145.9558Y9.4663
G01 X145.8949Y9.3377
G01 X145.8859Y9.3148
G01 X145.8479Y9.2086
G01 X145.8365Y9.1710
G01 X145.8058Y9.0472
G01 X145.8014Y9.0230
G01 X145.7849Y8.9114
G01 X145.7810Y8.8723
G01 X145.7755Y8.7596
G01 X145.7751Y8.7351
G01 X145.7810Y8.6077
G01 X145.7849Y8.5686
G01 X145.8014Y8.4570
G01 X145.8058Y8.4328
G01 X145.8378Y8.3042
G01 X145.8479Y8.2714
G01 X145.8859Y8.1652
G01 X145.9009Y8.1289
G01 X145.9558Y8.0137
G01 X145.9677Y7.9923
G01 X146.0257Y7.8955
G01 X146.0475Y7.8628
G01 X146.1148Y7.7722
G01 X146.1300Y7.7529
G01 X146.2256Y7.6475
G01 X146.2432Y7.6304
G01 X146.3268Y7.5547
G01 X146.3572Y7.5298
G01 X146.4478Y7.4625
G01 X146.4680Y7.4485
G01 X146.5900Y7.3754
G01 X146.6119Y7.3642
G01 X146.7139Y7.3159
G01 X146.7502Y7.3009
G01 X146.8704Y7.2582
G01 X146.8940Y7.2515
G01 X147.0035Y7.2241
G01 X147.0420Y7.2164
G01 X147.1536Y7.1999
G01 X147.1780Y7.1970
G01 X147.3152Y7.1901
G00 Z20.0000
G00 X146.7984Y7.2836
G01 Z20.0000
G01 X146.4507Y4.9396
G00 Z20.0000
G00 X145.9680Y4.4083
G01 Z20.0000
G01 X146.4237Y7.4804
G00 Z20.0000
G00 X146.0705Y7.8318
G01 Z20.0000
G01 X146.0698Y7.8174
G01 X145.3815Y3.1773
G01 X144.7735Y0.7500
G01 X145.1854Y0.7500
G01 X145.7739Y3.0992
G01 X145.8092Y3.3378
G00 Z20.0000
G00 X146.0916Y2.7234
G01 Z20.0000
G01 X145.5973Y0.7500
G01 X146.0091Y0.7500
G01 X146.4227Y2.4011
G00 Z20.0000
G00 X146.7862Y2.2080
G01 Z20.0000
G01 X146.4210Y0.7500
G01 X146.8328Y0.7500
G01 X147.1753Y2.1173
G00 Z20.0000
G00 X147.3152Y2.1101
G01 Z20.0000
G01 X148.6024Y2.1101
G01 X148.7273Y2.1160
G01 X148.7518Y2.1180
G01 X148.8780Y2.1364
G01 X148.9118Y2.1430
G01 X149.0260Y2.1715
G01 X149.0496Y2.1782
G01 X149.1836Y2.2262
G01 X149.2061Y2.2359
G01 X149.3213Y2.2908
G01 X149.3427Y2.3027
G01 X149.4395Y2.3607
G01 X149.4722Y2.3825
G01 X149.5667Y2.4527
G01 X149.5932Y2.4747
G01 X149.6768Y2.5504
G01 X149.6944Y2.5675
G01 X149.7900Y2.6729
G01 X149.8052Y2.6922
G01 X149.8810Y2.7948
G01 X149.8943Y2.8155
G01 X149.9596Y2.9250
G01 X149.9708Y2.9469
G01 X150.0251Y3.0623
G01 X150.0341Y3.0852
G01 X150.0768Y3.2054
G01 X150.0835Y3.2290
G01 X150.1142Y3.3528
G01 X150.1186Y3.3770
G01 X150.1370Y3.5032
G01 X150.1390Y3.5277
G01 X150.1449Y3.6551
G01 X150.1445Y3.6796
G01 X150.1380Y3.8070
G01 X150.1351Y3.8314
G01 X150.1161Y3.9576
G01 X150.1109Y3.9815
G01 X150.0796Y4.1052
G01 X150.0721Y4.1286
G01 X150.0288Y4.2486
G01 X150.0191Y4.2711
G01 X149.9642Y4.3863
G01 X149.9523Y4.4077
G01 X149.8865Y4.5170
G01 X149.8725Y4.5372
G01 X149.7962Y4.6395
G01 X149.7803Y4.6582
G01 X149.6944Y4.7525
G01 X149.6768Y4.7696
G01 X149.5821Y4.8550
G01 X149.5628Y4.8702
G01 X149.4722Y4.9375
G01 X149.4395Y4.9593
G01 X149.3427Y5.0173
G01 X149.3213Y5.0292
G01 X149.1927Y5.0901
G01 X149.1698Y5.0991
G01 X149.0636Y5.1371
G01 X149.0260Y5.1485
G01 X148.9165Y5.1759
G01 X148.8926Y5.1811
G01 X148.7664Y5.2001
G01 X148.7273Y5.2040
G01 X148.5950Y5.2100
G01 X147.3250Y5.2100
G01 X147.1927Y5.2040
G01 X147.1536Y5.2001
G01 X147.0274Y5.1811
G01 X147.0035Y5.1759
G01 X146.8798Y5.1446
G01 X146.8564Y5.1371
G01 X146.7364Y5.0938
G01 X146.7139Y5.0841
G01 X146.5987Y5.0292
G01 X146.5773Y5.0173
G01 X146.4680Y4.9515
G01 X146.4478Y4.9375
G01 X146.3455Y4.8612
G01 X146.3268Y4.8453
G01 X146.2325Y4.7594
G01 X146.2154Y4.7418
G01 X146.1300Y4.6471
G01 X146.1148Y4.6278
G01 X146.0475Y4.5372
G01 X146.0257Y4.5045
G01 X145.9677Y4.4077
G01 X145.9558Y4.3863
G01 X145.8949Y4.2577
G01 X145.8859Y4.2348
G01 X145.8479Y4.1286
G01 X145.8365Y4.0910
G01 X145.8058Y3.9672
G01 X145.8014Y3.9430
G01 X145.7849Y3.8314
G01 X145.7810Y3.7923
G01 X145.7755Y3.6796
G01 X145.7751Y3.6551
G01 X145.7810Y3.5277
G01 X145.7849Y3.4886
G01 X145.8014Y3.3770
G01 X145.8058Y3.3528
G01 X145.8378Y3.2242
G01 X145.8479Y3.1914
G01 X145.8859Y3.0852
G01 X145.9009Y3.0489
G01 X145.9558Y2.9337
G01 X145.9677Y2.9123
G01 X146.0257Y2.8155
G01 X146.0475Y2.7828
G01 X146.1148Y2.6922
G01 X146.1300Y2.6729
G01 X146.2256Y2.5675
G01 X146.2432Y2.5504
G01 X146.3268Y2.4747
G01 X146.3572Y2.4498
G01 X146.4478Y2.3825
G01 X146.4680Y2.3685
G01 X146.5900Y2.2954
G01 X146.6119Y2.2842
G01 X146.7139Y2.2359
G01 X146.7502Y2.2209
G01 X146.8704Y2.1782
G01 X146.8940Y2.1715
G01 X147.0035Y2.1441
G01 X147.0420Y2.1364
G01 X147.1536Y2.1199
G01 X147.1780Y2.1170
G01 X147.3152Y2.1101
G00 Z20.0000
G00 X147.5854Y2.1100
G01 Z20.0000
G01 X147.2447Y0.7500
G01 X147.6566Y0.7500
G01 X147.9972Y2.1100
G01 X148.4091Y2.1100
G01 X148.0684Y0.7500
G01 X148.4803Y0.7500
G01 X148.8256Y2.1287
G00 Z20.0000
G00 X149.2722Y2.2672
G01 Z20.0000
G01 X148.8922Y0.7500
G01 X149.3040Y0.7500
G01 X149.6970Y2.3189
G01 X149.7415Y2.6190
G00 Z20.0000
G00 X149.9943Y4.3234
G01 Z20.0000
G01 X150.4486Y7.3861
G01 X150.7000Y12.5026
G01 X150.7000Y12.5026
G01 X150.7000Y12.5026
G01 X150.4486Y17.6191
G01 X149.6970Y22.6863
G01 X149.3053Y24.2500
G01 X148.8934Y24.2500
G01 X149.3047Y22.6083
G01 X150.0506Y17.5799
G01 X150.3000Y12.5026
G01 X151.1000Y12.5026
G01 X150.8467Y17.6583
G01 X150.0893Y22.7643
G01 X149.7172Y24.2500
G01 X150.1290Y24.2500
G01 X150.4816Y22.8424
G01 X151.2448Y17.6975
G01 X151.5000Y12.5026
G01 X151.5000Y12.5026
G01 X151.5000Y12.5026
G01 X151.2448Y7.3077
G01 X150.4816Y2.1628
G01 X150.1277Y0.7500
G01 X149.7159Y0.7500
G01 X150.0893Y2.2408
G01 X150.8467Y7.3469
G01 X151.1000Y12.5026
G01 X151.9000Y12.5026
G01 X151.6429Y17.7367
G01 X150.8739Y22.9204
G01 X150.5409Y24.2500
G01 X150.9527Y24.2500
G01 X151.2662Y22.9984
G01 X152.0409Y17.7759
G01 X152.3000Y12.5026
G01 X152.3000Y12.5026
G01 X152.3000Y12.5026
G01 X152.0409Y7.2293
G01 X151.2662Y2.0067
G01 X150.9515Y0.7500
G01 X150.5396Y0.7500
G01 X150.8739Y2.0848
G01 X151.6429Y7.2685
G01 X151.9000Y12.5026
G01 X152.7000Y12.5026
G01 X152.4390Y7.1900
G01 X151.6586Y1.9287
G01 X151.3633Y0.7500
G01 X151.7752Y0.7500
G01 X152.0509Y1.8506
G01 X152.8371Y7.1508
G01 X153.1000Y12.5026
G01 X152.8371Y17.8543
G01 X152.0509Y23.1545
G01 X151.7765Y24.2500
G01 X152.1883Y24.2500
G01 X152.4432Y23.2325
G01 X153.2352Y17.8935
G01 X153.5000Y12.5026
G01 X153.2352Y7.1116
G01 X152.4432Y1.7726
G01 X152.1870Y0.7500
G01 X152.5989Y0.7500
G01 X152.8355Y1.6946
G01 X153.6332Y7.0724
G01 X153.9000Y12.5026
G01 X153.6332Y17.9327
G01 X152.8355Y23.3106
G01 X152.6002Y24.2500
G01 X153.0121Y24.2500
G01 X153.2278Y23.3886
G01 X154.0313Y17.9719
G01 X154.3000Y12.5026
G01 X154.0313Y7.0332
G01 X153.2278Y1.6165
G01 X153.0108Y0.7500
G01 X153.4226Y0.7500
G01 X153.6201Y1.5385
G01 X154.4294Y6.9940
G01 X154.7000Y12.5026
G01 X154.4294Y18.0111
G01 X153.6201Y23.4667
G01 X153.4239Y24.2500
G01 X153.8358Y24.2500
G01 X154.0124Y23.5447
G01 X154.8275Y18.0503
G01 X155.1000Y12.5026
G01 X154.8275Y6.9548
G01 X154.0124Y1.4605
G01 X153.8345Y0.7500
G01 X154.2463Y0.7500
G01 X154.4048Y1.3824
G01 X155.2255Y6.9156
G01 X155.4926Y12.3529
G00 Z20.0000
G00 X155.4909Y12.6883
G01 Z20.0000
G01 X155.2255Y18.0896
G01 X154.4048Y23.6227
G01 X154.2476Y24.2500
G01 X154.6595Y24.2500
G01 X154.7971Y23.7008
G01 X155.6236Y18.1288
G01 X155.8163Y14.2053
G00 Z20.0000
G00 X156.2084Y14.3665
G01 Z20.0000
G01 X156.0217Y18.1680
G01 X155.1894Y23.7788
G01 X155.0714Y24.2500
G01 X155.4832Y24.2500
G01 X155.5817Y23.8568
G01 X156.4198Y18.2072
G01 X156.6105Y14.3250
G00 Z20.0000
G00 X157.0262Y14.0052
G01 Z20.0000
G01 X156.8178Y18.2464
G01 X155.9740Y23.9349
G01 X155.8951Y24.2500
G01 X156.3069Y24.2500
G01 X156.3663Y24.0129
G01 X157.2159Y18.2856
G01 X157.5000Y12.5026
G01 X157.2159Y6.7196
G01 X156.3663Y0.9922
G01 X156.3057Y0.7500
G01 X155.8938Y0.7500
G01 X155.9740Y1.0703
G01 X156.8178Y6.7588
G01 X157.0821Y12.1392
G00 Z20.0000
G00 X156.6628Y11.7452
G01 Z20.0000
G01 X156.4198Y6.7980
G01 X155.5817Y1.1483
G01 X155.4819Y0.7500
G01 X155.0701Y0.7500
G01 X155.1894Y1.2264
G01 X156.0217Y6.8372
G01 X156.2595Y11.6777
G00 Z20.0000
G00 X155.8660Y11.8098
G01 Z20.0000
G01 X155.6236Y6.8764
G01 X154.7971Y1.3044
G01 X154.6582Y0.7500
G01 X156.7175Y0.7500
G01 X156.7586Y0.9142
G01 X157.6140Y6.6804
G01 X157.9000Y12.5026
G01 X157.6140Y18.3248
G01 X156.7586Y24.0909
G01 X156.7188Y24.2500
G01 X157.1307Y24.2500
G01 X157.1510Y24.1690
G01 X158.0120Y18.3640
G01 X158.3000Y12.5026
G01 X158.0120Y6.6411
G01 X157.1510Y0.8362
G01 X157.1294Y0.7500
G01 X157.5412Y0.7500
G01 X157.5433Y0.7581
G01 X158.4101Y6.6019
G01 X158.7000Y12.5026
G01 X158.4101Y18.4032
G01 X157.5425Y24.2500
G01 X157.9467Y24.2500
G01 X158.8082Y18.4424
G01 X159.1000Y12.5026
G01 X158.8082Y6.5627
G01 X157.9460Y0.7500
G01 X158.3498Y0.7500
G01 X159.2063Y6.5235
G01 X159.5000Y12.5026
G01 X159.2063Y18.4816
G01 X158.3506Y24.2500
G01 X158.7545Y24.2500
G01 X159.6043Y18.5208
G01 X159.9000Y12.5026
G01 X159.6043Y6.4843
G01 X158.7537Y0.7500
G01 X159.1576Y0.7500
G01 X160.0024Y6.4451
G01 X160.3000Y12.5026
G01 X160.0024Y18.5600
G01 X159.1584Y24.2500
G01 X159.5623Y24.2500
G01 X160.4005Y18.5992
G01 X160.7000Y12.5026
G01 X160.4005Y6.4059
G01 X159.5615Y0.7500
G01 X159.9654Y0.7500
G01 X160.7986Y6.3667
G01 X161.1000Y12.5026
G01 X160.7986Y18.6384
G01 X159.9662Y24.2500
G01 X160.3701Y24.2500
G01 X161.1966Y18.6777
G01 X161.5000Y12.5026
G01 X161.1966Y6.3275
G01 X160.3693Y0.7500
G01 X160.7732Y0.7500
G01 X161.5947Y6.2883
G01 X161.9000Y12.5026
G01 X161.5947Y18.7169
G01 X160.7739Y24.2500
G01 X161.1778Y24.2500
G01 X161.9928Y18.7561
G01 X162.3000Y12.5026
G01 X161.9928Y6.2491
G01 X161.1771Y0.7500
G01 X161.5810Y0.7500
G01 X162.3909Y6.2099
G01 X162.7000Y12.5026
G01 X162.3909Y18.7953
G01 X161.5817Y24.2500
G01 X161.9856Y24.2500
G01 X162.7889Y18.8345
G01 X163.1000Y12.5026
G01 X162.7889Y6.1707
G01 X161.9849Y0.7500
G01 X162.3887Y0.7500
G01 X163.1870Y6.1315
G01 X163.5000Y12.5026
G01 X163.1870Y18.8737
G01 X162.3895Y24.2500
G01 X162.7934Y24.2500
G01 X163.5851Y18.9129
G01 X163.9000Y12.5026
G01 X163.5851Y6.0923
G01 X162.7926Y0.7500
G01 X163.1965Y0.7500
G01 X163.9832Y6.0530
G01 X164.2251Y10.9776
G00 Z20.0000
G00 X164.6018Y10.5032
G01 Z20.0000
G01 X164.3812Y6.0138
G01 X163.6004Y0.7500
G01 X164.0043Y0.7500
G01 X164.7793Y5.9746
G01 X164.9878Y10.2190
G00 Z20.0000
G00 X165.3794Y10.0469
G01 Z20.0000
G01 X165.1774Y5.9354
G01 X164.4082Y0.7500
G01 X164.8121Y0.7500
G01 X165.5755Y5.8962
G01 X165.7752Y9.9629
G00 Z20.0000
G00 X166.1750Y9.9581
G01 Z20.0000
G01 X165.9735Y5.8570
G01 X165.2160Y0.7500
G01 X165.6199Y0.7500
G01 X166.3716Y5.8178
G01 X166.5787Y10.0337
G00 Z20.0000
G00 X166.9871Y10.2039
G01 Z20.0000
G01 X166.7697Y5.7786
G01 X166.0238Y0.7500
G01 X166.4276Y0.7500
G01 X167.1677Y5.7394
G01 X167.4019Y10.5066
G00 Z20.0000
G00 X167.8301Y11.0793
G01 Z20.0000
G01 X167.5658Y5.7002
G01 X166.8315Y0.7500
G01 X167.2354Y0.7500
G01 X167.9639Y5.6610
G01 X168.3000Y12.5026
G01 X167.9639Y19.3442
G01 X167.2362Y24.2500
G01 X166.8323Y24.2500
G01 X167.5658Y19.3050
G01 X167.8852Y12.8042
G00 Z20.0000
G00 X167.4537Y13.4453
G01 Z20.0000
G01 X167.1677Y19.2658
G01 X166.4284Y24.2500
G01 X166.0245Y24.2500
G01 X166.7697Y19.2266
G01 X167.0380Y13.7656
G00 Z20.0000
G00 X166.6289Y13.9501
G01 Z20.0000
G01 X166.3716Y19.1873
G01 X165.6206Y24.2500
G01 X165.2167Y24.2500
G01 X165.9735Y19.1481
G01 X166.2246Y14.0371
G00 Z20.0000
G00 X165.8244Y14.0419
G01 Z20.0000
G01 X165.5755Y19.1089
G01 X164.8128Y24.2500
G01 X164.4090Y24.2500
G01 X165.1774Y19.0697
G01 X165.4280Y13.9680
G00 Z20.0000
G00 X165.0358Y13.8090
G01 Z20.0000
G01 X164.7793Y19.0305
G01 X164.0051Y24.2500
G01 X163.6012Y24.2500
G01 X164.3812Y18.9913
G01 X164.6491Y13.5396
G00 Z20.0000
G00 X164.2707Y13.0985
G01 Z20.0000
G01 X163.9832Y18.9521
G01 X163.1973Y24.2500
G00 Z20.0000
G00 X167.6401Y24.2500
G01 Z20.0000
G01 X168.3620Y19.3834
G01 X168.7000Y12.5026
G01 X168.3620Y5.6218
G01 X167.6393Y0.7500
G01 X168.0432Y0.7500
G01 X168.7600Y5.5826
G01 X169.1000Y12.5026
G01 X168.7600Y19.4226
G01 X168.0440Y24.2500
G01 X168.4479Y24.2500
G01 X169.1581Y19.4618
G01 X169.5000Y12.5026
G01 X169.1581Y5.5434
G01 X168.4471Y0.7500
G01 X168.8510Y0.7500
G01 X169.5562Y5.5042
G01 X169.9000Y12.5026
G01 X169.5562Y19.5010
G01 X168.8517Y24.2500
G01 X169.2556Y24.2500
G01 X169.9543Y19.5402
G01 X170.3000Y12.5026
G01 X169.9543Y5.4649
G01 X169.2549Y0.7500
G01 X169.6588Y0.7500
G01 X170.3523Y5.4257
G01 X170.7000Y12.5026
G01 X170.3523Y19.5794
G01 X169.6595Y24.2500
G01 X170.0634Y24.2500
G01 X170.7504Y19.6186
G01 X171.1000Y12.5026
G01 X170.7504Y5.3865
G01 X170.0626Y0.7500
G01 X170.4665Y0.7500
G01 X171.1485Y5.3473
G01 X171.5000Y12.5026
G01 X171.1485Y19.6578
G01 X170.4673Y24.2500
G01 X170.8712Y24.2500
G01 X171.5466Y19.6970
G01 X171.9000Y12.5026
G01 X171.5466Y5.3081
G01 X170.8704Y0.7500
G01 X171.2743Y0.7500
G01 X171.9446Y5.2689
G01 X172.3000Y12.5026
G01 X171.9446Y19.7362
G01 X171.2751Y24.2500
G01 X171.6790Y24.2500
G01 X172.3427Y19.7754
G01 X172.7000Y12.5026
G01 X172.3427Y5.2297
G01 X171.6782Y0.7500
G01 X172.0821Y0.7500
G01 X172.7408Y5.1905
G01 X173.1000Y12.5026
G01 X172.7408Y19.8147
G01 X172.0829Y24.2500
G01 X172.4867Y24.2500
G01 X173.1389Y19.8539
G01 X173.5000Y12.5026
G01 X173.1389Y5.1513
G01 X172.4860Y0.7500
G01 X172.8899Y0.7500
G01 X173.5369Y5.1121
G01 X173.9000Y12.5026
G01 X173.5369Y19.8931
G01 X172.8906Y24.2500
G01 X173.2945Y24.2500
G01 X173.9350Y19.9323
G01 X174.3000Y12.5026
G01 X173.9350Y5.0729
G01 X173.2938Y0.7500
G01 X173.6977Y0.7500
G01 X174.3331Y5.0337
G01 X174.7000Y12.5026
G01 X174.3331Y19.9715
G01 X173.6984Y24.2500
G01 X174.1023Y24.2500
G01 X174.7312Y20.0107
G01 X175.1000Y12.5026
G01 X174.7312Y4.9945
G01 X174.1015Y0.7500
G01 X174.5054Y0.7500
G01 X175.1292Y4.9553
G01 X175.5000Y12.5026
G01 X175.1292Y20.0499
G01 X174.5062Y24.2500
G01 X174.9101Y24.2500
G01 X175.5273Y20.0891
G01 X175.9000Y12.5026
G01 X175.5273Y4.9160
G01 X174.9093Y0.7500
G01 X175.3132Y0.7500
G01 X175.9254Y4.8768
G01 X176.3000Y12.5026
G01 X175.9254Y20.1283
G01 X175.3140Y24.2500
G01 X175.7179Y24.2500
G01 X176.3234Y20.1675
G01 X176.7000Y12.5026
G01 X176.3234Y4.8376
G01 X175.7171Y0.7500
G01 X176.1210Y0.7500
G01 X176.7215Y4.7984
G01 X177.1000Y12.5026
G01 X176.7215Y20.2067
G01 X176.1218Y24.2500
G01 X176.5256Y24.2500
G01 X177.1196Y20.2459
G01 X177.5000Y12.5026
G01 X177.1196Y4.7592
G01 X176.5249Y0.7500
G01 X176.9288Y0.7500
G01 X177.5177Y4.7200
G01 X177.9000Y12.5026
G01 X177.5177Y20.2851
G01 X176.9295Y24.2500
G01 X177.3334Y24.2500
G01 X177.9157Y20.3243
G01 X178.3000Y12.5026
G01 X177.9157Y4.6808
G01 X177.3327Y0.7500
G01 X177.7366Y0.7500
G01 X178.3138Y4.6416
G01 X178.7000Y12.5026
G01 X178.3138Y20.3635
G01 X177.7373Y24.2500
G01 X178.1412Y24.2500
G01 X178.7119Y20.4028
G01 X179.1000Y12.5026
G01 X178.7119Y4.6024
G01 X178.1404Y0.7500
G01 X178.5443Y0.7500
G01 X179.1100Y4.5632
G01 X179.5000Y12.5026
G01 X179.1100Y20.4420
G01 X178.5451Y24.2500
G01 X178.9490Y24.2500
G01 X179.5080Y20.4812
G01 X179.9000Y12.5026
G01 X179.5080Y4.5240
G01 X178.9482Y0.7500
G01 X179.3521Y0.7500
G01 X179.9061Y4.4848
G01 X180.3000Y12.5026
G01 X179.9061Y20.5204
G01 X179.3529Y24.2500
G01 X179.7568Y24.2500
G01 X180.3042Y20.5596
G01 X180.7000Y12.5026
G01 X180.3042Y4.4456
G01 X179.7560Y0.7500
G01 X180.1599Y0.7500
G01 X180.7023Y4.4064
G01 X181.1000Y12.5026
G01 X180.7023Y20.5988
G01 X180.1607Y24.2500
G01 X180.5645Y24.2500
G01 X181.1003Y20.6380
G01 X181.5000Y12.5026
G01 X181.1003Y4.3672
G01 X180.5638Y0.7500
G01 X180.9677Y0.7500
G01 X181.4984Y4.3279
G01 X181.9000Y12.5026
G01 X181.4984Y20.6772
G01 X180.9684Y24.2500
G01 X181.3723Y24.2500
G01 X181.8965Y20.7164
G01 X182.3000Y12.5026
G01 X182.1604Y9.6615
G00 Z20.0000
G00 X182.5795Y10.0507
G01 Z20.0000
G01 X182.7000Y12.5026
G01 X182.2946Y20.7556
G01 X181.7762Y24.2500
G01 X182.1801Y24.2500
G01 X182.6926Y20.7948
G01 X183.1000Y12.5026
G01 X182.9885Y10.2321
G00 Z20.0000
G00 X183.3913Y10.2898
G01 Z20.0000
G01 X183.5000Y12.5026
G01 X183.0907Y20.8340
G01 X182.5840Y24.2500
G01 X182.9879Y24.2500
G01 X183.4888Y20.8732
G01 X183.6000Y18.6092
G00 Z20.0000
G00 X183.9759Y19.0991
G01 Z20.0000
G01 X183.9363Y19.9053
G00 Z20.0000
G00 X184.3366Y19.9000
G01 Z20.0000
G01 X184.3759Y19.1000
G01 X184.7759Y19.1000
G01 X184.7366Y19.9000
G01 X185.1366Y19.9000
G01 X185.1759Y19.1000
G01 X185.5759Y19.1000
G01 X185.5366Y19.9000
G01 X185.9366Y19.9000
G01 X185.9759Y19.1000
G01 X186.3759Y19.1000
G01 X186.3366Y19.9000
G01 X186.7366Y19.9000
G01 X186.7759Y19.1000
G00 Z20.0000
G00 X187.1763Y19.0924
G01 Z20.0000
G01 X187.1365Y19.9019
G00 Z20.0000
G00 X187.5000Y20.6448
G01 Z20.0000
G01 X187.7138Y16.2921
G00 Z20.0000
G00 X187.5206Y16.3248
G01 Z20.0000
G01 X186.5136Y16.3250
G01 X186.4862Y16.3238
G01 X186.4326Y16.3194
G01 X186.4054Y16.3154
G01 X186.3823Y16.3107
G01 X186.3301Y16.2979
G01 X186.3038Y16.2898
G01 X186.2818Y16.2815
G01 X186.2322Y16.2607
G01 X186.2076Y16.2485
G01 X186.1871Y16.2369
G01 X186.1414Y16.2087
G01 X186.1189Y16.1928
G01 X186.1035Y16.1806
G01 X186.0686Y16.1508
G01 X186.0512Y16.1349
G01 X186.0320Y16.1153
G01 X185.9944Y16.0715
G01 X185.9822Y16.0561
G01 X185.9621Y16.0270
G01 X185.9321Y15.9778
G01 X185.9193Y15.9534
G01 X185.9096Y15.9320
G01 X185.8892Y15.8822
G01 X185.8804Y15.8562
G01 X185.8741Y15.8335
G01 X185.8618Y15.7812
G01 X185.8571Y15.7541
G01 X185.8545Y15.7307
G01 X185.8502Y15.6692
G01 X185.8500Y14.3425
G01 X185.8512Y14.3112
G01 X185.8549Y14.2654
G01 X185.8571Y14.2459
G01 X185.8635Y14.2111
G01 X185.8751Y14.1627
G01 X185.8804Y14.1438
G01 X185.8892Y14.1178
G01 X185.9096Y14.0680
G01 X185.9193Y14.0466
G01 X185.9321Y14.0222
G01 X185.9621Y13.9730
G01 X185.9822Y13.9439
G01 X185.9944Y13.9285
G01 X186.0242Y13.8936
G01 X186.0401Y13.8762
G01 X186.0597Y13.8570
G01 X186.1035Y13.8194
G01 X186.1189Y13.8072
G01 X186.1480Y13.7871
G01 X186.1972Y13.7571
G01 X186.2216Y13.7443
G01 X186.2430Y13.7346
G01 X186.2927Y13.7142
G01 X186.3188Y13.7054
G01 X186.3415Y13.6991
G01 X186.3938Y13.6868
G01 X186.4209Y13.6821
G01 X186.4443Y13.6795
G01 X186.4979Y13.6755
G01 X187.5075Y13.6750
G01 X187.5324Y13.6758
G01 X187.5741Y13.6787
G01 X187.6095Y13.6829
G01 X187.6679Y13.6950
G01 X187.6886Y13.7002
G01 X187.7159Y13.7087
G01 X187.7650Y13.7270
G01 X187.7912Y13.7384
G01 X187.8438Y13.7664
G01 X187.8623Y13.7772
G01 X187.8918Y13.7973
G01 X187.9280Y13.8245
G01 X187.9499Y13.8428
G01 X187.9925Y13.8845
G01 X188.0165Y13.9109
G01 X188.0527Y13.9582
G01 X188.0651Y13.9757
G01 X188.0801Y14.0000
G01 X188.1052Y14.0460
G01 X188.1175Y14.0718
G01 X188.1256Y14.0916
G01 X188.1458Y14.1477
G01 X188.1534Y14.1752
G01 X188.1645Y14.2264
G01 X188.1691Y14.2546
G01 X188.1713Y14.2759
G01 X188.1748Y14.3318
G01 X188.1750Y15.6614
G01 X188.1738Y15.6888
G01 X188.1701Y15.7346
G01 X188.1679Y15.7541
G01 X188.1632Y15.7812
G01 X188.1499Y15.8373
G01 X188.1446Y15.8562
G01 X188.1358Y15.8822
G01 X188.1107Y15.9428
G01 X188.0929Y15.9778
G01 X188.0587Y16.0336
G01 X188.0356Y16.0654
G01 X188.0008Y16.1064
G01 X187.9849Y16.1238
G01 X187.9594Y16.1482
G01 X187.9154Y16.1856
G01 X187.8836Y16.2087
G01 X187.8379Y16.2369
G01 X187.8174Y16.2485
G01 X187.7856Y16.2639
G01 X187.7396Y16.2829
G01 X187.7212Y16.2898
G01 X187.6873Y16.2999
G01 X187.6389Y16.3115
G01 X187.6196Y16.3154
G01 X187.5846Y16.3201
G01 X187.5206Y16.3248
G00 Z20.0000
G00 X187.3122Y16.3250
G01 Z20.0000
G01 X187.2914Y16.7490
G00 Z20.0000
G00 X186.8938Y16.7000
G01 Z20.0000
G01 X186.9122Y16.3250
G00 Z20.0000
G00 X186.5122Y16.3249
G01 Z20.0000
G01 X186.4938Y16.7000
G01 X186.0938Y16.7000
G01 X186.1187Y16.1926
G01 X185.6938Y16.7000
G01 X185.9000Y12.5026
G01 X185.7691Y9.8379
G00 Z20.0000
G00 X185.3829Y10.1183
G01 Z20.0000
G01 X185.5000Y12.5026
G01 X185.2938Y16.7000
G01 X184.8938Y16.7000
G01 X185.1000Y12.5026
G01 X184.9897Y10.2575
G00 Z20.0000
G00 X184.5913Y10.2900
G01 Z20.0000
G01 X184.7000Y12.5026
G01 X184.4938Y16.7000
G01 X184.0938Y16.7000
G01 X184.3000Y12.5026
G01 X184.1913Y10.2900
G01 X183.7913Y10.2900
G01 X183.9000Y12.5026
G01 X183.6863Y16.8521
G00 Z20.0000
G00 X183.6005Y17.0804
G01 Z20.0000
G01 X183.6031Y17.0510
G01 X183.6098Y17.0124
G01 X183.6203Y16.9746
G01 X183.6344Y16.9379
G01 X183.6521Y16.9029
G01 X183.6622Y16.8861
G01 X183.6848Y16.8540
G01 X183.7104Y16.8243
G01 X183.7388Y16.7972
G01 X183.7697Y16.7731
G01 X183.7861Y16.7622
G01 X183.8202Y16.7428
G01 X183.8561Y16.7269
G01 X183.8933Y16.7146
G01 X183.9316Y16.7060
G01 X183.9706Y16.7012
G01 X184.0000Y16.7000
G01 X187.1000Y16.7000
G01 X187.1294Y16.7012
G01 X187.1489Y16.7031
G01 X187.1876Y16.7098
G01 X187.2254Y16.7203
G01 X187.2620Y16.7344
G01 X187.2798Y16.7428
G01 X187.3139Y16.7622
G01 X187.3460Y16.7848
G01 X187.3757Y16.8104
G01 X187.3896Y16.8243
G01 X187.4028Y16.8388
G01 X187.4269Y16.8697
G01 X187.4479Y16.9029
G01 X187.4656Y16.9379
G01 X187.4731Y16.9561
G01 X187.4854Y16.9933
G01 X187.4902Y17.0124
G01 X187.4969Y17.0510
G01 X187.4988Y17.0706
G01 X187.5000Y17.1000
G01 X187.4999Y18.7049
G01 X187.4988Y18.7294
G01 X187.4969Y18.7490
G01 X187.4902Y18.7876
G01 X187.4797Y18.8254
G01 X187.4656Y18.8621
G01 X187.4479Y18.8971
G01 X187.4378Y18.9139
G01 X187.4152Y18.9460
G01 X187.3896Y18.9757
G01 X187.3757Y18.9896
G01 X187.3612Y19.0028
G01 X187.3303Y19.0269
G01 X187.3139Y19.0378
G01 X187.2798Y19.0572
G01 X187.2620Y19.0656
G01 X187.2254Y19.0797
G01 X187.2067Y19.0854
G01 X187.1684Y19.0940
G01 X187.1489Y19.0969
G01 X187.1147Y19.0997
G01 X184.0000Y19.1000
G01 X183.9706Y19.0988
G01 X183.9511Y19.0969
G01 X183.9124Y19.0902
G01 X183.8746Y19.0797
G01 X183.8380Y19.0656
G01 X183.8202Y19.0572
G01 X183.7861Y19.0378
G01 X183.7540Y19.0152
G01 X183.7243Y18.9896
G01 X183.7104Y18.9757
G01 X183.6972Y18.9612
G01 X183.6731Y18.9303
G01 X183.6521Y18.8971
G01 X183.6344Y18.8621
G01 X183.6269Y18.8439
G01 X183.6146Y18.8067
G01 X183.6098Y18.7876
G01 X183.6031Y18.7490
G01 X183.6012Y18.7294
G01 X183.6000Y18.7000
G01 X183.6005Y17.0804
G00 Z20.0000
G00 X183.6005Y20.2804
G01 Z20.0000
G01 X183.6031Y20.2510
G01 X183.6098Y20.2124
G01 X183.6203Y20.1746
G01 X183.6344Y20.1379
G01 X183.6521Y20.1029
G01 X183.6622Y20.0861
G01 X183.6848Y20.0540
G01 X183.7104Y20.0243
G01 X183.7388Y19.9972
G01 X183.7697Y19.9731
G01 X183.7861Y19.9622
G01 X183.8202Y19.9428
G01 X183.8561Y19.9269
G01 X183.8933Y19.9146
G01 X183.9316Y19.9060
G01 X183.9706Y19.9012
G01 X184.0000Y19.9000
G01 X187.1000Y19.9000
G01 X187.1294Y19.9012
G01 X187.1489Y19.9031
G01 X187.1876Y19.9098
G01 X187.2254Y19.9203
G01 X187.2620Y19.9344
G01 X187.2798Y19.9428
G01 X187.3139Y19.9622
G01 X187.3460Y19.9848
G01 X187.3757Y20.0104
G01 X187.3896Y20.0243
G01 X187.4028Y20.0388
G01 X187.4269Y20.0697
G01 X187.4479Y20.1029
G01 X187.4656Y20.1379
G01 X187.4731Y20.1561
G01 X187.4854Y20.1933
G01 X187.4902Y20.2124
G01 X187.4969Y20.2510
G01 X187.4988Y20.2706
G01 X187.5000Y20.3000
G01 X187.4999Y21.9049
G01 X187.4988Y21.9294
G01 X187.4969Y21.9490
G01 X187.4902Y21.9876
G01 X187.4797Y22.0254
G01 X187.4656Y22.0621
G01 X187.4479Y22.0971
G01 X187.4378Y22.1139
G01 X187.4152Y22.1460
G01 X187.3896Y22.1757
G01 X187.3757Y22.1896
G01 X187.3612Y22.2028
G01 X187.3303Y22.2269
G01 X187.3139Y22.2378
G01 X187.2798Y22.2572
G01 X187.2620Y22.2656
G01 X187.2254Y22.2797
G01 X187.2067Y22.2854
G01 X187.1684Y22.2940
G01 X187.1489Y22.2969
G01 X187.1147Y22.2997
G01 X184.0000Y22.3000
G01 X183.9706Y22.2988
G01 X183.9511Y22.2969
G01 X183.9124Y22.2902
G01 X183.8746Y22.2797
G01 X183.8380Y22.2656
G01 X183.8202Y22.2572
G01 X183.7861Y22.2378
G01 X183.7540Y22.2152
G01 X183.7243Y22.1896
G01 X183.7104Y22.1757
G01 X183.6972Y22.1612
G01 X183.6731Y22.1303
G01 X183.6521Y22.0971
G01 X183.6344Y22.0621
G01 X183.6269Y22.0439
G01 X183.6146Y22.0067
G01 X183.6098Y21.9876
G01 X183.6031Y21.9490
G01 X183.6012Y21.9294
G01 X183.6000Y21.9000
G01 X183.6005Y20.2804
G00 Z20.0000
G00 X183.7010Y22.1654
G01 Z20.0000
G01 X183.3918Y24.2500
G01 X183.7957Y24.2500
G01 X184.0849Y22.3000
G01 X184.4888Y22.3000
G01 X184.1995Y24.2500
G01 X184.6034Y24.2500
G01 X184.8927Y22.3000
G01 X185.2966Y22.3000
G01 X185.0073Y24.2500
G01 X185.4112Y24.2500
G01 X185.7005Y22.3000
G01 X186.1044Y22.3000
G01 X185.8151Y24.2500
G01 X186.2190Y24.2500
G01 X186.5083Y22.3000
G01 X186.9121Y22.3000
G01 X186.6229Y24.2500
G01 X187.0268Y24.2500
G01 X187.3265Y22.2294
G01 X187.4307Y24.2500
G01 X187.8676Y21.3045
G01 X188.1337Y15.8876
G01 X188.9276Y16.0116
G01 X188.6637Y21.3829
G01 X188.2384Y24.2500
G01 X188.6423Y24.2500
G01 X189.0618Y21.4221
G01 X189.3134Y16.3001
G00 Z20.0000
G00 X189.7122Y16.3250
G01 Z20.0000
G01 X189.6909Y16.7593
G00 Z20.0000
G00 X189.5005Y17.0804
G01 Z20.0000
G01 X189.5031Y17.0510
G01 X189.5098Y17.0124
G01 X189.5203Y16.9746
G01 X189.5344Y16.9379
G01 X189.5521Y16.9029
G01 X189.5622Y16.8861
G01 X189.5848Y16.8540
G01 X189.6104Y16.8243
G01 X189.6388Y16.7972
G01 X189.6697Y16.7731
G01 X189.6861Y16.7622
G01 X189.7202Y16.7428
G01 X189.7561Y16.7269
G01 X189.7933Y16.7146
G01 X189.8316Y16.7060
G01 X189.8706Y16.7012
G01 X189.9000Y16.7000
G01 X193.0000Y16.7000
G01 X193.0294Y16.7012
G01 X193.0489Y16.7031
G01 X193.0876Y16.7098
G01 X193.1254Y16.7203
G01 X193.1620Y16.7344
G01 X193.1798Y16.7428
G01 X193.2139Y16.7622
G01 X193.2460Y16.7848
G01 X193.2757Y16.8104
G01 X193.2896Y16.8243
G01 X193.3028Y16.8388
G01 X193.3269Y16.8697
G01 X193.3479Y16.9029
G01 X193.3656Y16.9379
G01 X193.3731Y16.9561
G01 X193.3854Y16.9933
G01 X193.3902Y17.0124
G01 X193.3969Y17.0510
G01 X193.3988Y17.0706
G01 X193.4000Y17.1000
G01 X193.3999Y18.7049
G01 X193.3988Y18.7294
G01 X193.3969Y18.7490
G01 X193.3902Y18.7876
G01 X193.3797Y18.8254
G01 X193.3656Y18.8621
G01 X193.3479Y18.8971
G01 X193.3378Y18.9139
G01 X193.3152Y18.9460
G01 X193.2896Y18.9757
G01 X193.2757Y18.9896
G01 X193.2612Y19.0028
G01 X193.2303Y19.0269
G01 X193.2139Y19.0378
G01 X193.1798Y19.0572
G01 X193.1620Y19.0656
G01 X193.1254Y19.0797
G01 X193.1067Y19.0854
G01 X193.0684Y19.0940
G01 X193.0489Y19.0969
G01 X193.0147Y19.0997
G01 X189.9000Y19.1000
G01 X189.8706Y19.0988
G01 X189.8511Y19.0969
G01 X189.8124Y19.0902
G01 X189.7746Y19.0797
G01 X189.7380Y19.0656
G01 X189.7202Y19.0572
G01 X189.6861Y19.0378
G01 X189.6540Y19.0152
G01 X189.6243Y18.9896
G01 X189.6104Y18.9757
G01 X189.5972Y18.9612
G01 X189.5731Y18.9303
G01 X189.5521Y18.8971
G01 X189.5344Y18.8621
G01 X189.5269Y18.8439
G01 X189.5146Y18.8067
G01 X189.5098Y18.7876
G01 X189.5031Y18.7490
G01 X189.5012Y18.7294
G01 X189.5000Y18.7000
G01 X189.5005Y17.0804
G00 Z20.0000
G00 X190.0938Y16.7000
G01 Z20.0000
G01 X190.1122Y16.3250
G00 Z20.0000
G00 X190.4956Y16.3248
G01 Z20.0000
G01 X189.4886Y16.3250
G01 X189.4612Y16.3238
G01 X189.4076Y16.3194
G01 X189.3804Y16.3154
G01 X189.3573Y16.3107
G01 X189.3051Y16.2979
G01 X189.2788Y16.2898
G01 X189.2568Y16.2815
G01 X189.2072Y16.2607
G01 X189.1826Y16.2485
G01 X189.1621Y16.2369
G01 X189.1164Y16.2087
G01 X189.0939Y16.1928
G01 X189.0785Y16.1806
G01 X189.0436Y16.1508
G01 X189.0262Y16.1349
G01 X189.0070Y16.1153
G01 X188.9694Y16.0715
G01 X188.9572Y16.0561
G01 X188.9371Y16.0270
G01 X188.9071Y15.9778
G01 X188.8943Y15.9534
G01 X188.8846Y15.9320
G01 X188.8642Y15.8822
G01 X188.8554Y15.8562
G01 X188.8491Y15.8335
G01 X188.8368Y15.7812
G01 X188.8321Y15.7541
G01 X188.8295Y15.7307
G01 X188.8252Y15.6692
G01 X188.8250Y14.3425
G01 X188.8262Y14.3112
G01 X188.8299Y14.2654
G01 X188.8321Y14.2459
G01 X188.8385Y14.2111
G01 X188.8501Y14.1627
G01 X188.8554Y14.1438
G01 X188.8642Y14.1178
G01 X188.8846Y14.0680
G01 X188.8943Y14.0466
G01 X188.9071Y14.0222
G01 X188.9371Y13.9730
G01 X188.9572Y13.9439
G01 X188.9694Y13.9285
G01 X188.9992Y13.8936
G01 X189.0151Y13.8762
G01 X189.0347Y13.8570
G01 X189.0785Y13.8194
G01 X189.0939Y13.8072
G01 X189.1230Y13.7871
G01 X189.1722Y13.7571
G01 X189.1966Y13.7443
G01 X189.2180Y13.7346
G01 X189.2677Y13.7142
G01 X189.2938Y13.7054
G01 X189.3165Y13.6991
G01 X189.3688Y13.6868
G01 X189.3959Y13.6821
G01 X189.4193Y13.6795
G01 X189.4729Y13.6755
G01 X190.4825Y13.6750
G01 X190.5074Y13.6758
G01 X190.5491Y13.6787
G01 X190.5845Y13.6829
G01 X190.6429Y13.6950
G01 X190.6636Y13.7002
G01 X190.6909Y13.7087
G01 X190.7400Y13.7270
G01 X190.7662Y13.7384
G01 X190.8188Y13.7664
G01 X190.8373Y13.7772
G01 X190.8668Y13.7973
G01 X190.9030Y13.8245
G01 X190.9249Y13.8428
G01 X190.9675Y13.8845
G01 X190.9915Y13.9109
G01 X191.0277Y13.9582
G01 X191.0401Y13.9757
G01 X191.0551Y14.0000
G01 X191.0802Y14.0460
G01 X191.0925Y14.0718
G01 X191.1006Y14.0916
G01 X191.1208Y14.1477
G01 X191.1284Y14.1752
G01 X191.1395Y14.2264
G01 X191.1441Y14.2546
G01 X191.1463Y14.2759
G01 X191.1498Y14.3318
G01 X191.1500Y15.6614
G01 X191.1488Y15.6888
G01 X191.1451Y15.7346
G01 X191.1429Y15.7541
G01 X191.1382Y15.7812
G01 X191.1249Y15.8373
G01 X191.1196Y15.8562
G01 X191.1108Y15.8822
G01 X191.0857Y15.9428
G01 X191.0679Y15.9778
G01 X191.0337Y16.0336
G01 X191.0106Y16.0654
G01 X190.9758Y16.1064
G01 X190.9599Y16.1238
G01 X190.9344Y16.1482
G01 X190.8904Y16.1856
G01 X190.8586Y16.2087
G01 X190.8129Y16.2369
G01 X190.7924Y16.2485
G01 X190.7606Y16.2639
G01 X190.7146Y16.2829
G01 X190.6962Y16.2898
G01 X190.6623Y16.2999
G01 X190.6139Y16.3115
G01 X190.5946Y16.3154
G01 X190.5596Y16.3201
G01 X190.4956Y16.3248
G00 Z20.0000
G00 X190.5123Y16.3239
G01 Z20.0000
G01 X190.4938Y16.7000
G01 X190.8938Y16.7000
G01 X190.9203Y16.1603
G01 X191.2938Y16.7000
G01 X191.5000Y12.5026
G01 X191.3753Y9.9637
G00 Z20.0000
G00 X191.7865Y10.1921
G01 Z20.0000
G01 X191.9000Y12.5026
G01 X191.6938Y16.7000
G01 X192.0938Y16.7000
G01 X192.3000Y12.5026
G01 X192.1910Y10.2839
G00 Z20.0000
G00 X192.5913Y10.2900
G01 Z20.0000
G01 X192.7000Y12.5026
G01 X192.4938Y16.7000
G01 X192.8938Y16.7000
G01 X193.1000Y12.5026
G01 X192.9913Y10.2900
G01 X193.3913Y10.2900
G01 X193.5000Y12.5026
G01 X193.2878Y16.8224
G00 Z20.0000
G00 X193.1780Y19.0581
G01 Z20.0000
G01 X193.1354Y19.9239
G00 Z20.0000
G00 X192.7366Y19.9000
G01 Z20.0000
G01 X192.7759Y19.1000
G01 X192.3759Y19.1000
G01 X192.3366Y19.9000
G01 X191.9366Y19.9000
G01 X191.9759Y19.1000
G01 X191.5759Y19.1000
G01 X191.5366Y19.9000
G01 X191.1366Y19.9000
G01 X191.1759Y19.1000
G01 X190.7759Y19.1000
G01 X190.7366Y19.9000
G01 X190.3366Y19.9000
G01 X190.3759Y19.1000
G01 X189.9759Y19.1000
G01 X189.9366Y19.9000
G00 Z20.0000
G00 X189.5235Y20.1655
G01 Z20.0000
G01 X189.5835Y18.9444
G00 Z20.0000
G00 X189.5005Y20.2804
G01 Z20.0000
G01 X189.5031Y20.2510
G01 X189.5098Y20.2124
G01 X189.5203Y20.1746
G01 X189.5344Y20.1379
G01 X189.5521Y20.1029
G01 X189.5622Y20.0861
G01 X189.5848Y20.0540
G01 X189.6104Y20.0243
G01 X189.6388Y19.9972
G01 X189.6697Y19.9731
G01 X189.6861Y19.9622
G01 X189.7202Y19.9428
G01 X189.7561Y19.9269
G01 X189.7933Y19.9146
G01 X189.8316Y19.9060
G01 X189.8706Y19.9012
G01 X189.9000Y19.9000
G01 X193.0000Y19.9000
G01 X193.0294Y19.9012
G01 X193.0489Y19.9031
G01 X193.0876Y19.9098
G01 X193.1254Y19.9203
G01 X193.1620Y19.9344
G01 X193.1798Y19.9428
G01 X193.2139Y19.9622
G01 X193.2460Y19.9848
G01 X193.2757Y20.0104
G01 X193.2896Y20.0243
G01 X193.3028Y20.0388
G01 X193.3269Y20.0697
G01 X193.3479Y20.1029
G01 X193.3656Y20.1379
G01 X193.3731Y20.1561
G01 X193.3854Y20.1933
G01 X193.3902Y20.2124
G01 X193.3969Y20.2510
G01 X193.3988Y20.2706
G01 X193.4000Y20.3000
G01 X193.3999Y21.9049
G01 X193.3988Y21.9294
G01 X193.3969Y21.9490
G01 X193.3902Y21.9876
G01 X193.3797Y22.0254
G01 X193.3656Y22.0621
G01 X193.3479Y22.0971
G01 X193.3378Y22.1139
G01 X193.3152Y22.1460
G01 X193.2896Y22.1757
G01 X193.2757Y22.1896
G01 X193.2612Y22.2028
G01 X193.2303Y22.2269
G01 X193.2139Y22.2378
G01 X193.1798Y22.2572
G01 X193.1620Y22.2656
G01 X193.1254Y22.2797
G01 X193.1067Y22.2854
G01 X193.0684Y22.2940
G01 X193.0489Y22.2969
G01 X193.0147Y22.2997
G01 X189.9000Y22.3000
G01 X189.8706Y22.2988
G01 X189.8511Y22.2969
G01 X189.8124Y22.2902
G01 X189.7746Y22.2797
G01 X189.7380Y22.2656
G01 X189.7202Y22.2572
G01 X189.6861Y22.2378
G01 X189.6540Y22.2152
G01 X189.6243Y22.1896
G01 X189.6104Y22.1757
G01 X189.5972Y22.1612
G01 X189.5731Y22.1303
G01 X189.5521Y22.0971
G01 X189.5344Y22.0621
G01 X189.5269Y22.0439
G01 X189.5146Y22.0067
G01 X189.5098Y21.9876
G01 X189.5031Y21.9490
G01 X189.5012Y21.9294
G01 X189.5000Y21.9000
G01 X189.5005Y20.2804
G00 Z20.0000
G00 X189.5000Y20.6448
G01 Z20.0000
G01 X189.4599Y21.4613
G01 X189.0462Y24.2500
G01 X189.4501Y24.2500
G01 X189.7441Y22.2681
G00 Z20.0000
G00 X190.1433Y22.3000
G01 Z20.0000
G01 X189.8540Y24.2500
G01 X190.2579Y24.2500
G01 X190.5471Y22.3000
G01 X190.9510Y22.3000
G01 X190.6618Y24.2500
G01 X191.0657Y24.2500
G01 X191.3549Y22.3000
G01 X191.7588Y22.3000
G01 X191.4696Y24.2500
G01 X191.8735Y24.2500
G01 X192.1627Y22.3000
G01 X192.5666Y22.3000
G01 X192.2773Y24.2500
G01 X192.6812Y24.2500
G01 X192.9705Y22.3000
G01 X193.0851Y24.2500
G01 X193.4406Y21.8534
G01 X193.9000Y12.5026
G01 X193.7906Y10.2765
G00 Z20.0000
G00 X194.1856Y10.1730
G01 Z20.0000
G01 X194.3000Y12.5026
G01 X193.8387Y21.8926
G01 X193.4890Y24.2500
G01 X193.8929Y24.2500
G01 X194.2368Y21.9318
G01 X194.7000Y12.5026
G01 X194.5742Y9.9415
G00 Z20.0000
G00 X194.9519Y9.4884
G01 Z20.0000
G01 X195.1000Y12.5026
G01 X194.6348Y21.9710
G01 X194.2968Y24.2500
G01 X194.7007Y24.2500
G01 X195.0329Y22.0102
G01 X195.5000Y12.5026
G01 X195.0862Y4.0801
G00 Z20.0000
G00 X194.7180Y4.7270
G01 Z20.0000
G01 X194.8720Y7.8622
G00 Z20.0000
G00 X194.4517Y7.4483
G01 Z20.0000
G01 X194.3326Y5.0231
G00 Z20.0000
G00 X193.9398Y5.1701
G01 Z20.0000
G01 X194.0423Y7.2560
G00 Z20.0000
G00 X193.6391Y7.1917
G01 Z20.0000
G01 X193.5417Y5.2100
G01 X193.1417Y5.2100
G01 X193.2390Y7.1900
G01 X192.8390Y7.1900
G01 X192.7417Y5.2100
G01 X192.3417Y5.2100
G01 X192.4390Y7.1900
G00 Z20.0000
G00 X192.3152Y7.1901
G01 Z20.0000
G01 X193.6024Y7.1901
G01 X193.7273Y7.1960
G01 X193.7518Y7.1980
G01 X193.8780Y7.2164
G01 X193.9118Y7.2230
G01 X194.0260Y7.2515
G01 X194.0496Y7.2582
G01 X194.1836Y7.3062
G01 X194.2061Y7.3159
G01 X194.3213Y7.3708
G01 X194.3427Y7.3827
G01 X194.4395Y7.4407
G01 X194.4682Y7.4597
G01 X194.5628Y7.5298
G01 X194.5932Y7.5547
G01 X194.6768Y7.6304
G01 X194.6944Y7.6475
G01 X194.7900Y7.7529
G01 X194.8052Y7.7722
G01 X194.8810Y7.8748
G01 X194.8943Y7.8955
G01 X194.9596Y8.0050
G01 X194.9708Y8.0269
G01 X195.0251Y8.1423
G01 X195.0341Y8.1652
G01 X195.0768Y8.2854
G01 X195.0835Y8.3090
G01 X195.1142Y8.4328
G01 X195.1186Y8.4570
G01 X195.1370Y8.5832
G01 X195.1390Y8.6077
G01 X195.1449Y8.7351
G01 X195.1445Y8.7596
G01 X195.1380Y8.8870
G01 X195.1351Y8.9114
G01 X195.1161Y9.0376
G01 X195.1109Y9.0615
G01 X195.0796Y9.1852
G01 X195.0721Y9.2086
G01 X195.0288Y9.3286
G01 X195.0191Y9.3511
G01 X194.9642Y9.4663
G01 X194.9523Y9.4877
G01 X194.8865Y9.5970
G01 X194.8725Y9.6172
G01 X194.7962Y9.7195
G01 X194.7803Y9.7382
G01 X194.6944Y9.8325
G01 X194.6768Y9.8496
G01 X194.5821Y9.9350
G01 X194.5628Y9.9502
G01 X194.4722Y10.0175
G01 X194.4395Y10.0393
G01 X194.3427Y10.0973
G01 X194.3213Y10.1092
G01 X194.1927Y10.1701
G01 X194.1698Y10.1791
G01 X194.0636Y10.2171
G01 X194.0260Y10.2285
G01 X193.9022Y10.2592
G01 X193.8780Y10.2636
G01 X193.7664Y10.2801
G01 X193.7273Y10.2840
G01 X193.5950Y10.2900
G01 X192.3250Y10.2900
G01 X192.1927Y10.2840
G01 X192.1536Y10.2801
G01 X192.0274Y10.2611
G01 X192.0035Y10.2559
G01 X191.8798Y10.2246
G01 X191.8564Y10.2171
G01 X191.7364Y10.1738
G01 X191.7139Y10.1641
G01 X191.5987Y10.1092
G01 X191.5773Y10.0973
G01 X191.4680Y10.0315
G01 X191.4478Y10.0175
G01 X191.3455Y9.9412
G01 X191.3268Y9.9253
G01 X191.2325Y9.8394
G01 X191.2154Y9.8218
G01 X191.1300Y9.7271
G01 X191.1148Y9.7078
G01 X191.0475Y9.6172
G01 X191.0257Y9.5845
G01 X190.9677Y9.4877
G01 X190.9558Y9.4663
G01 X190.8949Y9.3377
G01 X190.8859Y9.3148
G01 X190.8479Y9.2086
G01 X190.8365Y9.1710
G01 X190.8058Y9.0472
G01 X190.8014Y9.0230
G01 X190.7849Y8.9114
G01 X190.7810Y8.8723
G01 X190.7755Y8.7596
G01 X190.7751Y8.7351
G01 X190.7810Y8.6077
G01 X190.7849Y8.5686
G01 X190.8014Y8.4570
G01 X190.8058Y8.4328
G01 X190.8378Y8.3042
G01 X190.8479Y8.2714
G01 X190.8859Y8.1652
G01 X190.9009Y8.1289
G01 X190.9558Y8.0137
G01 X190.9677Y7.9923
G01 X191.0257Y7.8955
G01 X191.0475Y7.8628
G01 X191.1148Y7.7722
G01 X191.1300Y7.7529
G01 X191.2256Y7.6475
G01 X191.2432Y7.6304
G01 X191.3268Y7.5547
G01 X191.3572Y7.5298
G01 X191.4478Y7.4625
G01 X191.4680Y7.4485
G01 X191.5900Y7.3754
G01 X191.6119Y7.3642
G01 X191.7139Y7.3159
G01 X191.7502Y7.3009
G01 X191.8704Y7.2582
G01 X191.8940Y7.2515
G01 X192.0035Y7.2241
G01 X192.0420Y7.2164
G01 X192.1536Y7.1999
G01 X192.1780Y7.1970
G01 X192.3152Y7.1901
G00 Z20.0000
G00 X192.0403Y7.2167
G01 Z20.0000
G01 X191.9393Y5.1598
G00 Z20.0000
G00 X191.5309Y4.9895
G01 Z20.0000
G01 X191.6468Y7.3477
G00 Z20.0000
G00 X191.2599Y7.6153
G01 Z20.0000
G01 X191.1130Y4.6255
G00 Z20.0000
G00 X190.9790Y2.8934
G01 Z20.0000
G01 X190.6610Y0.7500
G01 X191.0649Y0.7500
G01 X191.3215Y2.4795
G00 Z20.0000
G00 X191.6908Y2.2468
G01 Z20.0000
G01 X191.4688Y0.7500
G01 X191.8727Y0.7500
G01 X192.0776Y2.1311
G00 Z20.0000
G00 X192.3152Y2.1101
G01 Z20.0000
G01 X193.6024Y2.1101
G01 X193.7273Y2.1160
G01 X193.7518Y2.1180
G01 X193.8780Y2.1364
G01 X193.9118Y2.1430
G01 X194.0260Y2.1715
G01 X194.0496Y2.1782
G01 X194.1836Y2.2262
G01 X194.2061Y2.2359
G01 X194.3213Y2.2908
G01 X194.3427Y2.3027
G01 X194.4395Y2.3607
G01 X194.4722Y2.3825
G01 X194.5667Y2.4527
G01 X194.5932Y2.4747
G01 X194.6768Y2.5504
G01 X194.6944Y2.5675
G01 X194.7900Y2.6729
G01 X194.8052Y2.6922
G01 X194.8810Y2.7948
G01 X194.8943Y2.8155
G01 X194.9596Y2.9250
G01 X194.9708Y2.9469
G01 X195.0251Y3.0623
G01 X195.0341Y3.0852
G01 X195.0768Y3.2054
G01 X195.0835Y3.2290
G01 X195.1142Y3.3528
G01 X195.1186Y3.3770
G01 X195.1370Y3.5032
G01 X195.1390Y3.5277
G01 X195.1449Y3.6551
G01 X195.1445Y3.6796
G01 X195.1380Y3.8070
G01 X195.1351Y3.8314
G01 X195.1161Y3.9576
G01 X195.1109Y3.9815
G01 X195.0796Y4.1052
G01 X195.0721Y4.1286
G01 X195.0288Y4.2486
G01 X195.0191Y4.2711
G01 X194.9642Y4.3863
G01 X194.9523Y4.4077
G01 X194.8865Y4.5170
G01 X194.8725Y4.5372
G01 X194.7962Y4.6395
G01 X194.7803Y4.6582
G01 X194.6944Y4.7525
G01 X194.6768Y4.7696
G01 X194.5821Y4.8550
G01 X194.5628Y4.8702
G01 X194.4722Y4.9375
G01 X194.4395Y4.9593
G01 X194.3427Y5.0173
G01 X194.3213Y5.0292
G01 X194.1927Y5.0901
G01 X194.1698Y5.0991
G01 X194.0636Y5.1371
G01 X194.0260Y5.1485
G01 X193.9165Y5.1759
G01 X193.8926Y5.1811
G01 X193.7664Y5.2001
G01 X193.7273Y5.2040
G01 X193.5950Y5.2100
G01 X192.3250Y5.2100
G01 X192.1927Y5.2040
G01 X192.1536Y5.2001
G01 X192.0274Y5.1811
G01 X192.0035Y5.1759
G01 X191.8798Y5.1446
G01 X191.8564Y5.1371
G01 X191.7364Y5.0938
G01 X191.7139Y5.0841
G01 X191.5987Y5.0292
G01 X191.5773Y5.0173
G01 X191.4680Y4.9515
G01 X191.4478Y4.9375
G01 X191.3455Y4.8612
G01 X191.3268Y4.8453
G01 X191.2325Y4.7594
G01 X191.2154Y4.7418
G01 X191.1300Y4.6471
G01 X191.1148Y4.6278
G01 X191.0475Y4.5372
G01 X191.0257Y4.5045
G01 X190.9677Y4.4077
G01 X190.9558Y4.3863
G01 X190.8949Y4.2577
G01 X190.8859Y4.2348
G01 X190.8479Y4.1286
G01 X190.8365Y4.0910
G01 X190.8058Y3.9672
G01 X190.8014Y3.9430
G01 X190.7849Y3.8314
G01 X190.7810Y3.7923
G01 X190.7755Y3.6796
G01 X190.7751Y3.6551
G01 X190.7810Y3.5277
G01 X190.7849Y3.4886
G01 X190.8014Y3.3770
G01 X190.8058Y3.3528
G01 X190.8378Y3.2242
G01 X190.8479Y3.1914
G01 X190.8859Y3.0852
G01 X190.9009Y3.0489
G01 X190.9558Y2.9337
G01 X190.9677Y2.9123
G01 X191.0257Y2.8155
G01 X191.0475Y2.7828
G01 X191.1148Y2.6922
G01 X191.1300Y2.6729
G01 X191.2256Y2.5675
G01 X191.2432Y2.5504
G01 X191.3268Y2.4747
G01 X191.3572Y2.4498
G01 X191.4478Y2.3825
G01 X191.4680Y2.3685
G01 X191.5900Y2.2954
G01 X191.6119Y2.2842
G01 X191.7139Y2.2359
G01 X191.7502Y2.2209
G01 X191.8704Y2.1782
G01 X191.8940Y2.1715
G01 X192.0035Y2.1441
G01 X192.0420Y2.1364
G01 X192.1536Y2.1199
G01 X192.1780Y2.1170
G01 X192.3152Y2.1101
G00 Z20.0000
G00 X192.4783Y2.1100
G01 Z20.0000
G01 X192.2766Y0.7500
G01 X192.6805Y0.7500
G01 X192.8822Y2.1100
G01 X193.2861Y2.1100
G01 X193.0844Y0.7500
G01 X193.4882Y0.7500
G01 X193.6906Y2.1142
G00 Z20.0000
G00 X194.1070Y2.1984
G01 Z20.0000
G01 X193.8921Y0.7500
G01 X194.2960Y0.7500
G01 X194.5463Y2.4375
G00 Z20.0000
G00 X195.0379Y3.0958
G01 Z20.0000
G01 X195.0329Y2.9949
G01 X194.6999Y0.7500
G01 X195.1104Y0.7946
G01 X195.4310Y2.9557
G01 X195.9000Y12.5026
G01 X195.4310Y22.0494
G01 X195.1112Y24.2052
G01 X195.5402Y24.0360
G01 X195.8291Y22.0887
G01 X196.3000Y12.5026
G01 X195.8291Y2.9165
G01 X195.5394Y0.9635
G01 X196.0026Y1.3639
G01 X196.2271Y2.8773
G01 X196.3450Y5.2764
G00 Z20.0000
G00 X190.8868Y8.1628
G01 Z20.0000
G01 X190.6541Y3.4262
G01 X190.2571Y0.7500
G01 X189.8532Y0.7500
G01 X190.2560Y3.4654
G01 X190.7000Y12.5026
G01 X190.6414Y13.6947
G00 Z20.0000
G00 X190.2424Y13.6750
G01 Z20.0000
G01 X190.3000Y12.5026
G01 X189.8580Y3.5046
G01 X189.4494Y0.7500
G01 X189.0455Y0.7500
G01 X189.4599Y3.5438
G01 X189.9000Y12.5026
G01 X189.8424Y13.6750
G00 Z20.0000
G00 X189.4423Y13.6777
G01 Z20.0000
G01 X189.5000Y12.5026
G01 X189.0618Y3.5830
G01 X188.6416Y0.7500
G01 X188.2377Y0.7500
G01 X188.6637Y3.6222
G01 X189.1000Y12.5026
G01 X189.0334Y13.8583
G01 X187.8381Y13.7633
G01 X187.9000Y12.5026
G01 X187.4695Y3.7398
G01 X187.0260Y0.7500
G01 X187.4299Y0.7500
G01 X187.8676Y3.7006
G01 X188.3000Y12.5026
G01 X188.3000Y12.5026
G01 X188.1750Y15.0470
G00 Z20.0000
G00 X187.4424Y13.6750
G01 Z20.0000
G01 X187.5000Y12.5026
G01 X187.0714Y3.7790
G01 X186.6221Y0.7500
G01 X186.2182Y0.7500
G01 X186.6734Y3.8183
G01 X187.1000Y12.5026
G01 X187.0424Y13.6750
G01 X186.6424Y13.6750
G01 X186.7000Y12.5026
G01 X186.2753Y3.8575
G01 X185.8143Y0.7500
G01 X185.4105Y0.7500
G01 X185.6653Y2.4677
G00 Z20.0000
G00 X185.2233Y2.2114
G01 Z20.0000
G01 X185.0066Y0.7500
G01 X184.6027Y0.7500
G01 X184.8053Y2.1159
G00 Z20.0000
G00 X184.4005Y2.1100
G01 Z20.0000
G01 X184.1988Y0.7500
G01 X183.7949Y0.7500
G01 X183.9966Y2.1100
G01 X183.5927Y2.1100
G01 X183.3910Y0.7500
G01 X182.9871Y0.7500
G01 X183.1912Y2.1261
G00 Z20.0000
G00 X183.3952Y2.1101
G01 Z20.0000
G01 X184.6824Y2.1101
G01 X184.8073Y2.1160
G01 X184.8318Y2.1180
G01 X184.9580Y2.1364
G01 X184.9918Y2.1430
G01 X185.1060Y2.1715
G01 X185.1296Y2.1782
G01 X185.2636Y2.2262
G01 X185.2861Y2.2359
G01 X185.4013Y2.2908
G01 X185.4227Y2.3027
G01 X185.5195Y2.3607
G01 X185.5522Y2.3825
G01 X185.6467Y2.4527
G01 X185.6732Y2.4747
G01 X185.7568Y2.5504
G01 X185.7744Y2.5675
G01 X185.8700Y2.6729
G01 X185.8852Y2.6922
G01 X185.9610Y2.7948
G01 X185.9743Y2.8155
G01 X186.0396Y2.9250
G01 X186.0508Y2.9469
G01 X186.1051Y3.0623
G01 X186.1141Y3.0852
G01 X186.1568Y3.2054
G01 X186.1635Y3.2290
G01 X186.1942Y3.3528
G01 X186.1986Y3.3770
G01 X186.2170Y3.5032
G01 X186.2190Y3.5277
G01 X186.2249Y3.6551
G01 X186.2245Y3.6796
G01 X186.2180Y3.8070
G01 X186.2151Y3.8314
G01 X186.1961Y3.9576
G01 X186.1909Y3.9815
G01 X186.1596Y4.1052
G01 X186.1521Y4.1286
G01 X186.1088Y4.2486
G01 X186.0991Y4.2711
G01 X186.0442Y4.3863
G01 X186.0323Y4.4077
G01 X185.9665Y4.5170
G01 X185.9525Y4.5372
G01 X185.8762Y4.6395
G01 X185.8603Y4.6582
G01 X185.7744Y4.7525
G01 X185.7568Y4.7696
G01 X185.6621Y4.8550
G01 X185.6428Y4.8702
G01 X185.5522Y4.9375
G01 X185.5195Y4.9593
G01 X185.4227Y5.0173
G01 X185.4013Y5.0292
G01 X185.2727Y5.0901
G01 X185.2498Y5.0991
G01 X185.1436Y5.1371
G01 X185.1060Y5.1485
G01 X184.9965Y5.1759
G01 X184.9726Y5.1811
G01 X184.8464Y5.2001
G01 X184.8073Y5.2040
G01 X184.6750Y5.2100
G01 X183.4050Y5.2100
G01 X183.2727Y5.2040
G01 X183.2336Y5.2001
G01 X183.1074Y5.1811
G01 X183.0835Y5.1759
G01 X182.9598Y5.1446
G01 X182.9364Y5.1371
G01 X182.8164Y5.0938
G01 X182.7939Y5.0841
G01 X182.6787Y5.0292
G01 X182.6573Y5.0173
G01 X182.5480Y4.9515
G01 X182.5278Y4.9375
G01 X182.4255Y4.8612
G01 X182.4068Y4.8453
G01 X182.3125Y4.7594
G01 X182.2954Y4.7418
G01 X182.2100Y4.6471
G01 X182.1948Y4.6278
G01 X182.1275Y4.5372
G01 X182.1057Y4.5045
G01 X182.0477Y4.4077
G01 X182.0358Y4.3863
G01 X181.9749Y4.2577
G01 X181.9659Y4.2348
G01 X181.9279Y4.1286
G01 X181.9165Y4.0910
G01 X181.8858Y3.9672
G01 X181.8814Y3.9430
G01 X181.8649Y3.8314
G01 X181.8610Y3.7923
G01 X181.8555Y3.6796
G01 X181.8551Y3.6551
G01 X181.8610Y3.5277
G01 X181.8649Y3.4886
G01 X181.8814Y3.3770
G01 X181.8858Y3.3528
G01 X181.9178Y3.2242
G01 X181.9279Y3.1914
G01 X181.9659Y3.0852
G01 X181.9809Y3.0489
G01 X182.0358Y2.9337
G01 X182.0477Y2.9123
G01 X182.1057Y2.8155
G01 X182.1275Y2.7828
G01 X182.1948Y2.6922
G01 X182.2100Y2.6729
G01 X182.3056Y2.5675
G01 X182.3232Y2.5504
G01 X182.4068Y2.4747
G01 X182.4372Y2.4498
G01 X182.5278Y2.3825
G01 X182.5480Y2.3685
G01 X182.6700Y2.2954
G01 X182.6919Y2.2842
G01 X182.7939Y2.2359
G01 X182.8302Y2.2209
G01 X182.9504Y2.1782
G01 X182.9740Y2.1715
G01 X183.0835Y2.1441
G01 X183.1220Y2.1364
G01 X183.2336Y2.1199
G01 X183.2580Y2.1170
G01 X183.3952Y2.1101
G00 Z20.0000
G00 X182.8030Y2.2318
G01 Z20.0000
G01 X182.5832Y0.7500
G01 X182.1793Y0.7500
G01 X182.4321Y2.4537
G00 Z20.0000
G00 X182.0866Y2.8474
G01 Z20.0000
G01 X181.7754Y0.7500
G01 X181.3716Y0.7500
G01 X181.8965Y4.2887
G01 X182.0761Y7.9449
G00 Z20.0000
G00 X182.4550Y7.5165
G01 Z20.0000
G01 X182.3200Y4.7665
G00 Z20.0000
G00 X182.7342Y5.0558
G01 Z20.0000
G01 X182.8442Y7.2959
G00 Z20.0000
G00 X183.2395Y7.1991
G01 Z20.0000
G01 X183.1406Y5.1863
G00 Z20.0000
G00 X183.5417Y5.2100
G01 Z20.0000
G01 X183.6390Y7.1900
G00 Z20.0000
G00 X183.3952Y7.1901
G01 Z20.0000
G01 X184.6824Y7.1901
G01 X184.8073Y7.1960
G01 X184.8318Y7.1980
G01 X184.9580Y7.2164
G01 X184.9918Y7.2230
G01 X185.1060Y7.2515
G01 X185.1296Y7.2582
G01 X185.2636Y7.3062
G01 X185.2861Y7.3159
G01 X185.4013Y7.3708
G01 X185.4227Y7.3827
G01 X185.5195Y7.4407
G01 X185.5482Y7.4597
G01 X185.6428Y7.5298
G01 X185.6732Y7.5547
G01 X185.7568Y7.6304
G01 X185.7744Y7.6475
G01 X185.8700Y7.7529
G01 X185.8852Y7.7722
G01 X185.9610Y7.8748
G01 X185.9743Y7.8955
G01 X186.0396Y8.0050
G01 X186.0508Y8.0269
G01 X186.1051Y8.1423
G01 X186.1141Y8.1652
G01 X186.1568Y8.2854
G01 X186.1635Y8.3090
G01 X186.1942Y8.4328
G01 X186.1986Y8.4570
G01 X186.2170Y8.5832
G01 X186.2190Y8.6077
G01 X186.2249Y8.7351
G01 X186.2245Y8.7596
G01 X186.2180Y8.8870
G01 X186.2151Y8.9114
G01 X186.1961Y9.0376
G01 X186.1909Y9.0615
G01 X186.1596Y9.1852
G01 X186.1521Y9.2086
G01 X186.1088Y9.3286
G01 X186.0991Y9.3511
G01 X186.0442Y9.4663
G01 X186.0323Y9.4877
G01 X185.9665Y9.5970
G01 X185.9525Y9.6172
G01 X185.8762Y9.7195
G01 X185.8603Y9.7382
G01 X185.7744Y9.8325
G01 X185.7568Y9.8496
G01 X185.6621Y9.9350
G01 X185.6428Y9.9502
G01 X185.5522Y10.0175
G01 X185.5195Y10.0393
G01 X185.4227Y10.0973
G01 X185.4013Y10.1092
G01 X185.2727Y10.1701
G01 X185.2498Y10.1791
G01 X185.1436Y10.2171
G01 X185.1060Y10.2285
G01 X184.9822Y10.2592
G01 X184.9580Y10.2636
G01 X184.8464Y10.2801
G01 X184.8073Y10.2840
G01 X184.6750Y10.2900
G01 X183.4050Y10.2900
G01 X183.2727Y10.2840
G01 X183.2336Y10.2801
G01 X183.1074Y10.2611
G01 X183.0835Y10.2559
G01 X182.9598Y10.2246
G01 X182.9364Y10.2171
G01 X182.8164Y10.1738
G01 X182.7939Y10.1641
G01 X182.6787Y10.1092
G01 X182.6573Y10.0973
G01 X182.5480Y10.0315
G01 X182.5278Y10.0175
G01 X182.4255Y9.9412
G01 X182.4068Y9.9253
G01 X182.3125Y9.8394
G01 X182.2954Y9.8218
G01 X182.2100Y9.7271
G01 X182.1948Y9.7078
G01 X182.1275Y9.6172
G01 X182.1057Y9.5845
G01 X182.0477Y9.4877
G01 X182.0358Y9.4663
G01 X181.9749Y9.3377
G01 X181.9659Y9.3148
G01 X181.9279Y9.2086
G01 X181.9165Y9.1710
G01 X181.8858Y9.0472
G01 X181.8814Y9.0230
G01 X181.8649Y8.9114
G01 X181.8610Y8.8723
G01 X181.8555Y8.7596
G01 X181.8551Y8.7351
G01 X181.8610Y8.6077
G01 X181.8649Y8.5686
G01 X181.8814Y8.4570
G01 X181.8858Y8.4328
G01 X181.9178Y8.3042
G01 X181.9279Y8.2714
G01 X181.9659Y8.1652
G01 X181.9809Y8.1289
G01 X182.0358Y8.0137
G01 X182.0477Y7.9923
G01 X182.1057Y7.8955
G01 X182.1275Y7.8628
G01 X182.1948Y7.7722
G01 X182.2100Y7.7529
G01 X182.3056Y7.6475
G01 X182.3232Y7.6304
G01 X182.4068Y7.5547
G01 X182.4372Y7.5298
G01 X182.5278Y7.4625
G01 X182.5480Y7.4485
G01 X182.6700Y7.3754
G01 X182.6919Y7.3642
G01 X182.7939Y7.3159
G01 X182.8302Y7.3009
G01 X182.9504Y7.2582
G01 X182.9740Y7.2515
G01 X183.0835Y7.2241
G01 X183.1220Y7.2164
G01 X183.2336Y7.1999
G01 X183.2580Y7.1970
G01 X183.3952Y7.1901
G00 Z20.0000
G00 X184.0390Y7.1900
G01 Z20.0000
G01 X183.9417Y5.2100
G01 X184.3417Y5.2100
G01 X184.4390Y7.1900
G00 Z20.0000
G00 X184.8394Y7.1989
G01 Z20.0000
G01 X184.7416Y5.2072
G00 Z20.0000
G00 X185.1382Y5.1389
G01 Z20.0000
G01 X185.2444Y7.2990
G00 Z20.0000
G00 X185.6562Y7.5402
G01 Z20.0000
G01 X185.5291Y4.9533
G00 Z20.0000
G00 X185.9114Y4.5926
G01 Z20.0000
G01 X186.0835Y8.0960
G00 Z20.0000
G00 X186.1399Y9.2428
G01 Z20.0000
G01 X186.3000Y12.5026
G01 X186.2394Y13.7361
G01 X188.7000Y12.5026
G01 X188.2657Y21.3437
G01 X187.8346Y24.2500
G00 Z20.0000
G00 X196.0036Y23.6349
G01 Z20.0000
G01 X196.2271Y22.1279
G01 X196.3450Y19.7288
G00 Z20.0000
G00 X191.0284Y13.9592
G01 Z20.0000
G01 X191.1000Y12.5026
G01 X190.9503Y9.4554
G01 X188.7000Y12.5026
G01 X188.2657Y3.6614
G01 X187.8338Y0.7500
G00 Z20.0000
G00 X168.0499Y11.9902
G01 Z20.0000
G01 X168.0495Y12.0196
G01 X168.0405Y12.1961
G01 X168.0377Y12.2204
G01 X168.0115Y12.3951
G01 X168.0063Y12.4191
G01 X167.9631Y12.5904
G01 X167.9556Y12.6137
G01 X167.8958Y12.7799
G01 X167.8860Y12.8024
G01 X167.8102Y12.9620
G01 X167.7983Y12.9834
G01 X167.7072Y13.1348
G01 X167.6932Y13.1550
G01 X167.5877Y13.2967
G01 X167.5718Y13.3154
G01 X167.4530Y13.4461
G01 X167.4353Y13.4631
G01 X167.3043Y13.5815
G01 X167.2850Y13.5968
G01 X167.1430Y13.7017
G01 X167.1223Y13.7150
G01 X166.9707Y13.8056
G01 X166.9488Y13.8168
G01 X166.7890Y13.8920
G01 X166.7662Y13.9010
G01 X166.5998Y13.9602
G01 X166.5762Y13.9670
G01 X166.4047Y14.0096
G01 X166.3806Y14.0140
G01 X166.2058Y14.0396
G01 X166.1814Y14.0416
G01 X166.0049Y14.0499
G01 X165.9804Y14.0495
G01 X165.8040Y14.0405
G01 X165.7796Y14.0377
G01 X165.6049Y14.0115
G01 X165.5809Y14.0063
G01 X165.4096Y13.9631
G01 X165.3863Y13.9556
G01 X165.2201Y13.8958
G01 X165.1976Y13.8860
G01 X165.0380Y13.8102
G01 X165.0166Y13.7983
G01 X164.8652Y13.7072
G01 X164.8450Y13.6932
G01 X164.7033Y13.5877
G01 X164.6846Y13.5718
G01 X164.5539Y13.4530
G01 X164.5369Y13.4353
G01 X164.4185Y13.3043
G01 X164.4032Y13.2850
G01 X164.2983Y13.1430
G01 X164.2850Y13.1223
G01 X164.1944Y12.9707
G01 X164.1832Y12.9488
G01 X164.1080Y12.7890
G01 X164.0990Y12.7662
G01 X164.0398Y12.5998
G01 X164.0330Y12.5762
G01 X163.9904Y12.4047
G01 X163.9860Y12.3806
G01 X163.9604Y12.2058
G01 X163.9584Y12.1814
G01 X163.9501Y12.0049
G01 X163.9505Y11.9804
G01 X163.9595Y11.8039
G01 X163.9623Y11.7796
G01 X163.9885Y11.6049
G01 X163.9937Y11.5809
G01 X164.0369Y11.4096
G01 X164.0444Y11.3863
G01 X164.1042Y11.2201
G01 X164.1140Y11.1976
G01 X164.1898Y11.0380
G01 X164.2017Y11.0166
G01 X164.2928Y10.8652
G01 X164.3068Y10.8450
G01 X164.4123Y10.7033
G01 X164.4282Y10.6846
G01 X164.5470Y10.5539
G01 X164.5647Y10.5369
G01 X164.6957Y10.4185
G01 X164.7150Y10.4032
G01 X164.8570Y10.2983
G01 X164.8777Y10.2850
G01 X165.0293Y10.1944
G01 X165.0512Y10.1832
G01 X165.2110Y10.1080
G01 X165.2338Y10.0990
G01 X165.4002Y10.0398
G01 X165.4238Y10.0330
G01 X165.5953Y9.9904
G01 X165.6194Y9.9860
G01 X165.7942Y9.9604
G01 X165.8186Y9.9584
G01 X165.9951Y9.9501
G01 X166.0196Y9.9505
G01 X166.1960Y9.9595
G01 X166.2204Y9.9623
G01 X166.3951Y9.9885
G01 X166.4191Y9.9937
G01 X166.5904Y10.0369
G01 X166.6137Y10.0444
G01 X166.7799Y10.1042
G01 X166.8024Y10.1140
G01 X166.9620Y10.1898
G01 X166.9834Y10.2017
G01 X167.1348Y10.2928
G01 X167.1550Y10.3068
G01 X167.2967Y10.4123
G01 X167.3154Y10.4282
G01 X167.4461Y10.5470
G01 X167.4631Y10.5647
G01 X167.5815Y10.6957
G01 X167.5968Y10.7150
G01 X167.7017Y10.8570
G01 X167.7150Y10.8777
G01 X167.8056Y11.0293
G01 X167.8168Y11.0512
G01 X167.8920Y11.2110
G01 X167.9010Y11.2338
G01 X167.9602Y11.4002
G01 X167.9670Y11.4238
G01 X168.0096Y11.5953
G01 X168.0140Y11.6194
G01 X168.0396Y11.7942
G01 X168.0416Y11.8186
G01 X168.0499Y11.9902
G00 Z20.0000
G00 X157.0797Y12.9157
G01 Z20.0000
G01 X157.0699Y13.1158
G00 Z20.0000
G00 X155.6382Y13.0250
G01 Z20.0000
G01 X155.6210Y13.0012
G01 X155.6103Y12.9848
G01 X155.5826Y12.9385
G01 X155.5687Y12.9125
G01 X155.5476Y12.8682
G01 X155.5379Y12.8457
G01 X155.5161Y12.7857
G01 X155.5076Y12.7575
G01 X155.4956Y12.7100
G01 X155.4904Y12.6860
G01 X155.4815Y12.6278
G01 X155.4787Y12.6034
G01 X155.4755Y12.5446
G01 X155.4750Y12.5201
G01 X155.4787Y12.4465
G01 X155.4815Y12.4222
G01 X155.4904Y12.3640
G01 X155.4956Y12.3400
G01 X155.5063Y12.2972
G01 X155.5177Y12.2596
G01 X155.5343Y12.2134
G01 X155.5476Y12.1818
G01 X155.5665Y12.1418
G01 X155.5777Y12.1200
G01 X155.6077Y12.0693
G01 X155.6210Y12.0487
G01 X155.6649Y11.9896
G01 X155.6807Y11.9709
G01 X155.7205Y11.9274
G01 X155.7382Y11.9104
G01 X155.7820Y11.8711
G01 X155.8012Y11.8558
G01 X155.8487Y11.8210
G01 X155.8693Y11.8077
G01 X155.9200Y11.7777
G01 X155.9418Y11.7665
G01 X155.9818Y11.7476
G01 X156.0180Y11.7326
G01 X156.0642Y11.7161
G01 X156.0972Y11.7063
G01 X156.1400Y11.6956
G01 X156.1640Y11.6904
G01 X156.2222Y11.6815
G01 X156.2466Y11.6787
G01 X156.3054Y11.6755
G01 X156.3299Y11.6750
G01 X156.4034Y11.6787
G01 X156.4278Y11.6815
G01 X156.4860Y11.6904
G01 X156.5100Y11.6956
G01 X156.5528Y11.7063
G01 X156.5857Y11.7161
G01 X156.6319Y11.7326
G01 X156.6682Y11.7476
G01 X156.7081Y11.7665
G01 X156.7300Y11.7777
G01 X156.7848Y11.8103
G01 X156.8093Y11.8267
G01 X156.8487Y11.8558
G01 X156.8680Y11.8711
G01 X156.9154Y11.9137
G01 X156.9396Y11.9382
G01 X156.9692Y11.9709
G01 X156.9851Y11.9896
G01 X157.0204Y12.0367
G01 X157.0397Y12.0652
G01 X157.0649Y12.1072
G01 X157.0813Y12.1374
G01 X157.1083Y12.1952
G01 X157.1173Y12.2180
G01 X157.1369Y12.2736
G01 X157.1436Y12.2972
G01 X157.1576Y12.3544
G01 X157.1620Y12.3785
G01 X157.1685Y12.4222
G01 X157.1713Y12.4465
G01 X157.1749Y12.5201
G01 X157.1745Y12.5446
G01 X157.1713Y12.6034
G01 X157.1685Y12.6278
G01 X157.1595Y12.6860
G01 X157.1543Y12.7100
G01 X157.1424Y12.7575
G01 X157.1338Y12.7857
G01 X157.1121Y12.8457
G01 X157.1023Y12.8682
G01 X157.0813Y12.9125
G01 X157.0674Y12.9385
G01 X157.0397Y12.9848
G01 X157.0290Y13.0012
G01 X157.0117Y13.0250
G01 X157.0290Y13.0487
G01 X157.0397Y13.0652
G01 X157.0674Y13.1115
G01 X157.0813Y13.1374
G01 X157.1023Y13.1818
G01 X157.1121Y13.2043
G01 X157.1338Y13.2642
G01 X157.1424Y13.2924
G01 X157.1544Y13.3400
G01 X157.1596Y13.3640
G01 X157.1685Y13.4222
G01 X157.1713Y13.4466
G01 X157.1749Y13.5201
G01 X157.1745Y13.5446
G01 X157.1713Y13.6034
G01 X157.1685Y13.6278
G01 X157.1620Y13.6715
G01 X157.1555Y13.7052
G01 X157.1398Y13.7670
G01 X157.1322Y13.7904
G01 X157.1174Y13.8320
G01 X157.1044Y13.8638
G01 X157.0769Y13.9213
G01 X157.0649Y13.9428
G01 X157.0422Y13.9806
G01 X157.0233Y14.0093
G01 X156.9851Y14.0604
G01 X156.9692Y14.0791
G01 X156.9362Y14.1154
G01 X156.9154Y14.1362
G01 X156.8791Y14.1692
G01 X156.8487Y14.1941
G01 X156.8133Y14.2204
G01 X156.7931Y14.2344
G01 X156.7428Y14.2649
G01 X156.7213Y14.2769
G01 X156.6548Y14.3084
G01 X156.6320Y14.3174
G01 X156.5857Y14.3338
G01 X156.5576Y14.3424
G01 X156.5100Y14.3544
G01 X156.4715Y14.3620
G01 X156.4278Y14.3685
G01 X156.4034Y14.3713
G01 X156.3446Y14.3745
G01 X156.3201Y14.3749
G01 X156.2466Y14.3713
G01 X156.2222Y14.3685
G01 X156.1737Y14.3612
G01 X156.1448Y14.3555
G01 X156.0972Y14.3436
G01 X156.0596Y14.3322
G01 X156.0043Y14.3121
G01 X155.9818Y14.3023
G01 X155.9418Y14.2835
G01 X155.9115Y14.2674
G01 X155.8652Y14.2397
G01 X155.8407Y14.2233
G01 X155.7896Y14.1851
G01 X155.7709Y14.1692
G01 X155.7382Y14.1396
G01 X155.7205Y14.1225
G01 X155.6808Y14.0791
G01 X155.6649Y14.0604
G01 X155.6267Y14.0093
G01 X155.6077Y13.9806
G01 X155.5850Y13.9428
G01 X155.5731Y13.9213
G01 X155.5476Y13.8682
G01 X155.5343Y13.8366
G01 X155.5131Y13.7764
G01 X155.5064Y13.7528
G01 X155.4956Y13.7100
G01 X155.4904Y13.6860
G01 X155.4808Y13.6229
G01 X155.4776Y13.5887
G01 X155.4755Y13.5446
G01 X155.4751Y13.5201
G01 X155.4776Y13.4613
G01 X155.4808Y13.4271
G01 X155.4887Y13.3737
G01 X155.4945Y13.3448
G01 X155.5102Y13.2830
G01 X155.5177Y13.2596
G01 X155.5326Y13.2180
G01 X155.5416Y13.1952
G01 X155.5687Y13.1374
G01 X155.5826Y13.1115
G01 X155.6156Y13.0569
G01 X155.6382Y13.0250
G01 X152.7000Y12.5026
G01 X152.4390Y17.8151
G01 X151.6586Y23.0765
G01 X151.3646Y24.2500
G00 Z20.0000
G00 X138.6005Y17.0804
G01 Z20.0000
G01 X138.6031Y17.0510
G01 X138.6098Y17.0124
G01 X138.6203Y16.9746
G01 X138.6344Y16.9379
G01 X138.6521Y16.9029
G01 X138.6622Y16.8861
G01 X138.6848Y16.8540
G01 X138.7104Y16.8243
G01 X138.7388Y16.7972
G01 X138.7697Y16.7731
G01 X138.7861Y16.7622
G01 X138.8202Y16.7428
G01 X138.8561Y16.7269
G01 X138.8933Y16.7146
G01 X138.9316Y16.7060
G01 X138.9706Y16.7012
G01 X139.0000Y16.7000
G01 X142.1000Y16.7000
G01 X142.1294Y16.7012
G01 X142.1489Y16.7031
G01 X142.1876Y16.7098
G01 X142.2254Y16.7203
G01 X142.2620Y16.7344
G01 X142.2798Y16.7428
G01 X142.3139Y16.7622
G01 X142.3460Y16.7848
G01 X142.3757Y16.8104
G01 X142.3896Y16.8243
G01 X142.4028Y16.8388
G01 X142.4269Y16.8697
G01 X142.4479Y16.9029
G01 X142.4656Y16.9379
G01 X142.4731Y16.9561
G01 X142.4854Y16.9933
G01 X142.4902Y17.0124
G01 X142.4969Y17.0510
G01 X142.4988Y17.0706
G01 X142.5000Y17.1000
G01 X142.4999Y18.7049
G01 X142.4988Y18.7294
G01 X142.4969Y18.7490
G01 X142.4902Y18.7876
G01 X142.4797Y18.8254
G01 X142.4656Y18.8621
G01 X142.4479Y18.8971
G01 X142.4378Y18.9139
G01 X142.4152Y18.9460
G01 X142.3896Y18.9757
G01 X142.3757Y18.9896
G01 X142.3612Y19.0028
G01 X142.3303Y19.0269
G01 X142.3139Y19.0378
G01 X142.2798Y19.0572
G01 X142.2620Y19.0656
G01 X142.2254Y19.0797
G01 X142.2067Y19.0854
G01 X142.1684Y19.0940
G01 X142.1489Y19.0969
G01 X142.1147Y19.0997
G01 X139.0000Y19.1000
G01 X138.9706Y19.0988
G01 X138.9511Y19.0969
G01 X138.9124Y19.0902
G01 X138.8746Y19.0797
G01 X138.8380Y19.0656
G01 X138.8202Y19.0572
G01 X138.7861Y19.0378
G01 X138.7540Y19.0152
G01 X138.7243Y18.9896
G01 X138.7104Y18.9757
G01 X138.6972Y18.9612
G01 X138.6731Y18.9303
G01 X138.6521Y18.8971
G01 X138.6344Y18.8621
G01 X138.6269Y18.8439
G01 X138.6146Y18.8067
G01 X138.6098Y18.7876
G01 X138.6031Y18.7490
G01 X138.6012Y18.7294
G01 X138.6000Y18.7000
G01 X138.6005Y17.0804
G00 Z20.0000
G00 X123.0499Y11.9902
G01 Z20.0000
G01 X123.0495Y12.0196
G01 X123.0405Y12.1961
G01 X123.0377Y12.2204
G01 X123.0115Y12.3951
G01 X123.0063Y12.4191
G01 X122.9631Y12.5904
G01 X122.9556Y12.6137
G01 X122.8958Y12.7799
G01 X122.8860Y12.8024
G01 X122.8102Y12.9620
G01 X122.7983Y12.9834
G01 X122.7072Y13.1348
G01 X122.6932Y13.1550
G01 X122.5877Y13.2967
G01 X122.5718Y13.3154
G01 X122.4530Y13.4461
G01 X122.4353Y13.4631
G01 X122.3043Y13.5815
G01 X122.2850Y13.5968
G01 X122.1430Y13.7017
G01 X122.1223Y13.7150
G01 X121.9707Y13.8056
G01 X121.9488Y13.8168
G01 X121.7890Y13.8920
G01 X121.7662Y13.9010
G01 X121.5998Y13.9602
G01 X121.5762Y13.9670
G01 X121.4047Y14.0096
G01 X121.3806Y14.0140
G01 X121.2058Y14.0396
G01 X121.1814Y14.0416
G01 X121.0049Y14.0499
G01 X120.9804Y14.0495
G01 X120.8040Y14.0405
G01 X120.7796Y14.0377
G01 X120.6049Y14.0115
G01 X120.5809Y14.0063
G01 X120.4096Y13.9631
G01 X120.3863Y13.9556
G01 X120.2201Y13.8958
G01 X120.1976Y13.8860
G01 X120.0380Y13.8102
G01 X120.0166Y13.7983
G01 X119.8652Y13.7072
G01 X119.8450Y13.6932
G01 X119.7033Y13.5877
G01 X119.6846Y13.5718
G01 X119.5539Y13.4530
G01 X119.5369Y13.4353
G01 X119.4185Y13.3043
G01 X119.4032Y13.2850
G01 X119.2983Y13.1430
G01 X119.2850Y13.1223
G01 X119.1944Y12.9707
G01 X119.1832Y12.9488
G01 X119.1080Y12.7890
G01 X119.0990Y12.7662
G01 X119.0398Y12.5998
G01 X119.0330Y12.5762
G01 X118.9904Y12.4047
G01 X118.9860Y12.3806
G01 X118.9604Y12.2058
G01 X118.9584Y12.1814
G01 X118.9501Y12.0049
G01 X118.9505Y11.9804
G01 X118.9595Y11.8039
G01 X118.9623Y11.7796
G01 X118.9885Y11.6049
G01 X118.9937Y11.5809
G01 X119.0369Y11.4096
G01 X119.0444Y11.3863
G01 X119.1042Y11.2201
G01 X119.1140Y11.1976
G01 X119.1898Y11.0380
G01 X119.2017Y11.0166
G01 X119.2928Y10.8652
G01 X119.3068Y10.8450
G01 X119.4123Y10.7033
G01 X119.4282Y10.6846
G01 X119.5470Y10.5539
G01 X119.5647Y10.5369
G01 X119.6957Y10.4185
G01 X119.7150Y10.4032
G01 X119.8570Y10.2983
G01 X119.8777Y10.2850
G01 X120.0293Y10.1944
G01 X120.0512Y10.1832
G01 X120.2110Y10.1080
G01 X120.2338Y10.0990
G01 X120.4002Y10.0398
G01 X120.4238Y10.0330
G01 X120.5953Y9.9904
G01 X120.6194Y9.9860
G01 X120.7942Y9.9604
G01 X120.8186Y9.9584
G01 X120.9951Y9.9501
G01 X121.0196Y9.9505
G01 X121.1960Y9.9595
G01 X121.2204Y9.9623
G01 X121.3951Y9.9885
G01 X121.4191Y9.9937
G01 X121.5904Y10.0369
G01 X121.6137Y10.0444
G01 X121.7799Y10.1042
G01 X121.8024Y10.1140
G01 X121.9620Y10.1898
G01 X121.9834Y10.2017
G01 X122.1348Y10.2928
G01 X122.1550Y10.3068
G01 X122.2967Y10.4123
G01 X122.3154Y10.4282
G01 X122.4461Y10.5470
G01 X122.4631Y10.5647
G01 X122.5815Y10.6957
G01 X122.5968Y10.7150
G01 X122.7017Y10.8570
G01 X122.7150Y10.8777
G01 X122.8056Y11.0293
G01 X122.8168Y11.0512
G01 X122.8920Y11.2110
G01 X122.9010Y11.2338
G01 X122.9602Y11.4002
G01 X122.9670Y11.4238
G01 X123.0096Y11.5953
G01 X123.0140Y11.6194
G01 X123.0396Y11.7942
G01 X123.0416Y11.8186
G01 X123.0499Y11.9902
G00 Z20.0000
G00 X122.6133Y10.7373
G01 Z20.0000
G01 X122.5835Y10.1306
G01 X122.2350Y7.7814
G01 X121.6580Y5.4777
G01 X120.8579Y3.2416
G01 X119.8425Y1.0948
G01 X119.6358Y0.7500
G01 X119.1701Y0.7500
G01 X119.4897Y1.2833
G01 X120.4883Y3.3947
G01 X121.2752Y5.5938
G01 X121.8427Y7.8594
G01 X122.1854Y10.1698
G01 X122.1935Y10.3354
G00 Z20.0000
G00 X121.7713Y10.1009
G01 Z20.0000
G01 X121.4504Y7.9375
G01 X120.8924Y5.7099
G01 X120.1188Y3.5478
G01 X119.1370Y1.4719
G01 X118.7043Y0.7500
G01 X118.2385Y0.7500
G01 X118.7842Y1.6604
G01 X119.7492Y3.7009
G01 X120.5096Y5.8260
G01 X121.0581Y8.0155
G01 X121.3497Y9.9814
G00 Z20.0000
G00 X120.9415Y9.9524
G01 Z20.0000
G01 X120.6657Y8.0935
G01 X120.1269Y5.9421
G01 X119.3797Y3.8539
G01 X118.4314Y1.8490
G01 X117.7727Y0.7500
G01 X117.3069Y0.7500
G01 X118.0787Y2.0376
G01 X119.0101Y4.0070
G01 X119.7441Y6.0583
G01 X120.2734Y8.1716
G01 X120.5451Y10.0027
G00 Z20.0000
G00 X120.1603Y10.1316
G01 Z20.0000
G01 X119.8811Y8.2496
G01 X119.3613Y6.1744
G01 X118.6406Y4.1601
G01 X117.7259Y2.2261
G01 X116.8411Y0.7500
G01 X116.3753Y0.7500
G01 X117.3731Y2.4147
G01 X118.2710Y4.3131
G01 X118.9785Y6.2905
G01 X119.4888Y8.3276
G01 X119.7886Y10.3486
G00 Z20.0000
G00 X119.4116Y10.7041
G01 Z20.0000
G01 X119.3989Y10.4442
G01 X119.0965Y8.4057
G01 X118.5957Y6.4066
G01 X117.9015Y4.4662
G01 X117.0203Y2.6032
G01 X115.9609Y0.8356
G01 X115.8974Y0.7500
G01 X115.4000Y0.7500
G01 X115.6283Y1.0578
G01 X116.6676Y2.7918
G01 X117.5319Y4.6193
G01 X118.2130Y6.5227
G01 X118.7042Y8.4837
G01 X119.0008Y10.4834
G01 X119.0451Y11.3845
G00 Z20.0000
G00 X110.3000Y12.5026
G01 Z20.0000
G01 X110.2432Y11.3460
G01 X110.0733Y10.2005
G01 X109.7919Y9.0772
G01 X109.4018Y7.9869
G01 X108.9067Y6.9401
G01 X108.3113Y5.9468
G01 X107.6215Y5.0167
G01 X106.8439Y4.1587
G01 X105.9858Y3.3811
G01 X105.0557Y2.6912
G01 X104.0625Y2.0959
G01 X103.0157Y1.6008
G01 X101.9254Y1.2107
G01 X100.8021Y0.9293
G01 X99.6566Y0.7594
G01 X99.4654Y0.7500
G01 X97.5346Y0.7500
G01 X97.3434Y0.7594
G01 X96.1979Y0.9293
G01 X95.0746Y1.2107
G01 X93.9843Y1.6008
G01 X92.9375Y2.0959
G01 X91.9443Y2.6912
G01 X91.0142Y3.3811
G01 X90.1561Y4.1587
G01 X89.3785Y5.0167
G01 X88.6887Y5.9468
G01 X88.0933Y6.9401
G01 X87.5982Y7.9869
G01 X87.2081Y9.0772
G01 X86.9267Y10.2005
G01 X86.7568Y11.3460
G01 X86.7000Y12.5026
G01 X86.7568Y13.6592
G01 X86.9267Y14.8046
G01 X87.2081Y15.9279
G01 X87.5982Y17.0182
G01 X88.0933Y18.0651
G01 X88.6887Y19.0583
G01 X89.3785Y19.9884
G01 X90.1561Y20.8464
G01 X91.0142Y21.6241
G01 X91.9443Y22.3139
G01 X92.9375Y22.9092
G01 X93.9843Y23.4044
G01 X95.0746Y23.7945
G01 X96.1979Y24.0758
G01 X97.3434Y24.2458
G01 X97.4298Y24.2500
G01 X97.3332Y22.2248
G01 X97.5394Y22.2554
G01 X98.5000Y22.3026
G01 X99.4606Y22.2554
G01 X99.6668Y22.2248
G00 Z20.0000
G00 X99.5000Y21.8456
G01 Z20.0000
G01 X99.4214Y21.8573
G01 X98.5000Y21.9026
G01 X97.5786Y21.8573
G01 X97.5000Y21.8456
G01 X97.5000Y21.4418
G01 X97.6178Y21.4592
G01 X98.5000Y21.5026
G01 X99.3822Y21.4592
G01 X99.5000Y21.4418
G01 X99.5000Y21.0379
G01 X99.3429Y21.0612
G01 X98.5000Y21.1026
G01 X97.6571Y21.0612
G01 X97.5000Y21.0379
G01 X97.5000Y20.6340
G01 X97.6963Y20.6631
G01 X98.5000Y20.7026
G01 X99.3037Y20.6631
G01 X99.5000Y20.6340
G00 Z20.0000
G00 X99.5005Y20.2804
G01 Z20.0000
G01 X99.5031Y20.2510
G01 X99.5098Y20.2124
G01 X99.5203Y20.1746
G01 X99.5344Y20.1379
G01 X99.5521Y20.1029
G01 X99.5622Y20.0861
G01 X99.5848Y20.0540
G01 X99.6104Y20.0243
G01 X99.6388Y19.9972
G01 X99.6697Y19.9731
G01 X99.7029Y19.9521
G01 X99.7380Y19.9344
G01 X99.7746Y19.9203
G01 X99.8124Y19.9098
G01 X99.8316Y19.9060
G01 X99.8706Y19.9012
G01 X99.9000Y19.9000
G01 X103.0000Y19.9000
G01 X103.0294Y19.9012
G01 X103.0490Y19.9031
G01 X103.0876Y19.9098
G01 X103.1254Y19.9203
G01 X103.1620Y19.9344
G01 X103.1971Y19.9521
G01 X103.2303Y19.9731
G01 X103.2460Y19.9848
G01 X103.2612Y19.9972
G01 X103.2896Y20.0243
G01 X103.3028Y20.0388
G01 X103.3269Y20.0697
G01 X103.3479Y20.1029
G01 X103.3656Y20.1379
G01 X103.3731Y20.1561
G01 X103.3797Y20.1746
G01 X103.3902Y20.2124
G01 X103.3969Y20.2510
G01 X103.3988Y20.2706
G01 X103.4000Y20.3000
G01 X103.3999Y21.9049
G01 X103.3988Y21.9294
G01 X103.3969Y21.9490
G01 X103.3902Y21.9876
G01 X103.3797Y22.0254
G01 X103.3656Y22.0621
G01 X103.3479Y22.0971
G01 X103.3378Y22.1139
G01 X103.3152Y22.1460
G01 X103.3028Y22.1612
G01 X103.2896Y22.1757
G01 X103.2612Y22.2028
G01 X103.2303Y22.2269
G01 X103.1971Y22.2479
G01 X103.1798Y22.2572
G01 X103.1620Y22.2656
G01 X103.1254Y22.2797
G01 X103.0876Y22.2902
G01 X103.0684Y22.2940
G01 X103.0490Y22.2969
G01 X103.0147Y22.2997
G01 X99.9000Y22.3000
G01 X99.8706Y22.2988
G01 X99.8510Y22.2969
G01 X99.8124Y22.2902
G01 X99.7746Y22.2797
G01 X99.7380Y22.2656
G01 X99.7029Y22.2479
G01 X99.6697Y22.2269
G01 X99.6540Y22.2152
G01 X99.6388Y22.2028
G01 X99.6104Y22.1757
G01 X99.5848Y22.1460
G01 X99.5622Y22.1139
G01 X99.5521Y22.0971
G01 X99.5344Y22.0621
G01 X99.5269Y22.0439
G01 X99.5203Y22.0254
G01 X99.5098Y21.9876
G01 X99.5031Y21.9490
G01 X99.5012Y21.9294
G01 X99.5000Y21.9000
G01 X99.5005Y20.2804
G00 Z20.0000
G00 X99.5065Y20.2291
G01 Z20.0000
G01 X99.2645Y20.2650
G01 X98.5000Y20.3026
G01 X97.7355Y20.2650
G01 X97.4935Y20.2291
G00 Z20.0000
G00 X97.3659Y18.9985
G01 Z20.0000
G01 X97.8531Y19.0708
G01 X98.5000Y19.1026
G01 X99.1469Y19.0708
G01 X99.6341Y18.9985
G00 Z20.0000
G00 X99.5000Y18.6145
G01 Z20.0000
G01 X99.1077Y18.6727
G01 X98.5000Y18.7026
G01 X97.8923Y18.6727
G01 X97.5000Y18.6145
G01 X97.5000Y18.2106
G01 X97.9315Y18.2746
G01 X98.5000Y18.3026
G01 X99.0685Y18.2746
G01 X99.5000Y18.2106
G01 X99.5000Y17.8067
G01 X99.0293Y17.8766
G01 X98.5000Y17.9026
G01 X97.9707Y17.8766
G01 X97.5000Y17.8067
G01 X97.5000Y17.4004
G01 X97.5245Y17.4065
G01 X98.0099Y17.4785
G01 X98.5000Y17.5026
G01 X98.9901Y17.4785
G01 X99.4755Y17.4065
G01 X99.5000Y17.4004
G00 Z20.0000
G00 X99.5005Y17.0804
G01 Z20.0000
G01 X99.5031Y17.0510
G01 X99.5098Y17.0124
G01 X99.5203Y16.9746
G01 X99.5344Y16.9379
G01 X99.5521Y16.9029
G01 X99.5731Y16.8697
G01 X99.5848Y16.8540
G01 X99.6104Y16.8243
G01 X99.6388Y16.7972
G01 X99.6540Y16.7848
G01 X99.6861Y16.7622
G01 X99.7202Y16.7428
G01 X99.7561Y16.7269
G01 X99.7933Y16.7146
G01 X99.8316Y16.7060
G01 X99.8706Y16.7012
G01 X99.9000Y16.7000
G01 X103.0000Y16.7000
G01 X103.0294Y16.7012
G01 X103.0490Y16.7031
G01 X103.0876Y16.7098
G01 X103.1254Y16.7203
G01 X103.1620Y16.7344
G01 X103.1971Y16.7521
G01 X103.2139Y16.7622
G01 X103.2460Y16.7848
G01 X103.2612Y16.7972
G01 X103.2896Y16.8243
G01 X103.3028Y16.8388
G01 X103.3269Y16.8697
G01 X103.3479Y16.9029
G01 X103.3572Y16.9202
G01 X103.3731Y16.9561
G01 X103.3854Y16.9933
G01 X103.3902Y17.0124
G01 X103.3940Y17.0316
G01 X103.3988Y17.0706
G01 X103.4000Y17.1000
G01 X103.3999Y18.7049
G01 X103.3988Y18.7294
G01 X103.3969Y18.7490
G01 X103.3902Y18.7876
G01 X103.3797Y18.8254
G01 X103.3656Y18.8621
G01 X103.3479Y18.8971
G01 X103.3269Y18.9303
G01 X103.3152Y18.9460
G01 X103.2896Y18.9757
G01 X103.2757Y18.9896
G01 X103.2460Y19.0152
G01 X103.2303Y19.0269
G01 X103.1971Y19.0479
G01 X103.1798Y19.0572
G01 X103.1620Y19.0656
G01 X103.1254Y19.0797
G01 X103.0876Y19.0902
G01 X103.0684Y19.0940
G01 X103.0490Y19.0969
G01 X103.0147Y19.0997
G01 X99.9000Y19.1000
G01 X99.8706Y19.0988
G01 X99.8510Y19.0969
G01 X99.8124Y19.0902
G01 X99.7746Y19.0797
G01 X99.7380Y19.0656
G01 X99.7029Y19.0479
G01 X99.6861Y19.0378
G01 X99.6540Y19.0152
G01 X99.6388Y19.0028
G01 X99.6104Y18.9757
G01 X99.5848Y18.9460
G01 X99.5731Y18.9303
G01 X99.5521Y18.8971
G01 X99.5344Y18.8621
G01 X99.5269Y18.8439
G01 X99.5146Y18.8067
G01 X99.5098Y18.7876
G01 X99.5031Y18.7490
G01 X99.5012Y18.7294
G01 X99.5000Y18.7000
G01 X99.5005Y17.0804
G00 Z20.0000
G00 X99.5174Y16.9841
G01 Z20.0000
G01 X99.3974Y17.0142
G01 X98.9509Y17.0804
G01 X98.5000Y17.1026
G01 X98.0491Y17.0804
G01 X97.6026Y17.0142
G01 X97.4826Y16.9841
G01 X97.5206Y16.3248
G01 X96.5175Y16.3250
G01 X96.4862Y16.3238
G01 X96.4404Y16.3201
G01 X96.4209Y16.3179
G01 X96.3861Y16.3115
G01 X96.3377Y16.2999
G01 X96.3188Y16.2946
G01 X96.2854Y16.2829
G01 X96.2394Y16.2639
G01 X96.2215Y16.2557
G01 X96.1905Y16.2389
G01 X96.1480Y16.2129
G01 X96.1316Y16.2020
G01 X96.1035Y16.1806
G01 X96.0656Y16.1482
G01 X96.0512Y16.1349
G01 X96.0242Y16.1064
G01 X95.9894Y16.0654
G01 X95.9730Y16.0434
G01 X95.9621Y16.0270
G01 X95.9361Y15.9845
G01 X95.9193Y15.9534
G01 X95.9111Y15.9356
G01 X95.8921Y15.8896
G01 X95.8804Y15.8562
G01 X95.8741Y15.8335
G01 X95.8618Y15.7812
G01 X95.8556Y15.7424
G01 X95.8510Y15.6849
G01 X95.8500Y15.6575
G01 X95.8500Y14.3425
G01 X95.8512Y14.3112
G01 X95.8556Y14.2576
G01 X95.8596Y14.2304
G01 X95.8635Y14.2111
G01 X95.8751Y14.1627
G01 X95.8853Y14.1288
G01 X95.8921Y14.1104
G01 X95.9096Y14.0680
G01 X95.9193Y14.0466
G01 X95.9361Y14.0155
G01 X95.9664Y13.9663
G01 X95.9894Y13.9346
G01 X96.0268Y13.8906
G01 X96.0512Y13.8651
G01 X96.0686Y13.8492
G01 X96.1096Y13.8144
G01 X96.1316Y13.7980
G01 X96.1480Y13.7871
G01 X96.1905Y13.7611
G01 X96.2215Y13.7443
G01 X96.2430Y13.7346
G01 X96.2928Y13.7142
G01 X96.3188Y13.7054
G01 X96.3415Y13.6991
G01 X96.3938Y13.6868
G01 X96.4209Y13.6821
G01 X96.4443Y13.6795
G01 X96.4979Y13.6755
G01 X97.5075Y13.6750
G01 X97.5349Y13.6760
G01 X97.5807Y13.6795
G01 X97.6196Y13.6846
G01 X97.6389Y13.6885
G01 X97.6835Y13.6991
G01 X97.7062Y13.7054
G01 X97.7322Y13.7142
G01 X97.7856Y13.7361
G01 X97.8035Y13.7443
G01 X97.8345Y13.7611
G01 X97.8837Y13.7914
G01 X97.9061Y13.8072
G01 X97.9215Y13.8194
G01 X97.9564Y13.8492
G01 X97.9738Y13.8651
G01 X97.9930Y13.8848
G01 X98.0306Y13.9285
G01 X98.0520Y13.9566
G01 X98.0629Y13.9730
G01 X98.0929Y14.0222
G01 X98.1057Y14.0466
G01 X98.1154Y14.0680
G01 X98.1358Y14.1177
G01 X98.1446Y14.1438
G01 X98.1509Y14.1665
G01 X98.1632Y14.2188
G01 X98.1679Y14.2459
G01 X98.1705Y14.2693
G01 X98.1748Y14.3308
G01 X98.1750Y15.6614
G01 X98.1738Y15.6888
G01 X98.1701Y15.7346
G01 X98.1679Y15.7541
G01 X98.1632Y15.7812
G01 X98.1499Y15.8373
G01 X98.1446Y15.8562
G01 X98.1358Y15.8823
G01 X98.1107Y15.9428
G01 X98.0929Y15.9778
G01 X98.0586Y16.0337
G01 X98.0356Y16.0654
G01 X98.0008Y16.1064
G01 X97.9849Y16.1238
G01 X97.9594Y16.1482
G01 X97.9154Y16.1856
G01 X97.8837Y16.2086
G01 X97.8379Y16.2369
G01 X97.8174Y16.2485
G01 X97.7856Y16.2639
G01 X97.7396Y16.2829
G01 X97.7212Y16.2898
G01 X97.6873Y16.2999
G01 X97.6389Y16.3115
G01 X97.6196Y16.3154
G01 X97.5846Y16.3201
G01 X97.5206Y16.3248
G00 Z20.0000
G00 X97.8320Y16.2404
G01 Z20.0000
G01 X98.1275Y16.2843
G01 X98.5000Y16.3026
G01 X98.8725Y16.2843
G01 X99.1680Y16.2404
G00 Z20.0000
G00 X98.8640Y15.8816
G01 Z20.0000
G01 X98.8333Y15.8862
G01 X98.5000Y15.9026
G01 X98.1667Y15.8862
G01 X98.1360Y15.8816
G00 Z20.0000
G00 X98.1750Y15.4835
G01 Z20.0000
G01 X98.2059Y15.4881
G01 X98.5000Y15.5026
G01 X98.7941Y15.4881
G01 X98.8250Y15.4835
G01 X98.8250Y15.0796
G01 X98.7548Y15.0901
G01 X98.5000Y15.1026
G01 X98.2452Y15.0901
G01 X98.1750Y15.0796
G01 X98.1750Y14.6758
G01 X98.2844Y14.6920
G01 X98.5000Y14.7026
G01 X98.7156Y14.6920
G01 X98.8250Y14.6758
G00 Z20.0000
G00 X98.8294Y14.2712
G01 Z20.0000
G01 X98.6764Y14.2939
G01 X98.5000Y14.3026
G01 X98.3236Y14.2939
G01 X98.1706Y14.2712
G00 Z20.0000
G00 X97.1362Y13.6750
G01 Z20.0000
G01 X97.1086Y13.6445
G01 X97.0034Y13.5026
G01 X96.9125Y13.3511
G01 X96.8370Y13.1914
G01 X96.7775Y13.0251
G01 X96.7346Y12.8537
G01 X96.7087Y12.6790
G01 X96.7000Y12.5026
G01 X96.7087Y12.3261
G01 X96.7346Y12.1514
G01 X96.7775Y11.9801
G01 X96.8370Y11.8137
G01 X96.9125Y11.6541
G01 X97.0034Y11.5025
G01 X97.1086Y11.3607
G01 X97.2272Y11.2298
G01 X97.3581Y11.1112
G01 X97.5000Y11.0059
G01 X97.6515Y10.9151
G01 X97.8112Y10.8396
G01 X97.9775Y10.7801
G01 X98.1488Y10.7372
G01 X98.3236Y10.7112
G01 X98.5000Y10.7026
G01 X98.6764Y10.7112
G01 X98.8512Y10.7372
G01 X99.0225Y10.7801
G01 X99.1888Y10.8396
G01 X99.3485Y10.9151
G01 X99.5000Y11.0059
G01 X99.6419Y11.1112
G01 X99.7728Y11.2298
G01 X99.8914Y11.3607
G01 X99.9966Y11.5025
G01 X100.0875Y11.6541
G01 X100.1630Y11.8137
G01 X100.2225Y11.9801
G01 X100.2654Y12.1514
G01 X100.2913Y12.3261
G01 X100.3000Y12.5026
G01 X100.2913Y12.6790
G01 X100.2654Y12.8537
G01 X100.2225Y13.0251
G01 X100.1630Y13.1914
G01 X100.0875Y13.3511
G01 X99.9966Y13.5026
G01 X99.8914Y13.6445
G01 X99.8638Y13.6750
G01 X100.3591Y13.6750
G01 X100.4402Y13.5396
G01 X100.5325Y13.3445
G01 X100.6053Y13.1412
G01 X100.6577Y12.9318
G01 X100.6894Y12.7182
G01 X100.7000Y12.5026
G01 X100.6894Y12.2869
G01 X100.6577Y12.0734
G01 X100.6053Y11.8639
G01 X100.5325Y11.6607
G01 X100.4402Y11.4655
G01 X100.3292Y11.2803
G01 X100.2006Y11.1069
G01 X100.0556Y10.9469
G01 X99.8957Y10.8020
G01 X99.7223Y10.6733
G01 X99.5371Y10.5623
G01 X99.3419Y10.4700
G01 X99.1386Y10.3973
G01 X98.9292Y10.3448
G01 X98.7156Y10.3132
G01 X98.5000Y10.3026
G01 X98.2844Y10.3132
G01 X98.0708Y10.3448
G01 X97.8614Y10.3973
G01 X97.6581Y10.4700
G01 X97.4629Y10.5623
G01 X97.2777Y10.6733
G01 X97.1043Y10.8020
G01 X96.9444Y10.9469
G01 X96.7994Y11.1069
G01 X96.6708Y11.2803
G01 X96.5598Y11.4655
G01 X96.4675Y11.6607
G01 X96.3947Y11.8639
G01 X96.3423Y12.0734
G01 X96.3106Y12.2869
G01 X96.3000Y12.5026
G01 X96.3106Y12.7182
G01 X96.3423Y12.9318
G01 X96.3947Y13.1412
G01 X96.4675Y13.3445
G01 X96.5598Y13.5396
G01 X96.6409Y13.6750
G00 Z20.0000
G00 X96.2178Y13.7462
G01 Z20.0000
G01 X96.2070Y13.7282
G01 X96.0979Y13.4976
G01 X96.0120Y13.2573
G01 X95.9500Y13.0098
G01 X95.9125Y12.7574
G01 X95.9000Y12.5026
G01 X95.9125Y12.2477
G01 X95.9500Y11.9953
G01 X96.0120Y11.7478
G01 X96.0979Y11.5076
G01 X96.2070Y11.2769
G01 X96.3382Y11.0581
G01 X96.4902Y10.8532
G01 X96.6615Y10.6641
G01 X96.8506Y10.4927
G01 X97.0555Y10.3408
G01 X97.2744Y10.2096
G01 X97.5050Y10.1005
G01 X97.7453Y10.0145
G01 X97.9928Y9.9525
G01 X98.2452Y9.9151
G01 X98.5000Y9.9026
G01 X98.7548Y9.9151
G01 X99.0072Y9.9525
G01 X99.2547Y10.0145
G01 X99.4950Y10.1005
G01 X99.7256Y10.2096
G01 X99.9445Y10.3408
G01 X100.1494Y10.4927
G01 X100.3385Y10.6641
G01 X100.5098Y10.8532
G01 X100.6618Y11.0581
G01 X100.7930Y11.2769
G01 X100.9021Y11.5076
G01 X100.9880Y11.7478
G01 X101.0500Y11.9953
G01 X101.0875Y12.2477
G01 X101.1000Y12.5026
G01 X101.0875Y12.7574
G01 X101.0500Y13.0098
G01 X100.9880Y13.2573
G01 X100.9021Y13.4976
G01 X100.7930Y13.7282
G01 X100.7822Y13.7462
G00 Z20.0000
G00 X101.0748Y14.0351
G01 Z20.0000
G01 X101.1458Y13.9168
G01 X101.2716Y13.6506
G01 X101.3708Y13.3734
G01 X101.4424Y13.0878
G01 X101.4856Y12.7966
G01 X101.5000Y12.5026
G01 X101.4856Y12.2085
G01 X101.4424Y11.9173
G01 X101.3708Y11.6317
G01 X101.2716Y11.3545
G01 X101.1458Y11.0884
G01 X100.9944Y10.8359
G01 X100.8190Y10.5994
G01 X100.6213Y10.3813
G01 X100.4032Y10.1835
G01 X100.1667Y10.0082
G01 X99.9142Y9.8568
G01 X99.6481Y9.7309
G01 X99.3709Y9.6318
G01 X99.0853Y9.5602
G01 X98.7941Y9.5170
G01 X98.5000Y9.5026
G01 X98.2059Y9.5170
G01 X97.9147Y9.5602
G01 X97.6291Y9.6318
G01 X97.3519Y9.7309
G01 X97.0858Y9.8568
G01 X96.8333Y10.0082
G01 X96.5968Y10.1835
G01 X96.3787Y10.3813
G01 X96.1810Y10.5994
G01 X96.0056Y10.8359
G01 X95.8542Y11.0884
G01 X95.7284Y11.3545
G01 X95.6292Y11.6317
G01 X95.5576Y11.9173
G01 X95.5144Y12.2085
G01 X95.5000Y12.5026
G01 X95.5144Y12.7966
G01 X95.5576Y13.0878
G01 X95.6292Y13.3734
G01 X95.7284Y13.6506
G01 X95.8542Y13.9168
G01 X95.9252Y14.0351
G00 Z20.0000
G00 X95.8500Y14.6302
G01 Z20.0000
G01 X95.6730Y14.3915
G01 X95.5015Y14.1053
G01 X95.3588Y13.8037
G01 X95.2464Y13.4895
G01 X95.1653Y13.1659
G01 X95.1164Y12.8358
G01 X95.1000Y12.5026
G01 X95.1164Y12.1693
G01 X95.1653Y11.8393
G01 X95.2464Y11.5156
G01 X95.3588Y11.2015
G01 X95.5015Y10.8998
G01 X95.6730Y10.6136
G01 X95.8718Y10.3456
G01 X96.0958Y10.0984
G01 X96.3431Y9.8743
G01 X96.6111Y9.6756
G01 X96.8973Y9.5040
G01 X97.1989Y9.3614
G01 X97.5130Y9.2490
G01 X97.8367Y9.1679
G01 X98.1667Y9.1189
G01 X98.5000Y9.1026
G01 X98.8333Y9.1189
G01 X99.1633Y9.1679
G01 X99.4870Y9.2490
G01 X99.8011Y9.3614
G01 X100.1027Y9.5040
G01 X100.3889Y9.6756
G01 X100.6569Y9.8743
G01 X100.9042Y10.0984
G01 X101.1282Y10.3456
G01 X101.3270Y10.6136
G01 X101.4985Y10.8998
G01 X101.6412Y11.2015
G01 X101.7536Y11.5156
G01 X101.8347Y11.8393
G01 X101.8836Y12.1693
G01 X101.9000Y12.5026
G01 X101.8836Y12.8358
G01 X101.8347Y13.1659
G01 X101.7536Y13.4895
G01 X101.6412Y13.8037
G01 X101.4985Y14.1053
G01 X101.3270Y14.3915
G01 X101.1500Y14.6302
G01 X101.1500Y15.2231
G01 X101.1870Y15.1896
G01 X101.4374Y14.9133
G01 X101.6596Y14.6137
G01 X101.8513Y14.2939
G01 X102.0107Y13.9568
G01 X102.1364Y13.6057
G01 X102.2270Y13.2439
G01 X102.2817Y12.8750
G01 X102.3000Y12.5026
G01 X102.2817Y12.1301
G01 X102.2270Y11.7612
G01 X102.1364Y11.3995
G01 X102.0107Y11.0484
G01 X101.8513Y10.7113
G01 X101.6596Y10.3914
G01 X101.4374Y10.0919
G01 X101.1870Y9.8156
G01 X100.9107Y9.5651
G01 X100.6112Y9.3430
G01 X100.2913Y9.1513
G01 X99.9542Y8.9918
G01 X99.6031Y8.8662
G01 X99.2413Y8.7756
G01 X98.8725Y8.7209
G01 X98.5000Y8.7026
G01 X98.1275Y8.7209
G01 X97.7587Y8.7756
G01 X97.3969Y8.8662
G01 X97.0458Y8.9918
G01 X96.7087Y9.1513
G01 X96.3888Y9.3430
G01 X96.0893Y9.5651
G01 X95.8130Y9.8156
G01 X95.5626Y10.0919
G01 X95.3404Y10.3914
G01 X95.1487Y10.7113
G01 X94.9893Y11.0484
G01 X94.8636Y11.3995
G01 X94.7730Y11.7612
G01 X94.7183Y12.1301
G01 X94.7000Y12.5026
G01 X94.7183Y12.8750
G01 X94.7730Y13.2439
G01 X94.8636Y13.6057
G01 X94.9893Y13.9568
G01 X95.1487Y14.2939
G01 X95.3404Y14.6137
G01 X95.5626Y14.9133
G01 X95.8130Y15.1896
G01 X95.8500Y15.2231
G00 Z20.0000
G00 X95.8591Y15.7667
G01 Z20.0000
G01 X95.8355Y15.7492
G01 X95.5302Y15.4724
G01 X95.2534Y15.1670
G01 X95.0078Y14.8360
G01 X94.7959Y14.4824
G01 X94.6197Y14.1098
G01 X94.4809Y13.7218
G01 X94.3807Y13.3220
G01 X94.3202Y12.9142
G01 X94.3000Y12.5026
G01 X94.3202Y12.0909
G01 X94.3807Y11.6832
G01 X94.4809Y11.2834
G01 X94.6197Y10.8953
G01 X94.7959Y10.5227
G01 X94.9506Y10.2647
G00 Z20.0000
G00 X94.4696Y10.2900
G01 Z20.0000
G01 X94.4432Y10.3341
G01 X94.2502Y10.7422
G01 X94.0981Y11.1673
G01 X93.9884Y11.6052
G01 X93.9222Y12.0517
G01 X93.9000Y12.5026
G01 X93.9222Y12.9535
G01 X93.9884Y13.4000
G01 X94.0981Y13.8379
G01 X94.2502Y14.2629
G01 X94.4432Y14.6710
G01 X94.6752Y15.0582
G01 X94.9442Y15.4208
G01 X95.2473Y15.7553
G01 X95.5818Y16.0584
G01 X95.9444Y16.3273
G01 X96.3316Y16.5594
G01 X96.6288Y16.7000
G01 X96.7704Y16.3250
G01 X96.8927Y16.3829
G01 X97.2808Y16.5217
G01 X97.6806Y16.6219
G01 X98.0883Y16.6824
G01 X98.5000Y16.7026
G01 X98.9117Y16.6824
G01 X99.3194Y16.6219
G01 X99.7192Y16.5217
G01 X100.1073Y16.3829
G01 X100.2296Y16.3250
G00 Z20.0000
G00 X100.4956Y16.3248
G01 Z20.0000
G01 X99.4925Y16.3250
G01 X99.4651Y16.3240
G01 X99.4193Y16.3205
G01 X99.3804Y16.3154
G01 X99.3573Y16.3107
G01 X99.3051Y16.2979
G01 X99.2788Y16.2898
G01 X99.2604Y16.2829
G01 X99.2144Y16.2639
G01 X99.1965Y16.2557
G01 X99.1722Y16.2429
G01 X99.1230Y16.2129
G01 X99.1066Y16.2020
G01 X99.0846Y16.1856
G01 X99.0436Y16.1508
G01 X99.0262Y16.1349
G01 X98.9992Y16.1064
G01 X98.9644Y16.0654
G01 X98.9480Y16.0434
G01 X98.9350Y16.0237
G01 X98.9111Y15.9845
G01 X98.9015Y15.9674
G01 X98.8861Y15.9356
G01 X98.8671Y15.8896
G01 X98.8603Y15.8712
G01 X98.8501Y15.8373
G01 X98.8385Y15.7889
G01 X98.8346Y15.7696
G01 X98.8299Y15.7346
G01 X98.8252Y15.6692
G01 X98.8255Y14.3229
G01 X98.8295Y14.2693
G01 X98.8321Y14.2459
G01 X98.8368Y14.2188
G01 X98.8491Y14.1665
G01 X98.8554Y14.1438
G01 X98.8642Y14.1177
G01 X98.8846Y14.0680
G01 X98.8943Y14.0466
G01 X98.9111Y14.0155
G01 X98.9371Y13.9730
G01 X98.9480Y13.9566
G01 X98.9644Y13.9346
G01 X99.0018Y13.8906
G01 X99.0151Y13.8762
G01 X99.0348Y13.8570
G01 X99.0755Y13.8219
G01 X99.1066Y13.7980
G01 X99.1263Y13.7850
G01 X99.1722Y13.7571
G01 X99.1965Y13.7443
G01 X99.2144Y13.7361
G01 X99.2604Y13.7171
G01 X99.2938Y13.7054
G01 X99.3127Y13.7001
G01 X99.3611Y13.6885
G01 X99.3959Y13.6821
G01 X99.4154Y13.6799
G01 X99.4612Y13.6762
G01 X99.4886Y13.6750
G01 X100.4864Y13.6750
G01 X100.5138Y13.6762
G01 X100.5674Y13.6806
G01 X100.5946Y13.6846
G01 X100.6139Y13.6885
G01 X100.6699Y13.7021
G01 X100.6962Y13.7102
G01 X100.7182Y13.7185
G01 X100.7678Y13.7393
G01 X100.7924Y13.7515
G01 X100.8129Y13.7631
G01 X100.8587Y13.7914
G01 X100.8811Y13.8072
G01 X100.8995Y13.8219
G01 X100.9402Y13.8570
G01 X100.9599Y13.8762
G01 X100.9758Y13.8936
G01 X101.0106Y13.9346
G01 X101.0270Y13.9566
G01 X101.0400Y13.9763
G01 X101.0679Y14.0222
G01 X101.0857Y14.0572
G01 X101.1065Y14.1068
G01 X101.1147Y14.1288
G01 X101.1229Y14.1551
G01 X101.1365Y14.2111
G01 X101.1429Y14.2459
G01 X101.1455Y14.2693
G01 X101.1498Y14.3308
G01 X101.1500Y15.6614
G01 X101.1488Y15.6888
G01 X101.1451Y15.7346
G01 X101.1429Y15.7541
G01 X101.1382Y15.7812
G01 X101.1249Y15.8373
G01 X101.1196Y15.8562
G01 X101.1108Y15.8823
G01 X101.0857Y15.9428
G01 X101.0679Y15.9778
G01 X101.0336Y16.0337
G01 X101.0106Y16.0654
G01 X100.9758Y16.1064
G01 X100.9599Y16.1238
G01 X100.9344Y16.1482
G01 X100.8904Y16.1856
G01 X100.8587Y16.2086
G01 X100.8129Y16.2369
G01 X100.7924Y16.2485
G01 X100.7606Y16.2639
G01 X100.7146Y16.2829
G01 X100.6962Y16.2898
G01 X100.6623Y16.2999
G01 X100.6139Y16.3115
G01 X100.5946Y16.3154
G01 X100.5596Y16.3201
G01 X100.4956Y16.3248
G01 X100.3712Y16.7000
G01 X100.6684Y16.5594
G01 X101.0556Y16.3273
G01 X101.4182Y16.0584
G01 X101.7527Y15.7553
G01 X102.0558Y15.4208
G01 X102.3248Y15.0582
G01 X102.5568Y14.6710
G01 X102.7498Y14.2629
G01 X102.9019Y13.8379
G01 X103.0116Y13.4000
G01 X103.0778Y12.9535
G01 X103.1000Y12.5026
G01 X103.0778Y12.0517
G01 X103.0116Y11.6052
G01 X102.9019Y11.1673
G01 X102.7498Y10.7422
G01 X102.5568Y10.3341
G01 X102.5304Y10.2900
G01 X102.9779Y10.2900
G01 X103.1194Y10.5892
G01 X103.2847Y11.0512
G01 X103.4039Y11.5271
G01 X103.4759Y12.0125
G01 X103.5000Y12.5026
G01 X103.4759Y12.9927
G01 X103.4039Y13.4780
G01 X103.2847Y13.9540
G01 X103.1194Y14.4160
G01 X102.9096Y14.8596
G01 X102.6573Y15.2804
G01 X102.3651Y15.6745
G01 X102.0355Y16.0381
G01 X101.6720Y16.3676
G01 X101.2779Y16.6599
G01 X101.2110Y16.7000
G01 X101.8945Y16.7000
G01 X101.9257Y16.6768
G01 X102.3184Y16.3210
G01 X102.6743Y15.9283
G01 X102.9899Y15.5027
G01 X103.2624Y15.0481
G01 X103.4889Y14.5691
G01 X103.6675Y14.0701
G01 X103.7962Y13.5561
G01 X103.8740Y13.0319
G01 X103.9000Y12.5026
G01 X103.8740Y11.9733
G01 X103.7962Y11.4491
G01 X103.6675Y10.9350
G01 X103.4889Y10.4361
G01 X103.4199Y10.2900
G00 Z20.0000
G00 X103.8512Y10.2676
G01 Z20.0000
G01 X103.8585Y10.2830
G01 X104.0503Y10.8189
G01 X104.1886Y11.3711
G01 X104.2721Y11.9341
G01 X104.3000Y12.5026
G01 X104.2721Y13.0711
G01 X104.1886Y13.6341
G01 X104.0503Y14.1862
G01 X103.8585Y14.7221
G01 X103.6151Y15.2367
G01 X103.3225Y15.7249
G01 X102.9835Y16.1821
G01 X102.6012Y16.6038
G01 X102.4951Y16.7000
G00 Z20.0000
G00 X103.0502Y16.7033
G01 Z20.0000
G01 X103.2927Y16.4358
G01 X103.6551Y15.9471
G01 X103.9679Y15.4252
G01 X104.2281Y14.8752
G01 X104.4330Y14.3023
G01 X104.5809Y13.7121
G01 X104.6701Y13.1103
G01 X104.7000Y12.5026
G01 X104.6701Y11.8949
G01 X104.5809Y11.2930
G01 X104.4330Y10.7028
G01 X104.2353Y10.1502
G00 Z20.0000
G00 X104.5790Y9.9375
G01 Z20.0000
G01 X104.5976Y9.9769
G01 X104.8158Y10.5867
G01 X104.9732Y11.2150
G01 X105.0682Y11.8557
G01 X105.1000Y12.5026
G01 X105.0682Y13.1495
G01 X104.9732Y13.7902
G01 X104.8158Y14.4185
G01 X104.5976Y15.0283
G01 X104.3207Y15.6138
G01 X103.9877Y16.1693
G01 X103.6019Y16.6896
G01 X103.3691Y16.9464
G00 Z20.0000
G00 X103.4000Y17.4974
G01 Z20.0000
G01 X103.4497Y17.4523
G01 X103.9111Y16.9433
G01 X104.3203Y16.3916
G01 X104.6734Y15.8024
G01 X104.9672Y15.1814
G01 X105.1986Y14.5346
G01 X105.3655Y13.8682
G01 X105.4663Y13.1887
G01 X105.5000Y12.5026
G01 X105.4663Y11.8165
G01 X105.3655Y11.1369
G01 X105.1986Y10.4706
G01 X104.9672Y9.8238
G01 X104.8706Y9.6197
G00 Z20.0000
G00 X105.0893Y9.1477
G01 Z20.0000
G01 X105.3367Y9.6707
G01 X105.5814Y10.3545
G01 X105.7578Y11.0589
G01 X105.8644Y11.7772
G01 X105.9000Y12.5026
G01 X105.8644Y13.2279
G01 X105.7578Y13.9462
G01 X105.5814Y14.6507
G01 X105.3367Y15.3344
G01 X105.0262Y15.9909
G01 X104.6529Y16.6138
G01 X104.2203Y17.1971
G01 X103.7326Y17.7352
G01 X103.4000Y18.0366
G01 X103.4000Y18.5679
G01 X103.4483Y18.5321
G01 X104.0154Y18.0180
G01 X104.5295Y17.4508
G01 X104.9855Y16.8360
G01 X105.3790Y16.1795
G01 X105.7063Y15.4875
G01 X105.9641Y14.7668
G01 X106.1501Y14.0243
G01 X106.2624Y13.2671
G01 X106.3000Y12.5026
G01 X106.2624Y11.7380
G01 X106.1501Y10.9809
G01 X105.9641Y10.2384
G01 X105.7063Y9.5176
G01 X105.3790Y8.8257
G01 X105.0937Y8.3497
G00 Z20.0000
G00 X104.4110Y7.4236
G01 Z20.0000
G01 X104.0154Y6.9871
G01 X103.4483Y6.4731
G01 X102.8334Y6.0171
G01 X102.1769Y5.6236
G01 X101.4849Y5.2963
G01 X100.7642Y5.0384
G01 X100.0217Y4.8524
G01 X99.2645Y4.7401
G01 X98.5000Y4.7026
G01 X97.7355Y4.7401
G01 X96.9783Y4.8524
G01 X96.2358Y5.0384
G01 X95.5151Y5.2963
G01 X94.8231Y5.6236
G01 X94.1666Y6.0171
G01 X93.5517Y6.4731
G01 X92.9846Y6.9871
G01 X92.5890Y7.4236
G00 Z20.0000
G00 X93.3534Y7.1921
G01 Z20.0000
G01 X93.8055Y6.7823
G01 X94.3888Y6.3497
G01 X95.0117Y5.9764
G01 X95.6681Y5.6659
G01 X96.3519Y5.4212
G01 X97.0563Y5.2448
G01 X97.7747Y5.1382
G01 X98.5000Y5.1026
G01 X99.2253Y5.1382
G01 X99.9437Y5.2448
G01 X100.6481Y5.4212
G01 X101.3319Y5.6659
G01 X101.9883Y5.9764
G01 X102.6112Y6.3497
G01 X103.1945Y6.7823
G01 X103.6466Y7.1921
G00 Z20.0000
G00 X103.0494Y7.1900
G01 Z20.0000
G01 X102.9408Y7.0915
G01 X102.3890Y6.6823
G01 X101.7998Y6.3291
G01 X101.1788Y6.0354
G01 X100.5320Y5.8040
G01 X99.8656Y5.6371
G01 X99.1861Y5.5363
G01 X98.5000Y5.5026
G01 X97.8139Y5.5363
G01 X97.1344Y5.6371
G01 X96.4680Y5.8040
G01 X95.8212Y6.0354
G01 X95.2002Y6.3291
G01 X94.6110Y6.6823
G01 X94.0592Y7.0915
G01 X93.9506Y7.1900
G00 Z20.0000
G00 X93.3952Y7.1901
G01 Z20.0000
G01 X94.6824Y7.1901
G01 X94.8073Y7.1960
G01 X94.8318Y7.1980
G01 X94.9580Y7.2164
G01 X94.9918Y7.2230
G01 X95.1060Y7.2515
G01 X95.1296Y7.2582
G01 X95.2636Y7.3062
G01 X95.2861Y7.3159
G01 X95.4013Y7.3708
G01 X95.4227Y7.3827
G01 X95.5195Y7.4407
G01 X95.5482Y7.4597
G01 X95.6428Y7.5298
G01 X95.6732Y7.5547
G01 X95.7568Y7.6304
G01 X95.7744Y7.6475
G01 X95.8700Y7.7529
G01 X95.8852Y7.7722
G01 X95.9610Y7.8748
G01 X95.9743Y7.8955
G01 X96.0396Y8.0050
G01 X96.0508Y8.0269
G01 X96.1051Y8.1423
G01 X96.1141Y8.1652
G01 X96.1568Y8.2854
G01 X96.1635Y8.3090
G01 X96.1942Y8.4328
G01 X96.1986Y8.4570
G01 X96.2170Y8.5832
G01 X96.2190Y8.6077
G01 X96.2249Y8.7351
G01 X96.2245Y8.7596
G01 X96.2180Y8.8870
G01 X96.2151Y8.9114
G01 X96.1961Y9.0376
G01 X96.1909Y9.0615
G01 X96.1596Y9.1852
G01 X96.1521Y9.2086
G01 X96.1088Y9.3286
G01 X96.0991Y9.3511
G01 X96.0442Y9.4663
G01 X96.0323Y9.4877
G01 X95.9665Y9.5970
G01 X95.9525Y9.6172
G01 X95.8762Y9.7195
G01 X95.8603Y9.7382
G01 X95.7744Y9.8325
G01 X95.7568Y9.8496
G01 X95.6621Y9.9350
G01 X95.6428Y9.9502
G01 X95.5522Y10.0175
G01 X95.5195Y10.0393
G01 X95.4227Y10.0973
G01 X95.4013Y10.1092
G01 X95.2727Y10.1701
G01 X95.2498Y10.1791
G01 X95.1436Y10.2171
G01 X95.1060Y10.2285
G01 X94.9965Y10.2559
G01 X94.9726Y10.2611
G01 X94.8464Y10.2801
G01 X94.8073Y10.2840
G01 X94.6750Y10.2900
G01 X93.4050Y10.2900
G01 X93.2727Y10.2840
G01 X93.2336Y10.2801
G01 X93.1074Y10.2611
G01 X93.0835Y10.2559
G01 X92.9598Y10.2246
G01 X92.9364Y10.2171
G01 X92.8164Y10.1738
G01 X92.7939Y10.1641
G01 X92.6787Y10.1092
G01 X92.6573Y10.0973
G01 X92.5480Y10.0315
G01 X92.5278Y10.0175
G01 X92.4255Y9.9412
G01 X92.4068Y9.9253
G01 X92.3125Y9.8394
G01 X92.2954Y9.8218
G01 X92.2100Y9.7271
G01 X92.1948Y9.7078
G01 X92.1275Y9.6172
G01 X92.1057Y9.5845
G01 X92.0477Y9.4877
G01 X92.0358Y9.4663
G01 X91.9749Y9.3377
G01 X91.9659Y9.3148
G01 X91.9279Y9.2086
G01 X91.9165Y9.1710
G01 X91.8858Y9.0472
G01 X91.8814Y9.0230
G01 X91.8649Y8.9114
G01 X91.8610Y8.8723
G01 X91.8555Y8.7596
G01 X91.8551Y8.7351
G01 X91.8610Y8.6077
G01 X91.8649Y8.5686
G01 X91.8814Y8.4570
G01 X91.8858Y8.4328
G01 X91.9178Y8.3042
G01 X91.9279Y8.2714
G01 X91.9659Y8.1652
G01 X91.9809Y8.1289
G01 X92.0292Y8.0269
G01 X92.0404Y8.0050
G01 X92.1057Y7.8955
G01 X92.1275Y7.8628
G01 X92.1948Y7.7722
G01 X92.2100Y7.7529
G01 X92.3056Y7.6475
G01 X92.3232Y7.6304
G01 X92.4068Y7.5547
G01 X92.4372Y7.5298
G01 X92.5278Y7.4625
G01 X92.5480Y7.4485
G01 X92.6573Y7.3827
G01 X92.6919Y7.3642
G01 X92.7939Y7.3159
G01 X92.8164Y7.3062
G01 X92.9504Y7.2582
G01 X92.9740Y7.2515
G01 X93.0835Y7.2241
G01 X93.1220Y7.2164
G01 X93.2336Y7.1999
G01 X93.2580Y7.1970
G01 X93.3952Y7.1901
G00 Z20.0000
G00 X94.5971Y7.1900
G01 Z20.0000
G01 X94.8332Y7.0149
G01 X95.3888Y6.6819
G01 X95.9743Y6.4050
G01 X96.5841Y6.1868
G01 X97.2124Y6.0294
G01 X97.8531Y5.9344
G01 X98.5000Y5.9026
G01 X99.1469Y5.9344
G01 X99.7876Y6.0294
G01 X100.4159Y6.1868
G01 X101.0257Y6.4050
G01 X101.6112Y6.6819
G01 X102.1668Y7.0149
G01 X102.4029Y7.1900
G00 Z20.0000
G00 X102.3152Y7.1901
G01 Z20.0000
G01 X103.6024Y7.1901
G01 X103.7273Y7.1960
G01 X103.7518Y7.1980
G01 X103.8780Y7.2164
G01 X103.9118Y7.2230
G01 X104.0260Y7.2515
G01 X104.0496Y7.2582
G01 X104.1836Y7.3062
G01 X104.2061Y7.3159
G01 X104.3213Y7.3708
G01 X104.3427Y7.3827
G01 X104.4395Y7.4407
G01 X104.4682Y7.4597
G01 X104.5628Y7.5298
G01 X104.5932Y7.5547
G01 X104.6768Y7.6304
G01 X104.6944Y7.6475
G01 X104.7900Y7.7529
G01 X104.8052Y7.7722
G01 X104.8810Y7.8748
G01 X104.8943Y7.8955
G01 X104.9596Y8.0050
G01 X104.9708Y8.0269
G01 X105.0251Y8.1423
G01 X105.0341Y8.1652
G01 X105.0768Y8.2854
G01 X105.0835Y8.3090
G01 X105.1142Y8.4328
G01 X105.1186Y8.4570
G01 X105.1370Y8.5832
G01 X105.1390Y8.6077
G01 X105.1449Y8.7351
G01 X105.1445Y8.7596
G01 X105.1380Y8.8870
G01 X105.1351Y8.9114
G01 X105.1161Y9.0376
G01 X105.1109Y9.0615
G01 X105.0796Y9.1852
G01 X105.0721Y9.2086
G01 X105.0288Y9.3286
G01 X105.0191Y9.3511
G01 X104.9642Y9.4663
G01 X104.9523Y9.4877
G01 X104.8865Y9.5970
G01 X104.8725Y9.6172
G01 X104.7962Y9.7195
G01 X104.7803Y9.7382
G01 X104.6944Y9.8325
G01 X104.6768Y9.8496
G01 X104.5821Y9.9350
G01 X104.5628Y9.9502
G01 X104.4722Y10.0175
G01 X104.4395Y10.0393
G01 X104.3427Y10.0973
G01 X104.3213Y10.1092
G01 X104.1927Y10.1701
G01 X104.1698Y10.1791
G01 X104.0636Y10.2171
G01 X104.0260Y10.2285
G01 X103.9165Y10.2559
G01 X103.8926Y10.2611
G01 X103.7664Y10.2801
G01 X103.7273Y10.2840
G01 X103.5950Y10.2900
G01 X102.3250Y10.2900
G01 X102.1927Y10.2840
G01 X102.1536Y10.2801
G01 X102.0274Y10.2611
G01 X102.0035Y10.2559
G01 X101.8798Y10.2246
G01 X101.8564Y10.2171
G01 X101.7364Y10.1738
G01 X101.7139Y10.1641
G01 X101.5987Y10.1092
G01 X101.5773Y10.0973
G01 X101.4680Y10.0315
G01 X101.4478Y10.0175
G01 X101.3455Y9.9412
G01 X101.3268Y9.9253
G01 X101.2325Y9.8394
G01 X101.2154Y9.8218
G01 X101.1300Y9.7271
G01 X101.1148Y9.7078
G01 X101.0475Y9.6172
G01 X101.0257Y9.5845
G01 X100.9677Y9.4877
G01 X100.9558Y9.4663
G01 X100.8949Y9.3377
G01 X100.8859Y9.3148
G01 X100.8479Y9.2086
G01 X100.8365Y9.1710
G01 X100.8058Y9.0472
G01 X100.8014Y9.0230
G01 X100.7849Y8.9114
G01 X100.7810Y8.8723
G01 X100.7755Y8.7596
G01 X100.7751Y8.7351
G01 X100.7810Y8.6077
G01 X100.7849Y8.5686
G01 X100.8014Y8.4570
G01 X100.8058Y8.4328
G01 X100.8378Y8.3042
G01 X100.8479Y8.2714
G01 X100.8859Y8.1652
G01 X100.9009Y8.1289
G01 X100.9492Y8.0269
G01 X100.9604Y8.0050
G01 X101.0257Y7.8955
G01 X101.0475Y7.8628
G01 X101.1148Y7.7722
G01 X101.1300Y7.7529
G01 X101.2256Y7.6475
G01 X101.2432Y7.6304
G01 X101.3268Y7.5547
G01 X101.3572Y7.5298
G01 X101.4478Y7.4625
G01 X101.4680Y7.4485
G01 X101.5773Y7.3827
G01 X101.6119Y7.3642
G01 X101.7139Y7.3159
G01 X101.7364Y7.3062
G01 X101.8704Y7.2582
G01 X101.8940Y7.2515
G01 X102.0035Y7.2241
G01 X102.0420Y7.2164
G01 X102.1536Y7.1999
G01 X102.1780Y7.1970
G01 X102.3152Y7.1901
G00 Z20.0000
G00 X101.8233Y7.2748
G01 Z20.0000
G01 X101.4227Y7.0347
G01 X100.8726Y6.7745
G01 X100.2998Y6.5695
G01 X99.7096Y6.4217
G01 X99.1077Y6.3324
G01 X98.5000Y6.3026
G01 X97.8923Y6.3324
G01 X97.2904Y6.4217
G01 X96.7002Y6.5695
G01 X96.1274Y6.7745
G01 X95.5773Y7.0347
G01 X95.1767Y7.2748
G00 Z20.0000
G00 X95.5917Y7.4918
G01 Z20.0000
G01 X95.7659Y7.3874
G01 X96.2804Y7.1441
G01 X96.8163Y6.9523
G01 X97.3685Y6.8140
G01 X97.9315Y6.7305
G01 X98.5000Y6.7026
G01 X99.0685Y6.7305
G01 X99.6315Y6.8140
G01 X100.1837Y6.9523
G01 X100.7196Y7.1441
G01 X101.2341Y7.3874
G01 X101.4083Y7.4918
G00 Z20.0000
G00 X101.1099Y7.7788
G01 Z20.0000
G01 X101.0455Y7.7402
G01 X100.5665Y7.5136
G01 X100.0675Y7.3351
G01 X99.5535Y7.2063
G01 X99.0293Y7.1286
G01 X98.5000Y7.1026
G01 X97.9707Y7.1286
G01 X97.4465Y7.2063
G01 X96.9325Y7.3351
G01 X96.4335Y7.5136
G01 X95.9545Y7.7402
G01 X95.8901Y7.7788
G00 Z20.0000
G00 X96.0955Y8.1214
G01 Z20.0000
G01 X96.1430Y8.0930
G01 X96.5866Y7.8832
G01 X97.0486Y7.7179
G01 X97.5245Y7.5986
G01 X98.0099Y7.5267
G01 X98.5000Y7.5026
G01 X98.9901Y7.5267
G01 X99.4755Y7.5986
G01 X99.9514Y7.7179
G01 X100.4134Y7.8832
G01 X100.8570Y8.0930
G01 X100.9045Y8.1214
G00 Z20.0000
G00 X100.7921Y8.5199
G01 Z20.0000
G01 X100.6684Y8.4457
G01 X100.2603Y8.2527
G01 X99.8353Y8.1006
G01 X99.3974Y7.9910
G01 X98.9509Y7.9247
G01 X98.5000Y7.9026
G01 X98.0491Y7.9247
G01 X97.6026Y7.9910
G01 X97.1647Y8.1006
G01 X96.7397Y8.2527
G01 X96.3316Y8.4457
G01 X96.2079Y8.5199
G00 Z20.0000
G00 X96.2038Y8.9881
G01 Z20.0000
G01 X96.5201Y8.7985
G01 X96.8927Y8.6223
G01 X97.2808Y8.4834
G01 X97.6806Y8.3833
G01 X98.0883Y8.3228
G01 X98.5000Y8.3026
G01 X98.9117Y8.3228
G01 X99.3194Y8.3833
G01 X99.7192Y8.4834
G01 X100.1073Y8.6223
G01 X100.4799Y8.7985
G01 X100.7962Y8.9881
G00 Z20.0000
G00 X102.0494Y10.2647
G01 Z20.0000
G01 X102.2041Y10.5227
G01 X102.3803Y10.8953
G01 X102.5191Y11.2834
G01 X102.6193Y11.6832
G01 X102.6798Y12.0909
G01 X102.7000Y12.5026
G01 X102.6798Y12.9142
G01 X102.6193Y13.3220
G01 X102.5191Y13.7218
G01 X102.3803Y14.1098
G01 X102.2041Y14.4824
G01 X101.9922Y14.8360
G01 X101.7466Y15.1670
G01 X101.4698Y15.4724
G01 X101.1645Y15.7492
G01 X101.1409Y15.7667
G00 Z20.0000
G00 X99.9000Y12.5026
G01 Z20.0000
G01 X99.8933Y12.3654
G01 X99.8731Y12.2294
G01 X99.8397Y12.0962
G01 X99.7934Y11.9668
G01 X99.7347Y11.8426
G01 X99.6641Y11.7248
G01 X99.5822Y11.6144
G01 X99.4899Y11.5126
G01 X99.3882Y11.4204
G01 X99.2778Y11.3385
G01 X99.1600Y11.2679
G01 X99.0358Y11.2091
G01 X98.9064Y11.1629
G01 X98.7731Y11.1295
G01 X98.6372Y11.1093
G01 X98.5000Y11.1026
G01 X98.3628Y11.1093
G01 X98.2269Y11.1295
G01 X98.0936Y11.1629
G01 X97.9642Y11.2091
G01 X97.8400Y11.2679
G01 X97.7222Y11.3385
G01 X97.6118Y11.4204
G01 X97.5101Y11.5126
G01 X97.4178Y11.6144
G01 X97.3359Y11.7248
G01 X97.2653Y11.8426
G01 X97.2066Y11.9668
G01 X97.1603Y12.0962
G01 X97.1269Y12.2294
G01 X97.1067Y12.3654
G01 X97.1000Y12.5026
G01 X97.1067Y12.6398
G01 X97.1269Y12.7757
G01 X97.1603Y12.9090
G01 X97.2066Y13.0383
G01 X97.2653Y13.1625
G01 X97.3359Y13.2804
G01 X97.4178Y13.3907
G01 X97.5101Y13.4925
G01 X97.6118Y13.5848
G01 X97.7222Y13.6666
G01 X97.8400Y13.7373
G01 X97.9642Y13.7960
G01 X98.0936Y13.8423
G01 X98.2269Y13.8757
G01 X98.3628Y13.8958
G01 X98.5000Y13.9026
G01 X98.6372Y13.8958
G01 X98.7731Y13.8757
G01 X98.9064Y13.8423
G01 X99.0358Y13.7960
G01 X99.1600Y13.7373
G01 X99.2778Y13.6666
G01 X99.3882Y13.5848
G01 X99.4899Y13.4925
G01 X99.5822Y13.3907
G01 X99.6641Y13.2804
G01 X99.7347Y13.1625
G01 X99.7934Y13.0383
G01 X99.8397Y12.9090
G01 X99.8731Y12.7757
G01 X99.8933Y12.6398
G01 X99.9000Y12.5026
G01 X99.5000Y12.5026
G01 X99.4952Y12.4046
G01 X99.4808Y12.3075
G01 X99.4569Y12.2123
G01 X99.4239Y12.1199
G01 X99.3819Y12.0312
G01 X99.3315Y11.9470
G01 X99.2730Y11.8682
G01 X99.2071Y11.7955
G01 X99.1344Y11.7296
G01 X99.0556Y11.6711
G01 X98.9714Y11.6207
G01 X98.8827Y11.5787
G01 X98.7903Y11.5456
G01 X98.6951Y11.5218
G01 X98.5980Y11.5074
G01 X98.5000Y11.5026
G01 X98.4020Y11.5074
G01 X98.3049Y11.5218
G01 X98.2097Y11.5456
G01 X98.1173Y11.5787
G01 X98.0286Y11.6207
G01 X97.9444Y11.6711
G01 X97.8656Y11.7296
G01 X97.7929Y11.7955
G01 X97.7270Y11.8682
G01 X97.6685Y11.9470
G01 X97.6181Y12.0312
G01 X97.5761Y12.1199
G01 X97.5431Y12.2123
G01 X97.5192Y12.3075
G01 X97.5048Y12.4046
G01 X97.5000Y12.5026
G01 X97.5048Y12.6006
G01 X97.5192Y12.6977
G01 X97.5431Y12.7929
G01 X97.5761Y12.8853
G01 X97.6181Y12.9740
G01 X97.6685Y13.0581
G01 X97.7270Y13.1370
G01 X97.7929Y13.2097
G01 X97.8656Y13.2756
G01 X97.9444Y13.3340
G01 X98.0286Y13.3845
G01 X98.1173Y13.4265
G01 X98.2097Y13.4595
G01 X98.3049Y13.4834
G01 X98.4020Y13.4978
G01 X98.5000Y13.5026
G01 X98.5980Y13.4978
G01 X98.6951Y13.4834
G01 X98.7903Y13.4595
G01 X98.8827Y13.4265
G01 X98.9714Y13.3845
G01 X99.0556Y13.3340
G01 X99.1344Y13.2756
G01 X99.2071Y13.2097
G01 X99.2730Y13.1370
G01 X99.3315Y13.0581
G01 X99.3819Y12.9740
G01 X99.4239Y12.8853
G01 X99.4569Y12.7929
G01 X99.4808Y12.6977
G01 X99.4952Y12.6006
G01 X99.5000Y12.5026
G01 X99.1000Y12.5026
G01 X99.0971Y12.4438
G01 X99.0885Y12.3855
G01 X99.0742Y12.3284
G01 X99.0543Y12.2730
G01 X99.0292Y12.2197
G01 X98.9989Y12.1692
G01 X98.9638Y12.1219
G01 X98.9243Y12.0783
G01 X98.8806Y12.0388
G01 X98.8333Y12.0037
G01 X98.7828Y11.9734
G01 X98.7296Y11.9482
G01 X98.6742Y11.9284
G01 X98.6171Y11.9141
G01 X98.5588Y11.9055
G01 X98.5000Y11.9026
G01 X98.4412Y11.9055
G01 X98.3829Y11.9141
G01 X98.3258Y11.9284
G01 X98.2704Y11.9482
G01 X98.2172Y11.9734
G01 X98.1667Y12.0037
G01 X98.1194Y12.0388
G01 X98.0757Y12.0783
G01 X98.0362Y12.1219
G01 X98.0011Y12.1692
G01 X97.9708Y12.2197
G01 X97.9457Y12.2730
G01 X97.9258Y12.3284
G01 X97.9115Y12.3855
G01 X97.9029Y12.4438
G01 X97.9000Y12.5026
G01 X97.9029Y12.5614
G01 X97.9115Y12.6196
G01 X97.9258Y12.6767
G01 X97.9457Y12.7322
G01 X97.9708Y12.7854
G01 X98.0011Y12.8359
G01 X98.0362Y12.8832
G01 X98.0757Y12.9268
G01 X98.1194Y12.9664
G01 X98.1667Y13.0015
G01 X98.2172Y13.0317
G01 X98.2704Y13.0569
G01 X98.3258Y13.0767
G01 X98.3829Y13.0910
G01 X98.4412Y13.0997
G01 X98.5000Y13.1026
G01 X98.5588Y13.0997
G01 X98.6171Y13.0910
G01 X98.6742Y13.0767
G01 X98.7296Y13.0569
G01 X98.7828Y13.0317
G01 X98.8333Y13.0015
G01 X98.8806Y12.9664
G01 X98.9243Y12.9268
G01 X98.9638Y12.8832
G01 X98.9989Y12.8359
G01 X99.0292Y12.7854
G01 X99.0543Y12.7322
G01 X99.0742Y12.6767
G01 X99.0885Y12.6196
G01 X99.0971Y12.5614
G01 X99.1000Y12.5026
G01 X98.7000Y12.5026
G01 X98.6990Y12.4830
G01 X98.6962Y12.4636
G01 X98.6914Y12.4445
G01 X98.6848Y12.4260
G01 X98.6764Y12.4083
G01 X98.6663Y12.3915
G01 X98.6546Y12.3757
G01 X98.6414Y12.3612
G01 X98.6269Y12.3480
G01 X98.6111Y12.3363
G01 X98.5943Y12.3262
G01 X98.5765Y12.3178
G01 X98.5581Y12.3112
G01 X98.5390Y12.3064
G01 X98.5196Y12.3035
G01 X98.5000Y12.3026
G01 X98.4804Y12.3035
G01 X98.4610Y12.3064
G01 X98.4419Y12.3112
G01 X98.4235Y12.3178
G01 X98.4057Y12.3262
G01 X98.3889Y12.3363
G01 X98.3731Y12.3480
G01 X98.3586Y12.3612
G01 X98.3454Y12.3757
G01 X98.3337Y12.3915
G01 X98.3236Y12.4083
G01 X98.3152Y12.4260
G01 X98.3086Y12.4445
G01 X98.3038Y12.4636
G01 X98.3010Y12.4830
G01 X98.3000Y12.5026
G01 X98.3010Y12.5222
G01 X98.3038Y12.5416
G01 X98.3086Y12.5606
G01 X98.3152Y12.5791
G01 X98.3236Y12.5969
G01 X98.3337Y12.6137
G01 X98.3454Y12.6295
G01 X98.3586Y12.6440
G01 X98.3731Y12.6572
G01 X98.3889Y12.6689
G01 X98.4057Y12.6790
G01 X98.4235Y12.6874
G01 X98.4419Y12.6940
G01 X98.4610Y12.6987
G01 X98.4804Y12.7016
G01 X98.5000Y12.7026
G01 X98.5196Y12.7016
G01 X98.5390Y12.6987
G01 X98.5581Y12.6940
G01 X98.5765Y12.6874
G01 X98.5943Y12.6790
G01 X98.6111Y12.6689
G01 X98.6269Y12.6572
G01 X98.6414Y12.6440
G01 X98.6546Y12.6295
G01 X98.6663Y12.6137
G01 X98.6764Y12.5969
G01 X98.6848Y12.5791
G01 X98.6914Y12.5606
G01 X98.6962Y12.5416
G01 X98.6990Y12.5222
G01 X98.7000Y12.5026
G00 Z20.0000
G00 X95.7890Y16.7000
G01 Z20.0000
G01 X95.7221Y16.6599
G01 X95.3280Y16.3676
G01 X94.9645Y16.0381
G01 X94.6349Y15.6745
G01 X94.3427Y15.2804
G01 X94.0904Y14.8596
G01 X93.8806Y14.4160
G01 X93.7153Y13.9540
G01 X93.5961Y13.4780
G01 X93.5241Y12.9927
G01 X93.5000Y12.5026
G01 X93.5241Y12.0125
G01 X93.5961Y11.5271
G01 X93.7153Y11.0512
G01 X93.8806Y10.5892
G01 X94.0221Y10.2900
G01 X93.5801Y10.2900
G01 X93.5111Y10.4361
G01 X93.3325Y10.9350
G01 X93.2038Y11.4491
G01 X93.1260Y11.9733
G01 X93.1000Y12.5026
G01 X93.1260Y13.0319
G01 X93.2038Y13.5561
G01 X93.3325Y14.0701
G01 X93.5111Y14.5691
G01 X93.7376Y15.0481
G01 X94.0101Y15.5027
G01 X94.3257Y15.9283
G01 X94.6816Y16.3210
G01 X95.0743Y16.6768
G01 X95.1055Y16.7000
G01 X94.5049Y16.7000
G01 X94.3988Y16.6038
G01 X94.0165Y16.1821
G01 X93.6775Y15.7249
G01 X93.3849Y15.2367
G01 X93.1415Y14.7221
G01 X92.9497Y14.1862
G01 X92.8114Y13.6341
G01 X92.7279Y13.0711
G01 X92.7000Y12.5026
G01 X92.7279Y11.9341
G01 X92.8114Y11.3711
G01 X92.9497Y10.8189
G01 X93.1415Y10.2830
G01 X93.1488Y10.2676
G00 Z20.0000
G00 X92.7647Y10.1502
G01 Z20.0000
G01 X92.5670Y10.7028
G01 X92.4191Y11.2930
G01 X92.3299Y11.8949
G01 X92.3000Y12.5026
G01 X92.3299Y13.1103
G01 X92.4191Y13.7121
G01 X92.5670Y14.3023
G01 X92.7719Y14.8752
G01 X93.0321Y15.4252
G01 X93.3449Y15.9471
G01 X93.7073Y16.4358
G01 X93.9498Y16.7033
G00 Z20.0000
G00 X93.6309Y16.9464
G01 Z20.0000
G01 X93.3981Y16.6896
G01 X93.0123Y16.1693
G01 X92.6793Y15.6138
G01 X92.4024Y15.0283
G01 X92.1842Y14.4185
G01 X92.0268Y13.7902
G01 X91.9318Y13.1495
G01 X91.9000Y12.5026
G01 X91.9318Y11.8557
G01 X92.0268Y11.2150
G01 X92.1842Y10.5867
G01 X92.4024Y9.9769
G01 X92.4210Y9.9375
G00 Z20.0000
G00 X92.1294Y9.6197
G01 Z20.0000
G01 X92.0328Y9.8238
G01 X91.8014Y10.4706
G01 X91.6345Y11.1369
G01 X91.5337Y11.8165
G01 X91.5000Y12.5026
G01 X91.5337Y13.1887
G01 X91.6345Y13.8682
G01 X91.8014Y14.5346
G01 X92.0328Y15.1814
G01 X92.3266Y15.8024
G01 X92.6797Y16.3916
G01 X93.0889Y16.9433
G01 X93.5503Y17.4523
G01 X93.6000Y17.4974
G00 Z20.0000
G00 X93.6005Y17.0804
G01 Z20.0000
G01 X93.6031Y17.0510
G01 X93.6098Y17.0124
G01 X93.6203Y16.9746
G01 X93.6344Y16.9379
G01 X93.6521Y16.9029
G01 X93.6731Y16.8697
G01 X93.6848Y16.8540
G01 X93.7104Y16.8243
G01 X93.7388Y16.7972
G01 X93.7540Y16.7848
G01 X93.7861Y16.7622
G01 X93.8202Y16.7428
G01 X93.8561Y16.7269
G01 X93.8933Y16.7146
G01 X93.9316Y16.7060
G01 X93.9706Y16.7012
G01 X94.0000Y16.7000
G01 X97.1000Y16.7000
G01 X97.1294Y16.7012
G01 X97.1490Y16.7031
G01 X97.1876Y16.7098
G01 X97.2254Y16.7203
G01 X97.2620Y16.7344
G01 X97.2971Y16.7521
G01 X97.3139Y16.7622
G01 X97.3460Y16.7848
G01 X97.3612Y16.7972
G01 X97.3896Y16.8243
G01 X97.4028Y16.8388
G01 X97.4269Y16.8697
G01 X97.4479Y16.9029
G01 X97.4572Y16.9202
G01 X97.4731Y16.9561
G01 X97.4854Y16.9933
G01 X97.4902Y17.0124
G01 X97.4940Y17.0316
G01 X97.4988Y17.0706
G01 X97.5000Y17.1000
G01 X97.4999Y18.7049
G01 X97.4988Y18.7294
G01 X97.4969Y18.7490
G01 X97.4902Y18.7876
G01 X97.4797Y18.8254
G01 X97.4656Y18.8621
G01 X97.4479Y18.8971
G01 X97.4269Y18.9303
G01 X97.4152Y18.9460
G01 X97.3896Y18.9757
G01 X97.3757Y18.9896
G01 X97.3460Y19.0152
G01 X97.3303Y19.0269
G01 X97.2971Y19.0479
G01 X97.2798Y19.0572
G01 X97.2620Y19.0656
G01 X97.2254Y19.0797
G01 X97.1876Y19.0902
G01 X97.1684Y19.0940
G01 X97.1490Y19.0969
G01 X97.1147Y19.0997
G01 X94.0000Y19.1000
G01 X93.9706Y19.0988
G01 X93.9510Y19.0969
G01 X93.9124Y19.0902
G01 X93.8746Y19.0797
G01 X93.8380Y19.0656
G01 X93.8029Y19.0479
G01 X93.7861Y19.0378
G01 X93.7540Y19.0152
G01 X93.7388Y19.0028
G01 X93.7104Y18.9757
G01 X93.6848Y18.9460
G01 X93.6731Y18.9303
G01 X93.6521Y18.8971
G01 X93.6344Y18.8621
G01 X93.6269Y18.8439
G01 X93.6146Y18.8067
G01 X93.6098Y18.7876
G01 X93.6031Y18.7490
G01 X93.6012Y18.7294
G01 X93.6000Y18.7000
G01 X93.6005Y17.0804
G00 Z20.0000
G00 X93.6000Y18.0366
G01 Z20.0000
G01 X93.2674Y17.7352
G01 X92.7797Y17.1971
G01 X92.3471Y16.6138
G01 X91.9738Y15.9909
G01 X91.6633Y15.3344
G01 X91.4186Y14.6507
G01 X91.2422Y13.9462
G01 X91.1356Y13.2279
G01 X91.1000Y12.5026
G01 X91.1356Y11.7772
G01 X91.2422Y11.0589
G01 X91.4186Y10.3545
G01 X91.6633Y9.6707
G01 X91.9107Y9.1477
G00 Z20.0000
G00 X91.9063Y8.3497
G01 Z20.0000
G01 X91.6210Y8.8257
G01 X91.2937Y9.5176
G01 X91.0359Y10.2384
G01 X90.8499Y10.9809
G01 X90.7376Y11.7380
G01 X90.7000Y12.5026
G01 X90.7376Y13.2671
G01 X90.8499Y14.0243
G01 X91.0359Y14.7668
G01 X91.2937Y15.4875
G01 X91.6210Y16.1795
G01 X92.0145Y16.8360
G01 X92.4705Y17.4508
G01 X92.9846Y18.0180
G01 X93.5517Y18.5321
G01 X93.6000Y18.5679
G00 Z20.0000
G00 X99.5702Y24.2500
G01 Z20.0000
G01 X99.6566Y24.2458
G01 X100.8021Y24.0758
G01 X101.9254Y23.7945
G01 X103.0157Y23.4044
G01 X104.0625Y22.9092
G01 X105.0557Y22.3139
G01 X105.9858Y21.6241
G01 X106.8439Y20.8464
G01 X107.6215Y19.9884
G01 X108.3113Y19.0583
G01 X108.9067Y18.0651
G01 X109.4018Y17.0182
G01 X109.7919Y15.9279
G01 X110.0733Y14.8046
G01 X110.2432Y13.6592
G01 X110.3000Y12.5026
G01 X109.9000Y12.5026
G01 X109.8451Y11.3852
G01 X109.6810Y10.2785
G01 X109.4091Y9.1933
G01 X109.0322Y8.1400
G01 X108.5539Y7.1287
G01 X107.9788Y6.1691
G01 X107.3123Y5.2705
G01 X106.5610Y4.4416
G01 X105.7321Y3.6903
G01 X105.0763Y3.2039
G00 Z20.0000
G00 X105.1411Y3.7494
G01 Z20.0000
G01 X105.4783Y3.9995
G01 X106.2782Y4.7244
G01 X107.0031Y5.5242
G01 X107.6462Y6.3913
G01 X108.2011Y7.3172
G01 X108.6627Y8.2931
G01 X109.0263Y9.3094
G01 X109.2886Y10.3566
G01 X109.4470Y11.4244
G01 X109.5000Y12.5026
G01 X109.4470Y13.5808
G01 X109.2886Y14.6486
G01 X109.0263Y15.6957
G01 X108.6627Y16.7121
G01 X108.2011Y17.6879
G01 X107.6462Y18.6138
G01 X107.0031Y19.4809
G01 X106.2782Y20.2807
G01 X105.4783Y21.0057
G01 X104.6113Y21.6487
G01 X103.6854Y22.2037
G01 X102.7095Y22.6652
G01 X101.6931Y23.0289
G01 X100.6460Y23.2912
G01 X99.5782Y23.4496
G01 X98.5000Y23.5026
G01 X97.4218Y23.4496
G01 X96.3540Y23.2912
G01 X95.3069Y23.0289
G01 X94.2905Y22.6652
G01 X93.3146Y22.2037
G01 X92.3887Y21.6487
G01 X91.5217Y21.0057
G01 X90.7218Y20.2807
G01 X89.9969Y19.4809
G01 X89.3538Y18.6138
G01 X88.7989Y17.6879
G01 X88.3373Y16.7121
G01 X87.9737Y15.6957
G01 X87.7114Y14.6486
G01 X87.5530Y13.5808
G01 X87.5000Y12.5026
G01 X87.5530Y11.4244
G01 X87.7114Y10.3566
G01 X87.9737Y9.3094
G01 X88.3373Y8.2931
G01 X88.7989Y7.3172
G01 X89.3538Y6.3913
G01 X89.9969Y5.5242
G01 X90.7218Y4.7244
G01 X91.5217Y3.9995
G01 X91.8589Y3.7494
G00 Z20.0000
G00 X91.9237Y3.2039
G01 Z20.0000
G01 X91.2679Y3.6903
G01 X90.4390Y4.4416
G01 X89.6877Y5.2705
G01 X89.0212Y6.1691
G01 X88.4461Y7.1287
G01 X87.9678Y8.1400
G01 X87.5909Y9.1933
G01 X87.3190Y10.2785
G01 X87.1549Y11.3852
G01 X87.1000Y12.5026
G01 X87.1549Y13.6200
G01 X87.3190Y14.7266
G01 X87.5909Y15.8118
G01 X87.9678Y16.8652
G01 X88.4461Y17.8765
G01 X89.0212Y18.8361
G01 X89.6877Y19.7347
G01 X90.4390Y20.5636
G01 X91.2679Y21.3149
G01 X92.1665Y21.9813
G01 X93.1261Y22.5565
G01 X94.1374Y23.0348
G01 X95.1908Y23.4117
G01 X96.2760Y23.6835
G01 X97.3826Y23.8477
G01 X98.5000Y23.9026
G01 X99.6174Y23.8477
G01 X100.7240Y23.6835
G01 X101.8092Y23.4117
G01 X102.8626Y23.0348
G01 X103.8739Y22.5565
G01 X104.8335Y21.9813
G01 X105.7321Y21.3149
G01 X106.5610Y20.5636
G01 X107.3123Y19.7347
G01 X107.9788Y18.8361
G01 X108.5539Y17.8765
G01 X109.0322Y16.8652
G01 X109.4091Y15.8118
G01 X109.6810Y14.7266
G01 X109.8451Y13.6200
G01 X109.9000Y12.5026
G01 X109.1000Y12.5026
G01 X109.0490Y13.5416
G01 X108.8963Y14.5705
G01 X108.6436Y15.5796
G01 X108.2931Y16.5590
G01 X107.8484Y17.4994
G01 X107.3136Y18.3916
G01 X106.6939Y19.2271
G01 X105.9953Y19.9979
G01 X105.2246Y20.6965
G01 X104.3890Y21.3162
G01 X103.4968Y21.8509
G01 X103.4000Y21.8967
G01 X103.4000Y21.4432
G01 X104.1668Y20.9836
G01 X104.9708Y20.3873
G01 X105.7125Y19.7151
G01 X106.3847Y18.9734
G01 X106.9810Y18.1694
G01 X107.4956Y17.3108
G01 X107.9236Y16.4059
G01 X108.2608Y15.4635
G01 X108.5040Y14.4925
G01 X108.6509Y13.5023
G01 X108.7000Y12.5026
G01 X108.6509Y11.5028
G01 X108.5040Y10.5127
G01 X108.2608Y9.5417
G01 X107.9236Y8.5992
G01 X107.4956Y7.6943
G01 X106.9810Y6.8358
G01 X106.3847Y6.0318
G01 X105.7125Y5.2901
G01 X104.9708Y4.6179
G01 X104.8688Y4.5422
G00 Z20.0000
G00 X104.5993Y4.8398
G01 Z20.0000
G01 X104.7171Y4.9271
G01 X105.4296Y5.5729
G01 X106.0755Y6.2855
G01 X106.6484Y7.0580
G01 X107.1428Y7.8829
G01 X107.5540Y8.7523
G01 X107.8780Y9.6578
G01 X108.1117Y10.5907
G01 X108.2528Y11.5420
G01 X108.3000Y12.5026
G01 X108.2528Y13.4631
G01 X108.1117Y14.4145
G01 X107.8780Y15.3474
G01 X107.5540Y16.2529
G01 X107.1428Y17.1223
G01 X106.6484Y17.9472
G01 X106.0755Y18.7196
G01 X105.4296Y19.4322
G01 X104.7171Y20.0781
G01 X103.9446Y20.6510
G01 X103.4000Y20.9774
G01 X103.4000Y20.5116
G01 X103.7224Y20.3184
G01 X104.4633Y19.7689
G01 X105.1468Y19.1494
G01 X105.7663Y18.4659
G01 X106.3158Y17.7249
G01 X106.7901Y16.9337
G01 X107.1845Y16.0998
G01 X107.4952Y15.2313
G01 X107.7194Y14.3364
G01 X107.8547Y13.4239
G01 X107.9000Y12.5026
G01 X107.8547Y11.5812
G01 X107.7194Y10.6687
G01 X107.4952Y9.7739
G01 X107.1845Y8.9054
G01 X106.7901Y8.0714
G01 X106.3158Y7.2802
G01 X105.7663Y6.5393
G01 X105.1468Y5.8558
G01 X104.4633Y5.2363
G01 X104.2378Y5.0691
G00 Z20.0000
G00 X103.7470Y5.2025
G01 Z20.0000
G01 X104.2095Y5.5455
G01 X104.8640Y6.1386
G01 X105.4571Y6.7930
G01 X105.9832Y7.5024
G01 X106.4373Y8.2600
G01 X106.8149Y9.0584
G01 X107.1125Y9.8900
G01 X107.3271Y10.7468
G01 X107.4567Y11.6204
G01 X107.5000Y12.5026
G01 X107.4567Y13.3847
G01 X107.3271Y14.2584
G01 X107.1125Y15.1151
G01 X106.8149Y15.9467
G01 X106.4373Y16.7451
G01 X105.9832Y17.5027
G01 X105.4571Y18.2121
G01 X104.8640Y18.8665
G01 X104.2095Y19.4597
G01 X103.5001Y19.9858
G01 X103.3364Y20.0839
G00 Z20.0000
G00 X102.8662Y19.9000
G01 Z20.0000
G01 X103.2779Y19.6532
G01 X103.9558Y19.1505
G01 X104.5811Y18.5837
G01 X105.1479Y17.9584
G01 X105.6506Y17.2805
G01 X106.0845Y16.5566
G01 X106.4454Y15.7937
G01 X106.7297Y14.9990
G01 X106.9348Y14.1804
G01 X107.0586Y13.3455
G01 X107.1000Y12.5026
G01 X107.0586Y11.6596
G01 X106.9348Y10.8248
G01 X106.7297Y10.0061
G01 X106.4454Y9.2115
G01 X106.0845Y8.4486
G01 X105.6506Y7.7247
G01 X105.1479Y7.0468
G01 X104.5811Y6.4215
G01 X103.9558Y5.8547
G01 X103.2779Y5.3519
G01 X103.0411Y5.2100
G00 Z20.0000
G00 X102.2278Y5.2057
G01 Z20.0000
G01 X102.3655Y5.2708
G01 X103.0557Y5.6845
G01 X103.7020Y6.1639
G01 X104.2983Y6.7043
G01 X104.8387Y7.3006
G01 X105.3181Y7.9469
G01 X105.7318Y8.6371
G01 X106.0758Y9.3646
G01 X106.3469Y10.1222
G01 X106.5424Y10.9028
G01 X106.6605Y11.6988
G01 X106.7000Y12.5026
G01 X106.6605Y13.3063
G01 X106.5424Y14.1023
G01 X106.3469Y14.8829
G01 X106.0758Y15.6406
G01 X105.7318Y16.3680
G01 X105.3181Y17.0583
G01 X104.8387Y17.7046
G01 X104.2983Y18.3009
G01 X103.7020Y18.8413
G01 X103.0557Y19.3206
G01 X102.3655Y19.7343
G01 X102.0152Y19.9000
G00 Z20.0000
G00 X109.1000Y12.5026
G01 Z20.0000
G01 X109.0490Y11.4636
G01 X108.8963Y10.4346
G01 X108.6436Y9.4256
G01 X108.2931Y8.4461
G01 X107.8484Y7.5058
G01 X107.3136Y6.6135
G01 X106.6939Y5.7780
G01 X105.9953Y5.0072
G01 X105.2246Y4.3087
G01 X105.0532Y4.1815
G00 Z20.0000
G00 X93.3952Y2.1101
G01 Z20.0000
G01 X94.6824Y2.1101
G01 X94.8073Y2.1160
G01 X94.8318Y2.1180
G01 X94.9580Y2.1364
G01 X94.9918Y2.1430
G01 X95.1060Y2.1715
G01 X95.1296Y2.1782
G01 X95.2636Y2.2262
G01 X95.2861Y2.2359
G01 X95.4013Y2.2908
G01 X95.4227Y2.3027
G01 X95.5195Y2.3607
G01 X95.5522Y2.3825
G01 X95.6467Y2.4527
G01 X95.6732Y2.4747
G01 X95.7568Y2.5504
G01 X95.7744Y2.5675
G01 X95.8700Y2.6729
G01 X95.8852Y2.6922
G01 X95.9610Y2.7948
G01 X95.9743Y2.8155
G01 X96.0396Y2.9250
G01 X96.0508Y2.9469
G01 X96.1051Y3.0623
G01 X96.1141Y3.0852
G01 X96.1568Y3.2054
G01 X96.1635Y3.2290
G01 X96.1942Y3.3528
G01 X96.1986Y3.3770
G01 X96.2170Y3.5032
G01 X96.2190Y3.5277
G01 X96.2249Y3.6551
G01 X96.2245Y3.6796
G01 X96.2180Y3.8070
G01 X96.2151Y3.8314
G01 X96.1961Y3.9576
G01 X96.1909Y3.9815
G01 X96.1596Y4.1052
G01 X96.1521Y4.1286
G01 X96.1088Y4.2486
G01 X96.0991Y4.2711
G01 X96.0442Y4.3863
G01 X96.0323Y4.4077
G01 X95.9665Y4.5170
G01 X95.9525Y4.5372
G01 X95.8762Y4.6395
G01 X95.8603Y4.6582
G01 X95.7744Y4.7525
G01 X95.7568Y4.7696
G01 X95.6621Y4.8550
G01 X95.6428Y4.8702
G01 X95.5522Y4.9375
G01 X95.5195Y4.9593
G01 X95.4227Y5.0173
G01 X95.4013Y5.0292
G01 X95.2727Y5.0901
G01 X95.2498Y5.0991
G01 X95.1436Y5.1371
G01 X95.1060Y5.1485
G01 X94.9965Y5.1759
G01 X94.9726Y5.1811
G01 X94.8464Y5.2001
G01 X94.8073Y5.2040
G01 X94.6750Y5.2100
G01 X93.4050Y5.2100
G01 X93.2727Y5.2040
G01 X93.2336Y5.2001
G01 X93.1074Y5.1811
G01 X93.0835Y5.1759
G01 X92.9598Y5.1446
G01 X92.9364Y5.1371
G01 X92.8164Y5.0938
G01 X92.7939Y5.0841
G01 X92.6787Y5.0292
G01 X92.6573Y5.0173
G01 X92.5480Y4.9515
G01 X92.5278Y4.9375
G01 X92.4255Y4.8612
G01 X92.4068Y4.8453
G01 X92.3125Y4.7594
G01 X92.2954Y4.7418
G01 X92.2100Y4.6471
G01 X92.1948Y4.6278
G01 X92.1275Y4.5372
G01 X92.1057Y4.5045
G01 X92.0477Y4.4077
G01 X92.0358Y4.3863
G01 X91.9749Y4.2577
G01 X91.9659Y4.2348
G01 X91.9279Y4.1286
G01 X91.9165Y4.0910
G01 X91.8858Y3.9672
G01 X91.8814Y3.9430
G01 X91.8649Y3.8314
G01 X91.8610Y3.7923
G01 X91.8555Y3.6796
G01 X91.8551Y3.6551
G01 X91.8610Y3.5277
G01 X91.8649Y3.4886
G01 X91.8814Y3.3770
G01 X91.8858Y3.3528
G01 X91.9178Y3.2242
G01 X91.9279Y3.1914
G01 X91.9659Y3.0852
G01 X91.9809Y3.0489
G01 X92.0292Y2.9469
G01 X92.0404Y2.9250
G01 X92.1057Y2.8155
G01 X92.1275Y2.7828
G01 X92.1948Y2.6922
G01 X92.2100Y2.6729
G01 X92.3056Y2.5675
G01 X92.3232Y2.5504
G01 X92.4068Y2.4747
G01 X92.4372Y2.4498
G01 X92.5278Y2.3825
G01 X92.5480Y2.3685
G01 X92.6700Y2.2954
G01 X92.6919Y2.2842
G01 X92.7939Y2.2359
G01 X92.8302Y2.2209
G01 X92.9504Y2.1782
G01 X92.9740Y2.1715
G01 X93.0835Y2.1441
G01 X93.1220Y2.1364
G01 X93.2336Y2.1199
G01 X93.2580Y2.1170
G01 X93.3952Y2.1101
G00 Z20.0000
G00 X78.0499Y11.9902
G01 Z20.0000
G01 X78.0495Y12.0196
G01 X78.0405Y12.1961
G01 X78.0377Y12.2204
G01 X78.0115Y12.3951
G01 X78.0063Y12.4191
G01 X77.9631Y12.5904
G01 X77.9556Y12.6137
G01 X77.8958Y12.7799
G01 X77.8860Y12.8024
G01 X77.8102Y12.9620
G01 X77.7983Y12.9834
G01 X77.7072Y13.1348
G01 X77.6932Y13.1550
G01 X77.5877Y13.2967
G01 X77.5718Y13.3154
G01 X77.4530Y13.4461
G01 X77.4353Y13.4631
G01 X77.3043Y13.5815
G01 X77.2850Y13.5968
G01 X77.1430Y13.7017
G01 X77.1223Y13.7150
G01 X76.9707Y13.8056
G01 X76.9488Y13.8168
G01 X76.7890Y13.8920
G01 X76.7662Y13.9010
G01 X76.5998Y13.9602
G01 X76.5762Y13.9670
G01 X76.4047Y14.0096
G01 X76.3806Y14.0140
G01 X76.2058Y14.0396
G01 X76.1814Y14.0416
G01 X76.0049Y14.0499
G01 X75.9804Y14.0495
G01 X75.8040Y14.0405
G01 X75.7796Y14.0377
G01 X75.6049Y14.0115
G01 X75.5809Y14.0063
G01 X75.4096Y13.9631
G01 X75.3863Y13.9556
G01 X75.2201Y13.8958
G01 X75.1976Y13.8860
G01 X75.0380Y13.8102
G01 X75.0166Y13.7983
G01 X74.8652Y13.7072
G01 X74.8450Y13.6932
G01 X74.7033Y13.5877
G01 X74.6846Y13.5718
G01 X74.5539Y13.4530
G01 X74.5369Y13.4353
G01 X74.4185Y13.3043
G01 X74.4032Y13.2850
G01 X74.2983Y13.1430
G01 X74.2850Y13.1223
G01 X74.1944Y12.9707
G01 X74.1832Y12.9488
G01 X74.1080Y12.7890
G01 X74.0990Y12.7662
G01 X74.0398Y12.5998
G01 X74.0330Y12.5762
G01 X73.9904Y12.4047
G01 X73.9860Y12.3806
G01 X73.9604Y12.2058
G01 X73.9584Y12.1814
G01 X73.9501Y12.0049
G01 X73.9505Y11.9804
G01 X73.9595Y11.8039
G01 X73.9623Y11.7796
G01 X73.9885Y11.6049
G01 X73.9937Y11.5809
G01 X74.0369Y11.4096
G01 X74.0444Y11.3863
G01 X74.1042Y11.2201
G01 X74.1140Y11.1976
G01 X74.1898Y11.0380
G01 X74.2017Y11.0166
G01 X74.2928Y10.8652
G01 X74.3068Y10.8450
G01 X74.4123Y10.7033
G01 X74.4282Y10.6846
G01 X74.5470Y10.5539
G01 X74.5647Y10.5369
G01 X74.6957Y10.4185
G01 X74.7150Y10.4032
G01 X74.8570Y10.2983
G01 X74.8777Y10.2850
G01 X75.0293Y10.1944
G01 X75.0512Y10.1832
G01 X75.2110Y10.1080
G01 X75.2338Y10.0990
G01 X75.4002Y10.0398
G01 X75.4238Y10.0330
G01 X75.5953Y9.9904
G01 X75.6194Y9.9860
G01 X75.7942Y9.9604
G01 X75.8186Y9.9584
G01 X75.9951Y9.9501
G01 X76.0196Y9.9505
G01 X76.1960Y9.9595
G01 X76.2204Y9.9623
G01 X76.3951Y9.9885
G01 X76.4191Y9.9937
G01 X76.5904Y10.0369
G01 X76.6137Y10.0444
G01 X76.7799Y10.1042
G01 X76.8024Y10.1140
G01 X76.9620Y10.1898
G01 X76.9834Y10.2017
G01 X77.1348Y10.2928
G01 X77.1550Y10.3068
G01 X77.2967Y10.4123
G01 X77.3154Y10.4282
G01 X77.4461Y10.5470
G01 X77.4631Y10.5647
G01 X77.5815Y10.6957
G01 X77.5968Y10.7150
G01 X77.7017Y10.8570
G01 X77.7150Y10.8777
G01 X77.8056Y11.0293
G01 X77.8168Y11.0512
G01 X77.8920Y11.2110
G01 X77.9010Y11.2338
G01 X77.9602Y11.4002
G01 X77.9670Y11.4238
G01 X78.0096Y11.5953
G01 X78.0140Y11.6194
G01 X78.0396Y11.7942
G01 X78.0416Y11.8186
G01 X78.0499Y11.9902
G00 Z20.0000
G00 X54.3583Y13.6891
G01 Z20.0000
G01 X54.3000Y12.5026
G01 X54.5128Y8.1702
G01 X55.1493Y3.8796
G01 X55.9332Y0.7500
G01 X55.5213Y0.7500
G01 X54.7570Y3.8015
G01 X54.1148Y8.1310
G01 X53.9000Y12.5026
G01 X53.9700Y13.9278
G00 Z20.0000
G00 X52.0878Y16.3250
G01 Z20.0000
G01 X52.1062Y16.7001
G00 Z20.0000
G00 X51.7062Y16.7000
G01 Z20.0000
G01 X51.6878Y16.3250
G00 Z20.0000
G00 X51.2857Y16.2830
G01 Z20.0000
G01 X51.3062Y16.7000
G01 X50.9062Y16.7000
G01 X50.8608Y15.7761
G00 Z20.0000
G00 X48.0499Y19.0902
G01 Z20.0000
G01 X48.0495Y19.1196
G01 X48.0434Y19.2372
G01 X48.0406Y19.2616
G01 X48.0230Y19.3781
G01 X48.0178Y19.4020
G01 X47.9889Y19.5162
G01 X47.9814Y19.5396
G01 X47.9414Y19.6503
G01 X47.9317Y19.6728
G01 X47.8810Y19.7792
G01 X47.8691Y19.8006
G01 X47.8083Y19.9015
G01 X47.7943Y19.9216
G01 X47.7239Y20.0160
G01 X47.7080Y20.0347
G01 X47.6287Y20.1218
G01 X47.6111Y20.1388
G01 X47.5236Y20.2177
G01 X47.5044Y20.2329
G01 X47.4096Y20.3029
G01 X47.3890Y20.3161
G01 X47.2878Y20.3764
G01 X47.2660Y20.3876
G01 X47.1594Y20.4377
G01 X47.1366Y20.4467
G01 X47.0256Y20.4861
G01 X47.0020Y20.4928
G01 X46.8877Y20.5211
G01 X46.8635Y20.5255
G01 X46.7470Y20.5425
G01 X46.7225Y20.5445
G01 X46.6049Y20.5499
G01 X46.5804Y20.5495
G01 X46.4628Y20.5434
G01 X46.4384Y20.5406
G01 X46.3219Y20.5230
G01 X46.2980Y20.5178
G01 X46.1838Y20.4889
G01 X46.1604Y20.4814
G01 X46.0497Y20.4414
G01 X46.0272Y20.4317
G01 X45.9208Y20.3810
G01 X45.8994Y20.3691
G01 X45.7985Y20.3083
G01 X45.7784Y20.2943
G01 X45.6840Y20.2239
G01 X45.6653Y20.2080
G01 X45.5782Y20.1287
G01 X45.5612Y20.1111
G01 X45.4823Y20.0236
G01 X45.4671Y20.0044
G01 X45.3971Y19.9096
G01 X45.3839Y19.8890
G01 X45.3236Y19.7878
G01 X45.3124Y19.7660
G01 X45.2623Y19.6594
G01 X45.2533Y19.6366
G01 X45.2139Y19.5256
G01 X45.2072Y19.5020
G01 X45.1789Y19.3877
G01 X45.1745Y19.3635
G01 X45.1575Y19.2470
G01 X45.1555Y19.2225
G01 X45.1501Y19.1049
G01 X45.1505Y19.0804
G01 X45.1566Y18.9628
G01 X45.1594Y18.9384
G01 X45.1770Y18.8219
G01 X45.1822Y18.7980
G01 X45.2111Y18.6838
G01 X45.2186Y18.6604
G01 X45.2586Y18.5497
G01 X45.2683Y18.5272
G01 X45.3190Y18.4208
G01 X45.3309Y18.3994
G01 X45.3917Y18.2985
G01 X45.4057Y18.2784
G01 X45.4761Y18.1840
G01 X45.4920Y18.1653
G01 X45.5713Y18.0782
G01 X45.5889Y18.0612
G01 X45.6764Y17.9823
G01 X45.6956Y17.9671
G01 X45.7904Y17.8971
G01 X45.8110Y17.8839
G01 X45.9122Y17.8236
G01 X45.9340Y17.8124
G01 X46.0406Y17.7623
G01 X46.0634Y17.7533
G01 X46.1744Y17.7139
G01 X46.1980Y17.7072
G01 X46.3123Y17.6789
G01 X46.3365Y17.6745
G01 X46.4530Y17.6575
G01 X46.4775Y17.6555
G01 X46.5951Y17.6501
G01 X46.6196Y17.6505
G01 X46.7372Y17.6566
G01 X46.7616Y17.6594
G01 X46.8781Y17.6770
G01 X46.9020Y17.6822
G01 X47.0162Y17.7111
G01 X47.0396Y17.7186
G01 X47.1503Y17.7586
G01 X47.1728Y17.7683
G01 X47.2792Y17.8190
G01 X47.3006Y17.8309
G01 X47.4015Y17.8917
G01 X47.4216Y17.9057
G01 X47.5160Y17.9761
G01 X47.5347Y17.9920
G01 X47.6218Y18.0713
G01 X47.6388Y18.0889
G01 X47.7177Y18.1764
G01 X47.7329Y18.1956
G01 X47.8029Y18.2904
G01 X47.8161Y18.3110
G01 X47.8764Y18.4122
G01 X47.8876Y18.4340
G01 X47.9377Y18.5406
G01 X47.9467Y18.5634
G01 X47.9861Y18.6744
G01 X47.9928Y18.6980
G01 X48.0211Y18.8123
G01 X48.0255Y18.8365
G01 X48.0425Y18.9530
G01 X48.0445Y18.9775
G01 X48.0499Y19.0902
G00 Z20.0000
G00 X48.0235Y19.3752
G01 Z20.0000
G01 X48.4800Y22.4522
G01 X48.9303Y24.2500
G01 X49.3421Y24.2500
G01 X48.8723Y22.3741
G01 X48.8573Y22.2735
G00 Z20.0000
G00 X49.2656Y22.3000
G01 Z20.0000
G01 X49.7540Y24.2500
G01 X50.1659Y24.2500
G01 X49.6774Y22.3000
G01 X50.0893Y22.3000
G01 X50.5777Y24.2500
G01 X50.9896Y24.2500
G01 X50.5011Y22.3000
G01 X50.9130Y22.3000
G01 X51.4014Y24.2500
G01 X51.8133Y24.2500
G01 X51.3249Y22.3000
G01 X51.7367Y22.3000
G01 X52.2252Y24.2500
G01 X52.6370Y24.2500
G01 X52.1478Y22.2970
G00 Z20.0000
G00 X52.4862Y22.0035
G01 Z20.0000
G01 X53.0489Y24.2500
G00 Z20.0000
G00 X54.5005Y20.2804
G01 Z20.0000
G01 X54.5031Y20.2510
G01 X54.5098Y20.2124
G01 X54.5203Y20.1746
G01 X54.5344Y20.1379
G01 X54.5521Y20.1029
G01 X54.5731Y20.0697
G01 X54.5972Y20.0388
G01 X54.6104Y20.0243
G01 X54.6388Y19.9972
G01 X54.6540Y19.9848
G01 X54.6861Y19.9622
G01 X54.7202Y19.9428
G01 X54.7561Y19.9269
G01 X54.7933Y19.9146
G01 X54.8316Y19.9060
G01 X54.8706Y19.9012
G01 X54.9000Y19.9000
G01 X58.0000Y19.9000
G01 X58.0294Y19.9012
G01 X58.0489Y19.9031
G01 X58.0876Y19.9098
G01 X58.1254Y19.9203
G01 X58.1620Y19.9344
G01 X58.1971Y19.9521
G01 X58.2139Y19.9622
G01 X58.2460Y19.9848
G01 X58.2612Y19.9972
G01 X58.2896Y20.0243
G01 X58.3028Y20.0388
G01 X58.3269Y20.0697
G01 X58.3378Y20.0861
G01 X58.3572Y20.1202
G01 X58.3656Y20.1379
G01 X58.3797Y20.1746
G01 X58.3854Y20.1933
G01 X58.3940Y20.2316
G01 X58.3988Y20.2706
G01 X58.4000Y20.3000
G01 X58.3999Y21.9049
G01 X58.3988Y21.9294
G01 X58.3969Y21.9490
G01 X58.3902Y21.9876
G01 X58.3797Y22.0254
G01 X58.3656Y22.0621
G01 X58.3572Y22.0798
G01 X58.3378Y22.1139
G01 X58.3152Y22.1460
G01 X58.3028Y22.1612
G01 X58.2896Y22.1757
G01 X58.2612Y22.2028
G01 X58.2303Y22.2269
G01 X58.2139Y22.2378
G01 X58.1798Y22.2572
G01 X58.1620Y22.2656
G01 X58.1254Y22.2797
G01 X58.1067Y22.2854
G01 X58.0684Y22.2940
G01 X58.0489Y22.2969
G01 X58.0147Y22.2997
G01 X54.9000Y22.3000
G01 X54.8706Y22.2988
G01 X54.8511Y22.2969
G01 X54.8124Y22.2902
G01 X54.7746Y22.2797
G01 X54.7380Y22.2656
G01 X54.7029Y22.2479
G01 X54.6861Y22.2378
G01 X54.6540Y22.2152
G01 X54.6388Y22.2028
G01 X54.6104Y22.1757
G01 X54.5848Y22.1460
G01 X54.5622Y22.1139
G01 X54.5521Y22.0971
G01 X54.5344Y22.0621
G01 X54.5203Y22.0254
G01 X54.5146Y22.0067
G01 X54.5060Y21.9684
G01 X54.5031Y21.9490
G01 X54.5012Y21.9294
G01 X54.5000Y21.9000
G01 X54.5005Y20.2804
G00 Z20.0000
G00 X47.7161Y20.0255
G01 Z20.0000
G01 X48.0876Y22.5302
G01 X48.5184Y24.2500
G01 X48.1066Y24.2500
G01 X47.6953Y22.6083
G01 X47.3581Y20.3347
G00 Z20.0000
G00 X46.9785Y20.4987
G01 Z20.0000
G01 X47.3030Y22.6863
G01 X47.6947Y24.2500
G01 X47.2828Y24.2500
G01 X46.9107Y22.7643
G01 X46.5822Y20.5496
G00 Z20.0000
G00 X46.1686Y20.4842
G01 Z20.0000
G01 X46.5184Y22.8424
G01 X46.8710Y24.2500
G01 X46.4591Y24.2500
G01 X46.1261Y22.9204
G01 X45.7314Y20.2595
G00 Z20.0000
G00 X44.7886Y5.6554
G01 Z20.0000
G01 X44.9114Y4.8275
G00 Z20.0000
G00 X44.4716Y5.0699
G01 Z20.0000
G01 X44.4158Y5.4459
G00 Z20.0000
G00 X44.0253Y5.3557
G01 Z20.0000
G01 X44.0562Y5.1477
G00 Z20.0000
G00 X43.6582Y5.1079
G01 Z20.0000
G01 X43.6182Y5.3777
G00 Z20.0000
G00 X43.1908Y5.5361
G01 Z20.0000
G01 X43.2769Y4.9556
G00 Z20.0000
G00 X42.9166Y4.6619
G01 Z20.0000
G01 X42.7335Y5.8963
G00 Z20.0000
G00 X45.4499Y3.6902
G01 Z20.0000
G01 X45.4495Y3.7196
G01 X45.4434Y3.8372
G01 X45.4406Y3.8616
G01 X45.4230Y3.9781
G01 X45.4178Y4.0020
G01 X45.3889Y4.1162
G01 X45.3814Y4.1396
G01 X45.3414Y4.2503
G01 X45.3317Y4.2728
G01 X45.2810Y4.3792
G01 X45.2691Y4.4006
G01 X45.2083Y4.5015
G01 X45.1943Y4.5216
G01 X45.1239Y4.6160
G01 X45.1080Y4.6347
G01 X45.0287Y4.7218
G01 X45.0111Y4.7388
G01 X44.9236Y4.8177
G01 X44.9044Y4.8329
G01 X44.8096Y4.9029
G01 X44.7890Y4.9161
G01 X44.6878Y4.9764
G01 X44.6660Y4.9876
G01 X44.5594Y5.0377
G01 X44.5366Y5.0467
G01 X44.4256Y5.0861
G01 X44.4020Y5.0928
G01 X44.2877Y5.1211
G01 X44.2635Y5.1255
G01 X44.1470Y5.1425
G01 X44.1225Y5.1445
G01 X44.0049Y5.1499
G01 X43.9804Y5.1495
G01 X43.8628Y5.1434
G01 X43.8384Y5.1406
G01 X43.7219Y5.1230
G01 X43.6980Y5.1178
G01 X43.5838Y5.0889
G01 X43.5604Y5.0814
G01 X43.4497Y5.0414
G01 X43.4272Y5.0317
G01 X43.3208Y4.9810
G01 X43.2994Y4.9691
G01 X43.1985Y4.9083
G01 X43.1784Y4.8943
G01 X43.0840Y4.8239
G01 X43.0653Y4.8080
G01 X42.9782Y4.7287
G01 X42.9612Y4.7111
G01 X42.8823Y4.6236
G01 X42.8671Y4.6044
G01 X42.7971Y4.5096
G01 X42.7839Y4.4890
G01 X42.7236Y4.3878
G01 X42.7124Y4.3660
G01 X42.6623Y4.2594
G01 X42.6533Y4.2366
G01 X42.6139Y4.1256
G01 X42.6072Y4.1020
G01 X42.5789Y3.9877
G01 X42.5745Y3.9635
G01 X42.5575Y3.8470
G01 X42.5555Y3.8225
G01 X42.5501Y3.7049
G01 X42.5505Y3.6804
G01 X42.5566Y3.5628
G01 X42.5594Y3.5384
G01 X42.5770Y3.4219
G01 X42.5822Y3.3980
G01 X42.6111Y3.2838
G01 X42.6186Y3.2604
G01 X42.6586Y3.1497
G01 X42.6683Y3.1272
G01 X42.7190Y3.0208
G01 X42.7309Y2.9994
G01 X42.7917Y2.8985
G01 X42.8057Y2.8784
G01 X42.8761Y2.7840
G01 X42.8920Y2.7653
G01 X42.9713Y2.6782
G01 X42.9889Y2.6612
G01 X43.0764Y2.5823
G01 X43.0956Y2.5671
G01 X43.1904Y2.4971
G01 X43.2110Y2.4839
G01 X43.3122Y2.4236
G01 X43.3340Y2.4124
G01 X43.4406Y2.3623
G01 X43.4634Y2.3533
G01 X43.5744Y2.3139
G01 X43.5980Y2.3072
G01 X43.7123Y2.2789
G01 X43.7365Y2.2745
G01 X43.8530Y2.2575
G01 X43.8775Y2.2555
G01 X43.9951Y2.2501
G01 X44.0196Y2.2505
G01 X44.1372Y2.2566
G01 X44.1616Y2.2594
G01 X44.2781Y2.2770
G01 X44.3020Y2.2822
G01 X44.4162Y2.3111
G01 X44.4396Y2.3186
G01 X44.5503Y2.3586
G01 X44.5728Y2.3683
G01 X44.6792Y2.4190
G01 X44.7006Y2.4309
G01 X44.8015Y2.4917
G01 X44.8216Y2.5057
G01 X44.9160Y2.5761
G01 X44.9347Y2.5920
G01 X45.0218Y2.6713
G01 X45.0388Y2.6889
G01 X45.1177Y2.7764
G01 X45.1329Y2.7956
G01 X45.2029Y2.8904
G01 X45.2161Y2.9110
G01 X45.2764Y3.0122
G01 X45.2876Y3.0340
G01 X45.3377Y3.1406
G01 X45.3467Y3.1634
G01 X45.3861Y3.2744
G01 X45.3928Y3.2980
G01 X45.4211Y3.4123
G01 X45.4255Y3.4365
G01 X45.4425Y3.5530
G01 X45.4445Y3.5775
G01 X45.4499Y3.6902
G00 Z20.0000
G00 X37.8564Y6.6644
G01 Z20.0000
G01 X37.8594Y6.6384
G01 X37.8745Y6.5365
G01 X37.8822Y6.4980
G01 X37.9072Y6.3980
G01 X37.9139Y6.3744
G01 X37.9533Y6.2634
G01 X37.9623Y6.2406
G01 X38.0190Y6.1208
G01 X38.0309Y6.0994
G01 X38.0839Y6.0110
G01 X38.1057Y5.9784
G01 X38.1700Y5.8917
G01 X38.1920Y5.8653
G01 X38.2612Y5.7889
G01 X38.2782Y5.7713
G01 X38.3764Y5.6823
G01 X38.3956Y5.6671
G01 X38.4904Y5.5971
G01 X38.5110Y5.5839
G01 X38.5994Y5.5309
G01 X38.6340Y5.5124
G01 X38.7316Y5.4663
G01 X38.7634Y5.4533
G01 X38.8604Y5.4186
G01 X38.8838Y5.4111
G01 X39.0123Y5.3789
G01 X39.0365Y5.3745
G01 X39.1384Y5.3594
G01 X39.1775Y5.3555
G01 X39.2804Y5.3505
G01 X39.3049Y5.3501
G01 X39.4372Y5.3566
G01 X39.4616Y5.3594
G01 X39.5635Y5.3745
G01 X39.6020Y5.3822
G01 X39.7020Y5.4072
G01 X39.7256Y5.4139
G01 X39.8412Y5.4550
G01 X39.8728Y5.4683
G01 X39.9660Y5.5124
G01 X40.0006Y5.5309
G01 X40.0890Y5.5839
G01 X40.1096Y5.5971
G01 X40.2083Y5.6700
G01 X40.2347Y5.6920
G01 X40.3111Y5.7612
G01 X40.3287Y5.7782
G01 X40.4113Y5.8689
G01 X40.4300Y5.8917
G01 X40.4500Y5.9186
G01 X40.4700Y5.8917
G01 X40.4887Y5.8689
G01 X40.5713Y5.7782
G01 X40.5889Y5.7612
G01 X40.6653Y5.6920
G01 X40.6917Y5.6700
G01 X40.7904Y5.5971
G01 X40.8110Y5.5839
G01 X40.8994Y5.5309
G01 X40.9340Y5.5124
G01 X41.0406Y5.4623
G01 X41.0634Y5.4533
G01 X41.1604Y5.4186
G01 X41.1980Y5.4072
G01 X41.2980Y5.3822
G01 X41.3219Y5.3770
G01 X41.4384Y5.3594
G01 X41.4775Y5.3555
G01 X41.5804Y5.3505
G01 X41.6049Y5.3501
G01 X41.7225Y5.3555
G01 X41.7616Y5.3594
G01 X41.8635Y5.3745
G01 X41.8877Y5.3789
G01 X42.0020Y5.4072
G01 X42.0256Y5.4139
G01 X42.1366Y5.4533
G01 X42.1594Y5.4623
G01 X42.2660Y5.5124
G01 X42.2878Y5.5236
G01 X42.3890Y5.5839
G01 X42.4096Y5.5971
G01 X42.5044Y5.6671
G01 X42.5236Y5.6823
G01 X42.6111Y5.7612
G01 X42.6287Y5.7782
G01 X42.7113Y5.8689
G01 X42.7300Y5.8917
G01 X42.7500Y5.9186
G01 X42.7700Y5.8917
G01 X42.7887Y5.8689
G01 X42.8713Y5.7782
G01 X42.8889Y5.7612
G01 X42.9764Y5.6823
G01 X42.9956Y5.6671
G01 X43.0784Y5.6057
G01 X43.0985Y5.5917
G01 X43.1994Y5.5309
G01 X43.2296Y5.5145
G01 X43.3316Y5.4663
G01 X43.3634Y5.4533
G01 X43.4744Y5.4139
G01 X43.4980Y5.4072
G01 X43.5980Y5.3822
G01 X43.6365Y5.3745
G01 X43.7530Y5.3575
G01 X43.7775Y5.3555
G01 X43.8804Y5.3505
G01 X43.9049Y5.3501
G01 X44.0225Y5.3555
G01 X44.0470Y5.3575
G01 X44.1635Y5.3745
G01 X44.1877Y5.3789
G01 X44.3020Y5.4072
G01 X44.3256Y5.4139
G01 X44.4366Y5.4533
G01 X44.4594Y5.4623
G01 X44.5660Y5.5124
G01 X44.5878Y5.5236
G01 X44.6890Y5.5839
G01 X44.7096Y5.5971
G01 X44.8044Y5.6671
G01 X44.8236Y5.6823
G01 X44.9111Y5.7612
G01 X44.9287Y5.7782
G01 X45.0080Y5.8653
G01 X45.0239Y5.8840
G01 X45.0943Y5.9784
G01 X45.1083Y5.9985
G01 X45.1691Y6.0994
G01 X45.1810Y6.1208
G01 X45.2317Y6.2272
G01 X45.2414Y6.2497
G01 X45.2814Y6.3604
G01 X45.2889Y6.3838
G01 X45.3178Y6.4980
G01 X45.3230Y6.5219
G01 X45.3406Y6.6384
G01 X45.3434Y6.6628
G01 X45.3496Y6.7828
G01 X45.3498Y6.8123
G01 X45.3434Y6.9372
G01 X45.3406Y6.9616
G01 X45.3255Y7.0635
G01 X45.3178Y7.1020
G01 X45.2915Y7.2067
G01 X45.2814Y7.2396
G01 X45.2467Y7.3366
G01 X45.2377Y7.3594
G01 X45.1876Y7.4660
G01 X45.1764Y7.4878
G01 X45.1083Y7.6015
G01 X45.0943Y7.6216
G01 X45.0329Y7.7044
G01 X45.0113Y7.7311
G01 X44.9388Y7.8111
G01 X44.9111Y7.8388
G01 X44.8347Y7.9080
G01 X44.8160Y7.9239
G01 X44.7216Y7.9943
G01 X44.7015Y8.0083
G01 X44.5878Y8.0764
G01 X44.5660Y8.0876
G01 X44.4728Y8.1317
G01 X44.4366Y8.1467
G01 X44.3349Y8.1830
G01 X44.3020Y8.1928
G01 X44.2020Y8.2178
G01 X44.1781Y8.2230
G01 X44.0616Y8.2406
G01 X44.0225Y8.2445
G01 X43.9196Y8.2495
G01 X43.8951Y8.2499
G01 X43.7628Y8.2434
G01 X43.7384Y8.2406
G01 X43.6365Y8.2255
G01 X43.5980Y8.2178
G01 X43.4980Y8.1928
G01 X43.4744Y8.1861
G01 X43.3497Y8.1414
G01 X43.3272Y8.1317
G01 X43.2340Y8.0876
G01 X43.1994Y8.0691
G01 X43.1110Y8.0161
G01 X43.0904Y8.0029
G01 X42.9840Y7.9239
G01 X42.9653Y7.9080
G01 X42.8853Y7.8355
G01 X42.8612Y7.8111
G01 X42.7887Y7.7311
G01 X42.7700Y7.7083
G01 X42.7500Y7.6814
G01 X42.7300Y7.7083
G01 X42.7113Y7.7311
G01 X42.6287Y7.8218
G01 X42.6111Y7.8388
G01 X42.5347Y7.9080
G01 X42.5083Y7.9300
G01 X42.4096Y8.0029
G01 X42.3890Y8.0161
G01 X42.3006Y8.0691
G01 X42.2660Y8.0876
G01 X42.1594Y8.1377
G01 X42.1366Y8.1467
G01 X42.0396Y8.1814
G01 X42.0020Y8.1928
G01 X41.9020Y8.2178
G01 X41.8781Y8.2230
G01 X41.7616Y8.2406
G01 X41.7225Y8.2445
G01 X41.6049Y8.2499
G01 X41.5804Y8.2495
G01 X41.4775Y8.2445
G01 X41.4433Y8.2413
G01 X41.3365Y8.2255
G01 X41.3123Y8.2211
G01 X41.1980Y8.1928
G01 X41.1744Y8.1861
G01 X41.0634Y8.1467
G01 X41.0406Y8.1377
G01 X40.9340Y8.0876
G01 X40.9122Y8.0764
G01 X40.8110Y8.0161
G01 X40.7904Y8.0029
G01 X40.6956Y7.9329
G01 X40.6764Y7.9177
G01 X40.5889Y7.8388
G01 X40.5713Y7.8218
G01 X40.4887Y7.7311
G01 X40.4700Y7.7083
G01 X40.4500Y7.6814
G01 X40.4300Y7.7083
G01 X40.4113Y7.7311
G01 X40.3388Y7.8111
G01 X40.3147Y7.8355
G01 X40.2347Y7.9080
G01 X40.2160Y7.9239
G01 X40.1216Y7.9943
G01 X40.0932Y8.0136
G01 X40.0006Y8.0691
G01 X39.9792Y8.0810
G01 X39.8728Y8.1317
G01 X39.8503Y8.1414
G01 X39.7396Y8.1814
G01 X39.7162Y8.1889
G01 X39.6020Y8.2178
G01 X39.5781Y8.2230
G01 X39.4616Y8.2406
G01 X39.4372Y8.2434
G01 X39.3196Y8.2495
G01 X39.2951Y8.2499
G01 X39.1628Y8.2434
G01 X39.1384Y8.2406
G01 X39.0219Y8.2230
G01 X38.9980Y8.2178
G01 X38.8838Y8.1889
G01 X38.8604Y8.1814
G01 X38.7497Y8.1414
G01 X38.7272Y8.1317
G01 X38.6208Y8.0810
G01 X38.5994Y8.0691
G01 X38.5436Y8.0356
G01 X38.5406Y8.0616
G01 X38.5255Y8.1635
G01 X38.5178Y8.2020
G01 X38.4928Y8.3020
G01 X38.4861Y8.3256
G01 X38.4414Y8.4503
G01 X38.4317Y8.4728
G01 X38.3876Y8.5660
G01 X38.3691Y8.6006
G01 X38.3161Y8.6890
G01 X38.3029Y8.7096
G01 X38.2239Y8.8160
G01 X38.2080Y8.8347
G01 X38.1388Y8.9111
G01 X38.1111Y8.9388
G01 X38.0347Y9.0080
G01 X38.0160Y9.0239
G01 X37.9096Y9.1029
G01 X37.8890Y9.1161
G01 X37.8006Y9.1691
G01 X37.7660Y9.1876
G01 X37.6728Y9.2317
G01 X37.6503Y9.2414
G01 X37.5349Y9.2830
G01 X37.5020Y9.2928
G01 X37.3877Y9.3211
G01 X37.3635Y9.3255
G01 X37.2616Y9.3406
G01 X37.2372Y9.3434
G01 X37.1196Y9.3495
G01 X37.0951Y9.3499
G01 X36.9775Y9.3445
G01 X36.9384Y9.3406
G01 X36.8316Y9.3247
G01 X36.7980Y9.3178
G01 X36.6838Y9.2889
G01 X36.6604Y9.2814
G01 X36.5634Y9.2467
G01 X36.5272Y9.2317
G01 X36.4208Y9.1810
G01 X36.3994Y9.1691
G01 X36.2985Y9.1083
G01 X36.2784Y9.0943
G01 X36.1840Y9.0239
G01 X36.1653Y9.0080
G01 X36.0782Y8.9287
G01 X36.0612Y8.9111
G01 X35.9823Y8.8236
G01 X35.9671Y8.8044
G01 X35.8971Y8.7096
G01 X35.8839Y8.6890
G01 X35.8236Y8.5878
G01 X35.8124Y8.5660
G01 X35.7623Y8.4594
G01 X35.7533Y8.4366
G01 X35.7139Y8.3256
G01 X35.7072Y8.3020
G01 X35.6789Y8.1877
G01 X35.6745Y8.1635
G01 X35.6575Y8.0470
G01 X35.6555Y8.0225
G01 X35.6501Y7.9049
G01 X35.6505Y7.8804
G01 X35.6566Y7.7628
G01 X35.6594Y7.7384
G01 X35.6770Y7.6219
G01 X35.6822Y7.5980
G01 X35.7111Y7.4838
G01 X35.7186Y7.4604
G01 X35.7586Y7.3497
G01 X35.7683Y7.3272
G01 X35.8190Y7.2208
G01 X35.8309Y7.1994
G01 X35.8917Y7.0985
G01 X35.9057Y7.0784
G01 X35.9761Y6.9840
G01 X35.9920Y6.9653
G01 X36.0713Y6.8782
G01 X36.0889Y6.8612
G01 X36.1764Y6.7823
G01 X36.1956Y6.7671
G01 X36.2904Y6.6971
G01 X36.3110Y6.6839
G01 X36.4122Y6.6236
G01 X36.4340Y6.6124
G01 X36.5406Y6.5623
G01 X36.5634Y6.5533
G01 X36.6744Y6.5139
G01 X36.6980Y6.5072
G01 X36.8123Y6.4789
G01 X36.8365Y6.4745
G01 X36.9530Y6.4575
G01 X36.9775Y6.4555
G01 X37.0951Y6.4501
G01 X37.1196Y6.4505
G01 X37.2372Y6.4566
G01 X37.2616Y6.4594
G01 X37.3781Y6.4770
G01 X37.4020Y6.4822
G01 X37.5162Y6.5111
G01 X37.5396Y6.5186
G01 X37.6503Y6.5586
G01 X37.6728Y6.5683
G01 X37.7792Y6.6190
G01 X37.8006Y6.6309
G01 X37.8564Y6.6644
G00 Z20.0000
M05
G0 Z20
G0 X0 Y25