G0 Z20
G21
G90
G94
F80.00
G00 Z3.0000
M03 S45
G4 P1
G00 X2.1690Y3.6600
G01 Z-0.2000
G01 X2.1928Y3.4189
G01 X2.2631Y3.1870
G01 X2.3773Y2.9733
G01 X2.5311Y2.7861
G01 X2.7183Y2.6323
G01 X2.9320Y2.5181
G01 X3.1639Y2.4478
G01 X3.3446Y2.4300
G01 X4.7354Y2.4300
G01 X4.9161Y2.4478
G01 X5.1480Y2.5181
G01 X5.3617Y2.6323
G01 X5.5489Y2.7861
G01 X5.7027Y2.9733
G01 X5.8169Y3.1870
G01 X5.8872Y3.4189
G01 X5.9110Y3.6600
G01 X5.8872Y3.9011
G01 X5.8169Y4.1330
G01 X5.7027Y4.3467
G01 X5.5489Y4.5339
G01 X5.3617Y4.6877
G01 X5.1480Y4.8019
G01 X4.9161Y4.8722
G01 X4.7354Y4.8900
G01 X3.3446Y4.8900
G01 X3.1639Y4.8722
G01 X2.9320Y4.8019
G01 X2.7183Y4.6877
G01 X2.5311Y4.5339
G01 X2.3773Y4.3467
G01 X2.2631Y4.1330
G01 X2.1928Y3.9011
G01 X2.1690Y3.6600
G00 Z3.0000
G00 X2.2405Y3.7712
G01 Z-0.2000
G01 X2.2351Y3.6566
G01 X2.2411Y3.5419
G01 X2.2582Y3.4284
G01 X2.2865Y3.3171
G01 X2.3255Y3.2091
G01 X2.3748Y3.1055
G01 X2.4338Y3.0076
G01 X2.5028Y2.9152
G01 X2.5802Y2.8303
G01 X2.6655Y2.7535
G01 X2.7522Y2.6892
G01 X2.8505Y2.6298
G01 X2.9541Y2.5805
G01 X3.0621Y2.5415
G01 X3.1790Y2.5121
G01 X3.2869Y2.4961
G01 X3.4016Y2.4901
G01 X4.6750Y2.4900
G01 X4.7863Y2.4954
G01 X4.8999Y2.5119
G01 X5.0113Y2.5395
G01 X5.1195Y2.5778
G01 X5.2235Y2.6266
G01 X5.3274Y2.6888
G01 X5.4198Y2.7578
G01 X5.5047Y2.8352
G01 X5.5772Y2.9152
G01 X5.6497Y3.0129
G01 X5.7052Y3.1055
G01 X5.7545Y3.2091
G01 X5.7935Y3.3171
G01 X5.8231Y3.4351
G01 X5.8389Y3.5419
G01 X5.8449Y3.6566
G01 X5.8396Y3.7713
G01 X5.8231Y3.8849
G01 X5.7955Y3.9963
G01 X5.7572Y4.1045
G01 X5.7084Y4.2085
G01 X5.6462Y4.3124
G01 X5.5815Y4.3995
G01 X5.5047Y4.4848
G01 X5.4198Y4.5622
G01 X5.3278Y4.6308
G01 X5.2295Y4.6902
G01 X5.1259Y4.7395
G01 X5.0179Y4.7785
G01 X4.9007Y4.8080
G01 X4.7931Y4.8239
G01 X4.6784Y4.8299
G01 X3.4050Y4.8300
G01 X3.2937Y4.8246
G01 X3.1801Y4.8081
G01 X3.0687Y4.7805
G01 X2.9541Y4.7395
G01 X2.8505Y4.6902
G01 X2.7526Y4.6312
G01 X2.6655Y4.5665
G01 X2.5753Y4.4848
G01 X2.4985Y4.3995
G01 X2.4342Y4.3128
G01 X2.3716Y4.2085
G01 X2.3255Y4.1109
G01 X2.2865Y4.0029
G01 X2.2571Y3.8860
G01 X2.2405Y3.7712
G00 Z3.0000
G00 X2.1690Y8.7400
G01 Z-0.2000
G01 X2.1928Y8.4989
G01 X2.2631Y8.2670
G01 X2.3773Y8.0533
G01 X2.5311Y7.8661
G01 X2.7183Y7.7123
G01 X2.9320Y7.5981
G01 X3.1639Y7.5278
G01 X3.3446Y7.5100
G01 X4.7354Y7.5100
G01 X4.9161Y7.5278
G01 X5.1480Y7.5981
G01 X5.3617Y7.7123
G01 X5.5489Y7.8661
G01 X5.7027Y8.0533
G01 X5.8169Y8.2670
G01 X5.8872Y8.4989
G01 X5.9110Y8.7400
G01 X5.8872Y8.9811
G01 X5.8169Y9.2130
G01 X5.7027Y9.4267
G01 X5.5489Y9.6139
G01 X5.3617Y9.7677
G01 X5.1480Y9.8819
G01 X4.9161Y9.9522
G01 X4.7354Y9.9700
G01 X3.3446Y9.9700
G01 X3.1639Y9.9522
G01 X2.9320Y9.8819
G01 X2.7183Y9.7677
G01 X2.5311Y9.6139
G01 X2.3773Y9.4267
G01 X2.2631Y9.2130
G01 X2.1928Y8.9811
G01 X2.1690Y8.7400
G00 Z3.0000
G00 X2.2405Y8.8512
G01 Z-0.2000
G01 X2.2351Y8.7366
G01 X2.2411Y8.6219
G01 X2.2570Y8.5143
G01 X2.2865Y8.3971
G01 X2.3255Y8.2891
G01 X2.3748Y8.1855
G01 X2.4338Y8.0876
G01 X2.5028Y7.9952
G01 X2.5802Y7.9103
G01 X2.6655Y7.8335
G01 X2.7522Y7.7692
G01 X2.8505Y7.7098
G01 X2.9541Y7.6605
G01 X3.0621Y7.6215
G01 X3.1790Y7.5921
G01 X3.2869Y7.5761
G01 X3.4016Y7.5701
G01 X4.6750Y7.5700
G01 X4.7863Y7.5754
G01 X4.8999Y7.5919
G01 X5.0113Y7.6195
G01 X5.1195Y7.6578
G01 X5.2235Y7.7066
G01 X5.3274Y7.7688
G01 X5.4198Y7.8378
G01 X5.5047Y7.9152
G01 X5.5772Y7.9952
G01 X5.6497Y8.0929
G01 X5.7052Y8.1855
G01 X5.7545Y8.2891
G01 X5.7935Y8.3971
G01 X5.8231Y8.5151
G01 X5.8389Y8.6219
G01 X5.8449Y8.7366
G01 X5.8396Y8.8513
G01 X5.8231Y8.9649
G01 X5.7955Y9.0763
G01 X5.7572Y9.1845
G01 X5.7084Y9.2885
G01 X5.6462Y9.3924
G01 X5.5815Y9.4795
G01 X5.5047Y9.5648
G01 X5.4198Y9.6422
G01 X5.3278Y9.7108
G01 X5.2295Y9.7702
G01 X5.1259Y9.8195
G01 X5.0179Y9.8585
G01 X4.9007Y9.8880
G01 X4.7931Y9.9039
G01 X4.6784Y9.9099
G01 X3.4050Y9.9100
G01 X3.2937Y9.9046
G01 X3.1801Y9.8881
G01 X3.0687Y9.8605
G01 X2.9541Y9.8195
G01 X2.8505Y9.7702
G01 X2.7526Y9.7112
G01 X2.6655Y9.6465
G01 X2.5753Y9.5648
G01 X2.4985Y9.4795
G01 X2.4342Y9.3928
G01 X2.3716Y9.2885
G01 X2.3255Y9.1909
G01 X2.2865Y9.0829
G01 X2.2570Y8.9657
G01 X2.2405Y8.8512
G00 Z3.0000
G00 X1.9350Y14.1014
G01 Z-0.2000
G01 X1.9301Y13.9966
G01 X1.9356Y13.8917
G01 X1.9501Y13.7938
G01 X1.9772Y13.6861
G01 X2.0128Y13.5874
G01 X2.0580Y13.4926
G01 X2.1120Y13.4032
G01 X2.1751Y13.3186
G01 X2.2459Y13.2410
G01 X2.3239Y13.1708
G01 X2.4084Y13.1085
G01 X2.4987Y13.0548
G01 X2.5937Y13.0102
G01 X2.6927Y12.9752
G01 X2.7935Y12.9502
G01 X2.8985Y12.9349
G01 X3.0034Y12.9301
G01 X3.1083Y12.9356
G01 X3.2121Y12.9513
G01 X3.3139Y12.9772
G01 X3.4126Y13.0128
G01 X3.5074Y13.0580
G01 X3.5968Y13.1120
G01 X3.6814Y13.1751
G01 X3.7590Y13.2459
G01 X3.8292Y13.3239
G01 X3.8915Y13.4084
G01 X3.9452Y13.4987
G01 X3.9898Y13.5937
G01 X4.0248Y13.6927
G01 X4.0499Y13.7938
G01 X4.0651Y13.8985
G01 X4.0699Y14.0034
G01 X4.0644Y14.1083
G01 X4.0487Y14.2121
G01 X4.0228Y14.3139
G01 X3.9872Y14.4126
G01 X3.9420Y14.5074
G01 X3.8880Y14.5968
G01 X3.8249Y14.6814
G01 X3.7541Y14.7590
G01 X3.6761Y14.8292
G01 X3.5916Y14.8915
G01 X3.5013Y14.9452
G01 X3.4063Y14.9898
G01 X3.3073Y15.0248
G01 X3.2065Y15.0498
G01 X3.1015Y15.0651
G01 X2.9966Y15.0699
G01 X2.8917Y15.0644
G01 X2.7879Y15.0487
G01 X2.6861Y15.0228
G01 X2.5874Y14.9872
G01 X2.4926Y14.9420
G01 X2.4032Y14.8880
G01 X2.3186Y14.8249
G01 X2.2410Y14.7541
G01 X2.1708Y14.6761
G01 X2.1085Y14.5916
G01 X2.0548Y14.5013
G01 X2.0102Y14.4063
G01 X1.9752Y14.3073
G01 X1.9501Y14.2062
G01 X1.9350Y14.1014
G00 Z3.0000
G00 X1.8700Y14.1113
G01 Z-0.2000
G01 X1.8700Y13.8887
G01 X1.9134Y13.6704
G01 X1.9986Y13.4647
G01 X2.1223Y13.2797
G01 X2.2797Y13.1223
G01 X2.4647Y12.9986
G01 X2.6704Y12.9134
G01 X2.8887Y12.8700
G01 X3.1113Y12.8700
G01 X3.3296Y12.9134
G01 X3.5353Y12.9986
G01 X3.7203Y13.1223
G01 X3.8777Y13.2797
G01 X4.0014Y13.4647
G01 X4.0866Y13.6704
G01 X4.1300Y13.8887
G01 X4.1300Y14.1113
G01 X4.0866Y14.3296
G01 X4.0014Y14.5353
G01 X3.8777Y14.7203
G01 X3.7203Y14.8777
G01 X3.5353Y15.0014
G01 X3.3296Y15.0866
G01 X3.1113Y15.1300
G01 X2.8887Y15.1300
G01 X2.6704Y15.0866
G01 X2.4647Y15.0014
G01 X2.2797Y14.8777
G01 X2.1223Y14.7203
G01 X1.9986Y14.5353
G01 X1.9134Y14.3296
G01 X1.8700Y14.1113
G00 Z3.0000
G00 X4.0201Y17.0867
G01 Z-0.2000
G01 X4.0347Y17.0817
G01 X4.0500Y17.0800
G01 X7.0500Y17.0800
G01 X7.0623Y17.0811
G01 X7.0683Y17.0824
G01 X7.0799Y17.0867
G01 X7.0860Y17.0900
G01 X7.0970Y17.0981
G01 X7.1062Y17.1083
G01 X7.1100Y17.1140
G01 X7.1133Y17.1201
G01 X7.1176Y17.1317
G01 X7.1197Y17.1438
G01 X7.1200Y17.1500
G01 X7.1200Y18.5553
G01 X7.5947Y19.0300
G01 X14.4231Y19.0300
G01 X15.6854Y17.7676
G01 X15.7223Y17.7346
G01 X15.7596Y17.7074
G01 X15.7993Y17.6839
G01 X15.8411Y17.6645
G01 X15.8847Y17.6493
G01 X15.9286Y17.6386
G01 X15.9751Y17.6320
G01 X16.0178Y17.6300
G01 X17.5373Y17.6300
G01 X17.9997Y17.1677
G01 X18.0312Y17.1389
G01 X18.0738Y17.1074
G01 X18.1135Y17.0840
G01 X18.1490Y17.0672
G01 X18.1923Y17.0513
G01 X18.2437Y17.0384
G01 X18.2894Y17.0320
G01 X18.3320Y17.0300
G01 X19.8680Y17.0300
G01 X19.9175Y17.0327
G01 X19.9630Y17.0398
G01 X20.0011Y17.0493
G01 X20.0447Y17.0645
G01 X20.0925Y17.0872
G01 X20.1315Y17.1108
G01 X20.1635Y17.1346
G01 X20.2003Y17.1677
G01 X22.3627Y19.3300
G01 X23.3434Y19.3301
G01 X23.3895Y19.3327
G01 X23.4283Y19.3384
G01 X23.4731Y19.3493
G01 X23.5167Y19.3645
G01 X23.5585Y19.3840
G01 X23.6035Y19.4108
G01 X23.6408Y19.4389
G01 X23.6723Y19.4677
G01 X24.6154Y20.4107
G01 X24.7037Y20.3795
G01 X24.8084Y20.3532
G01 X24.9287Y20.3354
G01 X25.0434Y20.3301
G01 X25.1581Y20.3361
G01 X25.2649Y20.3519
G01 X25.3763Y20.3795
G01 X25.4909Y20.4205
G01 X25.5945Y20.4698
G01 X25.6924Y20.5288
G01 X25.7795Y20.5935
G01 X25.8697Y20.6752
G01 X25.9465Y20.7605
G01 X26.0108Y20.8472
G01 X26.0702Y20.9455
G01 X26.1222Y21.0555
G01 X26.1585Y21.1571
G01 X26.1868Y21.2684
G01 X26.2046Y21.3887
G01 X26.2099Y21.5034
G01 X26.2046Y21.6113
G01 X26.1868Y21.7316
G01 X26.1605Y21.8363
G01 X26.1222Y21.9445
G01 X26.0734Y22.0485
G01 X26.0112Y22.1524
G01 X25.9465Y22.2395
G01 X25.8648Y22.3297
G01 X25.7795Y22.4065
G01 X25.6928Y22.4708
G01 X25.5945Y22.5302
G01 X25.4909Y22.5795
G01 X25.3829Y22.6185
G01 X25.2660Y22.6479
G01 X25.1513Y22.6646
G01 X25.0366Y22.6699
G01 X24.9219Y22.6639
G01 X24.8151Y22.6481
G01 X24.7037Y22.6205
G01 X24.5891Y22.5795
G01 X24.4855Y22.5302
G01 X24.3876Y22.4712
G01 X24.3005Y22.4065
G01 X24.2152Y22.3297
G01 X24.1378Y22.2448
G01 X24.0692Y22.1528
G01 X24.0098Y22.0545
G01 X23.9578Y21.9445
G01 X23.9195Y21.8363
G01 X23.8921Y21.7260
G01 X23.8761Y21.6181
G01 X23.8701Y21.5034
G01 X23.8754Y21.3887
G01 X23.8919Y21.2751
G01 X23.9195Y21.1637
G01 X23.9507Y21.0754
G01 X23.1453Y20.2700
G01 X22.1680Y20.2700
G01 X22.1254Y20.2680
G01 X22.0730Y20.2602
G01 X22.0283Y20.2487
G01 X21.9913Y20.2355
G01 X21.9495Y20.2160
G01 X21.9045Y20.1892
G01 X21.8672Y20.1611
G01 X21.8357Y20.1323
G01 X19.6733Y17.9700
G01 X18.5267Y17.9700
G01 X18.0643Y18.4323
G01 X18.0328Y18.4611
G01 X17.9902Y18.4926
G01 X17.9505Y18.5160
G01 X17.9150Y18.5328
G01 X17.8717Y18.5487
G01 X17.8215Y18.5614
G01 X17.7746Y18.5680
G01 X17.7320Y18.5700
G01 X16.2125Y18.5700
G01 X14.9476Y19.8347
G01 X14.9132Y19.8654
G01 X14.8817Y19.8888
G01 X14.8363Y19.9160
G01 X14.8008Y19.9328
G01 X14.7575Y19.9487
G01 X14.7069Y19.9614
G01 X14.6604Y19.9680
G01 X14.6178Y19.9700
G01 X7.4000Y19.9700
G01 X7.3574Y19.9680
G01 X7.3050Y19.9602
G01 X7.2603Y19.9487
G01 X7.2170Y19.9328
G01 X7.1815Y19.9160
G01 X7.1418Y19.8926
G01 X7.0992Y19.8611
G01 X7.0677Y19.8323
G01 X5.9553Y18.7200
G01 X4.0500Y18.7200
G01 X4.0377Y18.7189
G01 X4.0258Y18.7157
G01 X4.0140Y18.7100
G01 X4.0030Y18.7019
G01 X3.9938Y18.6917
G01 X3.9867Y18.6799
G01 X3.9824Y18.6683
G01 X3.9803Y18.6562
G01 X3.9800Y18.6500
G01 X3.9800Y17.1500
G01 X3.9803Y17.1438
G01 X3.9824Y17.1317
G01 X3.9867Y17.1201
G01 X3.9900Y17.1140
G01 X3.9981Y17.1030
G01 X4.0030Y17.0981
G01 X4.0140Y17.0900
G01 X4.0201Y17.0867
G00 Z3.0000
G00 X5.9020Y18.7829
G01 Z-0.2000
G01 X5.8820Y18.7812
G01 X4.0559Y18.7812
G01 X4.0245Y18.7781
G01 X4.0000Y18.7707
G01 X3.9774Y18.7586
G01 X3.9576Y18.7424
G01 X3.9414Y18.7226
G01 X3.9293Y18.7000
G01 X3.9219Y18.6755
G01 X3.9188Y18.6441
G01 X3.9188Y17.1559
G01 X3.9219Y17.1245
G01 X3.9293Y17.1000
G01 X3.9414Y17.0774
G01 X3.9576Y17.0576
G01 X3.9774Y17.0414
G01 X4.0000Y17.0293
G01 X4.0245Y17.0219
G01 X4.0559Y17.0188
G01 X7.0441Y17.0188
G01 X7.0755Y17.0219
G01 X7.1000Y17.0293
G01 X7.1226Y17.0414
G01 X7.1424Y17.0576
G01 X7.1586Y17.0774
G01 X7.1707Y17.1000
G01 X7.1781Y17.1245
G01 X7.1812Y17.1559
G01 X7.1812Y18.4820
G01 X7.1822Y18.4971
G01 X7.1855Y18.5135
G01 X7.1891Y18.5247
G01 X7.1971Y18.5415
G01 X7.2063Y18.5554
G01 X7.2164Y18.5668
G01 X7.5844Y18.9349
G01 X7.6002Y18.9481
G01 X7.6157Y18.9574
G01 X7.6311Y18.9638
G01 X7.6492Y18.9683
G01 X7.6692Y18.9700
G01 X9.7996Y18.9700
G01 X9.8148Y18.9690
G01 X9.8264Y18.9669
G01 X9.8377Y18.9638
G01 X9.8531Y18.9574
G01 X9.8634Y18.9516
G01 X9.8784Y18.9405
G01 X9.8868Y18.9324
G01 X9.8945Y18.9234
G01 X9.9012Y18.9138
G01 X9.9070Y18.9035
G01 X9.9117Y18.8927
G01 X9.9166Y18.8768
G01 X9.9186Y18.8652
G01 X9.9195Y18.8466
G01 X9.9186Y18.8348
G01 X9.9154Y18.8185
G01 X9.9117Y18.8073
G01 X9.9070Y18.7965
G01 X9.9012Y18.7862
G01 X9.8945Y18.7766
G01 X9.8820Y18.7628
G01 X9.8576Y18.7424
G01 X9.8414Y18.7226
G01 X9.8293Y18.7000
G01 X9.8219Y18.6755
G01 X9.8188Y18.6441
G01 X9.8188Y17.1559
G01 X9.8219Y17.1245
G01 X9.8293Y17.1000
G01 X9.8414Y17.0774
G01 X9.8576Y17.0576
G01 X9.8774Y17.0414
G01 X9.9000Y17.0293
G01 X9.9245Y17.0219
G01 X9.9559Y17.0188
G01 X10.8034Y17.0187
G01 X10.8209Y17.0169
G01 X10.8315Y17.0145
G01 X10.8427Y17.0109
G01 X10.8596Y17.0029
G01 X10.8695Y16.9966
G01 X10.8787Y16.9893
G01 X10.8872Y16.9812
G01 X10.8949Y16.9722
G01 X10.9016Y16.9626
G01 X10.9074Y16.9523
G01 X10.9121Y16.9415
G01 X10.9169Y16.9256
G01 X10.9190Y16.9140
G01 X10.9199Y16.9022
G01 X10.9197Y16.1292
G01 X10.9169Y16.1107
G01 X10.9138Y16.0994
G01 X10.9095Y16.0884
G01 X10.9016Y16.0737
G01 X10.8949Y16.0641
G01 X10.8872Y16.0551
G01 X10.8787Y16.0470
G01 X10.8695Y16.0397
G01 X10.8535Y16.0301
G01 X10.8427Y16.0254
G01 X10.8315Y16.0218
G01 X10.8200Y16.0192
G01 X10.8083Y16.0178
G01 X10.0865Y16.0175
G01 X10.0074Y16.0097
G01 X9.9940Y16.0072
G01 X9.9823Y16.0063
G01 X9.5309Y16.0062
G01 X9.4507Y15.9983
G01 X9.3793Y15.9767
G01 X9.3135Y15.9415
G01 X9.2559Y15.8941
G01 X9.2085Y15.8365
G01 X9.1733Y15.7707
G01 X9.1517Y15.6993
G01 X9.1438Y15.6191
G01 X9.1438Y14.3809
G01 X9.1517Y14.3007
G01 X9.1733Y14.2293
G01 X9.2085Y14.1635
G01 X9.2559Y14.1059
G01 X9.3135Y14.0585
G01 X9.3793Y14.0233
G01 X9.4507Y14.0017
G01 X9.5309Y13.9938
G01 X10.4441Y13.9938
G01 X10.5243Y14.0017
G01 X10.5957Y14.0233
G01 X10.6615Y14.0585
G01 X10.7191Y14.1059
G01 X10.7665Y14.1635
G01 X10.8017Y14.2293
G01 X10.8233Y14.3007
G01 X10.8312Y14.3809
G01 X10.8315Y14.8458
G01 X10.8331Y14.8584
G01 X10.8355Y14.8690
G01 X10.8417Y14.8866
G01 X10.8471Y14.8971
G01 X10.8534Y14.9070
G01 X10.8640Y14.9199
G01 X10.8725Y14.9280
G01 X10.8817Y14.9353
G01 X10.8977Y14.9449
G01 X10.9085Y14.9496
G01 X10.9197Y14.9532
G01 X10.9360Y14.9565
G01 X10.9512Y14.9575
G01 X11.2556Y14.9575
G01 X11.2875Y14.9549
G01 X11.3914Y14.9652
G01 X11.4913Y14.9955
G01 X11.5834Y15.0447
G01 X11.6641Y15.1109
G01 X11.6848Y15.1353
G01 X11.8022Y15.2526
G01 X11.8266Y15.2734
G01 X11.8928Y15.3541
G01 X11.9420Y15.4462
G01 X11.9723Y15.5461
G01 X11.9826Y15.6500
G01 X11.9800Y15.6819
G01 X11.9801Y16.9022
G01 X11.9817Y16.9188
G01 X11.9843Y16.9303
G01 X11.9879Y16.9415
G01 X11.9959Y16.9583
G01 X12.0022Y16.9683
G01 X12.0128Y16.9812
G01 X12.0213Y16.9893
G01 X12.0310Y16.9969
G01 X12.0465Y17.0062
G01 X12.0619Y17.0125
G01 X12.0800Y17.0171
G01 X12.0966Y17.0187
G01 X12.9441Y17.0188
G01 X12.9755Y17.0219
G01 X13.0000Y17.0293
G01 X13.0226Y17.0414
G01 X13.0424Y17.0576
G01 X13.0586Y17.0774
G01 X13.0707Y17.1000
G01 X13.0781Y17.1245
G01 X13.0812Y17.1559
G01 X13.0812Y17.2500
G01 X13.0822Y17.2652
G01 X13.0843Y17.2768
G01 X13.0875Y17.2881
G01 X13.0917Y17.2991
G01 X13.0971Y17.3096
G01 X13.1034Y17.3195
G01 X13.1140Y17.3324
G01 X13.1225Y17.3405
G01 X13.1322Y17.3481
G01 X13.1477Y17.3574
G01 X13.1585Y17.3621
G01 X13.1697Y17.3657
G01 X13.1812Y17.3683
G01 X13.2012Y17.3700
G01 X14.5343Y17.3700
G01 X14.5555Y17.3681
G01 X14.5658Y17.3657
G01 X14.5770Y17.3621
G01 X14.5878Y17.3574
G01 X14.5981Y17.3516
G01 X14.6077Y17.3449
G01 X14.6167Y17.3372
G01 X15.3062Y16.6478
G01 X15.3270Y16.6234
G01 X15.4077Y16.5572
G01 X15.4997Y16.5080
G01 X15.5996Y16.4777
G01 X15.7035Y16.4674
G01 X15.7355Y16.4700
G01 X17.1485Y16.4700
G01 X17.1637Y16.4690
G01 X17.1753Y16.4669
G01 X17.1912Y16.4621
G01 X17.2081Y16.4541
G01 X17.2220Y16.4449
G01 X17.2309Y16.4372
G01 X17.5204Y16.1478
G01 X17.5412Y16.1234
G01 X17.6219Y16.0572
G01 X17.7140Y16.0080
G01 X17.8139Y15.9777
G01 X17.9178Y15.9674
G01 X17.9497Y15.9700
G01 X20.8226Y15.9700
G01 X20.8378Y15.9690
G01 X20.8494Y15.9669
G01 X20.9007Y15.9517
G01 X20.9809Y15.9438
G01 X22.2191Y15.9438
G01 X22.2993Y15.9517
G01 X22.3459Y15.9657
G01 X22.3574Y15.9683
G01 X22.3691Y15.9697
G01 X22.6500Y15.9700
G01 X22.6709Y15.9681
G01 X22.6881Y15.9637
G01 X22.7035Y15.9574
G01 X22.7195Y15.9478
G01 X22.7287Y15.9405
G01 X22.7405Y15.9287
G01 X22.7481Y15.9190
G01 X22.7574Y15.9035
G01 X22.7638Y15.8881
G01 X22.7683Y15.8700
G01 X22.7699Y15.8534
G01 X22.7700Y15.6700
G01 X23.2308Y15.6700
G01 X23.2459Y15.6690
G01 X23.2575Y15.6669
G01 X23.2689Y15.6638
G01 X23.2798Y15.6595
G01 X23.2903Y15.6541
G01 X23.3002Y15.6478
G01 X23.3156Y15.6349
G01 X23.7027Y15.2478
G01 X23.7234Y15.2234
G01 X23.8041Y15.1572
G01 X23.8962Y15.1080
G01 X23.9961Y15.0777
G01 X24.1000Y15.0674
G01 X24.1319Y15.0700
G01 X30.6501Y15.0700
G01 X30.6710Y15.0681
G01 X30.6816Y15.0657
G01 X30.6928Y15.0621
G01 X30.7067Y15.0558
G01 X30.7962Y15.0080
G01 X30.8961Y14.9777
G01 X31.0000Y14.9674
G01 X31.1039Y14.9777
G01 X31.2038Y15.0080
G01 X31.2933Y15.0558
G01 X31.3072Y15.0621
G01 X31.3184Y15.0657
G01 X31.3299Y15.0683
G01 X31.3499Y15.0700
G01 X42.1931Y15.0700
G01 X42.2250Y15.0674
G01 X42.3289Y15.0777
G01 X42.4288Y15.1080
G01 X42.5209Y15.1572
G01 X42.6016Y15.2234
G01 X42.6223Y15.2478
G01 X43.4188Y16.0443
G01 X43.4303Y16.0543
G01 X43.4441Y16.0636
G01 X43.4610Y16.0716
G01 X43.4769Y16.0764
G01 X43.4885Y16.0785
G01 X43.5071Y16.0794
G01 X43.5271Y16.0772
G01 X43.6887Y16.0450
G01 X43.9113Y16.0450
G01 X44.0763Y16.0777
G01 X44.0929Y16.0794
G01 X44.1115Y16.0785
G01 X44.1231Y16.0764
G01 X44.1344Y16.0732
G01 X44.1498Y16.0668
G01 X44.1658Y16.0573
G01 X44.1812Y16.0443
G01 X46.9656Y13.2598
G01 X46.9789Y13.2440
G01 X46.9849Y13.2345
G01 X46.9903Y13.2240
G01 X46.9965Y13.2065
G01 X46.9991Y13.1950
G01 X47.0007Y13.1784
G01 X47.0005Y13.1666
G01 X46.9989Y13.1541
G01 X46.9945Y13.1369
G01 X46.9903Y13.1259
G01 X46.9824Y13.1112
G01 X46.9757Y13.1016
G01 X46.9632Y13.0878
G01 X46.9503Y13.0772
G01 X46.9403Y13.0708
G01 X46.9235Y13.0629
G01 X46.9123Y13.0592
G01 X46.8960Y13.0560
G01 X46.8808Y13.0550
G01 X35.4569Y13.0550
G01 X35.4250Y13.0575
G01 X35.3211Y13.0473
G01 X35.2212Y13.0170
G01 X35.1291Y12.9678
G01 X35.0484Y12.9016
G01 X35.0276Y12.8772
G01 X32.7657Y10.6152
G01 X32.7498Y10.6019
G01 X32.7404Y10.5959
G01 X32.7299Y10.5906
G01 X32.7189Y10.5863
G01 X32.7076Y10.5831
G01 X32.6960Y10.5810
G01 X32.6808Y10.5801
G01 X31.9417Y10.5804
G01 X31.9232Y10.5831
G01 X31.9073Y10.5879
G01 X31.8904Y10.5959
G01 X31.8766Y10.6052
G01 X31.8628Y10.6177
G01 X31.8519Y10.6310
G01 X31.8426Y10.6466
G01 X31.8362Y10.6620
G01 X31.8317Y10.6800
G01 X31.8300Y10.7001
G01 X31.8300Y13.1300
G01 X22.4569Y13.1300
G01 X22.4472Y13.1200
G01 X22.4144Y13.0921
G01 X22.3703Y13.0649
G01 X22.3267Y13.0467
G01 X22.2751Y13.0339
G01 X22.2250Y13.0300
G01 X21.8700Y13.0300
G01 X21.8700Y12.1500
G01 X21.8690Y12.1348
G01 X21.8669Y12.1232
G01 X21.8638Y12.1119
G01 X21.8574Y12.0965
G01 X21.8478Y12.0805
G01 X21.8405Y12.0713
G01 X21.8324Y12.0628
G01 X21.8190Y12.0519
G01 X21.8096Y12.0459
G01 X21.7991Y12.0405
G01 X21.7815Y12.0343
G01 X21.7652Y12.0310
G01 X21.7500Y12.0300
G01 X14.7319Y12.0300
G01 X14.7000Y12.0326
G01 X14.5961Y12.0223
G01 X14.4962Y11.9920
G01 X14.4041Y11.9428
G01 X14.3234Y11.8766
G01 X14.3027Y11.8522
G01 X12.4556Y10.0051
G01 X12.4442Y9.9951
G01 X12.4345Y9.9884
G01 X12.4198Y9.9805
G01 X12.4023Y9.9743
G01 X12.3859Y9.9710
G01 X12.3708Y9.9700
G01 X12.2646Y9.9700
G01 X12.0839Y9.9522
G01 X11.8520Y9.8819
G01 X11.6383Y9.7677
G01 X11.4511Y9.6139
G01 X11.2973Y9.4267
G01 X11.1831Y9.2130
G01 X11.1128Y8.9811
G01 X11.0890Y8.7400
G01 X11.1128Y8.4989
G01 X11.1831Y8.2670
G01 X11.2973Y8.0533
G01 X11.4511Y7.8661
G01 X11.6383Y7.7123
G01 X11.8520Y7.5981
G01 X12.0839Y7.5278
G01 X12.2646Y7.5100
G01 X13.6554Y7.5100
G01 X13.8361Y7.5278
G01 X14.0680Y7.5981
G01 X14.2817Y7.7123
G01 X14.4689Y7.8661
G01 X14.6227Y8.0533
G01 X14.7369Y8.2670
G01 X14.8072Y8.4989
G01 X14.8310Y8.7400
G01 X14.8072Y8.9811
G01 X14.7369Y9.2130
G01 X14.6227Y9.4267
G01 X14.4689Y9.6139
G01 X14.2817Y9.7677
G01 X14.0533Y9.8895
G01 X14.0395Y9.8988
G01 X14.0305Y9.9064
G01 X14.0180Y9.9202
G01 X14.0087Y9.9341
G01 X14.0034Y9.9446
G01 X13.9971Y9.9621
G01 X13.9946Y9.9736
G01 X13.9930Y9.9902
G01 X13.9932Y10.0020
G01 X13.9959Y10.0204
G01 X13.9991Y10.0317
G01 X14.0034Y10.0427
G01 X14.0087Y10.0532
G01 X14.0151Y10.0631
G01 X14.0280Y10.0785
G01 X14.8844Y10.9349
G01 X14.9002Y10.9481
G01 X14.9097Y10.9541
G01 X14.9202Y10.9595
G01 X14.9311Y10.9638
G01 X14.9425Y10.9669
G01 X14.9541Y10.9690
G01 X14.9692Y10.9700
G01 X21.7500Y10.9700
G01 X21.7652Y10.9690
G01 X21.7815Y10.9657
G01 X21.7991Y10.9595
G01 X21.8138Y10.9516
G01 X21.8234Y10.9449
G01 X21.8372Y10.9324
G01 X21.8478Y10.9195
G01 X21.8541Y10.9096
G01 X21.8621Y10.8927
G01 X21.8657Y10.8815
G01 X21.8683Y10.8700
G01 X21.8699Y10.8534
G01 X21.8700Y9.2700
G01 X24.2098Y9.2699
G01 X24.2272Y9.2682
G01 X24.2444Y9.2638
G01 X24.2554Y9.2595
G01 X24.2659Y9.2541
G01 X24.2798Y9.2449
G01 X24.2887Y9.2372
G01 X24.2969Y9.2287
G01 X24.3080Y9.2138
G01 X24.3158Y9.1991
G01 X24.3201Y9.1881
G01 X24.3233Y9.1768
G01 X24.3260Y9.1583
G01 X24.3260Y9.1417
G01 X24.3233Y9.1232
G01 X24.3184Y9.1073
G01 X24.3105Y9.0904
G01 X24.3012Y9.0766
G01 X24.2887Y9.0628
G01 X24.2754Y9.0519
G01 X24.2659Y9.0459
G01 X24.2554Y9.0405
G01 X24.2379Y9.0343
G01 X24.1004Y9.0066
G01 X23.8947Y8.9214
G01 X23.7097Y8.7977
G01 X23.5523Y8.6403
G01 X23.4286Y8.4553
G01 X23.3434Y8.2496
G01 X23.3000Y8.0313
G01 X23.3000Y7.8087
G01 X23.3434Y7.5904
G01 X23.4286Y7.3847
G01 X23.5523Y7.1997
G01 X23.7097Y7.0423
G01 X23.8947Y6.9186
G01 X24.1004Y6.8334
G01 X24.1215Y6.8289
G01 X24.1327Y6.8252
G01 X24.1496Y6.8173
G01 X24.1595Y6.8109
G01 X24.1724Y6.8004
G01 X24.1805Y6.7919
G01 X24.1881Y6.7822
G01 X24.1974Y6.7666
G01 X24.2021Y6.7559
G01 X24.2069Y6.7399
G01 X24.2090Y6.7283
G01 X24.2099Y6.7166
G01 X24.2100Y4.7127
G01 X24.2090Y4.6975
G01 X24.2057Y4.6812
G01 X24.1995Y4.6636
G01 X24.1916Y4.6489
G01 X24.1805Y4.6340
G01 X24.1687Y4.6222
G01 X24.1590Y4.6146
G01 X24.1435Y4.6053
G01 X24.1074Y4.5900
G01 X23.9059Y4.4554
G01 X23.7346Y4.2841
G01 X23.6000Y4.0826
G01 X23.5274Y3.9082
G01 X23.5216Y3.8979
G01 X23.5105Y3.8829
G01 X23.4987Y3.8712
G01 X23.4890Y3.8635
G01 X23.4796Y3.8575
G01 X23.4691Y3.8522
G01 X23.4581Y3.8479
G01 X23.4468Y3.8447
G01 X23.4352Y3.8427
G01 X23.4234Y3.8418
G01 X23.4048Y3.8427
G01 X23.3885Y3.8459
G01 X23.3773Y3.8496
G01 X23.3665Y3.8543
G01 X23.3505Y3.8639
G01 X23.3413Y3.8712
G01 X23.3328Y3.8793
G01 X23.3219Y3.8927
G01 X23.3159Y3.9021
G01 X23.3105Y3.9126
G01 X23.2400Y4.0826
G01 X23.1054Y4.2841
G01 X22.9628Y4.4268
G01 X22.9551Y4.4358
G01 X22.9484Y4.4454
G01 X22.9426Y4.4557
G01 X22.9379Y4.4665
G01 X22.9343Y4.4777
G01 X22.9317Y4.4892
G01 X22.9300Y4.5092
G01 X22.9300Y5.4632
G01 X22.9330Y5.5000
G01 X22.9209Y5.6235
G01 X22.8849Y5.7423
G01 X22.8264Y5.8517
G01 X22.7930Y5.8924
G01 X22.7838Y5.9063
G01 X22.7758Y5.9232
G01 X22.7710Y5.9391
G01 X22.7682Y5.9576
G01 X22.7682Y5.9743
G01 X22.7703Y5.9898
G01 X22.7800Y6.0387
G01 X22.7801Y6.0920
G01 X22.7855Y6.1500
G01 X22.7801Y6.2080
G01 X22.7800Y6.2613
G01 X22.7697Y6.3136
G01 X22.7636Y6.3715
G01 X22.7471Y6.4273
G01 X22.7366Y6.4796
G01 X22.7146Y6.5335
G01 X22.6990Y6.5845
G01 X22.6740Y6.6316
G01 X22.6514Y6.6853
G01 X22.6193Y6.7338
G01 X22.5941Y6.7808
G01 X22.5603Y6.8221
G01 X22.5277Y6.8703
G01 X22.4868Y6.9117
G01 X22.4529Y6.9529
G01 X22.4117Y6.9868
G01 X22.3703Y7.0277
G01 X22.3221Y7.0603
G01 X22.2808Y7.0941
G01 X22.2338Y7.1193
G01 X22.1853Y7.1514
G01 X22.1316Y7.1740
G01 X22.0845Y7.1990
G01 X22.0335Y7.2146
G01 X21.9796Y7.2366
G01 X21.9273Y7.2471
G01 X21.8715Y7.2636
G01 X21.8136Y7.2697
G01 X21.7613Y7.2800
G01 X21.5387Y7.2800
G01 X21.4864Y7.2697
G01 X21.4285Y7.2636
G01 X21.3727Y7.2471
G01 X21.3204Y7.2366
G01 X21.2665Y7.2146
G01 X21.2155Y7.1990
G01 X21.1684Y7.1740
G01 X21.1147Y7.1514
G01 X21.0662Y7.1193
G01 X21.0192Y7.0941
G01 X20.9779Y7.0603
G01 X20.9297Y7.0277
G01 X20.8883Y6.9868
G01 X20.8471Y6.9529
G01 X20.8132Y6.9117
G01 X20.7723Y6.8703
G01 X20.7426Y6.8266
G01 X20.7350Y6.8176
G01 X20.7265Y6.8095
G01 X20.7115Y6.7984
G01 X20.6968Y6.7905
G01 X20.6859Y6.7862
G01 X20.6745Y6.7831
G01 X20.6561Y6.7803
G01 X17.9022Y6.7800
G01 X17.8811Y6.7819
G01 X17.8641Y6.7862
G01 X17.8487Y6.7926
G01 X17.8385Y6.7984
G01 X17.8288Y6.8051
G01 X17.8199Y6.8128
G01 X17.8074Y6.8266
G01 X17.7777Y6.8703
G01 X17.6203Y7.0277
G01 X17.4353Y7.1514
G01 X17.2296Y7.2366
G01 X17.0113Y7.2800
G01 X16.7887Y7.2800
G01 X16.5704Y7.2366
G01 X16.3647Y7.1514
G01 X16.1797Y7.0277
G01 X16.0223Y6.8703
G01 X15.9307Y6.7333
G01 X15.9182Y6.7176
G01 X15.9044Y6.7051
G01 X15.8905Y6.6959
G01 X15.8800Y6.6905
G01 X15.8625Y6.6843
G01 X15.8461Y6.6810
G01 X15.8310Y6.6800
G01 X14.7819Y6.6800
G01 X14.7500Y6.6826
G01 X14.6461Y6.6723
G01 X14.5462Y6.6420
G01 X14.4541Y6.5928
G01 X14.3734Y6.5266
G01 X14.3527Y6.5022
G01 X12.7756Y4.9251
G01 X12.7598Y4.9119
G01 X12.7443Y4.9026
G01 X12.7289Y4.8962
G01 X12.7175Y4.8931
G01 X12.6991Y4.8903
G01 X12.2646Y4.8900
G01 X12.0839Y4.8722
G01 X11.8520Y4.8019
G01 X11.6383Y4.6877
G01 X11.4511Y4.5339
G01 X11.2973Y4.3467
G01 X11.1831Y4.1330
G01 X11.1128Y3.9011
G01 X11.0890Y3.6600
G01 X11.1128Y3.4189
G01 X11.1831Y3.1870
G01 X11.2973Y2.9733
G01 X11.4511Y2.7861
G01 X11.6383Y2.6323
G01 X11.8520Y2.5181
G01 X12.0839Y2.4478
G01 X12.2646Y2.4300
G01 X13.6554Y2.4300
G01 X13.8361Y2.4478
G01 X14.0680Y2.5181
G01 X14.2817Y2.6323
G01 X14.4689Y2.7861
G01 X14.6227Y2.9733
G01 X14.7369Y3.1870
G01 X14.8072Y3.4189
G01 X14.8310Y3.6600
G01 X14.8072Y3.9011
G01 X14.7369Y4.1330
G01 X14.6227Y4.3467
G01 X14.4689Y4.5339
G01 X14.2817Y4.6877
G01 X14.2621Y4.6982
G01 X14.2521Y4.7046
G01 X14.2429Y4.7119
G01 X14.2344Y4.7200
G01 X14.2238Y4.7329
G01 X14.2175Y4.7428
G01 X14.2121Y4.7533
G01 X14.2079Y4.7643
G01 X14.2047Y4.7756
G01 X14.2026Y4.7872
G01 X14.2017Y4.7989
G01 X14.2019Y4.8107
G01 X14.2035Y4.8235
G01 X14.2059Y4.8339
G01 X14.2121Y4.8514
G01 X14.2175Y4.8619
G01 X14.2238Y4.8718
G01 X14.2368Y4.8872
G01 X14.9344Y5.5849
G01 X14.9502Y5.5981
G01 X14.9597Y5.6041
G01 X14.9702Y5.6095
G01 X14.9811Y5.6138
G01 X14.9925Y5.6169
G01 X15.0041Y5.6190
G01 X15.0192Y5.6200
G01 X15.8310Y5.6200
G01 X15.8521Y5.6181
G01 X15.8691Y5.6138
G01 X15.8800Y5.6095
G01 X15.8947Y5.6016
G01 X15.9097Y5.5905
G01 X15.9182Y5.5824
G01 X15.9307Y5.5667
G01 X16.0223Y5.4297
G01 X16.1797Y5.2723
G01 X16.3647Y5.1486
G01 X16.5704Y5.0634
G01 X16.7887Y5.0200
G01 X17.0113Y5.0200
G01 X17.2296Y5.0634
G01 X17.4353Y5.1486
G01 X17.6203Y5.2723
G01 X17.7777Y5.4297
G01 X17.8044Y5.4695
G01 X17.8117Y5.4787
G01 X17.8199Y5.4872
G01 X17.8332Y5.4981
G01 X17.8487Y5.5074
G01 X17.8595Y5.5121
G01 X17.8707Y5.5157
G01 X17.8871Y5.5190
G01 X17.9022Y5.5200
G01 X20.6478Y5.5200
G01 X20.6629Y5.5190
G01 X20.6793Y5.5157
G01 X20.6905Y5.5121
G01 X20.7013Y5.5074
G01 X20.7173Y5.4978
G01 X20.7301Y5.4872
G01 X20.7383Y5.4787
G01 X20.7456Y5.4695
G01 X20.7723Y5.4297
G01 X20.8132Y5.3883
G01 X20.8471Y5.3471
G01 X20.8883Y5.3132
G01 X20.9297Y5.2723
G01 X20.9779Y5.2397
G01 X21.0192Y5.2059
G01 X21.0662Y5.1807
G01 X21.1147Y5.1486
G01 X21.1684Y5.1260
G01 X21.2155Y5.1010
G01 X21.2665Y5.0854
G01 X21.3204Y5.0634
G01 X21.3727Y5.0529
G01 X21.4285Y5.0364
G01 X21.4864Y5.0303
G01 X21.5387Y5.0200
G01 X21.5652Y5.0190
G01 X21.5815Y5.0157
G01 X21.5927Y5.0121
G01 X21.6035Y5.0074
G01 X21.6138Y5.0016
G01 X21.6234Y4.9949
G01 X21.6324Y4.9872
G01 X21.6405Y4.9787
G01 X21.6481Y4.9690
G01 X21.6541Y4.9596
G01 X21.6595Y4.9491
G01 X21.6638Y4.9381
G01 X21.6669Y4.9268
G01 X21.6690Y4.9152
G01 X21.6699Y4.9034
G01 X21.6699Y4.7093
G01 X21.6681Y4.6915
G01 X21.6638Y4.6746
G01 X21.6574Y4.6592
G01 X21.6478Y4.6432
G01 X21.6405Y4.6340
G01 X21.6324Y4.6255
G01 X21.6190Y4.6146
G01 X21.6035Y4.6053
G01 X21.5674Y4.5900
G01 X21.3659Y4.4554
G01 X21.1946Y4.2841
G01 X21.0600Y4.0826
G01 X20.9673Y3.8588
G01 X20.9200Y3.6211
G01 X20.9200Y3.3789
G01 X20.9673Y3.1412
G01 X21.0600Y2.9174
G01 X21.1946Y2.7159
G01 X21.3659Y2.5446
G01 X21.5674Y2.4100
G01 X21.7912Y2.3173
G01 X22.0289Y2.2700
G01 X22.2711Y2.2700
G01 X22.5088Y2.3173
G01 X22.7326Y2.4100
G01 X22.9341Y2.5446
G01 X23.1054Y2.7159
G01 X23.2400Y2.9174
G01 X23.3091Y3.0843
G01 X23.3159Y3.0979
G01 X23.3222Y3.1078
G01 X23.3295Y3.1171
G01 X23.3376Y3.1256
G01 X23.3466Y3.1332
G01 X23.3604Y3.1425
G01 X23.3709Y3.1478
G01 X23.3885Y3.1541
G01 X23.4000Y3.1566
G01 X23.4166Y3.1582
G01 X23.4352Y3.1573
G01 X23.4468Y3.1553
G01 X23.4581Y3.1521
G01 X23.4735Y3.1457
G01 X23.4838Y3.1399
G01 X23.4934Y3.1332
G01 X23.5072Y3.1207
G01 X23.5149Y3.1118
G01 X23.5241Y3.0979
G01 X23.5309Y3.0843
G01 X23.6000Y2.9174
G01 X23.7346Y2.7159
G01 X23.9059Y2.5446
G01 X24.1074Y2.4100
G01 X24.3312Y2.3173
G01 X24.5689Y2.2700
G01 X24.8111Y2.2700
G01 X25.0488Y2.3173
G01 X25.2726Y2.4100
G01 X25.4741Y2.5446
G01 X25.6454Y2.7159
G01 X25.7800Y2.9174
G01 X25.8491Y3.0843
G01 X25.8559Y3.0979
G01 X25.8622Y3.1078
G01 X25.8695Y3.1171
G01 X25.8776Y3.1256
G01 X25.8866Y3.1332
G01 X25.9004Y3.1425
G01 X25.9109Y3.1478
G01 X25.9285Y3.1541
G01 X25.9400Y3.1566
G01 X25.9566Y3.1582
G01 X25.9752Y3.1573
G01 X25.9868Y3.1553
G01 X25.9981Y3.1521
G01 X26.0135Y3.1457
G01 X26.0238Y3.1399
G01 X26.0334Y3.1332
G01 X26.0472Y3.1207
G01 X26.0549Y3.1118
G01 X26.0641Y3.0979
G01 X26.0709Y3.0843
G01 X26.1400Y2.9174
G01 X26.2746Y2.7159
G01 X26.4459Y2.5446
G01 X26.6474Y2.4100
G01 X26.8712Y2.3173
G01 X27.1089Y2.2700
G01 X27.3511Y2.2700
G01 X27.5888Y2.3173
G01 X27.8126Y2.4100
G01 X28.0141Y2.5446
G01 X28.1854Y2.7159
G01 X28.3200Y2.9174
G01 X28.4127Y3.1412
G01 X28.4600Y3.3789
G01 X28.4600Y3.6211
G01 X28.4127Y3.8588
G01 X28.3200Y4.0826
G01 X28.1854Y4.2841
G01 X28.0644Y4.4051
G01 X28.0543Y4.4166
G01 X28.0451Y4.4304
G01 X28.0397Y4.4409
G01 X28.0335Y4.4585
G01 X28.0309Y4.4699
G01 X28.0293Y4.4865
G01 X28.0295Y4.4983
G01 X28.0311Y4.5111
G01 X28.0355Y4.5281
G01 X28.0397Y4.5390
G01 X28.0451Y4.5495
G01 X28.0514Y4.5595
G01 X28.0644Y4.5748
G01 X29.1244Y5.6349
G01 X29.1402Y5.6482
G01 X29.1497Y5.6541
G01 X29.1602Y5.6595
G01 X29.1712Y5.6638
G01 X29.1825Y5.6670
G01 X29.2009Y5.6697
G01 X33.5608Y5.6700
G01 X33.5759Y5.6690
G01 X33.5875Y5.6670
G01 X33.5989Y5.6638
G01 X33.6098Y5.6595
G01 X33.6245Y5.6516
G01 X33.6342Y5.6449
G01 X33.6431Y5.6372
G01 X33.6513Y5.6287
G01 X33.6589Y5.6190
G01 X33.6649Y5.6096
G01 X33.6729Y5.5927
G01 X33.6765Y5.5815
G01 X33.6791Y5.5700
G01 X33.6804Y5.5583
G01 X33.6807Y5.5466
G01 X33.6789Y5.5291
G01 X33.6765Y5.5185
G01 X33.6729Y5.5073
G01 X33.6681Y5.4965
G01 X33.6624Y5.4862
G01 X33.6513Y5.4713
G01 X32.8630Y4.6825
G01 X32.8515Y4.6725
G01 X32.8419Y4.6657
G01 X32.8316Y4.6600
G01 X32.8208Y4.6552
G01 X32.8096Y4.6516
G01 X32.7981Y4.6491
G01 X32.7815Y4.6474
G01 X32.7698Y4.6477
G01 X32.7581Y4.6491
G01 X32.7466Y4.6516
G01 X32.7354Y4.6552
G01 X32.6688Y4.6827
G01 X32.4311Y4.7300
G01 X32.1889Y4.7300
G01 X31.9512Y4.6827
G01 X31.7274Y4.5900
G01 X31.5259Y4.4554
G01 X31.3546Y4.2841
G01 X31.2200Y4.0826
G01 X31.1273Y3.8588
G01 X31.0800Y3.6211
G01 X31.0800Y3.3789
G01 X31.1273Y3.1412
G01 X31.2200Y2.9174
G01 X31.3546Y2.7159
G01 X31.5259Y2.5446
G01 X31.7274Y2.4100
G01 X31.9512Y2.3173
G01 X32.1889Y2.2700
G01 X32.4311Y2.2700
G01 X32.6688Y2.3173
G01 X32.8926Y2.4100
G01 X33.0941Y2.5446
G01 X33.2654Y2.7159
G01 X33.4000Y2.9174
G01 X33.4691Y3.0843
G01 X33.4759Y3.0979
G01 X33.4822Y3.1078
G01 X33.4895Y3.1171
G01 X33.4976Y3.1256
G01 X33.5066Y3.1332
G01 X33.5204Y3.1425
G01 X33.5309Y3.1478
G01 X33.5419Y3.1521
G01 X33.5532Y3.1553
G01 X33.5648Y3.1573
G01 X33.5834Y3.1582
G01 X33.6000Y3.1566
G01 X33.6115Y3.1541
G01 X33.6291Y3.1478
G01 X33.6396Y3.1425
G01 X33.6534Y3.1332
G01 X33.6672Y3.1207
G01 X33.6749Y3.1118
G01 X33.6841Y3.0979
G01 X33.6909Y3.0843
G01 X33.7600Y2.9174
G01 X33.8946Y2.7159
G01 X34.0659Y2.5446
G01 X34.2674Y2.4100
G01 X34.4912Y2.3173
G01 X34.7289Y2.2700
G01 X34.9711Y2.2700
G01 X35.2088Y2.3173
G01 X35.4326Y2.4100
G01 X35.6341Y2.5446
G01 X35.8054Y2.7159
G01 X35.9400Y2.9174
G01 X36.0327Y3.1412
G01 X36.0789Y3.3734
G01 X36.0829Y3.3881
G01 X36.0871Y3.3991
G01 X36.0925Y3.4095
G01 X36.0988Y3.4195
G01 X36.1061Y3.4287
G01 X36.1179Y3.4405
G01 X36.1276Y3.4481
G01 X36.1431Y3.4574
G01 X36.1585Y3.4637
G01 X36.1698Y3.4669
G01 X36.1814Y3.4690
G01 X36.1966Y3.4700
G01 X40.4188Y3.4700
G01 X40.4556Y3.4669
G01 X40.5791Y3.4791
G01 X40.6979Y3.5151
G01 X40.8073Y3.5736
G01 X40.9033Y3.6524
G01 X40.9272Y3.6806
G01 X41.6815Y4.4349
G01 X41.6929Y4.4449
G01 X41.7025Y4.4516
G01 X41.7172Y4.4595
G01 X41.7348Y4.4657
G01 X41.7511Y4.4690
G01 X41.7663Y4.4700
G01 X42.3792Y4.4700
G01 X42.4160Y4.4670
G01 X42.5395Y4.4791
G01 X42.6583Y4.5151
G01 X42.7677Y4.5736
G01 X42.8636Y4.6524
G01 X42.8875Y4.6806
G01 X43.8418Y5.6349
G01 X43.8572Y5.6478
G01 X43.8671Y5.6541
G01 X43.8776Y5.6595
G01 X43.8886Y5.6638
G01 X43.9066Y5.6683
G01 X43.9267Y5.6700
G01 X44.0113Y5.6700
G01 X44.2296Y5.7134
G01 X44.4353Y5.7986
G01 X44.6203Y5.9223
G01 X44.7777Y6.0797
G01 X44.9014Y6.2647
G01 X44.9866Y6.4704
G01 X45.0300Y6.6887
G01 X45.0300Y6.9113
G01 X44.9866Y7.1296
G01 X44.9014Y7.3353
G01 X44.7777Y7.5203
G01 X44.6203Y7.6777
G01 X44.4353Y7.8014
G01 X44.2296Y7.8866
G01 X44.1257Y7.9072
G01 X44.1064Y7.9128
G01 X44.0895Y7.9208
G01 X44.0796Y7.9271
G01 X44.0704Y7.9344
G01 X44.0586Y7.9462
G01 X44.0510Y7.9559
G01 X44.0417Y7.9714
G01 X44.0353Y7.9868
G01 X44.0308Y8.0049
G01 X44.0292Y8.0215
G01 X44.0301Y8.0401
G01 X44.0333Y8.0565
G01 X44.0396Y8.0740
G01 X44.0475Y8.0887
G01 X44.0586Y8.1037
G01 X44.0704Y8.1155
G01 X44.0853Y8.1266
G01 X44.1000Y8.1344
G01 X44.1176Y8.1407
G01 X44.1339Y8.1439
G01 X44.1491Y8.1449
G01 X45.7966Y8.1449
G01 X45.8118Y8.1439
G01 X45.8234Y8.1419
G01 X45.8347Y8.1387
G01 X45.8457Y8.1344
G01 X45.8562Y8.1291
G01 X45.8661Y8.1227
G01 X45.8815Y8.1098
G01 X47.3035Y6.6878
G01 X47.3243Y6.6634
G01 X47.4050Y6.5972
G01 X47.4970Y6.5480
G01 X47.5969Y6.5177
G01 X47.7008Y6.5074
G01 X47.7328Y6.5100
G01 X51.4742Y6.5099
G01 X51.4859Y6.5090
G01 X51.4975Y6.5069
G01 X51.5088Y6.5037
G01 X51.5198Y6.4995
G01 X51.5303Y6.4941
G01 X51.5402Y6.4878
G01 X51.5495Y6.4805
G01 X51.5580Y6.4724
G01 X51.5656Y6.4634
G01 X51.5724Y6.4538
G01 X51.5781Y6.4435
G01 X51.5829Y6.4327
G01 X51.5865Y6.4215
G01 X51.5890Y6.4100
G01 X51.5904Y6.3983
G01 X51.5907Y6.3866
G01 X51.5898Y6.3748
G01 X51.5877Y6.3632
G01 X51.5845Y6.3519
G01 X51.5802Y6.3409
G01 X51.5749Y6.3304
G01 X51.5685Y6.3205
G01 X51.5556Y6.3051
G01 X50.1255Y4.8750
G01 X50.1096Y4.8617
G01 X50.0941Y4.8525
G01 X50.0787Y4.8461
G01 X50.0606Y4.8416
G01 X50.0440Y4.8399
G01 X50.0254Y4.8408
G01 X50.0058Y4.8450
G01 X49.9161Y4.8722
G01 X49.7354Y4.8900
G01 X48.3446Y4.8900
G01 X48.1639Y4.8722
G01 X47.9320Y4.8019
G01 X47.7183Y4.6877
G01 X47.5311Y4.5339
G01 X47.3773Y4.3467
G01 X47.3472Y4.2904
G01 X47.3409Y4.2805
G01 X47.3336Y4.2713
G01 X47.3218Y4.2595
G01 X47.3068Y4.2484
G01 X47.2921Y4.2405
G01 X47.2812Y4.2362
G01 X47.2698Y4.2331
G01 X47.2582Y4.2310
G01 X47.2431Y4.2300
G01 X45.0690Y4.2300
G01 X45.0539Y4.2310
G01 X45.0423Y4.2331
G01 X45.0309Y4.2362
G01 X45.0155Y4.2426
G01 X45.0053Y4.2484
G01 X44.9956Y4.2551
G01 X44.9818Y4.2676
G01 X44.9693Y4.2833
G01 X44.8777Y4.4203
G01 X44.7203Y4.5777
G01 X44.5353Y4.7014
G01 X44.3296Y4.7866
G01 X44.1113Y4.8300
G01 X43.8887Y4.8300
G01 X43.6704Y4.7866
G01 X43.4647Y4.7014
G01 X43.2797Y4.5777
G01 X43.1223Y4.4203
G01 X42.9986Y4.2353
G01 X42.9134Y4.0296
G01 X42.8700Y3.8113
G01 X42.8700Y3.5887
G01 X42.9134Y3.3704
G01 X42.9986Y3.1647
G01 X43.1223Y2.9797
G01 X43.2797Y2.8223
G01 X43.4647Y2.6986
G01 X43.6704Y2.6134
G01 X43.8887Y2.5700
G01 X44.1113Y2.5700
G01 X44.3296Y2.6134
G01 X44.5353Y2.6986
G01 X44.7203Y2.8223
G01 X44.8777Y2.9797
G01 X44.9693Y3.1167
G01 X44.9818Y3.1324
G01 X44.9956Y3.1449
G01 X45.0053Y3.1516
G01 X45.0155Y3.1574
G01 X45.0309Y3.1638
G01 X45.0490Y3.1683
G01 X45.0690Y3.1700
G01 X47.2003Y3.1700
G01 X47.2155Y3.1690
G01 X47.2271Y3.1669
G01 X47.2384Y3.1638
G01 X47.2494Y3.1595
G01 X47.2599Y3.1541
G01 X47.2698Y3.1478
G01 X47.2790Y3.1405
G01 X47.2875Y3.1324
G01 X47.2984Y3.1190
G01 X47.3061Y3.1066
G01 X47.3773Y2.9733
G01 X47.5311Y2.7861
G01 X47.7183Y2.6323
G01 X47.9320Y2.5181
G01 X48.1639Y2.4478
G01 X48.3446Y2.4300
G01 X49.7354Y2.4300
G01 X49.9161Y2.4478
G01 X50.1480Y2.5181
G01 X50.3617Y2.6323
G01 X50.5489Y2.7861
G01 X50.7027Y2.9733
G01 X50.8169Y3.1870
G01 X50.8872Y3.4189
G01 X50.9110Y3.6600
G01 X50.8872Y3.9011
G01 X50.8530Y4.0138
G01 X50.8489Y4.0334
G01 X50.8479Y4.0521
G01 X50.8489Y4.0638
G01 X50.8509Y4.0754
G01 X50.8541Y4.0867
G01 X50.8584Y4.0977
G01 X50.8662Y4.1124
G01 X50.8730Y4.1220
G01 X50.8830Y4.1335
G01 X52.2244Y5.4748
G01 X52.2358Y5.4849
G01 X52.2455Y5.4916
G01 X52.2557Y5.4974
G01 X52.2665Y5.5021
G01 X52.2777Y5.5057
G01 X52.2892Y5.5083
G01 X52.3092Y5.5100
G01 X58.1707Y5.5100
G01 X58.1859Y5.5090
G01 X58.2023Y5.5057
G01 X58.2135Y5.5021
G01 X58.2303Y5.4941
G01 X58.2402Y5.4878
G01 X58.2531Y5.4772
G01 X58.2656Y5.4634
G01 X58.2724Y5.4537
G01 X58.2802Y5.4390
G01 X58.2865Y5.4215
G01 X58.2890Y5.4100
G01 X58.2907Y5.3934
G01 X58.2904Y5.3816
G01 X58.2877Y5.3632
G01 X58.2845Y5.3519
G01 X58.2781Y5.3365
G01 X58.2685Y5.3205
G01 X58.2556Y5.3051
G01 X57.8756Y4.9251
G01 X57.8642Y4.9151
G01 X57.8503Y4.9059
G01 X57.8335Y4.8979
G01 X57.8223Y4.8943
G01 X57.8108Y4.8917
G01 X57.7942Y4.8901
G01 X57.2646Y4.8900
G01 X57.0839Y4.8722
G01 X56.8520Y4.8019
G01 X56.6383Y4.6877
G01 X56.4511Y4.5339
G01 X56.2973Y4.3467
G01 X56.1831Y4.1330
G01 X56.1128Y3.9011
G01 X56.0890Y3.6600
G01 X56.1128Y3.4189
G01 X56.1831Y3.1870
G01 X56.2973Y2.9733
G01 X56.4511Y2.7861
G01 X56.6383Y2.6323
G01 X56.8520Y2.5181
G01 X57.0839Y2.4478
G01 X57.2646Y2.4300
G01 X58.6554Y2.4300
G01 X58.8361Y2.4478
G01 X59.0680Y2.5181
G01 X59.2817Y2.6323
G01 X59.4689Y2.7861
G01 X59.6227Y2.9733
G01 X59.7369Y3.1870
G01 X59.8072Y3.4189
G01 X59.8310Y3.6600
G01 X59.8072Y3.9011
G01 X59.7369Y4.1330
G01 X59.6227Y4.3467
G01 X59.4689Y4.5339
G01 X59.3021Y4.6710
G01 X59.2903Y4.6828
G01 X59.2792Y4.6978
G01 X59.2713Y4.7125
G01 X59.2650Y4.7300
G01 X59.2618Y4.7464
G01 X59.2609Y4.7650
G01 X59.2625Y4.7816
G01 X59.2650Y4.7931
G01 X59.2713Y4.8106
G01 X59.2792Y4.8253
G01 X59.2859Y4.8350
G01 X59.2959Y4.8464
G01 X60.0656Y5.6160
G01 X60.0900Y5.6368
G01 X60.1562Y5.7175
G01 X60.1701Y5.7428
G01 X60.1768Y5.7525
G01 X60.1869Y5.7639
G01 X62.4827Y8.0598
G01 X62.4986Y8.0731
G01 X62.5141Y8.0823
G01 X62.5249Y8.0870
G01 X62.5361Y8.0907
G01 X62.5524Y8.0939
G01 X62.5676Y8.0949
G01 X69.3339Y8.0949
G01 X69.3490Y8.0939
G01 X69.3606Y8.0919
G01 X69.3766Y8.0870
G01 X69.3934Y8.0791
G01 X69.4073Y8.0698
G01 X69.4187Y8.0598
G01 X70.4249Y7.0536
G01 X70.4349Y7.0422
G01 X70.4416Y7.0325
G01 X70.4572Y7.0041
G01 X70.5234Y6.9234
G01 X70.5478Y6.9027
G01 X72.7527Y4.6978
G01 X72.7735Y4.6734
G01 X72.8542Y4.6072
G01 X72.9462Y4.5579
G01 X73.0461Y4.5276
G01 X73.1500Y4.5174
G01 X73.1820Y4.5200
G01 X78.8900Y4.5200
G01 X78.9219Y4.5174
G01 X79.0258Y4.5276
G01 X79.1257Y4.5579
G01 X79.2178Y4.6072
G01 X79.2985Y4.6734
G01 X79.3193Y4.6978
G01 X82.6813Y8.0598
G01 X82.6927Y8.0698
G01 X82.7024Y8.0766
G01 X82.7171Y8.0844
G01 X82.7281Y8.0887
G01 X82.7461Y8.0932
G01 X82.7661Y8.0949
G01 X89.4058Y8.0949
G01 X89.4210Y8.0939
G01 X89.4326Y8.0919
G01 X89.4439Y8.0887
G01 X89.4549Y8.0844
G01 X89.4654Y8.0791
G01 X89.4753Y8.0727
G01 X89.4907Y8.0598
G01 X91.2527Y6.2978
G01 X91.2734Y6.2734
G01 X91.2978Y6.2527
G01 X92.7041Y4.8464
G01 X92.7141Y4.8350
G01 X92.7208Y4.8253
G01 X92.7287Y4.8106
G01 X92.7350Y4.7931
G01 X92.7382Y4.7767
G01 X92.7391Y4.7581
G01 X92.7375Y4.7415
G01 X92.7350Y4.7300
G01 X92.7287Y4.7125
G01 X92.7208Y4.6978
G01 X92.7097Y4.6828
G01 X92.6979Y4.6710
G01 X92.5311Y4.5339
G01 X92.3773Y4.3467
G01 X92.2631Y4.1330
G01 X92.1928Y3.9011
G01 X92.1690Y3.6600
G01 X92.1928Y3.4189
G01 X92.2631Y3.1870
G01 X92.3773Y2.9733
G01 X92.5311Y2.7861
G01 X92.7183Y2.6323
G01 X92.9320Y2.5181
G01 X93.1639Y2.4478
G01 X93.3446Y2.4300
G01 X94.7354Y2.4300
G01 X94.9161Y2.4478
G01 X95.1480Y2.5181
G01 X95.3617Y2.6323
G01 X95.5489Y2.7861
G01 X95.7027Y2.9733
G01 X95.8169Y3.1870
G01 X95.8872Y3.4189
G01 X95.9110Y3.6600
G01 X95.8872Y3.9011
G01 X95.8169Y4.1330
G01 X95.7027Y4.3467
G01 X95.5489Y4.5339
G01 X95.3617Y4.6877
G01 X95.1480Y4.8019
G01 X94.9161Y4.8722
G01 X94.7354Y4.8900
G01 X94.2058Y4.8901
G01 X94.1892Y4.8917
G01 X94.1777Y4.8943
G01 X94.1665Y4.8979
G01 X94.1497Y4.9059
G01 X94.1358Y4.9151
G01 X94.1244Y4.9251
G01 X93.7444Y5.3051
G01 X93.7344Y5.3166
G01 X93.7251Y5.3304
G01 X93.7172Y5.3473
G01 X93.7135Y5.3585
G01 X93.7110Y5.3700
G01 X93.7093Y5.3865
G01 X93.7096Y5.3983
G01 X93.7111Y5.4109
G01 X93.7155Y5.4281
G01 X93.7198Y5.4390
G01 X93.7251Y5.4495
G01 X93.7315Y5.4595
G01 X93.7387Y5.4687
G01 X93.7505Y5.4805
G01 X93.7602Y5.4881
G01 X93.7697Y5.4941
G01 X93.7865Y5.5021
G01 X93.7977Y5.5057
G01 X93.8141Y5.5090
G01 X93.8293Y5.5100
G01 X103.4707Y5.5100
G01 X103.4859Y5.5090
G01 X103.5023Y5.5057
G01 X103.5198Y5.4995
G01 X103.5303Y5.4941
G01 X103.5402Y5.4878
G01 X103.5531Y5.4772
G01 X103.5656Y5.4634
G01 X103.5749Y5.4495
G01 X103.5802Y5.4390
G01 X103.5865Y5.4215
G01 X103.5890Y5.4100
G01 X103.5907Y5.3934
G01 X103.5897Y5.3748
G01 X103.5877Y5.3632
G01 X103.5828Y5.3473
G01 X103.5749Y5.3304
G01 X103.5656Y5.3166
G01 X103.5556Y5.3051
G01 X103.1756Y4.9251
G01 X103.1598Y4.9119
G01 X103.1503Y4.9059
G01 X103.1398Y4.9005
G01 X103.1289Y4.8962
G01 X103.1175Y4.8931
G01 X103.1059Y4.8910
G01 X103.0908Y4.8900
G01 X102.2646Y4.8900
G01 X102.0839Y4.8722
G01 X101.8520Y4.8019
G01 X101.6383Y4.6877
G01 X101.4511Y4.5339
G01 X101.2973Y4.3467
G01 X101.1831Y4.1330
G01 X101.1128Y3.9011
G01 X101.0890Y3.6600
G01 X101.1128Y3.4189
G01 X101.1831Y3.1870
G01 X101.2973Y2.9733
G01 X101.4511Y2.7861
G01 X101.6383Y2.6323
G01 X101.8520Y2.5181
G01 X102.0839Y2.4478
G01 X102.2646Y2.4300
G01 X103.6554Y2.4300
G01 X103.8361Y2.4478
G01 X104.0680Y2.5181
G01 X104.2817Y2.6323
G01 X104.4689Y2.7861
G01 X104.6227Y2.9733
G01 X104.7369Y3.1870
G01 X104.8072Y3.4189
G01 X104.8310Y3.6600
G01 X104.8072Y3.9011
G01 X104.7369Y4.1330
G01 X104.6227Y4.3467
G01 X104.4689Y4.5340
G01 X104.4583Y4.5440
G01 X104.4507Y4.5529
G01 X104.4414Y4.5668
G01 X104.4361Y4.5773
G01 X104.4298Y4.5948
G01 X104.4273Y4.6063
G01 X104.4256Y4.6229
G01 X104.4266Y4.6415
G01 X104.4298Y4.6578
G01 X104.4361Y4.6754
G01 X104.4414Y4.6859
G01 X104.4507Y4.6997
G01 X104.4607Y4.7112
G01 X105.3302Y5.5807
G01 X105.4308Y5.6634
G01 X105.4516Y5.6878
G01 X108.7736Y9.0098
G01 X108.7894Y9.0231
G01 X108.7989Y9.0291
G01 X108.8094Y9.0344
G01 X108.8203Y9.0387
G01 X108.8317Y9.0419
G01 X108.8432Y9.0440
G01 X108.8584Y9.0450
G01 X114.8558Y9.0450
G01 X114.8767Y9.0431
G01 X114.8939Y9.0387
G01 X114.9093Y9.0323
G01 X114.9196Y9.0266
G01 X114.9292Y9.0198
G01 X114.9407Y9.0098
G01 X118.1027Y5.8478
G01 X118.1234Y5.8234
G01 X118.2041Y5.7572
G01 X118.2962Y5.7080
G01 X118.3961Y5.6776
G01 X118.5000Y5.6674
G01 X118.5319Y5.6700
G01 X123.4965Y5.6700
G01 X123.5284Y5.6674
G01 X123.6323Y5.6776
G01 X123.7322Y5.7080
G01 X123.8243Y5.7572
G01 X123.9050Y5.8234
G01 X123.9258Y5.8478
G01 X127.0878Y9.0098
G01 X127.0992Y9.0198
G01 X127.1131Y9.0291
G01 X127.1299Y9.0371
G01 X127.1459Y9.0419
G01 X127.1575Y9.0440
G01 X127.1726Y9.0450
G01 X133.4824Y9.0450
G01 X133.5033Y9.0431
G01 X133.5205Y9.0387
G01 X133.5359Y9.0323
G01 X133.5519Y9.0227
G01 X133.5673Y9.0098
G01 X136.8893Y5.6878
G01 X136.9100Y5.6634
G01 X136.9344Y5.6426
G01 X137.7187Y4.8584
G01 X137.7320Y4.8425
G01 X137.7412Y4.8270
G01 X137.7476Y4.8116
G01 X137.7521Y4.7936
G01 X137.7537Y4.7770
G01 X137.7528Y4.7584
G01 X137.7496Y4.7420
G01 X137.7433Y4.7245
G01 X137.7354Y4.7098
G01 X137.7243Y4.6948
G01 X137.7100Y4.6808
G01 X137.5311Y4.5339
G01 X137.3773Y4.3467
G01 X137.2631Y4.1330
G01 X137.2235Y4.0023
G01 X137.2181Y3.9881
G01 X137.2103Y3.9734
G01 X137.1972Y3.9559
G01 X137.1480Y3.8638
G01 X137.1177Y3.7639
G01 X137.1074Y3.6600
G01 X137.1177Y3.5561
G01 X137.1480Y3.4562
G01 X137.1972Y3.3641
G01 X137.2103Y3.3466
G01 X137.2181Y3.3319
G01 X137.2235Y3.3177
G01 X137.2631Y3.1870
G01 X137.3773Y2.9733
G01 X137.5311Y2.7861
G01 X137.7183Y2.6323
G01 X137.9320Y2.5181
G01 X138.1639Y2.4478
G01 X138.3446Y2.4300
G01 X139.7354Y2.4300
G01 X139.9161Y2.4478
G01 X140.1480Y2.5181
G01 X140.3617Y2.6323
G01 X140.5489Y2.7861
G01 X140.7027Y2.9733
G01 X140.8169Y3.1870
G01 X140.8872Y3.4189
G01 X140.9110Y3.6600
G01 X140.8872Y3.9011
G01 X140.8169Y4.1330
G01 X140.7027Y4.3467
G01 X140.5489Y4.5339
G01 X140.3617Y4.6877
G01 X140.1480Y4.8019
G01 X139.9161Y4.8722
G01 X139.7354Y4.8900
G01 X139.2324Y4.8901
G01 X139.2158Y4.8917
G01 X139.2043Y4.8943
G01 X139.1931Y4.8979
G01 X139.1763Y4.9059
G01 X139.1624Y4.9151
G01 X139.1510Y4.9251
G01 X138.7710Y5.3051
G01 X138.7610Y5.3166
G01 X138.7517Y5.3304
G01 X138.7438Y5.3473
G01 X138.7401Y5.3585
G01 X138.7376Y5.3700
G01 X138.7359Y5.3865
G01 X138.7362Y5.3983
G01 X138.7377Y5.4109
G01 X138.7421Y5.4281
G01 X138.7464Y5.4390
G01 X138.7517Y5.4495
G01 X138.7581Y5.4595
G01 X138.7653Y5.4687
G01 X138.7771Y5.4805
G01 X138.7868Y5.4881
G01 X138.7963Y5.4941
G01 X138.8131Y5.5021
G01 X138.8243Y5.5057
G01 X138.8407Y5.5090
G01 X138.8559Y5.5100
G01 X148.1441Y5.5100
G01 X148.1593Y5.5090
G01 X148.1757Y5.5057
G01 X148.1869Y5.5021
G01 X148.2037Y5.4941
G01 X148.2136Y5.4878
G01 X148.2265Y5.4772
G01 X148.2390Y5.4634
G01 X148.2458Y5.4537
G01 X148.2536Y5.4390
G01 X148.2599Y5.4215
G01 X148.2624Y5.4100
G01 X148.2641Y5.3934
G01 X148.2638Y5.3816
G01 X148.2611Y5.3632
G01 X148.2579Y5.3519
G01 X148.2515Y5.3365
G01 X148.2419Y5.3205
G01 X148.2290Y5.3051
G01 X147.8490Y4.9251
G01 X147.8376Y4.9151
G01 X147.8237Y4.9059
G01 X147.8069Y4.8979
G01 X147.7957Y4.8943
G01 X147.7842Y4.8917
G01 X147.7676Y4.8901
G01 X147.2646Y4.8900
G01 X147.0839Y4.8722
G01 X146.8520Y4.8019
G01 X146.6383Y4.6877
G01 X146.4511Y4.5339
G01 X146.2973Y4.3467
G01 X146.1831Y4.1330
G01 X146.1128Y3.9011
G01 X146.0890Y3.6600
G01 X146.1128Y3.4189
G01 X146.1831Y3.1870
G01 X146.2973Y2.9733
G01 X146.4511Y2.7861
G01 X146.6383Y2.6323
G01 X146.8520Y2.5181
G01 X147.0839Y2.4478
G01 X147.2646Y2.4300
G01 X148.6554Y2.4300
G01 X148.8361Y2.4478
G01 X149.0680Y2.5181
G01 X149.2817Y2.6323
G01 X149.4689Y2.7861
G01 X149.6227Y2.9733
G01 X149.7369Y3.1870
G01 X149.8072Y3.4189
G01 X149.8310Y3.6600
G01 X149.8072Y3.9011
G01 X149.7369Y4.1330
G01 X149.6227Y4.3467
G01 X149.4689Y4.5339
G01 X149.2900Y4.6808
G01 X149.2757Y4.6948
G01 X149.2646Y4.7098
G01 X149.2567Y4.7245
G01 X149.2524Y4.7354
G01 X149.2492Y4.7468
G01 X149.2465Y4.7652
G01 X149.2465Y4.7819
G01 X149.2492Y4.8003
G01 X149.2541Y4.8162
G01 X149.2620Y4.8331
G01 X149.2713Y4.8470
G01 X149.2813Y4.8584
G01 X150.0656Y5.6426
G01 X150.0900Y5.6634
G01 X150.1107Y5.6878
G01 X154.3827Y9.9598
G01 X154.3986Y9.9731
G01 X154.4080Y9.9791
G01 X154.4185Y9.9844
G01 X154.4295Y9.9887
G01 X154.4408Y9.9919
G01 X154.4524Y9.9940
G01 X154.4676Y9.9950
G01 X160.5916Y9.9950
G01 X160.6125Y9.9931
G01 X160.6297Y9.9887
G01 X160.6451Y9.9823
G01 X160.6553Y9.9766
G01 X160.6650Y9.9698
G01 X160.6764Y9.9598
G01 X163.7884Y6.8478
G01 X163.8092Y6.8234
G01 X163.8899Y6.7572
G01 X163.9820Y6.7080
G01 X164.0819Y6.6777
G01 X164.1858Y6.6674
G01 X164.2177Y6.6700
G01 X168.0823Y6.6700
G01 X168.1142Y6.6674
G01 X168.2181Y6.6777
G01 X168.3180Y6.7080
G01 X168.4101Y6.7572
G01 X168.4908Y6.8234
G01 X168.5116Y6.8478
G01 X171.6236Y9.9598
G01 X171.6350Y9.9698
G01 X171.6489Y9.9791
G01 X171.6657Y9.9871
G01 X171.6817Y9.9919
G01 X171.6933Y9.9940
G01 X171.7084Y9.9950
G01 X177.5773Y9.9950
G01 X177.5925Y9.9940
G01 X177.6041Y9.9919
G01 X177.6201Y9.9871
G01 X177.6369Y9.9791
G01 X177.6508Y9.9698
G01 X177.6622Y9.9598
G01 X180.2104Y7.4116
G01 X180.2204Y7.4002
G01 X180.2272Y7.3905
G01 X180.2622Y7.3257
G01 X180.3284Y7.2450
G01 X180.3528Y7.2243
G01 X182.7187Y4.8584
G01 X182.7320Y4.8425
G01 X182.7412Y4.8270
G01 X182.7476Y4.8116
G01 X182.7521Y4.7936
G01 X182.7537Y4.7770
G01 X182.7528Y4.7584
G01 X182.7496Y4.7420
G01 X182.7433Y4.7245
G01 X182.7354Y4.7098
G01 X182.7243Y4.6948
G01 X182.7100Y4.6808
G01 X182.5311Y4.5339
G01 X182.3773Y4.3467
G01 X182.2631Y4.1330
G01 X182.1928Y3.9011
G01 X182.1690Y3.6600
G01 X182.1928Y3.4189
G01 X182.2631Y3.1870
G01 X182.3773Y2.9733
G01 X182.5311Y2.7861
G01 X182.7183Y2.6323
G01 X182.9320Y2.5181
G01 X183.1639Y2.4478
G01 X183.3446Y2.4300
G01 X184.7354Y2.4300
G01 X184.9161Y2.4478
G01 X185.1480Y2.5181
G01 X185.3617Y2.6323
G01 X185.5489Y2.7861
G01 X185.7027Y2.9733
G01 X185.8169Y3.1870
G01 X185.8872Y3.4189
G01 X185.9110Y3.6600
G01 X185.8872Y3.9011
G01 X185.8169Y4.1330
G01 X185.7027Y4.3467
G01 X185.5489Y4.5339
G01 X185.3617Y4.6877
G01 X185.1480Y4.8019
G01 X184.9161Y4.8722
G01 X184.7354Y4.8900
G01 X184.2275Y4.8903
G01 X184.2091Y4.8931
G01 X184.1931Y4.8979
G01 X184.1763Y4.9059
G01 X184.1624Y4.9151
G01 X184.1510Y4.9251
G01 X182.7686Y6.3076
G01 X182.7577Y6.3210
G01 X182.7517Y6.3304
G01 X182.7464Y6.3409
G01 X182.7401Y6.3585
G01 X182.7376Y6.3700
G01 X182.7362Y6.3817
G01 X182.7362Y6.3983
G01 X182.7377Y6.4109
G01 X182.7401Y6.4215
G01 X182.7464Y6.4391
G01 X182.7517Y6.4495
G01 X182.7580Y6.4595
G01 X182.7653Y6.4687
G01 X182.7771Y6.4805
G01 X182.7868Y6.4881
G01 X182.8023Y6.4974
G01 X182.8131Y6.5021
G01 X182.8291Y6.5069
G01 X182.8407Y6.5090
G01 X182.8558Y6.5100
G01 X185.7081Y6.5100
G01 X185.7400Y6.5074
G01 X185.8439Y6.5177
G01 X185.9438Y6.5480
G01 X186.0359Y6.5972
G01 X186.1166Y6.6634
G01 X186.1373Y6.6878
G01 X188.2744Y8.8249
G01 X190.1543Y10.7047
G01 X190.1787Y10.7255
G01 X190.2449Y10.8062
G01 X190.2941Y10.8983
G01 X190.3244Y10.9982
G01 X190.3346Y11.1021
G01 X190.3321Y11.1340
G01 X190.3321Y12.2557
G01 X190.3339Y12.2766
G01 X190.3383Y12.2938
G01 X190.3447Y12.3092
G01 X190.3543Y12.3252
G01 X190.3672Y12.3406
G01 X193.9022Y15.8756
G01 X193.9266Y15.8963
G01 X193.9928Y15.9770
G01 X194.0420Y16.0691
G01 X194.0723Y16.1690
G01 X194.0826Y16.2729
G01 X194.0800Y16.3048
G01 X194.0800Y19.0981
G01 X194.0826Y19.1300
G01 X194.0723Y19.2339
G01 X194.0420Y19.3338
G01 X193.9928Y19.4259
G01 X193.9266Y19.5066
G01 X193.9022Y19.5273
G01 X193.1164Y20.3132
G01 X193.1063Y20.3246
G01 X193.0996Y20.3343
G01 X193.0938Y20.3445
G01 X193.0891Y20.3553
G01 X193.0855Y20.3665
G01 X193.0829Y20.3780
G01 X193.0812Y20.3980
G01 X193.0812Y21.8441
G01 X193.0781Y21.8755
G01 X193.0707Y21.9000
G01 X193.0586Y21.9226
G01 X193.0424Y21.9424
G01 X193.0226Y21.9586
G01 X193.0000Y21.9707
G01 X192.9755Y21.9781
G01 X192.9441Y21.9812
G01 X189.9559Y21.9812
G01 X189.9245Y21.9781
G01 X189.9000Y21.9707
G01 X189.8774Y21.9586
G01 X189.8576Y21.9424
G01 X189.8414Y21.9226
G01 X189.8293Y21.9000
G01 X189.8219Y21.8755
G01 X189.8188Y21.8441
G01 X189.8188Y20.3559
G01 X189.8219Y20.3245
G01 X189.8293Y20.3000
G01 X189.8414Y20.2774
G01 X189.8576Y20.2576
G01 X189.8774Y20.2414
G01 X189.9000Y20.2293
G01 X189.9245Y20.2219
G01 X189.9559Y20.2188
G01 X191.6620Y20.2188
G01 X191.6771Y20.2178
G01 X191.6887Y20.2157
G01 X191.7001Y20.2125
G01 X191.7110Y20.2083
G01 X191.7215Y20.2029
G01 X191.7315Y20.1966
G01 X191.7468Y20.1836
G01 X192.9444Y18.9861
G01 X192.9544Y18.9746
G01 X192.9612Y18.9650
G01 X192.9669Y18.9547
G01 X192.9717Y18.9439
G01 X192.9753Y18.9327
G01 X192.9778Y18.9212
G01 X192.9792Y18.9095
G01 X192.9792Y18.8929
G01 X192.9777Y18.8803
G01 X192.9753Y18.8697
G01 X192.9690Y18.8521
G01 X192.9637Y18.8417
G01 X192.9574Y18.8317
G01 X192.9501Y18.8225
G01 X192.9419Y18.8140
G01 X192.9286Y18.8031
G01 X192.9191Y18.7971
G01 X192.9086Y18.7917
G01 X192.8911Y18.7855
G01 X192.8796Y18.7829
G01 X192.8679Y18.7815
G01 X189.9559Y18.7812
G01 X189.9245Y18.7781
G01 X189.9000Y18.7707
G01 X189.8774Y18.7586
G01 X189.8576Y18.7424
G01 X189.8414Y18.7226
G01 X189.8293Y18.7000
G01 X189.8219Y18.6755
G01 X189.8188Y18.6441
G01 X189.8188Y17.1559
G01 X189.8219Y17.1245
G01 X189.8293Y17.1000
G01 X189.8414Y17.0774
G01 X189.8576Y17.0576
G01 X189.8774Y17.0414
G01 X189.9000Y17.0293
G01 X189.9245Y17.0219
G01 X189.9559Y17.0188
G01 X191.8504Y17.0185
G01 X191.8629Y17.0169
G01 X191.8736Y17.0145
G01 X191.8848Y17.0109
G01 X191.9016Y17.0029
G01 X191.9115Y16.9966
G01 X191.9208Y16.9893
G01 X191.9293Y16.9812
G01 X191.9369Y16.9722
G01 X191.9437Y16.9626
G01 X191.9515Y16.9479
G01 X191.9558Y16.9369
G01 X191.9590Y16.9256
G01 X191.9611Y16.9140
G01 X191.9620Y16.9022
G01 X191.9617Y16.8905
G01 X191.9602Y16.8779
G01 X191.9558Y16.8607
G01 X191.9494Y16.8453
G01 X191.9399Y16.8293
G01 X191.9269Y16.8139
G01 X190.9426Y15.8296
G01 X190.9311Y15.8196
G01 X190.9215Y15.8128
G01 X190.9112Y15.8071
G01 X190.9004Y15.8024
G01 X190.8892Y15.7987
G01 X190.8777Y15.7962
G01 X190.8661Y15.7948
G01 X190.8543Y15.7945
G01 X190.8425Y15.7955
G01 X190.8310Y15.7975
G01 X190.8196Y15.8007
G01 X190.8087Y15.8050
G01 X190.7939Y15.8128
G01 X190.7843Y15.8196
G01 X190.7754Y15.8272
G01 X190.7650Y15.8383
G01 X190.7191Y15.8941
G01 X190.6615Y15.9415
G01 X190.5957Y15.9767
G01 X190.5243Y15.9983
G01 X190.4441Y16.0062
G01 X189.5309Y16.0062
G01 X189.4507Y15.9983
G01 X189.3793Y15.9767
G01 X189.3135Y15.9415
G01 X189.2559Y15.8941
G01 X189.2085Y15.8365
G01 X189.1733Y15.7707
G01 X189.1517Y15.6993
G01 X189.1438Y15.6191
G01 X189.1438Y14.3809
G01 X189.1517Y14.3007
G01 X189.1735Y14.2290
G01 X189.1784Y14.2177
G01 X189.1833Y14.2018
G01 X189.1853Y14.1902
G01 X189.1862Y14.1784
G01 X189.1853Y14.1598
G01 X189.1833Y14.1482
G01 X189.1801Y14.1369
G01 X189.1758Y14.1259
G01 X189.1705Y14.1154
G01 X189.1612Y14.1016
G01 X189.1536Y14.0926
G01 X189.1451Y14.0845
G01 X189.1353Y14.0768
G01 X189.1259Y14.0709
G01 X189.1090Y14.0629
G01 X189.0979Y14.0592
G01 X189.0864Y14.0567
G01 X189.0663Y14.0550
G01 X182.5942Y14.0550
G01 X182.5791Y14.0560
G01 X182.5627Y14.0592
G01 X182.5452Y14.0655
G01 X182.5305Y14.0734
G01 X182.5155Y14.0845
G01 X182.5037Y14.0963
G01 X182.4926Y14.1112
G01 X182.4848Y14.1259
G01 X182.4785Y14.1435
G01 X182.4752Y14.1598
G01 X182.4743Y14.1784
G01 X182.4761Y14.1959
G01 X182.4805Y14.2131
G01 X182.4869Y14.2285
G01 X182.4964Y14.2445
G01 X182.5094Y14.2598
G01 X185.2332Y16.9836
G01 X185.2446Y16.9937
G01 X185.2543Y17.0004
G01 X185.2690Y17.0083
G01 X185.2865Y17.0145
G01 X185.3029Y17.0178
G01 X185.3180Y17.0188
G01 X187.0441Y17.0188
G01 X187.0755Y17.0219
G01 X187.1000Y17.0293
G01 X187.1226Y17.0414
G01 X187.1424Y17.0576
G01 X187.1586Y17.0774
G01 X187.1707Y17.1000
G01 X187.1781Y17.1245
G01 X187.1812Y17.1559
G01 X187.1812Y18.6441
G01 X187.1781Y18.6755
G01 X187.1707Y18.7000
G01 X187.1586Y18.7226
G01 X187.1424Y18.7424
G01 X187.1226Y18.7586
G01 X187.1000Y18.7707
G01 X187.0755Y18.7781
G01 X187.0441Y18.7812
G01 X184.0559Y18.7812
G01 X184.0245Y18.7781
G01 X184.0000Y18.7707
G01 X183.9774Y18.7586
G01 X183.9576Y18.7424
G01 X183.9414Y18.7226
G01 X183.9293Y18.7000
G01 X183.9219Y18.6755
G01 X183.9188Y18.6441
G01 X183.9188Y17.2180
G01 X183.9178Y17.2029
G01 X183.9145Y17.1865
G01 X183.9109Y17.1753
G01 X183.9029Y17.1585
G01 X183.8937Y17.1446
G01 X183.8836Y17.1332
G01 X181.8406Y15.0901
G01 X181.8248Y15.0769
G01 X181.8093Y15.0676
G01 X181.7985Y15.0629
G01 X181.7873Y15.0593
G01 X181.7709Y15.0560
G01 X181.7558Y15.0550
G01 X171.9727Y15.0550
G01 X171.9575Y15.0560
G01 X171.9459Y15.0581
G01 X171.9300Y15.0629
G01 X171.9131Y15.0709
G01 X171.8993Y15.0801
G01 X171.8878Y15.0901
G01 X168.8258Y18.1522
G01 X168.8050Y18.1766
G01 X168.7243Y18.2428
G01 X168.6322Y18.2920
G01 X168.5323Y18.3223
G01 X168.4284Y18.3326
G01 X168.3965Y18.3300
G01 X163.6035Y18.3300
G01 X163.5716Y18.3326
G01 X163.4677Y18.3223
G01 X163.3678Y18.2920
G01 X163.2757Y18.2428
G01 X163.1950Y18.1766
G01 X163.1742Y18.1522
G01 X160.1122Y15.0901
G01 X160.1007Y15.0801
G01 X160.0869Y15.0709
G01 X160.0700Y15.0629
G01 X160.0541Y15.0581
G01 X160.0425Y15.0560
G01 X160.0273Y15.0550
G01 X155.1442Y15.0550
G01 X155.1234Y15.0568
G01 X155.1061Y15.0612
G01 X155.0907Y15.0676
G01 X155.0748Y15.0772
G01 X155.0594Y15.0901
G01 X148.6973Y21.4522
G01 X148.6766Y21.4766
G01 X148.5959Y21.5428
G01 X148.5038Y21.5920
G01 X148.4039Y21.6223
G01 X148.3000Y21.6326
G01 X148.2681Y21.6300
G01 X148.2012Y21.6300
G01 X148.1860Y21.6310
G01 X148.1697Y21.6343
G01 X148.1585Y21.6379
G01 X148.1417Y21.6459
G01 X148.1317Y21.6522
G01 X148.1225Y21.6595
G01 X148.1140Y21.6676
G01 X148.1031Y21.6810
G01 X148.0971Y21.6904
G01 X148.0917Y21.7009
G01 X148.0855Y21.7185
G01 X148.0829Y21.7300
G01 X148.0813Y21.7466
G01 X148.0812Y21.8441
G01 X148.0781Y21.8755
G01 X148.0707Y21.9000
G01 X148.0586Y21.9226
G01 X148.0424Y21.9424
G01 X148.0226Y21.9586
G01 X148.0000Y21.9707
G01 X147.9755Y21.9781
G01 X147.9441Y21.9812
G01 X144.9559Y21.9812
G01 X144.9245Y21.9781
G01 X144.9000Y21.9707
G01 X144.8774Y21.9586
G01 X144.8576Y21.9424
G01 X144.8414Y21.9226
G01 X144.8293Y21.9000
G01 X144.8219Y21.8755
G01 X144.8188Y21.8441
G01 X144.8188Y20.3559
G01 X144.8219Y20.3245
G01 X144.8293Y20.3000
G01 X144.8414Y20.2774
G01 X144.8576Y20.2576
G01 X144.8774Y20.2414
G01 X144.9000Y20.2293
G01 X144.9245Y20.2219
G01 X144.9559Y20.2188
G01 X147.9441Y20.2188
G01 X147.9755Y20.2219
G01 X148.0000Y20.2293
G01 X148.0226Y20.2414
G01 X148.0424Y20.2576
G01 X148.0586Y20.2774
G01 X148.0707Y20.3000
G01 X148.0788Y20.3263
G01 X148.0830Y20.3373
G01 X148.0884Y20.3478
G01 X148.0947Y20.3577
G01 X148.1020Y20.3670
G01 X148.1138Y20.3788
G01 X148.1235Y20.3864
G01 X148.1330Y20.3924
G01 X148.1498Y20.4003
G01 X148.1658Y20.4052
G01 X148.1773Y20.4072
G01 X148.1960Y20.4082
G01 X148.2077Y20.4072
G01 X148.2240Y20.4040
G01 X148.2416Y20.3977
G01 X148.2563Y20.3899
G01 X148.2659Y20.3831
G01 X148.2774Y20.3731
G01 X154.3906Y14.2598
G01 X154.4006Y14.2484
G01 X154.4074Y14.2388
G01 X154.4131Y14.2285
G01 X154.4179Y14.2177
G01 X154.4215Y14.2065
G01 X154.4241Y14.1950
G01 X154.4254Y14.1833
G01 X154.4254Y14.1667
G01 X154.4239Y14.1541
G01 X154.4215Y14.1435
G01 X154.4179Y14.1323
G01 X154.4099Y14.1154
G01 X154.4036Y14.1055
G01 X154.3963Y14.0963
G01 X154.3881Y14.0878
G01 X154.3792Y14.0801
G01 X154.3653Y14.0709
G01 X154.3548Y14.0655
G01 X154.3439Y14.0612
G01 X154.3258Y14.0567
G01 X154.3058Y14.0550
G01 X145.9087Y14.0550
G01 X145.8878Y14.0568
G01 X145.8706Y14.0612
G01 X145.8552Y14.0676
G01 X145.8392Y14.0772
G01 X145.8263Y14.0878
G01 X145.8182Y14.0963
G01 X145.8105Y14.1060
G01 X145.8013Y14.1215
G01 X145.7966Y14.1323
G01 X145.7917Y14.1482
G01 X145.7897Y14.1598
G01 X145.7888Y14.1716
G01 X145.7897Y14.1902
G01 X145.7929Y14.2065
G01 X145.7966Y14.2177
G01 X145.8014Y14.2286
G01 X145.8233Y14.3007
G01 X145.8312Y14.3809
G01 X145.8312Y15.6191
G01 X145.8233Y15.6993
G01 X145.8017Y15.7707
G01 X145.7665Y15.8365
G01 X145.7191Y15.8941
G01 X145.6615Y15.9415
G01 X145.6249Y15.9611
G01 X145.6111Y15.9704
G01 X145.6021Y15.9780
G01 X145.5940Y15.9865
G01 X145.5863Y15.9962
G01 X145.5803Y16.0057
G01 X145.5750Y16.0162
G01 X145.5687Y16.0337
G01 X145.5662Y16.0452
G01 X145.5646Y16.0618
G01 X145.5648Y16.0736
G01 X145.5664Y16.0864
G01 X145.5707Y16.1033
G01 X145.5750Y16.1143
G01 X145.5803Y16.1248
G01 X145.5867Y16.1347
G01 X145.5996Y16.1501
G01 X146.4332Y16.9836
G01 X146.4446Y16.9937
G01 X146.4543Y17.0004
G01 X146.4645Y17.0062
G01 X146.4753Y17.0109
G01 X146.4865Y17.0145
G01 X146.4980Y17.0171
G01 X146.5180Y17.0188
G01 X147.9441Y17.0188
G01 X147.9755Y17.0219
G01 X148.0000Y17.0293
G01 X148.0226Y17.0414
G01 X148.0424Y17.0576
G01 X148.0586Y17.0774
G01 X148.0707Y17.1000
G01 X148.0781Y17.1245
G01 X148.0812Y17.1559
G01 X148.0812Y18.6441
G01 X148.0781Y18.6755
G01 X148.0707Y18.7000
G01 X148.0586Y18.7226
G01 X148.0424Y18.7424
G01 X148.0226Y18.7586
G01 X148.0000Y18.7707
G01 X147.9755Y18.7781
G01 X147.9441Y18.7812
G01 X144.9559Y18.7812
G01 X144.9245Y18.7781
G01 X144.9000Y18.7707
G01 X144.8774Y18.7586
G01 X144.8576Y18.7424
G01 X144.8414Y18.7226
G01 X144.8293Y18.7000
G01 X144.8219Y18.6755
G01 X144.8188Y18.6441
G01 X144.8188Y17.1559
G01 X144.8219Y17.1245
G01 X144.8293Y17.1000
G01 X144.8414Y17.0774
G01 X144.8586Y17.0563
G01 X144.8653Y17.0467
G01 X144.8711Y17.0364
G01 X144.8775Y17.0210
G01 X144.8820Y17.0030
G01 X144.8834Y16.9913
G01 X144.8834Y16.9746
G01 X144.8818Y16.9618
G01 X144.8775Y16.9448
G01 X144.8711Y16.9294
G01 X144.8615Y16.9135
G01 X144.8509Y16.9006
G01 X144.5728Y16.6223
G01 X144.5484Y16.6016
G01 X144.4822Y16.5209
G01 X144.4330Y16.4288
G01 X144.4027Y16.3289
G01 X144.3924Y16.2250
G01 X144.3950Y16.1931
G01 X144.3947Y16.0486
G01 X144.3919Y16.0302
G01 X144.3871Y16.0142
G01 X144.3824Y16.0034
G01 X144.3766Y15.9932
G01 X144.3699Y15.9835
G01 X144.3574Y15.9697
G01 X144.3484Y15.9621
G01 X144.3388Y15.9553
G01 X144.3135Y15.9415
G01 X144.2559Y15.8941
G01 X144.2085Y15.8365
G01 X144.1733Y15.7707
G01 X144.1517Y15.6993
G01 X144.1438Y15.6191
G01 X144.1438Y14.3809
G01 X144.1517Y14.3007
G01 X144.1735Y14.2290
G01 X144.1784Y14.2177
G01 X144.1821Y14.2065
G01 X144.1853Y14.1902
G01 X144.1862Y14.1716
G01 X144.1844Y14.1538
G01 X144.1821Y14.1435
G01 X144.1784Y14.1323
G01 X144.1737Y14.1215
G01 X144.1679Y14.1112
G01 X144.1568Y14.0963
G01 X144.1487Y14.0878
G01 X144.1397Y14.0801
G01 X144.1259Y14.0709
G01 X144.1154Y14.0655
G01 X144.1044Y14.0612
G01 X144.0931Y14.0580
G01 X144.0815Y14.0560
G01 X144.0663Y14.0550
G01 X137.7942Y14.0550
G01 X137.7791Y14.0560
G01 X137.7627Y14.0592
G01 X137.7452Y14.0655
G01 X137.7305Y14.0734
G01 X137.7155Y14.0845
G01 X137.7037Y14.0963
G01 X137.6926Y14.1112
G01 X137.6848Y14.1259
G01 X137.6785Y14.1435
G01 X137.6752Y14.1598
G01 X137.6743Y14.1784
G01 X137.6761Y14.1959
G01 X137.6805Y14.2131
G01 X137.6869Y14.2285
G01 X137.6964Y14.2445
G01 X137.7094Y14.2598
G01 X140.4332Y16.9836
G01 X140.4446Y16.9937
G01 X140.4543Y17.0004
G01 X140.4690Y17.0083
G01 X140.4865Y17.0145
G01 X140.5029Y17.0178
G01 X140.5180Y17.0188
G01 X142.0441Y17.0188
G01 X142.0755Y17.0219
G01 X142.1000Y17.0293
G01 X142.1226Y17.0414
G01 X142.1424Y17.0576
G01 X142.1586Y17.0774
G01 X142.1707Y17.1000
G01 X142.1781Y17.1245
G01 X142.1812Y17.1559
G01 X142.1812Y18.6441
G01 X142.1781Y18.6755
G01 X142.1707Y18.7000
G01 X142.1586Y18.7226
G01 X142.1424Y18.7424
G01 X142.1226Y18.7586
G01 X142.1000Y18.7707
G01 X142.0755Y18.7781
G01 X142.0441Y18.7812
G01 X139.0559Y18.7812
G01 X139.0245Y18.7781
G01 X139.0000Y18.7707
G01 X138.9774Y18.7586
G01 X138.9576Y18.7424
G01 X138.9414Y18.7226
G01 X138.9293Y18.7000
G01 X138.9219Y18.6755
G01 X138.9188Y18.6441
G01 X138.9188Y17.1559
G01 X138.9219Y17.1245
G01 X138.9293Y17.1000
G01 X138.9358Y17.0857
G01 X138.9395Y17.0745
G01 X138.9427Y17.0581
G01 X138.9437Y17.0464
G01 X138.9427Y17.0278
G01 X138.9407Y17.0162
G01 X138.9358Y17.0003
G01 X138.9279Y16.9834
G01 X138.9186Y16.9696
G01 X138.9086Y16.9581
G01 X137.0406Y15.0901
G01 X137.0248Y15.0769
G01 X137.0093Y15.0676
G01 X136.9985Y15.0629
G01 X136.9873Y15.0593
G01 X136.9709Y15.0560
G01 X136.9558Y15.0550
G01 X126.9727Y15.0550
G01 X126.9575Y15.0560
G01 X126.9459Y15.0581
G01 X126.9300Y15.0629
G01 X126.9131Y15.0709
G01 X126.8993Y15.0801
G01 X126.8878Y15.0901
G01 X123.9258Y18.0522
G01 X123.9050Y18.0766
G01 X123.8243Y18.1428
G01 X123.7322Y18.1920
G01 X123.6323Y18.2224
G01 X123.5284Y18.2326
G01 X123.4965Y18.2300
G01 X118.5035Y18.2300
G01 X118.4716Y18.2326
G01 X118.3677Y18.2224
G01 X118.2678Y18.1920
G01 X118.1757Y18.1428
G01 X118.0950Y18.0766
G01 X118.0742Y18.0522
G01 X115.1122Y15.0901
G01 X115.1007Y15.0801
G01 X115.0911Y15.0734
G01 X115.0808Y15.0676
G01 X115.0700Y15.0629
G01 X115.0588Y15.0593
G01 X115.0473Y15.0567
G01 X115.0273Y15.0550
G01 X110.2442Y15.0550
G01 X110.2242Y15.0567
G01 X110.2061Y15.0612
G01 X110.1907Y15.0676
G01 X110.1748Y15.0772
G01 X110.1594Y15.0901
G01 X103.7973Y21.4522
G01 X103.7766Y21.4766
G01 X103.6959Y21.5428
G01 X103.6038Y21.5920
G01 X103.5039Y21.6223
G01 X103.4000Y21.6326
G01 X103.3681Y21.6300
G01 X103.1929Y21.6303
G01 X103.1803Y21.6318
G01 X103.1631Y21.6362
G01 X103.1521Y21.6405
G01 X103.1374Y21.6484
G01 X103.1278Y21.6551
G01 X103.1188Y21.6628
G01 X103.1107Y21.6713
G01 X103.1034Y21.6805
G01 X103.0971Y21.6904
G01 X103.0917Y21.7009
G01 X103.0855Y21.7185
G01 X103.0829Y21.7300
G01 X103.0813Y21.7466
G01 X103.0812Y21.8441
G01 X103.0781Y21.8755
G01 X103.0707Y21.9000
G01 X103.0586Y21.9226
G01 X103.0424Y21.9424
G01 X103.0226Y21.9586
G01 X103.0000Y21.9707
G01 X102.9755Y21.9781
G01 X102.9441Y21.9812
G01 X99.9559Y21.9812
G01 X99.9245Y21.9781
G01 X99.9000Y21.9707
G01 X99.8774Y21.9586
G01 X99.8576Y21.9424
G01 X99.8414Y21.9226
G01 X99.8293Y21.9000
G01 X99.8219Y21.8755
G01 X99.8188Y21.8441
G01 X99.8188Y20.3559
G01 X99.8219Y20.3245
G01 X99.8293Y20.3000
G01 X99.8414Y20.2774
G01 X99.8576Y20.2576
G01 X99.8774Y20.2414
G01 X99.9000Y20.2293
G01 X99.9245Y20.2219
G01 X99.9559Y20.2188
G01 X102.9441Y20.2188
G01 X102.9755Y20.2219
G01 X103.0000Y20.2293
G01 X103.0226Y20.2414
G01 X103.0424Y20.2576
G01 X103.0586Y20.2774
G01 X103.0707Y20.3000
G01 X103.0781Y20.3245
G01 X103.0812Y20.3559
G01 X103.0813Y20.3830
G01 X103.0822Y20.3947
G01 X103.0843Y20.4063
G01 X103.0875Y20.4176
G01 X103.0938Y20.4331
G01 X103.1034Y20.4490
G01 X103.1140Y20.4619
G01 X103.1278Y20.4744
G01 X103.1417Y20.4837
G01 X103.1585Y20.4917
G01 X103.1744Y20.4965
G01 X103.1929Y20.4992
G01 X103.2095Y20.4992
G01 X103.2221Y20.4977
G01 X103.2327Y20.4953
G01 X103.2503Y20.4890
G01 X103.2650Y20.4812
G01 X103.2746Y20.4744
G01 X103.2861Y20.4644
G01 X109.4906Y14.2598
G01 X109.5006Y14.2484
G01 X109.5074Y14.2388
G01 X109.5131Y14.2285
G01 X109.5179Y14.2177
G01 X109.5215Y14.2065
G01 X109.5241Y14.1950
G01 X109.5254Y14.1833
G01 X109.5257Y14.1716
G01 X109.5248Y14.1598
G01 X109.5227Y14.1482
G01 X109.5195Y14.1369
G01 X109.5152Y14.1259
G01 X109.5099Y14.1154
G01 X109.5036Y14.1055
G01 X109.4930Y14.0926
G01 X109.4845Y14.0845
G01 X109.4695Y14.0734
G01 X109.4593Y14.0676
G01 X109.4485Y14.0629
G01 X109.4373Y14.0592
G01 X109.4258Y14.0567
G01 X109.4058Y14.0550
G01 X100.9087Y14.0550
G01 X100.8878Y14.0568
G01 X100.8706Y14.0612
G01 X100.8552Y14.0676
G01 X100.8392Y14.0772
G01 X100.8263Y14.0878
G01 X100.8182Y14.0963
G01 X100.8105Y14.1060
G01 X100.8013Y14.1215
G01 X100.7966Y14.1323
G01 X100.7917Y14.1482
G01 X100.7897Y14.1598
G01 X100.7888Y14.1716
G01 X100.7897Y14.1902
G01 X100.7929Y14.2065
G01 X100.7966Y14.2177
G01 X100.8014Y14.2286
G01 X100.8233Y14.3007
G01 X100.8312Y14.3809
G01 X100.8312Y15.6191
G01 X100.8233Y15.6993
G01 X100.8017Y15.7707
G01 X100.7665Y15.8365
G01 X100.7191Y15.8941
G01 X100.6615Y15.9415
G01 X100.5957Y15.9767
G01 X100.5726Y15.9840
G01 X100.5618Y15.9887
G01 X100.5516Y15.9945
G01 X100.5419Y16.0012
G01 X100.5330Y16.0089
G01 X100.5248Y16.0174
G01 X100.5172Y16.0271
G01 X100.5080Y16.0426
G01 X100.5016Y16.0580
G01 X100.4970Y16.0761
G01 X100.4957Y16.0878
G01 X100.4957Y16.1044
G01 X100.4972Y16.1173
G01 X100.5016Y16.1342
G01 X100.5059Y16.1452
G01 X100.5112Y16.1556
G01 X100.5175Y16.1656
G01 X100.5305Y16.1809
G01 X101.3332Y16.9836
G01 X101.3446Y16.9937
G01 X101.3543Y17.0004
G01 X101.3645Y17.0062
G01 X101.3753Y17.0109
G01 X101.3865Y17.0145
G01 X101.3980Y17.0171
G01 X101.4180Y17.0188
G01 X102.9441Y17.0188
G01 X102.9755Y17.0219
G01 X103.0000Y17.0293
G01 X103.0226Y17.0414
G01 X103.0424Y17.0576
G01 X103.0586Y17.0774
G01 X103.0707Y17.1000
G01 X103.0781Y17.1245
G01 X103.0812Y17.1559
G01 X103.0812Y18.6441
G01 X103.0781Y18.6755
G01 X103.0707Y18.7000
G01 X103.0586Y18.7226
G01 X103.0424Y18.7424
G01 X103.0226Y18.7586
G01 X103.0000Y18.7707
G01 X102.9755Y18.7781
G01 X102.9441Y18.7812
G01 X99.9559Y18.7812
G01 X99.9245Y18.7781
G01 X99.9000Y18.7707
G01 X99.8774Y18.7586
G01 X99.8576Y18.7424
G01 X99.8414Y18.7226
G01 X99.8293Y18.7000
G01 X99.8219Y18.6755
G01 X99.8188Y18.6441
G01 X99.8188Y17.1559
G01 X99.8219Y17.1245
G01 X99.8293Y17.1000
G01 X99.8375Y17.0811
G01 X99.8420Y17.0630
G01 X99.8434Y17.0513
G01 X99.8437Y17.0395
G01 X99.8418Y17.0218
G01 X99.8375Y17.0049
G01 X99.8311Y16.9895
G01 X99.8215Y16.9735
G01 X99.8110Y16.9606
G01 X99.5228Y16.6724
G01 X99.4984Y16.6516
G01 X99.4322Y16.5709
G01 X99.3830Y16.4788
G01 X99.3527Y16.3789
G01 X99.3424Y16.2750
G01 X99.3450Y16.2431
G01 X99.3450Y16.0241
G01 X99.3440Y16.0089
G01 X99.3408Y15.9925
G01 X99.3371Y15.9814
G01 X99.3324Y15.9706
G01 X99.3228Y15.9546
G01 X99.3155Y15.9453
G01 X99.3011Y15.9313
G01 X99.2559Y15.8941
G01 X99.2085Y15.8365
G01 X99.1733Y15.7707
G01 X99.1517Y15.6993
G01 X99.1438Y15.6191
G01 X99.1438Y14.3809
G01 X99.1517Y14.3007
G01 X99.1735Y14.2290
G01 X99.1784Y14.2177
G01 X99.1821Y14.2065
G01 X99.1853Y14.1902
G01 X99.1862Y14.1716
G01 X99.1844Y14.1538
G01 X99.1821Y14.1435
G01 X99.1784Y14.1323
G01 X99.1737Y14.1215
G01 X99.1679Y14.1112
G01 X99.1568Y14.0963
G01 X99.1487Y14.0878
G01 X99.1397Y14.0801
G01 X99.1259Y14.0709
G01 X99.1154Y14.0655
G01 X99.1044Y14.0612
G01 X99.0931Y14.0580
G01 X99.0815Y14.0560
G01 X99.0663Y14.0550
G01 X92.6942Y14.0550
G01 X92.6791Y14.0560
G01 X92.6627Y14.0592
G01 X92.6452Y14.0655
G01 X92.6305Y14.0734
G01 X92.6155Y14.0845
G01 X92.6037Y14.0963
G01 X92.5926Y14.1112
G01 X92.5848Y14.1259
G01 X92.5785Y14.1435
G01 X92.5752Y14.1598
G01 X92.5743Y14.1784
G01 X92.5761Y14.1959
G01 X92.5805Y14.2131
G01 X92.5869Y14.2285
G01 X92.5964Y14.2445
G01 X92.6094Y14.2598
G01 X95.3332Y16.9836
G01 X95.3446Y16.9937
G01 X95.3543Y17.0004
G01 X95.3690Y17.0083
G01 X95.3865Y17.0145
G01 X95.4029Y17.0178
G01 X95.4180Y17.0188
G01 X97.0441Y17.0188
G01 X97.0755Y17.0219
G01 X97.1000Y17.0293
G01 X97.1226Y17.0414
G01 X97.1424Y17.0576
G01 X97.1586Y17.0774
G01 X97.1707Y17.1000
G01 X97.1781Y17.1245
G01 X97.1812Y17.1559
G01 X97.1812Y18.6441
G01 X97.1781Y18.6755
G01 X97.1707Y18.7000
G01 X97.1586Y18.7226
G01 X97.1424Y18.7424
G01 X97.1226Y18.7586
G01 X97.1000Y18.7707
G01 X97.0755Y18.7781
G01 X97.0441Y18.7812
G01 X94.0559Y18.7812
G01 X94.0245Y18.7781
G01 X94.0000Y18.7707
G01 X93.9774Y18.7586
G01 X93.9576Y18.7424
G01 X93.9414Y18.7226
G01 X93.9293Y18.7000
G01 X93.9219Y18.6755
G01 X93.9188Y18.6441
G01 X93.9188Y17.1559
G01 X93.9213Y17.1292
G01 X93.9216Y17.1175
G01 X93.9207Y17.1057
G01 X93.9174Y17.0894
G01 X93.9111Y17.0718
G01 X93.9058Y17.0613
G01 X93.8965Y17.0475
G01 X93.8865Y17.0360
G01 X91.9406Y15.0901
G01 X91.9248Y15.0769
G01 X91.9093Y15.0676
G01 X91.8985Y15.0629
G01 X91.8873Y15.0593
G01 X91.8709Y15.0560
G01 X91.8558Y15.0550
G01 X82.0727Y15.0550
G01 X82.0575Y15.0560
G01 X82.0412Y15.0593
G01 X82.0300Y15.0629
G01 X82.0131Y15.0709
G01 X81.9993Y15.0801
G01 X81.9878Y15.0901
G01 X78.7258Y18.3522
G01 X78.7050Y18.3766
G01 X78.6243Y18.4428
G01 X78.5322Y18.4920
G01 X78.4323Y18.5224
G01 X78.3284Y18.5326
G01 X78.2965Y18.5300
G01 X73.8035Y18.5300
G01 X73.7716Y18.5326
G01 X73.6677Y18.5224
G01 X73.5678Y18.4920
G01 X73.4757Y18.4428
G01 X73.3950Y18.3766
G01 X73.3742Y18.3522
G01 X70.1122Y15.0901
G01 X70.0963Y15.0769
G01 X70.0869Y15.0709
G01 X70.0764Y15.0655
G01 X70.0654Y15.0612
G01 X70.0541Y15.0581
G01 X70.0425Y15.0560
G01 X70.0273Y15.0550
G01 X66.1442Y15.0550
G01 X66.1242Y15.0567
G01 X66.1061Y15.0612
G01 X66.0907Y15.0676
G01 X66.0748Y15.0772
G01 X66.0594Y15.0901
G01 X59.6973Y21.4522
G01 X59.6766Y21.4766
G01 X59.5959Y21.5428
G01 X59.5038Y21.5920
G01 X59.4039Y21.6223
G01 X59.3000Y21.6326
G01 X59.2681Y21.6300
G01 X58.2012Y21.6300
G01 X58.1860Y21.6310
G01 X58.1697Y21.6343
G01 X58.1585Y21.6379
G01 X58.1417Y21.6459
G01 X58.1317Y21.6522
G01 X58.1225Y21.6595
G01 X58.1107Y21.6713
G01 X58.1031Y21.6810
G01 X58.0938Y21.6965
G01 X58.0891Y21.7073
G01 X58.0843Y21.7232
G01 X58.0815Y21.7417
G01 X58.0812Y21.8441
G01 X58.0781Y21.8755
G01 X58.0707Y21.9000
G01 X58.0586Y21.9226
G01 X58.0424Y21.9424
G01 X58.0226Y21.9586
G01 X58.0000Y21.9707
G01 X57.9755Y21.9781
G01 X57.9441Y21.9812
G01 X54.9559Y21.9812
G01 X54.9245Y21.9781
G01 X54.9000Y21.9707
G01 X54.8774Y21.9586
G01 X54.8576Y21.9424
G01 X54.8414Y21.9226
G01 X54.8293Y21.9000
G01 X54.8219Y21.8755
G01 X54.8188Y21.8441
G01 X54.8188Y20.3559
G01 X54.8219Y20.3245
G01 X54.8293Y20.3000
G01 X54.8414Y20.2774
G01 X54.8576Y20.2576
G01 X54.8774Y20.2414
G01 X54.9000Y20.2293
G01 X54.9245Y20.2219
G01 X54.9559Y20.2188
G01 X57.9441Y20.2188
G01 X57.9755Y20.2219
G01 X58.0000Y20.2293
G01 X58.0226Y20.2414
G01 X58.0424Y20.2576
G01 X58.0586Y20.2774
G01 X58.0707Y20.3000
G01 X58.0781Y20.3245
G01 X58.0812Y20.3559
G01 X58.0815Y20.4583
G01 X58.0843Y20.4768
G01 X58.0891Y20.4927
G01 X58.0971Y20.5096
G01 X58.1034Y20.5195
G01 X58.1107Y20.5287
G01 X58.1225Y20.5405
G01 X58.1322Y20.5481
G01 X58.1417Y20.5541
G01 X58.1585Y20.5621
G01 X58.1697Y20.5657
G01 X58.1860Y20.5690
G01 X58.2012Y20.5700
G01 X59.0308Y20.5700
G01 X59.0459Y20.5690
G01 X59.0623Y20.5657
G01 X59.0798Y20.5595
G01 X59.0903Y20.5541
G01 X59.1042Y20.5449
G01 X59.1156Y20.5349
G01 X65.3906Y14.2598
G01 X65.4006Y14.2484
G01 X65.4074Y14.2388
G01 X65.4131Y14.2285
G01 X65.4179Y14.2177
G01 X65.4215Y14.2065
G01 X65.4241Y14.1950
G01 X65.4254Y14.1833
G01 X65.4257Y14.1716
G01 X65.4248Y14.1598
G01 X65.4227Y14.1482
G01 X65.4195Y14.1369
G01 X65.4152Y14.1259
G01 X65.4099Y14.1154
G01 X65.4036Y14.1055
G01 X65.3963Y14.0963
G01 X65.3881Y14.0878
G01 X65.3792Y14.0801
G01 X65.3695Y14.0734
G01 X65.3593Y14.0676
G01 X65.3485Y14.0629
G01 X65.3373Y14.0592
G01 X65.3258Y14.0567
G01 X65.3058Y14.0550
G01 X55.9087Y14.0550
G01 X55.8935Y14.0560
G01 X55.8819Y14.0580
G01 X55.8706Y14.0612
G01 X55.8596Y14.0655
G01 X55.8449Y14.0734
G01 X55.8299Y14.0845
G01 X55.8182Y14.0963
G01 X55.8105Y14.1060
G01 X55.8013Y14.1215
G01 X55.7949Y14.1369
G01 X55.7904Y14.1550
G01 X55.7888Y14.1716
G01 X55.7897Y14.1902
G01 X55.7929Y14.2065
G01 X55.7966Y14.2177
G01 X55.8014Y14.2286
G01 X55.8233Y14.3007
G01 X55.8312Y14.3809
G01 X55.8312Y15.6191
G01 X55.8233Y15.6993
G01 X55.8017Y15.7707
G01 X55.7665Y15.8365
G01 X55.7191Y15.8941
G01 X55.6615Y15.9415
G01 X55.5957Y15.9767
G01 X55.5726Y15.9840
G01 X55.5618Y15.9887
G01 X55.5516Y15.9945
G01 X55.5419Y16.0012
G01 X55.5330Y16.0089
G01 X55.5248Y16.0174
G01 X55.5172Y16.0271
G01 X55.5080Y16.0426
G01 X55.5016Y16.0580
G01 X55.4970Y16.0761
G01 X55.4957Y16.0878
G01 X55.4957Y16.1044
G01 X55.4972Y16.1173
G01 X55.5016Y16.1342
G01 X55.5080Y16.1496
G01 X55.5175Y16.1656
G01 X55.5305Y16.1809
G01 X56.3332Y16.9836
G01 X56.3446Y16.9937
G01 X56.3543Y17.0004
G01 X56.3645Y17.0062
G01 X56.3753Y17.0109
G01 X56.3865Y17.0145
G01 X56.3980Y17.0171
G01 X56.4180Y17.0188
G01 X57.9441Y17.0188
G01 X57.9755Y17.0219
G01 X58.0000Y17.0293
G01 X58.0226Y17.0414
G01 X58.0424Y17.0576
G01 X58.0586Y17.0774
G01 X58.0707Y17.1000
G01 X58.0781Y17.1245
G01 X58.0812Y17.1559
G01 X58.0812Y18.6441
G01 X58.0781Y18.6755
G01 X58.0707Y18.7000
G01 X58.0586Y18.7226
G01 X58.0424Y18.7424
G01 X58.0226Y18.7586
G01 X58.0000Y18.7707
G01 X57.9755Y18.7781
G01 X57.9441Y18.7812
G01 X54.9559Y18.7812
G01 X54.9245Y18.7781
G01 X54.9000Y18.7707
G01 X54.8774Y18.7586
G01 X54.8576Y18.7424
G01 X54.8414Y18.7226
G01 X54.8293Y18.7000
G01 X54.8219Y18.6755
G01 X54.8188Y18.6441
G01 X54.8188Y17.1559
G01 X54.8219Y17.1245
G01 X54.8293Y17.1000
G01 X54.8375Y17.0811
G01 X54.8407Y17.0697
G01 X54.8427Y17.0581
G01 X54.8437Y17.0464
G01 X54.8434Y17.0346
G01 X54.8418Y17.0218
G01 X54.8395Y17.0114
G01 X54.8332Y16.9939
G01 X54.8279Y16.9834
G01 X54.8186Y16.9696
G01 X54.8110Y16.9606
G01 X54.5728Y16.7223
G01 X54.5484Y16.7016
G01 X54.4822Y16.6209
G01 X54.4330Y16.5288
G01 X54.4027Y16.4289
G01 X54.3924Y16.3250
G01 X54.3950Y16.2931
G01 X54.3950Y16.0569
G01 X54.3931Y16.0361
G01 X54.3887Y16.0188
G01 X54.3845Y16.0079
G01 X54.3766Y15.9932
G01 X54.3699Y15.9835
G01 X54.3622Y15.9746
G01 X54.3537Y15.9664
G01 X54.3440Y15.9588
G01 X54.3345Y15.9528
G01 X54.3135Y15.9415
G01 X54.2559Y15.8941
G01 X54.2085Y15.8365
G01 X54.1733Y15.7707
G01 X54.1517Y15.6993
G01 X54.1438Y15.6191
G01 X54.1438Y14.3809
G01 X54.1517Y14.3007
G01 X54.1735Y14.2290
G01 X54.1784Y14.2177
G01 X54.1821Y14.2065
G01 X54.1853Y14.1902
G01 X54.1862Y14.1716
G01 X54.1853Y14.1598
G01 X54.1821Y14.1435
G01 X54.1784Y14.1323
G01 X54.1705Y14.1154
G01 X54.1641Y14.1055
G01 X54.1536Y14.0926
G01 X54.1397Y14.0801
G01 X54.1301Y14.0734
G01 X54.1154Y14.0655
G01 X54.0979Y14.0592
G01 X54.0815Y14.0560
G01 X54.0663Y14.0550
G01 X47.7193Y14.0550
G01 X47.7041Y14.0560
G01 X47.6877Y14.0592
G01 X47.6765Y14.0629
G01 X47.6597Y14.0709
G01 X47.6458Y14.0801
G01 X47.6344Y14.0901
G01 X44.9307Y16.7938
G01 X44.9207Y16.8053
G01 X44.9139Y16.8149
G01 X44.9082Y16.8252
G01 X44.9018Y16.8406
G01 X44.8986Y16.8519
G01 X44.8965Y16.8635
G01 X44.8956Y16.8821
G01 X44.8979Y16.9021
G01 X44.9300Y17.0637
G01 X44.9300Y17.2863
G01 X44.8866Y17.5046
G01 X44.8014Y17.7103
G01 X44.6777Y17.8953
G01 X44.5203Y18.0527
G01 X44.3353Y18.1764
G01 X44.1296Y18.2616
G01 X43.9113Y18.3050
G01 X43.8318Y18.3050
G01 X43.8106Y18.3069
G01 X43.7937Y18.3113
G01 X43.7827Y18.3155
G01 X43.7680Y18.3234
G01 X43.7584Y18.3301
G01 X43.7494Y18.3378
G01 X43.7413Y18.3463
G01 X43.7337Y18.3560
G01 X43.7264Y18.3676
G01 X43.6476Y18.4636
G01 X43.6194Y18.4875
G01 X42.7875Y19.3194
G01 X42.7636Y19.3476
G01 X42.6677Y19.4264
G01 X42.5583Y19.4849
G01 X42.4395Y19.5209
G01 X42.3160Y19.5330
G01 X42.2792Y19.5300
G01 X41.9994Y19.5303
G01 X41.9866Y19.5319
G01 X41.9696Y19.5362
G01 X41.9587Y19.5405
G01 X41.9440Y19.5484
G01 X41.9343Y19.5551
G01 X41.9229Y19.5651
G01 X40.9686Y20.5194
G01 X40.9447Y20.5476
G01 X40.8488Y20.6264
G01 X40.7393Y20.6849
G01 X40.6206Y20.7209
G01 X40.4971Y20.7331
G01 X40.4602Y20.7300
G01 X36.3893Y20.7300
G01 X36.3741Y20.7310
G01 X36.3626Y20.7331
G01 X36.3512Y20.7363
G01 X36.3403Y20.7405
G01 X36.3256Y20.7484
G01 X36.3159Y20.7551
G01 X36.3070Y20.7628
G01 X36.2944Y20.7766
G01 X36.2852Y20.7905
G01 X36.2772Y20.8073
G01 X36.2724Y20.8232
G01 X36.2703Y20.8348
G01 X36.2694Y20.8466
G01 X36.2703Y20.8652
G01 X36.2724Y20.8768
G01 X36.2772Y20.8927
G01 X36.2819Y20.9035
G01 X36.2900Y20.9174
G01 X36.3827Y21.1412
G01 X36.4300Y21.3789
G01 X36.4300Y21.6211
G01 X36.3827Y21.8588
G01 X36.2900Y22.0826
G01 X36.1554Y22.2841
G01 X35.9841Y22.4554
G01 X35.7826Y22.5900
G01 X35.5588Y22.6827
G01 X35.3211Y22.7300
G01 X35.0789Y22.7300
G01 X34.8412Y22.6827
G01 X34.6174Y22.5900
G01 X34.4159Y22.4554
G01 X34.2446Y22.2841
G01 X34.1100Y22.0826
G01 X34.0409Y21.9157
G01 X34.0341Y21.9021
G01 X34.0278Y21.8922
G01 X34.0205Y21.8829
G01 X34.0124Y21.8744
G01 X34.0034Y21.8668
G01 X33.9896Y21.8575
G01 X33.9791Y21.8522
G01 X33.9615Y21.8459
G01 X33.9500Y21.8434
G01 X33.9383Y21.8420
G01 X33.9217Y21.8420
G01 X33.9088Y21.8436
G01 X33.8919Y21.8479
G01 X33.8809Y21.8522
G01 X33.8704Y21.8575
G01 X33.8566Y21.8668
G01 X33.8428Y21.8793
G01 X33.8351Y21.8882
G01 X33.8259Y21.9021
G01 X33.8191Y21.9157
G01 X33.7500Y22.0826
G01 X33.6154Y22.2841
G01 X33.4441Y22.4554
G01 X33.2426Y22.5900
G01 X33.0188Y22.6827
G01 X32.7811Y22.7300
G01 X32.5389Y22.7300
G01 X32.3012Y22.6827
G01 X32.0774Y22.5900
G01 X31.8759Y22.4554
G01 X31.7046Y22.2841
G01 X31.5700Y22.0826
G01 X31.4773Y21.8588
G01 X31.4300Y21.6211
G01 X31.4300Y21.3789
G01 X31.4688Y21.1838
G01 X31.4710Y21.1638
G01 X31.4701Y21.1452
G01 X31.4681Y21.1336
G01 X31.4649Y21.1223
G01 X31.4606Y21.1113
G01 X31.4553Y21.1008
G01 X31.4489Y21.0909
G01 X31.4416Y21.0816
G01 X30.7256Y20.3651
G01 X30.7142Y20.3551
G01 X30.7003Y20.3459
G01 X30.6835Y20.3379
G01 X30.6675Y20.3331
G01 X30.6491Y20.3303
G01 X30.4719Y20.3300
G01 X30.4400Y20.3326
G01 X30.3361Y20.3223
G01 X30.2362Y20.2920
G01 X30.1441Y20.2428
G01 X30.0634Y20.1766
G01 X30.0427Y20.1522
G01 X29.5528Y19.6623
G01 X29.5284Y19.6416
G01 X29.4622Y19.5609
G01 X29.4130Y19.4688
G01 X29.3827Y19.3689
G01 X29.3724Y19.2650
G01 X29.3750Y19.2331
G01 X29.3747Y18.6917
G01 X29.3732Y18.6791
G01 X29.3708Y18.6685
G01 X29.3645Y18.6509
G01 X29.3591Y18.6404
G01 X29.3528Y18.6305
G01 X29.3455Y18.6213
G01 X29.3374Y18.6128
G01 X29.3240Y18.6019
G01 X29.3146Y18.5959
G01 X29.3041Y18.5905
G01 X29.2931Y18.5862
G01 X29.2818Y18.5831
G01 X29.2702Y18.5810
G01 X29.2584Y18.5801
G01 X29.1612Y18.5800
G01 X29.1460Y18.5810
G01 X29.1297Y18.5843
G01 X29.1185Y18.5879
G01 X29.1017Y18.5959
G01 X29.0917Y18.6022
G01 X29.0788Y18.6128
G01 X29.0663Y18.6266
G01 X29.0571Y18.6404
G01 X29.0491Y18.6573
G01 X29.0455Y18.6685
G01 X29.0422Y18.6848
G01 X29.0412Y18.7066
G01 X29.0355Y18.7648
G01 X29.0202Y18.8151
G01 X28.9954Y18.8615
G01 X28.9621Y18.9021
G01 X28.9215Y18.9354
G01 X28.8751Y18.9602
G01 X28.8248Y18.9755
G01 X28.7666Y18.9812
G01 X28.5034Y18.9812
G01 X28.4452Y18.9755
G01 X28.3949Y18.9602
G01 X28.3485Y18.9354
G01 X28.3079Y18.9021
G01 X28.2746Y18.8615
G01 X28.2498Y18.8151
G01 X28.2345Y18.7648
G01 X28.2288Y18.7066
G01 X28.2288Y17.3934
G01 X28.2345Y17.3352
G01 X28.2498Y17.2849
G01 X28.2746Y17.2385
G01 X28.2901Y17.2190
G01 X28.2961Y17.2096
G01 X28.3015Y17.1991
G01 X28.3057Y17.1881
G01 X28.3089Y17.1768
G01 X28.3110Y17.1652
G01 X28.3119Y17.1466
G01 X28.3110Y17.1348
G01 X28.3089Y17.1232
G01 X28.3057Y17.1119
G01 X28.3015Y17.1009
G01 X28.2936Y17.0862
G01 X28.2869Y17.0766
G01 X28.2792Y17.0676
G01 X28.2707Y17.0595
G01 X28.2615Y17.0522
G01 X28.2455Y17.0426
G01 X28.2347Y17.0379
G01 X28.2235Y17.0343
G01 X28.2072Y17.0310
G01 X28.1920Y17.0300
G01 X27.0466Y17.0301
G01 X27.0300Y17.0317
G01 X27.0185Y17.0343
G01 X27.0073Y17.0379
G01 X26.9904Y17.0459
G01 X26.9805Y17.0522
G01 X26.9676Y17.0628
G01 X26.9551Y17.0766
G01 X26.9484Y17.0862
G01 X26.9405Y17.1009
G01 X26.9343Y17.1185
G01 X26.9310Y17.1348
G01 X26.9300Y17.1500
G01 X26.9300Y19.5300
G01 X26.7416Y19.5301
G01 X26.7241Y19.5318
G01 X26.7135Y19.5343
G01 X26.7023Y19.5379
G01 X26.6854Y19.5459
G01 X26.6716Y19.5551
G01 X26.6578Y19.5676
G01 X26.6472Y19.5805
G01 X26.6409Y19.5904
G01 X26.6329Y19.6073
G01 X26.6281Y19.6232
G01 X26.6253Y19.6417
G01 X26.6250Y19.7698
G01 X26.6260Y19.7849
G01 X26.6293Y19.8013
G01 X26.6329Y19.8125
G01 X26.6409Y19.8293
G01 X26.6472Y19.8392
G01 X26.6601Y19.8546
G01 X27.0949Y20.2894
G01 X27.1108Y20.3027
G01 X27.1202Y20.3087
G01 X27.1307Y20.3140
G01 X27.1483Y20.3203
G01 X27.1598Y20.3228
G01 X27.1714Y20.3242
G01 X27.1881Y20.3242
G01 X27.2007Y20.3227
G01 X27.2202Y20.3175
G01 X27.4589Y20.2700
G01 X27.7011Y20.2700
G01 X27.9388Y20.3173
G01 X28.1626Y20.4100
G01 X28.3641Y20.5446
G01 X28.5354Y20.7159
G01 X28.6700Y20.9174
G01 X28.7627Y21.1412
G01 X28.8100Y21.3789
G01 X28.8100Y21.6211
G01 X28.7627Y21.8588
G01 X28.6700Y22.0826
G01 X28.5354Y22.2841
G01 X28.3641Y22.4554
G01 X28.1626Y22.5900
G01 X27.9388Y22.6827
G01 X27.7011Y22.7300
G01 X27.4589Y22.7300
G01 X27.2212Y22.6827
G01 X26.9974Y22.5900
G01 X26.7959Y22.4554
G01 X26.6246Y22.2841
G01 X26.4900Y22.0826
G01 X26.4209Y21.9157
G01 X26.4141Y21.9021
G01 X26.4078Y21.8922
G01 X26.4005Y21.8829
G01 X26.3924Y21.8744
G01 X26.3834Y21.8668
G01 X26.3696Y21.8575
G01 X26.3591Y21.8522
G01 X26.3415Y21.8459
G01 X26.3300Y21.8434
G01 X26.3183Y21.8420
G01 X26.3017Y21.8420
G01 X26.2891Y21.8435
G01 X26.2719Y21.8479
G01 X26.2609Y21.8522
G01 X26.2504Y21.8575
G01 X26.2366Y21.8668
G01 X26.2228Y21.8793
G01 X26.2151Y21.8882
G01 X26.2059Y21.9021
G01 X26.1991Y21.9157
G01 X26.1300Y22.0826
G01 X25.9954Y22.2841
G01 X25.8241Y22.4554
G01 X25.6226Y22.5900
G01 X25.3988Y22.6827
G01 X25.1611Y22.7300
G01 X24.9189Y22.7300
G01 X24.6812Y22.6827
G01 X24.4574Y22.5900
G01 X24.2559Y22.4554
G01 X24.0846Y22.2841
G01 X23.9500Y22.0826
G01 X23.8809Y21.9157
G01 X23.8741Y21.9021
G01 X23.8678Y21.8922
G01 X23.8605Y21.8829
G01 X23.8524Y21.8744
G01 X23.8434Y21.8668
G01 X23.8296Y21.8575
G01 X23.8191Y21.8522
G01 X23.8015Y21.8459
G01 X23.7900Y21.8434
G01 X23.7734Y21.8418
G01 X23.7548Y21.8427
G01 X23.7432Y21.8447
G01 X23.7319Y21.8479
G01 X23.7165Y21.8543
G01 X23.7062Y21.8601
G01 X23.6913Y21.8712
G01 X23.6795Y21.8829
G01 X23.6719Y21.8927
G01 X23.6659Y21.9021
G01 X23.6591Y21.9157
G01 X23.5900Y22.0826
G01 X23.4554Y22.2841
G01 X23.2841Y22.4554
G01 X23.0826Y22.5900
G01 X22.8588Y22.6827
G01 X22.6211Y22.7300
G01 X22.3789Y22.7300
G01 X22.1412Y22.6827
G01 X21.9174Y22.5900
G01 X21.7159Y22.4554
G01 X21.5446Y22.2841
G01 X21.4100Y22.0826
G01 X21.3173Y21.8588
G01 X21.2711Y21.6266
G01 X21.2671Y21.6119
G01 X21.2608Y21.5965
G01 X21.2550Y21.5862
G01 X21.2439Y21.5713
G01 X21.2321Y21.5595
G01 X21.2224Y21.5519
G01 X21.2069Y21.5426
G01 X21.1915Y21.5362
G01 X21.1734Y21.5317
G01 X21.1617Y21.5303
G01 X18.0022Y21.5300
G01 X17.9871Y21.5310
G01 X17.9707Y21.5343
G01 X17.9595Y21.5379
G01 X17.9487Y21.5426
G01 X17.9327Y21.5522
G01 X17.9199Y21.5628
G01 X17.9117Y21.5713
G01 X17.9044Y21.5805
G01 X17.8777Y21.6203
G01 X17.7203Y21.7777
G01 X17.5353Y21.9014
G01 X17.3296Y21.9866
G01 X17.1113Y22.0300
G01 X16.8887Y22.0300
G01 X16.6704Y21.9866
G01 X16.4647Y21.9014
G01 X16.2797Y21.7777
G01 X16.1223Y21.6203
G01 X15.9986Y21.4353
G01 X15.9134Y21.2296
G01 X15.8700Y21.0113
G01 X15.8700Y20.7887
G01 X15.8865Y20.7059
G01 X15.8885Y20.6908
G01 X15.8887Y20.6790
G01 X15.8878Y20.6673
G01 X15.8857Y20.6557
G01 X15.8825Y20.6444
G01 X15.8762Y20.6290
G01 X15.8666Y20.6130
G01 X15.8560Y20.6001
G01 X15.8422Y20.5876
G01 X15.8283Y20.5783
G01 X15.8115Y20.5703
G01 X15.8003Y20.5667
G01 X15.7888Y20.5642
G01 X15.7722Y20.5625
G01 X15.7604Y20.5628
G01 X15.7476Y20.5643
G01 X15.7373Y20.5667
G01 X15.7261Y20.5703
G01 X15.7153Y20.5751
G01 X15.7050Y20.5808
G01 X15.6901Y20.5919
G01 X14.9973Y21.2842
G01 X14.9766Y21.3086
G01 X14.8959Y21.3748
G01 X14.8038Y21.4240
G01 X14.7039Y21.4543
G01 X14.6000Y21.4646
G01 X14.5681Y21.4620
G01 X13.8515Y21.4620
G01 X13.8363Y21.4630
G01 X13.8247Y21.4651
G01 X13.8134Y21.4682
G01 X13.8024Y21.4725
G01 X13.7920Y21.4779
G01 X13.7754Y21.4892
G01 X13.7101Y21.5428
G01 X13.6180Y21.5920
G01 X13.5181Y21.6223
G01 X13.4403Y21.6300
G01 X13.2012Y21.6300
G01 X13.1860Y21.6310
G01 X13.1697Y21.6343
G01 X13.1585Y21.6379
G01 X13.1417Y21.6459
G01 X13.1317Y21.6522
G01 X13.1225Y21.6595
G01 X13.1107Y21.6713
G01 X13.1031Y21.6810
G01 X13.0938Y21.6965
G01 X13.0891Y21.7073
G01 X13.0843Y21.7232
G01 X13.0815Y21.7417
G01 X13.0812Y21.8441
G01 X13.0781Y21.8755
G01 X13.0707Y21.9000
G01 X13.0586Y21.9226
G01 X13.0424Y21.9424
G01 X13.0226Y21.9586
G01 X13.0000Y21.9707
G01 X12.9755Y21.9781
G01 X12.9441Y21.9812
G01 X9.9559Y21.9812
G01 X9.9245Y21.9781
G01 X9.9000Y21.9707
G01 X9.8774Y21.9586
G01 X9.8576Y21.9424
G01 X9.8414Y21.9226
G01 X9.8293Y21.9000
G01 X9.8219Y21.8755
G01 X9.8188Y21.8441
G01 X9.8188Y20.3559
G01 X9.8219Y20.3245
G01 X9.8293Y20.3000
G01 X9.8414Y20.2774
G01 X9.8576Y20.2576
G01 X9.8784Y20.2405
G01 X9.8868Y20.2324
G01 X9.8945Y20.2234
G01 X9.9012Y20.2138
G01 X9.9091Y20.1991
G01 X9.9154Y20.1815
G01 X9.9186Y20.1652
G01 X9.9195Y20.1534
G01 X9.9186Y20.1348
G01 X9.9166Y20.1232
G01 X9.9134Y20.1119
G01 X9.9070Y20.0965
G01 X9.9012Y20.0862
G01 X9.8901Y20.0713
G01 X9.8820Y20.0628
G01 X9.8730Y20.0551
G01 X9.8592Y20.0459
G01 X9.8487Y20.0405
G01 X9.8377Y20.0362
G01 X9.8196Y20.0317
G01 X9.7996Y20.0300
G01 X7.4319Y20.0300
G01 X7.4000Y20.0326
G01 X7.2961Y20.0223
G01 X7.1962Y19.9920
G01 X7.1041Y19.9428
G01 X7.0234Y19.8766
G01 X7.0027Y19.8522
G01 X5.9668Y18.8164
G01 X5.9510Y18.8031
G01 X5.9355Y18.7938
G01 X5.9201Y18.7875
G01 X5.9020Y18.7829
G00 Z3.0000
G00 X10.0014Y18.9320
G01 Z-0.2000
G01 X10.0057Y18.9211
G01 X10.0104Y18.9053
G01 X10.0156Y18.8796
G01 X10.0174Y18.8582
G01 X10.0174Y18.8418
G01 X10.0152Y18.8180
G01 X12.9500Y18.8180
G01 X12.9648Y18.8173
G01 X12.9795Y18.8154
G01 X12.9940Y18.8121
G01 X13.0081Y18.8076
G01 X13.0218Y18.8019
G01 X13.0364Y18.7941
G01 X13.0501Y18.7849
G01 X13.0628Y18.7745
G01 X13.0745Y18.7628
G01 X13.0849Y18.7501
G01 X13.0941Y18.7364
G01 X13.1019Y18.7218
G01 X13.1076Y18.7081
G01 X13.1121Y18.6940
G01 X13.1154Y18.6795
G01 X13.1173Y18.6648
G01 X13.1180Y18.6500
G01 X13.1180Y18.4680
G01 X14.8035Y18.4680
G01 X14.8485Y18.4660
G01 X14.3825Y18.9320
G01 X10.0014Y18.9320
G00 Z3.0000
G00 X9.8800Y21.8500
G01 Z-0.2000
G01 X9.8800Y20.3500
G01 X9.8811Y20.3377
G01 X9.8843Y20.3258
G01 X9.8900Y20.3140
G01 X9.8938Y20.3083
G01 X9.8981Y20.3030
G01 X9.9083Y20.2938
G01 X9.9201Y20.2867
G01 X9.9317Y20.2824
G01 X9.9438Y20.2803
G01 X9.9500Y20.2800
G01 X12.9500Y20.2800
G01 X12.9623Y20.2811
G01 X12.9742Y20.2843
G01 X12.9860Y20.2900
G01 X12.9917Y20.2938
G01 X13.0019Y20.3030
G01 X13.0062Y20.3083
G01 X13.0100Y20.3140
G01 X13.0157Y20.3258
G01 X13.0189Y20.3377
G01 X13.0200Y20.3500
G01 X13.0200Y20.4620
G01 X14.4053Y20.4620
G01 X16.0997Y18.7677
G01 X16.1312Y18.7389
G01 X16.1681Y18.7112
G01 X16.2135Y18.6840
G01 X16.2490Y18.6672
G01 X16.2923Y18.6513
G01 X16.3370Y18.6398
G01 X16.3825Y18.6327
G01 X16.4286Y18.6301
G01 X18.1400Y18.6300
G01 X18.1580Y18.5926
G01 X18.2085Y18.5084
G01 X18.2751Y18.4186
G01 X18.3459Y18.3410
G01 X18.4239Y18.2708
G01 X18.5027Y18.2123
G01 X18.5926Y18.1580
G01 X18.6937Y18.1102
G01 X18.7927Y18.0752
G01 X18.8935Y18.0502
G01 X18.9917Y18.0356
G01 X19.0966Y18.0301
G01 X19.2015Y18.0349
G01 X19.3121Y18.0513
G01 X19.4139Y18.0772
G01 X19.5126Y18.1128
G01 X19.6074Y18.1580
G01 X19.6968Y18.2120
G01 X19.7761Y18.2708
G01 X19.8541Y18.3410
G01 X19.9249Y18.4186
G01 X19.9877Y18.5027
G01 X20.0420Y18.5926
G01 X20.0872Y18.6874
G01 X20.1248Y18.7927
G01 X20.1498Y18.8935
G01 X20.1651Y18.9985
G01 X20.1699Y19.1034
G01 X20.1644Y19.2083
G01 X20.1487Y19.3121
G01 X20.1228Y19.4139
G01 X20.0872Y19.5126
G01 X20.0420Y19.6074
G01 X19.9880Y19.6968
G01 X19.9249Y19.7814
G01 X19.8541Y19.8590
G01 X19.7761Y19.9292
G01 X19.6916Y19.9915
G01 X19.6013Y20.0452
G01 X19.5063Y20.0898
G01 X19.4073Y20.1248
G01 X19.3065Y20.1498
G01 X19.2083Y20.1644
G01 X19.1034Y20.1699
G01 X18.9985Y20.1651
G01 X18.8946Y20.1500
G01 X18.7927Y20.1248
G01 X18.6874Y20.0872
G01 X18.5926Y20.0420
G01 X18.5032Y19.9880
G01 X18.4239Y19.9292
G01 X18.3459Y19.8590
G01 X18.2751Y19.7814
G01 X18.2123Y19.6973
G01 X18.1580Y19.6074
G01 X18.1400Y19.5700
G01 X16.6267Y19.5700
G01 X14.9323Y21.2643
G01 X14.8955Y21.2974
G01 X14.8582Y21.3246
G01 X14.8185Y21.3480
G01 X14.7830Y21.3648
G01 X14.7397Y21.3807
G01 X14.6883Y21.3936
G01 X14.6426Y21.4000
G01 X14.6000Y21.4020
G01 X13.7742Y21.4020
G01 X13.7441Y21.4347
G01 X13.7097Y21.4654
G01 X13.6782Y21.4888
G01 X13.6388Y21.5128
G01 X13.5909Y21.5355
G01 X13.5539Y21.5487
G01 X13.5093Y21.5602
G01 X13.4637Y21.5673
G01 X13.4142Y21.5700
G01 X13.0200Y21.5700
G01 X13.0200Y21.8500
G01 X13.0189Y21.8623
G01 X13.0157Y21.8742
G01 X13.0100Y21.8860
G01 X13.0019Y21.8970
G01 X12.9970Y21.9019
G01 X12.9860Y21.9100
G01 X12.9799Y21.9133
G01 X12.9683Y21.9176
G01 X12.9562Y21.9197
G01 X9.9500Y21.9200
G01 X9.9377Y21.9189
G01 X9.9317Y21.9176
G01 X9.9201Y21.9133
G01 X9.9083Y21.9062
G01 X9.8981Y21.8970
G01 X9.8900Y21.8860
G01 X9.8843Y21.8742
G01 X9.8811Y21.8623
G01 X9.8800Y21.8500
G00 Z3.0000
G00 X13.1417Y18.8340
G01 Z-0.2000
G01 X13.1471Y18.8286
G01 X13.1637Y18.8085
G01 X13.1782Y18.7868
G01 X13.1905Y18.7637
G01 X13.1996Y18.7421
G01 X13.2067Y18.7197
G01 X13.2119Y18.6968
G01 X13.2150Y18.6735
G01 X13.2160Y18.6500
G01 X13.2160Y18.5660
G01 X14.6099Y18.5660
G01 X14.3419Y18.8340
G01 X13.1417Y18.8340
G00 Z3.0000
G00 X13.3034Y18.7360
G01 Z-0.2000
G01 X13.3083Y18.7140
G01 X13.3126Y18.6821
G01 X13.3134Y18.6640
G01 X14.3733Y18.6640
G01 X14.3013Y18.7360
G01 X13.3034Y18.7360
G00 Z3.0000
G00 X14.4241Y20.1660
G01 Z-0.2000
G01 X14.3241Y20.2660
G01 X13.2021Y20.2660
G01 X13.1996Y20.2579
G01 X13.1905Y20.2363
G01 X13.1782Y20.2132
G01 X13.1637Y20.1915
G01 X13.1471Y20.1714
G01 X13.1417Y20.1660
G01 X14.4241Y20.1660
G00 Z3.0000
G00 X14.6627Y20.0660
G01 Z-0.2000
G01 X14.3647Y20.3640
G01 X13.1180Y20.3640
G01 X13.1173Y20.3352
G01 X13.1154Y20.3205
G01 X13.1121Y20.3060
G01 X13.1076Y20.2919
G01 X13.1019Y20.2782
G01 X13.0941Y20.2636
G01 X13.0849Y20.2499
G01 X13.0745Y20.2372
G01 X13.0628Y20.2255
G01 X13.0501Y20.2151
G01 X13.0364Y20.2059
G01 X13.0218Y20.1981
G01 X13.0081Y20.1924
G01 X12.9940Y20.1879
G01 X12.9795Y20.1846
G01 X12.9648Y20.1827
G01 X12.9500Y20.1820
G01 X10.0152Y20.1820
G01 X10.0174Y20.1582
G01 X10.0174Y20.1418
G01 X10.0156Y20.1204
G01 X10.0104Y20.0947
G01 X10.0057Y20.0789
G01 X10.0014Y20.0680
G01 X14.6178Y20.0680
G01 X14.6627Y20.0660
G00 Z3.0000
G00 X15.8535Y20.4818
G01 Z-0.2000
G01 X15.9552Y20.3801
G01 X15.9243Y20.4455
G01 X15.9179Y20.4607
G01 X15.9007Y20.5090
G01 X15.8787Y20.4943
G01 X15.8642Y20.4865
G01 X15.8535Y20.4818
G00 Z3.0000
G00 X15.9350Y21.0014
G01 Z-0.2000
G01 X15.9301Y20.8966
G01 X15.9356Y20.7917
G01 X15.9513Y20.6879
G01 X15.9772Y20.5861
G01 X16.0128Y20.4874
G01 X16.0580Y20.3926
G01 X16.1120Y20.3032
G01 X16.1708Y20.2239
G01 X16.2410Y20.1459
G01 X16.3239Y20.0708
G01 X16.4084Y20.0085
G01 X16.4987Y19.9548
G01 X16.5937Y19.9102
G01 X16.6927Y19.8752
G01 X16.7935Y19.8502
G01 X16.8917Y19.8356
G01 X16.9966Y19.8301
G01 X17.1015Y19.8349
G01 X17.2121Y19.8513
G01 X17.3139Y19.8772
G01 X17.4126Y19.9128
G01 X17.5013Y19.9548
G01 X17.5916Y20.0085
G01 X17.6761Y20.0708
G01 X17.7590Y20.1459
G01 X17.8292Y20.2239
G01 X17.8877Y20.3027
G01 X17.9044Y20.3300
G01 X21.8200Y20.3300
G01 X21.8793Y20.3332
G01 X21.9278Y20.3404
G01 X21.9822Y20.3536
G01 X22.0413Y20.3748
G01 X22.0856Y20.3958
G01 X22.0978Y20.4027
G01 X22.1637Y20.3795
G01 X22.2740Y20.3521
G01 X22.3887Y20.3354
G01 X22.5034Y20.3301
G01 X22.6181Y20.3361
G01 X22.7249Y20.3519
G01 X22.8363Y20.3795
G01 X22.9509Y20.4205
G01 X23.0545Y20.4698
G01 X23.1528Y20.5292
G01 X23.2448Y20.5978
G01 X23.3297Y20.6752
G01 X23.4065Y20.7605
G01 X23.4708Y20.8472
G01 X23.5302Y20.9455
G01 X23.5795Y21.0491
G01 X23.6205Y21.1637
G01 X23.6479Y21.2740
G01 X23.6639Y21.3819
G01 X23.6699Y21.4966
G01 X23.6646Y21.6113
G01 X23.6481Y21.7249
G01 X23.6205Y21.8363
G01 X23.5822Y21.9445
G01 X23.5334Y22.0485
G01 X23.4712Y22.1524
G01 X23.4065Y22.2395
G01 X23.3297Y22.3248
G01 X23.2448Y22.4022
G01 X23.1528Y22.4708
G01 X23.0545Y22.5302
G01 X22.9509Y22.5795
G01 X22.8429Y22.6185
G01 X22.7260Y22.6479
G01 X22.6181Y22.6639
G01 X22.5034Y22.6699
G01 X22.3887Y22.6646
G01 X22.2751Y22.6481
G01 X22.1637Y22.6205
G01 X22.0555Y22.5822
G01 X21.9515Y22.5334
G01 X21.8476Y22.4712
G01 X21.7605Y22.4065
G01 X21.6752Y22.3297
G01 X21.5978Y22.2448
G01 X21.5292Y22.1528
G01 X21.4698Y22.0545
G01 X21.4205Y21.9509
G01 X21.3815Y21.8429
G01 X21.3521Y21.7260
G01 X21.3361Y21.6181
G01 X21.3301Y21.5034
G01 X21.3314Y21.4700
G01 X17.9044Y21.4700
G01 X17.8880Y21.4968
G01 X17.8292Y21.5761
G01 X17.7541Y21.6590
G01 X17.6761Y21.7292
G01 X17.5973Y21.7877
G01 X17.5013Y21.8452
G01 X17.4126Y21.8872
G01 X17.3139Y21.9228
G01 X17.2065Y21.9498
G01 X17.1015Y21.9651
G01 X16.9966Y21.9699
G01 X16.8985Y21.9651
G01 X16.7946Y21.9500
G01 X16.6927Y21.9248
G01 X16.5874Y21.8872
G01 X16.4926Y21.8420
G01 X16.4032Y21.7880
G01 X16.3186Y21.7249
G01 X16.2410Y21.6541
G01 X16.1708Y21.5761
G01 X16.1123Y21.4973
G01 X16.0580Y21.4074
G01 X16.0128Y21.3126
G01 X15.9772Y21.2139
G01 X15.9513Y21.1121
G01 X15.9350Y21.0014
G00 Z3.0000
G00 X16.4801Y19.8552
G01 Z-0.2000
G01 X16.6673Y19.6680
G01 X18.0801Y19.6680
G01 X18.1244Y19.7419
G01 X18.1336Y19.7556
G01 X18.1921Y19.8345
G01 X18.2025Y19.8472
G01 X18.2684Y19.9199
G01 X18.2801Y19.9316
G01 X18.3528Y19.9975
G01 X18.3655Y20.0079
G01 X18.4455Y20.0672
G01 X18.4581Y20.0756
G01 X18.5422Y20.1260
G01 X18.5568Y20.1338
G01 X18.6455Y20.1757
G01 X18.6607Y20.1821
G01 X18.7531Y20.2151
G01 X18.7689Y20.2199
G01 X18.8172Y20.2320
G01 X17.9572Y20.2320
G01 X17.9079Y20.1655
G01 X17.8975Y20.1528
G01 X17.8316Y20.0801
G01 X17.8199Y20.0684
G01 X17.7472Y20.0025
G01 X17.7345Y19.9921
G01 X17.6545Y19.9328
G01 X17.6419Y19.9244
G01 X17.5578Y19.8740
G01 X17.5432Y19.8662
G01 X17.4545Y19.8243
G01 X17.4393Y19.8179
G01 X17.3469Y19.7849
G01 X17.3311Y19.7801
G01 X17.2359Y19.7562
G01 X17.2197Y19.7530
G01 X17.1227Y19.7386
G01 X17.1063Y19.7370
G01 X17.0082Y19.7322
G01 X16.9918Y19.7322
G01 X16.8937Y19.7370
G01 X16.8773Y19.7386
G01 X16.7775Y19.7535
G01 X16.6689Y19.7801
G01 X16.6531Y19.7849
G01 X16.5607Y19.8179
G01 X16.5455Y19.8243
G01 X16.4801Y19.8552
G00 Z3.0000
G00 X17.5606Y19.7660
G01 Z-0.2000
G01 X18.0246Y19.7660
G01 X18.0404Y19.7923
G01 X18.0549Y19.8140
G01 X18.1133Y19.8928
G01 X18.1299Y19.9130
G01 X18.1958Y19.9857
G01 X18.2143Y20.0042
G01 X18.2870Y20.0701
G01 X18.2873Y20.0697
G01 X18.3072Y20.0867
G01 X18.3710Y20.1340
G01 X18.0066Y20.1340
G01 X17.9867Y20.1072
G01 X17.9701Y20.0870
G01 X17.9042Y20.0143
G01 X17.8857Y19.9958
G01 X17.8130Y19.9299
G01 X17.8127Y19.9303
G01 X17.7928Y19.9133
G01 X17.7123Y19.8536
G01 X17.6923Y19.8404
G01 X17.6081Y19.7899
G01 X17.5851Y19.7776
G01 X17.5606Y19.7660
G00 Z3.0000
G00 X17.8863Y19.8640
G01 Z-0.2000
G01 X17.9705Y19.8640
G01 X18.0346Y19.9512
G01 X18.0573Y19.9788
G01 X18.1091Y20.0360
G01 X18.0549Y20.0360
G01 X18.0427Y20.0212
G01 X17.9768Y19.9484
G01 X17.9516Y19.9232
G01 X17.8863Y19.8640
G00 Z3.0000
G00 X20.4726Y19.8400
G01 Z-0.2000
G01 X20.4882Y19.8108
G01 X20.5301Y19.7221
G01 X20.5511Y19.6713
G01 X20.5842Y19.5789
G01 X20.5836Y19.5787
G01 X20.5849Y19.5745
G01 X20.8504Y19.8400
G01 X20.4726Y19.8400
G00 Z3.0000
G00 X20.5335Y19.3845
G01 Z-0.2000
G01 X21.0869Y19.9380
G01 X20.2972Y19.9380
G01 X20.3048Y19.9277
G01 X20.3277Y19.8931
G01 X20.3782Y19.8089
G01 X20.3996Y19.7689
G01 X20.4415Y19.6802
G01 X20.4589Y19.6383
G01 X20.4919Y19.5459
G01 X20.4914Y19.5457
G01 X20.5051Y19.5025
G01 X20.5289Y19.4073
G01 X20.5335Y19.3845
G00 Z3.0000
G00 X21.3235Y20.0360
G01 Z-0.2000
G01 X20.0909Y20.0360
G01 X20.1427Y19.9788
G01 X20.1422Y19.9784
G01 X20.1654Y19.9512
G01 X20.2256Y19.8700
G01 X20.2437Y19.8427
G01 X20.2941Y19.7585
G01 X20.3110Y19.7270
G01 X20.3529Y19.6383
G01 X20.3666Y19.6053
G01 X20.3997Y19.5129
G01 X20.4100Y19.4787
G01 X20.4339Y19.3835
G01 X20.4408Y19.3485
G01 X20.4552Y19.2514
G01 X20.4587Y19.2159
G01 X20.4608Y19.1733
G01 X21.3235Y20.0360
G00 Z3.0000
G00 X21.5601Y20.1340
G01 Z-0.2000
G01 X19.8290Y20.1340
G01 X19.8928Y20.0867
G01 X19.9130Y20.0701
G01 X19.9857Y20.0042
G01 X20.0042Y19.9857
G01 X20.0701Y19.9130
G01 X20.0697Y19.9127
G01 X20.0867Y19.8928
G01 X20.1464Y19.8123
G01 X20.1596Y19.7923
G01 X20.2101Y19.7081
G01 X20.2224Y19.6851
G01 X20.2643Y19.5964
G01 X20.2743Y19.5723
G01 X20.3074Y19.4799
G01 X20.3150Y19.4549
G01 X20.3388Y19.3597
G01 X20.3439Y19.3341
G01 X20.3583Y19.2370
G01 X20.3609Y19.2111
G01 X20.3657Y19.1131
G01 X20.3657Y19.0869
G01 X20.3609Y18.9889
G01 X20.3583Y18.9630
G01 X20.3529Y18.9268
G01 X21.5601Y20.1340
G00 Z3.0000
G00 X21.7996Y20.2320
G01 Z-0.2000
G01 X19.3828Y20.2320
G01 X19.4311Y20.2199
G01 X19.4469Y20.2151
G01 X19.5393Y20.1821
G01 X19.5545Y20.1757
G01 X19.6432Y20.1338
G01 X19.6578Y20.1260
G01 X19.7419Y20.0756
G01 X19.7556Y20.0664
G01 X19.8345Y20.0079
G01 X19.8472Y19.9975
G01 X19.9199Y19.9316
G01 X19.9316Y19.9199
G01 X19.9975Y19.8472
G01 X20.0079Y19.8345
G01 X20.0672Y19.7545
G01 X20.0756Y19.7419
G01 X20.1260Y19.6578
G01 X20.1338Y19.6432
G01 X20.1757Y19.5545
G01 X20.1821Y19.5393
G01 X20.2151Y19.4469
G01 X20.2199Y19.4311
G01 X20.2438Y19.3359
G01 X20.2470Y19.3197
G01 X20.2614Y19.2227
G01 X20.2630Y19.2063
G01 X20.2678Y19.1082
G01 X20.2678Y19.0918
G01 X20.2630Y18.9937
G01 X20.2614Y18.9773
G01 X20.2470Y18.8803
G01 X20.2438Y18.8641
G01 X20.2199Y18.7689
G01 X20.2151Y18.7531
G01 X20.1821Y18.6607
G01 X20.1757Y18.6455
G01 X20.1448Y18.5801
G01 X21.7664Y20.2016
G01 X21.7996Y20.2320
G00 Z3.0000
G00 X23.1489Y20.4121
G01 Z-0.2000
G01 X23.1049Y20.3858
G01 X23.0692Y20.3680
G01 X23.1047Y20.3680
G01 X23.1489Y20.4121
G00 Z3.0000
G00 X23.8115Y19.1992
G01 Z-0.2000
G01 X23.8475Y19.1895
G01 X23.8743Y19.1796
G01 X23.9191Y19.1599
G01 X23.9451Y19.1454
G01 X23.9873Y19.1182
G01 X24.0097Y19.1005
G01 X24.0471Y19.0671
G01 X24.0665Y19.0461
G01 X24.0930Y19.0143
G01 X24.1141Y18.9835
G01 X24.1393Y18.9402
G01 X24.1513Y18.9142
G01 X24.1643Y18.8823
G01 X24.1772Y18.8400
G01 X24.1878Y18.7910
G01 X24.1899Y18.7734
G01 X24.1957Y18.8094
G01 X24.1999Y18.8286
G01 X24.2145Y18.8784
G01 X24.2274Y18.9120
G01 X24.2430Y18.9441
G01 X24.2524Y18.9613
G01 X24.2804Y19.0050
G01 X24.2922Y19.0207
G01 X24.3262Y19.0599
G01 X24.3401Y19.0738
G01 X24.3793Y19.1078
G01 X24.4056Y19.1272
G01 X24.4387Y19.1476
G01 X24.4559Y19.1570
G01 X24.5032Y19.1786
G01 X24.5395Y19.1917
G01 X24.5714Y19.2001
G01 X24.5906Y19.2043
G01 X24.6420Y19.2117
G01 X24.6875Y19.2140
G01 X24.9625Y19.2140
G01 X24.9911Y19.2129
G01 X25.0339Y19.2089
G01 X25.0690Y19.2022
G01 X25.1175Y19.1895
G01 X25.1443Y19.1796
G01 X25.1891Y19.1599
G01 X25.2151Y19.1454
G01 X25.2573Y19.1182
G01 X25.2797Y19.1005
G01 X25.3171Y19.0671
G01 X25.3310Y19.0521
G01 X25.3310Y20.0390
G01 X25.3319Y20.0658
G01 X25.3080Y20.0611
G01 X25.2012Y20.0452
G01 X25.1657Y20.0417
G01 X25.0579Y20.0364
G01 X25.0221Y20.0364
G01 X24.9143Y20.0417
G01 X24.9143Y20.0423
G01 X24.8788Y20.0452
G01 X24.7661Y20.0620
G01 X24.7370Y20.0680
G01 X24.6982Y20.0778
G01 X23.8802Y19.2598
G01 X23.8382Y19.2211
G01 X23.8377Y19.2216
G01 X23.8115Y19.1992
G00 Z3.0000
G00 X24.2863Y18.7510
G01 Z-0.2000
G01 X24.2875Y18.7652
G01 X24.2956Y18.8078
G01 X24.3063Y18.8442
G01 X24.3176Y18.8736
G01 X24.3290Y18.8971
G01 X24.3384Y18.9143
G01 X24.3589Y18.9462
G01 X24.3706Y18.9620
G01 X24.3955Y18.9906
G01 X24.4094Y19.0045
G01 X24.4380Y19.0294
G01 X24.4538Y19.0411
G01 X24.4615Y19.0467
G01 X24.4857Y19.0616
G01 X24.5029Y19.0710
G01 X24.5374Y19.0868
G01 X24.5689Y19.0982
G01 X24.6114Y19.1085
G01 X24.6490Y19.1139
G01 X24.6875Y19.1160
G01 X24.9625Y19.1160
G01 X24.9834Y19.1152
G01 X25.0205Y19.1118
G01 X25.0461Y19.1070
G01 X25.0872Y19.0963
G01 X25.1068Y19.0890
G01 X25.1449Y19.0724
G01 X25.1823Y19.0505
G01 X25.1997Y19.0389
G01 X25.2161Y19.0260
G01 X25.2478Y18.9978
G01 X25.2760Y18.9661
G01 X25.2851Y18.9548
G01 X25.3005Y18.9323
G01 X25.3220Y18.8957
G01 X25.3308Y18.8767
G01 X25.3425Y18.8481
G01 X25.3519Y18.8171
G01 X25.3570Y18.7961
G01 X25.3610Y18.7756
G01 X25.3635Y18.7549
G01 X25.3660Y18.7125
G01 X25.3660Y17.3875
G01 X25.3635Y17.3451
G01 X25.3618Y17.3295
G01 X25.3570Y17.3039
G01 X25.3463Y17.2628
G01 X25.3390Y17.2432
G01 X25.3224Y17.2051
G01 X25.3118Y17.1861
G01 X25.2889Y17.1503
G01 X25.2760Y17.1339
G01 X25.2478Y17.1022
G01 X25.2161Y17.0740
G01 X25.2048Y17.0649
G01 X25.1823Y17.0495
G01 X25.1457Y17.0280
G01 X25.1267Y17.0192
G01 X25.0981Y17.0075
G01 X25.0671Y16.9981
G01 X25.0256Y16.9890
G01 X24.9834Y16.9848
G01 X24.9625Y16.9840
G01 X24.6875Y16.9840
G01 X24.6451Y16.9865
G01 X24.6295Y16.9882
G01 X24.6039Y16.9930
G01 X24.5628Y17.0037
G01 X24.5233Y17.0192
G01 X24.5051Y17.0276
G01 X24.4861Y17.0382
G01 X24.4503Y17.0611
G01 X24.4339Y17.0740
G01 X24.4022Y17.1022
G01 X24.3740Y17.1339
G01 X24.3649Y17.1452
G01 X24.3495Y17.1677
G01 X24.3280Y17.2043
G01 X24.3192Y17.2233
G01 X24.3075Y17.2519
G01 X24.2981Y17.2829
G01 X24.2930Y17.3039
G01 X24.2890Y17.3244
G01 X24.2865Y17.3451
G01 X24.2840Y17.3875
G01 X24.2840Y18.7125
G01 X24.2863Y18.7510
G00 Z3.0000
G00 X24.3840Y18.7440
G01 Z-0.2000
G01 X24.3847Y18.7530
G01 X24.3872Y18.7678
G01 X24.3914Y18.7869
G01 X24.3982Y18.8099
G01 X24.4078Y18.8353
G01 X24.4244Y18.8674
G01 X24.4373Y18.8875
G01 X24.4491Y18.9032
G01 X24.4648Y18.9213
G01 X24.4787Y18.9352
G01 X24.4968Y18.9509
G01 X24.5125Y18.9627
G01 X24.5326Y18.9756
G01 X24.5499Y18.9850
G01 X24.5717Y18.9950
G01 X24.5984Y19.0047
G01 X24.6322Y19.0128
G01 X24.6559Y19.0162
G01 X24.6875Y19.0180
G01 X24.9625Y19.0180
G01 X25.0070Y19.0147
G01 X25.0232Y19.0117
G01 X25.0569Y19.0030
G01 X25.0892Y18.9902
G01 X25.1007Y18.9850
G01 X25.1127Y18.9783
G01 X25.1421Y18.9597
G01 X25.1688Y18.9375
G01 X25.1785Y18.9285
G01 X25.1875Y18.9188
G01 X25.2072Y18.8953
G01 X25.2283Y18.8627
G01 X25.2347Y18.8512
G01 X25.2402Y18.8392
G01 X25.2507Y18.8138
G01 X25.2566Y18.7942
G01 X25.2617Y18.7732
G01 X25.2642Y18.7603
G01 X25.2658Y18.7472
G01 X25.2680Y18.7125
G01 X25.2680Y17.3875
G01 X25.2658Y17.3528
G01 X25.2617Y17.3268
G01 X25.2530Y17.2931
G01 X25.2485Y17.2807
G01 X25.2350Y17.2493
G01 X25.2283Y17.2373
G01 X25.2097Y17.2079
G01 X25.2015Y17.1976
G01 X25.1785Y17.1715
G01 X25.1524Y17.1485
G01 X25.1311Y17.1330
G01 X25.1012Y17.1153
G01 X25.0892Y17.1098
G01 X25.0638Y17.0993
G01 X25.0442Y17.0934
G01 X25.0232Y17.0883
G01 X25.0103Y17.0858
G01 X24.9757Y17.0825
G01 X24.6875Y17.0820
G01 X24.6528Y17.0842
G01 X24.6268Y17.0883
G01 X24.5931Y17.0970
G01 X24.5807Y17.1015
G01 X24.5493Y17.1150
G01 X24.5189Y17.1330
G01 X24.5079Y17.1403
G01 X24.4976Y17.1485
G01 X24.4715Y17.1715
G01 X24.4428Y17.2047
G01 X24.4217Y17.2373
G01 X24.4153Y17.2488
G01 X24.4098Y17.2608
G01 X24.3993Y17.2862
G01 X24.3934Y17.3058
G01 X24.3883Y17.3268
G01 X24.3858Y17.3397
G01 X24.3842Y17.3528
G01 X24.3820Y17.3875
G01 X24.3820Y18.7125
G01 X24.3840Y18.7440
G00 Z3.0000
G00 X24.4816Y18.7371
G01 Z-0.2000
G01 X24.4800Y18.7125
G01 X24.4800Y17.3875
G01 X24.4826Y17.3550
G01 X24.4912Y17.3205
G01 X24.5026Y17.2933
G01 X24.5166Y17.2701
G01 X24.5230Y17.2612
G01 X24.5408Y17.2408
G01 X24.5655Y17.2196
G01 X24.5885Y17.2053
G01 X24.5983Y17.2003
G01 X24.6182Y17.1921
G01 X24.6287Y17.1887
G01 X24.6564Y17.1824
G01 X24.6875Y17.1800
G01 X24.9625Y17.1800
G01 X24.9950Y17.1826
G01 X25.0295Y17.1912
G01 X25.0567Y17.2026
G01 X25.0858Y17.2206
G01 X25.1092Y17.2408
G01 X25.1270Y17.2612
G01 X25.1334Y17.2701
G01 X25.1475Y17.2935
G01 X25.1579Y17.3182
G01 X25.1613Y17.3287
G01 X25.1664Y17.3496
G01 X25.1681Y17.3605
G01 X25.1700Y17.3875
G01 X25.1700Y18.7125
G01 X25.1674Y18.7450
G01 X25.1588Y18.7795
G01 X25.1474Y18.8067
G01 X25.1334Y18.8299
G01 X25.1270Y18.8388
G01 X25.1092Y18.8592
G01 X25.0888Y18.8770
G01 X25.0799Y18.8834
G01 X25.0565Y18.8975
G01 X25.0266Y18.9098
G01 X24.9936Y18.9176
G01 X24.9625Y18.9200
G01 X24.6825Y18.9198
G01 X24.6629Y18.9184
G01 X24.6339Y18.9128
G01 X24.6059Y18.9032
G01 X24.5968Y18.8990
G01 X24.5732Y18.8857
G01 X24.5555Y18.8725
G01 X24.5480Y18.8659
G01 X24.5275Y18.8445
G01 X24.5158Y18.8288
G01 X24.5010Y18.8032
G01 X24.4900Y18.7757
G01 X24.4872Y18.7661
G01 X24.4830Y18.7469
G01 X24.4816Y18.7371
G00 Z3.0000
G00 X24.5277Y19.4915
G01 Z-0.2000
G01 X24.6210Y19.5049
G01 X24.6875Y19.5080
G01 X24.9625Y19.5080
G01 X25.0141Y19.5060
G01 X25.0356Y19.5043
G01 X25.0356Y19.5035
G01 X25.0370Y19.5034
G01 X25.0370Y19.7428
G01 X25.0077Y19.7428
G01 X24.8999Y19.7481
G01 X24.8999Y19.7492
G01 X24.8356Y19.7544
G01 X24.7965Y19.7602
G01 X24.5277Y19.4915
G00 Z3.0000
G00 X24.9390Y19.6481
G01 Z-0.2000
G01 X24.8951Y19.6502
G01 X24.8951Y19.6514
G01 X24.8315Y19.6566
G01 X24.7808Y19.6060
G01 X24.9390Y19.6060
G01 X24.9390Y19.6481
G00 Z3.0000
G00 X25.1350Y19.8440
G01 Z-0.2000
G01 X25.0675Y19.8407
G01 X25.0125Y19.8407
G01 X24.9047Y19.8460
G01 X24.9047Y19.8469
G01 X24.8500Y19.8514
G01 X24.7621Y19.8644
G01 X24.1425Y19.2449
G01 X24.1534Y19.2356
G01 X24.1901Y19.2010
G01 X24.2015Y19.2124
G01 X24.2619Y19.2647
G01 X24.2776Y19.2765
G01 X24.2780Y19.2759
G01 X24.2938Y19.2882
G01 X24.3448Y19.3197
G01 X24.3620Y19.3291
G01 X24.4347Y19.3623
G01 X24.4531Y19.3691
G01 X24.4533Y19.3686
G01 X24.4807Y19.3786
G01 X24.5297Y19.3916
G01 X24.5489Y19.3958
G01 X24.6280Y19.4072
G01 X24.6875Y19.4100
G01 X24.9625Y19.4100
G01 X25.0064Y19.4083
G01 X25.0607Y19.4030
G01 X25.1147Y19.3928
G01 X25.1350Y19.3880
G01 X25.1350Y19.8440
G00 Z3.0000
G00 X25.2330Y19.9509
G01 Z-0.2000
G01 X25.2156Y19.9483
G01 X25.1705Y19.9439
G01 X25.0627Y19.9386
G01 X25.0173Y19.9386
G01 X24.9095Y19.9439
G01 X24.9095Y19.9446
G01 X24.8644Y19.9483
G01 X24.7501Y19.9653
G01 X24.7288Y19.9697
G01 X23.9910Y19.2319
G01 X24.0147Y19.2177
G01 X24.0449Y19.1975
G01 X24.0734Y19.1750
G01 X24.0898Y19.1610
G01 X24.1164Y19.1364
G01 X24.1410Y19.1098
G01 X24.1550Y19.0934
G01 X24.1546Y19.0930
G01 X24.1709Y19.0738
G01 X24.1903Y19.0455
G01 X24.2020Y19.0637
G01 X24.2137Y19.0794
G01 X24.2569Y19.1292
G01 X24.2708Y19.1431
G01 X24.3206Y19.1863
G01 X24.3497Y19.2077
G01 X24.3917Y19.2337
G01 X24.4090Y19.2431
G01 X24.4689Y19.2704
G01 X24.5101Y19.2851
G01 X24.5506Y19.2959
G01 X24.5697Y19.3000
G01 X24.6350Y19.3094
G01 X24.6875Y19.3120
G01 X24.9625Y19.3120
G01 X24.9987Y19.3106
G01 X25.0203Y19.3089
G01 X25.0202Y19.3084
G01 X25.0473Y19.3060
G01 X25.0919Y19.2975
G01 X25.1128Y19.2925
G01 X25.1478Y19.2827
G01 X25.1818Y19.2701
G01 X25.2330Y19.2475
G01 X25.2330Y19.9509
G00 Z3.0000
G00 X25.6250Y20.0390
G01 Z-0.2000
G01 X25.6251Y18.0466
G01 X25.6277Y18.0005
G01 X25.6334Y17.9617
G01 X25.6443Y17.9169
G01 X25.6595Y17.8733
G01 X25.6790Y17.8315
G01 X25.7024Y17.7918
G01 X25.7296Y17.7545
G01 X25.7500Y17.7315
G01 X25.7500Y17.3875
G01 X25.7519Y17.3605
G01 X25.7536Y17.3496
G01 X25.7612Y17.3205
G01 X25.7726Y17.2933
G01 X25.7906Y17.2642
G01 X25.8070Y17.2448
G01 X25.8148Y17.2370
G01 X25.8312Y17.2230
G01 X25.8401Y17.2166
G01 X25.8635Y17.2025
G01 X25.8934Y17.1902
G01 X25.9264Y17.1824
G01 X25.9575Y17.1800
G01 X26.2325Y17.1800
G01 X26.2595Y17.1819
G01 X26.2704Y17.1836
G01 X26.2995Y17.1912
G01 X26.3267Y17.2026
G01 X26.3558Y17.2206
G01 X26.3752Y17.2370
G01 X26.3830Y17.2448
G01 X26.3970Y17.2612
G01 X26.4034Y17.2701
G01 X26.4175Y17.2935
G01 X26.4298Y17.3234
G01 X26.4376Y17.3564
G01 X26.4400Y17.3875
G01 X26.4400Y17.7315
G01 X26.4604Y17.7545
G01 X26.4876Y17.7918
G01 X26.5078Y17.8255
G01 X26.5278Y17.8670
G01 X26.5457Y17.9169
G01 X26.5564Y17.9606
G01 X26.5623Y18.0005
G01 X26.5650Y18.0500
G01 X26.5650Y19.8443
G01 X27.1377Y20.4170
G01 X27.2437Y20.3795
G01 X27.3540Y20.3521
G01 X27.4619Y20.3361
G01 X27.5766Y20.3301
G01 X27.6981Y20.3361
G01 X27.8049Y20.3519
G01 X27.9163Y20.3795
G01 X28.0309Y20.4205
G01 X28.1345Y20.4698
G01 X28.2324Y20.5288
G01 X28.3195Y20.5935
G01 X28.4048Y20.6703
G01 X28.4865Y20.7605
G01 X28.5508Y20.8472
G01 X28.6102Y20.9455
G01 X28.6595Y21.0491
G01 X28.6985Y21.1571
G01 X28.7279Y21.2740
G01 X28.7439Y21.3819
G01 X28.7499Y21.5034
G01 X28.7439Y21.6181
G01 X28.7268Y21.7316
G01 X28.7005Y21.8363
G01 X28.6622Y21.9445
G01 X28.6102Y22.0545
G01 X28.5512Y22.1524
G01 X28.4865Y22.2395
G01 X28.4097Y22.3248
G01 X28.3248Y22.4022
G01 X28.2328Y22.4708
G01 X28.1345Y22.5302
G01 X28.0309Y22.5795
G01 X27.9229Y22.6185
G01 X27.8060Y22.6479
G01 X27.6981Y22.6639
G01 X27.5834Y22.6699
G01 X27.4687Y22.6646
G01 X27.3551Y22.6481
G01 X27.2437Y22.6205
G01 X27.1355Y22.5822
G01 X27.0315Y22.5334
G01 X26.9276Y22.4712
G01 X26.8405Y22.4065
G01 X26.7552Y22.3297
G01 X26.6778Y22.2448
G01 X26.6053Y22.1471
G01 X26.5498Y22.0545
G01 X26.5005Y21.9509
G01 X26.4595Y21.8363
G01 X26.4321Y21.7260
G01 X26.4161Y21.6181
G01 X26.4101Y21.4966
G01 X26.4161Y21.3819
G01 X26.4319Y21.2751
G01 X26.4595Y21.1637
G01 X26.4844Y21.0931
G01 X25.7627Y20.3713
G01 X25.7296Y20.3345
G01 X25.7062Y20.3029
G01 X25.6822Y20.2635
G01 X25.6622Y20.2220
G01 X25.6463Y20.1787
G01 X25.6334Y20.1273
G01 X25.6270Y20.0816
G01 X25.6250Y20.0390
G00 Z3.0000
G00 X26.3361Y21.7454
G01 Z-0.2000
G01 X26.3182Y21.7439
G01 X26.3018Y21.7439
G01 X26.2838Y21.7455
G01 X26.3009Y21.6325
G01 X26.3025Y21.6161
G01 X26.3078Y21.5082
G01 X26.3078Y21.4918
G01 X26.3025Y21.3839
G01 X26.3009Y21.3675
G01 X26.2846Y21.2580
G01 X26.2556Y21.1399
G01 X26.2508Y21.1241
G01 X26.2144Y21.0225
G01 X26.2081Y21.0072
G01 X26.1614Y20.9087
G01 X26.3712Y21.1185
G01 X26.3644Y21.1399
G01 X26.3382Y21.2446
G01 X26.3350Y21.2607
G01 X26.3191Y21.3675
G01 X26.3175Y21.3839
G01 X26.3122Y21.4918
G01 X26.3122Y21.5082
G01 X26.3175Y21.6161
G01 X26.3191Y21.6325
G01 X26.3361Y21.7454
G00 Z3.0000
G00 X23.7961Y21.7454
G01 Z-0.2000
G01 X23.7782Y21.7439
G01 X23.7618Y21.7439
G01 X23.7438Y21.7455
G01 X23.7609Y21.6325
G01 X23.7625Y21.6161
G01 X23.7678Y21.5082
G01 X23.7678Y21.4918
G01 X23.7625Y21.3839
G01 X23.7609Y21.3675
G01 X23.7450Y21.2607
G01 X23.7418Y21.2446
G01 X23.7156Y21.1399
G01 X23.7108Y21.1241
G01 X23.6744Y21.0225
G01 X23.6681Y21.0072
G01 X23.6220Y20.9096
G01 X23.6142Y20.8951
G01 X23.5879Y20.8511
G01 X23.8375Y21.1008
G01 X23.8244Y21.1399
G01 X23.7982Y21.2446
G01 X23.7950Y21.2607
G01 X23.7791Y21.3675
G01 X23.7775Y21.3839
G01 X23.7722Y21.4918
G01 X23.7722Y21.5082
G01 X23.7775Y21.6161
G01 X23.7791Y21.6325
G01 X23.7961Y21.7454
G00 Z3.0000
G00 X22.2576Y18.2547
G01 Z-0.2000
G01 X22.2843Y18.2537
G01 X22.3234Y18.2506
G01 X22.3234Y18.2497
G01 X22.3677Y18.2458
G01 X22.3962Y18.2404
G01 X22.4054Y18.2708
G01 X22.4186Y18.3078
G01 X22.4470Y18.3763
G01 X22.4638Y18.4118
G01 X22.4988Y18.4772
G01 X22.5231Y18.5170
G01 X22.5231Y18.5203
G01 X22.2576Y18.2547
G00 Z3.0000
G00 X22.0222Y18.1580
G01 Z-0.2000
G01 X22.2250Y18.1580
G01 X22.2766Y18.1560
G01 X22.3157Y18.1529
G01 X22.3157Y18.1521
G01 X22.3543Y18.1487
G01 X22.4177Y18.1367
G01 X22.4666Y18.1245
G01 X22.4789Y18.1760
G01 X22.4977Y18.2378
G01 X22.5109Y18.2747
G01 X22.5356Y18.3344
G01 X22.5524Y18.3699
G01 X22.5828Y18.4268
G01 X22.6030Y18.4605
G01 X22.6209Y18.4873
G01 X22.6220Y18.7156
G01 X22.6230Y18.7420
G01 X22.6062Y18.7420
G01 X22.0222Y18.1580
G00 Z3.0000
G00 X21.7856Y18.0600
G01 Z-0.2000
G01 X22.2250Y18.0600
G01 X22.2689Y18.0583
G01 X22.3080Y18.0552
G01 X22.3080Y18.0546
G01 X22.3408Y18.0516
G01 X22.3948Y18.0414
G01 X22.4330Y18.0323
G01 X22.4753Y18.0204
G01 X22.5166Y18.0051
G01 X22.5457Y17.9931
G01 X22.5480Y18.0214
G01 X22.5537Y18.0602
G01 X22.5645Y18.1141
G01 X22.5740Y18.1522
G01 X22.5900Y18.2048
G01 X22.6032Y18.2417
G01 X22.6242Y18.2925
G01 X22.6410Y18.3280
G01 X22.6669Y18.3765
G01 X22.6871Y18.4101
G01 X22.7188Y18.4574
G01 X22.7200Y18.7151
G01 X22.7228Y18.7720
G01 X22.7234Y18.7720
G01 X22.7258Y18.8019
G01 X22.7323Y18.8400
G01 X22.5656Y18.8400
G01 X21.7856Y18.0600
G00 Z3.0000
G00 X21.5491Y17.9620
G01 Z-0.2000
G01 X22.2250Y17.9620
G01 X22.2612Y17.9606
G01 X22.3274Y17.9546
G01 X22.3720Y17.9462
G01 X22.4101Y17.9370
G01 X22.4450Y17.9272
G01 X22.4791Y17.9146
G01 X22.5153Y17.8996
G01 X22.5469Y17.8851
G01 X22.5799Y17.8667
G01 X22.6133Y17.8462
G01 X22.6380Y17.8297
G01 X22.6386Y17.9227
G01 X22.6405Y17.9619
G01 X22.6412Y17.9618
G01 X22.6449Y18.0070
G01 X22.6519Y18.0533
G01 X22.6595Y18.0903
G01 X22.6691Y18.1284
G01 X22.6822Y18.1718
G01 X22.6955Y18.2087
G01 X22.7128Y18.2506
G01 X22.7296Y18.2861
G01 X22.7510Y18.3261
G01 X22.7711Y18.3597
G01 X22.7963Y18.3974
G01 X22.8167Y18.4249
G01 X22.8180Y18.7146
G01 X22.8206Y18.7650
G01 X22.8230Y18.7896
G01 X22.8300Y18.8303
G01 X22.8341Y18.8494
G01 X22.8527Y18.9127
G01 X22.8627Y18.9380
G01 X22.5251Y18.9380
G01 X21.5491Y17.9620
G00 Z3.0000
G00 X21.3125Y17.8640
G01 Z-0.2000
G01 X22.2250Y17.8640
G01 X22.2536Y17.8629
G01 X22.2927Y17.8598
G01 X22.3140Y17.8575
G01 X22.3491Y17.8509
G01 X22.3872Y17.8417
G01 X22.4147Y17.8339
G01 X22.4416Y17.8241
G01 X22.4778Y17.8090
G01 X22.5027Y17.7976
G01 X22.5287Y17.7831
G01 X22.5621Y17.7626
G01 X22.5859Y17.7467
G01 X22.6083Y17.7290
G01 X22.6382Y17.7036
G01 X22.6592Y17.6842
G01 X22.6786Y17.6632
G01 X22.7040Y17.6333
G01 X22.7165Y17.6179
G01 X22.7360Y17.5895
G01 X22.7364Y17.9179
G01 X22.7384Y17.9571
G01 X22.7390Y17.9570
G01 X22.7419Y17.9926
G01 X22.7486Y18.0374
G01 X22.7546Y18.0665
G01 X22.7641Y18.1046
G01 X22.7745Y18.1387
G01 X22.7877Y18.1757
G01 X22.8014Y18.2087
G01 X22.8182Y18.2442
G01 X22.8350Y18.2757
G01 X22.8552Y18.3094
G01 X22.8750Y18.3391
G01 X22.8984Y18.3706
G01 X22.9145Y18.3902
G01 X22.9160Y18.7142
G01 X22.9169Y18.7385
G01 X22.9202Y18.7774
G01 X22.9257Y18.8094
G01 X22.9299Y18.8286
G01 X22.9445Y18.8784
G01 X22.9574Y18.9120
G01 X22.9730Y18.9441
G01 X22.9824Y18.9613
G01 X23.0104Y19.0050
G01 X23.0222Y19.0207
G01 X23.0355Y19.0360
G01 X22.4845Y19.0360
G01 X21.3125Y17.8640
G00 Z3.0000
G00 X21.0759Y17.7660
G01 Z-0.2000
G01 X22.2250Y17.7660
G01 X22.2459Y17.7652
G01 X22.3006Y17.7604
G01 X22.3262Y17.7556
G01 X22.3644Y17.7464
G01 X22.3845Y17.7407
G01 X22.4040Y17.7335
G01 X22.4585Y17.7102
G01 X22.4775Y17.6996
G01 X22.5109Y17.6791
G01 X22.5283Y17.6675
G01 X22.5447Y17.6545
G01 X22.5745Y17.6290
G01 X22.5899Y17.6149
G01 X22.6040Y17.5995
G01 X22.6295Y17.5697
G01 X22.6386Y17.5584
G01 X22.6541Y17.5359
G01 X22.6746Y17.5025
G01 X22.6848Y17.4843
G01 X22.6935Y17.4653
G01 X22.7120Y17.4203
G01 X22.7214Y17.3894
G01 X22.7306Y17.3512
G01 X22.7346Y17.3307
G01 X22.7371Y17.3100
G01 X22.7402Y17.2709
G01 X22.7410Y17.2500
G01 X22.7410Y17.1829
G01 X22.8340Y17.2759
G01 X22.8340Y17.9000
G01 X22.8362Y17.9523
G01 X22.8388Y17.9782
G01 X22.8452Y18.0214
G01 X22.8497Y18.0427
G01 X22.8592Y18.0807
G01 X22.8668Y18.1057
G01 X22.8800Y18.1427
G01 X22.8900Y18.1668
G01 X22.9068Y18.2023
G01 X22.9191Y18.2253
G01 X22.9393Y18.2590
G01 X22.9538Y18.2807
G01 X22.9771Y18.3122
G01 X22.9937Y18.3324
G01 X23.0123Y18.3529
G01 X23.0140Y18.7137
G01 X23.0161Y18.7510
G01 X23.0175Y18.7652
G01 X23.0256Y18.8078
G01 X23.0363Y18.8442
G01 X23.0476Y18.8736
G01 X23.0590Y18.8971
G01 X23.0684Y18.9143
G01 X23.0889Y18.9462
G01 X23.1006Y18.9620
G01 X23.1255Y18.9906
G01 X23.1394Y19.0045
G01 X23.1680Y19.0294
G01 X23.1915Y19.0467
G01 X23.2157Y19.0616
G01 X23.2329Y19.0710
G01 X23.2674Y19.0868
G01 X23.2989Y19.0982
G01 X23.3414Y19.1085
G01 X23.3790Y19.1139
G01 X23.4175Y19.1160
G01 X23.6925Y19.1160
G01 X23.7134Y19.1152
G01 X23.7505Y19.1118
G01 X23.7761Y19.1070
G01 X23.8172Y19.0963
G01 X23.8368Y19.0890
G01 X23.8749Y19.0724
G01 X23.8939Y19.0618
G01 X23.9297Y19.0389
G01 X23.9461Y19.0260
G01 X23.9778Y18.9978
G01 X23.9920Y18.9825
G01 X24.0151Y18.9548
G01 X24.0305Y18.9323
G01 X24.0520Y18.8957
G01 X24.0608Y18.8767
G01 X24.0725Y18.8481
G01 X24.0819Y18.8171
G01 X24.0870Y18.7961
G01 X24.0910Y18.7756
G01 X24.0935Y18.7549
G01 X24.0960Y18.7125
G01 X24.0960Y18.1964
G01 X24.1100Y18.1668
G01 X24.1200Y18.1427
G01 X24.1332Y18.1057
G01 X24.1408Y18.0807
G01 X24.1503Y18.0427
G01 X24.1554Y18.0171
G01 X24.1612Y17.9782
G01 X24.1638Y17.9523
G01 X24.1657Y17.9131
G01 X24.1660Y16.4759
G01 X24.3759Y16.2660
G01 X30.5090Y16.2660
G01 X30.5090Y17.7705
G01 X30.4982Y17.7477
G01 X30.4859Y17.7247
G01 X30.4657Y17.6910
G01 X30.4460Y17.6622
G01 X30.4460Y17.3875
G01 X30.4439Y17.3490
G01 X30.4425Y17.3348
G01 X30.4344Y17.2922
G01 X30.4237Y17.2558
G01 X30.4124Y17.2264
G01 X30.4010Y17.2029
G01 X30.3916Y17.1857
G01 X30.3711Y17.1538
G01 X30.3594Y17.1380
G01 X30.3345Y17.1094
G01 X30.3206Y17.0955
G01 X30.2920Y17.0706
G01 X30.2762Y17.0589
G01 X30.2685Y17.0533
G01 X30.2443Y17.0384
G01 X30.2271Y17.0290
G01 X30.1926Y17.0132
G01 X30.1611Y17.0018
G01 X30.1186Y16.9915
G01 X30.0810Y16.9861
G01 X30.0425Y16.9840
G01 X29.7675Y16.9840
G01 X29.7466Y16.9848
G01 X29.7095Y16.9882
G01 X29.6839Y16.9930
G01 X29.6428Y17.0037
G01 X29.6033Y17.0192
G01 X29.5851Y17.0276
G01 X29.5477Y17.0495
G01 X29.5303Y17.0611
G01 X29.5139Y17.0740
G01 X29.4822Y17.1022
G01 X29.4680Y17.1175
G01 X29.4449Y17.1452
G01 X29.4295Y17.1677
G01 X29.4080Y17.2043
G01 X29.3992Y17.2233
G01 X29.3875Y17.2519
G01 X29.3781Y17.2829
G01 X29.3690Y17.3244
G01 X29.3665Y17.3451
G01 X29.3641Y17.3840
G01 X29.1759Y17.3840
G01 X29.1725Y17.3348
G01 X29.1644Y17.2922
G01 X29.1537Y17.2558
G01 X29.1424Y17.2264
G01 X29.1310Y17.2029
G01 X29.1216Y17.1857
G01 X29.1011Y17.1538
G01 X29.0894Y17.1380
G01 X29.0645Y17.1094
G01 X29.0506Y17.0955
G01 X29.0220Y17.0706
G01 X29.0062Y17.0589
G01 X28.9985Y17.0533
G01 X28.9743Y17.0384
G01 X28.9571Y17.0290
G01 X28.9226Y17.0132
G01 X28.8911Y17.0018
G01 X28.8486Y16.9915
G01 X28.8110Y16.9861
G01 X28.7725Y16.9840
G01 X28.4975Y16.9840
G01 X28.4620Y16.9860
G01 X28.4443Y16.9598
G01 X28.4244Y16.9360
G01 X28.4023Y16.9143
G01 X28.4020Y16.9146
G01 X28.3764Y16.8935
G01 X28.3523Y16.8777
G01 X28.3248Y16.8633
G01 X28.2961Y16.8517
G01 X28.2664Y16.8429
G01 X28.2359Y16.8371
G01 X28.2099Y16.8346
G01 X28.1920Y16.8340
G01 X27.0500Y16.8340
G01 X27.0320Y16.8346
G01 X27.0061Y16.8371
G01 X26.9709Y16.8441
G01 X26.9413Y16.8534
G01 X26.9171Y16.8633
G01 X26.8897Y16.8777
G01 X26.8598Y16.8977
G01 X26.8396Y16.9143
G01 X26.8213Y16.9321
G01 X26.8143Y16.9396
G01 X26.8146Y16.9400
G01 X26.7977Y16.9598
G01 X26.7777Y16.9897
G01 X26.7633Y17.0171
G01 X26.7534Y17.0413
G01 X26.7429Y17.0756
G01 X26.7371Y17.1061
G01 X26.7346Y17.1320
G01 X26.7340Y17.1500
G01 X26.7340Y17.8633
G01 X26.7282Y17.8443
G01 X26.7150Y17.8073
G01 X26.7050Y17.7832
G01 X26.6882Y17.7477
G01 X26.6759Y17.7247
G01 X26.6557Y17.6910
G01 X26.6360Y17.6622
G01 X26.6360Y17.3875
G01 X26.6352Y17.3666
G01 X26.6318Y17.3295
G01 X26.6270Y17.3039
G01 X26.6163Y17.2628
G01 X26.6090Y17.2432
G01 X26.5924Y17.2051
G01 X26.5818Y17.1861
G01 X26.5589Y17.1503
G01 X26.5460Y17.1339
G01 X26.5178Y17.1022
G01 X26.5025Y17.0880
G01 X26.4748Y17.0649
G01 X26.4523Y17.0495
G01 X26.4157Y17.0280
G01 X26.3967Y17.0192
G01 X26.3681Y17.0075
G01 X26.3371Y16.9981
G01 X26.2956Y16.9890
G01 X26.2749Y16.9865
G01 X26.2325Y16.9840
G01 X25.9575Y16.9840
G01 X25.9366Y16.9848
G01 X25.8995Y16.9882
G01 X25.8739Y16.9930
G01 X25.8529Y16.9981
G01 X25.8328Y17.0037
G01 X25.8132Y17.0110
G01 X25.7751Y17.0276
G01 X25.7561Y17.0382
G01 X25.7203Y17.0611
G01 X25.7039Y17.0740
G01 X25.6722Y17.1022
G01 X25.6580Y17.1175
G01 X25.6349Y17.1452
G01 X25.6195Y17.1677
G01 X25.5980Y17.2043
G01 X25.5892Y17.2233
G01 X25.5775Y17.2519
G01 X25.5681Y17.2829
G01 X25.5590Y17.3244
G01 X25.5548Y17.3666
G01 X25.5540Y17.3875
G01 X25.5540Y17.6622
G01 X25.5343Y17.6910
G01 X25.5141Y17.7247
G01 X25.5018Y17.7477
G01 X25.4850Y17.7832
G01 X25.4750Y17.8073
G01 X25.4618Y17.8443
G01 X25.4542Y17.8693
G01 X25.4447Y17.9073
G01 X25.4396Y17.9329
G01 X25.4338Y17.9718
G01 X25.4312Y17.9977
G01 X25.4290Y18.0500
G01 X25.4290Y20.0390
G01 X25.4312Y20.0913
G01 X25.4338Y20.1172
G01 X25.4402Y20.1604
G01 X25.4485Y20.1971
G01 X25.4239Y20.1893
G01 X25.3192Y20.1631
G01 X25.2936Y20.1580
G01 X25.1868Y20.1422
G01 X25.1609Y20.1396
G01 X25.0531Y20.1343
G01 X25.0269Y20.1343
G01 X24.9191Y20.1396
G01 X24.8932Y20.1422
G01 X24.7820Y20.1587
G01 X24.7608Y20.1631
G01 X24.6682Y20.1863
G01 X23.8015Y19.3201
G01 X23.7724Y19.2937
G01 X23.7721Y19.2941
G01 X23.7522Y19.2771
G01 X23.7189Y19.2525
G01 X23.6990Y19.2393
G01 X23.6653Y19.2191
G01 X23.6423Y19.2068
G01 X23.6068Y19.1900
G01 X23.5827Y19.1800
G01 X23.5457Y19.1668
G01 X23.5207Y19.1592
G01 X23.4827Y19.1497
G01 X23.4571Y19.1446
G01 X23.4182Y19.1388
G01 X23.3923Y19.1362
G01 X23.3531Y19.1343
G01 X22.4439Y19.1340
G01 X21.0759Y17.7660
G00 Z3.0000
G00 X20.8007Y17.6294
G01 Z-0.2000
G01 X20.8390Y17.6451
G01 X20.8585Y17.6511
G01 X20.8967Y17.6603
G01 X20.9096Y17.6629
G01 X20.9227Y17.6644
G01 X20.9750Y17.6680
G01 X22.2250Y17.6680
G01 X22.2871Y17.6633
G01 X22.3033Y17.6603
G01 X22.3542Y17.6475
G01 X22.3665Y17.6430
G01 X22.4143Y17.6227
G01 X22.4597Y17.5955
G01 X22.4707Y17.5882
G01 X22.4811Y17.5800
G01 X22.5206Y17.5456
G01 X22.5550Y17.5061
G01 X22.5705Y17.4847
G01 X22.5974Y17.4398
G01 X22.6201Y17.3860
G01 X22.6261Y17.3665
G01 X22.6379Y17.3154
G01 X22.6425Y17.2632
G01 X22.6430Y17.2500
G01 X22.6430Y17.0680
G01 X22.7647Y17.0680
G01 X22.9320Y17.2353
G01 X22.9320Y17.9000
G01 X22.9341Y17.9475
G01 X22.9357Y17.9639
G01 X22.9419Y18.0054
G01 X22.9543Y18.0569
G01 X22.9590Y18.0727
G01 X22.9723Y18.1097
G01 X22.9786Y18.1249
G01 X22.9954Y18.1604
G01 X23.0031Y18.1749
G01 X23.0233Y18.2086
G01 X23.0325Y18.2223
G01 X23.0559Y18.2538
G01 X23.0663Y18.2666
G01 X23.0927Y18.2957
G01 X23.1120Y18.3143
G01 X23.1124Y18.7245
G01 X23.1147Y18.7530
G01 X23.1214Y18.7869
G01 X23.1282Y18.8099
G01 X23.1378Y18.8353
G01 X23.1450Y18.8501
G01 X23.1544Y18.8674
G01 X23.1673Y18.8875
G01 X23.1791Y18.9032
G01 X23.1948Y18.9213
G01 X23.2087Y18.9352
G01 X23.2268Y18.9509
G01 X23.2473Y18.9662
G01 X23.2626Y18.9756
G01 X23.2799Y18.9850
G01 X23.3017Y18.9950
G01 X23.3284Y19.0047
G01 X23.3622Y19.0128
G01 X23.3859Y19.0162
G01 X23.4175Y19.0180
G01 X23.6925Y19.0180
G01 X23.7370Y19.0147
G01 X23.7532Y19.0117
G01 X23.7869Y19.0030
G01 X23.7993Y18.9985
G01 X23.8307Y18.9850
G01 X23.8427Y18.9783
G01 X23.8721Y18.9597
G01 X23.8824Y18.9515
G01 X23.9085Y18.9285
G01 X23.9372Y18.8953
G01 X23.9470Y18.8811
G01 X23.9647Y18.8512
G01 X23.9807Y18.8138
G01 X23.9866Y18.7942
G01 X23.9942Y18.7603
G01 X23.9958Y18.7472
G01 X23.9980Y18.7125
G01 X23.9980Y18.1728
G01 X24.0046Y18.1604
G01 X24.0214Y18.1249
G01 X24.0277Y18.1097
G01 X24.0410Y18.0727
G01 X24.0457Y18.0569
G01 X24.0553Y18.0189
G01 X24.0585Y18.0027
G01 X24.0643Y17.9639
G01 X24.0659Y17.9475
G01 X24.0678Y17.9082
G01 X24.0680Y16.4353
G01 X24.3353Y16.1680
G01 X30.6070Y16.1680
G01 X30.6070Y18.0500
G01 X30.6091Y18.0975
G01 X30.6107Y18.1139
G01 X30.6169Y18.1554
G01 X30.6197Y18.1689
G01 X30.6293Y18.2069
G01 X30.6340Y18.2227
G01 X30.6473Y18.2597
G01 X30.6536Y18.2749
G01 X30.6704Y18.3104
G01 X30.6781Y18.3249
G01 X30.6983Y18.3586
G01 X30.7075Y18.3723
G01 X30.7320Y18.4052
G01 X30.7320Y18.7125
G01 X30.7353Y18.7570
G01 X30.7434Y18.7942
G01 X30.7470Y18.8069
G01 X30.7515Y18.8193
G01 X30.7650Y18.8507
G01 X30.7717Y18.8627
G01 X30.7903Y18.8921
G01 X30.7985Y18.9024
G01 X30.8215Y18.9285
G01 X30.8476Y18.9515
G01 X30.8689Y18.9670
G01 X30.8988Y18.9847
G01 X30.9362Y19.0007
G01 X30.9558Y19.0066
G01 X30.9897Y19.0142
G01 X31.0028Y19.0158
G01 X31.0375Y19.0180
G01 X31.3125Y19.0180
G01 X31.3472Y19.0158
G01 X31.3732Y19.0117
G01 X31.4069Y19.0030
G01 X31.4193Y18.9985
G01 X31.4507Y18.9850
G01 X31.4627Y18.9783
G01 X31.4921Y18.9597
G01 X31.5024Y18.9515
G01 X31.5285Y18.9285
G01 X31.5515Y18.9024
G01 X31.5670Y18.8811
G01 X31.5847Y18.8512
G01 X31.5902Y18.8392
G01 X31.6007Y18.8138
G01 X31.6066Y18.7942
G01 X31.6117Y18.7732
G01 X31.6142Y18.7603
G01 X31.6175Y18.7257
G01 X31.6180Y18.4052
G01 X31.6433Y18.3712
G01 X31.6517Y18.3586
G01 X31.6719Y18.3249
G01 X31.6796Y18.3104
G01 X31.6964Y18.2749
G01 X31.7027Y18.2597
G01 X31.7160Y18.2227
G01 X31.7207Y18.2069
G01 X31.7303Y18.1689
G01 X31.7335Y18.1527
G01 X31.7393Y18.1139
G01 X31.7409Y18.0975
G01 X31.7430Y18.0500
G01 X31.7430Y16.1680
G01 X38.6535Y16.1680
G01 X38.6422Y16.1740
G01 X38.5581Y16.2244
G01 X38.5444Y16.2336
G01 X38.4655Y16.2921
G01 X38.4528Y16.3025
G01 X38.3801Y16.3684
G01 X38.3684Y16.3801
G01 X38.3025Y16.4528
G01 X38.2921Y16.4655
G01 X38.2328Y16.5455
G01 X38.2244Y16.5581
G01 X38.1740Y16.6422
G01 X38.1662Y16.6568
G01 X38.1243Y16.7455
G01 X38.1179Y16.7607
G01 X38.0849Y16.8531
G01 X38.0801Y16.8689
G01 X38.0562Y16.9641
G01 X38.0530Y16.9803
G01 X38.0386Y17.0773
G01 X38.0370Y17.0937
G01 X38.0322Y17.1918
G01 X38.0334Y17.2320
G01 X32.8450Y17.2320
G01 X32.8297Y17.2079
G01 X32.8215Y17.1976
G01 X32.7985Y17.1715
G01 X32.7724Y17.1485
G01 X32.7511Y17.1330
G01 X32.7212Y17.1153
G01 X32.6838Y17.0993
G01 X32.6642Y17.0934
G01 X32.6303Y17.0858
G01 X32.6172Y17.0842
G01 X32.5825Y17.0820
G01 X32.3075Y17.0820
G01 X32.2728Y17.0842
G01 X32.2468Y17.0883
G01 X32.2131Y17.0970
G01 X32.2007Y17.1015
G01 X32.1693Y17.1150
G01 X32.1389Y17.1330
G01 X32.1279Y17.1403
G01 X32.1176Y17.1485
G01 X32.0915Y17.1715
G01 X32.0628Y17.2047
G01 X32.0530Y17.2189
G01 X32.0353Y17.2488
G01 X32.0193Y17.2862
G01 X32.0134Y17.3058
G01 X32.0058Y17.3397
G01 X32.0025Y17.3743
G01 X32.0020Y17.5272
G01 X31.9954Y17.5396
G01 X31.9786Y17.5751
G01 X31.9723Y17.5903
G01 X31.9591Y17.6273
G01 X31.9543Y17.6431
G01 X31.9447Y17.6811
G01 X31.9415Y17.6973
G01 X31.9358Y17.7361
G01 X31.9341Y17.7525
G01 X31.9322Y17.7917
G01 X31.9322Y17.8082
G01 X31.9341Y17.8474
G01 X31.9358Y17.8638
G01 X31.9419Y17.9054
G01 X31.9543Y17.9569
G01 X31.9591Y17.9727
G01 X31.9723Y18.0097
G01 X31.9786Y18.0249
G01 X31.9954Y18.0604
G01 X32.0020Y18.0728
G01 X32.0020Y18.7125
G01 X32.0042Y18.7472
G01 X32.0083Y18.7732
G01 X32.0170Y18.8069
G01 X32.0298Y18.8392
G01 X32.0350Y18.8507
G01 X32.0417Y18.8627
G01 X32.0603Y18.8921
G01 X32.0825Y18.9188
G01 X32.0915Y18.9285
G01 X32.1012Y18.9375
G01 X32.1247Y18.9572
G01 X32.1573Y18.9783
G01 X32.1688Y18.9847
G01 X32.1808Y18.9902
G01 X32.2062Y19.0007
G01 X32.2258Y19.0066
G01 X32.2468Y19.0117
G01 X32.2597Y19.0142
G01 X32.2728Y19.0158
G01 X32.3075Y19.0180
G01 X32.5957Y19.0175
G01 X32.6270Y19.0147
G01 X32.6432Y19.0117
G01 X32.6769Y19.0030
G01 X32.6893Y18.9985
G01 X32.7207Y18.9850
G01 X32.7327Y18.9783
G01 X32.7621Y18.9597
G01 X32.7724Y18.9515
G01 X32.7985Y18.9285
G01 X32.8215Y18.9024
G01 X32.8370Y18.8811
G01 X32.8483Y18.8627
G01 X32.8547Y18.8512
G01 X32.8602Y18.8392
G01 X32.8707Y18.8138
G01 X32.8766Y18.7942
G01 X32.8842Y18.7603
G01 X32.8858Y18.7472
G01 X32.8880Y18.7125
G01 X32.8880Y18.3680
G01 X34.3170Y18.3680
G01 X34.2900Y18.3890
G01 X34.2477Y18.4277
G01 X32.4202Y20.2551
G01 X32.4046Y20.2582
G01 X32.2999Y20.2844
G01 X32.2841Y20.2892
G01 X32.2240Y20.3107
G01 X31.3116Y19.3984
G01 X31.2766Y19.3663
G01 X31.2638Y19.3559
G01 X31.2312Y19.3317
G01 X31.1849Y19.3031
G01 X31.1704Y19.2954
G01 X31.1349Y19.2786
G01 X31.1197Y19.2723
G01 X31.0827Y19.2590
G01 X31.0669Y19.2543
G01 X31.0289Y19.2447
G01 X31.0127Y19.2415
G01 X30.9739Y19.2357
G01 X30.9574Y19.2341
G01 X30.9182Y19.2322
G01 X30.6753Y19.2320
G01 X30.4730Y19.0297
G01 X30.4730Y18.0500
G01 X30.4709Y18.0025
G01 X30.4693Y17.9861
G01 X30.4631Y17.9446
G01 X30.4507Y17.8931
G01 X30.4460Y17.8773
G01 X30.4327Y17.8403
G01 X30.4264Y17.8251
G01 X30.4096Y17.7896
G01 X30.4019Y17.7751
G01 X30.3817Y17.7414
G01 X30.3725Y17.7277
G01 X30.3480Y17.6948
G01 X30.3476Y17.3755
G01 X30.3453Y17.3470
G01 X30.3386Y17.3131
G01 X30.3318Y17.2901
G01 X30.3222Y17.2647
G01 X30.3056Y17.2326
G01 X30.2927Y17.2125
G01 X30.2809Y17.1968
G01 X30.2652Y17.1787
G01 X30.2513Y17.1648
G01 X30.2332Y17.1491
G01 X30.2127Y17.1338
G01 X30.1974Y17.1244
G01 X30.1801Y17.1150
G01 X30.1583Y17.1050
G01 X30.1399Y17.0982
G01 X30.1169Y17.0914
G01 X30.0978Y17.0872
G01 X30.0741Y17.0838
G01 X30.0425Y17.0820
G01 X29.7675Y17.0820
G01 X29.7230Y17.0853
G01 X29.6858Y17.0934
G01 X29.6731Y17.0970
G01 X29.6607Y17.1015
G01 X29.6293Y17.1150
G01 X29.5989Y17.1330
G01 X29.5879Y17.1403
G01 X29.5612Y17.1625
G01 X29.5515Y17.1715
G01 X29.5425Y17.1812
G01 X29.5228Y17.2047
G01 X29.5130Y17.2189
G01 X29.4953Y17.2488
G01 X29.4793Y17.2862
G01 X29.4734Y17.3058
G01 X29.4658Y17.3397
G01 X29.4642Y17.3528
G01 X29.4620Y17.3875
G01 X29.4620Y17.4820
G01 X29.0780Y17.4820
G01 X29.0780Y17.3875
G01 X29.0753Y17.3470
G01 X29.0686Y17.3131
G01 X29.0618Y17.2901
G01 X29.0550Y17.2717
G01 X29.0450Y17.2499
G01 X29.0356Y17.2326
G01 X29.0227Y17.2125
G01 X29.0109Y17.1968
G01 X28.9952Y17.1787
G01 X28.9813Y17.1648
G01 X28.9632Y17.1491
G01 X28.9427Y17.1338
G01 X28.9274Y17.1244
G01 X28.9101Y17.1150
G01 X28.8883Y17.1050
G01 X28.8616Y17.0953
G01 X28.8278Y17.0872
G01 X28.8041Y17.0838
G01 X28.7845Y17.0824
G01 X28.4975Y17.0820
G01 X28.4530Y17.0853
G01 X28.4368Y17.0883
G01 X28.4033Y17.0969
G01 X28.3964Y17.0743
G01 X28.3879Y17.0546
G01 X28.3802Y17.0401
G01 X28.3656Y17.0182
G01 X28.3518Y17.0018
G01 X28.3402Y16.9902
G01 X28.3198Y16.9735
G01 X28.3019Y16.9618
G01 X28.2829Y16.9519
G01 X28.2677Y16.9456
G01 X28.2426Y16.9380
G01 X28.2215Y16.9341
G01 X28.1920Y16.9320
G01 X27.0418Y16.9322
G01 X27.0136Y16.9351
G01 X26.9947Y16.9392
G01 X26.9789Y16.9440
G01 X26.9546Y16.9540
G01 X26.9359Y16.9643
G01 X26.9221Y16.9735
G01 X26.9055Y16.9869
G01 X26.8869Y17.0055
G01 X26.8727Y17.0233
G01 X26.8618Y17.0401
G01 X26.8519Y17.0590
G01 X26.8456Y17.0743
G01 X26.8392Y17.0947
G01 X26.8348Y17.1156
G01 X26.8322Y17.1418
G01 X26.8320Y19.4320
G01 X26.7319Y19.4324
G01 X26.7106Y19.4348
G01 X26.6944Y19.4380
G01 X26.6739Y19.4440
G01 X26.6630Y19.4482
G01 X26.6630Y18.0500
G01 X26.6609Y18.0025
G01 X26.6593Y17.9861
G01 X26.6531Y17.9446
G01 X26.6503Y17.9311
G01 X26.6407Y17.8931
G01 X26.6360Y17.8773
G01 X26.6227Y17.8403
G01 X26.6164Y17.8251
G01 X26.5996Y17.7896
G01 X26.5919Y17.7751
G01 X26.5717Y17.7414
G01 X26.5625Y17.7277
G01 X26.5380Y17.6948
G01 X26.5375Y17.3743
G01 X26.5347Y17.3430
G01 X26.5317Y17.3268
G01 X26.5230Y17.2931
G01 X26.5185Y17.2807
G01 X26.5050Y17.2493
G01 X26.4983Y17.2373
G01 X26.4797Y17.2079
G01 X26.4715Y17.1976
G01 X26.4485Y17.1715
G01 X26.4224Y17.1485
G01 X26.4011Y17.1330
G01 X26.3712Y17.1153
G01 X26.3592Y17.1098
G01 X26.3338Y17.0993
G01 X26.3142Y17.0934
G01 X26.2803Y17.0858
G01 X26.2672Y17.0842
G01 X26.2325Y17.0820
G01 X25.9575Y17.0820
G01 X25.9130Y17.0853
G01 X25.8758Y17.0934
G01 X25.8631Y17.0970
G01 X25.8507Y17.1015
G01 X25.8193Y17.1150
G01 X25.8073Y17.1217
G01 X25.7779Y17.1403
G01 X25.7676Y17.1485
G01 X25.7415Y17.1715
G01 X25.7128Y17.2047
G01 X25.7030Y17.2189
G01 X25.6853Y17.2488
G01 X25.6693Y17.2862
G01 X25.6634Y17.3058
G01 X25.6558Y17.3397
G01 X25.6542Y17.3528
G01 X25.6520Y17.3875
G01 X25.6520Y17.6948
G01 X25.6267Y17.7288
G01 X25.5981Y17.7751
G01 X25.5904Y17.7896
G01 X25.5736Y17.8251
G01 X25.5673Y17.8403
G01 X25.5540Y17.8773
G01 X25.5493Y17.8931
G01 X25.5397Y17.9311
G01 X25.5365Y17.9473
G01 X25.5307Y17.9861
G01 X25.5291Y18.0025
G01 X25.5272Y18.0418
G01 X25.5270Y20.0390
G01 X25.5291Y20.0864
G01 X25.5307Y20.1029
G01 X25.5369Y20.1444
G01 X25.5397Y20.1579
G01 X25.5493Y20.1959
G01 X25.5540Y20.2117
G01 X25.5673Y20.2487
G01 X25.5736Y20.2639
G01 X25.5904Y20.2994
G01 X25.5981Y20.3139
G01 X25.6183Y20.3476
G01 X25.6275Y20.3613
G01 X25.6462Y20.3866
G01 X25.6304Y20.3780
G01 X25.5328Y20.3319
G01 X25.5175Y20.3256
G01 X25.4159Y20.2892
G01 X25.4001Y20.2844
G01 X25.2954Y20.2582
G01 X25.2793Y20.2550
G01 X25.1725Y20.2391
G01 X25.1561Y20.2375
G01 X25.0482Y20.2322
G01 X25.0318Y20.2322
G01 X24.9239Y20.2375
G01 X24.9075Y20.2391
G01 X24.8007Y20.2550
G01 X24.7846Y20.2582
G01 X24.6799Y20.2844
G01 X24.6408Y20.2975
G01 X23.7357Y19.3927
G01 X23.7066Y19.3663
G01 X23.6938Y19.3559
G01 X23.6612Y19.3317
G01 X23.6149Y19.3031
G01 X23.6004Y19.2954
G01 X23.5649Y19.2786
G01 X23.5497Y19.2723
G01 X23.5127Y19.2590
G01 X23.4969Y19.2543
G01 X23.4589Y19.2447
G01 X23.4427Y19.2415
G01 X23.4039Y19.2357
G01 X23.3874Y19.2341
G01 X23.3400Y19.2320
G01 X22.4033Y19.2320
G01 X20.8007Y17.6294
G00 Z3.0000
G00 X20.2364Y17.0680
G01 Z-0.2000
G01 X20.5570Y17.0680
G01 X20.5570Y17.2500
G01 X20.5606Y17.3023
G01 X20.5647Y17.3283
G01 X20.5775Y17.3792
G01 X20.5956Y17.4243
G01 X20.2696Y17.0984
G01 X20.2364Y17.0680
G00 Z3.0000
G00 X23.1287Y15.7680
G01 Z-0.2000
G01 X22.9647Y15.9320
G01 X22.8518Y15.9320
G01 X22.8560Y15.9211
G01 X22.8608Y15.9053
G01 X22.8659Y15.8795
G01 X22.8680Y15.8500
G01 X22.8680Y15.7680
G01 X23.1287Y15.7680
G00 Z3.0000
G00 X24.2640Y17.1196
G01 Z-0.2000
G01 X24.2640Y16.5165
G01 X24.4165Y16.3640
G01 X30.4110Y16.3640
G01 X30.4110Y17.0484
G01 X30.4038Y17.0401
G01 X30.3899Y17.0262
G01 X30.3507Y16.9922
G01 X30.3244Y16.9728
G01 X30.2913Y16.9524
G01 X30.2741Y16.9430
G01 X30.2268Y16.9214
G01 X30.2084Y16.9145
G01 X30.1905Y16.9083
G01 X30.1586Y16.8999
G01 X30.1394Y16.8957
G01 X30.0880Y16.8883
G01 X30.0425Y16.8860
G01 X29.7675Y16.8860
G01 X29.7389Y16.8871
G01 X29.6961Y16.8911
G01 X29.6610Y16.8978
G01 X29.6125Y16.9105
G01 X29.5857Y16.9204
G01 X29.5409Y16.9401
G01 X29.5149Y16.9546
G01 X29.4727Y16.9818
G01 X29.4503Y16.9995
G01 X29.4129Y17.0329
G01 X29.3935Y17.0539
G01 X29.3670Y17.0857
G01 X29.3459Y17.1165
G01 X29.3207Y17.1598
G01 X29.3087Y17.1858
G01 X29.2957Y17.2177
G01 X29.2828Y17.2600
G01 X29.2768Y17.2860
G01 X29.2633Y17.2860
G01 X29.2601Y17.2714
G01 X29.2455Y17.2216
G01 X29.2326Y17.1880
G01 X29.2170Y17.1559
G01 X29.2076Y17.1387
G01 X29.1796Y17.0950
G01 X29.1678Y17.0793
G01 X29.1338Y17.0401
G01 X29.1199Y17.0262
G01 X29.0807Y16.9922
G01 X29.0544Y16.9728
G01 X29.0213Y16.9524
G01 X29.0041Y16.9430
G01 X28.9568Y16.9214
G01 X28.9205Y16.9083
G01 X28.8886Y16.8999
G01 X28.8694Y16.8957
G01 X28.8180Y16.8883
G01 X28.7725Y16.8860
G01 X28.5103Y16.8860
G01 X28.4970Y16.8702
G01 X28.4718Y16.8449
G01 X28.4405Y16.8190
G01 X28.4069Y16.7962
G01 X28.3712Y16.7769
G01 X28.3337Y16.7611
G01 X28.2949Y16.7491
G01 X28.2551Y16.7409
G01 X28.2098Y16.7364
G01 X27.0500Y16.7360
G01 X27.0272Y16.7367
G01 X27.0273Y16.7373
G01 X26.9917Y16.7402
G01 X26.9518Y16.7479
G01 X26.9082Y16.7611
G01 X26.8708Y16.7769
G01 X26.8351Y16.7962
G01 X26.8054Y16.8161
G01 X26.7738Y16.8416
G01 X26.7416Y16.8738
G01 X26.7422Y16.8743
G01 X26.7347Y16.8823
G01 X26.7161Y16.9054
G01 X26.6962Y16.9351
G01 X26.6748Y16.9752
G01 X26.6611Y17.0082
G01 X26.6491Y17.0470
G01 X26.6409Y17.0868
G01 X26.6398Y17.0951
G01 X26.6205Y17.0703
G01 X26.5871Y17.0329
G01 X26.5661Y17.0135
G01 X26.5343Y16.9870
G01 X26.5035Y16.9659
G01 X26.4602Y16.9407
G01 X26.4342Y16.9287
G01 X26.4023Y16.9157
G01 X26.3600Y16.9028
G01 X26.3110Y16.8922
G01 X26.2826Y16.8888
G01 X26.2325Y16.8860
G01 X25.9575Y16.8860
G01 X25.9289Y16.8871
G01 X25.8861Y16.8911
G01 X25.8510Y16.8978
G01 X25.8025Y16.9105
G01 X25.7757Y16.9204
G01 X25.7309Y16.9401
G01 X25.7049Y16.9546
G01 X25.6627Y16.9818
G01 X25.6403Y16.9995
G01 X25.6029Y17.0329
G01 X25.5835Y17.0539
G01 X25.5570Y17.0857
G01 X25.5359Y17.1165
G01 X25.5107Y17.1598
G01 X25.4987Y17.1858
G01 X25.4857Y17.2177
G01 X25.4728Y17.2600
G01 X25.4622Y17.3090
G01 X25.4599Y17.3280
G01 X25.4589Y17.3161
G01 X25.4522Y17.2810
G01 X25.4395Y17.2325
G01 X25.4296Y17.2057
G01 X25.4099Y17.1609
G01 X25.3954Y17.1349
G01 X25.3682Y17.0927
G01 X25.3505Y17.0703
G01 X25.3171Y17.0329
G01 X25.2961Y17.0135
G01 X25.2643Y16.9870
G01 X25.2335Y16.9659
G01 X25.1902Y16.9407
G01 X25.1642Y16.9287
G01 X25.1323Y16.9157
G01 X25.0900Y16.9028
G01 X25.0410Y16.8922
G01 X25.0126Y16.8888
G01 X24.9625Y16.8860
G01 X24.6875Y16.8860
G01 X24.6589Y16.8871
G01 X24.6161Y16.8911
G01 X24.5810Y16.8978
G01 X24.5325Y16.9105
G01 X24.5057Y16.9204
G01 X24.4609Y16.9401
G01 X24.4349Y16.9546
G01 X24.3927Y16.9818
G01 X24.3703Y16.9995
G01 X24.3329Y17.0329
G01 X24.3135Y17.0539
G01 X24.2870Y17.0857
G01 X24.2640Y17.1196
G00 Z3.0000
G00 X25.4601Y17.0540
G01 Z-0.2000
G01 X25.4475Y17.0351
G01 X25.4250Y17.0066
G01 X25.4110Y16.9902
G01 X25.3864Y16.9636
G01 X25.3598Y16.9390
G01 X25.3238Y16.9091
G01 X25.2847Y16.8823
G01 X25.2663Y16.8711
G01 X25.2347Y16.8533
G01 X25.2017Y16.8382
G01 X25.1818Y16.8299
G01 X25.1815Y16.8305
G01 X25.1666Y16.8239
G01 X25.1128Y16.8075
G01 X25.0919Y16.8025
G01 X25.0563Y16.7954
G01 X25.0203Y16.7911
G01 X24.9987Y16.7894
G01 X24.9625Y16.7880
G01 X24.6875Y16.7880
G01 X24.6513Y16.7894
G01 X24.6027Y16.7940
G01 X24.5581Y16.8025
G01 X24.5372Y16.8075
G01 X24.5022Y16.8173
G01 X24.4682Y16.8299
G01 X24.4483Y16.8382
G01 X24.4167Y16.8526
G01 X24.3837Y16.8711
G01 X24.3620Y16.8845
G01 X24.3620Y16.5571
G01 X24.4571Y16.4620
G01 X30.3130Y16.4620
G01 X30.3130Y16.8533
G01 X30.2611Y16.8296
G01 X30.2199Y16.8149
G01 X30.1794Y16.8041
G01 X30.1603Y16.8000
G01 X30.0950Y16.7906
G01 X30.0425Y16.7880
G01 X29.7675Y16.7880
G01 X29.7313Y16.7894
G01 X29.6827Y16.7940
G01 X29.6381Y16.8025
G01 X29.6172Y16.8075
G01 X29.5822Y16.8173
G01 X29.5482Y16.8299
G01 X29.5283Y16.8382
G01 X29.4967Y16.8526
G01 X29.4637Y16.8711
G01 X29.4453Y16.8823
G01 X29.4151Y16.9025
G01 X29.3866Y16.9250
G01 X29.3702Y16.9390
G01 X29.3436Y16.9636
G01 X29.3190Y16.9902
G01 X29.3050Y17.0066
G01 X29.3054Y17.0070
G01 X29.2891Y17.0262
G01 X29.2697Y17.0545
G01 X29.2580Y17.0363
G01 X29.2463Y17.0206
G01 X29.2031Y16.9708
G01 X29.1892Y16.9569
G01 X29.1394Y16.9137
G01 X29.1103Y16.8923
G01 X29.0683Y16.8663
G01 X29.0510Y16.8569
G01 X28.9911Y16.8296
G01 X28.9499Y16.8149
G01 X28.9094Y16.8041
G01 X28.8903Y16.8000
G01 X28.8250Y16.7906
G01 X28.7725Y16.7880
G01 X28.5533Y16.7880
G01 X28.5340Y16.7690
G01 X28.5334Y16.7697
G01 X28.5239Y16.7616
G01 X28.5243Y16.7610
G01 X28.4989Y16.7403
G01 X28.4573Y16.7122
G01 X28.4131Y16.6883
G01 X28.3721Y16.6709
G01 X28.3621Y16.6672
G01 X28.3620Y16.6677
G01 X28.3188Y16.6540
G01 X28.2695Y16.6440
G01 X28.2196Y16.6388
G01 X28.1920Y16.6380
G01 X27.0500Y16.6380
G01 X27.0224Y16.6388
G01 X27.0225Y16.6395
G01 X27.0063Y16.6409
G01 X27.0063Y16.6402
G01 X26.9669Y16.6448
G01 X26.9232Y16.6540
G01 X26.8798Y16.6672
G01 X26.8333Y16.6862
G01 X26.7889Y16.7096
G01 X26.7470Y16.7373
G01 X26.7080Y16.7690
G01 X26.6813Y16.7950
G01 X26.6690Y16.8080
G01 X26.6697Y16.8086
G01 X26.6616Y16.8181
G01 X26.6610Y16.8176
G01 X26.6351Y16.8501
G01 X26.6122Y16.8847
G01 X26.5973Y16.9121
G01 X26.5547Y16.8823
G01 X26.5363Y16.8711
G01 X26.5047Y16.8533
G01 X26.4717Y16.8382
G01 X26.4518Y16.8299
G01 X26.4515Y16.8305
G01 X26.4366Y16.8239
G01 X26.3828Y16.8075
G01 X26.3619Y16.8025
G01 X26.3263Y16.7954
G01 X26.2903Y16.7911
G01 X26.2687Y16.7894
G01 X26.2325Y16.7880
G01 X25.9575Y16.7880
G01 X25.9213Y16.7894
G01 X25.8727Y16.7940
G01 X25.8281Y16.8025
G01 X25.8072Y16.8075
G01 X25.7722Y16.8173
G01 X25.7382Y16.8299
G01 X25.7183Y16.8382
G01 X25.6867Y16.8526
G01 X25.6537Y16.8711
G01 X25.6353Y16.8823
G01 X25.6051Y16.9025
G01 X25.5766Y16.9250
G01 X25.5602Y16.9390
G01 X25.5336Y16.9636
G01 X25.5090Y16.9902
G01 X25.4950Y17.0066
G01 X25.4954Y17.0070
G01 X25.4791Y17.0262
G01 X25.4601Y17.0540
G00 Z3.0000
G00 X25.4600Y16.8989
G01 Z-0.2000
G01 X25.4234Y16.8644
G01 X25.3833Y16.8313
G01 X25.3359Y16.7988
G01 X25.3175Y16.7875
G01 X25.2792Y16.7660
G01 X25.2392Y16.7476
G01 X25.2193Y16.7394
G01 X25.2190Y16.7401
G01 X25.2009Y16.7321
G01 X25.1357Y16.7122
G01 X25.1147Y16.7072
G01 X25.0716Y16.6986
G01 X25.0279Y16.6934
G01 X25.0064Y16.6917
G01 X24.9625Y16.6900
G01 X24.6875Y16.6900
G01 X24.6436Y16.6917
G01 X24.5893Y16.6970
G01 X24.5353Y16.7072
G01 X24.5143Y16.7122
G01 X24.4720Y16.7241
G01 X24.4600Y16.7286
G01 X24.4600Y16.5976
G01 X24.4976Y16.5600
G01 X26.8959Y16.5600
G01 X26.8422Y16.5765
G01 X26.7914Y16.5976
G01 X26.7343Y16.6281
G01 X26.6886Y16.6586
G01 X26.6422Y16.6964
G01 X26.5997Y16.7386
G01 X26.5681Y16.7767
G01 X26.5492Y16.7660
G01 X26.5092Y16.7476
G01 X26.4893Y16.7394
G01 X26.4890Y16.7401
G01 X26.4709Y16.7321
G01 X26.4057Y16.7122
G01 X26.3847Y16.7072
G01 X26.3416Y16.6986
G01 X26.2979Y16.6934
G01 X26.2764Y16.6917
G01 X26.2325Y16.6900
G01 X25.9575Y16.6900
G01 X25.9136Y16.6917
G01 X25.8593Y16.6970
G01 X25.8053Y16.7072
G01 X25.7843Y16.7122
G01 X25.7420Y16.7241
G01 X25.7007Y16.7394
G01 X25.6808Y16.7476
G01 X25.6425Y16.7652
G01 X25.6025Y16.7875
G01 X25.5841Y16.7988
G01 X25.5475Y16.8232
G01 X25.5130Y16.8504
G01 X25.4966Y16.8644
G01 X25.4600Y16.8989
G00 Z3.0000
G00 X25.6416Y16.6580
G01 Z-0.2000
G01 X25.5983Y16.6777
G01 X25.5513Y16.7039
G01 X25.5329Y16.7152
G01 X25.4899Y16.7439
G01 X25.4597Y16.7677
G01 X25.4428Y16.7534
G01 X25.3871Y16.7152
G01 X25.3687Y16.7039
G01 X25.3236Y16.6787
G01 X25.2787Y16.6580
G01 X25.6416Y16.6580
G00 Z3.0000
G00 X28.3461Y16.5600
G01 Z-0.2000
G01 X30.2150Y16.5600
G01 X30.2150Y16.7123
G01 X30.1811Y16.7042
G01 X30.1020Y16.6928
G01 X30.0425Y16.6900
G01 X29.7675Y16.6900
G01 X29.7236Y16.6917
G01 X29.6693Y16.6970
G01 X29.6153Y16.7072
G01 X29.5943Y16.7122
G01 X29.5520Y16.7241
G01 X29.5107Y16.7394
G01 X29.4908Y16.7476
G01 X29.4525Y16.7652
G01 X29.4125Y16.7875
G01 X29.3941Y16.7988
G01 X29.3575Y16.8232
G01 X29.3230Y16.8504
G01 X29.3066Y16.8644
G01 X29.2699Y16.8990
G01 X29.2585Y16.8876
G01 X29.1981Y16.8353
G01 X29.1824Y16.8235
G01 X29.1820Y16.8241
G01 X29.1662Y16.8118
G01 X29.1152Y16.7803
G01 X29.0980Y16.7709
G01 X29.0253Y16.7377
G01 X29.0069Y16.7309
G01 X29.0067Y16.7314
G01 X28.9793Y16.7214
G01 X28.9303Y16.7084
G01 X28.9111Y16.7042
G01 X28.8320Y16.6928
G01 X28.7725Y16.6900
G01 X28.5920Y16.6900
G01 X28.5533Y16.6586
G01 X28.5077Y16.6281
G01 X28.4550Y16.5997
G01 X28.3998Y16.5765
G01 X28.3461Y16.5600
G00 Z3.0000
G00 X29.0860Y16.6580
G01 Z-0.2000
G01 X29.4516Y16.6580
G01 X29.4083Y16.6777
G01 X29.3613Y16.7039
G01 X29.3429Y16.7152
G01 X29.2999Y16.7439
G01 X29.2696Y16.7678
G01 X29.2569Y16.7568
G01 X29.2412Y16.7451
G01 X29.2407Y16.7457
G01 X29.2221Y16.7313
G01 X29.1622Y16.6943
G01 X29.1450Y16.6849
G01 X29.0860Y16.6580
G00 Z3.0000
G00 X28.2920Y17.3605
G01 Z-0.2000
G01 X28.2936Y17.3496
G01 X28.2987Y17.3287
G01 X28.3021Y17.3182
G01 X28.3126Y17.2933
G01 X28.3266Y17.2701
G01 X28.3330Y17.2612
G01 X28.3508Y17.2408
G01 X28.3755Y17.2196
G01 X28.4035Y17.2025
G01 X28.4334Y17.1902
G01 X28.4664Y17.1824
G01 X28.4975Y17.1800
G01 X28.7725Y17.1800
G01 X28.7971Y17.1816
G01 X28.8069Y17.1830
G01 X28.8322Y17.1888
G01 X28.8541Y17.1968
G01 X28.8632Y17.2010
G01 X28.8868Y17.2143
G01 X28.9045Y17.2275
G01 X28.9120Y17.2341
G01 X28.9325Y17.2555
G01 X28.9496Y17.2796
G01 X28.9620Y17.3030
G01 X28.9700Y17.3243
G01 X28.9728Y17.3339
G01 X28.9781Y17.3592
G01 X28.9798Y17.3825
G01 X28.9800Y17.5800
G01 X29.5600Y17.5800
G01 X29.5600Y17.3875
G01 X29.5626Y17.3550
G01 X29.5687Y17.3287
G01 X29.5721Y17.3182
G01 X29.5826Y17.2933
G01 X29.5966Y17.2701
G01 X29.6030Y17.2612
G01 X29.6208Y17.2408
G01 X29.6412Y17.2230
G01 X29.6501Y17.2166
G01 X29.6685Y17.2053
G01 X29.6783Y17.2003
G01 X29.6982Y17.1921
G01 X29.7087Y17.1887
G01 X29.7364Y17.1824
G01 X29.7620Y17.1802
G01 X30.0475Y17.1802
G01 X30.0769Y17.1830
G01 X30.1057Y17.1900
G01 X30.1241Y17.1968
G01 X30.1504Y17.2104
G01 X30.1745Y17.2275
G01 X30.1820Y17.2341
G01 X30.2025Y17.2555
G01 X30.2196Y17.2796
G01 X30.2320Y17.3030
G01 X30.2400Y17.3243
G01 X30.2428Y17.3339
G01 X30.2481Y17.3592
G01 X30.2500Y17.3875
G01 X30.2500Y17.7315
G01 X30.2704Y17.7545
G01 X30.2976Y17.7918
G01 X30.3178Y17.8255
G01 X30.3378Y17.8670
G01 X30.3557Y17.9169
G01 X30.3664Y17.9606
G01 X30.3723Y18.0005
G01 X30.3750Y18.0500
G01 X30.3750Y19.0703
G01 X30.6347Y19.3300
G01 X30.9100Y19.3300
G01 X30.9526Y19.3320
G01 X30.9983Y19.3384
G01 X31.0431Y19.3493
G01 X31.0930Y19.3672
G01 X31.1345Y19.3872
G01 X31.1735Y19.4108
G01 X31.2055Y19.4346
G01 X31.2423Y19.4677
G01 X32.1996Y20.4249
G01 X32.2155Y20.4178
G01 X32.3237Y20.3795
G01 X32.4284Y20.3532
G01 X32.4667Y20.3472
G01 X34.3169Y18.4969
G01 X34.3611Y18.4573
G01 X34.4005Y18.4280
G01 X34.4483Y18.3990
G01 X34.4987Y18.3748
G01 X34.5578Y18.3536
G01 X34.6110Y18.3405
G01 X34.6607Y18.3332
G01 X34.7200Y18.3300
G01 X39.7639Y18.3300
G01 X40.5043Y17.5896
G01 X40.4752Y17.5073
G01 X40.4513Y17.4121
G01 X40.4356Y17.3083
G01 X40.4301Y17.1966
G01 X40.4356Y17.0917
G01 X40.4500Y16.9946
G01 X40.4752Y16.8927
G01 X40.5102Y16.7937
G01 X40.5548Y16.6987
G01 X40.6085Y16.6084
G01 X40.6708Y16.5239
G01 X40.7410Y16.4459
G01 X40.8239Y16.3708
G01 X40.9027Y16.3123
G01 X40.9926Y16.2580
G01 X41.0874Y16.2128
G01 X41.1861Y16.1772
G01 X41.2935Y16.1502
G01 X41.3917Y16.1356
G01 X41.5034Y16.1301
G01 X41.6083Y16.1356
G01 X41.7054Y16.1500
G01 X41.8073Y16.1752
G01 X41.9063Y16.2102
G01 X42.0074Y16.2580
G01 X42.0973Y16.3123
G01 X42.1814Y16.3751
G01 X42.2590Y16.4459
G01 X42.3292Y16.5239
G01 X42.3877Y16.6027
G01 X42.4420Y16.6926
G01 X42.4872Y16.7874
G01 X42.5248Y16.8927
G01 X42.5498Y16.9935
G01 X42.5644Y17.0917
G01 X42.5699Y17.1966
G01 X42.5651Y17.3015
G01 X42.5487Y17.4121
G01 X42.5228Y17.5139
G01 X42.4872Y17.6126
G01 X42.4420Y17.7074
G01 X42.3880Y17.7968
G01 X42.3249Y17.8814
G01 X42.2541Y17.9590
G01 X42.1761Y18.0292
G01 X42.0916Y18.0915
G01 X42.0013Y18.1452
G01 X41.9063Y18.1898
G01 X41.8073Y18.2248
G01 X41.7065Y18.2498
G01 X41.6015Y18.2651
G01 X41.5034Y18.2699
G01 X41.4390Y18.2671
G01 X40.4006Y19.3054
G01 X40.3642Y19.3384
G01 X40.3195Y19.3720
G01 X40.2717Y19.4010
G01 X40.2213Y19.4252
G01 X40.1622Y19.4464
G01 X40.1090Y19.4595
G01 X40.0593Y19.4668
G01 X40.0000Y19.4700
G01 X34.9561Y19.4700
G01 X33.6087Y20.8174
G01 X33.6347Y20.8529
G01 X33.6934Y20.9515
G01 X33.7395Y21.0491
G01 X33.7785Y21.1571
G01 X33.8081Y21.2751
G01 X33.8239Y21.3819
G01 X33.8299Y21.4966
G01 X33.8239Y21.6181
G01 X33.8081Y21.7249
G01 X33.7805Y21.8363
G01 X33.7395Y21.9509
G01 X33.6902Y22.0545
G01 X33.6312Y22.1524
G01 X33.5622Y22.2448
G01 X33.4848Y22.3297
G01 X33.3995Y22.4065
G01 X33.3128Y22.4708
G01 X33.2145Y22.5302
G01 X33.1109Y22.5795
G01 X32.9963Y22.6205
G01 X32.8860Y22.6479
G01 X32.7781Y22.6639
G01 X32.6634Y22.6699
G01 X32.5487Y22.6646
G01 X32.4351Y22.6481
G01 X32.3237Y22.6205
G01 X32.2155Y22.5822
G01 X32.1115Y22.5334
G01 X32.0076Y22.4712
G01 X31.9205Y22.4065
G01 X31.8352Y22.3297
G01 X31.7535Y22.2395
G01 X31.6892Y22.1528
G01 X31.6298Y22.0545
G01 X31.5778Y21.9445
G01 X31.5415Y21.8429
G01 X31.5132Y21.7316
G01 X31.4954Y21.6113
G01 X31.4901Y21.4966
G01 X31.4954Y21.3887
G01 X31.5132Y21.2684
G01 X31.5395Y21.1637
G01 X31.5575Y21.1122
G01 X30.7153Y20.2700
G01 X30.4400Y20.2700
G01 X30.3905Y20.2673
G01 X30.3517Y20.2616
G01 X30.3069Y20.2507
G01 X30.2633Y20.2355
G01 X30.2215Y20.2160
G01 X30.1818Y20.1926
G01 X30.1445Y20.1654
G01 X30.1077Y20.1323
G01 X29.5727Y19.5973
G01 X29.5396Y19.5605
G01 X29.5162Y19.5289
G01 X29.4922Y19.4895
G01 X29.4722Y19.4480
G01 X29.4543Y19.3981
G01 X29.4436Y19.3544
G01 X29.4377Y19.3145
G01 X29.4350Y19.2650
G01 X29.4350Y18.5200
G01 X28.9800Y18.5200
G01 X28.9798Y18.7180
G01 X28.9774Y18.7450
G01 X28.9688Y18.7795
G01 X28.9574Y18.8067
G01 X28.9434Y18.8299
G01 X28.9370Y18.8388
G01 X28.9192Y18.8592
G01 X28.8988Y18.8770
G01 X28.8899Y18.8834
G01 X28.8665Y18.8975
G01 X28.8366Y18.9098
G01 X28.8036Y18.9176
G01 X28.7725Y18.9200
G01 X28.4975Y18.9200
G01 X28.4650Y18.9174
G01 X28.4305Y18.9088
G01 X28.4083Y18.8997
G01 X28.3985Y18.8947
G01 X28.3801Y18.8834
G01 X28.3712Y18.8770
G01 X28.3508Y18.8592
G01 X28.3330Y18.8388
G01 X28.3266Y18.8299
G01 X28.3125Y18.8065
G01 X28.3002Y18.7766
G01 X28.2924Y18.7436
G01 X28.2900Y18.7125
G01 X28.2900Y17.3875
G01 X28.2920Y17.3605
G00 Z3.0000
G00 X30.5710Y18.3295
G01 Z-0.2000
G01 X30.5818Y18.3523
G01 X30.5941Y18.3753
G01 X30.6143Y18.4090
G01 X30.6340Y18.4378
G01 X30.6340Y18.7125
G01 X30.6348Y18.7334
G01 X30.6382Y18.7705
G01 X30.6430Y18.7961
G01 X30.6537Y18.8372
G01 X30.6692Y18.8767
G01 X30.6776Y18.8949
G01 X30.6882Y18.9139
G01 X30.7111Y18.9497
G01 X30.7240Y18.9661
G01 X30.7522Y18.9978
G01 X30.7675Y19.0120
G01 X30.7952Y19.0351
G01 X30.8177Y19.0505
G01 X30.8361Y19.0618
G01 X30.8543Y19.0720
G01 X30.8733Y19.0808
G01 X30.9019Y19.0925
G01 X30.9329Y19.1019
G01 X30.9744Y19.1110
G01 X30.9951Y19.1135
G01 X31.0375Y19.1160
G01 X31.3125Y19.1160
G01 X31.3334Y19.1152
G01 X31.3705Y19.1118
G01 X31.3961Y19.1070
G01 X31.4372Y19.0963
G01 X31.4568Y19.0890
G01 X31.4949Y19.0724
G01 X31.5139Y19.0618
G01 X31.5497Y19.0389
G01 X31.5661Y19.0260
G01 X31.5978Y18.9978
G01 X31.6120Y18.9825
G01 X31.6351Y18.9548
G01 X31.6505Y18.9323
G01 X31.6720Y18.8957
G01 X31.6808Y18.8767
G01 X31.6925Y18.8481
G01 X31.7019Y18.8171
G01 X31.7110Y18.7756
G01 X31.7135Y18.7549
G01 X31.7160Y18.7125
G01 X31.7160Y18.4378
G01 X31.7357Y18.4090
G01 X31.7559Y18.3753
G01 X31.7682Y18.3523
G01 X31.7850Y18.3168
G01 X31.7950Y18.2927
G01 X31.8082Y18.2557
G01 X31.8158Y18.2307
G01 X31.8253Y18.1927
G01 X31.8304Y18.1671
G01 X31.8362Y18.1282
G01 X31.8388Y18.1023
G01 X31.8407Y18.0631
G01 X31.8410Y17.8930
G01 X31.8453Y17.9214
G01 X31.8497Y17.9427
G01 X31.8592Y17.9807
G01 X31.8668Y18.0057
G01 X31.8800Y18.0427
G01 X31.8900Y18.0668
G01 X31.9040Y18.0964
G01 X31.9040Y18.7125
G01 X31.9048Y18.7334
G01 X31.9082Y18.7705
G01 X31.9130Y18.7961
G01 X31.9237Y18.8372
G01 X31.9392Y18.8767
G01 X31.9476Y18.8949
G01 X31.9582Y18.9139
G01 X31.9811Y18.9497
G01 X31.9940Y18.9661
G01 X32.0222Y18.9978
G01 X32.0375Y19.0120
G01 X32.0652Y19.0351
G01 X32.0877Y19.0505
G01 X32.1061Y19.0618
G01 X32.1243Y19.0720
G01 X32.1433Y19.0808
G01 X32.1719Y19.0925
G01 X32.2029Y19.1019
G01 X32.2444Y19.1110
G01 X32.2651Y19.1135
G01 X32.3075Y19.1160
G01 X32.5825Y19.1160
G01 X32.6034Y19.1152
G01 X32.6405Y19.1118
G01 X32.6661Y19.1070
G01 X32.7072Y19.0963
G01 X32.7467Y19.0808
G01 X32.7649Y19.0724
G01 X32.8023Y19.0505
G01 X32.8197Y19.0389
G01 X32.8361Y19.0260
G01 X32.8678Y18.9978
G01 X32.8820Y18.9825
G01 X32.9051Y18.9548
G01 X32.9205Y18.9323
G01 X32.9420Y18.8957
G01 X32.9508Y18.8767
G01 X32.9625Y18.8481
G01 X32.9719Y18.8171
G01 X32.9810Y18.7756
G01 X32.9852Y18.7334
G01 X32.9860Y18.7125
G01 X32.9860Y18.4660
G01 X34.0707Y18.4660
G01 X32.3712Y20.1655
G01 X32.2761Y20.1893
G01 X32.2494Y20.1975
G01 X31.3809Y19.3291
G01 X31.3424Y19.2937
G01 X31.3421Y19.2941
G01 X31.3222Y19.2771
G01 X31.2889Y19.2525
G01 X31.2690Y19.2393
G01 X31.2353Y19.2191
G01 X31.2123Y19.2068
G01 X31.1768Y19.1900
G01 X31.1527Y19.1800
G01 X31.1157Y19.1668
G01 X31.0907Y19.1592
G01 X31.0527Y19.1497
G01 X31.0271Y19.1446
G01 X30.9882Y19.1388
G01 X30.9623Y19.1362
G01 X30.9231Y19.1343
G01 X30.7159Y19.1340
G01 X30.5710Y18.9891
G01 X30.5710Y18.3295
G00 Z3.0000
G00 X31.8101Y18.7720
G01 Z-0.2000
G01 X31.8111Y18.7839
G01 X31.8178Y18.8190
G01 X31.8228Y18.8400
G01 X31.8305Y18.8675
G01 X31.8404Y18.8943
G01 X31.8601Y18.9391
G01 X31.8746Y18.9651
G01 X31.9018Y19.0073
G01 X31.9195Y19.0297
G01 X31.9529Y19.0671
G01 X31.9903Y19.1005
G01 X32.0057Y19.1130
G01 X32.0365Y19.1341
G01 X32.0798Y19.1593
G01 X32.1058Y19.1713
G01 X32.1377Y19.1843
G01 X32.1800Y19.1972
G01 X32.2290Y19.2078
G01 X32.2574Y19.2112
G01 X32.3075Y19.2140
G01 X32.5825Y19.2140
G01 X32.6326Y19.2112
G01 X32.6539Y19.2089
G01 X32.6890Y19.2022
G01 X32.7375Y19.1895
G01 X32.7842Y19.1713
G01 X32.8091Y19.1599
G01 X32.8351Y19.1454
G01 X32.8773Y19.1182
G01 X32.9161Y19.0865
G01 X32.9371Y19.0671
G01 X32.9565Y19.0461
G01 X32.9830Y19.0143
G01 X33.0041Y18.9835
G01 X33.0154Y18.9651
G01 X33.0293Y18.9402
G01 X33.0413Y18.9142
G01 X33.0543Y18.8823
G01 X33.0672Y18.8400
G01 X33.0722Y18.8190
G01 X33.0778Y18.7910
G01 X33.0829Y18.7411
G01 X33.0840Y18.7125
G01 X33.0840Y18.5640
G01 X33.8341Y18.5640
G01 X32.3211Y20.0770
G01 X32.2782Y20.0878
G01 X31.4502Y19.2598
G01 X31.4082Y19.2211
G01 X31.4077Y19.2216
G01 X31.3912Y19.2075
G01 X31.4190Y19.2022
G01 X31.4675Y19.1895
G01 X31.4943Y19.1796
G01 X31.5391Y19.1599
G01 X31.5651Y19.1454
G01 X31.6073Y19.1182
G01 X31.6297Y19.1005
G01 X31.6671Y19.0671
G01 X31.6865Y19.0461
G01 X31.7130Y19.0143
G01 X31.7341Y18.9835
G01 X31.7593Y18.9402
G01 X31.7713Y18.9142
G01 X31.7843Y18.8823
G01 X31.7972Y18.8400
G01 X31.8078Y18.7910
G01 X31.8101Y18.7720
G00 Z3.0000
G00 X32.0321Y17.8426
G01 Z-0.2000
G01 X32.0301Y17.8034
G01 X32.0320Y17.7573
G01 X32.0398Y17.7049
G01 X32.0493Y17.6669
G01 X32.0646Y17.6233
G01 X32.0840Y17.5815
G01 X32.1000Y17.5541
G01 X32.1002Y17.3820
G01 X32.1026Y17.3550
G01 X32.1112Y17.3205
G01 X32.1226Y17.2933
G01 X32.1406Y17.2642
G01 X32.1608Y17.2408
G01 X32.1812Y17.2230
G01 X32.1901Y17.2166
G01 X32.2135Y17.2025
G01 X32.2382Y17.1921
G01 X32.2487Y17.1887
G01 X32.2696Y17.1836
G01 X32.2805Y17.1819
G01 X32.3075Y17.1800
G01 X32.5825Y17.1800
G01 X32.6150Y17.1826
G01 X32.6413Y17.1887
G01 X32.6495Y17.1912
G01 X32.6717Y17.2003
G01 X32.6815Y17.2053
G01 X32.7058Y17.2206
G01 X32.7292Y17.2408
G01 X32.7504Y17.2655
G01 X32.7647Y17.2885
G01 X32.7697Y17.2983
G01 X32.7779Y17.3182
G01 X32.7817Y17.3300
G01 X38.1388Y17.3300
G01 X38.1349Y17.3015
G01 X38.1301Y17.2034
G01 X38.1349Y17.0985
G01 X38.1500Y16.9946
G01 X38.1752Y16.8927
G01 X38.2102Y16.7937
G01 X38.2548Y16.6987
G01 X38.3120Y16.6032
G01 X38.3708Y16.5239
G01 X38.4410Y16.4459
G01 X38.5186Y16.3751
G01 X38.6027Y16.3123
G01 X38.6926Y16.2580
G01 X38.7874Y16.2128
G01 X38.8861Y16.1772
G01 X38.9935Y16.1502
G01 X39.0985Y16.1349
G01 X39.2034Y16.1301
G01 X39.3083Y16.1356
G01 X39.4121Y16.1513
G01 X39.5139Y16.1772
G01 X39.6126Y16.2128
G01 X39.7074Y16.2580
G01 X39.7968Y16.3120
G01 X39.8814Y16.3751
G01 X39.9590Y16.4459
G01 X40.0292Y16.5239
G01 X40.0915Y16.6084
G01 X40.1452Y16.6987
G01 X40.1898Y16.7937
G01 X40.2248Y16.8927
G01 X40.2498Y16.9935
G01 X40.2651Y17.0985
G01 X40.2699Y17.2034
G01 X40.2651Y17.3015
G01 X40.2500Y17.4054
G01 X40.2248Y17.5073
G01 X40.1872Y17.6126
G01 X40.1420Y17.7074
G01 X40.0877Y17.7973
G01 X40.0249Y17.8814
G01 X39.9541Y17.9590
G01 X39.8761Y18.0292
G01 X39.7916Y18.0915
G01 X39.7074Y18.1420
G01 X39.6126Y18.1872
G01 X39.5139Y18.2228
G01 X39.4121Y18.2487
G01 X39.3083Y18.2644
G01 X39.2034Y18.2699
G01 X39.1472Y18.2675
G01 X39.1000Y18.2700
G01 X32.7900Y18.2700
G01 X32.7900Y18.7125
G01 X32.7874Y18.7450
G01 X32.7813Y18.7713
G01 X32.7779Y18.7818
G01 X32.7674Y18.8067
G01 X32.7494Y18.8358
G01 X32.7292Y18.8592
G01 X32.7088Y18.8770
G01 X32.6999Y18.8834
G01 X32.6765Y18.8975
G01 X32.6518Y18.9079
G01 X32.6413Y18.9113
G01 X32.6204Y18.9164
G01 X32.6095Y18.9181
G01 X32.5825Y18.9200
G01 X32.3075Y18.9200
G01 X32.2805Y18.9181
G01 X32.2696Y18.9164
G01 X32.2405Y18.9088
G01 X32.2183Y18.8997
G01 X32.2085Y18.8947
G01 X32.1842Y18.8794
G01 X32.1608Y18.8592
G01 X32.1430Y18.8388
G01 X32.1366Y18.8299
G01 X32.1225Y18.8065
G01 X32.1102Y18.7766
G01 X32.1036Y18.7504
G01 X32.1019Y18.7395
G01 X32.1000Y18.7125
G01 X32.1000Y18.0459
G01 X32.0840Y18.0185
G01 X32.0672Y17.9830
G01 X32.0513Y17.9397
G01 X32.0386Y17.8894
G01 X32.0321Y17.8426
G00 Z3.0000
G00 X31.8410Y17.7070
G01 Z-0.2000
G01 X31.8410Y16.2660
G01 X38.3471Y16.2660
G01 X38.3143Y16.2958
G01 X38.2958Y16.3143
G01 X38.2299Y16.3870
G01 X38.2303Y16.3873
G01 X38.2133Y16.4072
G01 X38.1536Y16.4877
G01 X38.1404Y16.5077
G01 X38.0899Y16.5919
G01 X38.0776Y16.6149
G01 X38.0357Y16.7036
G01 X38.0257Y16.7277
G01 X37.9926Y16.8201
G01 X37.9850Y16.8451
G01 X37.9612Y16.9403
G01 X37.9561Y16.9659
G01 X37.9417Y17.0630
G01 X37.9391Y17.0889
G01 X37.9369Y17.1340
G01 X32.8961Y17.1340
G01 X32.8678Y17.1022
G01 X32.8525Y17.0880
G01 X32.8248Y17.0649
G01 X32.8023Y17.0495
G01 X32.7657Y17.0280
G01 X32.7467Y17.0192
G01 X32.7181Y17.0075
G01 X32.6871Y16.9981
G01 X32.6661Y16.9930
G01 X32.6456Y16.9890
G01 X32.6249Y16.9865
G01 X32.5825Y16.9840
G01 X32.3075Y16.9840
G01 X32.2651Y16.9865
G01 X32.2495Y16.9882
G01 X32.2239Y16.9930
G01 X32.1828Y17.0037
G01 X32.1632Y17.0110
G01 X32.1251Y17.0276
G01 X32.0877Y17.0495
G01 X32.0703Y17.0611
G01 X32.0539Y17.0740
G01 X32.0222Y17.1022
G01 X32.0080Y17.1175
G01 X31.9849Y17.1452
G01 X31.9695Y17.1677
G01 X31.9582Y17.1861
G01 X31.9480Y17.2043
G01 X31.9392Y17.2233
G01 X31.9275Y17.2519
G01 X31.9181Y17.2829
G01 X31.9130Y17.3039
G01 X31.9090Y17.3244
G01 X31.9048Y17.3666
G01 X31.9040Y17.3875
G01 X31.9040Y17.5036
G01 X31.8900Y17.5332
G01 X31.8800Y17.5573
G01 X31.8668Y17.5943
G01 X31.8592Y17.6192
G01 X31.8497Y17.6573
G01 X31.8446Y17.6829
G01 X31.8410Y17.7070
G00 Z3.0000
G00 X32.8987Y16.6580
G01 Z-0.2000
G01 X37.6343Y16.6580
G01 X37.6235Y16.6880
G01 X37.6242Y16.6883
G01 X37.6086Y16.7376
G01 X33.0457Y16.7417
G01 X33.0071Y16.7152
G01 X32.9887Y16.7039
G01 X32.9436Y16.6787
G01 X32.8987Y16.6580
G00 Z3.0000
G00 X33.5975Y18.6620
G01 Z-0.2000
G01 X32.2943Y19.9652
G01 X31.5786Y19.2495
G01 X31.6163Y19.2289
G01 X31.6347Y19.2177
G01 X31.6649Y19.1975
G01 X31.6934Y19.1750
G01 X31.7098Y19.1610
G01 X31.7364Y19.1364
G01 X31.7610Y19.1098
G01 X31.7909Y19.0738
G01 X31.8099Y19.0460
G01 X31.8225Y19.0649
G01 X31.8450Y19.0934
G01 X31.8590Y19.1098
G01 X31.8836Y19.1364
G01 X31.9102Y19.1610
G01 X31.9462Y19.1909
G01 X31.9853Y19.2177
G01 X32.0037Y19.2289
G01 X32.0353Y19.2467
G01 X32.0683Y19.2618
G01 X32.0882Y19.2701
G01 X32.0885Y19.2695
G01 X32.1034Y19.2761
G01 X32.1572Y19.2925
G01 X32.1781Y19.2975
G01 X32.2137Y19.3046
G01 X32.2497Y19.3089
G01 X32.2713Y19.3106
G01 X32.3075Y19.3120
G01 X32.5825Y19.3120
G01 X32.6187Y19.3106
G01 X32.6673Y19.3060
G01 X32.7119Y19.2975
G01 X32.7328Y19.2925
G01 X32.7678Y19.2827
G01 X32.8018Y19.2701
G01 X32.8217Y19.2618
G01 X32.8533Y19.2474
G01 X32.8863Y19.2289
G01 X32.9047Y19.2177
G01 X32.9349Y19.1975
G01 X32.9634Y19.1750
G01 X32.9798Y19.1610
G01 X33.0064Y19.1364
G01 X33.0310Y19.1098
G01 X33.0609Y19.0738
G01 X33.0877Y19.0347
G01 X33.0989Y19.0163
G01 X33.1167Y18.9847
G01 X33.1318Y18.9517
G01 X33.1401Y18.9318
G01 X33.1395Y18.9315
G01 X33.1461Y18.9166
G01 X33.1625Y18.8628
G01 X33.1675Y18.8419
G01 X33.1746Y18.8063
G01 X33.1789Y18.7703
G01 X33.1806Y18.7487
G01 X33.1820Y18.7125
G01 X33.1820Y18.6620
G01 X33.5975Y18.6620
G00 Z3.0000
G00 X33.3609Y18.7600
G01 Z-0.2000
G01 X33.2645Y18.8565
G01 X33.2714Y18.8216
G01 X33.2766Y18.7779
G01 X33.2780Y18.7600
G01 X33.3609Y18.7600
G00 Z3.0000
G00 X32.7266Y19.3944
G01 Z-0.2000
G01 X32.2943Y19.8266
G01 X31.7348Y19.2671
G01 X31.7734Y19.2356
G01 X31.8100Y19.2011
G01 X31.8466Y19.2356
G01 X31.8867Y19.2687
G01 X31.9341Y19.3012
G01 X31.9525Y19.3125
G01 X31.9908Y19.3340
G01 X32.0308Y19.3524
G01 X32.0507Y19.3606
G01 X32.0510Y19.3599
G01 X32.0691Y19.3679
G01 X32.1343Y19.3878
G01 X32.1553Y19.3928
G01 X32.1984Y19.4014
G01 X32.2421Y19.4066
G01 X32.2636Y19.4083
G01 X32.3075Y19.4100
G01 X32.5825Y19.4100
G01 X32.6264Y19.4083
G01 X32.6807Y19.4030
G01 X32.7266Y19.3944
G00 Z3.0000
G00 X32.4743Y19.5080
G01 Z-0.2000
G01 X32.2943Y19.6881
G01 X32.0796Y19.4734
G01 X32.1114Y19.4831
G01 X32.1324Y19.4881
G01 X32.1831Y19.4982
G01 X32.2344Y19.5043
G01 X32.2559Y19.5060
G01 X32.3075Y19.5080
G01 X32.4743Y19.5080
G00 Z3.0000
G00 X34.0788Y20.4859
G01 Z-0.2000
G01 X34.0746Y20.5198
G01 X34.0720Y20.5771
G01 X34.0720Y20.9224
G01 X34.0319Y21.0072
G01 X34.0256Y21.0225
G01 X33.9892Y21.1241
G01 X33.9844Y21.1399
G01 X33.9582Y21.2446
G01 X33.9550Y21.2607
G01 X33.9391Y21.3675
G01 X33.9375Y21.3839
G01 X33.9322Y21.4918
G01 X33.9322Y21.5082
G01 X33.9375Y21.6161
G01 X33.9391Y21.6325
G01 X33.9561Y21.7454
G01 X33.9382Y21.7439
G01 X33.9218Y21.7439
G01 X33.9038Y21.7455
G01 X33.9209Y21.6325
G01 X33.9225Y21.6161
G01 X33.9278Y21.5082
G01 X33.9278Y21.4918
G01 X33.9225Y21.3839
G01 X33.9209Y21.3675
G01 X33.9046Y21.2580
G01 X33.8756Y21.1399
G01 X33.8708Y21.1241
G01 X33.8344Y21.0225
G01 X33.8281Y21.0072
G01 X33.7820Y20.9096
G01 X33.7742Y20.8951
G01 X33.7350Y20.8297
G01 X34.0788Y20.4859
G00 Z3.0000
G00 X33.9740Y20.7293
G01 Z-0.2000
G01 X33.9740Y20.9003
G01 X33.9433Y20.9653
G01 X33.9300Y20.9986
G01 X33.9167Y20.9653
G01 X33.8706Y20.8677
G01 X33.8584Y20.8449
G01 X33.9740Y20.7293
G00 Z3.0000
G00 X37.7783Y16.5600
G01 Z-0.2000
G01 X37.7699Y16.5779
G01 X37.7489Y16.6287
G01 X37.7158Y16.7211
G01 X37.7164Y16.7213
G01 X37.6998Y16.7736
G01 X37.6843Y16.8356
G01 X33.0133Y16.8397
G01 X33.0033Y16.8313
G01 X32.9559Y16.7988
G01 X32.9375Y16.7875
G01 X32.8992Y16.7660
G01 X32.8592Y16.7476
G01 X32.8393Y16.7394
G01 X32.8390Y16.7401
G01 X32.8209Y16.7321
G01 X32.7557Y16.7122
G01 X32.7347Y16.7072
G01 X32.6916Y16.6986
G01 X32.6479Y16.6934
G01 X32.6264Y16.6917
G01 X32.5825Y16.6900
G01 X32.3075Y16.6900
G01 X32.2636Y16.6917
G01 X32.2093Y16.6970
G01 X32.1553Y16.7072
G01 X32.1350Y16.7120
G01 X32.1350Y16.5600
G01 X37.7783Y16.5600
G00 Z3.0000
G00 X37.9392Y16.4620
G01 Z-0.2000
G01 X37.9218Y16.4911
G01 X37.9004Y16.5311
G01 X37.8585Y16.6198
G01 X37.8411Y16.6617
G01 X37.8081Y16.7541
G01 X37.8086Y16.7542
G01 X37.7949Y16.7975
G01 X37.7711Y16.8927
G01 X37.7621Y16.9380
G01 X32.9786Y16.9380
G01 X32.9438Y16.9091
G01 X32.9047Y16.8823
G01 X32.8863Y16.8711
G01 X32.8547Y16.8533
G01 X32.8217Y16.8382
G01 X32.8018Y16.8299
G01 X32.8015Y16.8305
G01 X32.7866Y16.8239
G01 X32.7328Y16.8075
G01 X32.7119Y16.8025
G01 X32.6763Y16.7954
G01 X32.6403Y16.7911
G01 X32.6187Y16.7894
G01 X32.5825Y16.7880
G01 X32.3075Y16.7880
G01 X32.2713Y16.7894
G01 X32.2227Y16.7940
G01 X32.1781Y16.8025
G01 X32.1572Y16.8075
G01 X32.1222Y16.8173
G01 X32.0882Y16.8299
G01 X32.0370Y16.8525
G01 X32.0370Y16.4620
G01 X37.9392Y16.4620
G00 Z3.0000
G00 X38.1233Y16.3640
G01 Z-0.2000
G01 X38.0744Y16.4300
G01 X38.0563Y16.4573
G01 X38.0059Y16.5415
G01 X37.9890Y16.5730
G01 X37.9471Y16.6617
G01 X37.9334Y16.6947
G01 X37.9003Y16.7871
G01 X37.8900Y16.8213
G01 X37.8661Y16.9165
G01 X37.8592Y16.9515
G01 X37.8466Y17.0360
G01 X32.9400Y17.0360
G01 X32.9161Y17.0135
G01 X32.8843Y16.9870
G01 X32.8535Y16.9659
G01 X32.8102Y16.9407
G01 X32.7842Y16.9287
G01 X32.7523Y16.9157
G01 X32.7100Y16.9028
G01 X32.6890Y16.8978
G01 X32.6610Y16.8922
G01 X32.6326Y16.8888
G01 X32.5825Y16.8860
G01 X32.3075Y16.8860
G01 X32.2789Y16.8871
G01 X32.2361Y16.8911
G01 X32.2010Y16.8978
G01 X32.1525Y16.9105
G01 X32.1058Y16.9287
G01 X32.0809Y16.9401
G01 X32.0549Y16.9546
G01 X32.0127Y16.9818
G01 X31.9739Y17.0135
G01 X31.9529Y17.0329
G01 X31.9390Y17.0479
G01 X31.9390Y16.3640
G01 X38.1233Y16.3640
G00 Z3.0000
G00 X40.0529Y16.2660
G01 Z-0.2000
G01 X40.6471Y16.2660
G01 X40.6143Y16.2958
G01 X40.5958Y16.3143
G01 X40.5299Y16.3870
G01 X40.5303Y16.3873
G01 X40.5133Y16.4072
G01 X40.4536Y16.4877
G01 X40.4404Y16.5077
G01 X40.3899Y16.5919
G01 X40.3776Y16.6149
G01 X40.3500Y16.6733
G01 X40.3224Y16.6149
G01 X40.3101Y16.5919
G01 X40.2596Y16.5077
G01 X40.2451Y16.4860
G01 X40.1867Y16.4072
G01 X40.1701Y16.3870
G01 X40.1042Y16.3143
G01 X40.0857Y16.2958
G01 X40.0529Y16.2660
G00 Z3.0000
G00 X40.4233Y16.3640
G01 Z-0.2000
G01 X40.3744Y16.4300
G01 X40.3500Y16.4678
G01 X40.3238Y16.4276
G01 X40.2767Y16.3640
G01 X40.4233Y16.3640
G00 Z3.0000
G00 X40.3500Y17.0007
G01 Z-0.2000
G01 X40.3438Y16.9641
G01 X40.3199Y16.8689
G01 X40.3151Y16.8531
G01 X40.2821Y16.7607
G01 X40.2757Y16.7455
G01 X40.2338Y16.6568
G01 X40.2260Y16.6422
G01 X40.1756Y16.5581
G01 X40.1664Y16.5444
G01 X40.1079Y16.4655
G01 X40.0975Y16.4528
G01 X40.0316Y16.3801
G01 X40.0199Y16.3684
G01 X39.9472Y16.3025
G01 X39.9345Y16.2921
G01 X39.8545Y16.2328
G01 X39.8419Y16.2244
G01 X39.7578Y16.1740
G01 X39.7466Y16.1680
G01 X40.9535Y16.1680
G01 X40.9422Y16.1740
G01 X40.8581Y16.2244
G01 X40.8444Y16.2336
G01 X40.7655Y16.2921
G01 X40.7528Y16.3025
G01 X40.6801Y16.3684
G01 X40.6684Y16.3801
G01 X40.6025Y16.4528
G01 X40.5921Y16.4655
G01 X40.5328Y16.5455
G01 X40.5244Y16.5581
G01 X40.4740Y16.6422
G01 X40.4662Y16.6568
G01 X40.4243Y16.7455
G01 X40.4179Y16.7607
G01 X40.3849Y16.8531
G01 X40.3801Y16.8689
G01 X40.3562Y16.9641
G01 X40.3500Y17.0007
G00 Z3.0000
G00 X40.2533Y17.7020
G01 Z-0.2000
G01 X40.2757Y17.6545
G01 X40.2821Y17.6393
G01 X40.3151Y17.5469
G01 X40.3199Y17.5311
G01 X40.3438Y17.4359
G01 X40.3500Y17.3993
G01 X40.3562Y17.4359
G01 X40.3801Y17.5311
G01 X40.3911Y17.5642
G01 X40.2533Y17.7020
G00 Z3.0000
G00 X42.5818Y16.7601
G01 Z-0.2000
G01 X42.6471Y16.8254
G01 X42.6200Y16.8694
G01 X42.6151Y16.8531
G01 X42.5818Y16.7601
G00 Z3.0000
G00 X45.4700Y19.2113
G01 Z-0.2000
G01 X45.4700Y18.9887
G01 X45.5134Y18.7704
G01 X45.5986Y18.5647
G01 X45.7223Y18.3797
G01 X45.8797Y18.2223
G01 X46.0647Y18.0986
G01 X46.2704Y18.0134
G01 X46.4887Y17.9700
G01 X46.7113Y17.9700
G01 X46.9296Y18.0134
G01 X46.9507Y18.0203
G01 X46.9691Y18.0230
G01 X46.9858Y18.0230
G01 X46.9986Y18.0214
G01 X47.0155Y18.0171
G01 X47.0309Y18.0107
G01 X47.0469Y18.0011
G01 X47.0623Y17.9882
G01 X47.6027Y17.4478
G01 X47.6234Y17.4234
G01 X47.7041Y17.3572
G01 X47.7962Y17.3080
G01 X47.8961Y17.2777
G01 X48.0000Y17.2674
G01 X48.0319Y17.2700
G01 X48.7988Y17.2700
G01 X48.8140Y17.2690
G01 X48.8256Y17.2669
G01 X48.8369Y17.2638
G01 X48.8479Y17.2595
G01 X48.8583Y17.2541
G01 X48.8683Y17.2478
G01 X48.8775Y17.2405
G01 X48.8860Y17.2324
G01 X48.8937Y17.2234
G01 X48.9004Y17.2138
G01 X48.9083Y17.1991
G01 X48.9145Y17.1815
G01 X48.9178Y17.1652
G01 X48.9219Y17.1245
G01 X48.9293Y17.1000
G01 X48.9414Y17.0774
G01 X48.9576Y17.0576
G01 X48.9774Y17.0414
G01 X49.0000Y17.0293
G01 X49.0245Y17.0219
G01 X49.0559Y17.0188
G01 X52.0441Y17.0188
G01 X52.0755Y17.0219
G01 X52.1000Y17.0293
G01 X52.1226Y17.0414
G01 X52.1424Y17.0576
G01 X52.1586Y17.0774
G01 X52.1707Y17.1000
G01 X52.1781Y17.1245
G01 X52.1812Y17.1559
G01 X52.1812Y18.6441
G01 X52.1781Y18.6755
G01 X52.1707Y18.7000
G01 X52.1586Y18.7226
G01 X52.1424Y18.7424
G01 X52.1226Y18.7586
G01 X52.1000Y18.7707
G01 X52.0755Y18.7781
G01 X52.0441Y18.7812
G01 X49.0559Y18.7812
G01 X49.0245Y18.7781
G01 X49.0000Y18.7707
G01 X48.9774Y18.7586
G01 X48.9576Y18.7424
G01 X48.9414Y18.7226
G01 X48.9293Y18.7000
G01 X48.9219Y18.6755
G01 X48.9188Y18.6441
G01 X48.9188Y18.4500
G01 X48.9169Y18.4291
G01 X48.9125Y18.4119
G01 X48.9083Y18.4009
G01 X48.9029Y18.3904
G01 X48.8966Y18.3805
G01 X48.8893Y18.3713
G01 X48.8775Y18.3595
G01 X48.8678Y18.3519
G01 X48.8583Y18.3459
G01 X48.8415Y18.3379
G01 X48.8303Y18.3343
G01 X48.8140Y18.3310
G01 X48.7988Y18.3300
G01 X48.2692Y18.3300
G01 X48.2541Y18.3310
G01 X48.2377Y18.3343
G01 X48.2202Y18.3405
G01 X48.2097Y18.3459
G01 X48.1958Y18.3551
G01 X48.1844Y18.3651
G01 X47.7473Y18.8022
G01 X47.7340Y18.8181
G01 X47.7248Y18.8336
G01 X47.7184Y18.8490
G01 X47.7152Y18.8603
G01 X47.7125Y18.8788
G01 X47.7122Y18.8905
G01 X47.7144Y18.9105
G01 X47.7300Y18.9887
G01 X47.7300Y19.2113
G01 X47.6866Y19.4296
G01 X47.6014Y19.6353
G01 X47.4777Y19.8203
G01 X47.3203Y19.9777
G01 X47.1353Y20.1014
G01 X46.9296Y20.1866
G01 X46.7113Y20.2300
G01 X46.4887Y20.2300
G01 X46.2704Y20.1866
G01 X46.0647Y20.1014
G01 X45.8797Y19.9777
G01 X45.7223Y19.8203
G01 X45.5986Y19.6353
G01 X45.5134Y19.4296
G01 X45.4700Y19.2113
G00 Z3.0000
G00 X45.5350Y19.2014
G01 Z-0.2000
G01 X45.5301Y19.0966
G01 X45.5356Y18.9917
G01 X45.5500Y18.8946
G01 X45.5752Y18.7927
G01 X45.6128Y18.6874
G01 X45.6548Y18.5987
G01 X45.7085Y18.5084
G01 X45.7708Y18.4239
G01 X45.8459Y18.3410
G01 X45.9239Y18.2708
G01 X46.0084Y18.2085
G01 X46.0926Y18.1580
G01 X46.1874Y18.1128
G01 X46.2927Y18.0752
G01 X46.3935Y18.0502
G01 X46.4917Y18.0356
G01 X46.6034Y18.0301
G01 X46.7083Y18.0356
G01 X46.8054Y18.0500
G01 X46.9139Y18.0772
G01 X47.0063Y18.1102
G01 X47.0193Y18.1160
G01 X47.6701Y17.4653
G01 X47.7045Y17.4346
G01 X47.7361Y17.4112
G01 X47.7755Y17.3872
G01 X47.8170Y17.3672
G01 X47.8603Y17.3513
G01 X47.9117Y17.3384
G01 X47.9574Y17.3320
G01 X48.0000Y17.3300
G01 X48.9800Y17.3300
G01 X48.9800Y17.1500
G01 X48.9811Y17.1377
G01 X48.9824Y17.1317
G01 X48.9867Y17.1201
G01 X48.9900Y17.1140
G01 X48.9938Y17.1083
G01 X49.0030Y17.0981
G01 X49.0140Y17.0900
G01 X49.0201Y17.0867
G01 X49.0317Y17.0824
G01 X49.0438Y17.0803
G01 X52.0500Y17.0800
G01 X52.0653Y17.0817
G01 X52.0728Y17.0838
G01 X52.0799Y17.0867
G01 X52.0917Y17.0938
G01 X52.0970Y17.0981
G01 X52.1062Y17.1083
G01 X52.1133Y17.1201
G01 X52.1176Y17.1317
G01 X52.1189Y17.1377
G01 X52.1200Y17.1500
G01 X52.1200Y18.6500
G01 X52.1183Y18.6653
G01 X52.1162Y18.6728
G01 X52.1133Y18.6799
G01 X52.1062Y18.6917
G01 X52.0970Y18.7019
G01 X52.0917Y18.7062
G01 X52.0799Y18.7133
G01 X52.0728Y18.7162
G01 X52.0653Y18.7183
G01 X52.0500Y18.7200
G01 X49.0423Y18.7196
G01 X49.0272Y18.7162
G01 X49.0201Y18.7133
G01 X49.0083Y18.7062
G01 X49.0030Y18.7019
G01 X48.9938Y18.6917
G01 X48.9867Y18.6799
G01 X48.9838Y18.6728
G01 X48.9804Y18.6577
G01 X48.9800Y18.2700
G01 X48.1947Y18.2700
G01 X47.6343Y18.8304
G01 X47.6498Y18.8935
G01 X47.6644Y18.9917
G01 X47.6699Y19.0966
G01 X47.6651Y19.2015
G01 X47.6487Y19.3121
G01 X47.6228Y19.4139
G01 X47.5872Y19.5126
G01 X47.5452Y19.6013
G01 X47.4915Y19.6916
G01 X47.4292Y19.7761
G01 X47.3590Y19.8541
G01 X47.2814Y19.9249
G01 X47.1973Y19.9877
G01 X47.1074Y20.0420
G01 X47.0126Y20.0872
G01 X46.9139Y20.1228
G01 X46.8065Y20.1498
G01 X46.7015Y20.1651
G01 X46.5966Y20.1699
G01 X46.4917Y20.1644
G01 X46.3879Y20.1487
G01 X46.2861Y20.1228
G01 X46.1874Y20.0872
G01 X46.0926Y20.0420
G01 X46.0032Y19.9880
G01 X45.9186Y19.9249
G01 X45.8410Y19.8541
G01 X45.7708Y19.7761
G01 X45.7085Y19.6916
G01 X45.6548Y19.6013
G01 X45.6102Y19.5063
G01 X45.5752Y19.4073
G01 X45.5502Y19.3065
G01 X45.5350Y19.2014
G00 Z3.0000
G00 X54.8800Y21.8500
G01 Z-0.2000
G01 X54.8800Y20.3500
G01 X54.8817Y20.3347
G01 X54.8838Y20.3272
G01 X54.8867Y20.3201
G01 X54.8938Y20.3083
G01 X54.9030Y20.2981
G01 X54.9083Y20.2938
G01 X54.9201Y20.2867
G01 X54.9272Y20.2838
G01 X54.9347Y20.2817
G01 X54.9500Y20.2800
G01 X57.9577Y20.2804
G01 X57.9728Y20.2838
G01 X57.9799Y20.2867
G01 X57.9917Y20.2938
G01 X57.9970Y20.2981
G01 X58.0019Y20.3030
G01 X58.0100Y20.3140
G01 X58.0162Y20.3272
G01 X58.0183Y20.3347
G01 X58.0200Y20.3500
G01 X58.0200Y20.6300
G01 X59.1053Y20.6300
G01 X65.5427Y14.1927
G01 X65.5742Y14.1639
G01 X65.6111Y14.1362
G01 X65.6565Y14.1090
G01 X65.6983Y14.0895
G01 X65.7419Y14.0743
G01 X65.7858Y14.0636
G01 X65.8255Y14.0577
G01 X65.8750Y14.0550
G01 X70.2966Y14.0550
G01 X70.3431Y14.0573
G01 X70.3881Y14.0640
G01 X70.4322Y14.0750
G01 X70.4765Y14.0908
G01 X70.5183Y14.1106
G01 X70.5576Y14.1342
G01 X70.5946Y14.1616
G01 X70.6283Y14.1920
G01 X73.9662Y17.5300
G01 X78.1338Y17.5300
G01 X81.4736Y14.1903
G01 X81.5080Y14.1596
G01 X81.5452Y14.1324
G01 X81.5850Y14.1090
G01 X81.6268Y14.0895
G01 X81.6703Y14.0743
G01 X81.7143Y14.0636
G01 X81.7608Y14.0570
G01 X81.8035Y14.0550
G01 X92.1250Y14.0550
G01 X92.1745Y14.0577
G01 X92.2200Y14.0648
G01 X92.2581Y14.0743
G01 X92.3017Y14.0895
G01 X92.3495Y14.1122
G01 X92.3885Y14.1358
G01 X92.4205Y14.1596
G01 X92.4573Y14.1927
G01 X95.3447Y17.0800
G01 X97.0500Y17.0800
G01 X97.0653Y17.0817
G01 X97.0728Y17.0838
G01 X97.0860Y17.0900
G01 X97.0970Y17.0981
G01 X97.1062Y17.1083
G01 X97.1133Y17.1201
G01 X97.1162Y17.1272
G01 X97.1196Y17.1423
G01 X97.1200Y18.6500
G01 X97.1183Y18.6653
G01 X97.1162Y18.6728
G01 X97.1100Y18.6860
G01 X97.1019Y18.6970
G01 X97.0970Y18.7019
G01 X97.0860Y18.7100
G01 X97.0799Y18.7133
G01 X97.0653Y18.7183
G01 X97.0500Y18.7200
G01 X94.0423Y18.7196
G01 X94.0272Y18.7162
G01 X94.0201Y18.7133
G01 X94.0083Y18.7062
G01 X93.9981Y18.6970
G01 X93.9900Y18.6860
G01 X93.9838Y18.6728
G01 X93.9804Y18.6577
G01 X93.9800Y18.6500
G01 X93.9800Y17.1500
G01 X93.9817Y17.1347
G01 X93.9838Y17.1272
G01 X93.9900Y17.1140
G01 X93.9981Y17.1030
G01 X94.0030Y17.0981
G01 X94.0140Y17.0900
G01 X94.0215Y17.0862
G01 X91.9303Y14.9950
G01 X81.9981Y14.9950
G01 X78.6608Y18.3324
G01 X78.6292Y18.3611
G01 X78.5924Y18.3888
G01 X78.5530Y18.4128
G01 X78.5114Y18.4329
G01 X78.4681Y18.4487
G01 X78.4176Y18.4614
G01 X78.3711Y18.4680
G01 X78.3284Y18.4700
G01 X73.7716Y18.4700
G01 X73.7289Y18.4680
G01 X73.6765Y18.4602
G01 X73.6359Y18.4500
G01 X73.5886Y18.4329
G01 X73.5498Y18.4144
G01 X73.5105Y18.3908
G01 X73.4735Y18.3634
G01 X73.4399Y18.3330
G01 X70.1019Y14.9950
G01 X66.0697Y14.9950
G01 X59.6323Y21.4323
G01 X59.5955Y21.4654
G01 X59.5582Y21.4926
G01 X59.5185Y21.5160
G01 X59.4830Y21.5328
G01 X59.4397Y21.5487
G01 X59.3894Y21.5614
G01 X59.3426Y21.5680
G01 X59.3000Y21.5700
G01 X58.0200Y21.5700
G01 X58.0200Y21.8500
G01 X58.0189Y21.8623
G01 X58.0157Y21.8742
G01 X58.0100Y21.8860
G01 X58.0062Y21.8917
G01 X57.9970Y21.9019
G01 X57.9860Y21.9100
G01 X57.9799Y21.9133
G01 X57.9683Y21.9176
G01 X57.9562Y21.9197
G01 X54.9500Y21.9200
G01 X54.9347Y21.9183
G01 X54.9201Y21.9133
G01 X54.9083Y21.9062
G01 X54.8981Y21.8970
G01 X54.8900Y21.8860
G01 X54.8843Y21.8742
G01 X54.8811Y21.8623
G01 X54.8800Y21.8500
G00 Z3.0000
G00 X55.7747Y9.5670
G01 Z-0.2000
G01 X51.2255Y9.5670
G01 X51.2399Y9.5399
G01 X51.2861Y9.4423
G01 X51.3108Y9.3826
G01 X51.3472Y9.2810
G01 X51.3465Y9.2807
G01 X51.3659Y9.2192
G01 X51.3921Y9.1145
G01 X51.3954Y9.0980
G01 X55.6045Y9.0980
G01 X55.6079Y9.1145
G01 X55.6341Y9.2192
G01 X55.6528Y9.2810
G01 X55.6892Y9.3826
G01 X55.7139Y9.4423
G01 X55.7601Y9.5399
G01 X55.7747Y9.5670
G00 Z3.0000
G00 X55.6190Y9.4690
G01 Z-0.2000
G01 X51.3810Y9.4690
G01 X51.4031Y9.4156
G01 X51.4394Y9.3140
G01 X51.4386Y9.3137
G01 X51.4610Y9.2430
G01 X51.4728Y9.1960
G01 X55.5272Y9.1960
G01 X55.5390Y9.2430
G01 X55.5606Y9.3140
G01 X55.5969Y9.4156
G01 X55.6190Y9.4690
G00 Z3.0000
G00 X51.0528Y9.6650
G01 Z-0.2000
G01 X51.0699Y9.6390
G01 X51.1254Y9.5464
G01 X51.1513Y9.4980
G01 X51.1975Y9.4004
G01 X51.2185Y9.3496
G01 X51.2549Y9.2480
G01 X51.2543Y9.2478
G01 X51.2709Y9.1954
G01 X51.2971Y9.0907
G01 X51.3078Y9.0368
G01 X51.3133Y9.0000
G01 X55.6867Y9.0000
G01 X55.6932Y9.0436
G01 X55.7029Y9.0907
G01 X55.7291Y9.1954
G01 X55.7451Y9.2480
G01 X55.7815Y9.3496
G01 X55.8025Y9.4004
G01 X55.8487Y9.4980
G01 X55.8746Y9.5464
G01 X55.9301Y9.6390
G01 X55.9474Y9.6650
G01 X51.0528Y9.6650
G00 Z3.0000
G00 X50.8542Y9.7630
G01 Z-0.2000
G01 X50.8676Y9.7481
G01 X50.8670Y9.7475
G01 X50.8964Y9.7130
G01 X50.9630Y9.6233
G01 X50.9859Y9.5886
G01 X51.0414Y9.4961
G01 X51.0628Y9.4561
G01 X51.1089Y9.3585
G01 X51.1263Y9.3166
G01 X51.1626Y9.2150
G01 X51.1621Y9.2148
G01 X51.1758Y9.1716
G01 X51.2020Y9.0669
G01 X51.2109Y9.0224
G01 X51.2267Y8.9156
G01 X51.2280Y8.9020
G01 X55.7722Y8.9020
G01 X55.7733Y8.9156
G01 X55.7900Y9.0280
G01 X55.7980Y9.0669
G01 X55.8242Y9.1716
G01 X55.8374Y9.2150
G01 X55.8737Y9.3166
G01 X55.8911Y9.3585
G01 X55.9372Y9.4561
G01 X55.9586Y9.4961
G01 X56.0141Y9.5886
G01 X56.0393Y9.6263
G01 X56.1036Y9.7130
G01 X56.1324Y9.7481
G01 X56.1458Y9.7630
G01 X50.8542Y9.7630
G00 Z3.0000
G00 X50.6161Y9.8610
G01 Z-0.2000
G01 X50.6973Y9.7875
G01 X50.7225Y9.7623
G01 X50.7950Y9.6823
G01 X50.7945Y9.6818
G01 X50.8177Y9.6547
G01 X50.8838Y9.5655
G01 X50.9018Y9.5383
G01 X50.9573Y9.4457
G01 X50.9742Y9.4142
G01 X51.0203Y9.3166
G01 X51.0340Y9.2836
G01 X51.0704Y9.1819
G01 X51.0807Y9.1478
G01 X51.1070Y9.0430
G01 X51.1139Y9.0080
G01 X51.1298Y8.9012
G01 X51.1333Y8.8657
G01 X51.1363Y8.8040
G01 X55.8637Y8.8040
G01 X55.8667Y8.8657
G01 X55.8673Y8.8657
G01 X55.8702Y8.9012
G01 X55.8868Y9.0124
G01 X55.8930Y9.0430
G01 X55.9193Y9.1478
G01 X55.9296Y9.1819
G01 X55.9660Y9.2836
G01 X55.9797Y9.3166
G01 X56.0258Y9.4142
G01 X56.0427Y9.4457
G01 X56.0982Y9.5383
G01 X56.1180Y9.5680
G01 X56.1823Y9.6547
G01 X56.2050Y9.6823
G01 X56.2775Y9.7623
G01 X56.3027Y9.7875
G01 X56.3827Y9.8600
G01 X56.3832Y9.8595
G01 X56.3849Y9.8610
G01 X50.6161Y9.8610
G00 Z3.0000
G00 X50.2895Y9.9590
G01 Z-0.2000
G01 X50.3073Y9.9506
G01 X50.3303Y9.9383
G01 X50.4229Y9.8828
G01 X50.4446Y9.8683
G01 X50.5313Y9.8040
G01 X50.5515Y9.7874
G01 X50.6315Y9.7149
G01 X50.6499Y9.6965
G01 X50.7224Y9.6165
G01 X50.7220Y9.6161
G01 X50.7390Y9.5963
G01 X50.8046Y9.5078
G01 X50.8178Y9.4879
G01 X50.8733Y9.3953
G01 X50.8856Y9.3723
G01 X50.9317Y9.2747
G01 X50.9417Y9.2506
G01 X50.9781Y9.1489
G01 X50.9857Y9.1239
G01 X51.0119Y9.0192
G01 X51.0170Y8.9936
G01 X51.0328Y8.8868
G01 X51.0354Y8.8609
G01 X51.0407Y8.7531
G01 X51.0407Y8.7269
G01 X51.0397Y8.7060
G01 X55.9603Y8.7060
G01 X55.9593Y8.7269
G01 X55.9593Y8.7531
G01 X55.9646Y8.8609
G01 X55.9672Y8.8868
G01 X55.9835Y8.9969
G01 X55.9881Y9.0192
G01 X56.0143Y9.1239
G01 X56.0219Y9.1489
G01 X56.0583Y9.2506
G01 X56.0683Y9.2747
G01 X56.1144Y9.3723
G01 X56.1267Y9.3953
G01 X56.1822Y9.4879
G01 X56.1967Y9.5096
G01 X56.2610Y9.5963
G01 X56.2776Y9.6165
G01 X56.3501Y9.6965
G01 X56.3685Y9.7149
G01 X56.4485Y9.7874
G01 X56.4489Y9.7870
G01 X56.4687Y9.8040
G01 X56.5572Y9.8696
G01 X56.5771Y9.8828
G01 X56.6697Y9.9383
G01 X56.6927Y9.9506
G01 X56.7105Y9.9590
G01 X50.2895Y9.9590
G00 Z3.0000
G00 X47.2021Y8.3420
G01 Z-0.2000
G01 X47.1894Y8.3799
G01 X47.1632Y8.4846
G01 X47.1600Y8.5007
G01 X47.1441Y8.6075
G01 X47.1425Y8.6239
G01 X47.1372Y8.7318
G01 X47.1372Y8.7482
G01 X47.1425Y8.8561
G01 X47.1441Y8.8725
G01 X47.1603Y8.9813
G01 X47.1632Y8.9954
G01 X47.1915Y9.1069
G01 X46.4343Y9.1069
G01 X46.4675Y9.0766
G01 X47.2021Y8.3420
G00 Z3.0000
G00 X47.0436Y8.6391
G01 Z-0.2000
G01 X47.0393Y8.7269
G01 X47.0393Y8.7531
G01 X47.0446Y8.8609
G01 X47.0472Y8.8868
G01 X47.0630Y8.9936
G01 X47.0660Y9.0089
G01 X46.6737Y9.0089
G01 X47.0436Y8.6391
G00 Z3.0000
G00 X46.9480Y8.8733
G01 Z-0.2000
G01 X46.9517Y8.9109
G01 X46.9103Y8.9109
G01 X46.9480Y8.8733
G00 Z3.0000
G00 X42.6534Y7.8129
G01 Z-0.2000
G01 X42.7153Y7.7447
G01 X42.7147Y7.7441
G01 X42.7441Y7.7096
G01 X42.7500Y7.7016
G01 X42.7847Y7.7447
G01 X42.8466Y7.8129
G01 X42.6534Y7.8129
G00 Z3.0000
G00 X42.3898Y7.9109
G01 Z-0.2000
G01 X42.4512Y7.8654
G01 X42.4788Y7.8427
G01 X42.5516Y7.7768
G01 X42.5768Y7.7516
G01 X42.6427Y7.6788
G01 X42.6422Y7.6784
G01 X42.6654Y7.6512
G01 X42.7256Y7.5700
G01 X42.7500Y7.5322
G01 X42.7762Y7.5724
G01 X42.8346Y7.6512
G01 X42.8573Y7.6788
G01 X42.9232Y7.7516
G01 X42.9484Y7.7768
G01 X43.0212Y7.8427
G01 X43.0216Y7.8422
G01 X43.0488Y7.8654
G01 X43.1102Y7.9109
G01 X42.3898Y7.9109
G00 Z3.0000
G00 X41.9748Y8.0089
G01 Z-0.2000
G01 X42.0723Y7.9743
G01 X42.0964Y7.9643
G01 X42.1851Y7.9224
G01 X42.2081Y7.9101
G01 X42.2923Y7.8596
G01 X42.3140Y7.8451
G01 X42.3928Y7.7867
G01 X42.4130Y7.7701
G01 X42.4857Y7.7042
G01 X42.5042Y7.6857
G01 X42.5701Y7.6130
G01 X42.5697Y7.6127
G01 X42.5867Y7.5928
G01 X42.6464Y7.5123
G01 X42.6596Y7.4923
G01 X42.7101Y7.4081
G01 X42.7224Y7.3851
G01 X42.7500Y7.3267
G01 X42.7776Y7.3851
G01 X42.7899Y7.4081
G01 X42.8404Y7.4923
G01 X42.8549Y7.5140
G01 X42.9133Y7.5928
G01 X42.9299Y7.6130
G01 X42.9958Y7.6857
G01 X43.0143Y7.7042
G01 X43.0870Y7.7701
G01 X43.0873Y7.7697
G01 X43.1072Y7.7867
G01 X43.1877Y7.8464
G01 X43.2077Y7.8596
G01 X43.2919Y7.9101
G01 X43.3149Y7.9224
G01 X43.4036Y7.9643
G01 X43.4277Y7.9743
G01 X43.5201Y8.0074
G01 X43.5260Y8.0089
G01 X41.9748Y8.0089
G00 Z3.0000
G00 X42.7500Y6.6007
G01 Z-0.2000
G01 X42.7438Y6.5641
G01 X42.7199Y6.4689
G01 X42.7151Y6.4531
G01 X42.6821Y6.3607
G01 X42.6757Y6.3455
G01 X42.6389Y6.2676
G01 X42.7953Y6.4240
G01 X42.7849Y6.4531
G01 X42.7801Y6.4689
G01 X42.7562Y6.5641
G01 X42.7500Y6.6007
G00 Z3.0000
G00 X40.3958Y6.3990
G01 Z-0.2000
G01 X40.4772Y6.4805
G01 X40.4562Y6.5641
G01 X40.4500Y6.6007
G01 X40.4438Y6.5641
G01 X40.4199Y6.4689
G01 X40.4151Y6.4531
G01 X40.3958Y6.3990
G00 Z3.0000
G00 X40.3534Y7.8129
G01 Z-0.2000
G01 X40.4153Y7.7447
G01 X40.4147Y7.7441
G01 X40.4441Y7.7096
G01 X40.4500Y7.7016
G01 X40.4847Y7.7447
G01 X40.5466Y7.8129
G01 X40.3534Y7.8129
G00 Z3.0000
G00 X40.0898Y7.9109
G01 Z-0.2000
G01 X40.1512Y7.8654
G01 X40.1788Y7.8427
G01 X40.2516Y7.7768
G01 X40.2768Y7.7516
G01 X40.3427Y7.6788
G01 X40.3422Y7.6784
G01 X40.3654Y7.6512
G01 X40.4256Y7.5700
G01 X40.4500Y7.5322
G01 X40.4762Y7.5724
G01 X40.5346Y7.6512
G01 X40.5573Y7.6788
G01 X40.6232Y7.7516
G01 X40.6484Y7.7768
G01 X40.7212Y7.8427
G01 X40.7216Y7.8422
G01 X40.7488Y7.8654
G01 X40.8102Y7.9109
G01 X40.0898Y7.9109
G00 Z3.0000
G00 X39.6748Y8.0089
G01 Z-0.2000
G01 X39.7723Y7.9743
G01 X39.7964Y7.9643
G01 X39.8851Y7.9224
G01 X39.9081Y7.9101
G01 X39.9923Y7.8596
G01 X40.0140Y7.8451
G01 X40.0928Y7.7867
G01 X40.1130Y7.7701
G01 X40.1857Y7.7042
G01 X40.2042Y7.6857
G01 X40.2701Y7.6130
G01 X40.2697Y7.6127
G01 X40.2867Y7.5928
G01 X40.3464Y7.5123
G01 X40.3596Y7.4923
G01 X40.4101Y7.4081
G01 X40.4224Y7.3851
G01 X40.4500Y7.3267
G01 X40.4776Y7.3851
G01 X40.4899Y7.4081
G01 X40.5404Y7.4923
G01 X40.5549Y7.5140
G01 X40.6133Y7.5928
G01 X40.6299Y7.6130
G01 X40.6958Y7.6857
G01 X40.7143Y7.7042
G01 X40.7870Y7.7701
G01 X40.7873Y7.7697
G01 X40.8072Y7.7867
G01 X40.8877Y7.8464
G01 X40.9077Y7.8596
G01 X40.9919Y7.9101
G01 X41.0149Y7.9224
G01 X41.1036Y7.9643
G01 X41.1277Y7.9743
G01 X41.2260Y8.0089
G01 X39.6748Y8.0089
G00 Z3.0000
G00 X38.4633Y7.8761
G01 Z-0.2000
G01 X38.5102Y7.9109
G01 X38.4636Y7.9109
G01 X38.4633Y7.8761
G00 Z3.0000
G00 X38.3328Y7.6162
G01 Z-0.2000
G01 X38.3958Y7.6857
G01 X38.4143Y7.7042
G01 X38.4870Y7.7701
G01 X38.4873Y7.7697
G01 X38.5072Y7.7867
G01 X38.5877Y7.8464
G01 X38.6077Y7.8596
G01 X38.6919Y7.9101
G01 X38.7149Y7.9224
G01 X38.8036Y7.9643
G01 X38.8277Y7.9743
G01 X38.9201Y8.0074
G01 X38.9260Y8.0089
G01 X38.3610Y8.0089
G01 X38.3657Y7.9131
G01 X38.3657Y7.8869
G01 X38.3609Y7.7889
G01 X38.3583Y7.7630
G01 X38.3434Y7.6627
G01 X38.3388Y7.6403
G01 X38.3328Y7.6162
G00 Z3.0000
G00 X37.8290Y6.8660
G01 Z-0.2000
G01 X38.0369Y6.8660
G01 X38.0391Y6.9111
G01 X38.0417Y6.9370
G01 X38.0566Y7.0373
G01 X38.0612Y7.0597
G01 X38.0672Y7.0838
G01 X38.0042Y7.0143
G01 X37.9857Y6.9958
G01 X37.9130Y6.9299
G01 X37.9127Y6.9303
G01 X37.8928Y6.9133
G01 X37.8290Y6.8660
G00 Z3.0000
G00 X37.3829Y6.7680
G01 Z-0.2000
G01 X38.1334Y6.7680
G01 X38.1322Y6.8082
G01 X38.1370Y6.9063
G01 X38.1386Y6.9227
G01 X38.1533Y7.0218
G01 X38.1562Y7.0359
G01 X38.1801Y7.1311
G01 X38.1849Y7.1469
G01 X38.2179Y7.2393
G01 X38.2243Y7.2545
G01 X38.2662Y7.3432
G01 X38.2740Y7.3578
G01 X38.3244Y7.4419
G01 X38.3336Y7.4556
G01 X38.3921Y7.5345
G01 X38.4025Y7.5472
G01 X38.4684Y7.6199
G01 X38.4801Y7.6316
G01 X38.5528Y7.6975
G01 X38.5655Y7.7079
G01 X38.6455Y7.7672
G01 X38.6581Y7.7756
G01 X38.7422Y7.8260
G01 X38.7568Y7.8338
G01 X38.8455Y7.8757
G01 X38.8607Y7.8821
G01 X38.9531Y7.9151
G01 X38.9689Y7.9199
G01 X39.0641Y7.9438
G01 X39.0803Y7.9470
G01 X39.1773Y7.9614
G01 X39.1937Y7.9630
G01 X39.2918Y7.9678
G01 X39.3082Y7.9678
G01 X39.4063Y7.9630
G01 X39.4227Y7.9614
G01 X39.5225Y7.9465
G01 X39.6311Y7.9199
G01 X39.6469Y7.9151
G01 X39.7393Y7.8821
G01 X39.7545Y7.8757
G01 X39.8432Y7.8338
G01 X39.8578Y7.8260
G01 X39.9419Y7.7756
G01 X39.9556Y7.7664
G01 X40.0345Y7.7079
G01 X40.0472Y7.6975
G01 X40.1199Y7.6316
G01 X40.1316Y7.6199
G01 X40.1975Y7.5472
G01 X40.2079Y7.5345
G01 X40.2672Y7.4545
G01 X40.2756Y7.4419
G01 X40.3260Y7.3578
G01 X40.3338Y7.3432
G01 X40.3757Y7.2545
G01 X40.3821Y7.2393
G01 X40.4151Y7.1469
G01 X40.4199Y7.1311
G01 X40.4438Y7.0359
G01 X40.4500Y6.9993
G01 X40.4562Y7.0359
G01 X40.4801Y7.1311
G01 X40.4849Y7.1469
G01 X40.5179Y7.2393
G01 X40.5243Y7.2545
G01 X40.5662Y7.3432
G01 X40.5740Y7.3578
G01 X40.6244Y7.4419
G01 X40.6336Y7.4556
G01 X40.6921Y7.5345
G01 X40.7025Y7.5472
G01 X40.7684Y7.6199
G01 X40.7801Y7.6316
G01 X40.8528Y7.6975
G01 X40.8655Y7.7079
G01 X40.9455Y7.7672
G01 X40.9581Y7.7756
G01 X41.0422Y7.8260
G01 X41.0568Y7.8338
G01 X41.1455Y7.8757
G01 X41.1607Y7.8821
G01 X41.2531Y7.9151
G01 X41.2689Y7.9199
G01 X41.3641Y7.9438
G01 X41.3803Y7.9470
G01 X41.4773Y7.9614
G01 X41.4937Y7.9630
G01 X41.5918Y7.9678
G01 X41.6082Y7.9678
G01 X41.7063Y7.9630
G01 X41.7227Y7.9614
G01 X41.8225Y7.9465
G01 X41.9311Y7.9199
G01 X41.9469Y7.9151
G01 X42.0393Y7.8821
G01 X42.0545Y7.8757
G01 X42.1432Y7.8338
G01 X42.1578Y7.8260
G01 X42.2419Y7.7756
G01 X42.2556Y7.7664
G01 X42.3345Y7.7079
G01 X42.3472Y7.6975
G01 X42.4199Y7.6316
G01 X42.4316Y7.6199
G01 X42.4975Y7.5472
G01 X42.5079Y7.5345
G01 X42.5672Y7.4545
G01 X42.5756Y7.4419
G01 X42.6260Y7.3578
G01 X42.6338Y7.3432
G01 X42.6757Y7.2545
G01 X42.6821Y7.2393
G01 X42.7151Y7.1469
G01 X42.7199Y7.1311
G01 X42.7438Y7.0359
G01 X42.7500Y6.9993
G01 X42.7562Y7.0359
G01 X42.7801Y7.1311
G01 X42.7849Y7.1469
G01 X42.8179Y7.2393
G01 X42.8243Y7.2545
G01 X42.8662Y7.3432
G01 X42.8740Y7.3578
G01 X42.9244Y7.4419
G01 X42.9336Y7.4556
G01 X42.9921Y7.5345
G01 X43.0025Y7.5472
G01 X43.0684Y7.6199
G01 X43.0801Y7.6316
G01 X43.1528Y7.6975
G01 X43.1655Y7.7079
G01 X43.2455Y7.7672
G01 X43.2581Y7.7756
G01 X43.3422Y7.8260
G01 X43.3568Y7.8338
G01 X43.4455Y7.8757
G01 X43.4607Y7.8821
G01 X43.5531Y7.9151
G01 X43.5689Y7.9199
G01 X43.6641Y7.9438
G01 X43.6803Y7.9470
G01 X43.7773Y7.9614
G01 X43.7937Y7.9630
G01 X43.8918Y7.9678
G01 X43.9082Y7.9678
G01 X43.9393Y7.9663
G01 X43.9371Y7.9744
G01 X43.9332Y7.9954
G01 X43.9313Y8.0167
G01 X43.9315Y8.0381
G01 X43.9332Y8.0545
G01 X43.9371Y8.0755
G01 X43.9431Y8.0961
G01 X43.9473Y8.1069
G01 X38.2489Y8.1069
G01 X38.2614Y8.0227
G01 X38.2630Y8.0063
G01 X38.2678Y7.9082
G01 X38.2678Y7.8918
G01 X38.2630Y7.7937
G01 X38.2614Y7.7773
G01 X38.2467Y7.6782
G01 X38.2438Y7.6641
G01 X38.2199Y7.5689
G01 X38.2151Y7.5531
G01 X38.1821Y7.4607
G01 X38.1757Y7.4455
G01 X38.1338Y7.3568
G01 X38.1260Y7.3422
G01 X38.0756Y7.2581
G01 X38.0664Y7.2444
G01 X38.0079Y7.1655
G01 X37.9975Y7.1528
G01 X37.9316Y7.0801
G01 X37.9199Y7.0684
G01 X37.8472Y7.0025
G01 X37.8345Y6.9921
G01 X37.7545Y6.9328
G01 X37.7419Y6.9244
G01 X37.6578Y6.8740
G01 X37.6432Y6.8662
G01 X37.5545Y6.8243
G01 X37.5393Y6.8179
G01 X37.4469Y6.7849
G01 X37.4311Y6.7801
G01 X37.3829Y6.7680
G00 Z3.0000
G00 X36.0350Y8.0014
G01 Z-0.2000
G01 X36.0301Y7.8966
G01 X36.0356Y7.7917
G01 X36.0501Y7.6938
G01 X36.0772Y7.5861
G01 X36.1128Y7.4874
G01 X36.1580Y7.3926
G01 X36.2120Y7.3032
G01 X36.2751Y7.2186
G01 X36.3459Y7.1410
G01 X36.4239Y7.0708
G01 X36.5084Y7.0085
G01 X36.5987Y6.9548
G01 X36.6937Y6.9102
G01 X36.7927Y6.8752
G01 X36.8935Y6.8502
G01 X36.9985Y6.8349
G01 X37.1034Y6.8301
G01 X37.2015Y6.8349
G01 X37.3054Y6.8500
G01 X37.4073Y6.8752
G01 X37.5126Y6.9128
G01 X37.6013Y6.9548
G01 X37.6916Y7.0085
G01 X37.7761Y7.0708
G01 X37.8541Y7.1410
G01 X37.9249Y7.2186
G01 X37.9915Y7.3084
G01 X38.0452Y7.3987
G01 X38.0872Y7.4874
G01 X38.1228Y7.5861
G01 X38.1499Y7.6938
G01 X38.1651Y7.7985
G01 X38.1699Y7.9034
G01 X38.1644Y8.0083
G01 X38.1500Y8.1054
G01 X38.1254Y8.2049
G01 X45.8712Y8.2049
G01 X47.3710Y6.7053
G01 X47.4054Y6.6746
G01 X47.4369Y6.6512
G01 X47.4823Y6.6239
G01 X47.5242Y6.6045
G01 X47.5677Y6.5893
G01 X47.6114Y6.5786
G01 X47.6514Y6.5727
G01 X47.7008Y6.5700
G01 X59.3026Y6.5701
G01 X59.3486Y6.5727
G01 X59.3942Y6.5798
G01 X59.4389Y6.5913
G01 X59.4822Y6.6072
G01 X59.5237Y6.6272
G01 X59.5626Y6.6508
G01 X59.5946Y6.6746
G01 X59.6290Y6.7053
G01 X62.0788Y9.1549
G01 X69.8226Y9.1549
G01 X73.2599Y5.7176
G01 X73.2968Y5.6846
G01 X73.3341Y5.6574
G01 X73.3738Y5.6339
G01 X73.4156Y5.6145
G01 X73.4592Y5.5993
G01 X73.5031Y5.5886
G01 X73.5496Y5.5820
G01 X73.5923Y5.5800
G01 X78.5077Y5.5800
G01 X78.5544Y5.5823
G01 X78.5995Y5.5890
G01 X78.6441Y5.6002
G01 X78.6870Y5.6155
G01 X78.7301Y5.6359
G01 X78.7685Y5.6590
G01 X78.8057Y5.6865
G01 X78.8394Y5.7170
G01 X82.2774Y9.1549
G01 X89.9212Y9.1549
G01 X92.3710Y6.7053
G01 X92.4054Y6.6746
G01 X92.4369Y6.6512
G01 X92.4823Y6.6239
G01 X92.5242Y6.6045
G01 X92.5677Y6.5893
G01 X92.6117Y6.5786
G01 X92.6514Y6.5727
G01 X92.7008Y6.5700
G01 X104.6434Y6.5701
G01 X104.6895Y6.5727
G01 X104.7350Y6.5798
G01 X104.7797Y6.5913
G01 X104.8230Y6.6072
G01 X104.8645Y6.6272
G01 X104.9035Y6.6508
G01 X104.9354Y6.6746
G01 X104.9698Y6.7053
G01 X108.3696Y10.1050
G01 X115.4161Y10.1050
G01 X118.6540Y6.8671
G01 X118.6876Y6.8367
G01 X118.7244Y6.8094
G01 X118.7640Y6.7856
G01 X118.8057Y6.7659
G01 X118.8497Y6.7501
G01 X118.8947Y6.7389
G01 X118.9395Y6.7323
G01 X118.9858Y6.7300
G01 X123.1142Y6.7300
G01 X123.1605Y6.7323
G01 X123.2053Y6.7389
G01 X123.2503Y6.7501
G01 X123.2943Y6.7659
G01 X123.3360Y6.7856
G01 X123.3756Y6.8094
G01 X123.4124Y6.8367
G01 X123.4460Y6.8671
G01 X126.6839Y10.1050
G01 X133.9712Y10.1050
G01 X137.3685Y6.7076
G01 X137.4027Y6.6766
G01 X137.4369Y6.6512
G01 X137.4800Y6.6251
G01 X137.5242Y6.6045
G01 X137.5637Y6.5905
G01 X137.6058Y6.5798
G01 X137.6554Y6.5722
G01 X137.7008Y6.5700
G01 X149.2992Y6.5700
G01 X149.3486Y6.5727
G01 X149.3942Y6.5798
G01 X149.4389Y6.5913
G01 X149.4822Y6.6072
G01 X149.5237Y6.6272
G01 X149.5626Y6.6508
G01 X149.5999Y6.6789
G01 X149.6315Y6.7076
G01 X153.9788Y11.0550
G01 X161.0803Y11.0550
G01 X164.2701Y7.8653
G01 X164.3045Y7.8346
G01 X164.3418Y7.8074
G01 X164.3815Y7.7840
G01 X164.4233Y7.7645
G01 X164.4669Y7.7493
G01 X164.5108Y7.7386
G01 X164.5574Y7.7320
G01 X164.6000Y7.7300
G01 X167.7000Y7.7300
G01 X167.7495Y7.7327
G01 X167.7950Y7.7398
G01 X167.8331Y7.7493
G01 X167.8767Y7.7645
G01 X167.9185Y7.7840
G01 X167.9635Y7.8108
G01 X168.0008Y7.8389
G01 X168.0323Y7.8677
G01 X171.2197Y11.0550
G01 X178.0661Y11.0550
G01 X181.2757Y7.8454
G01 X181.2922Y7.8113
G01 X181.3158Y7.7724
G01 X181.3439Y7.7351
G01 X181.3726Y7.7035
G01 X182.3685Y6.7076
G01 X182.4054Y6.6746
G01 X182.4369Y6.6512
G01 X182.4763Y6.6272
G01 X182.5178Y6.6072
G01 X182.5677Y6.5893
G01 X182.6117Y6.5786
G01 X182.6514Y6.5727
G01 X182.7008Y6.5700
G01 X185.7400Y6.5700
G01 X185.7826Y6.5720
G01 X185.8350Y6.5798
G01 X185.8797Y6.5913
G01 X185.9230Y6.6072
G01 X185.9645Y6.6272
G01 X186.0035Y6.6508
G01 X186.0408Y6.6789
G01 X186.0723Y6.7076
G01 X190.1344Y10.7697
G01 X190.1631Y10.8013
G01 X190.1947Y10.8439
G01 X190.2149Y10.8775
G01 X190.2349Y10.9191
G01 X190.2508Y10.9624
G01 X190.2623Y11.0070
G01 X190.2701Y11.0594
G01 X190.2721Y11.1021
G01 X190.2721Y12.3303
G01 X193.8823Y15.9406
G01 X193.9154Y15.9774
G01 X193.9426Y16.0147
G01 X193.9628Y16.0484
G01 X193.9828Y16.0899
G01 X194.0007Y16.1398
G01 X194.0114Y16.1837
G01 X194.0173Y16.2234
G01 X194.0200Y16.2729
G01 X194.0200Y19.1300
G01 X194.0180Y19.1726
G01 X194.0102Y19.2250
G01 X193.9987Y19.2697
G01 X193.9828Y19.3130
G01 X193.9660Y19.3485
G01 X193.9426Y19.3882
G01 X193.9111Y19.4308
G01 X193.8823Y19.4623
G01 X193.0165Y20.3282
G01 X193.0189Y20.3377
G01 X193.0200Y20.3500
G01 X193.0200Y21.8500
G01 X193.0183Y21.8653
G01 X193.0162Y21.8728
G01 X193.0100Y21.8860
G01 X193.0019Y21.8970
G01 X192.9917Y21.9062
G01 X192.9860Y21.9100
G01 X192.9728Y21.9162
G01 X192.9653Y21.9183
G01 X192.9500Y21.9200
G01 X189.9500Y21.9200
G01 X189.9347Y21.9183
G01 X189.9201Y21.9133
G01 X189.9083Y21.9062
G01 X189.8981Y21.8970
G01 X189.8938Y21.8917
G01 X189.8867Y21.8799
G01 X189.8838Y21.8728
G01 X189.8804Y21.8577
G01 X189.8800Y21.8500
G01 X189.8800Y20.3500
G01 X189.8811Y20.3377
G01 X189.8824Y20.3317
G01 X189.8867Y20.3201
G01 X189.8938Y20.3083
G01 X189.9030Y20.2981
G01 X189.9140Y20.2900
G01 X189.9258Y20.2843
G01 X189.9377Y20.2811
G01 X189.9500Y20.2800
G01 X191.7353Y20.2800
G01 X193.0800Y18.9353
G01 X193.0800Y16.4676
G01 X189.4697Y12.8573
G01 X189.4410Y12.8257
G01 X189.4133Y12.7889
G01 X189.3860Y12.7435
G01 X189.3692Y12.7080
G01 X189.3534Y12.6647
G01 X189.3407Y12.6141
G01 X189.3341Y12.5676
G01 X189.3321Y12.5250
G01 X189.3321Y11.2968
G01 X185.5453Y7.5100
G01 X182.8955Y7.5100
G01 X182.1343Y8.2712
G01 X182.1178Y8.3053
G01 X182.0941Y8.3442
G01 X182.0661Y8.3816
G01 X182.0373Y8.4131
G01 X178.5931Y11.8573
G01 X178.5616Y11.8860
G01 X178.5247Y11.9138
G01 X178.4853Y11.9378
G01 X178.4438Y11.9578
G01 X178.4005Y11.9737
G01 X178.3500Y11.9864
G01 X178.3034Y11.9930
G01 X178.2608Y11.9950
G01 X171.0250Y11.9950
G01 X170.9823Y11.9930
G01 X170.9367Y11.9865
G01 X170.8853Y11.9737
G01 X170.8483Y11.9604
G01 X170.8065Y11.9410
G01 X170.7668Y11.9176
G01 X170.7295Y11.8904
G01 X170.6926Y11.8573
G01 X167.5053Y8.6700
G01 X164.7947Y8.6700
G01 X161.6074Y11.8573
G01 X161.5705Y11.8904
G01 X161.5390Y11.9138
G01 X161.4996Y11.9378
G01 X161.4517Y11.9604
G01 X161.4147Y11.9737
G01 X161.3701Y11.9852
G01 X161.3245Y11.9923
G01 X161.2750Y11.9950
G01 X153.7841Y11.9950
G01 X153.7546Y11.9936
G01 X153.7215Y11.9949
G01 X153.6823Y11.9930
G01 X153.6367Y11.9865
G01 X153.5853Y11.9737
G01 X153.5483Y11.9604
G01 X153.5065Y11.9410
G01 X153.4615Y11.9141
G01 X153.4242Y11.8860
G01 X153.3926Y11.8573
G01 X153.3653Y11.8299
G01 X153.3389Y11.8008
G01 X153.3112Y11.7639
G01 X153.2840Y11.7185
G01 X153.2672Y11.6830
G01 X153.2609Y11.6664
G01 X149.1045Y7.5100
G01 X137.8955Y7.5100
G01 X134.4957Y10.9097
G01 X134.4639Y10.9383
G01 X134.4266Y10.9660
G01 X134.3867Y10.9898
G01 X134.3462Y11.0090
G01 X134.3030Y11.0245
G01 X134.2574Y11.0360
G01 X134.2113Y11.0428
G01 X134.1659Y11.0450
G01 X126.4892Y11.0450
G01 X126.4397Y11.0423
G01 X126.3981Y11.0360
G01 X126.3531Y11.0248
G01 X126.3091Y11.0091
G01 X126.2646Y10.9878
G01 X126.2278Y10.9656
G01 X126.1937Y10.9404
G01 X126.1574Y10.9079
G01 X122.9195Y7.6700
G01 X119.1805Y7.6700
G01 X115.9425Y10.9079
G01 X115.9090Y10.9382
G01 X115.8722Y10.9656
G01 X115.8326Y10.9894
G01 X115.7909Y11.0091
G01 X115.7469Y11.0248
G01 X115.7019Y11.0360
G01 X115.6571Y11.0427
G01 X115.6108Y11.0450
G01 X108.1750Y11.0450
G01 X108.1323Y11.0429
G01 X108.0867Y11.0365
G01 X108.0353Y11.0236
G01 X107.9983Y11.0104
G01 X107.9565Y10.9910
G01 X107.9167Y10.9676
G01 X107.8795Y10.9404
G01 X107.8426Y10.9073
G01 X104.4453Y7.5100
G01 X92.8955Y7.5100
G01 X90.4457Y9.9597
G01 X90.4113Y9.9904
G01 X90.3741Y10.0176
G01 X90.3344Y10.0410
G01 X90.2925Y10.0604
G01 X90.2490Y10.0756
G01 X90.2050Y10.0864
G01 X90.1585Y10.0929
G01 X90.1159Y10.0949
G01 X82.0827Y10.0949
G01 X82.0332Y10.0923
G01 X81.9909Y10.0859
G01 X81.9463Y10.0747
G01 X81.9034Y10.0594
G01 X81.8581Y10.0378
G01 X81.8219Y10.0160
G01 X81.7872Y9.9904
G01 X81.7510Y9.9579
G01 X78.3130Y6.5200
G01 X73.7870Y6.5200
G01 X70.3472Y9.9597
G01 X70.3128Y9.9904
G01 X70.2755Y10.0176
G01 X70.2419Y10.0378
G01 X70.2003Y10.0578
G01 X70.1570Y10.0736
G01 X70.1124Y10.0852
G01 X70.0668Y10.0923
G01 X70.0207Y10.0949
G01 X61.8841Y10.0949
G01 X61.8380Y10.0927
G01 X61.7891Y10.0852
G01 X61.7475Y10.0746
G01 X61.7075Y10.0604
G01 X61.6628Y10.0396
G01 X61.6202Y10.0138
G01 X61.5860Y9.9883
G01 X61.5518Y9.9573
G01 X59.1045Y7.5100
G01 X47.8955Y7.5100
G01 X46.3982Y9.0073
G01 X46.3666Y9.0360
G01 X46.3298Y9.0638
G01 X46.2904Y9.0877
G01 X46.2425Y9.1104
G01 X46.1990Y9.1256
G01 X46.1553Y9.1363
G01 X46.1085Y9.1429
G01 X46.0659Y9.1449
G01 X37.8749Y9.1449
G01 X37.8255Y9.1423
G01 X37.7866Y9.1365
G01 X37.7418Y9.1256
G01 X37.6983Y9.1104
G01 X37.6565Y9.0910
G01 X37.6167Y9.0676
G01 X37.5795Y9.0404
G01 X37.5451Y9.0096
G01 X37.4465Y8.9112
G01 X37.4073Y8.9248
G01 X37.3121Y8.9487
G01 X37.2083Y8.9644
G01 X37.0966Y8.9699
G01 X36.9917Y8.9644
G01 X36.8946Y8.9500
G01 X36.7927Y8.9248
G01 X36.6937Y8.8898
G01 X36.5987Y8.8452
G01 X36.5084Y8.7915
G01 X36.4239Y8.7292
G01 X36.3410Y8.6541
G01 X36.2708Y8.5761
G01 X36.2123Y8.4973
G01 X36.1580Y8.4074
G01 X36.1128Y8.3126
G01 X36.0752Y8.2073
G01 X36.0501Y8.1062
G01 X36.0350Y8.0014
G00 Z3.0000
G00 X35.8368Y7.9644
G01 Z-0.2000
G01 X34.7384Y6.8660
G01 X36.3710Y6.8660
G01 X36.3072Y6.9133
G01 X36.2870Y6.9299
G01 X36.2143Y6.9958
G01 X36.1958Y7.0143
G01 X36.1299Y7.0870
G01 X36.1303Y7.0873
G01 X36.1133Y7.1072
G01 X36.0536Y7.1877
G01 X36.0404Y7.2077
G01 X35.9899Y7.2919
G01 X35.9776Y7.3149
G01 X35.9357Y7.4036
G01 X35.9257Y7.4277
G01 X35.8926Y7.5201
G01 X35.8850Y7.5451
G01 X35.8612Y7.6403
G01 X35.8566Y7.6627
G01 X35.8417Y7.7630
G01 X35.8391Y7.7889
G01 X35.8343Y7.8869
G01 X35.8343Y7.9131
G01 X35.8368Y7.9644
G00 Z3.0000
G00 X35.7467Y7.7357
G01 Z-0.2000
G01 X34.9750Y6.9640
G01 X36.1091Y6.9640
G01 X36.0573Y7.0212
G01 X36.0578Y7.0216
G01 X36.0346Y7.0488
G01 X35.9744Y7.1300
G01 X35.9563Y7.1573
G01 X35.9059Y7.2415
G01 X35.8890Y7.2730
G01 X35.8471Y7.3617
G01 X35.8334Y7.3947
G01 X35.8003Y7.4871
G01 X35.7900Y7.5213
G01 X35.7661Y7.6165
G01 X35.7598Y7.6471
G01 X35.7467Y7.7357
G00 Z3.0000
G00 X35.6853Y7.5357
G01 Z-0.2000
G01 X35.2116Y7.0620
G01 X35.9028Y7.0620
G01 X35.8952Y7.0723
G01 X35.8723Y7.1069
G01 X35.8218Y7.1911
G01 X35.8004Y7.2311
G01 X35.7585Y7.3198
G01 X35.7411Y7.3617
G01 X35.7081Y7.4541
G01 X35.7086Y7.4542
G01 X35.6949Y7.4975
G01 X35.6853Y7.5357
G00 Z3.0000
G00 X35.6404Y7.3522
G01 Z-0.2000
G01 X35.4482Y7.1600
G01 X35.7274Y7.1600
G01 X35.7118Y7.1892
G01 X35.6699Y7.2779
G01 X35.6489Y7.3287
G01 X35.6404Y7.3522
G00 Z3.0000
G00 X35.9872Y8.2534
G01 Z-0.2000
G01 X34.5322Y6.7984
G01 X34.4990Y6.7680
G01 X36.8171Y6.7680
G01 X36.7689Y6.7801
G01 X36.7531Y6.7849
G01 X36.6607Y6.8179
G01 X36.6455Y6.8243
G01 X36.5568Y6.8662
G01 X36.5422Y6.8740
G01 X36.4581Y6.9244
G01 X36.4444Y6.9336
G01 X36.3655Y6.9921
G01 X36.3528Y7.0025
G01 X36.2801Y7.0684
G01 X36.2684Y7.0801
G01 X36.2025Y7.1528
G01 X36.1921Y7.1655
G01 X36.1328Y7.2455
G01 X36.1244Y7.2581
G01 X36.0740Y7.3422
G01 X36.0662Y7.3568
G01 X36.0243Y7.4455
G01 X36.0179Y7.4607
G01 X35.9849Y7.5531
G01 X35.9801Y7.5689
G01 X35.9562Y7.6641
G01 X35.9533Y7.6782
G01 X35.9386Y7.7773
G01 X35.9370Y7.7937
G01 X35.9322Y7.8918
G01 X35.9322Y7.9082
G01 X35.9370Y8.0063
G01 X35.9386Y8.0227
G01 X35.9533Y8.1218
G01 X35.9562Y8.1359
G01 X35.9801Y8.2311
G01 X35.9872Y8.2534
G00 Z3.0000
G00 X37.5065Y9.1069
G01 Z-0.2000
G01 X36.8408Y9.1069
G01 X36.7466Y9.0128
G01 X36.7689Y9.0199
G01 X36.8641Y9.0438
G01 X36.8803Y9.0470
G01 X36.9773Y9.0614
G01 X36.9937Y9.0630
G01 X37.0918Y9.0678
G01 X37.1082Y9.0678
G01 X37.2063Y9.0630
G01 X37.2227Y9.0614
G01 X37.3225Y9.0465
G01 X37.4195Y9.0228
G01 X37.4733Y9.0766
G01 X37.5065Y9.1069
G00 Z3.0000
G00 X33.6855Y3.6112
G01 Z-0.2000
G01 X33.6801Y3.4966
G01 X33.6861Y3.3819
G01 X33.7032Y3.2684
G01 X33.7315Y3.1571
G01 X33.7705Y3.0491
G01 X33.8198Y2.9455
G01 X33.8788Y2.8476
G01 X33.9478Y2.7552
G01 X34.0252Y2.6703
G01 X34.1105Y2.5935
G01 X34.1972Y2.5292
G01 X34.2955Y2.4698
G01 X34.3991Y2.4205
G01 X34.5071Y2.3815
G01 X34.6240Y2.3521
G01 X34.7319Y2.3361
G01 X34.8466Y2.3301
G01 X34.9613Y2.3354
G01 X35.0816Y2.3532
G01 X35.1929Y2.3815
G01 X35.3009Y2.4205
G01 X35.4045Y2.4698
G01 X35.5024Y2.5288
G01 X35.5948Y2.5978
G01 X35.6797Y2.6752
G01 X35.7565Y2.7605
G01 X35.8247Y2.8529
G01 X35.8834Y2.9515
G01 X35.9322Y3.0555
G01 X35.9705Y3.1637
G01 X35.9979Y3.2740
G01 X36.0146Y3.3887
G01 X36.0199Y3.4966
G01 X36.0186Y3.5300
G01 X40.4556Y3.5300
G01 X40.5081Y3.5325
G01 X40.5635Y3.5404
G01 X40.6244Y3.5556
G01 X40.6769Y3.5748
G01 X40.7213Y3.5958
G01 X40.7694Y3.6242
G01 X40.8145Y3.6573
G01 X40.8562Y3.6946
G01 X41.6917Y4.5300
G01 X42.4160Y4.5300
G01 X42.4684Y4.5325
G01 X42.5238Y4.5404
G01 X42.5782Y4.5536
G01 X42.6309Y4.5722
G01 X42.6816Y4.5958
G01 X42.7355Y4.6280
G01 X42.7802Y4.6616
G01 X42.8191Y4.6969
G01 X43.8543Y5.7322
G01 X43.9034Y5.7301
G01 X44.0083Y5.7356
G01 X44.1121Y5.7513
G01 X44.2139Y5.7772
G01 X44.3126Y5.8128
G01 X44.4074Y5.8580
G01 X44.4968Y5.9120
G01 X44.5814Y5.9751
G01 X44.6590Y6.0459
G01 X44.7249Y6.1186
G01 X44.7915Y6.2084
G01 X44.8420Y6.2926
G01 X44.8872Y6.3874
G01 X44.9248Y6.4927
G01 X44.9499Y6.5938
G01 X44.9644Y6.6917
G01 X44.9699Y6.8034
G01 X44.9644Y6.9083
G01 X44.9500Y7.0054
G01 X44.9228Y7.1139
G01 X44.8872Y7.2126
G01 X44.8420Y7.3074
G01 X44.7880Y7.3968
G01 X44.7249Y7.4814
G01 X44.6541Y7.5590
G01 X44.5761Y7.6292
G01 X44.4916Y7.6915
G01 X44.4013Y7.7452
G01 X44.3063Y7.7898
G01 X44.2073Y7.8248
G01 X44.1065Y7.8498
G01 X44.0015Y7.8651
G01 X43.8966Y7.8699
G01 X43.7917Y7.8644
G01 X43.6879Y7.8487
G01 X43.5861Y7.8228
G01 X43.4937Y7.7898
G01 X43.3987Y7.7452
G01 X43.3032Y7.6880
G01 X43.2239Y7.6292
G01 X43.1410Y7.5541
G01 X43.0708Y7.4761
G01 X43.0085Y7.3916
G01 X42.9580Y7.3074
G01 X42.9128Y7.2126
G01 X42.8772Y7.1139
G01 X42.8501Y7.0062
G01 X42.8356Y6.9083
G01 X42.8301Y6.7966
G01 X42.8356Y6.6917
G01 X42.8513Y6.5879
G01 X42.8752Y6.4927
G01 X42.9085Y6.3986
G01 X42.1799Y5.6700
G01 X41.4556Y5.6700
G01 X41.4032Y5.6675
G01 X41.3478Y5.6596
G01 X41.2935Y5.6464
G01 X41.2407Y5.6278
G01 X41.1900Y5.6042
G01 X41.1362Y5.5720
G01 X41.0914Y5.5384
G01 X41.0526Y5.5030
G01 X40.2195Y4.6700
G01 X35.2900Y4.6700
G01 X35.2375Y4.6675
G01 X35.1822Y4.6596
G01 X35.1278Y4.6464
G01 X35.1089Y4.6399
G01 X35.0760Y4.6479
G01 X34.9681Y4.6639
G01 X34.8466Y4.6699
G01 X34.7319Y4.6639
G01 X34.6251Y4.6481
G01 X34.5137Y4.6205
G01 X34.4055Y4.5822
G01 X34.2955Y4.5302
G01 X34.1976Y4.4712
G01 X34.1105Y4.4065
G01 X34.0252Y4.3297
G01 X33.9478Y4.2448
G01 X33.8792Y4.1528
G01 X33.8198Y4.0545
G01 X33.7678Y3.9445
G01 X33.7315Y3.8429
G01 X33.7032Y3.7316
G01 X33.6855Y3.6112
G00 Z3.0000
G00 X33.6045Y3.2547
G01 Z-0.2000
G01 X33.6062Y3.2545
G01 X33.5891Y3.3675
G01 X33.5875Y3.3839
G01 X33.5822Y3.4918
G01 X33.5822Y3.5082
G01 X33.5875Y3.6161
G01 X33.5891Y3.6325
G01 X33.6050Y3.7393
G01 X33.6082Y3.7554
G01 X33.6344Y3.8601
G01 X33.6392Y3.8759
G01 X33.6559Y3.9226
G01 X33.5392Y3.8059
G01 X33.5518Y3.7554
G01 X33.5550Y3.7393
G01 X33.5709Y3.6325
G01 X33.5725Y3.6161
G01 X33.5778Y3.5082
G01 X33.5778Y3.4918
G01 X33.5725Y3.3839
G01 X33.5709Y3.3675
G01 X33.5539Y3.2546
G01 X33.5718Y3.2561
G01 X33.5882Y3.2561
G01 X33.6045Y3.2547
G00 Z3.0000
G00 X31.1455Y3.6112
G01 Z-0.2000
G01 X31.1401Y3.4966
G01 X31.1461Y3.3819
G01 X31.1619Y3.2751
G01 X31.1895Y3.1637
G01 X31.2305Y3.0491
G01 X31.2798Y2.9455
G01 X31.3388Y2.8476
G01 X31.4035Y2.7605
G01 X31.4852Y2.6703
G01 X31.5705Y2.5935
G01 X31.6572Y2.5292
G01 X31.7555Y2.4698
G01 X31.8591Y2.4205
G01 X31.9671Y2.3815
G01 X32.0840Y2.3521
G01 X32.1987Y2.3354
G01 X32.3134Y2.3301
G01 X32.4213Y2.3354
G01 X32.5416Y2.3532
G01 X32.6529Y2.3815
G01 X32.7545Y2.4178
G01 X32.8585Y2.4666
G01 X32.9624Y2.5288
G01 X33.0495Y2.5935
G01 X33.1397Y2.6752
G01 X33.2165Y2.7605
G01 X33.2808Y2.8472
G01 X33.3402Y2.9455
G01 X33.3895Y3.0491
G01 X33.4285Y3.1571
G01 X33.4581Y3.2751
G01 X33.4746Y3.3887
G01 X33.4799Y3.5034
G01 X33.4739Y3.6181
G01 X33.4581Y3.7249
G01 X33.4306Y3.8359
G01 X34.3247Y4.7300
G01 X40.0000Y4.7300
G01 X40.0495Y4.7327
G01 X40.0883Y4.7384
G01 X40.1331Y4.7493
G01 X40.1830Y4.7672
G01 X40.2245Y4.7872
G01 X40.2635Y4.8108
G01 X40.2955Y4.8346
G01 X40.3299Y4.8653
G01 X41.2535Y5.7888
G01 X41.2927Y5.7752
G01 X41.3879Y5.7513
G01 X41.4985Y5.7349
G01 X41.6034Y5.7301
G01 X41.7015Y5.7349
G01 X41.8121Y5.7513
G01 X41.9073Y5.7752
G01 X42.0063Y5.8102
G01 X42.1013Y5.8548
G01 X42.1973Y5.9123
G01 X42.2761Y5.9708
G01 X42.3541Y6.0410
G01 X42.4292Y6.1239
G01 X42.4877Y6.2027
G01 X42.5420Y6.2926
G01 X42.5872Y6.3874
G01 X42.6248Y6.4927
G01 X42.6499Y6.5938
G01 X42.6644Y6.6917
G01 X42.6699Y6.8034
G01 X42.6644Y6.9083
G01 X42.6500Y7.0054
G01 X42.6228Y7.1139
G01 X42.5872Y7.2126
G01 X42.5420Y7.3074
G01 X42.4880Y7.3968
G01 X42.4249Y7.4814
G01 X42.3541Y7.5590
G01 X42.2761Y7.6292
G01 X42.1973Y7.6877
G01 X42.1074Y7.7420
G01 X42.0126Y7.7872
G01 X41.9139Y7.8228
G01 X41.8065Y7.8498
G01 X41.7015Y7.8651
G01 X41.5966Y7.8699
G01 X41.4917Y7.8644
G01 X41.3946Y7.8500
G01 X41.2927Y7.8248
G01 X41.1937Y7.7898
G01 X41.0987Y7.7452
G01 X41.0032Y7.6880
G01 X40.9239Y7.6292
G01 X40.8459Y7.5590
G01 X40.7751Y7.4814
G01 X40.7123Y7.3973
G01 X40.6580Y7.3074
G01 X40.6102Y7.2063
G01 X40.5752Y7.1073
G01 X40.5501Y7.0062
G01 X40.5356Y6.9083
G01 X40.5301Y6.8034
G01 X40.5349Y6.6985
G01 X40.5500Y6.5946
G01 X40.5752Y6.4927
G01 X40.5888Y6.4535
G01 X39.8053Y5.6700
G01 X34.1300Y5.6700
G01 X34.0874Y5.6680
G01 X34.0417Y5.6616
G01 X33.9903Y5.6487
G01 X33.9470Y5.6328
G01 X33.9055Y5.6128
G01 X33.8665Y5.5892
G01 X33.8345Y5.5654
G01 X33.8001Y5.5347
G01 X32.8179Y4.5526
G01 X32.7545Y4.5822
G01 X32.6529Y4.6185
G01 X32.5360Y4.6479
G01 X32.4213Y4.6646
G01 X32.3066Y4.6699
G01 X32.1987Y4.6646
G01 X32.0784Y4.6468
G01 X31.9671Y4.6185
G01 X31.8655Y4.5822
G01 X31.7615Y4.5334
G01 X31.6576Y4.4712
G01 X31.5652Y4.4022
G01 X31.4803Y4.3248
G01 X31.4035Y4.2395
G01 X31.3392Y4.1528
G01 X31.2798Y4.0545
G01 X31.2305Y3.9509
G01 X31.1895Y3.8363
G01 X31.1621Y3.7260
G01 X31.1455Y3.6112
G00 Z3.0000
G00 X27.3864Y6.1427
G01 Z-0.2000
G01 X27.3134Y6.1467
G01 X27.2772Y6.1511
G01 X27.2384Y6.1568
G01 X27.2385Y6.1580
G01 X27.2059Y6.1625
G01 X27.1750Y6.1694
G01 X27.1370Y6.1790
G01 X27.0991Y6.1897
G01 X27.0382Y6.2109
G01 X27.0387Y6.2123
G01 X27.0112Y6.2213
G01 X26.9785Y6.2356
G01 X26.9431Y6.2524
G01 X26.9165Y6.2657
G01 X26.8861Y6.2829
G01 X26.8256Y6.3200
G01 X26.7987Y6.3389
G01 X26.7430Y6.3812
G01 X26.7173Y6.4033
G01 X26.6648Y6.4519
G01 X25.9980Y7.1187
G01 X25.9980Y4.7531
G01 X26.0103Y4.7654
G01 X26.0903Y4.8379
G01 X26.0911Y4.8369
G01 X26.1402Y4.8788
G01 X26.2313Y4.9463
G01 X26.2806Y4.9790
G01 X26.3732Y5.0345
G01 X26.4216Y5.0604
G01 X26.4356Y5.0944
G01 X26.4524Y5.1299
G01 X26.4828Y5.1868
G01 X26.5030Y5.2205
G01 X26.5389Y5.2742
G01 X26.5623Y5.3057
G01 X26.6032Y5.3556
G01 X26.6519Y5.4081
G01 X27.3864Y6.1427
G00 Z3.0000
G00 X27.1743Y6.0692
G01 Z-0.2000
G01 X27.1131Y6.0839
G01 X27.0697Y6.0962
G01 X27.0052Y6.1187
G01 X27.0057Y6.1202
G01 X26.9741Y6.1306
G01 X26.9366Y6.1471
G01 X26.8707Y6.1791
G01 X26.8357Y6.1988
G01 X26.7712Y6.2385
G01 X26.7088Y6.2836
G01 X26.6810Y6.3053
G01 X26.6515Y6.3307
G01 X26.5955Y6.3826
G01 X26.0960Y6.8821
G01 X26.0960Y4.9681
G01 X26.1735Y5.0255
G01 X26.2302Y5.0631
G01 X26.3228Y5.1186
G01 X26.3445Y5.1301
G01 X26.3638Y5.1718
G01 X26.3988Y5.2372
G01 X26.4190Y5.2709
G01 X26.4602Y5.3326
G01 X26.4836Y5.3641
G01 X26.5306Y5.4215
G01 X26.5826Y5.4774
G01 X27.1743Y6.0692
G00 Z3.0000
G00 X25.9000Y4.6349
G01 Z-0.2000
G01 X25.9552Y4.5739
G01 X25.9545Y4.5732
G01 X25.9594Y4.5674
G01 X26.0372Y4.6539
G01 X26.0761Y4.6928
G01 X26.1561Y4.7652
G01 X26.1568Y4.7645
G01 X26.1986Y4.8001
G01 X26.2890Y4.8671
G01 X26.3310Y4.8949
G01 X26.4236Y4.9504
G01 X26.4720Y4.9763
G01 X26.4986Y4.9889
G01 X26.5032Y5.0017
G01 X26.5242Y5.0525
G01 X26.5410Y5.0880
G01 X26.5669Y5.1365
G01 X26.5871Y5.1701
G01 X26.6176Y5.2158
G01 X26.6410Y5.2473
G01 X26.6759Y5.2898
G01 X26.7212Y5.3388
G01 X27.6224Y6.2400
G01 X27.4129Y6.2400
G01 X27.3855Y6.2407
G01 X27.3224Y6.2443
G01 X27.2916Y6.2480
G01 X27.2527Y6.2538
G01 X27.2529Y6.2548
G01 X27.2252Y6.2586
G01 X27.1608Y6.2740
G01 X27.1286Y6.2831
G01 X27.0712Y6.3032
G01 X27.0716Y6.3044
G01 X27.0482Y6.3120
G01 X27.0204Y6.3242
G01 X26.9624Y6.3523
G01 X26.9365Y6.3669
G01 X26.8800Y6.4016
G01 X26.8571Y6.4176
G01 X26.8050Y6.4571
G01 X26.7831Y6.4759
G01 X26.7341Y6.5212
G01 X25.9000Y7.3553
G01 X25.9000Y4.6349
G00 Z3.0000
G00 X25.9600Y4.4075
G01 Z-0.2000
G01 X26.0086Y4.4730
G01 X26.0374Y4.5081
G01 X26.1099Y4.5881
G01 X26.1419Y4.6201
G01 X26.2219Y4.6926
G01 X26.2225Y4.6920
G01 X26.2570Y4.7214
G01 X26.3467Y4.7880
G01 X26.3814Y4.8109
G01 X26.4739Y4.8664
G01 X26.5139Y4.8878
G01 X26.5781Y4.9181
G01 X26.5822Y4.9318
G01 X26.5955Y4.9687
G01 X26.6128Y5.0106
G01 X26.6296Y5.0461
G01 X26.6510Y5.0861
G01 X26.6711Y5.1197
G01 X26.6963Y5.1574
G01 X26.7197Y5.1890
G01 X26.7485Y5.2240
G01 X26.7905Y5.2695
G01 X27.8590Y6.3380
G01 X27.4129Y6.3380
G01 X27.3511Y6.3405
G01 X27.3314Y6.3419
G01 X27.3060Y6.3449
G01 X27.2444Y6.3547
G01 X27.2227Y6.3596
G01 X27.1846Y6.3691
G01 X27.1580Y6.3766
G01 X27.1412Y6.3823
G01 X27.1042Y6.3955
G01 X27.1046Y6.3964
G01 X27.0852Y6.4027
G01 X27.0623Y6.4128
G01 X27.0082Y6.4389
G01 X26.9532Y6.4712
G01 X26.9344Y6.4831
G01 X26.9155Y6.4964
G01 X26.8670Y6.5330
G01 X26.8489Y6.5485
G01 X26.8034Y6.5905
G01 X25.8434Y7.5505
G01 X25.8351Y7.5175
G01 X25.8219Y7.4741
G01 X25.8020Y7.4184
G01 X25.8020Y4.5962
G01 X25.8101Y4.5881
G01 X25.8826Y4.5081
G01 X25.8820Y4.5075
G01 X25.9114Y4.4730
G01 X25.9600Y4.4075
G00 Z3.0000
G00 X25.9600Y4.2262
G01 Z-0.2000
G01 X26.0032Y4.2983
G01 X26.0230Y4.3280
G01 X26.0873Y4.4147
G01 X26.1100Y4.4423
G01 X26.1825Y4.5223
G01 X26.2077Y4.5475
G01 X26.2877Y4.6200
G01 X26.2882Y4.6195
G01 X26.3153Y4.6427
G01 X26.4045Y4.7088
G01 X26.4317Y4.7268
G01 X26.5243Y4.7823
G01 X26.5558Y4.7992
G01 X26.6600Y4.8480
G01 X26.6641Y4.8646
G01 X26.6745Y4.8987
G01 X26.6877Y4.9357
G01 X26.7014Y4.9687
G01 X26.7182Y5.0042
G01 X26.7350Y5.0357
G01 X26.7552Y5.0694
G01 X26.7750Y5.0991
G01 X26.7984Y5.1306
G01 X26.8211Y5.1582
G01 X26.8598Y5.2002
G01 X28.0956Y6.4360
G01 X27.4129Y6.4360
G01 X27.3404Y6.4395
G01 X27.3203Y6.4419
G01 X27.2636Y6.4508
G01 X27.2084Y6.4642
G01 X27.1874Y6.4701
G01 X27.1223Y6.4935
G01 X27.0688Y6.5182
G01 X27.0373Y6.5350
G01 X26.9887Y6.5646
G01 X26.9424Y6.5984
G01 X26.9147Y6.6211
G01 X26.8727Y6.6598
G01 X25.7825Y7.7500
G01 X25.7702Y7.6671
G01 X25.7639Y7.6365
G01 X25.7400Y7.5413
G01 X25.7297Y7.5071
G01 X25.7040Y7.4354
G01 X25.7040Y4.5550
G01 X25.7375Y4.5223
G01 X25.8100Y4.4423
G01 X25.8095Y4.4418
G01 X25.8327Y4.4147
G01 X25.8988Y4.3255
G01 X25.9168Y4.2983
G01 X25.9600Y4.2262
G00 Z3.0000
G00 X25.9600Y4.0014
G01 Z-0.2000
G01 X25.9733Y4.0347
G01 X26.0194Y4.1323
G01 X26.0317Y4.1553
G01 X26.0872Y4.2479
G01 X26.1017Y4.2696
G01 X26.1660Y4.3563
G01 X26.1826Y4.3765
G01 X26.2551Y4.4565
G01 X26.2735Y4.4749
G01 X26.3535Y4.5474
G01 X26.3539Y4.5470
G01 X26.3737Y4.5640
G01 X26.4622Y4.6296
G01 X26.4821Y4.6428
G01 X26.5747Y4.6983
G01 X26.5977Y4.7106
G01 X26.6953Y4.7567
G01 X26.7194Y4.7667
G01 X26.7444Y4.7756
G01 X26.7497Y4.8027
G01 X26.7592Y4.8407
G01 X26.7668Y4.8657
G01 X26.7800Y4.9027
G01 X26.7900Y4.9268
G01 X26.8068Y4.9623
G01 X26.8191Y4.9853
G01 X26.8393Y5.0190
G01 X26.8538Y5.0407
G01 X26.8771Y5.0722
G01 X26.8937Y5.0924
G01 X26.9291Y5.1309
G01 X28.3322Y6.5340
G01 X27.4129Y6.5340
G01 X27.3607Y6.5363
G01 X27.3347Y6.5388
G01 X27.2828Y6.5469
G01 X27.2169Y6.5635
G01 X27.1593Y6.5842
G01 X27.0999Y6.6122
G01 X27.0540Y6.6393
G01 X27.0323Y6.6538
G01 X26.9909Y6.6848
G01 X26.9420Y6.7291
G01 X25.6935Y7.9776
G01 X25.6957Y7.9331
G01 X25.6957Y7.9069
G01 X25.6909Y7.8089
G01 X25.6883Y7.7830
G01 X25.6734Y7.6827
G01 X25.6688Y7.6603
G01 X25.6450Y7.5651
G01 X25.6374Y7.5401
G01 X25.6060Y7.4524
G01 X25.6060Y4.5116
G01 X25.6465Y4.4749
G01 X25.6649Y4.4565
G01 X25.7374Y4.3765
G01 X25.7370Y4.3761
G01 X25.7540Y4.3563
G01 X25.8196Y4.2678
G01 X25.8328Y4.2479
G01 X25.8883Y4.1553
G01 X25.9006Y4.1323
G01 X25.9467Y4.0347
G01 X25.9600Y4.0014
G00 Z3.0000
G00 X26.0655Y3.6112
G01 Z-0.2000
G01 X26.0601Y3.4966
G01 X26.0661Y3.3819
G01 X26.0832Y3.2684
G01 X26.1095Y3.1637
G01 X26.1478Y3.0555
G01 X26.1998Y2.9455
G01 X26.2592Y2.8472
G01 X26.3278Y2.7552
G01 X26.4052Y2.6703
G01 X26.4852Y2.5978
G01 X26.5772Y2.5292
G01 X26.6755Y2.4698
G01 X26.7791Y2.4205
G01 X26.8937Y2.3795
G01 X27.0040Y2.3521
G01 X27.1119Y2.3361
G01 X27.2266Y2.3301
G01 X27.3413Y2.3354
G01 X27.4616Y2.3532
G01 X27.5663Y2.3795
G01 X27.6745Y2.4178
G01 X27.7845Y2.4698
G01 X27.8824Y2.5288
G01 X27.9695Y2.5935
G01 X28.0597Y2.6752
G01 X28.1365Y2.7605
G01 X28.2008Y2.8472
G01 X28.2634Y2.9515
G01 X28.3095Y3.0491
G01 X28.3485Y3.1571
G01 X28.3779Y3.2740
G01 X28.3939Y3.3819
G01 X28.3999Y3.4966
G01 X28.3939Y3.6181
G01 X28.3781Y3.7249
G01 X28.3505Y3.8363
G01 X28.3095Y3.9509
G01 X28.2634Y4.0485
G01 X28.2047Y4.1471
G01 X28.1322Y4.2448
G01 X28.0548Y4.3297
G01 X27.9748Y4.4022
G01 X27.8784Y4.4738
G01 X29.1347Y5.7300
G01 X38.7200Y5.7300
G01 X38.7695Y5.7327
G01 X38.8083Y5.7385
G01 X38.8531Y5.7493
G01 X38.9030Y5.7672
G01 X38.9385Y5.7840
G01 X38.9496Y5.7902
G01 X38.9927Y5.7752
G01 X39.0879Y5.7513
G01 X39.1917Y5.7356
G01 X39.3034Y5.7301
G01 X39.4083Y5.7356
G01 X39.5054Y5.7500
G01 X39.6073Y5.7752
G01 X39.7063Y5.8102
G01 X39.8013Y5.8548
G01 X39.8916Y5.9085
G01 X39.9761Y5.9708
G01 X40.0541Y6.0410
G01 X40.1249Y6.1186
G01 X40.1877Y6.2027
G01 X40.2420Y6.2926
G01 X40.2872Y6.3874
G01 X40.3228Y6.4861
G01 X40.3499Y6.5938
G01 X40.3651Y6.6985
G01 X40.3699Y6.8034
G01 X40.3644Y6.9083
G01 X40.3487Y7.0121
G01 X40.3248Y7.1073
G01 X40.2898Y7.2063
G01 X40.2452Y7.3013
G01 X40.1915Y7.3916
G01 X40.1292Y7.4761
G01 X40.0590Y7.5541
G01 X39.9761Y7.6292
G01 X39.8973Y7.6877
G01 X39.8074Y7.7420
G01 X39.7126Y7.7872
G01 X39.6139Y7.8228
G01 X39.5065Y7.8498
G01 X39.4083Y7.8644
G01 X39.2966Y7.8699
G01 X39.1917Y7.8644
G01 X39.0879Y7.8487
G01 X38.9861Y7.8228
G01 X38.8874Y7.7872
G01 X38.7987Y7.7452
G01 X38.7084Y7.6915
G01 X38.6239Y7.6292
G01 X38.5459Y7.5590
G01 X38.4751Y7.4814
G01 X38.4123Y7.3973
G01 X38.3580Y7.3074
G01 X38.3128Y7.2126
G01 X38.2752Y7.1073
G01 X38.2501Y7.0062
G01 X38.2349Y6.9015
G01 X38.2301Y6.7966
G01 X38.2349Y6.6985
G01 X38.2388Y6.6700
G01 X28.9400Y6.6700
G01 X28.8905Y6.6673
G01 X28.8450Y6.6602
G01 X28.8069Y6.6507
G01 X28.7634Y6.6355
G01 X28.7155Y6.6128
G01 X28.6765Y6.5892
G01 X28.6446Y6.5654
G01 X28.6102Y6.5347
G01 X27.0653Y4.9899
G01 X27.0346Y4.9555
G01 X27.0074Y4.9182
G01 X26.9840Y4.8785
G01 X26.9645Y4.8367
G01 X26.9493Y4.7931
G01 X26.9386Y4.7492
G01 X26.9320Y4.7026
G01 X26.9301Y4.6634
G01 X26.9300Y4.6296
G01 X26.8871Y4.6185
G01 X26.7855Y4.5822
G01 X26.6755Y4.5302
G01 X26.5776Y4.4712
G01 X26.4905Y4.4065
G01 X26.4003Y4.3248
G01 X26.3235Y4.2395
G01 X26.2592Y4.1528
G01 X26.1998Y4.0545
G01 X26.1505Y3.9509
G01 X26.1115Y3.8429
G01 X26.0832Y3.7316
G01 X26.0655Y3.6112
G00 Z3.0000
G00 X25.9831Y3.2548
G01 Z-0.2000
G01 X25.9862Y3.2545
G01 X25.9691Y3.3675
G01 X25.9675Y3.3839
G01 X25.9622Y3.4918
G01 X25.9622Y3.5082
G01 X25.9675Y3.6161
G01 X25.9691Y3.6325
G01 X25.9854Y3.7420
G01 X26.0144Y3.8601
G01 X26.0192Y3.8759
G01 X26.0556Y3.9775
G01 X26.0619Y3.9928
G01 X26.1080Y4.0904
G01 X26.1158Y4.1049
G01 X26.1713Y4.1975
G01 X26.1804Y4.2112
G01 X26.2447Y4.2979
G01 X26.2552Y4.3107
G01 X26.3277Y4.3906
G01 X26.3394Y4.4023
G01 X26.4193Y4.4748
G01 X26.4321Y4.4853
G01 X26.5199Y4.5504
G01 X26.5325Y4.5587
G01 X26.6251Y4.6142
G01 X26.6396Y4.6220
G01 X26.7372Y4.6681
G01 X26.7525Y4.6744
G01 X26.8339Y4.7036
G01 X26.8357Y4.7239
G01 X26.8418Y4.7647
G01 X26.8447Y4.7789
G01 X26.8543Y4.8169
G01 X26.8590Y4.8327
G01 X26.8723Y4.8697
G01 X26.8786Y4.8849
G01 X26.8954Y4.9204
G01 X26.9031Y4.9349
G01 X26.9233Y4.9686
G01 X26.9325Y4.9823
G01 X26.9559Y5.0138
G01 X26.9663Y5.0266
G01 X26.9984Y5.0616
G01 X28.5384Y6.6016
G01 X28.5716Y6.6320
G01 X27.4047Y6.6322
G01 X27.3655Y6.6341
G01 X27.3491Y6.6358
G01 X27.3020Y6.6430
G01 X27.2560Y6.6543
G01 X27.2402Y6.6591
G01 X27.1964Y6.6749
G01 X27.1458Y6.6988
G01 X27.1043Y6.7233
G01 X27.0906Y6.7325
G01 X27.0529Y6.7607
G01 X27.0113Y6.7984
G01 X25.5459Y8.2638
G01 X25.5499Y8.2511
G01 X25.5738Y8.1559
G01 X25.5770Y8.1397
G01 X25.5914Y8.0427
G01 X25.5930Y8.0263
G01 X25.5978Y7.9282
G01 X25.5978Y7.9118
G01 X25.5930Y7.8137
G01 X25.5914Y7.7973
G01 X25.5767Y7.6982
G01 X25.5738Y7.6841
G01 X25.5499Y7.5889
G01 X25.5451Y7.5731
G01 X25.5080Y7.4709
G01 X25.5080Y4.4681
G01 X25.5806Y4.4023
G01 X25.5923Y4.3906
G01 X25.6648Y4.3107
G01 X25.6753Y4.2979
G01 X25.7404Y4.2101
G01 X25.7487Y4.1975
G01 X25.8042Y4.1049
G01 X25.8120Y4.0904
G01 X25.8581Y3.9928
G01 X25.8644Y3.9775
G01 X25.9008Y3.8759
G01 X25.9056Y3.8601
G01 X25.9318Y3.7554
G01 X25.9350Y3.7393
G01 X25.9509Y3.6325
G01 X25.9525Y3.6161
G01 X25.9578Y3.5082
G01 X25.9578Y3.4918
G01 X25.9525Y3.3839
G01 X25.9509Y3.3675
G01 X25.9339Y3.2546
G01 X25.9518Y3.2561
G01 X25.9682Y3.2561
G01 X25.9831Y3.2548
G00 Z3.0000
G00 X23.4431Y3.2548
G01 Z-0.2000
G01 X23.4462Y3.2545
G01 X23.4291Y3.3675
G01 X23.4275Y3.3839
G01 X23.4222Y3.4918
G01 X23.4222Y3.5082
G01 X23.4275Y3.6161
G01 X23.4291Y3.6325
G01 X23.4461Y3.7454
G01 X23.4282Y3.7439
G01 X23.4118Y3.7439
G01 X23.3938Y3.7455
G01 X23.4109Y3.6325
G01 X23.4125Y3.6161
G01 X23.4178Y3.5082
G01 X23.4178Y3.4918
G01 X23.4125Y3.3839
G01 X23.4109Y3.3675
G01 X23.3939Y3.2546
G01 X23.4118Y3.2561
G01 X23.4282Y3.2561
G01 X23.4431Y3.2548
G00 Z3.0000
G00 X23.3650Y8.0214
G01 Z-0.2000
G01 X23.3601Y7.9234
G01 X23.3649Y7.8185
G01 X23.3801Y7.7138
G01 X23.4052Y7.6127
G01 X23.4402Y7.5137
G01 X23.4848Y7.4187
G01 X23.5420Y7.3232
G01 X23.6008Y7.2439
G01 X23.6710Y7.1659
G01 X23.7486Y7.0951
G01 X23.8327Y7.0323
G01 X23.9226Y6.9780
G01 X24.0174Y6.9328
G01 X24.1161Y6.8972
G01 X24.2179Y6.8713
G01 X24.2700Y6.8632
G01 X24.2700Y4.5910
G01 X24.2391Y4.5795
G01 X24.1355Y4.5302
G01 X24.0376Y4.4712
G01 X23.9452Y4.4022
G01 X23.8603Y4.3248
G01 X23.7835Y4.2395
G01 X23.7153Y4.1471
G01 X23.6566Y4.0485
G01 X23.6105Y3.9509
G01 X23.5715Y3.8429
G01 X23.5421Y3.7260
G01 X23.5261Y3.6181
G01 X23.5201Y3.5034
G01 X23.5254Y3.3887
G01 X23.5419Y3.2751
G01 X23.5695Y3.1637
G01 X23.6078Y3.0555
G01 X23.6566Y2.9515
G01 X23.7188Y2.8476
G01 X23.7835Y2.7605
G01 X23.8603Y2.6752
G01 X23.9452Y2.5978
G01 X24.0372Y2.5292
G01 X24.1355Y2.4698
G01 X24.2391Y2.4205
G01 X24.3471Y2.3815
G01 X24.4640Y2.3521
G01 X24.5719Y2.3361
G01 X24.6866Y2.3301
G01 X24.8013Y2.3354
G01 X24.9149Y2.3519
G01 X25.0263Y2.3795
G01 X25.1409Y2.4205
G01 X25.2445Y2.4698
G01 X25.3424Y2.5288
G01 X25.4295Y2.5935
G01 X25.5148Y2.6703
G01 X25.5965Y2.7605
G01 X25.6608Y2.8472
G01 X25.7202Y2.9455
G01 X25.7722Y3.0555
G01 X25.8085Y3.1571
G01 X25.8368Y3.2684
G01 X25.8546Y3.3887
G01 X25.8599Y3.5034
G01 X25.8539Y3.6181
G01 X25.8381Y3.7249
G01 X25.8105Y3.8363
G01 X25.7695Y3.9509
G01 X25.7202Y4.0545
G01 X25.6612Y4.1524
G01 X25.5965Y4.2395
G01 X25.5148Y4.3297
G01 X25.4348Y4.4022
G01 X25.4100Y4.4210
G01 X25.4100Y7.4923
G01 X25.4198Y7.5137
G01 X25.4528Y7.6061
G01 X25.4787Y7.7079
G01 X25.4944Y7.8117
G01 X25.4999Y7.9166
G01 X25.4944Y8.0283
G01 X25.4800Y8.1254
G01 X25.4548Y8.2273
G01 X25.4172Y8.3326
G01 X25.3720Y8.4274
G01 X25.3177Y8.5173
G01 X25.2549Y8.6014
G01 X25.1841Y8.6790
G01 X25.1061Y8.7492
G01 X25.0216Y8.8115
G01 X24.9374Y8.8620
G01 X24.8426Y8.9072
G01 X24.7439Y8.9428
G01 X24.6421Y8.9687
G01 X24.5315Y8.9851
G01 X24.4266Y8.9899
G01 X24.3217Y8.9844
G01 X24.2246Y8.9700
G01 X24.1227Y8.9448
G01 X24.0237Y8.9098
G01 X23.9287Y8.8652
G01 X23.8332Y8.8080
G01 X23.7539Y8.7492
G01 X23.6710Y8.6741
G01 X23.6008Y8.5961
G01 X23.5423Y8.5173
G01 X23.4880Y8.4274
G01 X23.4428Y8.3326
G01 X23.4072Y8.2339
G01 X23.3813Y8.1321
G01 X23.3650Y8.0214
G00 Z3.0000
G00 X24.4150Y9.0875
G01 Z-0.2000
G01 X24.4382Y9.0878
G01 X24.5363Y9.0830
G01 X24.5527Y9.0814
G01 X24.6525Y9.0665
G01 X24.7611Y9.0399
G01 X24.7736Y9.0361
G01 X24.3973Y9.4124
G01 X24.3605Y9.4532
G01 X24.3325Y9.4907
G01 X24.3233Y9.5044
G01 X24.2992Y9.5449
G01 X24.2786Y9.5881
G01 X24.2723Y9.6033
G01 X24.2564Y9.6483
G01 X24.2447Y9.6941
G01 X24.2415Y9.7103
G01 X24.2357Y9.7491
G01 X24.2341Y9.7655
G01 X24.2320Y9.8129
G01 X24.2346Y9.8676
G01 X24.2429Y9.9239
G01 X24.2570Y9.9796
G01 X24.2570Y11.5500
G01 X24.2591Y11.5975
G01 X24.2607Y11.6139
G01 X24.2668Y11.6547
G01 X24.2793Y11.7069
G01 X24.2840Y11.7227
G01 X24.2973Y11.7597
G01 X24.3036Y11.7749
G01 X24.3204Y11.8104
G01 X24.3281Y11.8249
G01 X24.3483Y11.8586
G01 X24.3575Y11.8723
G01 X24.3820Y11.9052
G01 X24.3824Y12.2245
G01 X24.3847Y12.2530
G01 X24.3872Y12.2678
G01 X24.3914Y12.2869
G01 X24.3982Y12.3099
G01 X24.4078Y12.3353
G01 X24.4244Y12.3674
G01 X24.4373Y12.3875
G01 X24.4491Y12.4032
G01 X24.4648Y12.4213
G01 X24.4787Y12.4352
G01 X24.4968Y12.4509
G01 X24.5173Y12.4662
G01 X24.5326Y12.4756
G01 X24.5499Y12.4850
G01 X24.5717Y12.4950
G01 X24.5901Y12.5018
G01 X24.6131Y12.5086
G01 X24.6322Y12.5128
G01 X24.6559Y12.5162
G01 X24.6755Y12.5176
G01 X24.9625Y12.5180
G01 X25.0030Y12.5153
G01 X25.0369Y12.5086
G01 X25.0599Y12.5018
G01 X25.0853Y12.4922
G01 X25.1001Y12.4850
G01 X25.1174Y12.4756
G01 X25.1375Y12.4627
G01 X25.1532Y12.4509
G01 X25.1713Y12.4352
G01 X25.1852Y12.4213
G01 X25.2009Y12.4032
G01 X25.2127Y12.3875
G01 X25.2256Y12.3674
G01 X25.2350Y12.3501
G01 X25.2450Y12.3283
G01 X25.2547Y12.3016
G01 X25.2586Y12.2869
G01 X25.2628Y12.2678
G01 X25.2662Y12.2441
G01 X25.2676Y12.2245
G01 X25.2680Y11.9052
G01 X25.2933Y11.8712
G01 X25.3219Y11.8249
G01 X25.3296Y11.8104
G01 X25.3464Y11.7749
G01 X25.3527Y11.7597
G01 X25.3660Y11.7227
G01 X25.3707Y11.7069
G01 X25.3803Y11.6689
G01 X25.3835Y11.6527
G01 X25.3893Y11.6139
G01 X25.3909Y11.5975
G01 X25.3930Y11.5500
G01 X25.3930Y10.0232
G01 X25.5270Y9.8892
G01 X25.5270Y11.5500
G01 X25.5291Y11.5975
G01 X25.5307Y11.6139
G01 X25.5368Y11.6547
G01 X25.5397Y11.6689
G01 X25.5493Y11.7069
G01 X25.5540Y11.7227
G01 X25.5673Y11.7597
G01 X25.5736Y11.7749
G01 X25.5904Y11.8104
G01 X25.5981Y11.8249
G01 X25.6183Y11.8586
G01 X25.6275Y11.8723
G01 X25.6520Y11.9052
G01 X25.6520Y12.2125
G01 X25.6553Y12.2570
G01 X25.6583Y12.2732
G01 X25.6670Y12.3069
G01 X25.6798Y12.3392
G01 X25.6850Y12.3507
G01 X25.7030Y12.3811
G01 X25.7103Y12.3921
G01 X25.7185Y12.4024
G01 X25.7415Y12.4285
G01 X25.7512Y12.4375
G01 X25.7747Y12.4572
G01 X25.7889Y12.4670
G01 X25.8188Y12.4847
G01 X25.8308Y12.4902
G01 X25.8562Y12.5007
G01 X25.8758Y12.5066
G01 X25.8968Y12.5117
G01 X25.9097Y12.5142
G01 X25.9228Y12.5158
G01 X25.9575Y12.5180
G01 X26.2325Y12.5180
G01 X26.2641Y12.5162
G01 X26.2878Y12.5128
G01 X26.3069Y12.5086
G01 X26.3299Y12.5018
G01 X26.3553Y12.4922
G01 X26.3701Y12.4850
G01 X26.3874Y12.4756
G01 X26.4075Y12.4627
G01 X26.4232Y12.4509
G01 X26.4413Y12.4352
G01 X26.4552Y12.4213
G01 X26.4709Y12.4032
G01 X26.4862Y12.3827
G01 X26.4956Y12.3674
G01 X26.5050Y12.3501
G01 X26.5150Y12.3283
G01 X26.5247Y12.3016
G01 X26.5286Y12.2869
G01 X26.5328Y12.2678
G01 X26.5362Y12.2441
G01 X26.5376Y12.2245
G01 X26.5380Y11.9052
G01 X26.5633Y11.8712
G01 X26.5919Y11.8249
G01 X26.5996Y11.8104
G01 X26.6164Y11.7749
G01 X26.6227Y11.7597
G01 X26.6360Y11.7227
G01 X26.6407Y11.7069
G01 X26.6503Y11.6689
G01 X26.6535Y11.6527
G01 X26.6593Y11.6139
G01 X26.6609Y11.5975
G01 X26.6630Y11.5500
G01 X26.6630Y10.0968
G01 X26.7970Y9.9628
G01 X26.7970Y11.5500
G01 X26.7991Y11.5975
G01 X26.8007Y11.6139
G01 X26.8068Y11.6547
G01 X26.8097Y11.6689
G01 X26.8193Y11.7069
G01 X26.8240Y11.7227
G01 X26.8373Y11.7597
G01 X26.8436Y11.7749
G01 X26.8604Y11.8104
G01 X26.8681Y11.8249
G01 X26.8883Y11.8586
G01 X26.8975Y11.8723
G01 X26.9220Y11.9052
G01 X26.9220Y12.2125
G01 X26.9253Y12.2570
G01 X26.9283Y12.2732
G01 X26.9370Y12.3069
G01 X26.9415Y12.3193
G01 X26.9550Y12.3507
G01 X26.9730Y12.3811
G01 X26.9803Y12.3921
G01 X26.9885Y12.4024
G01 X27.0115Y12.4285
G01 X27.0212Y12.4375
G01 X27.0447Y12.4572
G01 X27.0589Y12.4670
G01 X27.0888Y12.4847
G01 X27.1262Y12.5007
G01 X27.1458Y12.5066
G01 X27.1668Y12.5117
G01 X27.1797Y12.5142
G01 X27.1928Y12.5158
G01 X27.2275Y12.5180
G01 X27.5025Y12.5180
G01 X27.5341Y12.5162
G01 X27.5578Y12.5128
G01 X27.5769Y12.5086
G01 X27.5999Y12.5018
G01 X27.6253Y12.4922
G01 X27.6401Y12.4850
G01 X27.6574Y12.4756
G01 X27.6775Y12.4627
G01 X27.6932Y12.4509
G01 X27.7113Y12.4352
G01 X27.7252Y12.4213
G01 X27.7409Y12.4032
G01 X27.7527Y12.3875
G01 X27.7656Y12.3674
G01 X27.7750Y12.3501
G01 X27.7850Y12.3283
G01 X27.7947Y12.3016
G01 X27.8028Y12.2678
G01 X27.8062Y12.2441
G01 X27.8080Y12.2125
G01 X27.8080Y11.9052
G01 X27.8333Y11.8712
G01 X27.8417Y11.8586
G01 X27.8619Y11.8249
G01 X27.8696Y11.8104
G01 X27.8864Y11.7749
G01 X27.8927Y11.7597
G01 X27.9060Y11.7227
G01 X27.9107Y11.7069
G01 X27.9203Y11.6689
G01 X27.9235Y11.6527
G01 X27.9293Y11.6139
G01 X27.9309Y11.5975
G01 X27.9330Y11.5500
G01 X27.9330Y10.1703
G01 X28.0873Y10.0160
G01 X28.0797Y10.0461
G01 X28.0765Y10.0623
G01 X28.0707Y10.1011
G01 X28.0691Y10.1175
G01 X28.0670Y10.1650
G01 X28.0670Y11.5500
G01 X28.0691Y11.5975
G01 X28.0707Y11.6139
G01 X28.0768Y11.6547
G01 X28.0893Y11.7069
G01 X28.0940Y11.7227
G01 X28.1073Y11.7597
G01 X28.1136Y11.7749
G01 X28.1304Y11.8104
G01 X28.1381Y11.8249
G01 X28.1583Y11.8586
G01 X28.1675Y11.8723
G01 X28.1920Y11.9052
G01 X28.1925Y12.2257
G01 X28.1953Y12.2570
G01 X28.1983Y12.2732
G01 X28.2070Y12.3069
G01 X28.2198Y12.3392
G01 X28.2250Y12.3507
G01 X28.2430Y12.3811
G01 X28.2503Y12.3921
G01 X28.2585Y12.4024
G01 X28.2815Y12.4285
G01 X28.3147Y12.4572
G01 X28.3473Y12.4783
G01 X28.3588Y12.4847
G01 X28.3708Y12.4902
G01 X28.3962Y12.5007
G01 X28.4158Y12.5066
G01 X28.4497Y12.5142
G01 X28.4628Y12.5158
G01 X28.4975Y12.5180
G01 X28.7725Y12.5180
G01 X28.8130Y12.5153
G01 X28.8469Y12.5086
G01 X28.8699Y12.5018
G01 X28.8953Y12.4922
G01 X28.9274Y12.4756
G01 X28.9475Y12.4627
G01 X28.9632Y12.4509
G01 X28.9813Y12.4352
G01 X28.9952Y12.4213
G01 X29.0109Y12.4032
G01 X29.0262Y12.3827
G01 X29.0356Y12.3674
G01 X29.0450Y12.3501
G01 X29.0550Y12.3283
G01 X29.0647Y12.3016
G01 X29.0686Y12.2869
G01 X29.0728Y12.2678
G01 X29.0762Y12.2441
G01 X29.0776Y12.2245
G01 X29.0780Y11.9052
G01 X29.1033Y11.8712
G01 X29.1319Y11.8249
G01 X29.1396Y11.8104
G01 X29.1564Y11.7749
G01 X29.1627Y11.7597
G01 X29.1760Y11.7227
G01 X29.1807Y11.7069
G01 X29.1903Y11.6689
G01 X29.1935Y11.6527
G01 X29.1993Y11.6139
G01 X29.2009Y11.5975
G01 X29.2030Y11.5500
G01 X29.2030Y10.6181
G01 X29.6239Y10.6181
G01 X29.5879Y10.6403
G01 X29.5612Y10.6625
G01 X29.5515Y10.6715
G01 X29.5228Y10.7047
G01 X29.5017Y10.7373
G01 X29.4953Y10.7488
G01 X29.4898Y10.7608
G01 X29.4793Y10.7862
G01 X29.4734Y10.8058
G01 X29.4653Y10.8430
G01 X29.4620Y10.8875
G01 X29.4620Y12.2125
G01 X29.4625Y12.2257
G01 X29.4653Y12.2570
G01 X29.4734Y12.2942
G01 X29.4770Y12.3069
G01 X29.4815Y12.3193
G01 X29.4950Y12.3507
G01 X29.5130Y12.3811
G01 X29.5203Y12.3921
G01 X29.5285Y12.4024
G01 X29.5515Y12.4285
G01 X29.5776Y12.4515
G01 X29.5989Y12.4670
G01 X29.6288Y12.4847
G01 X29.6408Y12.4902
G01 X29.6662Y12.5007
G01 X29.6858Y12.5066
G01 X29.7197Y12.5142
G01 X29.7328Y12.5158
G01 X29.7675Y12.5180
G01 X30.0425Y12.5180
G01 X30.0741Y12.5162
G01 X30.0978Y12.5128
G01 X30.1169Y12.5086
G01 X30.1399Y12.5018
G01 X30.1653Y12.4922
G01 X30.1801Y12.4850
G01 X30.1974Y12.4756
G01 X30.2175Y12.4627
G01 X30.2332Y12.4509
G01 X30.2513Y12.4352
G01 X30.2652Y12.4213
G01 X30.2809Y12.4032
G01 X30.2962Y12.3827
G01 X30.3056Y12.3674
G01 X30.3150Y12.3501
G01 X30.3250Y12.3283
G01 X30.3347Y12.3016
G01 X30.3428Y12.2678
G01 X30.3462Y12.2441
G01 X30.3480Y12.2125
G01 X30.3480Y10.8875
G01 X30.3462Y10.8559
G01 X30.3428Y10.8322
G01 X30.3386Y10.8131
G01 X30.3318Y10.7901
G01 X30.3222Y10.7647
G01 X30.3150Y10.7499
G01 X30.3056Y10.7326
G01 X30.2927Y10.7125
G01 X30.2809Y10.6968
G01 X30.2652Y10.6787
G01 X30.2513Y10.6648
G01 X30.2332Y10.6491
G01 X30.2127Y10.6338
G01 X30.1858Y10.6181
G01 X30.8939Y10.6181
G01 X30.8579Y10.6403
G01 X30.8312Y10.6625
G01 X30.8215Y10.6715
G01 X30.7985Y10.6976
G01 X30.7830Y10.7189
G01 X30.7653Y10.7488
G01 X30.7493Y10.7862
G01 X30.7434Y10.8058
G01 X30.7383Y10.8268
G01 X30.7342Y10.8528
G01 X30.7320Y10.8875
G01 X30.7320Y12.2125
G01 X30.7353Y12.2570
G01 X30.7383Y12.2732
G01 X30.7470Y12.3069
G01 X30.7515Y12.3193
G01 X30.7650Y12.3507
G01 X30.7830Y12.3811
G01 X30.7903Y12.3921
G01 X30.7985Y12.4024
G01 X30.8215Y12.4285
G01 X30.8312Y12.4375
G01 X30.8547Y12.4572
G01 X30.8689Y12.4670
G01 X30.8988Y12.4847
G01 X30.9362Y12.5007
G01 X30.9558Y12.5066
G01 X30.9768Y12.5117
G01 X30.9897Y12.5142
G01 X31.0028Y12.5158
G01 X31.0375Y12.5180
G01 X31.3125Y12.5180
G01 X31.3441Y12.5162
G01 X31.3678Y12.5128
G01 X31.3869Y12.5086
G01 X31.4099Y12.5018
G01 X31.4353Y12.4922
G01 X31.4674Y12.4756
G01 X31.4875Y12.4627
G01 X31.5032Y12.4509
G01 X31.5213Y12.4352
G01 X31.5352Y12.4213
G01 X31.5509Y12.4032
G01 X31.5662Y12.3827
G01 X31.5756Y12.3674
G01 X31.5850Y12.3501
G01 X31.5950Y12.3283
G01 X31.6018Y12.3099
G01 X31.6086Y12.2869
G01 X31.6128Y12.2678
G01 X31.6162Y12.2441
G01 X31.6180Y12.2125
G01 X31.6180Y10.8875
G01 X31.6147Y10.8430
G01 X31.6066Y10.8058
G01 X31.6030Y10.7931
G01 X31.5985Y10.7807
G01 X31.5850Y10.7493
G01 X31.5783Y10.7373
G01 X31.5597Y10.7079
G01 X31.5515Y10.6976
G01 X31.5285Y10.6715
G01 X31.4953Y10.6428
G01 X31.4811Y10.6330
G01 X31.4561Y10.6181
G01 X31.7482Y10.6181
G01 X31.7440Y10.6289
G01 X31.7392Y10.6447
G01 X31.7348Y10.6656
G01 X31.7324Y10.6869
G01 X31.7320Y10.7001
G01 X31.7320Y13.0320
G01 X22.4951Y13.0320
G01 X22.4739Y13.0142
G01 X22.4597Y13.0045
G01 X22.4148Y12.9776
G01 X22.3610Y12.9549
G01 X22.3415Y12.9489
G01 X22.2904Y12.9371
G01 X22.2382Y12.9325
G01 X22.2250Y12.9320
G01 X21.9680Y12.9320
G01 X21.9680Y12.1500
G01 X21.9676Y12.1369
G01 X21.9649Y12.1136
G01 X21.9608Y12.0947
G01 X21.9560Y12.0789
G01 X21.9518Y12.0680
G01 X23.1120Y12.0680
G01 X23.1120Y12.2125
G01 X23.1138Y12.2441
G01 X23.1172Y12.2678
G01 X23.1214Y12.2869
G01 X23.1282Y12.3099
G01 X23.1378Y12.3353
G01 X23.1544Y12.3674
G01 X23.1673Y12.3875
G01 X23.1791Y12.4032
G01 X23.1948Y12.4213
G01 X23.2087Y12.4352
G01 X23.2268Y12.4509
G01 X23.2473Y12.4662
G01 X23.2626Y12.4756
G01 X23.2799Y12.4850
G01 X23.3017Y12.4950
G01 X23.3284Y12.5047
G01 X23.3431Y12.5086
G01 X23.3622Y12.5128
G01 X23.3859Y12.5162
G01 X23.4055Y12.5176
G01 X23.6925Y12.5180
G01 X23.7330Y12.5153
G01 X23.7669Y12.5086
G01 X23.7899Y12.5018
G01 X23.8153Y12.4922
G01 X23.8301Y12.4850
G01 X23.8474Y12.4756
G01 X23.8675Y12.4627
G01 X23.8832Y12.4509
G01 X23.9013Y12.4352
G01 X23.9152Y12.4213
G01 X23.9309Y12.4032
G01 X23.9462Y12.3827
G01 X23.9556Y12.3674
G01 X23.9650Y12.3501
G01 X23.9750Y12.3283
G01 X23.9847Y12.3016
G01 X23.9886Y12.2869
G01 X23.9928Y12.2678
G01 X23.9962Y12.2441
G01 X23.9976Y12.2245
G01 X23.9980Y10.8875
G01 X23.9947Y10.8430
G01 X23.9866Y10.8058
G01 X23.9830Y10.7931
G01 X23.9785Y10.7807
G01 X23.9650Y10.7493
G01 X23.9583Y10.7373
G01 X23.9397Y10.7079
G01 X23.9315Y10.6976
G01 X23.9085Y10.6715
G01 X23.8753Y10.6428
G01 X23.8611Y10.6330
G01 X23.8312Y10.6153
G01 X23.7938Y10.5993
G01 X23.7742Y10.5934
G01 X23.7403Y10.5858
G01 X23.7272Y10.5842
G01 X23.6925Y10.5820
G01 X23.4175Y10.5820
G01 X23.3828Y10.5842
G01 X23.3568Y10.5883
G01 X23.3231Y10.5970
G01 X23.2908Y10.6098
G01 X23.2793Y10.6150
G01 X23.2673Y10.6217
G01 X23.2379Y10.6403
G01 X23.2112Y10.6625
G01 X23.2015Y10.6715
G01 X23.1925Y10.6812
G01 X23.1728Y10.7047
G01 X23.1517Y10.7373
G01 X23.1453Y10.7488
G01 X23.1398Y10.7608
G01 X23.1293Y10.7862
G01 X23.1234Y10.8058
G01 X23.1158Y10.8397
G01 X23.1125Y10.8743
G01 X23.1120Y10.9320
G01 X21.9518Y10.9320
G01 X21.9560Y10.9211
G01 X21.9608Y10.9053
G01 X21.9652Y10.8844
G01 X21.9676Y10.8631
G01 X21.9680Y10.8500
G01 X21.9680Y9.3680
G01 X24.2063Y9.3680
G01 X24.2359Y9.3659
G01 X24.2569Y9.3620
G01 X24.2775Y9.3560
G01 X24.3017Y9.3460
G01 X24.3205Y9.3357
G01 X24.3381Y9.3236
G01 X24.3545Y9.3098
G01 X24.3695Y9.2945
G01 X24.3799Y9.2818
G01 X24.3920Y9.2641
G01 X24.4023Y9.2454
G01 X24.4107Y9.2257
G01 X24.4183Y9.2006
G01 X24.4223Y9.1796
G01 X24.4241Y9.1582
G01 X24.4239Y9.1369
G01 X24.4212Y9.1136
G01 X24.4150Y9.0875
G00 Z3.0000
G00 X24.2331Y9.4643
G01 Z-0.2000
G01 X24.2129Y9.4986
G01 X24.1900Y9.5462
G01 X24.1800Y9.5703
G01 X24.1626Y9.6201
G01 X24.1497Y9.6703
G01 X24.1446Y9.6959
G01 X24.1374Y9.7459
G01 X24.1343Y9.7999
G01 X24.1343Y9.8260
G01 X24.1362Y9.8652
G01 X24.1388Y9.8912
G01 X24.1468Y9.9431
G01 X24.1590Y9.9929
G01 X24.1590Y11.5500
G01 X24.1612Y11.6023
G01 X24.1638Y11.6282
G01 X24.1701Y11.6703
G01 X24.1747Y11.6927
G01 X24.1842Y11.7307
G01 X24.1918Y11.7557
G01 X24.2050Y11.7927
G01 X24.2150Y11.8168
G01 X24.2318Y11.8523
G01 X24.2441Y11.8753
G01 X24.2643Y11.9090
G01 X24.2840Y11.9378
G01 X24.2840Y12.2125
G01 X24.2847Y12.2315
G01 X24.2875Y12.2652
G01 X24.2915Y12.2886
G01 X24.2956Y12.3078
G01 X24.3063Y12.3442
G01 X24.3176Y12.3736
G01 X24.3290Y12.3971
G01 X24.3384Y12.4143
G01 X24.3589Y12.4462
G01 X24.3706Y12.4620
G01 X24.3955Y12.4906
G01 X24.4094Y12.5045
G01 X24.4380Y12.5294
G01 X24.4615Y12.5467
G01 X24.4857Y12.5616
G01 X24.5029Y12.5710
G01 X24.5374Y12.5868
G01 X24.5689Y12.5982
G01 X24.6114Y12.6085
G01 X24.6490Y12.6139
G01 X24.6875Y12.6160
G01 X24.9625Y12.6160
G01 X24.9815Y12.6153
G01 X25.0152Y12.6125
G01 X25.0386Y12.6085
G01 X25.0578Y12.6044
G01 X25.0942Y12.5937
G01 X25.1236Y12.5824
G01 X25.1471Y12.5710
G01 X25.1643Y12.5616
G01 X25.1962Y12.5411
G01 X25.2120Y12.5294
G01 X25.2406Y12.5045
G01 X25.2545Y12.4906
G01 X25.2794Y12.4620
G01 X25.2967Y12.4385
G01 X25.3116Y12.4143
G01 X25.3210Y12.3971
G01 X25.3368Y12.3626
G01 X25.3482Y12.3311
G01 X25.3585Y12.2886
G01 X25.3639Y12.2510
G01 X25.3653Y12.2315
G01 X25.3660Y12.2125
G01 X25.3660Y11.9378
G01 X25.3857Y11.9090
G01 X25.4059Y11.8753
G01 X25.4182Y11.8523
G01 X25.4350Y11.8168
G01 X25.4450Y11.7927
G01 X25.4599Y11.7495
G01 X25.4750Y11.7927
G01 X25.4850Y11.8168
G01 X25.5018Y11.8523
G01 X25.5141Y11.8753
G01 X25.5343Y11.9090
G01 X25.5540Y11.9378
G01 X25.5540Y12.2125
G01 X25.5548Y12.2334
G01 X25.5582Y12.2705
G01 X25.5630Y12.2961
G01 X25.5737Y12.3372
G01 X25.5892Y12.3767
G01 X25.5976Y12.3949
G01 X25.6082Y12.4139
G01 X25.6311Y12.4497
G01 X25.6440Y12.4661
G01 X25.6722Y12.4978
G01 X25.6875Y12.5120
G01 X25.7152Y12.5351
G01 X25.7377Y12.5505
G01 X25.7743Y12.5720
G01 X25.7933Y12.5808
G01 X25.8219Y12.5925
G01 X25.8529Y12.6019
G01 X25.8944Y12.6110
G01 X25.9151Y12.6135
G01 X25.9575Y12.6160
G01 X26.2325Y12.6160
G01 X26.2515Y12.6153
G01 X26.2852Y12.6125
G01 X26.3086Y12.6085
G01 X26.3278Y12.6044
G01 X26.3642Y12.5937
G01 X26.3936Y12.5824
G01 X26.4171Y12.5710
G01 X26.4343Y12.5616
G01 X26.4662Y12.5411
G01 X26.4820Y12.5294
G01 X26.5106Y12.5045
G01 X26.5245Y12.4906
G01 X26.5494Y12.4620
G01 X26.5667Y12.4385
G01 X26.5816Y12.4143
G01 X26.5910Y12.3971
G01 X26.6068Y12.3626
G01 X26.6182Y12.3311
G01 X26.6244Y12.3078
G01 X26.6285Y12.2886
G01 X26.6339Y12.2510
G01 X26.6353Y12.2315
G01 X26.6360Y12.2125
G01 X26.6360Y11.9378
G01 X26.6557Y11.9090
G01 X26.6759Y11.8753
G01 X26.6882Y11.8523
G01 X26.7050Y11.8168
G01 X26.7150Y11.7927
G01 X26.7299Y11.7495
G01 X26.7450Y11.7927
G01 X26.7550Y11.8168
G01 X26.7718Y11.8523
G01 X26.7841Y11.8753
G01 X26.8043Y11.9090
G01 X26.8240Y11.9378
G01 X26.8240Y12.2125
G01 X26.8248Y12.2334
G01 X26.8282Y12.2705
G01 X26.8330Y12.2961
G01 X26.8437Y12.3372
G01 X26.8592Y12.3767
G01 X26.8676Y12.3949
G01 X26.8782Y12.4139
G01 X26.9011Y12.4497
G01 X26.9140Y12.4661
G01 X26.9422Y12.4978
G01 X26.9575Y12.5120
G01 X26.9852Y12.5351
G01 X27.0077Y12.5505
G01 X27.0443Y12.5720
G01 X27.0633Y12.5808
G01 X27.0919Y12.5925
G01 X27.1229Y12.6019
G01 X27.1644Y12.6110
G01 X27.1851Y12.6135
G01 X27.2275Y12.6160
G01 X27.5025Y12.6160
G01 X27.5215Y12.6153
G01 X27.5552Y12.6125
G01 X27.5978Y12.6044
G01 X27.6342Y12.5937
G01 X27.6636Y12.5824
G01 X27.6871Y12.5710
G01 X27.7043Y12.5616
G01 X27.7362Y12.5411
G01 X27.7520Y12.5294
G01 X27.7806Y12.5045
G01 X27.7945Y12.4906
G01 X27.8194Y12.4620
G01 X27.8367Y12.4385
G01 X27.8516Y12.4143
G01 X27.8610Y12.3971
G01 X27.8768Y12.3626
G01 X27.8882Y12.3311
G01 X27.8985Y12.2886
G01 X27.9039Y12.2510
G01 X27.9060Y12.2125
G01 X27.9060Y11.9378
G01 X27.9257Y11.9090
G01 X27.9459Y11.8753
G01 X27.9582Y11.8523
G01 X27.9750Y11.8168
G01 X27.9850Y11.7927
G01 X27.9999Y11.7495
G01 X28.0150Y11.7927
G01 X28.0250Y11.8168
G01 X28.0418Y11.8523
G01 X28.0541Y11.8753
G01 X28.0743Y11.9090
G01 X28.0940Y11.9378
G01 X28.0940Y12.2125
G01 X28.0948Y12.2334
G01 X28.0982Y12.2705
G01 X28.1030Y12.2961
G01 X28.1137Y12.3372
G01 X28.1210Y12.3568
G01 X28.1376Y12.3949
G01 X28.1595Y12.4323
G01 X28.1711Y12.4497
G01 X28.1840Y12.4661
G01 X28.2122Y12.4978
G01 X28.2275Y12.5120
G01 X28.2552Y12.5351
G01 X28.2777Y12.5505
G01 X28.3143Y12.5720
G01 X28.3333Y12.5808
G01 X28.3619Y12.5925
G01 X28.3929Y12.6019
G01 X28.4344Y12.6110
G01 X28.4551Y12.6135
G01 X28.4975Y12.6160
G01 X28.7725Y12.6160
G01 X28.7915Y12.6153
G01 X28.8252Y12.6125
G01 X28.8678Y12.6044
G01 X28.9042Y12.5937
G01 X28.9226Y12.5868
G01 X28.9336Y12.5824
G01 X28.9571Y12.5710
G01 X28.9743Y12.5616
G01 X29.0062Y12.5411
G01 X29.0220Y12.5294
G01 X29.0506Y12.5045
G01 X29.0645Y12.4906
G01 X29.0894Y12.4620
G01 X29.1067Y12.4385
G01 X29.1216Y12.4143
G01 X29.1310Y12.3971
G01 X29.1468Y12.3626
G01 X29.1537Y12.3442
G01 X29.1582Y12.3311
G01 X29.1644Y12.3078
G01 X29.1685Y12.2886
G01 X29.1739Y12.2510
G01 X29.1760Y12.2125
G01 X29.1760Y11.9378
G01 X29.1957Y11.9090
G01 X29.2159Y11.8753
G01 X29.2282Y11.8523
G01 X29.2450Y11.8168
G01 X29.2550Y11.7927
G01 X29.2682Y11.7557
G01 X29.2758Y11.7307
G01 X29.2853Y11.6927
G01 X29.2904Y11.6671
G01 X29.2962Y11.6282
G01 X29.2988Y11.6023
G01 X29.3010Y11.5500
G01 X29.3010Y10.7161
G01 X29.4026Y10.7161
G01 X29.3875Y10.7519
G01 X29.3781Y10.7829
G01 X29.3730Y10.8039
G01 X29.3682Y10.8295
G01 X29.3665Y10.8451
G01 X29.3640Y10.8875
G01 X29.3640Y12.2125
G01 X29.3648Y12.2334
G01 X29.3682Y12.2705
G01 X29.3730Y12.2961
G01 X29.3781Y12.3171
G01 X29.3837Y12.3372
G01 X29.3910Y12.3568
G01 X29.4076Y12.3949
G01 X29.4182Y12.4139
G01 X29.4411Y12.4497
G01 X29.4680Y12.4825
G01 X29.4822Y12.4978
G01 X29.4975Y12.5120
G01 X29.5252Y12.5351
G01 X29.5477Y12.5505
G01 X29.5843Y12.5720
G01 X29.6033Y12.5808
G01 X29.6319Y12.5925
G01 X29.6629Y12.6019
G01 X29.7044Y12.6110
G01 X29.7251Y12.6135
G01 X29.7675Y12.6160
G01 X30.0425Y12.6160
G01 X30.0615Y12.6153
G01 X30.0952Y12.6125
G01 X30.1378Y12.6044
G01 X30.1742Y12.5937
G01 X30.2036Y12.5824
G01 X30.2271Y12.5710
G01 X30.2443Y12.5616
G01 X30.2762Y12.5411
G01 X30.2920Y12.5294
G01 X30.3206Y12.5045
G01 X30.3345Y12.4906
G01 X30.3594Y12.4620
G01 X30.3767Y12.4385
G01 X30.3916Y12.4143
G01 X30.4010Y12.3971
G01 X30.4168Y12.3626
G01 X30.4282Y12.3311
G01 X30.4344Y12.3078
G01 X30.4385Y12.2886
G01 X30.4439Y12.2510
G01 X30.4460Y12.2125
G01 X30.4460Y10.8875
G01 X30.4453Y10.8685
G01 X30.4425Y10.8348
G01 X30.4344Y10.7922
G01 X30.4237Y10.7558
G01 X30.4124Y10.7264
G01 X30.4074Y10.7161
G01 X30.6726Y10.7161
G01 X30.6575Y10.7519
G01 X30.6481Y10.7829
G01 X30.6430Y10.8039
G01 X30.6382Y10.8295
G01 X30.6365Y10.8451
G01 X30.6340Y10.8875
G01 X30.6340Y12.2125
G01 X30.6365Y12.2549
G01 X30.6382Y12.2705
G01 X30.6430Y12.2961
G01 X30.6537Y12.3372
G01 X30.6692Y12.3767
G01 X30.6776Y12.3949
G01 X30.6995Y12.4323
G01 X30.7111Y12.4497
G01 X30.7240Y12.4661
G01 X30.7522Y12.4978
G01 X30.7675Y12.5120
G01 X30.7952Y12.5351
G01 X30.8177Y12.5505
G01 X30.8543Y12.5720
G01 X30.8733Y12.5808
G01 X30.9019Y12.5925
G01 X30.9329Y12.6019
G01 X30.9539Y12.6070
G01 X30.9744Y12.6110
G01 X30.9951Y12.6135
G01 X31.0375Y12.6160
G01 X31.3125Y12.6160
G01 X31.3315Y12.6153
G01 X31.3652Y12.6125
G01 X31.4078Y12.6044
G01 X31.4442Y12.5937
G01 X31.4736Y12.5824
G01 X31.4971Y12.5710
G01 X31.5143Y12.5616
G01 X31.5462Y12.5411
G01 X31.5620Y12.5294
G01 X31.5906Y12.5045
G01 X31.6045Y12.4906
G01 X31.6340Y12.4558
G01 X31.6340Y12.9316
G01 X22.5299Y12.9340
G01 X22.5109Y12.9209
G01 X22.4775Y12.9004
G01 X22.4593Y12.8902
G01 X22.4403Y12.8815
G01 X22.3953Y12.8630
G01 X22.3644Y12.8536
G01 X22.3262Y12.8444
G01 X22.3057Y12.8404
G01 X22.2850Y12.8379
G01 X22.2459Y12.8348
G01 X22.2250Y12.8340
G01 X22.0660Y12.8340
G01 X22.0660Y12.1660
G01 X23.0140Y12.1660
G01 X23.0140Y12.2125
G01 X23.0161Y12.2510
G01 X23.0175Y12.2652
G01 X23.0256Y12.3078
G01 X23.0363Y12.3442
G01 X23.0476Y12.3736
G01 X23.0590Y12.3971
G01 X23.0684Y12.4143
G01 X23.0889Y12.4462
G01 X23.1006Y12.4620
G01 X23.1255Y12.4906
G01 X23.1394Y12.5045
G01 X23.1680Y12.5294
G01 X23.1915Y12.5467
G01 X23.2157Y12.5616
G01 X23.2329Y12.5710
G01 X23.2674Y12.5868
G01 X23.2989Y12.5982
G01 X23.3414Y12.6085
G01 X23.3790Y12.6139
G01 X23.4175Y12.6160
G01 X23.6925Y12.6160
G01 X23.7115Y12.6153
G01 X23.7452Y12.6125
G01 X23.7878Y12.6044
G01 X23.8242Y12.5937
G01 X23.8536Y12.5824
G01 X23.8771Y12.5710
G01 X23.8943Y12.5616
G01 X23.9262Y12.5411
G01 X23.9420Y12.5294
G01 X23.9706Y12.5045
G01 X23.9845Y12.4906
G01 X24.0094Y12.4620
G01 X24.0211Y12.4462
G01 X24.0267Y12.4385
G01 X24.0416Y12.4143
G01 X24.0510Y12.3971
G01 X24.0668Y12.3626
G01 X24.0782Y12.3311
G01 X24.0885Y12.2886
G01 X24.0939Y12.2510
G01 X24.0960Y12.2125
G01 X24.0960Y10.8875
G01 X24.0952Y10.8666
G01 X24.0918Y10.8295
G01 X24.0870Y10.8039
G01 X24.0819Y10.7829
G01 X24.0763Y10.7628
G01 X24.0690Y10.7432
G01 X24.0524Y10.7051
G01 X24.0305Y10.6677
G01 X24.0189Y10.6503
G01 X24.0060Y10.6339
G01 X23.9778Y10.6022
G01 X23.9625Y10.5880
G01 X23.9348Y10.5649
G01 X23.9123Y10.5495
G01 X23.8757Y10.5280
G01 X23.8567Y10.5192
G01 X23.8281Y10.5075
G01 X23.7971Y10.4981
G01 X23.7761Y10.4930
G01 X23.7556Y10.4890
G01 X23.7349Y10.4865
G01 X23.6925Y10.4840
G01 X23.4175Y10.4840
G01 X23.3751Y10.4865
G01 X23.3595Y10.4882
G01 X23.3339Y10.4930
G01 X23.2928Y10.5037
G01 X23.2732Y10.5110
G01 X23.2351Y10.5276
G01 X23.1977Y10.5495
G01 X23.1803Y10.5611
G01 X23.1639Y10.5740
G01 X23.1322Y10.6022
G01 X23.1180Y10.6175
G01 X23.0949Y10.6452
G01 X23.0795Y10.6677
G01 X23.0580Y10.7043
G01 X23.0410Y10.7432
G01 X23.0375Y10.7519
G01 X23.0281Y10.7829
G01 X23.0230Y10.8039
G01 X23.0190Y10.8244
G01 X23.0178Y10.8340
G01 X22.0660Y10.8340
G01 X22.0660Y9.4682
G01 X24.2066Y9.4660
G01 X24.2243Y9.4654
G01 X24.2331Y9.4643
G00 Z3.0000
G00 X24.0781Y9.5641
G01 Z-0.2000
G01 X24.0687Y9.5918
G01 X24.0641Y9.6084
G01 X24.0546Y9.6465
G01 X24.0476Y9.6815
G01 X24.0399Y9.7356
G01 X24.0384Y9.7559
G01 X24.0360Y9.8127
G01 X24.0384Y9.8700
G01 X24.0419Y9.9056
G01 X24.0507Y9.9623
G01 X24.0610Y10.0050
G01 X24.0610Y10.5479
G01 X24.0471Y10.5329
G01 X24.0261Y10.5135
G01 X23.9943Y10.4870
G01 X23.9635Y10.4659
G01 X23.9451Y10.4546
G01 X23.9202Y10.4407
G01 X23.8942Y10.4287
G01 X23.8623Y10.4157
G01 X23.8200Y10.4028
G01 X23.7990Y10.3978
G01 X23.7710Y10.3922
G01 X23.7426Y10.3888
G01 X23.6925Y10.3860
G01 X23.4175Y10.3860
G01 X23.3674Y10.3888
G01 X23.3461Y10.3911
G01 X23.3110Y10.3978
G01 X23.2625Y10.4105
G01 X23.2357Y10.4204
G01 X23.1909Y10.4401
G01 X23.1649Y10.4546
G01 X23.1227Y10.4818
G01 X23.1003Y10.4995
G01 X23.0629Y10.5329
G01 X23.0435Y10.5539
G01 X23.0170Y10.5857
G01 X22.9959Y10.6165
G01 X22.9707Y10.6598
G01 X22.9504Y10.7057
G01 X22.9510Y10.7059
G01 X22.9457Y10.7177
G01 X22.9401Y10.7360
G01 X22.1640Y10.7360
G01 X22.1640Y9.5661
G01 X24.0781Y9.5641
G00 Z3.0000
G00 X23.9515Y9.6623
G01 Z-0.2000
G01 X23.9425Y9.7254
G01 X23.9405Y9.7511
G01 X23.9386Y9.7903
G01 X23.9386Y9.8127
G01 X23.9380Y9.8127
G01 X23.9386Y9.8127
G01 X23.9386Y9.8356
G01 X23.9405Y9.8748
G01 X23.9419Y9.8945
G01 X23.9449Y9.9200
G01 X23.9546Y9.9816
G01 X23.9630Y10.0171
G01 X23.9630Y10.3526
G01 X23.9317Y10.3382
G01 X23.9118Y10.3299
G01 X23.9115Y10.3305
G01 X23.8966Y10.3239
G01 X23.8428Y10.3075
G01 X23.8219Y10.3025
G01 X23.7863Y10.2954
G01 X23.7503Y10.2911
G01 X23.7287Y10.2894
G01 X23.6925Y10.2880
G01 X23.4175Y10.2880
G01 X23.3813Y10.2894
G01 X23.3327Y10.2940
G01 X23.2881Y10.3025
G01 X23.2672Y10.3075
G01 X23.2322Y10.3173
G01 X23.1982Y10.3299
G01 X23.1783Y10.3382
G01 X23.1467Y10.3526
G01 X23.1137Y10.3711
G01 X23.0953Y10.3823
G01 X23.0651Y10.4025
G01 X23.0366Y10.4250
G01 X23.0202Y10.4390
G01 X22.9936Y10.4636
G01 X22.9690Y10.4902
G01 X22.9550Y10.5066
G01 X22.9554Y10.5070
G01 X22.9391Y10.5262
G01 X22.9123Y10.5653
G01 X22.9011Y10.5837
G01 X22.8833Y10.6153
G01 X22.8729Y10.6380
G01 X22.2620Y10.6380
G01 X22.2620Y9.6640
G01 X23.9515Y9.6623
G00 Z3.0000
G00 X23.8419Y9.7604
G01 Z-0.2000
G01 X23.8407Y9.7855
G01 X23.8407Y9.8126
G01 X23.8400Y9.8126
G01 X23.8407Y9.8126
G01 X23.8407Y9.8404
G01 X23.8443Y9.9035
G01 X23.8537Y9.9732
G01 X23.8548Y9.9730
G01 X23.8585Y10.0008
G01 X23.8634Y10.0225
G01 X23.8636Y10.2117
G01 X23.8447Y10.2072
G01 X23.8016Y10.1986
G01 X23.7579Y10.1934
G01 X23.7364Y10.1917
G01 X23.6925Y10.1900
G01 X23.4175Y10.1900
G01 X23.3736Y10.1917
G01 X23.3193Y10.1970
G01 X23.2653Y10.2072
G01 X23.2443Y10.2122
G01 X23.2020Y10.2241
G01 X23.1607Y10.2394
G01 X23.1408Y10.2476
G01 X23.1025Y10.2652
G01 X23.0625Y10.2875
G01 X23.0441Y10.2988
G01 X23.0075Y10.3232
G01 X22.9730Y10.3504
G01 X22.9566Y10.3644
G01 X22.9243Y10.3943
G01 X22.8944Y10.4266
G01 X22.8613Y10.4667
G01 X22.8288Y10.5141
G01 X22.8133Y10.5400
G01 X22.3600Y10.5400
G01 X22.3600Y9.7619
G01 X23.8419Y9.7604
G00 Z3.0000
G00 X23.7655Y10.0333
G01 Z-0.2000
G01 X23.7655Y10.0957
G01 X23.7441Y10.0940
G01 X23.6925Y10.0920
G01 X23.4175Y10.0920
G01 X23.3659Y10.0940
G01 X23.3444Y10.0957
G01 X23.3444Y10.0965
G01 X23.3058Y10.0999
G01 X23.2424Y10.1119
G01 X23.2214Y10.1169
G01 X23.1717Y10.1309
G01 X23.1232Y10.1488
G01 X23.1033Y10.1571
G01 X23.0583Y10.1777
G01 X23.0113Y10.2039
G01 X22.9929Y10.2152
G01 X22.9499Y10.2439
G01 X22.9093Y10.2759
G01 X22.8929Y10.2899
G01 X22.8550Y10.3250
G01 X22.8199Y10.3629
G01 X22.7834Y10.4072
G01 X22.7595Y10.4420
G01 X22.4580Y10.4420
G01 X22.4580Y9.8598
G01 X23.7434Y9.8585
G01 X23.7467Y9.9125
G01 X23.7510Y9.9487
G01 X23.7568Y9.9876
G01 X23.7580Y9.9874
G01 X23.7624Y10.0200
G01 X23.7655Y10.0333
G00 Z3.0000
G00 X24.3301Y9.8129
G01 Z-0.2000
G01 X24.3323Y9.7664
G01 X24.3390Y9.7212
G01 X24.3502Y9.6766
G01 X24.3656Y9.6334
G01 X24.3856Y9.5913
G01 X24.4093Y9.5517
G01 X24.4365Y9.5150
G01 X24.4677Y9.4806
G01 X27.0831Y6.8653
G01 X27.1149Y6.8366
G01 X27.1519Y6.8092
G01 X27.1916Y6.7854
G01 X27.2334Y6.7657
G01 X27.2758Y6.7505
G01 X27.3212Y6.7391
G01 X27.3673Y6.7322
G01 X27.4095Y6.7301
G01 X34.1306Y6.7300
G01 X34.1800Y6.7327
G01 X34.2189Y6.7385
G01 X34.2637Y6.7493
G01 X34.3136Y6.7672
G01 X34.3551Y6.7872
G01 X34.3940Y6.8109
G01 X34.4260Y6.8346
G01 X34.4629Y6.8677
G01 X36.8002Y9.2049
G01 X47.3321Y9.2049
G01 X47.3228Y9.1845
G01 X47.2865Y9.0829
G01 X47.2570Y8.9657
G01 X47.2404Y8.8513
G01 X47.2351Y8.7366
G01 X47.2404Y8.6287
G01 X47.2582Y8.5084
G01 X47.2865Y8.3971
G01 X47.3255Y8.2891
G01 X47.3716Y8.1915
G01 X47.4303Y8.0929
G01 X47.4985Y8.0005
G01 X47.5802Y7.9103
G01 X47.6655Y7.8335
G01 X47.7522Y7.7692
G01 X47.8505Y7.7098
G01 X47.9541Y7.6605
G01 X48.0687Y7.6195
G01 X48.1790Y7.5921
G01 X48.2869Y7.5761
G01 X48.4050Y7.5700
G01 X49.6750Y7.5700
G01 X49.7863Y7.5754
G01 X49.8999Y7.5919
G01 X50.0113Y7.6195
G01 X50.1195Y7.6578
G01 X50.1613Y7.6772
G01 X50.1961Y7.6512
G01 X50.2355Y7.6272
G01 X50.2833Y7.6045
G01 X50.3269Y7.5893
G01 X50.3706Y7.5786
G01 X50.4174Y7.5720
G01 X50.4600Y7.5700
G01 X57.0400Y7.5700
G01 X57.0895Y7.5727
G01 X57.1283Y7.5784
G01 X57.1524Y7.5841
G01 X57.2137Y7.5754
G01 X57.3250Y7.5700
G01 X58.5950Y7.5700
G01 X58.7131Y7.5761
G01 X58.8199Y7.5919
G01 X58.9313Y7.6195
G01 X59.0395Y7.6578
G01 X59.1435Y7.7066
G01 X59.2474Y7.7688
G01 X59.3345Y7.8335
G01 X59.4198Y7.9103
G01 X59.4972Y7.9952
G01 X59.5658Y8.0872
G01 X59.6252Y8.1855
G01 X59.6772Y8.2955
G01 X59.7155Y8.4037
G01 X59.7430Y8.5143
G01 X59.7589Y8.6219
G01 X59.7649Y8.7366
G01 X59.7596Y8.8513
G01 X59.7431Y8.9649
G01 X59.7155Y9.0763
G01 X59.6772Y9.1845
G01 X59.6252Y9.2945
G01 X59.5662Y9.3924
G01 X59.4972Y9.4848
G01 X59.4198Y9.5697
G01 X59.3345Y9.6465
G01 X59.2421Y9.7147
G01 X59.1435Y9.7734
G01 X59.0395Y9.8222
G01 X58.9313Y9.8605
G01 X58.8210Y9.8879
G01 X58.7063Y9.9046
G01 X58.5950Y9.9100
G01 X57.3250Y9.9100
G01 X57.2137Y9.9046
G01 X57.1001Y9.8881
G01 X56.9887Y9.8605
G01 X56.8741Y9.8195
G01 X56.7705Y9.7702
G01 X56.6726Y9.7112
G01 X56.5855Y9.6465
G01 X56.5002Y9.5697
G01 X56.4228Y9.4848
G01 X56.3503Y9.3871
G01 X56.2948Y9.2945
G01 X56.2455Y9.1909
G01 X56.2045Y9.0763
G01 X56.1770Y8.9657
G01 X56.1611Y8.8581
G01 X56.1551Y8.7366
G01 X56.1611Y8.6219
G01 X56.1779Y8.5100
G01 X50.8221Y8.5100
G01 X50.8389Y8.6219
G01 X50.8449Y8.7366
G01 X50.8389Y8.8581
G01 X50.8231Y8.9649
G01 X50.7955Y9.0763
G01 X50.7545Y9.1909
G01 X50.7084Y9.2885
G01 X50.6497Y9.3871
G01 X50.5772Y9.4848
G01 X50.4998Y9.5697
G01 X50.4145Y9.6465
G01 X50.3278Y9.7108
G01 X50.2295Y9.7702
G01 X50.1259Y9.8195
G01 X50.0179Y9.8585
G01 X49.9010Y9.8879
G01 X49.7863Y9.9046
G01 X49.6750Y9.9100
G01 X48.4050Y9.9100
G01 X48.2937Y9.9046
G01 X48.2641Y9.9006
G01 X48.1549Y10.0097
G01 X48.1205Y10.0404
G01 X48.0833Y10.0676
G01 X48.0435Y10.0910
G01 X48.0081Y10.1078
G01 X47.9647Y10.1236
G01 X47.9145Y10.1363
G01 X47.8745Y10.1423
G01 X47.8250Y10.1449
G01 X36.6021Y10.1449
G01 X36.5560Y10.1423
G01 X36.5105Y10.1352
G01 X36.4658Y10.1236
G01 X36.4225Y10.1078
G01 X36.3810Y10.0878
G01 X36.3420Y10.0641
G01 X36.3100Y10.0404
G01 X36.2756Y10.0097
G01 X33.9359Y7.6700
G01 X27.6076Y7.6700
G01 X25.2950Y9.9826
G01 X25.2950Y11.5500
G01 X25.2923Y11.5995
G01 X25.2866Y11.6383
G01 X25.2757Y11.6831
G01 X25.2578Y11.7330
G01 X25.2410Y11.7685
G01 X25.2176Y11.8082
G01 X25.1904Y11.8455
G01 X25.1700Y11.8685
G01 X25.1698Y12.2175
G01 X25.1684Y12.2371
G01 X25.1628Y12.2661
G01 X25.1532Y12.2941
G01 X25.1396Y12.3204
G01 X25.1225Y12.3445
G01 X25.1020Y12.3659
G01 X25.0788Y12.3842
G01 X25.0532Y12.3990
G01 X25.0257Y12.4100
G01 X25.0161Y12.4128
G01 X24.9908Y12.4181
G01 X24.9625Y12.4200
G01 X24.6875Y12.4200
G01 X24.6629Y12.4184
G01 X24.6531Y12.4170
G01 X24.6278Y12.4112
G01 X24.6059Y12.4032
G01 X24.5968Y12.3990
G01 X24.5732Y12.3857
G01 X24.5555Y12.3725
G01 X24.5341Y12.3520
G01 X24.5158Y12.3288
G01 X24.5010Y12.3032
G01 X24.4900Y12.2757
G01 X24.4872Y12.2661
G01 X24.4819Y12.2408
G01 X24.4800Y12.2125
G01 X24.4800Y11.8685
G01 X24.4596Y11.8455
G01 X24.4324Y11.8082
G01 X24.4122Y11.7745
G01 X24.3922Y11.7330
G01 X24.3763Y11.6897
G01 X24.3648Y11.6450
G01 X24.3570Y11.5926
G01 X24.3550Y11.5500
G01 X24.3550Y9.9630
G01 X24.3493Y9.9461
G01 X24.3384Y9.9013
G01 X24.3322Y9.8586
G01 X24.3301Y9.8129
G00 Z3.0000
G00 X25.6251Y9.8580
G01 Z-0.2000
G01 X25.6277Y9.8120
G01 X25.6348Y9.7664
G01 X25.6463Y9.7218
G01 X25.6622Y9.6785
G01 X25.6822Y9.6369
G01 X25.7058Y9.5980
G01 X25.7296Y9.5660
G01 X25.7603Y9.5316
G01 X27.4742Y7.8176
G01 X27.5110Y7.7846
G01 X27.5454Y7.7592
G01 X27.5819Y7.7372
G01 X27.6267Y7.7158
G01 X27.6733Y7.6994
G01 X27.7148Y7.6890
G01 X27.7570Y7.6827
G01 X27.8064Y7.6800
G01 X33.7371Y7.6800
G01 X33.7797Y7.6820
G01 X33.8254Y7.6885
G01 X33.8702Y7.6994
G01 X33.9137Y7.7146
G01 X33.9556Y7.7340
G01 X33.9953Y7.7574
G01 X34.0325Y7.7846
G01 X34.0669Y7.8153
G01 X34.0981Y7.8493
G01 X34.1153Y7.8718
G01 X34.1350Y7.8865
G01 X34.1693Y7.9176
G01 X36.4067Y10.1550
G01 X70.2368Y10.1550
G01 X73.6766Y6.7153
G01 X73.7082Y6.6867
G01 X73.7453Y6.6592
G01 X73.7849Y6.6355
G01 X73.8266Y6.6158
G01 X73.8701Y6.6002
G01 X73.9148Y6.5890
G01 X73.9603Y6.5823
G01 X74.0065Y6.5800
G01 X78.0935Y6.5800
G01 X78.1430Y6.5827
G01 X78.1886Y6.5898
G01 X78.2332Y6.6013
G01 X78.2765Y6.6172
G01 X78.3181Y6.6372
G01 X78.3570Y6.6608
G01 X78.3943Y6.6889
G01 X78.4258Y6.7176
G01 X81.8632Y10.1550
G01 X90.3354Y10.1550
G01 X92.0852Y8.4053
G01 X92.1196Y8.3746
G01 X92.1511Y8.3512
G01 X92.1966Y8.3240
G01 X92.2320Y8.3072
G01 X92.2754Y8.2913
G01 X92.3200Y8.2798
G01 X92.3308Y8.2778
G01 X92.3748Y8.1855
G01 X92.4303Y8.0929
G01 X92.4985Y8.0005
G01 X92.5753Y7.9152
G01 X92.6602Y7.8378
G01 X92.7579Y7.7653
G01 X92.8505Y7.7098
G01 X92.9541Y7.6605
G01 X93.0687Y7.6195
G01 X93.1793Y7.5920
G01 X93.2937Y7.5754
G01 X93.4050Y7.5700
G01 X94.6750Y7.5700
G01 X94.7863Y7.5754
G01 X94.8999Y7.5919
G01 X95.0113Y7.6195
G01 X95.1195Y7.6578
G01 X95.1613Y7.6772
G01 X95.1961Y7.6512
G01 X95.2355Y7.6272
G01 X95.2833Y7.6045
G01 X95.3269Y7.5893
G01 X95.3708Y7.5786
G01 X95.4174Y7.5720
G01 X95.4600Y7.5700
G01 X102.0400Y7.5700
G01 X102.0895Y7.5727
G01 X102.1283Y7.5784
G01 X102.1524Y7.5841
G01 X102.2137Y7.5754
G01 X102.3250Y7.5700
G01 X103.5950Y7.5700
G01 X103.7131Y7.5761
G01 X103.8199Y7.5919
G01 X103.9313Y7.6195
G01 X104.0395Y7.6578
G01 X104.1435Y7.7066
G01 X104.2474Y7.7688
G01 X104.3345Y7.8335
G01 X104.4198Y7.9103
G01 X104.4972Y7.9952
G01 X104.5658Y8.0872
G01 X104.6252Y8.1855
G01 X104.6772Y8.2955
G01 X104.7155Y8.4037
G01 X104.7430Y8.5143
G01 X104.7589Y8.6219
G01 X104.7649Y8.7366
G01 X104.7589Y8.8581
G01 X104.7431Y8.9649
G01 X104.7155Y9.0763
G01 X104.6745Y9.1909
G01 X104.6252Y9.2945
G01 X104.5662Y9.3924
G01 X104.5015Y9.4795
G01 X104.4198Y9.5697
G01 X104.3345Y9.6465
G01 X104.2478Y9.7108
G01 X104.1435Y9.7734
G01 X104.0395Y9.8222
G01 X103.9313Y9.8605
G01 X103.8207Y9.8880
G01 X103.7063Y9.9046
G01 X103.5950Y9.9100
G01 X102.3216Y9.9099
G01 X102.2069Y9.9039
G01 X102.1001Y9.8881
G01 X101.9887Y9.8605
G01 X101.8805Y9.8222
G01 X101.7765Y9.7734
G01 X101.6726Y9.7112
G01 X101.5855Y9.6465
G01 X101.4953Y9.5648
G01 X101.4185Y9.4795
G01 X101.3542Y9.3928
G01 X101.2948Y9.2945
G01 X101.2455Y9.1909
G01 X101.2065Y9.0829
G01 X101.1782Y8.9716
G01 X101.1611Y8.8581
G01 X101.1551Y8.7434
G01 X101.1604Y8.6287
G01 X101.1779Y8.5100
G01 X95.8221Y8.5100
G01 X95.8389Y8.6219
G01 X95.8449Y8.7366
G01 X95.8389Y8.8581
G01 X95.8231Y8.9649
G01 X95.7955Y9.0763
G01 X95.7572Y9.1845
G01 X95.7084Y9.2885
G01 X95.6462Y9.3924
G01 X95.5815Y9.4795
G01 X95.4998Y9.5697
G01 X95.4145Y9.6465
G01 X95.3278Y9.7108
G01 X95.2235Y9.7734
G01 X95.1195Y9.8222
G01 X95.0113Y9.8605
G01 X94.9007Y9.8880
G01 X94.7863Y9.9046
G01 X94.6750Y9.9100
G01 X93.4050Y9.9100
G01 X93.2869Y9.9039
G01 X93.1801Y9.8881
G01 X93.0687Y9.8605
G01 X92.9605Y9.8222
G01 X92.8565Y9.7734
G01 X92.7579Y9.7147
G01 X92.6655Y9.6465
G01 X92.5802Y9.5697
G01 X92.5028Y9.4848
G01 X92.4313Y9.3885
G01 X90.8599Y10.9597
G01 X90.8255Y10.9904
G01 X90.7940Y11.0138
G01 X90.7486Y11.0410
G01 X90.7131Y11.0578
G01 X90.6698Y11.0736
G01 X90.6192Y11.0864
G01 X90.5727Y11.0929
G01 X90.5301Y11.0950
G01 X81.6650Y11.0949
G01 X81.6190Y11.0923
G01 X81.5734Y11.0852
G01 X81.5288Y11.0736
G01 X81.4855Y11.0578
G01 X81.4439Y11.0378
G01 X81.4050Y11.0141
G01 X81.3730Y10.9904
G01 X81.3386Y10.9597
G01 X77.8988Y7.5200
G01 X74.2012Y7.5200
G01 X70.7639Y10.9573
G01 X70.7323Y10.9860
G01 X70.6955Y11.0138
G01 X70.6561Y11.0378
G01 X70.6145Y11.0578
G01 X70.5712Y11.0736
G01 X70.5266Y11.0852
G01 X70.4742Y11.0929
G01 X70.4315Y11.0950
G01 X36.2120Y11.0950
G01 X36.1694Y11.0929
G01 X36.1237Y11.0865
G01 X36.0789Y11.0756
G01 X36.0353Y11.0604
G01 X35.9935Y11.0410
G01 X35.9538Y11.0176
G01 X35.9165Y10.9904
G01 X35.8821Y10.9597
G01 X33.5424Y8.6200
G01 X28.0011Y8.6200
G01 X26.5650Y10.0562
G01 X26.5650Y11.5500
G01 X26.5623Y11.5995
G01 X26.5566Y11.6383
G01 X26.5457Y11.6831
G01 X26.5278Y11.7330
G01 X26.5110Y11.7685
G01 X26.4876Y11.8082
G01 X26.4604Y11.8455
G01 X26.4400Y11.8685
G01 X26.4398Y12.2175
G01 X26.4384Y12.2371
G01 X26.4328Y12.2661
G01 X26.4232Y12.2941
G01 X26.4096Y12.3204
G01 X26.3925Y12.3445
G01 X26.3720Y12.3659
G01 X26.3488Y12.3842
G01 X26.3232Y12.3990
G01 X26.2957Y12.4100
G01 X26.2861Y12.4128
G01 X26.2608Y12.4181
G01 X26.2325Y12.4200
G01 X25.9575Y12.4200
G01 X25.9250Y12.4174
G01 X25.8905Y12.4088
G01 X25.8633Y12.3974
G01 X25.8401Y12.3834
G01 X25.8312Y12.3770
G01 X25.8148Y12.3630
G01 X25.8070Y12.3552
G01 X25.7896Y12.3345
G01 X25.7725Y12.3065
G01 X25.7602Y12.2766
G01 X25.7536Y12.2504
G01 X25.7519Y12.2395
G01 X25.7500Y12.2125
G01 X25.7500Y11.8685
G01 X25.7296Y11.8455
G01 X25.7024Y11.8082
G01 X25.6822Y11.7745
G01 X25.6622Y11.7330
G01 X25.6463Y11.6897
G01 X25.6348Y11.6450
G01 X25.6270Y11.5926
G01 X25.6250Y11.5500
G01 X25.6251Y9.8580
G00 Z3.0000
G00 X26.8951Y9.9316
G01 Z-0.2000
G01 X26.8977Y9.8855
G01 X26.9048Y9.8400
G01 X26.9163Y9.7953
G01 X26.9322Y9.7520
G01 X26.9522Y9.7105
G01 X26.9758Y9.6715
G01 X26.9996Y9.6395
G01 X27.0303Y9.6051
G01 X27.8676Y8.7677
G01 X27.8992Y8.7390
G01 X27.9417Y8.7074
G01 X27.9815Y8.6840
G01 X28.0170Y8.6672
G01 X28.0603Y8.6514
G01 X28.1105Y8.6387
G01 X28.1573Y8.6321
G01 X28.2000Y8.6300
G01 X33.3470Y8.6301
G01 X33.3930Y8.6327
G01 X33.4386Y8.6398
G01 X33.4833Y8.6514
G01 X33.5266Y8.6672
G01 X33.5681Y8.6872
G01 X33.6070Y8.7109
G01 X33.6390Y8.7346
G01 X33.6734Y8.7653
G01 X36.0132Y11.1050
G01 X70.6303Y11.1050
G01 X74.0677Y7.6677
G01 X74.0992Y7.6389
G01 X74.1361Y7.6112
G01 X74.1815Y7.5840
G01 X74.2170Y7.5672
G01 X74.2603Y7.5513
G01 X74.3050Y7.5398
G01 X74.3505Y7.5327
G01 X74.4000Y7.5300
G01 X77.7000Y7.5300
G01 X77.7426Y7.5320
G01 X77.7883Y7.5384
G01 X77.8331Y7.5493
G01 X77.8767Y7.5645
G01 X77.9185Y7.5840
G01 X77.9582Y7.6074
G01 X77.9955Y7.6346
G01 X78.0299Y7.6653
G01 X81.4697Y11.1050
G01 X115.8303Y11.1050
G01 X119.0677Y7.8677
G01 X119.0992Y7.8389
G01 X119.1361Y7.8112
G01 X119.1815Y7.7840
G01 X119.2170Y7.7672
G01 X119.2603Y7.7513
G01 X119.3050Y7.7398
G01 X119.3505Y7.7327
G01 X119.4000Y7.7300
G01 X122.7000Y7.7300
G01 X122.7426Y7.7320
G01 X122.7883Y7.7384
G01 X122.8331Y7.7493
G01 X122.8767Y7.7645
G01 X122.9185Y7.7840
G01 X122.9582Y7.8074
G01 X122.9955Y7.8346
G01 X123.0299Y7.8653
G01 X126.2697Y11.1050
G01 X134.3854Y11.1050
G01 X137.0827Y8.4077
G01 X137.1143Y8.3789
G01 X137.1511Y8.3512
G01 X137.1966Y8.3240
G01 X137.2320Y8.3072
G01 X137.2754Y8.2913
G01 X137.3200Y8.2798
G01 X137.3308Y8.2778
G01 X137.3748Y8.1855
G01 X137.4338Y8.0876
G01 X137.5028Y7.9952
G01 X137.5802Y7.9103
G01 X137.6655Y7.8335
G01 X137.7522Y7.7692
G01 X137.8565Y7.7066
G01 X137.9541Y7.6605
G01 X138.0621Y7.6215
G01 X138.1801Y7.5919
G01 X138.2937Y7.5754
G01 X138.4050Y7.5700
G01 X139.6784Y7.5701
G01 X139.7931Y7.5761
G01 X139.9066Y7.5932
G01 X140.0179Y7.6215
G01 X140.1195Y7.6578
G01 X140.1613Y7.6772
G01 X140.1961Y7.6512
G01 X140.2355Y7.6272
G01 X140.2833Y7.6045
G01 X140.3269Y7.5893
G01 X140.3708Y7.5786
G01 X140.4174Y7.5720
G01 X140.4600Y7.5700
G01 X147.0400Y7.5700
G01 X147.0895Y7.5727
G01 X147.1283Y7.5784
G01 X147.1524Y7.5841
G01 X147.2137Y7.5754
G01 X147.3250Y7.5700
G01 X148.5950Y7.5700
G01 X148.7131Y7.5761
G01 X148.8199Y7.5919
G01 X148.9313Y7.6195
G01 X149.0395Y7.6578
G01 X149.1435Y7.7066
G01 X149.2474Y7.7688
G01 X149.3345Y7.8335
G01 X149.4198Y7.9103
G01 X149.4972Y7.9952
G01 X149.5658Y8.0872
G01 X149.6252Y8.1855
G01 X149.6772Y8.2955
G01 X149.7155Y8.4037
G01 X149.7430Y8.5143
G01 X149.7589Y8.6219
G01 X149.7649Y8.7366
G01 X149.7589Y8.8581
G01 X149.7431Y8.9649
G01 X149.7155Y9.0763
G01 X149.6745Y9.1909
G01 X149.6252Y9.2945
G01 X149.5662Y9.3924
G01 X149.5015Y9.4795
G01 X149.4198Y9.5697
G01 X149.3345Y9.6465
G01 X149.2478Y9.7108
G01 X149.1435Y9.7734
G01 X149.0395Y9.8222
G01 X148.9313Y9.8605
G01 X148.8207Y9.8880
G01 X148.7063Y9.9046
G01 X148.5950Y9.9100
G01 X147.3216Y9.9099
G01 X147.2069Y9.9039
G01 X147.1001Y9.8881
G01 X146.9887Y9.8605
G01 X146.8805Y9.8222
G01 X146.7765Y9.7734
G01 X146.6726Y9.7112
G01 X146.5855Y9.6465
G01 X146.4953Y9.5648
G01 X146.4185Y9.4795
G01 X146.3542Y9.3928
G01 X146.2948Y9.2945
G01 X146.2455Y9.1909
G01 X146.2065Y9.0829
G01 X146.1782Y8.9716
G01 X146.1611Y8.8581
G01 X146.1551Y8.7434
G01 X146.1604Y8.6287
G01 X146.1779Y8.5100
G01 X140.8221Y8.5100
G01 X140.8389Y8.6219
G01 X140.8449Y8.7366
G01 X140.8396Y8.8513
G01 X140.8231Y8.9649
G01 X140.7955Y9.0763
G01 X140.7572Y9.1845
G01 X140.7084Y9.2885
G01 X140.6497Y9.3871
G01 X140.5772Y9.4848
G01 X140.4998Y9.5697
G01 X140.4145Y9.6465
G01 X140.3221Y9.7147
G01 X140.2235Y9.7734
G01 X140.1195Y9.8222
G01 X140.0113Y9.8605
G01 X139.9007Y9.8880
G01 X139.7931Y9.9039
G01 X139.6750Y9.9100
G01 X138.4050Y9.9100
G01 X138.2937Y9.9046
G01 X138.1801Y9.8881
G01 X138.0687Y9.8605
G01 X137.9605Y9.8222
G01 X137.8565Y9.7734
G01 X137.7526Y9.7112
G01 X137.6602Y9.6422
G01 X137.5753Y9.5648
G01 X137.4985Y9.4795
G01 X137.4313Y9.3885
G01 X134.9099Y11.9097
G01 X134.8755Y11.9404
G01 X134.8383Y11.9676
G01 X134.7986Y11.9910
G01 X134.7567Y12.0104
G01 X134.7132Y12.0256
G01 X134.6692Y12.0364
G01 X134.6227Y12.0430
G01 X134.5801Y12.0450
G01 X126.0000Y12.0450
G01 X125.9505Y12.0423
G01 X125.9117Y12.0365
G01 X125.8669Y12.0256
G01 X125.8170Y12.0078
G01 X125.7755Y11.9878
G01 X125.7365Y11.9641
G01 X125.7045Y11.9404
G01 X125.6701Y11.9097
G01 X125.6346Y11.8704
G01 X125.6074Y11.8332
G01 X125.5840Y11.7935
G01 X125.5672Y11.7580
G01 X125.5521Y11.7167
G01 X122.5053Y8.6700
G01 X119.5947Y8.6700
G01 X116.3549Y11.9097
G01 X116.3205Y11.9404
G01 X116.2832Y11.9676
G01 X116.2435Y11.9910
G01 X116.2017Y12.0104
G01 X116.1582Y12.0256
G01 X116.1142Y12.0364
G01 X116.0677Y12.0430
G01 X116.0250Y12.0450
G01 X81.2000Y12.0450
G01 X81.1574Y12.0430
G01 X81.1050Y12.0352
G01 X81.0603Y12.0237
G01 X81.0170Y12.0078
G01 X80.9755Y11.9878
G01 X80.9365Y11.9641
G01 X80.9045Y11.9404
G01 X80.8701Y11.9097
G01 X80.8346Y11.8704
G01 X80.8074Y11.8332
G01 X80.7840Y11.7935
G01 X80.7672Y11.7580
G01 X80.7521Y11.7167
G01 X77.5053Y8.4700
G01 X74.5947Y8.4700
G01 X71.1549Y11.9097
G01 X71.1205Y11.9404
G01 X71.0832Y11.9676
G01 X71.0496Y11.9878
G01 X71.0080Y12.0078
G01 X70.9647Y12.0237
G01 X70.9201Y12.0352
G01 X70.8745Y12.0423
G01 X70.8285Y12.0449
G01 X35.8185Y12.0450
G01 X35.7758Y12.0430
G01 X35.7234Y12.0352
G01 X35.6788Y12.0237
G01 X35.6355Y12.0078
G01 X35.5939Y11.9878
G01 X35.5550Y11.9641
G01 X35.5230Y11.9404
G01 X35.4886Y11.9097
G01 X33.2060Y9.6276
G01 X33.1755Y9.6128
G01 X33.1418Y9.5926
G01 X33.1108Y9.5700
G01 X28.4892Y9.5700
G01 X28.4582Y9.5926
G01 X28.4185Y9.6160
G01 X28.3767Y9.6354
G01 X28.3397Y9.6487
G01 X28.3076Y9.6570
G01 X27.8350Y10.1297
G01 X27.8350Y11.5500
G01 X27.8330Y11.5926
G01 X27.8252Y11.6450
G01 X27.8137Y11.6897
G01 X27.7978Y11.7330
G01 X27.7810Y11.7685
G01 X27.7576Y11.8082
G01 X27.7304Y11.8455
G01 X27.7100Y11.8685
G01 X27.7098Y12.2175
G01 X27.7084Y12.2371
G01 X27.7028Y12.2661
G01 X27.6932Y12.2941
G01 X27.6796Y12.3204
G01 X27.6742Y12.3288
G01 X27.6559Y12.3520
G01 X27.6345Y12.3725
G01 X27.6188Y12.3842
G01 X27.5932Y12.3990
G01 X27.5657Y12.4100
G01 X27.5561Y12.4128
G01 X27.5308Y12.4181
G01 X27.5025Y12.4200
G01 X27.2220Y12.4198
G01 X27.1950Y12.4174
G01 X27.1605Y12.4088
G01 X27.1333Y12.3974
G01 X27.1042Y12.3794
G01 X27.0808Y12.3592
G01 X27.0596Y12.3345
G01 X27.0425Y12.3065
G01 X27.0321Y12.2818
G01 X27.0287Y12.2713
G01 X27.0224Y12.2436
G01 X27.0200Y12.2125
G01 X27.0200Y11.8685
G01 X26.9996Y11.8455
G01 X26.9724Y11.8082
G01 X26.9522Y11.7745
G01 X26.9322Y11.7330
G01 X26.9143Y11.6831
G01 X26.9036Y11.6392
G01 X26.8977Y11.5995
G01 X26.8950Y11.5500
G01 X26.8951Y9.9316
G00 Z3.0000
G00 X28.1651Y10.1616
G01 Z-0.2000
G01 X28.1677Y10.1155
G01 X28.1734Y10.0767
G01 X28.1843Y10.0319
G01 X28.1995Y9.9883
G01 X28.2222Y9.9405
G01 X28.2424Y9.9068
G01 X28.2499Y9.8961
G01 X28.2606Y9.8670
G01 X28.2807Y9.8255
G01 X28.3043Y9.7866
G01 X28.3324Y9.7493
G01 X28.3636Y9.7153
G01 X28.3980Y9.6846
G01 X28.4295Y9.6612
G01 X28.4689Y9.6372
G01 X28.5105Y9.6172
G01 X28.5538Y9.6014
G01 X28.6040Y9.5887
G01 X28.6440Y9.5827
G01 X28.6935Y9.5801
G01 X32.9501Y9.5801
G01 X32.9995Y9.5827
G01 X33.0384Y9.5885
G01 X33.0832Y9.5994
G01 X33.1331Y9.6172
G01 X33.1746Y9.6372
G01 X33.2135Y9.6609
G01 X33.2455Y9.6846
G01 X33.2824Y9.7177
G01 X35.6197Y12.0550
G01 X71.1250Y12.0550
G01 X71.1745Y12.0577
G01 X71.2133Y12.0634
G01 X71.2581Y12.0743
G01 X71.3016Y12.0895
G01 X71.3435Y12.1089
G01 X71.3884Y12.1358
G01 X71.4257Y12.1639
G01 X71.4573Y12.1926
G01 X74.7947Y15.5300
G01 X77.3053Y15.5300
G01 X80.6452Y12.1903
G01 X80.6796Y12.1596
G01 X80.7168Y12.1324
G01 X80.7565Y12.1089
G01 X80.7984Y12.0895
G01 X80.8419Y12.0743
G01 X80.8859Y12.0636
G01 X80.9324Y12.0570
G01 X80.9750Y12.0550
G01 X116.1250Y12.0550
G01 X116.1676Y12.0570
G01 X116.2200Y12.0648
G01 X116.2647Y12.0763
G01 X116.3080Y12.0921
G01 X116.3495Y12.1122
G01 X116.3884Y12.1358
G01 X116.4257Y12.1639
G01 X116.4573Y12.1926
G01 X119.4947Y15.2300
G01 X122.5053Y15.2300
G01 X125.5427Y12.1926
G01 X125.5743Y12.1639
G01 X125.6111Y12.1362
G01 X125.6505Y12.1122
G01 X125.6920Y12.0921
G01 X125.7353Y12.0763
G01 X125.7800Y12.0648
G01 X125.8324Y12.0570
G01 X125.8750Y12.0550
G01 X161.1284Y12.0551
G01 X161.1745Y12.0577
G01 X161.2200Y12.0648
G01 X161.2647Y12.0763
G01 X161.3080Y12.0921
G01 X161.3495Y12.1122
G01 X161.3884Y12.1358
G01 X161.4204Y12.1596
G01 X161.4548Y12.1903
G01 X164.5947Y15.3300
G01 X167.4053Y15.3300
G01 X170.5427Y12.1926
G01 X170.5796Y12.1596
G01 X170.6111Y12.1362
G01 X170.6505Y12.1122
G01 X170.6920Y12.0921
G01 X170.7419Y12.0743
G01 X170.7859Y12.0636
G01 X170.8255Y12.0577
G01 X170.8750Y12.0550
G01 X178.4803Y12.0550
G01 X182.1277Y8.4077
G01 X182.1645Y8.3746
G01 X182.1961Y8.3512
G01 X182.2355Y8.3272
G01 X182.2770Y8.3072
G01 X182.3252Y8.2898
G01 X182.3748Y8.1855
G01 X182.4338Y8.0876
G01 X182.5028Y7.9952
G01 X182.5802Y7.9103
G01 X182.6655Y7.8335
G01 X182.7522Y7.7692
G01 X182.8505Y7.7098
G01 X182.9541Y7.6605
G01 X183.0621Y7.6215
G01 X183.1801Y7.5919
G01 X183.2869Y7.5761
G01 X183.4016Y7.5701
G01 X184.6750Y7.5700
G01 X184.7863Y7.5754
G01 X184.8999Y7.5919
G01 X185.0113Y7.6195
G01 X185.1195Y7.6578
G01 X185.2295Y7.7098
G01 X185.3274Y7.7688
G01 X185.4145Y7.8335
G01 X185.5047Y7.9152
G01 X185.5815Y8.0005
G01 X185.6458Y8.0872
G01 X185.7084Y8.1915
G01 X185.7545Y8.2891
G01 X185.7935Y8.3971
G01 X185.8231Y8.5151
G01 X185.8389Y8.6219
G01 X185.8449Y8.7366
G01 X185.8396Y8.8513
G01 X185.8231Y8.9649
G01 X185.7935Y9.0829
G01 X185.7572Y9.1845
G01 X185.7084Y9.2885
G01 X185.6462Y9.3924
G01 X185.5815Y9.4795
G01 X185.5047Y9.5648
G01 X185.4198Y9.6422
G01 X185.3221Y9.7147
G01 X185.2235Y9.7734
G01 X185.1195Y9.8222
G01 X185.0113Y9.8605
G01 X184.9007Y9.8880
G01 X184.7863Y9.9046
G01 X184.6750Y9.9100
G01 X183.4050Y9.9100
G01 X183.2937Y9.9046
G01 X183.1801Y9.8881
G01 X183.0687Y9.8605
G01 X182.9605Y9.8222
G01 X182.8565Y9.7734
G01 X182.7579Y9.7147
G01 X182.6655Y9.6465
G01 X182.5802Y9.5697
G01 X182.5028Y9.4848
G01 X182.4502Y9.4145
G01 X179.0074Y12.8573
G01 X178.9705Y12.8904
G01 X178.9389Y12.9138
G01 X178.8996Y12.9378
G01 X178.8580Y12.9578
G01 X178.8081Y12.9757
G01 X178.7642Y12.9864
G01 X178.7245Y12.9923
G01 X178.6750Y12.9950
G01 X171.0697Y12.9950
G01 X167.9299Y16.1347
G01 X167.8955Y16.1654
G01 X167.8582Y16.1926
G01 X167.8185Y16.2160
G01 X167.7767Y16.2355
G01 X167.7331Y16.2507
G01 X167.6892Y16.2614
G01 X167.6426Y16.2680
G01 X167.6000Y16.2700
G01 X164.4000Y16.2700
G01 X164.3505Y16.2673
G01 X164.3050Y16.2602
G01 X164.2669Y16.2507
G01 X164.2233Y16.2355
G01 X164.1815Y16.2160
G01 X164.1365Y16.1892
G01 X164.0992Y16.1611
G01 X164.0677Y16.1323
G01 X160.9303Y12.9950
G01 X126.0697Y12.9950
G01 X123.0299Y16.0347
G01 X122.9955Y16.0654
G01 X122.9582Y16.0926
G01 X122.9185Y16.1160
G01 X122.8767Y16.1355
G01 X122.8331Y16.1507
G01 X122.7892Y16.1614
G01 X122.7426Y16.1680
G01 X122.7000Y16.1700
G01 X119.3000Y16.1700
G01 X119.2505Y16.1673
G01 X119.2050Y16.1602
G01 X119.1603Y16.1487
G01 X119.1170Y16.1328
G01 X119.0755Y16.1128
G01 X119.0365Y16.0892
G01 X118.9992Y16.0611
G01 X118.9677Y16.0323
G01 X115.9303Y12.9950
G01 X81.1697Y12.9950
G01 X77.8323Y16.3323
G01 X77.8008Y16.3611
G01 X77.7639Y16.3888
G01 X77.7185Y16.4160
G01 X77.6830Y16.4328
G01 X77.6397Y16.4487
G01 X77.5950Y16.4602
G01 X77.5495Y16.4673
G01 X77.5000Y16.4700
G01 X74.5966Y16.4699
G01 X74.5505Y16.4673
G01 X74.5050Y16.4602
G01 X74.4603Y16.4487
G01 X74.4170Y16.4328
G01 X74.3755Y16.4128
G01 X74.3365Y16.3892
G01 X74.3045Y16.3654
G01 X74.2701Y16.3347
G01 X70.9303Y12.9950
G01 X35.4250Y12.9950
G01 X35.3823Y12.9930
G01 X35.3299Y12.9852
G01 X35.2853Y12.9737
G01 X35.2420Y12.9578
G01 X35.2004Y12.9378
G01 X35.1615Y12.9141
G01 X35.1295Y12.8904
G01 X35.0951Y12.8597
G01 X32.7554Y10.5201
G01 X29.1050Y10.5201
G01 X29.1050Y11.5500
G01 X29.1030Y11.5926
G01 X29.0952Y11.6450
G01 X29.0837Y11.6897
G01 X29.0678Y11.7330
G01 X29.0510Y11.7685
G01 X29.0276Y11.8082
G01 X29.0004Y11.8455
G01 X28.9800Y11.8685
G01 X28.9800Y12.2125
G01 X28.9784Y12.2371
G01 X28.9770Y12.2469
G01 X28.9700Y12.2757
G01 X28.9590Y12.3032
G01 X28.9457Y12.3268
G01 X28.9325Y12.3445
G01 X28.9120Y12.3659
G01 X28.8888Y12.3842
G01 X28.8804Y12.3896
G01 X28.8570Y12.4020
G01 X28.8357Y12.4100
G01 X28.8261Y12.4128
G01 X28.8008Y12.4181
G01 X28.7725Y12.4200
G01 X28.4975Y12.4200
G01 X28.4650Y12.4174
G01 X28.4305Y12.4088
G01 X28.4033Y12.3974
G01 X28.3801Y12.3834
G01 X28.3712Y12.3770
G01 X28.3508Y12.3592
G01 X28.3296Y12.3345
G01 X28.3153Y12.3115
G01 X28.3103Y12.3017
G01 X28.3002Y12.2766
G01 X28.2924Y12.2436
G01 X28.2900Y12.2125
G01 X28.2900Y11.8685
G01 X28.2696Y11.8455
G01 X28.2424Y11.8082
G01 X28.2222Y11.7745
G01 X28.2022Y11.7330
G01 X28.1843Y11.6831
G01 X28.1736Y11.6392
G01 X28.1677Y11.5995
G01 X28.1650Y11.5500
G01 X28.1651Y10.1616
G00 Z3.0000
G00 X29.5620Y10.8605
G01 Z-0.2000
G01 X29.5636Y10.8496
G01 X29.5712Y10.8205
G01 X29.5826Y10.7933
G01 X29.6006Y10.7642
G01 X29.6170Y10.7448
G01 X29.6248Y10.7370
G01 X29.6412Y10.7230
G01 X29.6501Y10.7166
G01 X29.6735Y10.7025
G01 X29.6982Y10.6921
G01 X29.7087Y10.6887
G01 X29.7364Y10.6824
G01 X29.7620Y10.6802
G01 X30.0425Y10.6800
G01 X30.0671Y10.6816
G01 X30.0769Y10.6830
G01 X30.1022Y10.6888
G01 X30.1241Y10.6968
G01 X30.1504Y10.7104
G01 X30.1588Y10.7158
G01 X30.1820Y10.7341
G01 X30.1959Y10.7480
G01 X30.2142Y10.7712
G01 X30.2290Y10.7968
G01 X30.2400Y10.8243
G01 X30.2428Y10.8339
G01 X30.2481Y10.8592
G01 X30.2500Y10.8875
G01 X30.2500Y12.2125
G01 X30.2484Y12.2371
G01 X30.2470Y12.2469
G01 X30.2412Y12.2722
G01 X30.2332Y12.2941
G01 X30.2196Y12.3204
G01 X30.2025Y12.3445
G01 X30.1820Y12.3659
G01 X30.1588Y12.3842
G01 X30.1332Y12.3990
G01 X30.1057Y12.4100
G01 X30.0961Y12.4128
G01 X30.0708Y12.4181
G01 X30.0425Y12.4200
G01 X29.7675Y12.4200
G01 X29.7350Y12.4174
G01 X29.7087Y12.4113
G01 X29.7005Y12.4088
G01 X29.6783Y12.3997
G01 X29.6685Y12.3947
G01 X29.6442Y12.3794
G01 X29.6208Y12.3592
G01 X29.5996Y12.3345
G01 X29.5853Y12.3115
G01 X29.5803Y12.3017
G01 X29.5702Y12.2766
G01 X29.5624Y12.2436
G01 X29.5600Y12.2125
G01 X29.5600Y10.8875
G01 X29.5620Y10.8605
G00 Z3.0000
G00 X30.5415Y10.8141
G01 Z-0.2000
G01 X30.5411Y10.8161
G01 X30.5401Y10.8272
G01 X30.5383Y10.8141
G01 X30.5415Y10.8141
G00 Z3.0000
G00 X30.8320Y10.8605
G01 Z-0.2000
G01 X30.8336Y10.8496
G01 X30.8412Y10.8205
G01 X30.8526Y10.7933
G01 X30.8706Y10.7642
G01 X30.8870Y10.7448
G01 X30.8948Y10.7370
G01 X30.9112Y10.7230
G01 X30.9201Y10.7166
G01 X30.9435Y10.7025
G01 X30.9682Y10.6921
G01 X30.9787Y10.6887
G01 X31.0064Y10.6824
G01 X31.0320Y10.6802
G01 X31.3125Y10.6800
G01 X31.3450Y10.6826
G01 X31.3713Y10.6887
G01 X31.3795Y10.6912
G01 X31.4017Y10.7003
G01 X31.4115Y10.7053
G01 X31.4358Y10.7206
G01 X31.4592Y10.7408
G01 X31.4804Y10.7655
G01 X31.4947Y10.7885
G01 X31.4997Y10.7983
G01 X31.5098Y10.8234
G01 X31.5176Y10.8564
G01 X31.5200Y10.8875
G01 X31.5200Y12.2125
G01 X31.5184Y12.2371
G01 X31.5170Y12.2469
G01 X31.5112Y12.2722
G01 X31.5032Y12.2941
G01 X31.4896Y12.3204
G01 X31.4725Y12.3445
G01 X31.4520Y12.3659
G01 X31.4288Y12.3842
G01 X31.4032Y12.3990
G01 X31.3757Y12.4100
G01 X31.3661Y12.4128
G01 X31.3408Y12.4181
G01 X31.3125Y12.4200
G01 X31.0375Y12.4200
G01 X31.0050Y12.4174
G01 X30.9787Y12.4113
G01 X30.9705Y12.4088
G01 X30.9483Y12.3997
G01 X30.9385Y12.3947
G01 X30.9142Y12.3794
G01 X30.8908Y12.3592
G01 X30.8696Y12.3345
G01 X30.8553Y12.3115
G01 X30.8503Y12.3017
G01 X30.8402Y12.2766
G01 X30.8324Y12.2436
G01 X30.8300Y12.2125
G01 X30.8300Y10.8875
G01 X30.8320Y10.8605
G00 Z3.0000
G00 X30.3341Y12.7359
G01 Z-0.2000
G01 X30.3937Y12.6980
G01 X30.4094Y12.6863
G01 X30.4592Y12.6431
G01 X30.4731Y12.6292
G01 X30.5163Y12.5794
G01 X30.5401Y12.5464
G01 X30.5525Y12.5649
G01 X30.5750Y12.5934
G01 X30.5890Y12.6098
G01 X30.6136Y12.6364
G01 X30.6402Y12.6610
G01 X30.6762Y12.6909
G01 X30.7153Y12.7177
G01 X30.7460Y12.7358
G01 X30.3341Y12.7359
G00 Z3.0000
G00 X29.0635Y12.7363
G01 Z-0.2000
G01 X29.1237Y12.6980
G01 X29.1394Y12.6863
G01 X29.1892Y12.6431
G01 X29.2031Y12.6292
G01 X29.2463Y12.5794
G01 X29.2701Y12.5464
G01 X29.2825Y12.5649
G01 X29.3050Y12.5934
G01 X29.3190Y12.6098
G01 X29.3436Y12.6364
G01 X29.3702Y12.6610
G01 X29.4062Y12.6909
G01 X29.4453Y12.7177
G01 X29.4766Y12.7362
G01 X29.0635Y12.7363
G00 Z3.0000
G00 X27.7929Y12.7366
G01 Z-0.2000
G01 X27.8537Y12.6980
G01 X27.8694Y12.6863
G01 X27.9192Y12.6431
G01 X27.9331Y12.6292
G01 X27.9763Y12.5794
G01 X28.0001Y12.5464
G01 X28.0125Y12.5649
G01 X28.0350Y12.5934
G01 X28.0490Y12.6098
G01 X28.0736Y12.6364
G01 X28.1002Y12.6610
G01 X28.1362Y12.6909
G01 X28.1753Y12.7177
G01 X28.2072Y12.7365
G01 X27.7929Y12.7366
G00 Z3.0000
G00 X26.5222Y12.7369
G01 Z-0.2000
G01 X26.5837Y12.6980
G01 X26.5994Y12.6863
G01 X26.6492Y12.6431
G01 X26.6631Y12.6292
G01 X26.7063Y12.5794
G01 X26.7301Y12.5464
G01 X26.7425Y12.5649
G01 X26.7650Y12.5934
G01 X26.7790Y12.6098
G01 X26.8036Y12.6364
G01 X26.8302Y12.6610
G01 X26.8662Y12.6909
G01 X26.9053Y12.7177
G01 X26.9378Y12.7368
G01 X26.5222Y12.7369
G00 Z3.0000
G00 X25.2516Y12.7373
G01 Z-0.2000
G01 X25.3137Y12.6980
G01 X25.3294Y12.6863
G01 X25.3792Y12.6431
G01 X25.3931Y12.6292
G01 X25.4363Y12.5794
G01 X25.4601Y12.5464
G01 X25.4725Y12.5649
G01 X25.4950Y12.5934
G01 X25.5090Y12.6098
G01 X25.5336Y12.6364
G01 X25.5602Y12.6610
G01 X25.5962Y12.6909
G01 X25.6353Y12.7177
G01 X25.6684Y12.7372
G01 X25.2516Y12.7373
G00 Z3.0000
G00 X24.1905Y12.5458
G01 Z-0.2000
G01 X24.2020Y12.5637
G01 X24.2137Y12.5794
G01 X24.2569Y12.6292
G01 X24.2708Y12.6431
G01 X24.3206Y12.6863
G01 X24.3363Y12.6980
G01 X24.3366Y12.6976
G01 X24.3497Y12.7077
G01 X24.3988Y12.7375
G01 X23.9810Y12.7376
G01 X23.9883Y12.7337
G01 X24.0437Y12.6980
G01 X24.0594Y12.6863
G01 X24.1092Y12.6431
G01 X24.1231Y12.6292
G01 X24.1663Y12.5794
G01 X24.1905Y12.5458
G00 Z3.0000
G00 X23.1294Y12.7378
G01 Z-0.2000
G01 X22.5874Y12.7380
G01 X22.5482Y12.7156
G01 X22.5153Y12.7004
G01 X22.4791Y12.6854
G01 X22.4788Y12.6861
G01 X22.4639Y12.6794
G01 X22.4101Y12.6630
G01 X22.3720Y12.6538
G01 X22.3364Y12.6468
G01 X22.3004Y12.6425
G01 X22.2620Y12.6395
G01 X22.2620Y12.3620
G01 X22.8378Y12.3620
G01 X22.8527Y12.4127
G01 X22.8596Y12.4311
G01 X22.8601Y12.4309
G01 X22.8672Y12.4503
G01 X22.8869Y12.4910
G01 X22.8963Y12.5083
G01 X22.9320Y12.5637
G01 X22.9437Y12.5794
G01 X22.9869Y12.6292
G01 X23.0008Y12.6431
G01 X23.0506Y12.6863
G01 X23.0797Y12.7077
G01 X23.1294Y12.7378
G00 Z3.0000
G00 X22.8668Y12.6399
G01 Z-0.2000
G01 X22.6136Y12.6400
G01 X22.5927Y12.6283
G01 X22.5528Y12.6099
G01 X22.5166Y12.5949
G01 X22.5162Y12.5957
G01 X22.4982Y12.5876
G01 X22.4330Y12.5677
G01 X22.3948Y12.5586
G01 X22.3600Y12.5516
G01 X22.3600Y12.4600
G01 X22.7657Y12.4600
G01 X22.7677Y12.4653
G01 X22.7684Y12.4651
G01 X22.7770Y12.4886
G01 X22.8009Y12.5380
G01 X22.8103Y12.5552
G01 X22.8535Y12.6224
G01 X22.8668Y12.6399
G00 Z3.0000
G00 X22.1640Y12.2640
G01 Z-0.2000
G01 X22.9192Y12.2640
G01 X22.9202Y12.2774
G01 X22.9257Y12.3094
G01 X22.9299Y12.3286
G01 X22.9445Y12.3784
G01 X22.9574Y12.4120
G01 X22.9730Y12.4441
G01 X22.9824Y12.4613
G01 X23.0104Y12.5050
G01 X23.0222Y12.5207
G01 X23.0562Y12.5599
G01 X23.0701Y12.5738
G01 X23.1093Y12.6078
G01 X23.1356Y12.6272
G01 X23.1687Y12.6476
G01 X23.1859Y12.6570
G01 X23.2332Y12.6786
G01 X23.2695Y12.6917
G01 X23.3014Y12.7001
G01 X23.3206Y12.7043
G01 X23.3720Y12.7117
G01 X23.4175Y12.7140
G01 X23.6925Y12.7140
G01 X23.7185Y12.7131
G01 X23.7574Y12.7098
G01 X23.7894Y12.7043
G01 X23.8086Y12.7001
G01 X23.8584Y12.6855
G01 X23.8920Y12.6726
G01 X23.9241Y12.6570
G01 X23.9413Y12.6476
G01 X23.9850Y12.6196
G01 X24.0007Y12.6078
G01 X24.0399Y12.5738
G01 X24.0538Y12.5599
G01 X24.0878Y12.5207
G01 X24.1072Y12.4944
G01 X24.1276Y12.4613
G01 X24.1370Y12.4441
G01 X24.1586Y12.3968
G01 X24.1655Y12.3784
G01 X24.1717Y12.3605
G01 X24.1801Y12.3286
G01 X24.1843Y12.3094
G01 X24.1898Y12.2714
G01 X24.1957Y12.3094
G01 X24.1999Y12.3286
G01 X24.2145Y12.3784
G01 X24.2214Y12.3968
G01 X24.2274Y12.4120
G01 X24.2430Y12.4441
G01 X24.2524Y12.4613
G01 X24.2804Y12.5050
G01 X24.2922Y12.5207
G01 X24.3262Y12.5599
G01 X24.3401Y12.5738
G01 X24.3793Y12.6078
G01 X24.4056Y12.6272
G01 X24.4387Y12.6476
G01 X24.4559Y12.6570
G01 X24.5032Y12.6786
G01 X24.5395Y12.6917
G01 X24.5714Y12.7001
G01 X24.5906Y12.7043
G01 X24.6420Y12.7117
G01 X24.6875Y12.7140
G01 X24.9625Y12.7140
G01 X24.9885Y12.7131
G01 X25.0274Y12.7098
G01 X25.0594Y12.7043
G01 X25.0786Y12.7001
G01 X25.1284Y12.6855
G01 X25.1620Y12.6726
G01 X25.1941Y12.6570
G01 X25.2113Y12.6476
G01 X25.2550Y12.6196
G01 X25.2707Y12.6078
G01 X25.3099Y12.5738
G01 X25.3238Y12.5599
G01 X25.3578Y12.5207
G01 X25.3772Y12.4944
G01 X25.3976Y12.4613
G01 X25.4070Y12.4441
G01 X25.4286Y12.3968
G01 X25.4417Y12.3605
G01 X25.4501Y12.3286
G01 X25.4543Y12.3094
G01 X25.4599Y12.2702
G01 X25.4611Y12.2839
G01 X25.4678Y12.3190
G01 X25.4805Y12.3675
G01 X25.4904Y12.3943
G01 X25.5101Y12.4391
G01 X25.5246Y12.4651
G01 X25.5518Y12.5073
G01 X25.5695Y12.5297
G01 X25.6029Y12.5671
G01 X25.6239Y12.5865
G01 X25.6557Y12.6130
G01 X25.6865Y12.6341
G01 X25.7298Y12.6593
G01 X25.7558Y12.6713
G01 X25.7877Y12.6843
G01 X25.8300Y12.6972
G01 X25.8790Y12.7078
G01 X25.9074Y12.7112
G01 X25.9575Y12.7140
G01 X26.2325Y12.7140
G01 X26.2780Y12.7117
G01 X26.2974Y12.7098
G01 X26.3294Y12.7043
G01 X26.3486Y12.7001
G01 X26.3984Y12.6855
G01 X26.4320Y12.6726
G01 X26.4641Y12.6570
G01 X26.4813Y12.6476
G01 X26.5250Y12.6196
G01 X26.5407Y12.6078
G01 X26.5799Y12.5738
G01 X26.5938Y12.5599
G01 X26.6278Y12.5207
G01 X26.6472Y12.4944
G01 X26.6676Y12.4613
G01 X26.6770Y12.4441
G01 X26.6986Y12.3968
G01 X26.7055Y12.3784
G01 X26.7117Y12.3605
G01 X26.7201Y12.3286
G01 X26.7243Y12.3094
G01 X26.7299Y12.2702
G01 X26.7311Y12.2839
G01 X26.7378Y12.3190
G01 X26.7428Y12.3400
G01 X26.7505Y12.3675
G01 X26.7687Y12.4142
G01 X26.7801Y12.4391
G01 X26.7946Y12.4651
G01 X26.8059Y12.4835
G01 X26.8218Y12.5073
G01 X26.8535Y12.5461
G01 X26.8729Y12.5671
G01 X26.9103Y12.6005
G01 X26.9257Y12.6130
G01 X26.9565Y12.6341
G01 X26.9749Y12.6454
G01 X26.9998Y12.6593
G01 X27.0258Y12.6713
G01 X27.0577Y12.6843
G01 X27.1000Y12.6972
G01 X27.1210Y12.7022
G01 X27.1490Y12.7078
G01 X27.1774Y12.7112
G01 X27.2275Y12.7140
G01 X27.5025Y12.7140
G01 X27.5480Y12.7117
G01 X27.5674Y12.7098
G01 X27.5994Y12.7043
G01 X27.6186Y12.7001
G01 X27.6684Y12.6855
G01 X27.7020Y12.6726
G01 X27.7341Y12.6570
G01 X27.7513Y12.6476
G01 X27.7950Y12.6196
G01 X27.8107Y12.6078
G01 X27.8499Y12.5738
G01 X27.8638Y12.5599
G01 X27.8978Y12.5207
G01 X27.9172Y12.4944
G01 X27.9376Y12.4613
G01 X27.9470Y12.4441
G01 X27.9686Y12.3968
G01 X27.9755Y12.3784
G01 X27.9817Y12.3605
G01 X27.9901Y12.3286
G01 X27.9943Y12.3094
G01 X27.9999Y12.2702
G01 X28.0011Y12.2839
G01 X28.0078Y12.3190
G01 X28.0128Y12.3400
G01 X28.0205Y12.3675
G01 X28.0304Y12.3943
G01 X28.0501Y12.4391
G01 X28.0646Y12.4651
G01 X28.0918Y12.5073
G01 X28.1095Y12.5297
G01 X28.1429Y12.5671
G01 X28.1803Y12.6005
G01 X28.1957Y12.6130
G01 X28.2265Y12.6341
G01 X28.2698Y12.6593
G01 X28.2958Y12.6713
G01 X28.3277Y12.6843
G01 X28.3700Y12.6972
G01 X28.4190Y12.7078
G01 X28.4474Y12.7112
G01 X28.4975Y12.7140
G01 X28.7725Y12.7140
G01 X28.7985Y12.7131
G01 X28.8374Y12.7098
G01 X28.8694Y12.7043
G01 X28.8886Y12.7001
G01 X28.9384Y12.6855
G01 X28.9720Y12.6726
G01 X29.0041Y12.6570
G01 X29.0213Y12.6476
G01 X29.0650Y12.6196
G01 X29.0807Y12.6078
G01 X29.1199Y12.5738
G01 X29.1338Y12.5599
G01 X29.1678Y12.5207
G01 X29.1872Y12.4944
G01 X29.2076Y12.4613
G01 X29.2170Y12.4441
G01 X29.2386Y12.3968
G01 X29.2517Y12.3605
G01 X29.2601Y12.3286
G01 X29.2643Y12.3094
G01 X29.2699Y12.2702
G01 X29.2711Y12.2839
G01 X29.2778Y12.3190
G01 X29.2828Y12.3400
G01 X29.2905Y12.3675
G01 X29.3004Y12.3943
G01 X29.3201Y12.4391
G01 X29.3346Y12.4651
G01 X29.3618Y12.5073
G01 X29.3795Y12.5297
G01 X29.4129Y12.5671
G01 X29.4503Y12.6005
G01 X29.4657Y12.6130
G01 X29.4965Y12.6341
G01 X29.5398Y12.6593
G01 X29.5658Y12.6713
G01 X29.5977Y12.6843
G01 X29.6400Y12.6972
G01 X29.6890Y12.7078
G01 X29.7174Y12.7112
G01 X29.7675Y12.7140
G01 X30.0425Y12.7140
G01 X30.0685Y12.7131
G01 X30.1074Y12.7098
G01 X30.1394Y12.7043
G01 X30.1586Y12.7001
G01 X30.2084Y12.6855
G01 X30.2420Y12.6726
G01 X30.2741Y12.6570
G01 X30.2913Y12.6476
G01 X30.3350Y12.6196
G01 X30.3507Y12.6078
G01 X30.3899Y12.5738
G01 X30.4038Y12.5599
G01 X30.4378Y12.5207
G01 X30.4496Y12.5050
G01 X30.4572Y12.4944
G01 X30.4776Y12.4613
G01 X30.4870Y12.4441
G01 X30.5086Y12.3968
G01 X30.5217Y12.3605
G01 X30.5301Y12.3286
G01 X30.5343Y12.3094
G01 X30.5399Y12.2702
G01 X30.5411Y12.2839
G01 X30.5478Y12.3190
G01 X30.5605Y12.3675
G01 X30.5704Y12.3943
G01 X30.5901Y12.4391
G01 X30.6046Y12.4651
G01 X30.6159Y12.4835
G01 X30.6318Y12.5073
G01 X30.6495Y12.5297
G01 X30.6829Y12.5671
G01 X30.7039Y12.5865
G01 X30.7357Y12.6130
G01 X30.7665Y12.6341
G01 X30.7849Y12.6454
G01 X30.8098Y12.6593
G01 X30.8358Y12.6713
G01 X30.8677Y12.6843
G01 X30.9100Y12.6972
G01 X30.9590Y12.7078
G01 X30.9874Y12.7112
G01 X31.0375Y12.7140
G01 X31.3125Y12.7140
G01 X31.3385Y12.7131
G01 X31.3774Y12.7098
G01 X31.4094Y12.7043
G01 X31.4286Y12.7001
G01 X31.4784Y12.6855
G01 X31.5120Y12.6726
G01 X31.5360Y12.6610
G01 X31.5360Y12.8336
G01 X22.5598Y12.8360
G01 X22.5287Y12.8169
G01 X22.5038Y12.8029
G01 X22.4778Y12.7910
G01 X22.4296Y12.7712
G01 X22.3872Y12.7583
G01 X22.3491Y12.7491
G01 X22.3211Y12.7436
G01 X22.2927Y12.7402
G01 X22.2536Y12.7371
G01 X22.2250Y12.7360
G01 X22.1640Y12.7360
G01 X22.1640Y12.2640
G00 Z3.0000
G00 X22.7087Y10.3440
G01 Z-0.2000
G01 X22.5560Y10.3440
G01 X22.5560Y9.9577
G01 X23.6533Y9.9566
G01 X23.6587Y9.9940
G01 X23.4175Y9.9940
G01 X23.3582Y9.9963
G01 X23.2924Y10.0028
G01 X23.2195Y10.0166
G01 X23.1985Y10.0216
G01 X23.1414Y10.0377
G01 X23.0857Y10.0583
G01 X23.0658Y10.0665
G01 X23.0141Y10.0902
G01 X22.9601Y10.1204
G01 X22.9417Y10.1317
G01 X22.8923Y10.1646
G01 X22.8457Y10.2014
G01 X22.8293Y10.2154
G01 X22.7857Y10.2557
G01 X22.7454Y10.2993
G01 X22.7314Y10.3157
G01 X22.7321Y10.3163
G01 X22.7087Y10.3440
G00 Z3.0000
G00 X11.1605Y8.8512
G01 Z-0.2000
G01 X11.1551Y8.7366
G01 X11.1611Y8.6219
G01 X11.1770Y8.5143
G01 X11.2045Y8.4037
G01 X11.2428Y8.2955
G01 X11.2948Y8.1855
G01 X11.3538Y8.0876
G01 X11.4185Y8.0005
G01 X11.4953Y7.9152
G01 X11.5802Y7.8378
G01 X11.6779Y7.7653
G01 X11.7705Y7.7098
G01 X11.8741Y7.6605
G01 X11.9821Y7.6215
G01 X12.0993Y7.5920
G01 X12.2137Y7.5754
G01 X12.3250Y7.5700
G01 X13.5984Y7.5701
G01 X13.7131Y7.5761
G01 X13.8199Y7.5919
G01 X13.9313Y7.6195
G01 X14.0459Y7.6605
G01 X14.1495Y7.7098
G01 X14.2478Y7.7692
G01 X14.3398Y7.8378
G01 X14.4247Y7.9152
G01 X14.5015Y8.0005
G01 X14.5658Y8.0872
G01 X14.6252Y8.1855
G01 X14.6745Y8.2891
G01 X14.7155Y8.4037
G01 X14.7430Y8.5143
G01 X14.7589Y8.6219
G01 X14.7649Y8.7366
G01 X14.7596Y8.8513
G01 X14.7431Y8.9649
G01 X14.7155Y9.0763
G01 X14.6745Y9.1909
G01 X14.6252Y9.2945
G01 X14.5662Y9.3924
G01 X14.5015Y9.4795
G01 X14.4247Y9.5648
G01 X14.3345Y9.6465
G01 X14.2421Y9.7147
G01 X14.1435Y9.7734
G01 X14.0459Y9.8195
G01 X13.9379Y9.8585
G01 X13.8266Y9.8868
G01 X13.7615Y9.8968
G01 X14.8947Y11.0300
G01 X23.2100Y11.0300
G01 X23.2102Y10.8820
G01 X23.2126Y10.8550
G01 X23.2187Y10.8287
G01 X23.2221Y10.8182
G01 X23.2326Y10.7933
G01 X23.2506Y10.7642
G01 X23.2708Y10.7408
G01 X23.2955Y10.7196
G01 X23.3235Y10.7025
G01 X23.3482Y10.6921
G01 X23.3587Y10.6887
G01 X23.3796Y10.6836
G01 X23.3905Y10.6819
G01 X23.4175Y10.6800
G01 X23.6925Y10.6800
G01 X23.7250Y10.6826
G01 X23.7595Y10.6912
G01 X23.7867Y10.7026
G01 X23.8158Y10.7206
G01 X23.8392Y10.7408
G01 X23.8604Y10.7655
G01 X23.8775Y10.7935
G01 X23.8898Y10.8234
G01 X23.8964Y10.8496
G01 X23.8981Y10.8605
G01 X23.9000Y10.8875
G01 X23.9000Y12.2125
G01 X23.8984Y12.2371
G01 X23.8970Y12.2469
G01 X23.8912Y12.2722
G01 X23.8832Y12.2941
G01 X23.8790Y12.3032
G01 X23.8657Y12.3268
G01 X23.8525Y12.3445
G01 X23.8320Y12.3659
G01 X23.8088Y12.3842
G01 X23.8004Y12.3896
G01 X23.7770Y12.4020
G01 X23.7557Y12.4100
G01 X23.7461Y12.4128
G01 X23.7208Y12.4181
G01 X23.6925Y12.4200
G01 X23.4175Y12.4200
G01 X23.3929Y12.4184
G01 X23.3831Y12.4170
G01 X23.3578Y12.4112
G01 X23.3359Y12.4032
G01 X23.3268Y12.3990
G01 X23.3032Y12.3857
G01 X23.2855Y12.3725
G01 X23.2641Y12.3520
G01 X23.2458Y12.3288
G01 X23.2310Y12.3032
G01 X23.2200Y12.2757
G01 X23.2172Y12.2661
G01 X23.2119Y12.2408
G01 X23.2100Y12.2125
G01 X23.2100Y11.9700
G01 X14.7000Y11.9700
G01 X14.6505Y11.9673
G01 X14.6117Y11.9616
G01 X14.5669Y11.9507
G01 X14.5170Y11.9328
G01 X14.4755Y11.9128
G01 X14.4365Y11.8892
G01 X14.4045Y11.8654
G01 X14.3677Y11.8323
G01 X12.4453Y9.9100
G01 X12.3250Y9.9100
G01 X12.2137Y9.9046
G01 X12.1001Y9.8881
G01 X11.9887Y9.8605
G01 X11.8805Y9.8222
G01 X11.7765Y9.7734
G01 X11.6726Y9.7112
G01 X11.5855Y9.6465
G01 X11.5002Y9.5697
G01 X11.4228Y9.4848
G01 X11.3542Y9.3928
G01 X11.2948Y9.2945
G01 X11.2455Y9.1909
G01 X11.2065Y9.0829
G01 X11.1782Y8.9716
G01 X11.1605Y8.8512
G00 Z3.0000
G00 X11.1605Y3.7712
G01 Z-0.2000
G01 X11.1551Y3.6634
G01 X11.1604Y3.5487
G01 X11.1782Y3.4284
G01 X11.2045Y3.3237
G01 X11.2428Y3.2155
G01 X11.2948Y3.1055
G01 X11.3538Y3.0076
G01 X11.4185Y2.9205
G01 X11.5002Y2.8303
G01 X11.5855Y2.7535
G01 X11.6722Y2.6892
G01 X11.7765Y2.6266
G01 X11.8805Y2.5778
G01 X11.9887Y2.5395
G01 X12.0993Y2.5120
G01 X12.2137Y2.4954
G01 X12.3250Y2.4900
G01 X13.5950Y2.4900
G01 X13.7063Y2.4954
G01 X13.8199Y2.5119
G01 X13.9379Y2.5415
G01 X14.0395Y2.5778
G01 X14.1435Y2.6266
G01 X14.2474Y2.6888
G01 X14.3398Y2.7578
G01 X14.4247Y2.8352
G01 X14.4972Y2.9152
G01 X14.5697Y3.0129
G01 X14.6252Y3.1055
G01 X14.6745Y3.2091
G01 X14.7135Y3.3171
G01 X14.7429Y3.4340
G01 X14.7589Y3.5419
G01 X14.7649Y3.6566
G01 X14.7596Y3.7713
G01 X14.7431Y3.8849
G01 X14.7155Y3.9963
G01 X14.6772Y4.1045
G01 X14.6284Y4.2085
G01 X14.5662Y4.3124
G01 X14.5015Y4.3995
G01 X14.4247Y4.4848
G01 X14.3398Y4.5622
G01 X14.2478Y4.6308
G01 X14.1495Y4.6902
G01 X14.0459Y4.7395
G01 X14.0155Y4.7508
G01 X14.9447Y5.6800
G01 X15.9400Y5.6800
G01 X15.9580Y5.6426
G01 X16.0085Y5.5584
G01 X16.0751Y5.4686
G01 X16.1459Y5.3910
G01 X16.2186Y5.3251
G01 X16.3084Y5.2585
G01 X16.3926Y5.2080
G01 X16.4874Y5.1628
G01 X16.5861Y5.1272
G01 X16.6946Y5.1000
G01 X16.7917Y5.0856
G01 X16.8966Y5.0801
G01 X17.0083Y5.0856
G01 X17.1054Y5.1000
G01 X17.2073Y5.1252
G01 X17.3126Y5.1628
G01 X17.4074Y5.2080
G01 X17.4968Y5.2620
G01 X17.5761Y5.3208
G01 X17.6541Y5.3910
G01 X17.7292Y5.4739
G01 X17.7877Y5.5527
G01 X17.8044Y5.5800
G01 X20.7456Y5.5800
G01 X20.7620Y5.5532
G01 X20.8208Y5.4739
G01 X20.8959Y5.3910
G01 X20.9739Y5.3208
G01 X21.0527Y5.2623
G01 X21.1487Y5.2048
G01 X21.2374Y5.1628
G01 X21.3361Y5.1272
G01 X21.4379Y5.1013
G01 X21.5485Y5.0849
G01 X21.6466Y5.0801
G01 X21.7300Y5.0838
G01 X21.7300Y4.5910
G01 X21.6991Y4.5795
G01 X21.6015Y4.5334
G01 X21.4976Y4.4712
G01 X21.4105Y4.4065
G01 X21.3252Y4.3297
G01 X21.2435Y4.2395
G01 X21.1792Y4.1528
G01 X21.1198Y4.0545
G01 X21.0705Y3.9509
G01 X21.0295Y3.8363
G01 X21.0021Y3.7260
G01 X20.9861Y3.6181
G01 X20.9801Y3.4966
G01 X20.9861Y3.3819
G01 X21.0019Y3.2751
G01 X21.0295Y3.1637
G01 X21.0705Y3.0491
G01 X21.1198Y2.9455
G01 X21.1788Y2.8476
G01 X21.2435Y2.7605
G01 X21.3252Y2.6703
G01 X21.4105Y2.5935
G01 X21.4972Y2.5292
G01 X21.5955Y2.4698
G01 X21.6991Y2.4205
G01 X21.8137Y2.3795
G01 X21.9240Y2.3521
G01 X22.0319Y2.3361
G01 X22.1534Y2.3301
G01 X22.2681Y2.3361
G01 X22.3749Y2.3519
G01 X22.4929Y2.3815
G01 X22.5945Y2.4178
G01 X22.6985Y2.4666
G01 X22.8024Y2.5288
G01 X22.8948Y2.5978
G01 X22.9797Y2.6752
G01 X23.0522Y2.7552
G01 X23.1247Y2.8529
G01 X23.1802Y2.9455
G01 X23.2295Y3.0491
G01 X23.2685Y3.1571
G01 X23.2981Y3.2751
G01 X23.3139Y3.3819
G01 X23.3199Y3.4966
G01 X23.3146Y3.6113
G01 X23.2968Y3.7316
G01 X23.2705Y3.8363
G01 X23.2322Y3.9445
G01 X23.1834Y4.0485
G01 X23.1212Y4.1524
G01 X23.0522Y4.2448
G01 X22.9748Y4.3297
G01 X22.8948Y4.4022
G01 X22.8700Y4.4210
G01 X22.8700Y5.5000
G01 X22.8668Y5.5593
G01 X22.8596Y5.6078
G01 X22.8464Y5.6622
G01 X22.8278Y5.7149
G01 X22.8042Y5.7656
G01 X22.7758Y5.8138
G01 X22.7427Y5.8589
G01 X22.7054Y5.9006
G01 X22.6926Y5.9135
G01 X22.6999Y5.9438
G01 X22.7151Y6.0485
G01 X22.7199Y6.1534
G01 X22.7151Y6.2515
G01 X22.7000Y6.3554
G01 X22.6748Y6.4573
G01 X22.6372Y6.5626
G01 X22.5952Y6.6513
G01 X22.5415Y6.7416
G01 X22.4749Y6.8314
G01 X22.4041Y6.9090
G01 X22.3314Y6.9749
G01 X22.2416Y7.0415
G01 X22.1574Y7.0920
G01 X22.0626Y7.1372
G01 X21.9639Y7.1728
G01 X21.8554Y7.2000
G01 X21.7583Y7.2144
G01 X21.6534Y7.2199
G01 X21.5417Y7.2144
G01 X21.4446Y7.2000
G01 X21.3427Y7.1748
G01 X21.2374Y7.1372
G01 X21.1426Y7.0920
G01 X21.0532Y7.0380
G01 X20.9739Y6.9792
G01 X20.8959Y6.9090
G01 X20.8208Y6.8261
G01 X20.7623Y6.7473
G01 X20.7456Y6.7200
G01 X17.8044Y6.7200
G01 X17.7880Y6.7468
G01 X17.7292Y6.8261
G01 X17.6541Y6.9090
G01 X17.5761Y6.9792
G01 X17.4973Y7.0377
G01 X17.4013Y7.0952
G01 X17.3126Y7.1372
G01 X17.2139Y7.1728
G01 X17.1065Y7.1998
G01 X17.0015Y7.2151
G01 X16.8966Y7.2199
G01 X16.7985Y7.2151
G01 X16.6879Y7.1987
G01 X16.5861Y7.1728
G01 X16.4937Y7.1398
G01 X16.3987Y7.0952
G01 X16.3032Y7.0380
G01 X16.2186Y6.9749
G01 X16.1410Y6.9041
G01 X16.0751Y6.8314
G01 X16.0085Y6.7416
G01 X15.9580Y6.6574
G01 X15.9400Y6.6200
G01 X14.7500Y6.6200
G01 X14.7074Y6.6180
G01 X14.6617Y6.6116
G01 X14.6103Y6.5987
G01 X14.5733Y6.5855
G01 X14.5315Y6.5660
G01 X14.4918Y6.5426
G01 X14.4545Y6.5154
G01 X14.4177Y6.4823
G01 X12.7653Y4.8300
G01 X12.3216Y4.8299
G01 X12.2069Y4.8239
G01 X12.0934Y4.8068
G01 X11.9887Y4.7805
G01 X11.8805Y4.7422
G01 X11.7765Y4.6934
G01 X11.6726Y4.6312
G01 X11.5855Y4.5665
G01 X11.4953Y4.4848
G01 X11.4185Y4.3995
G01 X11.3503Y4.3071
G01 X11.2916Y4.2085
G01 X11.2428Y4.1045
G01 X11.2045Y3.9963
G01 X11.1771Y3.8860
G01 X11.1605Y3.7712
G00 Z3.0000
G00 X9.2084Y14.3304
G01 Z-0.2000
G01 X9.2100Y14.3196
G01 X9.2217Y14.2733
G01 X9.2399Y14.2297
G01 X9.2671Y14.1856
G01 X9.2987Y14.1487
G01 X9.3369Y14.1161
G01 X9.3799Y14.0898
G01 X9.4261Y14.0707
G01 X9.4763Y14.0587
G01 X9.5250Y14.0550
G01 X10.4555Y14.0552
G01 X10.5001Y14.0589
G01 X10.5436Y14.0692
G01 X10.5540Y14.0726
G01 X10.5903Y14.0876
G01 X10.6001Y14.0926
G01 X10.6394Y14.1171
G01 X10.6763Y14.1487
G01 X10.7089Y14.1869
G01 X10.7352Y14.2299
G01 X10.7543Y14.2761
G01 X10.7650Y14.3196
G01 X10.7667Y14.3304
G01 X10.7700Y14.3750
G01 X10.7700Y15.0175
G01 X11.2875Y15.0175
G01 X11.3301Y15.0195
G01 X11.3825Y15.0273
G01 X11.4206Y15.0368
G01 X11.4642Y15.0520
G01 X11.5060Y15.0715
G01 X11.5510Y15.0983
G01 X11.5883Y15.1264
G01 X11.6198Y15.1552
G01 X11.7823Y15.3177
G01 X11.8111Y15.3492
G01 X11.8426Y15.3918
G01 X11.8628Y15.4255
G01 X11.8828Y15.4670
G01 X11.8987Y15.5103
G01 X11.9114Y15.5608
G01 X11.9180Y15.6074
G01 X11.9200Y15.6500
G01 X11.9200Y17.0800
G01 X12.9500Y17.0800
G01 X12.9623Y17.0811
G01 X12.9683Y17.0824
G01 X12.9799Y17.0867
G01 X12.9860Y17.0900
G01 X12.9970Y17.0981
G01 X13.0019Y17.1030
G01 X13.0100Y17.1140
G01 X13.0133Y17.1201
G01 X13.0157Y17.1258
G01 X13.0189Y17.1377
G01 X13.0200Y17.1500
G01 X13.0200Y17.4300
G01 X14.6089Y17.4300
G01 X15.3712Y16.6677
G01 X15.4028Y16.6389
G01 X15.4453Y16.6074
G01 X15.4851Y16.5840
G01 X15.5205Y16.5672
G01 X15.5638Y16.5513
G01 X15.6085Y16.5398
G01 X15.6541Y16.5327
G01 X15.7035Y16.5300
G01 X17.2231Y16.5300
G01 X17.5854Y16.1676
G01 X17.6223Y16.1346
G01 X17.6539Y16.1112
G01 X17.6932Y16.0872
G01 X17.7411Y16.0645
G01 X17.7781Y16.0513
G01 X17.8227Y16.0398
G01 X17.8751Y16.0320
G01 X17.9178Y16.0300
G01 X20.8530Y16.0300
G01 X20.8761Y16.0207
G01 X20.9196Y16.0100
G01 X20.9304Y16.0083
G01 X20.9750Y16.0050
G01 X22.2250Y16.0050
G01 X22.2696Y16.0083
G01 X22.2804Y16.0100
G01 X22.3186Y16.0192
G01 X22.3267Y16.0217
G01 X22.3470Y16.0300
G01 X23.0052Y16.0302
G01 X23.7677Y15.2677
G01 X23.7992Y15.2389
G01 X23.8361Y15.2112
G01 X23.8755Y15.1872
G01 X23.9233Y15.1645
G01 X23.9669Y15.1493
G01 X24.0106Y15.1386
G01 X24.0505Y15.1327
G01 X24.0966Y15.1301
G01 X30.7107Y15.1300
G01 X30.7418Y15.1074
G01 X30.7815Y15.0840
G01 X30.8170Y15.0672
G01 X30.8603Y15.0513
G01 X30.9106Y15.0386
G01 X30.9505Y15.0327
G01 X31.0034Y15.0301
G01 X31.0495Y15.0327
G01 X31.0883Y15.0384
G01 X31.1397Y15.0513
G01 X31.1767Y15.0645
G01 X31.2185Y15.0840
G01 X31.2582Y15.1074
G01 X31.2893Y15.1300
G01 X42.2250Y15.1300
G01 X42.2676Y15.1320
G01 X42.3200Y15.1398
G01 X42.3647Y15.1513
G01 X42.4080Y15.1672
G01 X42.4435Y15.1840
G01 X42.4832Y15.2074
G01 X42.5258Y15.2389
G01 X42.5573Y15.2677
G01 X43.4535Y16.1638
G01 X43.4927Y16.1502
G01 X43.5935Y16.1252
G01 X43.6985Y16.1099
G01 X43.8034Y16.1051
G01 X43.9083Y16.1106
G01 X44.0054Y16.1250
G01 X44.1073Y16.1502
G01 X44.1465Y16.1638
G01 X47.1202Y13.1903
G01 X47.1546Y13.1596
G01 X47.1918Y13.1324
G01 X47.2255Y13.1122
G01 X47.2670Y13.0922
G01 X47.3103Y13.0763
G01 X47.3606Y13.0636
G01 X47.4005Y13.0577
G01 X47.4466Y13.0551
G01 X70.7108Y13.0550
G01 X70.7602Y13.0577
G01 X70.7991Y13.0634
G01 X70.8439Y13.0743
G01 X70.8874Y13.0895
G01 X70.9293Y13.1089
G01 X70.9742Y13.1358
G01 X71.0115Y13.1639
G01 X71.0431Y13.1926
G01 X74.3805Y16.5300
G01 X77.7195Y16.5300
G01 X81.0575Y13.1920
G01 X81.0912Y13.1616
G01 X81.1281Y13.1342
G01 X81.1674Y13.1106
G01 X81.2093Y13.0908
G01 X81.2535Y13.0750
G01 X81.2977Y13.0640
G01 X81.3427Y13.0573
G01 X81.3858Y13.0551
G01 X115.7108Y13.0550
G01 X115.7534Y13.0570
G01 X115.8058Y13.0648
G01 X115.8505Y13.0763
G01 X115.8938Y13.0922
G01 X115.9353Y13.1122
G01 X115.9742Y13.1358
G01 X116.0115Y13.1639
G01 X116.0431Y13.1926
G01 X119.0805Y16.2300
G01 X122.9195Y16.2300
G01 X125.9575Y13.1921
G01 X125.9907Y13.1620
G01 X126.0284Y13.1340
G01 X126.0672Y13.1108
G01 X126.1062Y13.0922
G01 X126.1530Y13.0752
G01 X126.1942Y13.0648
G01 X126.2466Y13.0570
G01 X126.2892Y13.0550
G01 X160.7142Y13.0551
G01 X160.7602Y13.0577
G01 X160.8058Y13.0648
G01 X160.8505Y13.0763
G01 X160.8938Y13.0922
G01 X160.9353Y13.1122
G01 X160.9742Y13.1358
G01 X161.0062Y13.1596
G01 X161.0406Y13.1903
G01 X164.1805Y16.3300
G01 X167.8195Y16.3300
G01 X170.9569Y13.1926
G01 X170.9885Y13.1639
G01 X171.0253Y13.1362
G01 X171.0707Y13.1089
G01 X171.1062Y13.0922
G01 X171.1495Y13.0763
G01 X171.2009Y13.0634
G01 X171.2466Y13.0570
G01 X171.2892Y13.0550
G01 X189.3875Y13.0550
G01 X189.4301Y13.0570
G01 X189.4758Y13.0634
G01 X189.5206Y13.0743
G01 X189.5641Y13.0895
G01 X189.6060Y13.1089
G01 X189.6457Y13.1324
G01 X189.6829Y13.1596
G01 X189.7173Y13.1903
G01 X192.8823Y16.3548
G01 X192.9154Y16.3917
G01 X192.9426Y16.4289
G01 X192.9628Y16.4626
G01 X192.9828Y16.5041
G01 X193.0007Y16.5540
G01 X193.0114Y16.5980
G01 X193.0173Y16.6376
G01 X193.0199Y16.6837
G01 X193.0200Y18.6500
G01 X193.0189Y18.6623
G01 X193.0157Y18.6742
G01 X193.0100Y18.6860
G01 X193.0019Y18.6970
G01 X192.9917Y18.7062
G01 X192.9799Y18.7133
G01 X192.9683Y18.7176
G01 X192.9562Y18.7197
G01 X192.9500Y18.7200
G01 X189.9500Y18.7200
G01 X189.9438Y18.7197
G01 X189.9317Y18.7176
G01 X189.9201Y18.7133
G01 X189.9083Y18.7062
G01 X189.8981Y18.6970
G01 X189.8900Y18.6860
G01 X189.8843Y18.6742
G01 X189.8811Y18.6623
G01 X189.8800Y18.6500
G01 X189.8800Y17.1500
G01 X189.8817Y17.1347
G01 X189.8867Y17.1201
G01 X189.8938Y17.1083
G01 X189.9030Y17.0981
G01 X189.9140Y17.0900
G01 X189.9272Y17.0838
G01 X189.9423Y17.0804
G01 X189.9500Y17.0800
G01 X192.0800Y17.0800
G01 X192.0800Y16.8822
G01 X190.7700Y15.5722
G01 X190.7700Y15.6250
G01 X190.7667Y15.6696
G01 X190.7650Y15.6804
G01 X190.7558Y15.7186
G01 X190.7524Y15.7290
G01 X190.7351Y15.7703
G01 X190.7079Y15.8144
G01 X190.6763Y15.8513
G01 X190.6424Y15.8805
G01 X190.6335Y15.8869
G01 X190.5951Y15.9102
G01 X190.5540Y15.9274
G01 X190.5436Y15.9308
G01 X190.5054Y15.9400
G01 X190.4946Y15.9417
G01 X190.4500Y15.9450
G01 X189.5195Y15.9448
G01 X189.4749Y15.9411
G01 X189.4314Y15.9308
G01 X189.4210Y15.9274
G01 X189.3847Y15.9124
G01 X189.3749Y15.9074
G01 X189.3356Y15.8829
G01 X189.2987Y15.8513
G01 X189.2661Y15.8131
G01 X189.2426Y15.7751
G01 X189.2376Y15.7653
G01 X189.2226Y15.7290
G01 X189.2192Y15.7186
G01 X189.2087Y15.6737
G01 X189.2052Y15.6305
G01 X189.2050Y14.3750
G01 X189.2089Y14.3249
G01 X189.2192Y14.2814
G01 X189.2226Y14.2710
G01 X189.2399Y14.2297
G01 X189.2631Y14.1915
G01 X189.2695Y14.1826
G01 X189.2987Y14.1487
G01 X189.3244Y14.1265
G01 X189.1928Y13.9950
G01 X171.4839Y13.9950
G01 X168.3441Y17.1347
G01 X168.3097Y17.1654
G01 X168.2724Y17.1926
G01 X168.2327Y17.2161
G01 X168.1909Y17.2355
G01 X168.1473Y17.2507
G01 X168.1034Y17.2614
G01 X168.0569Y17.2680
G01 X168.0142Y17.2700
G01 X163.9858Y17.2700
G01 X163.9363Y17.2673
G01 X163.8907Y17.2602
G01 X163.8461Y17.2487
G01 X163.8028Y17.2328
G01 X163.7612Y17.2128
G01 X163.7223Y17.1892
G01 X163.6850Y17.1611
G01 X163.6534Y17.1323
G01 X160.5161Y13.9950
G01 X145.3950Y13.9950
G01 X145.3950Y14.0550
G01 X145.4500Y14.0550
G01 X145.4946Y14.0583
G01 X145.5054Y14.0600
G01 X145.5517Y14.0717
G01 X145.5903Y14.0876
G01 X145.6001Y14.0926
G01 X145.6394Y14.1171
G01 X145.6722Y14.1450
G01 X145.6800Y14.1528
G01 X145.7089Y14.1869
G01 X145.7352Y14.2299
G01 X145.7543Y14.2761
G01 X145.7650Y14.3196
G01 X145.7667Y14.3304
G01 X145.7700Y14.3750
G01 X145.7700Y15.6250
G01 X145.7661Y15.6751
G01 X145.7558Y15.7186
G01 X145.7524Y15.7290
G01 X145.7351Y15.7703
G01 X145.7119Y15.8085
G01 X145.7055Y15.8174
G01 X145.6763Y15.8513
G01 X145.6424Y15.8805
G01 X145.6335Y15.8869
G01 X145.5951Y15.9102
G01 X145.5489Y15.9293
G01 X145.5054Y15.9400
G01 X145.4946Y15.9417
G01 X145.4500Y15.9450
G01 X145.3950Y15.9450
G01 X145.3950Y16.0303
G01 X146.4447Y17.0800
G01 X147.9500Y17.0800
G01 X147.9653Y17.0817
G01 X147.9799Y17.0867
G01 X147.9917Y17.0938
G01 X148.0019Y17.1030
G01 X148.0100Y17.1140
G01 X148.0162Y17.1272
G01 X148.0196Y17.1423
G01 X148.0200Y17.1500
G01 X148.0200Y18.6500
G01 X148.0189Y18.6623
G01 X148.0157Y18.6742
G01 X148.0100Y18.6860
G01 X148.0019Y18.6970
G01 X147.9917Y18.7062
G01 X147.9799Y18.7133
G01 X147.9683Y18.7176
G01 X147.9562Y18.7197
G01 X147.9500Y18.7200
G01 X144.9500Y18.7200
G01 X144.9438Y18.7197
G01 X144.9317Y18.7176
G01 X144.9201Y18.7133
G01 X144.9083Y18.7062
G01 X144.8981Y18.6970
G01 X144.8938Y18.6917
G01 X144.8900Y18.6860
G01 X144.8843Y18.6742
G01 X144.8811Y18.6623
G01 X144.8800Y18.6500
G01 X144.8804Y17.1423
G01 X144.8838Y17.1272
G01 X144.8867Y17.1201
G01 X144.8938Y17.1083
G01 X144.8981Y17.1030
G01 X144.9083Y17.0938
G01 X144.9140Y17.0900
G01 X144.9272Y17.0838
G01 X144.9347Y17.0817
G01 X144.9500Y17.0800
G01 X145.1153Y17.0800
G01 X144.5926Y16.5573
G01 X144.5596Y16.5204
G01 X144.5324Y16.4832
G01 X144.5089Y16.4435
G01 X144.4922Y16.4080
G01 X144.4763Y16.3647
G01 X144.4648Y16.3200
G01 X144.4577Y16.2745
G01 X144.4550Y16.2250
G01 X144.4550Y15.9365
G01 X144.4233Y15.9283
G01 X144.3797Y15.9101
G01 X144.3356Y15.8829
G01 X144.3028Y15.8550
G01 X144.2950Y15.8472
G01 X144.2661Y15.8131
G01 X144.2398Y15.7701
G01 X144.2207Y15.7239
G01 X144.2100Y15.6804
G01 X144.2083Y15.6696
G01 X144.2050Y15.6250
G01 X144.2050Y14.3750
G01 X144.2089Y14.3249
G01 X144.2217Y14.2733
G01 X144.2399Y14.2297
G01 X144.2671Y14.1856
G01 X144.2987Y14.1487
G01 X144.3369Y14.1161
G01 X144.3799Y14.0898
G01 X144.4261Y14.0707
G01 X144.4550Y14.0635
G01 X144.4550Y13.9950
G01 X126.4839Y13.9950
G01 X123.4460Y17.0329
G01 X123.4128Y17.0630
G01 X123.3750Y17.0910
G01 X123.3363Y17.1142
G01 X123.2941Y17.1342
G01 X123.2504Y17.1498
G01 X123.2055Y17.1611
G01 X123.1612Y17.1677
G01 X123.1142Y17.1700
G01 X118.8858Y17.1700
G01 X118.8363Y17.1673
G01 X118.7907Y17.1602
G01 X118.7461Y17.1487
G01 X118.7028Y17.1328
G01 X118.6612Y17.1128
G01 X118.6223Y17.0892
G01 X118.5850Y17.0611
G01 X118.5534Y17.0324
G01 X115.5161Y13.9950
G01 X100.3450Y13.9950
G01 X100.3450Y14.0550
G01 X100.4500Y14.0550
G01 X100.4946Y14.0583
G01 X100.5054Y14.0600
G01 X100.5517Y14.0717
G01 X100.5903Y14.0876
G01 X100.6001Y14.0926
G01 X100.6394Y14.1171
G01 X100.6763Y14.1487
G01 X100.7089Y14.1869
G01 X100.7352Y14.2299
G01 X100.7524Y14.2710
G01 X100.7558Y14.2814
G01 X100.7663Y14.3263
G01 X100.7700Y14.3750
G01 X100.7700Y15.6250
G01 X100.7661Y15.6751
G01 X100.7558Y15.7186
G01 X100.7524Y15.7290
G01 X100.7351Y15.7703
G01 X100.7119Y15.8085
G01 X100.7055Y15.8174
G01 X100.6763Y15.8513
G01 X100.6381Y15.8839
G01 X100.6001Y15.9074
G01 X100.5903Y15.9124
G01 X100.5489Y15.9293
G01 X100.5054Y15.9400
G01 X100.4946Y15.9417
G01 X100.4500Y15.9450
G01 X100.3450Y15.9450
G01 X100.3450Y16.0803
G01 X101.3447Y17.0800
G01 X102.9500Y17.0800
G01 X102.9653Y17.0817
G01 X102.9799Y17.0867
G01 X102.9917Y17.0938
G01 X103.0019Y17.1030
G01 X103.0100Y17.1140
G01 X103.0162Y17.1272
G01 X103.0196Y17.1423
G01 X103.0200Y17.1500
G01 X103.0200Y18.6500
G01 X103.0183Y18.6653
G01 X103.0133Y18.6799
G01 X103.0062Y18.6917
G01 X102.9970Y18.7019
G01 X102.9860Y18.7100
G01 X102.9728Y18.7162
G01 X102.9577Y18.7196
G01 X102.9500Y18.7200
G01 X99.9500Y18.7200
G01 X99.9347Y18.7183
G01 X99.9201Y18.7133
G01 X99.9083Y18.7062
G01 X99.8981Y18.6970
G01 X99.8938Y18.6917
G01 X99.8867Y18.6799
G01 X99.8838Y18.6728
G01 X99.8804Y18.6577
G01 X99.8800Y18.6500
G01 X99.8804Y17.1423
G01 X99.8838Y17.1272
G01 X99.8867Y17.1201
G01 X99.8938Y17.1083
G01 X99.8981Y17.1030
G01 X99.9083Y17.0938
G01 X99.9201Y17.0867
G01 X99.9347Y17.0817
G01 X99.9423Y17.0804
G01 X100.0153Y17.0800
G01 X99.5427Y16.6074
G01 X99.5096Y16.5705
G01 X99.4862Y16.5389
G01 X99.4622Y16.4996
G01 X99.4422Y16.4580
G01 X99.4263Y16.4147
G01 X99.4136Y16.3645
G01 X99.4077Y16.3245
G01 X99.4050Y16.2750
G01 X99.4050Y15.9208
G01 X99.3797Y15.9101
G01 X99.3356Y15.8829
G01 X99.2987Y15.8513
G01 X99.2661Y15.8131
G01 X99.2398Y15.7701
G01 X99.2226Y15.7290
G01 X99.2192Y15.7186
G01 X99.2100Y15.6804
G01 X99.2083Y15.6696
G01 X99.2050Y15.6250
G01 X99.2050Y14.3750
G01 X99.2083Y14.3304
G01 X99.2100Y14.3196
G01 X99.2192Y14.2814
G01 X99.2226Y14.2710
G01 X99.2399Y14.2297
G01 X99.2671Y14.1856
G01 X99.2987Y14.1487
G01 X99.3369Y14.1161
G01 X99.3799Y14.0898
G01 X99.4050Y14.0792
G01 X99.4050Y13.9950
G01 X81.5839Y13.9950
G01 X78.2459Y17.3330
G01 X78.2123Y17.3634
G01 X78.1753Y17.3908
G01 X78.1360Y17.4144
G01 X78.0941Y17.4342
G01 X78.0499Y17.4500
G01 X78.0057Y17.4610
G01 X77.9607Y17.4677
G01 X77.9142Y17.4700
G01 X74.1858Y17.4700
G01 X74.1363Y17.4673
G01 X74.0907Y17.4602
G01 X74.0461Y17.4487
G01 X74.0028Y17.4328
G01 X73.9612Y17.4128
G01 X73.9223Y17.3892
G01 X73.8850Y17.3611
G01 X73.8534Y17.3324
G01 X70.5161Y13.9950
G01 X55.3950Y13.9950
G01 X55.3950Y14.0550
G01 X55.4500Y14.0550
G01 X55.4946Y14.0583
G01 X55.5054Y14.0600
G01 X55.5517Y14.0717
G01 X55.5903Y14.0876
G01 X55.6001Y14.0926
G01 X55.6394Y14.1171
G01 X55.6722Y14.1450
G01 X55.6800Y14.1528
G01 X55.7089Y14.1869
G01 X55.7352Y14.2299
G01 X55.7543Y14.2761
G01 X55.7650Y14.3196
G01 X55.7667Y14.3304
G01 X55.7700Y14.3750
G01 X55.7700Y15.6250
G01 X55.7661Y15.6751
G01 X55.7558Y15.7186
G01 X55.7524Y15.7290
G01 X55.7351Y15.7703
G01 X55.7119Y15.8085
G01 X55.7055Y15.8174
G01 X55.6763Y15.8513
G01 X55.6424Y15.8805
G01 X55.6335Y15.8869
G01 X55.5951Y15.9102
G01 X55.5540Y15.9274
G01 X55.5436Y15.9308
G01 X55.5054Y15.9400
G01 X55.4946Y15.9417
G01 X55.4500Y15.9450
G01 X55.3950Y15.9450
G01 X55.3950Y16.1303
G01 X56.3447Y17.0800
G01 X57.9500Y17.0800
G01 X57.9623Y17.0811
G01 X57.9683Y17.0824
G01 X57.9799Y17.0867
G01 X57.9917Y17.0938
G01 X58.0019Y17.1030
G01 X58.0100Y17.1140
G01 X58.0157Y17.1258
G01 X58.0189Y17.1377
G01 X58.0200Y17.1500
G01 X58.0200Y18.6500
G01 X58.0183Y18.6653
G01 X58.0133Y18.6799
G01 X58.0062Y18.6917
G01 X57.9970Y18.7019
G01 X57.9860Y18.7100
G01 X57.9728Y18.7162
G01 X57.9653Y18.7183
G01 X57.9500Y18.7200
G01 X54.9500Y18.7200
G01 X54.9347Y18.7183
G01 X54.9201Y18.7133
G01 X54.9083Y18.7062
G01 X54.9030Y18.7019
G01 X54.8938Y18.6917
G01 X54.8867Y18.6799
G01 X54.8838Y18.6728
G01 X54.8817Y18.6653
G01 X54.8800Y18.6500
G01 X54.8803Y17.1438
G01 X54.8811Y17.1377
G01 X54.8843Y17.1258
G01 X54.8900Y17.1140
G01 X54.8938Y17.1083
G01 X54.9030Y17.0981
G01 X54.9083Y17.0938
G01 X54.9201Y17.0867
G01 X54.9272Y17.0838
G01 X54.9423Y17.0804
G01 X55.0153Y17.0800
G01 X54.5903Y16.6548
G01 X54.5596Y16.6204
G01 X54.5362Y16.5889
G01 X54.5122Y16.5495
G01 X54.4922Y16.5080
G01 X54.4743Y16.4581
G01 X54.4636Y16.4144
G01 X54.4570Y16.3676
G01 X54.4550Y16.3250
G01 X54.4550Y15.9365
G01 X54.4233Y15.9283
G01 X54.3797Y15.9101
G01 X54.3356Y15.8829
G01 X54.3028Y15.8550
G01 X54.2950Y15.8472
G01 X54.2661Y15.8131
G01 X54.2398Y15.7701
G01 X54.2207Y15.7239
G01 X54.2100Y15.6804
G01 X54.2083Y15.6696
G01 X54.2050Y15.6250
G01 X54.2050Y14.3750
G01 X54.2089Y14.3249
G01 X54.2217Y14.2733
G01 X54.2399Y14.2297
G01 X54.2671Y14.1856
G01 X54.2987Y14.1487
G01 X54.3369Y14.1161
G01 X54.3799Y14.0898
G01 X54.4261Y14.0707
G01 X54.4550Y14.0635
G01 X54.4550Y13.9950
G01 X47.6447Y13.9950
G01 X44.8112Y16.8285
G01 X44.8248Y16.8677
G01 X44.8487Y16.9629
G01 X44.8651Y17.0736
G01 X44.8699Y17.1784
G01 X44.8651Y17.2765
G01 X44.8487Y17.3871
G01 X44.8248Y17.4823
G01 X44.7898Y17.5813
G01 X44.7452Y17.6763
G01 X44.6877Y17.7723
G01 X44.6292Y17.8511
G01 X44.5590Y17.9291
G01 X44.4761Y18.0042
G01 X44.3916Y18.0665
G01 X44.3013Y18.1202
G01 X44.2063Y18.1648
G01 X44.1073Y18.1999
G01 X44.0065Y18.2249
G01 X43.9015Y18.2401
G01 X43.8034Y18.2449
G01 X43.7233Y18.2413
G01 X43.7010Y18.2877
G01 X43.6723Y18.3350
G01 X43.6384Y18.3802
G01 X43.6031Y18.4191
G01 X42.7191Y19.3031
G01 X42.6802Y19.3384
G01 X42.6355Y19.3720
G01 X42.5877Y19.4010
G01 X42.5309Y19.4278
G01 X42.4782Y19.4464
G01 X42.4250Y19.4595
G01 X42.3753Y19.4668
G01 X42.3160Y19.4700
G01 X41.9332Y19.4700
G01 X40.9001Y20.5031
G01 X40.8613Y20.5384
G01 X40.8108Y20.5758
G01 X40.7627Y20.6042
G01 X40.7183Y20.6252
G01 X40.6658Y20.6444
G01 X40.6060Y20.6595
G01 X40.5495Y20.6675
G01 X40.4971Y20.6700
G01 X36.0245Y20.6700
G01 X36.1065Y20.7605
G01 X36.1708Y20.8472
G01 X36.2302Y20.9455
G01 X36.2822Y21.0555
G01 X36.3205Y21.1637
G01 X36.3479Y21.2740
G01 X36.3646Y21.3887
G01 X36.3699Y21.5034
G01 X36.3646Y21.6113
G01 X36.3468Y21.7316
G01 X36.3205Y21.8363
G01 X36.2822Y21.9445
G01 X36.2302Y22.0545
G01 X36.1712Y22.1524
G01 X36.1065Y22.2395
G01 X36.0297Y22.3248
G01 X35.9448Y22.4022
G01 X35.8471Y22.4747
G01 X35.7545Y22.5302
G01 X35.6509Y22.5795
G01 X35.5363Y22.6205
G01 X35.4260Y22.6479
G01 X35.3181Y22.6639
G01 X35.1966Y22.6699
G01 X35.0819Y22.6639
G01 X34.9684Y22.6468
G01 X34.8637Y22.6205
G01 X34.7555Y22.5822
G01 X34.6455Y22.5302
G01 X34.5476Y22.4712
G01 X34.4552Y22.4022
G01 X34.3703Y22.3248
G01 X34.2935Y22.2395
G01 X34.2292Y22.1528
G01 X34.1698Y22.0545
G01 X34.1205Y21.9509
G01 X34.0815Y21.8429
G01 X34.0521Y21.7260
G01 X34.0361Y21.6181
G01 X34.0301Y21.4966
G01 X34.0361Y21.3819
G01 X34.0532Y21.2684
G01 X34.0795Y21.1637
G01 X34.1178Y21.0555
G01 X34.1700Y20.9452
G01 X34.1700Y20.5771
G01 X34.1725Y20.5246
G01 X34.1804Y20.4693
G01 X34.1936Y20.4149
G01 X34.2148Y20.3558
G01 X34.2390Y20.3054
G01 X34.2677Y20.2581
G01 X34.2973Y20.2182
G01 X34.3346Y20.1765
G01 X34.8140Y19.6970
G01 X34.8582Y19.6573
G01 X34.8976Y19.6281
G01 X34.9454Y19.5990
G01 X34.9958Y19.5748
G01 X35.0483Y19.5556
G01 X35.1092Y19.5404
G01 X35.1646Y19.5325
G01 X35.2171Y19.5300
G01 X40.2610Y19.5300
G01 X41.2940Y18.4970
G01 X41.3329Y18.4616
G01 X41.3776Y18.4280
G01 X41.4254Y18.3990
G01 X41.4821Y18.3722
G01 X41.5349Y18.3536
G01 X41.5881Y18.3405
G01 X41.6378Y18.3332
G01 X41.6971Y18.3300
G01 X42.0799Y18.3300
G01 X42.6300Y17.7799
G01 X42.6300Y17.2000
G01 X42.6325Y17.1476
G01 X42.6404Y17.0922
G01 X42.6556Y17.0313
G01 X42.6722Y16.9851
G01 X42.6958Y16.9344
G01 X42.7277Y16.8810
G01 X42.7573Y16.8411
G01 X42.7780Y16.8177
G01 X42.0303Y16.0700
G01 X31.6450Y16.0700
G01 X31.6449Y18.0534
G01 X31.6423Y18.0995
G01 X31.6366Y18.1383
G01 X31.6257Y18.1831
G01 X31.6105Y18.2267
G01 X31.5910Y18.2685
G01 X31.5676Y18.3082
G01 X31.5404Y18.3455
G01 X31.5200Y18.3685
G01 X31.5200Y18.7125
G01 X31.5181Y18.7395
G01 X31.5164Y18.7504
G01 X31.5088Y18.7795
G01 X31.4974Y18.8067
G01 X31.4794Y18.8358
G01 X31.4630Y18.8552
G01 X31.4552Y18.8630
G01 X31.4388Y18.8770
G01 X31.4299Y18.8834
G01 X31.4065Y18.8975
G01 X31.3766Y18.9098
G01 X31.3436Y18.9176
G01 X31.3125Y18.9200
G01 X31.0320Y18.9198
G01 X31.0050Y18.9174
G01 X30.9705Y18.9088
G01 X30.9433Y18.8974
G01 X30.9142Y18.8794
G01 X30.8908Y18.8592
G01 X30.8696Y18.8345
G01 X30.8525Y18.8065
G01 X30.8421Y18.7818
G01 X30.8387Y18.7713
G01 X30.8324Y18.7436
G01 X30.8300Y18.7125
G01 X30.8300Y18.3685
G01 X30.8096Y18.3455
G01 X30.7824Y18.3082
G01 X30.7622Y18.2745
G01 X30.7422Y18.2330
G01 X30.7243Y18.1831
G01 X30.7136Y18.1394
G01 X30.7077Y18.0995
G01 X30.7050Y18.0500
G01 X30.7050Y16.0700
G01 X24.2947Y16.0700
G01 X23.9700Y16.3947
G01 X23.9699Y17.9034
G01 X23.9673Y17.9495
G01 X23.9616Y17.9883
G01 X23.9507Y18.0331
G01 X23.9328Y18.0830
G01 X23.9160Y18.1185
G01 X23.9000Y18.1459
G01 X23.9000Y18.7125
G01 X23.8981Y18.7395
G01 X23.8964Y18.7504
G01 X23.8888Y18.7795
G01 X23.8774Y18.8067
G01 X23.8594Y18.8358
G01 X23.8392Y18.8592
G01 X23.8145Y18.8804
G01 X23.7865Y18.8975
G01 X23.7566Y18.9098
G01 X23.7236Y18.9176
G01 X23.6925Y18.9200
G01 X23.4175Y18.9200
G01 X23.3929Y18.9184
G01 X23.3639Y18.9128
G01 X23.3543Y18.9100
G01 X23.3268Y18.8990
G01 X23.3032Y18.8857
G01 X23.2855Y18.8725
G01 X23.2780Y18.8659
G01 X23.2575Y18.8445
G01 X23.2404Y18.8204
G01 X23.2280Y18.7970
G01 X23.2200Y18.7757
G01 X23.2130Y18.7469
G01 X23.2116Y18.7371
G01 X23.2100Y18.7125
G01 X23.2100Y18.2695
G01 X23.1992Y18.2611
G01 X23.1701Y18.2347
G01 X23.1389Y18.2008
G01 X23.1112Y18.1639
G01 X23.0872Y18.1245
G01 X23.0672Y18.0830
G01 X23.0513Y18.0397
G01 X23.0386Y17.9894
G01 X23.0327Y17.9495
G01 X23.0300Y17.9000
G01 X23.0300Y17.1947
G01 X22.8053Y16.9700
G01 X22.5450Y16.9700
G01 X22.5450Y17.2500
G01 X22.5417Y17.2946
G01 X22.5400Y17.3054
G01 X22.5283Y17.3517
G01 X22.5101Y17.3953
G01 X22.4829Y17.4394
G01 X22.4550Y17.4722
G01 X22.4472Y17.4800
G01 X22.4174Y17.5055
G01 X22.4085Y17.5119
G01 X22.3701Y17.5352
G01 X22.3239Y17.5543
G01 X22.2737Y17.5663
G01 X22.2250Y17.5700
G01 X20.9750Y17.5700
G01 X20.9249Y17.5661
G01 X20.8733Y17.5533
G01 X20.8297Y17.5351
G01 X20.7915Y17.5119
G01 X20.7826Y17.5055
G01 X20.7487Y17.4763
G01 X20.7195Y17.4424
G01 X20.7131Y17.4335
G01 X20.6898Y17.3951
G01 X20.6726Y17.3540
G01 X20.6692Y17.3436
G01 X20.6587Y17.2987
G01 X20.6552Y17.2555
G01 X20.6550Y16.9700
G01 X18.1125Y16.9700
G01 X17.7501Y17.3323
G01 X17.7132Y17.3654
G01 X17.6760Y17.3926
G01 X17.6363Y17.4160
G01 X17.6008Y17.4328
G01 X17.5575Y17.4487
G01 X17.5128Y17.4602
G01 X17.4672Y17.4673
G01 X17.4178Y17.4700
G01 X15.8982Y17.4700
G01 X15.1359Y18.2323
G01 X15.1043Y18.2611
G01 X15.0618Y18.2926
G01 X15.0220Y18.3160
G01 X14.9865Y18.3328
G01 X14.9432Y18.3487
G01 X14.8986Y18.3602
G01 X14.8530Y18.3673
G01 X14.8035Y18.3700
G01 X13.0200Y18.3700
G01 X13.0200Y18.6500
G01 X13.0189Y18.6623
G01 X13.0157Y18.6742
G01 X13.0100Y18.6860
G01 X13.0062Y18.6917
G01 X12.9970Y18.7019
G01 X12.9860Y18.7100
G01 X12.9799Y18.7133
G01 X12.9683Y18.7176
G01 X12.9562Y18.7197
G01 X9.9438Y18.7197
G01 X9.9317Y18.7176
G01 X9.9201Y18.7133
G01 X9.9083Y18.7062
G01 X9.8981Y18.6970
G01 X9.8900Y18.6860
G01 X9.8843Y18.6742
G01 X9.8811Y18.6623
G01 X9.8800Y18.6500
G01 X9.8800Y17.1500
G01 X9.8811Y17.1377
G01 X9.8843Y17.1258
G01 X9.8900Y17.1140
G01 X9.8938Y17.1083
G01 X9.9030Y17.0981
G01 X9.9083Y17.0938
G01 X9.9140Y17.0900
G01 X9.9258Y17.0843
G01 X9.9377Y17.0811
G01 X9.9500Y17.0800
G01 X10.9800Y17.0800
G01 X10.9800Y15.9575
G01 X10.1125Y15.9575
G01 X10.0630Y15.9548
G01 X10.0242Y15.9491
G01 X10.0066Y15.9450
G01 X9.5195Y15.9448
G01 X9.4749Y15.9411
G01 X9.4314Y15.9308
G01 X9.4210Y15.9274
G01 X9.3847Y15.9124
G01 X9.3749Y15.9074
G01 X9.3356Y15.8829
G01 X9.3028Y15.8550
G01 X9.2950Y15.8472
G01 X9.2661Y15.8131
G01 X9.2426Y15.7751
G01 X9.2376Y15.7653
G01 X9.2226Y15.7290
G01 X9.2192Y15.7186
G01 X9.2087Y15.6737
G01 X9.2052Y15.6305
G01 X9.2050Y14.3750
G01 X9.2084Y14.3304
G00 Z3.0000
G00 X11.1605Y31.7712
G01 Z-0.2000
G01 X11.1551Y31.6634
G01 X11.1604Y31.5487
G01 X11.1782Y31.4284
G01 X11.2045Y31.3237
G01 X11.2428Y31.2155
G01 X11.2948Y31.1055
G01 X11.3538Y31.0076
G01 X11.4185Y30.9205
G01 X11.5002Y30.8303
G01 X11.5855Y30.7535
G01 X11.6722Y30.6892
G01 X11.7765Y30.6266
G01 X11.8805Y30.5778
G01 X11.9887Y30.5395
G01 X12.0993Y30.5120
G01 X12.2137Y30.4954
G01 X12.3250Y30.4900
G01 X13.5950Y30.4900
G01 X13.7063Y30.4954
G01 X13.8199Y30.5119
G01 X13.9379Y30.5415
G01 X14.0395Y30.5778
G01 X14.1435Y30.6266
G01 X14.2474Y30.6888
G01 X14.3398Y30.7578
G01 X14.4247Y30.8352
G01 X14.4972Y30.9152
G01 X14.5697Y31.0129
G01 X14.6252Y31.1055
G01 X14.6745Y31.2091
G01 X14.7135Y31.3171
G01 X14.7429Y31.4340
G01 X14.7589Y31.5419
G01 X14.7649Y31.6566
G01 X14.7596Y31.7713
G01 X14.7431Y31.8849
G01 X14.7155Y31.9963
G01 X14.6772Y32.1045
G01 X14.6284Y32.2085
G01 X14.5662Y32.3124
G01 X14.5015Y32.3995
G01 X14.4247Y32.4848
G01 X14.3398Y32.5622
G01 X14.2478Y32.6308
G01 X14.1495Y32.6902
G01 X14.0459Y32.7395
G01 X14.0155Y32.7508
G01 X14.9447Y33.6800
G01 X15.9400Y33.6800
G01 X15.9580Y33.6426
G01 X16.0085Y33.5584
G01 X16.0751Y33.4686
G01 X16.1459Y33.3910
G01 X16.2186Y33.3251
G01 X16.3084Y33.2585
G01 X16.3926Y33.2080
G01 X16.4874Y33.1628
G01 X16.5861Y33.1272
G01 X16.6946Y33.1000
G01 X16.7917Y33.0856
G01 X16.8966Y33.0801
G01 X17.0083Y33.0856
G01 X17.1054Y33.1000
G01 X17.2073Y33.1252
G01 X17.3126Y33.1628
G01 X17.4074Y33.2080
G01 X17.4968Y33.2620
G01 X17.5761Y33.3208
G01 X17.6541Y33.3910
G01 X17.7292Y33.4739
G01 X17.7877Y33.5527
G01 X17.8044Y33.5800
G01 X20.7456Y33.5800
G01 X20.7620Y33.5532
G01 X20.8208Y33.4739
G01 X20.8959Y33.3910
G01 X20.9739Y33.3208
G01 X21.0527Y33.2623
G01 X21.1487Y33.2048
G01 X21.2374Y33.1628
G01 X21.3361Y33.1272
G01 X21.4379Y33.1013
G01 X21.5485Y33.0849
G01 X21.6466Y33.0801
G01 X21.7300Y33.0838
G01 X21.7300Y32.5910
G01 X21.6991Y32.5795
G01 X21.6015Y32.5334
G01 X21.4976Y32.4712
G01 X21.4105Y32.4065
G01 X21.3252Y32.3297
G01 X21.2435Y32.2395
G01 X21.1792Y32.1528
G01 X21.1198Y32.0545
G01 X21.0705Y31.9509
G01 X21.0295Y31.8363
G01 X21.0021Y31.7260
G01 X20.9861Y31.6181
G01 X20.9801Y31.4966
G01 X20.9861Y31.3819
G01 X21.0019Y31.2751
G01 X21.0295Y31.1637
G01 X21.0705Y31.0491
G01 X21.1198Y30.9455
G01 X21.1788Y30.8476
G01 X21.2435Y30.7605
G01 X21.3252Y30.6703
G01 X21.4105Y30.5935
G01 X21.4972Y30.5292
G01 X21.5955Y30.4698
G01 X21.6991Y30.4205
G01 X21.8137Y30.3795
G01 X21.9240Y30.3521
G01 X22.0319Y30.3361
G01 X22.1534Y30.3301
G01 X22.2681Y30.3361
G01 X22.3749Y30.3519
G01 X22.4929Y30.3815
G01 X22.5945Y30.4178
G01 X22.6985Y30.4666
G01 X22.8024Y30.5288
G01 X22.8948Y30.5978
G01 X22.9797Y30.6752
G01 X23.0522Y30.7552
G01 X23.1247Y30.8529
G01 X23.1802Y30.9455
G01 X23.2295Y31.0491
G01 X23.2685Y31.1571
G01 X23.2981Y31.2751
G01 X23.3139Y31.3819
G01 X23.3199Y31.4966
G01 X23.3146Y31.6113
G01 X23.2968Y31.7316
G01 X23.2705Y31.8363
G01 X23.2322Y31.9445
G01 X23.1834Y32.0485
G01 X23.1212Y32.1524
G01 X23.0522Y32.2448
G01 X22.9748Y32.3297
G01 X22.8948Y32.4022
G01 X22.8700Y32.4210
G01 X22.8700Y33.5000
G01 X22.8668Y33.5593
G01 X22.8596Y33.6078
G01 X22.8464Y33.6622
G01 X22.8278Y33.7149
G01 X22.8042Y33.7656
G01 X22.7758Y33.8138
G01 X22.7427Y33.8589
G01 X22.7054Y33.9006
G01 X22.6926Y33.9135
G01 X22.6998Y33.9435
G01 X22.7151Y34.0485
G01 X22.7199Y34.1534
G01 X22.7151Y34.2515
G01 X22.7000Y34.3554
G01 X22.6748Y34.4573
G01 X22.6372Y34.5626
G01 X22.5952Y34.6513
G01 X22.5415Y34.7416
G01 X22.4749Y34.8314
G01 X22.4041Y34.9090
G01 X22.3314Y34.9749
G01 X22.2416Y35.0415
G01 X22.1574Y35.0920
G01 X22.0626Y35.1372
G01 X21.9639Y35.1728
G01 X21.8554Y35.2000
G01 X21.7583Y35.2144
G01 X21.6534Y35.2199
G01 X21.5417Y35.2144
G01 X21.4446Y35.2000
G01 X21.3427Y35.1748
G01 X21.2374Y35.1372
G01 X21.1426Y35.0920
G01 X21.0532Y35.0380
G01 X20.9739Y34.9792
G01 X20.8959Y34.9090
G01 X20.8208Y34.8261
G01 X20.7623Y34.7473
G01 X20.7456Y34.7200
G01 X17.8044Y34.7200
G01 X17.7880Y34.7468
G01 X17.7292Y34.8261
G01 X17.6541Y34.9090
G01 X17.5761Y34.9792
G01 X17.4973Y35.0377
G01 X17.4013Y35.0952
G01 X17.3126Y35.1372
G01 X17.2139Y35.1728
G01 X17.1065Y35.1998
G01 X17.0015Y35.2151
G01 X16.8966Y35.2199
G01 X16.7985Y35.2151
G01 X16.6879Y35.1987
G01 X16.5861Y35.1728
G01 X16.4937Y35.1398
G01 X16.3987Y35.0952
G01 X16.3032Y35.0380
G01 X16.2186Y34.9749
G01 X16.1410Y34.9041
G01 X16.0751Y34.8314
G01 X16.0085Y34.7416
G01 X15.9580Y34.6574
G01 X15.9400Y34.6200
G01 X14.7500Y34.6200
G01 X14.7074Y34.6180
G01 X14.6617Y34.6116
G01 X14.6103Y34.5987
G01 X14.5733Y34.5855
G01 X14.5315Y34.5660
G01 X14.4918Y34.5426
G01 X14.4545Y34.5154
G01 X14.4177Y34.4823
G01 X12.7653Y32.8300
G01 X12.3216Y32.8299
G01 X12.2069Y32.8239
G01 X12.0934Y32.8068
G01 X11.9887Y32.7805
G01 X11.8805Y32.7422
G01 X11.7765Y32.6934
G01 X11.6726Y32.6312
G01 X11.5855Y32.5665
G01 X11.4953Y32.4848
G01 X11.4185Y32.3995
G01 X11.3503Y32.3071
G01 X11.2916Y32.2085
G01 X11.2428Y32.1045
G01 X11.2045Y31.9963
G01 X11.1771Y31.8860
G01 X11.1605Y31.7712
G00 Z3.0000
G00 X11.1605Y36.8512
G01 Z-0.2000
G01 X11.1551Y36.7434
G01 X11.1604Y36.6287
G01 X11.1782Y36.5084
G01 X11.2045Y36.4037
G01 X11.2428Y36.2955
G01 X11.2948Y36.1855
G01 X11.3538Y36.0876
G01 X11.4185Y36.0005
G01 X11.4953Y35.9152
G01 X11.5802Y35.8378
G01 X11.6779Y35.7653
G01 X11.7705Y35.7098
G01 X11.8741Y35.6605
G01 X11.9821Y35.6215
G01 X12.0993Y35.5920
G01 X12.2137Y35.5754
G01 X12.3250Y35.5700
G01 X13.5984Y35.5701
G01 X13.7131Y35.5761
G01 X13.8199Y35.5919
G01 X13.9313Y35.6195
G01 X14.0459Y35.6605
G01 X14.1495Y35.7098
G01 X14.2478Y35.7692
G01 X14.3398Y35.8378
G01 X14.4247Y35.9152
G01 X14.5015Y36.0005
G01 X14.5658Y36.0872
G01 X14.6252Y36.1855
G01 X14.6745Y36.2891
G01 X14.7155Y36.4037
G01 X14.7429Y36.5140
G01 X14.7589Y36.6219
G01 X14.7649Y36.7366
G01 X14.7596Y36.8513
G01 X14.7431Y36.9649
G01 X14.7155Y37.0763
G01 X14.6745Y37.1909
G01 X14.6252Y37.2945
G01 X14.5662Y37.3924
G01 X14.5015Y37.4795
G01 X14.4247Y37.5648
G01 X14.3345Y37.6465
G01 X14.2421Y37.7147
G01 X14.1435Y37.7734
G01 X14.0459Y37.8195
G01 X13.9379Y37.8585
G01 X13.8266Y37.8868
G01 X13.7615Y37.8968
G01 X14.8947Y39.0300
G01 X23.2100Y39.0300
G01 X23.2102Y38.8820
G01 X23.2126Y38.8550
G01 X23.2187Y38.8287
G01 X23.2221Y38.8182
G01 X23.2326Y38.7933
G01 X23.2506Y38.7642
G01 X23.2708Y38.7408
G01 X23.2955Y38.7196
G01 X23.3235Y38.7025
G01 X23.3482Y38.6921
G01 X23.3587Y38.6887
G01 X23.3796Y38.6836
G01 X23.3905Y38.6819
G01 X23.4175Y38.6800
G01 X23.6925Y38.6800
G01 X23.7250Y38.6826
G01 X23.7595Y38.6912
G01 X23.7867Y38.7026
G01 X23.8158Y38.7206
G01 X23.8392Y38.7408
G01 X23.8604Y38.7655
G01 X23.8775Y38.7935
G01 X23.8898Y38.8234
G01 X23.8964Y38.8496
G01 X23.8981Y38.8605
G01 X23.9000Y38.8875
G01 X23.9000Y40.2125
G01 X23.8974Y40.2450
G01 X23.8913Y40.2713
G01 X23.8879Y40.2818
G01 X23.8774Y40.3067
G01 X23.8634Y40.3299
G01 X23.8570Y40.3388
G01 X23.8430Y40.3552
G01 X23.8352Y40.3630
G01 X23.8145Y40.3804
G01 X23.7865Y40.3975
G01 X23.7566Y40.4098
G01 X23.7304Y40.4164
G01 X23.7195Y40.4181
G01 X23.6925Y40.4200
G01 X23.4175Y40.4200
G01 X23.3929Y40.4184
G01 X23.3831Y40.4170
G01 X23.3578Y40.4112
G01 X23.3359Y40.4032
G01 X23.3268Y40.3990
G01 X23.3032Y40.3857
G01 X23.2855Y40.3725
G01 X23.2641Y40.3520
G01 X23.2458Y40.3288
G01 X23.2310Y40.3032
G01 X23.2200Y40.2757
G01 X23.2172Y40.2661
G01 X23.2119Y40.2408
G01 X23.2100Y40.2125
G01 X23.2100Y39.9700
G01 X14.7000Y39.9700
G01 X14.6505Y39.9673
G01 X14.6117Y39.9616
G01 X14.5669Y39.9507
G01 X14.5170Y39.9328
G01 X14.4755Y39.9128
G01 X14.4365Y39.8892
G01 X14.4045Y39.8654
G01 X14.3677Y39.8323
G01 X12.4453Y37.9100
G01 X12.3250Y37.9100
G01 X12.2137Y37.9046
G01 X12.1001Y37.8881
G01 X11.9887Y37.8605
G01 X11.8805Y37.8222
G01 X11.7765Y37.7734
G01 X11.6726Y37.7112
G01 X11.5855Y37.6465
G01 X11.5002Y37.5697
G01 X11.4228Y37.4848
G01 X11.3542Y37.3928
G01 X11.2948Y37.2945
G01 X11.2455Y37.1909
G01 X11.2065Y37.0829
G01 X11.1782Y36.9716
G01 X11.1605Y36.8512
G00 Z3.0000
G00 X9.2084Y42.3304
G01 Z-0.2000
G01 X9.2100Y42.3196
G01 X9.2217Y42.2733
G01 X9.2399Y42.2297
G01 X9.2671Y42.1856
G01 X9.2987Y42.1487
G01 X9.3369Y42.1161
G01 X9.3799Y42.0898
G01 X9.4261Y42.0707
G01 X9.4763Y42.0587
G01 X9.5250Y42.0550
G01 X10.4555Y42.0552
G01 X10.5001Y42.0589
G01 X10.5436Y42.0692
G01 X10.5540Y42.0726
G01 X10.5903Y42.0876
G01 X10.6001Y42.0926
G01 X10.6394Y42.1171
G01 X10.6763Y42.1487
G01 X10.7089Y42.1869
G01 X10.7352Y42.2299
G01 X10.7543Y42.2761
G01 X10.7650Y42.3196
G01 X10.7667Y42.3304
G01 X10.7700Y42.3750
G01 X10.7700Y43.0175
G01 X11.2875Y43.0175
G01 X11.3301Y43.0195
G01 X11.3825Y43.0273
G01 X11.4206Y43.0368
G01 X11.4642Y43.0520
G01 X11.5060Y43.0715
G01 X11.5510Y43.0983
G01 X11.5883Y43.1264
G01 X11.6198Y43.1552
G01 X11.7823Y43.3177
G01 X11.8111Y43.3492
G01 X11.8426Y43.3918
G01 X11.8628Y43.4255
G01 X11.8828Y43.4670
G01 X11.8987Y43.5103
G01 X11.9114Y43.5606
G01 X11.9180Y43.6074
G01 X11.9200Y43.6500
G01 X11.9200Y45.0800
G01 X12.9500Y45.0800
G01 X12.9623Y45.0811
G01 X12.9683Y45.0824
G01 X12.9799Y45.0867
G01 X12.9860Y45.0900
G01 X12.9917Y45.0938
G01 X13.0019Y45.1030
G01 X13.0100Y45.1140
G01 X13.0133Y45.1201
G01 X13.0162Y45.1272
G01 X13.0196Y45.1423
G01 X13.0200Y45.4300
G01 X14.6089Y45.4300
G01 X15.3712Y44.6677
G01 X15.4028Y44.6389
G01 X15.4453Y44.6074
G01 X15.4851Y44.5840
G01 X15.5205Y44.5672
G01 X15.5638Y44.5513
G01 X15.6085Y44.5398
G01 X15.6541Y44.5327
G01 X15.7035Y44.5300
G01 X17.2231Y44.5300
G01 X17.5854Y44.1676
G01 X17.6223Y44.1346
G01 X17.6539Y44.1112
G01 X17.6932Y44.0872
G01 X17.7411Y44.0645
G01 X17.7781Y44.0513
G01 X17.8227Y44.0398
G01 X17.8751Y44.0320
G01 X17.9178Y44.0300
G01 X20.8530Y44.0300
G01 X20.8761Y44.0207
G01 X20.9196Y44.0100
G01 X20.9304Y44.0083
G01 X20.9750Y44.0050
G01 X22.2250Y44.0050
G01 X22.2696Y44.0083
G01 X22.2804Y44.0100
G01 X22.3186Y44.0192
G01 X22.3267Y44.0217
G01 X22.3470Y44.0300
G01 X23.0052Y44.0302
G01 X23.7677Y43.2677
G01 X23.7992Y43.2389
G01 X23.8361Y43.2112
G01 X23.8755Y43.1872
G01 X23.9233Y43.1645
G01 X23.9669Y43.1493
G01 X24.0106Y43.1386
G01 X24.0505Y43.1327
G01 X24.0966Y43.1301
G01 X30.7107Y43.1300
G01 X30.7418Y43.1074
G01 X30.7815Y43.0840
G01 X30.8170Y43.0672
G01 X30.8603Y43.0513
G01 X30.9106Y43.0386
G01 X30.9505Y43.0327
G01 X31.0034Y43.0301
G01 X31.0495Y43.0327
G01 X31.0883Y43.0384
G01 X31.1397Y43.0513
G01 X31.1767Y43.0645
G01 X31.2185Y43.0840
G01 X31.2582Y43.1074
G01 X31.2893Y43.1300
G01 X42.2250Y43.1300
G01 X42.2676Y43.1320
G01 X42.3200Y43.1398
G01 X42.3647Y43.1513
G01 X42.4080Y43.1672
G01 X42.4435Y43.1840
G01 X42.4832Y43.2074
G01 X42.5258Y43.2389
G01 X42.5573Y43.2677
G01 X43.4535Y44.1638
G01 X43.4927Y44.1502
G01 X43.5935Y44.1252
G01 X43.6985Y44.1099
G01 X43.8034Y44.1051
G01 X43.9083Y44.1106
G01 X44.0054Y44.1250
G01 X44.1073Y44.1502
G01 X44.1465Y44.1638
G01 X47.1202Y41.1903
G01 X47.1546Y41.1596
G01 X47.1918Y41.1324
G01 X47.2255Y41.1122
G01 X47.2670Y41.0922
G01 X47.3103Y41.0763
G01 X47.3606Y41.0636
G01 X47.4005Y41.0577
G01 X47.4466Y41.0551
G01 X70.7108Y41.0550
G01 X70.7602Y41.0577
G01 X70.7991Y41.0634
G01 X70.8439Y41.0743
G01 X70.8874Y41.0895
G01 X70.9293Y41.1089
G01 X70.9742Y41.1358
G01 X71.0115Y41.1639
G01 X71.0431Y41.1926
G01 X74.3805Y44.5300
G01 X77.7195Y44.5300
G01 X81.0575Y41.1920
G01 X81.0912Y41.1616
G01 X81.1281Y41.1342
G01 X81.1674Y41.1106
G01 X81.2093Y41.0908
G01 X81.2535Y41.0750
G01 X81.2977Y41.0640
G01 X81.3427Y41.0573
G01 X81.3858Y41.0551
G01 X115.7108Y41.0550
G01 X115.7534Y41.0570
G01 X115.8058Y41.0648
G01 X115.8505Y41.0763
G01 X115.8938Y41.0922
G01 X115.9353Y41.1122
G01 X115.9742Y41.1358
G01 X116.0115Y41.1639
G01 X116.0431Y41.1926
G01 X119.0805Y44.2300
G01 X122.9195Y44.2300
G01 X125.9575Y41.1921
G01 X125.9907Y41.1620
G01 X126.0284Y41.1340
G01 X126.0672Y41.1108
G01 X126.1062Y41.0922
G01 X126.1530Y41.0752
G01 X126.1942Y41.0648
G01 X126.2466Y41.0570
G01 X126.2892Y41.0550
G01 X160.7142Y41.0551
G01 X160.7602Y41.0577
G01 X160.8058Y41.0648
G01 X160.8505Y41.0763
G01 X160.8938Y41.0922
G01 X160.9353Y41.1122
G01 X160.9742Y41.1358
G01 X161.0062Y41.1596
G01 X161.0406Y41.1903
G01 X164.1805Y44.3300
G01 X167.8195Y44.3300
G01 X170.9569Y41.1926
G01 X170.9885Y41.1639
G01 X171.0253Y41.1362
G01 X171.0707Y41.1089
G01 X171.1062Y41.0922
G01 X171.1495Y41.0763
G01 X171.2009Y41.0634
G01 X171.2466Y41.0570
G01 X171.2892Y41.0550
G01 X189.3875Y41.0550
G01 X189.4301Y41.0570
G01 X189.4758Y41.0634
G01 X189.5206Y41.0743
G01 X189.5641Y41.0895
G01 X189.6060Y41.1089
G01 X189.6457Y41.1324
G01 X189.6829Y41.1596
G01 X189.7173Y41.1903
G01 X192.8823Y44.3548
G01 X192.9154Y44.3917
G01 X192.9426Y44.4289
G01 X192.9628Y44.4626
G01 X192.9828Y44.5041
G01 X193.0007Y44.5540
G01 X193.0114Y44.5980
G01 X193.0173Y44.6376
G01 X193.0199Y44.6837
G01 X193.0200Y46.6500
G01 X193.0189Y46.6623
G01 X193.0157Y46.6742
G01 X193.0100Y46.6860
G01 X193.0019Y46.6970
G01 X192.9917Y46.7062
G01 X192.9799Y46.7133
G01 X192.9653Y46.7183
G01 X192.9500Y46.7200
G01 X189.9500Y46.7200
G01 X189.9347Y46.7183
G01 X189.9201Y46.7133
G01 X189.9083Y46.7062
G01 X189.8981Y46.6970
G01 X189.8900Y46.6860
G01 X189.8843Y46.6742
G01 X189.8811Y46.6623
G01 X189.8800Y46.6500
G01 X189.8800Y45.1500
G01 X189.8811Y45.1377
G01 X189.8824Y45.1317
G01 X189.8867Y45.1201
G01 X189.8938Y45.1083
G01 X189.9030Y45.0981
G01 X189.9140Y45.0900
G01 X189.9258Y45.0843
G01 X189.9377Y45.0811
G01 X189.9500Y45.0800
G01 X192.0800Y45.0800
G01 X192.0800Y44.8822
G01 X190.7700Y43.5722
G01 X190.7700Y43.6250
G01 X190.7667Y43.6696
G01 X190.7650Y43.6804
G01 X190.7558Y43.7186
G01 X190.7524Y43.7290
G01 X190.7351Y43.7703
G01 X190.7079Y43.8144
G01 X190.6763Y43.8513
G01 X190.6424Y43.8805
G01 X190.6335Y43.8869
G01 X190.5951Y43.9102
G01 X190.5540Y43.9274
G01 X190.5436Y43.9308
G01 X190.5054Y43.9400
G01 X190.4946Y43.9417
G01 X190.4500Y43.9450
G01 X189.5195Y43.9448
G01 X189.4749Y43.9411
G01 X189.4314Y43.9308
G01 X189.4210Y43.9274
G01 X189.3847Y43.9124
G01 X189.3749Y43.9074
G01 X189.3356Y43.8829
G01 X189.2987Y43.8513
G01 X189.2661Y43.8131
G01 X189.2426Y43.7751
G01 X189.2376Y43.7653
G01 X189.2226Y43.7290
G01 X189.2192Y43.7186
G01 X189.2087Y43.6737
G01 X189.2052Y43.6305
G01 X189.2050Y42.3750
G01 X189.2089Y42.3249
G01 X189.2192Y42.2814
G01 X189.2226Y42.2710
G01 X189.2399Y42.2297
G01 X189.2631Y42.1915
G01 X189.2695Y42.1826
G01 X189.2987Y42.1487
G01 X189.3244Y42.1265
G01 X189.1928Y41.9950
G01 X171.4839Y41.9950
G01 X168.3441Y45.1347
G01 X168.3097Y45.1654
G01 X168.2724Y45.1926
G01 X168.2327Y45.2161
G01 X168.1909Y45.2355
G01 X168.1473Y45.2507
G01 X168.1034Y45.2614
G01 X168.0569Y45.2680
G01 X168.0142Y45.2700
G01 X163.9858Y45.2700
G01 X163.9363Y45.2673
G01 X163.8907Y45.2602
G01 X163.8461Y45.2487
G01 X163.8028Y45.2328
G01 X163.7612Y45.2128
G01 X163.7223Y45.1892
G01 X163.6850Y45.1611
G01 X163.6534Y45.1323
G01 X160.5161Y41.9950
G01 X145.3950Y41.9950
G01 X145.3950Y42.0550
G01 X145.4500Y42.0550
G01 X145.4946Y42.0583
G01 X145.5054Y42.0600
G01 X145.5517Y42.0717
G01 X145.5903Y42.0876
G01 X145.6001Y42.0926
G01 X145.6394Y42.1171
G01 X145.6722Y42.1450
G01 X145.6800Y42.1528
G01 X145.7089Y42.1869
G01 X145.7352Y42.2299
G01 X145.7543Y42.2761
G01 X145.7650Y42.3196
G01 X145.7667Y42.3304
G01 X145.7700Y42.3750
G01 X145.7700Y43.6250
G01 X145.7661Y43.6751
G01 X145.7558Y43.7186
G01 X145.7524Y43.7290
G01 X145.7351Y43.7703
G01 X145.7119Y43.8085
G01 X145.7055Y43.8174
G01 X145.6763Y43.8513
G01 X145.6424Y43.8805
G01 X145.6335Y43.8869
G01 X145.5951Y43.9102
G01 X145.5489Y43.9293
G01 X145.5054Y43.9400
G01 X145.4946Y43.9417
G01 X145.4500Y43.9450
G01 X145.3950Y43.9450
G01 X145.3950Y44.0303
G01 X146.4447Y45.0800
G01 X147.9500Y45.0800
G01 X147.9562Y45.0803
G01 X147.9683Y45.0824
G01 X147.9799Y45.0867
G01 X147.9917Y45.0938
G01 X148.0019Y45.1030
G01 X148.0100Y45.1140
G01 X148.0157Y45.1258
G01 X148.0189Y45.1377
G01 X148.0200Y45.1500
G01 X148.0200Y46.6500
G01 X148.0189Y46.6623
G01 X148.0157Y46.6742
G01 X148.0100Y46.6860
G01 X148.0019Y46.6970
G01 X147.9917Y46.7062
G01 X147.9799Y46.7133
G01 X147.9653Y46.7183
G01 X147.9500Y46.7200
G01 X144.9500Y46.7200
G01 X144.9347Y46.7183
G01 X144.9201Y46.7133
G01 X144.9083Y46.7062
G01 X144.9030Y46.7019
G01 X144.8938Y46.6917
G01 X144.8900Y46.6860
G01 X144.8843Y46.6742
G01 X144.8811Y46.6623
G01 X144.8800Y46.6500
G01 X144.8800Y45.1500
G01 X144.8811Y45.1377
G01 X144.8843Y45.1258
G01 X144.8867Y45.1201
G01 X144.8900Y45.1140
G01 X144.8981Y45.1030
G01 X144.9030Y45.0981
G01 X144.9140Y45.0900
G01 X144.9201Y45.0867
G01 X144.9317Y45.0824
G01 X144.9377Y45.0811
G01 X144.9500Y45.0800
G01 X145.1153Y45.0800
G01 X144.5926Y44.5573
G01 X144.5596Y44.5204
G01 X144.5324Y44.4832
G01 X144.5089Y44.4435
G01 X144.4922Y44.4080
G01 X144.4763Y44.3647
G01 X144.4648Y44.3200
G01 X144.4577Y44.2745
G01 X144.4550Y44.2250
G01 X144.4550Y43.9365
G01 X144.4233Y43.9283
G01 X144.3797Y43.9101
G01 X144.3356Y43.8829
G01 X144.3028Y43.8550
G01 X144.2950Y43.8472
G01 X144.2661Y43.8131
G01 X144.2398Y43.7701
G01 X144.2207Y43.7239
G01 X144.2100Y43.6804
G01 X144.2083Y43.6696
G01 X144.2050Y43.6250
G01 X144.2050Y42.3750
G01 X144.2089Y42.3249
G01 X144.2217Y42.2733
G01 X144.2399Y42.2297
G01 X144.2671Y42.1856
G01 X144.2987Y42.1487
G01 X144.3369Y42.1161
G01 X144.3799Y42.0898
G01 X144.4261Y42.0707
G01 X144.4550Y42.0635
G01 X144.4550Y41.9950
G01 X126.4839Y41.9950
G01 X123.4460Y45.0329
G01 X123.4128Y45.0630
G01 X123.3750Y45.0910
G01 X123.3363Y45.1142
G01 X123.2941Y45.1342
G01 X123.2504Y45.1498
G01 X123.2055Y45.1611
G01 X123.1612Y45.1677
G01 X123.1142Y45.1700
G01 X118.8858Y45.1700
G01 X118.8363Y45.1673
G01 X118.7907Y45.1602
G01 X118.7461Y45.1487
G01 X118.7028Y45.1328
G01 X118.6612Y45.1128
G01 X118.6223Y45.0892
G01 X118.5850Y45.0611
G01 X118.5534Y45.0324
G01 X115.5161Y41.9950
G01 X100.3450Y41.9950
G01 X100.3450Y42.0550
G01 X100.4500Y42.0550
G01 X100.4946Y42.0583
G01 X100.5054Y42.0600
G01 X100.5517Y42.0717
G01 X100.5903Y42.0876
G01 X100.6001Y42.0926
G01 X100.6394Y42.1171
G01 X100.6763Y42.1487
G01 X100.7089Y42.1869
G01 X100.7352Y42.2299
G01 X100.7524Y42.2710
G01 X100.7558Y42.2814
G01 X100.7663Y42.3263
G01 X100.7700Y42.3750
G01 X100.7700Y43.6250
G01 X100.7661Y43.6751
G01 X100.7558Y43.7186
G01 X100.7524Y43.7290
G01 X100.7351Y43.7703
G01 X100.7119Y43.8085
G01 X100.7055Y43.8174
G01 X100.6763Y43.8513
G01 X100.6381Y43.8839
G01 X100.6001Y43.9074
G01 X100.5903Y43.9124
G01 X100.5489Y43.9293
G01 X100.5054Y43.9400
G01 X100.4946Y43.9417
G01 X100.4500Y43.9450
G01 X100.3450Y43.9450
G01 X100.3450Y44.0803
G01 X101.3447Y45.0800
G01 X102.9500Y45.0800
G01 X102.9653Y45.0817
G01 X102.9799Y45.0867
G01 X102.9917Y45.0938
G01 X103.0019Y45.1030
G01 X103.0100Y45.1140
G01 X103.0157Y45.1258
G01 X103.0189Y45.1377
G01 X103.0200Y45.1500
G01 X103.0200Y46.6500
G01 X103.0189Y46.6623
G01 X103.0157Y46.6742
G01 X103.0100Y46.6860
G01 X103.0019Y46.6970
G01 X102.9917Y46.7062
G01 X102.9799Y46.7133
G01 X102.9742Y46.7157
G01 X102.9623Y46.7189
G01 X102.9500Y46.7200
G01 X99.9500Y46.7200
G01 X99.9347Y46.7183
G01 X99.9201Y46.7133
G01 X99.9083Y46.7062
G01 X99.8981Y46.6970
G01 X99.8938Y46.6917
G01 X99.8867Y46.6799
G01 X99.8838Y46.6728
G01 X99.8804Y46.6577
G01 X99.8800Y46.6500
G01 X99.8804Y45.1423
G01 X99.8838Y45.1272
G01 X99.8867Y45.1201
G01 X99.8938Y45.1083
G01 X99.9030Y45.0981
G01 X99.9083Y45.0938
G01 X99.9201Y45.0867
G01 X99.9317Y45.0824
G01 X99.9438Y45.0803
G01 X100.0153Y45.0800
G01 X99.5427Y44.6074
G01 X99.5096Y44.5705
G01 X99.4862Y44.5389
G01 X99.4622Y44.4996
G01 X99.4422Y44.4580
G01 X99.4263Y44.4147
G01 X99.4136Y44.3645
G01 X99.4077Y44.3245
G01 X99.4050Y44.2750
G01 X99.4050Y43.9208
G01 X99.3797Y43.9101
G01 X99.3356Y43.8829
G01 X99.2987Y43.8513
G01 X99.2661Y43.8131
G01 X99.2398Y43.7701
G01 X99.2226Y43.7290
G01 X99.2192Y43.7186
G01 X99.2100Y43.6804
G01 X99.2083Y43.6696
G01 X99.2050Y43.6250
G01 X99.2050Y42.3750
G01 X99.2083Y42.3304
G01 X99.2100Y42.3196
G01 X99.2192Y42.2814
G01 X99.2226Y42.2710
G01 X99.2399Y42.2297
G01 X99.2671Y42.1856
G01 X99.2987Y42.1487
G01 X99.3369Y42.1161
G01 X99.3799Y42.0898
G01 X99.4050Y42.0792
G01 X99.4050Y41.9950
G01 X81.5839Y41.9950
G01 X78.2459Y45.3330
G01 X78.2123Y45.3634
G01 X78.1753Y45.3908
G01 X78.1360Y45.4144
G01 X78.0941Y45.4342
G01 X78.0499Y45.4500
G01 X78.0057Y45.4610
G01 X77.9607Y45.4677
G01 X77.9142Y45.4700
G01 X74.1858Y45.4700
G01 X74.1363Y45.4673
G01 X74.0907Y45.4602
G01 X74.0461Y45.4487
G01 X74.0028Y45.4328
G01 X73.9612Y45.4128
G01 X73.9223Y45.3892
G01 X73.8850Y45.3611
G01 X73.8534Y45.3324
G01 X70.5161Y41.9950
G01 X55.3950Y41.9950
G01 X55.3950Y42.0550
G01 X55.4500Y42.0550
G01 X55.4946Y42.0583
G01 X55.5054Y42.0600
G01 X55.5517Y42.0717
G01 X55.5903Y42.0876
G01 X55.6001Y42.0926
G01 X55.6394Y42.1171
G01 X55.6722Y42.1450
G01 X55.6800Y42.1528
G01 X55.7089Y42.1869
G01 X55.7352Y42.2299
G01 X55.7543Y42.2761
G01 X55.7650Y42.3196
G01 X55.7667Y42.3304
G01 X55.7700Y42.3750
G01 X55.7700Y43.6250
G01 X55.7661Y43.6751
G01 X55.7558Y43.7186
G01 X55.7524Y43.7290
G01 X55.7351Y43.7703
G01 X55.7119Y43.8085
G01 X55.7055Y43.8174
G01 X55.6763Y43.8513
G01 X55.6424Y43.8805
G01 X55.6335Y43.8869
G01 X55.5951Y43.9102
G01 X55.5540Y43.9274
G01 X55.5436Y43.9308
G01 X55.5054Y43.9400
G01 X55.4946Y43.9417
G01 X55.4500Y43.9450
G01 X55.3950Y43.9450
G01 X55.3950Y44.1303
G01 X56.3447Y45.0800
G01 X57.9500Y45.0800
G01 X57.9653Y45.0817
G01 X57.9799Y45.0867
G01 X57.9917Y45.0938
G01 X58.0019Y45.1030
G01 X58.0100Y45.1140
G01 X58.0162Y45.1272
G01 X58.0183Y45.1347
G01 X58.0200Y45.1500
G01 X58.0200Y46.6500
G01 X58.0189Y46.6623
G01 X58.0157Y46.6742
G01 X58.0100Y46.6860
G01 X58.0019Y46.6970
G01 X57.9917Y46.7062
G01 X57.9799Y46.7133
G01 X57.9742Y46.7157
G01 X57.9623Y46.7189
G01 X57.9500Y46.7200
G01 X54.9500Y46.7200
G01 X54.9347Y46.7183
G01 X54.9201Y46.7133
G01 X54.9140Y46.7100
G01 X54.9030Y46.7019
G01 X54.8938Y46.6917
G01 X54.8867Y46.6799
G01 X54.8838Y46.6728
G01 X54.8817Y46.6653
G01 X54.8800Y46.6500
G01 X54.8803Y45.1438
G01 X54.8811Y45.1377
G01 X54.8843Y45.1258
G01 X54.8900Y45.1140
G01 X54.8938Y45.1083
G01 X54.8981Y45.1030
G01 X54.9083Y45.0938
G01 X54.9201Y45.0867
G01 X54.9317Y45.0824
G01 X54.9438Y45.0803
G01 X55.0153Y45.0800
G01 X54.5903Y44.6548
G01 X54.5596Y44.6204
G01 X54.5362Y44.5889
G01 X54.5122Y44.5495
G01 X54.4922Y44.5080
G01 X54.4743Y44.4581
G01 X54.4636Y44.4144
G01 X54.4570Y44.3676
G01 X54.4550Y44.3250
G01 X54.4550Y43.9365
G01 X54.4233Y43.9283
G01 X54.3797Y43.9101
G01 X54.3356Y43.8829
G01 X54.3028Y43.8550
G01 X54.2950Y43.8472
G01 X54.2661Y43.8131
G01 X54.2398Y43.7701
G01 X54.2207Y43.7239
G01 X54.2100Y43.6804
G01 X54.2083Y43.6696
G01 X54.2050Y43.6250
G01 X54.2050Y42.3750
G01 X54.2089Y42.3249
G01 X54.2217Y42.2733
G01 X54.2399Y42.2297
G01 X54.2671Y42.1856
G01 X54.2987Y42.1487
G01 X54.3369Y42.1161
G01 X54.3799Y42.0898
G01 X54.4261Y42.0707
G01 X54.4550Y42.0635
G01 X54.4550Y41.9950
G01 X47.6447Y41.9950
G01 X44.8112Y44.8285
G01 X44.8248Y44.8677
G01 X44.8487Y44.9629
G01 X44.8651Y45.0736
G01 X44.8699Y45.1784
G01 X44.8651Y45.2765
G01 X44.8487Y45.3871
G01 X44.8248Y45.4823
G01 X44.7898Y45.5813
G01 X44.7452Y45.6763
G01 X44.6877Y45.7723
G01 X44.6292Y45.8511
G01 X44.5590Y45.9291
G01 X44.4761Y46.0042
G01 X44.3916Y46.0665
G01 X44.3013Y46.1202
G01 X44.2063Y46.1648
G01 X44.1073Y46.1999
G01 X44.0065Y46.2249
G01 X43.9015Y46.2401
G01 X43.8034Y46.2449
G01 X43.7233Y46.2413
G01 X43.7010Y46.2877
G01 X43.6723Y46.3350
G01 X43.6384Y46.3802
G01 X43.6031Y46.4191
G01 X42.7191Y47.3031
G01 X42.6802Y47.3384
G01 X42.6355Y47.3720
G01 X42.5877Y47.4010
G01 X42.5309Y47.4278
G01 X42.4782Y47.4464
G01 X42.4250Y47.4595
G01 X42.3753Y47.4668
G01 X42.3160Y47.4700
G01 X41.9332Y47.4700
G01 X40.9001Y48.5031
G01 X40.8613Y48.5384
G01 X40.8108Y48.5758
G01 X40.7627Y48.6042
G01 X40.7183Y48.6252
G01 X40.6658Y48.6444
G01 X40.6060Y48.6595
G01 X40.5495Y48.6675
G01 X40.4971Y48.6700
G01 X36.0245Y48.6700
G01 X36.1065Y48.7605
G01 X36.1708Y48.8472
G01 X36.2302Y48.9455
G01 X36.2822Y49.0555
G01 X36.3205Y49.1637
G01 X36.3479Y49.2740
G01 X36.3646Y49.3887
G01 X36.3699Y49.5034
G01 X36.3646Y49.6113
G01 X36.3468Y49.7316
G01 X36.3205Y49.8363
G01 X36.2822Y49.9445
G01 X36.2302Y50.0545
G01 X36.1712Y50.1524
G01 X36.1065Y50.2395
G01 X36.0297Y50.3248
G01 X35.9448Y50.4022
G01 X35.8471Y50.4747
G01 X35.7545Y50.5302
G01 X35.6509Y50.5795
G01 X35.5363Y50.6205
G01 X35.4260Y50.6479
G01 X35.3181Y50.6639
G01 X35.1966Y50.6699
G01 X35.0819Y50.6639
G01 X34.9684Y50.6468
G01 X34.8637Y50.6205
G01 X34.7555Y50.5822
G01 X34.6455Y50.5302
G01 X34.5476Y50.4712
G01 X34.4552Y50.4022
G01 X34.3703Y50.3248
G01 X34.2935Y50.2395
G01 X34.2292Y50.1528
G01 X34.1698Y50.0545
G01 X34.1205Y49.9509
G01 X34.0815Y49.8429
G01 X34.0521Y49.7260
G01 X34.0361Y49.6181
G01 X34.0301Y49.4966
G01 X34.0361Y49.3819
G01 X34.0532Y49.2684
G01 X34.0795Y49.1637
G01 X34.1178Y49.0555
G01 X34.1700Y48.9452
G01 X34.1700Y48.5771
G01 X34.1725Y48.5246
G01 X34.1804Y48.4693
G01 X34.1936Y48.4149
G01 X34.2148Y48.3558
G01 X34.2390Y48.3054
G01 X34.2677Y48.2581
G01 X34.2973Y48.2182
G01 X34.3346Y48.1765
G01 X34.8140Y47.6970
G01 X34.8582Y47.6573
G01 X34.8976Y47.6281
G01 X34.9454Y47.5990
G01 X34.9958Y47.5748
G01 X35.0483Y47.5556
G01 X35.1092Y47.5404
G01 X35.1646Y47.5325
G01 X35.2171Y47.5300
G01 X40.2610Y47.5300
G01 X41.2940Y46.4970
G01 X41.3329Y46.4616
G01 X41.3776Y46.4280
G01 X41.4254Y46.3990
G01 X41.4821Y46.3722
G01 X41.5349Y46.3536
G01 X41.5881Y46.3405
G01 X41.6378Y46.3332
G01 X41.6971Y46.3300
G01 X42.0799Y46.3300
G01 X42.6300Y45.7799
G01 X42.6300Y45.2000
G01 X42.6325Y45.1476
G01 X42.6404Y45.0922
G01 X42.6556Y45.0313
G01 X42.6722Y44.9851
G01 X42.6958Y44.9344
G01 X42.7277Y44.8810
G01 X42.7573Y44.8411
G01 X42.7780Y44.8177
G01 X42.0303Y44.0700
G01 X31.6450Y44.0700
G01 X31.6449Y46.0534
G01 X31.6423Y46.0995
G01 X31.6366Y46.1383
G01 X31.6257Y46.1831
G01 X31.6105Y46.2267
G01 X31.5910Y46.2685
G01 X31.5676Y46.3082
G01 X31.5404Y46.3455
G01 X31.5200Y46.3685
G01 X31.5200Y46.7125
G01 X31.5181Y46.7395
G01 X31.5164Y46.7504
G01 X31.5088Y46.7795
G01 X31.4974Y46.8067
G01 X31.4794Y46.8358
G01 X31.4630Y46.8552
G01 X31.4552Y46.8630
G01 X31.4388Y46.8770
G01 X31.4299Y46.8834
G01 X31.4065Y46.8975
G01 X31.3766Y46.9098
G01 X31.3436Y46.9176
G01 X31.3125Y46.9200
G01 X31.0320Y46.9198
G01 X31.0050Y46.9174
G01 X30.9705Y46.9088
G01 X30.9433Y46.8974
G01 X30.9142Y46.8794
G01 X30.8908Y46.8592
G01 X30.8696Y46.8345
G01 X30.8525Y46.8065
G01 X30.8421Y46.7818
G01 X30.8387Y46.7713
G01 X30.8324Y46.7436
G01 X30.8300Y46.7125
G01 X30.8300Y46.3685
G01 X30.8096Y46.3455
G01 X30.7824Y46.3082
G01 X30.7622Y46.2745
G01 X30.7422Y46.2330
G01 X30.7243Y46.1831
G01 X30.7136Y46.1394
G01 X30.7077Y46.0995
G01 X30.7050Y46.0500
G01 X30.7050Y44.0700
G01 X24.2947Y44.0700
G01 X23.9700Y44.3947
G01 X23.9699Y45.9034
G01 X23.9673Y45.9495
G01 X23.9616Y45.9883
G01 X23.9507Y46.0331
G01 X23.9328Y46.0830
G01 X23.9160Y46.1185
G01 X23.9000Y46.1459
G01 X23.9000Y46.7125
G01 X23.8981Y46.7395
G01 X23.8964Y46.7504
G01 X23.8888Y46.7795
G01 X23.8774Y46.8067
G01 X23.8594Y46.8358
G01 X23.8392Y46.8592
G01 X23.8145Y46.8804
G01 X23.7865Y46.8975
G01 X23.7566Y46.9098
G01 X23.7236Y46.9176
G01 X23.6925Y46.9200
G01 X23.4175Y46.9200
G01 X23.3929Y46.9184
G01 X23.3639Y46.9128
G01 X23.3543Y46.9100
G01 X23.3268Y46.8990
G01 X23.3032Y46.8857
G01 X23.2855Y46.8725
G01 X23.2780Y46.8659
G01 X23.2575Y46.8445
G01 X23.2404Y46.8204
G01 X23.2280Y46.7970
G01 X23.2200Y46.7757
G01 X23.2130Y46.7469
G01 X23.2116Y46.7371
G01 X23.2100Y46.7125
G01 X23.2100Y46.2695
G01 X23.1992Y46.2611
G01 X23.1701Y46.2347
G01 X23.1389Y46.2008
G01 X23.1112Y46.1639
G01 X23.0872Y46.1245
G01 X23.0672Y46.0830
G01 X23.0513Y46.0397
G01 X23.0386Y45.9894
G01 X23.0327Y45.9495
G01 X23.0300Y45.9000
G01 X23.0300Y45.1947
G01 X22.8053Y44.9700
G01 X22.5450Y44.9700
G01 X22.5450Y45.2500
G01 X22.5417Y45.2946
G01 X22.5400Y45.3054
G01 X22.5283Y45.3517
G01 X22.5101Y45.3953
G01 X22.4829Y45.4394
G01 X22.4550Y45.4722
G01 X22.4472Y45.4800
G01 X22.4174Y45.5055
G01 X22.4085Y45.5119
G01 X22.3701Y45.5352
G01 X22.3239Y45.5543
G01 X22.2737Y45.5663
G01 X22.2250Y45.5700
G01 X20.9750Y45.5700
G01 X20.9249Y45.5661
G01 X20.8733Y45.5533
G01 X20.8297Y45.5351
G01 X20.7915Y45.5119
G01 X20.7826Y45.5055
G01 X20.7487Y45.4763
G01 X20.7195Y45.4424
G01 X20.7131Y45.4335
G01 X20.6898Y45.3951
G01 X20.6726Y45.3540
G01 X20.6692Y45.3436
G01 X20.6587Y45.2987
G01 X20.6552Y45.2555
G01 X20.6550Y44.9700
G01 X18.1125Y44.9700
G01 X17.7501Y45.3323
G01 X17.7132Y45.3654
G01 X17.6760Y45.3926
G01 X17.6363Y45.4160
G01 X17.6008Y45.4328
G01 X17.5575Y45.4487
G01 X17.5128Y45.4602
G01 X17.4672Y45.4673
G01 X17.4178Y45.4700
G01 X15.8982Y45.4700
G01 X15.1359Y46.2323
G01 X15.1043Y46.2611
G01 X15.0618Y46.2926
G01 X15.0220Y46.3160
G01 X14.9865Y46.3328
G01 X14.9432Y46.3487
G01 X14.8986Y46.3602
G01 X14.8530Y46.3673
G01 X14.8035Y46.3700
G01 X13.0200Y46.3700
G01 X13.0200Y46.6500
G01 X13.0183Y46.6653
G01 X13.0162Y46.6728
G01 X13.0100Y46.6860
G01 X13.0062Y46.6917
G01 X12.9970Y46.7019
G01 X12.9860Y46.7100
G01 X12.9799Y46.7133
G01 X12.9728Y46.7162
G01 X12.9577Y46.7196
G01 X9.9423Y46.7196
G01 X9.9272Y46.7162
G01 X9.9201Y46.7133
G01 X9.9083Y46.7062
G01 X9.8981Y46.6970
G01 X9.8900Y46.6860
G01 X9.8838Y46.6728
G01 X9.8817Y46.6653
G01 X9.8800Y46.6500
G01 X9.8800Y45.1500
G01 X9.8804Y45.1423
G01 X9.8838Y45.1272
G01 X9.8867Y45.1201
G01 X9.8938Y45.1083
G01 X9.8981Y45.1030
G01 X9.9083Y45.0938
G01 X9.9140Y45.0900
G01 X9.9258Y45.0843
G01 X9.9377Y45.0811
G01 X9.9500Y45.0800
G01 X10.9800Y45.0800
G01 X10.9800Y43.9575
G01 X10.1125Y43.9575
G01 X10.0630Y43.9548
G01 X10.0242Y43.9491
G01 X10.0066Y43.9450
G01 X9.5195Y43.9448
G01 X9.4749Y43.9411
G01 X9.4314Y43.9308
G01 X9.4210Y43.9274
G01 X9.3847Y43.9124
G01 X9.3749Y43.9074
G01 X9.3356Y43.8829
G01 X9.3028Y43.8550
G01 X9.2950Y43.8472
G01 X9.2661Y43.8131
G01 X9.2426Y43.7751
G01 X9.2376Y43.7653
G01 X9.2226Y43.7290
G01 X9.2192Y43.7186
G01 X9.2087Y43.6737
G01 X9.2052Y43.6305
G01 X9.2050Y42.3750
G01 X9.2084Y42.3304
G00 Z3.0000
G00 X10.0014Y46.9320
G01 Z-0.2000
G01 X10.0057Y46.9211
G01 X10.0104Y46.9053
G01 X10.0156Y46.8796
G01 X10.0174Y46.8582
G01 X10.0174Y46.8418
G01 X10.0152Y46.8180
G01 X12.9500Y46.8180
G01 X12.9685Y46.8170
G01 X12.9868Y46.8139
G01 X13.0047Y46.8089
G01 X13.0218Y46.8019
G01 X13.0364Y46.7941
G01 X13.0501Y46.7849
G01 X13.0628Y46.7745
G01 X13.0745Y46.7628
G01 X13.0849Y46.7501
G01 X13.0941Y46.7364
G01 X13.1019Y46.7218
G01 X13.1089Y46.7047
G01 X13.1139Y46.6868
G01 X13.1170Y46.6685
G01 X13.1180Y46.6500
G01 X13.1180Y46.4680
G01 X14.8035Y46.4680
G01 X14.8485Y46.4660
G01 X14.3825Y46.9320
G01 X10.0014Y46.9320
G00 Z3.0000
G00 X9.9201Y48.2867
G01 Z-0.2000
G01 X9.9347Y48.2817
G01 X9.9500Y48.2800
G01 X12.9500Y48.2800
G01 X12.9653Y48.2817
G01 X12.9728Y48.2838
G01 X12.9799Y48.2867
G01 X12.9917Y48.2938
G01 X13.0019Y48.3030
G01 X13.0062Y48.3083
G01 X13.0133Y48.3201
G01 X13.0162Y48.3272
G01 X13.0196Y48.3423
G01 X13.0200Y48.3500
G01 X13.0200Y48.4620
G01 X14.4053Y48.4620
G01 X16.0997Y46.7677
G01 X16.1312Y46.7389
G01 X16.1681Y46.7112
G01 X16.2135Y46.6840
G01 X16.2490Y46.6672
G01 X16.2923Y46.6513
G01 X16.3370Y46.6398
G01 X16.3825Y46.6327
G01 X16.4286Y46.6301
G01 X18.1400Y46.6300
G01 X18.1580Y46.5926
G01 X18.2085Y46.5084
G01 X18.2751Y46.4186
G01 X18.3459Y46.3410
G01 X18.4239Y46.2708
G01 X18.5027Y46.2123
G01 X18.5926Y46.1580
G01 X18.6937Y46.1102
G01 X18.7927Y46.0752
G01 X18.8935Y46.0502
G01 X18.9917Y46.0356
G01 X19.0966Y46.0301
G01 X19.2015Y46.0349
G01 X19.3054Y46.0500
G01 X19.4073Y46.0752
G01 X19.5063Y46.1102
G01 X19.6013Y46.1548
G01 X19.6968Y46.2120
G01 X19.7761Y46.2708
G01 X19.8541Y46.3410
G01 X19.9249Y46.4186
G01 X19.9877Y46.5027
G01 X20.0420Y46.5926
G01 X20.0872Y46.6874
G01 X20.1228Y46.7861
G01 X20.1498Y46.8935
G01 X20.1644Y46.9917
G01 X20.1699Y47.0966
G01 X20.1651Y47.2015
G01 X20.1500Y47.3054
G01 X20.1248Y47.4073
G01 X20.0872Y47.5126
G01 X20.0420Y47.6074
G01 X19.9877Y47.6973
G01 X19.9249Y47.7814
G01 X19.8541Y47.8590
G01 X19.7761Y47.9292
G01 X19.6916Y47.9915
G01 X19.6013Y48.0452
G01 X19.5063Y48.0898
G01 X19.4073Y48.1248
G01 X19.3065Y48.1498
G01 X19.2083Y48.1644
G01 X19.1034Y48.1699
G01 X18.9917Y48.1644
G01 X18.8946Y48.1500
G01 X18.7927Y48.1248
G01 X18.6937Y48.0898
G01 X18.5987Y48.0452
G01 X18.5032Y47.9880
G01 X18.4239Y47.9292
G01 X18.3410Y47.8541
G01 X18.2708Y47.7761
G01 X18.2123Y47.6973
G01 X18.1580Y47.6074
G01 X18.1400Y47.5700
G01 X16.6267Y47.5700
G01 X14.9323Y49.2643
G01 X14.8955Y49.2974
G01 X14.8582Y49.3246
G01 X14.8185Y49.3480
G01 X14.7830Y49.3648
G01 X14.7397Y49.3807
G01 X14.6892Y49.3934
G01 X14.6426Y49.4000
G01 X14.6000Y49.4020
G01 X13.7742Y49.4020
G01 X13.7441Y49.4347
G01 X13.7097Y49.4654
G01 X13.6782Y49.4888
G01 X13.6388Y49.5128
G01 X13.5909Y49.5355
G01 X13.5539Y49.5487
G01 X13.5093Y49.5602
G01 X13.4637Y49.5673
G01 X13.4142Y49.5700
G01 X13.0200Y49.5700
G01 X13.0200Y49.8500
G01 X13.0183Y49.8653
G01 X13.0162Y49.8728
G01 X13.0100Y49.8860
G01 X13.0019Y49.8970
G01 X12.9970Y49.9019
G01 X12.9860Y49.9100
G01 X12.9799Y49.9133
G01 X12.9683Y49.9176
G01 X12.9562Y49.9197
G01 X9.9500Y49.9200
G01 X9.9377Y49.9189
G01 X9.9317Y49.9176
G01 X9.9201Y49.9133
G01 X9.9140Y49.9100
G01 X9.9083Y49.9062
G01 X9.8981Y49.8970
G01 X9.8900Y49.8860
G01 X9.8838Y49.8728
G01 X9.8817Y49.8653
G01 X9.8800Y49.8500
G01 X9.8800Y48.3500
G01 X9.8817Y48.3347
G01 X9.8838Y48.3272
G01 X9.8900Y48.3140
G01 X9.8938Y48.3083
G01 X9.9030Y48.2981
G01 X9.9140Y48.2900
G01 X9.9201Y48.2867
G00 Z3.0000
G00 X13.1417Y46.8340
G01 Z-0.2000
G01 X13.1471Y46.8286
G01 X13.1637Y46.8085
G01 X13.1782Y46.7868
G01 X13.1905Y46.7637
G01 X13.2015Y46.7365
G01 X13.2095Y46.7083
G01 X13.2144Y46.6793
G01 X13.2160Y46.6500
G01 X13.2160Y46.5660
G01 X14.6099Y46.5660
G01 X14.3419Y46.8340
G01 X13.1417Y46.8340
G00 Z3.0000
G00 X13.3034Y46.7360
G01 Z-0.2000
G01 X13.3052Y46.7298
G01 X13.3118Y46.6901
G01 X13.3132Y46.6640
G01 X14.3733Y46.6640
G01 X14.3013Y46.7360
G01 X13.3034Y46.7360
G00 Z3.0000
G00 X14.4241Y48.1660
G01 Z-0.2000
G01 X14.3241Y48.2660
G01 X13.2022Y48.2660
G01 X13.1905Y48.2363
G01 X13.1782Y48.2132
G01 X13.1637Y48.1915
G01 X13.1471Y48.1714
G01 X13.1417Y48.1660
G01 X14.4241Y48.1660
G00 Z3.0000
G00 X14.6627Y48.0660
G01 Z-0.2000
G01 X14.3647Y48.3640
G01 X13.1180Y48.3640
G01 X13.1170Y48.3315
G01 X13.1139Y48.3132
G01 X13.1089Y48.2953
G01 X13.1019Y48.2782
G01 X13.0941Y48.2636
G01 X13.0849Y48.2499
G01 X13.0745Y48.2372
G01 X13.0628Y48.2255
G01 X13.0501Y48.2151
G01 X13.0364Y48.2059
G01 X13.0218Y48.1981
G01 X13.0047Y48.1911
G01 X12.9868Y48.1861
G01 X12.9685Y48.1830
G01 X12.9500Y48.1820
G01 X10.0152Y48.1820
G01 X10.0174Y48.1582
G01 X10.0174Y48.1418
G01 X10.0156Y48.1204
G01 X10.0104Y48.0947
G01 X10.0057Y48.0789
G01 X10.0014Y48.0680
G01 X14.6178Y48.0680
G01 X14.6627Y48.0660
G00 Z3.0000
G00 X15.8535Y48.4818
G01 Z-0.2000
G01 X15.9552Y48.3801
G01 X15.9243Y48.4455
G01 X15.9179Y48.4607
G01 X15.9007Y48.5090
G01 X15.8787Y48.4943
G01 X15.8642Y48.4865
G01 X15.8535Y48.4818
G00 Z3.0000
G00 X15.9350Y49.0014
G01 Z-0.2000
G01 X15.9301Y48.8966
G01 X15.9356Y48.7917
G01 X15.9513Y48.6879
G01 X15.9772Y48.5861
G01 X16.0128Y48.4874
G01 X16.0580Y48.3926
G01 X16.1120Y48.3032
G01 X16.1708Y48.2239
G01 X16.2410Y48.1459
G01 X16.3239Y48.0708
G01 X16.4084Y48.0085
G01 X16.4987Y47.9548
G01 X16.5937Y47.9102
G01 X16.6927Y47.8752
G01 X16.7935Y47.8502
G01 X16.8917Y47.8356
G01 X16.9966Y47.8301
G01 X17.1015Y47.8349
G01 X17.2121Y47.8513
G01 X17.3139Y47.8772
G01 X17.4126Y47.9128
G01 X17.5013Y47.9548
G01 X17.5916Y48.0085
G01 X17.6761Y48.0708
G01 X17.7590Y48.1459
G01 X17.8292Y48.2239
G01 X17.8877Y48.3027
G01 X17.9044Y48.3300
G01 X21.8200Y48.3300
G01 X21.8793Y48.3332
G01 X21.9278Y48.3404
G01 X21.9822Y48.3536
G01 X22.0413Y48.3748
G01 X22.0856Y48.3958
G01 X22.0978Y48.4027
G01 X22.1637Y48.3795
G01 X22.2740Y48.3521
G01 X22.3887Y48.3354
G01 X22.5034Y48.3301
G01 X22.6181Y48.3361
G01 X22.7249Y48.3519
G01 X22.8363Y48.3795
G01 X22.9509Y48.4205
G01 X23.0545Y48.4698
G01 X23.1528Y48.5292
G01 X23.2448Y48.5978
G01 X23.3297Y48.6752
G01 X23.4065Y48.7605
G01 X23.4708Y48.8472
G01 X23.5302Y48.9455
G01 X23.5795Y49.0491
G01 X23.6205Y49.1637
G01 X23.6479Y49.2740
G01 X23.6639Y49.3819
G01 X23.6699Y49.4966
G01 X23.6646Y49.6113
G01 X23.6481Y49.7249
G01 X23.6205Y49.8363
G01 X23.5822Y49.9445
G01 X23.5334Y50.0485
G01 X23.4712Y50.1524
G01 X23.4065Y50.2395
G01 X23.3297Y50.3248
G01 X23.2448Y50.4022
G01 X23.1528Y50.4708
G01 X23.0545Y50.5302
G01 X22.9509Y50.5795
G01 X22.8429Y50.6185
G01 X22.7260Y50.6479
G01 X22.6181Y50.6639
G01 X22.5034Y50.6699
G01 X22.3887Y50.6646
G01 X22.2751Y50.6481
G01 X22.1637Y50.6205
G01 X22.0555Y50.5822
G01 X21.9515Y50.5334
G01 X21.8476Y50.4712
G01 X21.7605Y50.4065
G01 X21.6752Y50.3297
G01 X21.5978Y50.2448
G01 X21.5292Y50.1528
G01 X21.4698Y50.0545
G01 X21.4205Y49.9509
G01 X21.3815Y49.8429
G01 X21.3521Y49.7260
G01 X21.3361Y49.6181
G01 X21.3301Y49.5034
G01 X21.3314Y49.4700
G01 X17.9044Y49.4700
G01 X17.8880Y49.4968
G01 X17.8292Y49.5761
G01 X17.7541Y49.6590
G01 X17.6761Y49.7292
G01 X17.5973Y49.7877
G01 X17.5013Y49.8452
G01 X17.4126Y49.8872
G01 X17.3139Y49.9228
G01 X17.2065Y49.9498
G01 X17.1015Y49.9651
G01 X16.9966Y49.9699
G01 X16.8985Y49.9651
G01 X16.7946Y49.9500
G01 X16.6927Y49.9248
G01 X16.5874Y49.8872
G01 X16.4926Y49.8420
G01 X16.4032Y49.7880
G01 X16.3186Y49.7249
G01 X16.2410Y49.6541
G01 X16.1708Y49.5761
G01 X16.1123Y49.4973
G01 X16.0580Y49.4074
G01 X16.0128Y49.3126
G01 X15.9772Y49.2139
G01 X15.9513Y49.1121
G01 X15.9350Y49.0014
G00 Z3.0000
G00 X16.4801Y47.8552
G01 Z-0.2000
G01 X16.6673Y47.6680
G01 X18.0801Y47.6680
G01 X18.1244Y47.7419
G01 X18.1336Y47.7556
G01 X18.1921Y47.8345
G01 X18.2025Y47.8472
G01 X18.2684Y47.9199
G01 X18.2801Y47.9316
G01 X18.3528Y47.9975
G01 X18.3655Y48.0079
G01 X18.4455Y48.0672
G01 X18.4581Y48.0756
G01 X18.5422Y48.1260
G01 X18.5568Y48.1338
G01 X18.6455Y48.1757
G01 X18.6607Y48.1821
G01 X18.7531Y48.2151
G01 X18.7689Y48.2199
G01 X18.8172Y48.2320
G01 X17.9572Y48.2320
G01 X17.9079Y48.1655
G01 X17.8975Y48.1528
G01 X17.8316Y48.0801
G01 X17.8199Y48.0684
G01 X17.7472Y48.0025
G01 X17.7345Y47.9921
G01 X17.6545Y47.9328
G01 X17.6419Y47.9244
G01 X17.5578Y47.8740
G01 X17.5432Y47.8662
G01 X17.4545Y47.8243
G01 X17.4393Y47.8179
G01 X17.3469Y47.7849
G01 X17.3311Y47.7801
G01 X17.2359Y47.7562
G01 X17.2197Y47.7530
G01 X17.1227Y47.7386
G01 X17.1063Y47.7370
G01 X17.0082Y47.7322
G01 X16.9918Y47.7322
G01 X16.8937Y47.7370
G01 X16.8773Y47.7386
G01 X16.7775Y47.7535
G01 X16.6689Y47.7801
G01 X16.6531Y47.7849
G01 X16.5607Y47.8179
G01 X16.5455Y47.8243
G01 X16.4801Y47.8552
G00 Z3.0000
G00 X17.5606Y47.7660
G01 Z-0.2000
G01 X18.0246Y47.7660
G01 X18.0404Y47.7923
G01 X18.0549Y47.8140
G01 X18.1133Y47.8928
G01 X18.1299Y47.9130
G01 X18.1958Y47.9857
G01 X18.2143Y48.0042
G01 X18.2870Y48.0701
G01 X18.2873Y48.0697
G01 X18.3072Y48.0867
G01 X18.3710Y48.1340
G01 X18.0066Y48.1340
G01 X17.9867Y48.1072
G01 X17.9701Y48.0870
G01 X17.9042Y48.0143
G01 X17.8857Y47.9958
G01 X17.8130Y47.9299
G01 X17.8127Y47.9303
G01 X17.7928Y47.9133
G01 X17.7123Y47.8536
G01 X17.6923Y47.8404
G01 X17.6081Y47.7899
G01 X17.5851Y47.7776
G01 X17.5606Y47.7660
G00 Z3.0000
G00 X17.8863Y47.8640
G01 Z-0.2000
G01 X17.9705Y47.8640
G01 X18.0346Y47.9512
G01 X18.0573Y47.9788
G01 X18.1091Y48.0360
G01 X18.0549Y48.0360
G01 X18.0427Y48.0212
G01 X17.9768Y47.9484
G01 X17.9516Y47.9232
G01 X17.8863Y47.8640
G00 Z3.0000
G00 X20.4726Y47.8400
G01 Z-0.2000
G01 X20.4882Y47.8108
G01 X20.5301Y47.7221
G01 X20.5511Y47.6713
G01 X20.5842Y47.5789
G01 X20.5836Y47.5787
G01 X20.5849Y47.5745
G01 X20.8504Y47.8400
G01 X20.4726Y47.8400
G00 Z3.0000
G00 X20.5335Y47.3845
G01 Z-0.2000
G01 X21.0869Y47.9380
G01 X20.2972Y47.9380
G01 X20.3048Y47.9277
G01 X20.3277Y47.8931
G01 X20.3782Y47.8089
G01 X20.3996Y47.7689
G01 X20.4415Y47.6802
G01 X20.4589Y47.6383
G01 X20.4919Y47.5459
G01 X20.4914Y47.5457
G01 X20.5051Y47.5025
G01 X20.5289Y47.4073
G01 X20.5335Y47.3845
G00 Z3.0000
G00 X21.3235Y48.0360
G01 Z-0.2000
G01 X20.0909Y48.0360
G01 X20.1427Y47.9788
G01 X20.1422Y47.9784
G01 X20.1654Y47.9512
G01 X20.2256Y47.8700
G01 X20.2437Y47.8427
G01 X20.2941Y47.7585
G01 X20.3110Y47.7270
G01 X20.3529Y47.6383
G01 X20.3666Y47.6053
G01 X20.3997Y47.5129
G01 X20.4100Y47.4787
G01 X20.4339Y47.3835
G01 X20.4408Y47.3485
G01 X20.4552Y47.2514
G01 X20.4587Y47.2159
G01 X20.4608Y47.1733
G01 X21.3235Y48.0360
G00 Z3.0000
G00 X21.5601Y48.1340
G01 Z-0.2000
G01 X19.8290Y48.1340
G01 X19.8928Y48.0867
G01 X19.9130Y48.0701
G01 X19.9857Y48.0042
G01 X20.0042Y47.9857
G01 X20.0701Y47.9130
G01 X20.0697Y47.9127
G01 X20.0867Y47.8928
G01 X20.1464Y47.8123
G01 X20.1596Y47.7923
G01 X20.2101Y47.7081
G01 X20.2224Y47.6851
G01 X20.2643Y47.5964
G01 X20.2743Y47.5723
G01 X20.3074Y47.4799
G01 X20.3150Y47.4549
G01 X20.3388Y47.3597
G01 X20.3439Y47.3341
G01 X20.3583Y47.2370
G01 X20.3609Y47.2111
G01 X20.3657Y47.1131
G01 X20.3657Y47.0869
G01 X20.3609Y46.9889
G01 X20.3583Y46.9630
G01 X20.3529Y46.9268
G01 X21.5601Y48.1340
G00 Z3.0000
G00 X21.7996Y48.2320
G01 Z-0.2000
G01 X19.3828Y48.2320
G01 X19.4311Y48.2199
G01 X19.4469Y48.2151
G01 X19.5393Y48.1821
G01 X19.5545Y48.1757
G01 X19.6432Y48.1338
G01 X19.6578Y48.1260
G01 X19.7419Y48.0756
G01 X19.7556Y48.0664
G01 X19.8345Y48.0079
G01 X19.8472Y47.9975
G01 X19.9199Y47.9316
G01 X19.9316Y47.9199
G01 X19.9975Y47.8472
G01 X20.0079Y47.8345
G01 X20.0672Y47.7545
G01 X20.0756Y47.7419
G01 X20.1260Y47.6578
G01 X20.1338Y47.6432
G01 X20.1757Y47.5545
G01 X20.1821Y47.5393
G01 X20.2151Y47.4469
G01 X20.2199Y47.4311
G01 X20.2438Y47.3359
G01 X20.2470Y47.3197
G01 X20.2614Y47.2227
G01 X20.2630Y47.2063
G01 X20.2678Y47.1082
G01 X20.2678Y47.0918
G01 X20.2630Y46.9937
G01 X20.2614Y46.9773
G01 X20.2470Y46.8803
G01 X20.2438Y46.8641
G01 X20.2199Y46.7689
G01 X20.2151Y46.7531
G01 X20.1821Y46.6607
G01 X20.1757Y46.6455
G01 X20.1448Y46.5801
G01 X21.7664Y48.2016
G01 X21.7996Y48.2320
G00 Z3.0000
G00 X23.1489Y48.4121
G01 Z-0.2000
G01 X23.1049Y48.3858
G01 X23.0692Y48.3680
G01 X23.1047Y48.3680
G01 X23.1489Y48.4121
G00 Z3.0000
G00 X23.8115Y47.1992
G01 Z-0.2000
G01 X23.8475Y47.1895
G01 X23.8743Y47.1796
G01 X23.9191Y47.1599
G01 X23.9451Y47.1454
G01 X23.9873Y47.1182
G01 X24.0097Y47.1005
G01 X24.0471Y47.0671
G01 X24.0665Y47.0461
G01 X24.0930Y47.0143
G01 X24.1141Y46.9835
G01 X24.1393Y46.9402
G01 X24.1513Y46.9142
G01 X24.1643Y46.8823
G01 X24.1772Y46.8400
G01 X24.1878Y46.7910
G01 X24.1899Y46.7734
G01 X24.1957Y46.8094
G01 X24.1999Y46.8286
G01 X24.2145Y46.8784
G01 X24.2274Y46.9120
G01 X24.2430Y46.9441
G01 X24.2524Y46.9613
G01 X24.2804Y47.0050
G01 X24.2922Y47.0207
G01 X24.3262Y47.0599
G01 X24.3401Y47.0738
G01 X24.3793Y47.1078
G01 X24.4056Y47.1272
G01 X24.4387Y47.1476
G01 X24.4559Y47.1570
G01 X24.5032Y47.1786
G01 X24.5395Y47.1917
G01 X24.5714Y47.2001
G01 X24.5906Y47.2043
G01 X24.6420Y47.2117
G01 X24.6875Y47.2140
G01 X24.9625Y47.2140
G01 X24.9911Y47.2129
G01 X25.0339Y47.2089
G01 X25.0690Y47.2022
G01 X25.1175Y47.1895
G01 X25.1443Y47.1796
G01 X25.1891Y47.1599
G01 X25.2151Y47.1454
G01 X25.2573Y47.1182
G01 X25.2797Y47.1005
G01 X25.3171Y47.0671
G01 X25.3310Y47.0521
G01 X25.3310Y48.0390
G01 X25.3319Y48.0658
G01 X25.3080Y48.0611
G01 X25.2012Y48.0452
G01 X25.1657Y48.0417
G01 X25.0579Y48.0364
G01 X25.0221Y48.0364
G01 X24.9143Y48.0417
G01 X24.9143Y48.0423
G01 X24.8788Y48.0452
G01 X24.7661Y48.0620
G01 X24.7370Y48.0680
G01 X24.6982Y48.0778
G01 X23.8802Y47.2598
G01 X23.8382Y47.2211
G01 X23.8377Y47.2216
G01 X23.8115Y47.1992
G00 Z3.0000
G00 X24.2863Y46.7510
G01 Z-0.2000
G01 X24.2875Y46.7652
G01 X24.2956Y46.8078
G01 X24.3063Y46.8442
G01 X24.3176Y46.8736
G01 X24.3290Y46.8971
G01 X24.3384Y46.9143
G01 X24.3589Y46.9462
G01 X24.3706Y46.9620
G01 X24.3955Y46.9906
G01 X24.4094Y47.0045
G01 X24.4380Y47.0294
G01 X24.4615Y47.0467
G01 X24.4857Y47.0616
G01 X24.5029Y47.0710
G01 X24.5374Y47.0868
G01 X24.5689Y47.0982
G01 X24.6114Y47.1085
G01 X24.6490Y47.1139
G01 X24.6875Y47.1160
G01 X24.9625Y47.1160
G01 X24.9834Y47.1152
G01 X25.0205Y47.1118
G01 X25.0461Y47.1070
G01 X25.0872Y47.0963
G01 X25.1068Y47.0890
G01 X25.1449Y47.0724
G01 X25.1823Y47.0505
G01 X25.1997Y47.0389
G01 X25.2161Y47.0260
G01 X25.2478Y46.9978
G01 X25.2760Y46.9661
G01 X25.2851Y46.9548
G01 X25.3005Y46.9323
G01 X25.3220Y46.8957
G01 X25.3308Y46.8767
G01 X25.3425Y46.8481
G01 X25.3519Y46.8171
G01 X25.3570Y46.7961
G01 X25.3610Y46.7756
G01 X25.3635Y46.7549
G01 X25.3660Y46.7125
G01 X25.3660Y45.3875
G01 X25.3635Y45.3451
G01 X25.3618Y45.3295
G01 X25.3570Y45.3039
G01 X25.3463Y45.2628
G01 X25.3390Y45.2432
G01 X25.3224Y45.2051
G01 X25.3118Y45.1861
G01 X25.2889Y45.1503
G01 X25.2620Y45.1175
G01 X25.2478Y45.1022
G01 X25.2161Y45.0740
G01 X25.2048Y45.0649
G01 X25.1823Y45.0495
G01 X25.1457Y45.0280
G01 X25.1267Y45.0192
G01 X25.0981Y45.0075
G01 X25.0671Y44.9981
G01 X25.0256Y44.9890
G01 X24.9834Y44.9848
G01 X24.9625Y44.9840
G01 X24.6875Y44.9840
G01 X24.6451Y44.9865
G01 X24.6295Y44.9882
G01 X24.6039Y44.9930
G01 X24.5628Y45.0037
G01 X24.5233Y45.0192
G01 X24.5051Y45.0276
G01 X24.4861Y45.0382
G01 X24.4503Y45.0611
G01 X24.4339Y45.0740
G01 X24.4022Y45.1022
G01 X24.3740Y45.1339
G01 X24.3649Y45.1452
G01 X24.3495Y45.1677
G01 X24.3280Y45.2043
G01 X24.3192Y45.2233
G01 X24.3075Y45.2519
G01 X24.2981Y45.2829
G01 X24.2930Y45.3039
G01 X24.2890Y45.3244
G01 X24.2865Y45.3451
G01 X24.2840Y45.3875
G01 X24.2840Y46.7125
G01 X24.2863Y46.7510
G00 Z3.0000
G00 X24.3840Y46.7440
G01 Z-0.2000
G01 X24.3847Y46.7530
G01 X24.3872Y46.7678
G01 X24.3914Y46.7869
G01 X24.3982Y46.8099
G01 X24.4078Y46.8353
G01 X24.4244Y46.8674
G01 X24.4373Y46.8875
G01 X24.4491Y46.9032
G01 X24.4648Y46.9213
G01 X24.4787Y46.9352
G01 X24.4968Y46.9509
G01 X24.5173Y46.9662
G01 X24.5326Y46.9756
G01 X24.5499Y46.9850
G01 X24.5717Y46.9950
G01 X24.5984Y47.0047
G01 X24.6322Y47.0128
G01 X24.6559Y47.0162
G01 X24.6875Y47.0180
G01 X24.9625Y47.0180
G01 X25.0070Y47.0147
G01 X25.0232Y47.0117
G01 X25.0569Y47.0030
G01 X25.0892Y46.9902
G01 X25.1007Y46.9850
G01 X25.1127Y46.9783
G01 X25.1421Y46.9597
G01 X25.1688Y46.9375
G01 X25.1785Y46.9285
G01 X25.1875Y46.9188
G01 X25.2072Y46.8953
G01 X25.2283Y46.8627
G01 X25.2347Y46.8512
G01 X25.2402Y46.8392
G01 X25.2507Y46.8138
G01 X25.2566Y46.7942
G01 X25.2617Y46.7732
G01 X25.2642Y46.7603
G01 X25.2658Y46.7472
G01 X25.2680Y46.7125
G01 X25.2680Y45.3875
G01 X25.2658Y45.3528
G01 X25.2617Y45.3268
G01 X25.2530Y45.2931
G01 X25.2485Y45.2807
G01 X25.2350Y45.2493
G01 X25.2283Y45.2373
G01 X25.2097Y45.2079
G01 X25.1875Y45.1812
G01 X25.1785Y45.1715
G01 X25.1524Y45.1485
G01 X25.1311Y45.1330
G01 X25.1012Y45.1153
G01 X25.0892Y45.1098
G01 X25.0638Y45.0993
G01 X25.0442Y45.0934
G01 X25.0232Y45.0883
G01 X25.0103Y45.0858
G01 X24.9757Y45.0825
G01 X24.6875Y45.0820
G01 X24.6528Y45.0842
G01 X24.6268Y45.0883
G01 X24.5931Y45.0970
G01 X24.5807Y45.1015
G01 X24.5493Y45.1150
G01 X24.5189Y45.1330
G01 X24.5079Y45.1403
G01 X24.4976Y45.1485
G01 X24.4715Y45.1715
G01 X24.4428Y45.2047
G01 X24.4217Y45.2373
G01 X24.4153Y45.2488
G01 X24.4098Y45.2608
G01 X24.3993Y45.2862
G01 X24.3934Y45.3058
G01 X24.3883Y45.3268
G01 X24.3858Y45.3397
G01 X24.3842Y45.3528
G01 X24.3820Y45.3875
G01 X24.3820Y46.7125
G01 X24.3840Y46.7440
G00 Z3.0000
G00 X24.4816Y46.7371
G01 Z-0.2000
G01 X24.4800Y46.7125
G01 X24.4800Y45.3875
G01 X24.4826Y45.3550
G01 X24.4912Y45.3205
G01 X24.5026Y45.2933
G01 X24.5166Y45.2701
G01 X24.5230Y45.2612
G01 X24.5408Y45.2408
G01 X24.5655Y45.2196
G01 X24.5885Y45.2053
G01 X24.5983Y45.2003
G01 X24.6182Y45.1921
G01 X24.6287Y45.1887
G01 X24.6564Y45.1824
G01 X24.6875Y45.1800
G01 X24.9625Y45.1800
G01 X24.9950Y45.1826
G01 X25.0295Y45.1912
G01 X25.0567Y45.2026
G01 X25.0858Y45.2206
G01 X25.1092Y45.2408
G01 X25.1270Y45.2612
G01 X25.1334Y45.2701
G01 X25.1475Y45.2935
G01 X25.1579Y45.3182
G01 X25.1613Y45.3287
G01 X25.1664Y45.3496
G01 X25.1681Y45.3605
G01 X25.1700Y45.3875
G01 X25.1700Y46.7125
G01 X25.1674Y46.7450
G01 X25.1588Y46.7795
G01 X25.1474Y46.8067
G01 X25.1334Y46.8299
G01 X25.1270Y46.8388
G01 X25.1092Y46.8592
G01 X25.0845Y46.8804
G01 X25.0615Y46.8947
G01 X25.0517Y46.8997
G01 X25.0266Y46.9098
G01 X24.9936Y46.9176
G01 X24.9625Y46.9200
G01 X24.6825Y46.9198
G01 X24.6629Y46.9184
G01 X24.6339Y46.9128
G01 X24.6059Y46.9032
G01 X24.5968Y46.8990
G01 X24.5732Y46.8857
G01 X24.5555Y46.8725
G01 X24.5480Y46.8659
G01 X24.5341Y46.8520
G01 X24.5158Y46.8288
G01 X24.5010Y46.8032
G01 X24.4900Y46.7757
G01 X24.4872Y46.7661
G01 X24.4830Y46.7469
G01 X24.4816Y46.7371
G00 Z3.0000
G00 X24.5277Y47.4915
G01 Z-0.2000
G01 X24.6210Y47.5049
G01 X24.6875Y47.5080
G01 X24.9625Y47.5080
G01 X25.0141Y47.5060
G01 X25.0356Y47.5043
G01 X25.0356Y47.5035
G01 X25.0370Y47.5034
G01 X25.0370Y47.7428
G01 X25.0077Y47.7428
G01 X24.8999Y47.7481
G01 X24.8999Y47.7492
G01 X24.8356Y47.7544
G01 X24.7965Y47.7602
G01 X24.5277Y47.4915
G00 Z3.0000
G00 X24.9390Y47.6481
G01 Z-0.2000
G01 X24.8951Y47.6502
G01 X24.8951Y47.6514
G01 X24.8315Y47.6566
G01 X24.7808Y47.6060
G01 X24.9390Y47.6060
G01 X24.9390Y47.6481
G00 Z3.0000
G00 X25.1350Y47.8440
G01 Z-0.2000
G01 X25.0675Y47.8407
G01 X25.0125Y47.8407
G01 X24.9047Y47.8460
G01 X24.9047Y47.8469
G01 X24.8500Y47.8514
G01 X24.7621Y47.8644
G01 X24.1425Y47.2449
G01 X24.1534Y47.2356
G01 X24.1901Y47.2010
G01 X24.2015Y47.2124
G01 X24.2619Y47.2647
G01 X24.2776Y47.2765
G01 X24.2780Y47.2759
G01 X24.2938Y47.2882
G01 X24.3448Y47.3197
G01 X24.3620Y47.3291
G01 X24.4347Y47.3623
G01 X24.4531Y47.3691
G01 X24.4533Y47.3686
G01 X24.4807Y47.3786
G01 X24.5297Y47.3916
G01 X24.5489Y47.3958
G01 X24.6280Y47.4072
G01 X24.6875Y47.4100
G01 X24.9625Y47.4100
G01 X25.0064Y47.4083
G01 X25.0607Y47.4030
G01 X25.1147Y47.3928
G01 X25.1350Y47.3880
G01 X25.1350Y47.8440
G00 Z3.0000
G00 X25.2330Y47.9509
G01 Z-0.2000
G01 X25.2156Y47.9483
G01 X25.1705Y47.9439
G01 X25.0627Y47.9386
G01 X25.0173Y47.9386
G01 X24.9095Y47.9439
G01 X24.9095Y47.9446
G01 X24.8644Y47.9483
G01 X24.7501Y47.9653
G01 X24.7288Y47.9697
G01 X23.9910Y47.2319
G01 X24.0147Y47.2177
G01 X24.0449Y47.1975
G01 X24.0734Y47.1750
G01 X24.0898Y47.1610
G01 X24.1164Y47.1364
G01 X24.1410Y47.1098
G01 X24.1550Y47.0934
G01 X24.1546Y47.0930
G01 X24.1709Y47.0738
G01 X24.1903Y47.0455
G01 X24.2020Y47.0637
G01 X24.2137Y47.0794
G01 X24.2569Y47.1292
G01 X24.2708Y47.1431
G01 X24.3206Y47.1863
G01 X24.3497Y47.2077
G01 X24.3917Y47.2337
G01 X24.4090Y47.2431
G01 X24.4689Y47.2704
G01 X24.5101Y47.2851
G01 X24.5506Y47.2959
G01 X24.5697Y47.3000
G01 X24.6350Y47.3094
G01 X24.6875Y47.3120
G01 X24.9625Y47.3120
G01 X24.9987Y47.3106
G01 X25.0203Y47.3089
G01 X25.0202Y47.3084
G01 X25.0473Y47.3060
G01 X25.0919Y47.2975
G01 X25.1128Y47.2925
G01 X25.1478Y47.2827
G01 X25.1818Y47.2701
G01 X25.2330Y47.2475
G01 X25.2330Y47.9509
G00 Z3.0000
G00 X25.6250Y48.0390
G01 Z-0.2000
G01 X25.6251Y46.0466
G01 X25.6277Y46.0005
G01 X25.6334Y45.9617
G01 X25.6443Y45.9169
G01 X25.6595Y45.8733
G01 X25.6790Y45.8315
G01 X25.7024Y45.7918
G01 X25.7296Y45.7545
G01 X25.7500Y45.7315
G01 X25.7500Y45.3875
G01 X25.7519Y45.3605
G01 X25.7536Y45.3496
G01 X25.7612Y45.3205
G01 X25.7726Y45.2933
G01 X25.7906Y45.2642
G01 X25.8070Y45.2448
G01 X25.8148Y45.2370
G01 X25.8312Y45.2230
G01 X25.8401Y45.2166
G01 X25.8635Y45.2025
G01 X25.8934Y45.1902
G01 X25.9264Y45.1824
G01 X25.9575Y45.1800
G01 X26.2325Y45.1800
G01 X26.2595Y45.1819
G01 X26.2704Y45.1836
G01 X26.2995Y45.1912
G01 X26.3267Y45.2026
G01 X26.3558Y45.2206
G01 X26.3752Y45.2370
G01 X26.3830Y45.2448
G01 X26.3970Y45.2612
G01 X26.4034Y45.2701
G01 X26.4175Y45.2935
G01 X26.4298Y45.3234
G01 X26.4376Y45.3564
G01 X26.4400Y45.3875
G01 X26.4400Y45.7315
G01 X26.4604Y45.7545
G01 X26.4876Y45.7918
G01 X26.5078Y45.8255
G01 X26.5278Y45.8670
G01 X26.5457Y45.9169
G01 X26.5564Y45.9606
G01 X26.5623Y46.0005
G01 X26.5650Y46.0500
G01 X26.5650Y47.8443
G01 X27.1377Y48.4170
G01 X27.2437Y48.3795
G01 X27.3540Y48.3521
G01 X27.4619Y48.3361
G01 X27.5766Y48.3301
G01 X27.6981Y48.3361
G01 X27.8049Y48.3519
G01 X27.9163Y48.3795
G01 X28.0309Y48.4205
G01 X28.1345Y48.4698
G01 X28.2324Y48.5288
G01 X28.3195Y48.5935
G01 X28.4048Y48.6703
G01 X28.4865Y48.7605
G01 X28.5508Y48.8472
G01 X28.6102Y48.9455
G01 X28.6595Y49.0491
G01 X28.6985Y49.1571
G01 X28.7279Y49.2740
G01 X28.7439Y49.3819
G01 X28.7499Y49.5034
G01 X28.7439Y49.6181
G01 X28.7268Y49.7316
G01 X28.7005Y49.8363
G01 X28.6622Y49.9445
G01 X28.6102Y50.0545
G01 X28.5512Y50.1524
G01 X28.4865Y50.2395
G01 X28.4097Y50.3248
G01 X28.3248Y50.4022
G01 X28.2328Y50.4708
G01 X28.1345Y50.5302
G01 X28.0309Y50.5795
G01 X27.9229Y50.6185
G01 X27.8060Y50.6479
G01 X27.6981Y50.6639
G01 X27.5834Y50.6699
G01 X27.4687Y50.6646
G01 X27.3551Y50.6481
G01 X27.2437Y50.6205
G01 X27.1355Y50.5822
G01 X27.0315Y50.5334
G01 X26.9276Y50.4712
G01 X26.8405Y50.4065
G01 X26.7552Y50.3297
G01 X26.6778Y50.2448
G01 X26.6053Y50.1471
G01 X26.5498Y50.0545
G01 X26.5005Y49.9509
G01 X26.4595Y49.8363
G01 X26.4321Y49.7260
G01 X26.4161Y49.6181
G01 X26.4101Y49.4966
G01 X26.4161Y49.3819
G01 X26.4319Y49.2751
G01 X26.4595Y49.1637
G01 X26.4844Y49.0931
G01 X25.7627Y48.3713
G01 X25.7296Y48.3345
G01 X25.7062Y48.3029
G01 X25.6822Y48.2635
G01 X25.6622Y48.2220
G01 X25.6463Y48.1787
G01 X25.6334Y48.1273
G01 X25.6270Y48.0816
G01 X25.6250Y48.0390
G00 Z3.0000
G00 X26.3361Y49.7454
G01 Z-0.2000
G01 X26.3182Y49.7439
G01 X26.3018Y49.7439
G01 X26.2838Y49.7455
G01 X26.3009Y49.6325
G01 X26.3025Y49.6161
G01 X26.3078Y49.5082
G01 X26.3078Y49.4918
G01 X26.3025Y49.3839
G01 X26.3009Y49.3675
G01 X26.2846Y49.2580
G01 X26.2556Y49.1399
G01 X26.2508Y49.1241
G01 X26.2144Y49.0225
G01 X26.2081Y49.0072
G01 X26.1614Y48.9087
G01 X26.3712Y49.1185
G01 X26.3644Y49.1399
G01 X26.3382Y49.2446
G01 X26.3350Y49.2607
G01 X26.3191Y49.3675
G01 X26.3175Y49.3839
G01 X26.3122Y49.4918
G01 X26.3122Y49.5082
G01 X26.3175Y49.6161
G01 X26.3191Y49.6325
G01 X26.3361Y49.7454
G00 Z3.0000
G00 X23.7961Y49.7454
G01 Z-0.2000
G01 X23.7782Y49.7439
G01 X23.7618Y49.7439
G01 X23.7438Y49.7455
G01 X23.7609Y49.6325
G01 X23.7625Y49.6161
G01 X23.7678Y49.5082
G01 X23.7678Y49.4918
G01 X23.7625Y49.3839
G01 X23.7609Y49.3675
G01 X23.7450Y49.2607
G01 X23.7418Y49.2446
G01 X23.7156Y49.1399
G01 X23.7108Y49.1241
G01 X23.6744Y49.0225
G01 X23.6681Y49.0072
G01 X23.6220Y48.9096
G01 X23.6142Y48.8951
G01 X23.5879Y48.8511
G01 X23.8375Y49.1008
G01 X23.8244Y49.1399
G01 X23.7982Y49.2446
G01 X23.7950Y49.2607
G01 X23.7791Y49.3675
G01 X23.7775Y49.3839
G01 X23.7722Y49.4918
G01 X23.7722Y49.5082
G01 X23.7775Y49.6161
G01 X23.7791Y49.6325
G01 X23.7961Y49.7454
G00 Z3.0000
G00 X22.2576Y46.2547
G01 Z-0.2000
G01 X22.2843Y46.2537
G01 X22.3234Y46.2506
G01 X22.3234Y46.2497
G01 X22.3677Y46.2458
G01 X22.3962Y46.2404
G01 X22.4054Y46.2708
G01 X22.4186Y46.3078
G01 X22.4470Y46.3763
G01 X22.4638Y46.4118
G01 X22.4988Y46.4772
G01 X22.5231Y46.5170
G01 X22.5231Y46.5203
G01 X22.2576Y46.2547
G00 Z3.0000
G00 X22.0222Y46.1580
G01 Z-0.2000
G01 X22.2250Y46.1580
G01 X22.2766Y46.1560
G01 X22.3157Y46.1529
G01 X22.3157Y46.1521
G01 X22.3543Y46.1487
G01 X22.4177Y46.1367
G01 X22.4666Y46.1245
G01 X22.4789Y46.1760
G01 X22.4977Y46.2378
G01 X22.5109Y46.2747
G01 X22.5356Y46.3344
G01 X22.5524Y46.3699
G01 X22.5828Y46.4268
G01 X22.6030Y46.4605
G01 X22.6209Y46.4873
G01 X22.6220Y46.7156
G01 X22.6230Y46.7420
G01 X22.6062Y46.7420
G01 X22.0222Y46.1580
G00 Z3.0000
G00 X21.7856Y46.0600
G01 Z-0.2000
G01 X22.2250Y46.0600
G01 X22.2689Y46.0583
G01 X22.3080Y46.0552
G01 X22.3080Y46.0546
G01 X22.3408Y46.0516
G01 X22.3948Y46.0414
G01 X22.4330Y46.0323
G01 X22.4753Y46.0204
G01 X22.5166Y46.0051
G01 X22.5457Y45.9931
G01 X22.5480Y46.0214
G01 X22.5537Y46.0602
G01 X22.5645Y46.1141
G01 X22.5740Y46.1522
G01 X22.5900Y46.2048
G01 X22.6032Y46.2417
G01 X22.6242Y46.2925
G01 X22.6410Y46.3280
G01 X22.6669Y46.3765
G01 X22.6871Y46.4101
G01 X22.7188Y46.4574
G01 X22.7200Y46.7151
G01 X22.7228Y46.7720
G01 X22.7234Y46.7720
G01 X22.7258Y46.8019
G01 X22.7323Y46.8400
G01 X22.5656Y46.8400
G01 X21.7856Y46.0600
G00 Z3.0000
G00 X21.5491Y45.9620
G01 Z-0.2000
G01 X22.2250Y45.9620
G01 X22.2612Y45.9606
G01 X22.3274Y45.9546
G01 X22.3720Y45.9462
G01 X22.4101Y45.9370
G01 X22.4450Y45.9272
G01 X22.4791Y45.9146
G01 X22.5153Y45.8996
G01 X22.5469Y45.8851
G01 X22.5799Y45.8667
G01 X22.6133Y45.8462
G01 X22.6380Y45.8297
G01 X22.6386Y45.9227
G01 X22.6405Y45.9619
G01 X22.6412Y45.9618
G01 X22.6449Y46.0070
G01 X22.6519Y46.0533
G01 X22.6595Y46.0903
G01 X22.6691Y46.1284
G01 X22.6822Y46.1718
G01 X22.6955Y46.2087
G01 X22.7128Y46.2506
G01 X22.7296Y46.2861
G01 X22.7510Y46.3261
G01 X22.7711Y46.3597
G01 X22.7963Y46.3974
G01 X22.8167Y46.4249
G01 X22.8180Y46.7146
G01 X22.8206Y46.7650
G01 X22.8230Y46.7896
G01 X22.8300Y46.8303
G01 X22.8341Y46.8494
G01 X22.8527Y46.9127
G01 X22.8627Y46.9380
G01 X22.5251Y46.9380
G01 X21.5491Y45.9620
G00 Z3.0000
G00 X21.3125Y45.8640
G01 Z-0.2000
G01 X22.2250Y45.8640
G01 X22.2536Y45.8629
G01 X22.2927Y45.8598
G01 X22.3140Y45.8575
G01 X22.3491Y45.8509
G01 X22.3872Y45.8417
G01 X22.4147Y45.8339
G01 X22.4416Y45.8241
G01 X22.4778Y45.8090
G01 X22.5027Y45.7976
G01 X22.5287Y45.7831
G01 X22.5621Y45.7626
G01 X22.5859Y45.7467
G01 X22.6083Y45.7290
G01 X22.6382Y45.7036
G01 X22.6592Y45.6842
G01 X22.6786Y45.6632
G01 X22.7040Y45.6333
G01 X22.7165Y45.6179
G01 X22.7360Y45.5895
G01 X22.7364Y45.9179
G01 X22.7384Y45.9571
G01 X22.7390Y45.9570
G01 X22.7419Y45.9926
G01 X22.7486Y46.0374
G01 X22.7546Y46.0665
G01 X22.7641Y46.1046
G01 X22.7745Y46.1387
G01 X22.7877Y46.1757
G01 X22.8014Y46.2087
G01 X22.8182Y46.2442
G01 X22.8350Y46.2757
G01 X22.8552Y46.3094
G01 X22.8750Y46.3391
G01 X22.8984Y46.3706
G01 X22.9145Y46.3902
G01 X22.9160Y46.7142
G01 X22.9169Y46.7385
G01 X22.9202Y46.7774
G01 X22.9257Y46.8094
G01 X22.9299Y46.8286
G01 X22.9445Y46.8784
G01 X22.9574Y46.9120
G01 X22.9730Y46.9441
G01 X22.9824Y46.9613
G01 X23.0104Y47.0050
G01 X23.0222Y47.0207
G01 X23.0355Y47.0360
G01 X22.4845Y47.0360
G01 X21.3125Y45.8640
G00 Z3.0000
G00 X21.0759Y45.7660
G01 Z-0.2000
G01 X22.2250Y45.7660
G01 X22.2459Y45.7652
G01 X22.3006Y45.7604
G01 X22.3262Y45.7556
G01 X22.3644Y45.7464
G01 X22.3845Y45.7407
G01 X22.4040Y45.7335
G01 X22.4585Y45.7102
G01 X22.4775Y45.6996
G01 X22.5109Y45.6791
G01 X22.5283Y45.6675
G01 X22.5447Y45.6545
G01 X22.5745Y45.6290
G01 X22.5899Y45.6149
G01 X22.6040Y45.5995
G01 X22.6295Y45.5697
G01 X22.6386Y45.5584
G01 X22.6541Y45.5359
G01 X22.6746Y45.5025
G01 X22.6848Y45.4843
G01 X22.6935Y45.4653
G01 X22.7120Y45.4203
G01 X22.7214Y45.3894
G01 X22.7306Y45.3512
G01 X22.7346Y45.3307
G01 X22.7371Y45.3100
G01 X22.7402Y45.2709
G01 X22.7410Y45.2500
G01 X22.7410Y45.1829
G01 X22.8340Y45.2759
G01 X22.8340Y45.9000
G01 X22.8362Y45.9523
G01 X22.8388Y45.9782
G01 X22.8452Y46.0214
G01 X22.8497Y46.0427
G01 X22.8592Y46.0807
G01 X22.8668Y46.1057
G01 X22.8800Y46.1427
G01 X22.8900Y46.1668
G01 X22.9068Y46.2023
G01 X22.9191Y46.2253
G01 X22.9393Y46.2590
G01 X22.9538Y46.2807
G01 X22.9771Y46.3122
G01 X22.9937Y46.3324
G01 X23.0123Y46.3529
G01 X23.0140Y46.7137
G01 X23.0161Y46.7510
G01 X23.0175Y46.7652
G01 X23.0256Y46.8078
G01 X23.0363Y46.8442
G01 X23.0476Y46.8736
G01 X23.0590Y46.8971
G01 X23.0684Y46.9143
G01 X23.0889Y46.9462
G01 X23.1006Y46.9620
G01 X23.1255Y46.9906
G01 X23.1394Y47.0045
G01 X23.1680Y47.0294
G01 X23.1915Y47.0467
G01 X23.2157Y47.0616
G01 X23.2329Y47.0710
G01 X23.2674Y47.0868
G01 X23.2989Y47.0982
G01 X23.3414Y47.1085
G01 X23.3790Y47.1139
G01 X23.4175Y47.1160
G01 X23.6925Y47.1160
G01 X23.7134Y47.1152
G01 X23.7505Y47.1118
G01 X23.7761Y47.1070
G01 X23.8172Y47.0963
G01 X23.8368Y47.0890
G01 X23.8749Y47.0724
G01 X23.8939Y47.0618
G01 X23.9297Y47.0389
G01 X23.9461Y47.0260
G01 X23.9778Y46.9978
G01 X23.9920Y46.9825
G01 X24.0151Y46.9548
G01 X24.0305Y46.9323
G01 X24.0520Y46.8957
G01 X24.0608Y46.8767
G01 X24.0725Y46.8481
G01 X24.0819Y46.8171
G01 X24.0870Y46.7961
G01 X24.0910Y46.7756
G01 X24.0935Y46.7549
G01 X24.0960Y46.7125
G01 X24.0960Y46.1964
G01 X24.1100Y46.1668
G01 X24.1200Y46.1427
G01 X24.1332Y46.1057
G01 X24.1408Y46.0807
G01 X24.1503Y46.0427
G01 X24.1554Y46.0171
G01 X24.1612Y45.9782
G01 X24.1638Y45.9523
G01 X24.1657Y45.9131
G01 X24.1660Y44.4759
G01 X24.3759Y44.2660
G01 X30.5090Y44.2660
G01 X30.5090Y45.7705
G01 X30.4982Y45.7477
G01 X30.4859Y45.7247
G01 X30.4657Y45.6910
G01 X30.4460Y45.6622
G01 X30.4460Y45.3875
G01 X30.4439Y45.3490
G01 X30.4425Y45.3348
G01 X30.4344Y45.2922
G01 X30.4237Y45.2558
G01 X30.4124Y45.2264
G01 X30.4010Y45.2029
G01 X30.3916Y45.1857
G01 X30.3711Y45.1538
G01 X30.3594Y45.1380
G01 X30.3345Y45.1094
G01 X30.3206Y45.0955
G01 X30.2920Y45.0706
G01 X30.2762Y45.0589
G01 X30.2685Y45.0533
G01 X30.2443Y45.0384
G01 X30.2271Y45.0290
G01 X30.1926Y45.0132
G01 X30.1611Y45.0018
G01 X30.1186Y44.9915
G01 X30.0810Y44.9861
G01 X30.0425Y44.9840
G01 X29.7675Y44.9840
G01 X29.7466Y44.9848
G01 X29.7095Y44.9882
G01 X29.6839Y44.9930
G01 X29.6428Y45.0037
G01 X29.6033Y45.0192
G01 X29.5851Y45.0276
G01 X29.5477Y45.0495
G01 X29.5303Y45.0611
G01 X29.5139Y45.0740
G01 X29.4822Y45.1022
G01 X29.4680Y45.1175
G01 X29.4449Y45.1452
G01 X29.4295Y45.1677
G01 X29.4080Y45.2043
G01 X29.3992Y45.2233
G01 X29.3875Y45.2519
G01 X29.3781Y45.2829
G01 X29.3690Y45.3244
G01 X29.3665Y45.3451
G01 X29.3641Y45.3840
G01 X29.1759Y45.3840
G01 X29.1725Y45.3348
G01 X29.1644Y45.2922
G01 X29.1537Y45.2558
G01 X29.1424Y45.2264
G01 X29.1310Y45.2029
G01 X29.1216Y45.1857
G01 X29.1011Y45.1538
G01 X29.0894Y45.1380
G01 X29.0645Y45.1094
G01 X29.0506Y45.0955
G01 X29.0220Y45.0706
G01 X29.0062Y45.0589
G01 X28.9985Y45.0533
G01 X28.9743Y45.0384
G01 X28.9571Y45.0290
G01 X28.9226Y45.0132
G01 X28.8911Y45.0018
G01 X28.8486Y44.9915
G01 X28.8110Y44.9861
G01 X28.7725Y44.9840
G01 X28.4975Y44.9840
G01 X28.4620Y44.9860
G01 X28.4443Y44.9598
G01 X28.4244Y44.9360
G01 X28.4023Y44.9143
G01 X28.4020Y44.9146
G01 X28.3764Y44.8935
G01 X28.3523Y44.8777
G01 X28.3248Y44.8633
G01 X28.2961Y44.8517
G01 X28.2664Y44.8429
G01 X28.2359Y44.8371
G01 X28.2099Y44.8346
G01 X28.1920Y44.8340
G01 X27.0500Y44.8340
G01 X27.0320Y44.8346
G01 X27.0061Y44.8371
G01 X26.9709Y44.8441
G01 X26.9413Y44.8534
G01 X26.9171Y44.8633
G01 X26.8897Y44.8777
G01 X26.8598Y44.8977
G01 X26.8396Y44.9143
G01 X26.8213Y44.9321
G01 X26.8143Y44.9396
G01 X26.8146Y44.9400
G01 X26.7977Y44.9598
G01 X26.7777Y44.9897
G01 X26.7633Y45.0171
G01 X26.7534Y45.0413
G01 X26.7429Y45.0756
G01 X26.7371Y45.1061
G01 X26.7346Y45.1320
G01 X26.7340Y45.1500
G01 X26.7340Y45.8633
G01 X26.7282Y45.8443
G01 X26.7150Y45.8073
G01 X26.7050Y45.7832
G01 X26.6882Y45.7477
G01 X26.6759Y45.7247
G01 X26.6557Y45.6910
G01 X26.6360Y45.6622
G01 X26.6360Y45.3875
G01 X26.6352Y45.3666
G01 X26.6318Y45.3295
G01 X26.6270Y45.3039
G01 X26.6163Y45.2628
G01 X26.6090Y45.2432
G01 X26.5924Y45.2051
G01 X26.5818Y45.1861
G01 X26.5589Y45.1503
G01 X26.5320Y45.1175
G01 X26.5178Y45.1022
G01 X26.5025Y45.0880
G01 X26.4748Y45.0649
G01 X26.4523Y45.0495
G01 X26.4157Y45.0280
G01 X26.3967Y45.0192
G01 X26.3681Y45.0075
G01 X26.3371Y44.9981
G01 X26.2956Y44.9890
G01 X26.2749Y44.9865
G01 X26.2325Y44.9840
G01 X25.9575Y44.9840
G01 X25.9366Y44.9848
G01 X25.8995Y44.9882
G01 X25.8739Y44.9930
G01 X25.8529Y44.9981
G01 X25.8328Y45.0037
G01 X25.8132Y45.0110
G01 X25.7751Y45.0276
G01 X25.7561Y45.0382
G01 X25.7203Y45.0611
G01 X25.7039Y45.0740
G01 X25.6722Y45.1022
G01 X25.6580Y45.1175
G01 X25.6349Y45.1452
G01 X25.6195Y45.1677
G01 X25.5980Y45.2043
G01 X25.5892Y45.2233
G01 X25.5775Y45.2519
G01 X25.5681Y45.2829
G01 X25.5590Y45.3244
G01 X25.5548Y45.3666
G01 X25.5540Y45.3875
G01 X25.5540Y45.6622
G01 X25.5343Y45.6910
G01 X25.5141Y45.7247
G01 X25.5018Y45.7477
G01 X25.4850Y45.7832
G01 X25.4750Y45.8073
G01 X25.4618Y45.8443
G01 X25.4542Y45.8693
G01 X25.4447Y45.9073
G01 X25.4396Y45.9329
G01 X25.4338Y45.9718
G01 X25.4312Y45.9977
G01 X25.4290Y46.0500
G01 X25.4290Y48.0390
G01 X25.4312Y48.0913
G01 X25.4338Y48.1172
G01 X25.4402Y48.1604
G01 X25.4485Y48.1971
G01 X25.4239Y48.1893
G01 X25.3192Y48.1631
G01 X25.2936Y48.1580
G01 X25.1868Y48.1422
G01 X25.1609Y48.1396
G01 X25.0531Y48.1343
G01 X25.0269Y48.1343
G01 X24.9191Y48.1396
G01 X24.8932Y48.1422
G01 X24.7820Y48.1587
G01 X24.7608Y48.1631
G01 X24.6682Y48.1863
G01 X23.8015Y47.3201
G01 X23.7724Y47.2937
G01 X23.7721Y47.2941
G01 X23.7522Y47.2771
G01 X23.7189Y47.2525
G01 X23.6990Y47.2393
G01 X23.6653Y47.2191
G01 X23.6423Y47.2068
G01 X23.6068Y47.1900
G01 X23.5827Y47.1800
G01 X23.5457Y47.1668
G01 X23.5207Y47.1592
G01 X23.4827Y47.1497
G01 X23.4571Y47.1446
G01 X23.4182Y47.1388
G01 X23.3923Y47.1362
G01 X23.3531Y47.1343
G01 X22.4439Y47.1340
G01 X21.0759Y45.7660
G00 Z3.0000
G00 X20.8007Y45.6294
G01 Z-0.2000
G01 X20.8390Y45.6451
G01 X20.8585Y45.6511
G01 X20.8967Y45.6603
G01 X20.9096Y45.6629
G01 X20.9227Y45.6644
G01 X20.9750Y45.6680
G01 X22.2250Y45.6680
G01 X22.2871Y45.6633
G01 X22.3033Y45.6603
G01 X22.3542Y45.6475
G01 X22.3665Y45.6430
G01 X22.4143Y45.6227
G01 X22.4597Y45.5955
G01 X22.4707Y45.5882
G01 X22.4811Y45.5800
G01 X22.5206Y45.5456
G01 X22.5550Y45.5061
G01 X22.5705Y45.4847
G01 X22.5974Y45.4398
G01 X22.6201Y45.3860
G01 X22.6261Y45.3665
G01 X22.6379Y45.3154
G01 X22.6425Y45.2632
G01 X22.6430Y45.2500
G01 X22.6430Y45.0680
G01 X22.7647Y45.0680
G01 X22.9320Y45.2353
G01 X22.9320Y45.9000
G01 X22.9341Y45.9475
G01 X22.9357Y45.9639
G01 X22.9419Y46.0054
G01 X22.9543Y46.0569
G01 X22.9590Y46.0727
G01 X22.9723Y46.1097
G01 X22.9786Y46.1249
G01 X22.9954Y46.1604
G01 X23.0031Y46.1749
G01 X23.0233Y46.2086
G01 X23.0325Y46.2223
G01 X23.0559Y46.2538
G01 X23.0663Y46.2666
G01 X23.0927Y46.2957
G01 X23.1120Y46.3143
G01 X23.1124Y46.7245
G01 X23.1147Y46.7530
G01 X23.1214Y46.7869
G01 X23.1282Y46.8099
G01 X23.1378Y46.8353
G01 X23.1450Y46.8501
G01 X23.1544Y46.8674
G01 X23.1673Y46.8875
G01 X23.1791Y46.9032
G01 X23.1948Y46.9213
G01 X23.2087Y46.9352
G01 X23.2268Y46.9509
G01 X23.2473Y46.9662
G01 X23.2626Y46.9756
G01 X23.2799Y46.9850
G01 X23.3017Y46.9950
G01 X23.3284Y47.0047
G01 X23.3622Y47.0128
G01 X23.3859Y47.0162
G01 X23.4175Y47.0180
G01 X23.6925Y47.0180
G01 X23.7370Y47.0147
G01 X23.7532Y47.0117
G01 X23.7869Y47.0030
G01 X23.7993Y46.9985
G01 X23.8307Y46.9850
G01 X23.8427Y46.9783
G01 X23.8721Y46.9597
G01 X23.8824Y46.9515
G01 X23.9085Y46.9285
G01 X23.9372Y46.8953
G01 X23.9470Y46.8811
G01 X23.9647Y46.8512
G01 X23.9807Y46.8138
G01 X23.9866Y46.7942
G01 X23.9942Y46.7603
G01 X23.9958Y46.7472
G01 X23.9980Y46.7125
G01 X23.9980Y46.1728
G01 X24.0046Y46.1604
G01 X24.0214Y46.1249
G01 X24.0277Y46.1097
G01 X24.0410Y46.0727
G01 X24.0457Y46.0569
G01 X24.0553Y46.0189
G01 X24.0585Y46.0027
G01 X24.0643Y45.9639
G01 X24.0659Y45.9475
G01 X24.0678Y45.9082
G01 X24.0680Y44.4353
G01 X24.3353Y44.1680
G01 X30.6070Y44.1680
G01 X30.6070Y46.0500
G01 X30.6091Y46.0975
G01 X30.6107Y46.1139
G01 X30.6169Y46.1554
G01 X30.6197Y46.1689
G01 X30.6293Y46.2069
G01 X30.6340Y46.2227
G01 X30.6473Y46.2597
G01 X30.6536Y46.2749
G01 X30.6704Y46.3104
G01 X30.6781Y46.3249
G01 X30.6983Y46.3586
G01 X30.7075Y46.3723
G01 X30.7320Y46.4052
G01 X30.7320Y46.7125
G01 X30.7353Y46.7570
G01 X30.7434Y46.7942
G01 X30.7470Y46.8069
G01 X30.7515Y46.8193
G01 X30.7650Y46.8507
G01 X30.7717Y46.8627
G01 X30.7903Y46.8921
G01 X30.7985Y46.9024
G01 X30.8215Y46.9285
G01 X30.8476Y46.9515
G01 X30.8689Y46.9670
G01 X30.8988Y46.9847
G01 X30.9362Y47.0007
G01 X30.9558Y47.0066
G01 X30.9897Y47.0142
G01 X31.0028Y47.0158
G01 X31.0375Y47.0180
G01 X31.3125Y47.0180
G01 X31.3472Y47.0158
G01 X31.3732Y47.0117
G01 X31.4069Y47.0030
G01 X31.4193Y46.9985
G01 X31.4507Y46.9850
G01 X31.4627Y46.9783
G01 X31.4921Y46.9597
G01 X31.5024Y46.9515
G01 X31.5285Y46.9285
G01 X31.5515Y46.9024
G01 X31.5670Y46.8811
G01 X31.5847Y46.8512
G01 X31.5902Y46.8392
G01 X31.6007Y46.8138
G01 X31.6066Y46.7942
G01 X31.6117Y46.7732
G01 X31.6142Y46.7603
G01 X31.6175Y46.7257
G01 X31.6180Y46.4052
G01 X31.6433Y46.3712
G01 X31.6517Y46.3586
G01 X31.6719Y46.3249
G01 X31.6796Y46.3104
G01 X31.6964Y46.2749
G01 X31.7027Y46.2597
G01 X31.7160Y46.2227
G01 X31.7207Y46.2069
G01 X31.7303Y46.1689
G01 X31.7335Y46.1527
G01 X31.7393Y46.1139
G01 X31.7409Y46.0975
G01 X31.7430Y46.0500
G01 X31.7430Y44.1680
G01 X38.6535Y44.1680
G01 X38.6422Y44.1740
G01 X38.5581Y44.2244
G01 X38.5444Y44.2336
G01 X38.4655Y44.2921
G01 X38.4528Y44.3025
G01 X38.3801Y44.3684
G01 X38.3684Y44.3801
G01 X38.3025Y44.4528
G01 X38.2921Y44.4655
G01 X38.2328Y44.5455
G01 X38.2244Y44.5581
G01 X38.1740Y44.6422
G01 X38.1662Y44.6568
G01 X38.1243Y44.7455
G01 X38.1179Y44.7607
G01 X38.0849Y44.8531
G01 X38.0801Y44.8689
G01 X38.0562Y44.9641
G01 X38.0530Y44.9803
G01 X38.0386Y45.0773
G01 X38.0370Y45.0937
G01 X38.0322Y45.1918
G01 X38.0334Y45.2320
G01 X32.8450Y45.2320
G01 X32.8297Y45.2079
G01 X32.8215Y45.1976
G01 X32.7985Y45.1715
G01 X32.7724Y45.1485
G01 X32.7511Y45.1330
G01 X32.7212Y45.1153
G01 X32.6838Y45.0993
G01 X32.6642Y45.0934
G01 X32.6303Y45.0858
G01 X32.6172Y45.0842
G01 X32.5825Y45.0820
G01 X32.3075Y45.0820
G01 X32.2728Y45.0842
G01 X32.2468Y45.0883
G01 X32.2131Y45.0970
G01 X32.2007Y45.1015
G01 X32.1693Y45.1150
G01 X32.1389Y45.1330
G01 X32.1279Y45.1403
G01 X32.1176Y45.1485
G01 X32.0915Y45.1715
G01 X32.0628Y45.2047
G01 X32.0530Y45.2189
G01 X32.0353Y45.2488
G01 X32.0193Y45.2862
G01 X32.0134Y45.3058
G01 X32.0058Y45.3397
G01 X32.0025Y45.3743
G01 X32.0020Y45.5272
G01 X31.9954Y45.5396
G01 X31.9786Y45.5751
G01 X31.9723Y45.5903
G01 X31.9591Y45.6273
G01 X31.9543Y45.6431
G01 X31.9447Y45.6811
G01 X31.9415Y45.6973
G01 X31.9358Y45.7361
G01 X31.9341Y45.7525
G01 X31.9322Y45.7917
G01 X31.9322Y45.8082
G01 X31.9341Y45.8474
G01 X31.9358Y45.8638
G01 X31.9419Y45.9054
G01 X31.9543Y45.9569
G01 X31.9591Y45.9727
G01 X31.9723Y46.0097
G01 X31.9786Y46.0249
G01 X31.9954Y46.0604
G01 X32.0020Y46.0728
G01 X32.0020Y46.7125
G01 X32.0042Y46.7472
G01 X32.0083Y46.7732
G01 X32.0170Y46.8069
G01 X32.0298Y46.8392
G01 X32.0350Y46.8507
G01 X32.0417Y46.8627
G01 X32.0603Y46.8921
G01 X32.0825Y46.9188
G01 X32.0915Y46.9285
G01 X32.1012Y46.9375
G01 X32.1247Y46.9572
G01 X32.1573Y46.9783
G01 X32.1688Y46.9847
G01 X32.1808Y46.9902
G01 X32.2062Y47.0007
G01 X32.2258Y47.0066
G01 X32.2468Y47.0117
G01 X32.2597Y47.0142
G01 X32.2728Y47.0158
G01 X32.3075Y47.0180
G01 X32.5957Y47.0175
G01 X32.6270Y47.0147
G01 X32.6432Y47.0117
G01 X32.6769Y47.0030
G01 X32.6893Y46.9985
G01 X32.7207Y46.9850
G01 X32.7327Y46.9783
G01 X32.7621Y46.9597
G01 X32.7724Y46.9515
G01 X32.7985Y46.9285
G01 X32.8215Y46.9024
G01 X32.8370Y46.8811
G01 X32.8483Y46.8627
G01 X32.8547Y46.8512
G01 X32.8602Y46.8392
G01 X32.8707Y46.8138
G01 X32.8766Y46.7942
G01 X32.8842Y46.7603
G01 X32.8858Y46.7472
G01 X32.8880Y46.7125
G01 X32.8880Y46.3680
G01 X34.3170Y46.3680
G01 X34.2900Y46.3890
G01 X34.2477Y46.4277
G01 X32.4202Y48.2551
G01 X32.4046Y48.2582
G01 X32.2999Y48.2844
G01 X32.2841Y48.2892
G01 X32.2240Y48.3107
G01 X31.3116Y47.3984
G01 X31.2766Y47.3663
G01 X31.2638Y47.3559
G01 X31.2312Y47.3317
G01 X31.1849Y47.3031
G01 X31.1704Y47.2954
G01 X31.1349Y47.2786
G01 X31.1197Y47.2723
G01 X31.0827Y47.2590
G01 X31.0669Y47.2543
G01 X31.0289Y47.2447
G01 X31.0127Y47.2415
G01 X30.9739Y47.2357
G01 X30.9574Y47.2341
G01 X30.9182Y47.2322
G01 X30.6753Y47.2320
G01 X30.4730Y47.0297
G01 X30.4730Y46.0500
G01 X30.4709Y46.0025
G01 X30.4693Y45.9861
G01 X30.4631Y45.9446
G01 X30.4507Y45.8931
G01 X30.4460Y45.8773
G01 X30.4327Y45.8403
G01 X30.4264Y45.8251
G01 X30.4096Y45.7896
G01 X30.4019Y45.7751
G01 X30.3817Y45.7414
G01 X30.3725Y45.7277
G01 X30.3480Y45.6948
G01 X30.3476Y45.3755
G01 X30.3453Y45.3470
G01 X30.3386Y45.3131
G01 X30.3318Y45.2901
G01 X30.3222Y45.2647
G01 X30.3056Y45.2326
G01 X30.2927Y45.2125
G01 X30.2809Y45.1968
G01 X30.2652Y45.1787
G01 X30.2513Y45.1648
G01 X30.2332Y45.1491
G01 X30.2127Y45.1338
G01 X30.1974Y45.1244
G01 X30.1801Y45.1150
G01 X30.1583Y45.1050
G01 X30.1399Y45.0982
G01 X30.1169Y45.0914
G01 X30.0978Y45.0872
G01 X30.0741Y45.0838
G01 X30.0425Y45.0820
G01 X29.7675Y45.0820
G01 X29.7230Y45.0853
G01 X29.6858Y45.0934
G01 X29.6731Y45.0970
G01 X29.6607Y45.1015
G01 X29.6293Y45.1150
G01 X29.5989Y45.1330
G01 X29.5879Y45.1403
G01 X29.5612Y45.1625
G01 X29.5515Y45.1715
G01 X29.5425Y45.1812
G01 X29.5228Y45.2047
G01 X29.5130Y45.2189
G01 X29.4953Y45.2488
G01 X29.4793Y45.2862
G01 X29.4734Y45.3058
G01 X29.4658Y45.3397
G01 X29.4642Y45.3528
G01 X29.4620Y45.3875
G01 X29.4620Y45.4820
G01 X29.0780Y45.4820
G01 X29.0780Y45.3875
G01 X29.0753Y45.3470
G01 X29.0686Y45.3131
G01 X29.0618Y45.2901
G01 X29.0550Y45.2717
G01 X29.0450Y45.2499
G01 X29.0356Y45.2326
G01 X29.0227Y45.2125
G01 X29.0109Y45.1968
G01 X28.9952Y45.1787
G01 X28.9813Y45.1648
G01 X28.9632Y45.1491
G01 X28.9427Y45.1338
G01 X28.9274Y45.1244
G01 X28.9101Y45.1150
G01 X28.8883Y45.1050
G01 X28.8616Y45.0953
G01 X28.8278Y45.0872
G01 X28.8041Y45.0838
G01 X28.7845Y45.0824
G01 X28.4975Y45.0820
G01 X28.4530Y45.0853
G01 X28.4368Y45.0883
G01 X28.4033Y45.0969
G01 X28.3964Y45.0743
G01 X28.3879Y45.0546
G01 X28.3802Y45.0401
G01 X28.3656Y45.0182
G01 X28.3518Y45.0018
G01 X28.3402Y44.9902
G01 X28.3198Y44.9735
G01 X28.3019Y44.9618
G01 X28.2829Y44.9519
G01 X28.2677Y44.9456
G01 X28.2426Y44.9380
G01 X28.2215Y44.9341
G01 X28.1920Y44.9320
G01 X27.0418Y44.9322
G01 X27.0136Y44.9351
G01 X26.9947Y44.9392
G01 X26.9789Y44.9440
G01 X26.9546Y44.9540
G01 X26.9359Y44.9643
G01 X26.9221Y44.9735
G01 X26.9055Y44.9869
G01 X26.8869Y45.0055
G01 X26.8727Y45.0233
G01 X26.8618Y45.0401
G01 X26.8519Y45.0590
G01 X26.8456Y45.0743
G01 X26.8392Y45.0947
G01 X26.8348Y45.1156
G01 X26.8322Y45.1418
G01 X26.8320Y47.4320
G01 X26.7319Y47.4324
G01 X26.7106Y47.4348
G01 X26.6944Y47.4380
G01 X26.6739Y47.4440
G01 X26.6630Y47.4482
G01 X26.6630Y46.0500
G01 X26.6609Y46.0025
G01 X26.6593Y45.9861
G01 X26.6531Y45.9446
G01 X26.6503Y45.9311
G01 X26.6407Y45.8931
G01 X26.6360Y45.8773
G01 X26.6227Y45.8403
G01 X26.6164Y45.8251
G01 X26.5996Y45.7896
G01 X26.5919Y45.7751
G01 X26.5717Y45.7414
G01 X26.5625Y45.7277
G01 X26.5380Y45.6948
G01 X26.5375Y45.3743
G01 X26.5347Y45.3430
G01 X26.5317Y45.3268
G01 X26.5230Y45.2931
G01 X26.5185Y45.2807
G01 X26.5050Y45.2493
G01 X26.4983Y45.2373
G01 X26.4797Y45.2079
G01 X26.4575Y45.1812
G01 X26.4485Y45.1715
G01 X26.4224Y45.1485
G01 X26.4011Y45.1330
G01 X26.3712Y45.1153
G01 X26.3592Y45.1098
G01 X26.3338Y45.0993
G01 X26.3142Y45.0934
G01 X26.2803Y45.0858
G01 X26.2672Y45.0842
G01 X26.2325Y45.0820
G01 X25.9575Y45.0820
G01 X25.9130Y45.0853
G01 X25.8758Y45.0934
G01 X25.8631Y45.0970
G01 X25.8507Y45.1015
G01 X25.8193Y45.1150
G01 X25.8073Y45.1217
G01 X25.7779Y45.1403
G01 X25.7676Y45.1485
G01 X25.7415Y45.1715
G01 X25.7128Y45.2047
G01 X25.7030Y45.2189
G01 X25.6853Y45.2488
G01 X25.6693Y45.2862
G01 X25.6634Y45.3058
G01 X25.6558Y45.3397
G01 X25.6542Y45.3528
G01 X25.6520Y45.3875
G01 X25.6520Y45.6948
G01 X25.6267Y45.7288
G01 X25.5981Y45.7751
G01 X25.5904Y45.7896
G01 X25.5736Y45.8251
G01 X25.5673Y45.8403
G01 X25.5540Y45.8773
G01 X25.5493Y45.8931
G01 X25.5397Y45.9311
G01 X25.5365Y45.9473
G01 X25.5307Y45.9861
G01 X25.5291Y46.0025
G01 X25.5272Y46.0418
G01 X25.5270Y48.0390
G01 X25.5291Y48.0864
G01 X25.5307Y48.1029
G01 X25.5369Y48.1444
G01 X25.5397Y48.1579
G01 X25.5493Y48.1959
G01 X25.5540Y48.2117
G01 X25.5673Y48.2487
G01 X25.5736Y48.2639
G01 X25.5904Y48.2994
G01 X25.5981Y48.3139
G01 X25.6183Y48.3476
G01 X25.6275Y48.3613
G01 X25.6462Y48.3866
G01 X25.6304Y48.3780
G01 X25.5328Y48.3319
G01 X25.5175Y48.3256
G01 X25.4159Y48.2892
G01 X25.4001Y48.2844
G01 X25.2954Y48.2582
G01 X25.2793Y48.2550
G01 X25.1725Y48.2391
G01 X25.1561Y48.2375
G01 X25.0482Y48.2322
G01 X25.0318Y48.2322
G01 X24.9239Y48.2375
G01 X24.9075Y48.2391
G01 X24.8007Y48.2550
G01 X24.7846Y48.2582
G01 X24.6799Y48.2844
G01 X24.6408Y48.2975
G01 X23.7357Y47.3927
G01 X23.7066Y47.3663
G01 X23.6938Y47.3559
G01 X23.6612Y47.3317
G01 X23.6149Y47.3031
G01 X23.6004Y47.2954
G01 X23.5649Y47.2786
G01 X23.5497Y47.2723
G01 X23.5127Y47.2590
G01 X23.4969Y47.2543
G01 X23.4589Y47.2447
G01 X23.4427Y47.2415
G01 X23.4039Y47.2357
G01 X23.3874Y47.2341
G01 X23.3400Y47.2320
G01 X22.4033Y47.2320
G01 X20.8007Y45.6294
G00 Z3.0000
G00 X20.2364Y45.0680
G01 Z-0.2000
G01 X20.5570Y45.0680
G01 X20.5570Y45.2500
G01 X20.5606Y45.3023
G01 X20.5647Y45.3283
G01 X20.5775Y45.3792
G01 X20.5956Y45.4243
G01 X20.2696Y45.0984
G01 X20.2364Y45.0680
G00 Z3.0000
G00 X23.1287Y43.7680
G01 Z-0.2000
G01 X22.9647Y43.9320
G01 X22.8518Y43.9320
G01 X22.8560Y43.9211
G01 X22.8608Y43.9053
G01 X22.8659Y43.8795
G01 X22.8680Y43.8500
G01 X22.8680Y43.7680
G01 X23.1287Y43.7680
G00 Z3.0000
G00 X24.2640Y45.1196
G01 Z-0.2000
G01 X24.2640Y44.5165
G01 X24.4165Y44.3640
G01 X30.4110Y44.3640
G01 X30.4110Y45.0484
G01 X30.4038Y45.0401
G01 X30.3899Y45.0262
G01 X30.3507Y44.9922
G01 X30.3244Y44.9728
G01 X30.2913Y44.9524
G01 X30.2741Y44.9430
G01 X30.2268Y44.9214
G01 X30.2084Y44.9145
G01 X30.1905Y44.9083
G01 X30.1586Y44.8999
G01 X30.1394Y44.8957
G01 X30.0880Y44.8883
G01 X30.0425Y44.8860
G01 X29.7675Y44.8860
G01 X29.7389Y44.8871
G01 X29.6961Y44.8911
G01 X29.6610Y44.8978
G01 X29.6125Y44.9105
G01 X29.5857Y44.9204
G01 X29.5409Y44.9401
G01 X29.5149Y44.9546
G01 X29.4727Y44.9818
G01 X29.4503Y44.9995
G01 X29.4129Y45.0329
G01 X29.3935Y45.0539
G01 X29.3670Y45.0857
G01 X29.3459Y45.1165
G01 X29.3207Y45.1598
G01 X29.3087Y45.1858
G01 X29.2957Y45.2177
G01 X29.2828Y45.2600
G01 X29.2768Y45.2860
G01 X29.2633Y45.2860
G01 X29.2601Y45.2714
G01 X29.2455Y45.2216
G01 X29.2326Y45.1880
G01 X29.2170Y45.1559
G01 X29.2076Y45.1387
G01 X29.1796Y45.0950
G01 X29.1678Y45.0793
G01 X29.1338Y45.0401
G01 X29.1199Y45.0262
G01 X29.0807Y44.9922
G01 X29.0544Y44.9728
G01 X29.0213Y44.9524
G01 X29.0041Y44.9430
G01 X28.9568Y44.9214
G01 X28.9205Y44.9083
G01 X28.8886Y44.8999
G01 X28.8694Y44.8957
G01 X28.8180Y44.8883
G01 X28.7725Y44.8860
G01 X28.5103Y44.8860
G01 X28.4970Y44.8702
G01 X28.4718Y44.8449
G01 X28.4405Y44.8190
G01 X28.4069Y44.7962
G01 X28.3712Y44.7769
G01 X28.3337Y44.7611
G01 X28.2949Y44.7491
G01 X28.2551Y44.7409
G01 X28.2098Y44.7364
G01 X27.0500Y44.7360
G01 X27.0272Y44.7367
G01 X27.0273Y44.7373
G01 X26.9917Y44.7402
G01 X26.9518Y44.7479
G01 X26.9082Y44.7611
G01 X26.8708Y44.7769
G01 X26.8351Y44.7962
G01 X26.8054Y44.8161
G01 X26.7738Y44.8416
G01 X26.7416Y44.8738
G01 X26.7422Y44.8743
G01 X26.7347Y44.8823
G01 X26.7161Y44.9054
G01 X26.6962Y44.9351
G01 X26.6748Y44.9752
G01 X26.6611Y45.0082
G01 X26.6491Y45.0470
G01 X26.6409Y45.0868
G01 X26.6398Y45.0951
G01 X26.6205Y45.0703
G01 X26.5871Y45.0329
G01 X26.5661Y45.0135
G01 X26.5343Y44.9870
G01 X26.5035Y44.9659
G01 X26.4602Y44.9407
G01 X26.4342Y44.9287
G01 X26.4023Y44.9157
G01 X26.3600Y44.9028
G01 X26.3110Y44.8922
G01 X26.2826Y44.8888
G01 X26.2325Y44.8860
G01 X25.9575Y44.8860
G01 X25.9289Y44.8871
G01 X25.8861Y44.8911
G01 X25.8510Y44.8978
G01 X25.8025Y44.9105
G01 X25.7757Y44.9204
G01 X25.7309Y44.9401
G01 X25.7049Y44.9546
G01 X25.6627Y44.9818
G01 X25.6403Y44.9995
G01 X25.6029Y45.0329
G01 X25.5835Y45.0539
G01 X25.5570Y45.0857
G01 X25.5359Y45.1165
G01 X25.5107Y45.1598
G01 X25.4987Y45.1858
G01 X25.4857Y45.2177
G01 X25.4728Y45.2600
G01 X25.4622Y45.3090
G01 X25.4599Y45.3280
G01 X25.4589Y45.3161
G01 X25.4522Y45.2810
G01 X25.4395Y45.2325
G01 X25.4296Y45.2057
G01 X25.4099Y45.1609
G01 X25.3954Y45.1349
G01 X25.3682Y45.0927
G01 X25.3365Y45.0539
G01 X25.3171Y45.0329
G01 X25.2961Y45.0135
G01 X25.2643Y44.9870
G01 X25.2335Y44.9659
G01 X25.1902Y44.9407
G01 X25.1642Y44.9287
G01 X25.1323Y44.9157
G01 X25.0900Y44.9028
G01 X25.0410Y44.8922
G01 X25.0126Y44.8888
G01 X24.9625Y44.8860
G01 X24.6875Y44.8860
G01 X24.6589Y44.8871
G01 X24.6161Y44.8911
G01 X24.5810Y44.8978
G01 X24.5325Y44.9105
G01 X24.5057Y44.9204
G01 X24.4609Y44.9401
G01 X24.4349Y44.9546
G01 X24.3927Y44.9818
G01 X24.3703Y44.9995
G01 X24.3329Y45.0329
G01 X24.3135Y45.0539
G01 X24.2870Y45.0857
G01 X24.2640Y45.1196
G00 Z3.0000
G00 X25.4601Y45.0540
G01 Z-0.2000
G01 X25.4475Y45.0351
G01 X25.4250Y45.0066
G01 X25.4110Y44.9902
G01 X25.3864Y44.9636
G01 X25.3598Y44.9390
G01 X25.3238Y44.9091
G01 X25.2847Y44.8823
G01 X25.2663Y44.8711
G01 X25.2347Y44.8533
G01 X25.2017Y44.8382
G01 X25.1818Y44.8299
G01 X25.1815Y44.8305
G01 X25.1666Y44.8239
G01 X25.1128Y44.8075
G01 X25.0919Y44.8025
G01 X25.0563Y44.7954
G01 X25.0203Y44.7911
G01 X24.9987Y44.7894
G01 X24.9625Y44.7880
G01 X24.6875Y44.7880
G01 X24.6513Y44.7894
G01 X24.6027Y44.7940
G01 X24.5581Y44.8025
G01 X24.5372Y44.8075
G01 X24.5022Y44.8173
G01 X24.4682Y44.8299
G01 X24.4483Y44.8382
G01 X24.4167Y44.8526
G01 X24.3837Y44.8711
G01 X24.3620Y44.8845
G01 X24.3620Y44.5571
G01 X24.4571Y44.4620
G01 X30.3130Y44.4620
G01 X30.3130Y44.8533
G01 X30.2611Y44.8296
G01 X30.2199Y44.8149
G01 X30.1794Y44.8041
G01 X30.1603Y44.8000
G01 X30.0950Y44.7906
G01 X30.0425Y44.7880
G01 X29.7675Y44.7880
G01 X29.7313Y44.7894
G01 X29.6827Y44.7940
G01 X29.6381Y44.8025
G01 X29.6172Y44.8075
G01 X29.5822Y44.8173
G01 X29.5482Y44.8299
G01 X29.5283Y44.8382
G01 X29.4967Y44.8526
G01 X29.4637Y44.8711
G01 X29.4453Y44.8823
G01 X29.4151Y44.9025
G01 X29.3866Y44.9250
G01 X29.3702Y44.9390
G01 X29.3436Y44.9636
G01 X29.3190Y44.9902
G01 X29.3050Y45.0066
G01 X29.3054Y45.0070
G01 X29.2891Y45.0262
G01 X29.2697Y45.0545
G01 X29.2580Y45.0363
G01 X29.2463Y45.0206
G01 X29.2031Y44.9708
G01 X29.1892Y44.9569
G01 X29.1394Y44.9137
G01 X29.1103Y44.8923
G01 X29.0683Y44.8663
G01 X29.0510Y44.8569
G01 X28.9911Y44.8296
G01 X28.9499Y44.8149
G01 X28.9094Y44.8041
G01 X28.8903Y44.8000
G01 X28.8250Y44.7906
G01 X28.7725Y44.7880
G01 X28.5533Y44.7880
G01 X28.5340Y44.7690
G01 X28.5334Y44.7697
G01 X28.5239Y44.7616
G01 X28.5243Y44.7610
G01 X28.4989Y44.7403
G01 X28.4573Y44.7122
G01 X28.4131Y44.6883
G01 X28.3721Y44.6709
G01 X28.3621Y44.6672
G01 X28.3620Y44.6677
G01 X28.3188Y44.6540
G01 X28.2695Y44.6440
G01 X28.2196Y44.6388
G01 X28.1920Y44.6380
G01 X27.0500Y44.6380
G01 X27.0224Y44.6388
G01 X27.0225Y44.6395
G01 X27.0063Y44.6409
G01 X27.0063Y44.6402
G01 X26.9669Y44.6448
G01 X26.9232Y44.6540
G01 X26.8798Y44.6672
G01 X26.8333Y44.6862
G01 X26.7889Y44.7096
G01 X26.7470Y44.7373
G01 X26.7080Y44.7690
G01 X26.6813Y44.7950
G01 X26.6690Y44.8080
G01 X26.6697Y44.8086
G01 X26.6616Y44.8181
G01 X26.6610Y44.8176
G01 X26.6351Y44.8501
G01 X26.6122Y44.8847
G01 X26.5973Y44.9121
G01 X26.5547Y44.8823
G01 X26.5363Y44.8711
G01 X26.5047Y44.8533
G01 X26.4717Y44.8382
G01 X26.4518Y44.8299
G01 X26.4515Y44.8305
G01 X26.4366Y44.8239
G01 X26.3828Y44.8075
G01 X26.3619Y44.8025
G01 X26.3263Y44.7954
G01 X26.2903Y44.7911
G01 X26.2687Y44.7894
G01 X26.2325Y44.7880
G01 X25.9575Y44.7880
G01 X25.9213Y44.7894
G01 X25.8727Y44.7940
G01 X25.8281Y44.8025
G01 X25.8072Y44.8075
G01 X25.7722Y44.8173
G01 X25.7382Y44.8299
G01 X25.7183Y44.8382
G01 X25.6867Y44.8526
G01 X25.6537Y44.8711
G01 X25.6353Y44.8823
G01 X25.6051Y44.9025
G01 X25.5766Y44.9250
G01 X25.5602Y44.9390
G01 X25.5336Y44.9636
G01 X25.5090Y44.9902
G01 X25.4950Y45.0066
G01 X25.4954Y45.0070
G01 X25.4791Y45.0262
G01 X25.4601Y45.0540
G00 Z3.0000
G00 X25.4600Y44.8989
G01 Z-0.2000
G01 X25.4234Y44.8644
G01 X25.3833Y44.8313
G01 X25.3359Y44.7988
G01 X25.3175Y44.7875
G01 X25.2792Y44.7660
G01 X25.2392Y44.7476
G01 X25.2193Y44.7394
G01 X25.2190Y44.7401
G01 X25.2009Y44.7321
G01 X25.1357Y44.7122
G01 X25.1147Y44.7072
G01 X25.0716Y44.6986
G01 X25.0279Y44.6934
G01 X25.0064Y44.6917
G01 X24.9625Y44.6900
G01 X24.6875Y44.6900
G01 X24.6436Y44.6917
G01 X24.5893Y44.6970
G01 X24.5353Y44.7072
G01 X24.5143Y44.7122
G01 X24.4720Y44.7241
G01 X24.4600Y44.7286
G01 X24.4600Y44.5976
G01 X24.4976Y44.5600
G01 X26.8959Y44.5600
G01 X26.8422Y44.5765
G01 X26.7914Y44.5976
G01 X26.7343Y44.6281
G01 X26.6886Y44.6586
G01 X26.6422Y44.6964
G01 X26.5997Y44.7386
G01 X26.5681Y44.7767
G01 X26.5492Y44.7660
G01 X26.5092Y44.7476
G01 X26.4893Y44.7394
G01 X26.4890Y44.7401
G01 X26.4709Y44.7321
G01 X26.4057Y44.7122
G01 X26.3847Y44.7072
G01 X26.3416Y44.6986
G01 X26.2979Y44.6934
G01 X26.2764Y44.6917
G01 X26.2325Y44.6900
G01 X25.9575Y44.6900
G01 X25.9136Y44.6917
G01 X25.8593Y44.6970
G01 X25.8053Y44.7072
G01 X25.7843Y44.7122
G01 X25.7420Y44.7241
G01 X25.7007Y44.7394
G01 X25.6808Y44.7476
G01 X25.6425Y44.7652
G01 X25.6025Y44.7875
G01 X25.5841Y44.7988
G01 X25.5475Y44.8232
G01 X25.5130Y44.8504
G01 X25.4966Y44.8644
G01 X25.4600Y44.8989
G00 Z3.0000
G00 X25.6416Y44.6580
G01 Z-0.2000
G01 X25.5983Y44.6777
G01 X25.5513Y44.7039
G01 X25.5329Y44.7152
G01 X25.4899Y44.7439
G01 X25.4597Y44.7677
G01 X25.4428Y44.7534
G01 X25.3871Y44.7152
G01 X25.3687Y44.7039
G01 X25.3236Y44.6787
G01 X25.2787Y44.6580
G01 X25.6416Y44.6580
G00 Z3.0000
G00 X28.3461Y44.5600
G01 Z-0.2000
G01 X30.2150Y44.5600
G01 X30.2150Y44.7123
G01 X30.1811Y44.7042
G01 X30.1020Y44.6928
G01 X30.0425Y44.6900
G01 X29.7675Y44.6900
G01 X29.7236Y44.6917
G01 X29.6693Y44.6970
G01 X29.6153Y44.7072
G01 X29.5943Y44.7122
G01 X29.5520Y44.7241
G01 X29.5107Y44.7394
G01 X29.4908Y44.7476
G01 X29.4525Y44.7652
G01 X29.4125Y44.7875
G01 X29.3941Y44.7988
G01 X29.3575Y44.8232
G01 X29.3230Y44.8504
G01 X29.3066Y44.8644
G01 X29.2699Y44.8990
G01 X29.2585Y44.8876
G01 X29.1981Y44.8353
G01 X29.1824Y44.8235
G01 X29.1820Y44.8241
G01 X29.1662Y44.8118
G01 X29.1152Y44.7803
G01 X29.0980Y44.7709
G01 X29.0253Y44.7377
G01 X29.0069Y44.7309
G01 X29.0067Y44.7314
G01 X28.9793Y44.7214
G01 X28.9303Y44.7084
G01 X28.9111Y44.7042
G01 X28.8320Y44.6928
G01 X28.7725Y44.6900
G01 X28.5920Y44.6900
G01 X28.5533Y44.6586
G01 X28.5077Y44.6281
G01 X28.4550Y44.5997
G01 X28.3998Y44.5765
G01 X28.3461Y44.5600
G00 Z3.0000
G00 X29.0860Y44.6580
G01 Z-0.2000
G01 X29.4516Y44.6580
G01 X29.4083Y44.6777
G01 X29.3613Y44.7039
G01 X29.3429Y44.7152
G01 X29.2999Y44.7439
G01 X29.2696Y44.7678
G01 X29.2569Y44.7568
G01 X29.2412Y44.7451
G01 X29.2407Y44.7457
G01 X29.2221Y44.7313
G01 X29.1622Y44.6943
G01 X29.1450Y44.6849
G01 X29.0860Y44.6580
G00 Z3.0000
G00 X28.2920Y46.7395
G01 Z-0.2000
G01 X28.2900Y46.7125
G01 X28.2902Y45.3820
G01 X28.2924Y45.3564
G01 X28.2987Y45.3287
G01 X28.3021Y45.3182
G01 X28.3126Y45.2933
G01 X28.3266Y45.2701
G01 X28.3330Y45.2612
G01 X28.3508Y45.2408
G01 X28.3712Y45.2230
G01 X28.3801Y45.2166
G01 X28.4035Y45.2025
G01 X28.4334Y45.1902
G01 X28.4664Y45.1824
G01 X28.4975Y45.1800
G01 X28.7725Y45.1800
G01 X28.7971Y45.1816
G01 X28.8261Y45.1872
G01 X28.8357Y45.1900
G01 X28.8541Y45.1968
G01 X28.8804Y45.2104
G01 X28.8888Y45.2158
G01 X28.9120Y45.2341
G01 X28.9325Y45.2555
G01 X28.9442Y45.2712
G01 X28.9496Y45.2796
G01 X28.9620Y45.3030
G01 X28.9700Y45.3243
G01 X28.9728Y45.3339
G01 X28.9781Y45.3592
G01 X28.9800Y45.3875
G01 X28.9800Y45.5800
G01 X29.5600Y45.5800
G01 X29.5600Y45.3875
G01 X29.5619Y45.3605
G01 X29.5636Y45.3496
G01 X29.5712Y45.3205
G01 X29.5803Y45.2983
G01 X29.5853Y45.2885
G01 X29.5966Y45.2701
G01 X29.6030Y45.2612
G01 X29.6208Y45.2408
G01 X29.6455Y45.2196
G01 X29.6735Y45.2025
G01 X29.7034Y45.1902
G01 X29.7364Y45.1824
G01 X29.7620Y45.1802
G01 X30.0475Y45.1802
G01 X30.0671Y45.1816
G01 X30.0961Y45.1872
G01 X30.1241Y45.1968
G01 X30.1332Y45.2010
G01 X30.1568Y45.2143
G01 X30.1745Y45.2275
G01 X30.1959Y45.2480
G01 X30.2142Y45.2712
G01 X30.2196Y45.2796
G01 X30.2320Y45.3030
G01 X30.2400Y45.3243
G01 X30.2428Y45.3339
G01 X30.2481Y45.3592
G01 X30.2500Y45.3875
G01 X30.2500Y45.7315
G01 X30.2704Y45.7545
G01 X30.2976Y45.7918
G01 X30.3178Y45.8255
G01 X30.3378Y45.8670
G01 X30.3557Y45.9169
G01 X30.3664Y45.9606
G01 X30.3723Y46.0005
G01 X30.3750Y46.0500
G01 X30.3750Y47.0703
G01 X30.6347Y47.3300
G01 X30.9100Y47.3300
G01 X30.9526Y47.3320
G01 X30.9983Y47.3384
G01 X31.0431Y47.3493
G01 X31.0930Y47.3672
G01 X31.1345Y47.3872
G01 X31.1735Y47.4108
G01 X31.2055Y47.4346
G01 X31.2423Y47.4677
G01 X32.1996Y48.4249
G01 X32.2155Y48.4178
G01 X32.3237Y48.3795
G01 X32.4284Y48.3532
G01 X32.4667Y48.3472
G01 X34.3169Y46.4969
G01 X34.3611Y46.4573
G01 X34.4005Y46.4280
G01 X34.4483Y46.3990
G01 X34.4987Y46.3748
G01 X34.5578Y46.3536
G01 X34.6110Y46.3405
G01 X34.6607Y46.3332
G01 X34.7200Y46.3300
G01 X39.7639Y46.3300
G01 X40.5043Y45.5896
G01 X40.4752Y45.5073
G01 X40.4513Y45.4121
G01 X40.4356Y45.3083
G01 X40.4301Y45.1966
G01 X40.4356Y45.0917
G01 X40.4500Y44.9946
G01 X40.4752Y44.8927
G01 X40.5102Y44.7937
G01 X40.5548Y44.6987
G01 X40.6085Y44.6084
G01 X40.6708Y44.5239
G01 X40.7410Y44.4459
G01 X40.8239Y44.3708
G01 X40.9027Y44.3123
G01 X40.9926Y44.2580
G01 X41.0874Y44.2128
G01 X41.1861Y44.1772
G01 X41.2935Y44.1502
G01 X41.3917Y44.1356
G01 X41.5034Y44.1301
G01 X41.6083Y44.1356
G01 X41.7054Y44.1500
G01 X41.8073Y44.1752
G01 X41.9063Y44.2102
G01 X42.0013Y44.2548
G01 X42.0968Y44.3120
G01 X42.1814Y44.3751
G01 X42.2590Y44.4459
G01 X42.3292Y44.5239
G01 X42.3915Y44.6084
G01 X42.4420Y44.6926
G01 X42.4872Y44.7874
G01 X42.5228Y44.8861
G01 X42.5498Y44.9935
G01 X42.5644Y45.0917
G01 X42.5699Y45.2034
G01 X42.5644Y45.3083
G01 X42.5500Y45.4054
G01 X42.5248Y45.5073
G01 X42.4898Y45.6063
G01 X42.4452Y45.7013
G01 X42.3880Y45.7968
G01 X42.3249Y45.8814
G01 X42.2541Y45.9590
G01 X42.1761Y46.0292
G01 X42.0916Y46.0915
G01 X42.0013Y46.1452
G01 X41.9063Y46.1898
G01 X41.8073Y46.2248
G01 X41.7065Y46.2498
G01 X41.6015Y46.2651
G01 X41.5034Y46.2699
G01 X41.4390Y46.2671
G01 X40.4006Y47.3054
G01 X40.3589Y47.3427
G01 X40.3138Y47.3758
G01 X40.2717Y47.4010
G01 X40.2213Y47.4252
G01 X40.1687Y47.4444
G01 X40.1078Y47.4596
G01 X40.0524Y47.4675
G01 X40.0000Y47.4700
G01 X34.9561Y47.4700
G01 X33.6087Y48.8174
G01 X33.6347Y48.8529
G01 X33.6934Y48.9515
G01 X33.7395Y49.0491
G01 X33.7785Y49.1571
G01 X33.8081Y49.2751
G01 X33.8239Y49.3819
G01 X33.8299Y49.4966
G01 X33.8239Y49.6181
G01 X33.8081Y49.7249
G01 X33.7805Y49.8363
G01 X33.7395Y49.9509
G01 X33.6902Y50.0545
G01 X33.6312Y50.1524
G01 X33.5622Y50.2448
G01 X33.4848Y50.3297
G01 X33.3995Y50.4065
G01 X33.3071Y50.4747
G01 X33.2145Y50.5302
G01 X33.1109Y50.5795
G01 X33.0029Y50.6185
G01 X32.8860Y50.6479
G01 X32.7781Y50.6639
G01 X32.6634Y50.6699
G01 X32.5487Y50.6646
G01 X32.4284Y50.6468
G01 X32.3171Y50.6185
G01 X32.2091Y50.5795
G01 X32.1055Y50.5302
G01 X32.0076Y50.4712
G01 X31.9205Y50.4065
G01 X31.8352Y50.3297
G01 X31.7535Y50.2395
G01 X31.6892Y50.1528
G01 X31.6298Y50.0545
G01 X31.5778Y49.9445
G01 X31.5415Y49.8429
G01 X31.5132Y49.7316
G01 X31.4954Y49.6113
G01 X31.4901Y49.4966
G01 X31.4954Y49.3887
G01 X31.5132Y49.2684
G01 X31.5395Y49.1637
G01 X31.5575Y49.1122
G01 X30.7153Y48.2700
G01 X30.4400Y48.2700
G01 X30.3905Y48.2673
G01 X30.3517Y48.2616
G01 X30.3069Y48.2507
G01 X30.2633Y48.2355
G01 X30.2215Y48.2160
G01 X30.1818Y48.1926
G01 X30.1445Y48.1654
G01 X30.1077Y48.1323
G01 X29.5727Y47.5973
G01 X29.5396Y47.5605
G01 X29.5162Y47.5289
G01 X29.4922Y47.4895
G01 X29.4722Y47.4480
G01 X29.4543Y47.3981
G01 X29.4436Y47.3544
G01 X29.4377Y47.3145
G01 X29.4350Y47.2650
G01 X29.4350Y46.5200
G01 X28.9800Y46.5200
G01 X28.9798Y46.7180
G01 X28.9781Y46.7395
G01 X28.9764Y46.7504
G01 X28.9688Y46.7795
G01 X28.9597Y46.8017
G01 X28.9547Y46.8115
G01 X28.9434Y46.8299
G01 X28.9370Y46.8388
G01 X28.9192Y46.8592
G01 X28.8945Y46.8804
G01 X28.8715Y46.8947
G01 X28.8617Y46.8997
G01 X28.8366Y46.9098
G01 X28.8104Y46.9164
G01 X28.7995Y46.9181
G01 X28.7725Y46.9200
G01 X28.4975Y46.9200
G01 X28.4650Y46.9174
G01 X28.4305Y46.9088
G01 X28.4033Y46.8974
G01 X28.3742Y46.8794
G01 X28.3508Y46.8592
G01 X28.3330Y46.8388
G01 X28.3266Y46.8299
G01 X28.3125Y46.8065
G01 X28.3021Y46.7818
G01 X28.2987Y46.7713
G01 X28.2936Y46.7504
G01 X28.2920Y46.7395
G00 Z3.0000
G00 X30.5710Y46.3295
G01 Z-0.2000
G01 X30.5818Y46.3523
G01 X30.5941Y46.3753
G01 X30.6143Y46.4090
G01 X30.6340Y46.4378
G01 X30.6340Y46.7125
G01 X30.6348Y46.7334
G01 X30.6382Y46.7705
G01 X30.6430Y46.7961
G01 X30.6537Y46.8372
G01 X30.6692Y46.8767
G01 X30.6776Y46.8949
G01 X30.6882Y46.9139
G01 X30.7111Y46.9497
G01 X30.7240Y46.9661
G01 X30.7522Y46.9978
G01 X30.7675Y47.0120
G01 X30.7952Y47.0351
G01 X30.8177Y47.0505
G01 X30.8361Y47.0618
G01 X30.8543Y47.0720
G01 X30.8733Y47.0808
G01 X30.9019Y47.0925
G01 X30.9329Y47.1019
G01 X30.9744Y47.1110
G01 X30.9951Y47.1135
G01 X31.0375Y47.1160
G01 X31.3125Y47.1160
G01 X31.3334Y47.1152
G01 X31.3705Y47.1118
G01 X31.3961Y47.1070
G01 X31.4372Y47.0963
G01 X31.4568Y47.0890
G01 X31.4949Y47.0724
G01 X31.5139Y47.0618
G01 X31.5497Y47.0389
G01 X31.5825Y47.0120
G01 X31.5978Y46.9978
G01 X31.6120Y46.9825
G01 X31.6351Y46.9548
G01 X31.6505Y46.9323
G01 X31.6720Y46.8957
G01 X31.6808Y46.8767
G01 X31.6925Y46.8481
G01 X31.7019Y46.8171
G01 X31.7110Y46.7756
G01 X31.7135Y46.7549
G01 X31.7160Y46.7125
G01 X31.7160Y46.4378
G01 X31.7357Y46.4090
G01 X31.7559Y46.3753
G01 X31.7682Y46.3523
G01 X31.7850Y46.3168
G01 X31.7950Y46.2927
G01 X31.8082Y46.2557
G01 X31.8158Y46.2307
G01 X31.8253Y46.1927
G01 X31.8304Y46.1671
G01 X31.8362Y46.1282
G01 X31.8388Y46.1023
G01 X31.8407Y46.0631
G01 X31.8410Y45.8930
G01 X31.8453Y45.9214
G01 X31.8497Y45.9427
G01 X31.8592Y45.9807
G01 X31.8668Y46.0057
G01 X31.8800Y46.0427
G01 X31.8900Y46.0668
G01 X31.9040Y46.0964
G01 X31.9040Y46.7125
G01 X31.9048Y46.7334
G01 X31.9082Y46.7705
G01 X31.9130Y46.7961
G01 X31.9237Y46.8372
G01 X31.9310Y46.8568
G01 X31.9476Y46.8949
G01 X31.9695Y46.9323
G01 X31.9811Y46.9497
G01 X31.9940Y46.9661
G01 X32.0222Y46.9978
G01 X32.0375Y47.0120
G01 X32.0652Y47.0351
G01 X32.0877Y47.0505
G01 X32.1061Y47.0618
G01 X32.1243Y47.0720
G01 X32.1433Y47.0808
G01 X32.1719Y47.0925
G01 X32.2029Y47.1019
G01 X32.2444Y47.1110
G01 X32.2651Y47.1135
G01 X32.3075Y47.1160
G01 X32.5825Y47.1160
G01 X32.6034Y47.1152
G01 X32.6405Y47.1118
G01 X32.6661Y47.1070
G01 X32.7072Y47.0963
G01 X32.7467Y47.0808
G01 X32.7649Y47.0724
G01 X32.8023Y47.0505
G01 X32.8197Y47.0389
G01 X32.8361Y47.0260
G01 X32.8678Y46.9978
G01 X32.8820Y46.9825
G01 X32.9051Y46.9548
G01 X32.9205Y46.9323
G01 X32.9420Y46.8957
G01 X32.9508Y46.8767
G01 X32.9625Y46.8481
G01 X32.9719Y46.8171
G01 X32.9810Y46.7756
G01 X32.9852Y46.7334
G01 X32.9860Y46.7125
G01 X32.9860Y46.4660
G01 X34.0707Y46.4660
G01 X32.3712Y48.1655
G01 X32.2761Y48.1893
G01 X32.2494Y48.1975
G01 X31.3809Y47.3291
G01 X31.3424Y47.2937
G01 X31.3421Y47.2941
G01 X31.3222Y47.2771
G01 X31.2889Y47.2525
G01 X31.2690Y47.2393
G01 X31.2353Y47.2191
G01 X31.2123Y47.2068
G01 X31.1768Y47.1900
G01 X31.1527Y47.1800
G01 X31.1157Y47.1668
G01 X31.0907Y47.1592
G01 X31.0527Y47.1497
G01 X31.0271Y47.1446
G01 X30.9882Y47.1388
G01 X30.9623Y47.1362
G01 X30.9231Y47.1343
G01 X30.7159Y47.1340
G01 X30.5710Y46.9891
G01 X30.5710Y46.3295
G00 Z3.0000
G00 X31.8101Y46.7720
G01 Z-0.2000
G01 X31.8111Y46.7839
G01 X31.8178Y46.8190
G01 X31.8228Y46.8400
G01 X31.8305Y46.8675
G01 X31.8404Y46.8943
G01 X31.8601Y46.9391
G01 X31.8746Y46.9651
G01 X31.9018Y47.0073
G01 X31.9195Y47.0297
G01 X31.9529Y47.0671
G01 X31.9903Y47.1005
G01 X32.0057Y47.1130
G01 X32.0365Y47.1341
G01 X32.0798Y47.1593
G01 X32.1058Y47.1713
G01 X32.1377Y47.1843
G01 X32.1800Y47.1972
G01 X32.2290Y47.2078
G01 X32.2574Y47.2112
G01 X32.3075Y47.2140
G01 X32.5825Y47.2140
G01 X32.6326Y47.2112
G01 X32.6539Y47.2089
G01 X32.6890Y47.2022
G01 X32.7375Y47.1895
G01 X32.7842Y47.1713
G01 X32.8091Y47.1599
G01 X32.8351Y47.1454
G01 X32.8773Y47.1182
G01 X32.9161Y47.0865
G01 X32.9371Y47.0671
G01 X32.9565Y47.0461
G01 X32.9830Y47.0143
G01 X33.0041Y46.9835
G01 X33.0154Y46.9651
G01 X33.0293Y46.9402
G01 X33.0413Y46.9142
G01 X33.0543Y46.8823
G01 X33.0672Y46.8400
G01 X33.0722Y46.8190
G01 X33.0778Y46.7910
G01 X33.0829Y46.7411
G01 X33.0840Y46.7125
G01 X33.0840Y46.5640
G01 X33.8341Y46.5640
G01 X32.3211Y48.0770
G01 X32.2782Y48.0878
G01 X31.4502Y47.2598
G01 X31.4082Y47.2211
G01 X31.4077Y47.2216
G01 X31.3912Y47.2075
G01 X31.4190Y47.2022
G01 X31.4675Y47.1895
G01 X31.4943Y47.1796
G01 X31.5391Y47.1599
G01 X31.5651Y47.1454
G01 X31.6073Y47.1182
G01 X31.6461Y47.0865
G01 X31.6671Y47.0671
G01 X31.6865Y47.0461
G01 X31.7130Y47.0143
G01 X31.7341Y46.9835
G01 X31.7593Y46.9402
G01 X31.7713Y46.9142
G01 X31.7843Y46.8823
G01 X31.7972Y46.8400
G01 X31.8078Y46.7910
G01 X31.8101Y46.7720
G00 Z3.0000
G00 X32.0321Y45.8426
G01 Z-0.2000
G01 X32.0301Y45.8034
G01 X32.0320Y45.7573
G01 X32.0398Y45.7049
G01 X32.0493Y45.6669
G01 X32.0646Y45.6233
G01 X32.0840Y45.5815
G01 X32.1000Y45.5541
G01 X32.1002Y45.3820
G01 X32.1026Y45.3550
G01 X32.1112Y45.3205
G01 X32.1226Y45.2933
G01 X32.1406Y45.2642
G01 X32.1608Y45.2408
G01 X32.1812Y45.2230
G01 X32.1901Y45.2166
G01 X32.2135Y45.2025
G01 X32.2382Y45.1921
G01 X32.2487Y45.1887
G01 X32.2696Y45.1836
G01 X32.2805Y45.1819
G01 X32.3075Y45.1800
G01 X32.5825Y45.1800
G01 X32.6150Y45.1826
G01 X32.6413Y45.1887
G01 X32.6495Y45.1912
G01 X32.6717Y45.2003
G01 X32.6815Y45.2053
G01 X32.7058Y45.2206
G01 X32.7292Y45.2408
G01 X32.7504Y45.2655
G01 X32.7647Y45.2885
G01 X32.7697Y45.2983
G01 X32.7779Y45.3182
G01 X32.7817Y45.3300
G01 X38.1388Y45.3300
G01 X38.1349Y45.3015
G01 X38.1301Y45.2034
G01 X38.1349Y45.0985
G01 X38.1500Y44.9946
G01 X38.1752Y44.8927
G01 X38.2102Y44.7937
G01 X38.2548Y44.6987
G01 X38.3120Y44.6032
G01 X38.3708Y44.5239
G01 X38.4410Y44.4459
G01 X38.5186Y44.3751
G01 X38.6027Y44.3123
G01 X38.6926Y44.2580
G01 X38.7874Y44.2128
G01 X38.8861Y44.1772
G01 X38.9935Y44.1502
G01 X39.0985Y44.1349
G01 X39.2034Y44.1301
G01 X39.3083Y44.1356
G01 X39.4121Y44.1513
G01 X39.5139Y44.1772
G01 X39.6126Y44.2128
G01 X39.7074Y44.2580
G01 X39.7968Y44.3120
G01 X39.8814Y44.3751
G01 X39.9590Y44.4459
G01 X40.0292Y44.5239
G01 X40.0915Y44.6084
G01 X40.1452Y44.6987
G01 X40.1898Y44.7937
G01 X40.2248Y44.8927
G01 X40.2498Y44.9935
G01 X40.2651Y45.0985
G01 X40.2699Y45.2034
G01 X40.2651Y45.3015
G01 X40.2500Y45.4054
G01 X40.2248Y45.5073
G01 X40.1872Y45.6126
G01 X40.1420Y45.7074
G01 X40.0877Y45.7973
G01 X40.0249Y45.8814
G01 X39.9541Y45.9590
G01 X39.8761Y46.0292
G01 X39.7916Y46.0915
G01 X39.7074Y46.1420
G01 X39.6126Y46.1872
G01 X39.5139Y46.2228
G01 X39.4121Y46.2487
G01 X39.3083Y46.2644
G01 X39.2034Y46.2699
G01 X39.1472Y46.2675
G01 X39.1000Y46.2700
G01 X32.7900Y46.2700
G01 X32.7900Y46.7125
G01 X32.7874Y46.7450
G01 X32.7813Y46.7713
G01 X32.7779Y46.7818
G01 X32.7674Y46.8067
G01 X32.7494Y46.8358
G01 X32.7292Y46.8592
G01 X32.7088Y46.8770
G01 X32.6999Y46.8834
G01 X32.6765Y46.8975
G01 X32.6518Y46.9079
G01 X32.6413Y46.9113
G01 X32.6204Y46.9164
G01 X32.6095Y46.9181
G01 X32.5825Y46.9200
G01 X32.3075Y46.9200
G01 X32.2805Y46.9181
G01 X32.2696Y46.9164
G01 X32.2405Y46.9088
G01 X32.2183Y46.8997
G01 X32.2085Y46.8947
G01 X32.1842Y46.8794
G01 X32.1608Y46.8592
G01 X32.1430Y46.8388
G01 X32.1366Y46.8299
G01 X32.1225Y46.8065
G01 X32.1102Y46.7766
G01 X32.1036Y46.7504
G01 X32.1019Y46.7395
G01 X32.1000Y46.7125
G01 X32.1000Y46.0459
G01 X32.0840Y46.0185
G01 X32.0672Y45.9830
G01 X32.0513Y45.9397
G01 X32.0386Y45.8894
G01 X32.0321Y45.8426
G00 Z3.0000
G00 X31.8410Y45.7070
G01 Z-0.2000
G01 X31.8410Y44.2660
G01 X38.3471Y44.2660
G01 X38.3143Y44.2958
G01 X38.2958Y44.3143
G01 X38.2299Y44.3870
G01 X38.2303Y44.3873
G01 X38.2133Y44.4072
G01 X38.1536Y44.4877
G01 X38.1404Y44.5077
G01 X38.0899Y44.5919
G01 X38.0776Y44.6149
G01 X38.0357Y44.7036
G01 X38.0257Y44.7277
G01 X37.9926Y44.8201
G01 X37.9850Y44.8451
G01 X37.9612Y44.9403
G01 X37.9561Y44.9659
G01 X37.9417Y45.0630
G01 X37.9391Y45.0889
G01 X37.9369Y45.1340
G01 X32.8961Y45.1340
G01 X32.8678Y45.1022
G01 X32.8525Y45.0880
G01 X32.8248Y45.0649
G01 X32.8023Y45.0495
G01 X32.7657Y45.0280
G01 X32.7467Y45.0192
G01 X32.7181Y45.0075
G01 X32.6871Y44.9981
G01 X32.6661Y44.9930
G01 X32.6456Y44.9890
G01 X32.6249Y44.9865
G01 X32.5825Y44.9840
G01 X32.3075Y44.9840
G01 X32.2651Y44.9865
G01 X32.2495Y44.9882
G01 X32.2239Y44.9930
G01 X32.1828Y45.0037
G01 X32.1632Y45.0110
G01 X32.1251Y45.0276
G01 X32.0877Y45.0495
G01 X32.0703Y45.0611
G01 X32.0539Y45.0740
G01 X32.0222Y45.1022
G01 X32.0080Y45.1175
G01 X31.9849Y45.1452
G01 X31.9695Y45.1677
G01 X31.9582Y45.1861
G01 X31.9480Y45.2043
G01 X31.9392Y45.2233
G01 X31.9275Y45.2519
G01 X31.9181Y45.2829
G01 X31.9130Y45.3039
G01 X31.9090Y45.3244
G01 X31.9048Y45.3666
G01 X31.9040Y45.3875
G01 X31.9040Y45.5036
G01 X31.8900Y45.5332
G01 X31.8800Y45.5573
G01 X31.8668Y45.5943
G01 X31.8592Y45.6192
G01 X31.8497Y45.6573
G01 X31.8446Y45.6829
G01 X31.8410Y45.7070
G00 Z3.0000
G00 X32.8987Y44.6580
G01 Z-0.2000
G01 X37.6343Y44.6580
G01 X37.6235Y44.6880
G01 X37.6242Y44.6883
G01 X37.6086Y44.7376
G01 X33.0457Y44.7417
G01 X33.0071Y44.7152
G01 X32.9887Y44.7039
G01 X32.9436Y44.6787
G01 X32.8987Y44.6580
G00 Z3.0000
G00 X33.5975Y46.6620
G01 Z-0.2000
G01 X32.2943Y47.9652
G01 X31.5786Y47.2495
G01 X31.6163Y47.2289
G01 X31.6347Y47.2177
G01 X31.6649Y47.1975
G01 X31.6934Y47.1750
G01 X31.7098Y47.1610
G01 X31.7364Y47.1364
G01 X31.7610Y47.1098
G01 X31.7909Y47.0738
G01 X31.8099Y47.0460
G01 X31.8225Y47.0649
G01 X31.8450Y47.0934
G01 X31.8590Y47.1098
G01 X31.8836Y47.1364
G01 X31.9102Y47.1610
G01 X31.9462Y47.1909
G01 X31.9853Y47.2177
G01 X32.0037Y47.2289
G01 X32.0353Y47.2467
G01 X32.0683Y47.2618
G01 X32.0882Y47.2701
G01 X32.0885Y47.2695
G01 X32.1034Y47.2761
G01 X32.1572Y47.2925
G01 X32.1781Y47.2975
G01 X32.2137Y47.3046
G01 X32.2497Y47.3089
G01 X32.2713Y47.3106
G01 X32.3075Y47.3120
G01 X32.5825Y47.3120
G01 X32.6187Y47.3106
G01 X32.6673Y47.3060
G01 X32.7119Y47.2975
G01 X32.7328Y47.2925
G01 X32.7678Y47.2827
G01 X32.8018Y47.2701
G01 X32.8217Y47.2618
G01 X32.8533Y47.2474
G01 X32.8863Y47.2289
G01 X32.9047Y47.2177
G01 X32.9349Y47.1975
G01 X32.9634Y47.1750
G01 X32.9798Y47.1610
G01 X33.0064Y47.1364
G01 X33.0310Y47.1098
G01 X33.0609Y47.0738
G01 X33.0877Y47.0347
G01 X33.0989Y47.0163
G01 X33.1167Y46.9847
G01 X33.1318Y46.9517
G01 X33.1401Y46.9318
G01 X33.1395Y46.9315
G01 X33.1461Y46.9166
G01 X33.1625Y46.8628
G01 X33.1675Y46.8419
G01 X33.1746Y46.8063
G01 X33.1789Y46.7703
G01 X33.1806Y46.7487
G01 X33.1820Y46.7125
G01 X33.1820Y46.6620
G01 X33.5975Y46.6620
G00 Z3.0000
G00 X33.3609Y46.7600
G01 Z-0.2000
G01 X33.2645Y46.8565
G01 X33.2714Y46.8216
G01 X33.2766Y46.7779
G01 X33.2780Y46.7600
G01 X33.3609Y46.7600
G00 Z3.0000
G00 X32.7266Y47.3944
G01 Z-0.2000
G01 X32.2943Y47.8266
G01 X31.7348Y47.2671
G01 X31.7734Y47.2356
G01 X31.8100Y47.2011
G01 X31.8466Y47.2356
G01 X31.8867Y47.2687
G01 X31.9341Y47.3012
G01 X31.9525Y47.3125
G01 X31.9908Y47.3340
G01 X32.0308Y47.3524
G01 X32.0507Y47.3606
G01 X32.0510Y47.3599
G01 X32.0691Y47.3679
G01 X32.1343Y47.3878
G01 X32.1553Y47.3928
G01 X32.1984Y47.4014
G01 X32.2421Y47.4066
G01 X32.2636Y47.4083
G01 X32.3075Y47.4100
G01 X32.5825Y47.4100
G01 X32.6264Y47.4083
G01 X32.6807Y47.4030
G01 X32.7266Y47.3944
G00 Z3.0000
G00 X32.4743Y47.5080
G01 Z-0.2000
G01 X32.2943Y47.6881
G01 X32.0796Y47.4734
G01 X32.1114Y47.4831
G01 X32.1324Y47.4881
G01 X32.1831Y47.4982
G01 X32.2344Y47.5043
G01 X32.2559Y47.5060
G01 X32.3075Y47.5080
G01 X32.4743Y47.5080
G00 Z3.0000
G00 X34.0788Y48.4859
G01 Z-0.2000
G01 X34.0746Y48.5198
G01 X34.0720Y48.5771
G01 X34.0720Y48.9224
G01 X34.0319Y49.0072
G01 X34.0256Y49.0225
G01 X33.9892Y49.1241
G01 X33.9844Y49.1399
G01 X33.9582Y49.2446
G01 X33.9550Y49.2607
G01 X33.9391Y49.3675
G01 X33.9375Y49.3839
G01 X33.9322Y49.4918
G01 X33.9322Y49.5082
G01 X33.9375Y49.6161
G01 X33.9391Y49.6325
G01 X33.9561Y49.7454
G01 X33.9382Y49.7439
G01 X33.9218Y49.7439
G01 X33.9038Y49.7455
G01 X33.9209Y49.6325
G01 X33.9225Y49.6161
G01 X33.9278Y49.5082
G01 X33.9278Y49.4918
G01 X33.9225Y49.3839
G01 X33.9209Y49.3675
G01 X33.9046Y49.2580
G01 X33.8756Y49.1399
G01 X33.8708Y49.1241
G01 X33.8344Y49.0225
G01 X33.8281Y49.0072
G01 X33.7820Y48.9096
G01 X33.7742Y48.8951
G01 X33.7350Y48.8297
G01 X34.0788Y48.4859
G00 Z3.0000
G00 X33.9740Y48.7293
G01 Z-0.2000
G01 X33.9740Y48.9003
G01 X33.9433Y48.9653
G01 X33.9300Y48.9986
G01 X33.9167Y48.9653
G01 X33.8706Y48.8677
G01 X33.8584Y48.8449
G01 X33.9740Y48.7293
G00 Z3.0000
G00 X37.7783Y44.5600
G01 Z-0.2000
G01 X37.7699Y44.5779
G01 X37.7489Y44.6287
G01 X37.7158Y44.7211
G01 X37.7164Y44.7213
G01 X37.6998Y44.7736
G01 X37.6843Y44.8356
G01 X33.0133Y44.8397
G01 X33.0033Y44.8313
G01 X32.9559Y44.7988
G01 X32.9375Y44.7875
G01 X32.8992Y44.7660
G01 X32.8592Y44.7476
G01 X32.8393Y44.7394
G01 X32.8390Y44.7401
G01 X32.8209Y44.7321
G01 X32.7557Y44.7122
G01 X32.7347Y44.7072
G01 X32.6916Y44.6986
G01 X32.6479Y44.6934
G01 X32.6264Y44.6917
G01 X32.5825Y44.6900
G01 X32.3075Y44.6900
G01 X32.2636Y44.6917
G01 X32.2093Y44.6970
G01 X32.1553Y44.7072
G01 X32.1350Y44.7120
G01 X32.1350Y44.5600
G01 X37.7783Y44.5600
G00 Z3.0000
G00 X37.9392Y44.4620
G01 Z-0.2000
G01 X37.9218Y44.4911
G01 X37.9004Y44.5311
G01 X37.8585Y44.6198
G01 X37.8411Y44.6617
G01 X37.8081Y44.7541
G01 X37.8086Y44.7542
G01 X37.7949Y44.7975
G01 X37.7711Y44.8927
G01 X37.7621Y44.9380
G01 X32.9786Y44.9380
G01 X32.9438Y44.9091
G01 X32.9047Y44.8823
G01 X32.8863Y44.8711
G01 X32.8547Y44.8533
G01 X32.8217Y44.8382
G01 X32.8018Y44.8299
G01 X32.8015Y44.8305
G01 X32.7866Y44.8239
G01 X32.7328Y44.8075
G01 X32.7119Y44.8025
G01 X32.6763Y44.7954
G01 X32.6403Y44.7911
G01 X32.6187Y44.7894
G01 X32.5825Y44.7880
G01 X32.3075Y44.7880
G01 X32.2713Y44.7894
G01 X32.2227Y44.7940
G01 X32.1781Y44.8025
G01 X32.1572Y44.8075
G01 X32.1222Y44.8173
G01 X32.0882Y44.8299
G01 X32.0370Y44.8525
G01 X32.0370Y44.4620
G01 X37.9392Y44.4620
G00 Z3.0000
G00 X38.1233Y44.3640
G01 Z-0.2000
G01 X38.0744Y44.4300
G01 X38.0563Y44.4573
G01 X38.0059Y44.5415
G01 X37.9890Y44.5730
G01 X37.9471Y44.6617
G01 X37.9334Y44.6947
G01 X37.9003Y44.7871
G01 X37.8900Y44.8213
G01 X37.8661Y44.9165
G01 X37.8592Y44.9515
G01 X37.8466Y45.0360
G01 X32.9400Y45.0360
G01 X32.9161Y45.0135
G01 X32.8843Y44.9870
G01 X32.8535Y44.9659
G01 X32.8102Y44.9407
G01 X32.7842Y44.9287
G01 X32.7523Y44.9157
G01 X32.7100Y44.9028
G01 X32.6890Y44.8978
G01 X32.6610Y44.8922
G01 X32.6326Y44.8888
G01 X32.5825Y44.8860
G01 X32.3075Y44.8860
G01 X32.2789Y44.8871
G01 X32.2361Y44.8911
G01 X32.2010Y44.8978
G01 X32.1525Y44.9105
G01 X32.1058Y44.9287
G01 X32.0809Y44.9401
G01 X32.0549Y44.9546
G01 X32.0127Y44.9818
G01 X31.9739Y45.0135
G01 X31.9529Y45.0329
G01 X31.9390Y45.0479
G01 X31.9390Y44.3640
G01 X38.1233Y44.3640
G00 Z3.0000
G00 X40.0529Y44.2660
G01 Z-0.2000
G01 X40.6471Y44.2660
G01 X40.6143Y44.2958
G01 X40.5958Y44.3143
G01 X40.5299Y44.3870
G01 X40.5303Y44.3873
G01 X40.5133Y44.4072
G01 X40.4536Y44.4877
G01 X40.4404Y44.5077
G01 X40.3899Y44.5919
G01 X40.3776Y44.6149
G01 X40.3500Y44.6733
G01 X40.3224Y44.6149
G01 X40.3101Y44.5919
G01 X40.2596Y44.5077
G01 X40.2451Y44.4860
G01 X40.1867Y44.4072
G01 X40.1701Y44.3870
G01 X40.1042Y44.3143
G01 X40.0857Y44.2958
G01 X40.0529Y44.2660
G00 Z3.0000
G00 X40.4233Y44.3640
G01 Z-0.2000
G01 X40.3744Y44.4300
G01 X40.3500Y44.4678
G01 X40.3238Y44.4276
G01 X40.2767Y44.3640
G01 X40.4233Y44.3640
G00 Z3.0000
G00 X40.3500Y45.0007
G01 Z-0.2000
G01 X40.3438Y44.9641
G01 X40.3199Y44.8689
G01 X40.3151Y44.8531
G01 X40.2821Y44.7607
G01 X40.2757Y44.7455
G01 X40.2338Y44.6568
G01 X40.2260Y44.6422
G01 X40.1756Y44.5581
G01 X40.1664Y44.5444
G01 X40.1079Y44.4655
G01 X40.0975Y44.4528
G01 X40.0316Y44.3801
G01 X40.0199Y44.3684
G01 X39.9472Y44.3025
G01 X39.9345Y44.2921
G01 X39.8545Y44.2328
G01 X39.8419Y44.2244
G01 X39.7578Y44.1740
G01 X39.7466Y44.1680
G01 X40.9535Y44.1680
G01 X40.9422Y44.1740
G01 X40.8581Y44.2244
G01 X40.8444Y44.2336
G01 X40.7655Y44.2921
G01 X40.7528Y44.3025
G01 X40.6801Y44.3684
G01 X40.6684Y44.3801
G01 X40.6025Y44.4528
G01 X40.5921Y44.4655
G01 X40.5328Y44.5455
G01 X40.5244Y44.5581
G01 X40.4740Y44.6422
G01 X40.4662Y44.6568
G01 X40.4243Y44.7455
G01 X40.4179Y44.7607
G01 X40.3849Y44.8531
G01 X40.3801Y44.8689
G01 X40.3562Y44.9641
G01 X40.3500Y45.0007
G00 Z3.0000
G00 X40.2533Y45.7020
G01 Z-0.2000
G01 X40.2757Y45.6545
G01 X40.2821Y45.6393
G01 X40.3151Y45.5469
G01 X40.3199Y45.5311
G01 X40.3438Y45.4359
G01 X40.3500Y45.3993
G01 X40.3562Y45.4359
G01 X40.3801Y45.5311
G01 X40.3911Y45.5642
G01 X40.2533Y45.7020
G00 Z3.0000
G00 X42.5818Y44.7600
G01 Z-0.2000
G01 X42.6471Y44.8254
G01 X42.6200Y44.8694
G01 X42.6151Y44.8531
G01 X42.5818Y44.7600
G00 Z3.0000
G00 X45.4700Y47.2113
G01 Z-0.2000
G01 X45.4700Y46.9887
G01 X45.5134Y46.7704
G01 X45.5986Y46.5647
G01 X45.7223Y46.3797
G01 X45.8797Y46.2223
G01 X46.0647Y46.0986
G01 X46.2704Y46.0134
G01 X46.4887Y45.9700
G01 X46.7113Y45.9700
G01 X46.9296Y46.0134
G01 X46.9507Y46.0203
G01 X46.9691Y46.0230
G01 X46.9858Y46.0230
G01 X46.9986Y46.0214
G01 X47.0155Y46.0171
G01 X47.0309Y46.0107
G01 X47.0469Y46.0011
G01 X47.0623Y45.9882
G01 X47.6027Y45.4478
G01 X47.6234Y45.4234
G01 X47.7041Y45.3572
G01 X47.7962Y45.3080
G01 X47.8961Y45.2777
G01 X48.0000Y45.2674
G01 X48.0319Y45.2700
G01 X48.7988Y45.2700
G01 X48.8140Y45.2690
G01 X48.8256Y45.2669
G01 X48.8369Y45.2638
G01 X48.8479Y45.2595
G01 X48.8583Y45.2541
G01 X48.8683Y45.2478
G01 X48.8775Y45.2405
G01 X48.8860Y45.2324
G01 X48.8937Y45.2234
G01 X48.9004Y45.2138
G01 X48.9083Y45.1991
G01 X48.9145Y45.1815
G01 X48.9178Y45.1652
G01 X48.9219Y45.1245
G01 X48.9293Y45.1000
G01 X48.9414Y45.0774
G01 X48.9576Y45.0576
G01 X48.9774Y45.0414
G01 X49.0000Y45.0293
G01 X49.0245Y45.0219
G01 X49.0559Y45.0188
G01 X52.0441Y45.0188
G01 X52.0755Y45.0219
G01 X52.1000Y45.0293
G01 X52.1226Y45.0414
G01 X52.1424Y45.0576
G01 X52.1586Y45.0774
G01 X52.1707Y45.1000
G01 X52.1781Y45.1245
G01 X52.1812Y45.1559
G01 X52.1812Y46.6441
G01 X52.1781Y46.6755
G01 X52.1707Y46.7000
G01 X52.1586Y46.7226
G01 X52.1424Y46.7424
G01 X52.1226Y46.7586
G01 X52.1000Y46.7707
G01 X52.0755Y46.7781
G01 X52.0441Y46.7812
G01 X49.0559Y46.7812
G01 X49.0245Y46.7781
G01 X49.0000Y46.7707
G01 X48.9774Y46.7586
G01 X48.9576Y46.7424
G01 X48.9414Y46.7226
G01 X48.9293Y46.7000
G01 X48.9219Y46.6755
G01 X48.9188Y46.6441
G01 X48.9188Y46.4500
G01 X48.9169Y46.4288
G01 X48.9125Y46.4119
G01 X48.9083Y46.4009
G01 X48.9029Y46.3904
G01 X48.8966Y46.3805
G01 X48.8893Y46.3713
G01 X48.8775Y46.3595
G01 X48.8678Y46.3519
G01 X48.8583Y46.3459
G01 X48.8415Y46.3379
G01 X48.8303Y46.3343
G01 X48.8140Y46.3310
G01 X48.7988Y46.3300
G01 X48.2692Y46.3300
G01 X48.2541Y46.3310
G01 X48.2377Y46.3343
G01 X48.2202Y46.3405
G01 X48.2097Y46.3459
G01 X48.1958Y46.3551
G01 X48.1844Y46.3651
G01 X47.7473Y46.8022
G01 X47.7340Y46.8181
G01 X47.7248Y46.8336
G01 X47.7184Y46.8490
G01 X47.7152Y46.8603
G01 X47.7125Y46.8788
G01 X47.7122Y46.8905
G01 X47.7144Y46.9105
G01 X47.7300Y46.9887
G01 X47.7300Y47.2113
G01 X47.6866Y47.4296
G01 X47.6014Y47.6353
G01 X47.4777Y47.8203
G01 X47.3203Y47.9777
G01 X47.1353Y48.1014
G01 X46.9296Y48.1866
G01 X46.7113Y48.2300
G01 X46.4887Y48.2300
G01 X46.2704Y48.1866
G01 X46.0647Y48.1014
G01 X45.8797Y47.9777
G01 X45.7223Y47.8203
G01 X45.5986Y47.6353
G01 X45.5134Y47.4296
G01 X45.4700Y47.2113
G00 Z3.0000
G00 X45.5350Y47.2014
G01 Z-0.2000
G01 X45.5301Y47.0966
G01 X45.5356Y46.9917
G01 X45.5500Y46.8946
G01 X45.5752Y46.7927
G01 X45.6128Y46.6874
G01 X45.6548Y46.5987
G01 X45.7085Y46.5084
G01 X45.7708Y46.4239
G01 X45.8459Y46.3410
G01 X45.9239Y46.2708
G01 X46.0084Y46.2085
G01 X46.0926Y46.1580
G01 X46.1874Y46.1128
G01 X46.2927Y46.0752
G01 X46.3935Y46.0502
G01 X46.4917Y46.0356
G01 X46.6034Y46.0301
G01 X46.7083Y46.0356
G01 X46.8054Y46.0500
G01 X46.9139Y46.0772
G01 X47.0063Y46.1102
G01 X47.0193Y46.1160
G01 X47.6701Y45.4653
G01 X47.7045Y45.4346
G01 X47.7361Y45.4112
G01 X47.7755Y45.3872
G01 X47.8170Y45.3672
G01 X47.8603Y45.3513
G01 X47.9117Y45.3384
G01 X47.9574Y45.3320
G01 X48.0000Y45.3300
G01 X48.9800Y45.3300
G01 X48.9800Y45.1500
G01 X48.9817Y45.1347
G01 X48.9838Y45.1272
G01 X48.9900Y45.1140
G01 X48.9981Y45.1030
G01 X49.0083Y45.0938
G01 X49.0201Y45.0867
G01 X49.0272Y45.0838
G01 X49.0423Y45.0804
G01 X49.0500Y45.0800
G01 X52.0500Y45.0800
G01 X52.0623Y45.0811
G01 X52.0742Y45.0843
G01 X52.0860Y45.0900
G01 X52.0917Y45.0938
G01 X52.1019Y45.1030
G01 X52.1062Y45.1083
G01 X52.1133Y45.1201
G01 X52.1176Y45.1317
G01 X52.1189Y45.1377
G01 X52.1200Y45.1500
G01 X52.1200Y46.6500
G01 X52.1183Y46.6653
G01 X52.1162Y46.6728
G01 X52.1133Y46.6799
G01 X52.1062Y46.6917
G01 X52.1019Y46.6970
G01 X52.0917Y46.7062
G01 X52.0799Y46.7133
G01 X52.0728Y46.7162
G01 X52.0653Y46.7183
G01 X52.0500Y46.7200
G01 X49.0438Y46.7197
G01 X49.0317Y46.7176
G01 X49.0201Y46.7133
G01 X49.0083Y46.7062
G01 X49.0030Y46.7019
G01 X48.9938Y46.6917
G01 X48.9900Y46.6860
G01 X48.9843Y46.6742
G01 X48.9811Y46.6623
G01 X48.9800Y46.6500
G01 X48.9800Y46.2700
G01 X48.1947Y46.2700
G01 X47.6343Y46.8304
G01 X47.6498Y46.8935
G01 X47.6644Y46.9917
G01 X47.6699Y47.0966
G01 X47.6651Y47.2015
G01 X47.6487Y47.3121
G01 X47.6228Y47.4139
G01 X47.5872Y47.5126
G01 X47.5452Y47.6013
G01 X47.4915Y47.6916
G01 X47.4292Y47.7761
G01 X47.3590Y47.8541
G01 X47.2814Y47.9249
G01 X47.1973Y47.9877
G01 X47.1074Y48.0420
G01 X47.0126Y48.0872
G01 X46.9139Y48.1228
G01 X46.8065Y48.1498
G01 X46.7015Y48.1651
G01 X46.5966Y48.1699
G01 X46.4917Y48.1644
G01 X46.3879Y48.1487
G01 X46.2861Y48.1228
G01 X46.1874Y48.0872
G01 X46.0926Y48.0420
G01 X46.0032Y47.9880
G01 X45.9186Y47.9249
G01 X45.8410Y47.8541
G01 X45.7708Y47.7761
G01 X45.7085Y47.6916
G01 X45.6548Y47.6013
G01 X45.6102Y47.5063
G01 X45.5752Y47.4073
G01 X45.5502Y47.3065
G01 X45.5350Y47.2014
G00 Z3.0000
G00 X54.9201Y48.2867
G01 Z-0.2000
G01 X54.9347Y48.2817
G01 X54.9500Y48.2800
G01 X57.9562Y48.2803
G01 X57.9683Y48.2824
G01 X57.9799Y48.2867
G01 X57.9917Y48.2938
G01 X57.9970Y48.2981
G01 X58.0062Y48.3083
G01 X58.0100Y48.3140
G01 X58.0157Y48.3258
G01 X58.0189Y48.3377
G01 X58.0200Y48.3500
G01 X58.0200Y48.6300
G01 X59.1053Y48.6300
G01 X65.5427Y42.1927
G01 X65.5742Y42.1639
G01 X65.6111Y42.1362
G01 X65.6505Y42.1122
G01 X65.6920Y42.0922
G01 X65.7353Y42.0763
G01 X65.7800Y42.0648
G01 X65.8324Y42.0570
G01 X65.8750Y42.0550
G01 X70.2966Y42.0550
G01 X70.3431Y42.0573
G01 X70.3881Y42.0640
G01 X70.4322Y42.0750
G01 X70.4765Y42.0908
G01 X70.5183Y42.1106
G01 X70.5576Y42.1342
G01 X70.5946Y42.1616
G01 X70.6283Y42.1920
G01 X73.9662Y45.5300
G01 X78.1338Y45.5300
G01 X81.4736Y42.1903
G01 X81.5080Y42.1596
G01 X81.5452Y42.1324
G01 X81.5850Y42.1090
G01 X81.6268Y42.0895
G01 X81.6703Y42.0743
G01 X81.7143Y42.0636
G01 X81.7608Y42.0570
G01 X81.8035Y42.0550
G01 X92.1250Y42.0550
G01 X92.1745Y42.0577
G01 X92.2200Y42.0648
G01 X92.2581Y42.0743
G01 X92.3017Y42.0895
G01 X92.3495Y42.1122
G01 X92.3885Y42.1358
G01 X92.4205Y42.1596
G01 X92.4573Y42.1927
G01 X95.3447Y45.0800
G01 X97.0500Y45.0800
G01 X97.0623Y45.0811
G01 X97.0742Y45.0843
G01 X97.0860Y45.0900
G01 X97.0970Y45.0981
G01 X97.1062Y45.1083
G01 X97.1133Y45.1201
G01 X97.1162Y45.1272
G01 X97.1196Y45.1423
G01 X97.1200Y46.6500
G01 X97.1183Y46.6653
G01 X97.1162Y46.6728
G01 X97.1100Y46.6860
G01 X97.1062Y46.6917
G01 X97.0970Y46.7019
G01 X97.0860Y46.7100
G01 X97.0799Y46.7133
G01 X97.0653Y46.7183
G01 X97.0500Y46.7200
G01 X94.0500Y46.7200
G01 X94.0377Y46.7189
G01 X94.0258Y46.7157
G01 X94.0140Y46.7100
G01 X94.0030Y46.7019
G01 X93.9981Y46.6970
G01 X93.9900Y46.6860
G01 X93.9843Y46.6742
G01 X93.9811Y46.6623
G01 X93.9800Y46.6500
G01 X93.9800Y45.1500
G01 X93.9803Y45.1438
G01 X93.9824Y45.1317
G01 X93.9867Y45.1201
G01 X93.9900Y45.1140
G01 X93.9981Y45.1030
G01 X94.0030Y45.0981
G01 X94.0140Y45.0900
G01 X94.0215Y45.0862
G01 X91.9303Y42.9950
G01 X81.9981Y42.9950
G01 X78.6608Y46.3324
G01 X78.6292Y46.3611
G01 X78.5924Y46.3888
G01 X78.5530Y46.4128
G01 X78.5114Y46.4329
G01 X78.4681Y46.4487
G01 X78.4176Y46.4614
G01 X78.3711Y46.4680
G01 X78.3284Y46.4700
G01 X73.7716Y46.4700
G01 X73.7289Y46.4680
G01 X73.6765Y46.4602
G01 X73.6359Y46.4500
G01 X73.5886Y46.4329
G01 X73.5498Y46.4144
G01 X73.5105Y46.3908
G01 X73.4735Y46.3634
G01 X73.4399Y46.3330
G01 X70.1019Y42.9950
G01 X66.0697Y42.9950
G01 X59.6323Y49.4323
G01 X59.6008Y49.4611
G01 X59.5639Y49.4888
G01 X59.5185Y49.5160
G01 X59.4830Y49.5328
G01 X59.4397Y49.5487
G01 X59.3950Y49.5602
G01 X59.3495Y49.5673
G01 X59.3034Y49.5699
G01 X58.0200Y49.5700
G01 X58.0200Y49.8500
G01 X58.0183Y49.8653
G01 X58.0162Y49.8728
G01 X58.0100Y49.8860
G01 X58.0019Y49.8970
G01 X57.9970Y49.9019
G01 X57.9860Y49.9100
G01 X57.9799Y49.9133
G01 X57.9728Y49.9162
G01 X57.9577Y49.9196
G01 X54.9500Y49.9200
G01 X54.9377Y49.9189
G01 X54.9317Y49.9176
G01 X54.9201Y49.9133
G01 X54.9083Y49.9062
G01 X54.8981Y49.8970
G01 X54.8938Y49.8917
G01 X54.8900Y49.8860
G01 X54.8843Y49.8742
G01 X54.8811Y49.8623
G01 X54.8800Y49.8500
G01 X54.8800Y48.3500
G01 X54.8817Y48.3347
G01 X54.8838Y48.3272
G01 X54.8900Y48.3140
G01 X54.8981Y48.3030
G01 X54.9030Y48.2981
G01 X54.9140Y48.2900
G01 X54.9201Y48.2867
G00 Z3.0000
G00 X55.7747Y37.5670
G01 Z-0.2000
G01 X51.2255Y37.5670
G01 X51.2399Y37.5399
G01 X51.2861Y37.4423
G01 X51.3108Y37.3826
G01 X51.3472Y37.2810
G01 X51.3465Y37.2807
G01 X51.3659Y37.2192
G01 X51.3921Y37.1145
G01 X51.3954Y37.0980
G01 X55.6044Y37.0980
G01 X55.6079Y37.1145
G01 X55.6341Y37.2192
G01 X55.6528Y37.2810
G01 X55.6892Y37.3826
G01 X55.7139Y37.4423
G01 X55.7601Y37.5399
G01 X55.7747Y37.5670
G00 Z3.0000
G00 X55.6190Y37.4690
G01 Z-0.2000
G01 X51.3810Y37.4690
G01 X51.4031Y37.4156
G01 X51.4394Y37.3140
G01 X51.4386Y37.3137
G01 X51.4610Y37.2430
G01 X51.4728Y37.1960
G01 X55.5272Y37.1960
G01 X55.5390Y37.2430
G01 X55.5606Y37.3140
G01 X55.5969Y37.4156
G01 X55.6190Y37.4690
G00 Z3.0000
G00 X51.0528Y37.6650
G01 Z-0.2000
G01 X51.0699Y37.6390
G01 X51.1254Y37.5464
G01 X51.1513Y37.4980
G01 X51.1975Y37.4004
G01 X51.2185Y37.3496
G01 X51.2549Y37.2480
G01 X51.2543Y37.2478
G01 X51.2709Y37.1954
G01 X51.2971Y37.0907
G01 X51.3078Y37.0368
G01 X51.3133Y37.0000
G01 X55.6867Y37.0000
G01 X55.6936Y37.0459
G01 X55.7029Y37.0907
G01 X55.7291Y37.1954
G01 X55.7451Y37.2480
G01 X55.7815Y37.3496
G01 X55.8025Y37.4004
G01 X55.8487Y37.4980
G01 X55.8746Y37.5464
G01 X55.9301Y37.6390
G01 X55.9474Y37.6650
G01 X51.0528Y37.6650
G00 Z3.0000
G00 X50.8542Y37.7630
G01 Z-0.2000
G01 X50.8676Y37.7481
G01 X50.8670Y37.7475
G01 X50.8964Y37.7130
G01 X50.9630Y37.6233
G01 X50.9859Y37.5886
G01 X51.0414Y37.4961
G01 X51.0628Y37.4561
G01 X51.1089Y37.3585
G01 X51.1263Y37.3166
G01 X51.1626Y37.2150
G01 X51.1621Y37.2148
G01 X51.1758Y37.1716
G01 X51.2020Y37.0669
G01 X51.2109Y37.0224
G01 X51.2267Y36.9156
G01 X51.2280Y36.9020
G01 X55.7722Y36.9020
G01 X55.7733Y36.9156
G01 X55.7903Y37.0299
G01 X55.7980Y37.0669
G01 X55.8242Y37.1716
G01 X55.8374Y37.2150
G01 X55.8737Y37.3166
G01 X55.8911Y37.3585
G01 X55.9372Y37.4561
G01 X55.9586Y37.4961
G01 X56.0141Y37.5886
G01 X56.0393Y37.6263
G01 X56.1036Y37.7130
G01 X56.1324Y37.7481
G01 X56.1458Y37.7630
G01 X50.8542Y37.7630
G00 Z3.0000
G00 X50.6161Y37.8610
G01 Z-0.2000
G01 X50.6973Y37.7875
G01 X50.7225Y37.7623
G01 X50.7950Y37.6823
G01 X50.7945Y37.6818
G01 X50.8177Y37.6547
G01 X50.8838Y37.5655
G01 X50.9018Y37.5383
G01 X50.9573Y37.4457
G01 X50.9742Y37.4142
G01 X51.0203Y37.3166
G01 X51.0340Y37.2836
G01 X51.0704Y37.1819
G01 X51.0807Y37.1478
G01 X51.1070Y37.0430
G01 X51.1139Y37.0080
G01 X51.1298Y36.9012
G01 X51.1333Y36.8657
G01 X51.1363Y36.8040
G01 X55.8637Y36.8040
G01 X55.8667Y36.8657
G01 X55.8673Y36.8657
G01 X55.8702Y36.9012
G01 X55.8870Y37.0139
G01 X55.8930Y37.0430
G01 X55.9193Y37.1478
G01 X55.9296Y37.1819
G01 X55.9660Y37.2836
G01 X55.9797Y37.3166
G01 X56.0258Y37.4142
G01 X56.0427Y37.4457
G01 X56.0982Y37.5383
G01 X56.1180Y37.5680
G01 X56.1823Y37.6547
G01 X56.2050Y37.6823
G01 X56.2775Y37.7623
G01 X56.3027Y37.7875
G01 X56.3827Y37.8600
G01 X56.3832Y37.8595
G01 X56.3849Y37.8610
G01 X50.6161Y37.8610
G00 Z3.0000
G00 X50.2895Y37.9590
G01 Z-0.2000
G01 X50.3073Y37.9506
G01 X50.3303Y37.9383
G01 X50.4229Y37.8828
G01 X50.4446Y37.8683
G01 X50.5313Y37.8040
G01 X50.5515Y37.7874
G01 X50.6315Y37.7149
G01 X50.6499Y37.6965
G01 X50.7224Y37.6165
G01 X50.7220Y37.6161
G01 X50.7390Y37.5963
G01 X50.8046Y37.5078
G01 X50.8178Y37.4879
G01 X50.8733Y37.3953
G01 X50.8856Y37.3723
G01 X50.9317Y37.2747
G01 X50.9417Y37.2506
G01 X50.9781Y37.1489
G01 X50.9857Y37.1239
G01 X51.0119Y37.0192
G01 X51.0170Y36.9936
G01 X51.0328Y36.8868
G01 X51.0354Y36.8609
G01 X51.0407Y36.7531
G01 X51.0407Y36.7269
G01 X51.0397Y36.7060
G01 X55.9603Y36.7060
G01 X55.9593Y36.7269
G01 X55.9593Y36.7531
G01 X55.9646Y36.8609
G01 X55.9672Y36.8868
G01 X55.9837Y36.9980
G01 X55.9881Y37.0192
G01 X56.0143Y37.1239
G01 X56.0219Y37.1489
G01 X56.0583Y37.2506
G01 X56.0683Y37.2747
G01 X56.1144Y37.3723
G01 X56.1267Y37.3953
G01 X56.1822Y37.4879
G01 X56.1967Y37.5096
G01 X56.2610Y37.5963
G01 X56.2776Y37.6165
G01 X56.3501Y37.6965
G01 X56.3685Y37.7149
G01 X56.4485Y37.7874
G01 X56.4489Y37.7870
G01 X56.4687Y37.8040
G01 X56.5572Y37.8696
G01 X56.5771Y37.8828
G01 X56.6697Y37.9383
G01 X56.6927Y37.9506
G01 X56.7105Y37.9590
G01 X50.2895Y37.9590
G00 Z3.0000
G00 X47.2021Y36.3420
G01 Z-0.2000
G01 X47.1894Y36.3799
G01 X47.1632Y36.4846
G01 X47.1600Y36.5007
G01 X47.1441Y36.6075
G01 X47.1425Y36.6239
G01 X47.1372Y36.7318
G01 X47.1372Y36.7482
G01 X47.1425Y36.8561
G01 X47.1441Y36.8725
G01 X47.1604Y36.9820
G01 X47.1632Y36.9954
G01 X47.1915Y37.1069
G01 X46.4343Y37.1069
G01 X46.4675Y37.0766
G01 X47.2021Y36.3420
G00 Z3.0000
G00 X47.0436Y36.6391
G01 Z-0.2000
G01 X47.0393Y36.7269
G01 X47.0393Y36.7531
G01 X47.0446Y36.8609
G01 X47.0472Y36.8868
G01 X47.0630Y36.9936
G01 X47.0660Y37.0089
G01 X46.6737Y37.0089
G01 X47.0436Y36.6391
G00 Z3.0000
G00 X46.9480Y36.8733
G01 Z-0.2000
G01 X46.9517Y36.9109
G01 X46.9103Y36.9109
G01 X46.9480Y36.8733
G00 Z3.0000
G00 X42.6534Y35.8129
G01 Z-0.2000
G01 X42.7153Y35.7447
G01 X42.7147Y35.7441
G01 X42.7441Y35.7096
G01 X42.7500Y35.7016
G01 X42.7847Y35.7447
G01 X42.8466Y35.8129
G01 X42.6534Y35.8129
G00 Z3.0000
G00 X42.3898Y35.9109
G01 Z-0.2000
G01 X42.4512Y35.8654
G01 X42.4788Y35.8427
G01 X42.5516Y35.7768
G01 X42.5768Y35.7516
G01 X42.6427Y35.6788
G01 X42.6422Y35.6784
G01 X42.6654Y35.6512
G01 X42.7256Y35.5700
G01 X42.7500Y35.5322
G01 X42.7762Y35.5724
G01 X42.8346Y35.6512
G01 X42.8573Y35.6788
G01 X42.9232Y35.7516
G01 X42.9484Y35.7768
G01 X43.0212Y35.8427
G01 X43.0216Y35.8422
G01 X43.0488Y35.8654
G01 X43.1102Y35.9109
G01 X42.3898Y35.9109
G00 Z3.0000
G00 X41.9748Y36.0089
G01 Z-0.2000
G01 X42.0723Y35.9743
G01 X42.0964Y35.9643
G01 X42.1851Y35.9224
G01 X42.2081Y35.9101
G01 X42.2923Y35.8596
G01 X42.3140Y35.8451
G01 X42.3928Y35.7867
G01 X42.4130Y35.7701
G01 X42.4857Y35.7042
G01 X42.5042Y35.6857
G01 X42.5701Y35.6130
G01 X42.5697Y35.6127
G01 X42.5867Y35.5928
G01 X42.6464Y35.5123
G01 X42.6596Y35.4923
G01 X42.7101Y35.4081
G01 X42.7224Y35.3851
G01 X42.7500Y35.3267
G01 X42.7776Y35.3851
G01 X42.7899Y35.4081
G01 X42.8404Y35.4923
G01 X42.8549Y35.5140
G01 X42.9133Y35.5928
G01 X42.9299Y35.6130
G01 X42.9958Y35.6857
G01 X43.0143Y35.7042
G01 X43.0870Y35.7701
G01 X43.0873Y35.7697
G01 X43.1072Y35.7867
G01 X43.1877Y35.8464
G01 X43.2077Y35.8596
G01 X43.2919Y35.9101
G01 X43.3149Y35.9224
G01 X43.4036Y35.9643
G01 X43.4277Y35.9743
G01 X43.5260Y36.0089
G01 X41.9748Y36.0089
G00 Z3.0000
G00 X42.7500Y34.6007
G01 Z-0.2000
G01 X42.7438Y34.5641
G01 X42.7199Y34.4689
G01 X42.7151Y34.4531
G01 X42.6821Y34.3607
G01 X42.6757Y34.3455
G01 X42.6389Y34.2676
G01 X42.7953Y34.4240
G01 X42.7849Y34.4531
G01 X42.7801Y34.4689
G01 X42.7562Y34.5641
G01 X42.7500Y34.6007
G00 Z3.0000
G00 X40.3958Y34.3990
G01 Z-0.2000
G01 X40.4772Y34.4805
G01 X40.4562Y34.5641
G01 X40.4500Y34.6007
G01 X40.4438Y34.5641
G01 X40.4199Y34.4689
G01 X40.4151Y34.4531
G01 X40.3958Y34.3990
G00 Z3.0000
G00 X40.3534Y35.8129
G01 Z-0.2000
G01 X40.4153Y35.7447
G01 X40.4147Y35.7441
G01 X40.4441Y35.7096
G01 X40.4500Y35.7016
G01 X40.4847Y35.7447
G01 X40.5466Y35.8129
G01 X40.3534Y35.8129
G00 Z3.0000
G00 X40.0898Y35.9109
G01 Z-0.2000
G01 X40.1512Y35.8654
G01 X40.1788Y35.8427
G01 X40.2516Y35.7768
G01 X40.2768Y35.7516
G01 X40.3427Y35.6788
G01 X40.3422Y35.6784
G01 X40.3654Y35.6512
G01 X40.4256Y35.5700
G01 X40.4500Y35.5322
G01 X40.4762Y35.5724
G01 X40.5346Y35.6512
G01 X40.5573Y35.6788
G01 X40.6232Y35.7516
G01 X40.6484Y35.7768
G01 X40.7212Y35.8427
G01 X40.7216Y35.8422
G01 X40.7488Y35.8654
G01 X40.8102Y35.9109
G01 X40.0898Y35.9109
G00 Z3.0000
G00 X39.6748Y36.0089
G01 Z-0.2000
G01 X39.7723Y35.9743
G01 X39.7964Y35.9643
G01 X39.8851Y35.9224
G01 X39.9081Y35.9101
G01 X39.9923Y35.8596
G01 X40.0140Y35.8451
G01 X40.0928Y35.7867
G01 X40.1130Y35.7701
G01 X40.1857Y35.7042
G01 X40.2042Y35.6857
G01 X40.2701Y35.6130
G01 X40.2697Y35.6127
G01 X40.2867Y35.5928
G01 X40.3464Y35.5123
G01 X40.3596Y35.4923
G01 X40.4101Y35.4081
G01 X40.4224Y35.3851
G01 X40.4500Y35.3267
G01 X40.4776Y35.3851
G01 X40.4899Y35.4081
G01 X40.5404Y35.4923
G01 X40.5549Y35.5140
G01 X40.6133Y35.5928
G01 X40.6299Y35.6130
G01 X40.6958Y35.6857
G01 X40.7143Y35.7042
G01 X40.7870Y35.7701
G01 X40.7873Y35.7697
G01 X40.8072Y35.7867
G01 X40.8877Y35.8464
G01 X40.9077Y35.8596
G01 X40.9919Y35.9101
G01 X41.0149Y35.9224
G01 X41.1036Y35.9643
G01 X41.1277Y35.9743
G01 X41.2260Y36.0089
G01 X39.6748Y36.0089
G00 Z3.0000
G00 X38.4633Y35.8761
G01 Z-0.2000
G01 X38.5102Y35.9109
G01 X38.4636Y35.9109
G01 X38.4633Y35.8761
G00 Z3.0000
G00 X38.3328Y35.6162
G01 Z-0.2000
G01 X38.3958Y35.6857
G01 X38.4143Y35.7042
G01 X38.4870Y35.7701
G01 X38.4873Y35.7697
G01 X38.5072Y35.7867
G01 X38.5877Y35.8464
G01 X38.6077Y35.8596
G01 X38.6919Y35.9101
G01 X38.7149Y35.9224
G01 X38.8036Y35.9643
G01 X38.8277Y35.9743
G01 X38.9260Y36.0089
G01 X38.3610Y36.0089
G01 X38.3657Y35.9131
G01 X38.3657Y35.8869
G01 X38.3609Y35.7889
G01 X38.3583Y35.7630
G01 X38.3432Y35.6615
G01 X38.3328Y35.6162
G00 Z3.0000
G00 X37.8290Y34.8660
G01 Z-0.2000
G01 X38.0369Y34.8660
G01 X38.0391Y34.9111
G01 X38.0417Y34.9370
G01 X38.0568Y35.0385
G01 X38.0672Y35.0838
G01 X38.0042Y35.0143
G01 X37.9857Y34.9958
G01 X37.9130Y34.9299
G01 X37.9127Y34.9303
G01 X37.8928Y34.9133
G01 X37.8290Y34.8660
G00 Z3.0000
G00 X37.3829Y34.7680
G01 Z-0.2000
G01 X38.1334Y34.7680
G01 X38.1322Y34.8082
G01 X38.1370Y34.9063
G01 X38.1386Y34.9227
G01 X38.1535Y35.0225
G01 X38.1801Y35.1311
G01 X38.1849Y35.1469
G01 X38.2179Y35.2393
G01 X38.2243Y35.2545
G01 X38.2662Y35.3432
G01 X38.2740Y35.3578
G01 X38.3244Y35.4419
G01 X38.3336Y35.4556
G01 X38.3921Y35.5345
G01 X38.4025Y35.5472
G01 X38.4684Y35.6199
G01 X38.4801Y35.6316
G01 X38.5528Y35.6975
G01 X38.5655Y35.7079
G01 X38.6455Y35.7672
G01 X38.6581Y35.7756
G01 X38.7422Y35.8260
G01 X38.7568Y35.8338
G01 X38.8455Y35.8757
G01 X38.8607Y35.8821
G01 X38.9531Y35.9151
G01 X38.9689Y35.9199
G01 X39.0641Y35.9438
G01 X39.0803Y35.9470
G01 X39.1773Y35.9614
G01 X39.1937Y35.9630
G01 X39.2918Y35.9678
G01 X39.3082Y35.9678
G01 X39.4063Y35.9630
G01 X39.4227Y35.9614
G01 X39.5225Y35.9465
G01 X39.6311Y35.9199
G01 X39.6469Y35.9151
G01 X39.7393Y35.8821
G01 X39.7545Y35.8757
G01 X39.8432Y35.8338
G01 X39.8578Y35.8260
G01 X39.9419Y35.7756
G01 X39.9556Y35.7664
G01 X40.0345Y35.7079
G01 X40.0472Y35.6975
G01 X40.1199Y35.6316
G01 X40.1316Y35.6199
G01 X40.1975Y35.5472
G01 X40.2079Y35.5345
G01 X40.2672Y35.4545
G01 X40.2756Y35.4419
G01 X40.3260Y35.3578
G01 X40.3338Y35.3432
G01 X40.3757Y35.2545
G01 X40.3821Y35.2393
G01 X40.4151Y35.1469
G01 X40.4199Y35.1311
G01 X40.4438Y35.0359
G01 X40.4500Y34.9993
G01 X40.4562Y35.0359
G01 X40.4801Y35.1311
G01 X40.4849Y35.1469
G01 X40.5179Y35.2393
G01 X40.5243Y35.2545
G01 X40.5662Y35.3432
G01 X40.5740Y35.3578
G01 X40.6244Y35.4419
G01 X40.6336Y35.4556
G01 X40.6921Y35.5345
G01 X40.7025Y35.5472
G01 X40.7684Y35.6199
G01 X40.7801Y35.6316
G01 X40.8528Y35.6975
G01 X40.8655Y35.7079
G01 X40.9455Y35.7672
G01 X40.9581Y35.7756
G01 X41.0422Y35.8260
G01 X41.0568Y35.8338
G01 X41.1455Y35.8757
G01 X41.1607Y35.8821
G01 X41.2531Y35.9151
G01 X41.2689Y35.9199
G01 X41.3641Y35.9438
G01 X41.3803Y35.9470
G01 X41.4773Y35.9614
G01 X41.4937Y35.9630
G01 X41.5918Y35.9678
G01 X41.6082Y35.9678
G01 X41.7063Y35.9630
G01 X41.7227Y35.9614
G01 X41.8225Y35.9465
G01 X41.9311Y35.9199
G01 X41.9469Y35.9151
G01 X42.0393Y35.8821
G01 X42.0545Y35.8757
G01 X42.1432Y35.8338
G01 X42.1578Y35.8260
G01 X42.2419Y35.7756
G01 X42.2556Y35.7664
G01 X42.3345Y35.7079
G01 X42.3472Y35.6975
G01 X42.4199Y35.6316
G01 X42.4316Y35.6199
G01 X42.4975Y35.5472
G01 X42.5079Y35.5345
G01 X42.5672Y35.4545
G01 X42.5756Y35.4419
G01 X42.6260Y35.3578
G01 X42.6338Y35.3432
G01 X42.6757Y35.2545
G01 X42.6821Y35.2393
G01 X42.7151Y35.1469
G01 X42.7199Y35.1311
G01 X42.7438Y35.0359
G01 X42.7500Y34.9993
G01 X42.7562Y35.0359
G01 X42.7801Y35.1311
G01 X42.7849Y35.1469
G01 X42.8179Y35.2393
G01 X42.8243Y35.2545
G01 X42.8662Y35.3432
G01 X42.8740Y35.3578
G01 X42.9244Y35.4419
G01 X42.9336Y35.4556
G01 X42.9921Y35.5345
G01 X43.0025Y35.5472
G01 X43.0684Y35.6199
G01 X43.0801Y35.6316
G01 X43.1528Y35.6975
G01 X43.1655Y35.7079
G01 X43.2455Y35.7672
G01 X43.2581Y35.7756
G01 X43.3422Y35.8260
G01 X43.3568Y35.8338
G01 X43.4455Y35.8757
G01 X43.4607Y35.8821
G01 X43.5531Y35.9151
G01 X43.5689Y35.9199
G01 X43.6641Y35.9438
G01 X43.6803Y35.9470
G01 X43.7773Y35.9614
G01 X43.7937Y35.9630
G01 X43.8918Y35.9678
G01 X43.9082Y35.9678
G01 X43.9393Y35.9663
G01 X43.9371Y35.9744
G01 X43.9332Y35.9954
G01 X43.9313Y36.0167
G01 X43.9315Y36.0381
G01 X43.9332Y36.0545
G01 X43.9371Y36.0755
G01 X43.9431Y36.0961
G01 X43.9473Y36.1069
G01 X38.2489Y36.1069
G01 X38.2614Y36.0227
G01 X38.2630Y36.0063
G01 X38.2678Y35.9082
G01 X38.2678Y35.8918
G01 X38.2630Y35.7937
G01 X38.2614Y35.7773
G01 X38.2465Y35.6775
G01 X38.2199Y35.5689
G01 X38.2151Y35.5531
G01 X38.1821Y35.4607
G01 X38.1757Y35.4455
G01 X38.1338Y35.3568
G01 X38.1260Y35.3422
G01 X38.0756Y35.2581
G01 X38.0664Y35.2444
G01 X38.0079Y35.1655
G01 X37.9975Y35.1528
G01 X37.9316Y35.0801
G01 X37.9199Y35.0684
G01 X37.8472Y35.0025
G01 X37.8345Y34.9921
G01 X37.7545Y34.9328
G01 X37.7419Y34.9244
G01 X37.6578Y34.8740
G01 X37.6432Y34.8662
G01 X37.5545Y34.8243
G01 X37.5393Y34.8179
G01 X37.4469Y34.7849
G01 X37.4311Y34.7801
G01 X37.3829Y34.7680
G00 Z3.0000
G00 X36.0350Y36.0014
G01 Z-0.2000
G01 X36.0301Y35.8966
G01 X36.0356Y35.7917
G01 X36.0513Y35.6879
G01 X36.0772Y35.5861
G01 X36.1128Y35.4874
G01 X36.1580Y35.3926
G01 X36.2120Y35.3032
G01 X36.2751Y35.2186
G01 X36.3459Y35.1410
G01 X36.4239Y35.0708
G01 X36.5084Y35.0085
G01 X36.5987Y34.9548
G01 X36.6937Y34.9102
G01 X36.7927Y34.8752
G01 X36.8935Y34.8502
G01 X36.9985Y34.8349
G01 X37.1034Y34.8301
G01 X37.2015Y34.8349
G01 X37.3054Y34.8500
G01 X37.4073Y34.8752
G01 X37.5126Y34.9128
G01 X37.6013Y34.9548
G01 X37.6916Y35.0085
G01 X37.7761Y35.0708
G01 X37.8541Y35.1410
G01 X37.9249Y35.2186
G01 X37.9915Y35.3084
G01 X38.0452Y35.3987
G01 X38.0872Y35.4874
G01 X38.1228Y35.5861
G01 X38.1498Y35.6935
G01 X38.1651Y35.7985
G01 X38.1699Y35.9034
G01 X38.1644Y36.0083
G01 X38.1500Y36.1054
G01 X38.1254Y36.2049
G01 X45.8712Y36.2049
G01 X47.3710Y34.7053
G01 X47.4054Y34.6746
G01 X47.4369Y34.6512
G01 X47.4823Y34.6239
G01 X47.5242Y34.6045
G01 X47.5677Y34.5893
G01 X47.6114Y34.5786
G01 X47.6514Y34.5727
G01 X47.7008Y34.5700
G01 X59.3026Y34.5701
G01 X59.3486Y34.5727
G01 X59.3942Y34.5798
G01 X59.4389Y34.5913
G01 X59.4822Y34.6072
G01 X59.5237Y34.6272
G01 X59.5626Y34.6508
G01 X59.5946Y34.6746
G01 X59.6290Y34.7053
G01 X62.0788Y37.1549
G01 X69.8226Y37.1549
G01 X73.2599Y33.7176
G01 X73.2968Y33.6846
G01 X73.3341Y33.6574
G01 X73.3738Y33.6339
G01 X73.4156Y33.6145
G01 X73.4592Y33.5993
G01 X73.5031Y33.5886
G01 X73.5496Y33.5820
G01 X73.5923Y33.5800
G01 X78.5077Y33.5800
G01 X78.5544Y33.5823
G01 X78.5995Y33.5890
G01 X78.6441Y33.6002
G01 X78.6870Y33.6155
G01 X78.7301Y33.6359
G01 X78.7685Y33.6590
G01 X78.8057Y33.6865
G01 X78.8394Y33.7170
G01 X82.2774Y37.1549
G01 X89.9212Y37.1549
G01 X92.3710Y34.7053
G01 X92.4054Y34.6746
G01 X92.4369Y34.6512
G01 X92.4823Y34.6239
G01 X92.5242Y34.6045
G01 X92.5677Y34.5893
G01 X92.6117Y34.5786
G01 X92.6514Y34.5727
G01 X92.7008Y34.5700
G01 X104.6434Y34.5701
G01 X104.6895Y34.5727
G01 X104.7350Y34.5798
G01 X104.7797Y34.5913
G01 X104.8230Y34.6072
G01 X104.8645Y34.6272
G01 X104.9035Y34.6508
G01 X104.9354Y34.6746
G01 X104.9698Y34.7053
G01 X108.3696Y38.1050
G01 X115.4161Y38.1050
G01 X118.6540Y34.8671
G01 X118.6876Y34.8367
G01 X118.7244Y34.8094
G01 X118.7640Y34.7856
G01 X118.8057Y34.7659
G01 X118.8497Y34.7501
G01 X118.8947Y34.7389
G01 X118.9395Y34.7323
G01 X118.9858Y34.7300
G01 X123.1142Y34.7300
G01 X123.1605Y34.7323
G01 X123.2053Y34.7389
G01 X123.2503Y34.7501
G01 X123.2943Y34.7659
G01 X123.3360Y34.7856
G01 X123.3756Y34.8094
G01 X123.4124Y34.8367
G01 X123.4460Y34.8671
G01 X126.6839Y38.1050
G01 X133.9712Y38.1050
G01 X137.3685Y34.7076
G01 X137.4027Y34.6766
G01 X137.4369Y34.6512
G01 X137.4800Y34.6251
G01 X137.5242Y34.6045
G01 X137.5637Y34.5905
G01 X137.6058Y34.5798
G01 X137.6554Y34.5722
G01 X137.7008Y34.5700
G01 X149.2992Y34.5700
G01 X149.3486Y34.5727
G01 X149.3942Y34.5798
G01 X149.4389Y34.5913
G01 X149.4822Y34.6072
G01 X149.5237Y34.6272
G01 X149.5626Y34.6508
G01 X149.5999Y34.6789
G01 X149.6315Y34.7076
G01 X153.9788Y39.0550
G01 X161.0803Y39.0550
G01 X164.2701Y35.8653
G01 X164.3045Y35.8346
G01 X164.3418Y35.8074
G01 X164.3815Y35.7840
G01 X164.4233Y35.7645
G01 X164.4669Y35.7493
G01 X164.5108Y35.7386
G01 X164.5574Y35.7320
G01 X164.6000Y35.7300
G01 X167.7000Y35.7300
G01 X167.7495Y35.7327
G01 X167.7950Y35.7398
G01 X167.8331Y35.7493
G01 X167.8767Y35.7645
G01 X167.9185Y35.7840
G01 X167.9635Y35.8108
G01 X168.0008Y35.8389
G01 X168.0323Y35.8677
G01 X171.2197Y39.0550
G01 X178.0661Y39.0550
G01 X181.2757Y35.8454
G01 X181.2922Y35.8113
G01 X181.3158Y35.7724
G01 X181.3439Y35.7351
G01 X181.3726Y35.7035
G01 X182.3685Y34.7076
G01 X182.4054Y34.6746
G01 X182.4369Y34.6512
G01 X182.4763Y34.6272
G01 X182.5178Y34.6072
G01 X182.5677Y34.5893
G01 X182.6117Y34.5786
G01 X182.6514Y34.5727
G01 X182.7008Y34.5700
G01 X185.7400Y34.5700
G01 X185.7826Y34.5720
G01 X185.8350Y34.5798
G01 X185.8797Y34.5913
G01 X185.9230Y34.6072
G01 X185.9645Y34.6272
G01 X186.0035Y34.6508
G01 X186.0408Y34.6789
G01 X186.0723Y34.7076
G01 X190.1344Y38.7697
G01 X190.1631Y38.8013
G01 X190.1947Y38.8439
G01 X190.2149Y38.8775
G01 X190.2349Y38.9191
G01 X190.2508Y38.9624
G01 X190.2623Y39.0070
G01 X190.2701Y39.0594
G01 X190.2721Y39.1021
G01 X190.2721Y40.3303
G01 X193.8823Y43.9406
G01 X193.9154Y43.9774
G01 X193.9426Y44.0147
G01 X193.9628Y44.0484
G01 X193.9828Y44.0899
G01 X194.0007Y44.1398
G01 X194.0114Y44.1837
G01 X194.0173Y44.2234
G01 X194.0200Y44.2729
G01 X194.0200Y47.1300
G01 X194.0180Y47.1726
G01 X194.0102Y47.2250
G01 X193.9987Y47.2697
G01 X193.9828Y47.3130
G01 X193.9660Y47.3485
G01 X193.9426Y47.3882
G01 X193.9111Y47.4308
G01 X193.8823Y47.4623
G01 X193.0165Y48.3282
G01 X193.0189Y48.3377
G01 X193.0200Y48.3500
G01 X193.0200Y49.8500
G01 X193.0189Y49.8623
G01 X193.0176Y49.8683
G01 X193.0133Y49.8799
G01 X193.0100Y49.8860
G01 X193.0019Y49.8970
G01 X192.9970Y49.9019
G01 X192.9860Y49.9100
G01 X192.9799Y49.9133
G01 X192.9683Y49.9176
G01 X192.9562Y49.9197
G01 X192.9500Y49.9200
G01 X189.9500Y49.9200
G01 X189.9438Y49.9197
G01 X189.9317Y49.9176
G01 X189.9201Y49.9133
G01 X189.9140Y49.9100
G01 X189.9030Y49.9019
G01 X189.8938Y49.8917
G01 X189.8900Y49.8860
G01 X189.8843Y49.8742
G01 X189.8811Y49.8623
G01 X189.8800Y49.8500
G01 X189.8800Y48.3500
G01 X189.8811Y48.3377
G01 X189.8824Y48.3317
G01 X189.8867Y48.3201
G01 X189.8938Y48.3083
G01 X189.9030Y48.2981
G01 X189.9140Y48.2900
G01 X189.9272Y48.2838
G01 X189.9423Y48.2804
G01 X189.9500Y48.2800
G01 X191.7353Y48.2800
G01 X193.0800Y46.9353
G01 X193.0800Y44.4676
G01 X189.4697Y40.8573
G01 X189.4410Y40.8257
G01 X189.4133Y40.7889
G01 X189.3860Y40.7435
G01 X189.3692Y40.7080
G01 X189.3534Y40.6647
G01 X189.3407Y40.6141
G01 X189.3341Y40.5676
G01 X189.3321Y40.5250
G01 X189.3321Y39.2968
G01 X185.5453Y35.5100
G01 X182.8955Y35.5100
G01 X182.1343Y36.2712
G01 X182.1178Y36.3053
G01 X182.0941Y36.3442
G01 X182.0661Y36.3816
G01 X182.0373Y36.4131
G01 X178.5931Y39.8573
G01 X178.5616Y39.8860
G01 X178.5247Y39.9138
G01 X178.4853Y39.9378
G01 X178.4438Y39.9578
G01 X178.4005Y39.9737
G01 X178.3500Y39.9864
G01 X178.3034Y39.9930
G01 X178.2608Y39.9950
G01 X171.0250Y39.9950
G01 X170.9823Y39.9930
G01 X170.9367Y39.9865
G01 X170.8853Y39.9737
G01 X170.8483Y39.9604
G01 X170.8065Y39.9410
G01 X170.7668Y39.9176
G01 X170.7295Y39.8904
G01 X170.6926Y39.8573
G01 X167.5053Y36.6700
G01 X164.7947Y36.6700
G01 X161.6074Y39.8573
G01 X161.5705Y39.8904
G01 X161.5390Y39.9138
G01 X161.4996Y39.9378
G01 X161.4517Y39.9604
G01 X161.4147Y39.9737
G01 X161.3701Y39.9852
G01 X161.3245Y39.9923
G01 X161.2750Y39.9950
G01 X153.7841Y39.9950
G01 X153.7546Y39.9936
G01 X153.7215Y39.9949
G01 X153.6823Y39.9930
G01 X153.6367Y39.9865
G01 X153.5853Y39.9737
G01 X153.5483Y39.9604
G01 X153.5065Y39.9410
G01 X153.4615Y39.9141
G01 X153.4242Y39.8860
G01 X153.3926Y39.8573
G01 X153.3653Y39.8299
G01 X153.3389Y39.8008
G01 X153.3112Y39.7639
G01 X153.2840Y39.7185
G01 X153.2672Y39.6830
G01 X153.2609Y39.6664
G01 X149.1045Y35.5100
G01 X137.8955Y35.5100
G01 X134.4957Y38.9097
G01 X134.4639Y38.9383
G01 X134.4266Y38.9660
G01 X134.3867Y38.9898
G01 X134.3462Y39.0090
G01 X134.3030Y39.0245
G01 X134.2574Y39.0360
G01 X134.2113Y39.0428
G01 X134.1659Y39.0450
G01 X126.4892Y39.0450
G01 X126.4397Y39.0423
G01 X126.3981Y39.0360
G01 X126.3531Y39.0248
G01 X126.3091Y39.0091
G01 X126.2646Y38.9878
G01 X126.2278Y38.9656
G01 X126.1937Y38.9404
G01 X126.1574Y38.9079
G01 X122.9195Y35.6700
G01 X119.1805Y35.6700
G01 X115.9425Y38.9079
G01 X115.9090Y38.9382
G01 X115.8722Y38.9656
G01 X115.8326Y38.9894
G01 X115.7909Y39.0091
G01 X115.7469Y39.0248
G01 X115.7019Y39.0360
G01 X115.6571Y39.0427
G01 X115.6108Y39.0450
G01 X108.1750Y39.0450
G01 X108.1323Y39.0429
G01 X108.0867Y39.0365
G01 X108.0353Y39.0236
G01 X107.9983Y39.0104
G01 X107.9565Y38.9910
G01 X107.9167Y38.9676
G01 X107.8795Y38.9404
G01 X107.8426Y38.9073
G01 X104.4453Y35.5100
G01 X92.8955Y35.5100
G01 X90.4457Y37.9597
G01 X90.4113Y37.9904
G01 X90.3741Y38.0176
G01 X90.3344Y38.0410
G01 X90.2925Y38.0604
G01 X90.2490Y38.0756
G01 X90.2050Y38.0864
G01 X90.1585Y38.0929
G01 X90.1159Y38.0949
G01 X82.0827Y38.0949
G01 X82.0332Y38.0923
G01 X81.9909Y38.0859
G01 X81.9463Y38.0747
G01 X81.9034Y38.0594
G01 X81.8581Y38.0378
G01 X81.8219Y38.0160
G01 X81.7872Y37.9904
G01 X81.7510Y37.9579
G01 X78.3130Y34.5200
G01 X73.7870Y34.5200
G01 X70.3472Y37.9597
G01 X70.3128Y37.9904
G01 X70.2755Y38.0176
G01 X70.2419Y38.0378
G01 X70.2003Y38.0578
G01 X70.1570Y38.0736
G01 X70.1124Y38.0852
G01 X70.0668Y38.0923
G01 X70.0207Y38.0949
G01 X61.8841Y38.0949
G01 X61.8380Y38.0927
G01 X61.7891Y38.0852
G01 X61.7475Y38.0746
G01 X61.7075Y38.0604
G01 X61.6628Y38.0396
G01 X61.6202Y38.0138
G01 X61.5860Y37.9883
G01 X61.5518Y37.9573
G01 X59.1045Y35.5100
G01 X47.8955Y35.5100
G01 X46.3982Y37.0073
G01 X46.3666Y37.0360
G01 X46.3298Y37.0638
G01 X46.2904Y37.0877
G01 X46.2425Y37.1104
G01 X46.1990Y37.1256
G01 X46.1553Y37.1363
G01 X46.1085Y37.1429
G01 X46.0659Y37.1449
G01 X37.8749Y37.1449
G01 X37.8255Y37.1423
G01 X37.7866Y37.1365
G01 X37.7418Y37.1256
G01 X37.6983Y37.1104
G01 X37.6565Y37.0910
G01 X37.6167Y37.0676
G01 X37.5795Y37.0404
G01 X37.5451Y37.0096
G01 X37.4465Y36.9112
G01 X37.4073Y36.9248
G01 X37.3121Y36.9487
G01 X37.2083Y36.9644
G01 X37.0966Y36.9699
G01 X36.9917Y36.9644
G01 X36.8946Y36.9500
G01 X36.7927Y36.9248
G01 X36.6937Y36.8898
G01 X36.5987Y36.8452
G01 X36.5084Y36.7915
G01 X36.4239Y36.7292
G01 X36.3410Y36.6541
G01 X36.2708Y36.5761
G01 X36.2123Y36.4973
G01 X36.1580Y36.4074
G01 X36.1128Y36.3126
G01 X36.0752Y36.2073
G01 X36.0502Y36.1065
G01 X36.0350Y36.0014
G00 Z3.0000
G00 X35.8368Y35.9644
G01 Z-0.2000
G01 X34.7384Y34.8660
G01 X36.3710Y34.8660
G01 X36.3072Y34.9133
G01 X36.2870Y34.9299
G01 X36.2143Y34.9958
G01 X36.1958Y35.0143
G01 X36.1299Y35.0870
G01 X36.1303Y35.0873
G01 X36.1133Y35.1072
G01 X36.0536Y35.1877
G01 X36.0404Y35.2077
G01 X35.9899Y35.2919
G01 X35.9776Y35.3149
G01 X35.9357Y35.4036
G01 X35.9257Y35.4277
G01 X35.8926Y35.5201
G01 X35.8850Y35.5451
G01 X35.8612Y35.6403
G01 X35.8561Y35.6659
G01 X35.8417Y35.7630
G01 X35.8391Y35.7889
G01 X35.8343Y35.8869
G01 X35.8343Y35.9131
G01 X35.8368Y35.9644
G00 Z3.0000
G00 X35.7467Y35.7357
G01 Z-0.2000
G01 X34.9750Y34.9640
G01 X36.1091Y34.9640
G01 X36.0573Y35.0212
G01 X36.0578Y35.0216
G01 X36.0346Y35.0488
G01 X35.9744Y35.1300
G01 X35.9563Y35.1573
G01 X35.9059Y35.2415
G01 X35.8890Y35.2730
G01 X35.8471Y35.3617
G01 X35.8334Y35.3947
G01 X35.8003Y35.4871
G01 X35.7900Y35.5213
G01 X35.7661Y35.6165
G01 X35.7592Y35.6515
G01 X35.7467Y35.7357
G00 Z3.0000
G00 X35.6853Y35.5357
G01 Z-0.2000
G01 X35.2116Y35.0620
G01 X35.9028Y35.0620
G01 X35.8952Y35.0723
G01 X35.8723Y35.1069
G01 X35.8218Y35.1911
G01 X35.8004Y35.2311
G01 X35.7585Y35.3198
G01 X35.7411Y35.3617
G01 X35.7081Y35.4541
G01 X35.7086Y35.4542
G01 X35.6949Y35.4975
G01 X35.6853Y35.5357
G00 Z3.0000
G00 X35.6404Y35.3522
G01 Z-0.2000
G01 X35.4482Y35.1600
G01 X35.7274Y35.1600
G01 X35.7118Y35.1892
G01 X35.6699Y35.2779
G01 X35.6489Y35.3287
G01 X35.6404Y35.3522
G00 Z3.0000
G00 X35.9872Y36.2534
G01 Z-0.2000
G01 X34.5322Y34.7984
G01 X34.4990Y34.7680
G01 X36.8171Y34.7680
G01 X36.7689Y34.7801
G01 X36.7531Y34.7849
G01 X36.6607Y34.8179
G01 X36.6455Y34.8243
G01 X36.5568Y34.8662
G01 X36.5422Y34.8740
G01 X36.4581Y34.9244
G01 X36.4444Y34.9336
G01 X36.3655Y34.9921
G01 X36.3528Y35.0025
G01 X36.2801Y35.0684
G01 X36.2684Y35.0801
G01 X36.2025Y35.1528
G01 X36.1921Y35.1655
G01 X36.1328Y35.2455
G01 X36.1244Y35.2581
G01 X36.0740Y35.3422
G01 X36.0662Y35.3568
G01 X36.0243Y35.4455
G01 X36.0179Y35.4607
G01 X35.9849Y35.5531
G01 X35.9801Y35.5689
G01 X35.9562Y35.6641
G01 X35.9530Y35.6803
G01 X35.9386Y35.7773
G01 X35.9370Y35.7937
G01 X35.9322Y35.8918
G01 X35.9322Y35.9082
G01 X35.9370Y36.0063
G01 X35.9386Y36.0227
G01 X35.9530Y36.1197
G01 X35.9562Y36.1359
G01 X35.9801Y36.2311
G01 X35.9872Y36.2534
G00 Z3.0000
G00 X37.5065Y37.1069
G01 Z-0.2000
G01 X36.8408Y37.1069
G01 X36.7466Y37.0128
G01 X36.7689Y37.0199
G01 X36.8641Y37.0438
G01 X36.8803Y37.0470
G01 X36.9773Y37.0614
G01 X36.9937Y37.0630
G01 X37.0918Y37.0678
G01 X37.1082Y37.0678
G01 X37.2063Y37.0630
G01 X37.2227Y37.0614
G01 X37.3225Y37.0465
G01 X37.4195Y37.0228
G01 X37.4733Y37.0766
G01 X37.5065Y37.1069
G00 Z3.0000
G00 X33.6855Y31.6112
G01 Z-0.2000
G01 X33.6801Y31.4966
G01 X33.6861Y31.3819
G01 X33.7032Y31.2684
G01 X33.7315Y31.1571
G01 X33.7705Y31.0491
G01 X33.8198Y30.9455
G01 X33.8788Y30.8476
G01 X33.9478Y30.7552
G01 X34.0252Y30.6703
G01 X34.1105Y30.5935
G01 X34.1972Y30.5292
G01 X34.2955Y30.4698
G01 X34.3991Y30.4205
G01 X34.5071Y30.3815
G01 X34.6240Y30.3521
G01 X34.7319Y30.3361
G01 X34.8466Y30.3301
G01 X34.9613Y30.3354
G01 X35.0816Y30.3532
G01 X35.1929Y30.3815
G01 X35.3009Y30.4205
G01 X35.4045Y30.4698
G01 X35.5024Y30.5288
G01 X35.5948Y30.5978
G01 X35.6797Y30.6752
G01 X35.7565Y30.7605
G01 X35.8247Y30.8529
G01 X35.8834Y30.9515
G01 X35.9322Y31.0555
G01 X35.9705Y31.1637
G01 X35.9979Y31.2740
G01 X36.0146Y31.3887
G01 X36.0199Y31.4966
G01 X36.0186Y31.5300
G01 X40.4556Y31.5300
G01 X40.5081Y31.5325
G01 X40.5635Y31.5404
G01 X40.6244Y31.5556
G01 X40.6769Y31.5748
G01 X40.7213Y31.5958
G01 X40.7694Y31.6242
G01 X40.8145Y31.6573
G01 X40.8562Y31.6946
G01 X41.6917Y32.5300
G01 X42.4160Y32.5300
G01 X42.4684Y32.5325
G01 X42.5238Y32.5404
G01 X42.5782Y32.5536
G01 X42.6309Y32.5722
G01 X42.6816Y32.5958
G01 X42.7355Y32.6280
G01 X42.7802Y32.6616
G01 X42.8191Y32.6969
G01 X43.8543Y33.7322
G01 X43.9034Y33.7301
G01 X44.0083Y33.7356
G01 X44.1121Y33.7513
G01 X44.2139Y33.7772
G01 X44.3126Y33.8128
G01 X44.4074Y33.8580
G01 X44.4968Y33.9120
G01 X44.5814Y33.9751
G01 X44.6590Y34.0459
G01 X44.7249Y34.1186
G01 X44.7915Y34.2084
G01 X44.8420Y34.2926
G01 X44.8872Y34.3874
G01 X44.9248Y34.4927
G01 X44.9498Y34.5935
G01 X44.9644Y34.6917
G01 X44.9699Y34.8034
G01 X44.9644Y34.9083
G01 X44.9500Y35.0054
G01 X44.9228Y35.1139
G01 X44.8872Y35.2126
G01 X44.8420Y35.3074
G01 X44.7880Y35.3968
G01 X44.7249Y35.4814
G01 X44.6541Y35.5590
G01 X44.5761Y35.6292
G01 X44.4916Y35.6915
G01 X44.4013Y35.7452
G01 X44.3063Y35.7898
G01 X44.2073Y35.8248
G01 X44.1065Y35.8498
G01 X44.0015Y35.8651
G01 X43.8966Y35.8699
G01 X43.7917Y35.8644
G01 X43.6879Y35.8487
G01 X43.5861Y35.8228
G01 X43.4937Y35.7898
G01 X43.3987Y35.7452
G01 X43.3032Y35.6880
G01 X43.2239Y35.6292
G01 X43.1410Y35.5541
G01 X43.0708Y35.4761
G01 X43.0085Y35.3916
G01 X42.9580Y35.3074
G01 X42.9128Y35.2126
G01 X42.8772Y35.1139
G01 X42.8502Y35.0065
G01 X42.8356Y34.9083
G01 X42.8301Y34.7966
G01 X42.8356Y34.6917
G01 X42.8513Y34.5879
G01 X42.8752Y34.4927
G01 X42.9085Y34.3986
G01 X42.1799Y33.6700
G01 X41.4556Y33.6700
G01 X41.4032Y33.6675
G01 X41.3478Y33.6596
G01 X41.2935Y33.6464
G01 X41.2407Y33.6278
G01 X41.1900Y33.6042
G01 X41.1362Y33.5720
G01 X41.0914Y33.5384
G01 X41.0526Y33.5030
G01 X40.2195Y32.6700
G01 X35.2900Y32.6700
G01 X35.2375Y32.6675
G01 X35.1822Y32.6596
G01 X35.1278Y32.6464
G01 X35.1089Y32.6399
G01 X35.0760Y32.6479
G01 X34.9681Y32.6639
G01 X34.8466Y32.6699
G01 X34.7319Y32.6639
G01 X34.6251Y32.6481
G01 X34.5137Y32.6205
G01 X34.4055Y32.5822
G01 X34.2955Y32.5302
G01 X34.1976Y32.4712
G01 X34.1105Y32.4065
G01 X34.0252Y32.3297
G01 X33.9478Y32.2448
G01 X33.8792Y32.1528
G01 X33.8198Y32.0545
G01 X33.7678Y31.9445
G01 X33.7315Y31.8429
G01 X33.7032Y31.7316
G01 X33.6855Y31.6112
G00 Z3.0000
G00 X33.6045Y31.2547
G01 Z-0.2000
G01 X33.6062Y31.2545
G01 X33.5891Y31.3675
G01 X33.5875Y31.3839
G01 X33.5822Y31.4918
G01 X33.5822Y31.5082
G01 X33.5875Y31.6161
G01 X33.5891Y31.6325
G01 X33.6050Y31.7393
G01 X33.6082Y31.7554
G01 X33.6344Y31.8601
G01 X33.6392Y31.8759
G01 X33.6559Y31.9226
G01 X33.5392Y31.8059
G01 X33.5518Y31.7554
G01 X33.5550Y31.7393
G01 X33.5709Y31.6325
G01 X33.5725Y31.6161
G01 X33.5778Y31.5082
G01 X33.5778Y31.4918
G01 X33.5725Y31.3839
G01 X33.5709Y31.3675
G01 X33.5539Y31.2546
G01 X33.5718Y31.2561
G01 X33.5882Y31.2561
G01 X33.6045Y31.2547
G00 Z3.0000
G00 X31.1455Y31.6112
G01 Z-0.2000
G01 X31.1401Y31.4966
G01 X31.1461Y31.3819
G01 X31.1619Y31.2751
G01 X31.1895Y31.1637
G01 X31.2305Y31.0491
G01 X31.2798Y30.9455
G01 X31.3388Y30.8476
G01 X31.4035Y30.7605
G01 X31.4852Y30.6703
G01 X31.5705Y30.5935
G01 X31.6572Y30.5292
G01 X31.7555Y30.4698
G01 X31.8591Y30.4205
G01 X31.9671Y30.3815
G01 X32.0840Y30.3521
G01 X32.1987Y30.3354
G01 X32.3134Y30.3301
G01 X32.4213Y30.3354
G01 X32.5416Y30.3532
G01 X32.6529Y30.3815
G01 X32.7545Y30.4178
G01 X32.8585Y30.4666
G01 X32.9624Y30.5288
G01 X33.0495Y30.5935
G01 X33.1397Y30.6752
G01 X33.2165Y30.7605
G01 X33.2808Y30.8472
G01 X33.3402Y30.9455
G01 X33.3895Y31.0491
G01 X33.4285Y31.1571
G01 X33.4581Y31.2751
G01 X33.4746Y31.3887
G01 X33.4799Y31.5034
G01 X33.4739Y31.6181
G01 X33.4581Y31.7249
G01 X33.4306Y31.8359
G01 X34.3247Y32.7300
G01 X40.0000Y32.7300
G01 X40.0495Y32.7327
G01 X40.0883Y32.7384
G01 X40.1331Y32.7493
G01 X40.1830Y32.7672
G01 X40.2245Y32.7872
G01 X40.2635Y32.8108
G01 X40.2955Y32.8346
G01 X40.3299Y32.8653
G01 X41.2535Y33.7888
G01 X41.2927Y33.7752
G01 X41.3879Y33.7513
G01 X41.4985Y33.7349
G01 X41.6034Y33.7301
G01 X41.7015Y33.7349
G01 X41.8121Y33.7513
G01 X41.9073Y33.7752
G01 X42.0063Y33.8102
G01 X42.1013Y33.8548
G01 X42.1973Y33.9123
G01 X42.2761Y33.9708
G01 X42.3541Y34.0410
G01 X42.4292Y34.1239
G01 X42.4877Y34.2027
G01 X42.5420Y34.2926
G01 X42.5872Y34.3874
G01 X42.6248Y34.4927
G01 X42.6498Y34.5935
G01 X42.6644Y34.6917
G01 X42.6699Y34.8034
G01 X42.6644Y34.9083
G01 X42.6500Y35.0054
G01 X42.6228Y35.1139
G01 X42.5872Y35.2126
G01 X42.5420Y35.3074
G01 X42.4880Y35.3968
G01 X42.4249Y35.4814
G01 X42.3541Y35.5590
G01 X42.2761Y35.6292
G01 X42.1973Y35.6877
G01 X42.1074Y35.7420
G01 X42.0126Y35.7872
G01 X41.9139Y35.8228
G01 X41.8065Y35.8498
G01 X41.7015Y35.8651
G01 X41.5966Y35.8699
G01 X41.4917Y35.8644
G01 X41.3946Y35.8500
G01 X41.2927Y35.8248
G01 X41.1937Y35.7898
G01 X41.0987Y35.7452
G01 X41.0032Y35.6880
G01 X40.9239Y35.6292
G01 X40.8459Y35.5590
G01 X40.7751Y35.4814
G01 X40.7123Y35.3973
G01 X40.6580Y35.3074
G01 X40.6102Y35.2063
G01 X40.5752Y35.1073
G01 X40.5502Y35.0065
G01 X40.5356Y34.9083
G01 X40.5301Y34.8034
G01 X40.5349Y34.6985
G01 X40.5500Y34.5946
G01 X40.5752Y34.4927
G01 X40.5888Y34.4535
G01 X39.8053Y33.6700
G01 X34.1300Y33.6700
G01 X34.0874Y33.6680
G01 X34.0417Y33.6616
G01 X33.9903Y33.6487
G01 X33.9470Y33.6328
G01 X33.9055Y33.6128
G01 X33.8665Y33.5892
G01 X33.8345Y33.5654
G01 X33.8001Y33.5347
G01 X32.8179Y32.5526
G01 X32.7545Y32.5822
G01 X32.6529Y32.6185
G01 X32.5360Y32.6479
G01 X32.4213Y32.6646
G01 X32.3066Y32.6699
G01 X32.1987Y32.6646
G01 X32.0784Y32.6468
G01 X31.9671Y32.6185
G01 X31.8655Y32.5822
G01 X31.7615Y32.5334
G01 X31.6576Y32.4712
G01 X31.5652Y32.4022
G01 X31.4803Y32.3248
G01 X31.4035Y32.2395
G01 X31.3392Y32.1528
G01 X31.2798Y32.0545
G01 X31.2305Y31.9509
G01 X31.1895Y31.8363
G01 X31.1621Y31.7260
G01 X31.1455Y31.6112
G00 Z3.0000
G00 X27.3864Y34.1427
G01 Z-0.2000
G01 X27.3134Y34.1467
G01 X27.2772Y34.1511
G01 X27.2384Y34.1568
G01 X27.2385Y34.1580
G01 X27.2059Y34.1625
G01 X27.1750Y34.1694
G01 X27.1370Y34.1790
G01 X27.0991Y34.1897
G01 X27.0382Y34.2109
G01 X27.0387Y34.2123
G01 X27.0112Y34.2213
G01 X26.9785Y34.2356
G01 X26.9431Y34.2524
G01 X26.9165Y34.2657
G01 X26.8861Y34.2829
G01 X26.8256Y34.3200
G01 X26.7987Y34.3389
G01 X26.7430Y34.3812
G01 X26.7173Y34.4033
G01 X26.6648Y34.4519
G01 X25.9980Y35.1187
G01 X25.9980Y32.7531
G01 X26.0103Y32.7654
G01 X26.0903Y32.8379
G01 X26.0911Y32.8369
G01 X26.1402Y32.8788
G01 X26.2313Y32.9463
G01 X26.2806Y32.9790
G01 X26.3732Y33.0345
G01 X26.4216Y33.0604
G01 X26.4356Y33.0944
G01 X26.4524Y33.1299
G01 X26.4828Y33.1868
G01 X26.5030Y33.2205
G01 X26.5389Y33.2742
G01 X26.5623Y33.3057
G01 X26.6032Y33.3556
G01 X26.6519Y33.4081
G01 X27.3864Y34.1427
G00 Z3.0000
G00 X27.1743Y34.0692
G01 Z-0.2000
G01 X27.1131Y34.0839
G01 X27.0697Y34.0962
G01 X27.0052Y34.1187
G01 X27.0057Y34.1202
G01 X26.9741Y34.1306
G01 X26.9366Y34.1471
G01 X26.8707Y34.1791
G01 X26.8357Y34.1988
G01 X26.7712Y34.2385
G01 X26.7088Y34.2836
G01 X26.6810Y34.3053
G01 X26.6515Y34.3307
G01 X26.5955Y34.3826
G01 X26.0960Y34.8821
G01 X26.0960Y32.9681
G01 X26.1735Y33.0255
G01 X26.2302Y33.0631
G01 X26.3228Y33.1186
G01 X26.3445Y33.1301
G01 X26.3638Y33.1718
G01 X26.3988Y33.2372
G01 X26.4190Y33.2709
G01 X26.4602Y33.3326
G01 X26.4836Y33.3641
G01 X26.5306Y33.4215
G01 X26.5826Y33.4774
G01 X27.1743Y34.0692
G00 Z3.0000
G00 X25.9000Y32.6349
G01 Z-0.2000
G01 X25.9552Y32.5739
G01 X25.9545Y32.5732
G01 X25.9594Y32.5674
G01 X26.0372Y32.6539
G01 X26.0761Y32.6928
G01 X26.1561Y32.7652
G01 X26.1568Y32.7645
G01 X26.1986Y32.8001
G01 X26.2890Y32.8671
G01 X26.3310Y32.8949
G01 X26.4236Y32.9504
G01 X26.4720Y32.9763
G01 X26.4986Y32.9889
G01 X26.5032Y33.0017
G01 X26.5242Y33.0525
G01 X26.5410Y33.0880
G01 X26.5669Y33.1365
G01 X26.5871Y33.1701
G01 X26.6176Y33.2158
G01 X26.6410Y33.2473
G01 X26.6759Y33.2898
G01 X26.7212Y33.3388
G01 X27.6224Y34.2400
G01 X27.4129Y34.2400
G01 X27.3855Y34.2407
G01 X27.3224Y34.2443
G01 X27.2916Y34.2480
G01 X27.2527Y34.2538
G01 X27.2529Y34.2548
G01 X27.2252Y34.2586
G01 X27.1608Y34.2740
G01 X27.1286Y34.2831
G01 X27.0712Y34.3032
G01 X27.0716Y34.3044
G01 X27.0482Y34.3120
G01 X27.0204Y34.3242
G01 X26.9624Y34.3523
G01 X26.9365Y34.3669
G01 X26.8800Y34.4016
G01 X26.8571Y34.4176
G01 X26.8050Y34.4571
G01 X26.7831Y34.4759
G01 X26.7341Y34.5212
G01 X25.9000Y35.3553
G01 X25.9000Y32.6349
G00 Z3.0000
G00 X25.9600Y32.4075
G01 Z-0.2000
G01 X26.0086Y32.4730
G01 X26.0374Y32.5081
G01 X26.1099Y32.5881
G01 X26.1419Y32.6201
G01 X26.2219Y32.6926
G01 X26.2225Y32.6920
G01 X26.2570Y32.7214
G01 X26.3467Y32.7880
G01 X26.3814Y32.8109
G01 X26.4739Y32.8664
G01 X26.5139Y32.8878
G01 X26.5781Y32.9181
G01 X26.5822Y32.9318
G01 X26.5955Y32.9687
G01 X26.6128Y33.0106
G01 X26.6296Y33.0461
G01 X26.6510Y33.0861
G01 X26.6711Y33.1197
G01 X26.6963Y33.1574
G01 X26.7197Y33.1890
G01 X26.7485Y33.2240
G01 X26.7905Y33.2695
G01 X27.8590Y34.3380
G01 X27.4129Y34.3380
G01 X27.3511Y34.3405
G01 X27.3314Y34.3419
G01 X27.3060Y34.3449
G01 X27.2444Y34.3547
G01 X27.2227Y34.3596
G01 X27.1846Y34.3691
G01 X27.1580Y34.3766
G01 X27.1412Y34.3823
G01 X27.1042Y34.3955
G01 X27.1046Y34.3964
G01 X27.0852Y34.4027
G01 X27.0623Y34.4128
G01 X27.0082Y34.4389
G01 X26.9532Y34.4712
G01 X26.9344Y34.4831
G01 X26.9155Y34.4964
G01 X26.8670Y34.5330
G01 X26.8489Y34.5485
G01 X26.8034Y34.5905
G01 X25.8434Y35.5505
G01 X25.8351Y35.5175
G01 X25.8219Y35.4741
G01 X25.8020Y35.4184
G01 X25.8020Y32.5962
G01 X25.8101Y32.5881
G01 X25.8826Y32.5081
G01 X25.8820Y32.5075
G01 X25.9114Y32.4730
G01 X25.9600Y32.4075
G00 Z3.0000
G00 X25.9600Y32.2262
G01 Z-0.2000
G01 X26.0032Y32.2983
G01 X26.0230Y32.3280
G01 X26.0873Y32.4147
G01 X26.1100Y32.4423
G01 X26.1825Y32.5223
G01 X26.2077Y32.5475
G01 X26.2877Y32.6200
G01 X26.2882Y32.6195
G01 X26.3153Y32.6427
G01 X26.4045Y32.7088
G01 X26.4317Y32.7268
G01 X26.5243Y32.7823
G01 X26.5558Y32.7992
G01 X26.6600Y32.8480
G01 X26.6641Y32.8646
G01 X26.6745Y32.8987
G01 X26.6877Y32.9357
G01 X26.7014Y32.9687
G01 X26.7182Y33.0042
G01 X26.7350Y33.0357
G01 X26.7552Y33.0694
G01 X26.7750Y33.0991
G01 X26.7984Y33.1306
G01 X26.8211Y33.1582
G01 X26.8598Y33.2002
G01 X28.0956Y34.4360
G01 X27.4129Y34.4360
G01 X27.3404Y34.4395
G01 X27.3203Y34.4419
G01 X27.2636Y34.4508
G01 X27.2084Y34.4642
G01 X27.1874Y34.4701
G01 X27.1223Y34.4935
G01 X27.0688Y34.5182
G01 X27.0373Y34.5350
G01 X26.9887Y34.5646
G01 X26.9424Y34.5984
G01 X26.9147Y34.6211
G01 X26.8727Y34.6598
G01 X25.7825Y35.7500
G01 X25.7699Y35.6656
G01 X25.7639Y35.6365
G01 X25.7400Y35.5413
G01 X25.7297Y35.5071
G01 X25.7040Y35.4354
G01 X25.7040Y32.5550
G01 X25.7375Y32.5223
G01 X25.8100Y32.4423
G01 X25.8095Y32.4418
G01 X25.8327Y32.4147
G01 X25.8988Y32.3255
G01 X25.9168Y32.2983
G01 X25.9600Y32.2262
G00 Z3.0000
G00 X25.9600Y32.0014
G01 Z-0.2000
G01 X25.9733Y32.0347
G01 X26.0194Y32.1323
G01 X26.0317Y32.1553
G01 X26.0872Y32.2479
G01 X26.1017Y32.2696
G01 X26.1660Y32.3563
G01 X26.1826Y32.3765
G01 X26.2551Y32.4565
G01 X26.2735Y32.4749
G01 X26.3535Y32.5474
G01 X26.3539Y32.5470
G01 X26.3737Y32.5640
G01 X26.4622Y32.6296
G01 X26.4821Y32.6428
G01 X26.5747Y32.6983
G01 X26.5977Y32.7106
G01 X26.6953Y32.7567
G01 X26.7194Y32.7667
G01 X26.7444Y32.7756
G01 X26.7497Y32.8027
G01 X26.7592Y32.8407
G01 X26.7668Y32.8657
G01 X26.7800Y32.9027
G01 X26.7900Y32.9268
G01 X26.8068Y32.9623
G01 X26.8191Y32.9853
G01 X26.8393Y33.0190
G01 X26.8538Y33.0407
G01 X26.8771Y33.0722
G01 X26.8937Y33.0924
G01 X26.9291Y33.1309
G01 X28.3322Y34.5340
G01 X27.4129Y34.5340
G01 X27.3607Y34.5363
G01 X27.3347Y34.5388
G01 X27.2828Y34.5469
G01 X27.2169Y34.5635
G01 X27.1593Y34.5842
G01 X27.0999Y34.6122
G01 X27.0540Y34.6393
G01 X27.0323Y34.6538
G01 X26.9909Y34.6848
G01 X26.9420Y34.7291
G01 X25.6935Y35.9776
G01 X25.6957Y35.9331
G01 X25.6957Y35.9069
G01 X25.6909Y35.8089
G01 X25.6883Y35.7830
G01 X25.6732Y35.6815
G01 X25.6688Y35.6603
G01 X25.6450Y35.5651
G01 X25.6374Y35.5401
G01 X25.6060Y35.4524
G01 X25.6060Y32.5116
G01 X25.6465Y32.4749
G01 X25.6649Y32.4565
G01 X25.7374Y32.3765
G01 X25.7370Y32.3761
G01 X25.7540Y32.3563
G01 X25.8196Y32.2678
G01 X25.8328Y32.2479
G01 X25.8883Y32.1553
G01 X25.9006Y32.1323
G01 X25.9467Y32.0347
G01 X25.9600Y32.0014
G00 Z3.0000
G00 X26.0655Y31.6112
G01 Z-0.2000
G01 X26.0601Y31.4966
G01 X26.0661Y31.3819
G01 X26.0832Y31.2684
G01 X26.1095Y31.1637
G01 X26.1478Y31.0555
G01 X26.1998Y30.9455
G01 X26.2592Y30.8472
G01 X26.3278Y30.7552
G01 X26.4052Y30.6703
G01 X26.4852Y30.5978
G01 X26.5772Y30.5292
G01 X26.6755Y30.4698
G01 X26.7791Y30.4205
G01 X26.8937Y30.3795
G01 X27.0040Y30.3521
G01 X27.1119Y30.3361
G01 X27.2266Y30.3301
G01 X27.3413Y30.3354
G01 X27.4616Y30.3532
G01 X27.5663Y30.3795
G01 X27.6745Y30.4178
G01 X27.7845Y30.4698
G01 X27.8824Y30.5288
G01 X27.9695Y30.5935
G01 X28.0597Y30.6752
G01 X28.1365Y30.7605
G01 X28.2008Y30.8472
G01 X28.2634Y30.9515
G01 X28.3095Y31.0491
G01 X28.3485Y31.1571
G01 X28.3779Y31.2740
G01 X28.3939Y31.3819
G01 X28.3999Y31.4966
G01 X28.3939Y31.6181
G01 X28.3781Y31.7249
G01 X28.3505Y31.8363
G01 X28.3095Y31.9509
G01 X28.2634Y32.0485
G01 X28.2047Y32.1471
G01 X28.1322Y32.2448
G01 X28.0548Y32.3297
G01 X27.9748Y32.4022
G01 X27.8784Y32.4738
G01 X29.1347Y33.7300
G01 X38.7200Y33.7300
G01 X38.7695Y33.7327
G01 X38.8083Y33.7385
G01 X38.8531Y33.7493
G01 X38.9030Y33.7672
G01 X38.9385Y33.7840
G01 X38.9496Y33.7902
G01 X38.9927Y33.7752
G01 X39.0879Y33.7513
G01 X39.1917Y33.7356
G01 X39.3034Y33.7301
G01 X39.4083Y33.7356
G01 X39.5054Y33.7500
G01 X39.6073Y33.7752
G01 X39.7063Y33.8102
G01 X39.8013Y33.8548
G01 X39.8916Y33.9085
G01 X39.9761Y33.9708
G01 X40.0541Y34.0410
G01 X40.1249Y34.1186
G01 X40.1877Y34.2027
G01 X40.2420Y34.2926
G01 X40.2872Y34.3874
G01 X40.3228Y34.4861
G01 X40.3498Y34.5935
G01 X40.3651Y34.6985
G01 X40.3699Y34.8034
G01 X40.3644Y34.9083
G01 X40.3487Y35.0121
G01 X40.3248Y35.1073
G01 X40.2898Y35.2063
G01 X40.2452Y35.3013
G01 X40.1915Y35.3916
G01 X40.1292Y35.4761
G01 X40.0590Y35.5541
G01 X39.9761Y35.6292
G01 X39.8973Y35.6877
G01 X39.8074Y35.7420
G01 X39.7126Y35.7872
G01 X39.6139Y35.8228
G01 X39.5065Y35.8498
G01 X39.4083Y35.8644
G01 X39.2966Y35.8699
G01 X39.1917Y35.8644
G01 X39.0879Y35.8487
G01 X38.9861Y35.8228
G01 X38.8874Y35.7872
G01 X38.7987Y35.7452
G01 X38.7084Y35.6915
G01 X38.6239Y35.6292
G01 X38.5459Y35.5590
G01 X38.4751Y35.4814
G01 X38.4123Y35.3973
G01 X38.3580Y35.3074
G01 X38.3128Y35.2126
G01 X38.2752Y35.1073
G01 X38.2502Y35.0065
G01 X38.2349Y34.9015
G01 X38.2301Y34.7966
G01 X38.2349Y34.6985
G01 X38.2388Y34.6700
G01 X28.9400Y34.6700
G01 X28.8905Y34.6673
G01 X28.8450Y34.6602
G01 X28.8069Y34.6507
G01 X28.7634Y34.6355
G01 X28.7155Y34.6128
G01 X28.6765Y34.5892
G01 X28.6446Y34.5654
G01 X28.6102Y34.5347
G01 X27.0653Y32.9899
G01 X27.0346Y32.9555
G01 X27.0074Y32.9182
G01 X26.9840Y32.8785
G01 X26.9645Y32.8367
G01 X26.9493Y32.7931
G01 X26.9386Y32.7494
G01 X26.9320Y32.7026
G01 X26.9301Y32.6634
G01 X26.9300Y32.6296
G01 X26.8871Y32.6185
G01 X26.7855Y32.5822
G01 X26.6755Y32.5302
G01 X26.5776Y32.4712
G01 X26.4905Y32.4065
G01 X26.4003Y32.3248
G01 X26.3235Y32.2395
G01 X26.2592Y32.1528
G01 X26.1998Y32.0545
G01 X26.1505Y31.9509
G01 X26.1115Y31.8429
G01 X26.0832Y31.7316
G01 X26.0655Y31.6112
G00 Z3.0000
G00 X25.9831Y31.2548
G01 Z-0.2000
G01 X25.9862Y31.2545
G01 X25.9691Y31.3675
G01 X25.9675Y31.3839
G01 X25.9622Y31.4918
G01 X25.9622Y31.5082
G01 X25.9675Y31.6161
G01 X25.9691Y31.6325
G01 X25.9854Y31.7420
G01 X26.0144Y31.8601
G01 X26.0192Y31.8759
G01 X26.0556Y31.9775
G01 X26.0619Y31.9928
G01 X26.1080Y32.0904
G01 X26.1158Y32.1049
G01 X26.1713Y32.1975
G01 X26.1804Y32.2112
G01 X26.2447Y32.2979
G01 X26.2552Y32.3107
G01 X26.3277Y32.3906
G01 X26.3394Y32.4023
G01 X26.4193Y32.4748
G01 X26.4321Y32.4853
G01 X26.5199Y32.5504
G01 X26.5325Y32.5587
G01 X26.6251Y32.6142
G01 X26.6396Y32.6220
G01 X26.7372Y32.6681
G01 X26.7525Y32.6744
G01 X26.8339Y32.7036
G01 X26.8357Y32.7239
G01 X26.8419Y32.7654
G01 X26.8447Y32.7789
G01 X26.8543Y32.8169
G01 X26.8590Y32.8327
G01 X26.8723Y32.8697
G01 X26.8786Y32.8849
G01 X26.8954Y32.9204
G01 X26.9031Y32.9349
G01 X26.9233Y32.9686
G01 X26.9325Y32.9823
G01 X26.9559Y33.0138
G01 X26.9663Y33.0266
G01 X26.9984Y33.0616
G01 X28.5384Y34.6016
G01 X28.5716Y34.6320
G01 X27.4047Y34.6322
G01 X27.3655Y34.6341
G01 X27.3491Y34.6358
G01 X27.3020Y34.6430
G01 X27.2560Y34.6543
G01 X27.2402Y34.6591
G01 X27.1964Y34.6749
G01 X27.1458Y34.6988
G01 X27.1043Y34.7233
G01 X27.0906Y34.7325
G01 X27.0529Y34.7607
G01 X27.0113Y34.7984
G01 X25.5459Y36.2638
G01 X25.5499Y36.2511
G01 X25.5738Y36.1559
G01 X25.5770Y36.1397
G01 X25.5914Y36.0427
G01 X25.5930Y36.0263
G01 X25.5978Y35.9282
G01 X25.5978Y35.9118
G01 X25.5930Y35.8137
G01 X25.5914Y35.7973
G01 X25.5765Y35.6975
G01 X25.5499Y35.5889
G01 X25.5451Y35.5731
G01 X25.5080Y35.4709
G01 X25.5080Y32.4681
G01 X25.5806Y32.4023
G01 X25.5923Y32.3906
G01 X25.6648Y32.3107
G01 X25.6753Y32.2979
G01 X25.7404Y32.2101
G01 X25.7487Y32.1975
G01 X25.8042Y32.1049
G01 X25.8120Y32.0904
G01 X25.8581Y31.9928
G01 X25.8644Y31.9775
G01 X25.9008Y31.8759
G01 X25.9056Y31.8601
G01 X25.9318Y31.7554
G01 X25.9350Y31.7393
G01 X25.9509Y31.6325
G01 X25.9525Y31.6161
G01 X25.9578Y31.5082
G01 X25.9578Y31.4918
G01 X25.9525Y31.3839
G01 X25.9509Y31.3675
G01 X25.9339Y31.2546
G01 X25.9518Y31.2561
G01 X25.9682Y31.2561
G01 X25.9831Y31.2548
G00 Z3.0000
G00 X23.4431Y31.2548
G01 Z-0.2000
G01 X23.4462Y31.2545
G01 X23.4291Y31.3675
G01 X23.4275Y31.3839
G01 X23.4222Y31.4918
G01 X23.4222Y31.5082
G01 X23.4275Y31.6161
G01 X23.4291Y31.6325
G01 X23.4461Y31.7454
G01 X23.4282Y31.7439
G01 X23.4118Y31.7439
G01 X23.3938Y31.7455
G01 X23.4109Y31.6325
G01 X23.4125Y31.6161
G01 X23.4178Y31.5082
G01 X23.4178Y31.4918
G01 X23.4125Y31.3839
G01 X23.4109Y31.3675
G01 X23.3939Y31.2546
G01 X23.4118Y31.2561
G01 X23.4282Y31.2561
G01 X23.4431Y31.2548
G00 Z3.0000
G00 X23.3650Y36.0214
G01 Z-0.2000
G01 X23.3601Y35.9234
G01 X23.3649Y35.8185
G01 X23.3800Y35.7146
G01 X23.4052Y35.6127
G01 X23.4402Y35.5137
G01 X23.4848Y35.4187
G01 X23.5420Y35.3232
G01 X23.6008Y35.2439
G01 X23.6710Y35.1659
G01 X23.7486Y35.0951
G01 X23.8327Y35.0323
G01 X23.9226Y34.9780
G01 X24.0174Y34.9328
G01 X24.1161Y34.8972
G01 X24.2179Y34.8713
G01 X24.2700Y34.8632
G01 X24.2700Y32.5910
G01 X24.2391Y32.5795
G01 X24.1355Y32.5302
G01 X24.0376Y32.4712
G01 X23.9452Y32.4022
G01 X23.8603Y32.3248
G01 X23.7835Y32.2395
G01 X23.7153Y32.1471
G01 X23.6566Y32.0485
G01 X23.6105Y31.9509
G01 X23.5715Y31.8429
G01 X23.5421Y31.7260
G01 X23.5261Y31.6181
G01 X23.5201Y31.5034
G01 X23.5254Y31.3887
G01 X23.5419Y31.2751
G01 X23.5695Y31.1637
G01 X23.6078Y31.0555
G01 X23.6566Y30.9515
G01 X23.7188Y30.8476
G01 X23.7835Y30.7605
G01 X23.8603Y30.6752
G01 X23.9452Y30.5978
G01 X24.0372Y30.5292
G01 X24.1355Y30.4698
G01 X24.2391Y30.4205
G01 X24.3471Y30.3815
G01 X24.4640Y30.3521
G01 X24.5719Y30.3361
G01 X24.6866Y30.3301
G01 X24.8013Y30.3354
G01 X24.9149Y30.3519
G01 X25.0263Y30.3795
G01 X25.1409Y30.4205
G01 X25.2445Y30.4698
G01 X25.3424Y30.5288
G01 X25.4295Y30.5935
G01 X25.5148Y30.6703
G01 X25.5965Y30.7605
G01 X25.6608Y30.8472
G01 X25.7202Y30.9455
G01 X25.7722Y31.0555
G01 X25.8085Y31.1571
G01 X25.8368Y31.2684
G01 X25.8546Y31.3887
G01 X25.8599Y31.5034
G01 X25.8539Y31.6181
G01 X25.8381Y31.7249
G01 X25.8105Y31.8363
G01 X25.7695Y31.9509
G01 X25.7202Y32.0545
G01 X25.6612Y32.1524
G01 X25.5965Y32.2395
G01 X25.5148Y32.3297
G01 X25.4348Y32.4022
G01 X25.4100Y32.4210
G01 X25.4100Y35.4923
G01 X25.4198Y35.5137
G01 X25.4528Y35.6061
G01 X25.4787Y35.7079
G01 X25.4944Y35.8117
G01 X25.4999Y35.9166
G01 X25.4944Y36.0283
G01 X25.4800Y36.1254
G01 X25.4548Y36.2273
G01 X25.4172Y36.3326
G01 X25.3720Y36.4274
G01 X25.3177Y36.5173
G01 X25.2549Y36.6014
G01 X25.1841Y36.6790
G01 X25.1061Y36.7492
G01 X25.0216Y36.8115
G01 X24.9374Y36.8620
G01 X24.8426Y36.9072
G01 X24.7439Y36.9428
G01 X24.6421Y36.9687
G01 X24.5315Y36.9851
G01 X24.4266Y36.9899
G01 X24.3217Y36.9844
G01 X24.2246Y36.9700
G01 X24.1227Y36.9448
G01 X24.0237Y36.9098
G01 X23.9287Y36.8652
G01 X23.8332Y36.8080
G01 X23.7539Y36.7492
G01 X23.6710Y36.6741
G01 X23.6008Y36.5961
G01 X23.5423Y36.5173
G01 X23.4880Y36.4274
G01 X23.4428Y36.3326
G01 X23.4072Y36.2339
G01 X23.3813Y36.1321
G01 X23.3650Y36.0214
G00 Z3.0000
G00 X24.4150Y37.0875
G01 Z-0.2000
G01 X24.4382Y37.0878
G01 X24.5363Y37.0830
G01 X24.5527Y37.0814
G01 X24.6525Y37.0665
G01 X24.7611Y37.0399
G01 X24.7736Y37.0361
G01 X24.3973Y37.4124
G01 X24.3605Y37.4532
G01 X24.3325Y37.4907
G01 X24.3233Y37.5044
G01 X24.2992Y37.5449
G01 X24.2786Y37.5881
G01 X24.2723Y37.6033
G01 X24.2564Y37.6483
G01 X24.2447Y37.6941
G01 X24.2415Y37.7103
G01 X24.2357Y37.7491
G01 X24.2341Y37.7655
G01 X24.2320Y37.8129
G01 X24.2346Y37.8676
G01 X24.2429Y37.9239
G01 X24.2570Y37.9796
G01 X24.2570Y39.5500
G01 X24.2591Y39.5975
G01 X24.2607Y39.6139
G01 X24.2669Y39.6554
G01 X24.2793Y39.7069
G01 X24.2840Y39.7227
G01 X24.2973Y39.7597
G01 X24.3036Y39.7749
G01 X24.3204Y39.8104
G01 X24.3281Y39.8249
G01 X24.3483Y39.8586
G01 X24.3575Y39.8723
G01 X24.3820Y39.9052
G01 X24.3824Y40.2245
G01 X24.3847Y40.2530
G01 X24.3872Y40.2678
G01 X24.3914Y40.2869
G01 X24.3982Y40.3099
G01 X24.4078Y40.3353
G01 X24.4244Y40.3674
G01 X24.4373Y40.3875
G01 X24.4491Y40.4032
G01 X24.4648Y40.4213
G01 X24.4787Y40.4352
G01 X24.4968Y40.4509
G01 X24.5173Y40.4662
G01 X24.5326Y40.4756
G01 X24.5499Y40.4850
G01 X24.5717Y40.4950
G01 X24.5901Y40.5018
G01 X24.6131Y40.5086
G01 X24.6322Y40.5128
G01 X24.6559Y40.5162
G01 X24.6755Y40.5176
G01 X24.9625Y40.5180
G01 X25.0070Y40.5147
G01 X25.0442Y40.5066
G01 X25.0569Y40.5030
G01 X25.0693Y40.4985
G01 X25.1007Y40.4850
G01 X25.1127Y40.4783
G01 X25.1421Y40.4597
G01 X25.1524Y40.4515
G01 X25.1785Y40.4285
G01 X25.2015Y40.4024
G01 X25.2170Y40.3811
G01 X25.2347Y40.3512
G01 X25.2507Y40.3138
G01 X25.2566Y40.2942
G01 X25.2642Y40.2603
G01 X25.2675Y40.2257
G01 X25.2680Y39.9052
G01 X25.2933Y39.8712
G01 X25.3219Y39.8249
G01 X25.3296Y39.8104
G01 X25.3464Y39.7749
G01 X25.3527Y39.7597
G01 X25.3660Y39.7227
G01 X25.3707Y39.7069
G01 X25.3803Y39.6689
G01 X25.3835Y39.6527
G01 X25.3893Y39.6139
G01 X25.3909Y39.5975
G01 X25.3930Y39.5500
G01 X25.3930Y38.0232
G01 X25.5270Y37.8892
G01 X25.5270Y39.5500
G01 X25.5291Y39.5975
G01 X25.5307Y39.6139
G01 X25.5369Y39.6554
G01 X25.5397Y39.6689
G01 X25.5493Y39.7069
G01 X25.5540Y39.7227
G01 X25.5673Y39.7597
G01 X25.5736Y39.7749
G01 X25.5904Y39.8104
G01 X25.5981Y39.8249
G01 X25.6183Y39.8586
G01 X25.6275Y39.8723
G01 X25.6520Y39.9052
G01 X25.6520Y40.2125
G01 X25.6553Y40.2570
G01 X25.6583Y40.2732
G01 X25.6670Y40.3069
G01 X25.6798Y40.3392
G01 X25.6850Y40.3507
G01 X25.7030Y40.3811
G01 X25.7103Y40.3921
G01 X25.7185Y40.4024
G01 X25.7415Y40.4285
G01 X25.7512Y40.4375
G01 X25.7747Y40.4572
G01 X25.7889Y40.4670
G01 X25.8188Y40.4847
G01 X25.8308Y40.4902
G01 X25.8562Y40.5007
G01 X25.8758Y40.5066
G01 X25.8968Y40.5117
G01 X25.9097Y40.5142
G01 X25.9228Y40.5158
G01 X25.9575Y40.5180
G01 X26.2325Y40.5180
G01 X26.2672Y40.5158
G01 X26.2932Y40.5117
G01 X26.3269Y40.5030
G01 X26.3393Y40.4985
G01 X26.3707Y40.4850
G01 X26.3827Y40.4783
G01 X26.4121Y40.4597
G01 X26.4224Y40.4515
G01 X26.4485Y40.4285
G01 X26.4715Y40.4024
G01 X26.4870Y40.3811
G01 X26.5047Y40.3512
G01 X26.5102Y40.3392
G01 X26.5207Y40.3138
G01 X26.5266Y40.2942
G01 X26.5317Y40.2732
G01 X26.5342Y40.2603
G01 X26.5375Y40.2257
G01 X26.5380Y39.9052
G01 X26.5633Y39.8712
G01 X26.5919Y39.8249
G01 X26.5996Y39.8104
G01 X26.6164Y39.7749
G01 X26.6227Y39.7597
G01 X26.6360Y39.7227
G01 X26.6407Y39.7069
G01 X26.6503Y39.6689
G01 X26.6535Y39.6527
G01 X26.6593Y39.6139
G01 X26.6609Y39.5975
G01 X26.6630Y39.5500
G01 X26.6630Y38.0968
G01 X26.7970Y37.9628
G01 X26.7970Y39.5500
G01 X26.7991Y39.5975
G01 X26.8007Y39.6139
G01 X26.8069Y39.6554
G01 X26.8097Y39.6689
G01 X26.8193Y39.7069
G01 X26.8240Y39.7227
G01 X26.8373Y39.7597
G01 X26.8436Y39.7749
G01 X26.8604Y39.8104
G01 X26.8681Y39.8249
G01 X26.8883Y39.8586
G01 X26.8975Y39.8723
G01 X26.9220Y39.9052
G01 X26.9220Y40.2125
G01 X26.9253Y40.2570
G01 X26.9283Y40.2732
G01 X26.9370Y40.3069
G01 X26.9415Y40.3193
G01 X26.9550Y40.3507
G01 X26.9730Y40.3811
G01 X26.9803Y40.3921
G01 X26.9885Y40.4024
G01 X27.0115Y40.4285
G01 X27.0212Y40.4375
G01 X27.0447Y40.4572
G01 X27.0589Y40.4670
G01 X27.0888Y40.4847
G01 X27.1262Y40.5007
G01 X27.1458Y40.5066
G01 X27.1668Y40.5117
G01 X27.1797Y40.5142
G01 X27.1928Y40.5158
G01 X27.2275Y40.5180
G01 X27.5025Y40.5180
G01 X27.5372Y40.5158
G01 X27.5632Y40.5117
G01 X27.5969Y40.5030
G01 X27.6093Y40.4985
G01 X27.6407Y40.4850
G01 X27.6527Y40.4783
G01 X27.6821Y40.4597
G01 X27.6924Y40.4515
G01 X27.7185Y40.4285
G01 X27.7472Y40.3953
G01 X27.7570Y40.3811
G01 X27.7747Y40.3512
G01 X27.7907Y40.3138
G01 X27.7966Y40.2942
G01 X27.8042Y40.2603
G01 X27.8058Y40.2472
G01 X27.8080Y40.2125
G01 X27.8080Y39.9052
G01 X27.8333Y39.8712
G01 X27.8417Y39.8586
G01 X27.8619Y39.8249
G01 X27.8696Y39.8104
G01 X27.8864Y39.7749
G01 X27.8927Y39.7597
G01 X27.9060Y39.7227
G01 X27.9107Y39.7069
G01 X27.9203Y39.6689
G01 X27.9235Y39.6527
G01 X27.9293Y39.6139
G01 X27.9309Y39.5975
G01 X27.9330Y39.5500
G01 X27.9330Y38.1703
G01 X28.0873Y38.0160
G01 X28.0797Y38.0461
G01 X28.0765Y38.0623
G01 X28.0707Y38.1011
G01 X28.0691Y38.1175
G01 X28.0670Y38.1650
G01 X28.0670Y39.5500
G01 X28.0691Y39.5975
G01 X28.0707Y39.6139
G01 X28.0769Y39.6554
G01 X28.0893Y39.7069
G01 X28.0940Y39.7227
G01 X28.1073Y39.7597
G01 X28.1136Y39.7749
G01 X28.1304Y39.8104
G01 X28.1381Y39.8249
G01 X28.1583Y39.8586
G01 X28.1675Y39.8723
G01 X28.1920Y39.9052
G01 X28.1925Y40.2257
G01 X28.1953Y40.2570
G01 X28.1983Y40.2732
G01 X28.2070Y40.3069
G01 X28.2198Y40.3392
G01 X28.2250Y40.3507
G01 X28.2430Y40.3811
G01 X28.2503Y40.3921
G01 X28.2585Y40.4024
G01 X28.2815Y40.4285
G01 X28.3147Y40.4572
G01 X28.3473Y40.4783
G01 X28.3588Y40.4847
G01 X28.3708Y40.4902
G01 X28.3962Y40.5007
G01 X28.4158Y40.5066
G01 X28.4497Y40.5142
G01 X28.4628Y40.5158
G01 X28.4975Y40.5180
G01 X28.7725Y40.5180
G01 X28.8170Y40.5147
G01 X28.8332Y40.5117
G01 X28.8669Y40.5030
G01 X28.8992Y40.4902
G01 X28.9107Y40.4850
G01 X28.9227Y40.4783
G01 X28.9521Y40.4597
G01 X28.9624Y40.4515
G01 X28.9885Y40.4285
G01 X29.0115Y40.4024
G01 X29.0270Y40.3811
G01 X29.0447Y40.3512
G01 X29.0585Y40.3193
G01 X29.0666Y40.2942
G01 X29.0717Y40.2732
G01 X29.0742Y40.2603
G01 X29.0775Y40.2257
G01 X29.0780Y39.9052
G01 X29.1033Y39.8712
G01 X29.1319Y39.8249
G01 X29.1396Y39.8104
G01 X29.1564Y39.7749
G01 X29.1627Y39.7597
G01 X29.1760Y39.7227
G01 X29.1807Y39.7069
G01 X29.1903Y39.6689
G01 X29.1935Y39.6527
G01 X29.1993Y39.6139
G01 X29.2009Y39.5975
G01 X29.2030Y39.5500
G01 X29.2030Y38.6181
G01 X29.6239Y38.6181
G01 X29.5879Y38.6403
G01 X29.5776Y38.6485
G01 X29.5515Y38.6715
G01 X29.5228Y38.7047
G01 X29.5017Y38.7373
G01 X29.4953Y38.7488
G01 X29.4898Y38.7608
G01 X29.4793Y38.7862
G01 X29.4734Y38.8058
G01 X29.4653Y38.8430
G01 X29.4620Y38.8875
G01 X29.4620Y40.2125
G01 X29.4625Y40.2257
G01 X29.4653Y40.2570
G01 X29.4734Y40.2942
G01 X29.4770Y40.3069
G01 X29.4815Y40.3193
G01 X29.4950Y40.3507
G01 X29.5130Y40.3811
G01 X29.5203Y40.3921
G01 X29.5285Y40.4024
G01 X29.5515Y40.4285
G01 X29.5776Y40.4515
G01 X29.5989Y40.4670
G01 X29.6288Y40.4847
G01 X29.6408Y40.4902
G01 X29.6662Y40.5007
G01 X29.6858Y40.5066
G01 X29.7197Y40.5142
G01 X29.7328Y40.5158
G01 X29.7675Y40.5180
G01 X30.0425Y40.5180
G01 X30.0870Y40.5147
G01 X30.1032Y40.5117
G01 X30.1369Y40.5030
G01 X30.1692Y40.4902
G01 X30.1807Y40.4850
G01 X30.2111Y40.4670
G01 X30.2221Y40.4597
G01 X30.2324Y40.4515
G01 X30.2585Y40.4285
G01 X30.2872Y40.3953
G01 X30.2970Y40.3811
G01 X30.3147Y40.3512
G01 X30.3307Y40.3138
G01 X30.3366Y40.2942
G01 X30.3442Y40.2603
G01 X30.3458Y40.2472
G01 X30.3480Y40.2125
G01 X30.3480Y38.8875
G01 X30.3462Y38.8559
G01 X30.3428Y38.8322
G01 X30.3386Y38.8131
G01 X30.3318Y38.7901
G01 X30.3222Y38.7647
G01 X30.3150Y38.7499
G01 X30.3056Y38.7326
G01 X30.2927Y38.7125
G01 X30.2809Y38.6968
G01 X30.2652Y38.6787
G01 X30.2513Y38.6648
G01 X30.2332Y38.6491
G01 X30.2127Y38.6338
G01 X30.1858Y38.6181
G01 X30.8939Y38.6181
G01 X30.8579Y38.6403
G01 X30.8312Y38.6625
G01 X30.8215Y38.6715
G01 X30.7985Y38.6976
G01 X30.7830Y38.7189
G01 X30.7653Y38.7488
G01 X30.7493Y38.7862
G01 X30.7434Y38.8058
G01 X30.7383Y38.8268
G01 X30.7342Y38.8528
G01 X30.7320Y38.8875
G01 X30.7320Y40.2125
G01 X30.7353Y40.2570
G01 X30.7383Y40.2732
G01 X30.7470Y40.3069
G01 X30.7515Y40.3193
G01 X30.7650Y40.3507
G01 X30.7830Y40.3811
G01 X30.7903Y40.3921
G01 X30.7985Y40.4024
G01 X30.8215Y40.4285
G01 X30.8312Y40.4375
G01 X30.8547Y40.4572
G01 X30.8689Y40.4670
G01 X30.8988Y40.4847
G01 X30.9362Y40.5007
G01 X30.9558Y40.5066
G01 X30.9768Y40.5117
G01 X30.9897Y40.5142
G01 X31.0028Y40.5158
G01 X31.0375Y40.5180
G01 X31.3257Y40.5175
G01 X31.3570Y40.5147
G01 X31.3732Y40.5117
G01 X31.4069Y40.5030
G01 X31.4392Y40.4902
G01 X31.4507Y40.4850
G01 X31.4627Y40.4783
G01 X31.4921Y40.4597
G01 X31.5024Y40.4515
G01 X31.5285Y40.4285
G01 X31.5515Y40.4024
G01 X31.5670Y40.3811
G01 X31.5847Y40.3512
G01 X31.6007Y40.3138
G01 X31.6066Y40.2942
G01 X31.6117Y40.2732
G01 X31.6142Y40.2603
G01 X31.6158Y40.2472
G01 X31.6180Y40.2125
G01 X31.6180Y38.8875
G01 X31.6147Y38.8430
G01 X31.6066Y38.8058
G01 X31.6030Y38.7931
G01 X31.5985Y38.7807
G01 X31.5850Y38.7493
G01 X31.5783Y38.7373
G01 X31.5597Y38.7079
G01 X31.5375Y38.6812
G01 X31.5285Y38.6715
G01 X31.4953Y38.6428
G01 X31.4811Y38.6330
G01 X31.4561Y38.6181
G01 X31.7482Y38.6181
G01 X31.7440Y38.6289
G01 X31.7392Y38.6447
G01 X31.7348Y38.6656
G01 X31.7324Y38.6869
G01 X31.7320Y38.7001
G01 X31.7320Y41.0320
G01 X22.4951Y41.0320
G01 X22.4739Y41.0142
G01 X22.4597Y41.0045
G01 X22.4148Y40.9776
G01 X22.3610Y40.9549
G01 X22.3415Y40.9489
G01 X22.2904Y40.9371
G01 X22.2382Y40.9325
G01 X22.2250Y40.9320
G01 X21.9680Y40.9320
G01 X21.9680Y40.1500
G01 X21.9676Y40.1369
G01 X21.9648Y40.1129
G01 X21.9608Y40.0947
G01 X21.9560Y40.0789
G01 X21.9518Y40.0680
G01 X23.1120Y40.0680
G01 X23.1120Y40.2125
G01 X23.1138Y40.2441
G01 X23.1172Y40.2678
G01 X23.1214Y40.2869
G01 X23.1282Y40.3099
G01 X23.1378Y40.3353
G01 X23.1544Y40.3674
G01 X23.1673Y40.3875
G01 X23.1791Y40.4032
G01 X23.1948Y40.4213
G01 X23.2087Y40.4352
G01 X23.2268Y40.4509
G01 X23.2473Y40.4662
G01 X23.2626Y40.4756
G01 X23.2799Y40.4850
G01 X23.3017Y40.4950
G01 X23.3284Y40.5047
G01 X23.3431Y40.5086
G01 X23.3622Y40.5128
G01 X23.3859Y40.5162
G01 X23.4055Y40.5176
G01 X23.6925Y40.5180
G01 X23.7370Y40.5147
G01 X23.7532Y40.5117
G01 X23.7869Y40.5030
G01 X23.7993Y40.4985
G01 X23.8307Y40.4850
G01 X23.8427Y40.4783
G01 X23.8721Y40.4597
G01 X23.8988Y40.4375
G01 X23.9085Y40.4285
G01 X23.9372Y40.3953
G01 X23.9583Y40.3627
G01 X23.9647Y40.3512
G01 X23.9702Y40.3392
G01 X23.9807Y40.3138
G01 X23.9866Y40.2942
G01 X23.9917Y40.2732
G01 X23.9942Y40.2603
G01 X23.9975Y40.2257
G01 X23.9980Y40.2125
G01 X23.9980Y38.8875
G01 X23.9947Y38.8430
G01 X23.9866Y38.8058
G01 X23.9830Y38.7931
G01 X23.9785Y38.7807
G01 X23.9650Y38.7493
G01 X23.9583Y38.7373
G01 X23.9397Y38.7079
G01 X23.9175Y38.6812
G01 X23.9085Y38.6715
G01 X23.8753Y38.6428
G01 X23.8611Y38.6330
G01 X23.8312Y38.6153
G01 X23.7938Y38.5993
G01 X23.7742Y38.5934
G01 X23.7403Y38.5858
G01 X23.7272Y38.5842
G01 X23.6925Y38.5820
G01 X23.4175Y38.5820
G01 X23.3828Y38.5842
G01 X23.3568Y38.5883
G01 X23.3231Y38.5970
G01 X23.2908Y38.6098
G01 X23.2793Y38.6150
G01 X23.2673Y38.6217
G01 X23.2379Y38.6403
G01 X23.2112Y38.6625
G01 X23.2015Y38.6715
G01 X23.1925Y38.6812
G01 X23.1728Y38.7047
G01 X23.1517Y38.7373
G01 X23.1453Y38.7488
G01 X23.1398Y38.7608
G01 X23.1293Y38.7862
G01 X23.1234Y38.8058
G01 X23.1158Y38.8397
G01 X23.1125Y38.8743
G01 X23.1120Y38.9320
G01 X21.9518Y38.9320
G01 X21.9560Y38.9211
G01 X21.9608Y38.9053
G01 X21.9652Y38.8844
G01 X21.9676Y38.8631
G01 X21.9680Y38.8500
G01 X21.9680Y37.3680
G01 X24.2063Y37.3680
G01 X24.2359Y37.3659
G01 X24.2569Y37.3620
G01 X24.2775Y37.3560
G01 X24.3017Y37.3460
G01 X24.3205Y37.3357
G01 X24.3381Y37.3236
G01 X24.3545Y37.3098
G01 X24.3695Y37.2945
G01 X24.3799Y37.2818
G01 X24.3920Y37.2641
G01 X24.4023Y37.2454
G01 X24.4107Y37.2257
G01 X24.4183Y37.2006
G01 X24.4223Y37.1796
G01 X24.4241Y37.1582
G01 X24.4239Y37.1369
G01 X24.4212Y37.1136
G01 X24.4150Y37.0875
G00 Z3.0000
G00 X24.2331Y37.4643
G01 Z-0.2000
G01 X24.2129Y37.4986
G01 X24.1900Y37.5462
G01 X24.1800Y37.5703
G01 X24.1626Y37.6201
G01 X24.1497Y37.6703
G01 X24.1446Y37.6959
G01 X24.1374Y37.7459
G01 X24.1343Y37.7999
G01 X24.1343Y37.8260
G01 X24.1362Y37.8652
G01 X24.1388Y37.8912
G01 X24.1468Y37.9431
G01 X24.1590Y37.9929
G01 X24.1590Y39.5500
G01 X24.1612Y39.6023
G01 X24.1638Y39.6282
G01 X24.1702Y39.6714
G01 X24.1747Y39.6927
G01 X24.1842Y39.7307
G01 X24.1918Y39.7557
G01 X24.2050Y39.7927
G01 X24.2150Y39.8168
G01 X24.2318Y39.8523
G01 X24.2441Y39.8753
G01 X24.2643Y39.9090
G01 X24.2840Y39.9378
G01 X24.2840Y40.2125
G01 X24.2847Y40.2315
G01 X24.2875Y40.2652
G01 X24.2915Y40.2886
G01 X24.2956Y40.3078
G01 X24.3063Y40.3442
G01 X24.3176Y40.3736
G01 X24.3290Y40.3971
G01 X24.3384Y40.4143
G01 X24.3589Y40.4462
G01 X24.3706Y40.4620
G01 X24.3955Y40.4906
G01 X24.4094Y40.5045
G01 X24.4380Y40.5294
G01 X24.4615Y40.5467
G01 X24.4857Y40.5616
G01 X24.5029Y40.5710
G01 X24.5374Y40.5868
G01 X24.5689Y40.5982
G01 X24.6114Y40.6085
G01 X24.6490Y40.6139
G01 X24.6875Y40.6160
G01 X24.9625Y40.6160
G01 X25.0049Y40.6135
G01 X25.0205Y40.6118
G01 X25.0461Y40.6070
G01 X25.0671Y40.6019
G01 X25.0872Y40.5963
G01 X25.1267Y40.5808
G01 X25.1449Y40.5724
G01 X25.1823Y40.5505
G01 X25.1997Y40.5389
G01 X25.2325Y40.5120
G01 X25.2478Y40.4978
G01 X25.2760Y40.4661
G01 X25.2851Y40.4548
G01 X25.3005Y40.4323
G01 X25.3118Y40.4139
G01 X25.3220Y40.3957
G01 X25.3308Y40.3767
G01 X25.3425Y40.3481
G01 X25.3519Y40.3171
G01 X25.3610Y40.2756
G01 X25.3635Y40.2549
G01 X25.3660Y40.2125
G01 X25.3660Y39.9378
G01 X25.3857Y39.9090
G01 X25.4059Y39.8753
G01 X25.4182Y39.8523
G01 X25.4350Y39.8168
G01 X25.4450Y39.7927
G01 X25.4599Y39.7495
G01 X25.4750Y39.7927
G01 X25.4850Y39.8168
G01 X25.5018Y39.8523
G01 X25.5141Y39.8753
G01 X25.5343Y39.9090
G01 X25.5540Y39.9378
G01 X25.5540Y40.2125
G01 X25.5548Y40.2334
G01 X25.5582Y40.2705
G01 X25.5630Y40.2961
G01 X25.5737Y40.3372
G01 X25.5810Y40.3568
G01 X25.5976Y40.3949
G01 X25.6195Y40.4323
G01 X25.6311Y40.4497
G01 X25.6440Y40.4661
G01 X25.6722Y40.4978
G01 X25.6875Y40.5120
G01 X25.7152Y40.5351
G01 X25.7377Y40.5505
G01 X25.7743Y40.5720
G01 X25.7933Y40.5808
G01 X25.8219Y40.5925
G01 X25.8529Y40.6019
G01 X25.8944Y40.6110
G01 X25.9151Y40.6135
G01 X25.9575Y40.6160
G01 X26.2325Y40.6160
G01 X26.2534Y40.6152
G01 X26.2905Y40.6118
G01 X26.3161Y40.6070
G01 X26.3572Y40.5963
G01 X26.3967Y40.5808
G01 X26.4149Y40.5724
G01 X26.4339Y40.5618
G01 X26.4697Y40.5389
G01 X26.5025Y40.5120
G01 X26.5178Y40.4978
G01 X26.5320Y40.4825
G01 X26.5551Y40.4548
G01 X26.5705Y40.4323
G01 X26.5818Y40.4139
G01 X26.5920Y40.3957
G01 X26.6008Y40.3767
G01 X26.6125Y40.3481
G01 X26.6219Y40.3171
G01 X26.6310Y40.2756
G01 X26.6335Y40.2549
G01 X26.6360Y40.2125
G01 X26.6360Y39.9378
G01 X26.6557Y39.9090
G01 X26.6759Y39.8753
G01 X26.6882Y39.8523
G01 X26.7050Y39.8168
G01 X26.7150Y39.7927
G01 X26.7299Y39.7495
G01 X26.7450Y39.7927
G01 X26.7550Y39.8168
G01 X26.7718Y39.8523
G01 X26.7841Y39.8753
G01 X26.8043Y39.9090
G01 X26.8240Y39.9378
G01 X26.8240Y40.2125
G01 X26.8248Y40.2334
G01 X26.8282Y40.2705
G01 X26.8330Y40.2961
G01 X26.8437Y40.3372
G01 X26.8592Y40.3767
G01 X26.8676Y40.3949
G01 X26.8782Y40.4139
G01 X26.9011Y40.4497
G01 X26.9140Y40.4661
G01 X26.9422Y40.4978
G01 X26.9575Y40.5120
G01 X26.9852Y40.5351
G01 X27.0077Y40.5505
G01 X27.0443Y40.5720
G01 X27.0633Y40.5808
G01 X27.0919Y40.5925
G01 X27.1229Y40.6019
G01 X27.1644Y40.6110
G01 X27.1851Y40.6135
G01 X27.2275Y40.6160
G01 X27.5025Y40.6160
G01 X27.5449Y40.6135
G01 X27.5605Y40.6118
G01 X27.5861Y40.6070
G01 X27.6272Y40.5963
G01 X27.6667Y40.5808
G01 X27.6849Y40.5724
G01 X27.7039Y40.5618
G01 X27.7397Y40.5389
G01 X27.7561Y40.5260
G01 X27.7878Y40.4978
G01 X27.8160Y40.4661
G01 X27.8251Y40.4548
G01 X27.8405Y40.4323
G01 X27.8620Y40.3957
G01 X27.8708Y40.3767
G01 X27.8825Y40.3481
G01 X27.8919Y40.3171
G01 X27.9010Y40.2756
G01 X27.9035Y40.2549
G01 X27.9060Y40.2125
G01 X27.9060Y39.9378
G01 X27.9257Y39.9090
G01 X27.9459Y39.8753
G01 X27.9582Y39.8523
G01 X27.9750Y39.8168
G01 X27.9850Y39.7927
G01 X27.9999Y39.7495
G01 X28.0150Y39.7927
G01 X28.0250Y39.8168
G01 X28.0418Y39.8523
G01 X28.0541Y39.8753
G01 X28.0743Y39.9090
G01 X28.0940Y39.9378
G01 X28.0940Y40.2125
G01 X28.0948Y40.2334
G01 X28.0982Y40.2705
G01 X28.1030Y40.2961
G01 X28.1137Y40.3372
G01 X28.1210Y40.3568
G01 X28.1376Y40.3949
G01 X28.1595Y40.4323
G01 X28.1711Y40.4497
G01 X28.1840Y40.4661
G01 X28.2122Y40.4978
G01 X28.2275Y40.5120
G01 X28.2552Y40.5351
G01 X28.2777Y40.5505
G01 X28.3143Y40.5720
G01 X28.3333Y40.5808
G01 X28.3619Y40.5925
G01 X28.3929Y40.6019
G01 X28.4344Y40.6110
G01 X28.4551Y40.6135
G01 X28.4975Y40.6160
G01 X28.7725Y40.6160
G01 X28.7934Y40.6152
G01 X28.8305Y40.6118
G01 X28.8561Y40.6070
G01 X28.8972Y40.5963
G01 X28.9168Y40.5890
G01 X28.9549Y40.5724
G01 X28.9739Y40.5618
G01 X29.0097Y40.5389
G01 X29.0425Y40.5120
G01 X29.0578Y40.4978
G01 X29.0720Y40.4825
G01 X29.0951Y40.4548
G01 X29.1105Y40.4323
G01 X29.1320Y40.3957
G01 X29.1408Y40.3767
G01 X29.1525Y40.3481
G01 X29.1619Y40.3171
G01 X29.1710Y40.2756
G01 X29.1735Y40.2549
G01 X29.1760Y40.2125
G01 X29.1760Y39.9378
G01 X29.1957Y39.9090
G01 X29.2159Y39.8753
G01 X29.2282Y39.8523
G01 X29.2450Y39.8168
G01 X29.2550Y39.7927
G01 X29.2682Y39.7557
G01 X29.2758Y39.7307
G01 X29.2853Y39.6927
G01 X29.2904Y39.6671
G01 X29.2962Y39.6282
G01 X29.2988Y39.6023
G01 X29.3010Y39.5500
G01 X29.3010Y38.7161
G01 X29.4026Y38.7161
G01 X29.3875Y38.7519
G01 X29.3781Y38.7829
G01 X29.3730Y38.8039
G01 X29.3682Y38.8295
G01 X29.3665Y38.8451
G01 X29.3640Y38.8875
G01 X29.3640Y40.2125
G01 X29.3648Y40.2334
G01 X29.3682Y40.2705
G01 X29.3730Y40.2961
G01 X29.3781Y40.3171
G01 X29.3837Y40.3372
G01 X29.3910Y40.3568
G01 X29.4076Y40.3949
G01 X29.4295Y40.4323
G01 X29.4411Y40.4497
G01 X29.4540Y40.4661
G01 X29.4822Y40.4978
G01 X29.4975Y40.5120
G01 X29.5252Y40.5351
G01 X29.5477Y40.5505
G01 X29.5843Y40.5720
G01 X29.6033Y40.5808
G01 X29.6319Y40.5925
G01 X29.6629Y40.6019
G01 X29.7044Y40.6110
G01 X29.7251Y40.6135
G01 X29.7675Y40.6160
G01 X30.0425Y40.6160
G01 X30.0634Y40.6152
G01 X30.1005Y40.6118
G01 X30.1261Y40.6070
G01 X30.1672Y40.5963
G01 X30.1868Y40.5890
G01 X30.2249Y40.5724
G01 X30.2439Y40.5618
G01 X30.2797Y40.5389
G01 X30.2961Y40.5260
G01 X30.3278Y40.4978
G01 X30.3560Y40.4661
G01 X30.3651Y40.4548
G01 X30.3805Y40.4323
G01 X30.4020Y40.3957
G01 X30.4108Y40.3767
G01 X30.4225Y40.3481
G01 X30.4319Y40.3171
G01 X30.4410Y40.2756
G01 X30.4435Y40.2549
G01 X30.4460Y40.2125
G01 X30.4460Y38.8875
G01 X30.4453Y38.8685
G01 X30.4425Y38.8348
G01 X30.4344Y38.7922
G01 X30.4237Y38.7558
G01 X30.4124Y38.7264
G01 X30.4074Y38.7161
G01 X30.6726Y38.7161
G01 X30.6575Y38.7519
G01 X30.6481Y38.7829
G01 X30.6430Y38.8039
G01 X30.6382Y38.8295
G01 X30.6365Y38.8451
G01 X30.6340Y38.8875
G01 X30.6340Y40.2125
G01 X30.6365Y40.2549
G01 X30.6382Y40.2705
G01 X30.6430Y40.2961
G01 X30.6537Y40.3372
G01 X30.6692Y40.3767
G01 X30.6776Y40.3949
G01 X30.6995Y40.4323
G01 X30.7111Y40.4497
G01 X30.7240Y40.4661
G01 X30.7522Y40.4978
G01 X30.7675Y40.5120
G01 X30.7952Y40.5351
G01 X30.8177Y40.5505
G01 X30.8543Y40.5720
G01 X30.8733Y40.5808
G01 X30.9019Y40.5925
G01 X30.9329Y40.6019
G01 X30.9539Y40.6070
G01 X30.9744Y40.6110
G01 X30.9951Y40.6135
G01 X31.0375Y40.6160
G01 X31.3125Y40.6160
G01 X31.3334Y40.6152
G01 X31.3705Y40.6118
G01 X31.3961Y40.6070
G01 X31.4171Y40.6019
G01 X31.4372Y40.5963
G01 X31.4568Y40.5890
G01 X31.4949Y40.5724
G01 X31.5139Y40.5618
G01 X31.5497Y40.5389
G01 X31.5661Y40.5260
G01 X31.5978Y40.4978
G01 X31.6120Y40.4825
G01 X31.6340Y40.4561
G01 X31.6340Y40.9316
G01 X22.5299Y40.9340
G01 X22.5109Y40.9209
G01 X22.4775Y40.9004
G01 X22.4593Y40.8902
G01 X22.4403Y40.8815
G01 X22.3953Y40.8630
G01 X22.3644Y40.8536
G01 X22.3262Y40.8444
G01 X22.3057Y40.8404
G01 X22.2850Y40.8379
G01 X22.2459Y40.8348
G01 X22.2250Y40.8340
G01 X22.0660Y40.8340
G01 X22.0660Y40.1660
G01 X23.0140Y40.1660
G01 X23.0140Y40.2125
G01 X23.0161Y40.2510
G01 X23.0175Y40.2652
G01 X23.0256Y40.3078
G01 X23.0363Y40.3442
G01 X23.0476Y40.3736
G01 X23.0590Y40.3971
G01 X23.0684Y40.4143
G01 X23.0889Y40.4462
G01 X23.1006Y40.4620
G01 X23.1255Y40.4906
G01 X23.1394Y40.5045
G01 X23.1680Y40.5294
G01 X23.1915Y40.5467
G01 X23.2157Y40.5616
G01 X23.2329Y40.5710
G01 X23.2674Y40.5868
G01 X23.2989Y40.5982
G01 X23.3414Y40.6085
G01 X23.3790Y40.6139
G01 X23.4175Y40.6160
G01 X23.6925Y40.6160
G01 X23.7134Y40.6152
G01 X23.7505Y40.6118
G01 X23.7761Y40.6070
G01 X23.8172Y40.5963
G01 X23.8368Y40.5890
G01 X23.8749Y40.5724
G01 X23.8939Y40.5618
G01 X23.9297Y40.5389
G01 X23.9461Y40.5260
G01 X23.9778Y40.4978
G01 X23.9920Y40.4825
G01 X24.0151Y40.4548
G01 X24.0305Y40.4323
G01 X24.0520Y40.3957
G01 X24.0608Y40.3767
G01 X24.0725Y40.3481
G01 X24.0819Y40.3171
G01 X24.0870Y40.2961
G01 X24.0910Y40.2756
G01 X24.0952Y40.2334
G01 X24.0960Y40.2125
G01 X24.0960Y38.8875
G01 X24.0935Y38.8451
G01 X24.0918Y38.8295
G01 X24.0870Y38.8039
G01 X24.0763Y38.7628
G01 X24.0608Y38.7233
G01 X24.0524Y38.7051
G01 X24.0418Y38.6861
G01 X24.0189Y38.6503
G01 X23.9920Y38.6175
G01 X23.9778Y38.6022
G01 X23.9625Y38.5880
G01 X23.9348Y38.5649
G01 X23.9123Y38.5495
G01 X23.8757Y38.5280
G01 X23.8368Y38.5110
G01 X23.8281Y38.5075
G01 X23.7971Y38.4981
G01 X23.7556Y38.4890
G01 X23.7349Y38.4865
G01 X23.6925Y38.4840
G01 X23.4175Y38.4840
G01 X23.3751Y38.4865
G01 X23.3595Y38.4882
G01 X23.3339Y38.4930
G01 X23.2928Y38.5037
G01 X23.2732Y38.5110
G01 X23.2351Y38.5276
G01 X23.1977Y38.5495
G01 X23.1803Y38.5611
G01 X23.1639Y38.5740
G01 X23.1322Y38.6022
G01 X23.1180Y38.6175
G01 X23.0949Y38.6452
G01 X23.0795Y38.6677
G01 X23.0580Y38.7043
G01 X23.0410Y38.7432
G01 X23.0375Y38.7519
G01 X23.0281Y38.7829
G01 X23.0230Y38.8039
G01 X23.0190Y38.8244
G01 X23.0178Y38.8340
G01 X22.0660Y38.8340
G01 X22.0660Y37.4682
G01 X24.2066Y37.4660
G01 X24.2243Y37.4654
G01 X24.2331Y37.4643
G00 Z3.0000
G00 X24.0781Y37.5641
G01 Z-0.2000
G01 X24.0687Y37.5918
G01 X24.0641Y37.6084
G01 X24.0546Y37.6465
G01 X24.0476Y37.6815
G01 X24.0399Y37.7356
G01 X24.0384Y37.7559
G01 X24.0360Y37.8127
G01 X24.0384Y37.8700
G01 X24.0419Y37.9056
G01 X24.0507Y37.9623
G01 X24.0610Y38.0050
G01 X24.0610Y38.5479
G01 X24.0471Y38.5329
G01 X24.0261Y38.5135
G01 X23.9943Y38.4870
G01 X23.9635Y38.4659
G01 X23.9451Y38.4546
G01 X23.9202Y38.4407
G01 X23.8942Y38.4287
G01 X23.8623Y38.4157
G01 X23.8200Y38.4028
G01 X23.7990Y38.3978
G01 X23.7710Y38.3922
G01 X23.7426Y38.3888
G01 X23.6925Y38.3860
G01 X23.4175Y38.3860
G01 X23.3674Y38.3888
G01 X23.3461Y38.3911
G01 X23.3110Y38.3978
G01 X23.2625Y38.4105
G01 X23.2357Y38.4204
G01 X23.1909Y38.4401
G01 X23.1649Y38.4546
G01 X23.1227Y38.4818
G01 X23.1003Y38.4995
G01 X23.0629Y38.5329
G01 X23.0435Y38.5539
G01 X23.0170Y38.5857
G01 X22.9959Y38.6165
G01 X22.9707Y38.6598
G01 X22.9504Y38.7057
G01 X22.9510Y38.7059
G01 X22.9457Y38.7177
G01 X22.9401Y38.7360
G01 X22.1640Y38.7360
G01 X22.1640Y37.5661
G01 X24.0781Y37.5641
G00 Z3.0000
G00 X23.9515Y37.6623
G01 Z-0.2000
G01 X23.9425Y37.7254
G01 X23.9405Y37.7511
G01 X23.9386Y37.7903
G01 X23.9386Y37.8127
G01 X23.9380Y37.8127
G01 X23.9386Y37.8127
G01 X23.9386Y37.8356
G01 X23.9405Y37.8748
G01 X23.9419Y37.8945
G01 X23.9449Y37.9200
G01 X23.9546Y37.9816
G01 X23.9630Y38.0171
G01 X23.9630Y38.3526
G01 X23.9317Y38.3382
G01 X23.9118Y38.3299
G01 X23.9115Y38.3305
G01 X23.8966Y38.3239
G01 X23.8428Y38.3075
G01 X23.8219Y38.3025
G01 X23.7863Y38.2954
G01 X23.7503Y38.2911
G01 X23.7287Y38.2894
G01 X23.6925Y38.2880
G01 X23.4175Y38.2880
G01 X23.3813Y38.2894
G01 X23.3327Y38.2940
G01 X23.2881Y38.3025
G01 X23.2672Y38.3075
G01 X23.2322Y38.3173
G01 X23.1982Y38.3299
G01 X23.1783Y38.3382
G01 X23.1467Y38.3526
G01 X23.1137Y38.3711
G01 X23.0953Y38.3823
G01 X23.0651Y38.4025
G01 X23.0366Y38.4250
G01 X23.0202Y38.4390
G01 X22.9936Y38.4636
G01 X22.9690Y38.4902
G01 X22.9550Y38.5066
G01 X22.9554Y38.5070
G01 X22.9391Y38.5262
G01 X22.9123Y38.5653
G01 X22.9011Y38.5837
G01 X22.8833Y38.6153
G01 X22.8729Y38.6380
G01 X22.2620Y38.6380
G01 X22.2620Y37.6640
G01 X23.9515Y37.6623
G00 Z3.0000
G00 X23.8419Y37.7604
G01 Z-0.2000
G01 X23.8407Y37.7855
G01 X23.8407Y37.8126
G01 X23.8400Y37.8126
G01 X23.8407Y37.8126
G01 X23.8407Y37.8404
G01 X23.8443Y37.9035
G01 X23.8537Y37.9732
G01 X23.8548Y37.9730
G01 X23.8585Y38.0008
G01 X23.8634Y38.0225
G01 X23.8636Y38.2117
G01 X23.8447Y38.2072
G01 X23.8016Y38.1986
G01 X23.7579Y38.1934
G01 X23.7364Y38.1917
G01 X23.6925Y38.1900
G01 X23.4175Y38.1900
G01 X23.3736Y38.1917
G01 X23.3193Y38.1970
G01 X23.2653Y38.2072
G01 X23.2443Y38.2122
G01 X23.2020Y38.2241
G01 X23.1607Y38.2394
G01 X23.1408Y38.2476
G01 X23.1025Y38.2652
G01 X23.0625Y38.2875
G01 X23.0441Y38.2988
G01 X23.0075Y38.3232
G01 X22.9730Y38.3504
G01 X22.9566Y38.3644
G01 X22.9243Y38.3943
G01 X22.8944Y38.4266
G01 X22.8613Y38.4667
G01 X22.8288Y38.5141
G01 X22.8133Y38.5400
G01 X22.3600Y38.5400
G01 X22.3600Y37.7619
G01 X23.8419Y37.7604
G00 Z3.0000
G00 X23.7655Y38.0333
G01 Z-0.2000
G01 X23.7655Y38.0957
G01 X23.7441Y38.0940
G01 X23.6925Y38.0920
G01 X23.4175Y38.0920
G01 X23.3659Y38.0940
G01 X23.3444Y38.0957
G01 X23.3444Y38.0965
G01 X23.3058Y38.0999
G01 X23.2424Y38.1119
G01 X23.2214Y38.1169
G01 X23.1717Y38.1309
G01 X23.1232Y38.1488
G01 X23.1033Y38.1571
G01 X23.0583Y38.1777
G01 X23.0113Y38.2039
G01 X22.9929Y38.2152
G01 X22.9499Y38.2439
G01 X22.9093Y38.2759
G01 X22.8929Y38.2899
G01 X22.8550Y38.3250
G01 X22.8199Y38.3629
G01 X22.7834Y38.4072
G01 X22.7595Y38.4420
G01 X22.4580Y38.4420
G01 X22.4580Y37.8598
G01 X23.7434Y37.8585
G01 X23.7467Y37.9125
G01 X23.7510Y37.9487
G01 X23.7568Y37.9876
G01 X23.7580Y37.9874
G01 X23.7624Y38.0200
G01 X23.7655Y38.0333
G00 Z3.0000
G00 X24.3301Y37.8129
G01 Z-0.2000
G01 X24.3323Y37.7664
G01 X24.3390Y37.7212
G01 X24.3502Y37.6766
G01 X24.3656Y37.6334
G01 X24.3856Y37.5913
G01 X24.4093Y37.5517
G01 X24.4365Y37.5150
G01 X24.4677Y37.4806
G01 X27.0831Y34.8653
G01 X27.1149Y34.8366
G01 X27.1519Y34.8092
G01 X27.1916Y34.7854
G01 X27.2334Y34.7657
G01 X27.2758Y34.7505
G01 X27.3212Y34.7391
G01 X27.3673Y34.7322
G01 X27.4095Y34.7301
G01 X34.1306Y34.7300
G01 X34.1800Y34.7327
G01 X34.2189Y34.7385
G01 X34.2637Y34.7493
G01 X34.3136Y34.7672
G01 X34.3551Y34.7872
G01 X34.3940Y34.8109
G01 X34.4260Y34.8346
G01 X34.4629Y34.8677
G01 X36.8002Y37.2049
G01 X47.3321Y37.2049
G01 X47.3228Y37.1845
G01 X47.2865Y37.0829
G01 X47.2571Y36.9660
G01 X47.2404Y36.8513
G01 X47.2351Y36.7366
G01 X47.2404Y36.6287
G01 X47.2582Y36.5084
G01 X47.2865Y36.3971
G01 X47.3255Y36.2891
G01 X47.3716Y36.1915
G01 X47.4303Y36.0929
G01 X47.4985Y36.0005
G01 X47.5802Y35.9103
G01 X47.6655Y35.8335
G01 X47.7522Y35.7692
G01 X47.8505Y35.7098
G01 X47.9541Y35.6605
G01 X48.0687Y35.6195
G01 X48.1790Y35.5921
G01 X48.2869Y35.5761
G01 X48.4050Y35.5700
G01 X49.6750Y35.5700
G01 X49.7863Y35.5754
G01 X49.8999Y35.5919
G01 X50.0113Y35.6195
G01 X50.1195Y35.6578
G01 X50.1613Y35.6772
G01 X50.1961Y35.6512
G01 X50.2355Y35.6272
G01 X50.2833Y35.6045
G01 X50.3269Y35.5893
G01 X50.3706Y35.5786
G01 X50.4174Y35.5720
G01 X50.4600Y35.5700
G01 X57.0400Y35.5700
G01 X57.0895Y35.5727
G01 X57.1283Y35.5784
G01 X57.1524Y35.5841
G01 X57.2137Y35.5754
G01 X57.3250Y35.5700
G01 X58.5950Y35.5700
G01 X58.7131Y35.5761
G01 X58.8199Y35.5919
G01 X58.9313Y35.6195
G01 X59.0395Y35.6578
G01 X59.1435Y35.7066
G01 X59.2474Y35.7688
G01 X59.3345Y35.8335
G01 X59.4198Y35.9103
G01 X59.4972Y35.9952
G01 X59.5658Y36.0872
G01 X59.6252Y36.1855
G01 X59.6772Y36.2955
G01 X59.7155Y36.4037
G01 X59.7429Y36.5140
G01 X59.7589Y36.6219
G01 X59.7649Y36.7366
G01 X59.7596Y36.8513
G01 X59.7431Y36.9649
G01 X59.7155Y37.0763
G01 X59.6772Y37.1845
G01 X59.6252Y37.2945
G01 X59.5662Y37.3924
G01 X59.4972Y37.4848
G01 X59.4198Y37.5697
G01 X59.3345Y37.6465
G01 X59.2421Y37.7147
G01 X59.1435Y37.7734
G01 X59.0395Y37.8222
G01 X58.9313Y37.8605
G01 X58.8210Y37.8879
G01 X58.7063Y37.9046
G01 X58.5950Y37.9100
G01 X57.3250Y37.9100
G01 X57.2137Y37.9046
G01 X57.1001Y37.8881
G01 X56.9887Y37.8605
G01 X56.8741Y37.8195
G01 X56.7705Y37.7702
G01 X56.6726Y37.7112
G01 X56.5855Y37.6465
G01 X56.5002Y37.5697
G01 X56.4228Y37.4848
G01 X56.3503Y37.3871
G01 X56.2948Y37.2945
G01 X56.2455Y37.1909
G01 X56.2045Y37.0763
G01 X56.1771Y36.9660
G01 X56.1611Y36.8581
G01 X56.1551Y36.7366
G01 X56.1611Y36.6219
G01 X56.1779Y36.5100
G01 X50.8221Y36.5100
G01 X50.8389Y36.6219
G01 X50.8449Y36.7366
G01 X50.8389Y36.8581
G01 X50.8231Y36.9649
G01 X50.7955Y37.0763
G01 X50.7545Y37.1909
G01 X50.7084Y37.2885
G01 X50.6497Y37.3871
G01 X50.5772Y37.4848
G01 X50.4998Y37.5697
G01 X50.4145Y37.6465
G01 X50.3278Y37.7108
G01 X50.2295Y37.7702
G01 X50.1259Y37.8195
G01 X50.0179Y37.8585
G01 X49.9010Y37.8879
G01 X49.7863Y37.9046
G01 X49.6750Y37.9100
G01 X48.4050Y37.9100
G01 X48.2937Y37.9046
G01 X48.2641Y37.9006
G01 X48.1549Y38.0097
G01 X48.1205Y38.0404
G01 X48.0833Y38.0676
G01 X48.0435Y38.0910
G01 X48.0081Y38.1078
G01 X47.9647Y38.1236
G01 X47.9145Y38.1363
G01 X47.8745Y38.1423
G01 X47.8250Y38.1450
G01 X36.6021Y38.1449
G01 X36.5560Y38.1423
G01 X36.5105Y38.1352
G01 X36.4658Y38.1236
G01 X36.4225Y38.1078
G01 X36.3810Y38.0878
G01 X36.3420Y38.0641
G01 X36.3100Y38.0404
G01 X36.2756Y38.0097
G01 X33.9359Y35.6700
G01 X27.6076Y35.6700
G01 X25.2950Y37.9826
G01 X25.2950Y39.5500
G01 X25.2923Y39.5995
G01 X25.2866Y39.6383
G01 X25.2757Y39.6831
G01 X25.2578Y39.7330
G01 X25.2410Y39.7685
G01 X25.2176Y39.8082
G01 X25.1904Y39.8455
G01 X25.1700Y39.8685
G01 X25.1700Y40.2125
G01 X25.1674Y40.2450
G01 X25.1613Y40.2713
G01 X25.1579Y40.2818
G01 X25.1474Y40.3067
G01 X25.1294Y40.3358
G01 X25.1092Y40.3592
G01 X25.0845Y40.3804
G01 X25.0565Y40.3975
G01 X25.0266Y40.4098
G01 X24.9936Y40.4176
G01 X24.9625Y40.4200
G01 X24.6875Y40.4200
G01 X24.6629Y40.4184
G01 X24.6531Y40.4170
G01 X24.6278Y40.4112
G01 X24.6059Y40.4032
G01 X24.5968Y40.3990
G01 X24.5732Y40.3857
G01 X24.5555Y40.3725
G01 X24.5341Y40.3520
G01 X24.5158Y40.3288
G01 X24.5010Y40.3032
G01 X24.4900Y40.2757
G01 X24.4872Y40.2661
G01 X24.4819Y40.2408
G01 X24.4800Y40.2125
G01 X24.4800Y39.8685
G01 X24.4596Y39.8455
G01 X24.4324Y39.8082
G01 X24.4122Y39.7745
G01 X24.3922Y39.7330
G01 X24.3763Y39.6897
G01 X24.3648Y39.6450
G01 X24.3570Y39.5926
G01 X24.3550Y39.5500
G01 X24.3550Y37.9630
G01 X24.3493Y37.9461
G01 X24.3384Y37.9013
G01 X24.3322Y37.8586
G01 X24.3301Y37.8129
G00 Z3.0000
G00 X25.6251Y37.8580
G01 Z-0.2000
G01 X25.6277Y37.8120
G01 X25.6348Y37.7664
G01 X25.6463Y37.7218
G01 X25.6622Y37.6785
G01 X25.6822Y37.6369
G01 X25.7058Y37.5980
G01 X25.7296Y37.5660
G01 X25.7603Y37.5316
G01 X27.4742Y35.8176
G01 X27.5110Y35.7846
G01 X27.5454Y35.7592
G01 X27.5819Y35.7372
G01 X27.6267Y35.7158
G01 X27.6733Y35.6994
G01 X27.7148Y35.6890
G01 X27.7570Y35.6827
G01 X27.8064Y35.6800
G01 X33.7371Y35.6800
G01 X33.7797Y35.6820
G01 X33.8254Y35.6885
G01 X33.8702Y35.6994
G01 X33.9137Y35.7146
G01 X33.9556Y35.7340
G01 X33.9953Y35.7574
G01 X34.0325Y35.7846
G01 X34.0669Y35.8153
G01 X34.0981Y35.8493
G01 X34.1153Y35.8718
G01 X34.1350Y35.8865
G01 X34.1693Y35.9176
G01 X36.4067Y38.1550
G01 X70.2368Y38.1550
G01 X73.6766Y34.7153
G01 X73.7082Y34.6867
G01 X73.7453Y34.6592
G01 X73.7849Y34.6355
G01 X73.8266Y34.6158
G01 X73.8701Y34.6002
G01 X73.9148Y34.5890
G01 X73.9603Y34.5823
G01 X74.0065Y34.5800
G01 X78.0935Y34.5800
G01 X78.1430Y34.5827
G01 X78.1886Y34.5898
G01 X78.2332Y34.6013
G01 X78.2765Y34.6172
G01 X78.3181Y34.6372
G01 X78.3570Y34.6608
G01 X78.3943Y34.6889
G01 X78.4258Y34.7176
G01 X81.8632Y38.1550
G01 X90.3354Y38.1550
G01 X92.0852Y36.4053
G01 X92.1196Y36.3746
G01 X92.1511Y36.3512
G01 X92.1966Y36.3240
G01 X92.2320Y36.3072
G01 X92.2754Y36.2913
G01 X92.3200Y36.2798
G01 X92.3308Y36.2778
G01 X92.3748Y36.1855
G01 X92.4303Y36.0929
G01 X92.4985Y36.0005
G01 X92.5753Y35.9152
G01 X92.6602Y35.8378
G01 X92.7579Y35.7653
G01 X92.8505Y35.7098
G01 X92.9541Y35.6605
G01 X93.0687Y35.6195
G01 X93.1793Y35.5920
G01 X93.2937Y35.5754
G01 X93.4050Y35.5700
G01 X94.6750Y35.5700
G01 X94.7863Y35.5754
G01 X94.8999Y35.5919
G01 X95.0113Y35.6195
G01 X95.1195Y35.6578
G01 X95.1613Y35.6772
G01 X95.1961Y35.6512
G01 X95.2355Y35.6272
G01 X95.2833Y35.6045
G01 X95.3269Y35.5893
G01 X95.3708Y35.5786
G01 X95.4174Y35.5720
G01 X95.4600Y35.5700
G01 X102.0400Y35.5700
G01 X102.0895Y35.5727
G01 X102.1283Y35.5784
G01 X102.1524Y35.5841
G01 X102.2137Y35.5754
G01 X102.3250Y35.5700
G01 X103.5950Y35.5700
G01 X103.7131Y35.5761
G01 X103.8199Y35.5919
G01 X103.9313Y35.6195
G01 X104.0395Y35.6578
G01 X104.1435Y35.7066
G01 X104.2474Y35.7688
G01 X104.3345Y35.8335
G01 X104.4198Y35.9103
G01 X104.4972Y35.9952
G01 X104.5658Y36.0872
G01 X104.6252Y36.1855
G01 X104.6772Y36.2955
G01 X104.7155Y36.4037
G01 X104.7429Y36.5140
G01 X104.7589Y36.6219
G01 X104.7649Y36.7366
G01 X104.7589Y36.8581
G01 X104.7431Y36.9649
G01 X104.7155Y37.0763
G01 X104.6745Y37.1909
G01 X104.6252Y37.2945
G01 X104.5662Y37.3924
G01 X104.5015Y37.4795
G01 X104.4198Y37.5697
G01 X104.3345Y37.6465
G01 X104.2478Y37.7108
G01 X104.1435Y37.7734
G01 X104.0395Y37.8222
G01 X103.9313Y37.8605
G01 X103.8207Y37.8880
G01 X103.7063Y37.9046
G01 X103.5950Y37.9100
G01 X102.3216Y37.9099
G01 X102.2069Y37.9039
G01 X102.1001Y37.8881
G01 X101.9887Y37.8605
G01 X101.8805Y37.8222
G01 X101.7765Y37.7734
G01 X101.6726Y37.7112
G01 X101.5855Y37.6465
G01 X101.4953Y37.5648
G01 X101.4185Y37.4795
G01 X101.3542Y37.3928
G01 X101.2948Y37.2945
G01 X101.2455Y37.1909
G01 X101.2065Y37.0829
G01 X101.1782Y36.9716
G01 X101.1611Y36.8581
G01 X101.1551Y36.7434
G01 X101.1604Y36.6287
G01 X101.1779Y36.5100
G01 X95.8221Y36.5100
G01 X95.8389Y36.6219
G01 X95.8449Y36.7366
G01 X95.8389Y36.8581
G01 X95.8231Y36.9649
G01 X95.7955Y37.0763
G01 X95.7572Y37.1845
G01 X95.7084Y37.2885
G01 X95.6462Y37.3924
G01 X95.5815Y37.4795
G01 X95.4998Y37.5697
G01 X95.4145Y37.6465
G01 X95.3278Y37.7108
G01 X95.2235Y37.7734
G01 X95.1195Y37.8222
G01 X95.0113Y37.8605
G01 X94.9007Y37.8880
G01 X94.7863Y37.9046
G01 X94.6750Y37.9100
G01 X93.4050Y37.9100
G01 X93.2869Y37.9039
G01 X93.1801Y37.8881
G01 X93.0687Y37.8605
G01 X92.9605Y37.8222
G01 X92.8565Y37.7734
G01 X92.7579Y37.7147
G01 X92.6655Y37.6465
G01 X92.5802Y37.5697
G01 X92.5028Y37.4848
G01 X92.4313Y37.3885
G01 X90.8599Y38.9597
G01 X90.8255Y38.9904
G01 X90.7940Y39.0138
G01 X90.7486Y39.0410
G01 X90.7131Y39.0578
G01 X90.6698Y39.0736
G01 X90.6192Y39.0864
G01 X90.5727Y39.0929
G01 X90.5301Y39.0950
G01 X81.6650Y39.0949
G01 X81.6190Y39.0923
G01 X81.5734Y39.0852
G01 X81.5288Y39.0736
G01 X81.4855Y39.0578
G01 X81.4439Y39.0378
G01 X81.4050Y39.0141
G01 X81.3730Y38.9904
G01 X81.3386Y38.9597
G01 X77.8988Y35.5200
G01 X74.2012Y35.5200
G01 X70.7639Y38.9573
G01 X70.7323Y38.9860
G01 X70.6955Y39.0138
G01 X70.6561Y39.0378
G01 X70.6145Y39.0578
G01 X70.5712Y39.0736
G01 X70.5266Y39.0852
G01 X70.4742Y39.0929
G01 X70.4315Y39.0950
G01 X36.2120Y39.0950
G01 X36.1694Y39.0929
G01 X36.1237Y39.0865
G01 X36.0789Y39.0756
G01 X36.0353Y39.0604
G01 X35.9935Y39.0410
G01 X35.9538Y39.0176
G01 X35.9165Y38.9904
G01 X35.8821Y38.9597
G01 X33.5424Y36.6200
G01 X28.0011Y36.6200
G01 X26.5650Y38.0562
G01 X26.5650Y39.5500
G01 X26.5623Y39.5995
G01 X26.5566Y39.6383
G01 X26.5457Y39.6831
G01 X26.5278Y39.7330
G01 X26.5110Y39.7685
G01 X26.4876Y39.8082
G01 X26.4604Y39.8455
G01 X26.4400Y39.8685
G01 X26.4400Y40.2125
G01 X26.4374Y40.2450
G01 X26.4313Y40.2713
G01 X26.4279Y40.2818
G01 X26.4174Y40.3067
G01 X26.3994Y40.3358
G01 X26.3792Y40.3592
G01 X26.3545Y40.3804
G01 X26.3265Y40.3975
G01 X26.2966Y40.4098
G01 X26.2636Y40.4176
G01 X26.2325Y40.4200
G01 X25.9575Y40.4200
G01 X25.9250Y40.4174
G01 X25.8905Y40.4088
G01 X25.8633Y40.3974
G01 X25.8401Y40.3834
G01 X25.8312Y40.3770
G01 X25.8148Y40.3630
G01 X25.8070Y40.3552
G01 X25.7896Y40.3345
G01 X25.7725Y40.3065
G01 X25.7602Y40.2766
G01 X25.7536Y40.2504
G01 X25.7519Y40.2395
G01 X25.7500Y40.2125
G01 X25.7500Y39.8685
G01 X25.7296Y39.8455
G01 X25.7024Y39.8082
G01 X25.6822Y39.7745
G01 X25.6622Y39.7330
G01 X25.6463Y39.6897
G01 X25.6348Y39.6450
G01 X25.6270Y39.5926
G01 X25.6250Y39.5500
G01 X25.6251Y37.8580
G00 Z3.0000
G00 X26.8951Y37.9316
G01 Z-0.2000
G01 X26.8977Y37.8855
G01 X26.9048Y37.8400
G01 X26.9163Y37.7953
G01 X26.9322Y37.7520
G01 X26.9522Y37.7105
G01 X26.9758Y37.6715
G01 X26.9996Y37.6395
G01 X27.0303Y37.6051
G01 X27.8676Y36.7677
G01 X27.8992Y36.7390
G01 X27.9417Y36.7074
G01 X27.9815Y36.6840
G01 X28.0170Y36.6672
G01 X28.0603Y36.6514
G01 X28.1105Y36.6387
G01 X28.1573Y36.6321
G01 X28.2000Y36.6300
G01 X33.3470Y36.6301
G01 X33.3930Y36.6327
G01 X33.4386Y36.6398
G01 X33.4833Y36.6514
G01 X33.5266Y36.6672
G01 X33.5681Y36.6872
G01 X33.6070Y36.7109
G01 X33.6390Y36.7346
G01 X33.6734Y36.7653
G01 X36.0132Y39.1050
G01 X70.6303Y39.1050
G01 X74.0677Y35.6677
G01 X74.0992Y35.6389
G01 X74.1361Y35.6112
G01 X74.1815Y35.5840
G01 X74.2170Y35.5672
G01 X74.2603Y35.5513
G01 X74.3050Y35.5398
G01 X74.3505Y35.5327
G01 X74.4000Y35.5300
G01 X77.7000Y35.5300
G01 X77.7426Y35.5320
G01 X77.7883Y35.5384
G01 X77.8331Y35.5493
G01 X77.8767Y35.5645
G01 X77.9185Y35.5840
G01 X77.9582Y35.6074
G01 X77.9955Y35.6346
G01 X78.0299Y35.6653
G01 X81.4697Y39.1050
G01 X115.8303Y39.1050
G01 X119.0677Y35.8677
G01 X119.0992Y35.8389
G01 X119.1361Y35.8112
G01 X119.1815Y35.7840
G01 X119.2170Y35.7672
G01 X119.2603Y35.7513
G01 X119.3050Y35.7398
G01 X119.3505Y35.7327
G01 X119.4000Y35.7300
G01 X122.7000Y35.7300
G01 X122.7426Y35.7320
G01 X122.7883Y35.7384
G01 X122.8331Y35.7493
G01 X122.8767Y35.7645
G01 X122.9185Y35.7840
G01 X122.9582Y35.8074
G01 X122.9955Y35.8346
G01 X123.0299Y35.8653
G01 X126.2697Y39.1050
G01 X134.3854Y39.1050
G01 X137.0827Y36.4077
G01 X137.1143Y36.3789
G01 X137.1511Y36.3512
G01 X137.1966Y36.3240
G01 X137.2320Y36.3072
G01 X137.2754Y36.2913
G01 X137.3200Y36.2798
G01 X137.3308Y36.2778
G01 X137.3748Y36.1855
G01 X137.4338Y36.0876
G01 X137.5028Y35.9952
G01 X137.5802Y35.9103
G01 X137.6655Y35.8335
G01 X137.7522Y35.7692
G01 X137.8565Y35.7066
G01 X137.9541Y35.6605
G01 X138.0621Y35.6215
G01 X138.1801Y35.5919
G01 X138.2937Y35.5754
G01 X138.4050Y35.5700
G01 X139.6784Y35.5701
G01 X139.7931Y35.5761
G01 X139.9066Y35.5932
G01 X140.0179Y35.6215
G01 X140.1195Y35.6578
G01 X140.1613Y35.6772
G01 X140.1961Y35.6512
G01 X140.2355Y35.6272
G01 X140.2833Y35.6045
G01 X140.3269Y35.5893
G01 X140.3708Y35.5786
G01 X140.4174Y35.5720
G01 X140.4600Y35.5700
G01 X147.0400Y35.5700
G01 X147.0895Y35.5727
G01 X147.1283Y35.5784
G01 X147.1524Y35.5841
G01 X147.2137Y35.5754
G01 X147.3250Y35.5700
G01 X148.5950Y35.5700
G01 X148.7131Y35.5761
G01 X148.8199Y35.5919
G01 X148.9313Y35.6195
G01 X149.0395Y35.6578
G01 X149.1435Y35.7066
G01 X149.2474Y35.7688
G01 X149.3345Y35.8335
G01 X149.4198Y35.9103
G01 X149.4972Y35.9952
G01 X149.5658Y36.0872
G01 X149.6252Y36.1855
G01 X149.6772Y36.2955
G01 X149.7155Y36.4037
G01 X149.7430Y36.5143
G01 X149.7589Y36.6219
G01 X149.7649Y36.7366
G01 X149.7589Y36.8581
G01 X149.7431Y36.9649
G01 X149.7155Y37.0763
G01 X149.6745Y37.1909
G01 X149.6252Y37.2945
G01 X149.5662Y37.3924
G01 X149.5015Y37.4795
G01 X149.4198Y37.5697
G01 X149.3345Y37.6465
G01 X149.2478Y37.7108
G01 X149.1435Y37.7734
G01 X149.0395Y37.8222
G01 X148.9313Y37.8605
G01 X148.8207Y37.8880
G01 X148.7063Y37.9046
G01 X148.5950Y37.9100
G01 X147.3216Y37.9099
G01 X147.2069Y37.9039
G01 X147.1001Y37.8881
G01 X146.9887Y37.8605
G01 X146.8805Y37.8222
G01 X146.7765Y37.7734
G01 X146.6726Y37.7112
G01 X146.5855Y37.6465
G01 X146.4953Y37.5648
G01 X146.4185Y37.4795
G01 X146.3542Y37.3928
G01 X146.2948Y37.2945
G01 X146.2455Y37.1909
G01 X146.2065Y37.0829
G01 X146.1782Y36.9716
G01 X146.1611Y36.8581
G01 X146.1551Y36.7434
G01 X146.1604Y36.6287
G01 X146.1779Y36.5100
G01 X140.8221Y36.5100
G01 X140.8389Y36.6219
G01 X140.8449Y36.7366
G01 X140.8396Y36.8513
G01 X140.8231Y36.9649
G01 X140.7955Y37.0763
G01 X140.7572Y37.1845
G01 X140.7084Y37.2885
G01 X140.6497Y37.3871
G01 X140.5772Y37.4848
G01 X140.4998Y37.5697
G01 X140.4145Y37.6465
G01 X140.3221Y37.7147
G01 X140.2235Y37.7734
G01 X140.1195Y37.8222
G01 X140.0113Y37.8605
G01 X139.9007Y37.8880
G01 X139.7931Y37.9039
G01 X139.6750Y37.9100
G01 X138.4050Y37.9100
G01 X138.2937Y37.9046
G01 X138.1801Y37.8881
G01 X138.0687Y37.8605
G01 X137.9605Y37.8222
G01 X137.8565Y37.7734
G01 X137.7526Y37.7112
G01 X137.6602Y37.6422
G01 X137.5753Y37.5648
G01 X137.4985Y37.4795
G01 X137.4313Y37.3885
G01 X134.9099Y39.9097
G01 X134.8755Y39.9404
G01 X134.8383Y39.9676
G01 X134.7986Y39.9910
G01 X134.7567Y40.0104
G01 X134.7132Y40.0256
G01 X134.6692Y40.0364
G01 X134.6227Y40.0430
G01 X134.5801Y40.0450
G01 X126.0000Y40.0450
G01 X125.9505Y40.0423
G01 X125.9117Y40.0365
G01 X125.8669Y40.0256
G01 X125.8170Y40.0078
G01 X125.7755Y39.9878
G01 X125.7365Y39.9641
G01 X125.7045Y39.9404
G01 X125.6701Y39.9097
G01 X125.6346Y39.8704
G01 X125.6074Y39.8332
G01 X125.5840Y39.7935
G01 X125.5672Y39.7580
G01 X125.5521Y39.7167
G01 X122.5053Y36.6700
G01 X119.5947Y36.6700
G01 X116.3549Y39.9097
G01 X116.3205Y39.9404
G01 X116.2832Y39.9676
G01 X116.2435Y39.9910
G01 X116.2017Y40.0104
G01 X116.1582Y40.0256
G01 X116.1142Y40.0364
G01 X116.0677Y40.0430
G01 X116.0250Y40.0450
G01 X81.2000Y40.0450
G01 X81.1574Y40.0430
G01 X81.1050Y40.0352
G01 X81.0603Y40.0237
G01 X81.0170Y40.0078
G01 X80.9755Y39.9878
G01 X80.9365Y39.9641
G01 X80.9045Y39.9404
G01 X80.8701Y39.9097
G01 X80.8346Y39.8704
G01 X80.8074Y39.8332
G01 X80.7840Y39.7935
G01 X80.7672Y39.7580
G01 X80.7521Y39.7167
G01 X77.5053Y36.4700
G01 X74.5947Y36.4700
G01 X71.1549Y39.9097
G01 X71.1205Y39.9404
G01 X71.0832Y39.9676
G01 X71.0496Y39.9878
G01 X71.0080Y40.0078
G01 X70.9647Y40.0237
G01 X70.9201Y40.0352
G01 X70.8745Y40.0423
G01 X70.8285Y40.0449
G01 X35.8185Y40.0450
G01 X35.7758Y40.0430
G01 X35.7234Y40.0352
G01 X35.6788Y40.0237
G01 X35.6355Y40.0078
G01 X35.5939Y39.9878
G01 X35.5550Y39.9641
G01 X35.5230Y39.9404
G01 X35.4886Y39.9097
G01 X33.2060Y37.6276
G01 X33.1755Y37.6128
G01 X33.1418Y37.5926
G01 X33.1108Y37.5700
G01 X28.4892Y37.5700
G01 X28.4582Y37.5926
G01 X28.4185Y37.6160
G01 X28.3767Y37.6354
G01 X28.3397Y37.6487
G01 X28.3076Y37.6570
G01 X27.8350Y38.1297
G01 X27.8350Y39.5500
G01 X27.8330Y39.5926
G01 X27.8252Y39.6450
G01 X27.8137Y39.6897
G01 X27.7978Y39.7330
G01 X27.7810Y39.7685
G01 X27.7576Y39.8082
G01 X27.7304Y39.8455
G01 X27.7100Y39.8685
G01 X27.7098Y40.2180
G01 X27.7081Y40.2395
G01 X27.7064Y40.2504
G01 X27.6988Y40.2795
G01 X27.6897Y40.3017
G01 X27.6847Y40.3115
G01 X27.6734Y40.3299
G01 X27.6670Y40.3388
G01 X27.6492Y40.3592
G01 X27.6288Y40.3770
G01 X27.6199Y40.3834
G01 X27.5965Y40.3975
G01 X27.5718Y40.4079
G01 X27.5613Y40.4113
G01 X27.5336Y40.4176
G01 X27.5025Y40.4200
G01 X27.2220Y40.4198
G01 X27.1950Y40.4174
G01 X27.1605Y40.4088
G01 X27.1333Y40.3974
G01 X27.1042Y40.3794
G01 X27.0808Y40.3592
G01 X27.0596Y40.3345
G01 X27.0425Y40.3065
G01 X27.0321Y40.2818
G01 X27.0287Y40.2713
G01 X27.0224Y40.2436
G01 X27.0200Y40.2125
G01 X27.0200Y39.8685
G01 X26.9996Y39.8455
G01 X26.9724Y39.8082
G01 X26.9522Y39.7745
G01 X26.9322Y39.7330
G01 X26.9143Y39.6831
G01 X26.9036Y39.6394
G01 X26.8977Y39.5995
G01 X26.8950Y39.5500
G01 X26.8951Y37.9316
G00 Z3.0000
G00 X28.1651Y38.1616
G01 Z-0.2000
G01 X28.1677Y38.1155
G01 X28.1734Y38.0767
G01 X28.1843Y38.0319
G01 X28.1995Y37.9883
G01 X28.2222Y37.9405
G01 X28.2424Y37.9068
G01 X28.2499Y37.8961
G01 X28.2606Y37.8670
G01 X28.2807Y37.8255
G01 X28.3043Y37.7866
G01 X28.3324Y37.7493
G01 X28.3636Y37.7153
G01 X28.3980Y37.6846
G01 X28.4295Y37.6612
G01 X28.4689Y37.6372
G01 X28.5105Y37.6172
G01 X28.5538Y37.6014
G01 X28.6040Y37.5887
G01 X28.6440Y37.5827
G01 X28.6935Y37.5801
G01 X32.9501Y37.5801
G01 X32.9995Y37.5827
G01 X33.0384Y37.5885
G01 X33.0832Y37.5994
G01 X33.1331Y37.6172
G01 X33.1746Y37.6372
G01 X33.2135Y37.6609
G01 X33.2455Y37.6846
G01 X33.2824Y37.7177
G01 X35.6197Y40.0550
G01 X71.1250Y40.0550
G01 X71.1745Y40.0577
G01 X71.2133Y40.0634
G01 X71.2581Y40.0743
G01 X71.3016Y40.0895
G01 X71.3435Y40.1089
G01 X71.3884Y40.1358
G01 X71.4257Y40.1639
G01 X71.4573Y40.1926
G01 X74.7947Y43.5300
G01 X77.3053Y43.5300
G01 X80.6452Y40.1903
G01 X80.6796Y40.1596
G01 X80.7168Y40.1324
G01 X80.7565Y40.1089
G01 X80.7984Y40.0895
G01 X80.8419Y40.0743
G01 X80.8859Y40.0636
G01 X80.9324Y40.0570
G01 X80.9750Y40.0550
G01 X116.1250Y40.0550
G01 X116.1676Y40.0570
G01 X116.2200Y40.0648
G01 X116.2647Y40.0763
G01 X116.3080Y40.0921
G01 X116.3495Y40.1122
G01 X116.3884Y40.1358
G01 X116.4257Y40.1639
G01 X116.4573Y40.1926
G01 X119.4947Y43.2300
G01 X122.5053Y43.2300
G01 X125.5427Y40.1926
G01 X125.5743Y40.1639
G01 X125.6111Y40.1362
G01 X125.6505Y40.1122
G01 X125.6920Y40.0921
G01 X125.7353Y40.0763
G01 X125.7800Y40.0648
G01 X125.8324Y40.0570
G01 X125.8750Y40.0550
G01 X161.1284Y40.0551
G01 X161.1745Y40.0577
G01 X161.2200Y40.0648
G01 X161.2647Y40.0763
G01 X161.3080Y40.0921
G01 X161.3495Y40.1122
G01 X161.3884Y40.1358
G01 X161.4204Y40.1596
G01 X161.4548Y40.1903
G01 X164.5947Y43.3300
G01 X167.4053Y43.3300
G01 X170.5427Y40.1926
G01 X170.5796Y40.1596
G01 X170.6111Y40.1362
G01 X170.6505Y40.1122
G01 X170.6920Y40.0921
G01 X170.7419Y40.0743
G01 X170.7859Y40.0636
G01 X170.8255Y40.0577
G01 X170.8750Y40.0550
G01 X178.4803Y40.0550
G01 X182.1277Y36.4077
G01 X182.1645Y36.3746
G01 X182.1961Y36.3512
G01 X182.2355Y36.3272
G01 X182.2770Y36.3072
G01 X182.3252Y36.2898
G01 X182.3748Y36.1855
G01 X182.4338Y36.0876
G01 X182.5028Y35.9952
G01 X182.5802Y35.9103
G01 X182.6655Y35.8335
G01 X182.7522Y35.7692
G01 X182.8505Y35.7098
G01 X182.9541Y35.6605
G01 X183.0621Y35.6215
G01 X183.1801Y35.5919
G01 X183.2869Y35.5761
G01 X183.4016Y35.5701
G01 X184.6750Y35.5700
G01 X184.7863Y35.5754
G01 X184.8999Y35.5919
G01 X185.0113Y35.6195
G01 X185.1195Y35.6578
G01 X185.2295Y35.7098
G01 X185.3274Y35.7688
G01 X185.4145Y35.8335
G01 X185.5047Y35.9152
G01 X185.5815Y36.0005
G01 X185.6458Y36.0872
G01 X185.7084Y36.1915
G01 X185.7545Y36.2891
G01 X185.7935Y36.3971
G01 X185.8231Y36.5151
G01 X185.8389Y36.6219
G01 X185.8449Y36.7366
G01 X185.8396Y36.8513
G01 X185.8231Y36.9649
G01 X185.7935Y37.0829
G01 X185.7572Y37.1845
G01 X185.7084Y37.2885
G01 X185.6462Y37.3924
G01 X185.5815Y37.4795
G01 X185.5047Y37.5648
G01 X185.4198Y37.6422
G01 X185.3221Y37.7147
G01 X185.2235Y37.7734
G01 X185.1195Y37.8222
G01 X185.0113Y37.8605
G01 X184.9007Y37.8880
G01 X184.7863Y37.9046
G01 X184.6750Y37.9100
G01 X183.4050Y37.9100
G01 X183.2937Y37.9046
G01 X183.1801Y37.8881
G01 X183.0687Y37.8605
G01 X182.9605Y37.8222
G01 X182.8565Y37.7734
G01 X182.7579Y37.7147
G01 X182.6655Y37.6465
G01 X182.5802Y37.5697
G01 X182.5028Y37.4848
G01 X182.4502Y37.4145
G01 X179.0074Y40.8573
G01 X178.9705Y40.8904
G01 X178.9389Y40.9138
G01 X178.8996Y40.9378
G01 X178.8580Y40.9578
G01 X178.8081Y40.9757
G01 X178.7642Y40.9864
G01 X178.7245Y40.9923
G01 X178.6750Y40.9950
G01 X171.0697Y40.9950
G01 X167.9299Y44.1347
G01 X167.8955Y44.1654
G01 X167.8582Y44.1926
G01 X167.8185Y44.2160
G01 X167.7767Y44.2355
G01 X167.7331Y44.2507
G01 X167.6892Y44.2614
G01 X167.6426Y44.2680
G01 X167.6000Y44.2700
G01 X164.4000Y44.2700
G01 X164.3505Y44.2673
G01 X164.3050Y44.2602
G01 X164.2669Y44.2507
G01 X164.2233Y44.2355
G01 X164.1815Y44.2160
G01 X164.1365Y44.1892
G01 X164.0992Y44.1611
G01 X164.0677Y44.1323
G01 X160.9303Y40.9950
G01 X126.0697Y40.9950
G01 X123.0299Y44.0347
G01 X122.9955Y44.0654
G01 X122.9582Y44.0926
G01 X122.9185Y44.1160
G01 X122.8767Y44.1355
G01 X122.8331Y44.1507
G01 X122.7892Y44.1614
G01 X122.7426Y44.1680
G01 X122.7000Y44.1700
G01 X119.3000Y44.1700
G01 X119.2505Y44.1673
G01 X119.2050Y44.1602
G01 X119.1603Y44.1487
G01 X119.1170Y44.1328
G01 X119.0755Y44.1128
G01 X119.0365Y44.0892
G01 X118.9992Y44.0611
G01 X118.9677Y44.0323
G01 X115.9303Y40.9950
G01 X81.1697Y40.9950
G01 X77.8323Y44.3323
G01 X77.8008Y44.3611
G01 X77.7639Y44.3888
G01 X77.7185Y44.4160
G01 X77.6830Y44.4328
G01 X77.6397Y44.4487
G01 X77.5950Y44.4602
G01 X77.5495Y44.4673
G01 X77.5000Y44.4700
G01 X74.5966Y44.4699
G01 X74.5505Y44.4673
G01 X74.5050Y44.4602
G01 X74.4603Y44.4487
G01 X74.4170Y44.4328
G01 X74.3755Y44.4128
G01 X74.3365Y44.3892
G01 X74.3045Y44.3654
G01 X74.2701Y44.3347
G01 X70.9303Y40.9950
G01 X35.4250Y40.9950
G01 X35.3823Y40.9930
G01 X35.3299Y40.9852
G01 X35.2853Y40.9737
G01 X35.2420Y40.9578
G01 X35.2004Y40.9378
G01 X35.1615Y40.9141
G01 X35.1295Y40.8904
G01 X35.0951Y40.8597
G01 X32.7554Y38.5201
G01 X29.1050Y38.5201
G01 X29.1050Y39.5500
G01 X29.1030Y39.5926
G01 X29.0952Y39.6450
G01 X29.0837Y39.6897
G01 X29.0678Y39.7330
G01 X29.0510Y39.7685
G01 X29.0276Y39.8082
G01 X29.0004Y39.8455
G01 X28.9800Y39.8685
G01 X28.9800Y40.2125
G01 X28.9774Y40.2450
G01 X28.9688Y40.2795
G01 X28.9574Y40.3067
G01 X28.9434Y40.3299
G01 X28.9370Y40.3388
G01 X28.9192Y40.3592
G01 X28.8945Y40.3804
G01 X28.8715Y40.3947
G01 X28.8617Y40.3997
G01 X28.8418Y40.4079
G01 X28.8313Y40.4113
G01 X28.8036Y40.4176
G01 X28.7725Y40.4200
G01 X28.4975Y40.4200
G01 X28.4650Y40.4174
G01 X28.4305Y40.4088
G01 X28.4033Y40.3974
G01 X28.3801Y40.3834
G01 X28.3712Y40.3770
G01 X28.3508Y40.3592
G01 X28.3296Y40.3345
G01 X28.3153Y40.3115
G01 X28.3103Y40.3017
G01 X28.3002Y40.2766
G01 X28.2924Y40.2436
G01 X28.2900Y40.2125
G01 X28.2900Y39.8685
G01 X28.2696Y39.8455
G01 X28.2424Y39.8082
G01 X28.2222Y39.7745
G01 X28.2022Y39.7330
G01 X28.1843Y39.6831
G01 X28.1736Y39.6394
G01 X28.1677Y39.5995
G01 X28.1650Y39.5500
G01 X28.1651Y38.1616
G00 Z3.0000
G00 X30.5415Y38.8141
G01 Z-0.2000
G01 X30.5411Y38.8161
G01 X30.5401Y38.8272
G01 X30.5383Y38.8141
G01 X30.5415Y38.8141
G00 Z3.0000
G00 X30.8320Y40.2395
G01 Z-0.2000
G01 X30.8300Y40.2125
G01 X30.8300Y38.8875
G01 X30.8324Y38.8564
G01 X30.8412Y38.8205
G01 X30.8526Y38.7933
G01 X30.8666Y38.7701
G01 X30.8730Y38.7612
G01 X30.8908Y38.7408
G01 X30.9155Y38.7196
G01 X30.9385Y38.7053
G01 X30.9483Y38.7003
G01 X30.9682Y38.6921
G01 X30.9787Y38.6887
G01 X31.0064Y38.6824
G01 X31.0375Y38.6800
G01 X31.3125Y38.6800
G01 X31.3450Y38.6826
G01 X31.3795Y38.6912
G01 X31.4067Y38.7026
G01 X31.4358Y38.7206
G01 X31.4592Y38.7408
G01 X31.4770Y38.7612
G01 X31.4834Y38.7701
G01 X31.4975Y38.7935
G01 X31.5079Y38.8182
G01 X31.5113Y38.8287
G01 X31.5164Y38.8496
G01 X31.5181Y38.8605
G01 X31.5200Y38.8875
G01 X31.5200Y40.2125
G01 X31.5174Y40.2450
G01 X31.5088Y40.2795
G01 X31.4974Y40.3067
G01 X31.4834Y40.3299
G01 X31.4770Y40.3388
G01 X31.4592Y40.3592
G01 X31.4345Y40.3804
G01 X31.4115Y40.3947
G01 X31.4017Y40.3997
G01 X31.3766Y40.4098
G01 X31.3436Y40.4176
G01 X31.3125Y40.4200
G01 X31.0320Y40.4198
G01 X31.0105Y40.4181
G01 X30.9996Y40.4164
G01 X30.9705Y40.4088
G01 X30.9483Y40.3997
G01 X30.9385Y40.3947
G01 X30.9142Y40.3794
G01 X30.8948Y40.3630
G01 X30.8870Y40.3552
G01 X30.8696Y40.3345
G01 X30.8525Y40.3065
G01 X30.8402Y40.2766
G01 X30.8336Y40.2504
G01 X30.8320Y40.2395
G00 Z3.0000
G00 X30.3337Y40.7359
G01 Z-0.2000
G01 X30.3647Y40.7177
G01 X30.3949Y40.6975
G01 X30.4234Y40.6750
G01 X30.4398Y40.6610
G01 X30.4664Y40.6364
G01 X30.4910Y40.6098
G01 X30.5209Y40.5738
G01 X30.5399Y40.5460
G01 X30.5525Y40.5649
G01 X30.5750Y40.5934
G01 X30.5890Y40.6098
G01 X30.6136Y40.6364
G01 X30.6402Y40.6610
G01 X30.6762Y40.6909
G01 X30.7153Y40.7177
G01 X30.7460Y40.7358
G01 X30.3337Y40.7359
G00 Z3.0000
G00 X29.5620Y40.2395
G01 Z-0.2000
G01 X29.5600Y40.2125
G01 X29.5600Y38.8875
G01 X29.5624Y38.8564
G01 X29.5712Y38.8205
G01 X29.5826Y38.7933
G01 X29.5966Y38.7701
G01 X29.6030Y38.7612
G01 X29.6208Y38.7408
G01 X29.6455Y38.7196
G01 X29.6685Y38.7053
G01 X29.6783Y38.7003
G01 X29.6982Y38.6921
G01 X29.7087Y38.6887
G01 X29.7364Y38.6824
G01 X29.7675Y38.6800
G01 X30.0425Y38.6800
G01 X30.0671Y38.6816
G01 X30.0769Y38.6830
G01 X30.1057Y38.6900
G01 X30.1332Y38.7010
G01 X30.1568Y38.7143
G01 X30.1745Y38.7275
G01 X30.1820Y38.7341
G01 X30.2025Y38.7555
G01 X30.2196Y38.7796
G01 X30.2320Y38.8030
G01 X30.2400Y38.8243
G01 X30.2428Y38.8339
G01 X30.2484Y38.8629
G01 X30.2500Y38.8875
G01 X30.2500Y40.2125
G01 X30.2474Y40.2450
G01 X30.2388Y40.2795
G01 X30.2274Y40.3067
G01 X30.2134Y40.3299
G01 X30.2070Y40.3388
G01 X30.1892Y40.3592
G01 X30.1645Y40.3804
G01 X30.1415Y40.3947
G01 X30.1317Y40.3997
G01 X30.1066Y40.4098
G01 X30.0736Y40.4176
G01 X30.0425Y40.4200
G01 X29.7620Y40.4198
G01 X29.7405Y40.4181
G01 X29.7296Y40.4164
G01 X29.7005Y40.4088
G01 X29.6783Y40.3997
G01 X29.6685Y40.3947
G01 X29.6442Y40.3794
G01 X29.6248Y40.3630
G01 X29.6170Y40.3552
G01 X29.5996Y40.3345
G01 X29.5825Y40.3065
G01 X29.5702Y40.2766
G01 X29.5636Y40.2504
G01 X29.5620Y40.2395
G00 Z3.0000
G00 X29.0631Y40.7363
G01 Z-0.2000
G01 X29.0947Y40.7177
G01 X29.1249Y40.6975
G01 X29.1534Y40.6750
G01 X29.1698Y40.6610
G01 X29.1964Y40.6364
G01 X29.2210Y40.6098
G01 X29.2509Y40.5738
G01 X29.2699Y40.5460
G01 X29.2825Y40.5649
G01 X29.3050Y40.5934
G01 X29.3190Y40.6098
G01 X29.3436Y40.6364
G01 X29.3702Y40.6610
G01 X29.4062Y40.6909
G01 X29.4453Y40.7177
G01 X29.4766Y40.7362
G01 X29.0631Y40.7363
G00 Z3.0000
G00 X27.7926Y40.7366
G01 Z-0.2000
G01 X27.8247Y40.7177
G01 X27.8549Y40.6975
G01 X27.8834Y40.6750
G01 X27.8998Y40.6610
G01 X27.9264Y40.6364
G01 X27.9510Y40.6098
G01 X27.9809Y40.5738
G01 X27.9999Y40.5460
G01 X28.0125Y40.5649
G01 X28.0350Y40.5934
G01 X28.0490Y40.6098
G01 X28.0736Y40.6364
G01 X28.1002Y40.6610
G01 X28.1362Y40.6909
G01 X28.1753Y40.7177
G01 X28.2072Y40.7365
G01 X27.7926Y40.7366
G00 Z3.0000
G00 X26.5220Y40.7369
G01 Z-0.2000
G01 X26.5547Y40.7177
G01 X26.5849Y40.6975
G01 X26.6134Y40.6750
G01 X26.6298Y40.6610
G01 X26.6564Y40.6364
G01 X26.6810Y40.6098
G01 X26.7109Y40.5738
G01 X26.7299Y40.5460
G01 X26.7425Y40.5649
G01 X26.7650Y40.5934
G01 X26.7790Y40.6098
G01 X26.8036Y40.6364
G01 X26.8302Y40.6610
G01 X26.8662Y40.6909
G01 X26.9053Y40.7177
G01 X26.9378Y40.7368
G01 X26.5220Y40.7369
G00 Z3.0000
G00 X25.2514Y40.7373
G01 Z-0.2000
G01 X25.2847Y40.7177
G01 X25.3149Y40.6975
G01 X25.3434Y40.6750
G01 X25.3598Y40.6610
G01 X25.3864Y40.6364
G01 X25.4110Y40.6098
G01 X25.4409Y40.5738
G01 X25.4599Y40.5460
G01 X25.4725Y40.5649
G01 X25.4950Y40.5934
G01 X25.5090Y40.6098
G01 X25.5336Y40.6364
G01 X25.5602Y40.6610
G01 X25.5962Y40.6909
G01 X25.6353Y40.7177
G01 X25.6684Y40.7372
G01 X25.2514Y40.7373
G00 Z3.0000
G00 X24.1903Y40.5455
G01 Z-0.2000
G01 X24.2020Y40.5637
G01 X24.2137Y40.5794
G01 X24.2569Y40.6292
G01 X24.2708Y40.6431
G01 X24.3206Y40.6863
G01 X24.3363Y40.6980
G01 X24.3366Y40.6976
G01 X24.3497Y40.7077
G01 X24.3988Y40.7375
G01 X23.9808Y40.7376
G01 X24.0147Y40.7177
G01 X24.0449Y40.6975
G01 X24.0734Y40.6750
G01 X24.0898Y40.6610
G01 X24.1164Y40.6364
G01 X24.1410Y40.6098
G01 X24.1709Y40.5738
G01 X24.1903Y40.5455
G00 Z3.0000
G00 X23.1294Y40.7378
G01 Z-0.2000
G01 X22.5874Y40.7380
G01 X22.5482Y40.7156
G01 X22.5153Y40.7004
G01 X22.4791Y40.6854
G01 X22.4788Y40.6861
G01 X22.4639Y40.6794
G01 X22.4101Y40.6630
G01 X22.3720Y40.6538
G01 X22.3364Y40.6468
G01 X22.3004Y40.6425
G01 X22.2620Y40.6395
G01 X22.2620Y40.3620
G01 X22.8378Y40.3620
G01 X22.8527Y40.4127
G01 X22.8596Y40.4311
G01 X22.8601Y40.4309
G01 X22.8672Y40.4503
G01 X22.8869Y40.4910
G01 X22.8963Y40.5083
G01 X22.9320Y40.5637
G01 X22.9437Y40.5794
G01 X22.9869Y40.6292
G01 X23.0008Y40.6431
G01 X23.0506Y40.6863
G01 X23.0797Y40.7077
G01 X23.1294Y40.7378
G00 Z3.0000
G00 X22.8668Y40.6399
G01 Z-0.2000
G01 X22.6136Y40.6400
G01 X22.5927Y40.6283
G01 X22.5528Y40.6099
G01 X22.5166Y40.5949
G01 X22.5162Y40.5957
G01 X22.4982Y40.5876
G01 X22.4330Y40.5677
G01 X22.3948Y40.5586
G01 X22.3600Y40.5516
G01 X22.3600Y40.4600
G01 X22.7657Y40.4600
G01 X22.7677Y40.4653
G01 X22.7684Y40.4651
G01 X22.7770Y40.4886
G01 X22.8009Y40.5380
G01 X22.8103Y40.5552
G01 X22.8535Y40.6224
G01 X22.8668Y40.6399
G00 Z3.0000
G00 X22.1640Y40.2640
G01 Z-0.2000
G01 X22.9192Y40.2640
G01 X22.9202Y40.2774
G01 X22.9257Y40.3094
G01 X22.9299Y40.3286
G01 X22.9445Y40.3784
G01 X22.9574Y40.4120
G01 X22.9730Y40.4441
G01 X22.9824Y40.4613
G01 X23.0104Y40.5050
G01 X23.0222Y40.5207
G01 X23.0562Y40.5599
G01 X23.0701Y40.5738
G01 X23.1093Y40.6078
G01 X23.1356Y40.6272
G01 X23.1687Y40.6476
G01 X23.1859Y40.6570
G01 X23.2332Y40.6786
G01 X23.2695Y40.6917
G01 X23.3014Y40.7001
G01 X23.3206Y40.7043
G01 X23.3720Y40.7117
G01 X23.4175Y40.7140
G01 X23.6925Y40.7140
G01 X23.7211Y40.7129
G01 X23.7639Y40.7089
G01 X23.7990Y40.7022
G01 X23.8475Y40.6895
G01 X23.8942Y40.6713
G01 X23.9191Y40.6599
G01 X23.9451Y40.6454
G01 X23.9873Y40.6182
G01 X24.0097Y40.6005
G01 X24.0471Y40.5671
G01 X24.0665Y40.5461
G01 X24.0930Y40.5143
G01 X24.1141Y40.4835
G01 X24.1393Y40.4402
G01 X24.1513Y40.4142
G01 X24.1643Y40.3823
G01 X24.1772Y40.3400
G01 X24.1822Y40.3190
G01 X24.1878Y40.2910
G01 X24.1899Y40.2734
G01 X24.1957Y40.3094
G01 X24.1999Y40.3286
G01 X24.2145Y40.3784
G01 X24.2214Y40.3968
G01 X24.2274Y40.4120
G01 X24.2430Y40.4441
G01 X24.2524Y40.4613
G01 X24.2804Y40.5050
G01 X24.2922Y40.5207
G01 X24.3262Y40.5599
G01 X24.3401Y40.5738
G01 X24.3793Y40.6078
G01 X24.4056Y40.6272
G01 X24.4387Y40.6476
G01 X24.4559Y40.6570
G01 X24.5032Y40.6786
G01 X24.5395Y40.6917
G01 X24.5714Y40.7001
G01 X24.5906Y40.7043
G01 X24.6420Y40.7117
G01 X24.6875Y40.7140
G01 X24.9625Y40.7140
G01 X24.9911Y40.7129
G01 X25.0339Y40.7089
G01 X25.0690Y40.7022
G01 X25.1175Y40.6895
G01 X25.1443Y40.6796
G01 X25.1891Y40.6599
G01 X25.2151Y40.6454
G01 X25.2573Y40.6182
G01 X25.2797Y40.6005
G01 X25.3171Y40.5671
G01 X25.3365Y40.5461
G01 X25.3630Y40.5143
G01 X25.3841Y40.4835
G01 X25.4093Y40.4402
G01 X25.4213Y40.4142
G01 X25.4343Y40.3823
G01 X25.4472Y40.3400
G01 X25.4578Y40.2910
G01 X25.4601Y40.2720
G01 X25.4611Y40.2839
G01 X25.4678Y40.3190
G01 X25.4805Y40.3675
G01 X25.4904Y40.3943
G01 X25.5101Y40.4391
G01 X25.5246Y40.4651
G01 X25.5518Y40.5073
G01 X25.5695Y40.5297
G01 X25.6029Y40.5671
G01 X25.6239Y40.5865
G01 X25.6557Y40.6130
G01 X25.6865Y40.6341
G01 X25.7298Y40.6593
G01 X25.7558Y40.6713
G01 X25.7877Y40.6843
G01 X25.8300Y40.6972
G01 X25.8790Y40.7078
G01 X25.9074Y40.7112
G01 X25.9575Y40.7140
G01 X26.2325Y40.7140
G01 X26.2826Y40.7112
G01 X26.3039Y40.7089
G01 X26.3390Y40.7022
G01 X26.3875Y40.6895
G01 X26.4143Y40.6796
G01 X26.4591Y40.6599
G01 X26.4851Y40.6454
G01 X26.5035Y40.6341
G01 X26.5273Y40.6182
G01 X26.5497Y40.6005
G01 X26.5871Y40.5671
G01 X26.6065Y40.5461
G01 X26.6330Y40.5143
G01 X26.6541Y40.4835
G01 X26.6793Y40.4402
G01 X26.6996Y40.3943
G01 X26.6990Y40.3941
G01 X26.7043Y40.3823
G01 X26.7172Y40.3400
G01 X26.7278Y40.2910
G01 X26.7301Y40.2720
G01 X26.7311Y40.2839
G01 X26.7378Y40.3190
G01 X26.7428Y40.3400
G01 X26.7505Y40.3675
G01 X26.7687Y40.4142
G01 X26.7801Y40.4391
G01 X26.7946Y40.4651
G01 X26.8059Y40.4835
G01 X26.8218Y40.5073
G01 X26.8535Y40.5461
G01 X26.8729Y40.5671
G01 X26.9103Y40.6005
G01 X26.9257Y40.6130
G01 X26.9565Y40.6341
G01 X26.9749Y40.6454
G01 X26.9998Y40.6593
G01 X27.0258Y40.6713
G01 X27.0577Y40.6843
G01 X27.1000Y40.6972
G01 X27.1210Y40.7022
G01 X27.1490Y40.7078
G01 X27.1774Y40.7112
G01 X27.2275Y40.7140
G01 X27.5025Y40.7140
G01 X27.5311Y40.7129
G01 X27.5739Y40.7089
G01 X27.6090Y40.7022
G01 X27.6300Y40.6972
G01 X27.6575Y40.6895
G01 X27.6843Y40.6796
G01 X27.7291Y40.6599
G01 X27.7551Y40.6454
G01 X27.7735Y40.6341
G01 X27.7973Y40.6182
G01 X27.8197Y40.6005
G01 X27.8571Y40.5671
G01 X27.8765Y40.5461
G01 X27.9030Y40.5143
G01 X27.9241Y40.4835
G01 X27.9493Y40.4402
G01 X27.9696Y40.3943
G01 X27.9690Y40.3941
G01 X27.9743Y40.3823
G01 X27.9872Y40.3400
G01 X27.9978Y40.2910
G01 X28.0001Y40.2720
G01 X28.0011Y40.2839
G01 X28.0078Y40.3190
G01 X28.0128Y40.3400
G01 X28.0205Y40.3675
G01 X28.0304Y40.3943
G01 X28.0501Y40.4391
G01 X28.0646Y40.4651
G01 X28.0918Y40.5073
G01 X28.1095Y40.5297
G01 X28.1429Y40.5671
G01 X28.1803Y40.6005
G01 X28.1957Y40.6130
G01 X28.2265Y40.6341
G01 X28.2698Y40.6593
G01 X28.2958Y40.6713
G01 X28.3277Y40.6843
G01 X28.3700Y40.6972
G01 X28.4190Y40.7078
G01 X28.4474Y40.7112
G01 X28.4975Y40.7140
G01 X28.7725Y40.7140
G01 X28.8011Y40.7129
G01 X28.8439Y40.7089
G01 X28.8790Y40.7022
G01 X28.9275Y40.6895
G01 X28.9543Y40.6796
G01 X28.9991Y40.6599
G01 X29.0251Y40.6454
G01 X29.0673Y40.6182
G01 X29.1061Y40.5865
G01 X29.1271Y40.5671
G01 X29.1465Y40.5461
G01 X29.1730Y40.5143
G01 X29.1941Y40.4835
G01 X29.2193Y40.4402
G01 X29.2313Y40.4142
G01 X29.2443Y40.3823
G01 X29.2572Y40.3400
G01 X29.2678Y40.2910
G01 X29.2701Y40.2720
G01 X29.2711Y40.2839
G01 X29.2778Y40.3190
G01 X29.2828Y40.3400
G01 X29.2905Y40.3675
G01 X29.3004Y40.3943
G01 X29.3201Y40.4391
G01 X29.3346Y40.4651
G01 X29.3618Y40.5073
G01 X29.3795Y40.5297
G01 X29.4129Y40.5671
G01 X29.4503Y40.6005
G01 X29.4657Y40.6130
G01 X29.4965Y40.6341
G01 X29.5398Y40.6593
G01 X29.5658Y40.6713
G01 X29.5977Y40.6843
G01 X29.6400Y40.6972
G01 X29.6890Y40.7078
G01 X29.7174Y40.7112
G01 X29.7675Y40.7140
G01 X30.0425Y40.7140
G01 X30.0711Y40.7129
G01 X30.1139Y40.7089
G01 X30.1490Y40.7022
G01 X30.1975Y40.6895
G01 X30.2442Y40.6713
G01 X30.2691Y40.6599
G01 X30.2951Y40.6454
G01 X30.3373Y40.6182
G01 X30.3597Y40.6005
G01 X30.3971Y40.5671
G01 X30.4165Y40.5461
G01 X30.4430Y40.5143
G01 X30.4641Y40.4835
G01 X30.4893Y40.4402
G01 X30.5013Y40.4142
G01 X30.5143Y40.3823
G01 X30.5272Y40.3400
G01 X30.5378Y40.2910
G01 X30.5401Y40.2720
G01 X30.5411Y40.2839
G01 X30.5478Y40.3190
G01 X30.5605Y40.3675
G01 X30.5704Y40.3943
G01 X30.5901Y40.4391
G01 X30.6046Y40.4651
G01 X30.6159Y40.4835
G01 X30.6318Y40.5073
G01 X30.6495Y40.5297
G01 X30.6829Y40.5671
G01 X30.7039Y40.5865
G01 X30.7357Y40.6130
G01 X30.7665Y40.6341
G01 X30.7849Y40.6454
G01 X30.8098Y40.6593
G01 X30.8358Y40.6713
G01 X30.8677Y40.6843
G01 X30.9100Y40.6972
G01 X30.9590Y40.7078
G01 X30.9874Y40.7112
G01 X31.0375Y40.7140
G01 X31.3125Y40.7140
G01 X31.3626Y40.7112
G01 X31.3839Y40.7089
G01 X31.4190Y40.7022
G01 X31.4675Y40.6895
G01 X31.4943Y40.6796
G01 X31.5360Y40.6613
G01 X31.5360Y40.8336
G01 X22.5598Y40.8360
G01 X22.5287Y40.8169
G01 X22.5038Y40.8029
G01 X22.4778Y40.7910
G01 X22.4296Y40.7712
G01 X22.3872Y40.7583
G01 X22.3491Y40.7491
G01 X22.3211Y40.7436
G01 X22.2927Y40.7402
G01 X22.2536Y40.7371
G01 X22.2250Y40.7360
G01 X22.1640Y40.7360
G01 X22.1640Y40.2640
G00 Z3.0000
G00 X22.7087Y38.3440
G01 Z-0.2000
G01 X22.5560Y38.3440
G01 X22.5560Y37.9577
G01 X23.6533Y37.9566
G01 X23.6587Y37.9940
G01 X23.4175Y37.9940
G01 X23.3582Y37.9963
G01 X23.2924Y38.0028
G01 X23.2195Y38.0166
G01 X23.1985Y38.0216
G01 X23.1414Y38.0377
G01 X23.0857Y38.0583
G01 X23.0658Y38.0665
G01 X23.0141Y38.0902
G01 X22.9601Y38.1204
G01 X22.9417Y38.1317
G01 X22.8923Y38.1646
G01 X22.8457Y38.2014
G01 X22.8293Y38.2154
G01 X22.7857Y38.2557
G01 X22.7454Y38.2993
G01 X22.7314Y38.3157
G01 X22.7321Y38.3163
G01 X22.7087Y38.3440
G00 Z3.0000
G00 X5.9020Y46.7829
G01 Z-0.2000
G01 X5.8820Y46.7812
G01 X4.0559Y46.7812
G01 X4.0245Y46.7781
G01 X4.0000Y46.7707
G01 X3.9774Y46.7586
G01 X3.9576Y46.7424
G01 X3.9414Y46.7226
G01 X3.9293Y46.7000
G01 X3.9219Y46.6755
G01 X3.9188Y46.6441
G01 X3.9188Y45.1559
G01 X3.9219Y45.1245
G01 X3.9293Y45.1000
G01 X3.9414Y45.0774
G01 X3.9576Y45.0576
G01 X3.9774Y45.0414
G01 X4.0000Y45.0293
G01 X4.0245Y45.0219
G01 X4.0559Y45.0188
G01 X7.0441Y45.0188
G01 X7.0755Y45.0219
G01 X7.1000Y45.0293
G01 X7.1226Y45.0414
G01 X7.1424Y45.0576
G01 X7.1586Y45.0774
G01 X7.1707Y45.1000
G01 X7.1781Y45.1245
G01 X7.1812Y45.1559
G01 X7.1812Y46.4820
G01 X7.1822Y46.4971
G01 X7.1855Y46.5135
G01 X7.1891Y46.5247
G01 X7.1971Y46.5415
G01 X7.2063Y46.5554
G01 X7.2164Y46.5668
G01 X7.5844Y46.9349
G01 X7.6002Y46.9481
G01 X7.6157Y46.9574
G01 X7.6311Y46.9638
G01 X7.6492Y46.9683
G01 X7.6692Y46.9700
G01 X9.7996Y46.9700
G01 X9.8148Y46.9690
G01 X9.8264Y46.9669
G01 X9.8377Y46.9638
G01 X9.8531Y46.9574
G01 X9.8634Y46.9516
G01 X9.8784Y46.9405
G01 X9.8868Y46.9324
G01 X9.8945Y46.9234
G01 X9.9012Y46.9138
G01 X9.9070Y46.9035
G01 X9.9117Y46.8927
G01 X9.9166Y46.8768
G01 X9.9186Y46.8652
G01 X9.9195Y46.8466
G01 X9.9186Y46.8348
G01 X9.9154Y46.8185
G01 X9.9117Y46.8073
G01 X9.9070Y46.7965
G01 X9.9012Y46.7862
G01 X9.8945Y46.7766
G01 X9.8820Y46.7628
G01 X9.8576Y46.7424
G01 X9.8414Y46.7226
G01 X9.8293Y46.7000
G01 X9.8219Y46.6755
G01 X9.8188Y46.6441
G01 X9.8188Y45.1559
G01 X9.8219Y45.1245
G01 X9.8293Y45.1000
G01 X9.8414Y45.0774
G01 X9.8576Y45.0576
G01 X9.8774Y45.0414
G01 X9.9000Y45.0293
G01 X9.9245Y45.0219
G01 X9.9559Y45.0188
G01 X10.8034Y45.0187
G01 X10.8209Y45.0169
G01 X10.8315Y45.0145
G01 X10.8427Y45.0109
G01 X10.8596Y45.0029
G01 X10.8695Y44.9966
G01 X10.8787Y44.9893
G01 X10.8872Y44.9812
G01 X10.8949Y44.9722
G01 X10.9016Y44.9626
G01 X10.9074Y44.9523
G01 X10.9121Y44.9415
G01 X10.9169Y44.9256
G01 X10.9190Y44.9140
G01 X10.9199Y44.9022
G01 X10.9197Y44.1292
G01 X10.9169Y44.1107
G01 X10.9138Y44.0994
G01 X10.9095Y44.0884
G01 X10.9016Y44.0737
G01 X10.8949Y44.0641
G01 X10.8872Y44.0551
G01 X10.8787Y44.0470
G01 X10.8695Y44.0397
G01 X10.8535Y44.0301
G01 X10.8427Y44.0254
G01 X10.8315Y44.0218
G01 X10.8200Y44.0192
G01 X10.8083Y44.0178
G01 X10.0865Y44.0175
G01 X10.0074Y44.0097
G01 X9.9940Y44.0072
G01 X9.9823Y44.0063
G01 X9.5309Y44.0062
G01 X9.4507Y43.9983
G01 X9.3793Y43.9767
G01 X9.3135Y43.9415
G01 X9.2559Y43.8941
G01 X9.2085Y43.8365
G01 X9.1733Y43.7707
G01 X9.1517Y43.6993
G01 X9.1438Y43.6191
G01 X9.1438Y42.3809
G01 X9.1517Y42.3007
G01 X9.1733Y42.2293
G01 X9.2085Y42.1635
G01 X9.2559Y42.1059
G01 X9.3135Y42.0585
G01 X9.3793Y42.0233
G01 X9.4507Y42.0017
G01 X9.5309Y41.9938
G01 X10.4441Y41.9938
G01 X10.5243Y42.0017
G01 X10.5957Y42.0233
G01 X10.6615Y42.0585
G01 X10.7191Y42.1059
G01 X10.7665Y42.1635
G01 X10.8017Y42.2293
G01 X10.8233Y42.3007
G01 X10.8312Y42.3809
G01 X10.8315Y42.8458
G01 X10.8331Y42.8587
G01 X10.8355Y42.8690
G01 X10.8417Y42.8866
G01 X10.8471Y42.8971
G01 X10.8534Y42.9070
G01 X10.8640Y42.9199
G01 X10.8725Y42.9280
G01 X10.8817Y42.9353
G01 X10.8977Y42.9449
G01 X10.9085Y42.9496
G01 X10.9197Y42.9532
G01 X10.9360Y42.9565
G01 X10.9512Y42.9575
G01 X11.2556Y42.9575
G01 X11.2875Y42.9549
G01 X11.3914Y42.9652
G01 X11.4913Y42.9955
G01 X11.5834Y43.0447
G01 X11.6641Y43.1109
G01 X11.6848Y43.1353
G01 X11.8022Y43.2526
G01 X11.8266Y43.2734
G01 X11.8928Y43.3541
G01 X11.9420Y43.4462
G01 X11.9723Y43.5461
G01 X11.9826Y43.6500
G01 X11.9800Y43.6819
G01 X11.9801Y44.9022
G01 X11.9817Y44.9188
G01 X11.9843Y44.9303
G01 X11.9879Y44.9415
G01 X11.9959Y44.9583
G01 X12.0022Y44.9683
G01 X12.0128Y44.9812
G01 X12.0213Y44.9893
G01 X12.0310Y44.9969
G01 X12.0465Y45.0062
G01 X12.0619Y45.0125
G01 X12.0800Y45.0171
G01 X12.0966Y45.0187
G01 X12.9441Y45.0188
G01 X12.9755Y45.0219
G01 X13.0000Y45.0293
G01 X13.0226Y45.0414
G01 X13.0424Y45.0576
G01 X13.0586Y45.0774
G01 X13.0707Y45.1000
G01 X13.0781Y45.1245
G01 X13.0812Y45.1559
G01 X13.0812Y45.2500
G01 X13.0822Y45.2652
G01 X13.0843Y45.2768
G01 X13.0875Y45.2881
G01 X13.0917Y45.2991
G01 X13.0971Y45.3096
G01 X13.1034Y45.3195
G01 X13.1140Y45.3324
G01 X13.1225Y45.3405
G01 X13.1322Y45.3481
G01 X13.1477Y45.3574
G01 X13.1585Y45.3621
G01 X13.1697Y45.3657
G01 X13.1812Y45.3683
G01 X13.2012Y45.3700
G01 X14.5343Y45.3700
G01 X14.5555Y45.3681
G01 X14.5658Y45.3657
G01 X14.5770Y45.3621
G01 X14.5878Y45.3574
G01 X14.5981Y45.3516
G01 X14.6077Y45.3449
G01 X14.6167Y45.3372
G01 X15.3062Y44.6478
G01 X15.3270Y44.6234
G01 X15.4077Y44.5572
G01 X15.4997Y44.5080
G01 X15.5996Y44.4777
G01 X15.7035Y44.4674
G01 X15.7355Y44.4700
G01 X17.1485Y44.4700
G01 X17.1637Y44.4690
G01 X17.1753Y44.4669
G01 X17.1912Y44.4621
G01 X17.2081Y44.4541
G01 X17.2220Y44.4449
G01 X17.2309Y44.4372
G01 X17.5204Y44.1478
G01 X17.5412Y44.1234
G01 X17.6219Y44.0572
G01 X17.7140Y44.0080
G01 X17.8139Y43.9777
G01 X17.9178Y43.9674
G01 X17.9497Y43.9700
G01 X20.8226Y43.9700
G01 X20.8378Y43.9690
G01 X20.8494Y43.9669
G01 X20.9007Y43.9517
G01 X20.9809Y43.9438
G01 X22.2191Y43.9438
G01 X22.2993Y43.9517
G01 X22.3459Y43.9657
G01 X22.3574Y43.9683
G01 X22.3691Y43.9697
G01 X22.6500Y43.9700
G01 X22.6709Y43.9681
G01 X22.6881Y43.9637
G01 X22.7035Y43.9574
G01 X22.7195Y43.9478
G01 X22.7287Y43.9405
G01 X22.7405Y43.9287
G01 X22.7481Y43.9190
G01 X22.7574Y43.9035
G01 X22.7638Y43.8881
G01 X22.7683Y43.8700
G01 X22.7699Y43.8534
G01 X22.7700Y43.6700
G01 X23.2308Y43.6700
G01 X23.2459Y43.6690
G01 X23.2575Y43.6669
G01 X23.2689Y43.6638
G01 X23.2798Y43.6595
G01 X23.2903Y43.6541
G01 X23.3002Y43.6478
G01 X23.3156Y43.6349
G01 X23.7027Y43.2478
G01 X23.7234Y43.2234
G01 X23.8041Y43.1572
G01 X23.8962Y43.1080
G01 X23.9961Y43.0777
G01 X24.1000Y43.0674
G01 X24.1319Y43.0700
G01 X30.6501Y43.0700
G01 X30.6710Y43.0681
G01 X30.6816Y43.0657
G01 X30.6928Y43.0621
G01 X30.7067Y43.0558
G01 X30.7962Y43.0080
G01 X30.8961Y42.9777
G01 X31.0000Y42.9674
G01 X31.1039Y42.9777
G01 X31.2038Y43.0080
G01 X31.2933Y43.0558
G01 X31.3072Y43.0621
G01 X31.3184Y43.0657
G01 X31.3299Y43.0683
G01 X31.3499Y43.0700
G01 X42.1931Y43.0700
G01 X42.2250Y43.0674
G01 X42.3289Y43.0777
G01 X42.4288Y43.1080
G01 X42.5209Y43.1572
G01 X42.6016Y43.2234
G01 X42.6223Y43.2478
G01 X43.4188Y44.0443
G01 X43.4303Y44.0543
G01 X43.4441Y44.0636
G01 X43.4610Y44.0716
G01 X43.4769Y44.0764
G01 X43.4885Y44.0785
G01 X43.5071Y44.0794
G01 X43.5271Y44.0772
G01 X43.6887Y44.0450
G01 X43.9113Y44.0450
G01 X44.0763Y44.0777
G01 X44.0929Y44.0794
G01 X44.1115Y44.0785
G01 X44.1231Y44.0764
G01 X44.1344Y44.0732
G01 X44.1498Y44.0668
G01 X44.1658Y44.0573
G01 X44.1812Y44.0443
G01 X46.9656Y41.2598
G01 X46.9789Y41.2440
G01 X46.9849Y41.2345
G01 X46.9903Y41.2240
G01 X46.9965Y41.2065
G01 X46.9991Y41.1950
G01 X47.0007Y41.1784
G01 X47.0005Y41.1666
G01 X46.9989Y41.1538
G01 X46.9945Y41.1369
G01 X46.9903Y41.1259
G01 X46.9824Y41.1112
G01 X46.9757Y41.1016
G01 X46.9632Y41.0878
G01 X46.9503Y41.0772
G01 X46.9403Y41.0708
G01 X46.9235Y41.0629
G01 X46.9123Y41.0592
G01 X46.8960Y41.0560
G01 X46.8808Y41.0550
G01 X35.4569Y41.0550
G01 X35.4250Y41.0575
G01 X35.3211Y41.0473
G01 X35.2212Y41.0170
G01 X35.1291Y40.9678
G01 X35.0484Y40.9016
G01 X35.0276Y40.8772
G01 X32.7657Y38.6152
G01 X32.7498Y38.6019
G01 X32.7404Y38.5959
G01 X32.7299Y38.5906
G01 X32.7189Y38.5863
G01 X32.7076Y38.5831
G01 X32.6960Y38.5810
G01 X32.6808Y38.5801
G01 X31.9417Y38.5804
G01 X31.9232Y38.5831
G01 X31.9073Y38.5879
G01 X31.8904Y38.5959
G01 X31.8766Y38.6052
G01 X31.8628Y38.6177
G01 X31.8519Y38.6310
G01 X31.8426Y38.6466
G01 X31.8362Y38.6620
G01 X31.8317Y38.6800
G01 X31.8300Y38.7001
G01 X31.8300Y41.1300
G01 X22.4569Y41.1300
G01 X22.4472Y41.1200
G01 X22.4144Y41.0921
G01 X22.3703Y41.0649
G01 X22.3267Y41.0467
G01 X22.2751Y41.0339
G01 X22.2250Y41.0300
G01 X21.8700Y41.0300
G01 X21.8700Y40.1500
G01 X21.8690Y40.1348
G01 X21.8669Y40.1232
G01 X21.8638Y40.1119
G01 X21.8574Y40.0965
G01 X21.8478Y40.0805
G01 X21.8405Y40.0713
G01 X21.8324Y40.0628
G01 X21.8190Y40.0519
G01 X21.8096Y40.0459
G01 X21.7991Y40.0405
G01 X21.7815Y40.0343
G01 X21.7652Y40.0310
G01 X21.7500Y40.0300
G01 X14.7319Y40.0300
G01 X14.7000Y40.0326
G01 X14.5961Y40.0223
G01 X14.4962Y39.9920
G01 X14.4041Y39.9428
G01 X14.3234Y39.8766
G01 X14.3027Y39.8522
G01 X12.4556Y38.0051
G01 X12.4442Y37.9951
G01 X12.4345Y37.9884
G01 X12.4198Y37.9805
G01 X12.4023Y37.9743
G01 X12.3859Y37.9710
G01 X12.3708Y37.9700
G01 X12.2646Y37.9700
G01 X12.0839Y37.9522
G01 X11.8520Y37.8819
G01 X11.6383Y37.7677
G01 X11.4511Y37.6139
G01 X11.2973Y37.4267
G01 X11.1831Y37.2130
G01 X11.1128Y36.9811
G01 X11.0890Y36.7400
G01 X11.1128Y36.4989
G01 X11.1831Y36.2670
G01 X11.2973Y36.0533
G01 X11.4511Y35.8661
G01 X11.6383Y35.7123
G01 X11.8520Y35.5981
G01 X12.0839Y35.5278
G01 X12.2646Y35.5100
G01 X13.6554Y35.5100
G01 X13.8361Y35.5278
G01 X14.0680Y35.5981
G01 X14.2817Y35.7123
G01 X14.4689Y35.8661
G01 X14.6227Y36.0533
G01 X14.7369Y36.2670
G01 X14.8072Y36.4989
G01 X14.8310Y36.7400
G01 X14.8072Y36.9811
G01 X14.7369Y37.2130
G01 X14.6227Y37.4267
G01 X14.4689Y37.6139
G01 X14.2817Y37.7677
G01 X14.0533Y37.8895
G01 X14.0395Y37.8988
G01 X14.0305Y37.9064
G01 X14.0180Y37.9202
G01 X14.0087Y37.9341
G01 X14.0034Y37.9446
G01 X13.9971Y37.9621
G01 X13.9946Y37.9736
G01 X13.9930Y37.9902
G01 X13.9932Y38.0020
G01 X13.9959Y38.0204
G01 X13.9991Y38.0317
G01 X14.0034Y38.0427
G01 X14.0087Y38.0532
G01 X14.0151Y38.0631
G01 X14.0280Y38.0785
G01 X14.8844Y38.9349
G01 X14.9002Y38.9481
G01 X14.9097Y38.9541
G01 X14.9202Y38.9595
G01 X14.9311Y38.9638
G01 X14.9425Y38.9669
G01 X14.9541Y38.9690
G01 X14.9692Y38.9700
G01 X21.7500Y38.9700
G01 X21.7652Y38.9690
G01 X21.7815Y38.9657
G01 X21.7991Y38.9595
G01 X21.8138Y38.9516
G01 X21.8234Y38.9449
G01 X21.8372Y38.9324
G01 X21.8478Y38.9195
G01 X21.8541Y38.9096
G01 X21.8621Y38.8927
G01 X21.8657Y38.8815
G01 X21.8683Y38.8700
G01 X21.8699Y38.8534
G01 X21.8700Y37.2700
G01 X24.2098Y37.2699
G01 X24.2272Y37.2682
G01 X24.2444Y37.2638
G01 X24.2554Y37.2595
G01 X24.2659Y37.2541
G01 X24.2798Y37.2449
G01 X24.2887Y37.2372
G01 X24.2969Y37.2287
G01 X24.3080Y37.2138
G01 X24.3158Y37.1991
G01 X24.3201Y37.1881
G01 X24.3233Y37.1768
G01 X24.3260Y37.1583
G01 X24.3260Y37.1417
G01 X24.3233Y37.1232
G01 X24.3184Y37.1073
G01 X24.3105Y37.0904
G01 X24.3012Y37.0766
G01 X24.2887Y37.0628
G01 X24.2754Y37.0519
G01 X24.2659Y37.0459
G01 X24.2554Y37.0405
G01 X24.2379Y37.0343
G01 X24.1004Y37.0066
G01 X23.8947Y36.9214
G01 X23.7097Y36.7977
G01 X23.5523Y36.6403
G01 X23.4286Y36.4553
G01 X23.3434Y36.2496
G01 X23.3000Y36.0313
G01 X23.3000Y35.8087
G01 X23.3434Y35.5904
G01 X23.4286Y35.3847
G01 X23.5523Y35.1997
G01 X23.7097Y35.0423
G01 X23.8947Y34.9186
G01 X24.1004Y34.8334
G01 X24.1215Y34.8289
G01 X24.1327Y34.8252
G01 X24.1496Y34.8173
G01 X24.1595Y34.8109
G01 X24.1724Y34.8004
G01 X24.1805Y34.7919
G01 X24.1881Y34.7822
G01 X24.1974Y34.7666
G01 X24.2021Y34.7559
G01 X24.2069Y34.7399
G01 X24.2090Y34.7283
G01 X24.2099Y34.7166
G01 X24.2100Y32.7127
G01 X24.2090Y32.6975
G01 X24.2057Y32.6812
G01 X24.1995Y32.6636
G01 X24.1916Y32.6489
G01 X24.1805Y32.6340
G01 X24.1687Y32.6222
G01 X24.1590Y32.6146
G01 X24.1435Y32.6053
G01 X24.1074Y32.5900
G01 X23.9059Y32.4554
G01 X23.7346Y32.2841
G01 X23.6000Y32.0826
G01 X23.5274Y31.9082
G01 X23.5216Y31.8979
G01 X23.5105Y31.8829
G01 X23.4987Y31.8712
G01 X23.4890Y31.8635
G01 X23.4796Y31.8575
G01 X23.4691Y31.8522
G01 X23.4581Y31.8479
G01 X23.4468Y31.8447
G01 X23.4352Y31.8427
G01 X23.4234Y31.8418
G01 X23.4048Y31.8427
G01 X23.3885Y31.8459
G01 X23.3773Y31.8496
G01 X23.3665Y31.8543
G01 X23.3505Y31.8639
G01 X23.3413Y31.8712
G01 X23.3328Y31.8793
G01 X23.3219Y31.8927
G01 X23.3159Y31.9021
G01 X23.3105Y31.9126
G01 X23.2400Y32.0826
G01 X23.1054Y32.2841
G01 X22.9628Y32.4268
G01 X22.9551Y32.4358
G01 X22.9484Y32.4454
G01 X22.9426Y32.4557
G01 X22.9379Y32.4665
G01 X22.9343Y32.4777
G01 X22.9317Y32.4892
G01 X22.9300Y32.5092
G01 X22.9300Y33.4632
G01 X22.9330Y33.5000
G01 X22.9209Y33.6235
G01 X22.8849Y33.7423
G01 X22.8264Y33.8517
G01 X22.7930Y33.8924
G01 X22.7838Y33.9063
G01 X22.7758Y33.9232
G01 X22.7710Y33.9391
G01 X22.7682Y33.9576
G01 X22.7682Y33.9743
G01 X22.7703Y33.9898
G01 X22.7800Y34.0387
G01 X22.7801Y34.0920
G01 X22.7855Y34.1500
G01 X22.7801Y34.2080
G01 X22.7800Y34.2613
G01 X22.7697Y34.3136
G01 X22.7636Y34.3715
G01 X22.7471Y34.4273
G01 X22.7366Y34.4796
G01 X22.7146Y34.5335
G01 X22.6990Y34.5845
G01 X22.6740Y34.6316
G01 X22.6514Y34.6853
G01 X22.6193Y34.7338
G01 X22.5941Y34.7808
G01 X22.5603Y34.8221
G01 X22.5277Y34.8703
G01 X22.4868Y34.9117
G01 X22.4529Y34.9529
G01 X22.4117Y34.9868
G01 X22.3703Y35.0277
G01 X22.3221Y35.0603
G01 X22.2808Y35.0941
G01 X22.2338Y35.1193
G01 X22.1853Y35.1514
G01 X22.1316Y35.1740
G01 X22.0845Y35.1990
G01 X22.0335Y35.2146
G01 X21.9796Y35.2366
G01 X21.9273Y35.2471
G01 X21.8715Y35.2636
G01 X21.8136Y35.2697
G01 X21.7613Y35.2800
G01 X21.5387Y35.2800
G01 X21.4864Y35.2697
G01 X21.4285Y35.2636
G01 X21.3727Y35.2471
G01 X21.3204Y35.2366
G01 X21.2665Y35.2146
G01 X21.2155Y35.1990
G01 X21.1684Y35.1740
G01 X21.1147Y35.1514
G01 X21.0662Y35.1193
G01 X21.0192Y35.0941
G01 X20.9779Y35.0603
G01 X20.9297Y35.0277
G01 X20.8883Y34.9868
G01 X20.8471Y34.9529
G01 X20.8132Y34.9117
G01 X20.7723Y34.8703
G01 X20.7426Y34.8266
G01 X20.7350Y34.8176
G01 X20.7265Y34.8095
G01 X20.7115Y34.7984
G01 X20.6968Y34.7905
G01 X20.6859Y34.7862
G01 X20.6745Y34.7831
G01 X20.6561Y34.7803
G01 X17.9022Y34.7800
G01 X17.8811Y34.7819
G01 X17.8641Y34.7862
G01 X17.8487Y34.7926
G01 X17.8385Y34.7984
G01 X17.8288Y34.8051
G01 X17.8199Y34.8128
G01 X17.8074Y34.8266
G01 X17.7777Y34.8703
G01 X17.6203Y35.0277
G01 X17.4353Y35.1514
G01 X17.2296Y35.2366
G01 X17.0113Y35.2800
G01 X16.7887Y35.2800
G01 X16.5704Y35.2366
G01 X16.3647Y35.1514
G01 X16.1797Y35.0277
G01 X16.0223Y34.8703
G01 X15.9307Y34.7333
G01 X15.9182Y34.7176
G01 X15.9044Y34.7051
G01 X15.8905Y34.6959
G01 X15.8800Y34.6905
G01 X15.8625Y34.6843
G01 X15.8461Y34.6810
G01 X15.8310Y34.6800
G01 X14.7819Y34.6800
G01 X14.7500Y34.6826
G01 X14.6461Y34.6723
G01 X14.5462Y34.6420
G01 X14.4541Y34.5928
G01 X14.3734Y34.5266
G01 X14.3527Y34.5022
G01 X12.7756Y32.9251
G01 X12.7598Y32.9119
G01 X12.7443Y32.9026
G01 X12.7289Y32.8962
G01 X12.7175Y32.8931
G01 X12.6991Y32.8903
G01 X12.2646Y32.8900
G01 X12.0839Y32.8722
G01 X11.8520Y32.8019
G01 X11.6383Y32.6877
G01 X11.4511Y32.5339
G01 X11.2973Y32.3467
G01 X11.1831Y32.1330
G01 X11.1128Y31.9011
G01 X11.0890Y31.6600
G01 X11.1128Y31.4189
G01 X11.1831Y31.1870
G01 X11.2973Y30.9733
G01 X11.4511Y30.7861
G01 X11.6383Y30.6323
G01 X11.8520Y30.5181
G01 X12.0839Y30.4478
G01 X12.2646Y30.4300
G01 X13.6554Y30.4300
G01 X13.8361Y30.4478
G01 X14.0680Y30.5181
G01 X14.2817Y30.6323
G01 X14.4689Y30.7861
G01 X14.6227Y30.9733
G01 X14.7369Y31.1870
G01 X14.8072Y31.4189
G01 X14.8310Y31.6600
G01 X14.8072Y31.9011
G01 X14.7369Y32.1330
G01 X14.6227Y32.3467
G01 X14.4689Y32.5339
G01 X14.2817Y32.6877
G01 X14.2621Y32.6982
G01 X14.2521Y32.7046
G01 X14.2429Y32.7119
G01 X14.2344Y32.7200
G01 X14.2238Y32.7329
G01 X14.2175Y32.7428
G01 X14.2121Y32.7533
G01 X14.2079Y32.7643
G01 X14.2047Y32.7756
G01 X14.2026Y32.7872
G01 X14.2017Y32.7989
G01 X14.2019Y32.8107
G01 X14.2035Y32.8235
G01 X14.2059Y32.8339
G01 X14.2121Y32.8514
G01 X14.2175Y32.8619
G01 X14.2238Y32.8718
G01 X14.2368Y32.8872
G01 X14.9344Y33.5849
G01 X14.9502Y33.5981
G01 X14.9597Y33.6041
G01 X14.9702Y33.6095
G01 X14.9811Y33.6138
G01 X14.9925Y33.6169
G01 X15.0041Y33.6190
G01 X15.0192Y33.6200
G01 X15.8310Y33.6200
G01 X15.8521Y33.6181
G01 X15.8691Y33.6138
G01 X15.8800Y33.6095
G01 X15.8947Y33.6016
G01 X15.9097Y33.5905
G01 X15.9182Y33.5824
G01 X15.9307Y33.5667
G01 X16.0223Y33.4297
G01 X16.1797Y33.2723
G01 X16.3647Y33.1486
G01 X16.5704Y33.0634
G01 X16.7887Y33.0200
G01 X17.0113Y33.0200
G01 X17.2296Y33.0634
G01 X17.4353Y33.1486
G01 X17.6203Y33.2723
G01 X17.7777Y33.4297
G01 X17.8044Y33.4695
G01 X17.8117Y33.4787
G01 X17.8199Y33.4872
G01 X17.8332Y33.4981
G01 X17.8487Y33.5074
G01 X17.8595Y33.5121
G01 X17.8707Y33.5157
G01 X17.8871Y33.5190
G01 X17.9022Y33.5200
G01 X20.6478Y33.5200
G01 X20.6629Y33.5190
G01 X20.6793Y33.5157
G01 X20.6905Y33.5121
G01 X20.7013Y33.5074
G01 X20.7173Y33.4978
G01 X20.7301Y33.4872
G01 X20.7383Y33.4787
G01 X20.7456Y33.4695
G01 X20.7723Y33.4297
G01 X20.8132Y33.3883
G01 X20.8471Y33.3471
G01 X20.8883Y33.3132
G01 X20.9297Y33.2723
G01 X20.9779Y33.2397
G01 X21.0192Y33.2059
G01 X21.0662Y33.1807
G01 X21.1147Y33.1486
G01 X21.1684Y33.1260
G01 X21.2155Y33.1010
G01 X21.2665Y33.0854
G01 X21.3204Y33.0634
G01 X21.3727Y33.0529
G01 X21.4285Y33.0364
G01 X21.4864Y33.0303
G01 X21.5387Y33.0200
G01 X21.5652Y33.0190
G01 X21.5815Y33.0157
G01 X21.5927Y33.0121
G01 X21.6035Y33.0074
G01 X21.6138Y33.0016
G01 X21.6234Y32.9949
G01 X21.6324Y32.9872
G01 X21.6405Y32.9787
G01 X21.6481Y32.9690
G01 X21.6541Y32.9596
G01 X21.6595Y32.9491
G01 X21.6638Y32.9381
G01 X21.6669Y32.9268
G01 X21.6690Y32.9152
G01 X21.6699Y32.9034
G01 X21.6699Y32.7093
G01 X21.6681Y32.6915
G01 X21.6638Y32.6746
G01 X21.6574Y32.6592
G01 X21.6478Y32.6432
G01 X21.6405Y32.6340
G01 X21.6324Y32.6255
G01 X21.6190Y32.6146
G01 X21.6035Y32.6053
G01 X21.5674Y32.5900
G01 X21.3659Y32.4554
G01 X21.1946Y32.2841
G01 X21.0600Y32.0826
G01 X20.9673Y31.8588
G01 X20.9200Y31.6211
G01 X20.9200Y31.3789
G01 X20.9673Y31.1412
G01 X21.0600Y30.9174
G01 X21.1946Y30.7159
G01 X21.3659Y30.5446
G01 X21.5674Y30.4100
G01 X21.7912Y30.3173
G01 X22.0289Y30.2700
G01 X22.2711Y30.2700
G01 X22.5088Y30.3173
G01 X22.7326Y30.4100
G01 X22.9341Y30.5446
G01 X23.1054Y30.7159
G01 X23.2400Y30.9174
G01 X23.3091Y31.0843
G01 X23.3159Y31.0979
G01 X23.3222Y31.1078
G01 X23.3295Y31.1171
G01 X23.3376Y31.1256
G01 X23.3466Y31.1332
G01 X23.3604Y31.1425
G01 X23.3709Y31.1478
G01 X23.3885Y31.1541
G01 X23.4000Y31.1566
G01 X23.4166Y31.1582
G01 X23.4352Y31.1573
G01 X23.4468Y31.1553
G01 X23.4581Y31.1521
G01 X23.4735Y31.1457
G01 X23.4838Y31.1399
G01 X23.4934Y31.1332
G01 X23.5072Y31.1207
G01 X23.5149Y31.1118
G01 X23.5241Y31.0979
G01 X23.5309Y31.0843
G01 X23.6000Y30.9174
G01 X23.7346Y30.7159
G01 X23.9059Y30.5446
G01 X24.1074Y30.4100
G01 X24.3312Y30.3173
G01 X24.5689Y30.2700
G01 X24.8111Y30.2700
G01 X25.0488Y30.3173
G01 X25.2726Y30.4100
G01 X25.4741Y30.5446
G01 X25.6454Y30.7159
G01 X25.7800Y30.9174
G01 X25.8491Y31.0843
G01 X25.8559Y31.0979
G01 X25.8622Y31.1078
G01 X25.8695Y31.1171
G01 X25.8776Y31.1256
G01 X25.8866Y31.1332
G01 X25.9004Y31.1425
G01 X25.9109Y31.1478
G01 X25.9285Y31.1541
G01 X25.9400Y31.1566
G01 X25.9566Y31.1582
G01 X25.9752Y31.1573
G01 X25.9868Y31.1553
G01 X25.9981Y31.1521
G01 X26.0135Y31.1457
G01 X26.0238Y31.1399
G01 X26.0334Y31.1332
G01 X26.0472Y31.1207
G01 X26.0549Y31.1118
G01 X26.0641Y31.0979
G01 X26.0709Y31.0843
G01 X26.1400Y30.9174
G01 X26.2746Y30.7159
G01 X26.4459Y30.5446
G01 X26.6474Y30.4100
G01 X26.8712Y30.3173
G01 X27.1089Y30.2700
G01 X27.3511Y30.2700
G01 X27.5888Y30.3173
G01 X27.8126Y30.4100
G01 X28.0141Y30.5446
G01 X28.1854Y30.7159
G01 X28.3200Y30.9174
G01 X28.4127Y31.1412
G01 X28.4600Y31.3789
G01 X28.4600Y31.6211
G01 X28.4127Y31.8588
G01 X28.3200Y32.0826
G01 X28.1854Y32.2841
G01 X28.0644Y32.4051
G01 X28.0543Y32.4166
G01 X28.0451Y32.4304
G01 X28.0397Y32.4409
G01 X28.0335Y32.4585
G01 X28.0309Y32.4699
G01 X28.0293Y32.4865
G01 X28.0295Y32.4983
G01 X28.0311Y32.5111
G01 X28.0355Y32.5281
G01 X28.0397Y32.5390
G01 X28.0451Y32.5495
G01 X28.0514Y32.5595
G01 X28.0644Y32.5748
G01 X29.1244Y33.6349
G01 X29.1402Y33.6482
G01 X29.1497Y33.6541
G01 X29.1602Y33.6595
G01 X29.1712Y33.6638
G01 X29.1825Y33.6670
G01 X29.2009Y33.6697
G01 X33.5608Y33.6700
G01 X33.5759Y33.6690
G01 X33.5875Y33.6670
G01 X33.5989Y33.6638
G01 X33.6098Y33.6595
G01 X33.6245Y33.6516
G01 X33.6342Y33.6449
G01 X33.6431Y33.6372
G01 X33.6513Y33.6287
G01 X33.6589Y33.6190
G01 X33.6649Y33.6096
G01 X33.6729Y33.5927
G01 X33.6765Y33.5815
G01 X33.6791Y33.5700
G01 X33.6804Y33.5583
G01 X33.6807Y33.5466
G01 X33.6789Y33.5291
G01 X33.6765Y33.5185
G01 X33.6729Y33.5073
G01 X33.6681Y33.4965
G01 X33.6624Y33.4862
G01 X33.6513Y33.4713
G01 X32.8630Y32.6825
G01 X32.8515Y32.6725
G01 X32.8419Y32.6657
G01 X32.8316Y32.6600
G01 X32.8208Y32.6552
G01 X32.8096Y32.6516
G01 X32.7981Y32.6491
G01 X32.7815Y32.6474
G01 X32.7698Y32.6477
G01 X32.7581Y32.6491
G01 X32.7466Y32.6516
G01 X32.7354Y32.6552
G01 X32.6688Y32.6827
G01 X32.4311Y32.7300
G01 X32.1889Y32.7300
G01 X31.9512Y32.6827
G01 X31.7274Y32.5900
G01 X31.5259Y32.4554
G01 X31.3546Y32.2841
G01 X31.2200Y32.0826
G01 X31.1273Y31.8588
G01 X31.0800Y31.6211
G01 X31.0800Y31.3789
G01 X31.1273Y31.1412
G01 X31.2200Y30.9174
G01 X31.3546Y30.7159
G01 X31.5259Y30.5446
G01 X31.7274Y30.4100
G01 X31.9512Y30.3173
G01 X32.1889Y30.2700
G01 X32.4311Y30.2700
G01 X32.6688Y30.3173
G01 X32.8926Y30.4100
G01 X33.0941Y30.5446
G01 X33.2654Y30.7159
G01 X33.4000Y30.9174
G01 X33.4691Y31.0843
G01 X33.4759Y31.0979
G01 X33.4822Y31.1078
G01 X33.4895Y31.1171
G01 X33.4976Y31.1256
G01 X33.5066Y31.1332
G01 X33.5204Y31.1425
G01 X33.5309Y31.1478
G01 X33.5419Y31.1521
G01 X33.5532Y31.1553
G01 X33.5648Y31.1573
G01 X33.5834Y31.1582
G01 X33.6000Y31.1566
G01 X33.6115Y31.1541
G01 X33.6291Y31.1478
G01 X33.6396Y31.1425
G01 X33.6534Y31.1332
G01 X33.6672Y31.1207
G01 X33.6749Y31.1118
G01 X33.6841Y31.0979
G01 X33.6909Y31.0843
G01 X33.7600Y30.9174
G01 X33.8946Y30.7159
G01 X34.0659Y30.5446
G01 X34.2674Y30.4100
G01 X34.4912Y30.3173
G01 X34.7289Y30.2700
G01 X34.9711Y30.2700
G01 X35.2088Y30.3173
G01 X35.4326Y30.4100
G01 X35.6341Y30.5446
G01 X35.8054Y30.7159
G01 X35.9400Y30.9174
G01 X36.0327Y31.1412
G01 X36.0789Y31.3734
G01 X36.0829Y31.3881
G01 X36.0871Y31.3991
G01 X36.0925Y31.4095
G01 X36.0988Y31.4195
G01 X36.1061Y31.4287
G01 X36.1179Y31.4405
G01 X36.1276Y31.4481
G01 X36.1431Y31.4574
G01 X36.1585Y31.4637
G01 X36.1698Y31.4669
G01 X36.1814Y31.4690
G01 X36.1966Y31.4700
G01 X40.4188Y31.4700
G01 X40.4556Y31.4669
G01 X40.5791Y31.4791
G01 X40.6979Y31.5151
G01 X40.8073Y31.5736
G01 X40.9033Y31.6524
G01 X40.9272Y31.6806
G01 X41.6815Y32.4349
G01 X41.6929Y32.4449
G01 X41.7025Y32.4516
G01 X41.7172Y32.4595
G01 X41.7348Y32.4657
G01 X41.7511Y32.4690
G01 X41.7663Y32.4700
G01 X42.3792Y32.4700
G01 X42.4160Y32.4670
G01 X42.5395Y32.4791
G01 X42.6583Y32.5151
G01 X42.7677Y32.5736
G01 X42.8636Y32.6524
G01 X42.8875Y32.6806
G01 X43.8418Y33.6349
G01 X43.8572Y33.6478
G01 X43.8671Y33.6541
G01 X43.8776Y33.6595
G01 X43.8886Y33.6638
G01 X43.9066Y33.6683
G01 X43.9267Y33.6700
G01 X44.0113Y33.6700
G01 X44.2296Y33.7134
G01 X44.4353Y33.7986
G01 X44.6203Y33.9223
G01 X44.7777Y34.0797
G01 X44.9014Y34.2647
G01 X44.9866Y34.4704
G01 X45.0300Y34.6887
G01 X45.0300Y34.9113
G01 X44.9866Y35.1296
G01 X44.9014Y35.3353
G01 X44.7777Y35.5203
G01 X44.6203Y35.6777
G01 X44.4353Y35.8014
G01 X44.2296Y35.8866
G01 X44.1257Y35.9072
G01 X44.1064Y35.9128
G01 X44.0895Y35.9208
G01 X44.0796Y35.9271
G01 X44.0704Y35.9344
G01 X44.0586Y35.9462
G01 X44.0510Y35.9559
G01 X44.0417Y35.9714
G01 X44.0353Y35.9868
G01 X44.0308Y36.0049
G01 X44.0292Y36.0215
G01 X44.0301Y36.0401
G01 X44.0333Y36.0565
G01 X44.0396Y36.0740
G01 X44.0475Y36.0887
G01 X44.0586Y36.1037
G01 X44.0704Y36.1155
G01 X44.0853Y36.1266
G01 X44.1000Y36.1344
G01 X44.1176Y36.1407
G01 X44.1339Y36.1439
G01 X44.1491Y36.1449
G01 X45.7966Y36.1449
G01 X45.8118Y36.1439
G01 X45.8234Y36.1419
G01 X45.8347Y36.1387
G01 X45.8457Y36.1344
G01 X45.8562Y36.1291
G01 X45.8661Y36.1227
G01 X45.8815Y36.1098
G01 X47.3035Y34.6878
G01 X47.3243Y34.6634
G01 X47.4050Y34.5972
G01 X47.4970Y34.5480
G01 X47.5969Y34.5177
G01 X47.7008Y34.5074
G01 X47.7328Y34.5100
G01 X51.4742Y34.5099
G01 X51.4859Y34.5090
G01 X51.4975Y34.5069
G01 X51.5088Y34.5037
G01 X51.5198Y34.4995
G01 X51.5303Y34.4941
G01 X51.5402Y34.4878
G01 X51.5495Y34.4805
G01 X51.5580Y34.4724
G01 X51.5656Y34.4634
G01 X51.5724Y34.4538
G01 X51.5781Y34.4435
G01 X51.5829Y34.4327
G01 X51.5865Y34.4215
G01 X51.5890Y34.4100
G01 X51.5904Y34.3983
G01 X51.5907Y34.3866
G01 X51.5898Y34.3748
G01 X51.5877Y34.3632
G01 X51.5845Y34.3519
G01 X51.5802Y34.3409
G01 X51.5749Y34.3304
G01 X51.5685Y34.3205
G01 X51.5556Y34.3051
G01 X50.1255Y32.8750
G01 X50.1096Y32.8617
G01 X50.0941Y32.8525
G01 X50.0787Y32.8461
G01 X50.0606Y32.8416
G01 X50.0440Y32.8399
G01 X50.0254Y32.8408
G01 X50.0058Y32.8450
G01 X49.9161Y32.8722
G01 X49.7354Y32.8900
G01 X48.3446Y32.8900
G01 X48.1639Y32.8722
G01 X47.9320Y32.8019
G01 X47.7183Y32.6877
G01 X47.5311Y32.5339
G01 X47.3773Y32.3467
G01 X47.3472Y32.2904
G01 X47.3409Y32.2805
G01 X47.3336Y32.2713
G01 X47.3218Y32.2595
G01 X47.3068Y32.2484
G01 X47.2921Y32.2405
G01 X47.2812Y32.2362
G01 X47.2698Y32.2331
G01 X47.2582Y32.2310
G01 X47.2431Y32.2300
G01 X45.0690Y32.2300
G01 X45.0539Y32.2310
G01 X45.0423Y32.2331
G01 X45.0309Y32.2362
G01 X45.0155Y32.2426
G01 X45.0053Y32.2484
G01 X44.9956Y32.2551
G01 X44.9818Y32.2676
G01 X44.9693Y32.2833
G01 X44.8777Y32.4203
G01 X44.7203Y32.5777
G01 X44.5353Y32.7014
G01 X44.3296Y32.7866
G01 X44.1113Y32.8300
G01 X43.8887Y32.8300
G01 X43.6704Y32.7866
G01 X43.4647Y32.7014
G01 X43.2797Y32.5777
G01 X43.1223Y32.4203
G01 X42.9986Y32.2353
G01 X42.9134Y32.0296
G01 X42.8700Y31.8113
G01 X42.8700Y31.5887
G01 X42.9134Y31.3704
G01 X42.9986Y31.1647
G01 X43.1223Y30.9797
G01 X43.2797Y30.8223
G01 X43.4647Y30.6986
G01 X43.6704Y30.6134
G01 X43.8887Y30.5700
G01 X44.1113Y30.5700
G01 X44.3296Y30.6134
G01 X44.5353Y30.6986
G01 X44.7203Y30.8223
G01 X44.8777Y30.9797
G01 X44.9693Y31.1167
G01 X44.9818Y31.1324
G01 X44.9956Y31.1449
G01 X45.0053Y31.1516
G01 X45.0155Y31.1574
G01 X45.0309Y31.1638
G01 X45.0490Y31.1683
G01 X45.0690Y31.1700
G01 X47.2003Y31.1700
G01 X47.2155Y31.1690
G01 X47.2271Y31.1669
G01 X47.2384Y31.1638
G01 X47.2494Y31.1595
G01 X47.2599Y31.1541
G01 X47.2698Y31.1478
G01 X47.2790Y31.1405
G01 X47.2875Y31.1324
G01 X47.2984Y31.1190
G01 X47.3061Y31.1066
G01 X47.3773Y30.9733
G01 X47.5311Y30.7861
G01 X47.7183Y30.6323
G01 X47.9320Y30.5181
G01 X48.1639Y30.4478
G01 X48.3446Y30.4300
G01 X49.7354Y30.4300
G01 X49.9161Y30.4478
G01 X50.1480Y30.5181
G01 X50.3617Y30.6323
G01 X50.5489Y30.7861
G01 X50.7027Y30.9733
G01 X50.8169Y31.1870
G01 X50.8872Y31.4189
G01 X50.9110Y31.6600
G01 X50.8872Y31.9011
G01 X50.8530Y32.0138
G01 X50.8489Y32.0334
G01 X50.8479Y32.0521
G01 X50.8489Y32.0638
G01 X50.8509Y32.0754
G01 X50.8541Y32.0867
G01 X50.8584Y32.0977
G01 X50.8662Y32.1124
G01 X50.8730Y32.1220
G01 X50.8830Y32.1335
G01 X52.2244Y33.4748
G01 X52.2358Y33.4849
G01 X52.2455Y33.4916
G01 X52.2557Y33.4974
G01 X52.2665Y33.5021
G01 X52.2777Y33.5057
G01 X52.2892Y33.5083
G01 X52.3092Y33.5100
G01 X58.1707Y33.5100
G01 X58.1859Y33.5090
G01 X58.2023Y33.5057
G01 X58.2135Y33.5021
G01 X58.2303Y33.4941
G01 X58.2402Y33.4878
G01 X58.2531Y33.4772
G01 X58.2656Y33.4634
G01 X58.2724Y33.4537
G01 X58.2802Y33.4390
G01 X58.2865Y33.4215
G01 X58.2890Y33.4100
G01 X58.2907Y33.3934
G01 X58.2904Y33.3816
G01 X58.2877Y33.3632
G01 X58.2845Y33.3519
G01 X58.2781Y33.3365
G01 X58.2685Y33.3205
G01 X58.2556Y33.3051
G01 X57.8756Y32.9251
G01 X57.8642Y32.9151
G01 X57.8503Y32.9059
G01 X57.8335Y32.8979
G01 X57.8223Y32.8943
G01 X57.8108Y32.8917
G01 X57.7942Y32.8901
G01 X57.2646Y32.8900
G01 X57.0839Y32.8722
G01 X56.8520Y32.8019
G01 X56.6383Y32.6877
G01 X56.4511Y32.5339
G01 X56.2973Y32.3467
G01 X56.1831Y32.1330
G01 X56.1128Y31.9011
G01 X56.0890Y31.6600
G01 X56.1128Y31.4189
G01 X56.1831Y31.1870
G01 X56.2973Y30.9733
G01 X56.4511Y30.7861
G01 X56.6383Y30.6323
G01 X56.8520Y30.5181
G01 X57.0839Y30.4478
G01 X57.2646Y30.4300
G01 X58.6554Y30.4300
G01 X58.8361Y30.4478
G01 X59.0680Y30.5181
G01 X59.2817Y30.6323
G01 X59.4689Y30.7861
G01 X59.6227Y30.9733
G01 X59.7369Y31.1870
G01 X59.8072Y31.4189
G01 X59.8310Y31.6600
G01 X59.8072Y31.9011
G01 X59.7369Y32.1330
G01 X59.6227Y32.3467
G01 X59.4689Y32.5339
G01 X59.3021Y32.6710
G01 X59.2903Y32.6828
G01 X59.2792Y32.6978
G01 X59.2713Y32.7125
G01 X59.2650Y32.7300
G01 X59.2618Y32.7464
G01 X59.2609Y32.7650
G01 X59.2625Y32.7816
G01 X59.2650Y32.7931
G01 X59.2713Y32.8106
G01 X59.2792Y32.8253
G01 X59.2859Y32.8350
G01 X59.2959Y32.8464
G01 X60.0656Y33.6160
G01 X60.0900Y33.6368
G01 X60.1562Y33.7175
G01 X60.1701Y33.7428
G01 X60.1768Y33.7525
G01 X60.1869Y33.7639
G01 X62.4827Y36.0598
G01 X62.4986Y36.0731
G01 X62.5141Y36.0823
G01 X62.5249Y36.0870
G01 X62.5361Y36.0907
G01 X62.5524Y36.0939
G01 X62.5676Y36.0949
G01 X69.3339Y36.0949
G01 X69.3490Y36.0939
G01 X69.3606Y36.0919
G01 X69.3766Y36.0870
G01 X69.3934Y36.0791
G01 X69.4073Y36.0698
G01 X69.4187Y36.0598
G01 X70.4249Y35.0536
G01 X70.4349Y35.0422
G01 X70.4416Y35.0325
G01 X70.4572Y35.0041
G01 X70.5234Y34.9234
G01 X70.5478Y34.9027
G01 X72.7527Y32.6978
G01 X72.7735Y32.6734
G01 X72.8542Y32.6072
G01 X72.9462Y32.5579
G01 X73.0461Y32.5276
G01 X73.1500Y32.5174
G01 X73.1820Y32.5200
G01 X78.8900Y32.5200
G01 X78.9219Y32.5174
G01 X79.0258Y32.5276
G01 X79.1257Y32.5579
G01 X79.2178Y32.6072
G01 X79.2985Y32.6734
G01 X79.3193Y32.6978
G01 X82.6813Y36.0598
G01 X82.6927Y36.0698
G01 X82.7024Y36.0766
G01 X82.7171Y36.0844
G01 X82.7281Y36.0887
G01 X82.7461Y36.0932
G01 X82.7661Y36.0949
G01 X89.4058Y36.0949
G01 X89.4210Y36.0939
G01 X89.4326Y36.0919
G01 X89.4439Y36.0887
G01 X89.4549Y36.0844
G01 X89.4654Y36.0791
G01 X89.4753Y36.0727
G01 X89.4907Y36.0598
G01 X91.2527Y34.2978
G01 X91.2734Y34.2734
G01 X91.2978Y34.2527
G01 X92.7041Y32.8464
G01 X92.7141Y32.8350
G01 X92.7208Y32.8253
G01 X92.7287Y32.8106
G01 X92.7350Y32.7931
G01 X92.7382Y32.7767
G01 X92.7391Y32.7581
G01 X92.7375Y32.7415
G01 X92.7350Y32.7300
G01 X92.7287Y32.7125
G01 X92.7208Y32.6978
G01 X92.7097Y32.6828
G01 X92.6979Y32.6710
G01 X92.5311Y32.5339
G01 X92.3773Y32.3467
G01 X92.2631Y32.1330
G01 X92.1928Y31.9011
G01 X92.1690Y31.6600
G01 X92.1928Y31.4189
G01 X92.2631Y31.1870
G01 X92.3773Y30.9733
G01 X92.5311Y30.7861
G01 X92.7183Y30.6323
G01 X92.9320Y30.5181
G01 X93.1639Y30.4478
G01 X93.3446Y30.4300
G01 X94.7354Y30.4300
G01 X94.9161Y30.4478
G01 X95.1480Y30.5181
G01 X95.3617Y30.6323
G01 X95.5489Y30.7861
G01 X95.7027Y30.9733
G01 X95.8169Y31.1870
G01 X95.8872Y31.4189
G01 X95.9110Y31.6600
G01 X95.8872Y31.9011
G01 X95.8169Y32.1330
G01 X95.7027Y32.3467
G01 X95.5489Y32.5339
G01 X95.3617Y32.6877
G01 X95.1480Y32.8019
G01 X94.9161Y32.8722
G01 X94.7354Y32.8900
G01 X94.2058Y32.8901
G01 X94.1892Y32.8917
G01 X94.1777Y32.8943
G01 X94.1665Y32.8979
G01 X94.1497Y32.9059
G01 X94.1358Y32.9151
G01 X94.1244Y32.9251
G01 X93.7444Y33.3051
G01 X93.7344Y33.3166
G01 X93.7251Y33.3304
G01 X93.7172Y33.3473
G01 X93.7135Y33.3585
G01 X93.7110Y33.3700
G01 X93.7093Y33.3865
G01 X93.7096Y33.3983
G01 X93.7112Y33.4111
G01 X93.7155Y33.4281
G01 X93.7198Y33.4390
G01 X93.7251Y33.4495
G01 X93.7315Y33.4595
G01 X93.7387Y33.4687
G01 X93.7505Y33.4805
G01 X93.7602Y33.4881
G01 X93.7697Y33.4941
G01 X93.7865Y33.5021
G01 X93.7977Y33.5057
G01 X93.8141Y33.5090
G01 X93.8293Y33.5100
G01 X103.4707Y33.5100
G01 X103.4859Y33.5090
G01 X103.5023Y33.5057
G01 X103.5198Y33.4995
G01 X103.5303Y33.4941
G01 X103.5402Y33.4878
G01 X103.5531Y33.4772
G01 X103.5656Y33.4634
G01 X103.5749Y33.4495
G01 X103.5802Y33.4390
G01 X103.5865Y33.4215
G01 X103.5890Y33.4100
G01 X103.5907Y33.3934
G01 X103.5897Y33.3748
G01 X103.5877Y33.3632
G01 X103.5828Y33.3473
G01 X103.5749Y33.3304
G01 X103.5656Y33.3166
G01 X103.5556Y33.3051
G01 X103.1756Y32.9251
G01 X103.1598Y32.9119
G01 X103.1503Y32.9059
G01 X103.1398Y32.9005
G01 X103.1289Y32.8962
G01 X103.1175Y32.8931
G01 X103.1059Y32.8910
G01 X103.0908Y32.8900
G01 X102.2646Y32.8900
G01 X102.0839Y32.8722
G01 X101.8520Y32.8019
G01 X101.6383Y32.6877
G01 X101.4511Y32.5339
G01 X101.2973Y32.3467
G01 X101.1831Y32.1330
G01 X101.1128Y31.9011
G01 X101.0890Y31.6600
G01 X101.1128Y31.4189
G01 X101.1831Y31.1870
G01 X101.2973Y30.9733
G01 X101.4511Y30.7861
G01 X101.6383Y30.6323
G01 X101.8520Y30.5181
G01 X102.0839Y30.4478
G01 X102.2646Y30.4300
G01 X103.6554Y30.4300
G01 X103.8361Y30.4478
G01 X104.0680Y30.5181
G01 X104.2817Y30.6323
G01 X104.4689Y30.7861
G01 X104.6227Y30.9733
G01 X104.7369Y31.1870
G01 X104.8072Y31.4189
G01 X104.8310Y31.6600
G01 X104.8072Y31.9011
G01 X104.7369Y32.1330
G01 X104.6227Y32.3467
G01 X104.4689Y32.5340
G01 X104.4583Y32.5440
G01 X104.4507Y32.5529
G01 X104.4414Y32.5668
G01 X104.4361Y32.5773
G01 X104.4298Y32.5948
G01 X104.4273Y32.6063
G01 X104.4256Y32.6229
G01 X104.4266Y32.6415
G01 X104.4298Y32.6578
G01 X104.4361Y32.6754
G01 X104.4414Y32.6859
G01 X104.4507Y32.6997
G01 X104.4607Y32.7112
G01 X105.3302Y33.5807
G01 X105.4308Y33.6634
G01 X105.4516Y33.6878
G01 X108.7736Y37.0098
G01 X108.7894Y37.0231
G01 X108.7989Y37.0291
G01 X108.8094Y37.0344
G01 X108.8203Y37.0387
G01 X108.8317Y37.0419
G01 X108.8432Y37.0440
G01 X108.8584Y37.0450
G01 X114.8558Y37.0450
G01 X114.8767Y37.0431
G01 X114.8939Y37.0387
G01 X114.9093Y37.0323
G01 X114.9196Y37.0266
G01 X114.9292Y37.0198
G01 X114.9407Y37.0098
G01 X118.1027Y33.8478
G01 X118.1234Y33.8234
G01 X118.2041Y33.7572
G01 X118.2962Y33.7080
G01 X118.3961Y33.6776
G01 X118.5000Y33.6674
G01 X118.5319Y33.6700
G01 X123.4965Y33.6700
G01 X123.5284Y33.6674
G01 X123.6323Y33.6776
G01 X123.7322Y33.7080
G01 X123.8243Y33.7572
G01 X123.9050Y33.8234
G01 X123.9258Y33.8478
G01 X127.0878Y37.0098
G01 X127.0992Y37.0198
G01 X127.1131Y37.0291
G01 X127.1299Y37.0371
G01 X127.1459Y37.0419
G01 X127.1575Y37.0440
G01 X127.1726Y37.0450
G01 X133.4824Y37.0450
G01 X133.5033Y37.0431
G01 X133.5205Y37.0387
G01 X133.5359Y37.0323
G01 X133.5519Y37.0227
G01 X133.5673Y37.0098
G01 X136.8893Y33.6878
G01 X136.9100Y33.6634
G01 X136.9344Y33.6426
G01 X137.7187Y32.8584
G01 X137.7320Y32.8425
G01 X137.7412Y32.8270
G01 X137.7476Y32.8116
G01 X137.7521Y32.7936
G01 X137.7537Y32.7770
G01 X137.7528Y32.7584
G01 X137.7496Y32.7420
G01 X137.7433Y32.7245
G01 X137.7354Y32.7098
G01 X137.7243Y32.6948
G01 X137.7100Y32.6808
G01 X137.5311Y32.5339
G01 X137.3773Y32.3467
G01 X137.2631Y32.1330
G01 X137.2235Y32.0023
G01 X137.2181Y31.9881
G01 X137.2103Y31.9734
G01 X137.1972Y31.9559
G01 X137.1480Y31.8638
G01 X137.1177Y31.7639
G01 X137.1074Y31.6600
G01 X137.1177Y31.5561
G01 X137.1480Y31.4562
G01 X137.1972Y31.3641
G01 X137.2103Y31.3466
G01 X137.2181Y31.3319
G01 X137.2235Y31.3177
G01 X137.2631Y31.1870
G01 X137.3773Y30.9733
G01 X137.5311Y30.7861
G01 X137.7183Y30.6323
G01 X137.9320Y30.5181
G01 X138.1639Y30.4478
G01 X138.3446Y30.4300
G01 X139.7354Y30.4300
G01 X139.9161Y30.4478
G01 X140.1480Y30.5181
G01 X140.3617Y30.6323
G01 X140.5489Y30.7861
G01 X140.7027Y30.9733
G01 X140.8169Y31.1870
G01 X140.8872Y31.4189
G01 X140.9110Y31.6600
G01 X140.8872Y31.9011
G01 X140.8169Y32.1330
G01 X140.7027Y32.3467
G01 X140.5489Y32.5339
G01 X140.3617Y32.6877
G01 X140.1480Y32.8019
G01 X139.9161Y32.8722
G01 X139.7354Y32.8900
G01 X139.2324Y32.8901
G01 X139.2158Y32.8917
G01 X139.2043Y32.8943
G01 X139.1931Y32.8979
G01 X139.1763Y32.9059
G01 X139.1624Y32.9151
G01 X139.1510Y32.9251
G01 X138.7710Y33.3051
G01 X138.7610Y33.3166
G01 X138.7517Y33.3304
G01 X138.7438Y33.3473
G01 X138.7401Y33.3585
G01 X138.7376Y33.3700
G01 X138.7359Y33.3865
G01 X138.7362Y33.3983
G01 X138.7377Y33.4109
G01 X138.7421Y33.4281
G01 X138.7464Y33.4390
G01 X138.7517Y33.4495
G01 X138.7581Y33.4595
G01 X138.7653Y33.4687
G01 X138.7771Y33.4805
G01 X138.7868Y33.4881
G01 X138.7963Y33.4941
G01 X138.8131Y33.5021
G01 X138.8243Y33.5057
G01 X138.8407Y33.5090
G01 X138.8559Y33.5100
G01 X148.1441Y33.5100
G01 X148.1593Y33.5090
G01 X148.1757Y33.5057
G01 X148.1869Y33.5021
G01 X148.2037Y33.4941
G01 X148.2136Y33.4878
G01 X148.2265Y33.4772
G01 X148.2390Y33.4634
G01 X148.2458Y33.4537
G01 X148.2536Y33.4390
G01 X148.2599Y33.4215
G01 X148.2624Y33.4100
G01 X148.2641Y33.3934
G01 X148.2638Y33.3816
G01 X148.2611Y33.3632
G01 X148.2579Y33.3519
G01 X148.2515Y33.3365
G01 X148.2419Y33.3205
G01 X148.2290Y33.3051
G01 X147.8490Y32.9251
G01 X147.8376Y32.9151
G01 X147.8237Y32.9059
G01 X147.8069Y32.8979
G01 X147.7957Y32.8943
G01 X147.7842Y32.8917
G01 X147.7676Y32.8901
G01 X147.2646Y32.8900
G01 X147.0839Y32.8722
G01 X146.8520Y32.8019
G01 X146.6383Y32.6877
G01 X146.4511Y32.5339
G01 X146.2973Y32.3467
G01 X146.1831Y32.1330
G01 X146.1128Y31.9011
G01 X146.0890Y31.6600
G01 X146.1128Y31.4189
G01 X146.1831Y31.1870
G01 X146.2973Y30.9733
G01 X146.4511Y30.7861
G01 X146.6383Y30.6323
G01 X146.8520Y30.5181
G01 X147.0839Y30.4478
G01 X147.2646Y30.4300
G01 X148.6554Y30.4300
G01 X148.8361Y30.4478
G01 X149.0680Y30.5181
G01 X149.2817Y30.6323
G01 X149.4689Y30.7861
G01 X149.6227Y30.9733
G01 X149.7369Y31.1870
G01 X149.8072Y31.4189
G01 X149.8310Y31.6600
G01 X149.8072Y31.9011
G01 X149.7369Y32.1330
G01 X149.6227Y32.3467
G01 X149.4689Y32.5339
G01 X149.2900Y32.6808
G01 X149.2757Y32.6948
G01 X149.2646Y32.7098
G01 X149.2567Y32.7245
G01 X149.2524Y32.7354
G01 X149.2492Y32.7468
G01 X149.2465Y32.7652
G01 X149.2465Y32.7819
G01 X149.2492Y32.8003
G01 X149.2541Y32.8162
G01 X149.2620Y32.8331
G01 X149.2713Y32.8470
G01 X149.2813Y32.8584
G01 X150.0656Y33.6426
G01 X150.0900Y33.6634
G01 X150.1107Y33.6878
G01 X154.3827Y37.9598
G01 X154.3986Y37.9731
G01 X154.4080Y37.9791
G01 X154.4185Y37.9844
G01 X154.4295Y37.9887
G01 X154.4408Y37.9919
G01 X154.4524Y37.9940
G01 X154.4676Y37.9950
G01 X160.5916Y37.9950
G01 X160.6125Y37.9931
G01 X160.6297Y37.9887
G01 X160.6451Y37.9823
G01 X160.6553Y37.9766
G01 X160.6650Y37.9698
G01 X160.6764Y37.9598
G01 X163.7884Y34.8478
G01 X163.8092Y34.8234
G01 X163.8899Y34.7572
G01 X163.9820Y34.7080
G01 X164.0819Y34.6777
G01 X164.1858Y34.6674
G01 X164.2177Y34.6700
G01 X168.0823Y34.6700
G01 X168.1142Y34.6674
G01 X168.2181Y34.6777
G01 X168.3180Y34.7080
G01 X168.4101Y34.7572
G01 X168.4908Y34.8234
G01 X168.5116Y34.8478
G01 X171.6236Y37.9598
G01 X171.6350Y37.9698
G01 X171.6489Y37.9791
G01 X171.6657Y37.9871
G01 X171.6817Y37.9919
G01 X171.6933Y37.9940
G01 X171.7084Y37.9950
G01 X177.5773Y37.9950
G01 X177.5925Y37.9940
G01 X177.6041Y37.9919
G01 X177.6201Y37.9871
G01 X177.6369Y37.9791
G01 X177.6508Y37.9698
G01 X177.6622Y37.9598
G01 X180.2104Y35.4116
G01 X180.2204Y35.4002
G01 X180.2272Y35.3905
G01 X180.2622Y35.3257
G01 X180.3284Y35.2450
G01 X180.3528Y35.2243
G01 X182.7187Y32.8584
G01 X182.7320Y32.8425
G01 X182.7412Y32.8270
G01 X182.7476Y32.8116
G01 X182.7521Y32.7936
G01 X182.7537Y32.7770
G01 X182.7528Y32.7584
G01 X182.7496Y32.7420
G01 X182.7433Y32.7245
G01 X182.7354Y32.7098
G01 X182.7243Y32.6948
G01 X182.7100Y32.6808
G01 X182.5311Y32.5339
G01 X182.3773Y32.3467
G01 X182.2631Y32.1330
G01 X182.1928Y31.9011
G01 X182.1690Y31.6600
G01 X182.1928Y31.4189
G01 X182.2631Y31.1870
G01 X182.3773Y30.9733
G01 X182.5311Y30.7861
G01 X182.7183Y30.6323
G01 X182.9320Y30.5181
G01 X183.1639Y30.4478
G01 X183.3446Y30.4300
G01 X184.7354Y30.4300
G01 X184.9161Y30.4478
G01 X185.1480Y30.5181
G01 X185.3617Y30.6323
G01 X185.5489Y30.7861
G01 X185.7027Y30.9733
G01 X185.8169Y31.1870
G01 X185.8872Y31.4189
G01 X185.9110Y31.6600
G01 X185.8872Y31.9011
G01 X185.8169Y32.1330
G01 X185.7027Y32.3467
G01 X185.5489Y32.5339
G01 X185.3617Y32.6877
G01 X185.1480Y32.8019
G01 X184.9161Y32.8722
G01 X184.7354Y32.8900
G01 X184.2275Y32.8903
G01 X184.2091Y32.8931
G01 X184.1931Y32.8979
G01 X184.1763Y32.9059
G01 X184.1624Y32.9151
G01 X184.1510Y32.9251
G01 X182.7686Y34.3076
G01 X182.7577Y34.3210
G01 X182.7517Y34.3304
G01 X182.7464Y34.3409
G01 X182.7401Y34.3585
G01 X182.7376Y34.3700
G01 X182.7362Y34.3817
G01 X182.7362Y34.3983
G01 X182.7377Y34.4109
G01 X182.7401Y34.4215
G01 X182.7464Y34.4391
G01 X182.7517Y34.4495
G01 X182.7580Y34.4595
G01 X182.7653Y34.4687
G01 X182.7771Y34.4805
G01 X182.7868Y34.4881
G01 X182.8023Y34.4974
G01 X182.8131Y34.5021
G01 X182.8291Y34.5069
G01 X182.8407Y34.5090
G01 X182.8558Y34.5100
G01 X185.7081Y34.5100
G01 X185.7400Y34.5074
G01 X185.8439Y34.5177
G01 X185.9438Y34.5480
G01 X186.0359Y34.5972
G01 X186.1166Y34.6634
G01 X186.1373Y34.6878
G01 X188.2744Y36.8249
G01 X190.1543Y38.7047
G01 X190.1787Y38.7255
G01 X190.2449Y38.8062
G01 X190.2941Y38.8983
G01 X190.3244Y38.9982
G01 X190.3346Y39.1021
G01 X190.3321Y39.1340
G01 X190.3321Y40.2557
G01 X190.3339Y40.2766
G01 X190.3383Y40.2938
G01 X190.3447Y40.3092
G01 X190.3543Y40.3252
G01 X190.3672Y40.3406
G01 X193.9022Y43.8756
G01 X193.9266Y43.8963
G01 X193.9928Y43.9770
G01 X194.0420Y44.0691
G01 X194.0723Y44.1690
G01 X194.0826Y44.2729
G01 X194.0800Y44.3048
G01 X194.0800Y47.0981
G01 X194.0826Y47.1300
G01 X194.0723Y47.2339
G01 X194.0420Y47.3338
G01 X193.9928Y47.4259
G01 X193.9266Y47.5066
G01 X193.9022Y47.5273
G01 X193.1164Y48.3132
G01 X193.1063Y48.3246
G01 X193.0996Y48.3343
G01 X193.0938Y48.3445
G01 X193.0891Y48.3553
G01 X193.0855Y48.3665
G01 X193.0829Y48.3780
G01 X193.0812Y48.3980
G01 X193.0812Y49.8441
G01 X193.0781Y49.8755
G01 X193.0707Y49.9000
G01 X193.0586Y49.9226
G01 X193.0424Y49.9424
G01 X193.0226Y49.9586
G01 X193.0000Y49.9707
G01 X192.9755Y49.9781
G01 X192.9441Y49.9812
G01 X189.9559Y49.9812
G01 X189.9245Y49.9781
G01 X189.9000Y49.9707
G01 X189.8774Y49.9586
G01 X189.8576Y49.9424
G01 X189.8414Y49.9226
G01 X189.8293Y49.9000
G01 X189.8219Y49.8755
G01 X189.8188Y49.8441
G01 X189.8188Y48.3559
G01 X189.8219Y48.3245
G01 X189.8293Y48.3000
G01 X189.8414Y48.2774
G01 X189.8576Y48.2576
G01 X189.8774Y48.2414
G01 X189.9000Y48.2293
G01 X189.9245Y48.2219
G01 X189.9559Y48.2188
G01 X191.6620Y48.2188
G01 X191.6771Y48.2178
G01 X191.6887Y48.2157
G01 X191.7001Y48.2125
G01 X191.7110Y48.2083
G01 X191.7215Y48.2029
G01 X191.7315Y48.1966
G01 X191.7468Y48.1836
G01 X192.9444Y46.9861
G01 X192.9544Y46.9746
G01 X192.9612Y46.9650
G01 X192.9669Y46.9547
G01 X192.9717Y46.9439
G01 X192.9753Y46.9327
G01 X192.9778Y46.9212
G01 X192.9792Y46.9095
G01 X192.9792Y46.8929
G01 X192.9777Y46.8803
G01 X192.9753Y46.8697
G01 X192.9690Y46.8521
G01 X192.9637Y46.8417
G01 X192.9574Y46.8317
G01 X192.9501Y46.8225
G01 X192.9419Y46.8140
G01 X192.9286Y46.8031
G01 X192.9191Y46.7971
G01 X192.9086Y46.7917
G01 X192.8911Y46.7855
G01 X192.8796Y46.7829
G01 X192.8679Y46.7815
G01 X189.9559Y46.7812
G01 X189.9245Y46.7781
G01 X189.9000Y46.7707
G01 X189.8774Y46.7586
G01 X189.8576Y46.7424
G01 X189.8414Y46.7226
G01 X189.8293Y46.7000
G01 X189.8219Y46.6755
G01 X189.8188Y46.6441
G01 X189.8188Y45.1559
G01 X189.8219Y45.1245
G01 X189.8293Y45.1000
G01 X189.8414Y45.0774
G01 X189.8576Y45.0576
G01 X189.8774Y45.0414
G01 X189.9000Y45.0293
G01 X189.9245Y45.0219
G01 X189.9559Y45.0188
G01 X191.8504Y45.0185
G01 X191.8629Y45.0169
G01 X191.8736Y45.0145
G01 X191.8848Y45.0109
G01 X191.9016Y45.0029
G01 X191.9115Y44.9966
G01 X191.9208Y44.9893
G01 X191.9293Y44.9812
G01 X191.9369Y44.9722
G01 X191.9437Y44.9626
G01 X191.9515Y44.9479
G01 X191.9558Y44.9369
G01 X191.9590Y44.9256
G01 X191.9611Y44.9140
G01 X191.9620Y44.9022
G01 X191.9617Y44.8905
G01 X191.9602Y44.8779
G01 X191.9558Y44.8607
G01 X191.9494Y44.8453
G01 X191.9399Y44.8293
G01 X191.9269Y44.8139
G01 X190.9426Y43.8296
G01 X190.9311Y43.8196
G01 X190.9215Y43.8128
G01 X190.9112Y43.8071
G01 X190.9004Y43.8024
G01 X190.8892Y43.7987
G01 X190.8777Y43.7962
G01 X190.8661Y43.7948
G01 X190.8543Y43.7945
G01 X190.8425Y43.7955
G01 X190.8310Y43.7975
G01 X190.8196Y43.8007
G01 X190.8087Y43.8050
G01 X190.7939Y43.8128
G01 X190.7843Y43.8196
G01 X190.7754Y43.8272
G01 X190.7650Y43.8383
G01 X190.7191Y43.8941
G01 X190.6615Y43.9415
G01 X190.5957Y43.9767
G01 X190.5243Y43.9983
G01 X190.4441Y44.0062
G01 X189.5309Y44.0062
G01 X189.4507Y43.9983
G01 X189.3793Y43.9767
G01 X189.3135Y43.9415
G01 X189.2559Y43.8941
G01 X189.2085Y43.8365
G01 X189.1733Y43.7707
G01 X189.1517Y43.6993
G01 X189.1438Y43.6191
G01 X189.1438Y42.3809
G01 X189.1517Y42.3007
G01 X189.1735Y42.2290
G01 X189.1784Y42.2177
G01 X189.1833Y42.2018
G01 X189.1853Y42.1902
G01 X189.1862Y42.1784
G01 X189.1853Y42.1598
G01 X189.1833Y42.1482
G01 X189.1801Y42.1369
G01 X189.1758Y42.1259
G01 X189.1705Y42.1154
G01 X189.1612Y42.1016
G01 X189.1536Y42.0926
G01 X189.1451Y42.0845
G01 X189.1353Y42.0768
G01 X189.1259Y42.0709
G01 X189.1090Y42.0629
G01 X189.0979Y42.0592
G01 X189.0864Y42.0567
G01 X189.0663Y42.0550
G01 X182.5942Y42.0550
G01 X182.5791Y42.0560
G01 X182.5627Y42.0592
G01 X182.5452Y42.0655
G01 X182.5305Y42.0734
G01 X182.5155Y42.0845
G01 X182.5037Y42.0963
G01 X182.4926Y42.1112
G01 X182.4848Y42.1259
G01 X182.4785Y42.1435
G01 X182.4752Y42.1598
G01 X182.4743Y42.1784
G01 X182.4761Y42.1959
G01 X182.4805Y42.2131
G01 X182.4869Y42.2285
G01 X182.4964Y42.2445
G01 X182.5094Y42.2598
G01 X185.2332Y44.9836
G01 X185.2446Y44.9937
G01 X185.2543Y45.0004
G01 X185.2690Y45.0083
G01 X185.2865Y45.0145
G01 X185.3029Y45.0178
G01 X185.3180Y45.0188
G01 X187.0441Y45.0188
G01 X187.0755Y45.0219
G01 X187.1000Y45.0293
G01 X187.1226Y45.0414
G01 X187.1424Y45.0576
G01 X187.1586Y45.0774
G01 X187.1707Y45.1000
G01 X187.1781Y45.1245
G01 X187.1812Y45.1559
G01 X187.1812Y46.6441
G01 X187.1781Y46.6755
G01 X187.1707Y46.7000
G01 X187.1586Y46.7226
G01 X187.1424Y46.7424
G01 X187.1226Y46.7586
G01 X187.1000Y46.7707
G01 X187.0755Y46.7781
G01 X187.0441Y46.7812
G01 X184.0559Y46.7812
G01 X184.0245Y46.7781
G01 X184.0000Y46.7707
G01 X183.9774Y46.7586
G01 X183.9576Y46.7424
G01 X183.9414Y46.7226
G01 X183.9293Y46.7000
G01 X183.9219Y46.6755
G01 X183.9188Y46.6441
G01 X183.9188Y45.2180
G01 X183.9178Y45.2029
G01 X183.9145Y45.1865
G01 X183.9109Y45.1753
G01 X183.9029Y45.1585
G01 X183.8937Y45.1446
G01 X183.8836Y45.1332
G01 X181.8406Y43.0901
G01 X181.8248Y43.0769
G01 X181.8093Y43.0676
G01 X181.7985Y43.0629
G01 X181.7873Y43.0593
G01 X181.7709Y43.0560
G01 X181.7558Y43.0550
G01 X171.9727Y43.0550
G01 X171.9575Y43.0560
G01 X171.9459Y43.0581
G01 X171.9300Y43.0629
G01 X171.9131Y43.0709
G01 X171.8993Y43.0801
G01 X171.8878Y43.0901
G01 X168.8258Y46.1522
G01 X168.8050Y46.1766
G01 X168.7243Y46.2428
G01 X168.6322Y46.2920
G01 X168.5323Y46.3223
G01 X168.4284Y46.3326
G01 X168.3965Y46.3300
G01 X163.6035Y46.3300
G01 X163.5716Y46.3326
G01 X163.4677Y46.3223
G01 X163.3678Y46.2920
G01 X163.2757Y46.2428
G01 X163.1950Y46.1766
G01 X163.1742Y46.1522
G01 X160.1122Y43.0901
G01 X160.1007Y43.0801
G01 X160.0869Y43.0709
G01 X160.0700Y43.0629
G01 X160.0541Y43.0581
G01 X160.0425Y43.0560
G01 X160.0273Y43.0550
G01 X155.1442Y43.0550
G01 X155.1234Y43.0568
G01 X155.1061Y43.0612
G01 X155.0907Y43.0676
G01 X155.0748Y43.0772
G01 X155.0594Y43.0901
G01 X148.6973Y49.4522
G01 X148.6766Y49.4766
G01 X148.5959Y49.5428
G01 X148.5038Y49.5920
G01 X148.4039Y49.6223
G01 X148.3000Y49.6326
G01 X148.2681Y49.6300
G01 X148.2012Y49.6300
G01 X148.1860Y49.6310
G01 X148.1697Y49.6343
G01 X148.1585Y49.6379
G01 X148.1417Y49.6459
G01 X148.1317Y49.6522
G01 X148.1225Y49.6595
G01 X148.1140Y49.6676
G01 X148.1031Y49.6810
G01 X148.0971Y49.6904
G01 X148.0917Y49.7009
G01 X148.0855Y49.7185
G01 X148.0829Y49.7300
G01 X148.0813Y49.7466
G01 X148.0812Y49.8441
G01 X148.0781Y49.8755
G01 X148.0707Y49.9000
G01 X148.0586Y49.9226
G01 X148.0424Y49.9424
G01 X148.0226Y49.9586
G01 X148.0000Y49.9707
G01 X147.9755Y49.9781
G01 X147.9441Y49.9812
G01 X144.9559Y49.9812
G01 X144.9245Y49.9781
G01 X144.9000Y49.9707
G01 X144.8774Y49.9586
G01 X144.8576Y49.9424
G01 X144.8414Y49.9226
G01 X144.8293Y49.9000
G01 X144.8219Y49.8755
G01 X144.8188Y49.8441
G01 X144.8188Y48.3559
G01 X144.8219Y48.3245
G01 X144.8293Y48.3000
G01 X144.8414Y48.2774
G01 X144.8576Y48.2576
G01 X144.8774Y48.2414
G01 X144.9000Y48.2293
G01 X144.9245Y48.2219
G01 X144.9559Y48.2188
G01 X147.9441Y48.2188
G01 X147.9755Y48.2219
G01 X148.0000Y48.2293
G01 X148.0226Y48.2414
G01 X148.0424Y48.2576
G01 X148.0586Y48.2774
G01 X148.0707Y48.3000
G01 X148.0788Y48.3263
G01 X148.0830Y48.3373
G01 X148.0884Y48.3478
G01 X148.0947Y48.3577
G01 X148.1020Y48.3670
G01 X148.1138Y48.3788
G01 X148.1235Y48.3864
G01 X148.1330Y48.3924
G01 X148.1498Y48.4003
G01 X148.1658Y48.4052
G01 X148.1773Y48.4072
G01 X148.1960Y48.4082
G01 X148.2077Y48.4072
G01 X148.2240Y48.4040
G01 X148.2416Y48.3977
G01 X148.2563Y48.3899
G01 X148.2659Y48.3831
G01 X148.2774Y48.3731
G01 X154.3906Y42.2598
G01 X154.4006Y42.2484
G01 X154.4074Y42.2388
G01 X154.4131Y42.2285
G01 X154.4179Y42.2177
G01 X154.4215Y42.2065
G01 X154.4241Y42.1950
G01 X154.4254Y42.1833
G01 X154.4254Y42.1667
G01 X154.4239Y42.1541
G01 X154.4215Y42.1435
G01 X154.4179Y42.1323
G01 X154.4099Y42.1154
G01 X154.4036Y42.1055
G01 X154.3963Y42.0963
G01 X154.3881Y42.0878
G01 X154.3792Y42.0801
G01 X154.3653Y42.0709
G01 X154.3548Y42.0655
G01 X154.3439Y42.0612
G01 X154.3258Y42.0567
G01 X154.3058Y42.0550
G01 X145.9087Y42.0550
G01 X145.8878Y42.0568
G01 X145.8706Y42.0612
G01 X145.8552Y42.0676
G01 X145.8392Y42.0772
G01 X145.8263Y42.0878
G01 X145.8182Y42.0963
G01 X145.8105Y42.1060
G01 X145.8013Y42.1215
G01 X145.7966Y42.1323
G01 X145.7917Y42.1482
G01 X145.7897Y42.1598
G01 X145.7888Y42.1716
G01 X145.7897Y42.1902
G01 X145.7929Y42.2065
G01 X145.7966Y42.2177
G01 X145.8014Y42.2286
G01 X145.8233Y42.3007
G01 X145.8312Y42.3809
G01 X145.8312Y43.6191
G01 X145.8233Y43.6993
G01 X145.8017Y43.7707
G01 X145.7665Y43.8365
G01 X145.7191Y43.8941
G01 X145.6615Y43.9415
G01 X145.6249Y43.9611
G01 X145.6111Y43.9704
G01 X145.6021Y43.9780
G01 X145.5940Y43.9865
G01 X145.5863Y43.9962
G01 X145.5803Y44.0057
G01 X145.5750Y44.0162
G01 X145.5687Y44.0337
G01 X145.5662Y44.0452
G01 X145.5646Y44.0618
G01 X145.5648Y44.0736
G01 X145.5664Y44.0864
G01 X145.5707Y44.1033
G01 X145.5750Y44.1143
G01 X145.5803Y44.1248
G01 X145.5867Y44.1347
G01 X145.5996Y44.1501
G01 X146.4332Y44.9836
G01 X146.4446Y44.9937
G01 X146.4543Y45.0004
G01 X146.4645Y45.0062
G01 X146.4753Y45.0109
G01 X146.4865Y45.0145
G01 X146.4980Y45.0171
G01 X146.5180Y45.0188
G01 X147.9441Y45.0188
G01 X147.9755Y45.0219
G01 X148.0000Y45.0293
G01 X148.0226Y45.0414
G01 X148.0424Y45.0576
G01 X148.0586Y45.0774
G01 X148.0707Y45.1000
G01 X148.0781Y45.1245
G01 X148.0812Y45.1559
G01 X148.0812Y46.6441
G01 X148.0781Y46.6755
G01 X148.0707Y46.7000
G01 X148.0586Y46.7226
G01 X148.0424Y46.7424
G01 X148.0226Y46.7586
G01 X148.0000Y46.7707
G01 X147.9755Y46.7781
G01 X147.9441Y46.7812
G01 X144.9559Y46.7812
G01 X144.9245Y46.7781
G01 X144.9000Y46.7707
G01 X144.8774Y46.7586
G01 X144.8576Y46.7424
G01 X144.8414Y46.7226
G01 X144.8293Y46.7000
G01 X144.8219Y46.6755
G01 X144.8188Y46.6441
G01 X144.8188Y45.1559
G01 X144.8219Y45.1245
G01 X144.8293Y45.1000
G01 X144.8414Y45.0774
G01 X144.8586Y45.0563
G01 X144.8653Y45.0467
G01 X144.8711Y45.0364
G01 X144.8775Y45.0210
G01 X144.8820Y45.0030
G01 X144.8834Y44.9913
G01 X144.8834Y44.9746
G01 X144.8818Y44.9618
G01 X144.8775Y44.9448
G01 X144.8711Y44.9294
G01 X144.8615Y44.9135
G01 X144.8509Y44.9006
G01 X144.5728Y44.6223
G01 X144.5484Y44.6016
G01 X144.4822Y44.5209
G01 X144.4330Y44.4288
G01 X144.4027Y44.3289
G01 X144.3924Y44.2250
G01 X144.3950Y44.1931
G01 X144.3947Y44.0486
G01 X144.3919Y44.0302
G01 X144.3871Y44.0142
G01 X144.3824Y44.0034
G01 X144.3766Y43.9932
G01 X144.3699Y43.9835
G01 X144.3574Y43.9697
G01 X144.3484Y43.9621
G01 X144.3388Y43.9553
G01 X144.3135Y43.9415
G01 X144.2559Y43.8941
G01 X144.2085Y43.8365
G01 X144.1733Y43.7707
G01 X144.1517Y43.6993
G01 X144.1438Y43.6191
G01 X144.1438Y42.3809
G01 X144.1517Y42.3007
G01 X144.1735Y42.2290
G01 X144.1784Y42.2177
G01 X144.1821Y42.2065
G01 X144.1853Y42.1902
G01 X144.1862Y42.1716
G01 X144.1844Y42.1538
G01 X144.1821Y42.1435
G01 X144.1784Y42.1323
G01 X144.1737Y42.1215
G01 X144.1679Y42.1112
G01 X144.1568Y42.0963
G01 X144.1487Y42.0878
G01 X144.1397Y42.0801
G01 X144.1259Y42.0709
G01 X144.1154Y42.0655
G01 X144.1044Y42.0612
G01 X144.0931Y42.0580
G01 X144.0815Y42.0560
G01 X144.0663Y42.0550
G01 X137.7942Y42.0550
G01 X137.7791Y42.0560
G01 X137.7627Y42.0592
G01 X137.7452Y42.0655
G01 X137.7305Y42.0734
G01 X137.7155Y42.0845
G01 X137.7037Y42.0963
G01 X137.6926Y42.1112
G01 X137.6848Y42.1259
G01 X137.6785Y42.1435
G01 X137.6752Y42.1598
G01 X137.6743Y42.1784
G01 X137.6761Y42.1959
G01 X137.6805Y42.2131
G01 X137.6869Y42.2285
G01 X137.6964Y42.2445
G01 X137.7094Y42.2598
G01 X140.4332Y44.9836
G01 X140.4446Y44.9937
G01 X140.4543Y45.0004
G01 X140.4690Y45.0083
G01 X140.4865Y45.0145
G01 X140.5029Y45.0178
G01 X140.5180Y45.0188
G01 X142.0441Y45.0188
G01 X142.0755Y45.0219
G01 X142.1000Y45.0293
G01 X142.1226Y45.0414
G01 X142.1424Y45.0576
G01 X142.1586Y45.0774
G01 X142.1707Y45.1000
G01 X142.1781Y45.1245
G01 X142.1812Y45.1559
G01 X142.1812Y46.6441
G01 X142.1781Y46.6755
G01 X142.1707Y46.7000
G01 X142.1586Y46.7226
G01 X142.1424Y46.7424
G01 X142.1226Y46.7586
G01 X142.1000Y46.7707
G01 X142.0755Y46.7781
G01 X142.0441Y46.7812
G01 X139.0559Y46.7812
G01 X139.0245Y46.7781
G01 X139.0000Y46.7707
G01 X138.9774Y46.7586
G01 X138.9576Y46.7424
G01 X138.9414Y46.7226
G01 X138.9293Y46.7000
G01 X138.9219Y46.6755
G01 X138.9188Y46.6441
G01 X138.9188Y45.1559
G01 X138.9219Y45.1245
G01 X138.9293Y45.1000
G01 X138.9358Y45.0857
G01 X138.9395Y45.0745
G01 X138.9427Y45.0581
G01 X138.9437Y45.0464
G01 X138.9427Y45.0278
G01 X138.9407Y45.0162
G01 X138.9358Y45.0003
G01 X138.9279Y44.9834
G01 X138.9186Y44.9696
G01 X138.9086Y44.9581
G01 X137.0406Y43.0901
G01 X137.0248Y43.0769
G01 X137.0093Y43.0676
G01 X136.9985Y43.0629
G01 X136.9873Y43.0593
G01 X136.9709Y43.0560
G01 X136.9558Y43.0550
G01 X126.9727Y43.0550
G01 X126.9575Y43.0560
G01 X126.9459Y43.0581
G01 X126.9300Y43.0629
G01 X126.9131Y43.0709
G01 X126.8993Y43.0801
G01 X126.8878Y43.0901
G01 X123.9258Y46.0522
G01 X123.9050Y46.0766
G01 X123.8243Y46.1428
G01 X123.7322Y46.1920
G01 X123.6323Y46.2224
G01 X123.5284Y46.2326
G01 X123.4965Y46.2300
G01 X118.5035Y46.2300
G01 X118.4716Y46.2326
G01 X118.3677Y46.2224
G01 X118.2678Y46.1920
G01 X118.1757Y46.1428
G01 X118.0950Y46.0766
G01 X118.0742Y46.0522
G01 X115.1122Y43.0901
G01 X115.1007Y43.0801
G01 X115.0911Y43.0734
G01 X115.0808Y43.0676
G01 X115.0700Y43.0629
G01 X115.0588Y43.0593
G01 X115.0473Y43.0567
G01 X115.0273Y43.0550
G01 X110.2442Y43.0550
G01 X110.2242Y43.0567
G01 X110.2061Y43.0612
G01 X110.1907Y43.0676
G01 X110.1748Y43.0772
G01 X110.1594Y43.0901
G01 X103.7973Y49.4522
G01 X103.7766Y49.4766
G01 X103.6959Y49.5428
G01 X103.6038Y49.5920
G01 X103.5039Y49.6223
G01 X103.4000Y49.6326
G01 X103.3681Y49.6300
G01 X103.1929Y49.6303
G01 X103.1803Y49.6318
G01 X103.1631Y49.6362
G01 X103.1521Y49.6405
G01 X103.1374Y49.6484
G01 X103.1278Y49.6551
G01 X103.1188Y49.6628
G01 X103.1107Y49.6713
G01 X103.1034Y49.6805
G01 X103.0971Y49.6904
G01 X103.0917Y49.7009
G01 X103.0855Y49.7185
G01 X103.0829Y49.7300
G01 X103.0813Y49.7466
G01 X103.0812Y49.8441
G01 X103.0781Y49.8755
G01 X103.0707Y49.9000
G01 X103.0586Y49.9226
G01 X103.0424Y49.9424
G01 X103.0226Y49.9586
G01 X103.0000Y49.9707
G01 X102.9755Y49.9781
G01 X102.9441Y49.9812
G01 X99.9559Y49.9812
G01 X99.9245Y49.9781
G01 X99.9000Y49.9707
G01 X99.8774Y49.9586
G01 X99.8576Y49.9424
G01 X99.8414Y49.9226
G01 X99.8293Y49.9000
G01 X99.8219Y49.8755
G01 X99.8188Y49.8441
G01 X99.8188Y48.3559
G01 X99.8219Y48.3245
G01 X99.8293Y48.3000
G01 X99.8414Y48.2774
G01 X99.8576Y48.2576
G01 X99.8774Y48.2414
G01 X99.9000Y48.2293
G01 X99.9245Y48.2219
G01 X99.9559Y48.2188
G01 X102.9441Y48.2188
G01 X102.9755Y48.2219
G01 X103.0000Y48.2293
G01 X103.0226Y48.2414
G01 X103.0424Y48.2576
G01 X103.0586Y48.2774
G01 X103.0707Y48.3000
G01 X103.0781Y48.3245
G01 X103.0812Y48.3559
G01 X103.0813Y48.3830
G01 X103.0822Y48.3947
G01 X103.0843Y48.4063
G01 X103.0875Y48.4176
G01 X103.0938Y48.4331
G01 X103.1034Y48.4490
G01 X103.1140Y48.4619
G01 X103.1278Y48.4744
G01 X103.1417Y48.4837
G01 X103.1585Y48.4917
G01 X103.1744Y48.4965
G01 X103.1929Y48.4992
G01 X103.2095Y48.4992
G01 X103.2221Y48.4977
G01 X103.2327Y48.4953
G01 X103.2503Y48.4890
G01 X103.2650Y48.4812
G01 X103.2746Y48.4744
G01 X103.2861Y48.4644
G01 X109.4906Y42.2598
G01 X109.5006Y42.2484
G01 X109.5074Y42.2388
G01 X109.5131Y42.2285
G01 X109.5179Y42.2177
G01 X109.5215Y42.2065
G01 X109.5241Y42.1950
G01 X109.5254Y42.1833
G01 X109.5257Y42.1716
G01 X109.5248Y42.1598
G01 X109.5227Y42.1482
G01 X109.5195Y42.1369
G01 X109.5152Y42.1259
G01 X109.5099Y42.1154
G01 X109.5036Y42.1055
G01 X109.4930Y42.0926
G01 X109.4845Y42.0845
G01 X109.4695Y42.0734
G01 X109.4593Y42.0676
G01 X109.4485Y42.0629
G01 X109.4373Y42.0592
G01 X109.4258Y42.0567
G01 X109.4058Y42.0550
G01 X100.9087Y42.0550
G01 X100.8878Y42.0568
G01 X100.8706Y42.0612
G01 X100.8552Y42.0676
G01 X100.8392Y42.0772
G01 X100.8263Y42.0878
G01 X100.8182Y42.0963
G01 X100.8105Y42.1060
G01 X100.8013Y42.1215
G01 X100.7966Y42.1323
G01 X100.7917Y42.1482
G01 X100.7897Y42.1598
G01 X100.7888Y42.1716
G01 X100.7897Y42.1902
G01 X100.7929Y42.2065
G01 X100.7966Y42.2177
G01 X100.8014Y42.2286
G01 X100.8233Y42.3007
G01 X100.8312Y42.3809
G01 X100.8312Y43.6191
G01 X100.8233Y43.6993
G01 X100.8017Y43.7707
G01 X100.7665Y43.8365
G01 X100.7191Y43.8941
G01 X100.6615Y43.9415
G01 X100.5957Y43.9767
G01 X100.5726Y43.9840
G01 X100.5618Y43.9887
G01 X100.5516Y43.9945
G01 X100.5419Y44.0012
G01 X100.5330Y44.0089
G01 X100.5248Y44.0174
G01 X100.5172Y44.0271
G01 X100.5080Y44.0426
G01 X100.5016Y44.0580
G01 X100.4970Y44.0761
G01 X100.4957Y44.0878
G01 X100.4957Y44.1044
G01 X100.4972Y44.1173
G01 X100.5016Y44.1342
G01 X100.5059Y44.1452
G01 X100.5112Y44.1556
G01 X100.5175Y44.1656
G01 X100.5305Y44.1809
G01 X101.3332Y44.9836
G01 X101.3446Y44.9937
G01 X101.3543Y45.0004
G01 X101.3645Y45.0062
G01 X101.3753Y45.0109
G01 X101.3865Y45.0145
G01 X101.3980Y45.0171
G01 X101.4180Y45.0188
G01 X102.9441Y45.0188
G01 X102.9755Y45.0219
G01 X103.0000Y45.0293
G01 X103.0226Y45.0414
G01 X103.0424Y45.0576
G01 X103.0586Y45.0774
G01 X103.0707Y45.1000
G01 X103.0781Y45.1245
G01 X103.0812Y45.1559
G01 X103.0812Y46.6441
G01 X103.0781Y46.6755
G01 X103.0707Y46.7000
G01 X103.0586Y46.7226
G01 X103.0424Y46.7424
G01 X103.0226Y46.7586
G01 X103.0000Y46.7707
G01 X102.9755Y46.7781
G01 X102.9441Y46.7812
G01 X99.9559Y46.7812
G01 X99.9245Y46.7781
G01 X99.9000Y46.7707
G01 X99.8774Y46.7586
G01 X99.8576Y46.7424
G01 X99.8414Y46.7226
G01 X99.8293Y46.7000
G01 X99.8219Y46.6755
G01 X99.8188Y46.6441
G01 X99.8188Y45.1559
G01 X99.8219Y45.1245
G01 X99.8293Y45.1000
G01 X99.8375Y45.0811
G01 X99.8420Y45.0630
G01 X99.8434Y45.0513
G01 X99.8437Y45.0395
G01 X99.8418Y45.0218
G01 X99.8375Y45.0049
G01 X99.8311Y44.9895
G01 X99.8215Y44.9735
G01 X99.8110Y44.9606
G01 X99.5228Y44.6724
G01 X99.4984Y44.6516
G01 X99.4322Y44.5709
G01 X99.3830Y44.4788
G01 X99.3527Y44.3789
G01 X99.3424Y44.2750
G01 X99.3450Y44.2431
G01 X99.3450Y44.0241
G01 X99.3440Y44.0089
G01 X99.3408Y43.9925
G01 X99.3371Y43.9814
G01 X99.3324Y43.9706
G01 X99.3228Y43.9546
G01 X99.3155Y43.9453
G01 X99.3011Y43.9313
G01 X99.2559Y43.8941
G01 X99.2085Y43.8365
G01 X99.1733Y43.7707
G01 X99.1517Y43.6993
G01 X99.1438Y43.6191
G01 X99.1438Y42.3809
G01 X99.1517Y42.3007
G01 X99.1735Y42.2290
G01 X99.1784Y42.2177
G01 X99.1821Y42.2065
G01 X99.1853Y42.1902
G01 X99.1862Y42.1716
G01 X99.1844Y42.1538
G01 X99.1821Y42.1435
G01 X99.1784Y42.1323
G01 X99.1737Y42.1215
G01 X99.1679Y42.1112
G01 X99.1568Y42.0963
G01 X99.1487Y42.0878
G01 X99.1397Y42.0801
G01 X99.1259Y42.0709
G01 X99.1154Y42.0655
G01 X99.1044Y42.0612
G01 X99.0931Y42.0580
G01 X99.0815Y42.0560
G01 X99.0663Y42.0550
G01 X92.6942Y42.0550
G01 X92.6791Y42.0560
G01 X92.6627Y42.0592
G01 X92.6452Y42.0655
G01 X92.6305Y42.0734
G01 X92.6155Y42.0845
G01 X92.6037Y42.0963
G01 X92.5926Y42.1112
G01 X92.5848Y42.1259
G01 X92.5785Y42.1435
G01 X92.5752Y42.1598
G01 X92.5743Y42.1784
G01 X92.5761Y42.1962
G01 X92.5805Y42.2131
G01 X92.5869Y42.2285
G01 X92.5964Y42.2445
G01 X92.6094Y42.2598
G01 X95.3332Y44.9836
G01 X95.3446Y44.9937
G01 X95.3543Y45.0004
G01 X95.3690Y45.0083
G01 X95.3865Y45.0145
G01 X95.4029Y45.0178
G01 X95.4180Y45.0188
G01 X97.0441Y45.0188
G01 X97.0755Y45.0219
G01 X97.1000Y45.0293
G01 X97.1226Y45.0414
G01 X97.1424Y45.0576
G01 X97.1586Y45.0774
G01 X97.1707Y45.1000
G01 X97.1781Y45.1245
G01 X97.1812Y45.1559
G01 X97.1812Y46.6441
G01 X97.1781Y46.6755
G01 X97.1707Y46.7000
G01 X97.1586Y46.7226
G01 X97.1424Y46.7424
G01 X97.1226Y46.7586
G01 X97.1000Y46.7707
G01 X97.0755Y46.7781
G01 X97.0441Y46.7812
G01 X94.0559Y46.7812
G01 X94.0245Y46.7781
G01 X94.0000Y46.7707
G01 X93.9774Y46.7586
G01 X93.9576Y46.7424
G01 X93.9414Y46.7226
G01 X93.9293Y46.7000
G01 X93.9219Y46.6755
G01 X93.9188Y46.6441
G01 X93.9188Y45.1559
G01 X93.9213Y45.1292
G01 X93.9216Y45.1175
G01 X93.9207Y45.1057
G01 X93.9174Y45.0894
G01 X93.9111Y45.0718
G01 X93.9058Y45.0613
G01 X93.8965Y45.0475
G01 X93.8865Y45.0360
G01 X91.9406Y43.0901
G01 X91.9248Y43.0769
G01 X91.9093Y43.0676
G01 X91.8985Y43.0629
G01 X91.8873Y43.0593
G01 X91.8709Y43.0560
G01 X91.8558Y43.0550
G01 X82.0727Y43.0550
G01 X82.0575Y43.0560
G01 X82.0412Y43.0593
G01 X82.0300Y43.0629
G01 X82.0131Y43.0709
G01 X81.9993Y43.0801
G01 X81.9878Y43.0901
G01 X78.7258Y46.3522
G01 X78.7050Y46.3766
G01 X78.6243Y46.4428
G01 X78.5322Y46.4920
G01 X78.4323Y46.5224
G01 X78.3284Y46.5326
G01 X78.2965Y46.5300
G01 X73.8035Y46.5300
G01 X73.7716Y46.5326
G01 X73.6677Y46.5224
G01 X73.5678Y46.4920
G01 X73.4757Y46.4428
G01 X73.3950Y46.3766
G01 X73.3742Y46.3522
G01 X70.1122Y43.0901
G01 X70.0963Y43.0769
G01 X70.0869Y43.0709
G01 X70.0764Y43.0655
G01 X70.0654Y43.0612
G01 X70.0541Y43.0581
G01 X70.0425Y43.0560
G01 X70.0273Y43.0550
G01 X66.1442Y43.0550
G01 X66.1242Y43.0567
G01 X66.1061Y43.0612
G01 X66.0907Y43.0676
G01 X66.0748Y43.0772
G01 X66.0594Y43.0901
G01 X59.6973Y49.4522
G01 X59.6766Y49.4766
G01 X59.5959Y49.5428
G01 X59.5038Y49.5920
G01 X59.4039Y49.6223
G01 X59.3000Y49.6326
G01 X59.2681Y49.6300
G01 X58.2012Y49.6300
G01 X58.1860Y49.6310
G01 X58.1697Y49.6343
G01 X58.1585Y49.6379
G01 X58.1417Y49.6459
G01 X58.1317Y49.6522
G01 X58.1225Y49.6595
G01 X58.1107Y49.6713
G01 X58.1031Y49.6810
G01 X58.0938Y49.6965
G01 X58.0891Y49.7073
G01 X58.0843Y49.7232
G01 X58.0815Y49.7417
G01 X58.0812Y49.8441
G01 X58.0781Y49.8755
G01 X58.0707Y49.9000
G01 X58.0586Y49.9226
G01 X58.0424Y49.9424
G01 X58.0226Y49.9586
G01 X58.0000Y49.9707
G01 X57.9755Y49.9781
G01 X57.9441Y49.9812
G01 X54.9559Y49.9812
G01 X54.9245Y49.9781
G01 X54.9000Y49.9707
G01 X54.8774Y49.9586
G01 X54.8576Y49.9424
G01 X54.8414Y49.9226
G01 X54.8293Y49.9000
G01 X54.8219Y49.8755
G01 X54.8188Y49.8441
G01 X54.8188Y48.3559
G01 X54.8219Y48.3245
G01 X54.8293Y48.3000
G01 X54.8414Y48.2774
G01 X54.8576Y48.2576
G01 X54.8774Y48.2414
G01 X54.9000Y48.2293
G01 X54.9245Y48.2219
G01 X54.9559Y48.2188
G01 X57.9441Y48.2188
G01 X57.9755Y48.2219
G01 X58.0000Y48.2293
G01 X58.0226Y48.2414
G01 X58.0424Y48.2576
G01 X58.0586Y48.2774
G01 X58.0707Y48.3000
G01 X58.0781Y48.3245
G01 X58.0812Y48.3559
G01 X58.0815Y48.4583
G01 X58.0843Y48.4768
G01 X58.0891Y48.4927
G01 X58.0971Y48.5096
G01 X58.1034Y48.5195
G01 X58.1107Y48.5287
G01 X58.1225Y48.5405
G01 X58.1322Y48.5481
G01 X58.1417Y48.5541
G01 X58.1585Y48.5621
G01 X58.1697Y48.5657
G01 X58.1860Y48.5690
G01 X58.2012Y48.5700
G01 X59.0308Y48.5700
G01 X59.0459Y48.5690
G01 X59.0623Y48.5657
G01 X59.0798Y48.5595
G01 X59.0903Y48.5541
G01 X59.1042Y48.5449
G01 X59.1156Y48.5349
G01 X65.3906Y42.2598
G01 X65.4006Y42.2484
G01 X65.4074Y42.2388
G01 X65.4131Y42.2285
G01 X65.4179Y42.2177
G01 X65.4215Y42.2065
G01 X65.4241Y42.1950
G01 X65.4254Y42.1833
G01 X65.4257Y42.1716
G01 X65.4248Y42.1598
G01 X65.4227Y42.1482
G01 X65.4195Y42.1369
G01 X65.4152Y42.1259
G01 X65.4099Y42.1154
G01 X65.4036Y42.1055
G01 X65.3963Y42.0963
G01 X65.3881Y42.0878
G01 X65.3792Y42.0801
G01 X65.3695Y42.0734
G01 X65.3593Y42.0676
G01 X65.3485Y42.0629
G01 X65.3373Y42.0592
G01 X65.3258Y42.0567
G01 X65.3058Y42.0550
G01 X55.9087Y42.0550
G01 X55.8935Y42.0560
G01 X55.8819Y42.0580
G01 X55.8706Y42.0612
G01 X55.8596Y42.0655
G01 X55.8449Y42.0734
G01 X55.8299Y42.0845
G01 X55.8182Y42.0963
G01 X55.8105Y42.1060
G01 X55.8013Y42.1215
G01 X55.7949Y42.1369
G01 X55.7904Y42.1550
G01 X55.7888Y42.1716
G01 X55.7897Y42.1902
G01 X55.7929Y42.2065
G01 X55.7966Y42.2177
G01 X55.8014Y42.2286
G01 X55.8233Y42.3007
G01 X55.8312Y42.3809
G01 X55.8312Y43.6191
G01 X55.8233Y43.6993
G01 X55.8017Y43.7707
G01 X55.7665Y43.8365
G01 X55.7191Y43.8941
G01 X55.6615Y43.9415
G01 X55.5957Y43.9767
G01 X55.5726Y43.9840
G01 X55.5618Y43.9887
G01 X55.5516Y43.9945
G01 X55.5419Y44.0012
G01 X55.5330Y44.0089
G01 X55.5248Y44.0174
G01 X55.5172Y44.0271
G01 X55.5080Y44.0426
G01 X55.5016Y44.0580
G01 X55.4970Y44.0761
G01 X55.4957Y44.0878
G01 X55.4957Y44.1044
G01 X55.4972Y44.1173
G01 X55.5016Y44.1342
G01 X55.5080Y44.1496
G01 X55.5175Y44.1656
G01 X55.5305Y44.1809
G01 X56.3332Y44.9836
G01 X56.3446Y44.9937
G01 X56.3543Y45.0004
G01 X56.3645Y45.0062
G01 X56.3753Y45.0109
G01 X56.3865Y45.0145
G01 X56.3980Y45.0171
G01 X56.4180Y45.0188
G01 X57.9441Y45.0188
G01 X57.9755Y45.0219
G01 X58.0000Y45.0293
G01 X58.0226Y45.0414
G01 X58.0424Y45.0576
G01 X58.0586Y45.0774
G01 X58.0707Y45.1000
G01 X58.0781Y45.1245
G01 X58.0812Y45.1559
G01 X58.0812Y46.6441
G01 X58.0781Y46.6755
G01 X58.0707Y46.7000
G01 X58.0586Y46.7226
G01 X58.0424Y46.7424
G01 X58.0226Y46.7586
G01 X58.0000Y46.7707
G01 X57.9755Y46.7781
G01 X57.9441Y46.7812
G01 X54.9559Y46.7812
G01 X54.9245Y46.7781
G01 X54.9000Y46.7707
G01 X54.8774Y46.7586
G01 X54.8576Y46.7424
G01 X54.8414Y46.7226
G01 X54.8293Y46.7000
G01 X54.8219Y46.6755
G01 X54.8188Y46.6441
G01 X54.8188Y45.1559
G01 X54.8219Y45.1245
G01 X54.8293Y45.1000
G01 X54.8375Y45.0811
G01 X54.8407Y45.0697
G01 X54.8427Y45.0581
G01 X54.8437Y45.0464
G01 X54.8434Y45.0346
G01 X54.8418Y45.0218
G01 X54.8395Y45.0114
G01 X54.8332Y44.9939
G01 X54.8279Y44.9834
G01 X54.8186Y44.9696
G01 X54.8110Y44.9606
G01 X54.5728Y44.7223
G01 X54.5484Y44.7016
G01 X54.4822Y44.6209
G01 X54.4330Y44.5288
G01 X54.4027Y44.4289
G01 X54.3924Y44.3250
G01 X54.3950Y44.2931
G01 X54.3950Y44.0569
G01 X54.3931Y44.0361
G01 X54.3887Y44.0188
G01 X54.3845Y44.0079
G01 X54.3766Y43.9932
G01 X54.3699Y43.9835
G01 X54.3622Y43.9746
G01 X54.3537Y43.9664
G01 X54.3440Y43.9588
G01 X54.3345Y43.9528
G01 X54.3135Y43.9415
G01 X54.2559Y43.8941
G01 X54.2085Y43.8365
G01 X54.1733Y43.7707
G01 X54.1517Y43.6993
G01 X54.1438Y43.6191
G01 X54.1438Y42.3809
G01 X54.1517Y42.3007
G01 X54.1735Y42.2290
G01 X54.1784Y42.2177
G01 X54.1821Y42.2065
G01 X54.1853Y42.1902
G01 X54.1862Y42.1716
G01 X54.1853Y42.1598
G01 X54.1821Y42.1435
G01 X54.1784Y42.1323
G01 X54.1705Y42.1154
G01 X54.1641Y42.1055
G01 X54.1536Y42.0926
G01 X54.1397Y42.0801
G01 X54.1301Y42.0734
G01 X54.1154Y42.0655
G01 X54.0979Y42.0592
G01 X54.0815Y42.0560
G01 X54.0663Y42.0550
G01 X47.7193Y42.0550
G01 X47.7041Y42.0560
G01 X47.6877Y42.0592
G01 X47.6765Y42.0629
G01 X47.6597Y42.0709
G01 X47.6458Y42.0801
G01 X47.6344Y42.0901
G01 X44.9307Y44.7938
G01 X44.9207Y44.8053
G01 X44.9139Y44.8149
G01 X44.9082Y44.8252
G01 X44.9018Y44.8406
G01 X44.8986Y44.8519
G01 X44.8965Y44.8635
G01 X44.8956Y44.8821
G01 X44.8979Y44.9021
G01 X44.9300Y45.0637
G01 X44.9300Y45.2863
G01 X44.8866Y45.5046
G01 X44.8014Y45.7103
G01 X44.6777Y45.8953
G01 X44.5203Y46.0527
G01 X44.3353Y46.1764
G01 X44.1296Y46.2616
G01 X43.9113Y46.3050
G01 X43.8318Y46.3050
G01 X43.8106Y46.3069
G01 X43.7937Y46.3113
G01 X43.7827Y46.3155
G01 X43.7680Y46.3234
G01 X43.7584Y46.3301
G01 X43.7494Y46.3378
G01 X43.7413Y46.3463
G01 X43.7337Y46.3560
G01 X43.7264Y46.3676
G01 X43.6476Y46.4636
G01 X43.6194Y46.4875
G01 X42.7875Y47.3194
G01 X42.7636Y47.3476
G01 X42.6677Y47.4264
G01 X42.5583Y47.4849
G01 X42.4395Y47.5209
G01 X42.3160Y47.5330
G01 X42.2792Y47.5300
G01 X41.9994Y47.5303
G01 X41.9866Y47.5319
G01 X41.9696Y47.5362
G01 X41.9587Y47.5405
G01 X41.9440Y47.5484
G01 X41.9343Y47.5551
G01 X41.9229Y47.5651
G01 X40.9686Y48.5194
G01 X40.9447Y48.5476
G01 X40.8488Y48.6264
G01 X40.7393Y48.6849
G01 X40.6206Y48.7209
G01 X40.4971Y48.7331
G01 X40.4602Y48.7300
G01 X36.3893Y48.7300
G01 X36.3741Y48.7310
G01 X36.3626Y48.7331
G01 X36.3512Y48.7363
G01 X36.3403Y48.7405
G01 X36.3256Y48.7484
G01 X36.3159Y48.7551
G01 X36.3070Y48.7628
G01 X36.2944Y48.7766
G01 X36.2852Y48.7905
G01 X36.2772Y48.8073
G01 X36.2724Y48.8232
G01 X36.2703Y48.8348
G01 X36.2694Y48.8466
G01 X36.2703Y48.8652
G01 X36.2724Y48.8768
G01 X36.2772Y48.8927
G01 X36.2819Y48.9035
G01 X36.2900Y48.9174
G01 X36.3827Y49.1412
G01 X36.4300Y49.3789
G01 X36.4300Y49.6211
G01 X36.3827Y49.8588
G01 X36.2900Y50.0826
G01 X36.1554Y50.2841
G01 X35.9841Y50.4554
G01 X35.7826Y50.5900
G01 X35.5588Y50.6827
G01 X35.3211Y50.7300
G01 X35.0789Y50.7300
G01 X34.8412Y50.6827
G01 X34.6174Y50.5900
G01 X34.4159Y50.4554
G01 X34.2446Y50.2841
G01 X34.1100Y50.0826
G01 X34.0409Y49.9157
G01 X34.0341Y49.9021
G01 X34.0278Y49.8922
G01 X34.0205Y49.8829
G01 X34.0124Y49.8744
G01 X34.0034Y49.8668
G01 X33.9896Y49.8575
G01 X33.9791Y49.8522
G01 X33.9615Y49.8459
G01 X33.9500Y49.8434
G01 X33.9383Y49.8420
G01 X33.9217Y49.8420
G01 X33.9088Y49.8436
G01 X33.8919Y49.8479
G01 X33.8809Y49.8522
G01 X33.8704Y49.8575
G01 X33.8566Y49.8668
G01 X33.8428Y49.8793
G01 X33.8351Y49.8882
G01 X33.8259Y49.9021
G01 X33.8191Y49.9157
G01 X33.7500Y50.0826
G01 X33.6154Y50.2841
G01 X33.4441Y50.4554
G01 X33.2426Y50.5900
G01 X33.0188Y50.6827
G01 X32.7811Y50.7300
G01 X32.5389Y50.7300
G01 X32.3012Y50.6827
G01 X32.0774Y50.5900
G01 X31.8759Y50.4554
G01 X31.7046Y50.2841
G01 X31.5700Y50.0826
G01 X31.4773Y49.8588
G01 X31.4300Y49.6211
G01 X31.4300Y49.3789
G01 X31.4688Y49.1838
G01 X31.4710Y49.1638
G01 X31.4701Y49.1452
G01 X31.4681Y49.1336
G01 X31.4649Y49.1223
G01 X31.4606Y49.1113
G01 X31.4553Y49.1008
G01 X31.4489Y49.0909
G01 X31.4416Y49.0816
G01 X30.7256Y48.3651
G01 X30.7142Y48.3551
G01 X30.7003Y48.3459
G01 X30.6835Y48.3379
G01 X30.6675Y48.3331
G01 X30.6491Y48.3303
G01 X30.4719Y48.3300
G01 X30.4400Y48.3326
G01 X30.3361Y48.3223
G01 X30.2362Y48.2920
G01 X30.1441Y48.2428
G01 X30.0634Y48.1766
G01 X30.0427Y48.1522
G01 X29.5528Y47.6623
G01 X29.5284Y47.6416
G01 X29.4622Y47.5609
G01 X29.4130Y47.4688
G01 X29.3827Y47.3689
G01 X29.3724Y47.2650
G01 X29.3750Y47.2331
G01 X29.3747Y46.6917
G01 X29.3731Y46.6788
G01 X29.3708Y46.6685
G01 X29.3645Y46.6509
G01 X29.3591Y46.6404
G01 X29.3528Y46.6305
G01 X29.3455Y46.6213
G01 X29.3374Y46.6128
G01 X29.3240Y46.6019
G01 X29.3146Y46.5959
G01 X29.3041Y46.5905
G01 X29.2931Y46.5862
G01 X29.2818Y46.5831
G01 X29.2702Y46.5810
G01 X29.2584Y46.5801
G01 X29.1612Y46.5800
G01 X29.1460Y46.5810
G01 X29.1297Y46.5843
G01 X29.1185Y46.5879
G01 X29.1017Y46.5959
G01 X29.0917Y46.6022
G01 X29.0788Y46.6128
G01 X29.0663Y46.6266
G01 X29.0571Y46.6404
G01 X29.0491Y46.6573
G01 X29.0455Y46.6685
G01 X29.0422Y46.6848
G01 X29.0412Y46.7066
G01 X29.0355Y46.7648
G01 X29.0202Y46.8151
G01 X28.9954Y46.8615
G01 X28.9621Y46.9021
G01 X28.9215Y46.9354
G01 X28.8751Y46.9602
G01 X28.8248Y46.9755
G01 X28.7666Y46.9812
G01 X28.5034Y46.9812
G01 X28.4452Y46.9755
G01 X28.3949Y46.9602
G01 X28.3485Y46.9354
G01 X28.3079Y46.9021
G01 X28.2746Y46.8615
G01 X28.2498Y46.8151
G01 X28.2345Y46.7648
G01 X28.2288Y46.7066
G01 X28.2288Y45.3934
G01 X28.2345Y45.3352
G01 X28.2498Y45.2849
G01 X28.2746Y45.2385
G01 X28.2901Y45.2190
G01 X28.2961Y45.2096
G01 X28.3015Y45.1991
G01 X28.3057Y45.1881
G01 X28.3089Y45.1768
G01 X28.3110Y45.1652
G01 X28.3119Y45.1466
G01 X28.3110Y45.1348
G01 X28.3089Y45.1232
G01 X28.3057Y45.1119
G01 X28.3015Y45.1009
G01 X28.2936Y45.0862
G01 X28.2869Y45.0766
G01 X28.2792Y45.0676
G01 X28.2707Y45.0595
G01 X28.2615Y45.0522
G01 X28.2455Y45.0426
G01 X28.2347Y45.0379
G01 X28.2235Y45.0343
G01 X28.2072Y45.0310
G01 X28.1920Y45.0300
G01 X27.0466Y45.0301
G01 X27.0300Y45.0317
G01 X27.0185Y45.0343
G01 X27.0073Y45.0379
G01 X26.9904Y45.0459
G01 X26.9805Y45.0522
G01 X26.9676Y45.0628
G01 X26.9551Y45.0766
G01 X26.9484Y45.0862
G01 X26.9405Y45.1009
G01 X26.9343Y45.1185
G01 X26.9310Y45.1348
G01 X26.9300Y45.1500
G01 X26.9300Y47.5300
G01 X26.7416Y47.5301
G01 X26.7241Y47.5318
G01 X26.7135Y47.5343
G01 X26.7023Y47.5379
G01 X26.6854Y47.5459
G01 X26.6716Y47.5551
G01 X26.6578Y47.5676
G01 X26.6472Y47.5805
G01 X26.6409Y47.5904
G01 X26.6329Y47.6073
G01 X26.6281Y47.6232
G01 X26.6253Y47.6417
G01 X26.6250Y47.7698
G01 X26.6260Y47.7849
G01 X26.6293Y47.8013
G01 X26.6329Y47.8125
G01 X26.6409Y47.8293
G01 X26.6472Y47.8392
G01 X26.6601Y47.8546
G01 X27.0949Y48.2894
G01 X27.1108Y48.3027
G01 X27.1202Y48.3087
G01 X27.1307Y48.3140
G01 X27.1483Y48.3203
G01 X27.1598Y48.3228
G01 X27.1714Y48.3242
G01 X27.1881Y48.3242
G01 X27.2007Y48.3227
G01 X27.2202Y48.3175
G01 X27.4589Y48.2700
G01 X27.7011Y48.2700
G01 X27.9388Y48.3173
G01 X28.1626Y48.4100
G01 X28.3641Y48.5446
G01 X28.5354Y48.7159
G01 X28.6700Y48.9174
G01 X28.7627Y49.1412
G01 X28.8100Y49.3789
G01 X28.8100Y49.6211
G01 X28.7627Y49.8588
G01 X28.6700Y50.0826
G01 X28.5354Y50.2841
G01 X28.3641Y50.4554
G01 X28.1626Y50.5900
G01 X27.9388Y50.6827
G01 X27.7011Y50.7300
G01 X27.4589Y50.7300
G01 X27.2212Y50.6827
G01 X26.9974Y50.5900
G01 X26.7959Y50.4554
G01 X26.6246Y50.2841
G01 X26.4900Y50.0826
G01 X26.4209Y49.9157
G01 X26.4141Y49.9021
G01 X26.4078Y49.8922
G01 X26.4005Y49.8829
G01 X26.3924Y49.8744
G01 X26.3834Y49.8668
G01 X26.3696Y49.8575
G01 X26.3591Y49.8522
G01 X26.3415Y49.8459
G01 X26.3300Y49.8434
G01 X26.3183Y49.8420
G01 X26.3017Y49.8420
G01 X26.2891Y49.8435
G01 X26.2719Y49.8479
G01 X26.2609Y49.8522
G01 X26.2504Y49.8575
G01 X26.2366Y49.8668
G01 X26.2228Y49.8793
G01 X26.2151Y49.8882
G01 X26.2059Y49.9021
G01 X26.1991Y49.9157
G01 X26.1300Y50.0826
G01 X25.9954Y50.2841
G01 X25.8241Y50.4554
G01 X25.6226Y50.5900
G01 X25.3988Y50.6827
G01 X25.1611Y50.7300
G01 X24.9189Y50.7300
G01 X24.6812Y50.6827
G01 X24.4574Y50.5900
G01 X24.2559Y50.4554
G01 X24.0846Y50.2841
G01 X23.9500Y50.0826
G01 X23.8809Y49.9157
G01 X23.8741Y49.9021
G01 X23.8678Y49.8922
G01 X23.8605Y49.8829
G01 X23.8524Y49.8744
G01 X23.8434Y49.8668
G01 X23.8296Y49.8575
G01 X23.8191Y49.8522
G01 X23.8015Y49.8459
G01 X23.7900Y49.8434
G01 X23.7734Y49.8418
G01 X23.7548Y49.8427
G01 X23.7432Y49.8447
G01 X23.7319Y49.8479
G01 X23.7165Y49.8543
G01 X23.7062Y49.8601
G01 X23.6913Y49.8712
G01 X23.6795Y49.8829
G01 X23.6719Y49.8927
G01 X23.6659Y49.9021
G01 X23.6591Y49.9157
G01 X23.5900Y50.0826
G01 X23.4554Y50.2841
G01 X23.2841Y50.4554
G01 X23.0826Y50.5900
G01 X22.8588Y50.6827
G01 X22.6211Y50.7300
G01 X22.3789Y50.7300
G01 X22.1412Y50.6827
G01 X21.9174Y50.5900
G01 X21.7159Y50.4554
G01 X21.5446Y50.2841
G01 X21.4100Y50.0826
G01 X21.3173Y49.8588
G01 X21.2711Y49.6266
G01 X21.2671Y49.6119
G01 X21.2608Y49.5965
G01 X21.2550Y49.5862
G01 X21.2439Y49.5713
G01 X21.2321Y49.5595
G01 X21.2224Y49.5519
G01 X21.2069Y49.5426
G01 X21.1915Y49.5362
G01 X21.1734Y49.5317
G01 X21.1617Y49.5303
G01 X18.0022Y49.5300
G01 X17.9871Y49.5310
G01 X17.9707Y49.5343
G01 X17.9595Y49.5379
G01 X17.9487Y49.5426
G01 X17.9327Y49.5522
G01 X17.9199Y49.5628
G01 X17.9117Y49.5713
G01 X17.9044Y49.5805
G01 X17.8777Y49.6203
G01 X17.7203Y49.7777
G01 X17.5353Y49.9014
G01 X17.3296Y49.9866
G01 X17.1113Y50.0300
G01 X16.8887Y50.0300
G01 X16.6704Y49.9866
G01 X16.4647Y49.9014
G01 X16.2797Y49.7777
G01 X16.1223Y49.6203
G01 X15.9986Y49.4353
G01 X15.9134Y49.2296
G01 X15.8700Y49.0113
G01 X15.8700Y48.7887
G01 X15.8865Y48.7059
G01 X15.8885Y48.6908
G01 X15.8887Y48.6790
G01 X15.8878Y48.6673
G01 X15.8857Y48.6557
G01 X15.8825Y48.6444
G01 X15.8762Y48.6290
G01 X15.8666Y48.6130
G01 X15.8560Y48.6001
G01 X15.8422Y48.5876
G01 X15.8283Y48.5783
G01 X15.8115Y48.5703
G01 X15.8003Y48.5667
G01 X15.7888Y48.5642
G01 X15.7722Y48.5625
G01 X15.7604Y48.5628
G01 X15.7476Y48.5643
G01 X15.7373Y48.5667
G01 X15.7261Y48.5703
G01 X15.7153Y48.5751
G01 X15.7050Y48.5808
G01 X15.6901Y48.5919
G01 X14.9973Y49.2842
G01 X14.9766Y49.3086
G01 X14.8959Y49.3748
G01 X14.8038Y49.4240
G01 X14.7039Y49.4543
G01 X14.6000Y49.4646
G01 X14.5681Y49.4620
G01 X13.8515Y49.4620
G01 X13.8363Y49.4630
G01 X13.8247Y49.4651
G01 X13.8134Y49.4682
G01 X13.8024Y49.4725
G01 X13.7920Y49.4779
G01 X13.7754Y49.4892
G01 X13.7101Y49.5428
G01 X13.6180Y49.5920
G01 X13.5181Y49.6223
G01 X13.4403Y49.6300
G01 X13.2012Y49.6300
G01 X13.1860Y49.6310
G01 X13.1697Y49.6343
G01 X13.1585Y49.6379
G01 X13.1417Y49.6459
G01 X13.1317Y49.6522
G01 X13.1225Y49.6595
G01 X13.1107Y49.6713
G01 X13.1031Y49.6810
G01 X13.0938Y49.6965
G01 X13.0891Y49.7073
G01 X13.0843Y49.7232
G01 X13.0815Y49.7417
G01 X13.0812Y49.8441
G01 X13.0781Y49.8755
G01 X13.0707Y49.9000
G01 X13.0586Y49.9226
G01 X13.0424Y49.9424
G01 X13.0226Y49.9586
G01 X13.0000Y49.9707
G01 X12.9755Y49.9781
G01 X12.9441Y49.9812
G01 X9.9559Y49.9812
G01 X9.9245Y49.9781
G01 X9.9000Y49.9707
G01 X9.8774Y49.9586
G01 X9.8576Y49.9424
G01 X9.8414Y49.9226
G01 X9.8293Y49.9000
G01 X9.8219Y49.8755
G01 X9.8188Y49.8441
G01 X9.8188Y48.3559
G01 X9.8219Y48.3245
G01 X9.8293Y48.3000
G01 X9.8414Y48.2774
G01 X9.8576Y48.2576
G01 X9.8784Y48.2405
G01 X9.8868Y48.2324
G01 X9.8945Y48.2234
G01 X9.9012Y48.2138
G01 X9.9091Y48.1991
G01 X9.9154Y48.1815
G01 X9.9186Y48.1652
G01 X9.9195Y48.1534
G01 X9.9186Y48.1348
G01 X9.9166Y48.1232
G01 X9.9134Y48.1119
G01 X9.9070Y48.0965
G01 X9.9012Y48.0862
G01 X9.8901Y48.0713
G01 X9.8820Y48.0628
G01 X9.8730Y48.0551
G01 X9.8592Y48.0459
G01 X9.8487Y48.0405
G01 X9.8377Y48.0362
G01 X9.8196Y48.0317
G01 X9.7996Y48.0300
G01 X7.4319Y48.0300
G01 X7.4000Y48.0326
G01 X7.2961Y48.0223
G01 X7.1962Y47.9920
G01 X7.1041Y47.9428
G01 X7.0234Y47.8766
G01 X7.0027Y47.8522
G01 X5.9668Y46.8164
G01 X5.9510Y46.8031
G01 X5.9355Y46.7938
G01 X5.9201Y46.7875
G01 X5.9020Y46.7829
G00 Z3.0000
G00 X3.9800Y46.6500
G01 Z-0.2000
G01 X3.9800Y45.1500
G01 X3.9811Y45.1377
G01 X3.9843Y45.1258
G01 X3.9900Y45.1140
G01 X3.9981Y45.1030
G01 X4.0083Y45.0938
G01 X4.0201Y45.0867
G01 X4.0272Y45.0838
G01 X4.0423Y45.0804
G01 X7.0500Y45.0800
G01 X7.0623Y45.0811
G01 X7.0683Y45.0824
G01 X7.0799Y45.0867
G01 X7.0860Y45.0900
G01 X7.0970Y45.0981
G01 X7.1062Y45.1083
G01 X7.1100Y45.1140
G01 X7.1133Y45.1201
G01 X7.1176Y45.1317
G01 X7.1197Y45.1438
G01 X7.1200Y45.1500
G01 X7.1200Y46.5553
G01 X7.5947Y47.0300
G01 X14.4231Y47.0300
G01 X15.6854Y45.7676
G01 X15.7223Y45.7346
G01 X15.7596Y45.7074
G01 X15.7993Y45.6839
G01 X15.8411Y45.6645
G01 X15.8847Y45.6493
G01 X15.9286Y45.6386
G01 X15.9751Y45.6320
G01 X16.0178Y45.6300
G01 X17.5373Y45.6300
G01 X17.9997Y45.1677
G01 X18.0312Y45.1389
G01 X18.0738Y45.1074
G01 X18.1135Y45.0840
G01 X18.1490Y45.0672
G01 X18.1923Y45.0513
G01 X18.2437Y45.0384
G01 X18.2894Y45.0320
G01 X18.3320Y45.0300
G01 X19.8680Y45.0300
G01 X19.9175Y45.0327
G01 X19.9563Y45.0384
G01 X20.0011Y45.0493
G01 X20.0447Y45.0645
G01 X20.0865Y45.0840
G01 X20.1315Y45.1108
G01 X20.1635Y45.1346
G01 X20.1979Y45.1653
G01 X22.3627Y47.3300
G01 X23.3434Y47.3301
G01 X23.3895Y47.3327
G01 X23.4283Y47.3384
G01 X23.4731Y47.3493
G01 X23.5167Y47.3645
G01 X23.5585Y47.3840
G01 X23.6035Y47.4108
G01 X23.6408Y47.4389
G01 X23.6723Y47.4677
G01 X24.6154Y48.4107
G01 X24.7037Y48.3795
G01 X24.8084Y48.3532
G01 X24.9219Y48.3361
G01 X25.0434Y48.3301
G01 X25.1581Y48.3361
G01 X25.2649Y48.3519
G01 X25.3763Y48.3795
G01 X25.4845Y48.4178
G01 X25.5885Y48.4666
G01 X25.6924Y48.5288
G01 X25.7848Y48.5978
G01 X25.8697Y48.6752
G01 X25.9422Y48.7552
G01 X26.0147Y48.8529
G01 X26.0702Y48.9455
G01 X26.1195Y49.0491
G01 X26.1605Y49.1637
G01 X26.1879Y49.2740
G01 X26.2039Y49.3819
G01 X26.2099Y49.5034
G01 X26.2039Y49.6181
G01 X26.1881Y49.7249
G01 X26.1605Y49.8363
G01 X26.1222Y49.9445
G01 X26.0734Y50.0485
G01 X26.0112Y50.1524
G01 X25.9422Y50.2448
G01 X25.8648Y50.3297
G01 X25.7848Y50.4022
G01 X25.6871Y50.4747
G01 X25.5885Y50.5334
G01 X25.4845Y50.5822
G01 X25.3829Y50.6185
G01 X25.2716Y50.6468
G01 X25.1581Y50.6639
G01 X25.0366Y50.6699
G01 X24.9219Y50.6639
G01 X24.8151Y50.6481
G01 X24.7037Y50.6205
G01 X24.5891Y50.5795
G01 X24.4855Y50.5302
G01 X24.3876Y50.4712
G01 X24.3005Y50.4065
G01 X24.2152Y50.3297
G01 X24.1378Y50.2448
G01 X24.0692Y50.1528
G01 X24.0098Y50.0545
G01 X23.9578Y49.9445
G01 X23.9195Y49.8363
G01 X23.8921Y49.7260
G01 X23.8761Y49.6181
G01 X23.8701Y49.5034
G01 X23.8754Y49.3887
G01 X23.8919Y49.2751
G01 X23.9195Y49.1637
G01 X23.9507Y49.0754
G01 X23.1453Y48.2700
G01 X22.1680Y48.2700
G01 X22.1254Y48.2680
G01 X22.0730Y48.2602
G01 X22.0283Y48.2487
G01 X21.9913Y48.2355
G01 X21.9495Y48.2160
G01 X21.9045Y48.1892
G01 X21.8672Y48.1611
G01 X21.8357Y48.1323
G01 X19.6733Y45.9700
G01 X18.5267Y45.9700
G01 X18.0643Y46.4323
G01 X18.0328Y46.4611
G01 X17.9902Y46.4926
G01 X17.9505Y46.5160
G01 X17.9150Y46.5328
G01 X17.8717Y46.5487
G01 X17.8215Y46.5614
G01 X17.7746Y46.5680
G01 X17.7320Y46.5700
G01 X16.2125Y46.5700
G01 X14.9501Y47.8323
G01 X14.9185Y47.8611
G01 X14.8817Y47.8888
G01 X14.8423Y47.9128
G01 X14.7944Y47.9355
G01 X14.7509Y47.9507
G01 X14.7069Y47.9614
G01 X14.6672Y47.9673
G01 X14.6212Y47.9699
G01 X7.4000Y47.9700
G01 X7.3505Y47.9673
G01 X7.3117Y47.9616
G01 X7.2669Y47.9507
G01 X7.2170Y47.9328
G01 X7.1815Y47.9160
G01 X7.1418Y47.8926
G01 X7.0992Y47.8611
G01 X7.0677Y47.8323
G01 X5.9553Y46.7200
G01 X4.0500Y46.7200
G01 X4.0377Y46.7189
G01 X4.0258Y46.7157
G01 X4.0140Y46.7100
G01 X4.0030Y46.7019
G01 X3.9938Y46.6917
G01 X3.9867Y46.6799
G01 X3.9824Y46.6683
G01 X3.9811Y46.6623
G01 X3.9800Y46.6500
G00 Z3.0000
G00 X1.9350Y42.1014
G01 Z-0.2000
G01 X1.9301Y41.9966
G01 X1.9356Y41.8917
G01 X1.9513Y41.7879
G01 X1.9772Y41.6861
G01 X2.0128Y41.5874
G01 X2.0580Y41.4926
G01 X2.1120Y41.4032
G01 X2.1751Y41.3186
G01 X2.2459Y41.2410
G01 X2.3239Y41.1708
G01 X2.4084Y41.1085
G01 X2.4987Y41.0548
G01 X2.5937Y41.0102
G01 X2.6927Y40.9752
G01 X2.7935Y40.9502
G01 X2.8985Y40.9349
G01 X3.0034Y40.9301
G01 X3.1083Y40.9356
G01 X3.2121Y40.9513
G01 X3.3139Y40.9772
G01 X3.4126Y41.0128
G01 X3.5074Y41.0580
G01 X3.5968Y41.1120
G01 X3.6814Y41.1751
G01 X3.7590Y41.2459
G01 X3.8292Y41.3239
G01 X3.8915Y41.4084
G01 X3.9452Y41.4987
G01 X3.9898Y41.5937
G01 X4.0248Y41.6927
G01 X4.0498Y41.7935
G01 X4.0651Y41.8985
G01 X4.0699Y42.0034
G01 X4.0644Y42.1083
G01 X4.0487Y42.2121
G01 X4.0228Y42.3139
G01 X3.9872Y42.4126
G01 X3.9420Y42.5074
G01 X3.8880Y42.5968
G01 X3.8249Y42.6814
G01 X3.7541Y42.7590
G01 X3.6761Y42.8292
G01 X3.5916Y42.8915
G01 X3.5013Y42.9452
G01 X3.4063Y42.9898
G01 X3.3073Y43.0248
G01 X3.2065Y43.0498
G01 X3.1015Y43.0651
G01 X2.9966Y43.0699
G01 X2.8917Y43.0644
G01 X2.7879Y43.0487
G01 X2.6861Y43.0228
G01 X2.5874Y42.9872
G01 X2.4926Y42.9420
G01 X2.4032Y42.8880
G01 X2.3186Y42.8249
G01 X2.2410Y42.7541
G01 X2.1708Y42.6761
G01 X2.1085Y42.5916
G01 X2.0548Y42.5013
G01 X2.0102Y42.4063
G01 X1.9752Y42.3073
G01 X1.9502Y42.2065
G01 X1.9350Y42.1014
G00 Z3.0000
G00 X1.8700Y42.1113
G01 Z-0.2000
G01 X1.8700Y41.8887
G01 X1.9134Y41.6704
G01 X1.9986Y41.4647
G01 X2.1223Y41.2797
G01 X2.2797Y41.1223
G01 X2.4647Y40.9986
G01 X2.6704Y40.9134
G01 X2.8887Y40.8700
G01 X3.1113Y40.8700
G01 X3.3296Y40.9134
G01 X3.5353Y40.9986
G01 X3.7203Y41.1223
G01 X3.8777Y41.2797
G01 X4.0014Y41.4647
G01 X4.0866Y41.6704
G01 X4.1300Y41.8887
G01 X4.1300Y42.1113
G01 X4.0866Y42.3296
G01 X4.0014Y42.5353
G01 X3.8777Y42.7203
G01 X3.7203Y42.8777
G01 X3.5353Y43.0014
G01 X3.3296Y43.0866
G01 X3.1113Y43.1300
G01 X2.8887Y43.1300
G01 X2.6704Y43.0866
G01 X2.4647Y43.0014
G01 X2.2797Y42.8777
G01 X2.1223Y42.7203
G01 X1.9986Y42.5353
G01 X1.9134Y42.3296
G01 X1.8700Y42.1113
G00 Z3.0000
G00 X2.2405Y36.8512
G01 Z-0.2000
G01 X2.2351Y36.7366
G01 X2.2411Y36.6219
G01 X2.2582Y36.5084
G01 X2.2865Y36.3971
G01 X2.3255Y36.2891
G01 X2.3748Y36.1855
G01 X2.4338Y36.0876
G01 X2.5028Y35.9952
G01 X2.5802Y35.9103
G01 X2.6655Y35.8335
G01 X2.7522Y35.7692
G01 X2.8505Y35.7098
G01 X2.9541Y35.6605
G01 X3.0621Y35.6215
G01 X3.1790Y35.5921
G01 X3.2869Y35.5761
G01 X3.4016Y35.5701
G01 X4.6750Y35.5700
G01 X4.7863Y35.5754
G01 X4.8999Y35.5919
G01 X5.0113Y35.6195
G01 X5.1195Y35.6578
G01 X5.2235Y35.7066
G01 X5.3274Y35.7688
G01 X5.4198Y35.8378
G01 X5.5047Y35.9152
G01 X5.5772Y35.9952
G01 X5.6497Y36.0929
G01 X5.7052Y36.1855
G01 X5.7545Y36.2891
G01 X5.7935Y36.3971
G01 X5.8231Y36.5151
G01 X5.8389Y36.6219
G01 X5.8449Y36.7366
G01 X5.8396Y36.8513
G01 X5.8231Y36.9649
G01 X5.7955Y37.0763
G01 X5.7572Y37.1845
G01 X5.7084Y37.2885
G01 X5.6462Y37.3924
G01 X5.5815Y37.4795
G01 X5.5047Y37.5648
G01 X5.4198Y37.6422
G01 X5.3278Y37.7108
G01 X5.2295Y37.7702
G01 X5.1259Y37.8195
G01 X5.0179Y37.8585
G01 X4.9007Y37.8880
G01 X4.7931Y37.9039
G01 X4.6784Y37.9099
G01 X3.4050Y37.9100
G01 X3.2937Y37.9046
G01 X3.1801Y37.8881
G01 X3.0687Y37.8605
G01 X2.9541Y37.8195
G01 X2.8505Y37.7702
G01 X2.7526Y37.7112
G01 X2.6655Y37.6465
G01 X2.5753Y37.5648
G01 X2.4985Y37.4795
G01 X2.4342Y37.3928
G01 X2.3716Y37.2885
G01 X2.3255Y37.1909
G01 X2.2865Y37.0829
G01 X2.2571Y36.9660
G01 X2.2405Y36.8512
G00 Z3.0000
G00 X2.1690Y36.7400
G01 Z-0.2000
G01 X2.1928Y36.4989
G01 X2.2631Y36.2670
G01 X2.3773Y36.0533
G01 X2.5311Y35.8661
G01 X2.7183Y35.7123
G01 X2.9320Y35.5981
G01 X3.1639Y35.5278
G01 X3.3446Y35.5100
G01 X4.7354Y35.5100
G01 X4.9161Y35.5278
G01 X5.1480Y35.5981
G01 X5.3617Y35.7123
G01 X5.5489Y35.8661
G01 X5.7027Y36.0533
G01 X5.8169Y36.2670
G01 X5.8872Y36.4989
G01 X5.9110Y36.7400
G01 X5.8872Y36.9811
G01 X5.8169Y37.2130
G01 X5.7027Y37.4267
G01 X5.5489Y37.6139
G01 X5.3617Y37.7677
G01 X5.1480Y37.8819
G01 X4.9161Y37.9522
G01 X4.7354Y37.9700
G01 X3.3446Y37.9700
G01 X3.1639Y37.9522
G01 X2.9320Y37.8819
G01 X2.7183Y37.7677
G01 X2.5311Y37.6139
G01 X2.3773Y37.4267
G01 X2.2631Y37.2130
G01 X2.1928Y36.9811
G01 X2.1690Y36.7400
G00 Z3.0000
G00 X2.2405Y31.7712
G01 Z-0.2000
G01 X2.2351Y31.6566
G01 X2.2411Y31.5419
G01 X2.2582Y31.4284
G01 X2.2865Y31.3171
G01 X2.3255Y31.2091
G01 X2.3748Y31.1055
G01 X2.4338Y31.0076
G01 X2.5028Y30.9152
G01 X2.5802Y30.8303
G01 X2.6655Y30.7535
G01 X2.7522Y30.6892
G01 X2.8505Y30.6298
G01 X2.9541Y30.5805
G01 X3.0621Y30.5415
G01 X3.1790Y30.5121
G01 X3.2869Y30.4961
G01 X3.4016Y30.4901
G01 X4.6750Y30.4900
G01 X4.7863Y30.4954
G01 X4.8999Y30.5119
G01 X5.0113Y30.5395
G01 X5.1195Y30.5778
G01 X5.2235Y30.6266
G01 X5.3274Y30.6888
G01 X5.4198Y30.7578
G01 X5.5047Y30.8352
G01 X5.5772Y30.9152
G01 X5.6497Y31.0129
G01 X5.7052Y31.1055
G01 X5.7545Y31.2091
G01 X5.7935Y31.3171
G01 X5.8231Y31.4351
G01 X5.8389Y31.5419
G01 X5.8449Y31.6566
G01 X5.8396Y31.7713
G01 X5.8231Y31.8849
G01 X5.7955Y31.9963
G01 X5.7572Y32.1045
G01 X5.7084Y32.2085
G01 X5.6462Y32.3124
G01 X5.5815Y32.3995
G01 X5.5047Y32.4848
G01 X5.4198Y32.5622
G01 X5.3278Y32.6308
G01 X5.2295Y32.6902
G01 X5.1259Y32.7395
G01 X5.0179Y32.7785
G01 X4.9007Y32.8080
G01 X4.7931Y32.8239
G01 X4.6784Y32.8299
G01 X3.4050Y32.8300
G01 X3.2937Y32.8246
G01 X3.1801Y32.8081
G01 X3.0687Y32.7805
G01 X2.9541Y32.7395
G01 X2.8505Y32.6902
G01 X2.7526Y32.6312
G01 X2.6655Y32.5665
G01 X2.5753Y32.4848
G01 X2.4985Y32.3995
G01 X2.4342Y32.3128
G01 X2.3716Y32.2085
G01 X2.3255Y32.1109
G01 X2.2865Y32.0029
G01 X2.2571Y31.8860
G01 X2.2405Y31.7712
G00 Z3.0000
G00 X2.1690Y31.6600
G01 Z-0.2000
G01 X2.1928Y31.4189
G01 X2.2631Y31.1870
G01 X2.3773Y30.9733
G01 X2.5311Y30.7861
G01 X2.7183Y30.6323
G01 X2.9320Y30.5181
G01 X3.1639Y30.4478
G01 X3.3446Y30.4300
G01 X4.7354Y30.4300
G01 X4.9161Y30.4478
G01 X5.1480Y30.5181
G01 X5.3617Y30.6323
G01 X5.5489Y30.7861
G01 X5.7027Y30.9733
G01 X5.8169Y31.1870
G01 X5.8872Y31.4189
G01 X5.9110Y31.6600
G01 X5.8872Y31.9011
G01 X5.8169Y32.1330
G01 X5.7027Y32.3467
G01 X5.5489Y32.5339
G01 X5.3617Y32.6877
G01 X5.1480Y32.8019
G01 X4.9161Y32.8722
G01 X4.7354Y32.8900
G01 X3.3446Y32.8900
G01 X3.1639Y32.8722
G01 X2.9320Y32.8019
G01 X2.7183Y32.6877
G01 X2.5311Y32.5339
G01 X2.3773Y32.3467
G01 X2.2631Y32.1330
G01 X2.1928Y31.9011
G01 X2.1690Y31.6600
G00 Z3.0000
G00 X42.9350Y31.8014
G01 Z-0.2000
G01 X42.9301Y31.7034
G01 X42.9349Y31.5985
G01 X42.9500Y31.4946
G01 X42.9752Y31.3927
G01 X43.0102Y31.2937
G01 X43.0548Y31.1987
G01 X43.1120Y31.1032
G01 X43.1708Y31.0239
G01 X43.2459Y30.9410
G01 X43.3239Y30.8708
G01 X43.4084Y30.8085
G01 X43.4987Y30.7548
G01 X43.5937Y30.7102
G01 X43.6927Y30.6752
G01 X43.7935Y30.6502
G01 X43.8917Y30.6356
G01 X43.9966Y30.6301
G01 X44.1083Y30.6356
G01 X44.2054Y30.6500
G01 X44.3073Y30.6752
G01 X44.4063Y30.7102
G01 X44.5013Y30.7548
G01 X44.5968Y30.8120
G01 X44.6761Y30.8708
G01 X44.7590Y30.9459
G01 X44.8292Y31.0239
G01 X44.8877Y31.1027
G01 X44.9420Y31.1926
G01 X44.9600Y31.2300
G01 X47.3176Y31.2300
G01 X47.3255Y31.2091
G01 X47.3716Y31.1115
G01 X47.4303Y31.0129
G01 X47.4985Y30.9205
G01 X47.5802Y30.8303
G01 X47.6655Y30.7535
G01 X47.7522Y30.6892
G01 X47.8505Y30.6298
G01 X47.9541Y30.5805
G01 X48.0687Y30.5395
G01 X48.1790Y30.5121
G01 X48.2869Y30.4961
G01 X48.4016Y30.4901
G01 X49.6750Y30.4900
G01 X49.7931Y30.4961
G01 X49.9066Y30.5132
G01 X50.0179Y30.5415
G01 X50.1259Y30.5805
G01 X50.2295Y30.6298
G01 X50.3274Y30.6888
G01 X50.4198Y30.7578
G01 X50.5047Y30.8352
G01 X50.5815Y30.9205
G01 X50.6458Y31.0072
G01 X50.7052Y31.1055
G01 X50.7545Y31.2091
G01 X50.7935Y31.3171
G01 X50.8231Y31.4351
G01 X50.8389Y31.5419
G01 X50.8449Y31.6566
G01 X50.8396Y31.7713
G01 X50.8218Y31.8916
G01 X50.7955Y31.9963
G01 X50.7603Y32.0957
G01 X52.2347Y33.5700
G01 X58.6053Y33.5700
G01 X57.8653Y32.8300
G01 X57.3216Y32.8299
G01 X57.2069Y32.8239
G01 X57.0934Y32.8068
G01 X56.9887Y32.7805
G01 X56.8805Y32.7422
G01 X56.7765Y32.6934
G01 X56.6726Y32.6312
G01 X56.5855Y32.5665
G01 X56.4953Y32.4848
G01 X56.4185Y32.3995
G01 X56.3542Y32.3128
G01 X56.2948Y32.2145
G01 X56.2455Y32.1109
G01 X56.2065Y32.0029
G01 X56.1771Y31.8860
G01 X56.1604Y31.7713
G01 X56.1551Y31.6566
G01 X56.1611Y31.5419
G01 X56.1769Y31.4351
G01 X56.2065Y31.3171
G01 X56.2428Y31.2155
G01 X56.2916Y31.1115
G01 X56.3538Y31.0076
G01 X56.4228Y30.9152
G01 X56.5002Y30.8303
G01 X56.5802Y30.7578
G01 X56.6779Y30.6853
G01 X56.7705Y30.6298
G01 X56.8741Y30.5805
G01 X56.9821Y30.5415
G01 X57.0990Y30.5121
G01 X57.2069Y30.4961
G01 X57.3216Y30.4901
G01 X58.5950Y30.4900
G01 X58.7063Y30.4954
G01 X58.8199Y30.5119
G01 X58.9313Y30.5395
G01 X59.0459Y30.5805
G01 X59.1435Y30.6266
G01 X59.2421Y30.6853
G01 X59.3398Y30.7578
G01 X59.4247Y30.8352
G01 X59.5015Y30.9205
G01 X59.5658Y31.0072
G01 X59.6252Y31.1055
G01 X59.6772Y31.2155
G01 X59.7155Y31.3237
G01 X59.7429Y31.4340
G01 X59.7589Y31.5419
G01 X59.7649Y31.6566
G01 X59.7589Y31.7781
G01 X59.7431Y31.8849
G01 X59.7155Y31.9963
G01 X59.6772Y32.1045
G01 X59.6284Y32.2085
G01 X59.5662Y32.3124
G01 X59.5015Y32.3995
G01 X59.4198Y32.4897
G01 X59.3345Y32.5665
G01 X59.2478Y32.6308
G01 X59.1495Y32.6902
G01 X59.0855Y32.7208
G01 X60.0457Y33.6810
G01 X60.0788Y33.7179
G01 X60.1022Y33.7495
G01 X60.1251Y33.7870
G01 X62.4930Y36.1549
G01 X69.4084Y36.1549
G01 X70.4864Y35.0770
G01 X70.5108Y35.0365
G01 X70.5346Y35.0045
G01 X70.5677Y34.9677
G01 X72.8177Y32.7176
G01 X72.8493Y32.6889
G01 X72.8861Y32.6612
G01 X72.9255Y32.6372
G01 X72.9670Y32.6171
G01 X73.0103Y32.6013
G01 X73.0609Y32.5885
G01 X73.1074Y32.5820
G01 X73.1500Y32.5800
G01 X78.9220Y32.5800
G01 X78.9686Y32.5823
G01 X79.0137Y32.5890
G01 X79.0584Y32.6002
G01 X79.0986Y32.6145
G01 X79.1443Y32.6359
G01 X79.1827Y32.6590
G01 X79.2199Y32.6865
G01 X79.2536Y32.7170
G01 X82.6916Y36.1549
G01 X89.4804Y36.1549
G01 X92.9145Y32.7208
G01 X92.8505Y32.6902
G01 X92.7579Y32.6347
G01 X92.6602Y32.5622
G01 X92.5753Y32.4848
G01 X92.5028Y32.4048
G01 X92.4303Y32.3071
G01 X92.3748Y32.2145
G01 X92.3255Y32.1109
G01 X92.2845Y31.9963
G01 X92.2571Y31.8860
G01 X92.2411Y31.7781
G01 X92.2351Y31.6566
G01 X92.2411Y31.5419
G01 X92.2569Y31.4351
G01 X92.2865Y31.3171
G01 X92.3228Y31.2155
G01 X92.3716Y31.1115
G01 X92.4338Y31.0076
G01 X92.4985Y30.9205
G01 X92.5753Y30.8352
G01 X92.6655Y30.7535
G01 X92.7522Y30.6892
G01 X92.8505Y30.6298
G01 X92.9605Y30.5778
G01 X93.0687Y30.5395
G01 X93.1793Y30.5120
G01 X93.2937Y30.4954
G01 X93.4050Y30.4900
G01 X94.6784Y30.4901
G01 X94.7931Y30.4961
G01 X94.8999Y30.5119
G01 X95.0179Y30.5415
G01 X95.1195Y30.5778
G01 X95.2235Y30.6266
G01 X95.3274Y30.6888
G01 X95.4145Y30.7535
G01 X95.4998Y30.8303
G01 X95.5815Y30.9205
G01 X95.6458Y31.0072
G01 X95.7052Y31.1055
G01 X95.7545Y31.2091
G01 X95.7955Y31.3237
G01 X95.8229Y31.4340
G01 X95.8389Y31.5419
G01 X95.8449Y31.6634
G01 X95.8389Y31.7781
G01 X95.8231Y31.8849
G01 X95.7955Y31.9963
G01 X95.7572Y32.1045
G01 X95.7052Y32.2145
G01 X95.6458Y32.3128
G01 X95.5772Y32.4048
G01 X95.4998Y32.4897
G01 X95.4198Y32.5622
G01 X95.3221Y32.6347
G01 X95.2235Y32.6934
G01 X95.1195Y32.7422
G01 X95.0179Y32.7785
G01 X94.9066Y32.8068
G01 X94.7931Y32.8239
G01 X94.6784Y32.8299
G01 X94.1347Y32.8300
G01 X93.3947Y33.5700
G01 X103.9053Y33.5700
G01 X103.1653Y32.8300
G01 X102.3250Y32.8300
G01 X102.2069Y32.8239
G01 X102.1001Y32.8081
G01 X101.9887Y32.7805
G01 X101.8805Y32.7422
G01 X101.7765Y32.6934
G01 X101.6779Y32.6347
G01 X101.5855Y32.5665
G01 X101.4953Y32.4848
G01 X101.4185Y32.3995
G01 X101.3542Y32.3128
G01 X101.2948Y32.2145
G01 X101.2455Y32.1109
G01 X101.2065Y32.0029
G01 X101.1771Y31.8860
G01 X101.1604Y31.7713
G01 X101.1551Y31.6566
G01 X101.1604Y31.5487
G01 X101.1782Y31.4284
G01 X101.2045Y31.3237
G01 X101.2428Y31.2155
G01 X101.2948Y31.1055
G01 X101.3538Y31.0076
G01 X101.4185Y30.9205
G01 X101.5002Y30.8303
G01 X101.5855Y30.7535
G01 X101.6722Y30.6892
G01 X101.7765Y30.6266
G01 X101.8805Y30.5778
G01 X101.9887Y30.5395
G01 X102.0993Y30.5120
G01 X102.2137Y30.4954
G01 X102.3250Y30.4900
G01 X103.5950Y30.4900
G01 X103.7063Y30.4954
G01 X103.8266Y30.5132
G01 X103.9313Y30.5395
G01 X104.0395Y30.5778
G01 X104.1495Y30.6298
G01 X104.2474Y30.6888
G01 X104.3345Y30.7535
G01 X104.4198Y30.8303
G01 X104.4972Y30.9152
G01 X104.5697Y31.0129
G01 X104.6252Y31.1055
G01 X104.6745Y31.2091
G01 X104.7155Y31.3237
G01 X104.7429Y31.4340
G01 X104.7589Y31.5419
G01 X104.7649Y31.6634
G01 X104.7589Y31.7781
G01 X104.7431Y31.8849
G01 X104.7135Y32.0029
G01 X104.6772Y32.1045
G01 X104.6284Y32.2085
G01 X104.5662Y32.3124
G01 X104.5015Y32.3995
G01 X104.4247Y32.4848
G01 X104.3398Y32.5622
G01 X104.2752Y32.6105
G01 X105.3114Y33.6468
G01 X105.3497Y33.6746
G01 X105.3865Y33.7076
G01 X108.7839Y37.1049
G01 X114.9304Y37.1049
G01 X118.1702Y33.8653
G01 X118.2046Y33.8346
G01 X118.2418Y33.8074
G01 X118.2815Y33.7839
G01 X118.3234Y33.7645
G01 X118.3669Y33.7493
G01 X118.4109Y33.7386
G01 X118.4574Y33.7320
G01 X118.5000Y33.7300
G01 X123.5284Y33.7300
G01 X123.5747Y33.7323
G01 X123.6195Y33.7389
G01 X123.6645Y33.7501
G01 X123.7086Y33.7659
G01 X123.7502Y33.7856
G01 X123.7898Y33.8093
G01 X123.8266Y33.8367
G01 X123.8602Y33.8670
G01 X127.0981Y37.1049
G01 X133.5570Y37.1049
G01 X137.9326Y32.7294
G01 X137.8505Y32.6902
G01 X137.7579Y32.6347
G01 X137.6602Y32.5622
G01 X137.5753Y32.4848
G01 X137.5028Y32.4048
G01 X137.4342Y32.3128
G01 X137.3748Y32.2145
G01 X137.3255Y32.1109
G01 X137.2865Y32.0029
G01 X137.2741Y31.9548
G01 X137.2474Y31.9182
G01 X137.2272Y31.8845
G01 X137.2045Y31.8367
G01 X137.1893Y31.7931
G01 X137.1786Y31.7492
G01 X137.1720Y31.7026
G01 X137.1701Y31.6566
G01 X137.1727Y31.6105
G01 X137.1784Y31.5717
G01 X137.1893Y31.5269
G01 X137.2045Y31.4833
G01 X137.2272Y31.4355
G01 X137.2508Y31.3965
G01 X137.2741Y31.3652
G01 X137.2865Y31.3171
G01 X137.3255Y31.2091
G01 X137.3748Y31.1055
G01 X137.4338Y31.0076
G01 X137.5028Y30.9152
G01 X137.5802Y30.8303
G01 X137.6602Y30.7578
G01 X137.7579Y30.6853
G01 X137.8505Y30.6298
G01 X137.9541Y30.5805
G01 X138.0621Y30.5415
G01 X138.1793Y30.5120
G01 X138.2937Y30.4954
G01 X138.4050Y30.4900
G01 X139.6784Y30.4901
G01 X139.7931Y30.4961
G01 X139.8999Y30.5119
G01 X140.0113Y30.5395
G01 X140.1259Y30.5805
G01 X140.2295Y30.6298
G01 X140.3274Y30.6888
G01 X140.4145Y30.7535
G01 X140.5047Y30.8352
G01 X140.5815Y30.9205
G01 X140.6458Y31.0072
G01 X140.7084Y31.1115
G01 X140.7545Y31.2091
G01 X140.7935Y31.3171
G01 X140.8230Y31.4343
G01 X140.8396Y31.5487
G01 X140.8449Y31.6634
G01 X140.8396Y31.7713
G01 X140.8218Y31.8916
G01 X140.7935Y32.0029
G01 X140.7572Y32.1045
G01 X140.7084Y32.2085
G01 X140.6462Y32.3124
G01 X140.5772Y32.4048
G01 X140.4998Y32.4897
G01 X140.4198Y32.5622
G01 X140.3221Y32.6347
G01 X140.2235Y32.6934
G01 X140.1195Y32.7422
G01 X140.0179Y32.7785
G01 X139.9066Y32.8068
G01 X139.7931Y32.8239
G01 X139.6784Y32.8299
G01 X139.1613Y32.8300
G01 X138.4213Y33.5700
G01 X148.5787Y33.5700
G01 X147.8387Y32.8300
G01 X147.3216Y32.8299
G01 X147.2069Y32.8239
G01 X147.0934Y32.8068
G01 X146.9887Y32.7805
G01 X146.8805Y32.7422
G01 X146.7765Y32.6934
G01 X146.6726Y32.6312
G01 X146.5855Y32.5665
G01 X146.4953Y32.4848
G01 X146.4185Y32.3995
G01 X146.3542Y32.3128
G01 X146.2948Y32.2145
G01 X146.2455Y32.1109
G01 X146.2065Y32.0029
G01 X146.1770Y31.8857
G01 X146.1604Y31.7713
G01 X146.1551Y31.6566
G01 X146.1611Y31.5419
G01 X146.1769Y31.4351
G01 X146.2045Y31.3237
G01 X146.2455Y31.2091
G01 X146.2916Y31.1115
G01 X146.3503Y31.0129
G01 X146.4228Y30.9152
G01 X146.5002Y30.8303
G01 X146.5802Y30.7578
G01 X146.6779Y30.6853
G01 X146.7765Y30.6266
G01 X146.8805Y30.5778
G01 X146.9887Y30.5395
G01 X147.0993Y30.5120
G01 X147.2137Y30.4954
G01 X147.3250Y30.4900
G01 X148.5984Y30.4901
G01 X148.7131Y30.4961
G01 X148.8266Y30.5132
G01 X148.9313Y30.5395
G01 X149.0395Y30.5778
G01 X149.1495Y30.6298
G01 X149.2474Y30.6888
G01 X149.3345Y30.7535
G01 X149.4198Y30.8303
G01 X149.4972Y30.9152
G01 X149.5697Y31.0129
G01 X149.6252Y31.1055
G01 X149.6745Y31.2091
G01 X149.7135Y31.3171
G01 X149.7418Y31.4284
G01 X149.7589Y31.5419
G01 X149.7649Y31.6566
G01 X149.7589Y31.7781
G01 X149.7431Y31.8849
G01 X149.7155Y31.9963
G01 X149.6772Y32.1045
G01 X149.6284Y32.2085
G01 X149.5662Y32.3124
G01 X149.5015Y32.3995
G01 X149.4198Y32.4897
G01 X149.3345Y32.5665
G01 X149.2478Y32.6308
G01 X149.1495Y32.6902
G01 X149.0674Y32.7294
G01 X154.3930Y38.0550
G01 X160.6661Y38.0550
G01 X163.8559Y34.8653
G01 X163.8876Y34.8367
G01 X163.9246Y34.8092
G01 X163.9642Y34.7855
G01 X164.0059Y34.7658
G01 X164.0494Y34.7502
G01 X164.0941Y34.7390
G01 X164.1397Y34.7323
G01 X164.1858Y34.7300
G01 X168.1142Y34.7300
G01 X168.1604Y34.7323
G01 X168.2062Y34.7391
G01 X168.2503Y34.7501
G01 X168.2972Y34.7672
G01 X168.3364Y34.7858
G01 X168.3750Y34.8090
G01 X168.4126Y34.8368
G01 X168.4460Y34.8671
G01 X171.6339Y38.0550
G01 X177.6519Y38.0550
G01 X180.2756Y35.4312
G01 X180.2922Y35.3971
G01 X180.3158Y35.3582
G01 X180.3439Y35.3208
G01 X180.3726Y35.2893
G01 X182.9326Y32.7294
G01 X182.8505Y32.6902
G01 X182.7579Y32.6347
G01 X182.6602Y32.5622
G01 X182.5753Y32.4848
G01 X182.5028Y32.4048
G01 X182.4342Y32.3128
G01 X182.3748Y32.2145
G01 X182.3228Y32.1045
G01 X182.2845Y31.9963
G01 X182.2570Y31.8857
G01 X182.2411Y31.7781
G01 X182.2351Y31.6566
G01 X182.2411Y31.5419
G01 X182.2569Y31.4351
G01 X182.2845Y31.3237
G01 X182.3255Y31.2091
G01 X182.3748Y31.1055
G01 X182.4338Y31.0076
G01 X182.4985Y30.9205
G01 X182.5802Y30.8303
G01 X182.6655Y30.7535
G01 X182.7522Y30.6892
G01 X182.8505Y30.6298
G01 X182.9605Y30.5778
G01 X183.0621Y30.5415
G01 X183.1734Y30.5132
G01 X183.2937Y30.4954
G01 X183.4050Y30.4900
G01 X184.6784Y30.4901
G01 X184.7931Y30.4961
G01 X184.8999Y30.5119
G01 X185.0113Y30.5395
G01 X185.1259Y30.5805
G01 X185.2295Y30.6298
G01 X185.3274Y30.6888
G01 X185.4145Y30.7535
G01 X185.4998Y30.8303
G01 X185.5815Y30.9205
G01 X185.6458Y31.0072
G01 X185.7052Y31.1055
G01 X185.7572Y31.2155
G01 X185.7955Y31.3237
G01 X185.8230Y31.4343
G01 X185.8389Y31.5419
G01 X185.8449Y31.6566
G01 X185.8396Y31.7713
G01 X185.8218Y31.8916
G01 X185.7935Y32.0029
G01 X185.7545Y32.1109
G01 X185.7052Y32.2145
G01 X185.6462Y32.3124
G01 X185.5772Y32.4048
G01 X185.4998Y32.4897
G01 X185.4145Y32.5665
G01 X185.3278Y32.6308
G01 X185.2295Y32.6902
G01 X185.1259Y32.7395
G01 X185.0113Y32.7805
G01 X184.9007Y32.8080
G01 X184.7863Y32.8246
G01 X184.6750Y32.8300
G01 X184.1613Y32.8300
G01 X181.1343Y35.8570
G01 X181.1178Y35.8911
G01 X181.0941Y35.9300
G01 X181.0661Y35.9673
G01 X181.0373Y35.9989
G01 X178.1789Y38.8573
G01 X178.1474Y38.8860
G01 X178.1105Y38.9138
G01 X178.0711Y38.9378
G01 X178.0296Y38.9578
G01 X177.9863Y38.9736
G01 X177.9357Y38.9864
G01 X177.8892Y38.9929
G01 X177.8466Y38.9950
G01 X171.4392Y38.9950
G01 X171.3930Y38.9927
G01 X171.3509Y38.9865
G01 X171.2995Y38.9736
G01 X171.2595Y38.9593
G01 X171.2207Y38.9410
G01 X171.1810Y38.9176
G01 X171.1408Y38.8881
G01 X171.1074Y38.8579
G01 X167.9195Y35.6700
G01 X164.3805Y35.6700
G01 X161.1932Y38.8573
G01 X161.1563Y38.8904
G01 X161.1247Y38.9138
G01 X161.0854Y38.9378
G01 X161.0375Y38.9604
G01 X161.0005Y38.9736
G01 X160.9559Y38.9852
G01 X160.9103Y38.9923
G01 X160.8608Y38.9950
G01 X154.1984Y38.9950
G01 X154.1557Y38.9929
G01 X154.1101Y38.9865
G01 X154.0587Y38.9736
G01 X154.0217Y38.9604
G01 X153.9799Y38.9410
G01 X153.9349Y38.9141
G01 X153.8976Y38.8860
G01 X153.8660Y38.8573
G01 X149.5187Y34.5100
G01 X137.4813Y34.5100
G01 X134.0815Y37.9097
G01 X134.0497Y37.9384
G01 X134.0130Y37.9656
G01 X133.9733Y37.9894
G01 X133.9315Y38.0092
G01 X133.8886Y38.0246
G01 X133.8440Y38.0358
G01 X133.7975Y38.0427
G01 X133.7516Y38.0450
G01 X126.9034Y38.0449
G01 X126.8571Y38.0427
G01 X126.8084Y38.0352
G01 X126.7673Y38.0248
G01 X126.7267Y38.0104
G01 X126.6816Y37.9893
G01 X126.6395Y37.9638
G01 X126.6052Y37.9382
G01 X126.5717Y37.9079
G01 X123.3338Y34.6700
G01 X118.6947Y34.6700
G01 X115.6426Y37.7220
G01 X115.6294Y37.7580
G01 X115.6126Y37.7934
G01 X115.5892Y37.8332
G01 X115.5620Y37.8704
G01 X115.5264Y37.9097
G01 X115.4921Y37.9404
G01 X115.4605Y37.9638
G01 X115.4211Y37.9878
G01 X115.3796Y38.0078
G01 X115.3363Y38.0236
G01 X115.2849Y38.0365
G01 X115.2392Y38.0429
G01 X115.1966Y38.0450
G01 X108.5892Y38.0450
G01 X108.5465Y38.0429
G01 X108.5009Y38.0365
G01 X108.4561Y38.0256
G01 X108.4125Y38.0104
G01 X108.3707Y37.9910
G01 X108.3310Y37.9676
G01 X108.2937Y37.9404
G01 X108.2593Y37.9097
G01 X104.8595Y34.5100
G01 X92.4813Y34.5100
G01 X92.0088Y34.9824
G01 X91.9721Y35.0154
G01 X91.9377Y35.0408
G01 X91.9030Y35.0617
G01 X90.0074Y36.9573
G01 X89.9705Y36.9904
G01 X89.9390Y37.0138
G01 X89.8996Y37.0377
G01 X89.8581Y37.0578
G01 X89.8082Y37.0756
G01 X89.7642Y37.0864
G01 X89.7245Y37.0923
G01 X89.6751Y37.0949
G01 X82.4935Y37.0949
G01 X82.4502Y37.0926
G01 X82.4051Y37.0859
G01 X82.3605Y37.0747
G01 X82.3176Y37.0594
G01 X82.2746Y37.0390
G01 X82.2361Y37.0160
G01 X82.1990Y36.9884
G01 X82.1652Y36.9579
G01 X78.7273Y33.5200
G01 X73.3447Y33.5200
G01 X71.3136Y35.5511
G01 X71.2892Y35.5915
G01 X71.2654Y35.6235
G01 X71.2323Y35.6604
G01 X69.9354Y36.9573
G01 X69.8985Y36.9904
G01 X69.8613Y37.0176
G01 X69.8216Y37.0410
G01 X69.7861Y37.0578
G01 X69.7428Y37.0736
G01 X69.6914Y37.0865
G01 X69.6457Y37.0929
G01 X69.6031Y37.0949
G01 X62.2983Y37.0949
G01 X62.2557Y37.0929
G01 X62.2066Y37.0859
G01 X62.1652Y37.0756
G01 X62.1153Y37.0578
G01 X62.0771Y37.0396
G01 X62.0371Y37.0156
G01 X62.0000Y36.9881
G01 X61.9685Y36.9596
G01 X59.5187Y34.5100
G01 X52.0400Y34.5100
G01 X51.9973Y34.5080
G01 X51.9517Y34.5015
G01 X51.9003Y34.4887
G01 X51.8633Y34.4754
G01 X51.8215Y34.4560
G01 X51.7765Y34.4291
G01 X51.7445Y34.4054
G01 X51.7101Y34.3747
G01 X50.0886Y32.7533
G01 X50.0113Y32.7805
G01 X49.9010Y32.8079
G01 X49.7931Y32.8239
G01 X49.6784Y32.8299
G01 X48.4050Y32.8300
G01 X48.2869Y32.8239
G01 X48.1801Y32.8081
G01 X48.0687Y32.7805
G01 X47.9605Y32.7422
G01 X47.8565Y32.6934
G01 X47.7526Y32.6312
G01 X47.6602Y32.5622
G01 X47.5753Y32.4848
G01 X47.5028Y32.4048
G01 X47.4303Y32.3071
G01 X47.3748Y32.2145
G01 X47.3534Y32.1700
G01 X44.9600Y32.1700
G01 X44.9420Y32.2074
G01 X44.8880Y32.2968
G01 X44.8292Y32.3761
G01 X44.7590Y32.4541
G01 X44.6761Y32.5292
G01 X44.5973Y32.5877
G01 X44.5074Y32.6420
G01 X44.4063Y32.6898
G01 X44.3073Y32.7248
G01 X44.2065Y32.7498
G01 X44.1083Y32.7644
G01 X44.0034Y32.7699
G01 X43.8917Y32.7644
G01 X43.7946Y32.7500
G01 X43.6927Y32.7248
G01 X43.5937Y32.6898
G01 X43.4987Y32.6452
G01 X43.4032Y32.5880
G01 X43.3239Y32.5292
G01 X43.2410Y32.4541
G01 X43.1708Y32.3761
G01 X43.1123Y32.2973
G01 X43.0580Y32.2074
G01 X43.0128Y32.1126
G01 X42.9772Y32.0139
G01 X42.9513Y31.9121
G01 X42.9350Y31.8014
G00 Z3.0000
G00 X60.2058Y37.4429
G01 Z-0.2000
G01 X60.3299Y37.5670
G01 X60.1455Y37.5670
G01 X60.1599Y37.5399
G01 X60.2058Y37.4429
G00 Z3.0000
G00 X60.5665Y37.6650
G01 Z-0.2000
G01 X59.9728Y37.6650
G01 X59.9899Y37.6390
G01 X60.0454Y37.5464
G01 X60.0713Y37.4980
G01 X60.1175Y37.4004
G01 X60.1385Y37.3496
G01 X60.1682Y37.2667
G01 X60.5665Y37.6650
G00 Z3.0000
G00 X60.8031Y37.7630
G01 Z-0.2000
G01 X59.7742Y37.7630
G01 X59.7876Y37.7481
G01 X59.7870Y37.7475
G01 X59.8164Y37.7130
G01 X59.8830Y37.6233
G01 X59.9059Y37.5886
G01 X59.9614Y37.4961
G01 X59.9828Y37.4561
G01 X60.0289Y37.3585
G01 X60.0463Y37.3166
G01 X60.0826Y37.2150
G01 X60.0821Y37.2148
G01 X60.0958Y37.1716
G01 X60.1190Y37.0789
G01 X60.8031Y37.7630
G00 Z3.0000
G00 X61.0397Y37.8610
G01 Z-0.2000
G01 X59.5361Y37.8610
G01 X59.6173Y37.7875
G01 X59.6425Y37.7623
G01 X59.7150Y37.6823
G01 X59.7145Y37.6818
G01 X59.7377Y37.6547
G01 X59.8038Y37.5655
G01 X59.8218Y37.5383
G01 X59.8773Y37.4457
G01 X59.8942Y37.4142
G01 X59.9403Y37.3166
G01 X59.9540Y37.2836
G01 X59.9904Y37.1819
G01 X60.0007Y37.1478
G01 X60.0270Y37.0430
G01 X60.0339Y37.0080
G01 X60.0498Y36.9012
G01 X60.0525Y36.8738
G01 X61.0397Y37.8610
G00 Z3.0000
G00 X61.2763Y37.9590
G01 Z-0.2000
G01 X59.2095Y37.9590
G01 X59.2273Y37.9506
G01 X59.2503Y37.9383
G01 X59.3429Y37.8828
G01 X59.3646Y37.8683
G01 X59.4513Y37.8040
G01 X59.4715Y37.7874
G01 X59.5515Y37.7149
G01 X59.5699Y37.6965
G01 X59.6424Y37.6165
G01 X59.6420Y37.6161
G01 X59.6590Y37.5963
G01 X59.7246Y37.5078
G01 X59.7378Y37.4879
G01 X59.7933Y37.3953
G01 X59.8056Y37.3723
G01 X59.8517Y37.2747
G01 X59.8617Y37.2506
G01 X59.8981Y37.1489
G01 X59.9057Y37.1239
G01 X59.9319Y37.0192
G01 X59.9370Y36.9936
G01 X59.9528Y36.8868
G01 X59.9554Y36.8609
G01 X59.9607Y36.7531
G01 X59.9607Y36.7269
G01 X59.9564Y36.6391
G01 X61.2763Y37.9590
G00 Z3.0000
G00 X61.5157Y38.0570
G01 Z-0.2000
G01 X48.2463Y38.0570
G01 X48.3002Y38.0031
G01 X48.4050Y38.0080
G01 X49.6750Y38.0080
G01 X49.7911Y38.0025
G01 X49.8075Y38.0009
G01 X49.9170Y37.9846
G01 X50.0351Y37.9556
G01 X50.0509Y37.9508
G01 X50.1525Y37.9144
G01 X50.1678Y37.9081
G01 X50.2654Y37.8620
G01 X50.2799Y37.8542
G01 X50.3725Y37.7987
G01 X50.3862Y37.7896
G01 X50.4729Y37.7253
G01 X50.4857Y37.7148
G01 X50.5656Y37.6423
G01 X50.5773Y37.6306
G01 X50.6498Y37.5507
G01 X50.6603Y37.5379
G01 X50.7254Y37.4501
G01 X50.7337Y37.4375
G01 X50.7892Y37.3449
G01 X50.7970Y37.3304
G01 X50.8431Y37.2328
G01 X50.8494Y37.2175
G01 X50.8858Y37.1159
G01 X50.8906Y37.1001
G01 X50.9168Y36.9954
G01 X50.9200Y36.9793
G01 X50.9359Y36.8725
G01 X50.9375Y36.8561
G01 X50.9428Y36.7482
G01 X50.9428Y36.7318
G01 X50.9375Y36.6239
G01 X50.9359Y36.6080
G01 X56.0641Y36.6080
G01 X56.0625Y36.6239
G01 X56.0572Y36.7318
G01 X56.0572Y36.7482
G01 X56.0625Y36.8561
G01 X56.0641Y36.8725
G01 X56.0804Y36.9820
G01 X56.1094Y37.1001
G01 X56.1142Y37.1159
G01 X56.1506Y37.2175
G01 X56.1569Y37.2328
G01 X56.2030Y37.3304
G01 X56.2108Y37.3449
G01 X56.2663Y37.4375
G01 X56.2754Y37.4512
G01 X56.3397Y37.5379
G01 X56.3502Y37.5507
G01 X56.4227Y37.6306
G01 X56.4344Y37.6423
G01 X56.5143Y37.7148
G01 X56.5271Y37.7253
G01 X56.6149Y37.7904
G01 X56.6275Y37.7987
G01 X56.7201Y37.8542
G01 X56.7346Y37.8620
G01 X56.8322Y37.9081
G01 X56.8475Y37.9144
G01 X56.9491Y37.9508
G01 X56.9649Y37.9556
G01 X57.0696Y37.9818
G01 X57.0857Y37.9850
G01 X57.1925Y38.0009
G01 X57.2089Y38.0025
G01 X57.3250Y38.0080
G01 X58.5950Y38.0080
G01 X58.7111Y38.0025
G01 X58.7275Y38.0009
G01 X58.8343Y37.9850
G01 X58.8504Y37.9818
G01 X58.9551Y37.9556
G01 X58.9709Y37.9508
G01 X59.0725Y37.9144
G01 X59.0878Y37.9081
G01 X59.1854Y37.8620
G01 X59.1999Y37.8542
G01 X59.2925Y37.7987
G01 X59.3062Y37.7896
G01 X59.3929Y37.7253
G01 X59.4057Y37.7148
G01 X59.4856Y37.6423
G01 X59.4973Y37.6306
G01 X59.5698Y37.5507
G01 X59.5803Y37.5379
G01 X59.6454Y37.4501
G01 X59.6537Y37.4375
G01 X59.7092Y37.3449
G01 X59.7170Y37.3304
G01 X59.7631Y37.2328
G01 X59.7694Y37.2175
G01 X59.8058Y37.1159
G01 X59.8106Y37.1001
G01 X59.8368Y36.9954
G01 X59.8400Y36.9793
G01 X59.8559Y36.8725
G01 X59.8575Y36.8561
G01 X59.8628Y36.7482
G01 X59.8628Y36.7318
G01 X59.8575Y36.6239
G01 X59.8559Y36.6075
G01 X59.8400Y36.5007
G01 X59.8368Y36.4846
G01 X59.8106Y36.3799
G01 X59.7979Y36.3420
G01 X61.4825Y38.0266
G01 X61.5157Y38.0570
G00 Z3.0000
G00 X71.2353Y39.9680
G01 Z-0.2000
G01 X74.6353Y36.5680
G01 X77.4647Y36.5680
G01 X80.6672Y39.7705
G01 X80.6786Y39.7999
G01 X80.6954Y39.8354
G01 X80.7031Y39.8499
G01 X80.7233Y39.8836
G01 X80.7325Y39.8973
G01 X80.7559Y39.9288
G01 X80.7663Y39.9415
G01 X80.7927Y39.9706
G01 X80.8053Y39.9831
G01 X80.7653Y39.9972
G01 X80.7501Y40.0036
G01 X80.7146Y40.0203
G01 X80.7001Y40.0281
G01 X80.6664Y40.0483
G01 X80.6527Y40.0575
G01 X80.6212Y40.0808
G01 X80.6084Y40.0913
G01 X80.5734Y40.1233
G01 X77.2647Y43.4320
G01 X74.8353Y43.4320
G01 X71.5266Y40.1233
G01 X71.4916Y40.0913
G01 X71.4788Y40.0808
G01 X71.4462Y40.0566
G01 X71.3999Y40.0281
G01 X71.3854Y40.0203
G01 X71.3499Y40.0036
G01 X71.3347Y39.9972
G01 X71.2977Y39.9840
G01 X71.2819Y39.9792
G01 X71.2353Y39.9680
G00 Z3.0000
G00 X71.4156Y39.9262
G01 Z-0.2000
G01 X74.6759Y36.6660
G01 X77.4241Y36.6660
G01 X80.5830Y39.8249
G01 X80.5900Y39.8418
G01 X80.6068Y39.8773
G01 X80.6191Y39.9003
G01 X80.6393Y39.9339
G01 X80.6471Y39.9456
G01 X80.6160Y39.9642
G01 X80.5943Y39.9787
G01 X80.5628Y40.0021
G01 X80.5426Y40.0187
G01 X80.5041Y40.0540
G01 X77.2241Y43.3340
G01 X74.8759Y43.3340
G01 X71.5959Y40.0540
G01 X71.5574Y40.0187
G01 X71.5570Y40.0191
G01 X71.5372Y40.0021
G01 X71.5039Y39.9774
G01 X71.4840Y39.9642
G01 X71.4503Y39.9441
G01 X71.4156Y39.9262
G00 Z3.0000
G00 X71.5735Y39.9070
G01 Z-0.2000
G01 X74.7165Y36.7640
G01 X77.3835Y36.7640
G01 X80.5001Y39.8806
G01 X80.5161Y39.9148
G01 X80.5044Y39.9234
G01 X80.4768Y39.9461
G01 X80.4348Y39.9848
G01 X77.1835Y43.2360
G01 X74.9165Y43.2360
G01 X71.6652Y39.9848
G01 X71.6232Y39.9461
G01 X71.6227Y39.9466
G01 X71.5956Y39.9234
G01 X71.5735Y39.9070
G00 Z3.0000
G00 X71.7187Y39.9004
G01 Z-0.2000
G01 X74.7571Y36.8620
G01 X77.3429Y36.8620
G01 X80.3813Y39.9004
G01 X80.3655Y39.9155
G01 X77.1429Y43.1380
G01 X74.9571Y43.1380
G01 X71.7345Y39.9155
G01 X71.7187Y39.9004
G00 Z3.0000
G00 X71.8576Y39.9000
G01 Z-0.2000
G01 X74.7976Y36.9600
G01 X77.3024Y36.9600
G01 X80.2424Y39.9000
G01 X77.1024Y43.0400
G01 X74.9976Y43.0400
G01 X71.8576Y39.9000
G00 Z3.0000
G00 X71.9962Y39.9000
G01 Z-0.2000
G01 X74.8382Y37.0580
G01 X77.2618Y37.0580
G01 X80.1038Y39.9000
G01 X77.0618Y42.9420
G01 X75.0382Y42.9420
G01 X71.9962Y39.9000
G00 Z3.0000
G00 X72.1348Y39.9000
G01 Z-0.2000
G01 X74.8788Y37.1560
G01 X77.2212Y37.1560
G01 X79.9652Y39.9000
G01 X77.0212Y42.8440
G01 X75.0788Y42.8440
G01 X72.1348Y39.9000
G00 Z3.0000
G00 X92.3709Y38.4190
G01 Z-0.2000
G01 X92.4562Y38.3336
G01 X92.4978Y38.3586
G01 X92.5632Y38.3935
G01 X92.6170Y38.4190
G01 X92.3709Y38.4190
G00 Z3.0000
G00 X95.4630Y38.4190
G01 Z-0.2000
G01 X95.5168Y38.3935
G01 X95.5822Y38.3586
G01 X95.6748Y38.3031
G01 X95.7365Y38.2618
G01 X95.8232Y38.1975
G01 X95.8805Y38.1505
G01 X95.9605Y38.0780
G01 X96.0130Y38.0255
G01 X96.0855Y37.9455
G01 X96.0844Y37.9446
G01 X96.1325Y37.8882
G01 X96.2005Y37.7965
G01 X96.2381Y37.7398
G01 X96.2936Y37.6472
G01 X96.3285Y37.5818
G01 X96.3747Y37.4842
G01 X96.4031Y37.4156
G01 X96.4394Y37.3140
G01 X96.4386Y37.3137
G01 X96.4610Y37.2430
G01 X96.4728Y37.1960
G01 X100.5272Y37.1960
G01 X100.5390Y37.2430
G01 X100.5606Y37.3140
G01 X100.5969Y37.4156
G01 X100.6253Y37.4842
G01 X100.6715Y37.5818
G01 X100.7064Y37.6472
G01 X100.7619Y37.7398
G01 X100.8032Y37.8015
G01 X100.8675Y37.8882
G01 X100.9145Y37.9455
G01 X100.9870Y38.0255
G01 X101.0395Y38.0780
G01 X101.1195Y38.1505
G01 X101.1204Y38.1494
G01 X101.1768Y38.1975
G01 X101.2685Y38.2655
G01 X101.3252Y38.3031
G01 X101.4178Y38.3586
G01 X101.4832Y38.3935
G01 X101.5370Y38.4190
G01 X95.4630Y38.4190
G00 Z3.0000
G00 X104.3830Y38.4190
G01 Z-0.2000
G01 X104.4368Y38.3935
G01 X104.5022Y38.3586
G01 X104.5948Y38.3031
G01 X104.6565Y38.2618
G01 X104.7432Y38.1975
G01 X104.8005Y38.1505
G01 X104.8805Y38.0780
G01 X104.9330Y38.0255
G01 X105.0055Y37.9455
G01 X105.0044Y37.9446
G01 X105.0525Y37.8882
G01 X105.1205Y37.7965
G01 X105.1581Y37.7398
G01 X105.2136Y37.6472
G01 X105.2485Y37.5818
G01 X105.2947Y37.4842
G01 X105.3231Y37.4156
G01 X105.3383Y37.3731
G01 X106.3841Y38.4190
G01 X104.3830Y38.4190
G00 Z3.0000
G00 X106.6207Y38.5170
G01 Z-0.2000
G01 X92.1343Y38.5170
G01 X92.4416Y38.2097
G01 X92.4556Y38.2190
G01 X92.5482Y38.2745
G01 X92.6051Y38.3049
G01 X92.7027Y38.3511
G01 X92.7624Y38.3758
G01 X92.8640Y38.4122
G01 X92.8643Y38.4114
G01 X92.9258Y38.4309
G01 X93.0305Y38.4571
G01 X93.0939Y38.4697
G01 X93.2006Y38.4856
G01 X93.2649Y38.4919
G01 X93.3727Y38.4972
G01 X93.4050Y38.4980
G01 X94.6750Y38.4980
G01 X94.7073Y38.4972
G01 X94.8151Y38.4919
G01 X94.8151Y38.4908
G01 X94.8794Y38.4856
G01 X94.9941Y38.4685
G01 X95.0495Y38.4571
G01 X95.1542Y38.4309
G01 X95.2160Y38.4122
G01 X95.3176Y38.3758
G01 X95.3773Y38.3511
G01 X95.4749Y38.3049
G01 X95.5318Y38.2745
G01 X95.6244Y38.2190
G01 X95.6781Y38.1831
G01 X95.7648Y38.1188
G01 X95.8147Y38.0779
G01 X95.8947Y38.0054
G01 X95.9404Y37.9597
G01 X96.0129Y37.8797
G01 X96.0119Y37.8789
G01 X96.0538Y37.8298
G01 X96.1213Y37.7387
G01 X96.1540Y37.6894
G01 X96.2095Y37.5968
G01 X96.2399Y37.5399
G01 X96.2861Y37.4423
G01 X96.3108Y37.3826
G01 X96.3472Y37.2810
G01 X96.3464Y37.2807
G01 X96.3659Y37.2192
G01 X96.3921Y37.1145
G01 X96.3954Y37.0980
G01 X100.6044Y37.0980
G01 X100.6079Y37.1145
G01 X100.6341Y37.2192
G01 X100.6528Y37.2810
G01 X100.6892Y37.3826
G01 X100.7139Y37.4423
G01 X100.7601Y37.5399
G01 X100.7905Y37.5968
G01 X100.8460Y37.6894
G01 X100.8819Y37.7431
G01 X100.9462Y37.8298
G01 X100.9871Y37.8797
G01 X101.0596Y37.9597
G01 X101.1053Y38.0054
G01 X101.1853Y38.0779
G01 X101.1861Y38.0769
G01 X101.2352Y38.1188
G01 X101.3263Y38.1863
G01 X101.3756Y38.2190
G01 X101.4682Y38.2745
G01 X101.5251Y38.3049
G01 X101.6227Y38.3511
G01 X101.6824Y38.3758
G01 X101.7840Y38.4122
G01 X101.7843Y38.4114
G01 X101.8458Y38.4309
G01 X101.9505Y38.4571
G01 X102.0139Y38.4697
G01 X102.1206Y38.4856
G01 X102.1849Y38.4919
G01 X102.2927Y38.4972
G01 X102.3250Y38.4980
G01 X103.5950Y38.4980
G01 X103.6273Y38.4972
G01 X103.7351Y38.4919
G01 X103.7351Y38.4908
G01 X103.7994Y38.4856
G01 X103.9141Y38.4685
G01 X103.9695Y38.4571
G01 X104.0742Y38.4309
G01 X104.1360Y38.4122
G01 X104.2376Y38.3758
G01 X104.2973Y38.3511
G01 X104.3949Y38.3049
G01 X104.4518Y38.2745
G01 X104.5444Y38.2190
G01 X104.5981Y38.1831
G01 X104.6848Y38.1188
G01 X104.7347Y38.0779
G01 X104.8147Y38.0054
G01 X104.8604Y37.9597
G01 X104.9329Y37.8797
G01 X104.9319Y37.8789
G01 X104.9738Y37.8298
G01 X105.0413Y37.7387
G01 X105.0740Y37.6894
G01 X105.1295Y37.5968
G01 X105.1599Y37.5399
G01 X105.2061Y37.4423
G01 X105.2308Y37.3826
G01 X105.2672Y37.2810
G01 X105.2664Y37.2807
G01 X105.2859Y37.2192
G01 X105.2933Y37.1896
G01 X106.6207Y38.5170
G00 Z3.0000
G00 X106.8573Y38.6150
G01 Z-0.2000
G01 X91.8977Y38.6150
G01 X92.4304Y38.0823
G01 X92.4640Y38.1071
G01 X92.5060Y38.1349
G01 X92.5986Y38.1904
G01 X92.6470Y38.2163
G01 X92.7446Y38.2625
G01 X92.7954Y38.2835
G01 X92.8970Y38.3199
G01 X92.8973Y38.3193
G01 X92.9496Y38.3359
G01 X93.0543Y38.3621
G01 X93.1082Y38.3728
G01 X93.2150Y38.3886
G01 X93.2697Y38.3940
G01 X93.3775Y38.3993
G01 X93.4050Y38.4000
G01 X94.6750Y38.4000
G01 X94.7025Y38.3993
G01 X94.8103Y38.3940
G01 X94.8103Y38.3931
G01 X94.8650Y38.3886
G01 X94.9786Y38.3718
G01 X95.0257Y38.3621
G01 X95.1304Y38.3359
G01 X95.1830Y38.3199
G01 X95.2846Y38.2835
G01 X95.3354Y38.2625
G01 X95.4330Y38.2163
G01 X95.4814Y38.1904
G01 X95.5740Y38.1349
G01 X95.6197Y38.1044
G01 X95.7064Y38.0401
G01 X95.7489Y38.0052
G01 X95.8289Y37.9328
G01 X95.8678Y37.8939
G01 X95.9402Y37.8139
G01 X95.9395Y37.8132
G01 X95.9751Y37.7714
G01 X96.0421Y37.6810
G01 X96.0699Y37.6390
G01 X96.1254Y37.5464
G01 X96.1513Y37.4980
G01 X96.1975Y37.4004
G01 X96.2185Y37.3496
G01 X96.2549Y37.2480
G01 X96.2543Y37.2477
G01 X96.2709Y37.1954
G01 X96.2971Y37.0907
G01 X96.3078Y37.0368
G01 X96.3133Y37.0000
G01 X100.6867Y37.0000
G01 X100.6936Y37.0459
G01 X100.7029Y37.0907
G01 X100.7291Y37.1954
G01 X100.7451Y37.2480
G01 X100.7815Y37.3496
G01 X100.8025Y37.4004
G01 X100.8487Y37.4980
G01 X100.8746Y37.5464
G01 X100.9301Y37.6390
G01 X100.9606Y37.6847
G01 X101.0249Y37.7714
G01 X101.0598Y37.8139
G01 X101.1322Y37.8939
G01 X101.1711Y37.9328
G01 X101.2511Y38.0052
G01 X101.2518Y38.0045
G01 X101.2936Y38.0401
G01 X101.3840Y38.1071
G01 X101.4260Y38.1349
G01 X101.5186Y38.1904
G01 X101.5670Y38.2163
G01 X101.6646Y38.2625
G01 X101.7154Y38.2835
G01 X101.8170Y38.3199
G01 X101.8173Y38.3193
G01 X101.8696Y38.3359
G01 X101.9743Y38.3621
G01 X102.0282Y38.3728
G01 X102.1350Y38.3886
G01 X102.1897Y38.3940
G01 X102.2975Y38.3993
G01 X102.3250Y38.4000
G01 X103.5950Y38.4000
G01 X103.6225Y38.3993
G01 X103.7303Y38.3940
G01 X103.7303Y38.3931
G01 X103.7850Y38.3886
G01 X103.8986Y38.3718
G01 X103.9457Y38.3621
G01 X104.0504Y38.3359
G01 X104.1030Y38.3199
G01 X104.2046Y38.2835
G01 X104.2554Y38.2625
G01 X104.3530Y38.2163
G01 X104.4014Y38.1904
G01 X104.4940Y38.1349
G01 X104.5397Y38.1044
G01 X104.6264Y38.0401
G01 X104.6689Y38.0052
G01 X104.7489Y37.9328
G01 X104.7878Y37.8939
G01 X104.8602Y37.8139
G01 X104.8595Y37.8132
G01 X104.8951Y37.7714
G01 X104.9621Y37.6810
G01 X104.9899Y37.6390
G01 X105.0454Y37.5464
G01 X105.0713Y37.4980
G01 X105.1175Y37.4004
G01 X105.1385Y37.3496
G01 X105.1749Y37.2480
G01 X105.1743Y37.2477
G01 X105.1909Y37.1954
G01 X105.2171Y37.0907
G01 X105.2278Y37.0368
G01 X105.2344Y36.9921
G01 X106.8573Y38.6150
G00 Z3.0000
G00 X107.0939Y38.7130
G01 Z-0.2000
G01 X91.6611Y38.7130
G01 X92.4216Y37.9525
G01 X92.4320Y37.9614
G01 X92.5217Y38.0280
G01 X92.5564Y38.0509
G01 X92.6489Y38.1064
G01 X92.6889Y38.1278
G01 X92.7865Y38.1739
G01 X92.8284Y38.1913
G01 X92.9300Y38.2276
G01 X92.9302Y38.2271
G01 X92.9734Y38.2408
G01 X93.0781Y38.2670
G01 X93.1226Y38.2759
G01 X93.2294Y38.2917
G01 X93.2745Y38.2961
G01 X93.4050Y38.3020
G01 X94.6750Y38.3020
G01 X94.8055Y38.2961
G01 X94.8055Y38.2954
G01 X94.8506Y38.2917
G01 X94.9630Y38.2750
G01 X95.0019Y38.2670
G01 X95.1066Y38.2408
G01 X95.1500Y38.2276
G01 X95.2516Y38.1913
G01 X95.2935Y38.1739
G01 X95.3911Y38.1278
G01 X95.4311Y38.1064
G01 X95.5236Y38.0509
G01 X95.5613Y38.0257
G01 X95.6480Y37.9614
G01 X95.6831Y37.9326
G01 X95.7631Y37.8601
G01 X95.7951Y37.8281
G01 X95.8676Y37.7481
G01 X95.8670Y37.7475
G01 X95.8964Y37.7130
G01 X95.9630Y37.6233
G01 X95.9859Y37.5886
G01 X96.0414Y37.4961
G01 X96.0628Y37.4561
G01 X96.1089Y37.3585
G01 X96.1263Y37.3166
G01 X96.1626Y37.2150
G01 X96.1621Y37.2148
G01 X96.1758Y37.1716
G01 X96.2020Y37.0669
G01 X96.2109Y37.0224
G01 X96.2267Y36.9156
G01 X96.2280Y36.9020
G01 X100.7722Y36.9020
G01 X100.7733Y36.9156
G01 X100.7891Y37.0224
G01 X100.7980Y37.0669
G01 X100.8242Y37.1716
G01 X100.8374Y37.2150
G01 X100.8737Y37.3166
G01 X100.8911Y37.3585
G01 X100.9372Y37.4561
G01 X100.9586Y37.4961
G01 X101.0141Y37.5886
G01 X101.0393Y37.6263
G01 X101.1036Y37.7130
G01 X101.1324Y37.7481
G01 X101.2049Y37.8281
G01 X101.2369Y37.8601
G01 X101.3169Y37.9326
G01 X101.3175Y37.9320
G01 X101.3520Y37.9614
G01 X101.4417Y38.0280
G01 X101.4764Y38.0509
G01 X101.5689Y38.1064
G01 X101.6089Y38.1278
G01 X101.7065Y38.1739
G01 X101.7484Y38.1913
G01 X101.8500Y38.2276
G01 X101.8502Y38.2271
G01 X101.8934Y38.2408
G01 X101.9981Y38.2670
G01 X102.0426Y38.2759
G01 X102.1494Y38.2917
G01 X102.1945Y38.2961
G01 X102.3250Y38.3020
G01 X103.5950Y38.3020
G01 X103.7255Y38.2961
G01 X103.7255Y38.2954
G01 X103.7706Y38.2917
G01 X103.8830Y38.2750
G01 X103.9219Y38.2670
G01 X104.0266Y38.2408
G01 X104.0700Y38.2276
G01 X104.1716Y38.1913
G01 X104.2135Y38.1739
G01 X104.3111Y38.1278
G01 X104.3511Y38.1064
G01 X104.4436Y38.0509
G01 X104.4813Y38.0257
G01 X104.5680Y37.9614
G01 X104.6031Y37.9326
G01 X104.6831Y37.8601
G01 X104.7151Y37.8281
G01 X104.7876Y37.7481
G01 X104.7870Y37.7475
G01 X104.8164Y37.7130
G01 X104.8830Y37.6233
G01 X104.9059Y37.5886
G01 X104.9614Y37.4961
G01 X104.9828Y37.4561
G01 X105.0289Y37.3585
G01 X105.0463Y37.3166
G01 X105.0826Y37.2150
G01 X105.0821Y37.2148
G01 X105.0958Y37.1716
G01 X105.1220Y37.0669
G01 X105.1309Y37.0224
G01 X105.1467Y36.9156
G01 X105.1511Y36.8705
G01 X105.1558Y36.7749
G01 X107.0939Y38.7130
G00 Z3.0000
G00 X107.3305Y38.8110
G01 Z-0.2000
G01 X91.4245Y38.8110
G01 X92.4170Y37.8185
G01 X92.4627Y37.8600
G01 X92.4632Y37.8595
G01 X92.4903Y37.8827
G01 X92.5795Y37.9488
G01 X92.6067Y37.9668
G01 X92.6993Y38.0223
G01 X92.7308Y38.0392
G01 X92.8284Y38.0853
G01 X92.8614Y38.0990
G01 X92.9631Y38.1354
G01 X92.9972Y38.1457
G01 X93.1020Y38.1720
G01 X93.1370Y38.1789
G01 X93.2438Y38.1948
G01 X93.2793Y38.1983
G01 X93.4050Y38.2040
G01 X94.6750Y38.2040
G01 X94.8007Y38.1983
G01 X94.8007Y38.1977
G01 X94.8362Y38.1948
G01 X94.9474Y38.1782
G01 X94.9780Y38.1720
G01 X95.0828Y38.1457
G01 X95.1169Y38.1354
G01 X95.2186Y38.0990
G01 X95.2516Y38.0853
G01 X95.3492Y38.0392
G01 X95.3807Y38.0223
G01 X95.4733Y37.9668
G01 X95.5030Y37.9470
G01 X95.5897Y37.8827
G01 X95.6173Y37.8600
G01 X95.6973Y37.7875
G01 X95.7225Y37.7623
G01 X95.7950Y37.6823
G01 X95.7945Y37.6818
G01 X95.8177Y37.6547
G01 X95.8838Y37.5655
G01 X95.9018Y37.5383
G01 X95.9573Y37.4457
G01 X95.9742Y37.4142
G01 X96.0203Y37.3166
G01 X96.0340Y37.2836
G01 X96.0704Y37.1819
G01 X96.0807Y37.1478
G01 X96.1070Y37.0430
G01 X96.1139Y37.0080
G01 X96.1298Y36.9012
G01 X96.1333Y36.8657
G01 X96.1363Y36.8040
G01 X100.8637Y36.8040
G01 X100.8667Y36.8657
G01 X100.8673Y36.8657
G01 X100.8702Y36.9012
G01 X100.8870Y37.0139
G01 X100.8930Y37.0430
G01 X100.9193Y37.1478
G01 X100.9296Y37.1819
G01 X100.9660Y37.2836
G01 X100.9797Y37.3166
G01 X101.0258Y37.4142
G01 X101.0427Y37.4457
G01 X101.0982Y37.5383
G01 X101.1180Y37.5680
G01 X101.1823Y37.6547
G01 X101.2050Y37.6823
G01 X101.2775Y37.7623
G01 X101.3027Y37.7875
G01 X101.3827Y37.8600
G01 X101.3832Y37.8595
G01 X101.4103Y37.8827
G01 X101.4995Y37.9488
G01 X101.5267Y37.9668
G01 X101.6193Y38.0223
G01 X101.6508Y38.0392
G01 X101.7484Y38.0853
G01 X101.7814Y38.0990
G01 X101.8831Y38.1354
G01 X101.9172Y38.1457
G01 X102.0220Y38.1720
G01 X102.0570Y38.1789
G01 X102.1638Y38.1948
G01 X102.1993Y38.1983
G01 X102.3071Y38.2036
G01 X103.5950Y38.2040
G01 X103.7207Y38.1983
G01 X103.7207Y38.1977
G01 X103.7562Y38.1948
G01 X103.8674Y38.1782
G01 X103.8980Y38.1720
G01 X104.0028Y38.1457
G01 X104.0369Y38.1354
G01 X104.1386Y38.0990
G01 X104.1716Y38.0853
G01 X104.2692Y38.0392
G01 X104.3007Y38.0223
G01 X104.3933Y37.9668
G01 X104.4230Y37.9470
G01 X104.5097Y37.8827
G01 X104.5373Y37.8600
G01 X104.6173Y37.7875
G01 X104.6425Y37.7623
G01 X104.7150Y37.6823
G01 X104.7145Y37.6818
G01 X104.7377Y37.6547
G01 X104.8038Y37.5655
G01 X104.8218Y37.5383
G01 X104.8773Y37.4457
G01 X104.8942Y37.4142
G01 X104.9403Y37.3166
G01 X104.9540Y37.2836
G01 X104.9904Y37.1819
G01 X105.0007Y37.1478
G01 X105.0270Y37.0430
G01 X105.0339Y37.0080
G01 X105.0498Y36.9012
G01 X105.0533Y36.8657
G01 X105.0586Y36.7579
G01 X105.0586Y36.7221
G01 X105.0533Y36.6143
G01 X105.0527Y36.6143
G01 X105.0498Y36.5788
G01 X105.0413Y36.5218
G01 X107.3305Y38.8110
G00 Z3.0000
G00 X107.5671Y38.9090
G01 Z-0.2000
G01 X91.1879Y38.9090
G01 X92.4160Y37.6809
G01 X92.4301Y37.6965
G01 X92.4485Y37.7149
G01 X92.5285Y37.7874
G01 X92.5289Y37.7870
G01 X92.5487Y37.8040
G01 X92.6372Y37.8696
G01 X92.6571Y37.8828
G01 X92.7497Y37.9383
G01 X92.7727Y37.9506
G01 X92.8703Y37.9967
G01 X92.8944Y38.0067
G01 X92.9961Y38.0431
G01 X93.0211Y38.0507
G01 X93.1258Y38.0769
G01 X93.1514Y38.0820
G01 X93.2582Y38.0978
G01 X93.2841Y38.1004
G01 X93.4050Y38.1060
G01 X94.6750Y38.1060
G01 X94.7959Y38.1004
G01 X94.8218Y38.0978
G01 X94.9319Y38.0815
G01 X94.9542Y38.0769
G01 X95.0589Y38.0507
G01 X95.0839Y38.0431
G01 X95.1856Y38.0067
G01 X95.2097Y37.9967
G01 X95.3073Y37.9506
G01 X95.3303Y37.9383
G01 X95.4229Y37.8828
G01 X95.4446Y37.8683
G01 X95.5313Y37.8040
G01 X95.5515Y37.7874
G01 X95.6315Y37.7149
G01 X95.6499Y37.6965
G01 X95.7224Y37.6165
G01 X95.7220Y37.6161
G01 X95.7390Y37.5963
G01 X95.8046Y37.5078
G01 X95.8178Y37.4879
G01 X95.8733Y37.3953
G01 X95.8856Y37.3723
G01 X95.9317Y37.2747
G01 X95.9417Y37.2506
G01 X95.9781Y37.1489
G01 X95.9857Y37.1239
G01 X96.0119Y37.0192
G01 X96.0170Y36.9936
G01 X96.0328Y36.8868
G01 X96.0354Y36.8609
G01 X96.0407Y36.7531
G01 X96.0407Y36.7269
G01 X96.0397Y36.7060
G01 X100.9603Y36.7060
G01 X100.9593Y36.7269
G01 X100.9593Y36.7531
G01 X100.9646Y36.8609
G01 X100.9672Y36.8868
G01 X100.9837Y36.9980
G01 X100.9881Y37.0192
G01 X101.0143Y37.1239
G01 X101.0219Y37.1489
G01 X101.0583Y37.2506
G01 X101.0683Y37.2747
G01 X101.1144Y37.3723
G01 X101.1267Y37.3953
G01 X101.1822Y37.4879
G01 X101.1967Y37.5096
G01 X101.2610Y37.5963
G01 X101.2776Y37.6165
G01 X101.3501Y37.6965
G01 X101.3685Y37.7149
G01 X101.4485Y37.7874
G01 X101.4489Y37.7870
G01 X101.4687Y37.8040
G01 X101.5572Y37.8696
G01 X101.5771Y37.8828
G01 X101.6697Y37.9383
G01 X101.6927Y37.9506
G01 X101.7903Y37.9967
G01 X101.8144Y38.0067
G01 X101.9161Y38.0431
G01 X101.9411Y38.0507
G01 X102.0458Y38.0769
G01 X102.0714Y38.0820
G01 X102.1782Y38.0978
G01 X102.2041Y38.1004
G01 X102.3250Y38.1060
G01 X103.5950Y38.1060
G01 X103.7159Y38.1004
G01 X103.7418Y38.0978
G01 X103.8519Y38.0815
G01 X103.8742Y38.0769
G01 X103.9789Y38.0507
G01 X104.0039Y38.0431
G01 X104.1056Y38.0067
G01 X104.1297Y37.9967
G01 X104.2273Y37.9506
G01 X104.2503Y37.9383
G01 X104.3429Y37.8828
G01 X104.3646Y37.8683
G01 X104.4513Y37.8040
G01 X104.4715Y37.7874
G01 X104.5515Y37.7149
G01 X104.5699Y37.6965
G01 X104.6424Y37.6165
G01 X104.6420Y37.6161
G01 X104.6590Y37.5963
G01 X104.7246Y37.5078
G01 X104.7378Y37.4879
G01 X104.7933Y37.3953
G01 X104.8056Y37.3723
G01 X104.8517Y37.2747
G01 X104.8617Y37.2506
G01 X104.8981Y37.1489
G01 X104.9057Y37.1239
G01 X104.9319Y37.0192
G01 X104.9370Y36.9936
G01 X104.9528Y36.8868
G01 X104.9554Y36.8609
G01 X104.9607Y36.7531
G01 X104.9607Y36.7269
G01 X104.9554Y36.6191
G01 X104.9528Y36.5932
G01 X104.9363Y36.4820
G01 X104.9319Y36.4608
G01 X104.9057Y36.3561
G01 X104.8981Y36.3311
G01 X104.8617Y36.2294
G01 X104.8517Y36.2053
G01 X104.8412Y36.1831
G01 X107.5671Y38.9090
G00 Z3.0000
G00 X107.8065Y39.0070
G01 Z-0.2000
G01 X90.9514Y39.0070
G01 X92.4200Y37.5383
G01 X92.4302Y37.5507
G01 X92.5027Y37.6306
G01 X92.5144Y37.6423
G01 X92.5943Y37.7148
G01 X92.6071Y37.7253
G01 X92.6949Y37.7904
G01 X92.7075Y37.7987
G01 X92.8001Y37.8542
G01 X92.8146Y37.8620
G01 X92.9122Y37.9081
G01 X92.9275Y37.9144
G01 X93.0291Y37.9508
G01 X93.0449Y37.9556
G01 X93.1496Y37.9818
G01 X93.1657Y37.9850
G01 X93.2725Y38.0009
G01 X93.2889Y38.0025
G01 X93.4050Y38.0080
G01 X94.6750Y38.0080
G01 X94.7911Y38.0025
G01 X94.8075Y38.0009
G01 X94.9163Y37.9847
G01 X94.9304Y37.9818
G01 X95.0351Y37.9556
G01 X95.0509Y37.9508
G01 X95.1525Y37.9144
G01 X95.1678Y37.9081
G01 X95.2654Y37.8620
G01 X95.2799Y37.8542
G01 X95.3725Y37.7987
G01 X95.3862Y37.7896
G01 X95.4729Y37.7253
G01 X95.4857Y37.7148
G01 X95.5656Y37.6423
G01 X95.5773Y37.6306
G01 X95.6498Y37.5507
G01 X95.6603Y37.5379
G01 X95.7254Y37.4501
G01 X95.7337Y37.4375
G01 X95.7892Y37.3449
G01 X95.7970Y37.3304
G01 X95.8431Y37.2328
G01 X95.8494Y37.2175
G01 X95.8858Y37.1159
G01 X95.8906Y37.1001
G01 X95.9168Y36.9954
G01 X95.9200Y36.9793
G01 X95.9359Y36.8725
G01 X95.9375Y36.8561
G01 X95.9428Y36.7482
G01 X95.9428Y36.7318
G01 X95.9375Y36.6239
G01 X95.9359Y36.6080
G01 X101.0641Y36.6080
G01 X101.0625Y36.6239
G01 X101.0572Y36.7318
G01 X101.0572Y36.7482
G01 X101.0625Y36.8561
G01 X101.0641Y36.8725
G01 X101.0804Y36.9820
G01 X101.1094Y37.1001
G01 X101.1142Y37.1159
G01 X101.1506Y37.2175
G01 X101.1569Y37.2328
G01 X101.2030Y37.3304
G01 X101.2108Y37.3449
G01 X101.2663Y37.4375
G01 X101.2754Y37.4512
G01 X101.3397Y37.5379
G01 X101.3502Y37.5507
G01 X101.4227Y37.6306
G01 X101.4344Y37.6423
G01 X101.5143Y37.7148
G01 X101.5271Y37.7253
G01 X101.6149Y37.7904
G01 X101.6275Y37.7987
G01 X101.7201Y37.8542
G01 X101.7346Y37.8620
G01 X101.8322Y37.9081
G01 X101.8475Y37.9144
G01 X101.9491Y37.9508
G01 X101.9649Y37.9556
G01 X102.0696Y37.9818
G01 X102.0857Y37.9850
G01 X102.1925Y38.0009
G01 X102.2089Y38.0025
G01 X102.3250Y38.0080
G01 X103.6032Y38.0078
G01 X103.7111Y38.0025
G01 X103.7275Y38.0009
G01 X103.8363Y37.9847
G01 X103.8504Y37.9818
G01 X103.9551Y37.9556
G01 X103.9709Y37.9508
G01 X104.0725Y37.9144
G01 X104.0878Y37.9081
G01 X104.1854Y37.8620
G01 X104.1999Y37.8542
G01 X104.2925Y37.7987
G01 X104.3062Y37.7896
G01 X104.3929Y37.7253
G01 X104.4057Y37.7148
G01 X104.4856Y37.6423
G01 X104.4973Y37.6306
G01 X104.5698Y37.5507
G01 X104.5803Y37.5379
G01 X104.6454Y37.4501
G01 X104.6537Y37.4375
G01 X104.7092Y37.3449
G01 X104.7170Y37.3304
G01 X104.7631Y37.2328
G01 X104.7694Y37.2175
G01 X104.8058Y37.1159
G01 X104.8106Y37.1001
G01 X104.8368Y36.9954
G01 X104.8400Y36.9793
G01 X104.8559Y36.8725
G01 X104.8575Y36.8561
G01 X104.8628Y36.7482
G01 X104.8628Y36.7318
G01 X104.8575Y36.6239
G01 X104.8559Y36.6075
G01 X104.8396Y36.4980
G01 X104.8106Y36.3799
G01 X104.8058Y36.3641
G01 X104.7694Y36.2625
G01 X104.7631Y36.2472
G01 X104.7170Y36.1496
G01 X104.7092Y36.1351
G01 X104.6537Y36.0425
G01 X104.6446Y36.0288
G01 X104.5803Y35.9421
G01 X104.5698Y35.9293
G01 X104.4973Y35.8494
G01 X104.4856Y35.8377
G01 X104.4057Y35.7652
G01 X104.3929Y35.7547
G01 X104.3051Y35.6896
G01 X104.2925Y35.6813
G01 X104.1999Y35.6258
G01 X104.1642Y35.6080
G01 X104.4047Y35.6080
G01 X107.7733Y38.9766
G01 X107.8065Y39.0070
G00 Z3.0000
G00 X116.3803Y40.0179
G01 Z-0.2000
G01 X116.3916Y40.0087
G01 X116.4267Y39.9766
G01 X119.6353Y36.7680
G01 X122.4647Y36.7680
G01 X125.4672Y39.7705
G01 X125.4786Y39.7999
G01 X125.4954Y39.8354
G01 X125.5031Y39.8499
G01 X125.5233Y39.8836
G01 X125.5325Y39.8973
G01 X125.5559Y39.9288
G01 X125.5663Y39.9415
G01 X125.5927Y39.9706
G01 X125.6043Y39.9823
G01 X125.6358Y40.0103
G01 X125.6001Y40.0281
G01 X125.5664Y40.0483
G01 X125.5527Y40.0575
G01 X125.5212Y40.0808
G01 X125.5084Y40.0913
G01 X125.4734Y40.1233
G01 X122.4647Y43.1320
G01 X119.5353Y43.1320
G01 X116.5266Y40.1233
G01 X116.4916Y40.0913
G01 X116.4788Y40.0808
G01 X116.4462Y40.0566
G01 X116.3999Y40.0281
G01 X116.3803Y40.0179
G00 Z3.0000
G00 X116.5386Y40.0033
G01 Z-0.2000
G01 X119.6759Y36.8660
G01 X122.4241Y36.8660
G01 X125.3830Y39.8249
G01 X125.3900Y39.8418
G01 X125.4068Y39.8773
G01 X125.4191Y39.9003
G01 X125.4393Y39.9339
G01 X125.4538Y39.9557
G01 X125.4793Y39.9899
G01 X125.4628Y40.0021
G01 X125.4426Y40.0187
G01 X125.4041Y40.0540
G01 X122.4241Y43.0340
G01 X119.5759Y43.0340
G01 X116.5959Y40.0540
G01 X116.5574Y40.0187
G01 X116.5570Y40.0191
G01 X116.5386Y40.0033
G00 Z3.0000
G00 X116.6805Y40.0000
G01 Z-0.2000
G01 X119.7165Y36.9640
G01 X122.3835Y36.9640
G01 X125.3001Y39.8806
G01 X125.3182Y39.9192
G01 X125.3350Y39.9507
G01 X125.3479Y39.9722
G01 X122.3835Y42.9360
G01 X119.6165Y42.9360
G01 X116.6805Y40.0000
G00 Z3.0000
G00 X116.8191Y40.0000
G01 Z-0.2000
G01 X119.7571Y37.0620
G01 X122.3429Y37.0620
G01 X125.2184Y39.9375
G01 X125.2265Y39.9545
G01 X122.3429Y42.8380
G01 X119.6571Y42.8380
G01 X116.8191Y40.0000
G00 Z3.0000
G00 X116.9576Y40.0000
G01 Z-0.2000
G01 X119.7976Y37.1600
G01 X122.3024Y37.1600
G01 X125.0924Y39.9500
G01 X122.3024Y42.7400
G01 X119.6976Y42.7400
G01 X116.9576Y40.0000
G00 Z3.0000
G00 X117.0962Y40.0000
G01 Z-0.2000
G01 X119.8382Y37.2580
G01 X122.2618Y37.2580
G01 X124.9538Y39.9500
G01 X122.2618Y42.6420
G01 X119.7382Y42.6420
G01 X117.0962Y40.0000
G00 Z3.0000
G00 X117.2348Y40.0000
G01 Z-0.2000
G01 X119.8788Y37.3560
G01 X122.2212Y37.3560
G01 X124.8152Y39.9500
G01 X122.2212Y42.5440
G01 X119.7788Y42.5440
G01 X117.2348Y40.0000
G00 Z3.0000
G00 X99.9201Y48.2867
G01 Z-0.2000
G01 X99.9347Y48.2817
G01 X99.9500Y48.2800
G01 X102.9562Y48.2803
G01 X102.9683Y48.2824
G01 X102.9799Y48.2867
G01 X102.9917Y48.2938
G01 X102.9970Y48.2981
G01 X103.0062Y48.3083
G01 X103.0100Y48.3140
G01 X103.0157Y48.3258
G01 X103.0189Y48.3377
G01 X103.0200Y48.3500
G01 X103.0200Y48.6300
G01 X103.2053Y48.6300
G01 X109.6427Y42.1927
G01 X109.6742Y42.1639
G01 X109.7111Y42.1362
G01 X109.7505Y42.1122
G01 X109.7920Y42.0922
G01 X109.8353Y42.0763
G01 X109.8800Y42.0648
G01 X109.9324Y42.0570
G01 X109.9750Y42.0550
G01 X115.2966Y42.0550
G01 X115.3435Y42.0574
G01 X115.3879Y42.0640
G01 X115.4328Y42.0752
G01 X115.4732Y42.0895
G01 X115.5186Y42.1108
G01 X115.5574Y42.1340
G01 X115.5951Y42.1620
G01 X115.6283Y42.1921
G01 X118.6662Y45.2300
G01 X123.3338Y45.2300
G01 X126.3711Y42.1927
G01 X126.4027Y42.1639
G01 X126.4395Y42.1362
G01 X126.4850Y42.1090
G01 X126.5205Y42.0922
G01 X126.5638Y42.0763
G01 X126.6143Y42.0636
G01 X126.6608Y42.0570
G01 X126.7035Y42.0550
G01 X137.2250Y42.0550
G01 X137.2676Y42.0570
G01 X137.3200Y42.0648
G01 X137.3647Y42.0763
G01 X137.4080Y42.0922
G01 X137.4495Y42.1122
G01 X137.4885Y42.1358
G01 X137.5205Y42.1596
G01 X137.5549Y42.1903
G01 X140.4447Y45.0800
G01 X142.0500Y45.0800
G01 X142.0623Y45.0811
G01 X142.0742Y45.0843
G01 X142.0860Y45.0900
G01 X142.0970Y45.0981
G01 X142.1062Y45.1083
G01 X142.1133Y45.1201
G01 X142.1176Y45.1317
G01 X142.1197Y45.1438
G01 X142.1200Y46.6500
G01 X142.1189Y46.6623
G01 X142.1176Y46.6683
G01 X142.1133Y46.6799
G01 X142.1100Y46.6860
G01 X142.1062Y46.6917
G01 X142.0970Y46.7019
G01 X142.0860Y46.7100
G01 X142.0799Y46.7133
G01 X142.0653Y46.7183
G01 X142.0500Y46.7200
G01 X139.0423Y46.7196
G01 X139.0272Y46.7162
G01 X139.0201Y46.7133
G01 X139.0083Y46.7062
G01 X138.9981Y46.6970
G01 X138.9900Y46.6860
G01 X138.9843Y46.6742
G01 X138.9811Y46.6623
G01 X138.9800Y46.6500
G01 X138.9803Y45.1438
G01 X138.9811Y45.1377
G01 X138.9843Y45.1258
G01 X138.9900Y45.1140
G01 X138.9938Y45.1083
G01 X138.9981Y45.1030
G01 X139.0083Y45.0938
G01 X139.0201Y45.0867
G01 X139.0317Y45.0824
G01 X139.0438Y45.0803
G01 X139.1153Y45.0800
G01 X137.0303Y42.9950
G01 X126.8981Y42.9950
G01 X123.8608Y46.0324
G01 X123.8239Y46.0654
G01 X123.7866Y46.0926
G01 X123.7469Y46.1161
G01 X123.7051Y46.1355
G01 X123.6616Y46.1507
G01 X123.6176Y46.1614
G01 X123.5711Y46.1680
G01 X123.5284Y46.1700
G01 X118.4715Y46.1700
G01 X118.4289Y46.1680
G01 X118.3765Y46.1602
G01 X118.3354Y46.1498
G01 X118.2886Y46.1329
G01 X118.2495Y46.1143
G01 X118.2107Y46.0910
G01 X118.1730Y46.0630
G01 X118.1398Y46.0329
G01 X115.1019Y42.9950
G01 X110.1697Y42.9950
G01 X103.7299Y49.4347
G01 X103.6955Y49.4654
G01 X103.6639Y49.4888
G01 X103.6185Y49.5160
G01 X103.5830Y49.5328
G01 X103.5397Y49.5487
G01 X103.4892Y49.5614
G01 X103.4426Y49.5680
G01 X103.4000Y49.5700
G01 X103.0200Y49.5700
G01 X103.0197Y49.8562
G01 X103.0189Y49.8623
G01 X103.0157Y49.8742
G01 X103.0100Y49.8860
G01 X103.0062Y49.8917
G01 X103.0019Y49.8970
G01 X102.9917Y49.9062
G01 X102.9799Y49.9133
G01 X102.9653Y49.9183
G01 X102.9500Y49.9200
G01 X99.9500Y49.9200
G01 X99.9438Y49.9197
G01 X99.9317Y49.9176
G01 X99.9201Y49.9133
G01 X99.9140Y49.9100
G01 X99.9030Y49.9019
G01 X99.8938Y49.8917
G01 X99.8900Y49.8860
G01 X99.8838Y49.8728
G01 X99.8817Y49.8653
G01 X99.8800Y49.8500
G01 X99.8800Y48.3500
G01 X99.8817Y48.3347
G01 X99.8838Y48.3272
G01 X99.8900Y48.3140
G01 X99.8938Y48.3083
G01 X99.9030Y48.2981
G01 X99.9140Y48.2900
G01 X99.9201Y48.2867
G00 Z3.0000
G00 X99.9201Y20.2867
G01 Z-0.2000
G01 X99.9347Y20.2817
G01 X99.9500Y20.2800
G01 X102.9577Y20.2804
G01 X102.9728Y20.2838
G01 X102.9799Y20.2867
G01 X102.9917Y20.2938
G01 X102.9970Y20.2981
G01 X103.0062Y20.3083
G01 X103.0100Y20.3140
G01 X103.0162Y20.3272
G01 X103.0183Y20.3347
G01 X103.0200Y20.3500
G01 X103.0200Y20.6300
G01 X103.2053Y20.6300
G01 X109.6427Y14.1927
G01 X109.6742Y14.1639
G01 X109.7111Y14.1362
G01 X109.7505Y14.1122
G01 X109.7920Y14.0922
G01 X109.8353Y14.0763
G01 X109.8800Y14.0648
G01 X109.9324Y14.0570
G01 X109.9750Y14.0550
G01 X115.2966Y14.0550
G01 X115.3435Y14.0574
G01 X115.3879Y14.0640
G01 X115.4328Y14.0752
G01 X115.4732Y14.0895
G01 X115.5186Y14.1108
G01 X115.5574Y14.1340
G01 X115.5951Y14.1620
G01 X115.6283Y14.1921
G01 X118.6662Y17.2300
G01 X123.3338Y17.2300
G01 X126.3711Y14.1927
G01 X126.4027Y14.1639
G01 X126.4395Y14.1362
G01 X126.4850Y14.1090
G01 X126.5205Y14.0922
G01 X126.5638Y14.0763
G01 X126.6143Y14.0636
G01 X126.6608Y14.0570
G01 X126.7035Y14.0550
G01 X137.2250Y14.0550
G01 X137.2676Y14.0570
G01 X137.3200Y14.0648
G01 X137.3647Y14.0763
G01 X137.4080Y14.0922
G01 X137.4495Y14.1122
G01 X137.4885Y14.1358
G01 X137.5205Y14.1596
G01 X137.5549Y14.1903
G01 X140.4447Y17.0800
G01 X142.0500Y17.0800
G01 X142.0577Y17.0804
G01 X142.0728Y17.0838
G01 X142.0860Y17.0900
G01 X142.0970Y17.0981
G01 X142.1062Y17.1083
G01 X142.1133Y17.1201
G01 X142.1162Y17.1272
G01 X142.1196Y17.1423
G01 X142.1200Y18.6500
G01 X142.1189Y18.6623
G01 X142.1176Y18.6683
G01 X142.1133Y18.6799
G01 X142.1100Y18.6860
G01 X142.1019Y18.6970
G01 X142.0970Y18.7019
G01 X142.0860Y18.7100
G01 X142.0799Y18.7133
G01 X142.0683Y18.7176
G01 X142.0562Y18.7197
G01 X142.0500Y18.7200
G01 X139.0500Y18.7200
G01 X139.0377Y18.7189
G01 X139.0258Y18.7157
G01 X139.0140Y18.7100
G01 X139.0083Y18.7062
G01 X138.9981Y18.6970
G01 X138.9900Y18.6860
G01 X138.9843Y18.6742
G01 X138.9811Y18.6623
G01 X138.9800Y18.6500
G01 X138.9800Y17.1500
G01 X138.9817Y17.1347
G01 X138.9838Y17.1272
G01 X138.9900Y17.1140
G01 X138.9938Y17.1083
G01 X139.0030Y17.0981
G01 X139.0140Y17.0900
G01 X139.0201Y17.0867
G01 X139.0347Y17.0817
G01 X139.0423Y17.0804
G01 X139.1153Y17.0800
G01 X137.0303Y14.9950
G01 X126.8981Y14.9950
G01 X123.8608Y18.0324
G01 X123.8239Y18.0654
G01 X123.7866Y18.0926
G01 X123.7469Y18.1161
G01 X123.7051Y18.1355
G01 X123.6616Y18.1507
G01 X123.6176Y18.1614
G01 X123.5711Y18.1680
G01 X123.5284Y18.1700
G01 X118.4715Y18.1700
G01 X118.4289Y18.1680
G01 X118.3765Y18.1602
G01 X118.3354Y18.1498
G01 X118.2886Y18.1329
G01 X118.2495Y18.1143
G01 X118.2107Y18.0910
G01 X118.1730Y18.0630
G01 X118.1398Y18.0329
G01 X115.1019Y14.9950
G01 X110.1697Y14.9950
G01 X103.7299Y21.4347
G01 X103.6955Y21.4654
G01 X103.6639Y21.4888
G01 X103.6185Y21.5160
G01 X103.5830Y21.5328
G01 X103.5397Y21.5487
G01 X103.4892Y21.5614
G01 X103.4426Y21.5680
G01 X103.4000Y21.5700
G01 X103.0200Y21.5700
G01 X103.0196Y21.8577
G01 X103.0162Y21.8728
G01 X103.0133Y21.8799
G01 X103.0062Y21.8917
G01 X103.0019Y21.8970
G01 X102.9917Y21.9062
G01 X102.9799Y21.9133
G01 X102.9653Y21.9183
G01 X102.9500Y21.9200
G01 X99.9500Y21.9200
G01 X99.9347Y21.9183
G01 X99.9201Y21.9133
G01 X99.9140Y21.9100
G01 X99.9030Y21.9019
G01 X99.8981Y21.8970
G01 X99.8900Y21.8860
G01 X99.8838Y21.8728
G01 X99.8817Y21.8653
G01 X99.8800Y21.8500
G01 X99.8800Y20.3500
G01 X99.8817Y20.3347
G01 X99.8838Y20.3272
G01 X99.8900Y20.3140
G01 X99.8981Y20.3030
G01 X99.9030Y20.2981
G01 X99.9140Y20.2900
G01 X99.9201Y20.2867
G00 Z3.0000
G00 X95.4630Y10.4190
G01 Z-0.2000
G01 X95.5168Y10.3935
G01 X95.5822Y10.3586
G01 X95.6748Y10.3031
G01 X95.7365Y10.2618
G01 X95.8232Y10.1975
G01 X95.8805Y10.1505
G01 X95.9605Y10.0780
G01 X96.0130Y10.0255
G01 X96.0855Y9.9455
G01 X96.0844Y9.9446
G01 X96.1325Y9.8882
G01 X96.2005Y9.7965
G01 X96.2381Y9.7398
G01 X96.2936Y9.6472
G01 X96.3285Y9.5818
G01 X96.3747Y9.4842
G01 X96.4031Y9.4156
G01 X96.4394Y9.3140
G01 X96.4386Y9.3137
G01 X96.4610Y9.2430
G01 X96.4728Y9.1960
G01 X100.5272Y9.1960
G01 X100.5390Y9.2430
G01 X100.5606Y9.3140
G01 X100.5969Y9.4156
G01 X100.6253Y9.4842
G01 X100.6715Y9.5818
G01 X100.7064Y9.6472
G01 X100.7619Y9.7398
G01 X100.8032Y9.8015
G01 X100.8675Y9.8882
G01 X100.9145Y9.9455
G01 X100.9870Y10.0255
G01 X101.0395Y10.0780
G01 X101.1195Y10.1505
G01 X101.1204Y10.1494
G01 X101.1768Y10.1975
G01 X101.2685Y10.2655
G01 X101.3252Y10.3031
G01 X101.4178Y10.3586
G01 X101.4832Y10.3935
G01 X101.5370Y10.4190
G01 X95.4630Y10.4190
G00 Z3.0000
G00 X92.3709Y10.4190
G01 Z-0.2000
G01 X92.4562Y10.3336
G01 X92.4978Y10.3586
G01 X92.5632Y10.3935
G01 X92.6170Y10.4190
G01 X92.3709Y10.4190
G00 Z3.0000
G00 X104.3830Y10.4190
G01 Z-0.2000
G01 X104.4368Y10.3935
G01 X104.5022Y10.3586
G01 X104.5948Y10.3031
G01 X104.6565Y10.2618
G01 X104.7432Y10.1975
G01 X104.8005Y10.1505
G01 X104.8805Y10.0780
G01 X104.9330Y10.0255
G01 X105.0055Y9.9455
G01 X105.0044Y9.9446
G01 X105.0525Y9.8882
G01 X105.1205Y9.7965
G01 X105.1581Y9.7398
G01 X105.2136Y9.6472
G01 X105.2485Y9.5818
G01 X105.2947Y9.4842
G01 X105.3231Y9.4156
G01 X105.3383Y9.3731
G01 X106.3841Y10.4190
G01 X104.3830Y10.4190
G00 Z3.0000
G00 X106.6207Y10.5170
G01 Z-0.2000
G01 X92.1343Y10.5170
G01 X92.4416Y10.2097
G01 X92.4556Y10.2190
G01 X92.5482Y10.2745
G01 X92.6051Y10.3049
G01 X92.7027Y10.3511
G01 X92.7624Y10.3758
G01 X92.8640Y10.4122
G01 X92.8643Y10.4114
G01 X92.9258Y10.4309
G01 X93.0305Y10.4571
G01 X93.0939Y10.4697
G01 X93.2006Y10.4856
G01 X93.2649Y10.4919
G01 X93.3727Y10.4972
G01 X93.4050Y10.4980
G01 X94.6750Y10.4980
G01 X94.7073Y10.4972
G01 X94.8151Y10.4919
G01 X94.8151Y10.4908
G01 X94.8794Y10.4856
G01 X94.9941Y10.4685
G01 X95.0495Y10.4571
G01 X95.1542Y10.4309
G01 X95.2160Y10.4122
G01 X95.3176Y10.3758
G01 X95.3773Y10.3511
G01 X95.4749Y10.3049
G01 X95.5318Y10.2745
G01 X95.6244Y10.2190
G01 X95.6781Y10.1831
G01 X95.7648Y10.1188
G01 X95.8147Y10.0779
G01 X95.8947Y10.0054
G01 X95.9404Y9.9597
G01 X96.0129Y9.8797
G01 X96.0119Y9.8789
G01 X96.0538Y9.8298
G01 X96.1213Y9.7387
G01 X96.1540Y9.6894
G01 X96.2095Y9.5968
G01 X96.2399Y9.5399
G01 X96.2861Y9.4423
G01 X96.3108Y9.3826
G01 X96.3472Y9.2810
G01 X96.3464Y9.2807
G01 X96.3659Y9.2192
G01 X96.3921Y9.1145
G01 X96.3954Y9.0980
G01 X100.6045Y9.0980
G01 X100.6079Y9.1145
G01 X100.6341Y9.2192
G01 X100.6528Y9.2810
G01 X100.6892Y9.3826
G01 X100.7139Y9.4423
G01 X100.7601Y9.5399
G01 X100.7905Y9.5968
G01 X100.8460Y9.6894
G01 X100.8819Y9.7431
G01 X100.9462Y9.8298
G01 X100.9871Y9.8797
G01 X101.0596Y9.9597
G01 X101.1053Y10.0054
G01 X101.1853Y10.0779
G01 X101.1861Y10.0769
G01 X101.2352Y10.1188
G01 X101.3263Y10.1863
G01 X101.3756Y10.2190
G01 X101.4682Y10.2745
G01 X101.5251Y10.3049
G01 X101.6227Y10.3511
G01 X101.6824Y10.3758
G01 X101.7840Y10.4122
G01 X101.7843Y10.4114
G01 X101.8458Y10.4309
G01 X101.9505Y10.4571
G01 X102.0139Y10.4697
G01 X102.1206Y10.4856
G01 X102.1849Y10.4919
G01 X102.2927Y10.4972
G01 X102.3250Y10.4980
G01 X103.5950Y10.4980
G01 X103.6273Y10.4972
G01 X103.7351Y10.4919
G01 X103.7351Y10.4908
G01 X103.7994Y10.4856
G01 X103.9141Y10.4685
G01 X103.9695Y10.4571
G01 X104.0742Y10.4309
G01 X104.1360Y10.4122
G01 X104.2376Y10.3758
G01 X104.2973Y10.3511
G01 X104.3949Y10.3049
G01 X104.4518Y10.2745
G01 X104.5444Y10.2190
G01 X104.5981Y10.1831
G01 X104.6848Y10.1188
G01 X104.7347Y10.0779
G01 X104.8147Y10.0054
G01 X104.8604Y9.9597
G01 X104.9329Y9.8797
G01 X104.9319Y9.8789
G01 X104.9738Y9.8298
G01 X105.0413Y9.7387
G01 X105.0740Y9.6894
G01 X105.1295Y9.5968
G01 X105.1599Y9.5399
G01 X105.2061Y9.4423
G01 X105.2308Y9.3826
G01 X105.2672Y9.2810
G01 X105.2664Y9.2807
G01 X105.2859Y9.2192
G01 X105.2933Y9.1896
G01 X106.6207Y10.5170
G00 Z3.0000
G00 X106.8573Y10.6150
G01 Z-0.2000
G01 X91.8977Y10.6150
G01 X92.4304Y10.0823
G01 X92.4640Y10.1071
G01 X92.5060Y10.1349
G01 X92.5986Y10.1904
G01 X92.6470Y10.2163
G01 X92.7446Y10.2625
G01 X92.7954Y10.2835
G01 X92.8970Y10.3199
G01 X92.8973Y10.3193
G01 X92.9496Y10.3359
G01 X93.0543Y10.3621
G01 X93.1082Y10.3728
G01 X93.2150Y10.3886
G01 X93.2697Y10.3940
G01 X93.3775Y10.3993
G01 X93.4050Y10.4000
G01 X94.6750Y10.4000
G01 X94.7025Y10.3993
G01 X94.8103Y10.3940
G01 X94.8103Y10.3931
G01 X94.8650Y10.3886
G01 X94.9786Y10.3718
G01 X95.0257Y10.3621
G01 X95.1304Y10.3359
G01 X95.1830Y10.3199
G01 X95.2846Y10.2835
G01 X95.3354Y10.2625
G01 X95.4330Y10.2163
G01 X95.4814Y10.1904
G01 X95.5740Y10.1349
G01 X95.6197Y10.1044
G01 X95.7064Y10.0401
G01 X95.7489Y10.0052
G01 X95.8289Y9.9328
G01 X95.8678Y9.8939
G01 X95.9402Y9.8139
G01 X95.9395Y9.8132
G01 X95.9751Y9.7714
G01 X96.0421Y9.6810
G01 X96.0699Y9.6390
G01 X96.1254Y9.5464
G01 X96.1513Y9.4980
G01 X96.1975Y9.4004
G01 X96.2185Y9.3496
G01 X96.2549Y9.2480
G01 X96.2543Y9.2477
G01 X96.2709Y9.1954
G01 X96.2971Y9.0907
G01 X96.3078Y9.0368
G01 X96.3133Y9.0000
G01 X100.6867Y9.0000
G01 X100.6932Y9.0436
G01 X100.7029Y9.0907
G01 X100.7291Y9.1954
G01 X100.7451Y9.2480
G01 X100.7815Y9.3496
G01 X100.8025Y9.4004
G01 X100.8487Y9.4980
G01 X100.8746Y9.5464
G01 X100.9301Y9.6390
G01 X100.9606Y9.6847
G01 X101.0249Y9.7714
G01 X101.0598Y9.8139
G01 X101.1322Y9.8939
G01 X101.1711Y9.9328
G01 X101.2511Y10.0052
G01 X101.2518Y10.0045
G01 X101.2936Y10.0401
G01 X101.3840Y10.1071
G01 X101.4260Y10.1349
G01 X101.5186Y10.1904
G01 X101.5670Y10.2163
G01 X101.6646Y10.2625
G01 X101.7154Y10.2835
G01 X101.8170Y10.3199
G01 X101.8173Y10.3193
G01 X101.8696Y10.3359
G01 X101.9743Y10.3621
G01 X102.0282Y10.3728
G01 X102.1350Y10.3886
G01 X102.1897Y10.3940
G01 X102.2975Y10.3993
G01 X102.3250Y10.4000
G01 X103.5950Y10.4000
G01 X103.6225Y10.3993
G01 X103.7303Y10.3940
G01 X103.7303Y10.3931
G01 X103.7850Y10.3886
G01 X103.8986Y10.3718
G01 X103.9457Y10.3621
G01 X104.0504Y10.3359
G01 X104.1030Y10.3199
G01 X104.2046Y10.2835
G01 X104.2554Y10.2625
G01 X104.3530Y10.2163
G01 X104.4014Y10.1904
G01 X104.4940Y10.1349
G01 X104.5397Y10.1044
G01 X104.6264Y10.0401
G01 X104.6689Y10.0052
G01 X104.7489Y9.9328
G01 X104.7878Y9.8939
G01 X104.8602Y9.8139
G01 X104.8595Y9.8132
G01 X104.8951Y9.7714
G01 X104.9621Y9.6810
G01 X104.9899Y9.6390
G01 X105.0454Y9.5464
G01 X105.0713Y9.4980
G01 X105.1175Y9.4004
G01 X105.1385Y9.3496
G01 X105.1749Y9.2480
G01 X105.1743Y9.2477
G01 X105.1909Y9.1954
G01 X105.2171Y9.0907
G01 X105.2278Y9.0368
G01 X105.2344Y8.9921
G01 X106.8573Y10.6150
G00 Z3.0000
G00 X107.0939Y10.7130
G01 Z-0.2000
G01 X91.6611Y10.7130
G01 X92.4216Y9.9525
G01 X92.4320Y9.9614
G01 X92.5217Y10.0280
G01 X92.5564Y10.0509
G01 X92.6489Y10.1064
G01 X92.6889Y10.1278
G01 X92.7865Y10.1739
G01 X92.8284Y10.1913
G01 X92.9300Y10.2276
G01 X92.9302Y10.2271
G01 X92.9734Y10.2408
G01 X93.0781Y10.2670
G01 X93.1226Y10.2759
G01 X93.2294Y10.2917
G01 X93.2745Y10.2961
G01 X93.4050Y10.3020
G01 X94.6750Y10.3020
G01 X94.8055Y10.2961
G01 X94.8055Y10.2954
G01 X94.8506Y10.2917
G01 X94.9630Y10.2750
G01 X95.0019Y10.2670
G01 X95.1066Y10.2408
G01 X95.1500Y10.2276
G01 X95.2516Y10.1913
G01 X95.2935Y10.1739
G01 X95.3911Y10.1278
G01 X95.4311Y10.1064
G01 X95.5236Y10.0509
G01 X95.5613Y10.0257
G01 X95.6480Y9.9614
G01 X95.6831Y9.9326
G01 X95.7631Y9.8601
G01 X95.7951Y9.8281
G01 X95.8676Y9.7481
G01 X95.8670Y9.7475
G01 X95.8964Y9.7130
G01 X95.9630Y9.6233
G01 X95.9859Y9.5886
G01 X96.0414Y9.4961
G01 X96.0628Y9.4561
G01 X96.1089Y9.3585
G01 X96.1263Y9.3166
G01 X96.1626Y9.2150
G01 X96.1621Y9.2148
G01 X96.1758Y9.1716
G01 X96.2020Y9.0669
G01 X96.2109Y9.0224
G01 X96.2267Y8.9156
G01 X96.2280Y8.9020
G01 X100.7722Y8.9020
G01 X100.7733Y8.9156
G01 X100.7900Y9.0280
G01 X100.7980Y9.0669
G01 X100.8242Y9.1716
G01 X100.8374Y9.2150
G01 X100.8737Y9.3166
G01 X100.8911Y9.3585
G01 X100.9372Y9.4561
G01 X100.9586Y9.4961
G01 X101.0141Y9.5886
G01 X101.0393Y9.6263
G01 X101.1036Y9.7130
G01 X101.1324Y9.7481
G01 X101.2049Y9.8281
G01 X101.2369Y9.8601
G01 X101.3169Y9.9326
G01 X101.3175Y9.9320
G01 X101.3520Y9.9614
G01 X101.4417Y10.0280
G01 X101.4764Y10.0509
G01 X101.5689Y10.1064
G01 X101.6089Y10.1278
G01 X101.7065Y10.1739
G01 X101.7484Y10.1913
G01 X101.8500Y10.2276
G01 X101.8502Y10.2271
G01 X101.8934Y10.2408
G01 X101.9981Y10.2670
G01 X102.0426Y10.2759
G01 X102.1494Y10.2917
G01 X102.1945Y10.2961
G01 X102.3250Y10.3020
G01 X103.5950Y10.3020
G01 X103.7255Y10.2961
G01 X103.7255Y10.2954
G01 X103.7706Y10.2917
G01 X103.8830Y10.2750
G01 X103.9219Y10.2670
G01 X104.0266Y10.2408
G01 X104.0700Y10.2276
G01 X104.1716Y10.1913
G01 X104.2135Y10.1739
G01 X104.3111Y10.1278
G01 X104.3511Y10.1064
G01 X104.4436Y10.0509
G01 X104.4813Y10.0257
G01 X104.5680Y9.9614
G01 X104.6031Y9.9326
G01 X104.6831Y9.8601
G01 X104.7151Y9.8281
G01 X104.7876Y9.7481
G01 X104.7870Y9.7475
G01 X104.8164Y9.7130
G01 X104.8830Y9.6233
G01 X104.9059Y9.5886
G01 X104.9614Y9.4961
G01 X104.9828Y9.4561
G01 X105.0289Y9.3585
G01 X105.0463Y9.3166
G01 X105.0826Y9.2150
G01 X105.0821Y9.2148
G01 X105.0958Y9.1716
G01 X105.1220Y9.0669
G01 X105.1309Y9.0224
G01 X105.1467Y8.9156
G01 X105.1511Y8.8705
G01 X105.1558Y8.7749
G01 X107.0939Y10.7130
G00 Z3.0000
G00 X107.3305Y10.8110
G01 Z-0.2000
G01 X91.4245Y10.8110
G01 X92.4170Y9.8185
G01 X92.4627Y9.8600
G01 X92.4632Y9.8595
G01 X92.4903Y9.8827
G01 X92.5795Y9.9488
G01 X92.6067Y9.9668
G01 X92.6993Y10.0223
G01 X92.7308Y10.0392
G01 X92.8284Y10.0853
G01 X92.8614Y10.0990
G01 X92.9631Y10.1354
G01 X92.9972Y10.1457
G01 X93.1020Y10.1720
G01 X93.1370Y10.1789
G01 X93.2438Y10.1948
G01 X93.2793Y10.1983
G01 X93.4050Y10.2040
G01 X94.6750Y10.2040
G01 X94.8007Y10.1983
G01 X94.8007Y10.1977
G01 X94.8362Y10.1948
G01 X94.9474Y10.1782
G01 X94.9780Y10.1720
G01 X95.0828Y10.1457
G01 X95.1169Y10.1354
G01 X95.2186Y10.0990
G01 X95.2516Y10.0853
G01 X95.3492Y10.0392
G01 X95.3807Y10.0223
G01 X95.4733Y9.9668
G01 X95.5030Y9.9470
G01 X95.5897Y9.8827
G01 X95.6173Y9.8600
G01 X95.6973Y9.7875
G01 X95.7225Y9.7623
G01 X95.7950Y9.6823
G01 X95.7945Y9.6818
G01 X95.8177Y9.6547
G01 X95.8838Y9.5655
G01 X95.9018Y9.5383
G01 X95.9573Y9.4457
G01 X95.9742Y9.4142
G01 X96.0203Y9.3166
G01 X96.0340Y9.2836
G01 X96.0704Y9.1819
G01 X96.0807Y9.1478
G01 X96.1070Y9.0430
G01 X96.1139Y9.0080
G01 X96.1298Y8.9012
G01 X96.1333Y8.8657
G01 X96.1363Y8.8040
G01 X100.8637Y8.8040
G01 X100.8667Y8.8657
G01 X100.8673Y8.8657
G01 X100.8702Y8.9012
G01 X100.8868Y9.0124
G01 X100.8930Y9.0430
G01 X100.9193Y9.1478
G01 X100.9296Y9.1819
G01 X100.9660Y9.2836
G01 X100.9797Y9.3166
G01 X101.0258Y9.4142
G01 X101.0427Y9.4457
G01 X101.0982Y9.5383
G01 X101.1180Y9.5680
G01 X101.1823Y9.6547
G01 X101.2050Y9.6823
G01 X101.2775Y9.7623
G01 X101.3027Y9.7875
G01 X101.3827Y9.8600
G01 X101.3832Y9.8595
G01 X101.4103Y9.8827
G01 X101.4995Y9.9488
G01 X101.5267Y9.9668
G01 X101.6193Y10.0223
G01 X101.6508Y10.0392
G01 X101.7484Y10.0853
G01 X101.7814Y10.0990
G01 X101.8831Y10.1354
G01 X101.9172Y10.1457
G01 X102.0220Y10.1720
G01 X102.0570Y10.1789
G01 X102.1638Y10.1948
G01 X102.1993Y10.1983
G01 X102.3071Y10.2036
G01 X103.5950Y10.2040
G01 X103.7207Y10.1983
G01 X103.7207Y10.1977
G01 X103.7562Y10.1948
G01 X103.8674Y10.1782
G01 X103.8980Y10.1720
G01 X104.0028Y10.1457
G01 X104.0369Y10.1354
G01 X104.1386Y10.0990
G01 X104.1716Y10.0853
G01 X104.2692Y10.0392
G01 X104.3007Y10.0223
G01 X104.3933Y9.9668
G01 X104.4230Y9.9470
G01 X104.5097Y9.8827
G01 X104.5373Y9.8600
G01 X104.6173Y9.7875
G01 X104.6425Y9.7623
G01 X104.7150Y9.6823
G01 X104.7145Y9.6818
G01 X104.7377Y9.6547
G01 X104.8038Y9.5655
G01 X104.8218Y9.5383
G01 X104.8773Y9.4457
G01 X104.8942Y9.4142
G01 X104.9403Y9.3166
G01 X104.9540Y9.2836
G01 X104.9904Y9.1819
G01 X105.0007Y9.1478
G01 X105.0270Y9.0430
G01 X105.0339Y9.0080
G01 X105.0498Y8.9012
G01 X105.0533Y8.8657
G01 X105.0586Y8.7579
G01 X105.0586Y8.7221
G01 X105.0533Y8.6143
G01 X105.0527Y8.6143
G01 X105.0498Y8.5788
G01 X105.0413Y8.5218
G01 X107.3305Y10.8110
G00 Z3.0000
G00 X107.5671Y10.9090
G01 Z-0.2000
G01 X91.1879Y10.9090
G01 X92.4160Y9.6809
G01 X92.4301Y9.6965
G01 X92.4485Y9.7149
G01 X92.5285Y9.7874
G01 X92.5289Y9.7870
G01 X92.5487Y9.8040
G01 X92.6372Y9.8696
G01 X92.6571Y9.8828
G01 X92.7497Y9.9383
G01 X92.7727Y9.9506
G01 X92.8703Y9.9967
G01 X92.8944Y10.0067
G01 X92.9961Y10.0431
G01 X93.0211Y10.0507
G01 X93.1258Y10.0769
G01 X93.1514Y10.0820
G01 X93.2582Y10.0978
G01 X93.2841Y10.1004
G01 X93.4050Y10.1060
G01 X94.6750Y10.1060
G01 X94.7959Y10.1004
G01 X94.8218Y10.0978
G01 X94.9319Y10.0815
G01 X94.9542Y10.0769
G01 X95.0589Y10.0507
G01 X95.0839Y10.0431
G01 X95.1856Y10.0067
G01 X95.2097Y9.9967
G01 X95.3073Y9.9506
G01 X95.3303Y9.9383
G01 X95.4229Y9.8828
G01 X95.4446Y9.8683
G01 X95.5313Y9.8040
G01 X95.5515Y9.7874
G01 X95.6315Y9.7149
G01 X95.6499Y9.6965
G01 X95.7224Y9.6165
G01 X95.7220Y9.6161
G01 X95.7390Y9.5963
G01 X95.8046Y9.5078
G01 X95.8178Y9.4879
G01 X95.8733Y9.3953
G01 X95.8856Y9.3723
G01 X95.9317Y9.2747
G01 X95.9417Y9.2506
G01 X95.9781Y9.1489
G01 X95.9857Y9.1239
G01 X96.0119Y9.0192
G01 X96.0170Y8.9936
G01 X96.0328Y8.8868
G01 X96.0354Y8.8609
G01 X96.0407Y8.7531
G01 X96.0407Y8.7269
G01 X96.0397Y8.7060
G01 X100.9603Y8.7060
G01 X100.9593Y8.7269
G01 X100.9593Y8.7531
G01 X100.9646Y8.8609
G01 X100.9672Y8.8868
G01 X100.9835Y8.9969
G01 X100.9881Y9.0192
G01 X101.0143Y9.1239
G01 X101.0219Y9.1489
G01 X101.0583Y9.2506
G01 X101.0683Y9.2747
G01 X101.1144Y9.3723
G01 X101.1267Y9.3953
G01 X101.1822Y9.4879
G01 X101.1967Y9.5096
G01 X101.2610Y9.5963
G01 X101.2776Y9.6165
G01 X101.3501Y9.6965
G01 X101.3685Y9.7149
G01 X101.4485Y9.7874
G01 X101.4489Y9.7870
G01 X101.4687Y9.8040
G01 X101.5572Y9.8696
G01 X101.5771Y9.8828
G01 X101.6697Y9.9383
G01 X101.6927Y9.9506
G01 X101.7903Y9.9967
G01 X101.8144Y10.0067
G01 X101.9161Y10.0431
G01 X101.9411Y10.0507
G01 X102.0458Y10.0769
G01 X102.0714Y10.0820
G01 X102.1782Y10.0978
G01 X102.2041Y10.1004
G01 X102.3250Y10.1060
G01 X103.5950Y10.1060
G01 X103.7159Y10.1004
G01 X103.7418Y10.0978
G01 X103.8519Y10.0815
G01 X103.8742Y10.0769
G01 X103.9789Y10.0507
G01 X104.0039Y10.0431
G01 X104.1056Y10.0067
G01 X104.1297Y9.9967
G01 X104.2273Y9.9506
G01 X104.2503Y9.9383
G01 X104.3429Y9.8828
G01 X104.3646Y9.8683
G01 X104.4513Y9.8040
G01 X104.4715Y9.7874
G01 X104.5515Y9.7149
G01 X104.5699Y9.6965
G01 X104.6424Y9.6165
G01 X104.6420Y9.6161
G01 X104.6590Y9.5963
G01 X104.7246Y9.5078
G01 X104.7378Y9.4879
G01 X104.7933Y9.3953
G01 X104.8056Y9.3723
G01 X104.8517Y9.2747
G01 X104.8617Y9.2506
G01 X104.8981Y9.1489
G01 X104.9057Y9.1239
G01 X104.9319Y9.0192
G01 X104.9370Y8.9936
G01 X104.9528Y8.8868
G01 X104.9554Y8.8609
G01 X104.9607Y8.7531
G01 X104.9607Y8.7269
G01 X104.9554Y8.6191
G01 X104.9528Y8.5932
G01 X104.9365Y8.4831
G01 X104.9319Y8.4608
G01 X104.9057Y8.3561
G01 X104.8981Y8.3311
G01 X104.8617Y8.2294
G01 X104.8517Y8.2053
G01 X104.8412Y8.1831
G01 X107.5671Y10.9090
G00 Z3.0000
G00 X107.8065Y11.0070
G01 Z-0.2000
G01 X90.9514Y11.0070
G01 X92.4200Y9.5383
G01 X92.4302Y9.5507
G01 X92.5027Y9.6306
G01 X92.5144Y9.6423
G01 X92.5943Y9.7148
G01 X92.6071Y9.7253
G01 X92.6949Y9.7904
G01 X92.7075Y9.7987
G01 X92.8001Y9.8542
G01 X92.8146Y9.8620
G01 X92.9122Y9.9081
G01 X92.9275Y9.9144
G01 X93.0291Y9.9508
G01 X93.0449Y9.9556
G01 X93.1496Y9.9818
G01 X93.1657Y9.9850
G01 X93.2725Y10.0009
G01 X93.2889Y10.0025
G01 X93.4050Y10.0080
G01 X94.6750Y10.0080
G01 X94.7911Y10.0025
G01 X94.8075Y10.0009
G01 X94.9163Y9.9847
G01 X94.9304Y9.9818
G01 X95.0351Y9.9556
G01 X95.0509Y9.9508
G01 X95.1525Y9.9144
G01 X95.1678Y9.9081
G01 X95.2654Y9.8620
G01 X95.2799Y9.8542
G01 X95.3725Y9.7987
G01 X95.3862Y9.7896
G01 X95.4729Y9.7253
G01 X95.4857Y9.7148
G01 X95.5656Y9.6423
G01 X95.5773Y9.6306
G01 X95.6498Y9.5507
G01 X95.6603Y9.5379
G01 X95.7254Y9.4501
G01 X95.7337Y9.4375
G01 X95.7892Y9.3449
G01 X95.7970Y9.3304
G01 X95.8431Y9.2328
G01 X95.8494Y9.2175
G01 X95.8858Y9.1159
G01 X95.8906Y9.1001
G01 X95.9168Y8.9954
G01 X95.9200Y8.9793
G01 X95.9359Y8.8725
G01 X95.9375Y8.8561
G01 X95.9428Y8.7482
G01 X95.9428Y8.7318
G01 X95.9375Y8.6239
G01 X95.9359Y8.6080
G01 X101.0641Y8.6080
G01 X101.0625Y8.6239
G01 X101.0572Y8.7318
G01 X101.0572Y8.7482
G01 X101.0625Y8.8561
G01 X101.0641Y8.8725
G01 X101.0803Y8.9813
G01 X101.0832Y8.9954
G01 X101.1094Y9.1001
G01 X101.1142Y9.1159
G01 X101.1506Y9.2175
G01 X101.1569Y9.2328
G01 X101.2030Y9.3304
G01 X101.2108Y9.3449
G01 X101.2663Y9.4375
G01 X101.2754Y9.4512
G01 X101.3397Y9.5379
G01 X101.3502Y9.5507
G01 X101.4227Y9.6306
G01 X101.4344Y9.6423
G01 X101.5143Y9.7148
G01 X101.5271Y9.7253
G01 X101.6149Y9.7904
G01 X101.6275Y9.7987
G01 X101.7201Y9.8542
G01 X101.7346Y9.8620
G01 X101.8322Y9.9081
G01 X101.8475Y9.9144
G01 X101.9491Y9.9508
G01 X101.9649Y9.9556
G01 X102.0696Y9.9818
G01 X102.0857Y9.9850
G01 X102.1925Y10.0009
G01 X102.2089Y10.0025
G01 X102.3250Y10.0080
G01 X103.6032Y10.0078
G01 X103.7111Y10.0025
G01 X103.7275Y10.0009
G01 X103.8363Y9.9847
G01 X103.8504Y9.9818
G01 X103.9551Y9.9556
G01 X103.9709Y9.9508
G01 X104.0725Y9.9144
G01 X104.0878Y9.9081
G01 X104.1854Y9.8620
G01 X104.1999Y9.8542
G01 X104.2925Y9.7987
G01 X104.3062Y9.7896
G01 X104.3929Y9.7253
G01 X104.4057Y9.7148
G01 X104.4856Y9.6423
G01 X104.4973Y9.6306
G01 X104.5698Y9.5507
G01 X104.5803Y9.5379
G01 X104.6454Y9.4501
G01 X104.6537Y9.4375
G01 X104.7092Y9.3449
G01 X104.7170Y9.3304
G01 X104.7631Y9.2328
G01 X104.7694Y9.2175
G01 X104.8058Y9.1159
G01 X104.8106Y9.1001
G01 X104.8368Y8.9954
G01 X104.8400Y8.9793
G01 X104.8559Y8.8725
G01 X104.8575Y8.8561
G01 X104.8628Y8.7482
G01 X104.8628Y8.7318
G01 X104.8575Y8.6239
G01 X104.8559Y8.6075
G01 X104.8397Y8.4987
G01 X104.8368Y8.4846
G01 X104.8106Y8.3799
G01 X104.8058Y8.3641
G01 X104.7694Y8.2625
G01 X104.7631Y8.2472
G01 X104.7170Y8.1496
G01 X104.7092Y8.1351
G01 X104.6537Y8.0425
G01 X104.6446Y8.0288
G01 X104.5803Y7.9421
G01 X104.5698Y7.9293
G01 X104.4973Y7.8494
G01 X104.4856Y7.8377
G01 X104.4057Y7.7652
G01 X104.3929Y7.7547
G01 X104.3051Y7.6896
G01 X104.2925Y7.6813
G01 X104.1999Y7.6258
G01 X104.1642Y7.6080
G01 X104.4047Y7.6080
G01 X107.7733Y10.9766
G01 X107.8065Y11.0070
G00 Z3.0000
G00 X116.3803Y12.0179
G01 Z-0.2000
G01 X116.3916Y12.0087
G01 X116.4267Y11.9766
G01 X119.6353Y8.7680
G01 X122.4647Y8.7680
G01 X125.4672Y11.7705
G01 X125.4786Y11.7999
G01 X125.4954Y11.8354
G01 X125.5031Y11.8499
G01 X125.5233Y11.8836
G01 X125.5325Y11.8973
G01 X125.5559Y11.9288
G01 X125.5663Y11.9415
G01 X125.5927Y11.9706
G01 X125.6043Y11.9823
G01 X125.6358Y12.0103
G01 X125.6001Y12.0281
G01 X125.5664Y12.0483
G01 X125.5527Y12.0575
G01 X125.5212Y12.0808
G01 X125.5084Y12.0913
G01 X125.4734Y12.1233
G01 X122.4647Y15.1320
G01 X119.5353Y15.1320
G01 X116.5266Y12.1233
G01 X116.4916Y12.0913
G01 X116.4788Y12.0808
G01 X116.4462Y12.0566
G01 X116.3999Y12.0281
G01 X116.3803Y12.0179
G00 Z3.0000
G00 X116.5386Y12.0033
G01 Z-0.2000
G01 X119.6759Y8.8660
G01 X122.4241Y8.8660
G01 X125.3830Y11.8249
G01 X125.3900Y11.8418
G01 X125.4068Y11.8773
G01 X125.4191Y11.9003
G01 X125.4393Y11.9339
G01 X125.4538Y11.9557
G01 X125.4793Y11.9899
G01 X125.4628Y12.0021
G01 X125.4426Y12.0187
G01 X125.4041Y12.0540
G01 X122.4241Y15.0340
G01 X119.5759Y15.0340
G01 X116.5959Y12.0540
G01 X116.5574Y12.0187
G01 X116.5570Y12.0191
G01 X116.5386Y12.0033
G00 Z3.0000
G00 X116.6805Y12.0000
G01 Z-0.2000
G01 X119.7165Y8.9640
G01 X122.3835Y8.9640
G01 X125.3001Y11.8806
G01 X125.3182Y11.9192
G01 X125.3350Y11.9507
G01 X125.3479Y11.9722
G01 X122.3835Y14.9360
G01 X119.6165Y14.9360
G01 X116.6805Y12.0000
G00 Z3.0000
G00 X116.8191Y12.0000
G01 Z-0.2000
G01 X119.7571Y9.0620
G01 X122.3429Y9.0620
G01 X125.2184Y11.9375
G01 X125.2265Y11.9545
G01 X122.3429Y14.8380
G01 X119.6571Y14.8380
G01 X116.8191Y12.0000
G00 Z3.0000
G00 X116.9576Y12.0000
G01 Z-0.2000
G01 X119.7976Y9.1600
G01 X122.3024Y9.1600
G01 X125.0924Y11.9500
G01 X122.3024Y14.7400
G01 X119.6976Y14.7400
G01 X116.9576Y12.0000
G00 Z3.0000
G00 X117.0962Y12.0000
G01 Z-0.2000
G01 X119.8382Y9.2580
G01 X122.2618Y9.2580
G01 X124.9538Y11.9500
G01 X122.2618Y14.6420
G01 X119.7382Y14.6420
G01 X117.0962Y12.0000
G00 Z3.0000
G00 X117.2348Y12.0000
G01 Z-0.2000
G01 X119.8788Y9.3560
G01 X122.2212Y9.3560
G01 X124.8152Y11.9500
G01 X122.2212Y14.5440
G01 X119.7788Y14.5440
G01 X117.2348Y12.0000
G00 Z3.0000
G00 X144.8800Y21.8500
G01 Z-0.2000
G01 X144.8800Y20.3500
G01 X144.8811Y20.3377
G01 X144.8824Y20.3317
G01 X144.8867Y20.3201
G01 X144.8900Y20.3140
G01 X144.8981Y20.3030
G01 X144.9083Y20.2938
G01 X144.9140Y20.2900
G01 X144.9258Y20.2843
G01 X144.9377Y20.2811
G01 X144.9500Y20.2800
G01 X147.9562Y20.2803
G01 X147.9683Y20.2824
G01 X147.9799Y20.2867
G01 X147.9917Y20.2938
G01 X147.9970Y20.2981
G01 X148.0019Y20.3030
G01 X148.0100Y20.3140
G01 X148.0157Y20.3258
G01 X148.0189Y20.3377
G01 X148.0200Y20.3500
G01 X148.0200Y20.6300
G01 X148.1053Y20.6300
G01 X154.5427Y14.1927
G01 X154.5742Y14.1639
G01 X154.6111Y14.1362
G01 X154.6565Y14.1090
G01 X154.6983Y14.0895
G01 X154.7419Y14.0743
G01 X154.7858Y14.0636
G01 X154.8255Y14.0577
G01 X154.8750Y14.0550
G01 X160.2965Y14.0550
G01 X160.3460Y14.0577
G01 X160.3916Y14.0648
G01 X160.4297Y14.0743
G01 X160.4732Y14.0895
G01 X160.5211Y14.1122
G01 X160.5600Y14.1358
G01 X160.5920Y14.1596
G01 X160.6289Y14.1927
G01 X163.7662Y17.3300
G01 X168.2338Y17.3300
G01 X171.3711Y14.1927
G01 X171.4080Y14.1596
G01 X171.4395Y14.1362
G01 X171.4789Y14.1122
G01 X171.5268Y14.0895
G01 X171.5638Y14.0763
G01 X171.6084Y14.0648
G01 X171.6540Y14.0577
G01 X171.7035Y14.0550
G01 X182.0250Y14.0550
G01 X182.0676Y14.0570
G01 X182.1200Y14.0648
G01 X182.1647Y14.0763
G01 X182.2080Y14.0922
G01 X182.2495Y14.1122
G01 X182.2885Y14.1358
G01 X182.3205Y14.1596
G01 X182.3549Y14.1903
G01 X185.2447Y17.0800
G01 X187.0500Y17.0800
G01 X187.0577Y17.0804
G01 X187.0728Y17.0838
G01 X187.0860Y17.0900
G01 X187.0970Y17.0981
G01 X187.1062Y17.1083
G01 X187.1133Y17.1201
G01 X187.1162Y17.1272
G01 X187.1196Y17.1423
G01 X187.1200Y18.6500
G01 X187.1189Y18.6623
G01 X187.1176Y18.6683
G01 X187.1133Y18.6799
G01 X187.1100Y18.6860
G01 X187.1019Y18.6970
G01 X187.0970Y18.7019
G01 X187.0860Y18.7100
G01 X187.0799Y18.7133
G01 X187.0683Y18.7176
G01 X187.0562Y18.7197
G01 X187.0500Y18.7200
G01 X184.0500Y18.7200
G01 X184.0377Y18.7189
G01 X184.0258Y18.7157
G01 X184.0140Y18.7100
G01 X184.0083Y18.7062
G01 X183.9981Y18.6970
G01 X183.9900Y18.6860
G01 X183.9843Y18.6742
G01 X183.9811Y18.6623
G01 X183.9800Y18.6500
G01 X183.9803Y17.1450
G01 X181.8303Y14.9950
G01 X171.8981Y14.9950
G01 X168.7608Y18.1324
G01 X168.7239Y18.1654
G01 X168.6867Y18.1926
G01 X168.6469Y18.2161
G01 X168.6051Y18.2355
G01 X168.5616Y18.2507
G01 X168.5176Y18.2614
G01 X168.4711Y18.2680
G01 X168.4284Y18.2700
G01 X163.5716Y18.2700
G01 X163.5289Y18.2680
G01 X163.4765Y18.2602
G01 X163.4319Y18.2487
G01 X163.3886Y18.2328
G01 X163.3470Y18.2128
G01 X163.3081Y18.1892
G01 X163.2708Y18.1611
G01 X163.2392Y18.1324
G01 X160.1019Y14.9950
G01 X155.0697Y14.9950
G01 X148.6299Y21.4347
G01 X148.5955Y21.4654
G01 X148.5639Y21.4888
G01 X148.5245Y21.5128
G01 X148.4767Y21.5355
G01 X148.4397Y21.5487
G01 X148.3950Y21.5602
G01 X148.3495Y21.5673
G01 X148.3034Y21.5699
G01 X148.0200Y21.5700
G01 X148.0196Y21.8577
G01 X148.0162Y21.8728
G01 X148.0100Y21.8860
G01 X148.0019Y21.8970
G01 X147.9917Y21.9062
G01 X147.9799Y21.9133
G01 X147.9728Y21.9162
G01 X147.9577Y21.9196
G01 X147.9500Y21.9200
G01 X144.9500Y21.9200
G01 X144.9347Y21.9183
G01 X144.9201Y21.9133
G01 X144.9083Y21.9062
G01 X144.8981Y21.8970
G01 X144.8900Y21.8860
G01 X144.8838Y21.8728
G01 X144.8804Y21.8577
G01 X144.8800Y21.8500
G00 Z3.0000
G00 X152.4665Y11.5650
G01 Z-0.2000
G01 X135.9477Y11.5650
G01 X137.4304Y10.0823
G01 X137.4640Y10.1071
G01 X137.5060Y10.1349
G01 X137.5986Y10.1904
G01 X137.6470Y10.2163
G01 X137.7446Y10.2625
G01 X137.7954Y10.2835
G01 X137.8970Y10.3199
G01 X137.8972Y10.3193
G01 X137.9496Y10.3359
G01 X138.0543Y10.3621
G01 X138.1082Y10.3728
G01 X138.2150Y10.3886
G01 X138.2697Y10.3940
G01 X138.3775Y10.3993
G01 X138.4050Y10.4000
G01 X139.6750Y10.4000
G01 X139.7025Y10.3993
G01 X139.8103Y10.3940
G01 X139.8103Y10.3931
G01 X139.8650Y10.3886
G01 X139.9786Y10.3718
G01 X140.0257Y10.3621
G01 X140.1304Y10.3359
G01 X140.1830Y10.3199
G01 X140.2846Y10.2835
G01 X140.3354Y10.2625
G01 X140.4330Y10.2163
G01 X140.4814Y10.1904
G01 X140.5740Y10.1349
G01 X140.6197Y10.1044
G01 X140.7064Y10.0401
G01 X140.7489Y10.0052
G01 X140.8289Y9.9328
G01 X140.8678Y9.8939
G01 X140.9402Y9.8139
G01 X140.9395Y9.8132
G01 X140.9751Y9.7714
G01 X141.0421Y9.6810
G01 X141.0699Y9.6390
G01 X141.1254Y9.5464
G01 X141.1513Y9.4980
G01 X141.1975Y9.4004
G01 X141.2185Y9.3496
G01 X141.2549Y9.2480
G01 X141.2543Y9.2477
G01 X141.2709Y9.1954
G01 X141.2971Y9.0907
G01 X141.3078Y9.0368
G01 X141.3133Y9.0000
G01 X145.6867Y9.0000
G01 X145.6932Y9.0436
G01 X145.7029Y9.0907
G01 X145.7291Y9.1954
G01 X145.7451Y9.2480
G01 X145.7815Y9.3496
G01 X145.8025Y9.4004
G01 X145.8487Y9.4980
G01 X145.8746Y9.5464
G01 X145.9301Y9.6390
G01 X145.9606Y9.6847
G01 X146.0249Y9.7714
G01 X146.0598Y9.8139
G01 X146.1322Y9.8939
G01 X146.1711Y9.9328
G01 X146.2511Y10.0052
G01 X146.2518Y10.0045
G01 X146.2936Y10.0401
G01 X146.3840Y10.1071
G01 X146.4260Y10.1349
G01 X146.5186Y10.1904
G01 X146.5670Y10.2163
G01 X146.6646Y10.2625
G01 X146.7154Y10.2835
G01 X146.8170Y10.3199
G01 X146.8172Y10.3193
G01 X146.8696Y10.3359
G01 X146.9743Y10.3621
G01 X147.0282Y10.3728
G01 X147.1350Y10.3886
G01 X147.1897Y10.3940
G01 X147.2975Y10.3993
G01 X147.3250Y10.4000
G01 X148.5950Y10.4000
G01 X148.6225Y10.3993
G01 X148.7303Y10.3940
G01 X148.7303Y10.3931
G01 X148.7850Y10.3886
G01 X148.8986Y10.3718
G01 X148.9457Y10.3621
G01 X149.0504Y10.3359
G01 X149.1030Y10.3199
G01 X149.2046Y10.2835
G01 X149.2554Y10.2625
G01 X149.3530Y10.2163
G01 X149.4014Y10.1904
G01 X149.4940Y10.1349
G01 X149.5397Y10.1044
G01 X149.6264Y10.0401
G01 X149.6689Y10.0052
G01 X149.7489Y9.9328
G01 X149.7878Y9.8939
G01 X149.8602Y9.8139
G01 X149.8595Y9.8132
G01 X149.8951Y9.7714
G01 X149.9621Y9.6810
G01 X149.9899Y9.6390
G01 X150.0454Y9.5464
G01 X150.0713Y9.4980
G01 X150.1175Y9.4004
G01 X150.1385Y9.3496
G01 X150.1682Y9.2667
G01 X152.4665Y11.5650
G00 Z3.0000
G00 X152.7031Y11.6630
G01 Z-0.2000
G01 X135.7111Y11.6630
G01 X137.4216Y9.9525
G01 X137.4320Y9.9614
G01 X137.5217Y10.0280
G01 X137.5564Y10.0509
G01 X137.6489Y10.1064
G01 X137.6889Y10.1278
G01 X137.7865Y10.1739
G01 X137.8284Y10.1913
G01 X137.9300Y10.2276
G01 X137.9302Y10.2271
G01 X137.9734Y10.2408
G01 X138.0781Y10.2670
G01 X138.1226Y10.2759
G01 X138.2294Y10.2917
G01 X138.2745Y10.2961
G01 X138.4050Y10.3020
G01 X139.6750Y10.3020
G01 X139.6977Y10.3014
G01 X139.8055Y10.2961
G01 X139.8055Y10.2954
G01 X139.8506Y10.2917
G01 X139.9630Y10.2750
G01 X140.0019Y10.2670
G01 X140.1066Y10.2408
G01 X140.1500Y10.2276
G01 X140.2516Y10.1913
G01 X140.2935Y10.1739
G01 X140.3911Y10.1278
G01 X140.4311Y10.1064
G01 X140.5236Y10.0509
G01 X140.5613Y10.0257
G01 X140.6480Y9.9614
G01 X140.6831Y9.9326
G01 X140.7631Y9.8601
G01 X140.7951Y9.8281
G01 X140.8676Y9.7481
G01 X140.8670Y9.7475
G01 X140.8964Y9.7130
G01 X140.9630Y9.6233
G01 X140.9859Y9.5886
G01 X141.0414Y9.4961
G01 X141.0628Y9.4561
G01 X141.1089Y9.3585
G01 X141.1263Y9.3166
G01 X141.1626Y9.2150
G01 X141.1621Y9.2148
G01 X141.1758Y9.1716
G01 X141.2020Y9.0669
G01 X141.2109Y9.0224
G01 X141.2267Y8.9156
G01 X141.2280Y8.9020
G01 X145.7722Y8.9020
G01 X145.7733Y8.9156
G01 X145.7900Y9.0280
G01 X145.7980Y9.0669
G01 X145.8242Y9.1716
G01 X145.8374Y9.2150
G01 X145.8737Y9.3166
G01 X145.8911Y9.3585
G01 X145.9372Y9.4561
G01 X145.9586Y9.4961
G01 X146.0141Y9.5886
G01 X146.0393Y9.6263
G01 X146.1036Y9.7130
G01 X146.1324Y9.7481
G01 X146.2049Y9.8281
G01 X146.2369Y9.8601
G01 X146.3169Y9.9326
G01 X146.3175Y9.9320
G01 X146.3520Y9.9614
G01 X146.4417Y10.0280
G01 X146.4764Y10.0509
G01 X146.5689Y10.1064
G01 X146.6089Y10.1278
G01 X146.7065Y10.1739
G01 X146.7484Y10.1913
G01 X146.8500Y10.2276
G01 X146.8502Y10.2271
G01 X146.8934Y10.2408
G01 X146.9981Y10.2670
G01 X147.0426Y10.2759
G01 X147.1494Y10.2917
G01 X147.1945Y10.2961
G01 X147.3023Y10.3014
G01 X147.3250Y10.3020
G01 X148.5950Y10.3020
G01 X148.7255Y10.2961
G01 X148.7255Y10.2954
G01 X148.7706Y10.2917
G01 X148.8830Y10.2750
G01 X148.9219Y10.2670
G01 X149.0266Y10.2408
G01 X149.0700Y10.2276
G01 X149.1716Y10.1913
G01 X149.2135Y10.1739
G01 X149.3111Y10.1278
G01 X149.3511Y10.1064
G01 X149.4436Y10.0509
G01 X149.4813Y10.0257
G01 X149.5680Y9.9614
G01 X149.6031Y9.9326
G01 X149.6831Y9.8601
G01 X149.7151Y9.8281
G01 X149.7876Y9.7481
G01 X149.7870Y9.7475
G01 X149.8164Y9.7130
G01 X149.8830Y9.6233
G01 X149.9059Y9.5886
G01 X149.9614Y9.4961
G01 X149.9828Y9.4561
G01 X150.0289Y9.3585
G01 X150.0463Y9.3166
G01 X150.0826Y9.2150
G01 X150.0821Y9.2148
G01 X150.0958Y9.1716
G01 X150.1190Y9.0789
G01 X152.7031Y11.6630
G00 Z3.0000
G00 X152.9397Y11.7610
G01 Z-0.2000
G01 X135.4745Y11.7610
G01 X137.4170Y9.8185
G01 X137.4627Y9.8600
G01 X137.4632Y9.8595
G01 X137.4903Y9.8827
G01 X137.5795Y9.9488
G01 X137.6067Y9.9668
G01 X137.6993Y10.0223
G01 X137.7308Y10.0392
G01 X137.8284Y10.0853
G01 X137.8614Y10.0990
G01 X137.9631Y10.1354
G01 X137.9972Y10.1457
G01 X138.1020Y10.1720
G01 X138.1370Y10.1789
G01 X138.2438Y10.1948
G01 X138.2793Y10.1983
G01 X138.4050Y10.2040
G01 X139.6750Y10.2040
G01 X139.8007Y10.1983
G01 X139.8007Y10.1977
G01 X139.8362Y10.1948
G01 X139.9474Y10.1782
G01 X139.9780Y10.1720
G01 X140.0828Y10.1457
G01 X140.1169Y10.1354
G01 X140.2186Y10.0990
G01 X140.2516Y10.0853
G01 X140.3492Y10.0392
G01 X140.3807Y10.0223
G01 X140.4733Y9.9668
G01 X140.5030Y9.9470
G01 X140.5897Y9.8827
G01 X140.6173Y9.8600
G01 X140.6973Y9.7875
G01 X140.7225Y9.7623
G01 X140.7950Y9.6823
G01 X140.7945Y9.6818
G01 X140.8177Y9.6547
G01 X140.8838Y9.5655
G01 X140.9018Y9.5383
G01 X140.9573Y9.4457
G01 X140.9742Y9.4142
G01 X141.0203Y9.3166
G01 X141.0340Y9.2836
G01 X141.0704Y9.1819
G01 X141.0807Y9.1478
G01 X141.1070Y9.0430
G01 X141.1139Y9.0080
G01 X141.1298Y8.9012
G01 X141.1333Y8.8657
G01 X141.1363Y8.8040
G01 X145.8637Y8.8040
G01 X145.8667Y8.8657
G01 X145.8673Y8.8657
G01 X145.8702Y8.9012
G01 X145.8868Y9.0124
G01 X145.8930Y9.0430
G01 X145.9193Y9.1478
G01 X145.9296Y9.1819
G01 X145.9660Y9.2836
G01 X145.9797Y9.3166
G01 X146.0258Y9.4142
G01 X146.0427Y9.4457
G01 X146.0982Y9.5383
G01 X146.1180Y9.5680
G01 X146.1823Y9.6547
G01 X146.2050Y9.6823
G01 X146.2775Y9.7623
G01 X146.3027Y9.7875
G01 X146.3827Y9.8600
G01 X146.3832Y9.8595
G01 X146.4103Y9.8827
G01 X146.4995Y9.9488
G01 X146.5267Y9.9668
G01 X146.6193Y10.0223
G01 X146.6508Y10.0392
G01 X146.7484Y10.0853
G01 X146.7814Y10.0990
G01 X146.8831Y10.1354
G01 X146.9172Y10.1457
G01 X147.0220Y10.1720
G01 X147.0570Y10.1789
G01 X147.1638Y10.1948
G01 X147.1993Y10.1983
G01 X147.3250Y10.2040
G01 X148.5950Y10.2040
G01 X148.7207Y10.1983
G01 X148.7207Y10.1977
G01 X148.7562Y10.1948
G01 X148.8674Y10.1782
G01 X148.8980Y10.1720
G01 X149.0028Y10.1457
G01 X149.0369Y10.1354
G01 X149.1386Y10.0990
G01 X149.1716Y10.0853
G01 X149.2692Y10.0392
G01 X149.3007Y10.0223
G01 X149.3933Y9.9668
G01 X149.4230Y9.9470
G01 X149.5097Y9.8827
G01 X149.5373Y9.8600
G01 X149.6173Y9.7875
G01 X149.6425Y9.7623
G01 X149.7150Y9.6823
G01 X149.7145Y9.6818
G01 X149.7377Y9.6547
G01 X149.8038Y9.5655
G01 X149.8218Y9.5383
G01 X149.8773Y9.4457
G01 X149.8942Y9.4142
G01 X149.9403Y9.3166
G01 X149.9540Y9.2836
G01 X149.9904Y9.1819
G01 X150.0007Y9.1478
G01 X150.0270Y9.0430
G01 X150.0339Y9.0080
G01 X150.0498Y8.9012
G01 X150.0525Y8.8738
G01 X152.9397Y11.7610
G00 Z3.0000
G00 X153.1393Y11.8590
G01 Z-0.2000
G01 X135.2379Y11.8590
G01 X137.4160Y9.6809
G01 X137.4301Y9.6965
G01 X137.4485Y9.7149
G01 X137.5285Y9.7874
G01 X137.5289Y9.7870
G01 X137.5487Y9.8040
G01 X137.6372Y9.8696
G01 X137.6571Y9.8828
G01 X137.7497Y9.9383
G01 X137.7727Y9.9506
G01 X137.8703Y9.9967
G01 X137.8944Y10.0067
G01 X137.9961Y10.0431
G01 X138.0211Y10.0507
G01 X138.1258Y10.0769
G01 X138.1514Y10.0820
G01 X138.2582Y10.0978
G01 X138.2841Y10.1004
G01 X138.4050Y10.1060
G01 X139.6881Y10.1057
G01 X139.7959Y10.1004
G01 X139.8218Y10.0978
G01 X139.9319Y10.0815
G01 X139.9542Y10.0769
G01 X140.0589Y10.0507
G01 X140.0839Y10.0431
G01 X140.1856Y10.0067
G01 X140.2097Y9.9967
G01 X140.3073Y9.9506
G01 X140.3303Y9.9383
G01 X140.4229Y9.8828
G01 X140.4446Y9.8683
G01 X140.5313Y9.8040
G01 X140.5515Y9.7874
G01 X140.6315Y9.7149
G01 X140.6499Y9.6965
G01 X140.7224Y9.6165
G01 X140.7220Y9.6161
G01 X140.7390Y9.5963
G01 X140.8046Y9.5078
G01 X140.8178Y9.4879
G01 X140.8733Y9.3953
G01 X140.8856Y9.3723
G01 X140.9317Y9.2747
G01 X140.9417Y9.2506
G01 X140.9781Y9.1489
G01 X140.9857Y9.1239
G01 X141.0119Y9.0192
G01 X141.0170Y8.9936
G01 X141.0328Y8.8868
G01 X141.0354Y8.8609
G01 X141.0407Y8.7531
G01 X141.0407Y8.7269
G01 X141.0397Y8.7060
G01 X145.9603Y8.7060
G01 X145.9593Y8.7269
G01 X145.9593Y8.7531
G01 X145.9646Y8.8609
G01 X145.9672Y8.8868
G01 X145.9835Y8.9969
G01 X145.9881Y9.0192
G01 X146.0143Y9.1239
G01 X146.0219Y9.1489
G01 X146.0583Y9.2506
G01 X146.0683Y9.2747
G01 X146.1144Y9.3723
G01 X146.1267Y9.3953
G01 X146.1822Y9.4879
G01 X146.1967Y9.5096
G01 X146.2610Y9.5963
G01 X146.2776Y9.6165
G01 X146.3501Y9.6965
G01 X146.3685Y9.7149
G01 X146.4485Y9.7874
G01 X146.4489Y9.7870
G01 X146.4687Y9.8040
G01 X146.5572Y9.8696
G01 X146.5771Y9.8828
G01 X146.6697Y9.9383
G01 X146.6927Y9.9506
G01 X146.7903Y9.9967
G01 X146.8144Y10.0067
G01 X146.9161Y10.0431
G01 X146.9411Y10.0507
G01 X147.0458Y10.0769
G01 X147.0714Y10.0820
G01 X147.1782Y10.0978
G01 X147.2041Y10.1004
G01 X147.3250Y10.1060
G01 X148.5950Y10.1060
G01 X148.7159Y10.1004
G01 X148.7418Y10.0978
G01 X148.8519Y10.0815
G01 X148.8742Y10.0769
G01 X148.9789Y10.0507
G01 X149.0039Y10.0431
G01 X149.1056Y10.0067
G01 X149.1297Y9.9967
G01 X149.2273Y9.9506
G01 X149.2503Y9.9383
G01 X149.3429Y9.8828
G01 X149.3646Y9.8683
G01 X149.4513Y9.8040
G01 X149.4715Y9.7874
G01 X149.5515Y9.7149
G01 X149.5699Y9.6965
G01 X149.6424Y9.6165
G01 X149.6420Y9.6161
G01 X149.6590Y9.5963
G01 X149.7246Y9.5078
G01 X149.7378Y9.4879
G01 X149.7933Y9.3953
G01 X149.8056Y9.3723
G01 X149.8517Y9.2747
G01 X149.8617Y9.2506
G01 X149.8981Y9.1489
G01 X149.9057Y9.1239
G01 X149.9319Y9.0192
G01 X149.9370Y8.9936
G01 X149.9528Y8.8868
G01 X149.9554Y8.8609
G01 X149.9607Y8.7531
G01 X149.9607Y8.7269
G01 X149.9564Y8.6391
G01 X153.0953Y11.7779
G01 X153.1068Y11.8023
G01 X153.1191Y11.8253
G01 X153.1393Y11.8590
G00 Z3.0000
G00 X153.3565Y11.9570
G01 Z-0.2000
G01 X135.0013Y11.9570
G01 X137.4200Y9.5383
G01 X137.4302Y9.5507
G01 X137.5027Y9.6306
G01 X137.5144Y9.6423
G01 X137.5943Y9.7148
G01 X137.6071Y9.7253
G01 X137.6949Y9.7904
G01 X137.7075Y9.7987
G01 X137.8001Y9.8542
G01 X137.8146Y9.8620
G01 X137.9122Y9.9081
G01 X137.9275Y9.9144
G01 X138.0291Y9.9508
G01 X138.0449Y9.9556
G01 X138.1496Y9.9818
G01 X138.1657Y9.9850
G01 X138.2725Y10.0009
G01 X138.2889Y10.0025
G01 X138.4050Y10.0080
G01 X139.6750Y10.0080
G01 X139.7911Y10.0025
G01 X139.8075Y10.0009
G01 X139.9163Y9.9847
G01 X139.9304Y9.9818
G01 X140.0351Y9.9556
G01 X140.0509Y9.9508
G01 X140.1525Y9.9144
G01 X140.1678Y9.9081
G01 X140.2654Y9.8620
G01 X140.2799Y9.8542
G01 X140.3725Y9.7987
G01 X140.3862Y9.7896
G01 X140.4729Y9.7253
G01 X140.4857Y9.7148
G01 X140.5656Y9.6423
G01 X140.5773Y9.6306
G01 X140.6498Y9.5507
G01 X140.6603Y9.5379
G01 X140.7254Y9.4501
G01 X140.7337Y9.4375
G01 X140.7892Y9.3449
G01 X140.7970Y9.3304
G01 X140.8431Y9.2328
G01 X140.8494Y9.2175
G01 X140.8858Y9.1159
G01 X140.8906Y9.1001
G01 X140.9168Y8.9954
G01 X140.9200Y8.9793
G01 X140.9359Y8.8725
G01 X140.9375Y8.8561
G01 X140.9428Y8.7482
G01 X140.9428Y8.7318
G01 X140.9375Y8.6239
G01 X140.9359Y8.6080
G01 X146.0641Y8.6080
G01 X146.0625Y8.6239
G01 X146.0572Y8.7318
G01 X146.0572Y8.7482
G01 X146.0625Y8.8561
G01 X146.0641Y8.8725
G01 X146.0803Y8.9813
G01 X146.0832Y8.9954
G01 X146.1094Y9.1001
G01 X146.1142Y9.1159
G01 X146.1506Y9.2175
G01 X146.1569Y9.2328
G01 X146.2030Y9.3304
G01 X146.2108Y9.3449
G01 X146.2663Y9.4375
G01 X146.2754Y9.4512
G01 X146.3397Y9.5379
G01 X146.3502Y9.5507
G01 X146.4227Y9.6306
G01 X146.4344Y9.6423
G01 X146.5143Y9.7148
G01 X146.5271Y9.7253
G01 X146.6149Y9.7904
G01 X146.6275Y9.7987
G01 X146.7201Y9.8542
G01 X146.7346Y9.8620
G01 X146.8322Y9.9081
G01 X146.8475Y9.9144
G01 X146.9491Y9.9508
G01 X146.9649Y9.9556
G01 X147.0696Y9.9818
G01 X147.0857Y9.9850
G01 X147.1925Y10.0009
G01 X147.2089Y10.0025
G01 X147.3250Y10.0080
G01 X148.6032Y10.0078
G01 X148.7111Y10.0025
G01 X148.7275Y10.0009
G01 X148.8363Y9.9847
G01 X148.8504Y9.9818
G01 X148.9551Y9.9556
G01 X148.9709Y9.9508
G01 X149.0725Y9.9144
G01 X149.0878Y9.9081
G01 X149.1854Y9.8620
G01 X149.1999Y9.8542
G01 X149.2925Y9.7987
G01 X149.3062Y9.7896
G01 X149.3929Y9.7253
G01 X149.4057Y9.7148
G01 X149.4856Y9.6423
G01 X149.4973Y9.6306
G01 X149.5698Y9.5507
G01 X149.5803Y9.5379
G01 X149.6454Y9.4501
G01 X149.6537Y9.4375
G01 X149.7092Y9.3449
G01 X149.7170Y9.3304
G01 X149.7631Y9.2328
G01 X149.7694Y9.2175
G01 X149.8058Y9.1159
G01 X149.8106Y9.1001
G01 X149.8368Y8.9954
G01 X149.8400Y8.9793
G01 X149.8559Y8.8725
G01 X149.8575Y8.8561
G01 X149.8628Y8.7482
G01 X149.8628Y8.7318
G01 X149.8575Y8.6239
G01 X149.8559Y8.6075
G01 X149.8397Y8.4987
G01 X149.8368Y8.4846
G01 X149.8106Y8.3799
G01 X149.7979Y8.3420
G01 X153.1770Y11.7211
G01 X153.1954Y11.7604
G01 X153.2031Y11.7749
G01 X153.2233Y11.8086
G01 X153.2325Y11.8223
G01 X153.2559Y11.8538
G01 X153.2663Y11.8666
G01 X153.2984Y11.9016
G01 X153.3293Y11.9323
G01 X153.3565Y11.9570
G00 Z3.0000
G00 X150.2338Y9.6094
G01 Z-0.2000
G01 X151.9933Y11.3690
G01 X136.4209Y11.3690
G01 X137.4562Y10.3336
G01 X137.4978Y10.3586
G01 X137.5632Y10.3935
G01 X137.6608Y10.4397
G01 X137.7294Y10.4681
G01 X137.8310Y10.5044
G01 X137.8313Y10.5036
G01 X137.9020Y10.5260
G01 X138.0067Y10.5522
G01 X138.0795Y10.5667
G01 X138.1863Y10.5825
G01 X138.2601Y10.5898
G01 X138.3679Y10.5951
G01 X138.4050Y10.5960
G01 X139.6750Y10.5960
G01 X139.7121Y10.5951
G01 X139.8199Y10.5898
G01 X139.8199Y10.5886
G01 X139.8937Y10.5825
G01 X140.0097Y10.5653
G01 X140.0733Y10.5522
G01 X140.1780Y10.5260
G01 X140.2490Y10.5044
G01 X140.3506Y10.4681
G01 X140.4192Y10.4397
G01 X140.5168Y10.3935
G01 X140.5822Y10.3586
G01 X140.6748Y10.3031
G01 X140.7365Y10.2618
G01 X140.8232Y10.1975
G01 X140.8805Y10.1505
G01 X140.9605Y10.0780
G01 X141.0130Y10.0255
G01 X141.0855Y9.9455
G01 X141.0844Y9.9446
G01 X141.1325Y9.8882
G01 X141.2005Y9.7965
G01 X141.2381Y9.7398
G01 X141.2936Y9.6472
G01 X141.3285Y9.5818
G01 X141.3747Y9.4842
G01 X141.4031Y9.4156
G01 X141.4394Y9.3140
G01 X141.4386Y9.3137
G01 X141.4610Y9.2430
G01 X141.4728Y9.1960
G01 X145.5272Y9.1960
G01 X145.5390Y9.2430
G01 X145.5606Y9.3140
G01 X145.5969Y9.4156
G01 X145.6253Y9.4842
G01 X145.6715Y9.5818
G01 X145.7064Y9.6472
G01 X145.7619Y9.7398
G01 X145.8032Y9.8015
G01 X145.8675Y9.8882
G01 X145.9145Y9.9455
G01 X145.9870Y10.0255
G01 X146.0395Y10.0780
G01 X146.1195Y10.1505
G01 X146.1204Y10.1494
G01 X146.1768Y10.1975
G01 X146.2685Y10.2655
G01 X146.3252Y10.3031
G01 X146.4178Y10.3586
G01 X146.4832Y10.3935
G01 X146.5808Y10.4397
G01 X146.6494Y10.4681
G01 X146.7510Y10.5044
G01 X146.7513Y10.5036
G01 X146.8220Y10.5260
G01 X146.9267Y10.5522
G01 X146.9995Y10.5667
G01 X147.1063Y10.5825
G01 X147.1801Y10.5898
G01 X147.2879Y10.5951
G01 X147.3250Y10.5960
G01 X148.5950Y10.5960
G01 X148.6321Y10.5951
G01 X148.7399Y10.5898
G01 X148.7399Y10.5886
G01 X148.8137Y10.5825
G01 X148.9297Y10.5653
G01 X148.9933Y10.5522
G01 X149.0980Y10.5260
G01 X149.1690Y10.5044
G01 X149.2706Y10.4681
G01 X149.3392Y10.4397
G01 X149.4368Y10.3935
G01 X149.5022Y10.3586
G01 X149.5948Y10.3031
G01 X149.6565Y10.2618
G01 X149.7432Y10.1975
G01 X149.8005Y10.1505
G01 X149.8805Y10.0780
G01 X149.9330Y10.0255
G01 X150.0055Y9.9455
G01 X150.0044Y9.9446
G01 X150.0525Y9.8882
G01 X150.1205Y9.7965
G01 X150.1581Y9.7398
G01 X150.2136Y9.6472
G01 X150.2338Y9.6094
G00 Z3.0000
G00 X150.2058Y9.4429
G01 Z-0.2000
G01 X152.2299Y11.4670
G01 X136.1843Y11.4670
G01 X137.4416Y10.2097
G01 X137.4556Y10.2190
G01 X137.5482Y10.2745
G01 X137.6051Y10.3049
G01 X137.7027Y10.3511
G01 X137.7624Y10.3758
G01 X137.8640Y10.4122
G01 X137.8643Y10.4115
G01 X137.9258Y10.4309
G01 X138.0305Y10.4571
G01 X138.0939Y10.4697
G01 X138.2006Y10.4856
G01 X138.2649Y10.4919
G01 X138.3727Y10.4972
G01 X138.4050Y10.4980
G01 X139.6750Y10.4980
G01 X139.7073Y10.4972
G01 X139.8151Y10.4919
G01 X139.8151Y10.4908
G01 X139.8794Y10.4856
G01 X139.9941Y10.4685
G01 X140.0495Y10.4571
G01 X140.1542Y10.4309
G01 X140.2160Y10.4122
G01 X140.3176Y10.3758
G01 X140.3773Y10.3511
G01 X140.4749Y10.3049
G01 X140.5318Y10.2745
G01 X140.6244Y10.2190
G01 X140.6781Y10.1831
G01 X140.7648Y10.1188
G01 X140.8147Y10.0779
G01 X140.8947Y10.0054
G01 X140.9404Y9.9597
G01 X141.0129Y9.8797
G01 X141.0119Y9.8789
G01 X141.0538Y9.8298
G01 X141.1213Y9.7387
G01 X141.1540Y9.6894
G01 X141.2095Y9.5968
G01 X141.2399Y9.5399
G01 X141.2861Y9.4423
G01 X141.3108Y9.3826
G01 X141.3472Y9.2810
G01 X141.3464Y9.2807
G01 X141.3659Y9.2192
G01 X141.3921Y9.1145
G01 X141.3954Y9.0980
G01 X145.6045Y9.0980
G01 X145.6079Y9.1145
G01 X145.6341Y9.2192
G01 X145.6528Y9.2810
G01 X145.6892Y9.3826
G01 X145.7139Y9.4423
G01 X145.7601Y9.5399
G01 X145.7905Y9.5968
G01 X145.8460Y9.6894
G01 X145.8819Y9.7431
G01 X145.9462Y9.8298
G01 X145.9871Y9.8797
G01 X146.0596Y9.9597
G01 X146.1053Y10.0054
G01 X146.1853Y10.0779
G01 X146.1861Y10.0769
G01 X146.2352Y10.1188
G01 X146.3263Y10.1863
G01 X146.3756Y10.2190
G01 X146.4682Y10.2745
G01 X146.5251Y10.3049
G01 X146.6227Y10.3511
G01 X146.6824Y10.3758
G01 X146.7840Y10.4122
G01 X146.7843Y10.4115
G01 X146.8458Y10.4309
G01 X146.9505Y10.4571
G01 X147.0139Y10.4697
G01 X147.1206Y10.4856
G01 X147.1849Y10.4919
G01 X147.2927Y10.4972
G01 X147.3250Y10.4980
G01 X148.5950Y10.4980
G01 X148.6273Y10.4972
G01 X148.7351Y10.4919
G01 X148.7351Y10.4908
G01 X148.7994Y10.4856
G01 X148.9141Y10.4685
G01 X148.9695Y10.4571
G01 X149.0742Y10.4309
G01 X149.1360Y10.4122
G01 X149.2376Y10.3758
G01 X149.2973Y10.3511
G01 X149.3949Y10.3049
G01 X149.4518Y10.2745
G01 X149.5444Y10.2190
G01 X149.5981Y10.1831
G01 X149.6848Y10.1188
G01 X149.7347Y10.0779
G01 X149.8147Y10.0054
G01 X149.8604Y9.9597
G01 X149.9329Y9.8797
G01 X149.9319Y9.8789
G01 X149.9738Y9.8298
G01 X150.0413Y9.7387
G01 X150.0740Y9.6894
G01 X150.1295Y9.5968
G01 X150.1599Y9.5399
G01 X150.2058Y9.4429
G00 Z3.0000
G00 X162.3348Y12.1000
G01 Z-0.2000
G01 X165.0788Y9.3560
G01 X167.2212Y9.3560
G01 X169.8152Y11.9500
G01 X167.1212Y14.6440
G01 X164.8788Y14.6440
G01 X162.3348Y12.1000
G00 Z3.0000
G00 X169.9538Y11.9500
G01 Z-0.2000
G01 X167.1618Y14.7420
G01 X164.8382Y14.7420
G01 X162.1962Y12.1000
G01 X165.0382Y9.2580
G01 X167.2618Y9.2580
G01 X169.9538Y11.9500
G00 Z3.0000
G00 X170.0924Y11.9500
G01 Z-0.2000
G01 X167.2024Y14.8400
G01 X164.7976Y14.8400
G01 X162.0576Y12.1000
G01 X164.9976Y9.1600
G01 X167.3024Y9.1600
G01 X170.0924Y11.9500
G00 Z3.0000
G00 X170.2309Y11.9500
G01 Z-0.2000
G01 X167.2429Y14.9380
G01 X164.7571Y14.9380
G01 X161.9191Y12.1000
G01 X164.9571Y9.0620
G01 X167.3429Y9.0620
G01 X170.2309Y11.9500
G00 Z3.0000
G00 X170.3709Y11.9514
G01 Z-0.2000
G01 X170.3348Y11.9848
G01 X167.2835Y15.0360
G01 X164.7165Y15.0360
G01 X161.7791Y12.0986
G01 X161.8153Y12.0652
G01 X164.9165Y8.9640
G01 X167.3835Y8.9640
G01 X170.3709Y11.9514
G00 Z3.0000
G00 X170.5200Y11.9619
G01 Z-0.2000
G01 X170.4943Y11.9787
G01 X170.4628Y12.0021
G01 X170.4426Y12.0187
G01 X170.4041Y12.0540
G01 X167.3241Y15.1340
G01 X164.6759Y15.1340
G01 X161.6300Y12.0881
G01 X161.6557Y12.0712
G01 X161.6872Y12.0478
G01 X161.7074Y12.0313
G01 X161.7460Y11.9959
G01 X164.8759Y8.8660
G01 X167.4241Y8.8660
G01 X170.5200Y11.9619
G00 Z3.0000
G00 X170.6948Y11.9867
G01 Z-0.2000
G01 X170.6653Y11.9972
G01 X170.6501Y12.0036
G01 X170.6146Y12.0203
G01 X170.6001Y12.0281
G01 X170.5664Y12.0483
G01 X170.5527Y12.0575
G01 X170.5212Y12.0808
G01 X170.5084Y12.0913
G01 X170.4734Y12.1233
G01 X167.3647Y15.2320
G01 X164.6353Y15.2320
G01 X161.5266Y12.1233
G01 X161.4916Y12.0913
G01 X161.4788Y12.0808
G01 X161.4551Y12.0633
G01 X161.4847Y12.0527
G01 X161.4999Y12.0464
G01 X161.5354Y12.0296
G01 X161.5500Y12.0218
G01 X161.5836Y12.0017
G01 X161.5973Y11.9925
G01 X161.6289Y11.9691
G01 X161.6416Y11.9587
G01 X161.6767Y11.9266
G01 X164.8353Y8.7680
G01 X167.4647Y8.7680
G01 X170.6233Y11.9266
G01 X170.6584Y11.9587
G01 X170.6711Y11.9691
G01 X170.6948Y11.9867
G00 Z3.0000
G00 X180.2292Y12.4670
G01 Z-0.2000
G01 X182.4691Y10.2271
G01 X182.5482Y10.2745
G01 X182.6051Y10.3049
G01 X182.7027Y10.3511
G01 X182.7624Y10.3758
G01 X182.8640Y10.4122
G01 X182.8643Y10.4115
G01 X182.9258Y10.4309
G01 X183.0305Y10.4571
G01 X183.0939Y10.4697
G01 X183.2006Y10.4856
G01 X183.2649Y10.4919
G01 X183.3727Y10.4972
G01 X183.4050Y10.4980
G01 X184.6750Y10.4980
G01 X184.7073Y10.4972
G01 X184.8151Y10.4919
G01 X184.8151Y10.4908
G01 X184.8794Y10.4856
G01 X184.9941Y10.4685
G01 X185.0495Y10.4571
G01 X185.1542Y10.4309
G01 X185.2160Y10.4122
G01 X185.3176Y10.3758
G01 X185.3773Y10.3511
G01 X185.4749Y10.3049
G01 X185.5318Y10.2745
G01 X185.6244Y10.2190
G01 X185.6781Y10.1831
G01 X185.7648Y10.1188
G01 X185.8147Y10.0779
G01 X185.8947Y10.0054
G01 X185.9404Y9.9597
G01 X186.0129Y9.8797
G01 X186.0119Y9.8789
G01 X186.0538Y9.8298
G01 X186.1213Y9.7387
G01 X186.1540Y9.6894
G01 X186.2095Y9.5968
G01 X186.2399Y9.5399
G01 X186.2861Y9.4423
G01 X186.3108Y9.3826
G01 X186.3472Y9.2810
G01 X186.3464Y9.2807
G01 X186.3659Y9.2192
G01 X186.3773Y9.1736
G01 X188.7441Y11.5403
G01 X188.7441Y12.4670
G01 X180.2292Y12.4670
G00 Z3.0000
G00 X180.4658Y12.3690
G01 Z-0.2000
G01 X182.4843Y10.3505
G01 X182.4978Y10.3586
G01 X182.5632Y10.3935
G01 X182.6608Y10.4397
G01 X182.7294Y10.4681
G01 X182.8310Y10.5044
G01 X182.8313Y10.5036
G01 X182.9020Y10.5260
G01 X183.0067Y10.5522
G01 X183.0795Y10.5667
G01 X183.1863Y10.5825
G01 X183.2601Y10.5898
G01 X183.3679Y10.5951
G01 X183.4050Y10.5960
G01 X184.6750Y10.5960
G01 X184.7121Y10.5951
G01 X184.8199Y10.5898
G01 X184.8199Y10.5886
G01 X184.8937Y10.5825
G01 X185.0097Y10.5653
G01 X185.0733Y10.5522
G01 X185.1780Y10.5260
G01 X185.2490Y10.5044
G01 X185.3506Y10.4681
G01 X185.4192Y10.4397
G01 X185.5168Y10.3935
G01 X185.5822Y10.3586
G01 X185.6748Y10.3031
G01 X185.7365Y10.2618
G01 X185.8232Y10.1975
G01 X185.8805Y10.1505
G01 X185.9605Y10.0780
G01 X186.0130Y10.0255
G01 X186.0855Y9.9455
G01 X186.0844Y9.9446
G01 X186.1325Y9.8882
G01 X186.2005Y9.7965
G01 X186.2381Y9.7398
G01 X186.2936Y9.6472
G01 X186.3285Y9.5818
G01 X186.3747Y9.4842
G01 X186.4031Y9.4156
G01 X186.4236Y9.3584
G01 X188.6461Y11.5809
G01 X188.6461Y12.3690
G01 X180.4658Y12.3690
G00 Z3.0000
G00 X188.8434Y12.5650
G01 Z-0.2000
G01 X179.9927Y12.5650
G01 X182.4562Y10.1014
G01 X182.5060Y10.1349
G01 X182.5986Y10.1904
G01 X182.6470Y10.2163
G01 X182.7446Y10.2625
G01 X182.7954Y10.2835
G01 X182.8970Y10.3199
G01 X182.8972Y10.3193
G01 X182.9496Y10.3359
G01 X183.0543Y10.3621
G01 X183.1082Y10.3728
G01 X183.2150Y10.3886
G01 X183.2697Y10.3940
G01 X183.3775Y10.3993
G01 X183.4050Y10.4000
G01 X184.6750Y10.4000
G01 X184.7025Y10.3993
G01 X184.8103Y10.3940
G01 X184.8103Y10.3931
G01 X184.8650Y10.3886
G01 X184.9786Y10.3718
G01 X185.0257Y10.3621
G01 X185.1304Y10.3359
G01 X185.1830Y10.3199
G01 X185.2846Y10.2835
G01 X185.3354Y10.2625
G01 X185.4330Y10.2163
G01 X185.4814Y10.1904
G01 X185.5740Y10.1349
G01 X185.6197Y10.1044
G01 X185.7064Y10.0401
G01 X185.7489Y10.0052
G01 X185.8289Y9.9328
G01 X185.8678Y9.8939
G01 X185.9402Y9.8139
G01 X185.9395Y9.8132
G01 X185.9751Y9.7714
G01 X186.0421Y9.6810
G01 X186.0699Y9.6390
G01 X186.1254Y9.5464
G01 X186.1513Y9.4980
G01 X186.1975Y9.4004
G01 X186.2185Y9.3496
G01 X186.2549Y9.2480
G01 X186.2543Y9.2477
G01 X186.2709Y9.1954
G01 X186.2971Y9.0907
G01 X186.3078Y9.0368
G01 X186.3170Y8.9747
G01 X188.8421Y11.4997
G01 X188.8421Y12.5250
G01 X188.8434Y12.5650
G00 Z3.0000
G00 X188.9516Y12.6630
G01 Z-0.2000
G01 X179.7561Y12.6630
G01 X182.4467Y9.9723
G01 X182.5217Y10.0280
G01 X182.5564Y10.0509
G01 X182.6489Y10.1064
G01 X182.6889Y10.1278
G01 X182.7865Y10.1739
G01 X182.8284Y10.1913
G01 X182.9300Y10.2276
G01 X182.9302Y10.2271
G01 X182.9734Y10.2408
G01 X183.0781Y10.2670
G01 X183.1226Y10.2759
G01 X183.2294Y10.2917
G01 X183.2745Y10.2961
G01 X183.4050Y10.3020
G01 X184.6750Y10.3020
G01 X184.6977Y10.3014
G01 X184.8055Y10.2961
G01 X184.8055Y10.2954
G01 X184.8506Y10.2917
G01 X184.9630Y10.2750
G01 X185.0019Y10.2670
G01 X185.1066Y10.2408
G01 X185.1500Y10.2276
G01 X185.2516Y10.1913
G01 X185.2935Y10.1739
G01 X185.3911Y10.1278
G01 X185.4311Y10.1064
G01 X185.5236Y10.0509
G01 X185.5613Y10.0257
G01 X185.6480Y9.9614
G01 X185.6831Y9.9326
G01 X185.7631Y9.8601
G01 X185.7951Y9.8281
G01 X185.8676Y9.7481
G01 X185.8670Y9.7475
G01 X185.8964Y9.7130
G01 X185.9607Y9.6263
G01 X185.9859Y9.5886
G01 X186.0414Y9.4961
G01 X186.0628Y9.4561
G01 X186.1089Y9.3585
G01 X186.1263Y9.3166
G01 X186.1626Y9.2150
G01 X186.1621Y9.2148
G01 X186.1758Y9.1716
G01 X186.2020Y9.0669
G01 X186.2109Y9.0224
G01 X186.2267Y8.9156
G01 X186.2311Y8.8705
G01 X186.2364Y8.7555
G01 X188.9401Y11.4591
G01 X188.9401Y12.5250
G01 X188.9426Y12.5869
G01 X188.9433Y12.5868
G01 X188.9470Y12.6320
G01 X188.9516Y12.6630
G00 Z3.0000
G00 X189.0758Y12.7610
G01 Z-0.2000
G01 X179.5195Y12.7610
G01 X182.4405Y9.8399
G01 X182.4627Y9.8600
G01 X182.4632Y9.8595
G01 X182.4903Y9.8827
G01 X182.5795Y9.9488
G01 X182.6067Y9.9668
G01 X182.6993Y10.0223
G01 X182.7308Y10.0392
G01 X182.8284Y10.0853
G01 X182.8614Y10.0990
G01 X182.9631Y10.1354
G01 X182.9972Y10.1457
G01 X183.1020Y10.1720
G01 X183.1370Y10.1789
G01 X183.2438Y10.1948
G01 X183.2793Y10.1983
G01 X183.3871Y10.2036
G01 X184.6750Y10.2040
G01 X184.8007Y10.1983
G01 X184.8007Y10.1977
G01 X184.8362Y10.1948
G01 X184.9474Y10.1782
G01 X184.9780Y10.1720
G01 X185.0828Y10.1457
G01 X185.1169Y10.1354
G01 X185.2186Y10.0990
G01 X185.2516Y10.0853
G01 X185.3492Y10.0392
G01 X185.3807Y10.0223
G01 X185.4733Y9.9668
G01 X185.5030Y9.9470
G01 X185.5897Y9.8827
G01 X185.6173Y9.8600
G01 X185.6973Y9.7875
G01 X185.7225Y9.7623
G01 X185.7950Y9.6823
G01 X185.7945Y9.6818
G01 X185.8177Y9.6547
G01 X185.8838Y9.5655
G01 X185.9018Y9.5383
G01 X185.9573Y9.4457
G01 X185.9742Y9.4142
G01 X186.0203Y9.3166
G01 X186.0340Y9.2836
G01 X186.0704Y9.1819
G01 X186.0807Y9.1478
G01 X186.1070Y9.0430
G01 X186.1139Y9.0080
G01 X186.1298Y8.9012
G01 X186.1333Y8.8657
G01 X186.1386Y8.7579
G01 X186.1386Y8.7221
G01 X186.1333Y8.6143
G01 X186.1327Y8.6143
G01 X186.1298Y8.5788
G01 X186.1178Y8.4983
G01 X189.0381Y11.4185
G01 X189.0385Y12.5428
G01 X189.0404Y12.5820
G01 X189.0410Y12.5820
G01 X189.0439Y12.6176
G01 X189.0504Y12.6608
G01 X189.0567Y12.6915
G01 X189.0662Y12.7295
G01 X189.0758Y12.7610
G00 Z3.0000
G00 X189.2264Y12.8590
G01 Z-0.2000
G01 X179.2829Y12.8590
G01 X182.4378Y9.7041
G01 X182.4485Y9.7149
G01 X182.5285Y9.7874
G01 X182.5289Y9.7870
G01 X182.5487Y9.8040
G01 X182.6372Y9.8696
G01 X182.6571Y9.8828
G01 X182.7497Y9.9383
G01 X182.7727Y9.9506
G01 X182.8703Y9.9967
G01 X182.8944Y10.0067
G01 X182.9961Y10.0431
G01 X183.0211Y10.0507
G01 X183.1258Y10.0769
G01 X183.1514Y10.0820
G01 X183.2582Y10.0978
G01 X183.2841Y10.1004
G01 X183.4050Y10.1060
G01 X184.6750Y10.1060
G01 X184.7959Y10.1004
G01 X184.8218Y10.0978
G01 X184.9319Y10.0815
G01 X184.9542Y10.0769
G01 X185.0589Y10.0507
G01 X185.0839Y10.0431
G01 X185.1856Y10.0067
G01 X185.2097Y9.9967
G01 X185.3073Y9.9506
G01 X185.3303Y9.9383
G01 X185.4229Y9.8828
G01 X185.4446Y9.8683
G01 X185.5313Y9.8040
G01 X185.5515Y9.7874
G01 X185.6315Y9.7149
G01 X185.6499Y9.6965
G01 X185.7224Y9.6165
G01 X185.7220Y9.6161
G01 X185.7390Y9.5963
G01 X185.8046Y9.5078
G01 X185.8178Y9.4879
G01 X185.8733Y9.3953
G01 X185.8856Y9.3723
G01 X185.9317Y9.2747
G01 X185.9417Y9.2506
G01 X185.9781Y9.1489
G01 X185.9857Y9.1239
G01 X186.0119Y9.0192
G01 X186.0170Y8.9936
G01 X186.0328Y8.8868
G01 X186.0354Y8.8609
G01 X186.0407Y8.7531
G01 X186.0407Y8.7269
G01 X186.0354Y8.6191
G01 X186.0328Y8.5932
G01 X186.0165Y8.4831
G01 X186.0119Y8.4608
G01 X185.9857Y8.3561
G01 X185.9781Y8.3311
G01 X185.9417Y8.2294
G01 X185.9317Y8.2053
G01 X185.9033Y8.1451
G01 X189.1361Y11.3779
G01 X189.1361Y12.5250
G01 X189.1383Y12.5772
G01 X189.1409Y12.6032
G01 X189.1471Y12.6453
G01 X189.1517Y12.6676
G01 X189.1613Y12.7057
G01 X189.1689Y12.7307
G01 X189.1821Y12.7677
G01 X189.1921Y12.7918
G01 X189.2088Y12.8273
G01 X189.2264Y12.8590
G00 Z3.0000
G00 X189.4328Y12.9590
G01 Z-0.2000
G01 X189.3875Y12.9570
G01 X179.0434Y12.9570
G01 X179.0767Y12.9266
G01 X182.4409Y9.5624
G01 X182.5027Y9.6306
G01 X182.5144Y9.6423
G01 X182.5943Y9.7148
G01 X182.6071Y9.7253
G01 X182.6949Y9.7904
G01 X182.7075Y9.7987
G01 X182.8001Y9.8542
G01 X182.8146Y9.8620
G01 X182.9122Y9.9081
G01 X182.9275Y9.9144
G01 X183.0291Y9.9508
G01 X183.0449Y9.9556
G01 X183.1496Y9.9818
G01 X183.1657Y9.9850
G01 X183.2725Y10.0009
G01 X183.2889Y10.0025
G01 X183.4050Y10.0080
G01 X184.6750Y10.0080
G01 X184.7911Y10.0025
G01 X184.8075Y10.0009
G01 X184.9163Y9.9847
G01 X184.9304Y9.9818
G01 X185.0351Y9.9556
G01 X185.0509Y9.9508
G01 X185.1525Y9.9144
G01 X185.1678Y9.9081
G01 X185.2654Y9.8620
G01 X185.2799Y9.8542
G01 X185.3725Y9.7987
G01 X185.3862Y9.7896
G01 X185.4729Y9.7253
G01 X185.4857Y9.7148
G01 X185.5656Y9.6423
G01 X185.5773Y9.6306
G01 X185.6498Y9.5507
G01 X185.6603Y9.5379
G01 X185.7254Y9.4501
G01 X185.7337Y9.4375
G01 X185.7892Y9.3449
G01 X185.7970Y9.3304
G01 X185.8431Y9.2328
G01 X185.8494Y9.2175
G01 X185.8858Y9.1159
G01 X185.8906Y9.1001
G01 X185.9168Y8.9954
G01 X185.9200Y8.9793
G01 X185.9359Y8.8725
G01 X185.9375Y8.8561
G01 X185.9428Y8.7482
G01 X185.9428Y8.7318
G01 X185.9375Y8.6239
G01 X185.9359Y8.6075
G01 X185.9197Y8.4987
G01 X185.9168Y8.4846
G01 X185.8906Y8.3799
G01 X185.8858Y8.3641
G01 X185.8494Y8.2625
G01 X185.8431Y8.2472
G01 X185.7970Y8.1496
G01 X185.7892Y8.1351
G01 X185.7337Y8.0425
G01 X185.7246Y8.0288
G01 X185.6603Y7.9421
G01 X185.6498Y7.9293
G01 X185.5773Y7.8494
G01 X185.5656Y7.8377
G01 X185.4857Y7.7652
G01 X185.4729Y7.7547
G01 X185.3851Y7.6896
G01 X185.3725Y7.6813
G01 X185.2799Y7.6258
G01 X185.2442Y7.6080
G01 X185.5047Y7.6080
G01 X189.2341Y11.3374
G01 X189.2341Y12.5250
G01 X189.2362Y12.5724
G01 X189.2378Y12.5888
G01 X189.2439Y12.6297
G01 X189.2563Y12.6819
G01 X189.2611Y12.6977
G01 X189.2743Y12.7347
G01 X189.2807Y12.7499
G01 X189.2974Y12.7854
G01 X189.3052Y12.7999
G01 X189.3254Y12.8336
G01 X189.3346Y12.8473
G01 X189.3579Y12.8788
G01 X189.3684Y12.8916
G01 X189.3948Y12.9206
G01 X189.4328Y12.9590
G00 Z3.0000
G00 X191.1605Y8.8512
G01 Z-0.2000
G01 X191.1551Y8.7366
G01 X191.1611Y8.6219
G01 X191.1770Y8.5143
G01 X191.2065Y8.3971
G01 X191.2455Y8.2891
G01 X191.2948Y8.1855
G01 X191.3538Y8.0876
G01 X191.4228Y7.9952
G01 X191.5002Y7.9103
G01 X191.5855Y7.8335
G01 X191.6722Y7.7692
G01 X191.7705Y7.7098
G01 X191.8741Y7.6605
G01 X191.9821Y7.6215
G01 X192.0993Y7.5920
G01 X192.2069Y7.5761
G01 X192.3216Y7.5701
G01 X193.5950Y7.5700
G01 X193.7063Y7.5754
G01 X193.8199Y7.5919
G01 X193.9313Y7.6195
G01 X194.0395Y7.6578
G01 X194.1435Y7.7066
G01 X194.2474Y7.7688
G01 X194.3398Y7.8378
G01 X194.4247Y7.9152
G01 X194.4972Y7.9952
G01 X194.5697Y8.0929
G01 X194.6252Y8.1855
G01 X194.6745Y8.2891
G01 X194.7135Y8.3971
G01 X194.7431Y8.5151
G01 X194.7589Y8.6219
G01 X194.7649Y8.7366
G01 X194.7596Y8.8513
G01 X194.7431Y8.9649
G01 X194.7155Y9.0763
G01 X194.6772Y9.1845
G01 X194.6284Y9.2885
G01 X194.5662Y9.3924
G01 X194.5015Y9.4795
G01 X194.4247Y9.5648
G01 X194.3398Y9.6422
G01 X194.2478Y9.7108
G01 X194.1495Y9.7702
G01 X194.0459Y9.8195
G01 X193.9379Y9.8585
G01 X193.8207Y9.8880
G01 X193.7131Y9.9039
G01 X193.5984Y9.9099
G01 X192.3250Y9.9100
G01 X192.2137Y9.9046
G01 X192.1001Y9.8881
G01 X191.9887Y9.8605
G01 X191.8741Y9.8195
G01 X191.7705Y9.7702
G01 X191.6726Y9.7112
G01 X191.5855Y9.6465
G01 X191.4953Y9.5648
G01 X191.4185Y9.4795
G01 X191.3542Y9.3928
G01 X191.2916Y9.2885
G01 X191.2455Y9.1909
G01 X191.2065Y9.0829
G01 X191.1770Y8.9657
G01 X191.1605Y8.8512
G00 Z3.0000
G00 X191.0890Y8.7400
G01 Z-0.2000
G01 X191.1128Y8.4989
G01 X191.1831Y8.2670
G01 X191.2973Y8.0533
G01 X191.4511Y7.8661
G01 X191.6383Y7.7123
G01 X191.8520Y7.5981
G01 X192.0839Y7.5278
G01 X192.2646Y7.5100
G01 X193.6554Y7.5100
G01 X193.8361Y7.5278
G01 X194.0680Y7.5981
G01 X194.2817Y7.7123
G01 X194.4689Y7.8661
G01 X194.6227Y8.0533
G01 X194.7369Y8.2670
G01 X194.8072Y8.4989
G01 X194.8310Y8.7400
G01 X194.8072Y8.9811
G01 X194.7369Y9.2130
G01 X194.6227Y9.4267
G01 X194.4689Y9.6139
G01 X194.2817Y9.7677
G01 X194.0680Y9.8819
G01 X193.8361Y9.9522
G01 X193.6554Y9.9700
G01 X192.2646Y9.9700
G01 X192.0839Y9.9522
G01 X191.8520Y9.8819
G01 X191.6383Y9.7677
G01 X191.4511Y9.6139
G01 X191.2973Y9.4267
G01 X191.1831Y9.2130
G01 X191.1128Y8.9811
G01 X191.0890Y8.7400
G00 Z3.0000
G00 X191.1605Y3.7712
G01 Z-0.2000
G01 X191.1551Y3.6566
G01 X191.1611Y3.5419
G01 X191.1770Y3.4343
G01 X191.2065Y3.3171
G01 X191.2455Y3.2091
G01 X191.2948Y3.1055
G01 X191.3538Y3.0076
G01 X191.4228Y2.9152
G01 X191.5002Y2.8303
G01 X191.5855Y2.7535
G01 X191.6722Y2.6892
G01 X191.7705Y2.6298
G01 X191.8741Y2.5805
G01 X191.9821Y2.5415
G01 X192.0993Y2.5120
G01 X192.2069Y2.4961
G01 X192.3216Y2.4901
G01 X193.5950Y2.4900
G01 X193.7063Y2.4954
G01 X193.8199Y2.5119
G01 X193.9313Y2.5395
G01 X194.0395Y2.5778
G01 X194.1435Y2.6266
G01 X194.2474Y2.6888
G01 X194.3398Y2.7578
G01 X194.4247Y2.8352
G01 X194.4972Y2.9152
G01 X194.5697Y3.0129
G01 X194.6252Y3.1055
G01 X194.6745Y3.2091
G01 X194.7135Y3.3171
G01 X194.7431Y3.4351
G01 X194.7589Y3.5419
G01 X194.7649Y3.6566
G01 X194.7596Y3.7713
G01 X194.7431Y3.8849
G01 X194.7155Y3.9963
G01 X194.6772Y4.1045
G01 X194.6284Y4.2085
G01 X194.5662Y4.3124
G01 X194.5015Y4.3995
G01 X194.4247Y4.4848
G01 X194.3398Y4.5622
G01 X194.2478Y4.6308
G01 X194.1495Y4.6902
G01 X194.0459Y4.7395
G01 X193.9379Y4.7785
G01 X193.8207Y4.8080
G01 X193.7131Y4.8239
G01 X193.5984Y4.8299
G01 X192.3250Y4.8300
G01 X192.2137Y4.8246
G01 X192.1001Y4.8081
G01 X191.9887Y4.7805
G01 X191.8741Y4.7395
G01 X191.7705Y4.6902
G01 X191.6726Y4.6312
G01 X191.5855Y4.5665
G01 X191.4953Y4.4848
G01 X191.4185Y4.3995
G01 X191.3542Y4.3128
G01 X191.2916Y4.2085
G01 X191.2455Y4.1109
G01 X191.2065Y4.0029
G01 X191.1770Y3.8857
G01 X191.1605Y3.7712
G00 Z3.0000
G00 X191.0890Y3.6600
G01 Z-0.2000
G01 X191.1128Y3.4189
G01 X191.1831Y3.1870
G01 X191.2973Y2.9733
G01 X191.4511Y2.7861
G01 X191.6383Y2.6323
G01 X191.8520Y2.5181
G01 X192.0839Y2.4478
G01 X192.2646Y2.4300
G01 X193.6554Y2.4300
G01 X193.8361Y2.4478
G01 X194.0680Y2.5181
G01 X194.2817Y2.6323
G01 X194.4689Y2.7861
G01 X194.6227Y2.9733
G01 X194.7369Y3.1870
G01 X194.8072Y3.4189
G01 X194.8310Y3.6600
G01 X194.8072Y3.9011
G01 X194.7369Y4.1330
G01 X194.6227Y4.3467
G01 X194.4689Y4.5339
G01 X194.2817Y4.6877
G01 X194.0680Y4.8019
G01 X193.8361Y4.8722
G01 X193.6554Y4.8900
G01 X192.2646Y4.8900
G01 X192.0839Y4.8722
G01 X191.8520Y4.8019
G01 X191.6383Y4.6877
G01 X191.4511Y4.5339
G01 X191.2973Y4.3467
G01 X191.1831Y4.1330
G01 X191.1128Y3.9011
G01 X191.0890Y3.6600
G00 Z3.0000
G00 X191.0890Y31.6600
G01 Z-0.2000
G01 X191.1128Y31.4189
G01 X191.1831Y31.1870
G01 X191.2973Y30.9733
G01 X191.4511Y30.7861
G01 X191.6383Y30.6323
G01 X191.8520Y30.5181
G01 X192.0839Y30.4478
G01 X192.2646Y30.4300
G01 X193.6554Y30.4300
G01 X193.8361Y30.4478
G01 X194.0680Y30.5181
G01 X194.2817Y30.6323
G01 X194.4689Y30.7861
G01 X194.6227Y30.9733
G01 X194.7369Y31.1870
G01 X194.8072Y31.4189
G01 X194.8310Y31.6600
G01 X194.8072Y31.9011
G01 X194.7369Y32.1330
G01 X194.6227Y32.3467
G01 X194.4689Y32.5339
G01 X194.2817Y32.6877
G01 X194.0680Y32.8019
G01 X193.8361Y32.8722
G01 X193.6554Y32.8900
G01 X192.2646Y32.8900
G01 X192.0839Y32.8722
G01 X191.8520Y32.8019
G01 X191.6383Y32.6877
G01 X191.4511Y32.5339
G01 X191.2973Y32.3467
G01 X191.1831Y32.1330
G01 X191.1128Y31.9011
G01 X191.0890Y31.6600
G00 Z3.0000
G00 X191.1605Y31.7712
G01 Z-0.2000
G01 X191.1551Y31.6566
G01 X191.1611Y31.5419
G01 X191.1770Y31.4343
G01 X191.2065Y31.3171
G01 X191.2455Y31.2091
G01 X191.2948Y31.1055
G01 X191.3538Y31.0076
G01 X191.4228Y30.9152
G01 X191.5002Y30.8303
G01 X191.5855Y30.7535
G01 X191.6722Y30.6892
G01 X191.7705Y30.6298
G01 X191.8741Y30.5805
G01 X191.9821Y30.5415
G01 X192.0993Y30.5120
G01 X192.2069Y30.4961
G01 X192.3216Y30.4901
G01 X193.5950Y30.4900
G01 X193.7063Y30.4954
G01 X193.8199Y30.5119
G01 X193.9313Y30.5395
G01 X194.0395Y30.5778
G01 X194.1435Y30.6266
G01 X194.2474Y30.6888
G01 X194.3398Y30.7578
G01 X194.4247Y30.8352
G01 X194.4972Y30.9152
G01 X194.5697Y31.0129
G01 X194.6252Y31.1055
G01 X194.6745Y31.2091
G01 X194.7135Y31.3171
G01 X194.7431Y31.4351
G01 X194.7589Y31.5419
G01 X194.7649Y31.6566
G01 X194.7596Y31.7713
G01 X194.7431Y31.8849
G01 X194.7155Y31.9963
G01 X194.6772Y32.1045
G01 X194.6284Y32.2085
G01 X194.5662Y32.3124
G01 X194.5015Y32.3995
G01 X194.4247Y32.4848
G01 X194.3398Y32.5622
G01 X194.2478Y32.6308
G01 X194.1495Y32.6902
G01 X194.0459Y32.7395
G01 X193.9379Y32.7785
G01 X193.8207Y32.8080
G01 X193.7131Y32.8239
G01 X193.5984Y32.8299
G01 X192.3250Y32.8300
G01 X192.2137Y32.8246
G01 X192.1001Y32.8081
G01 X191.9887Y32.7805
G01 X191.8741Y32.7395
G01 X191.7705Y32.6902
G01 X191.6726Y32.6312
G01 X191.5855Y32.5665
G01 X191.4953Y32.4848
G01 X191.4185Y32.3995
G01 X191.3542Y32.3128
G01 X191.2916Y32.2085
G01 X191.2455Y32.1109
G01 X191.2065Y32.0029
G01 X191.1770Y31.8857
G01 X191.1605Y31.7712
G00 Z3.0000
G00 X191.0890Y36.7400
G01 Z-0.2000
G01 X191.1128Y36.4989
G01 X191.1831Y36.2670
G01 X191.2973Y36.0533
G01 X191.4511Y35.8661
G01 X191.6383Y35.7123
G01 X191.8520Y35.5981
G01 X192.0839Y35.5278
G01 X192.2646Y35.5100
G01 X193.6554Y35.5100
G01 X193.8361Y35.5278
G01 X194.0680Y35.5981
G01 X194.2817Y35.7123
G01 X194.4689Y35.8661
G01 X194.6227Y36.0533
G01 X194.7369Y36.2670
G01 X194.8072Y36.4989
G01 X194.8310Y36.7400
G01 X194.8072Y36.9811
G01 X194.7369Y37.2130
G01 X194.6227Y37.4267
G01 X194.4689Y37.6139
G01 X194.2817Y37.7677
G01 X194.0680Y37.8819
G01 X193.8361Y37.9522
G01 X193.6554Y37.9700
G01 X192.2646Y37.9700
G01 X192.0839Y37.9522
G01 X191.8520Y37.8819
G01 X191.6383Y37.7677
G01 X191.4511Y37.6139
G01 X191.2973Y37.4267
G01 X191.1831Y37.2130
G01 X191.1128Y36.9811
G01 X191.0890Y36.7400
G00 Z3.0000
G00 X191.1605Y36.8512
G01 Z-0.2000
G01 X191.1551Y36.7366
G01 X191.1611Y36.6219
G01 X191.1770Y36.5143
G01 X191.2065Y36.3971
G01 X191.2455Y36.2891
G01 X191.2948Y36.1855
G01 X191.3538Y36.0876
G01 X191.4228Y35.9952
G01 X191.5002Y35.9103
G01 X191.5855Y35.8335
G01 X191.6722Y35.7692
G01 X191.7705Y35.7098
G01 X191.8741Y35.6605
G01 X191.9821Y35.6215
G01 X192.0993Y35.5920
G01 X192.2069Y35.5761
G01 X192.3216Y35.5701
G01 X193.5950Y35.5700
G01 X193.7063Y35.5754
G01 X193.8199Y35.5919
G01 X193.9313Y35.6195
G01 X194.0395Y35.6578
G01 X194.1435Y35.7066
G01 X194.2474Y35.7688
G01 X194.3398Y35.8378
G01 X194.4247Y35.9152
G01 X194.4972Y35.9952
G01 X194.5697Y36.0929
G01 X194.6252Y36.1855
G01 X194.6745Y36.2891
G01 X194.7135Y36.3971
G01 X194.7431Y36.5151
G01 X194.7589Y36.6219
G01 X194.7649Y36.7366
G01 X194.7596Y36.8513
G01 X194.7431Y36.9649
G01 X194.7155Y37.0763
G01 X194.6772Y37.1845
G01 X194.6284Y37.2885
G01 X194.5662Y37.3924
G01 X194.5015Y37.4795
G01 X194.4247Y37.5648
G01 X194.3398Y37.6422
G01 X194.2478Y37.7108
G01 X194.1495Y37.7702
G01 X194.0459Y37.8195
G01 X193.9379Y37.8585
G01 X193.8207Y37.8880
G01 X193.7131Y37.9039
G01 X193.5984Y37.9099
G01 X192.3250Y37.9100
G01 X192.2137Y37.9046
G01 X192.1001Y37.8881
G01 X191.9887Y37.8605
G01 X191.8741Y37.8195
G01 X191.7705Y37.7702
G01 X191.6726Y37.7112
G01 X191.5855Y37.6465
G01 X191.4953Y37.5648
G01 X191.4185Y37.4795
G01 X191.3542Y37.3928
G01 X191.2916Y37.2885
G01 X191.2455Y37.1909
G01 X191.2065Y37.0829
G01 X191.1770Y36.9657
G01 X191.1605Y36.8512
G00 Z3.0000
G00 X188.8434Y40.5650
G01 Z-0.2000
G01 X179.9927Y40.5650
G01 X182.4562Y38.1014
G01 X182.5060Y38.1349
G01 X182.5986Y38.1904
G01 X182.6470Y38.2163
G01 X182.7446Y38.2625
G01 X182.7954Y38.2835
G01 X182.8970Y38.3199
G01 X182.8972Y38.3193
G01 X182.9496Y38.3359
G01 X183.0543Y38.3621
G01 X183.1082Y38.3728
G01 X183.2150Y38.3886
G01 X183.2697Y38.3940
G01 X183.3775Y38.3993
G01 X183.4050Y38.4000
G01 X184.6750Y38.4000
G01 X184.7025Y38.3993
G01 X184.8103Y38.3940
G01 X184.8103Y38.3931
G01 X184.8650Y38.3886
G01 X184.9786Y38.3718
G01 X185.0257Y38.3621
G01 X185.1304Y38.3359
G01 X185.1830Y38.3199
G01 X185.2846Y38.2835
G01 X185.3354Y38.2625
G01 X185.4330Y38.2163
G01 X185.4814Y38.1904
G01 X185.5740Y38.1349
G01 X185.6197Y38.1044
G01 X185.7064Y38.0401
G01 X185.7489Y38.0052
G01 X185.8289Y37.9328
G01 X185.8678Y37.8939
G01 X185.9402Y37.8139
G01 X185.9395Y37.8132
G01 X185.9751Y37.7714
G01 X186.0421Y37.6810
G01 X186.0699Y37.6390
G01 X186.1254Y37.5464
G01 X186.1513Y37.4980
G01 X186.1975Y37.4004
G01 X186.2185Y37.3496
G01 X186.2549Y37.2480
G01 X186.2543Y37.2477
G01 X186.2709Y37.1954
G01 X186.2971Y37.0907
G01 X186.3078Y37.0368
G01 X186.3170Y36.9747
G01 X188.8421Y39.4997
G01 X188.8421Y40.5250
G01 X188.8434Y40.5650
G00 Z3.0000
G00 X188.9516Y40.6630
G01 Z-0.2000
G01 X179.7561Y40.6630
G01 X182.4467Y37.9723
G01 X182.5217Y38.0280
G01 X182.5564Y38.0509
G01 X182.6489Y38.1064
G01 X182.6889Y38.1278
G01 X182.7865Y38.1739
G01 X182.8284Y38.1913
G01 X182.9300Y38.2276
G01 X182.9302Y38.2271
G01 X182.9734Y38.2408
G01 X183.0781Y38.2670
G01 X183.1226Y38.2759
G01 X183.2294Y38.2917
G01 X183.2745Y38.2961
G01 X183.4050Y38.3020
G01 X184.6750Y38.3020
G01 X184.6977Y38.3014
G01 X184.8055Y38.2961
G01 X184.8055Y38.2954
G01 X184.8506Y38.2917
G01 X184.9630Y38.2750
G01 X185.0019Y38.2670
G01 X185.1066Y38.2408
G01 X185.1500Y38.2276
G01 X185.2516Y38.1913
G01 X185.2935Y38.1739
G01 X185.3911Y38.1278
G01 X185.4311Y38.1064
G01 X185.5236Y38.0509
G01 X185.5613Y38.0257
G01 X185.6480Y37.9614
G01 X185.6831Y37.9326
G01 X185.7631Y37.8601
G01 X185.7951Y37.8281
G01 X185.8676Y37.7481
G01 X185.8670Y37.7475
G01 X185.8964Y37.7130
G01 X185.9607Y37.6263
G01 X185.9859Y37.5886
G01 X186.0414Y37.4961
G01 X186.0628Y37.4561
G01 X186.1089Y37.3585
G01 X186.1263Y37.3166
G01 X186.1626Y37.2150
G01 X186.1621Y37.2148
G01 X186.1758Y37.1716
G01 X186.2020Y37.0669
G01 X186.2109Y37.0224
G01 X186.2267Y36.9156
G01 X186.2311Y36.8705
G01 X186.2364Y36.7555
G01 X188.9401Y39.4591
G01 X188.9401Y40.5250
G01 X188.9426Y40.5869
G01 X188.9433Y40.5868
G01 X188.9470Y40.6320
G01 X188.9516Y40.6630
G00 Z3.0000
G00 X189.0758Y40.7610
G01 Z-0.2000
G01 X179.5195Y40.7610
G01 X182.4405Y37.8399
G01 X182.4627Y37.8600
G01 X182.4632Y37.8595
G01 X182.4903Y37.8827
G01 X182.5795Y37.9488
G01 X182.6067Y37.9668
G01 X182.6993Y38.0223
G01 X182.7308Y38.0392
G01 X182.8284Y38.0853
G01 X182.8614Y38.0990
G01 X182.9631Y38.1354
G01 X182.9972Y38.1457
G01 X183.1020Y38.1720
G01 X183.1370Y38.1789
G01 X183.2438Y38.1948
G01 X183.2793Y38.1983
G01 X183.3871Y38.2036
G01 X184.6750Y38.2040
G01 X184.8007Y38.1983
G01 X184.8007Y38.1977
G01 X184.8362Y38.1948
G01 X184.9474Y38.1782
G01 X184.9780Y38.1720
G01 X185.0828Y38.1457
G01 X185.1169Y38.1354
G01 X185.2186Y38.0990
G01 X185.2516Y38.0853
G01 X185.3492Y38.0392
G01 X185.3807Y38.0223
G01 X185.4733Y37.9668
G01 X185.5030Y37.9470
G01 X185.5897Y37.8827
G01 X185.6173Y37.8600
G01 X185.6973Y37.7875
G01 X185.7225Y37.7623
G01 X185.7950Y37.6823
G01 X185.7945Y37.6818
G01 X185.8177Y37.6547
G01 X185.8838Y37.5655
G01 X185.9018Y37.5383
G01 X185.9573Y37.4457
G01 X185.9742Y37.4142
G01 X186.0203Y37.3166
G01 X186.0340Y37.2836
G01 X186.0704Y37.1819
G01 X186.0807Y37.1478
G01 X186.1070Y37.0430
G01 X186.1139Y37.0080
G01 X186.1298Y36.9012
G01 X186.1333Y36.8657
G01 X186.1386Y36.7579
G01 X186.1386Y36.7221
G01 X186.1333Y36.6143
G01 X186.1327Y36.6143
G01 X186.1298Y36.5788
G01 X186.1178Y36.4983
G01 X189.0381Y39.4185
G01 X189.0385Y40.5428
G01 X189.0404Y40.5820
G01 X189.0410Y40.5820
G01 X189.0439Y40.6176
G01 X189.0504Y40.6608
G01 X189.0567Y40.6915
G01 X189.0662Y40.7295
G01 X189.0758Y40.7610
G00 Z3.0000
G00 X189.2264Y40.8590
G01 Z-0.2000
G01 X179.2829Y40.8590
G01 X182.4378Y37.7041
G01 X182.4485Y37.7149
G01 X182.5285Y37.7874
G01 X182.5289Y37.7870
G01 X182.5487Y37.8040
G01 X182.6372Y37.8696
G01 X182.6571Y37.8828
G01 X182.7497Y37.9383
G01 X182.7727Y37.9506
G01 X182.8703Y37.9967
G01 X182.8944Y38.0067
G01 X182.9961Y38.0431
G01 X183.0211Y38.0507
G01 X183.1258Y38.0769
G01 X183.1514Y38.0820
G01 X183.2582Y38.0978
G01 X183.2841Y38.1004
G01 X183.4050Y38.1060
G01 X184.6750Y38.1060
G01 X184.7959Y38.1004
G01 X184.8218Y38.0978
G01 X184.9319Y38.0815
G01 X184.9542Y38.0769
G01 X185.0589Y38.0507
G01 X185.0839Y38.0431
G01 X185.1856Y38.0067
G01 X185.2097Y37.9967
G01 X185.3073Y37.9506
G01 X185.3303Y37.9383
G01 X185.4229Y37.8828
G01 X185.4446Y37.8683
G01 X185.5313Y37.8040
G01 X185.5515Y37.7874
G01 X185.6315Y37.7149
G01 X185.6499Y37.6965
G01 X185.7224Y37.6165
G01 X185.7220Y37.6161
G01 X185.7390Y37.5963
G01 X185.8046Y37.5078
G01 X185.8178Y37.4879
G01 X185.8733Y37.3953
G01 X185.8856Y37.3723
G01 X185.9317Y37.2747
G01 X185.9417Y37.2506
G01 X185.9781Y37.1489
G01 X185.9857Y37.1239
G01 X186.0119Y37.0192
G01 X186.0170Y36.9936
G01 X186.0328Y36.8868
G01 X186.0354Y36.8609
G01 X186.0407Y36.7531
G01 X186.0407Y36.7269
G01 X186.0354Y36.6191
G01 X186.0328Y36.5932
G01 X186.0165Y36.4831
G01 X186.0119Y36.4608
G01 X185.9857Y36.3561
G01 X185.9781Y36.3311
G01 X185.9417Y36.2294
G01 X185.9317Y36.2053
G01 X185.9033Y36.1451
G01 X189.1361Y39.3779
G01 X189.1361Y40.5250
G01 X189.1383Y40.5772
G01 X189.1409Y40.6032
G01 X189.1471Y40.6453
G01 X189.1517Y40.6676
G01 X189.1613Y40.7057
G01 X189.1689Y40.7307
G01 X189.1821Y40.7677
G01 X189.1921Y40.7918
G01 X189.2088Y40.8273
G01 X189.2264Y40.8590
G00 Z3.0000
G00 X189.4328Y40.9590
G01 Z-0.2000
G01 X189.3875Y40.9570
G01 X179.0434Y40.9570
G01 X179.0767Y40.9266
G01 X182.4409Y37.5624
G01 X182.5027Y37.6306
G01 X182.5144Y37.6423
G01 X182.5943Y37.7148
G01 X182.6071Y37.7253
G01 X182.6949Y37.7904
G01 X182.7075Y37.7987
G01 X182.8001Y37.8542
G01 X182.8146Y37.8620
G01 X182.9122Y37.9081
G01 X182.9275Y37.9144
G01 X183.0291Y37.9508
G01 X183.0449Y37.9556
G01 X183.1496Y37.9818
G01 X183.1657Y37.9850
G01 X183.2725Y38.0009
G01 X183.2889Y38.0025
G01 X183.4050Y38.0080
G01 X184.6750Y38.0080
G01 X184.7911Y38.0025
G01 X184.8075Y38.0009
G01 X184.9163Y37.9847
G01 X184.9304Y37.9818
G01 X185.0351Y37.9556
G01 X185.0509Y37.9508
G01 X185.1525Y37.9144
G01 X185.1678Y37.9081
G01 X185.2654Y37.8620
G01 X185.2799Y37.8542
G01 X185.3725Y37.7987
G01 X185.3862Y37.7896
G01 X185.4729Y37.7253
G01 X185.4857Y37.7148
G01 X185.5656Y37.6423
G01 X185.5773Y37.6306
G01 X185.6498Y37.5507
G01 X185.6603Y37.5379
G01 X185.7254Y37.4501
G01 X185.7337Y37.4375
G01 X185.7892Y37.3449
G01 X185.7970Y37.3304
G01 X185.8431Y37.2328
G01 X185.8494Y37.2175
G01 X185.8858Y37.1159
G01 X185.8906Y37.1001
G01 X185.9168Y36.9954
G01 X185.9200Y36.9793
G01 X185.9359Y36.8725
G01 X185.9375Y36.8561
G01 X185.9428Y36.7482
G01 X185.9428Y36.7318
G01 X185.9375Y36.6239
G01 X185.9359Y36.6075
G01 X185.9197Y36.4987
G01 X185.9168Y36.4846
G01 X185.8906Y36.3799
G01 X185.8858Y36.3641
G01 X185.8494Y36.2625
G01 X185.8431Y36.2472
G01 X185.7970Y36.1496
G01 X185.7892Y36.1351
G01 X185.7337Y36.0425
G01 X185.7246Y36.0288
G01 X185.6603Y35.9421
G01 X185.6498Y35.9293
G01 X185.5773Y35.8494
G01 X185.5656Y35.8377
G01 X185.4857Y35.7652
G01 X185.4729Y35.7547
G01 X185.3851Y35.6896
G01 X185.3725Y35.6813
G01 X185.2799Y35.6258
G01 X185.2442Y35.6080
G01 X185.5047Y35.6080
G01 X189.2341Y39.3374
G01 X189.2341Y40.5250
G01 X189.2362Y40.5724
G01 X189.2378Y40.5888
G01 X189.2439Y40.6297
G01 X189.2563Y40.6819
G01 X189.2611Y40.6977
G01 X189.2743Y40.7347
G01 X189.2807Y40.7499
G01 X189.2974Y40.7854
G01 X189.3052Y40.7999
G01 X189.3254Y40.8336
G01 X189.3346Y40.8473
G01 X189.3579Y40.8788
G01 X189.3684Y40.8916
G01 X189.3948Y40.9206
G01 X189.4328Y40.9590
G00 Z3.0000
G00 X180.4658Y40.3690
G01 Z-0.2000
G01 X182.4843Y38.3505
G01 X182.4978Y38.3586
G01 X182.5632Y38.3935
G01 X182.6608Y38.4397
G01 X182.7294Y38.4681
G01 X182.8310Y38.5044
G01 X182.8313Y38.5036
G01 X182.9020Y38.5260
G01 X183.0067Y38.5522
G01 X183.0795Y38.5667
G01 X183.1863Y38.5825
G01 X183.2601Y38.5898
G01 X183.3679Y38.5951
G01 X183.4050Y38.5960
G01 X184.6750Y38.5960
G01 X184.7121Y38.5951
G01 X184.8199Y38.5898
G01 X184.8199Y38.5886
G01 X184.8937Y38.5825
G01 X185.0097Y38.5653
G01 X185.0733Y38.5522
G01 X185.1780Y38.5260
G01 X185.2490Y38.5044
G01 X185.3506Y38.4681
G01 X185.4192Y38.4397
G01 X185.5168Y38.3935
G01 X185.5822Y38.3586
G01 X185.6748Y38.3031
G01 X185.7365Y38.2618
G01 X185.8232Y38.1975
G01 X185.8805Y38.1505
G01 X185.9605Y38.0780
G01 X186.0130Y38.0255
G01 X186.0855Y37.9455
G01 X186.0844Y37.9446
G01 X186.1325Y37.8882
G01 X186.2005Y37.7965
G01 X186.2381Y37.7398
G01 X186.2936Y37.6472
G01 X186.3285Y37.5818
G01 X186.3747Y37.4842
G01 X186.4031Y37.4156
G01 X186.4236Y37.3584
G01 X188.6461Y39.5809
G01 X188.6461Y40.3690
G01 X180.4658Y40.3690
G00 Z3.0000
G00 X180.2292Y40.4670
G01 Z-0.2000
G01 X182.4691Y38.2271
G01 X182.5482Y38.2745
G01 X182.6051Y38.3049
G01 X182.7027Y38.3511
G01 X182.7624Y38.3758
G01 X182.8640Y38.4122
G01 X182.8643Y38.4115
G01 X182.9258Y38.4309
G01 X183.0305Y38.4571
G01 X183.0939Y38.4697
G01 X183.2006Y38.4856
G01 X183.2649Y38.4919
G01 X183.3727Y38.4972
G01 X183.4050Y38.4980
G01 X184.6750Y38.4980
G01 X184.7073Y38.4972
G01 X184.8151Y38.4919
G01 X184.8151Y38.4908
G01 X184.8794Y38.4856
G01 X184.9941Y38.4685
G01 X185.0495Y38.4571
G01 X185.1542Y38.4309
G01 X185.2160Y38.4122
G01 X185.3176Y38.3758
G01 X185.3773Y38.3511
G01 X185.4749Y38.3049
G01 X185.5318Y38.2745
G01 X185.6244Y38.2190
G01 X185.6781Y38.1831
G01 X185.7648Y38.1188
G01 X185.8147Y38.0779
G01 X185.8947Y38.0054
G01 X185.9404Y37.9597
G01 X186.0129Y37.8797
G01 X186.0119Y37.8789
G01 X186.0538Y37.8298
G01 X186.1213Y37.7387
G01 X186.1540Y37.6894
G01 X186.2095Y37.5968
G01 X186.2399Y37.5399
G01 X186.2861Y37.4423
G01 X186.3108Y37.3826
G01 X186.3472Y37.2810
G01 X186.3464Y37.2807
G01 X186.3659Y37.2192
G01 X186.3773Y37.1736
G01 X188.7441Y39.5403
G01 X188.7441Y40.4670
G01 X180.2292Y40.4670
G00 Z3.0000
G00 X170.6948Y39.9867
G01 Z-0.2000
G01 X170.6653Y39.9972
G01 X170.6501Y40.0036
G01 X170.6146Y40.0203
G01 X170.6001Y40.0281
G01 X170.5664Y40.0483
G01 X170.5527Y40.0575
G01 X170.5212Y40.0808
G01 X170.5084Y40.0913
G01 X170.4734Y40.1233
G01 X167.3647Y43.2320
G01 X164.6353Y43.2320
G01 X161.5266Y40.1233
G01 X161.4916Y40.0913
G01 X161.4788Y40.0808
G01 X161.4551Y40.0633
G01 X161.4847Y40.0527
G01 X161.4999Y40.0464
G01 X161.5354Y40.0296
G01 X161.5500Y40.0218
G01 X161.5836Y40.0017
G01 X161.5973Y39.9925
G01 X161.6289Y39.9691
G01 X161.6416Y39.9587
G01 X161.6767Y39.9266
G01 X164.8353Y36.7680
G01 X167.4647Y36.7680
G01 X170.6233Y39.9266
G01 X170.6584Y39.9587
G01 X170.6711Y39.9691
G01 X170.6948Y39.9867
G00 Z3.0000
G00 X170.5200Y39.9619
G01 Z-0.2000
G01 X170.4943Y39.9787
G01 X170.4628Y40.0021
G01 X170.4426Y40.0187
G01 X170.4041Y40.0540
G01 X167.3241Y43.1340
G01 X164.6759Y43.1340
G01 X161.6300Y40.0881
G01 X161.6557Y40.0712
G01 X161.6872Y40.0478
G01 X161.7074Y40.0313
G01 X161.7460Y39.9959
G01 X164.8759Y36.8660
G01 X167.4241Y36.8660
G01 X170.5200Y39.9619
G00 Z3.0000
G00 X170.3709Y39.9514
G01 Z-0.2000
G01 X170.3348Y39.9848
G01 X167.2835Y43.0360
G01 X164.7165Y43.0360
G01 X161.7791Y40.0986
G01 X161.8153Y40.0652
G01 X164.9165Y36.9640
G01 X167.3835Y36.9640
G01 X170.3709Y39.9514
G00 Z3.0000
G00 X170.2309Y39.9500
G01 Z-0.2000
G01 X167.2429Y42.9380
G01 X164.7571Y42.9380
G01 X161.9191Y40.1000
G01 X164.9571Y37.0620
G01 X167.3429Y37.0620
G01 X170.2309Y39.9500
G00 Z3.0000
G00 X170.0924Y39.9500
G01 Z-0.2000
G01 X167.2024Y42.8400
G01 X164.7976Y42.8400
G01 X162.0576Y40.1000
G01 X164.9976Y37.1600
G01 X167.3024Y37.1600
G01 X170.0924Y39.9500
G00 Z3.0000
G00 X169.9538Y39.9500
G01 Z-0.2000
G01 X167.1618Y42.7420
G01 X164.8382Y42.7420
G01 X162.1962Y40.1000
G01 X165.0382Y37.2580
G01 X167.2618Y37.2580
G01 X169.9538Y39.9500
G00 Z3.0000
G00 X162.3348Y40.1000
G01 Z-0.2000
G01 X165.0788Y37.3560
G01 X167.2212Y37.3560
G01 X169.8152Y39.9500
G01 X167.1212Y42.6440
G01 X164.8788Y42.6440
G01 X162.3348Y40.1000
G00 Z3.0000
G00 X153.3565Y39.9570
G01 Z-0.2000
G01 X135.0013Y39.9570
G01 X137.4200Y37.5383
G01 X137.4302Y37.5507
G01 X137.5027Y37.6306
G01 X137.5144Y37.6423
G01 X137.5943Y37.7148
G01 X137.6071Y37.7253
G01 X137.6949Y37.7904
G01 X137.7075Y37.7987
G01 X137.8001Y37.8542
G01 X137.8146Y37.8620
G01 X137.9122Y37.9081
G01 X137.9275Y37.9144
G01 X138.0291Y37.9508
G01 X138.0449Y37.9556
G01 X138.1496Y37.9818
G01 X138.1657Y37.9850
G01 X138.2725Y38.0009
G01 X138.2889Y38.0025
G01 X138.4050Y38.0080
G01 X139.6750Y38.0080
G01 X139.7911Y38.0025
G01 X139.8075Y38.0009
G01 X139.9163Y37.9847
G01 X139.9304Y37.9818
G01 X140.0351Y37.9556
G01 X140.0509Y37.9508
G01 X140.1525Y37.9144
G01 X140.1678Y37.9081
G01 X140.2654Y37.8620
G01 X140.2799Y37.8542
G01 X140.3725Y37.7987
G01 X140.3862Y37.7896
G01 X140.4729Y37.7253
G01 X140.4857Y37.7148
G01 X140.5656Y37.6423
G01 X140.5773Y37.6306
G01 X140.6498Y37.5507
G01 X140.6603Y37.5379
G01 X140.7254Y37.4501
G01 X140.7337Y37.4375
G01 X140.7892Y37.3449
G01 X140.7970Y37.3304
G01 X140.8431Y37.2328
G01 X140.8494Y37.2175
G01 X140.8858Y37.1159
G01 X140.8906Y37.1001
G01 X140.9168Y36.9954
G01 X140.9200Y36.9793
G01 X140.9359Y36.8725
G01 X140.9375Y36.8561
G01 X140.9428Y36.7482
G01 X140.9428Y36.7318
G01 X140.9375Y36.6239
G01 X140.9359Y36.6080
G01 X146.0641Y36.6080
G01 X146.0625Y36.6239
G01 X146.0572Y36.7318
G01 X146.0572Y36.7482
G01 X146.0625Y36.8561
G01 X146.0641Y36.8725
G01 X146.0803Y36.9813
G01 X146.0832Y36.9954
G01 X146.1094Y37.1001
G01 X146.1142Y37.1159
G01 X146.1506Y37.2175
G01 X146.1569Y37.2328
G01 X146.2030Y37.3304
G01 X146.2108Y37.3449
G01 X146.2663Y37.4375
G01 X146.2754Y37.4512
G01 X146.3397Y37.5379
G01 X146.3502Y37.5507
G01 X146.4227Y37.6306
G01 X146.4344Y37.6423
G01 X146.5143Y37.7148
G01 X146.5271Y37.7253
G01 X146.6149Y37.7904
G01 X146.6275Y37.7987
G01 X146.7201Y37.8542
G01 X146.7346Y37.8620
G01 X146.8322Y37.9081
G01 X146.8475Y37.9144
G01 X146.9491Y37.9508
G01 X146.9649Y37.9556
G01 X147.0696Y37.9818
G01 X147.0857Y37.9850
G01 X147.1925Y38.0009
G01 X147.2089Y38.0025
G01 X147.3250Y38.0080
G01 X148.6032Y38.0078
G01 X148.7111Y38.0025
G01 X148.7275Y38.0009
G01 X148.8363Y37.9847
G01 X148.8504Y37.9818
G01 X148.9551Y37.9556
G01 X148.9709Y37.9508
G01 X149.0725Y37.9144
G01 X149.0878Y37.9081
G01 X149.1854Y37.8620
G01 X149.1999Y37.8542
G01 X149.2925Y37.7987
G01 X149.3062Y37.7896
G01 X149.3929Y37.7253
G01 X149.4057Y37.7148
G01 X149.4856Y37.6423
G01 X149.4973Y37.6306
G01 X149.5698Y37.5507
G01 X149.5803Y37.5379
G01 X149.6454Y37.4501
G01 X149.6537Y37.4375
G01 X149.7092Y37.3449
G01 X149.7170Y37.3304
G01 X149.7631Y37.2328
G01 X149.7694Y37.2175
G01 X149.8058Y37.1159
G01 X149.8106Y37.1001
G01 X149.8368Y36.9954
G01 X149.8400Y36.9793
G01 X149.8559Y36.8725
G01 X149.8575Y36.8561
G01 X149.8628Y36.7482
G01 X149.8628Y36.7318
G01 X149.8575Y36.6239
G01 X149.8559Y36.6075
G01 X149.8397Y36.4987
G01 X149.8368Y36.4846
G01 X149.8106Y36.3799
G01 X149.7979Y36.3420
G01 X153.1770Y39.7211
G01 X153.1954Y39.7604
G01 X153.2031Y39.7749
G01 X153.2233Y39.8086
G01 X153.2325Y39.8223
G01 X153.2559Y39.8538
G01 X153.2663Y39.8666
G01 X153.2984Y39.9016
G01 X153.3293Y39.9323
G01 X153.3565Y39.9570
G00 Z3.0000
G00 X153.1393Y39.8590
G01 Z-0.2000
G01 X135.2379Y39.8590
G01 X137.4160Y37.6809
G01 X137.4301Y37.6965
G01 X137.4485Y37.7149
G01 X137.5285Y37.7874
G01 X137.5289Y37.7870
G01 X137.5487Y37.8040
G01 X137.6372Y37.8696
G01 X137.6571Y37.8828
G01 X137.7497Y37.9383
G01 X137.7727Y37.9506
G01 X137.8703Y37.9967
G01 X137.8944Y38.0067
G01 X137.9961Y38.0431
G01 X138.0211Y38.0507
G01 X138.1258Y38.0769
G01 X138.1514Y38.0820
G01 X138.2582Y38.0978
G01 X138.2841Y38.1004
G01 X138.4050Y38.1060
G01 X139.6881Y38.1057
G01 X139.7959Y38.1004
G01 X139.8218Y38.0978
G01 X139.9319Y38.0815
G01 X139.9542Y38.0769
G01 X140.0589Y38.0507
G01 X140.0839Y38.0431
G01 X140.1856Y38.0067
G01 X140.2097Y37.9967
G01 X140.3073Y37.9506
G01 X140.3303Y37.9383
G01 X140.4229Y37.8828
G01 X140.4446Y37.8683
G01 X140.5313Y37.8040
G01 X140.5515Y37.7874
G01 X140.6315Y37.7149
G01 X140.6499Y37.6965
G01 X140.7224Y37.6165
G01 X140.7220Y37.6161
G01 X140.7390Y37.5963
G01 X140.8046Y37.5078
G01 X140.8178Y37.4879
G01 X140.8733Y37.3953
G01 X140.8856Y37.3723
G01 X140.9317Y37.2747
G01 X140.9417Y37.2506
G01 X140.9781Y37.1489
G01 X140.9857Y37.1239
G01 X141.0119Y37.0192
G01 X141.0170Y36.9936
G01 X141.0328Y36.8868
G01 X141.0354Y36.8609
G01 X141.0407Y36.7531
G01 X141.0407Y36.7269
G01 X141.0397Y36.7060
G01 X145.9603Y36.7060
G01 X145.9593Y36.7269
G01 X145.9593Y36.7531
G01 X145.9646Y36.8609
G01 X145.9672Y36.8868
G01 X145.9835Y36.9969
G01 X145.9881Y37.0192
G01 X146.0143Y37.1239
G01 X146.0219Y37.1489
G01 X146.0583Y37.2506
G01 X146.0683Y37.2747
G01 X146.1144Y37.3723
G01 X146.1267Y37.3953
G01 X146.1822Y37.4879
G01 X146.1967Y37.5096
G01 X146.2610Y37.5963
G01 X146.2776Y37.6165
G01 X146.3501Y37.6965
G01 X146.3685Y37.7149
G01 X146.4485Y37.7874
G01 X146.4489Y37.7870
G01 X146.4687Y37.8040
G01 X146.5572Y37.8696
G01 X146.5771Y37.8828
G01 X146.6697Y37.9383
G01 X146.6927Y37.9506
G01 X146.7903Y37.9967
G01 X146.8144Y38.0067
G01 X146.9161Y38.0431
G01 X146.9411Y38.0507
G01 X147.0458Y38.0769
G01 X147.0714Y38.0820
G01 X147.1782Y38.0978
G01 X147.2041Y38.1004
G01 X147.3250Y38.1060
G01 X148.5950Y38.1060
G01 X148.7159Y38.1004
G01 X148.7418Y38.0978
G01 X148.8519Y38.0815
G01 X148.8742Y38.0769
G01 X148.9789Y38.0507
G01 X149.0039Y38.0431
G01 X149.1056Y38.0067
G01 X149.1297Y37.9967
G01 X149.2273Y37.9506
G01 X149.2503Y37.9383
G01 X149.3429Y37.8828
G01 X149.3646Y37.8683
G01 X149.4513Y37.8040
G01 X149.4715Y37.7874
G01 X149.5515Y37.7149
G01 X149.5699Y37.6965
G01 X149.6424Y37.6165
G01 X149.6420Y37.6161
G01 X149.6590Y37.5963
G01 X149.7246Y37.5078
G01 X149.7378Y37.4879
G01 X149.7933Y37.3953
G01 X149.8056Y37.3723
G01 X149.8517Y37.2747
G01 X149.8617Y37.2506
G01 X149.8981Y37.1489
G01 X149.9057Y37.1239
G01 X149.9319Y37.0192
G01 X149.9370Y36.9936
G01 X149.9528Y36.8868
G01 X149.9554Y36.8609
G01 X149.9607Y36.7531
G01 X149.9607Y36.7269
G01 X149.9564Y36.6391
G01 X153.0953Y39.7779
G01 X153.1068Y39.8023
G01 X153.1191Y39.8253
G01 X153.1393Y39.8590
G00 Z3.0000
G00 X152.9397Y39.7610
G01 Z-0.2000
G01 X135.4745Y39.7610
G01 X137.4170Y37.8185
G01 X137.4627Y37.8600
G01 X137.4632Y37.8595
G01 X137.4903Y37.8827
G01 X137.5795Y37.9488
G01 X137.6067Y37.9668
G01 X137.6993Y38.0223
G01 X137.7308Y38.0392
G01 X137.8284Y38.0853
G01 X137.8614Y38.0990
G01 X137.9631Y38.1354
G01 X137.9972Y38.1457
G01 X138.1020Y38.1720
G01 X138.1370Y38.1789
G01 X138.2438Y38.1948
G01 X138.2793Y38.1983
G01 X138.4050Y38.2040
G01 X139.6750Y38.2040
G01 X139.8007Y38.1983
G01 X139.8007Y38.1977
G01 X139.8362Y38.1948
G01 X139.9474Y38.1782
G01 X139.9780Y38.1720
G01 X140.0828Y38.1457
G01 X140.1169Y38.1354
G01 X140.2186Y38.0990
G01 X140.2516Y38.0853
G01 X140.3492Y38.0392
G01 X140.3807Y38.0223
G01 X140.4733Y37.9668
G01 X140.5030Y37.9470
G01 X140.5897Y37.8827
G01 X140.6173Y37.8600
G01 X140.6973Y37.7875
G01 X140.7225Y37.7623
G01 X140.7950Y37.6823
G01 X140.7945Y37.6818
G01 X140.8177Y37.6547
G01 X140.8838Y37.5655
G01 X140.9018Y37.5383
G01 X140.9573Y37.4457
G01 X140.9742Y37.4142
G01 X141.0203Y37.3166
G01 X141.0340Y37.2836
G01 X141.0704Y37.1819
G01 X141.0807Y37.1478
G01 X141.1070Y37.0430
G01 X141.1139Y37.0080
G01 X141.1298Y36.9012
G01 X141.1333Y36.8657
G01 X141.1363Y36.8040
G01 X145.8637Y36.8040
G01 X145.8667Y36.8657
G01 X145.8673Y36.8657
G01 X145.8702Y36.9012
G01 X145.8868Y37.0124
G01 X145.8930Y37.0430
G01 X145.9193Y37.1478
G01 X145.9296Y37.1819
G01 X145.9660Y37.2836
G01 X145.9797Y37.3166
G01 X146.0258Y37.4142
G01 X146.0427Y37.4457
G01 X146.0982Y37.5383
G01 X146.1180Y37.5680
G01 X146.1823Y37.6547
G01 X146.2050Y37.6823
G01 X146.2775Y37.7623
G01 X146.3027Y37.7875
G01 X146.3827Y37.8600
G01 X146.3832Y37.8595
G01 X146.4103Y37.8827
G01 X146.4995Y37.9488
G01 X146.5267Y37.9668
G01 X146.6193Y38.0223
G01 X146.6508Y38.0392
G01 X146.7484Y38.0853
G01 X146.7814Y38.0990
G01 X146.8831Y38.1354
G01 X146.9172Y38.1457
G01 X147.0220Y38.1720
G01 X147.0570Y38.1789
G01 X147.1638Y38.1948
G01 X147.1993Y38.1983
G01 X147.3250Y38.2040
G01 X148.5950Y38.2040
G01 X148.7207Y38.1983
G01 X148.7207Y38.1977
G01 X148.7562Y38.1948
G01 X148.8674Y38.1782
G01 X148.8980Y38.1720
G01 X149.0028Y38.1457
G01 X149.0369Y38.1354
G01 X149.1386Y38.0990
G01 X149.1716Y38.0853
G01 X149.2692Y38.0392
G01 X149.3007Y38.0223
G01 X149.3933Y37.9668
G01 X149.4230Y37.9470
G01 X149.5097Y37.8827
G01 X149.5373Y37.8600
G01 X149.6173Y37.7875
G01 X149.6425Y37.7623
G01 X149.7150Y37.6823
G01 X149.7145Y37.6818
G01 X149.7377Y37.6547
G01 X149.8038Y37.5655
G01 X149.8218Y37.5383
G01 X149.8773Y37.4457
G01 X149.8942Y37.4142
G01 X149.9403Y37.3166
G01 X149.9540Y37.2836
G01 X149.9904Y37.1819
G01 X150.0007Y37.1478
G01 X150.0270Y37.0430
G01 X150.0339Y37.0080
G01 X150.0498Y36.9012
G01 X150.0525Y36.8738
G01 X152.9397Y39.7610
G00 Z3.0000
G00 X152.7031Y39.6630
G01 Z-0.2000
G01 X135.7111Y39.6630
G01 X137.4216Y37.9525
G01 X137.4320Y37.9614
G01 X137.5217Y38.0280
G01 X137.5564Y38.0509
G01 X137.6489Y38.1064
G01 X137.6889Y38.1278
G01 X137.7865Y38.1739
G01 X137.8284Y38.1913
G01 X137.9300Y38.2276
G01 X137.9302Y38.2271
G01 X137.9734Y38.2408
G01 X138.0781Y38.2670
G01 X138.1226Y38.2759
G01 X138.2294Y38.2917
G01 X138.2745Y38.2961
G01 X138.4050Y38.3020
G01 X139.6750Y38.3020
G01 X139.6977Y38.3014
G01 X139.8055Y38.2961
G01 X139.8055Y38.2954
G01 X139.8506Y38.2917
G01 X139.9630Y38.2750
G01 X140.0019Y38.2670
G01 X140.1066Y38.2408
G01 X140.1500Y38.2276
G01 X140.2516Y38.1913
G01 X140.2935Y38.1739
G01 X140.3911Y38.1278
G01 X140.4311Y38.1064
G01 X140.5236Y38.0509
G01 X140.5613Y38.0257
G01 X140.6480Y37.9614
G01 X140.6831Y37.9326
G01 X140.7631Y37.8601
G01 X140.7951Y37.8281
G01 X140.8676Y37.7481
G01 X140.8670Y37.7475
G01 X140.8964Y37.7130
G01 X140.9630Y37.6233
G01 X140.9859Y37.5886
G01 X141.0414Y37.4961
G01 X141.0628Y37.4561
G01 X141.1089Y37.3585
G01 X141.1263Y37.3166
G01 X141.1626Y37.2150
G01 X141.1621Y37.2148
G01 X141.1758Y37.1716
G01 X141.2020Y37.0669
G01 X141.2109Y37.0224
G01 X141.2267Y36.9156
G01 X141.2280Y36.9020
G01 X145.7722Y36.9020
G01 X145.7733Y36.9156
G01 X145.7900Y37.0280
G01 X145.7980Y37.0669
G01 X145.8242Y37.1716
G01 X145.8374Y37.2150
G01 X145.8737Y37.3166
G01 X145.8911Y37.3585
G01 X145.9372Y37.4561
G01 X145.9586Y37.4961
G01 X146.0141Y37.5886
G01 X146.0393Y37.6263
G01 X146.1036Y37.7130
G01 X146.1324Y37.7481
G01 X146.2049Y37.8281
G01 X146.2369Y37.8601
G01 X146.3169Y37.9326
G01 X146.3175Y37.9320
G01 X146.3520Y37.9614
G01 X146.4417Y38.0280
G01 X146.4764Y38.0509
G01 X146.5689Y38.1064
G01 X146.6089Y38.1278
G01 X146.7065Y38.1739
G01 X146.7484Y38.1913
G01 X146.8500Y38.2276
G01 X146.8502Y38.2271
G01 X146.8934Y38.2408
G01 X146.9981Y38.2670
G01 X147.0426Y38.2759
G01 X147.1494Y38.2917
G01 X147.1945Y38.2961
G01 X147.3023Y38.3014
G01 X147.3250Y38.3020
G01 X148.5950Y38.3020
G01 X148.7255Y38.2961
G01 X148.7255Y38.2954
G01 X148.7706Y38.2917
G01 X148.8830Y38.2750
G01 X148.9219Y38.2670
G01 X149.0266Y38.2408
G01 X149.0700Y38.2276
G01 X149.1716Y38.1913
G01 X149.2135Y38.1739
G01 X149.3111Y38.1278
G01 X149.3511Y38.1064
G01 X149.4436Y38.0509
G01 X149.4813Y38.0257
G01 X149.5680Y37.9614
G01 X149.6031Y37.9326
G01 X149.6831Y37.8601
G01 X149.7151Y37.8281
G01 X149.7876Y37.7481
G01 X149.7870Y37.7475
G01 X149.8164Y37.7130
G01 X149.8830Y37.6233
G01 X149.9059Y37.5886
G01 X149.9614Y37.4961
G01 X149.9828Y37.4561
G01 X150.0289Y37.3585
G01 X150.0463Y37.3166
G01 X150.0826Y37.2150
G01 X150.0821Y37.2148
G01 X150.0958Y37.1716
G01 X150.1190Y37.0789
G01 X152.7031Y39.6630
G00 Z3.0000
G00 X152.4665Y39.5650
G01 Z-0.2000
G01 X135.9477Y39.5650
G01 X137.4304Y38.0823
G01 X137.4640Y38.1071
G01 X137.5060Y38.1349
G01 X137.5986Y38.1904
G01 X137.6470Y38.2163
G01 X137.7446Y38.2625
G01 X137.7954Y38.2835
G01 X137.8970Y38.3199
G01 X137.8972Y38.3193
G01 X137.9496Y38.3359
G01 X138.0543Y38.3621
G01 X138.1082Y38.3728
G01 X138.2150Y38.3886
G01 X138.2697Y38.3940
G01 X138.3775Y38.3993
G01 X138.4050Y38.4000
G01 X139.6750Y38.4000
G01 X139.7025Y38.3993
G01 X139.8103Y38.3940
G01 X139.8103Y38.3931
G01 X139.8650Y38.3886
G01 X139.9786Y38.3718
G01 X140.0257Y38.3621
G01 X140.1304Y38.3359
G01 X140.1830Y38.3199
G01 X140.2846Y38.2835
G01 X140.3354Y38.2625
G01 X140.4330Y38.2163
G01 X140.4814Y38.1904
G01 X140.5740Y38.1349
G01 X140.6197Y38.1044
G01 X140.7064Y38.0401
G01 X140.7489Y38.0052
G01 X140.8289Y37.9328
G01 X140.8678Y37.8939
G01 X140.9402Y37.8139
G01 X140.9395Y37.8132
G01 X140.9751Y37.7714
G01 X141.0421Y37.6810
G01 X141.0699Y37.6390
G01 X141.1254Y37.5464
G01 X141.1513Y37.4980
G01 X141.1975Y37.4004
G01 X141.2185Y37.3496
G01 X141.2549Y37.2480
G01 X141.2543Y37.2477
G01 X141.2709Y37.1954
G01 X141.2971Y37.0907
G01 X141.3078Y37.0368
G01 X141.3133Y37.0000
G01 X145.6867Y37.0000
G01 X145.6932Y37.0436
G01 X145.7029Y37.0907
G01 X145.7291Y37.1954
G01 X145.7451Y37.2480
G01 X145.7815Y37.3496
G01 X145.8025Y37.4004
G01 X145.8487Y37.4980
G01 X145.8746Y37.5464
G01 X145.9301Y37.6390
G01 X145.9606Y37.6847
G01 X146.0249Y37.7714
G01 X146.0598Y37.8139
G01 X146.1322Y37.8939
G01 X146.1711Y37.9328
G01 X146.2511Y38.0052
G01 X146.2518Y38.0045
G01 X146.2936Y38.0401
G01 X146.3840Y38.1071
G01 X146.4260Y38.1349
G01 X146.5186Y38.1904
G01 X146.5670Y38.2163
G01 X146.6646Y38.2625
G01 X146.7154Y38.2835
G01 X146.8170Y38.3199
G01 X146.8172Y38.3193
G01 X146.8696Y38.3359
G01 X146.9743Y38.3621
G01 X147.0282Y38.3728
G01 X147.1350Y38.3886
G01 X147.1897Y38.3940
G01 X147.2975Y38.3993
G01 X147.3250Y38.4000
G01 X148.5950Y38.4000
G01 X148.6225Y38.3993
G01 X148.7303Y38.3940
G01 X148.7303Y38.3931
G01 X148.7850Y38.3886
G01 X148.8986Y38.3718
G01 X148.9457Y38.3621
G01 X149.0504Y38.3359
G01 X149.1030Y38.3199
G01 X149.2046Y38.2835
G01 X149.2554Y38.2625
G01 X149.3530Y38.2163
G01 X149.4014Y38.1904
G01 X149.4940Y38.1349
G01 X149.5397Y38.1044
G01 X149.6264Y38.0401
G01 X149.6689Y38.0052
G01 X149.7489Y37.9328
G01 X149.7878Y37.8939
G01 X149.8602Y37.8139
G01 X149.8595Y37.8132
G01 X149.8951Y37.7714
G01 X149.9621Y37.6810
G01 X149.9899Y37.6390
G01 X150.0454Y37.5464
G01 X150.0713Y37.4980
G01 X150.1175Y37.4004
G01 X150.1385Y37.3496
G01 X150.1682Y37.2667
G01 X152.4665Y39.5650
G00 Z3.0000
G00 X150.2338Y37.6094
G01 Z-0.2000
G01 X151.9933Y39.3690
G01 X136.4209Y39.3690
G01 X137.4562Y38.3336
G01 X137.4978Y38.3586
G01 X137.5632Y38.3935
G01 X137.6608Y38.4397
G01 X137.7294Y38.4681
G01 X137.8310Y38.5044
G01 X137.8313Y38.5036
G01 X137.9020Y38.5260
G01 X138.0067Y38.5522
G01 X138.0795Y38.5667
G01 X138.1863Y38.5825
G01 X138.2601Y38.5898
G01 X138.3679Y38.5951
G01 X138.4050Y38.5960
G01 X139.6750Y38.5960
G01 X139.7121Y38.5951
G01 X139.8199Y38.5898
G01 X139.8199Y38.5886
G01 X139.8937Y38.5825
G01 X140.0097Y38.5653
G01 X140.0733Y38.5522
G01 X140.1780Y38.5260
G01 X140.2490Y38.5044
G01 X140.3506Y38.4681
G01 X140.4192Y38.4397
G01 X140.5168Y38.3935
G01 X140.5822Y38.3586
G01 X140.6748Y38.3031
G01 X140.7365Y38.2618
G01 X140.8232Y38.1975
G01 X140.8805Y38.1505
G01 X140.9605Y38.0780
G01 X141.0130Y38.0255
G01 X141.0855Y37.9455
G01 X141.0844Y37.9446
G01 X141.1325Y37.8882
G01 X141.2005Y37.7965
G01 X141.2381Y37.7398
G01 X141.2936Y37.6472
G01 X141.3285Y37.5818
G01 X141.3747Y37.4842
G01 X141.4031Y37.4156
G01 X141.4394Y37.3140
G01 X141.4386Y37.3137
G01 X141.4610Y37.2430
G01 X141.4728Y37.1960
G01 X145.5272Y37.1960
G01 X145.5390Y37.2430
G01 X145.5606Y37.3140
G01 X145.5969Y37.4156
G01 X145.6253Y37.4842
G01 X145.6715Y37.5818
G01 X145.7064Y37.6472
G01 X145.7619Y37.7398
G01 X145.8032Y37.8015
G01 X145.8675Y37.8882
G01 X145.9145Y37.9455
G01 X145.9870Y38.0255
G01 X146.0395Y38.0780
G01 X146.1195Y38.1505
G01 X146.1204Y38.1494
G01 X146.1768Y38.1975
G01 X146.2685Y38.2655
G01 X146.3252Y38.3031
G01 X146.4178Y38.3586
G01 X146.4832Y38.3935
G01 X146.5808Y38.4397
G01 X146.6494Y38.4681
G01 X146.7510Y38.5044
G01 X146.7513Y38.5036
G01 X146.8220Y38.5260
G01 X146.9267Y38.5522
G01 X146.9995Y38.5667
G01 X147.1063Y38.5825
G01 X147.1801Y38.5898
G01 X147.2879Y38.5951
G01 X147.3250Y38.5960
G01 X148.5950Y38.5960
G01 X148.6321Y38.5951
G01 X148.7399Y38.5898
G01 X148.7399Y38.5886
G01 X148.8137Y38.5825
G01 X148.9297Y38.5653
G01 X148.9933Y38.5522
G01 X149.0980Y38.5260
G01 X149.1690Y38.5044
G01 X149.2706Y38.4681
G01 X149.3392Y38.4397
G01 X149.4368Y38.3935
G01 X149.5022Y38.3586
G01 X149.5948Y38.3031
G01 X149.6565Y38.2618
G01 X149.7432Y38.1975
G01 X149.8005Y38.1505
G01 X149.8805Y38.0780
G01 X149.9330Y38.0255
G01 X150.0055Y37.9455
G01 X150.0044Y37.9446
G01 X150.0525Y37.8882
G01 X150.1205Y37.7965
G01 X150.1581Y37.7398
G01 X150.2136Y37.6472
G01 X150.2338Y37.6094
G00 Z3.0000
G00 X150.2058Y37.4429
G01 Z-0.2000
G01 X152.2299Y39.4670
G01 X136.1843Y39.4670
G01 X137.4416Y38.2097
G01 X137.4556Y38.2190
G01 X137.5482Y38.2745
G01 X137.6051Y38.3049
G01 X137.7027Y38.3511
G01 X137.7624Y38.3758
G01 X137.8640Y38.4122
G01 X137.8643Y38.4115
G01 X137.9258Y38.4309
G01 X138.0305Y38.4571
G01 X138.0939Y38.4697
G01 X138.2006Y38.4856
G01 X138.2649Y38.4919
G01 X138.3727Y38.4972
G01 X138.4050Y38.4980
G01 X139.6750Y38.4980
G01 X139.7073Y38.4972
G01 X139.8151Y38.4919
G01 X139.8151Y38.4908
G01 X139.8794Y38.4856
G01 X139.9941Y38.4685
G01 X140.0495Y38.4571
G01 X140.1542Y38.4309
G01 X140.2160Y38.4122
G01 X140.3176Y38.3758
G01 X140.3773Y38.3511
G01 X140.4749Y38.3049
G01 X140.5318Y38.2745
G01 X140.6244Y38.2190
G01 X140.6781Y38.1831
G01 X140.7648Y38.1188
G01 X140.8147Y38.0779
G01 X140.8947Y38.0054
G01 X140.9404Y37.9597
G01 X141.0129Y37.8797
G01 X141.0119Y37.8789
G01 X141.0538Y37.8298
G01 X141.1213Y37.7387
G01 X141.1540Y37.6894
G01 X141.2095Y37.5968
G01 X141.2399Y37.5399
G01 X141.2861Y37.4423
G01 X141.3108Y37.3826
G01 X141.3472Y37.2810
G01 X141.3464Y37.2807
G01 X141.3659Y37.2192
G01 X141.3921Y37.1145
G01 X141.3954Y37.0980
G01 X145.6045Y37.0980
G01 X145.6079Y37.1145
G01 X145.6341Y37.2192
G01 X145.6528Y37.2810
G01 X145.6892Y37.3826
G01 X145.7139Y37.4423
G01 X145.7601Y37.5399
G01 X145.7905Y37.5968
G01 X145.8460Y37.6894
G01 X145.8819Y37.7431
G01 X145.9462Y37.8298
G01 X145.9871Y37.8797
G01 X146.0596Y37.9597
G01 X146.1053Y38.0054
G01 X146.1853Y38.0779
G01 X146.1861Y38.0769
G01 X146.2352Y38.1188
G01 X146.3263Y38.1863
G01 X146.3756Y38.2190
G01 X146.4682Y38.2745
G01 X146.5251Y38.3049
G01 X146.6227Y38.3511
G01 X146.6824Y38.3758
G01 X146.7840Y38.4122
G01 X146.7843Y38.4115
G01 X146.8458Y38.4309
G01 X146.9505Y38.4571
G01 X147.0139Y38.4697
G01 X147.1206Y38.4856
G01 X147.1849Y38.4919
G01 X147.2927Y38.4972
G01 X147.3250Y38.4980
G01 X148.5950Y38.4980
G01 X148.6273Y38.4972
G01 X148.7351Y38.4919
G01 X148.7351Y38.4908
G01 X148.7994Y38.4856
G01 X148.9141Y38.4685
G01 X148.9695Y38.4571
G01 X149.0742Y38.4309
G01 X149.1360Y38.4122
G01 X149.2376Y38.3758
G01 X149.2973Y38.3511
G01 X149.3949Y38.3049
G01 X149.4518Y38.2745
G01 X149.5444Y38.2190
G01 X149.5981Y38.1831
G01 X149.6848Y38.1188
G01 X149.7347Y38.0779
G01 X149.8147Y38.0054
G01 X149.8604Y37.9597
G01 X149.9329Y37.8797
G01 X149.9319Y37.8789
G01 X149.9738Y37.8298
G01 X150.0413Y37.7387
G01 X150.0740Y37.6894
G01 X150.1295Y37.5968
G01 X150.1599Y37.5399
G01 X150.2058Y37.4429
G00 Z3.0000
G00 X144.9201Y48.2867
G01 Z-0.2000
G01 X144.9347Y48.2817
G01 X144.9500Y48.2800
G01 X147.9577Y48.2804
G01 X147.9728Y48.2838
G01 X147.9799Y48.2867
G01 X147.9917Y48.2938
G01 X147.9970Y48.2981
G01 X148.0062Y48.3083
G01 X148.0100Y48.3140
G01 X148.0157Y48.3258
G01 X148.0189Y48.3377
G01 X148.0200Y48.3500
G01 X148.0200Y48.6300
G01 X148.1053Y48.6300
G01 X154.5427Y42.1927
G01 X154.5742Y42.1639
G01 X154.6111Y42.1362
G01 X154.6505Y42.1122
G01 X154.6920Y42.0922
G01 X154.7353Y42.0763
G01 X154.7800Y42.0648
G01 X154.8324Y42.0570
G01 X154.8750Y42.0550
G01 X160.2965Y42.0550
G01 X160.3392Y42.0570
G01 X160.3849Y42.0634
G01 X160.4297Y42.0743
G01 X160.4732Y42.0895
G01 X160.5150Y42.1090
G01 X160.5600Y42.1358
G01 X160.5973Y42.1639
G01 X160.6289Y42.1927
G01 X163.7662Y45.3300
G01 X168.2338Y45.3300
G01 X171.3711Y42.1927
G01 X171.4027Y42.1639
G01 X171.4395Y42.1362
G01 X171.4850Y42.1090
G01 X171.5204Y42.0922
G01 X171.5638Y42.0763
G01 X171.6143Y42.0636
G01 X171.6608Y42.0570
G01 X171.7035Y42.0550
G01 X182.0250Y42.0550
G01 X182.0676Y42.0570
G01 X182.1200Y42.0648
G01 X182.1647Y42.0763
G01 X182.2080Y42.0922
G01 X182.2495Y42.1122
G01 X182.2885Y42.1358
G01 X182.3205Y42.1596
G01 X182.3549Y42.1903
G01 X185.2447Y45.0800
G01 X187.0500Y45.0800
G01 X187.0623Y45.0811
G01 X187.0742Y45.0843
G01 X187.0860Y45.0900
G01 X187.0970Y45.0981
G01 X187.1062Y45.1083
G01 X187.1133Y45.1201
G01 X187.1176Y45.1317
G01 X187.1197Y45.1438
G01 X187.1200Y46.6500
G01 X187.1189Y46.6623
G01 X187.1176Y46.6683
G01 X187.1133Y46.6799
G01 X187.1100Y46.6860
G01 X187.1062Y46.6917
G01 X187.0970Y46.7019
G01 X187.0860Y46.7100
G01 X187.0799Y46.7133
G01 X187.0653Y46.7183
G01 X187.0500Y46.7200
G01 X184.0423Y46.7196
G01 X184.0272Y46.7162
G01 X184.0201Y46.7133
G01 X184.0083Y46.7062
G01 X183.9981Y46.6970
G01 X183.9900Y46.6860
G01 X183.9843Y46.6742
G01 X183.9811Y46.6623
G01 X183.9800Y46.6500
G01 X183.9802Y45.1449
G01 X181.8303Y42.9950
G01 X171.8981Y42.9950
G01 X168.7608Y46.1324
G01 X168.7239Y46.1654
G01 X168.6867Y46.1926
G01 X168.6469Y46.2161
G01 X168.6051Y46.2355
G01 X168.5616Y46.2507
G01 X168.5176Y46.2614
G01 X168.4711Y46.2680
G01 X168.4284Y46.2700
G01 X163.5716Y46.2700
G01 X163.5289Y46.2680
G01 X163.4765Y46.2602
G01 X163.4319Y46.2487
G01 X163.3886Y46.2328
G01 X163.3470Y46.2128
G01 X163.3081Y46.1892
G01 X163.2708Y46.1611
G01 X163.2392Y46.1324
G01 X160.1019Y42.9950
G01 X155.0697Y42.9950
G01 X148.6299Y49.4347
G01 X148.5955Y49.4654
G01 X148.5639Y49.4888
G01 X148.5245Y49.5128
G01 X148.4767Y49.5355
G01 X148.4397Y49.5487
G01 X148.3950Y49.5602
G01 X148.3495Y49.5673
G01 X148.3034Y49.5699
G01 X148.0200Y49.5700
G01 X148.0197Y49.8562
G01 X148.0189Y49.8623
G01 X148.0157Y49.8742
G01 X148.0100Y49.8860
G01 X148.0062Y49.8917
G01 X148.0019Y49.8970
G01 X147.9917Y49.9062
G01 X147.9799Y49.9133
G01 X147.9683Y49.9176
G01 X147.9623Y49.9189
G01 X147.9500Y49.9200
G01 X144.9500Y49.9200
G01 X144.9438Y49.9197
G01 X144.9317Y49.9176
G01 X144.9201Y49.9133
G01 X144.9140Y49.9100
G01 X144.9030Y49.9019
G01 X144.8981Y49.8970
G01 X144.8900Y49.8860
G01 X144.8867Y49.8799
G01 X144.8824Y49.8683
G01 X144.8811Y49.8623
G01 X144.8800Y49.8500
G01 X144.8800Y48.3500
G01 X144.8811Y48.3377
G01 X144.8824Y48.3317
G01 X144.8867Y48.3201
G01 X144.8900Y48.3140
G01 X144.8938Y48.3083
G01 X144.9030Y48.2981
G01 X144.9083Y48.2938
G01 X144.9201Y48.2867
G00 Z3.0000
G00 X72.1348Y11.9000
G01 Z-0.2000
G01 X74.8788Y9.1560
G01 X77.2212Y9.1560
G01 X79.9652Y11.9000
G01 X77.0212Y14.8440
G01 X75.0788Y14.8440
G01 X72.1348Y11.9000
G00 Z3.0000
G00 X71.9962Y11.9000
G01 Z-0.2000
G01 X74.8382Y9.0580
G01 X77.2618Y9.0580
G01 X80.1038Y11.9000
G01 X77.0618Y14.9420
G01 X75.0382Y14.9420
G01 X71.9962Y11.9000
G00 Z3.0000
G00 X71.8576Y11.9000
G01 Z-0.2000
G01 X74.7976Y8.9600
G01 X77.3024Y8.9600
G01 X80.2424Y11.9000
G01 X77.1024Y15.0400
G01 X74.9976Y15.0400
G01 X71.8576Y11.9000
G00 Z3.0000
G00 X71.7187Y11.9004
G01 Z-0.2000
G01 X74.7571Y8.8620
G01 X77.3429Y8.8620
G01 X80.3813Y11.9004
G01 X80.3655Y11.9155
G01 X77.1429Y15.1380
G01 X74.9571Y15.1380
G01 X71.7345Y11.9155
G01 X71.7187Y11.9004
G00 Z3.0000
G00 X71.5735Y11.9070
G01 Z-0.2000
G01 X74.7165Y8.7640
G01 X77.3835Y8.7640
G01 X80.5001Y11.8806
G01 X80.5161Y11.9148
G01 X80.5044Y11.9234
G01 X80.4768Y11.9461
G01 X80.4348Y11.9848
G01 X77.1835Y15.2360
G01 X74.9165Y15.2360
G01 X71.6652Y11.9848
G01 X71.6232Y11.9461
G01 X71.6227Y11.9466
G01 X71.5956Y11.9234
G01 X71.5735Y11.9070
G00 Z3.0000
G00 X71.4156Y11.9262
G01 Z-0.2000
G01 X74.6759Y8.6660
G01 X77.4241Y8.6660
G01 X80.5830Y11.8249
G01 X80.5900Y11.8418
G01 X80.6068Y11.8773
G01 X80.6191Y11.9003
G01 X80.6393Y11.9339
G01 X80.6471Y11.9456
G01 X80.6160Y11.9642
G01 X80.5943Y11.9787
G01 X80.5628Y12.0021
G01 X80.5426Y12.0187
G01 X80.5041Y12.0540
G01 X77.2241Y15.3340
G01 X74.8759Y15.3340
G01 X71.5959Y12.0540
G01 X71.5574Y12.0187
G01 X71.5570Y12.0191
G01 X71.5372Y12.0021
G01 X71.5039Y11.9774
G01 X71.4840Y11.9642
G01 X71.4503Y11.9441
G01 X71.4156Y11.9262
G00 Z3.0000
G00 X71.2353Y11.9680
G01 Z-0.2000
G01 X74.6353Y8.5680
G01 X77.4647Y8.5680
G01 X80.6672Y11.7705
G01 X80.6786Y11.7999
G01 X80.6954Y11.8354
G01 X80.7031Y11.8499
G01 X80.7233Y11.8836
G01 X80.7325Y11.8973
G01 X80.7559Y11.9288
G01 X80.7663Y11.9415
G01 X80.7927Y11.9706
G01 X80.8053Y11.9831
G01 X80.7653Y11.9972
G01 X80.7501Y12.0036
G01 X80.7146Y12.0203
G01 X80.7001Y12.0281
G01 X80.6664Y12.0483
G01 X80.6527Y12.0575
G01 X80.6212Y12.0808
G01 X80.6084Y12.0913
G01 X80.5734Y12.1233
G01 X77.2647Y15.4320
G01 X74.8353Y15.4320
G01 X71.5266Y12.1233
G01 X71.4916Y12.0913
G01 X71.4788Y12.0808
G01 X71.4462Y12.0566
G01 X71.3999Y12.0281
G01 X71.3854Y12.0203
G01 X71.3499Y12.0036
G01 X71.3347Y11.9972
G01 X71.2977Y11.9840
G01 X71.2819Y11.9792
G01 X71.2353Y11.9680
G00 Z3.0000
G00 X61.5157Y10.0570
G01 Z-0.2000
G01 X48.2463Y10.0570
G01 X48.3002Y10.0031
G01 X48.4050Y10.0080
G01 X49.6750Y10.0080
G01 X49.7911Y10.0025
G01 X49.8075Y10.0009
G01 X49.9170Y9.9846
G01 X50.0351Y9.9556
G01 X50.0509Y9.9508
G01 X50.1525Y9.9144
G01 X50.1678Y9.9081
G01 X50.2654Y9.8620
G01 X50.2799Y9.8542
G01 X50.3725Y9.7987
G01 X50.3862Y9.7896
G01 X50.4729Y9.7253
G01 X50.4857Y9.7148
G01 X50.5656Y9.6423
G01 X50.5773Y9.6306
G01 X50.6498Y9.5507
G01 X50.6603Y9.5379
G01 X50.7254Y9.4501
G01 X50.7337Y9.4375
G01 X50.7892Y9.3449
G01 X50.7970Y9.3304
G01 X50.8431Y9.2328
G01 X50.8494Y9.2175
G01 X50.8858Y9.1159
G01 X50.8906Y9.1001
G01 X50.9168Y8.9954
G01 X50.9200Y8.9793
G01 X50.9359Y8.8725
G01 X50.9375Y8.8561
G01 X50.9428Y8.7482
G01 X50.9428Y8.7318
G01 X50.9375Y8.6239
G01 X50.9359Y8.6080
G01 X56.0641Y8.6080
G01 X56.0625Y8.6239
G01 X56.0572Y8.7318
G01 X56.0572Y8.7482
G01 X56.0625Y8.8561
G01 X56.0641Y8.8725
G01 X56.0803Y8.9813
G01 X56.0832Y8.9954
G01 X56.1094Y9.1001
G01 X56.1142Y9.1159
G01 X56.1506Y9.2175
G01 X56.1569Y9.2328
G01 X56.2030Y9.3304
G01 X56.2108Y9.3449
G01 X56.2663Y9.4375
G01 X56.2754Y9.4512
G01 X56.3397Y9.5379
G01 X56.3502Y9.5507
G01 X56.4227Y9.6306
G01 X56.4344Y9.6423
G01 X56.5143Y9.7148
G01 X56.5271Y9.7253
G01 X56.6149Y9.7904
G01 X56.6275Y9.7987
G01 X56.7201Y9.8542
G01 X56.7346Y9.8620
G01 X56.8322Y9.9081
G01 X56.8475Y9.9144
G01 X56.9491Y9.9508
G01 X56.9649Y9.9556
G01 X57.0696Y9.9818
G01 X57.0857Y9.9850
G01 X57.1925Y10.0009
G01 X57.2089Y10.0025
G01 X57.3250Y10.0080
G01 X58.5950Y10.0080
G01 X58.7111Y10.0025
G01 X58.7275Y10.0009
G01 X58.8343Y9.9850
G01 X58.8504Y9.9818
G01 X58.9551Y9.9556
G01 X58.9709Y9.9508
G01 X59.0725Y9.9144
G01 X59.0878Y9.9081
G01 X59.1854Y9.8620
G01 X59.1999Y9.8542
G01 X59.2925Y9.7987
G01 X59.3062Y9.7896
G01 X59.3929Y9.7253
G01 X59.4057Y9.7148
G01 X59.4856Y9.6423
G01 X59.4973Y9.6306
G01 X59.5698Y9.5507
G01 X59.5803Y9.5379
G01 X59.6454Y9.4501
G01 X59.6537Y9.4375
G01 X59.7092Y9.3449
G01 X59.7170Y9.3304
G01 X59.7631Y9.2328
G01 X59.7694Y9.2175
G01 X59.8058Y9.1159
G01 X59.8106Y9.1001
G01 X59.8368Y8.9954
G01 X59.8400Y8.9793
G01 X59.8559Y8.8725
G01 X59.8575Y8.8561
G01 X59.8628Y8.7482
G01 X59.8628Y8.7318
G01 X59.8575Y8.6239
G01 X59.8559Y8.6075
G01 X59.8397Y8.4987
G01 X59.8368Y8.4846
G01 X59.8106Y8.3799
G01 X59.7979Y8.3420
G01 X61.4825Y10.0266
G01 X61.5157Y10.0570
G00 Z3.0000
G00 X61.2763Y9.9590
G01 Z-0.2000
G01 X59.2095Y9.9590
G01 X59.2273Y9.9506
G01 X59.2503Y9.9383
G01 X59.3429Y9.8828
G01 X59.3646Y9.8683
G01 X59.4513Y9.8040
G01 X59.4715Y9.7874
G01 X59.5515Y9.7149
G01 X59.5699Y9.6965
G01 X59.6424Y9.6165
G01 X59.6420Y9.6161
G01 X59.6590Y9.5963
G01 X59.7246Y9.5078
G01 X59.7378Y9.4879
G01 X59.7933Y9.3953
G01 X59.8056Y9.3723
G01 X59.8517Y9.2747
G01 X59.8617Y9.2506
G01 X59.8981Y9.1489
G01 X59.9057Y9.1239
G01 X59.9319Y9.0192
G01 X59.9370Y8.9936
G01 X59.9528Y8.8868
G01 X59.9554Y8.8609
G01 X59.9607Y8.7531
G01 X59.9607Y8.7269
G01 X59.9564Y8.6391
G01 X61.2763Y9.9590
G00 Z3.0000
G00 X61.0397Y9.8610
G01 Z-0.2000
G01 X59.5361Y9.8610
G01 X59.6173Y9.7875
G01 X59.6425Y9.7623
G01 X59.7150Y9.6823
G01 X59.7145Y9.6818
G01 X59.7377Y9.6547
G01 X59.8038Y9.5655
G01 X59.8218Y9.5383
G01 X59.8773Y9.4457
G01 X59.8942Y9.4142
G01 X59.9403Y9.3166
G01 X59.9540Y9.2836
G01 X59.9904Y9.1819
G01 X60.0007Y9.1478
G01 X60.0270Y9.0430
G01 X60.0339Y9.0080
G01 X60.0498Y8.9012
G01 X60.0525Y8.8738
G01 X61.0397Y9.8610
G00 Z3.0000
G00 X60.8031Y9.7630
G01 Z-0.2000
G01 X59.7742Y9.7630
G01 X59.7876Y9.7481
G01 X59.7870Y9.7475
G01 X59.8164Y9.7130
G01 X59.8830Y9.6233
G01 X59.9059Y9.5886
G01 X59.9614Y9.4961
G01 X59.9828Y9.4561
G01 X60.0289Y9.3585
G01 X60.0463Y9.3166
G01 X60.0826Y9.2150
G01 X60.0821Y9.2148
G01 X60.0958Y9.1716
G01 X60.1190Y9.0789
G01 X60.8031Y9.7630
G00 Z3.0000
G00 X60.5665Y9.6650
G01 Z-0.2000
G01 X59.9728Y9.6650
G01 X59.9899Y9.6390
G01 X60.0454Y9.5464
G01 X60.0713Y9.4980
G01 X60.1175Y9.4004
G01 X60.1385Y9.3496
G01 X60.1682Y9.2667
G01 X60.5665Y9.6650
G00 Z3.0000
G00 X60.2058Y9.4429
G01 Z-0.2000
G01 X60.3299Y9.5670
G01 X60.1455Y9.5670
G01 X60.1599Y9.5399
G01 X60.2058Y9.4429
G00 Z3.0000
G00 X42.9350Y3.8014
G01 Z-0.2000
G01 X42.9301Y3.7034
G01 X42.9349Y3.5985
G01 X42.9500Y3.4946
G01 X42.9752Y3.3927
G01 X43.0102Y3.2937
G01 X43.0548Y3.1987
G01 X43.1120Y3.1032
G01 X43.1708Y3.0239
G01 X43.2459Y2.9410
G01 X43.3239Y2.8708
G01 X43.4084Y2.8085
G01 X43.4987Y2.7548
G01 X43.5937Y2.7102
G01 X43.6927Y2.6752
G01 X43.7935Y2.6502
G01 X43.8917Y2.6356
G01 X43.9966Y2.6301
G01 X44.1083Y2.6356
G01 X44.2054Y2.6500
G01 X44.3073Y2.6752
G01 X44.4063Y2.7102
G01 X44.5013Y2.7548
G01 X44.5968Y2.8120
G01 X44.6761Y2.8708
G01 X44.7590Y2.9459
G01 X44.8292Y3.0239
G01 X44.8877Y3.1027
G01 X44.9420Y3.1926
G01 X44.9600Y3.2300
G01 X47.3176Y3.2300
G01 X47.3255Y3.2091
G01 X47.3716Y3.1115
G01 X47.4303Y3.0129
G01 X47.4985Y2.9205
G01 X47.5802Y2.8303
G01 X47.6655Y2.7535
G01 X47.7522Y2.6892
G01 X47.8505Y2.6298
G01 X47.9541Y2.5805
G01 X48.0687Y2.5395
G01 X48.1790Y2.5121
G01 X48.2869Y2.4961
G01 X48.4016Y2.4901
G01 X49.6750Y2.4900
G01 X49.7931Y2.4961
G01 X49.9066Y2.5132
G01 X50.0179Y2.5415
G01 X50.1259Y2.5805
G01 X50.2295Y2.6298
G01 X50.3274Y2.6888
G01 X50.4198Y2.7578
G01 X50.5047Y2.8352
G01 X50.5815Y2.9205
G01 X50.6458Y3.0072
G01 X50.7052Y3.1055
G01 X50.7545Y3.2091
G01 X50.7935Y3.3171
G01 X50.8231Y3.4351
G01 X50.8389Y3.5419
G01 X50.8449Y3.6566
G01 X50.8396Y3.7713
G01 X50.8218Y3.8916
G01 X50.7955Y3.9963
G01 X50.7603Y4.0957
G01 X52.2347Y5.5700
G01 X58.6053Y5.5700
G01 X57.8653Y4.8300
G01 X57.3216Y4.8299
G01 X57.2069Y4.8239
G01 X57.0934Y4.8068
G01 X56.9887Y4.7805
G01 X56.8805Y4.7422
G01 X56.7765Y4.6934
G01 X56.6726Y4.6312
G01 X56.5855Y4.5665
G01 X56.4953Y4.4848
G01 X56.4185Y4.3995
G01 X56.3542Y4.3128
G01 X56.2948Y4.2145
G01 X56.2455Y4.1109
G01 X56.2065Y4.0029
G01 X56.1771Y3.8860
G01 X56.1604Y3.7713
G01 X56.1551Y3.6566
G01 X56.1611Y3.5419
G01 X56.1769Y3.4351
G01 X56.2065Y3.3171
G01 X56.2428Y3.2155
G01 X56.2916Y3.1115
G01 X56.3538Y3.0076
G01 X56.4228Y2.9152
G01 X56.5002Y2.8303
G01 X56.5802Y2.7578
G01 X56.6779Y2.6853
G01 X56.7705Y2.6298
G01 X56.8741Y2.5805
G01 X56.9821Y2.5415
G01 X57.0990Y2.5121
G01 X57.2069Y2.4961
G01 X57.3216Y2.4901
G01 X58.5950Y2.4900
G01 X58.7063Y2.4954
G01 X58.8199Y2.5119
G01 X58.9313Y2.5395
G01 X59.0459Y2.5805
G01 X59.1435Y2.6266
G01 X59.2421Y2.6853
G01 X59.3398Y2.7578
G01 X59.4247Y2.8352
G01 X59.5015Y2.9205
G01 X59.5658Y3.0072
G01 X59.6252Y3.1055
G01 X59.6772Y3.2155
G01 X59.7155Y3.3237
G01 X59.7429Y3.4340
G01 X59.7589Y3.5419
G01 X59.7649Y3.6566
G01 X59.7589Y3.7781
G01 X59.7431Y3.8849
G01 X59.7155Y3.9963
G01 X59.6772Y4.1045
G01 X59.6284Y4.2085
G01 X59.5662Y4.3124
G01 X59.5015Y4.3995
G01 X59.4198Y4.4897
G01 X59.3345Y4.5665
G01 X59.2478Y4.6308
G01 X59.1495Y4.6902
G01 X59.0855Y4.7208
G01 X60.0457Y5.6810
G01 X60.0788Y5.7179
G01 X60.1022Y5.7495
G01 X60.1251Y5.7870
G01 X62.4930Y8.1549
G01 X69.4084Y8.1549
G01 X70.4864Y7.0770
G01 X70.5108Y7.0365
G01 X70.5346Y7.0045
G01 X70.5677Y6.9677
G01 X72.8177Y4.7176
G01 X72.8493Y4.6889
G01 X72.8861Y4.6612
G01 X72.9255Y4.6372
G01 X72.9670Y4.6171
G01 X73.0103Y4.6013
G01 X73.0609Y4.5885
G01 X73.1074Y4.5820
G01 X73.1500Y4.5800
G01 X78.9220Y4.5800
G01 X78.9686Y4.5823
G01 X79.0137Y4.5890
G01 X79.0584Y4.6002
G01 X79.0986Y4.6145
G01 X79.1443Y4.6359
G01 X79.1827Y4.6590
G01 X79.2199Y4.6865
G01 X79.2536Y4.7170
G01 X82.6916Y8.1549
G01 X89.4804Y8.1549
G01 X92.9145Y4.7208
G01 X92.8505Y4.6902
G01 X92.7579Y4.6347
G01 X92.6602Y4.5622
G01 X92.5753Y4.4848
G01 X92.5028Y4.4048
G01 X92.4303Y4.3071
G01 X92.3748Y4.2145
G01 X92.3255Y4.1109
G01 X92.2845Y3.9963
G01 X92.2571Y3.8860
G01 X92.2411Y3.7781
G01 X92.2351Y3.6566
G01 X92.2411Y3.5419
G01 X92.2569Y3.4351
G01 X92.2865Y3.3171
G01 X92.3228Y3.2155
G01 X92.3716Y3.1115
G01 X92.4338Y3.0076
G01 X92.4985Y2.9205
G01 X92.5753Y2.8352
G01 X92.6655Y2.7535
G01 X92.7522Y2.6892
G01 X92.8505Y2.6298
G01 X92.9605Y2.5778
G01 X93.0687Y2.5395
G01 X93.1793Y2.5120
G01 X93.2937Y2.4954
G01 X93.4050Y2.4900
G01 X94.6784Y2.4901
G01 X94.7931Y2.4961
G01 X94.8999Y2.5119
G01 X95.0179Y2.5415
G01 X95.1195Y2.5778
G01 X95.2235Y2.6266
G01 X95.3274Y2.6888
G01 X95.4145Y2.7535
G01 X95.4998Y2.8303
G01 X95.5815Y2.9205
G01 X95.6458Y3.0072
G01 X95.7052Y3.1055
G01 X95.7545Y3.2091
G01 X95.7955Y3.3237
G01 X95.8229Y3.4340
G01 X95.8389Y3.5419
G01 X95.8449Y3.6634
G01 X95.8389Y3.7781
G01 X95.8231Y3.8849
G01 X95.7955Y3.9963
G01 X95.7572Y4.1045
G01 X95.7052Y4.2145
G01 X95.6458Y4.3128
G01 X95.5772Y4.4048
G01 X95.4998Y4.4897
G01 X95.4198Y4.5622
G01 X95.3221Y4.6347
G01 X95.2235Y4.6934
G01 X95.1195Y4.7422
G01 X95.0179Y4.7785
G01 X94.9066Y4.8068
G01 X94.7931Y4.8239
G01 X94.6784Y4.8299
G01 X94.1347Y4.8300
G01 X93.3947Y5.5700
G01 X103.9053Y5.5700
G01 X103.1653Y4.8300
G01 X102.3250Y4.8300
G01 X102.2069Y4.8239
G01 X102.1001Y4.8081
G01 X101.9887Y4.7805
G01 X101.8805Y4.7422
G01 X101.7765Y4.6934
G01 X101.6779Y4.6347
G01 X101.5855Y4.5665
G01 X101.4953Y4.4848
G01 X101.4185Y4.3995
G01 X101.3542Y4.3128
G01 X101.2948Y4.2145
G01 X101.2455Y4.1109
G01 X101.2065Y4.0029
G01 X101.1771Y3.8860
G01 X101.1604Y3.7713
G01 X101.1551Y3.6566
G01 X101.1604Y3.5487
G01 X101.1782Y3.4284
G01 X101.2045Y3.3237
G01 X101.2428Y3.2155
G01 X101.2948Y3.1055
G01 X101.3538Y3.0076
G01 X101.4185Y2.9205
G01 X101.5002Y2.8303
G01 X101.5855Y2.7535
G01 X101.6722Y2.6892
G01 X101.7765Y2.6266
G01 X101.8805Y2.5778
G01 X101.9887Y2.5395
G01 X102.0993Y2.5120
G01 X102.2137Y2.4954
G01 X102.3250Y2.4900
G01 X103.5950Y2.4900
G01 X103.7063Y2.4954
G01 X103.8266Y2.5132
G01 X103.9313Y2.5395
G01 X104.0395Y2.5778
G01 X104.1495Y2.6298
G01 X104.2474Y2.6888
G01 X104.3345Y2.7535
G01 X104.4198Y2.8303
G01 X104.4972Y2.9152
G01 X104.5697Y3.0129
G01 X104.6252Y3.1055
G01 X104.6745Y3.2091
G01 X104.7155Y3.3237
G01 X104.7429Y3.4340
G01 X104.7589Y3.5419
G01 X104.7649Y3.6634
G01 X104.7589Y3.7781
G01 X104.7431Y3.8849
G01 X104.7135Y4.0029
G01 X104.6772Y4.1045
G01 X104.6284Y4.2085
G01 X104.5662Y4.3124
G01 X104.5015Y4.3995
G01 X104.4247Y4.4848
G01 X104.3398Y4.5622
G01 X104.2752Y4.6105
G01 X105.3114Y5.6468
G01 X105.3497Y5.6746
G01 X105.3865Y5.7076
G01 X108.7839Y9.1049
G01 X114.9304Y9.1049
G01 X118.1702Y5.8653
G01 X118.2046Y5.8346
G01 X118.2418Y5.8074
G01 X118.2815Y5.7839
G01 X118.3234Y5.7645
G01 X118.3669Y5.7493
G01 X118.4109Y5.7386
G01 X118.4574Y5.7320
G01 X118.5000Y5.7300
G01 X123.5284Y5.7300
G01 X123.5747Y5.7323
G01 X123.6195Y5.7389
G01 X123.6645Y5.7501
G01 X123.7086Y5.7659
G01 X123.7502Y5.7856
G01 X123.7898Y5.8093
G01 X123.8266Y5.8367
G01 X123.8602Y5.8670
G01 X127.0981Y9.1049
G01 X133.5570Y9.1049
G01 X137.9326Y4.7294
G01 X137.8505Y4.6902
G01 X137.7579Y4.6347
G01 X137.6602Y4.5622
G01 X137.5753Y4.4848
G01 X137.5028Y4.4048
G01 X137.4342Y4.3128
G01 X137.3748Y4.2145
G01 X137.3255Y4.1109
G01 X137.2865Y4.0029
G01 X137.2741Y3.9548
G01 X137.2474Y3.9182
G01 X137.2272Y3.8845
G01 X137.2045Y3.8367
G01 X137.1893Y3.7931
G01 X137.1786Y3.7492
G01 X137.1720Y3.7026
G01 X137.1701Y3.6566
G01 X137.1727Y3.6105
G01 X137.1784Y3.5717
G01 X137.1893Y3.5269
G01 X137.2045Y3.4833
G01 X137.2272Y3.4355
G01 X137.2508Y3.3965
G01 X137.2741Y3.3652
G01 X137.2865Y3.3171
G01 X137.3255Y3.2091
G01 X137.3748Y3.1055
G01 X137.4338Y3.0076
G01 X137.5028Y2.9152
G01 X137.5802Y2.8303
G01 X137.6602Y2.7578
G01 X137.7579Y2.6853
G01 X137.8505Y2.6298
G01 X137.9541Y2.5805
G01 X138.0621Y2.5415
G01 X138.1793Y2.5120
G01 X138.2937Y2.4954
G01 X138.4050Y2.4900
G01 X139.6784Y2.4901
G01 X139.7931Y2.4961
G01 X139.8999Y2.5119
G01 X140.0113Y2.5395
G01 X140.1259Y2.5805
G01 X140.2295Y2.6298
G01 X140.3274Y2.6888
G01 X140.4145Y2.7535
G01 X140.5047Y2.8352
G01 X140.5815Y2.9205
G01 X140.6458Y3.0072
G01 X140.7084Y3.1115
G01 X140.7545Y3.2091
G01 X140.7935Y3.3171
G01 X140.8230Y3.4343
G01 X140.8396Y3.5487
G01 X140.8449Y3.6634
G01 X140.8396Y3.7713
G01 X140.8218Y3.8916
G01 X140.7935Y4.0029
G01 X140.7572Y4.1045
G01 X140.7084Y4.2085
G01 X140.6462Y4.3124
G01 X140.5772Y4.4048
G01 X140.4998Y4.4897
G01 X140.4198Y4.5622
G01 X140.3221Y4.6347
G01 X140.2235Y4.6934
G01 X140.1195Y4.7422
G01 X140.0179Y4.7785
G01 X139.9066Y4.8068
G01 X139.7931Y4.8239
G01 X139.6784Y4.8299
G01 X139.1613Y4.8300
G01 X138.4213Y5.5700
G01 X148.5787Y5.5700
G01 X147.8387Y4.8300
G01 X147.3216Y4.8299
G01 X147.2069Y4.8239
G01 X147.0934Y4.8068
G01 X146.9887Y4.7805
G01 X146.8805Y4.7422
G01 X146.7765Y4.6934
G01 X146.6726Y4.6312
G01 X146.5855Y4.5665
G01 X146.4953Y4.4848
G01 X146.4185Y4.3995
G01 X146.3542Y4.3128
G01 X146.2948Y4.2145
G01 X146.2455Y4.1109
G01 X146.2065Y4.0029
G01 X146.1770Y3.8857
G01 X146.1604Y3.7713
G01 X146.1551Y3.6566
G01 X146.1611Y3.5419
G01 X146.1769Y3.4351
G01 X146.2045Y3.3237
G01 X146.2455Y3.2091
G01 X146.2916Y3.1115
G01 X146.3503Y3.0129
G01 X146.4228Y2.9152
G01 X146.5002Y2.8303
G01 X146.5802Y2.7578
G01 X146.6779Y2.6853
G01 X146.7765Y2.6266
G01 X146.8805Y2.5778
G01 X146.9887Y2.5395
G01 X147.0993Y2.5120
G01 X147.2137Y2.4954
G01 X147.3250Y2.4900
G01 X148.5984Y2.4901
G01 X148.7131Y2.4961
G01 X148.8266Y2.5132
G01 X148.9313Y2.5395
G01 X149.0395Y2.5778
G01 X149.1495Y2.6298
G01 X149.2474Y2.6888
G01 X149.3345Y2.7535
G01 X149.4198Y2.8303
G01 X149.4972Y2.9152
G01 X149.5697Y3.0129
G01 X149.6252Y3.1055
G01 X149.6745Y3.2091
G01 X149.7135Y3.3171
G01 X149.7418Y3.4284
G01 X149.7589Y3.5419
G01 X149.7649Y3.6566
G01 X149.7589Y3.7781
G01 X149.7431Y3.8849
G01 X149.7155Y3.9963
G01 X149.6772Y4.1045
G01 X149.6284Y4.2085
G01 X149.5662Y4.3124
G01 X149.5015Y4.3995
G01 X149.4198Y4.4897
G01 X149.3345Y4.5665
G01 X149.2478Y4.6308
G01 X149.1495Y4.6902
G01 X149.0674Y4.7294
G01 X154.3930Y10.0550
G01 X160.6661Y10.0550
G01 X163.8559Y6.8653
G01 X163.8876Y6.8367
G01 X163.9246Y6.8092
G01 X163.9642Y6.7855
G01 X164.0059Y6.7658
G01 X164.0494Y6.7502
G01 X164.0941Y6.7390
G01 X164.1397Y6.7323
G01 X164.1858Y6.7300
G01 X168.1142Y6.7300
G01 X168.1604Y6.7323
G01 X168.2062Y6.7391
G01 X168.2503Y6.7501
G01 X168.2972Y6.7672
G01 X168.3364Y6.7858
G01 X168.3750Y6.8090
G01 X168.4126Y6.8368
G01 X168.4460Y6.8671
G01 X171.6339Y10.0550
G01 X177.6519Y10.0550
G01 X180.2756Y7.4312
G01 X180.2922Y7.3971
G01 X180.3158Y7.3582
G01 X180.3439Y7.3208
G01 X180.3726Y7.2893
G01 X182.9326Y4.7294
G01 X182.8505Y4.6902
G01 X182.7579Y4.6347
G01 X182.6602Y4.5622
G01 X182.5753Y4.4848
G01 X182.5028Y4.4048
G01 X182.4342Y4.3128
G01 X182.3748Y4.2145
G01 X182.3228Y4.1045
G01 X182.2845Y3.9963
G01 X182.2570Y3.8857
G01 X182.2411Y3.7781
G01 X182.2351Y3.6566
G01 X182.2411Y3.5419
G01 X182.2569Y3.4351
G01 X182.2845Y3.3237
G01 X182.3255Y3.2091
G01 X182.3748Y3.1055
G01 X182.4338Y3.0076
G01 X182.4985Y2.9205
G01 X182.5802Y2.8303
G01 X182.6655Y2.7535
G01 X182.7522Y2.6892
G01 X182.8505Y2.6298
G01 X182.9605Y2.5778
G01 X183.0621Y2.5415
G01 X183.1734Y2.5132
G01 X183.2937Y2.4954
G01 X183.4050Y2.4900
G01 X184.6784Y2.4901
G01 X184.7931Y2.4961
G01 X184.8999Y2.5119
G01 X185.0113Y2.5395
G01 X185.1259Y2.5805
G01 X185.2295Y2.6298
G01 X185.3274Y2.6888
G01 X185.4145Y2.7535
G01 X185.4998Y2.8303
G01 X185.5815Y2.9205
G01 X185.6458Y3.0072
G01 X185.7052Y3.1055
G01 X185.7572Y3.2155
G01 X185.7955Y3.3237
G01 X185.8230Y3.4343
G01 X185.8389Y3.5419
G01 X185.8449Y3.6566
G01 X185.8396Y3.7713
G01 X185.8218Y3.8916
G01 X185.7935Y4.0029
G01 X185.7545Y4.1109
G01 X185.7052Y4.2145
G01 X185.6462Y4.3124
G01 X185.5772Y4.4048
G01 X185.4998Y4.4897
G01 X185.4145Y4.5665
G01 X185.3278Y4.6308
G01 X185.2295Y4.6902
G01 X185.1259Y4.7395
G01 X185.0113Y4.7805
G01 X184.9007Y4.8080
G01 X184.7863Y4.8246
G01 X184.6750Y4.8300
G01 X184.1613Y4.8300
G01 X181.1343Y7.8570
G01 X181.1178Y7.8911
G01 X181.0941Y7.9300
G01 X181.0661Y7.9673
G01 X181.0373Y7.9989
G01 X178.1789Y10.8573
G01 X178.1474Y10.8860
G01 X178.1105Y10.9138
G01 X178.0711Y10.9378
G01 X178.0296Y10.9578
G01 X177.9863Y10.9736
G01 X177.9357Y10.9864
G01 X177.8892Y10.9929
G01 X177.8466Y10.9950
G01 X171.4392Y10.9950
G01 X171.3930Y10.9927
G01 X171.3509Y10.9865
G01 X171.2995Y10.9736
G01 X171.2595Y10.9593
G01 X171.2207Y10.9410
G01 X171.1810Y10.9176
G01 X171.1408Y10.8881
G01 X171.1074Y10.8579
G01 X167.9195Y7.6700
G01 X164.3805Y7.6700
G01 X161.1932Y10.8573
G01 X161.1563Y10.8904
G01 X161.1247Y10.9138
G01 X161.0854Y10.9378
G01 X161.0375Y10.9604
G01 X161.0005Y10.9736
G01 X160.9559Y10.9852
G01 X160.9103Y10.9923
G01 X160.8608Y10.9950
G01 X154.1984Y10.9950
G01 X154.1557Y10.9929
G01 X154.1101Y10.9865
G01 X154.0587Y10.9736
G01 X154.0217Y10.9604
G01 X153.9799Y10.9410
G01 X153.9349Y10.9141
G01 X153.8976Y10.8860
G01 X153.8660Y10.8573
G01 X149.5187Y6.5100
G01 X137.4813Y6.5100
G01 X134.0815Y9.9097
G01 X134.0497Y9.9384
G01 X134.0130Y9.9656
G01 X133.9733Y9.9894
G01 X133.9315Y10.0092
G01 X133.8886Y10.0246
G01 X133.8440Y10.0358
G01 X133.7975Y10.0427
G01 X133.7516Y10.0450
G01 X126.9034Y10.0449
G01 X126.8571Y10.0427
G01 X126.8084Y10.0352
G01 X126.7673Y10.0248
G01 X126.7267Y10.0104
G01 X126.6816Y9.9893
G01 X126.6395Y9.9638
G01 X126.6052Y9.9382
G01 X126.5717Y9.9079
G01 X123.3338Y6.6700
G01 X118.6947Y6.6700
G01 X115.6426Y9.7220
G01 X115.6294Y9.7580
G01 X115.6126Y9.7934
G01 X115.5892Y9.8332
G01 X115.5620Y9.8704
G01 X115.5264Y9.9097
G01 X115.4921Y9.9404
G01 X115.4605Y9.9638
G01 X115.4211Y9.9878
G01 X115.3796Y10.0078
G01 X115.3363Y10.0236
G01 X115.2849Y10.0365
G01 X115.2392Y10.0429
G01 X115.1966Y10.0450
G01 X108.5892Y10.0450
G01 X108.5465Y10.0429
G01 X108.5009Y10.0365
G01 X108.4561Y10.0256
G01 X108.4125Y10.0104
G01 X108.3707Y9.9910
G01 X108.3310Y9.9676
G01 X108.2937Y9.9404
G01 X108.2593Y9.9097
G01 X104.8595Y6.5100
G01 X92.4813Y6.5100
G01 X92.0088Y6.9824
G01 X91.9721Y7.0154
G01 X91.9377Y7.0408
G01 X91.9030Y7.0617
G01 X90.0074Y8.9573
G01 X89.9705Y8.9904
G01 X89.9390Y9.0138
G01 X89.8996Y9.0377
G01 X89.8581Y9.0578
G01 X89.8082Y9.0756
G01 X89.7642Y9.0864
G01 X89.7245Y9.0923
G01 X89.6751Y9.0949
G01 X82.4935Y9.0949
G01 X82.4502Y9.0926
G01 X82.4051Y9.0859
G01 X82.3605Y9.0747
G01 X82.3176Y9.0594
G01 X82.2746Y9.0390
G01 X82.2361Y9.0160
G01 X82.1990Y8.9884
G01 X82.1652Y8.9579
G01 X78.7273Y5.5200
G01 X73.3447Y5.5200
G01 X71.3136Y7.5511
G01 X71.2892Y7.5915
G01 X71.2654Y7.6235
G01 X71.2323Y7.6604
G01 X69.9354Y8.9573
G01 X69.8985Y8.9904
G01 X69.8613Y9.0176
G01 X69.8216Y9.0410
G01 X69.7861Y9.0578
G01 X69.7428Y9.0736
G01 X69.6914Y9.0865
G01 X69.6457Y9.0929
G01 X69.6031Y9.0949
G01 X62.2983Y9.0949
G01 X62.2557Y9.0929
G01 X62.2066Y9.0859
G01 X62.1652Y9.0756
G01 X62.1153Y9.0578
G01 X62.0771Y9.0396
G01 X62.0371Y9.0156
G01 X62.0000Y8.9881
G01 X61.9685Y8.9596
G01 X59.5187Y6.5100
G01 X52.0400Y6.5100
G01 X51.9973Y6.5080
G01 X51.9517Y6.5015
G01 X51.9003Y6.4887
G01 X51.8633Y6.4754
G01 X51.8215Y6.4560
G01 X51.7765Y6.4291
G01 X51.7445Y6.4054
G01 X51.7101Y6.3747
G01 X50.0886Y4.7533
G01 X50.0113Y4.7805
G01 X49.9010Y4.8079
G01 X49.7931Y4.8239
G01 X49.6784Y4.8299
G01 X48.4050Y4.8300
G01 X48.2869Y4.8239
G01 X48.1801Y4.8081
G01 X48.0687Y4.7805
G01 X47.9605Y4.7422
G01 X47.8565Y4.6934
G01 X47.7526Y4.6312
G01 X47.6602Y4.5622
G01 X47.5753Y4.4848
G01 X47.5028Y4.4048
G01 X47.4303Y4.3071
G01 X47.3748Y4.2145
G01 X47.3534Y4.1700
G01 X44.9600Y4.1700
G01 X44.9420Y4.2074
G01 X44.8880Y4.2968
G01 X44.8292Y4.3761
G01 X44.7590Y4.4541
G01 X44.6761Y4.5292
G01 X44.5973Y4.5877
G01 X44.5074Y4.6420
G01 X44.4063Y4.6898
G01 X44.3073Y4.7248
G01 X44.2065Y4.7498
G01 X44.1083Y4.7644
G01 X44.0034Y4.7699
G01 X43.8917Y4.7644
G01 X43.7946Y4.7500
G01 X43.6927Y4.7248
G01 X43.5937Y4.6898
G01 X43.4987Y4.6452
G01 X43.4032Y4.5880
G01 X43.3239Y4.5292
G01 X43.2410Y4.4541
G01 X43.1708Y4.3761
G01 X43.1123Y4.2973
G01 X43.0580Y4.2074
G01 X43.0128Y4.1126
G01 X42.9772Y4.0139
G01 X42.9513Y3.9121
G01 X42.9350Y3.8014
G00 Z3.0000
M05
G0 Z20
G0 X0 Y50